[parse] DSV4_PROMPTS_FILE /home/patrickd/s5-capture/agentic-p25-b0.1/c4/gen.txt -> 491 prompt(s)
[decode] loading /home/patrickd/models/DeepSeek-V4-Flash-0731-REAP ... s=6 NDEC=8 seqmax=2330
[decode] loaded 100.40 GiB, 45821 tensors  (weights in MANAGED device-preferred memory)
[decode] KV layout: fp32, 2048 B/row, 0.191 GiB for 2330 rows x 43 layers
[decode] building 43 layer structs once (persistent)...
[decode] structs built. mem 112.6/122.8 GiB
[decode] prefill 5 positions...
[f32mk] tile 4x4 (DSV4_F32MK_TILE=unset)
[decode] PREFILL: 5 positions in 194.5 ms = 25.7 tok/s (38.891 ms/tok)
[decode] prefill done. caches populated. starting decode.
  step 0 pos 5 -> token 11111  (69.7 ms warmup)
  step 1 pos 6 -> token 16  (69.9 ms)
  step 2 pos 7 -> token 455  (75.3 ms)
  step 3 pos 8 -> token 6102  (70.6 ms)
  step 4 pos 9 -> token 294  (69.0 ms)
  step 5 pos 10 -> token 16603  (68.9 ms)
  step 6 pos 11 -> token 344  (73.6 ms)
  step 7 pos 12 -> token 29168  (66.1 ms)

[decode] first decoded token argmax = 11111  (expect 11111)  -> GATE PASS
[decode] generated: 11111 16 455 6102 294 16603 344 29168
[decode] WARM decode: 70.5 ms/tok = 14.19 tok/s  (M=1 steady state, 7-step avg)

[spec-verify] M=5 verify in ONE forward: 114.3 ms (= 22.9 ms/tok if all accepted vs 70.5 M=1 -> 3.08x)
[spec-verify] verify argmax: 11111 16 455 6102 294
[spec-verify] decode tokens: 11111 16 455 6102 294
[spec-verify] MATCH 5/5 -> PASS  (M=K verify == K sequential decodes; diffs = MoE-atomic near-ties)

[spec] using EMBEDDED DSpark heads from the main checkpoint (no extra memory)
[spec] NSTAGE=3 head-experts=160 BLK sweep: 5 5 5 5 5 5 5 5 5 5 5 5 5 5 5 5 5 5 5 5 5 5 5 5 5 5 5 5 5 5 5 5 5 5 5 5 5 5 5 5 5 5 5 5 5 5 5 5 5 5 5 5 5 5 5 5 5 5 5 5 5 5 5 5 5 5 5 5 5 5 5 5 5 5 5 5 5 5 5 5 5 5 5 5 5 5 5 5 5 5 5 5 5 5 5 5 5 5 5 5 5 5 5 5 5 5 5 5 5 5 5 5 5 5 5 5 5 5 5 5 5 5 5 5 5 5 5 5 5 5 5 5 5 5 5 5 5 5 5 5 5 5 5 5 5 5 5 5 5 5 5 5 5 5 5 5 5 5 5 5 5 5 5 5 5 5 5 5 5 5 5 5 5 5 5 5 5 5 5 5 5 5 5 5 5 5 5 5 5 5 5 5 5 5 5 5 5 5 5 5 5 5 5 5 5 5 5 5 5 5 5 5 5 5 5 5 5 5 5 5 5 5 5 5 5 5 5 5 5 5 5 5 5 5 5 5 5 5 5 5 5 5 5 5 5 5 5 5 5 5 5 5 5 5 5 5 5 5 5 5 5 5 5 5 5 5 5 5 5 5 5 5 5 5 5 5 5 5 5 5 5 5 5 5 5 5 5 5 5 5 5 5 5 5 5 5 5 5 5 5 5 5 5 5 5 5 5 5 5 5 5 5 5 5 5 5 5 5 5 5 5 5 5 5 5 5 5 5 5 5 5 5 5 5 5 5 5 5 5 5 5 5 5 5 5 5 5 5 5 5 5 5 5 5 5 5 5 5 5 5 5 5 5 5 5 5 5 5 5 5 5 5 5 5 5 5 5 5 5 5 5 5 5 5 5 5 5 5 5 5 5 5 5 5 5 5 5 5 5 5 5 5 5 5 5 5 5 5 5 5 5 5 5 5 5 5 5 5 5 5 5 5 5 5 5 5 5 5 5 5 5 5 5 5 5 5 5 5 5 5 5 5 5 5 5 5 5 5 5 5 5 5 5 5 5 5 5 5 5 5 5 5 5 5 5 5 5 5 5 5 5 5 5 5 5 5 5 5 5 5 5 5 5 5 5 5 5 5 5 5 5
[spec] head built. mem 118.2/122.8 GiB
[decode] PREFILL: 1116 positions in 17961.7 ms = 62.1 tok/s (16.095 ms/tok)
[capture] wrote /home/patrickd/s5-capture/agentic-p25-b0.1/c4/cap/shard_p01_s001116.dspc  1116 tok x (3 taps + 1 lm_in) x 4096 = 34.9 MB (32.0 KB/tok)
[probe] wrote 16 draft probes (block=5) to /home/patrickd/s5-capture/agentic-p25-b0.1/c4/cap/drafts_p01_s001116.txt
[spec] decoding 8 tokens (block=5, draft passes=1, adaptK=1.50, prompt=1 s=1117)...
[arena] first draft: draft footprint 211.44 MB, global hwm 867.72 MB / cap 5128.00 MB (16.9%), draft path = ARENA
  [margins] 15.16 9.46 15.77 16.12 7.78  K=6
  verify 1: accepted 5/5 (K=6) + correction -> +6 tokens (177.6 ms)  cpos=1122
  [margins] 17.69 16.99 15.75 11.58 6.62  K=6
  verify 2: accepted 5/5 (K=6) + correction -> +6 tokens (177.3 ms)  cpos=1128

[spec] generated 12 tokens over 2 verifies: mean tokens/verify = 6.00 (block=5, max 6)
[spec] tokens: 1838 10458 14 832 3394 710 14904 295 782 3287 16 47135
[spec] SPEC-DECODE: 29.5 ms/tok = 33.84 tok/s  (vs base M=1 70.5 ms/tok = 14.19 tok/s -> 2.39x)
[decode] PREFILL: 1043 positions in 16759.6 ms = 62.2 tok/s (16.069 ms/tok)
[capture] wrote /home/patrickd/s5-capture/agentic-p25-b0.1/c4/cap/shard_p02_s001043.dspc  1043 tok x (3 taps + 1 lm_in) x 4096 = 32.6 MB (32.0 KB/tok)
[probe] wrote 16 draft probes (block=5) to /home/patrickd/s5-capture/agentic-p25-b0.1/c4/cap/drafts_p02_s001043.txt
[spec] decoding 8 tokens (block=5, draft passes=1, adaptK=1.50, prompt=2 s=1044)...
  [margins] 18.22 12.93 11.56 12.04 8.02  K=6
  verify 1: accepted 5/5 (K=6) + correction -> +6 tokens (178.9 ms)  cpos=1049
  [margins] 13.76 6.18 8.23 11.56 10.34  K=6
  verify 2: accepted 5/5 (K=6) + correction -> +6 tokens (168.8 ms)  cpos=1055

[spec] generated 12 tokens over 2 verifies: mean tokens/verify = 6.00 (block=5, max 6)
[spec] tokens: 7840 295 270 4082 294 270 4593 16 455 11860 344 7840
[spec] SPEC-DECODE: 28.1 ms/tok = 35.55 tok/s  (vs base M=1 70.5 ms/tok = 14.19 tok/s -> 2.51x)
[decode] PREFILL: 1049 positions in 16842.8 ms = 62.3 tok/s (16.056 ms/tok)
[capture] wrote /home/patrickd/s5-capture/agentic-p25-b0.1/c4/cap/shard_p03_s001049.dspc  1049 tok x (3 taps + 1 lm_in) x 4096 = 32.8 MB (32.0 KB/tok)
[probe] wrote 16 draft probes (block=5) to /home/patrickd/s5-capture/agentic-p25-b0.1/c4/cap/drafts_p03_s001049.txt
[spec] decoding 8 tokens (block=5, draft passes=1, adaptK=1.50, prompt=3 s=1050)...
  [margins] 10.86 14.18 11.72 10.45 9.65  K=6
  verify 1: accepted 5/5 (K=6) + correction -> +6 tokens (175.0 ms)  cpos=1055
  [margins] 14.99 10.96 12.00 14.08 14.41  K=6
  verify 2: accepted 5/5 (K=6) + correction -> +6 tokens (176.3 ms)  cpos=1061

[spec] generated 12 tokens over 2 verifies: mean tokens/verify = 6.00 (block=5, max 6)
[spec] tokens: 1999 344 270 2329 294 270 9319 396 344 2006 4167 396
[spec] SPEC-DECODE: 29.4 ms/tok = 34.04 tok/s  (vs base M=1 70.5 ms/tok = 14.19 tok/s -> 2.40x)
[decode] PREFILL: 1039 positions in 16676.5 ms = 62.3 tok/s (16.051 ms/tok)
[capture] wrote /home/patrickd/s5-capture/agentic-p25-b0.1/c4/cap/shard_p04_s001039.dspc  1039 tok x (3 taps + 1 lm_in) x 4096 = 32.5 MB (32.0 KB/tok)
[probe] wrote 16 draft probes (block=5) to /home/patrickd/s5-capture/agentic-p25-b0.1/c4/cap/drafts_p04_s001039.txt
[spec] decoding 8 tokens (block=5, draft passes=1, adaptK=1.50, prompt=4 s=1040)...
  [margins] 12.83 14.17 12.72 13.09 13.38  K=6
  verify 1: accepted 5/5 (K=6) + correction -> +6 tokens (167.6 ms)  cpos=1045
  [margins] 14.50 14.59 13.83 13.15 13.46  K=6
  verify 2: accepted 5/5 (K=6) + correction -> +6 tokens (156.8 ms)  cpos=1051

[spec] generated 12 tokens over 2 verifies: mean tokens/verify = 6.00 (block=5, max 6)
[spec] tokens: 5809 20617 5809 20617 5809 20617 5809 20617 5809 20617 5809 20617
[spec] SPEC-DECODE: 26.1 ms/tok = 38.26 tok/s  (vs base M=1 70.5 ms/tok = 14.19 tok/s -> 2.70x)
[decode] PREFILL: 1079 positions in 17337.9 ms = 62.2 tok/s (16.069 ms/tok)
[capture] wrote /home/patrickd/s5-capture/agentic-p25-b0.1/c4/cap/shard_p05_s001079.dspc  1079 tok x (3 taps + 1 lm_in) x 4096 = 33.7 MB (32.0 KB/tok)
[probe] wrote 16 draft probes (block=5) to /home/patrickd/s5-capture/agentic-p25-b0.1/c4/cap/drafts_p05_s001079.txt
[spec] decoding 8 tokens (block=5, draft passes=1, adaptK=1.50, prompt=5 s=1080)...
  [margins] 11.76 13.48 11.82 12.88 2.64  K=6
  verify 1: accepted 5/5 (K=6) + correction -> +6 tokens (181.7 ms)  cpos=1085
  [margins] 22.35 18.43 18.37 19.87 10.07  K=6
  verify 2: accepted 5/5 (K=6) + correction -> +6 tokens (172.3 ms)  cpos=1091

[spec] generated 12 tokens over 2 verifies: mean tokens/verify = 6.00 (block=5, max 6)
[spec] tokens: 455 4105 304 1347 344 85795 65 22 10993 3424 102158 418
[spec] SPEC-DECODE: 28.7 ms/tok = 34.82 tok/s  (vs base M=1 70.5 ms/tok = 14.19 tok/s -> 2.45x)
[decode] PREFILL: 1593 positions in 25935.4 ms = 61.4 tok/s (16.281 ms/tok)
[capture] wrote /home/patrickd/s5-capture/agentic-p25-b0.1/c4/cap/shard_p06_s001593.dspc  1593 tok x (3 taps + 1 lm_in) x 4096 = 49.8 MB (32.0 KB/tok)
[probe] wrote 16 draft probes (block=5) to /home/patrickd/s5-capture/agentic-p25-b0.1/c4/cap/drafts_p06_s001593.txt
[spec] decoding 8 tokens (block=5, draft passes=1, adaptK=1.50, prompt=6 s=1594)...
  [margins] 15.22 16.99 13.58 6.92 11.05  K=6
  verify 1: accepted 5/5 (K=6) + correction -> +6 tokens (181.1 ms)  cpos=1599
  [margins] 18.95 13.62 15.49 12.41 13.27  K=6
  verify 2: accepted 5/5 (K=6) + correction -> +6 tokens (178.2 ms)  cpos=1605

[spec] generated 12 tokens over 2 verifies: mean tokens/verify = 6.00 (block=5, max 6)
[spec] tokens: 477 9706 513 270 26795 294 2501 31116 1202 6128 2950 16
[spec] SPEC-DECODE: 29.7 ms/tok = 33.67 tok/s  (vs base M=1 70.5 ms/tok = 14.19 tok/s -> 2.37x)
[decode] PREFILL: 2304 positions in 38261.0 ms = 60.2 tok/s (16.606 ms/tok)
[capture] wrote /home/patrickd/s5-capture/agentic-p25-b0.1/c4/cap/shard_p07_s002304.dspc  2304 tok x (3 taps + 1 lm_in) x 4096 = 72.0 MB (32.0 KB/tok)
[probe] wrote 16 draft probes (block=5) to /home/patrickd/s5-capture/agentic-p25-b0.1/c4/cap/drafts_p07_s002304.txt
[spec] decoding 8 tokens (block=5, draft passes=1, adaptK=1.50, prompt=7 s=2305)...
  [margins] 11.10 11.53 12.12 14.48 9.64  K=6
  verify 1: accepted 5/5 (K=6) + correction -> +6 tokens (191.6 ms)  cpos=2310
  [margins] 17.98 12.18 13.48 13.86 12.88  K=6
  verify 2: accepted 5/5 (K=6) + correction -> +6 tokens (185.7 ms)  cpos=2316

[spec] generated 12 tokens over 2 verifies: mean tokens/verify = 6.00 (block=5, max 6)
[spec] tokens: 16 2009 96974 19678 8398 260 14083 295 1234 6167 14 790
[spec] SPEC-DECODE: 31.0 ms/tok = 32.31 tok/s  (vs base M=1 70.5 ms/tok = 14.19 tok/s -> 2.28x)
[decode] PREFILL: 1434 positions in 23240.7 ms = 61.7 tok/s (16.207 ms/tok)
[capture] wrote /home/patrickd/s5-capture/agentic-p25-b0.1/c4/cap/shard_p08_s001434.dspc  1434 tok x (3 taps + 1 lm_in) x 4096 = 44.8 MB (32.0 KB/tok)
[probe] wrote 16 draft probes (block=5) to /home/patrickd/s5-capture/agentic-p25-b0.1/c4/cap/drafts_p08_s001434.txt
[spec] decoding 8 tokens (block=5, draft passes=1, adaptK=1.50, prompt=8 s=1435)...
  [margins] 12.43 14.14 10.32 13.02 8.78  K=6
  verify 1: accepted 5/5 (K=6) + correction -> +6 tokens (180.6 ms)  cpos=1440
  [margins] 18.19 17.53 18.68 15.61 13.27  K=6
  verify 2: accepted 5/5 (K=6) + correction -> +6 tokens (171.4 ms)  cpos=1446

[spec] generated 12 tokens over 2 verifies: mean tokens/verify = 6.00 (block=5, max 6)
[spec] tokens: 1552 1552 14 223 939 22 15 2642 15 1002 72 4583
[spec] SPEC-DECODE: 28.6 ms/tok = 35.00 tok/s  (vs base M=1 70.5 ms/tok = 14.19 tok/s -> 2.47x)
[decode] PREFILL: 1097 positions in 17644.5 ms = 62.2 tok/s (16.084 ms/tok)
[capture] wrote /home/patrickd/s5-capture/agentic-p25-b0.1/c4/cap/shard_p09_s001097.dspc  1097 tok x (3 taps + 1 lm_in) x 4096 = 34.3 MB (32.0 KB/tok)
[probe] wrote 16 draft probes (block=5) to /home/patrickd/s5-capture/agentic-p25-b0.1/c4/cap/drafts_p09_s001097.txt
[spec] decoding 8 tokens (block=5, draft passes=1, adaptK=1.50, prompt=9 s=1098)...
  [margins] 19.86 14.58 16.03 13.22 18.10  K=6
  verify 1: accepted 5/5 (K=6) + correction -> +6 tokens (174.9 ms)  cpos=1103
  [margins] 17.12 4.38 8.33 5.07 12.18  K=6
  verify 2: accepted 5/5 (K=6) + correction -> +6 tokens (175.7 ms)  cpos=1109

[spec] generated 12 tokens over 2 verifies: mean tokens/verify = 6.00 (block=5, max 6)
[spec] tokens: 14 778 477 50040 304 16577 4183 339 43 63172 362 270
[spec] SPEC-DECODE: 29.3 ms/tok = 34.15 tok/s  (vs base M=1 70.5 ms/tok = 14.19 tok/s -> 2.41x)
[decode] PREFILL: 1425 positions in 23106.0 ms = 61.7 tok/s (16.215 ms/tok)
[capture] wrote /home/patrickd/s5-capture/agentic-p25-b0.1/c4/cap/shard_p10_s001425.dspc  1425 tok x (3 taps + 1 lm_in) x 4096 = 44.5 MB (32.0 KB/tok)
[probe] wrote 16 draft probes (block=5) to /home/patrickd/s5-capture/agentic-p25-b0.1/c4/cap/drafts_p10_s001425.txt
[spec] decoding 8 tokens (block=5, draft passes=1, adaptK=1.50, prompt=10 s=1426)...
  [margins] 15.35 12.58 13.83 12.37 13.58  K=6
  verify 1: accepted 5/5 (K=6) + correction -> +6 tokens (169.4 ms)  cpos=1431
  [margins] 15.25 12.32 14.79 12.55 13.64  K=6
  verify 2: accepted 5/5 (K=6) + correction -> +6 tokens (169.5 ms)  cpos=1437

[spec] generated 12 tokens over 2 verifies: mean tokens/verify = 6.00 (block=5, max 6)
[spec] tokens: 2023 16 2023 16 2023 16 2023 16 2023 16 2023 16
[spec] SPEC-DECODE: 28.3 ms/tok = 35.39 tok/s  (vs base M=1 70.5 ms/tok = 14.19 tok/s -> 2.49x)
[decode] PREFILL: 1098 positions in 17656.0 ms = 62.2 tok/s (16.080 ms/tok)
[capture] wrote /home/patrickd/s5-capture/agentic-p25-b0.1/c4/cap/shard_p11_s001098.dspc  1098 tok x (3 taps + 1 lm_in) x 4096 = 34.3 MB (32.0 KB/tok)
[probe] wrote 16 draft probes (block=5) to /home/patrickd/s5-capture/agentic-p25-b0.1/c4/cap/drafts_p11_s001098.txt
[spec] decoding 8 tokens (block=5, draft passes=1, adaptK=1.50, prompt=11 s=1099)...
  [margins] 12.75 14.20 12.95 7.71 11.08  K=6
  verify 1: accepted 5/5 (K=6) + correction -> +6 tokens (180.8 ms)  cpos=1104
  [margins] 10.98 13.01 10.99 8.83 7.86  K=6
  verify 2: accepted 5/5 (K=6) + correction -> +6 tokens (168.0 ms)  cpos=1110

[spec] generated 12 tokens over 2 verifies: mean tokens/verify = 6.00 (block=5, max 6)
[spec] tokens: 4560 734 5434 509 270 16161 16 12673 4666 14 468 21855
[spec] SPEC-DECODE: 28.0 ms/tok = 35.71 tok/s  (vs base M=1 70.5 ms/tok = 14.19 tok/s -> 2.52x)
[decode] PREFILL: 1064 positions in 17097.1 ms = 62.2 tok/s (16.069 ms/tok)
[capture] wrote /home/patrickd/s5-capture/agentic-p25-b0.1/c4/cap/shard_p12_s001064.dspc  1064 tok x (3 taps + 1 lm_in) x 4096 = 33.3 MB (32.0 KB/tok)
[probe] wrote 16 draft probes (block=5) to /home/patrickd/s5-capture/agentic-p25-b0.1/c4/cap/drafts_p12_s001064.txt
[spec] decoding 8 tokens (block=5, draft passes=1, adaptK=1.50, prompt=12 s=1065)...
  [margins] 11.08 14.63 20.29 21.58 10.97  K=6
  verify 1: accepted 5/5 (K=6) + correction -> +6 tokens (168.0 ms)  cpos=1070
  [margins] 20.59 22.49 11.30 13.86 20.73  K=6
  verify 2: accepted 5/5 (K=6) + correction -> +6 tokens (169.9 ms)  cpos=1076

[spec] generated 12 tokens over 2 verifies: mean tokens/verify = 6.00 (block=5, max 6)
[spec] tokens: 16 4286 43380 435 16 4286 43380 435 16 4286 43380 435
[spec] SPEC-DECODE: 28.3 ms/tok = 35.32 tok/s  (vs base M=1 70.5 ms/tok = 14.19 tok/s -> 2.49x)
[decode] PREFILL: 1080 positions in 17625.7 ms = 61.3 tok/s (16.320 ms/tok)
[capture] wrote /home/patrickd/s5-capture/agentic-p25-b0.1/c4/cap/shard_p13_s001080.dspc  1080 tok x (3 taps + 1 lm_in) x 4096 = 33.8 MB (32.0 KB/tok)
[probe] wrote 16 draft probes (block=5) to /home/patrickd/s5-capture/agentic-p25-b0.1/c4/cap/drafts_p13_s001080.txt
[spec] decoding 8 tokens (block=5, draft passes=1, adaptK=1.50, prompt=13 s=1081)...
  [margins] 13.13 13.71 12.39 12.43 12.97  K=6
  verify 1: accepted 5/5 (K=6) + correction -> +6 tokens (166.3 ms)  cpos=1086
  [margins] 13.29 13.53 11.93 11.84 12.29  K=6
  verify 2: accepted 5/5 (K=6) + correction -> +6 tokens (168.5 ms)  cpos=1092

[spec] generated 12 tokens over 2 verifies: mean tokens/verify = 6.00 (block=5, max 6)
[spec] tokens: 4256 33 4256 33 4256 33 4256 33 4256 33 4256 33
[spec] SPEC-DECODE: 28.1 ms/tok = 35.60 tok/s  (vs base M=1 70.5 ms/tok = 14.19 tok/s -> 2.51x)
[decode] PREFILL: 1039 positions in 16676.0 ms = 62.3 tok/s (16.050 ms/tok)
[capture] wrote /home/patrickd/s5-capture/agentic-p25-b0.1/c4/cap/shard_p14_s001039.dspc  1039 tok x (3 taps + 1 lm_in) x 4096 = 32.5 MB (32.0 KB/tok)
[probe] wrote 16 draft probes (block=5) to /home/patrickd/s5-capture/agentic-p25-b0.1/c4/cap/drafts_p14_s001039.txt
[spec] decoding 8 tokens (block=5, draft passes=1, adaptK=1.50, prompt=14 s=1040)...
  [margins] 15.95 8.18 6.90 4.77 3.36  K=6
  verify 1: accepted 5/5 (K=6) + correction -> +6 tokens (182.3 ms)  cpos=1045
  [margins] 0.45 4.24 10.45 4.73 0.12  K=5
  verify 2: accepted 4/4 (K=5) + correction -> +5 tokens (150.0 ms)  cpos=1050

[spec] generated 11 tokens over 2 verifies: mean tokens/verify = 5.50 (block=5, max 6)
[spec] tokens: 20772 538 12706 304 17841 4331 28318 223 1602 28 65640
[spec] SPEC-DECODE: 30.0 ms/tok = 33.33 tok/s  (vs base M=1 70.5 ms/tok = 14.19 tok/s -> 2.35x)
[decode] PREFILL: 1518 positions in 24639.4 ms = 61.6 tok/s (16.231 ms/tok)
[capture] wrote /home/patrickd/s5-capture/agentic-p25-b0.1/c4/cap/shard_p15_s001518.dspc  1518 tok x (3 taps + 1 lm_in) x 4096 = 47.4 MB (32.0 KB/tok)
[probe] wrote 16 draft probes (block=5) to /home/patrickd/s5-capture/agentic-p25-b0.1/c4/cap/drafts_p15_s001518.txt
[spec] decoding 8 tokens (block=5, draft passes=1, adaptK=1.50, prompt=15 s=1519)...
  [margins] 18.71 14.67 8.32 13.19 6.72  K=6
  verify 1: accepted 5/5 (K=6) + correction -> +6 tokens (181.8 ms)  cpos=1524
  [margins] 14.17 15.27 10.21 10.21 12.05  K=6
  verify 2: accepted 5/5 (K=6) + correction -> +6 tokens (172.9 ms)  cpos=1530

[spec] generated 12 tokens over 2 verifies: mean tokens/verify = 6.00 (block=5, max 6)
[spec] tokens: 3004 29 28024 22034 14 79749 33708 12055 14 65160 14 305
[spec] SPEC-DECODE: 28.8 ms/tok = 34.70 tok/s  (vs base M=1 70.5 ms/tok = 14.19 tok/s -> 2.45x)
[decode] PREFILL: 1216 positions in 19597.3 ms = 62.0 tok/s (16.116 ms/tok)
[capture] wrote /home/patrickd/s5-capture/agentic-p25-b0.1/c4/cap/shard_p16_s001216.dspc  1216 tok x (3 taps + 1 lm_in) x 4096 = 38.0 MB (32.0 KB/tok)
[probe] wrote 16 draft probes (block=5) to /home/patrickd/s5-capture/agentic-p25-b0.1/c4/cap/drafts_p16_s001216.txt
[spec] decoding 8 tokens (block=5, draft passes=1, adaptK=1.50, prompt=16 s=1217)...
  [margins] 11.36 12.64 0.76 0.78 3.47  K=3
  verify 1: accepted 2/2 (K=3) + correction -> +3 tokens (123.3 ms)  cpos=1219
  [margins] 0.31 9.94 5.90 3.14 7.66  K=6
  verify 2: accepted 0/5 (K=6) + correction -> +1 tokens (174.9 ms)  cpos=1220
  [margins] 13.27 4.87 6.04 8.90 4.45  K=6
  verify 3: accepted 5/5 (K=6) + correction -> +6 tokens (164.9 ms)  cpos=1226

[spec] generated 10 tokens over 3 verifies: mean tokens/verify = 3.33 (block=5, max 6)
[spec] tokens: 510 223 6951 17809 28 4508 510 223 6951 79386
[spec] SPEC-DECODE: 48.5 ms/tok = 20.60 tok/s  (vs base M=1 70.5 ms/tok = 14.19 tok/s -> 1.45x)
[decode] PREFILL: 1098 positions in 17648.9 ms = 62.2 tok/s (16.074 ms/tok)
[capture] wrote /home/patrickd/s5-capture/agentic-p25-b0.1/c4/cap/shard_p17_s001098.dspc  1098 tok x (3 taps + 1 lm_in) x 4096 = 34.3 MB (32.0 KB/tok)
[probe] wrote 16 draft probes (block=5) to /home/patrickd/s5-capture/agentic-p25-b0.1/c4/cap/drafts_p17_s001098.txt
[spec] decoding 8 tokens (block=5, draft passes=1, adaptK=1.50, prompt=17 s=1099)...
  [margins] 12.92 12.31 10.09 10.55 7.95  K=6
  verify 1: accepted 5/5 (K=6) + correction -> +6 tokens (180.1 ms)  cpos=1104
  [margins] 18.08 16.74 12.74 10.46 16.11  K=6
  verify 2: accepted 5/5 (K=6) + correction -> +6 tokens (169.5 ms)  cpos=1110

[spec] generated 12 tokens over 2 verifies: mean tokens/verify = 6.00 (block=5, max 6)
[spec] tokens: 455 9677 294 270 2873 344 223 22 16 18 4711 2731
[spec] SPEC-DECODE: 28.3 ms/tok = 35.39 tok/s  (vs base M=1 70.5 ms/tok = 14.19 tok/s -> 2.49x)
[decode] PREFILL: 1085 positions in 17425.7 ms = 62.3 tok/s (16.061 ms/tok)
[capture] wrote /home/patrickd/s5-capture/agentic-p25-b0.1/c4/cap/shard_p18_s001085.dspc  1085 tok x (3 taps + 1 lm_in) x 4096 = 33.9 MB (32.0 KB/tok)
[probe] wrote 16 draft probes (block=5) to /home/patrickd/s5-capture/agentic-p25-b0.1/c4/cap/drafts_p18_s001085.txt
[spec] decoding 8 tokens (block=5, draft passes=1, adaptK=1.50, prompt=18 s=1086)...
  [margins] 15.79 16.62 10.76 9.41 11.29  K=6
  verify 1: accepted 5/5 (K=6) + correction -> +6 tokens (166.3 ms)  cpos=1091
  [margins] 16.17 16.95 11.14 10.67 10.85  K=6
  verify 2: accepted 5/5 (K=6) + correction -> +6 tokens (166.4 ms)  cpos=1097

[spec] generated 12 tokens over 2 verifies: mean tokens/verify = 6.00 (block=5, max 6)
[spec] tokens: 54792 3749 54792 3749 54792 3749 54792 3749 54792 3749 54792 3749
[spec] SPEC-DECODE: 27.7 ms/tok = 36.05 tok/s  (vs base M=1 70.5 ms/tok = 14.19 tok/s -> 2.54x)
[decode] PREFILL: 1613 positions in 26278.1 ms = 61.4 tok/s (16.291 ms/tok)
[capture] wrote /home/patrickd/s5-capture/agentic-p25-b0.1/c4/cap/shard_p19_s001613.dspc  1613 tok x (3 taps + 1 lm_in) x 4096 = 50.4 MB (32.0 KB/tok)
[probe] wrote 16 draft probes (block=5) to /home/patrickd/s5-capture/agentic-p25-b0.1/c4/cap/drafts_p19_s001613.txt
[spec] decoding 8 tokens (block=5, draft passes=1, adaptK=1.50, prompt=19 s=1614)...
  [margins] 16.27 8.44 10.54 10.08 7.40  K=6
  verify 1: accepted 5/5 (K=6) + correction -> +6 tokens (181.3 ms)  cpos=1619
  [margins] 12.60 14.24 7.73 15.88 1.33  K=5
  verify 2: accepted 4/4 (K=5) + correction -> +5 tokens (157.6 ms)  cpos=1624

[spec] generated 11 tokens over 2 verifies: mean tokens/verify = 5.50 (block=5, max 6)
[spec] tokens: 81166 16 7819 113035 5055 18016 7819 113035 5055 18016 7819
[spec] SPEC-DECODE: 31.5 ms/tok = 31.73 tok/s  (vs base M=1 70.5 ms/tok = 14.19 tok/s -> 2.24x)
[decode] PREFILL: 1816 positions in 29760.3 ms = 61.0 tok/s (16.388 ms/tok)
[capture] wrote /home/patrickd/s5-capture/agentic-p25-b0.1/c4/cap/shard_p20_s001816.dspc  1816 tok x (3 taps + 1 lm_in) x 4096 = 56.8 MB (32.0 KB/tok)
[probe] wrote 16 draft probes (block=5) to /home/patrickd/s5-capture/agentic-p25-b0.1/c4/cap/drafts_p20_s001816.txt
[spec] decoding 8 tokens (block=5, draft passes=1, adaptK=1.50, prompt=20 s=1817)...
  [margins] 17.21 14.74 2.09 2.59 4.19  K=6
  verify 1: accepted 2/5 (K=6) + correction -> +3 tokens (176.9 ms)  cpos=1819
  [margins] 13.83 14.12 4.03 9.98 7.14  K=6
  verify 2: accepted 5/5 (K=6) + correction -> +6 tokens (176.8 ms)  cpos=1825

[spec] generated 9 tokens over 2 verifies: mean tokens/verify = 4.50 (block=5, max 6)
[spec] tokens: 3749 11 85 3749 11 81 3749 11 84
[spec] SPEC-DECODE: 29.5 ms/tok = 33.94 tok/s  (vs base M=1 70.5 ms/tok = 14.19 tok/s -> 2.39x)
[decode] PREFILL: 1093 positions in 17569.7 ms = 62.2 tok/s (16.075 ms/tok)
[capture] wrote /home/patrickd/s5-capture/agentic-p25-b0.1/c4/cap/shard_p21_s001093.dspc  1093 tok x (3 taps + 1 lm_in) x 4096 = 34.2 MB (32.0 KB/tok)
[probe] wrote 16 draft probes (block=5) to /home/patrickd/s5-capture/agentic-p25-b0.1/c4/cap/drafts_p21_s001093.txt
[spec] decoding 8 tokens (block=5, draft passes=1, adaptK=1.50, prompt=21 s=1094)...
  [margins] 15.62 17.91 12.41 16.21 15.90  K=6
  verify 1: accepted 5/5 (K=6) + correction -> +6 tokens (176.1 ms)  cpos=1099
  [margins] 13.25 16.52 15.77 15.05 13.39  K=6
  verify 2: accepted 5/5 (K=6) + correction -> +6 tokens (177.8 ms)  cpos=1105

[spec] generated 12 tokens over 2 verifies: mean tokens/verify = 6.00 (block=5, max 6)
[spec] tokens: 5241 82 50 19 51 11065 16 5241 82 50 19 51
[spec] SPEC-DECODE: 29.6 ms/tok = 33.74 tok/s  (vs base M=1 70.5 ms/tok = 14.19 tok/s -> 2.38x)
[decode] PREFILL: 1097 positions in 17637.5 ms = 62.2 tok/s (16.078 ms/tok)
[capture] wrote /home/patrickd/s5-capture/agentic-p25-b0.1/c4/cap/shard_p22_s001097.dspc  1097 tok x (3 taps + 1 lm_in) x 4096 = 34.3 MB (32.0 KB/tok)
[probe] wrote 16 draft probes (block=5) to /home/patrickd/s5-capture/agentic-p25-b0.1/c4/cap/drafts_p22_s001097.txt
[spec] decoding 8 tokens (block=5, draft passes=1, adaptK=1.50, prompt=22 s=1098)...
  [margins] 20.61 17.35 16.88 18.28 2.10  K=6
  verify 1: accepted 5/5 (K=6) + correction -> +6 tokens (173.4 ms)  cpos=1103
  [margins] 21.07 18.60 16.11 10.51 7.90  K=6
  verify 2: accepted 5/5 (K=6) + correction -> +6 tokens (177.0 ms)  cpos=1109

[spec] generated 12 tokens over 2 verifies: mean tokens/verify = 6.00 (block=5, max 6)
[spec] tokens: 15 553 15 2616 16 16651 630 1459 296 31 939 22
[spec] SPEC-DECODE: 29.5 ms/tok = 33.91 tok/s  (vs base M=1 70.5 ms/tok = 14.19 tok/s -> 2.39x)
[decode] PREFILL: 1619 positions in 26377.8 ms = 61.4 tok/s (16.293 ms/tok)
[capture] wrote /home/patrickd/s5-capture/agentic-p25-b0.1/c4/cap/shard_p23_s001619.dspc  1619 tok x (3 taps + 1 lm_in) x 4096 = 50.6 MB (32.0 KB/tok)
[probe] wrote 16 draft probes (block=5) to /home/patrickd/s5-capture/agentic-p25-b0.1/c4/cap/drafts_p23_s001619.txt
[spec] decoding 8 tokens (block=5, draft passes=1, adaptK=1.50, prompt=23 s=1620)...
  [margins] 18.95 11.09 14.77 15.33 11.67  K=6
  verify 1: accepted 5/5 (K=6) + correction -> +6 tokens (179.8 ms)  cpos=1625
  [margins] 18.50 11.22 15.03 15.79 12.88  K=6
  verify 2: accepted 5/5 (K=6) + correction -> +6 tokens (166.9 ms)  cpos=1631

[spec] generated 12 tokens over 2 verifies: mean tokens/verify = 6.00 (block=5, max 6)
[spec] tokens: 22138 16 6000 22138 16 6000 22138 16 6000 22138 16 6000
[spec] SPEC-DECODE: 27.8 ms/tok = 35.95 tok/s  (vs base M=1 70.5 ms/tok = 14.19 tok/s -> 2.53x)
[decode] PREFILL: 1105 positions in 17786.2 ms = 62.1 tok/s (16.096 ms/tok)
[capture] wrote /home/patrickd/s5-capture/agentic-p25-b0.1/c4/cap/shard_p24_s001105.dspc  1105 tok x (3 taps + 1 lm_in) x 4096 = 34.5 MB (32.0 KB/tok)
[probe] wrote 16 draft probes (block=5) to /home/patrickd/s5-capture/agentic-p25-b0.1/c4/cap/drafts_p24_s001105.txt
[spec] decoding 8 tokens (block=5, draft passes=1, adaptK=1.50, prompt=24 s=1106)...
  [margins] 13.35 15.15 15.99 11.37 10.32  K=6
  verify 1: accepted 5/5 (K=6) + correction -> +6 tokens (166.7 ms)  cpos=1111
  [margins] 16.67 12.95 13.16 13.84 1.35  K=5
  verify 2: accepted 4/4 (K=5) + correction -> +5 tokens (152.4 ms)  cpos=1116

[spec] generated 11 tokens over 2 verifies: mean tokens/verify = 5.50 (block=5, max 6)
[spec] tokens: 16555 19616 427 82 16555 19616 427 82 16555 19616 427
[spec] SPEC-DECODE: 30.5 ms/tok = 32.80 tok/s  (vs base M=1 70.5 ms/tok = 14.19 tok/s -> 2.31x)
[decode] PREFILL: 1223 positions in 19728.1 ms = 62.0 tok/s (16.131 ms/tok)
[capture] wrote /home/patrickd/s5-capture/agentic-p25-b0.1/c4/cap/shard_p25_s001223.dspc  1223 tok x (3 taps + 1 lm_in) x 4096 = 38.2 MB (32.0 KB/tok)
[probe] wrote 16 draft probes (block=5) to /home/patrickd/s5-capture/agentic-p25-b0.1/c4/cap/drafts_p25_s001223.txt
[spec] decoding 8 tokens (block=5, draft passes=1, adaptK=1.50, prompt=25 s=1224)...
  [margins] 16.08 15.91 7.08 8.01 10.70  K=6
  verify 1: accepted 5/5 (K=6) + correction -> +6 tokens (181.8 ms)  cpos=1229
  [margins] 16.68 16.40 17.90 8.48 0.85  K=5
  verify 2: accepted 4/4 (K=5) + correction -> +5 tokens (151.1 ms)  cpos=1234

[spec] generated 11 tokens over 2 verifies: mean tokens/verify = 5.50 (block=5, max 6)
[spec] tokens: 294 8412 16 3211 14 270 3022 1918 554 3052 3780
[spec] SPEC-DECODE: 30.2 ms/tok = 33.09 tok/s  (vs base M=1 70.5 ms/tok = 14.19 tok/s -> 2.33x)
[decode] PREFILL: 1041 positions in 16715.1 ms = 62.3 tok/s (16.057 ms/tok)
[capture] wrote /home/patrickd/s5-capture/agentic-p25-b0.1/c4/cap/shard_p26_s001041.dspc  1041 tok x (3 taps + 1 lm_in) x 4096 = 32.5 MB (32.0 KB/tok)
[probe] wrote 16 draft probes (block=5) to /home/patrickd/s5-capture/agentic-p25-b0.1/c4/cap/drafts_p26_s001041.txt
[spec] decoding 8 tokens (block=5, draft passes=1, adaptK=1.50, prompt=26 s=1042)...
  [margins] 11.73 14.62 8.90 2.15 8.77  K=6
  verify 1: accepted 5/5 (K=6) + correction -> +6 tokens (171.2 ms)  cpos=1047
  [margins] 18.53 11.90 12.67 9.67 5.21  K=6
  verify 2: accepted 5/5 (K=6) + correction -> +6 tokens (177.9 ms)  cpos=1053

[spec] generated 12 tokens over 2 verifies: mean tokens/verify = 6.00 (block=5, max 6)
[spec] tokens: 396 344 3530 294 1988 305 3342 16 983 344 260 2445
[spec] SPEC-DECODE: 29.7 ms/tok = 33.73 tok/s  (vs base M=1 70.5 ms/tok = 14.19 tok/s -> 2.38x)
[decode] PREFILL: 1049 positions in 16839.5 ms = 62.3 tok/s (16.053 ms/tok)
[capture] wrote /home/patrickd/s5-capture/agentic-p25-b0.1/c4/cap/shard_p27_s001049.dspc  1049 tok x (3 taps + 1 lm_in) x 4096 = 32.8 MB (32.0 KB/tok)
[probe] wrote 16 draft probes (block=5) to /home/patrickd/s5-capture/agentic-p25-b0.1/c4/cap/drafts_p27_s001049.txt
[spec] decoding 8 tokens (block=5, draft passes=1, adaptK=1.50, prompt=27 s=1050)...
  [margins] 15.23 16.01 15.13 7.44 9.39  K=6
  verify 1: accepted 3/5 (K=6) + correction -> +4 tokens (165.8 ms)  cpos=1053
  [margins] 15.04 16.07 14.91 8.61 8.96  K=6
  verify 2: accepted 3/5 (K=6) + correction -> +4 tokens (162.1 ms)  cpos=1057

[spec] generated 8 tokens over 2 verifies: mean tokens/verify = 4.00 (block=5, max 6)
[spec] tokens: 3749 11 3749 11 3749 11 3749 11
[spec] SPEC-DECODE: 40.5 ms/tok = 24.68 tok/s  (vs base M=1 70.5 ms/tok = 14.19 tok/s -> 1.74x)
[decode] PREFILL: 1091 positions in 17543.8 ms = 62.2 tok/s (16.080 ms/tok)
[capture] wrote /home/patrickd/s5-capture/agentic-p25-b0.1/c4/cap/shard_p28_s001091.dspc  1091 tok x (3 taps + 1 lm_in) x 4096 = 34.1 MB (32.0 KB/tok)
[probe] wrote 16 draft probes (block=5) to /home/patrickd/s5-capture/agentic-p25-b0.1/c4/cap/drafts_p28_s001091.txt
[spec] decoding 8 tokens (block=5, draft passes=1, adaptK=1.50, prompt=28 s=1092)...
  [margins] 14.27 14.88 12.48 12.59 13.20  K=6
  verify 1: accepted 5/5 (K=6) + correction -> +6 tokens (176.4 ms)  cpos=1097
  [margins] 12.88 14.25 13.87 14.36 10.84  K=6
  verify 2: accepted 5/5 (K=6) + correction -> +6 tokens (165.6 ms)  cpos=1103

[spec] generated 12 tokens over 2 verifies: mean tokens/verify = 6.00 (block=5, max 6)
[spec] tokens: 31 553 3749 1529 31 553 3749 1529 31 553 3749 1529
[spec] SPEC-DECODE: 27.6 ms/tok = 36.24 tok/s  (vs base M=1 70.5 ms/tok = 14.19 tok/s -> 2.55x)
[decode] PREFILL: 1080 positions in 17356.5 ms = 62.2 tok/s (16.071 ms/tok)
[capture] wrote /home/patrickd/s5-capture/agentic-p25-b0.1/c4/cap/shard_p29_s001080.dspc  1080 tok x (3 taps + 1 lm_in) x 4096 = 33.8 MB (32.0 KB/tok)
[probe] wrote 16 draft probes (block=5) to /home/patrickd/s5-capture/agentic-p25-b0.1/c4/cap/drafts_p29_s001080.txt
[spec] decoding 8 tokens (block=5, draft passes=1, adaptK=1.50, prompt=29 s=1081)...
  [margins] 16.59 13.11 12.91 12.31 10.74  K=6
  verify 1: accepted 5/5 (K=6) + correction -> +6 tokens (167.5 ms)  cpos=1086
  [margins] 17.01 12.88 13.81 12.39 10.63  K=6
  verify 2: accepted 5/5 (K=6) + correction -> +6 tokens (168.0 ms)  cpos=1092

[spec] generated 12 tokens over 2 verifies: mean tokens/verify = 6.00 (block=5, max 6)
[spec] tokens: 1911 4268 56 1911 4268 56 1911 4268 56 1911 4268 56
[spec] SPEC-DECODE: 28.0 ms/tok = 35.70 tok/s  (vs base M=1 70.5 ms/tok = 14.19 tok/s -> 2.52x)
[decode] PREFILL: 1041 positions in 16724.2 ms = 62.2 tok/s (16.066 ms/tok)
[capture] wrote /home/patrickd/s5-capture/agentic-p25-b0.1/c4/cap/shard_p30_s001041.dspc  1041 tok x (3 taps + 1 lm_in) x 4096 = 32.5 MB (32.0 KB/tok)
[probe] wrote 16 draft probes (block=5) to /home/patrickd/s5-capture/agentic-p25-b0.1/c4/cap/drafts_p30_s001041.txt
[spec] decoding 8 tokens (block=5, draft passes=1, adaptK=1.50, prompt=30 s=1042)...
  [margins] 12.89 15.53 15.07 11.06 7.08  K=6
  verify 1: accepted 5/5 (K=6) + correction -> +6 tokens (174.7 ms)  cpos=1047
  [margins] 18.02 12.99 10.63 10.63 11.92  K=6
  verify 2: accepted 5/5 (K=6) + correction -> +6 tokens (170.3 ms)  cpos=1053

[spec] generated 12 tokens over 2 verifies: mean tokens/verify = 6.00 (block=5, max 6)
[spec] tokens: 12715 5157 1606 16 455 31329 9875 344 270 12335 12334 294
[spec] SPEC-DECODE: 28.4 ms/tok = 35.23 tok/s  (vs base M=1 70.5 ms/tok = 14.19 tok/s -> 2.48x)
[decode] PREFILL: 1517 positions in 24624.1 ms = 61.6 tok/s (16.232 ms/tok)
[capture] wrote /home/patrickd/s5-capture/agentic-p25-b0.1/c4/cap/shard_p31_s001517.dspc  1517 tok x (3 taps + 1 lm_in) x 4096 = 47.4 MB (32.0 KB/tok)
[probe] wrote 16 draft probes (block=5) to /home/patrickd/s5-capture/agentic-p25-b0.1/c4/cap/drafts_p31_s001517.txt
[spec] decoding 8 tokens (block=5, draft passes=1, adaptK=1.50, prompt=31 s=1518)...
  [margins] 9.99 14.69 13.26 14.43 14.96  K=6
  verify 1: accepted 5/5 (K=6) + correction -> +6 tokens (178.0 ms)  cpos=1523
  [margins] 8.94 8.08 13.63 9.38 12.56  K=6
  verify 2: accepted 5/5 (K=6) + correction -> +6 tokens (178.0 ms)  cpos=1529

[spec] generated 12 tokens over 2 verifies: mean tokens/verify = 6.00 (block=5, max 6)
[spec] tokens: 91 343 18 16 18 11 281 91 50 343 18 16
[spec] SPEC-DECODE: 29.7 ms/tok = 33.71 tok/s  (vs base M=1 70.5 ms/tok = 14.19 tok/s -> 2.38x)
[decode] PREFILL: 1506 positions in 24455.5 ms = 61.6 tok/s (16.239 ms/tok)
[capture] wrote /home/patrickd/s5-capture/agentic-p25-b0.1/c4/cap/shard_p32_s001506.dspc  1506 tok x (3 taps + 1 lm_in) x 4096 = 47.1 MB (32.0 KB/tok)
[probe] wrote 16 draft probes (block=5) to /home/patrickd/s5-capture/agentic-p25-b0.1/c4/cap/drafts_p32_s001506.txt
[spec] decoding 8 tokens (block=5, draft passes=1, adaptK=1.50, prompt=32 s=1507)...
  [margins] 10.66 13.08 5.39 9.94 11.04  K=6
  verify 1: accepted 5/5 (K=6) + correction -> +6 tokens (178.9 ms)  cpos=1512
  [margins] 11.50 11.77 4.32 10.21 11.45  K=6
  verify 2: accepted 5/5 (K=6) + correction -> +6 tokens (168.5 ms)  cpos=1518

[spec] generated 12 tokens over 2 verifies: mean tokens/verify = 6.00 (block=5, max 6)
[spec] tokens: 16 4100 16572 16 4100 16572 16 4100 16572 16 4100 16572
[spec] SPEC-DECODE: 28.1 ms/tok = 35.61 tok/s  (vs base M=1 70.5 ms/tok = 14.19 tok/s -> 2.51x)
[decode] PREFILL: 1504 positions in 24408.5 ms = 61.6 tok/s (16.229 ms/tok)
[capture] wrote /home/patrickd/s5-capture/agentic-p25-b0.1/c4/cap/shard_p33_s001504.dspc  1504 tok x (3 taps + 1 lm_in) x 4096 = 47.0 MB (32.0 KB/tok)
[probe] wrote 16 draft probes (block=5) to /home/patrickd/s5-capture/agentic-p25-b0.1/c4/cap/drafts_p33_s001504.txt
[spec] decoding 8 tokens (block=5, draft passes=1, adaptK=1.50, prompt=33 s=1505)...
  [margins] 13.97 10.79 7.65 8.32 0.43  K=5
  verify 1: accepted 4/4 (K=5) + correction -> +5 tokens (162.4 ms)  cpos=1509
  [margins] 16.55 9.50 2.96 9.82 9.99  K=6
  verify 2: accepted 2/5 (K=6) + correction -> +3 tokens (176.3 ms)  cpos=1512

[spec] generated 8 tokens over 2 verifies: mean tokens/verify = 4.00 (block=5, max 6)
[spec] tokens: 4691 9 15825 305 60136 16 455 40714
[spec] SPEC-DECODE: 58.8 ms/tok = 17.02 tok/s  (vs base M=1 70.5 ms/tok = 14.19 tok/s -> 1.20x)
[decode] PREFILL: 1069 positions in 17182.2 ms = 62.2 tok/s (16.073 ms/tok)
[capture] wrote /home/patrickd/s5-capture/agentic-p25-b0.1/c4/cap/shard_p34_s001069.dspc  1069 tok x (3 taps + 1 lm_in) x 4096 = 33.4 MB (32.0 KB/tok)
[probe] wrote 16 draft probes (block=5) to /home/patrickd/s5-capture/agentic-p25-b0.1/c4/cap/drafts_p34_s001069.txt
[spec] decoding 8 tokens (block=5, draft passes=1, adaptK=1.50, prompt=34 s=1070)...
  [margins] 2.32 11.71 5.57 0.48 1.45  K=4
  verify 1: accepted 3/3 (K=4) + correction -> +4 tokens (139.7 ms)  cpos=1073
  [margins] 0.95 1.53 4.56 3.46 8.08  K=6
  verify 2: accepted 1/5 (K=6) + correction -> +2 tokens (169.2 ms)  cpos=1075
  [margins] 5.89 2.56 2.64 0.13 0.20  K=4
  verify 3: accepted 3/3 (K=4) + correction -> +4 tokens (137.6 ms)  cpos=1079

[spec] generated 10 tokens over 3 verifies: mean tokens/verify = 3.33 (block=5, max 6)
[spec] tokens: 2090 1664 611 3549 4134 294 1205 566 4105 1918
[spec] SPEC-DECODE: 51.1 ms/tok = 19.56 tok/s  (vs base M=1 70.5 ms/tok = 14.19 tok/s -> 1.38x)
[decode] PREFILL: 1304 positions in 21082.6 ms = 61.9 tok/s (16.168 ms/tok)
[capture] wrote /home/patrickd/s5-capture/agentic-p25-b0.1/c4/cap/shard_p35_s001304.dspc  1304 tok x (3 taps + 1 lm_in) x 4096 = 40.8 MB (32.0 KB/tok)
[probe] wrote 16 draft probes (block=5) to /home/patrickd/s5-capture/agentic-p25-b0.1/c4/cap/drafts_p35_s001304.txt
[spec] decoding 8 tokens (block=5, draft passes=1, adaptK=1.50, prompt=35 s=1305)...
  [margins] 16.98 23.19 11.40 12.20 19.54  K=6
  verify 1: accepted 5/5 (K=6) + correction -> +6 tokens (172.4 ms)  cpos=1310
  [margins] 16.62 25.57 10.84 11.27 19.83  K=6
  verify 2: accepted 5/5 (K=6) + correction -> +6 tokens (173.3 ms)  cpos=1316

[spec] generated 12 tokens over 2 verifies: mean tokens/verify = 6.00 (block=5, max 6)
[spec] tokens: 1925 67 50 1925 67 50 1925 67 50 1925 67 50
[spec] SPEC-DECODE: 28.9 ms/tok = 34.63 tok/s  (vs base M=1 70.5 ms/tok = 14.19 tok/s -> 2.44x)
[decode] PREFILL: 1054 positions in 16917.2 ms = 62.3 tok/s (16.050 ms/tok)
[capture] wrote /home/patrickd/s5-capture/agentic-p25-b0.1/c4/cap/shard_p36_s001054.dspc  1054 tok x (3 taps + 1 lm_in) x 4096 = 32.9 MB (32.0 KB/tok)
[probe] wrote 16 draft probes (block=5) to /home/patrickd/s5-capture/agentic-p25-b0.1/c4/cap/drafts_p36_s001054.txt
[spec] decoding 8 tokens (block=5, draft passes=1, adaptK=1.50, prompt=36 s=1055)...
  [margins] 16.61 13.62 14.04 12.06 15.09  K=6
  verify 1: accepted 5/5 (K=6) + correction -> +6 tokens (177.9 ms)  cpos=1060
  [margins] 18.10 17.84 13.07 15.02 13.40  K=6
  verify 2: accepted 5/5 (K=6) + correction -> +6 tokens (167.5 ms)  cpos=1066

[spec] generated 12 tokens over 2 verifies: mean tokens/verify = 6.00 (block=5, max 6)
[spec] tokens: 344 260 1950 16 1162 344 260 1950 16 1162 344 260
[spec] SPEC-DECODE: 27.9 ms/tok = 35.82 tok/s  (vs base M=1 70.5 ms/tok = 14.19 tok/s -> 2.52x)
[decode] PREFILL: 1045 positions in 16776.2 ms = 62.3 tok/s (16.054 ms/tok)
[capture] wrote /home/patrickd/s5-capture/agentic-p25-b0.1/c4/cap/shard_p37_s001045.dspc  1045 tok x (3 taps + 1 lm_in) x 4096 = 32.7 MB (32.0 KB/tok)
[probe] wrote 16 draft probes (block=5) to /home/patrickd/s5-capture/agentic-p25-b0.1/c4/cap/drafts_p37_s001045.txt
[spec] decoding 8 tokens (block=5, draft passes=1, adaptK=1.50, prompt=37 s=1046)...
  [margins] 12.98 16.35 14.02 9.81 5.81  K=6
  verify 1: accepted 5/5 (K=6) + correction -> +6 tokens (172.6 ms)  cpos=1051
  [margins] 15.14 11.19 15.01 13.73 8.36  K=6
  verify 2: accepted 5/5 (K=6) + correction -> +6 tokens (174.4 ms)  cpos=1057

[spec] generated 12 tokens over 2 verifies: mean tokens/verify = 6.00 (block=5, max 6)
[spec] tokens: 339 372 4114 2824 16 2899 22069 339 372 4114 2824 16
[spec] SPEC-DECODE: 29.1 ms/tok = 34.40 tok/s  (vs base M=1 70.5 ms/tok = 14.19 tok/s -> 2.42x)
[decode] PREFILL: 1184 positions in 19067.1 ms = 62.1 tok/s (16.104 ms/tok)
[capture] wrote /home/patrickd/s5-capture/agentic-p25-b0.1/c4/cap/shard_p38_s001184.dspc  1184 tok x (3 taps + 1 lm_in) x 4096 = 37.0 MB (32.0 KB/tok)
[probe] wrote 16 draft probes (block=5) to /home/patrickd/s5-capture/agentic-p25-b0.1/c4/cap/drafts_p38_s001184.txt
[spec] decoding 8 tokens (block=5, draft passes=1, adaptK=1.50, prompt=38 s=1185)...
  [margins] 12.75 11.78 8.45 13.32 9.72  K=6
  verify 1: accepted 5/5 (K=6) + correction -> +6 tokens (175.4 ms)  cpos=1190
  [margins] 17.84 13.55 13.37 6.89 14.85  K=6
  verify 2: accepted 5/5 (K=6) + correction -> +6 tokens (176.4 ms)  cpos=1196

[spec] generated 12 tokens over 2 verifies: mean tokens/verify = 6.00 (block=5, max 6)
[spec] tokens: 344 295 270 2019 16 455 14364 344 295 270 2019 16
[spec] SPEC-DECODE: 29.4 ms/tok = 34.02 tok/s  (vs base M=1 70.5 ms/tok = 14.19 tok/s -> 2.40x)
[decode] PREFILL: 1341 positions in 21676.4 ms = 61.9 tok/s (16.164 ms/tok)
[capture] wrote /home/patrickd/s5-capture/agentic-p25-b0.1/c4/cap/shard_p39_s001341.dspc  1341 tok x (3 taps + 1 lm_in) x 4096 = 41.9 MB (32.0 KB/tok)
[probe] wrote 16 draft probes (block=5) to /home/patrickd/s5-capture/agentic-p25-b0.1/c4/cap/drafts_p39_s001341.txt
[spec] decoding 8 tokens (block=5, draft passes=1, adaptK=1.50, prompt=39 s=1342)...
  [margins] 13.75 12.31 13.91 12.34 10.38  K=6
  verify 1: accepted 5/5 (K=6) + correction -> +6 tokens (178.4 ms)  cpos=1347
  [margins] 12.66 8.52 6.64 11.30 11.54  K=6
  verify 2: accepted 5/5 (K=6) + correction -> +6 tokens (174.8 ms)  cpos=1353

[spec] generated 12 tokens over 2 verifies: mean tokens/verify = 6.00 (block=5, max 6)
[spec] tokens: 10260 270 26369 734 4768 16 13590 3749 455 14108 4230 396
[spec] SPEC-DECODE: 29.1 ms/tok = 34.33 tok/s  (vs base M=1 70.5 ms/tok = 14.19 tok/s -> 2.42x)
[decode] PREFILL: 1084 positions in 17409.4 ms = 62.3 tok/s (16.060 ms/tok)
[capture] wrote /home/patrickd/s5-capture/agentic-p25-b0.1/c4/cap/shard_p40_s001084.dspc  1084 tok x (3 taps + 1 lm_in) x 4096 = 33.9 MB (32.0 KB/tok)
[probe] wrote 16 draft probes (block=5) to /home/patrickd/s5-capture/agentic-p25-b0.1/c4/cap/drafts_p40_s001084.txt
[spec] decoding 8 tokens (block=5, draft passes=1, adaptK=1.50, prompt=40 s=1085)...
  [margins] 11.88 8.99 12.61 8.18 10.68  K=6
  verify 1: accepted 5/5 (K=6) + correction -> +6 tokens (166.8 ms)  cpos=1090
  [margins] 11.72 10.43 12.41 9.22 10.65  K=6
  verify 2: accepted 5/5 (K=6) + correction -> +6 tokens (168.0 ms)  cpos=1096

[spec] generated 12 tokens over 2 verifies: mean tokens/verify = 6.00 (block=5, max 6)
[spec] tokens: 455 16 455 16 455 16 455 16 455 16 455 16
[spec] SPEC-DECODE: 28.0 ms/tok = 35.71 tok/s  (vs base M=1 70.5 ms/tok = 14.19 tok/s -> 2.52x)
[decode] PREFILL: 1160 positions in 18706.7 ms = 62.0 tok/s (16.126 ms/tok)
[capture] wrote /home/patrickd/s5-capture/agentic-p25-b0.1/c4/cap/shard_p41_s001160.dspc  1160 tok x (3 taps + 1 lm_in) x 4096 = 36.3 MB (32.0 KB/tok)
[probe] wrote 16 draft probes (block=5) to /home/patrickd/s5-capture/agentic-p25-b0.1/c4/cap/drafts_p41_s001160.txt
[spec] decoding 8 tokens (block=5, draft passes=1, adaptK=1.50, prompt=41 s=1161)...
  [margins] 1.85 4.94 0.85 1.65 1.64  K=3
  verify 1: accepted 2/2 (K=3) + correction -> +3 tokens (120.7 ms)  cpos=1163
  [margins] 0.52 2.10 2.10 0.38 0.86  K=4
  verify 2: accepted 0/3 (K=4) + correction -> +1 tokens (137.8 ms)  cpos=1164
  [margins] 8.39 4.41 2.26 2.22 0.28  K=5
  verify 3: accepted 4/4 (K=5) + correction -> +5 tokens (151.9 ms)  cpos=1169

[spec] generated 9 tokens over 3 verifies: mean tokens/verify = 3.00 (block=5, max 6)
[spec] tokens: 6578 1055 4263 19213 23847 16 6904 1014 14
[spec] SPEC-DECODE: 48.3 ms/tok = 20.71 tok/s  (vs base M=1 70.5 ms/tok = 14.19 tok/s -> 1.46x)
[decode] PREFILL: 1097 positions in 17632.7 ms = 62.2 tok/s (16.074 ms/tok)
[capture] wrote /home/patrickd/s5-capture/agentic-p25-b0.1/c4/cap/shard_p42_s001097.dspc  1097 tok x (3 taps + 1 lm_in) x 4096 = 34.3 MB (32.0 KB/tok)
[probe] wrote 16 draft probes (block=5) to /home/patrickd/s5-capture/agentic-p25-b0.1/c4/cap/drafts_p42_s001097.txt
[spec] decoding 8 tokens (block=5, draft passes=1, adaptK=1.50, prompt=42 s=1098)...
  [margins] 15.18 11.03 13.72 12.26 11.85  K=6
  verify 1: accepted 5/5 (K=6) + correction -> +6 tokens (165.5 ms)  cpos=1103
  [margins] 16.09 10.96 13.25 12.83 11.66  K=6
  verify 2: accepted 5/5 (K=6) + correction -> +6 tokens (169.1 ms)  cpos=1109

[spec] generated 12 tokens over 2 verifies: mean tokens/verify = 6.00 (block=5, max 6)
[spec] tokens: 88 16 16374 88 16 16374 88 16 16374 88 16 16374
[spec] SPEC-DECODE: 28.2 ms/tok = 35.48 tok/s  (vs base M=1 70.5 ms/tok = 14.19 tok/s -> 2.50x)
[decode] PREFILL: 1133 positions in 18206.5 ms = 62.2 tok/s (16.069 ms/tok)
[capture] wrote /home/patrickd/s5-capture/agentic-p25-b0.1/c4/cap/shard_p43_s001133.dspc  1133 tok x (3 taps + 1 lm_in) x 4096 = 35.4 MB (32.0 KB/tok)
[probe] wrote 16 draft probes (block=5) to /home/patrickd/s5-capture/agentic-p25-b0.1/c4/cap/drafts_p43_s001133.txt
[spec] decoding 8 tokens (block=5, draft passes=1, adaptK=1.50, prompt=43 s=1134)...
  [margins] 14.42 8.68 14.44 2.03 7.29  K=6
  verify 1: accepted 3/5 (K=6) + correction -> +4 tokens (170.6 ms)  cpos=1137
  [margins] 14.20 9.64 14.58 3.55 7.11  K=6
  verify 2: accepted 3/5 (K=6) + correction -> +4 tokens (164.7 ms)  cpos=1141

[spec] generated 8 tokens over 2 verifies: mean tokens/verify = 4.00 (block=5, max 6)
[spec] tokens: 3749 11 3749 11 3749 11 3749 11
[spec] SPEC-DECODE: 41.2 ms/tok = 24.29 tok/s  (vs base M=1 70.5 ms/tok = 14.19 tok/s -> 1.71x)
[decode] PREFILL: 1143 positions in 18399.3 ms = 62.1 tok/s (16.097 ms/tok)
[capture] wrote /home/patrickd/s5-capture/agentic-p25-b0.1/c4/cap/shard_p44_s001143.dspc  1143 tok x (3 taps + 1 lm_in) x 4096 = 35.7 MB (32.0 KB/tok)
[probe] wrote 16 draft probes (block=5) to /home/patrickd/s5-capture/agentic-p25-b0.1/c4/cap/drafts_p44_s001143.txt
[spec] decoding 8 tokens (block=5, draft passes=1, adaptK=1.50, prompt=44 s=1144)...
  [margins] 19.42 19.13 18.36 12.65 12.38  K=6
  verify 1: accepted 5/5 (K=6) + correction -> +6 tokens (181.9 ms)  cpos=1149
  [margins] 21.67 18.88 18.40 15.75 10.59  K=6
  verify 2: accepted 5/5 (K=6) + correction -> +6 tokens (186.1 ms)  cpos=1155

[spec] generated 12 tokens over 2 verifies: mean tokens/verify = 6.00 (block=5, max 6)
[spec] tokens: 4031 4105 1926 16 2275 270 3967 20407 1234 2924 28 9352
[spec] SPEC-DECODE: 31.0 ms/tok = 32.25 tok/s  (vs base M=1 70.5 ms/tok = 14.19 tok/s -> 2.27x)
[decode] PREFILL: 1476 positions in 23947.9 ms = 61.6 tok/s (16.225 ms/tok)
[capture] wrote /home/patrickd/s5-capture/agentic-p25-b0.1/c4/cap/shard_p45_s001476.dspc  1476 tok x (3 taps + 1 lm_in) x 4096 = 46.1 MB (32.0 KB/tok)
[probe] wrote 16 draft probes (block=5) to /home/patrickd/s5-capture/agentic-p25-b0.1/c4/cap/drafts_p45_s001476.txt
[spec] decoding 8 tokens (block=5, draft passes=1, adaptK=1.50, prompt=45 s=1477)...
  [margins] 14.09 13.00 9.04 13.30 9.09  K=6
  verify 1: accepted 5/5 (K=6) + correction -> +6 tokens (177.6 ms)  cpos=1482
  [margins] 9.53 15.73 11.98 19.03 14.07  K=6
  verify 2: accepted 5/5 (K=6) + correction -> +6 tokens (178.3 ms)  cpos=1488

[spec] generated 12 tokens over 2 verifies: mean tokens/verify = 6.00 (block=5, max 6)
[spec] tokens: 9045 295 270 8786 4167 16 455 3287 2231 366 9045 295
[spec] SPEC-DECODE: 29.7 ms/tok = 33.66 tok/s  (vs base M=1 70.5 ms/tok = 14.19 tok/s -> 2.37x)
[decode] PREFILL: 1072 positions in 17211.5 ms = 62.3 tok/s (16.055 ms/tok)
[capture] wrote /home/patrickd/s5-capture/agentic-p25-b0.1/c4/cap/shard_p46_s001072.dspc  1072 tok x (3 taps + 1 lm_in) x 4096 = 33.5 MB (32.0 KB/tok)
[probe] wrote 16 draft probes (block=5) to /home/patrickd/s5-capture/agentic-p25-b0.1/c4/cap/drafts_p46_s001072.txt
[spec] decoding 8 tokens (block=5, draft passes=1, adaptK=1.50, prompt=46 s=1073)...
  [margins] 13.17 8.48 14.57 14.69 10.08  K=6
  verify 1: accepted 5/5 (K=6) + correction -> +6 tokens (169.9 ms)  cpos=1078
  [margins] 10.24 7.63 6.72 10.25 9.84  K=6
  verify 2: accepted 5/5 (K=6) + correction -> +6 tokens (173.4 ms)  cpos=1084

[spec] generated 12 tokens over 2 verifies: mean tokens/verify = 6.00 (block=5, max 6)
[spec] tokens: 15750 979 37 79804 9431 271 12602 699 44134 362 8507 11845
[spec] SPEC-DECODE: 28.9 ms/tok = 34.61 tok/s  (vs base M=1 70.5 ms/tok = 14.19 tok/s -> 2.44x)
[decode] PREFILL: 1161 positions in 18711.5 ms = 62.0 tok/s (16.117 ms/tok)
[capture] wrote /home/patrickd/s5-capture/agentic-p25-b0.1/c4/cap/shard_p47_s001161.dspc  1161 tok x (3 taps + 1 lm_in) x 4096 = 36.3 MB (32.0 KB/tok)
[probe] wrote 16 draft probes (block=5) to /home/patrickd/s5-capture/agentic-p25-b0.1/c4/cap/drafts_p47_s001161.txt
[spec] decoding 8 tokens (block=5, draft passes=1, adaptK=1.50, prompt=47 s=1162)...
  [margins] 7.98 11.33 7.66 11.28 7.10  K=6
  verify 1: accepted 5/5 (K=6) + correction -> +6 tokens (167.1 ms)  cpos=1167
  [margins] 7.19 10.43 7.41 11.17 6.79  K=6
  verify 2: accepted 5/5 (K=6) + correction -> +6 tokens (169.1 ms)  cpos=1173

[spec] generated 12 tokens over 2 verifies: mean tokens/verify = 6.00 (block=5, max 6)
[spec] tokens: 16 30750 16 30750 16 30750 16 30750 16 30750 16 30750
[spec] SPEC-DECODE: 28.2 ms/tok = 35.48 tok/s  (vs base M=1 70.5 ms/tok = 14.19 tok/s -> 2.50x)
[decode] PREFILL: 1082 positions in 17390.6 ms = 62.2 tok/s (16.073 ms/tok)
[capture] wrote /home/patrickd/s5-capture/agentic-p25-b0.1/c4/cap/shard_p48_s001082.dspc  1082 tok x (3 taps + 1 lm_in) x 4096 = 33.8 MB (32.0 KB/tok)
[probe] wrote 16 draft probes (block=5) to /home/patrickd/s5-capture/agentic-p25-b0.1/c4/cap/drafts_p48_s001082.txt
[spec] decoding 8 tokens (block=5, draft passes=1, adaptK=1.50, prompt=48 s=1083)...
  [margins] 4.76 5.54 0.92 2.76 3.93  K=3
  verify 1: accepted 0/2 (K=3) + correction -> +1 tokens (128.8 ms)  cpos=1083
  [margins] 17.59 7.21 9.84 13.74 6.44  K=6
  verify 2: accepted 5/5 (K=6) + correction -> +6 tokens (174.1 ms)  cpos=1089
  [margins] 13.68 14.98 14.16 15.60 11.14  K=6
  verify 3: accepted 5/5 (K=6) + correction -> +6 tokens (170.2 ms)  cpos=1095

[spec] generated 13 tokens over 3 verifies: mean tokens/verify = 4.33 (block=5, max 6)
[spec] tokens: 82 29 8041 554 5238 270 26639 412 260 4181 5603 16 4147
[spec] SPEC-DECODE: 28.7 ms/tok = 34.85 tok/s  (vs base M=1 70.5 ms/tok = 14.19 tok/s -> 2.46x)
[decode] PREFILL: 1039 positions in 16671.5 ms = 62.3 tok/s (16.046 ms/tok)
[capture] wrote /home/patrickd/s5-capture/agentic-p25-b0.1/c4/cap/shard_p49_s001039.dspc  1039 tok x (3 taps + 1 lm_in) x 4096 = 32.5 MB (32.0 KB/tok)
[probe] wrote 16 draft probes (block=5) to /home/patrickd/s5-capture/agentic-p25-b0.1/c4/cap/drafts_p49_s001039.txt
[spec] decoding 8 tokens (block=5, draft passes=1, adaptK=1.50, prompt=49 s=1040)...
  [margins] 18.01 18.04 9.92 18.62 7.16  K=6
  verify 1: accepted 5/5 (K=6) + correction -> +6 tokens (172.7 ms)  cpos=1045
  [margins] 13.68 18.55 5.17 3.88 8.91  K=6
  verify 2: accepted 5/5 (K=6) + correction -> +6 tokens (162.1 ms)  cpos=1051

[spec] generated 12 tokens over 2 verifies: mean tokens/verify = 6.00 (block=5, max 6)
[spec] tokens: 79 48 18 81 50 20 83 52 22 85 54 24
[spec] SPEC-DECODE: 27.0 ms/tok = 37.02 tok/s  (vs base M=1 70.5 ms/tok = 14.19 tok/s -> 2.61x)
[decode] PREFILL: 1476 positions in 23958.8 ms = 61.6 tok/s (16.232 ms/tok)
[capture] wrote /home/patrickd/s5-capture/agentic-p25-b0.1/c4/cap/shard_p50_s001476.dspc  1476 tok x (3 taps + 1 lm_in) x 4096 = 46.1 MB (32.0 KB/tok)
[probe] wrote 16 draft probes (block=5) to /home/patrickd/s5-capture/agentic-p25-b0.1/c4/cap/drafts_p50_s001476.txt
[spec] decoding 8 tokens (block=5, draft passes=1, adaptK=1.50, prompt=50 s=1477)...
  [margins] 18.42 10.70 17.08 13.63 10.02  K=6
  verify 1: accepted 5/5 (K=6) + correction -> +6 tokens (178.6 ms)  cpos=1482
  [margins] 27.71 14.83 14.61 11.79 6.98  K=6
  verify 2: accepted 5/5 (K=6) + correction -> +6 tokens (176.8 ms)  cpos=1488

[spec] generated 12 tokens over 2 verifies: mean tokens/verify = 6.00 (block=5, max 6)
[spec] tokens: 46334 734 2329 28 19737 23716 68 2143 17475 39057 734 30205
[spec] SPEC-DECODE: 29.5 ms/tok = 33.94 tok/s  (vs base M=1 70.5 ms/tok = 14.19 tok/s -> 2.39x)
[decode] PREFILL: 1221 positions in 19698.8 ms = 62.0 tok/s (16.133 ms/tok)
[capture] wrote /home/patrickd/s5-capture/agentic-p25-b0.1/c4/cap/shard_p51_s001221.dspc  1221 tok x (3 taps + 1 lm_in) x 4096 = 38.2 MB (32.0 KB/tok)
[probe] wrote 16 draft probes (block=5) to /home/patrickd/s5-capture/agentic-p25-b0.1/c4/cap/drafts_p51_s001221.txt
[spec] decoding 8 tokens (block=5, draft passes=1, adaptK=1.50, prompt=51 s=1222)...
  [margins] 10.06 0.09 0.23 1.70 4.67  K=2
  verify 1: accepted 1/1 (K=2) + correction -> +2 tokens (109.1 ms)  cpos=1223
  [margins] 0.09 3.08 0.10 1.92 4.11  K=3
  verify 2: accepted 0/2 (K=3) + correction -> +1 tokens (120.9 ms)  cpos=1224
  [margins] 8.27 3.57 0.14 1.53 1.83  K=3
  verify 3: accepted 2/2 (K=3) + correction -> +3 tokens (118.9 ms)  cpos=1227
  [margins] 0.56 0.89 5.00 1.24 4.03  K=2
  verify 4: accepted 0/1 (K=2) + correction -> +1 tokens (109.9 ms)  cpos=1228
  [margins] 8.61 5.52 6.24 1.41 5.13  K=4
  verify 5: accepted 3/3 (K=4) + correction -> +4 tokens (136.9 ms)  cpos=1232

[spec] generated 11 tokens over 5 verifies: mean tokens/verify = 2.20 (block=5, max 6)
[spec] tokens: 1047 3946 76258 14 3047 260 6099 8909 4090 16 334
[spec] SPEC-DECODE: 54.1 ms/tok = 18.50 tok/s  (vs base M=1 70.5 ms/tok = 14.19 tok/s -> 1.30x)
[decode] PREFILL: 1148 positions in 18463.7 ms = 62.2 tok/s (16.083 ms/tok)
[capture] wrote /home/patrickd/s5-capture/agentic-p25-b0.1/c4/cap/shard_p52_s001148.dspc  1148 tok x (3 taps + 1 lm_in) x 4096 = 35.9 MB (32.0 KB/tok)
[probe] wrote 16 draft probes (block=5) to /home/patrickd/s5-capture/agentic-p25-b0.1/c4/cap/drafts_p52_s001148.txt
[spec] decoding 8 tokens (block=5, draft passes=1, adaptK=1.50, prompt=52 s=1149)...
  [margins] 11.67 14.68 12.48 3.00 10.84  K=6
  verify 1: accepted 5/5 (K=6) + correction -> +6 tokens (190.7 ms)  cpos=1154
  [margins] 12.51 10.82 10.76 13.21 12.40  K=6
  verify 2: accepted 5/5 (K=6) + correction -> +6 tokens (178.6 ms)  cpos=1160

[spec] generated 12 tokens over 2 verifies: mean tokens/verify = 6.00 (block=5, max 6)
[spec] tokens: 14 790 468 344 554 260 45860 16 1166 515 260 66426
[spec] SPEC-DECODE: 29.8 ms/tok = 33.60 tok/s  (vs base M=1 70.5 ms/tok = 14.19 tok/s -> 2.37x)
[decode] PREFILL: 1047 positions in 16803.1 ms = 62.3 tok/s (16.049 ms/tok)
[capture] wrote /home/patrickd/s5-capture/agentic-p25-b0.1/c4/cap/shard_p53_s001047.dspc  1047 tok x (3 taps + 1 lm_in) x 4096 = 32.7 MB (32.0 KB/tok)
[probe] wrote 16 draft probes (block=5) to /home/patrickd/s5-capture/agentic-p25-b0.1/c4/cap/drafts_p53_s001047.txt
[spec] decoding 8 tokens (block=5, draft passes=1, adaptK=1.50, prompt=53 s=1048)...
  [margins] 13.96 16.76 17.37 23.21 13.62  K=6
  verify 1: accepted 5/5 (K=6) + correction -> +6 tokens (179.8 ms)  cpos=1053
  [margins] 11.32 11.68 13.77 12.37 14.59  K=6
  verify 2: accepted 5/5 (K=6) + correction -> +6 tokens (167.9 ms)  cpos=1059

[spec] generated 12 tokens over 2 verifies: mean tokens/verify = 6.00 (block=5, max 6)
[spec] tokens: 16 94747 63581 638 50 60 16 11356 3653 16 94747 63581
[spec] SPEC-DECODE: 28.0 ms/tok = 35.74 tok/s  (vs base M=1 70.5 ms/tok = 14.19 tok/s -> 2.52x)
[decode] PREFILL: 1039 positions in 16660.8 ms = 62.4 tok/s (16.035 ms/tok)
[capture] wrote /home/patrickd/s5-capture/agentic-p25-b0.1/c4/cap/shard_p54_s001039.dspc  1039 tok x (3 taps + 1 lm_in) x 4096 = 32.5 MB (32.0 KB/tok)
[probe] wrote 16 draft probes (block=5) to /home/patrickd/s5-capture/agentic-p25-b0.1/c4/cap/drafts_p54_s001039.txt
[spec] decoding 8 tokens (block=5, draft passes=1, adaptK=1.50, prompt=54 s=1040)...
  [margins] 18.40 14.18 12.71 15.87 14.07  K=6
  verify 1: accepted 5/5 (K=6) + correction -> +6 tokens (177.5 ms)  cpos=1045
  [margins] 16.78 12.50 8.75 15.30 11.22  K=6
  verify 2: accepted 5/5 (K=6) + correction -> +6 tokens (166.3 ms)  cpos=1051

[spec] generated 12 tokens over 2 verifies: mean tokens/verify = 6.00 (block=5, max 6)
[spec] tokens: 201 81 19222 201 81 19978 201 81 14461 201 81 17922
[spec] SPEC-DECODE: 27.7 ms/tok = 36.07 tok/s  (vs base M=1 70.5 ms/tok = 14.19 tok/s -> 2.54x)
[decode] PREFILL: 1061 positions in 17048.1 ms = 62.2 tok/s (16.068 ms/tok)
[capture] wrote /home/patrickd/s5-capture/agentic-p25-b0.1/c4/cap/shard_p55_s001061.dspc  1061 tok x (3 taps + 1 lm_in) x 4096 = 33.2 MB (32.0 KB/tok)
[probe] wrote 16 draft probes (block=5) to /home/patrickd/s5-capture/agentic-p25-b0.1/c4/cap/drafts_p55_s001061.txt
[spec] decoding 8 tokens (block=5, draft passes=1, adaptK=1.50, prompt=55 s=1062)...
  [margins] 10.39 13.90 16.00 8.97 12.23  K=6
  verify 1: accepted 5/5 (K=6) + correction -> +6 tokens (164.4 ms)  cpos=1067
  [margins] 11.15 14.57 16.25 9.78 12.86  K=6
  verify 2: accepted 5/5 (K=6) + correction -> +6 tokens (164.9 ms)  cpos=1073

[spec] generated 12 tokens over 2 verifies: mean tokens/verify = 6.00 (block=5, max 6)
[spec] tokens: 16 16374 88 16 16374 88 16 16374 88 16 16374 88
[spec] SPEC-DECODE: 27.5 ms/tok = 36.38 tok/s  (vs base M=1 70.5 ms/tok = 14.19 tok/s -> 2.56x)
[decode] PREFILL: 1442 positions in 23377.5 ms = 61.7 tok/s (16.212 ms/tok)
[capture] wrote /home/patrickd/s5-capture/agentic-p25-b0.1/c4/cap/shard_p56_s001442.dspc  1442 tok x (3 taps + 1 lm_in) x 4096 = 45.1 MB (32.0 KB/tok)
[probe] wrote 16 draft probes (block=5) to /home/patrickd/s5-capture/agentic-p25-b0.1/c4/cap/drafts_p56_s001442.txt
[spec] decoding 8 tokens (block=5, draft passes=1, adaptK=1.50, prompt=56 s=1443)...
  [margins] 14.55 11.89 16.14 10.50 10.31  K=6
  verify 1: accepted 5/5 (K=6) + correction -> +6 tokens (186.4 ms)  cpos=1448
  [margins] 15.36 9.36 8.43 11.54 3.65  K=6
  verify 2: accepted 5/5 (K=6) + correction -> +6 tokens (174.7 ms)  cpos=1454

[spec] generated 12 tokens over 2 verifies: mean tokens/verify = 6.00 (block=5, max 6)
[spec] tokens: 23816 44211 7574 16 455 7502 25526 23554 270 62854 304 1009
[spec] SPEC-DECODE: 29.1 ms/tok = 34.34 tok/s  (vs base M=1 70.5 ms/tok = 14.19 tok/s -> 2.42x)
[decode] PREFILL: 1062 positions in 17071.1 ms = 62.2 tok/s (16.074 ms/tok)
[capture] wrote /home/patrickd/s5-capture/agentic-p25-b0.1/c4/cap/shard_p57_s001062.dspc  1062 tok x (3 taps + 1 lm_in) x 4096 = 33.2 MB (32.0 KB/tok)
[probe] wrote 16 draft probes (block=5) to /home/patrickd/s5-capture/agentic-p25-b0.1/c4/cap/drafts_p57_s001062.txt
[spec] decoding 8 tokens (block=5, draft passes=1, adaptK=1.50, prompt=57 s=1063)...
  [margins] 17.10 7.67 6.93 0.16 1.60  K=4
  verify 1: accepted 3/3 (K=4) + correction -> +4 tokens (142.5 ms)  cpos=1066
  [margins] 21.77 10.99 3.05 4.94 1.67  K=6
  verify 2: accepted 4/5 (K=6) + correction -> +5 tokens (173.4 ms)  cpos=1071

[spec] generated 9 tokens over 2 verifies: mean tokens/verify = 4.50 (block=5, max 6)
[spec] tokens: 81 295 270 4813 3287 33 2709 10796 342
[spec] SPEC-DECODE: 34.7 ms/tok = 28.83 tok/s  (vs base M=1 70.5 ms/tok = 14.19 tok/s -> 2.03x)
[decode] PREFILL: 1037 positions in 16646.7 ms = 62.3 tok/s (16.053 ms/tok)
[capture] wrote /home/patrickd/s5-capture/agentic-p25-b0.1/c4/cap/shard_p58_s001037.dspc  1037 tok x (3 taps + 1 lm_in) x 4096 = 32.4 MB (32.0 KB/tok)
[probe] wrote 16 draft probes (block=5) to /home/patrickd/s5-capture/agentic-p25-b0.1/c4/cap/drafts_p58_s001037.txt
[spec] decoding 8 tokens (block=5, draft passes=1, adaptK=1.50, prompt=58 s=1038)...
  [margins] 0.58 0.16 4.86 0.64 1.30  K=2
  verify 1: accepted 0/1 (K=2) + correction -> +1 tokens (109.4 ms)  cpos=1038
  [margins] 2.77 3.76 9.78 1.62 0.33  K=5
  verify 2: accepted 3/4 (K=5) + correction -> +4 tokens (150.8 ms)  cpos=1042
  [margins] 12.31 1.75 5.42 2.73 3.73  K=6
  verify 3: accepted 1/5 (K=6) + correction -> +2 tokens (176.6 ms)  cpos=1044
  [margins] 0.06 6.39 2.47 3.17 3.80  K=6
  verify 4: accepted 0/5 (K=6) + correction -> +1 tokens (170.8 ms)  cpos=1045

[spec] generated 8 tokens over 4 verifies: mean tokens/verify = 2.00 (block=5, max 6)
[spec] tokens: 943 270 3967 734 5115 4134 469 3217
[spec] SPEC-DECODE: 71.2 ms/tok = 14.05 tok/s  (vs base M=1 70.5 ms/tok = 14.19 tok/s -> 0.99x)
[decode] PREFILL: 1186 positions in 19126.0 ms = 62.0 tok/s (16.126 ms/tok)
[capture] wrote /home/patrickd/s5-capture/agentic-p25-b0.1/c4/cap/shard_p59_s001186.dspc  1186 tok x (3 taps + 1 lm_in) x 4096 = 37.1 MB (32.0 KB/tok)
[probe] wrote 16 draft probes (block=5) to /home/patrickd/s5-capture/agentic-p25-b0.1/c4/cap/drafts_p59_s001186.txt
[spec] decoding 8 tokens (block=5, draft passes=1, adaptK=1.50, prompt=59 s=1187)...
  [margins] 9.86 10.18 11.44 13.18 12.23  K=6
  verify 1: accepted 5/5 (K=6) + correction -> +6 tokens (178.2 ms)  cpos=1192
  [margins] 11.92 16.00 10.96 4.14 14.61  K=6
  verify 2: accepted 5/5 (K=6) + correction -> +6 tokens (170.0 ms)  cpos=1198

[spec] generated 12 tokens over 2 verifies: mean tokens/verify = 6.00 (block=5, max 6)
[spec] tokens: 3721 440 4575 678 995 20142 270 7076 295 270 6614 2755
[spec] SPEC-DECODE: 28.3 ms/tok = 35.29 tok/s  (vs base M=1 70.5 ms/tok = 14.19 tok/s -> 2.49x)
[decode] PREFILL: 1110 positions in 17838.1 ms = 62.2 tok/s (16.070 ms/tok)
[capture] wrote /home/patrickd/s5-capture/agentic-p25-b0.1/c4/cap/shard_p60_s001110.dspc  1110 tok x (3 taps + 1 lm_in) x 4096 = 34.7 MB (32.0 KB/tok)
[probe] wrote 16 draft probes (block=5) to /home/patrickd/s5-capture/agentic-p25-b0.1/c4/cap/drafts_p60_s001110.txt
[spec] decoding 8 tokens (block=5, draft passes=1, adaptK=1.50, prompt=60 s=1111)...
  [margins] 9.97 13.62 10.14 13.88 8.56  K=6
  verify 1: accepted 5/5 (K=6) + correction -> +6 tokens (171.7 ms)  cpos=1116
  [margins] 9.93 13.71 9.98 14.37 8.45  K=6
  verify 2: accepted 5/5 (K=6) + correction -> +6 tokens (160.7 ms)  cpos=1122

[spec] generated 12 tokens over 2 verifies: mean tokens/verify = 6.00 (block=5, max 6)
[spec] tokens: 16 70404 16 70404 16 70404 16 70404 16 70404 16 70404
[spec] SPEC-DECODE: 26.8 ms/tok = 37.33 tok/s  (vs base M=1 70.5 ms/tok = 14.19 tok/s -> 2.63x)
[decode] PREFILL: 1591 positions in 25908.1 ms = 61.4 tok/s (16.284 ms/tok)
[capture] wrote /home/patrickd/s5-capture/agentic-p25-b0.1/c4/cap/shard_p61_s001591.dspc  1591 tok x (3 taps + 1 lm_in) x 4096 = 49.7 MB (32.0 KB/tok)
[probe] wrote 16 draft probes (block=5) to /home/patrickd/s5-capture/agentic-p25-b0.1/c4/cap/drafts_p61_s001591.txt
[spec] decoding 8 tokens (block=5, draft passes=1, adaptK=1.50, prompt=61 s=1592)...
  [margins] 12.54 18.11 6.57 12.87 12.96  K=6
  verify 1: accepted 5/5 (K=6) + correction -> +6 tokens (179.4 ms)  cpos=1597
  [margins] 11.79 17.01 6.60 13.21 13.01  K=6
  verify 2: accepted 5/5 (K=6) + correction -> +6 tokens (166.0 ms)  cpos=1603

[spec] generated 12 tokens over 2 verifies: mean tokens/verify = 6.00 (block=5, max 6)
[spec] tokens: 11628 86 16 11628 86 16 11628 86 16 11628 86 16
[spec] SPEC-DECODE: 27.7 ms/tok = 36.14 tok/s  (vs base M=1 70.5 ms/tok = 14.19 tok/s -> 2.55x)
[decode] PREFILL: 1227 positions in 19777.9 ms = 62.0 tok/s (16.119 ms/tok)
[capture] wrote /home/patrickd/s5-capture/agentic-p25-b0.1/c4/cap/shard_p62_s001227.dspc  1227 tok x (3 taps + 1 lm_in) x 4096 = 38.3 MB (32.0 KB/tok)
[probe] wrote 16 draft probes (block=5) to /home/patrickd/s5-capture/agentic-p25-b0.1/c4/cap/drafts_p62_s001227.txt
[spec] decoding 8 tokens (block=5, draft passes=1, adaptK=1.50, prompt=62 s=1228)...
  [margins] 15.25 8.57 10.37 12.34 4.06  K=6
  verify 1: accepted 5/5 (K=6) + correction -> +6 tokens (176.3 ms)  cpos=1233
  [margins] 13.40 10.37 10.83 12.64 5.52  K=6
  verify 2: accepted 5/5 (K=6) + correction -> +6 tokens (162.3 ms)  cpos=1239

[spec] generated 12 tokens over 2 verifies: mean tokens/verify = 6.00 (block=5, max 6)
[spec] tokens: 82 29 16 82 29 16 82 29 16 82 29 16
[spec] SPEC-DECODE: 27.1 ms/tok = 36.96 tok/s  (vs base M=1 70.5 ms/tok = 14.19 tok/s -> 2.60x)
[decode] PREFILL: 1435 positions in 23257.0 ms = 61.7 tok/s (16.207 ms/tok)
[capture] wrote /home/patrickd/s5-capture/agentic-p25-b0.1/c4/cap/shard_p63_s001435.dspc  1435 tok x (3 taps + 1 lm_in) x 4096 = 44.8 MB (32.0 KB/tok)
[probe] wrote 16 draft probes (block=5) to /home/patrickd/s5-capture/agentic-p25-b0.1/c4/cap/drafts_p63_s001435.txt
[spec] decoding 8 tokens (block=5, draft passes=1, adaptK=1.50, prompt=63 s=1436)...
  [margins] 18.03 17.49 17.49 14.69 15.11  K=6
  verify 1: accepted 5/5 (K=6) + correction -> +6 tokens (182.0 ms)  cpos=1441
  [margins] 17.41 15.23 16.60 11.21 11.65  K=6
  verify 2: accepted 5/5 (K=6) + correction -> +6 tokens (170.5 ms)  cpos=1447

[spec] generated 12 tokens over 2 verifies: mean tokens/verify = 6.00 (block=5, max 6)
[spec] tokens: 305 270 14108 1918 554 3052 260 4521 3287 16 8427 14
[spec] SPEC-DECODE: 28.4 ms/tok = 35.19 tok/s  (vs base M=1 70.5 ms/tok = 14.19 tok/s -> 2.48x)
[decode] PREFILL: 1174 positions in 18935.9 ms = 62.0 tok/s (16.129 ms/tok)
[capture] wrote /home/patrickd/s5-capture/agentic-p25-b0.1/c4/cap/shard_p64_s001174.dspc  1174 tok x (3 taps + 1 lm_in) x 4096 = 36.7 MB (32.0 KB/tok)
[probe] wrote 16 draft probes (block=5) to /home/patrickd/s5-capture/agentic-p25-b0.1/c4/cap/drafts_p64_s001174.txt
[spec] decoding 8 tokens (block=5, draft passes=1, adaptK=1.50, prompt=64 s=1175)...
  [margins] 12.52 15.84 1.95 0.05 0.75  K=4
  verify 1: accepted 3/3 (K=4) + correction -> +4 tokens (143.6 ms)  cpos=1178
  [margins] 16.40 8.50 9.20 0.70 3.97  K=4
  verify 2: accepted 3/3 (K=4) + correction -> +4 tokens (142.1 ms)  cpos=1182

[spec] generated 8 tokens over 2 verifies: mean tokens/verify = 4.00 (block=5, max 6)
[spec] tokens: 270 54203 377 7722 8012 67161 14 270
[spec] SPEC-DECODE: 35.5 ms/tok = 28.14 tok/s  (vs base M=1 70.5 ms/tok = 14.19 tok/s -> 1.98x)
[decode] PREFILL: 1077 positions in 17321.3 ms = 62.2 tok/s (16.083 ms/tok)
[capture] wrote /home/patrickd/s5-capture/agentic-p25-b0.1/c4/cap/shard_p65_s001077.dspc  1077 tok x (3 taps + 1 lm_in) x 4096 = 33.7 MB (32.0 KB/tok)
[probe] wrote 16 draft probes (block=5) to /home/patrickd/s5-capture/agentic-p25-b0.1/c4/cap/drafts_p65_s001077.txt
[spec] decoding 8 tokens (block=5, draft passes=1, adaptK=1.50, prompt=65 s=1078)...
  [margins] 12.66 12.75 16.81 6.23 4.29  K=6
  verify 1: accepted 5/5 (K=6) + correction -> +6 tokens (173.6 ms)  cpos=1083
  [margins] 16.15 16.68 15.41 18.27 11.14  K=6
  verify 2: accepted 5/5 (K=6) + correction -> +6 tokens (175.9 ms)  cpos=1089

[spec] generated 12 tokens over 2 verifies: mean tokens/verify = 6.00 (block=5, max 6)
[spec] tokens: 3305 455 3417 344 28 582 3085 1014 344 436 11859 455
[spec] SPEC-DECODE: 29.3 ms/tok = 34.11 tok/s  (vs base M=1 70.5 ms/tok = 14.19 tok/s -> 2.40x)
[decode] PREFILL: 1343 positions in 21701.6 ms = 61.9 tok/s (16.159 ms/tok)
[capture] wrote /home/patrickd/s5-capture/agentic-p25-b0.1/c4/cap/shard_p66_s001343.dspc  1343 tok x (3 taps + 1 lm_in) x 4096 = 42.0 MB (32.0 KB/tok)
[probe] wrote 16 draft probes (block=5) to /home/patrickd/s5-capture/agentic-p25-b0.1/c4/cap/drafts_p66_s001343.txt
[spec] decoding 8 tokens (block=5, draft passes=1, adaptK=1.50, prompt=66 s=1344)...
  [margins] 16.78 11.25 12.16 8.82 12.96  K=6
  verify 1: accepted 5/5 (K=6) + correction -> +6 tokens (184.3 ms)  cpos=1349
  [margins] 18.97 10.20 11.28 15.51 13.71  K=6
  verify 2: accepted 5/5 (K=6) + correction -> +6 tokens (175.3 ms)  cpos=1355

[spec] generated 12 tokens over 2 verifies: mean tokens/verify = 6.00 (block=5, max 6)
[spec] tokens: 7391 270 5554 304 366 24216 1257 16 43792 282 38254 11714
[spec] SPEC-DECODE: 29.2 ms/tok = 34.22 tok/s  (vs base M=1 70.5 ms/tok = 14.19 tok/s -> 2.41x)
[decode] PREFILL: 1077 positions in 17308.3 ms = 62.2 tok/s (16.071 ms/tok)
[capture] wrote /home/patrickd/s5-capture/agentic-p25-b0.1/c4/cap/shard_p67_s001077.dspc  1077 tok x (3 taps + 1 lm_in) x 4096 = 33.7 MB (32.0 KB/tok)
[probe] wrote 16 draft probes (block=5) to /home/patrickd/s5-capture/agentic-p25-b0.1/c4/cap/drafts_p67_s001077.txt
[spec] decoding 8 tokens (block=5, draft passes=1, adaptK=1.50, prompt=67 s=1078)...
  [margins] 11.75 14.66 15.56 13.46 10.22  K=6
  verify 1: accepted 5/5 (K=6) + correction -> +6 tokens (171.0 ms)  cpos=1083
  [margins] 12.54 11.71 12.47 14.95 8.73  K=6
  verify 2: accepted 5/5 (K=6) + correction -> +6 tokens (172.4 ms)  cpos=1089

[spec] generated 12 tokens over 2 verifies: mean tokens/verify = 6.00 (block=5, max 6)
[spec] tokens: 270 68936 18235 16 455 22538 294 13810 20019 344 260 892
[spec] SPEC-DECODE: 28.7 ms/tok = 34.81 tok/s  (vs base M=1 70.5 ms/tok = 14.19 tok/s -> 2.45x)
[decode] PREFILL: 1747 positions in 28571.6 ms = 61.1 tok/s (16.355 ms/tok)
[capture] wrote /home/patrickd/s5-capture/agentic-p25-b0.1/c4/cap/shard_p68_s001747.dspc  1747 tok x (3 taps + 1 lm_in) x 4096 = 54.6 MB (32.0 KB/tok)
[probe] wrote 16 draft probes (block=5) to /home/patrickd/s5-capture/agentic-p25-b0.1/c4/cap/drafts_p68_s001747.txt
[spec] decoding 8 tokens (block=5, draft passes=1, adaptK=1.50, prompt=68 s=1748)...
  [margins] 10.92 10.27 11.86 10.13 12.49  K=6
  verify 1: accepted 5/5 (K=6) + correction -> +6 tokens (178.4 ms)  cpos=1753
  [margins] 12.96 10.98 13.34 11.51 12.82  K=6
  verify 2: accepted 5/5 (K=6) + correction -> +6 tokens (168.7 ms)  cpos=1759

[spec] generated 12 tokens over 2 verifies: mean tokens/verify = 6.00 (block=5, max 6)
[spec] tokens: 16 3432 16 3432 16 3432 16 3432 16 3432 16 3432
[spec] SPEC-DECODE: 28.1 ms/tok = 35.58 tok/s  (vs base M=1 70.5 ms/tok = 14.19 tok/s -> 2.51x)
[decode] PREFILL: 1039 positions in 16670.6 ms = 62.3 tok/s (16.045 ms/tok)
[capture] wrote /home/patrickd/s5-capture/agentic-p25-b0.1/c4/cap/shard_p69_s001039.dspc  1039 tok x (3 taps + 1 lm_in) x 4096 = 32.5 MB (32.0 KB/tok)
[probe] wrote 16 draft probes (block=5) to /home/patrickd/s5-capture/agentic-p25-b0.1/c4/cap/drafts_p69_s001039.txt
[spec] decoding 8 tokens (block=5, draft passes=1, adaptK=1.50, prompt=69 s=1040)...
  [margins] 19.50 19.00 0.26 3.31 2.68  K=3
  verify 1: accepted 2/2 (K=3) + correction -> +3 tokens (128.1 ms)  cpos=1042
  [margins] 13.77 2.58 3.06 2.36 5.42  K=6
  verify 2: accepted 2/5 (K=6) + correction -> +3 tokens (176.0 ms)  cpos=1045
  [margins] 15.24 10.09 14.13 10.38 9.94  K=6
  verify 3: accepted 5/5 (K=6) + correction -> +6 tokens (171.0 ms)  cpos=1051

[spec] generated 12 tokens over 3 verifies: mean tokens/verify = 4.00 (block=5, max 6)
[spec] tokens: 59215 5081 83707 469 314 54652 83707 201 6152 16 334 2339
[spec] SPEC-DECODE: 38.6 ms/tok = 25.94 tok/s  (vs base M=1 70.5 ms/tok = 14.19 tok/s -> 1.83x)
[decode] PREFILL: 1086 positions in 17444.5 ms = 62.3 tok/s (16.063 ms/tok)
[capture] wrote /home/patrickd/s5-capture/agentic-p25-b0.1/c4/cap/shard_p70_s001086.dspc  1086 tok x (3 taps + 1 lm_in) x 4096 = 33.9 MB (32.0 KB/tok)
[probe] wrote 16 draft probes (block=5) to /home/patrickd/s5-capture/agentic-p25-b0.1/c4/cap/drafts_p70_s001086.txt
[spec] decoding 8 tokens (block=5, draft passes=1, adaptK=1.50, prompt=70 s=1087)...
  [margins] 19.21 19.51 14.67 14.92 13.75  K=6
  verify 1: accepted 5/5 (K=6) + correction -> +6 tokens (179.8 ms)  cpos=1092
  [margins] 15.47 16.98 10.81 15.53 10.43  K=6
  verify 2: accepted 5/5 (K=6) + correction -> +6 tokens (170.3 ms)  cpos=1098

[spec] generated 12 tokens over 2 verifies: mean tokens/verify = 6.00 (block=5, max 6)
[spec] tokens: 5197 19 14 680 4989 20 28 1990 20 37236 362 270
[spec] SPEC-DECODE: 28.4 ms/tok = 35.24 tok/s  (vs base M=1 70.5 ms/tok = 14.19 tok/s -> 2.48x)
[decode] PREFILL: 1190 positions in 19180.5 ms = 62.0 tok/s (16.118 ms/tok)
[capture] wrote /home/patrickd/s5-capture/agentic-p25-b0.1/c4/cap/shard_p71_s001190.dspc  1190 tok x (3 taps + 1 lm_in) x 4096 = 37.2 MB (32.0 KB/tok)
[probe] wrote 16 draft probes (block=5) to /home/patrickd/s5-capture/agentic-p25-b0.1/c4/cap/drafts_p71_s001190.txt
[spec] decoding 8 tokens (block=5, draft passes=1, adaptK=1.50, prompt=71 s=1191)...
  [margins] 19.30 15.46 12.73 5.65 7.83  K=6
  verify 1: accepted 5/5 (K=6) + correction -> +6 tokens (181.0 ms)  cpos=1196
  [margins] 9.75 11.22 13.62 11.69 13.28  K=6
  verify 2: accepted 5/5 (K=6) + correction -> +6 tokens (171.1 ms)  cpos=1202

[spec] generated 12 tokens over 2 verifies: mean tokens/verify = 6.00 (block=5, max 6)
[spec] tokens: 15255 2019 418 270 1975 23643 16 455 4630 1531 366 260
[spec] SPEC-DECODE: 28.5 ms/tok = 35.07 tok/s  (vs base M=1 70.5 ms/tok = 14.19 tok/s -> 2.47x)
[decode] PREFILL: 1097 positions in 17639.8 ms = 62.2 tok/s (16.080 ms/tok)
[capture] wrote /home/patrickd/s5-capture/agentic-p25-b0.1/c4/cap/shard_p72_s001097.dspc  1097 tok x (3 taps + 1 lm_in) x 4096 = 34.3 MB (32.0 KB/tok)
[probe] wrote 16 draft probes (block=5) to /home/patrickd/s5-capture/agentic-p25-b0.1/c4/cap/drafts_p72_s001097.txt
[spec] decoding 8 tokens (block=5, draft passes=1, adaptK=1.50, prompt=72 s=1098)...
  [margins] 20.84 10.74 12.30 16.66 11.31  K=6
  verify 1: accepted 5/5 (K=6) + correction -> +6 tokens (172.2 ms)  cpos=1103
  [margins] 10.65 12.86 15.34 11.46 12.28  K=6
  verify 2: accepted 5/5 (K=6) + correction -> +6 tokens (171.6 ms)  cpos=1109

[spec] generated 12 tokens over 2 verifies: mean tokens/verify = 6.00 (block=5, max 6)
[spec] tokens: 1926 16 6688 2501 270 1926 16 6688 2501 270 1926 16
[spec] SPEC-DECODE: 28.6 ms/tok = 34.97 tok/s  (vs base M=1 70.5 ms/tok = 14.19 tok/s -> 2.46x)
[decode] PREFILL: 1595 positions in 25963.7 ms = 61.4 tok/s (16.278 ms/tok)
[capture] wrote /home/patrickd/s5-capture/agentic-p25-b0.1/c4/cap/shard_p73_s001595.dspc  1595 tok x (3 taps + 1 lm_in) x 4096 = 49.8 MB (32.0 KB/tok)
[probe] wrote 16 draft probes (block=5) to /home/patrickd/s5-capture/agentic-p25-b0.1/c4/cap/drafts_p73_s001595.txt
[spec] decoding 8 tokens (block=5, draft passes=1, adaptK=1.50, prompt=73 s=1596)...
  [margins] 13.37 15.85 11.66 12.50 12.24  K=6
  verify 1: accepted 5/5 (K=6) + correction -> +6 tokens (185.7 ms)  cpos=1601
  [margins] 15.07 14.07 12.80 19.41 4.57  K=6
  verify 2: accepted 5/5 (K=6) + correction -> +6 tokens (174.0 ms)  cpos=1607

[spec] generated 12 tokens over 2 verifies: mean tokens/verify = 6.00 (block=5, max 6)
[spec] tokens: 64924 16 63225 16 8826 284 5497 5041 699 7115 103284 106673
[spec] SPEC-DECODE: 29.0 ms/tok = 34.48 tok/s  (vs base M=1 70.5 ms/tok = 14.19 tok/s -> 2.43x)
[decode] PREFILL: 1081 positions in 17374.1 ms = 62.2 tok/s (16.072 ms/tok)
[capture] wrote /home/patrickd/s5-capture/agentic-p25-b0.1/c4/cap/shard_p74_s001081.dspc  1081 tok x (3 taps + 1 lm_in) x 4096 = 33.8 MB (32.0 KB/tok)
[probe] wrote 16 draft probes (block=5) to /home/patrickd/s5-capture/agentic-p25-b0.1/c4/cap/drafts_p74_s001081.txt
[spec] decoding 8 tokens (block=5, draft passes=1, adaptK=1.50, prompt=74 s=1082)...
  [margins] 14.51 16.60 15.92 11.69 8.93  K=6
  verify 1: accepted 5/5 (K=6) + correction -> +6 tokens (172.7 ms)  cpos=1087
  [margins] 15.66 10.98 14.67 14.46 5.25  K=6
  verify 2: accepted 5/5 (K=6) + correction -> +6 tokens (173.4 ms)  cpos=1093

[spec] generated 12 tokens over 2 verifies: mean tokens/verify = 6.00 (block=5, max 6)
[spec] tokens: 6704 588 3052 1951 943 45838 16 8427 14 1119 4105 1926
[spec] SPEC-DECODE: 28.9 ms/tok = 34.60 tok/s  (vs base M=1 70.5 ms/tok = 14.19 tok/s -> 2.44x)
[decode] PREFILL: 1088 positions in 17467.8 ms = 62.3 tok/s (16.055 ms/tok)
[capture] wrote /home/patrickd/s5-capture/agentic-p25-b0.1/c4/cap/shard_p75_s001088.dspc  1088 tok x (3 taps + 1 lm_in) x 4096 = 34.0 MB (32.0 KB/tok)
[probe] wrote 16 draft probes (block=5) to /home/patrickd/s5-capture/agentic-p25-b0.1/c4/cap/drafts_p75_s001088.txt
[spec] decoding 8 tokens (block=5, draft passes=1, adaptK=1.50, prompt=75 s=1089)...
  [margins] 11.73 8.64 10.10 4.08 9.68  K=6
  verify 1: accepted 5/5 (K=6) + correction -> +6 tokens (167.9 ms)  cpos=1094
  [margins] 11.58 8.37 9.50 4.75 7.72  K=6
  verify 2: accepted 5/5 (K=6) + correction -> +6 tokens (167.7 ms)  cpos=1100

[spec] generated 12 tokens over 2 verifies: mean tokens/verify = 6.00 (block=5, max 6)
[spec] tokens: 539 16 539 16 539 16 539 16 539 16 539 16
[spec] SPEC-DECODE: 27.9 ms/tok = 35.79 tok/s  (vs base M=1 70.5 ms/tok = 14.19 tok/s -> 2.52x)
[decode] PREFILL: 1386 positions in 22431.7 ms = 61.8 tok/s (16.184 ms/tok)
[capture] wrote /home/patrickd/s5-capture/agentic-p25-b0.1/c4/cap/shard_p76_s001386.dspc  1386 tok x (3 taps + 1 lm_in) x 4096 = 43.3 MB (32.0 KB/tok)
[probe] wrote 16 draft probes (block=5) to /home/patrickd/s5-capture/agentic-p25-b0.1/c4/cap/drafts_p76_s001386.txt
[spec] decoding 8 tokens (block=5, draft passes=1, adaptK=1.50, prompt=76 s=1387)...
  [margins] 13.01 11.67 15.02 5.81 5.23  K=6
  verify 1: accepted 5/5 (K=6) + correction -> +6 tokens (182.7 ms)  cpos=1392
  [margins] 18.79 12.87 13.57 11.95 0.14  K=5
  verify 2: accepted 4/4 (K=5) + correction -> +5 tokens (153.8 ms)  cpos=1397

[spec] generated 11 tokens over 2 verifies: mean tokens/verify = 5.50 (block=5, max 6)
[spec] tokens: 10792 304 260 12561 9917 14 21264 6532 1345 412 17450
[spec] SPEC-DECODE: 30.8 ms/tok = 32.51 tok/s  (vs base M=1 70.5 ms/tok = 14.19 tok/s -> 2.29x)
[decode] PREFILL: 1233 positions in 19903.1 ms = 62.0 tok/s (16.142 ms/tok)
[capture] wrote /home/patrickd/s5-capture/agentic-p25-b0.1/c4/cap/shard_p77_s001233.dspc  1233 tok x (3 taps + 1 lm_in) x 4096 = 38.5 MB (32.0 KB/tok)
[probe] wrote 16 draft probes (block=5) to /home/patrickd/s5-capture/agentic-p25-b0.1/c4/cap/drafts_p77_s001233.txt
[spec] decoding 8 tokens (block=5, draft passes=1, adaptK=1.50, prompt=77 s=1234)...
  [margins] 14.64 1.36 1.78 0.93 0.61  K=2
  verify 1: accepted 1/1 (K=2) + correction -> +2 tokens (108.2 ms)  cpos=1235
  [margins] 1.61 1.27 3.07 1.06 2.04  K=2
  verify 2: accepted 1/1 (K=2) + correction -> +2 tokens (109.7 ms)  cpos=1237
  [margins] 5.99 5.20 1.48 1.11 1.79  K=3
  verify 3: accepted 2/2 (K=3) + correction -> +3 tokens (122.8 ms)  cpos=1240
  [margins] 2.47 2.44 3.03 0.85 0.10  K=4
  verify 4: accepted 0/3 (K=4) + correction -> +1 tokens (136.3 ms)  cpos=1241

[spec] generated 8 tokens over 4 verifies: mean tokens/verify = 2.00 (block=5, max 6)
[spec] tokens: 40994 66 23407 294 782 12769 16 455
[spec] SPEC-DECODE: 61.5 ms/tok = 16.27 tok/s  (vs base M=1 70.5 ms/tok = 14.19 tok/s -> 1.15x)
[decode] PREFILL: 1592 positions in 25918.1 ms = 61.4 tok/s (16.280 ms/tok)
[capture] wrote /home/patrickd/s5-capture/agentic-p25-b0.1/c4/cap/shard_p78_s001592.dspc  1592 tok x (3 taps + 1 lm_in) x 4096 = 49.8 MB (32.0 KB/tok)
[probe] wrote 16 draft probes (block=5) to /home/patrickd/s5-capture/agentic-p25-b0.1/c4/cap/drafts_p78_s001592.txt
[spec] decoding 8 tokens (block=5, draft passes=1, adaptK=1.50, prompt=78 s=1593)...
  [margins] 11.44 15.27 14.95 13.01 13.79  K=6
  verify 1: accepted 5/5 (K=6) + correction -> +6 tokens (173.2 ms)  cpos=1598
  [margins] 11.94 15.22 14.46 13.60 13.82  K=6
  verify 2: accepted 5/5 (K=6) + correction -> +6 tokens (172.9 ms)  cpos=1604

[spec] generated 12 tokens over 2 verifies: mean tokens/verify = 6.00 (block=5, max 6)
[spec] tokens: 16 4617 272 16 4617 272 16 4617 272 16 4617 272
[spec] SPEC-DECODE: 28.8 ms/tok = 34.70 tok/s  (vs base M=1 70.5 ms/tok = 14.19 tok/s -> 2.45x)
[decode] PREFILL: 1072 positions in 17214.2 ms = 62.3 tok/s (16.058 ms/tok)
[capture] wrote /home/patrickd/s5-capture/agentic-p25-b0.1/c4/cap/shard_p79_s001072.dspc  1072 tok x (3 taps + 1 lm_in) x 4096 = 33.5 MB (32.0 KB/tok)
[probe] wrote 16 draft probes (block=5) to /home/patrickd/s5-capture/agentic-p25-b0.1/c4/cap/drafts_p79_s001072.txt
[spec] decoding 8 tokens (block=5, draft passes=1, adaptK=1.50, prompt=79 s=1073)...
  [margins] 18.63 21.19 19.85 11.57 10.99  K=6
  verify 1: accepted 5/5 (K=6) + correction -> +6 tokens (172.2 ms)  cpos=1078
  [margins] 15.27 14.26 12.62 13.50 13.01  K=6
  verify 2: accepted 5/5 (K=6) + correction -> +6 tokens (174.1 ms)  cpos=1084

[spec] generated 12 tokens over 2 verifies: mean tokens/verify = 6.00 (block=5, max 6)
[spec] tokens: 270 3287 344 334 339 35 5347 52605 223 19 17 23
[spec] SPEC-DECODE: 29.0 ms/tok = 34.47 tok/s  (vs base M=1 70.5 ms/tok = 14.19 tok/s -> 2.43x)
[decode] PREFILL: 1565 positions in 25453.3 ms = 61.5 tok/s (16.264 ms/tok)
[capture] wrote /home/patrickd/s5-capture/agentic-p25-b0.1/c4/cap/shard_p80_s001565.dspc  1565 tok x (3 taps + 1 lm_in) x 4096 = 48.9 MB (32.0 KB/tok)
[probe] wrote 16 draft probes (block=5) to /home/patrickd/s5-capture/agentic-p25-b0.1/c4/cap/drafts_p80_s001565.txt
[spec] decoding 8 tokens (block=5, draft passes=1, adaptK=1.50, prompt=80 s=1566)...
  [margins] 14.27 16.39 9.12 13.29 13.46  K=6
  verify 1: accepted 5/5 (K=6) + correction -> +6 tokens (175.1 ms)  cpos=1571
  [margins] 14.67 16.79 9.27 12.84 14.35  K=6
  verify 2: accepted 5/5 (K=6) + correction -> +6 tokens (171.5 ms)  cpos=1577

[spec] generated 12 tokens over 2 verifies: mean tokens/verify = 6.00 (block=5, max 6)
[spec] tokens: 11628 86 16 11628 86 16 11628 86 16 11628 86 16
[spec] SPEC-DECODE: 28.6 ms/tok = 35.00 tok/s  (vs base M=1 70.5 ms/tok = 14.19 tok/s -> 2.47x)
[decode] PREFILL: 1097 positions in 17641.3 ms = 62.2 tok/s (16.081 ms/tok)
[capture] wrote /home/patrickd/s5-capture/agentic-p25-b0.1/c4/cap/shard_p81_s001097.dspc  1097 tok x (3 taps + 1 lm_in) x 4096 = 34.3 MB (32.0 KB/tok)
[probe] wrote 16 draft probes (block=5) to /home/patrickd/s5-capture/agentic-p25-b0.1/c4/cap/drafts_p81_s001097.txt
[spec] decoding 8 tokens (block=5, draft passes=1, adaptK=1.50, prompt=81 s=1098)...
  [margins] 16.66 18.44 11.43 13.61 13.88  K=6
  verify 1: accepted 5/5 (K=6) + correction -> +6 tokens (175.3 ms)  cpos=1103
  [margins] 24.67 13.09 15.18 15.42 13.13  K=6
  verify 2: accepted 5/5 (K=6) + correction -> +6 tokens (177.8 ms)  cpos=1109

[spec] generated 12 tokens over 2 verifies: mean tokens/verify = 6.00 (block=5, max 6)
[spec] tokens: 10058 4 8321 304 4316 734 5045 16 8074 342 2090 1664
[spec] SPEC-DECODE: 29.6 ms/tok = 33.75 tok/s  (vs base M=1 70.5 ms/tok = 14.19 tok/s -> 2.38x)
[decode] PREFILL: 1044 positions in 16772.5 ms = 62.2 tok/s (16.066 ms/tok)
[capture] wrote /home/patrickd/s5-capture/agentic-p25-b0.1/c4/cap/shard_p82_s001044.dspc  1044 tok x (3 taps + 1 lm_in) x 4096 = 32.6 MB (32.0 KB/tok)
[probe] wrote 16 draft probes (block=5) to /home/patrickd/s5-capture/agentic-p25-b0.1/c4/cap/drafts_p82_s001044.txt
[spec] decoding 8 tokens (block=5, draft passes=1, adaptK=1.50, prompt=82 s=1045)...
  [margins] 10.69 12.91 15.70 17.86 6.85  K=6
  verify 1: accepted 5/5 (K=6) + correction -> +6 tokens (170.5 ms)  cpos=1050
  [margins] 9.53 14.26 15.66 15.38 15.30  K=6
  verify 2: accepted 5/5 (K=6) + correction -> +6 tokens (176.2 ms)  cpos=1056

[spec] generated 12 tokens over 2 verifies: mean tokens/verify = 6.00 (block=5, max 6)
[spec] tokens: 1004 43 5922 1928 1522 16 1004 7805 28 343 19 11
[spec] SPEC-DECODE: 29.4 ms/tok = 34.06 tok/s  (vs base M=1 70.5 ms/tok = 14.19 tok/s -> 2.40x)
[decode] PREFILL: 1083 positions in 17405.8 ms = 62.2 tok/s (16.072 ms/tok)
[capture] wrote /home/patrickd/s5-capture/agentic-p25-b0.1/c4/cap/shard_p83_s001083.dspc  1083 tok x (3 taps + 1 lm_in) x 4096 = 33.8 MB (32.0 KB/tok)
[probe] wrote 16 draft probes (block=5) to /home/patrickd/s5-capture/agentic-p25-b0.1/c4/cap/drafts_p83_s001083.txt
[spec] decoding 8 tokens (block=5, draft passes=1, adaptK=1.50, prompt=83 s=1084)...
  [margins] 17.13 10.93 16.59 6.94 3.84  K=6
  verify 1: accepted 5/5 (K=6) + correction -> +6 tokens (176.1 ms)  cpos=1089
  [margins] 17.75 15.20 18.99 21.03 12.28  K=6
  verify 2: accepted 5/5 (K=6) + correction -> +6 tokens (173.6 ms)  cpos=1095

[spec] generated 12 tokens over 2 verifies: mean tokens/verify = 6.00 (block=5, max 6)
[spec] tokens: 2619 26707 15136 18586 582 1805 96631 2701 15 2619 33182 18586
[spec] SPEC-DECODE: 28.9 ms/tok = 34.56 tok/s  (vs base M=1 70.5 ms/tok = 14.19 tok/s -> 2.44x)
[decode] PREFILL: 1181 positions in 19023.6 ms = 62.1 tok/s (16.108 ms/tok)
[capture] wrote /home/patrickd/s5-capture/agentic-p25-b0.1/c4/cap/shard_p84_s001181.dspc  1181 tok x (3 taps + 1 lm_in) x 4096 = 36.9 MB (32.0 KB/tok)
[probe] wrote 16 draft probes (block=5) to /home/patrickd/s5-capture/agentic-p25-b0.1/c4/cap/drafts_p84_s001181.txt
[spec] decoding 8 tokens (block=5, draft passes=1, adaptK=1.50, prompt=84 s=1182)...
  [margins] 16.25 14.29 14.68 12.31 8.42  K=6
  verify 1: accepted 5/5 (K=6) + correction -> +6 tokens (174.3 ms)  cpos=1187
  [margins] 6.57 7.11 5.82 3.87 4.62  K=6
  verify 2: accepted 5/5 (K=6) + correction -> +6 tokens (179.4 ms)  cpos=1193

[spec] generated 12 tokens over 2 verifies: mean tokens/verify = 6.00 (block=5, max 6)
[spec] tokens: 2019 1531 554 1347 1117 295 11968 16 223 2402 16 455
[spec] SPEC-DECODE: 29.9 ms/tok = 33.45 tok/s  (vs base M=1 70.5 ms/tok = 14.19 tok/s -> 2.36x)
[decode] PREFILL: 1523 positions in 24736.2 ms = 61.6 tok/s (16.242 ms/tok)
[capture] wrote /home/patrickd/s5-capture/agentic-p25-b0.1/c4/cap/shard_p85_s001523.dspc  1523 tok x (3 taps + 1 lm_in) x 4096 = 47.6 MB (32.0 KB/tok)
[probe] wrote 16 draft probes (block=5) to /home/patrickd/s5-capture/agentic-p25-b0.1/c4/cap/drafts_p85_s001523.txt
[spec] decoding 8 tokens (block=5, draft passes=1, adaptK=1.50, prompt=85 s=1524)...
  [margins] 16.30 11.86 15.19 13.45 12.83  K=6
  verify 1: accepted 5/5 (K=6) + correction -> +6 tokens (185.6 ms)  cpos=1529
  [margins] 20.02 16.28 6.84 11.22 7.00  K=6
  verify 2: accepted 5/5 (K=6) + correction -> +6 tokens (174.4 ms)  cpos=1535

[spec] generated 12 tokens over 2 verifies: mean tokens/verify = 6.00 (block=5, max 6)
[spec] tokens: 5604 18967 5045 344 6218 223 939 23 16 455 29116 2775
[spec] SPEC-DECODE: 29.1 ms/tok = 34.39 tok/s  (vs base M=1 70.5 ms/tok = 14.19 tok/s -> 2.42x)
[decode] PREFILL: 1042 positions in 16741.0 ms = 62.2 tok/s (16.066 ms/tok)
[capture] wrote /home/patrickd/s5-capture/agentic-p25-b0.1/c4/cap/shard_p86_s001042.dspc  1042 tok x (3 taps + 1 lm_in) x 4096 = 32.6 MB (32.0 KB/tok)
[probe] wrote 16 draft probes (block=5) to /home/patrickd/s5-capture/agentic-p25-b0.1/c4/cap/drafts_p86_s001042.txt
[spec] decoding 8 tokens (block=5, draft passes=1, adaptK=1.50, prompt=86 s=1043)...
  [margins] 11.74 13.31 14.84 19.55 10.23  K=6
  verify 1: accepted 5/5 (K=6) + correction -> +6 tokens (175.5 ms)  cpos=1048
  [margins] 14.30 16.96 20.60 10.72 2.58  K=6
  verify 2: accepted 5/5 (K=6) + correction -> +6 tokens (163.8 ms)  cpos=1054

[spec] generated 12 tokens over 2 verifies: mean tokens/verify = 6.00 (block=5, max 6)
[spec] tokens: 30750 16 17125 1836 16 30750 16 17125 1836 16 30750 16
[spec] SPEC-DECODE: 27.3 ms/tok = 36.64 tok/s  (vs base M=1 70.5 ms/tok = 14.19 tok/s -> 2.58x)
[decode] PREFILL: 1044 positions in 16775.2 ms = 62.2 tok/s (16.068 ms/tok)
[capture] wrote /home/patrickd/s5-capture/agentic-p25-b0.1/c4/cap/shard_p87_s001044.dspc  1044 tok x (3 taps + 1 lm_in) x 4096 = 32.6 MB (32.0 KB/tok)
[probe] wrote 16 draft probes (block=5) to /home/patrickd/s5-capture/agentic-p25-b0.1/c4/cap/drafts_p87_s001044.txt
[spec] decoding 8 tokens (block=5, draft passes=1, adaptK=1.50, prompt=87 s=1045)...
  [margins] 16.00 15.56 14.95 7.86 8.05  K=6
  verify 1: accepted 5/5 (K=6) + correction -> +6 tokens (172.5 ms)  cpos=1050
  [margins] 14.37 14.37 13.20 11.36 9.10  K=6
  verify 2: accepted 5/5 (K=6) + correction -> +6 tokens (172.7 ms)  cpos=1056

[spec] generated 12 tokens over 2 verifies: mean tokens/verify = 6.00 (block=5, max 6)
[spec] tokens: 295 270 2501 294 8703 4 344 223 926 14 790 270
[spec] SPEC-DECODE: 28.8 ms/tok = 34.74 tok/s  (vs base M=1 70.5 ms/tok = 14.19 tok/s -> 2.45x)
[decode] PREFILL: 1079 positions in 17347.7 ms = 62.2 tok/s (16.078 ms/tok)
[capture] wrote /home/patrickd/s5-capture/agentic-p25-b0.1/c4/cap/shard_p88_s001079.dspc  1079 tok x (3 taps + 1 lm_in) x 4096 = 33.7 MB (32.0 KB/tok)
[probe] wrote 16 draft probes (block=5) to /home/patrickd/s5-capture/agentic-p25-b0.1/c4/cap/drafts_p88_s001079.txt
[spec] decoding 8 tokens (block=5, draft passes=1, adaptK=1.50, prompt=88 s=1080)...
  [margins] 1.85 0.87 1.77 1.96 2.24  K=2
  verify 1: accepted 1/1 (K=2) + correction -> +2 tokens (116.1 ms)  cpos=1081
  [margins] 1.16 1.44 1.03 1.12 1.46  K=2
  verify 2: accepted 0/1 (K=2) + correction -> +1 tokens (103.6 ms)  cpos=1082
  [margins] 0.96 0.53 1.75 0.64 0.01  K=2
  verify 3: accepted 0/1 (K=2) + correction -> +1 tokens (109.5 ms)  cpos=1083
  [margins] 1.06 8.23 0.28 3.93 6.91  K=3
  verify 4: accepted 2/2 (K=3) + correction -> +3 tokens (120.5 ms)  cpos=1086
  [margins] 5.22 3.63 6.91 0.18 0.62  K=4
  verify 5: accepted 3/3 (K=4) + correction -> +4 tokens (135.6 ms)  cpos=1090

[spec] generated 11 tokens over 5 verifies: mean tokens/verify = 2.20 (block=5, max 6)
[spec] tokens: 2008 2337 10905 1031 1142 366 411 5610 295 270 3417
[spec] SPEC-DECODE: 52.1 ms/tok = 19.18 tok/s  (vs base M=1 70.5 ms/tok = 14.19 tok/s -> 1.35x)
[decode] PREFILL: 1062 positions in 17071.1 ms = 62.2 tok/s (16.074 ms/tok)
[capture] wrote /home/patrickd/s5-capture/agentic-p25-b0.1/c4/cap/shard_p89_s001062.dspc  1062 tok x (3 taps + 1 lm_in) x 4096 = 33.2 MB (32.0 KB/tok)
[probe] wrote 16 draft probes (block=5) to /home/patrickd/s5-capture/agentic-p25-b0.1/c4/cap/drafts_p89_s001062.txt
[spec] decoding 8 tokens (block=5, draft passes=1, adaptK=1.50, prompt=89 s=1063)...
  [margins] 22.27 12.40 7.90 20.76 7.01  K=6
  verify 1: accepted 5/5 (K=6) + correction -> +6 tokens (177.4 ms)  cpos=1068
  [margins] 15.59 15.14 10.47 2.44 1.16  K=5
  verify 2: accepted 4/4 (K=5) + correction -> +5 tokens (150.6 ms)  cpos=1073

[spec] generated 11 tokens over 2 verifies: mean tokens/verify = 5.50 (block=5, max 6)
[spec] tokens: 82 14204 58645 82 14204 3314 700 82 14204 111796 82
[spec] SPEC-DECODE: 30.1 ms/tok = 33.19 tok/s  (vs base M=1 70.5 ms/tok = 14.19 tok/s -> 2.34x)
[decode] PREFILL: 1052 positions in 16892.8 ms = 62.3 tok/s (16.058 ms/tok)
[capture] wrote /home/patrickd/s5-capture/agentic-p25-b0.1/c4/cap/shard_p90_s001052.dspc  1052 tok x (3 taps + 1 lm_in) x 4096 = 32.9 MB (32.0 KB/tok)
[probe] wrote 16 draft probes (block=5) to /home/patrickd/s5-capture/agentic-p25-b0.1/c4/cap/drafts_p90_s001052.txt
[spec] decoding 8 tokens (block=5, draft passes=1, adaptK=1.50, prompt=90 s=1053)...
  [margins] 13.84 15.45 11.67 2.78 12.40  K=6
  verify 1: accepted 5/5 (K=6) + correction -> +6 tokens (174.8 ms)  cpos=1058
  [margins] 12.24 15.85 12.18 11.38 13.86  K=6
  verify 2: accepted 5/5 (K=6) + correction -> +6 tokens (177.2 ms)  cpos=1064

[spec] generated 12 tokens over 2 verifies: mean tokens/verify = 6.00 (block=5, max 6)
[spec] tokens: 1531 8200 5244 469 6591 16 983 344 270 26627 18077 12047
[spec] SPEC-DECODE: 29.5 ms/tok = 33.86 tok/s  (vs base M=1 70.5 ms/tok = 14.19 tok/s -> 2.39x)
[decode] PREFILL: 1046 positions in 16790.8 ms = 62.3 tok/s (16.052 ms/tok)
[capture] wrote /home/patrickd/s5-capture/agentic-p25-b0.1/c4/cap/shard_p91_s001046.dspc  1046 tok x (3 taps + 1 lm_in) x 4096 = 32.7 MB (32.0 KB/tok)
[probe] wrote 16 draft probes (block=5) to /home/patrickd/s5-capture/agentic-p25-b0.1/c4/cap/drafts_p91_s001046.txt
[spec] decoding 8 tokens (block=5, draft passes=1, adaptK=1.50, prompt=91 s=1047)...
  [margins] 19.48 13.90 17.49 17.34 12.89  K=6
  verify 1: accepted 5/5 (K=6) + correction -> +6 tokens (177.9 ms)  cpos=1052
  [margins] 15.81 16.59 16.69 16.62 15.30  K=6
  verify 2: accepted 5/5 (K=6) + correction -> +6 tokens (167.7 ms)  cpos=1058

[spec] generated 12 tokens over 2 verifies: mean tokens/verify = 6.00 (block=5, max 6)
[spec] tokens: 14 436 759 8605 223 18320 1492 223 22 438 223 7013
[spec] SPEC-DECODE: 27.9 ms/tok = 35.78 tok/s  (vs base M=1 70.5 ms/tok = 14.19 tok/s -> 2.52x)
[decode] PREFILL: 1156 positions in 18623.4 ms = 62.1 tok/s (16.110 ms/tok)
[capture] wrote /home/patrickd/s5-capture/agentic-p25-b0.1/c4/cap/shard_p92_s001156.dspc  1156 tok x (3 taps + 1 lm_in) x 4096 = 36.1 MB (32.0 KB/tok)
[probe] wrote 16 draft probes (block=5) to /home/patrickd/s5-capture/agentic-p25-b0.1/c4/cap/drafts_p92_s001156.txt
[spec] decoding 8 tokens (block=5, draft passes=1, adaptK=1.50, prompt=92 s=1157)...
  [margins] 10.63 14.26 10.49 13.54 10.18  K=6
  verify 1: accepted 5/5 (K=6) + correction -> +6 tokens (165.5 ms)  cpos=1162
  [margins] 10.62 13.67 10.33 14.28 10.13  K=6
  verify 2: accepted 5/5 (K=6) + correction -> +6 tokens (168.6 ms)  cpos=1168

[spec] generated 12 tokens over 2 verifies: mean tokens/verify = 6.00 (block=5, max 6)
[spec] tokens: 16 70404 16 70404 16 70404 16 70404 16 70404 16 70404
[spec] SPEC-DECODE: 28.1 ms/tok = 35.58 tok/s  (vs base M=1 70.5 ms/tok = 14.19 tok/s -> 2.51x)
[decode] PREFILL: 1219 positions in 19657.6 ms = 62.0 tok/s (16.126 ms/tok)
[capture] wrote /home/patrickd/s5-capture/agentic-p25-b0.1/c4/cap/shard_p93_s001219.dspc  1219 tok x (3 taps + 1 lm_in) x 4096 = 38.1 MB (32.0 KB/tok)
[probe] wrote 16 draft probes (block=5) to /home/patrickd/s5-capture/agentic-p25-b0.1/c4/cap/drafts_p93_s001219.txt
[spec] decoding 8 tokens (block=5, draft passes=1, adaptK=1.50, prompt=93 s=1220)...
  [margins] 14.74 13.47 13.19 11.06 7.19  K=6
  verify 1: accepted 5/5 (K=6) + correction -> +6 tokens (183.6 ms)  cpos=1225
  [margins] 14.53 13.04 8.99 9.64 6.73  K=6
  verify 2: accepted 5/5 (K=6) + correction -> +6 tokens (173.3 ms)  cpos=1231

[spec] generated 12 tokens over 2 verifies: mean tokens/verify = 6.00 (block=5, max 6)
[spec] tokens: 12122 1687 126454 611 295 3452 2765 50258 21428 2755 88031 28
[spec] SPEC-DECODE: 28.9 ms/tok = 34.63 tok/s  (vs base M=1 70.5 ms/tok = 14.19 tok/s -> 2.44x)
[decode] PREFILL: 1039 positions in 16671.6 ms = 62.3 tok/s (16.046 ms/tok)
[capture] wrote /home/patrickd/s5-capture/agentic-p25-b0.1/c4/cap/shard_p94_s001039.dspc  1039 tok x (3 taps + 1 lm_in) x 4096 = 32.5 MB (32.0 KB/tok)
[probe] wrote 16 draft probes (block=5) to /home/patrickd/s5-capture/agentic-p25-b0.1/c4/cap/drafts_p94_s001039.txt
[spec] decoding 8 tokens (block=5, draft passes=1, adaptK=1.50, prompt=94 s=1040)...
  [margins] 11.48 12.10 19.56 14.43 6.63  K=6
  verify 1: accepted 5/5 (K=6) + correction -> +6 tokens (176.2 ms)  cpos=1045
  [margins] 21.12 15.34 11.98 12.71 16.49  K=6
  verify 2: accepted 5/5 (K=6) + correction -> +6 tokens (167.3 ms)  cpos=1051

[spec] generated 12 tokens over 2 verifies: mean tokens/verify = 6.00 (block=5, max 6)
[spec] tokens: 16 15899 2886 7115 16 15899 2886 7115 16 15899 2886 7115
[spec] SPEC-DECODE: 27.9 ms/tok = 35.86 tok/s  (vs base M=1 70.5 ms/tok = 14.19 tok/s -> 2.53x)
[decode] PREFILL: 1465 positions in 23755.0 ms = 61.7 tok/s (16.215 ms/tok)
[capture] wrote /home/patrickd/s5-capture/agentic-p25-b0.1/c4/cap/shard_p95_s001465.dspc  1465 tok x (3 taps + 1 lm_in) x 4096 = 45.8 MB (32.0 KB/tok)
[probe] wrote 16 draft probes (block=5) to /home/patrickd/s5-capture/agentic-p25-b0.1/c4/cap/drafts_p95_s001465.txt
[spec] decoding 8 tokens (block=5, draft passes=1, adaptK=1.50, prompt=95 s=1466)...
  [margins] 15.74 14.11 12.86 15.60 14.13  K=6
  verify 1: accepted 5/5 (K=6) + correction -> +6 tokens (179.3 ms)  cpos=1471
  [margins] 3.67 8.45 10.18 3.24 7.22  K=6
  verify 2: accepted 5/5 (K=6) + correction -> +6 tokens (177.6 ms)  cpos=1477

[spec] generated 12 tokens over 2 verifies: mean tokens/verify = 6.00 (block=5, max 6)
[spec] tokens: 3287 344 5773 223 792 25 339 32111 377 270 14108 3554
[spec] SPEC-DECODE: 29.6 ms/tok = 33.78 tok/s  (vs base M=1 70.5 ms/tok = 14.19 tok/s -> 2.38x)
[decode] PREFILL: 1069 positions in 17175.9 ms = 62.2 tok/s (16.067 ms/tok)
[capture] wrote /home/patrickd/s5-capture/agentic-p25-b0.1/c4/cap/shard_p96_s001069.dspc  1069 tok x (3 taps + 1 lm_in) x 4096 = 33.4 MB (32.0 KB/tok)
[probe] wrote 16 draft probes (block=5) to /home/patrickd/s5-capture/agentic-p25-b0.1/c4/cap/drafts_p96_s001069.txt
[spec] decoding 8 tokens (block=5, draft passes=1, adaptK=1.50, prompt=96 s=1070)...
  [margins] 17.48 16.91 15.30 12.37 9.49  K=6
  verify 1: accepted 5/5 (K=6) + correction -> +6 tokens (174.6 ms)  cpos=1075
  [margins] 16.43 18.06 17.19 15.53 11.90  K=6
  verify 2: accepted 5/5 (K=6) + correction -> +6 tokens (174.6 ms)  cpos=1081

[spec] generated 12 tokens over 2 verifies: mean tokens/verify = 6.00 (block=5, max 6)
[spec] tokens: 9538 438 223 19 940 223 21 940 223 27 940 223
[spec] SPEC-DECODE: 29.1 ms/tok = 34.36 tok/s  (vs base M=1 70.5 ms/tok = 14.19 tok/s -> 2.42x)
[decode] PREFILL: 2024 positions in 33374.9 ms = 60.6 tok/s (16.490 ms/tok)
[capture] wrote /home/patrickd/s5-capture/agentic-p25-b0.1/c4/cap/shard_p97_s002024.dspc  2024 tok x (3 taps + 1 lm_in) x 4096 = 63.3 MB (32.0 KB/tok)
[probe] wrote 16 draft probes (block=5) to /home/patrickd/s5-capture/agentic-p25-b0.1/c4/cap/drafts_p97_s002024.txt
[spec] decoding 8 tokens (block=5, draft passes=1, adaptK=1.50, prompt=97 s=2025)...
  [margins] 7.99 9.57 10.22 8.93 10.54  K=6
  verify 1: accepted 5/5 (K=6) + correction -> +6 tokens (181.8 ms)  cpos=2030
  [margins] 16.35 15.60 11.94 17.81 11.63  K=6
  verify 2: accepted 5/5 (K=6) + correction -> +6 tokens (181.2 ms)  cpos=2036

[spec] generated 12 tokens over 2 verifies: mean tokens/verify = 6.00 (block=5, max 6)
[spec] tokens: 16 11356 16 50300 16 76652 16 76250 6229 2471 12571 16
[spec] SPEC-DECODE: 30.2 ms/tok = 33.11 tok/s  (vs base M=1 70.5 ms/tok = 14.19 tok/s -> 2.33x)
[decode] PREFILL: 1068 positions in 17156.3 ms = 62.3 tok/s (16.064 ms/tok)
[capture] wrote /home/patrickd/s5-capture/agentic-p25-b0.1/c4/cap/shard_p98_s001068.dspc  1068 tok x (3 taps + 1 lm_in) x 4096 = 33.4 MB (32.0 KB/tok)
[probe] wrote 16 draft probes (block=5) to /home/patrickd/s5-capture/agentic-p25-b0.1/c4/cap/drafts_p98_s001068.txt
[spec] decoding 8 tokens (block=5, draft passes=1, adaptK=1.50, prompt=98 s=1069)...
  [margins] 21.18 15.02 16.10 13.89 13.21  K=6
  verify 1: accepted 5/5 (K=6) + correction -> +6 tokens (174.3 ms)  cpos=1074
  [margins] 22.44 21.08 15.33 13.34 14.97  K=6
  verify 2: accepted 5/5 (K=6) + correction -> +6 tokens (178.1 ms)  cpos=1080

[spec] generated 12 tokens over 2 verifies: mean tokens/verify = 6.00 (block=5, max 6)
[spec] tokens: 8786 1137 42639 28 48327 65 31861 59959 201 96467 28 28612
[spec] SPEC-DECODE: 29.7 ms/tok = 33.70 tok/s  (vs base M=1 70.5 ms/tok = 14.19 tok/s -> 2.37x)
[decode] PREFILL: 1083 positions in 17399.3 ms = 62.2 tok/s (16.066 ms/tok)
[capture] wrote /home/patrickd/s5-capture/agentic-p25-b0.1/c4/cap/shard_p99_s001083.dspc  1083 tok x (3 taps + 1 lm_in) x 4096 = 33.8 MB (32.0 KB/tok)
[probe] wrote 16 draft probes (block=5) to /home/patrickd/s5-capture/agentic-p25-b0.1/c4/cap/drafts_p99_s001083.txt
[spec] decoding 8 tokens (block=5, draft passes=1, adaptK=1.50, prompt=99 s=1084)...
  [margins] 11.58 3.14 6.04 5.70 6.90  K=6
  verify 1: accepted 1/5 (K=6) + correction -> +2 tokens (170.0 ms)  cpos=1085
  [margins] 4.37 4.67 2.83 3.53 2.85  K=6
  verify 2: accepted 2/5 (K=6) + correction -> +3 tokens (161.4 ms)  cpos=1088
  [margins] 13.16 0.02 3.40 7.43 3.18  K=2
  verify 3: accepted 1/1 (K=2) + correction -> +2 tokens (103.2 ms)  cpos=1090
  [margins] 1.56 11.63 1.61 1.25 11.28  K=4
  verify 4: accepted 2/3 (K=4) + correction -> +3 tokens (133.3 ms)  cpos=1093

[spec] generated 10 tokens over 4 verifies: mean tokens/verify = 2.50 (block=5, max 6)
[spec] tokens: 284 10676 47184 16 30965 4408 52901 1297 1744 6229
[spec] SPEC-DECODE: 49.7 ms/tok = 20.11 tok/s  (vs base M=1 70.5 ms/tok = 14.19 tok/s -> 1.42x)
[decode] PREFILL: 1075 positions in 17281.1 ms = 62.2 tok/s (16.075 ms/tok)
[capture] wrote /home/patrickd/s5-capture/agentic-p25-b0.1/c4/cap/shard_p100_s001075.dspc  1075 tok x (3 taps + 1 lm_in) x 4096 = 33.6 MB (32.0 KB/tok)
[probe] wrote 16 draft probes (block=5) to /home/patrickd/s5-capture/agentic-p25-b0.1/c4/cap/drafts_p100_s001075.txt
[spec] decoding 8 tokens (block=5, draft passes=1, adaptK=1.50, prompt=100 s=1076)...
  [margins] 14.38 16.16 20.29 15.40 6.39  K=6
  verify 1: accepted 5/5 (K=6) + correction -> +6 tokens (182.2 ms)  cpos=1081
  [margins] 17.19 14.88 5.94 6.85 0.19  K=5
  verify 2: accepted 4/4 (K=5) + correction -> +5 tokens (152.5 ms)  cpos=1086

[spec] generated 11 tokens over 2 verifies: mean tokens/verify = 5.50 (block=5, max 6)
[spec] tokens: 342 1309 304 3052 270 43644 305 59658 362 51932 14
[spec] SPEC-DECODE: 30.5 ms/tok = 32.78 tok/s  (vs base M=1 70.5 ms/tok = 14.19 tok/s -> 2.31x)
[decode] PREFILL: 1053 positions in 16912.7 ms = 62.3 tok/s (16.061 ms/tok)
[capture] wrote /home/patrickd/s5-capture/agentic-p25-b0.1/c4/cap/shard_p101_s001053.dspc  1053 tok x (3 taps + 1 lm_in) x 4096 = 32.9 MB (32.0 KB/tok)
[probe] wrote 16 draft probes (block=5) to /home/patrickd/s5-capture/agentic-p25-b0.1/c4/cap/drafts_p101_s001053.txt
[spec] decoding 8 tokens (block=5, draft passes=1, adaptK=1.50, prompt=101 s=1054)...
  [margins] 13.69 14.98 14.50 7.59 11.53  K=6
  verify 1: accepted 3/5 (K=6) + correction -> +4 tokens (169.0 ms)  cpos=1057
  [margins] 13.77 16.57 15.09 7.10 13.01  K=6
  verify 2: accepted 3/5 (K=6) + correction -> +4 tokens (162.8 ms)  cpos=1061

[spec] generated 8 tokens over 2 verifies: mean tokens/verify = 4.00 (block=5, max 6)
[spec] tokens: 3749 11 3749 11 3749 11 3749 11
[spec] SPEC-DECODE: 40.7 ms/tok = 24.57 tok/s  (vs base M=1 70.5 ms/tok = 14.19 tok/s -> 1.73x)
[decode] PREFILL: 1207 positions in 19457.7 ms = 62.0 tok/s (16.121 ms/tok)
[capture] wrote /home/patrickd/s5-capture/agentic-p25-b0.1/c4/cap/shard_p102_s001207.dspc  1207 tok x (3 taps + 1 lm_in) x 4096 = 37.7 MB (32.0 KB/tok)
[probe] wrote 16 draft probes (block=5) to /home/patrickd/s5-capture/agentic-p25-b0.1/c4/cap/drafts_p102_s001207.txt
[spec] decoding 8 tokens (block=5, draft passes=1, adaptK=1.50, prompt=102 s=1208)...
  [margins] 8.66 6.86 2.73 3.58 0.75  K=5
  verify 1: accepted 3/4 (K=5) + correction -> +4 tokens (158.3 ms)  cpos=1211
  [margins] 7.73 1.10 3.16 4.73 1.84  K=2
  verify 2: accepted 1/1 (K=2) + correction -> +2 tokens (109.5 ms)  cpos=1213
  [margins] 4.37 8.32 1.81 11.49 4.73  K=6
  verify 3: accepted 2/5 (K=6) + correction -> +3 tokens (167.2 ms)  cpos=1216

[spec] generated 9 tokens over 3 verifies: mean tokens/verify = 3.00 (block=5, max 6)
[spec] tokens: 66 304 1635 33118 16649 304 270 15673 43705
[spec] SPEC-DECODE: 55.4 ms/tok = 18.07 tok/s  (vs base M=1 70.5 ms/tok = 14.19 tok/s -> 1.27x)
[decode] PREFILL: 1049 positions in 16849.7 ms = 62.3 tok/s (16.063 ms/tok)
[capture] wrote /home/patrickd/s5-capture/agentic-p25-b0.1/c4/cap/shard_p103_s001049.dspc  1049 tok x (3 taps + 1 lm_in) x 4096 = 32.8 MB (32.0 KB/tok)
[probe] wrote 16 draft probes (block=5) to /home/patrickd/s5-capture/agentic-p25-b0.1/c4/cap/drafts_p103_s001049.txt
[spec] decoding 8 tokens (block=5, draft passes=1, adaptK=1.50, prompt=103 s=1050)...
  [margins] 11.94 14.09 9.84 8.91 9.91  K=6
  verify 1: accepted 5/5 (K=6) + correction -> +6 tokens (167.3 ms)  cpos=1055
  [margins] 12.31 14.92 11.22 8.36 10.26  K=6
  verify 2: accepted 5/5 (K=6) + correction -> +6 tokens (168.2 ms)  cpos=1061

[spec] generated 12 tokens over 2 verifies: mean tokens/verify = 6.00 (block=5, max 6)
[spec] tokens: 1925 84 50 1925 84 50 1925 84 50 1925 84 50
[spec] SPEC-DECODE: 28.0 ms/tok = 35.66 tok/s  (vs base M=1 70.5 ms/tok = 14.19 tok/s -> 2.51x)
[decode] PREFILL: 1051 positions in 16873.8 ms = 62.3 tok/s (16.055 ms/tok)
[capture] wrote /home/patrickd/s5-capture/agentic-p25-b0.1/c4/cap/shard_p104_s001051.dspc  1051 tok x (3 taps + 1 lm_in) x 4096 = 32.8 MB (32.0 KB/tok)
[probe] wrote 16 draft probes (block=5) to /home/patrickd/s5-capture/agentic-p25-b0.1/c4/cap/drafts_p104_s001051.txt
[spec] decoding 8 tokens (block=5, draft passes=1, adaptK=1.50, prompt=104 s=1052)...
  [margins] 11.42 8.78 14.07 5.48 1.24  K=5
  verify 1: accepted 4/4 (K=5) + correction -> +5 tokens (155.7 ms)  cpos=1056
  [margins] 11.24 16.73 15.06 8.49 3.55  K=6
  verify 2: accepted 5/5 (K=6) + correction -> +6 tokens (164.6 ms)  cpos=1062

[spec] generated 11 tokens over 2 verifies: mean tokens/verify = 5.50 (block=5, max 6)
[spec] tokens: 100601 1552 1552 1552 86 16 34538 34538 34538 34538 87
[spec] SPEC-DECODE: 27.4 ms/tok = 36.45 tok/s  (vs base M=1 70.5 ms/tok = 14.19 tok/s -> 2.57x)
[decode] PREFILL: 1186 positions in 19132.7 ms = 62.0 tok/s (16.132 ms/tok)
[capture] wrote /home/patrickd/s5-capture/agentic-p25-b0.1/c4/cap/shard_p105_s001186.dspc  1186 tok x (3 taps + 1 lm_in) x 4096 = 37.1 MB (32.0 KB/tok)
[probe] wrote 16 draft probes (block=5) to /home/patrickd/s5-capture/agentic-p25-b0.1/c4/cap/drafts_p105_s001186.txt
[spec] decoding 8 tokens (block=5, draft passes=1, adaptK=1.50, prompt=105 s=1187)...
  [margins] 10.46 9.59 10.14 8.80 9.91  K=6
  verify 1: accepted 5/5 (K=6) + correction -> +6 tokens (173.8 ms)  cpos=1192
  [margins] 10.23 9.19 9.73 8.84 9.70  K=6
  verify 2: accepted 5/5 (K=6) + correction -> +6 tokens (164.5 ms)  cpos=1198

[spec] generated 12 tokens over 2 verifies: mean tokens/verify = 6.00 (block=5, max 6)
[spec] tokens: 455 16 455 16 455 16 455 16 455 16 455 16
[spec] SPEC-DECODE: 27.4 ms/tok = 36.48 tok/s  (vs base M=1 70.5 ms/tok = 14.19 tok/s -> 2.57x)
[decode] PREFILL: 1089 positions in 17507.7 ms = 62.2 tok/s (16.077 ms/tok)
[capture] wrote /home/patrickd/s5-capture/agentic-p25-b0.1/c4/cap/shard_p106_s001089.dspc  1089 tok x (3 taps + 1 lm_in) x 4096 = 34.0 MB (32.0 KB/tok)
[probe] wrote 16 draft probes (block=5) to /home/patrickd/s5-capture/agentic-p25-b0.1/c4/cap/drafts_p106_s001089.txt
[spec] decoding 8 tokens (block=5, draft passes=1, adaptK=1.50, prompt=106 s=1090)...
  [margins] 8.60 10.08 6.49 5.76 9.85  K=6
  verify 1: accepted 5/5 (K=6) + correction -> +6 tokens (174.0 ms)  cpos=1095
  [margins] 16.87 17.13 16.23 16.45 10.24  K=6
  verify 2: accepted 5/5 (K=6) + correction -> +6 tokens (174.3 ms)  cpos=1101

[spec] generated 12 tokens over 2 verifies: mean tokens/verify = 6.00 (block=5, max 6)
[spec] tokens: 455 2595 294 270 11680 3737 905 1457 779 9 305 905
[spec] SPEC-DECODE: 29.1 ms/tok = 34.41 tok/s  (vs base M=1 70.5 ms/tok = 14.19 tok/s -> 2.43x)
[decode] PREFILL: 1635 positions in 26647.3 ms = 61.4 tok/s (16.298 ms/tok)
[capture] wrote /home/patrickd/s5-capture/agentic-p25-b0.1/c4/cap/shard_p107_s001635.dspc  1635 tok x (3 taps + 1 lm_in) x 4096 = 51.1 MB (32.0 KB/tok)
[probe] wrote 16 draft probes (block=5) to /home/patrickd/s5-capture/agentic-p25-b0.1/c4/cap/drafts_p107_s001635.txt
[spec] decoding 8 tokens (block=5, draft passes=1, adaptK=1.50, prompt=107 s=1636)...
  [margins] 12.54 11.72 14.09 10.96 10.31  K=6
  verify 1: accepted 5/5 (K=6) + correction -> +6 tokens (178.9 ms)  cpos=1641
  [margins] 17.49 12.64 12.36 11.51 11.58  K=6
  verify 2: accepted 5/5 (K=6) + correction -> +6 tokens (168.3 ms)  cpos=1647

[spec] generated 12 tokens over 2 verifies: mean tokens/verify = 6.00 (block=5, max 6)
[spec] tokens: 16 90525 16 83117 16 90525 16 83117 16 90525 16 83117
[spec] SPEC-DECODE: 28.1 ms/tok = 35.64 tok/s  (vs base M=1 70.5 ms/tok = 14.19 tok/s -> 2.51x)
[decode] PREFILL: 1075 positions in 17277.2 ms = 62.2 tok/s (16.072 ms/tok)
[capture] wrote /home/patrickd/s5-capture/agentic-p25-b0.1/c4/cap/shard_p108_s001075.dspc  1075 tok x (3 taps + 1 lm_in) x 4096 = 33.6 MB (32.0 KB/tok)
[probe] wrote 16 draft probes (block=5) to /home/patrickd/s5-capture/agentic-p25-b0.1/c4/cap/drafts_p108_s001075.txt
[spec] decoding 8 tokens (block=5, draft passes=1, adaptK=1.50, prompt=108 s=1076)...
  [margins] 13.68 10.29 9.92 8.82 0.18  K=5
  verify 1: accepted 4/4 (K=5) + correction -> +5 tokens (161.5 ms)  cpos=1080
  [margins] 19.45 12.17 8.91 9.27 7.86  K=6
  verify 2: accepted 5/5 (K=6) + correction -> +6 tokens (169.0 ms)  cpos=1086

[spec] generated 11 tokens over 2 verifies: mean tokens/verify = 5.50 (block=5, max 6)
[spec] tokens: 14 696 554 1926 270 4105 16 1294 19653 14 696
[spec] SPEC-DECODE: 28.2 ms/tok = 35.51 tok/s  (vs base M=1 70.5 ms/tok = 14.19 tok/s -> 2.50x)
[decode] PREFILL: 1493 positions in 24229.4 ms = 61.6 tok/s (16.229 ms/tok)
[capture] wrote /home/patrickd/s5-capture/agentic-p25-b0.1/c4/cap/shard_p109_s001493.dspc  1493 tok x (3 taps + 1 lm_in) x 4096 = 46.7 MB (32.0 KB/tok)
[probe] wrote 16 draft probes (block=5) to /home/patrickd/s5-capture/agentic-p25-b0.1/c4/cap/drafts_p109_s001493.txt
[spec] decoding 8 tokens (block=5, draft passes=1, adaptK=1.50, prompt=109 s=1494)...
  [margins] 13.42 16.52 21.16 9.40 8.87  K=6
  verify 1: accepted 5/5 (K=6) + correction -> +6 tokens (179.8 ms)  cpos=1499
  [margins] 10.36 13.68 10.58 14.15 12.29  K=6
  verify 2: accepted 5/5 (K=6) + correction -> +6 tokens (178.2 ms)  cpos=1505

[spec] generated 12 tokens over 2 verifies: mean tokens/verify = 6.00 (block=5, max 6)
[spec] tokens: 513 7789 433 3038 75 16 223 3175 16 223 792 20
[spec] SPEC-DECODE: 29.7 ms/tok = 33.67 tok/s  (vs base M=1 70.5 ms/tok = 14.19 tok/s -> 2.37x)
[decode] PREFILL: 1038 positions in 16669.4 ms = 62.3 tok/s (16.059 ms/tok)
[capture] wrote /home/patrickd/s5-capture/agentic-p25-b0.1/c4/cap/shard_p110_s001038.dspc  1038 tok x (3 taps + 1 lm_in) x 4096 = 32.4 MB (32.0 KB/tok)
[probe] wrote 16 draft probes (block=5) to /home/patrickd/s5-capture/agentic-p25-b0.1/c4/cap/drafts_p110_s001038.txt
[spec] decoding 8 tokens (block=5, draft passes=1, adaptK=1.50, prompt=110 s=1039)...
  [margins] 1.12 2.46 1.21 0.10 2.48  K=3
  verify 1: accepted 0/2 (K=3) + correction -> +1 tokens (125.0 ms)  cpos=1039
  [margins] 6.64 2.06 3.94 0.31 1.00  K=4
  verify 2: accepted 1/3 (K=4) + correction -> +2 tokens (137.5 ms)  cpos=1041
  [margins] 9.66 2.10 1.87 1.29 1.54  K=4
  verify 3: accepted 1/3 (K=4) + correction -> +2 tokens (136.5 ms)  cpos=1043
  [margins] 2.50 0.85 2.58 7.67 0.11  K=2
  verify 4: accepted 1/1 (K=2) + correction -> +2 tokens (108.9 ms)  cpos=1045
  [margins] 3.96 2.11 0.70 3.15 0.50  K=3
  verify 5: accepted 2/2 (K=3) + correction -> +3 tokens (123.2 ms)  cpos=1048

[spec] generated 10 tokens over 5 verifies: mean tokens/verify = 2.00 (block=5, max 6)
[spec] tokens: 15378 271 55151 15378 344 2658 3077 304 1902 850
[spec] SPEC-DECODE: 56.2 ms/tok = 17.78 tok/s  (vs base M=1 70.5 ms/tok = 14.19 tok/s -> 1.25x)
[decode] PREFILL: 1099 positions in 17662.8 ms = 62.2 tok/s (16.072 ms/tok)
[capture] wrote /home/patrickd/s5-capture/agentic-p25-b0.1/c4/cap/shard_p111_s001099.dspc  1099 tok x (3 taps + 1 lm_in) x 4096 = 34.3 MB (32.0 KB/tok)
[probe] wrote 16 draft probes (block=5) to /home/patrickd/s5-capture/agentic-p25-b0.1/c4/cap/drafts_p111_s001099.txt
[spec] decoding 8 tokens (block=5, draft passes=1, adaptK=1.50, prompt=111 s=1100)...
  [margins] 11.52 11.47 11.55 9.30 6.05  K=6
  verify 1: accepted 5/5 (K=6) + correction -> +6 tokens (179.2 ms)  cpos=1105
  [margins] 16.10 11.07 11.92 11.53 8.77  K=6
  verify 2: accepted 5/5 (K=6) + correction -> +6 tokens (170.2 ms)  cpos=1111

[spec] generated 12 tokens over 2 verifies: mean tokens/verify = 6.00 (block=5, max 6)
[spec] tokens: 16 4165 7837 304 1347 1117 4105 16 4165 7837 304 1347
[spec] SPEC-DECODE: 28.4 ms/tok = 35.26 tok/s  (vs base M=1 70.5 ms/tok = 14.19 tok/s -> 2.49x)
[decode] PREFILL: 1705 positions in 27861.9 ms = 61.2 tok/s (16.341 ms/tok)
[capture] wrote /home/patrickd/s5-capture/agentic-p25-b0.1/c4/cap/shard_p112_s001705.dspc  1705 tok x (3 taps + 1 lm_in) x 4096 = 53.3 MB (32.0 KB/tok)
[probe] wrote 16 draft probes (block=5) to /home/patrickd/s5-capture/agentic-p25-b0.1/c4/cap/drafts_p112_s001705.txt
[spec] decoding 8 tokens (block=5, draft passes=1, adaptK=1.50, prompt=112 s=1706)...
  [margins] 10.95 16.73 18.91 6.92 14.38  K=6
  verify 1: accepted 5/5 (K=6) + correction -> +6 tokens (176.9 ms)  cpos=1711
  [margins] 11.26 16.46 18.28 7.39 15.58  K=6
  verify 2: accepted 5/5 (K=6) + correction -> +6 tokens (172.2 ms)  cpos=1717

[spec] generated 12 tokens over 2 verifies: mean tokens/verify = 6.00 (block=5, max 6)
[spec] tokens: 16 16374 82 16 16374 82 16 16374 82 16 16374 82
[spec] SPEC-DECODE: 28.7 ms/tok = 34.84 tok/s  (vs base M=1 70.5 ms/tok = 14.19 tok/s -> 2.46x)
[decode] PREFILL: 1038 positions in 16664.8 ms = 62.3 tok/s (16.055 ms/tok)
[capture] wrote /home/patrickd/s5-capture/agentic-p25-b0.1/c4/cap/shard_p113_s001038.dspc  1038 tok x (3 taps + 1 lm_in) x 4096 = 32.4 MB (32.0 KB/tok)
[probe] wrote 16 draft probes (block=5) to /home/patrickd/s5-capture/agentic-p25-b0.1/c4/cap/drafts_p113_s001038.txt
[spec] decoding 8 tokens (block=5, draft passes=1, adaptK=1.50, prompt=113 s=1039)...
  [margins] 2.21 0.95 3.66 0.51 0.59  K=2
  verify 1: accepted 0/1 (K=2) + correction -> +1 tokens (112.1 ms)  cpos=1039
  [margins] 2.63 5.56 6.26 0.28 3.49  K=4
  verify 2: accepted 3/3 (K=4) + correction -> +4 tokens (136.4 ms)  cpos=1043
  [margins] 2.54 2.46 0.53 2.53 1.18  K=3
  verify 3: accepted 2/2 (K=3) + correction -> +3 tokens (123.4 ms)  cpos=1046

[spec] generated 8 tokens over 3 verifies: mean tokens/verify = 2.67 (block=5, max 6)
[spec] tokens: 294 22479 14 305 786 8331 759 366
[spec] SPEC-DECODE: 37.1 ms/tok = 26.94 tok/s  (vs base M=1 70.5 ms/tok = 14.19 tok/s -> 1.90x)
[decode] PREFILL: 1082 positions in 17389.3 ms = 62.2 tok/s (16.071 ms/tok)
[capture] wrote /home/patrickd/s5-capture/agentic-p25-b0.1/c4/cap/shard_p114_s001082.dspc  1082 tok x (3 taps + 1 lm_in) x 4096 = 33.8 MB (32.0 KB/tok)
[probe] wrote 16 draft probes (block=5) to /home/patrickd/s5-capture/agentic-p25-b0.1/c4/cap/drafts_p114_s001082.txt
[spec] decoding 8 tokens (block=5, draft passes=1, adaptK=1.50, prompt=114 s=1083)...
  [margins] 13.19 9.32 5.82 0.24 0.07  K=4
  verify 1: accepted 3/3 (K=4) + correction -> +4 tokens (140.8 ms)  cpos=1086
  [margins] 5.29 7.57 8.28 6.36 1.34  K=5
  verify 2: accepted 4/4 (K=5) + correction -> +5 tokens (149.5 ms)  cpos=1091

[spec] generated 9 tokens over 2 verifies: mean tokens/verify = 4.50 (block=5, max 6)
[spec] tokens: 666 4105 418 979 15 3608 34973 272 1281
[spec] SPEC-DECODE: 29.9 ms/tok = 33.44 tok/s  (vs base M=1 70.5 ms/tok = 14.19 tok/s -> 2.36x)
[decode] PREFILL: 1201 positions in 19384.3 ms = 62.0 tok/s (16.140 ms/tok)
[capture] wrote /home/patrickd/s5-capture/agentic-p25-b0.1/c4/cap/shard_p115_s001201.dspc  1201 tok x (3 taps + 1 lm_in) x 4096 = 37.5 MB (32.0 KB/tok)
[probe] wrote 16 draft probes (block=5) to /home/patrickd/s5-capture/agentic-p25-b0.1/c4/cap/drafts_p115_s001201.txt
[spec] decoding 8 tokens (block=5, draft passes=1, adaptK=1.50, prompt=115 s=1202)...
  [margins] 3.87 0.62 8.24 3.31 7.82  K=2
  verify 1: accepted 1/1 (K=2) + correction -> +2 tokens (111.4 ms)  cpos=1203
  [margins] 9.85 10.23 12.05 2.25 0.38  K=5
  verify 2: accepted 3/4 (K=5) + correction -> +4 tokens (154.8 ms)  cpos=1207
  [margins] 5.47 1.14 1.42 0.63 0.50  K=2
  verify 3: accepted 1/1 (K=2) + correction -> +2 tokens (110.8 ms)  cpos=1209

[spec] generated 8 tokens over 3 verifies: mean tokens/verify = 2.67 (block=5, max 6)
[spec] tokens: 5785 339 20 16 2619 60 1827 376
[spec] SPEC-DECODE: 44.3 ms/tok = 22.58 tok/s  (vs base M=1 70.5 ms/tok = 14.19 tok/s -> 1.59x)
[decode] PREFILL: 1036 positions in 16620.7 ms = 62.3 tok/s (16.043 ms/tok)
[capture] wrote /home/patrickd/s5-capture/agentic-p25-b0.1/c4/cap/shard_p116_s001036.dspc  1036 tok x (3 taps + 1 lm_in) x 4096 = 32.4 MB (32.0 KB/tok)
[probe] wrote 16 draft probes (block=5) to /home/patrickd/s5-capture/agentic-p25-b0.1/c4/cap/drafts_p116_s001036.txt
[spec] decoding 8 tokens (block=5, draft passes=1, adaptK=1.50, prompt=116 s=1037)...
  [margins] 13.95 14.30 13.69 9.75 11.29  K=6
  verify 1: accepted 5/5 (K=6) + correction -> +6 tokens (162.8 ms)  cpos=1042
  [margins] 13.29 14.16 13.68 10.01 11.12  K=6
  verify 2: accepted 5/5 (K=6) + correction -> +6 tokens (164.0 ms)  cpos=1048

[spec] generated 12 tokens over 2 verifies: mean tokens/verify = 6.00 (block=5, max 6)
[spec] tokens: 54792 3749 54792 3749 54792 3749 54792 3749 54792 3749 54792 3749
[spec] SPEC-DECODE: 27.3 ms/tok = 36.59 tok/s  (vs base M=1 70.5 ms/tok = 14.19 tok/s -> 2.58x)
[decode] PREFILL: 1214 positions in 19566.7 ms = 62.0 tok/s (16.118 ms/tok)
[capture] wrote /home/patrickd/s5-capture/agentic-p25-b0.1/c4/cap/shard_p117_s001214.dspc  1214 tok x (3 taps + 1 lm_in) x 4096 = 37.9 MB (32.0 KB/tok)
[probe] wrote 16 draft probes (block=5) to /home/patrickd/s5-capture/agentic-p25-b0.1/c4/cap/drafts_p117_s001214.txt
[spec] decoding 8 tokens (block=5, draft passes=1, adaptK=1.50, prompt=117 s=1215)...
  [margins] 2.90 0.27 1.67 1.97 2.48  K=2
  verify 1: accepted 1/1 (K=2) + correction -> +2 tokens (115.0 ms)  cpos=1216
  [margins] 3.95 0.19 2.02 4.74 3.62  K=2
  verify 2: accepted 1/1 (K=2) + correction -> +2 tokens (105.7 ms)  cpos=1218
  [margins] 0.56 1.35 7.72 4.61 0.81  K=2
  verify 3: accepted 0/1 (K=2) + correction -> +1 tokens (109.8 ms)  cpos=1219
  [margins] 2.96 6.07 4.37 0.87 4.64  K=4
  verify 4: accepted 3/3 (K=4) + correction -> +4 tokens (140.0 ms)  cpos=1223

[spec] generated 9 tokens over 4 verifies: mean tokens/verify = 2.25 (block=5, max 6)
[spec] tokens: 115721 6579 305 5836 4085 42803 339 795 30725
[spec] SPEC-DECODE: 50.8 ms/tok = 19.69 tok/s  (vs base M=1 70.5 ms/tok = 14.19 tok/s -> 1.39x)
[decode] PREFILL: 1042 positions in 16751.9 ms = 62.2 tok/s (16.077 ms/tok)
[capture] wrote /home/patrickd/s5-capture/agentic-p25-b0.1/c4/cap/shard_p118_s001042.dspc  1042 tok x (3 taps + 1 lm_in) x 4096 = 32.6 MB (32.0 KB/tok)
[probe] wrote 16 draft probes (block=5) to /home/patrickd/s5-capture/agentic-p25-b0.1/c4/cap/drafts_p118_s001042.txt
[spec] decoding 8 tokens (block=5, draft passes=1, adaptK=1.50, prompt=118 s=1043)...
  [margins] 3.75 5.51 0.34 10.32 0.37  K=3
  verify 1: accepted 0/2 (K=3) + correction -> +1 tokens (129.2 ms)  cpos=1043
  [margins] 11.28 8.69 0.46 8.84 0.45  K=3
  verify 2: accepted 2/2 (K=3) + correction -> +3 tokens (124.6 ms)  cpos=1046
  [margins] 10.94 0.39 1.68 0.54 1.42  K=2
  verify 3: accepted 1/1 (K=2) + correction -> +2 tokens (108.3 ms)  cpos=1048
  [margins] 2.91 7.75 0.48 3.73 1.85  K=3
  verify 4: accepted 2/2 (K=3) + correction -> +3 tokens (118.8 ms)  cpos=1051

[spec] generated 9 tokens over 4 verifies: mean tokens/verify = 2.25 (block=5, max 6)
[spec] tokens: 12026 16 455 19958 294 13039 15683 295 29326
[spec] SPEC-DECODE: 44.0 ms/tok = 22.74 tok/s  (vs base M=1 70.5 ms/tok = 14.19 tok/s -> 1.60x)
[decode] PREFILL: 1149 positions in 18462.8 ms = 62.2 tok/s (16.069 ms/tok)
[capture] wrote /home/patrickd/s5-capture/agentic-p25-b0.1/c4/cap/shard_p119_s001149.dspc  1149 tok x (3 taps + 1 lm_in) x 4096 = 35.9 MB (32.0 KB/tok)
[probe] wrote 16 draft probes (block=5) to /home/patrickd/s5-capture/agentic-p25-b0.1/c4/cap/drafts_p119_s001149.txt
[spec] decoding 8 tokens (block=5, draft passes=1, adaptK=1.50, prompt=119 s=1150)...
  [margins] 9.41 10.63 14.06 4.92 10.01  K=6
  verify 1: accepted 5/5 (K=6) + correction -> +6 tokens (189.3 ms)  cpos=1155
  [margins] 20.49 9.37 11.79 14.01 3.89  K=6
  verify 2: accepted 5/5 (K=6) + correction -> +6 tokens (176.4 ms)  cpos=1161

[spec] generated 12 tokens over 2 verifies: mean tokens/verify = 6.00 (block=5, max 6)
[spec] tokens: 16 6688 2501 270 4105 305 14904 16 6688 2501 270 4105
[spec] SPEC-DECODE: 29.4 ms/tok = 34.01 tok/s  (vs base M=1 70.5 ms/tok = 14.19 tok/s -> 2.40x)
[decode] PREFILL: 1086 positions in 17433.5 ms = 62.3 tok/s (16.053 ms/tok)
[capture] wrote /home/patrickd/s5-capture/agentic-p25-b0.1/c4/cap/shard_p120_s001086.dspc  1086 tok x (3 taps + 1 lm_in) x 4096 = 33.9 MB (32.0 KB/tok)
[probe] wrote 16 draft probes (block=5) to /home/patrickd/s5-capture/agentic-p25-b0.1/c4/cap/drafts_p120_s001086.txt
[spec] decoding 8 tokens (block=5, draft passes=1, adaptK=1.50, prompt=120 s=1087)...
  [margins] 11.42 12.71 9.92 0.77 10.43  K=4
  verify 1: accepted 3/3 (K=4) + correction -> +4 tokens (141.6 ms)  cpos=1090
  [margins] 13.38 12.61 10.83 8.69 7.88  K=6
  verify 2: accepted 5/5 (K=6) + correction -> +6 tokens (177.2 ms)  cpos=1096

[spec] generated 10 tokens over 2 verifies: mean tokens/verify = 5.00 (block=5, max 6)
[spec] tokens: 10726 28 73950 271 15750 28 73950 271 12602 699
[spec] SPEC-DECODE: 29.5 ms/tok = 33.85 tok/s  (vs base M=1 70.5 ms/tok = 14.19 tok/s -> 2.39x)
[decode] PREFILL: 1752 positions in 28647.1 ms = 61.2 tok/s (16.351 ms/tok)
[capture] wrote /home/patrickd/s5-capture/agentic-p25-b0.1/c4/cap/shard_p121_s001752.dspc  1752 tok x (3 taps + 1 lm_in) x 4096 = 54.8 MB (32.0 KB/tok)
[probe] wrote 16 draft probes (block=5) to /home/patrickd/s5-capture/agentic-p25-b0.1/c4/cap/drafts_p121_s001752.txt
[spec] decoding 8 tokens (block=5, draft passes=1, adaptK=1.50, prompt=121 s=1753)...
  [margins] 12.79 9.93 10.72 6.36 5.55  K=6
  verify 1: accepted 5/5 (K=6) + correction -> +6 tokens (183.7 ms)  cpos=1758
  [margins] 10.09 17.04 13.37 17.84 4.16  K=6
  verify 2: accepted 5/5 (K=6) + correction -> +6 tokens (181.8 ms)  cpos=1764

[spec] generated 12 tokens over 2 verifies: mean tokens/verify = 6.00 (block=5, max 6)
[spec] tokens: 294 17657 304 7445 270 8071 5942 294 8177 27801 2265 80
[spec] SPEC-DECODE: 30.3 ms/tok = 33.00 tok/s  (vs base M=1 70.5 ms/tok = 14.19 tok/s -> 2.33x)
[decode] PREFILL: 1122 positions in 18052.3 ms = 62.2 tok/s (16.089 ms/tok)
[capture] wrote /home/patrickd/s5-capture/agentic-p25-b0.1/c4/cap/shard_p122_s001122.dspc  1122 tok x (3 taps + 1 lm_in) x 4096 = 35.1 MB (32.0 KB/tok)
[probe] wrote 16 draft probes (block=5) to /home/patrickd/s5-capture/agentic-p25-b0.1/c4/cap/drafts_p122_s001122.txt
[spec] decoding 8 tokens (block=5, draft passes=1, adaptK=1.50, prompt=122 s=1123)...
  [margins] 11.32 10.95 10.45 7.06 10.16  K=6
  verify 1: accepted 5/5 (K=6) + correction -> +6 tokens (171.2 ms)  cpos=1128
  [margins] 10.47 10.61 9.98 7.19 10.02  K=6
  verify 2: accepted 5/5 (K=6) + correction -> +6 tokens (159.9 ms)  cpos=1134

[spec] generated 12 tokens over 2 verifies: mean tokens/verify = 6.00 (block=5, max 6)
[spec] tokens: 82 271 82 271 82 271 82 271 82 271 82 271
[spec] SPEC-DECODE: 26.7 ms/tok = 37.52 tok/s  (vs base M=1 70.5 ms/tok = 14.19 tok/s -> 2.64x)
[decode] PREFILL: 1079 positions in 17332.8 ms = 62.3 tok/s (16.064 ms/tok)
[capture] wrote /home/patrickd/s5-capture/agentic-p25-b0.1/c4/cap/shard_p123_s001079.dspc  1079 tok x (3 taps + 1 lm_in) x 4096 = 33.7 MB (32.0 KB/tok)
[probe] wrote 16 draft probes (block=5) to /home/patrickd/s5-capture/agentic-p25-b0.1/c4/cap/drafts_p123_s001079.txt
[spec] decoding 8 tokens (block=5, draft passes=1, adaptK=1.50, prompt=123 s=1080)...
  [margins] 11.52 16.18 18.89 11.79 13.49  K=6
  verify 1: accepted 5/5 (K=6) + correction -> +6 tokens (174.8 ms)  cpos=1085
  [margins] 11.52 16.15 17.27 11.78 13.58  K=6
  verify 2: accepted 5/5 (K=6) + correction -> +6 tokens (163.0 ms)  cpos=1091

[spec] generated 12 tokens over 2 verifies: mean tokens/verify = 6.00 (block=5, max 6)
[spec] tokens: 16 4617 272 16 4617 272 16 4617 272 16 4617 272
[spec] SPEC-DECODE: 27.2 ms/tok = 36.81 tok/s  (vs base M=1 70.5 ms/tok = 14.19 tok/s -> 2.59x)
[decode] PREFILL: 1041 positions in 16713.2 ms = 62.3 tok/s (16.055 ms/tok)
[capture] wrote /home/patrickd/s5-capture/agentic-p25-b0.1/c4/cap/shard_p124_s001041.dspc  1041 tok x (3 taps + 1 lm_in) x 4096 = 32.5 MB (32.0 KB/tok)
[probe] wrote 16 draft probes (block=5) to /home/patrickd/s5-capture/agentic-p25-b0.1/c4/cap/drafts_p124_s001041.txt
[spec] decoding 8 tokens (block=5, draft passes=1, adaptK=1.50, prompt=124 s=1042)...
  [margins] 9.30 11.71 11.24 15.07 7.91  K=6
  verify 1: accepted 5/5 (K=6) + correction -> +6 tokens (177.6 ms)  cpos=1047
  [margins] 13.13 15.17 11.37 16.24 6.77  K=6
  verify 2: accepted 5/5 (K=6) + correction -> +6 tokens (176.5 ms)  cpos=1053

[spec] generated 12 tokens over 2 verifies: mean tokens/verify = 6.00 (block=5, max 6)
[spec] tokens: 455 14968 344 9306 1561 260 1856 995 515 23912 418 436
[spec] SPEC-DECODE: 29.4 ms/tok = 34.00 tok/s  (vs base M=1 70.5 ms/tok = 14.19 tok/s -> 2.40x)
[decode] PREFILL: 1390 positions in 22493.0 ms = 61.8 tok/s (16.182 ms/tok)
[capture] wrote /home/patrickd/s5-capture/agentic-p25-b0.1/c4/cap/shard_p125_s001390.dspc  1390 tok x (3 taps + 1 lm_in) x 4096 = 43.4 MB (32.0 KB/tok)
[probe] wrote 16 draft probes (block=5) to /home/patrickd/s5-capture/agentic-p25-b0.1/c4/cap/drafts_p125_s001390.txt
[spec] decoding 8 tokens (block=5, draft passes=1, adaptK=1.50, prompt=125 s=1391)...
  [margins] 3.69 5.22 5.90 13.55 4.93  K=6
  verify 1: accepted 5/5 (K=6) + correction -> +6 tokens (181.4 ms)  cpos=1396
  [margins] 12.38 12.86 6.24 2.09 1.56  K=6
  verify 2: accepted 5/5 (K=6) + correction -> +6 tokens (169.4 ms)  cpos=1402

[spec] generated 12 tokens over 2 verifies: mean tokens/verify = 6.00 (block=5, max 6)
[spec] tokens: 16 539 15557 377 270 14108 3554 28 1999 1918 260 489
[spec] SPEC-DECODE: 28.2 ms/tok = 35.42 tok/s  (vs base M=1 70.5 ms/tok = 14.19 tok/s -> 2.50x)
[decode] PREFILL: 1041 positions in 16725.6 ms = 62.2 tok/s (16.067 ms/tok)
[capture] wrote /home/patrickd/s5-capture/agentic-p25-b0.1/c4/cap/shard_p126_s001041.dspc  1041 tok x (3 taps + 1 lm_in) x 4096 = 32.5 MB (32.0 KB/tok)
[probe] wrote 16 draft probes (block=5) to /home/patrickd/s5-capture/agentic-p25-b0.1/c4/cap/drafts_p126_s001041.txt
[spec] decoding 8 tokens (block=5, draft passes=1, adaptK=1.50, prompt=126 s=1042)...
  [margins] 15.25 11.70 8.26 0.57 5.22  K=4
  verify 1: accepted 3/3 (K=4) + correction -> +4 tokens (140.0 ms)  cpos=1045
  [margins] 6.10 9.90 10.15 10.86 18.70  K=6
  verify 2: accepted 5/5 (K=6) + correction -> +6 tokens (171.3 ms)  cpos=1051

[spec] generated 10 tokens over 2 verifies: mean tokens/verify = 5.00 (block=5, max 6)
[spec] tokens: 304 366 260 44646 16 342 2090 442 86 1970
[spec] SPEC-DECODE: 28.6 ms/tok = 35.02 tok/s  (vs base M=1 70.5 ms/tok = 14.19 tok/s -> 2.47x)
[decode] PREFILL: 1144 positions in 18404.5 ms = 62.2 tok/s (16.088 ms/tok)
[capture] wrote /home/patrickd/s5-capture/agentic-p25-b0.1/c4/cap/shard_p127_s001144.dspc  1144 tok x (3 taps + 1 lm_in) x 4096 = 35.8 MB (32.0 KB/tok)
[probe] wrote 16 draft probes (block=5) to /home/patrickd/s5-capture/agentic-p25-b0.1/c4/cap/drafts_p127_s001144.txt
[spec] decoding 8 tokens (block=5, draft passes=1, adaptK=1.50, prompt=127 s=1145)...
  [margins] 11.35 1.54 0.99 0.66 2.74  K=3
  verify 1: accepted 2/2 (K=3) + correction -> +3 tokens (125.4 ms)  cpos=1147
  [margins] 6.88 0.02 0.71 0.03 3.22  K=2
  verify 2: accepted 1/1 (K=2) + correction -> +2 tokens (109.7 ms)  cpos=1149
  [margins] 1.68 1.05 0.08 0.15 0.80  K=2
  verify 3: accepted 1/1 (K=2) + correction -> +2 tokens (105.5 ms)  cpos=1151
  [margins] 0.04 1.90 11.40 0.03 0.56  K=4
  verify 4: accepted 3/3 (K=4) + correction -> +4 tokens (150.7 ms)  cpos=1155

[spec] generated 11 tokens over 4 verifies: mean tokens/verify = 2.75 (block=5, max 6)
[spec] tokens: 15 43088 6329 362 16988 305 3344 26974 201 15 32071
[spec] SPEC-DECODE: 45.7 ms/tok = 21.86 tok/s  (vs base M=1 70.5 ms/tok = 14.19 tok/s -> 1.54x)
[decode] PREFILL: 1956 positions in 32205.4 ms = 60.7 tok/s (16.465 ms/tok)
[capture] wrote /home/patrickd/s5-capture/agentic-p25-b0.1/c4/cap/shard_p128_s001956.dspc  1956 tok x (3 taps + 1 lm_in) x 4096 = 61.1 MB (32.0 KB/tok)
[probe] wrote 16 draft probes (block=5) to /home/patrickd/s5-capture/agentic-p25-b0.1/c4/cap/drafts_p128_s001956.txt
[spec] decoding 8 tokens (block=5, draft passes=1, adaptK=1.50, prompt=128 s=1957)...
  [margins] 15.14 20.62 10.96 14.51 18.37  K=6
  verify 1: accepted 5/5 (K=6) + correction -> +6 tokens (176.1 ms)  cpos=1962
  [margins] 15.18 20.67 10.38 15.31 17.44  K=6
  verify 2: accepted 5/5 (K=6) + correction -> +6 tokens (175.5 ms)  cpos=1968

[spec] generated 12 tokens over 2 verifies: mean tokens/verify = 6.00 (block=5, max 6)
[spec] tokens: 4617 427 16 4617 427 16 4617 427 16 4617 427 16
[spec] SPEC-DECODE: 29.2 ms/tok = 34.19 tok/s  (vs base M=1 70.5 ms/tok = 14.19 tok/s -> 2.41x)
[decode] PREFILL: 1185 positions in 19122.2 ms = 62.0 tok/s (16.137 ms/tok)
[capture] wrote /home/patrickd/s5-capture/agentic-p25-b0.1/c4/cap/shard_p129_s001185.dspc  1185 tok x (3 taps + 1 lm_in) x 4096 = 37.0 MB (32.0 KB/tok)
[probe] wrote 16 draft probes (block=5) to /home/patrickd/s5-capture/agentic-p25-b0.1/c4/cap/drafts_p129_s001185.txt
[spec] decoding 8 tokens (block=5, draft passes=1, adaptK=1.50, prompt=129 s=1186)...
  [margins] 8.37 11.14 0.29 6.50 0.39  K=3
  verify 1: accepted 2/2 (K=3) + correction -> +3 tokens (126.7 ms)  cpos=1188
  [margins] 7.24 1.02 0.88 2.30 1.65  K=2
  verify 2: accepted 1/1 (K=2) + correction -> +2 tokens (104.4 ms)  cpos=1190
  [margins] 8.48 7.96 5.22 0.68 1.08  K=4
  verify 3: accepted 3/3 (K=4) + correction -> +4 tokens (135.5 ms)  cpos=1194

[spec] generated 9 tokens over 3 verifies: mean tokens/verify = 3.00 (block=5, max 6)
[spec] tokens: 666 1256 68043 16064 5597 7809 304 7427 11735
[spec] SPEC-DECODE: 40.0 ms/tok = 25.01 tok/s  (vs base M=1 70.5 ms/tok = 14.19 tok/s -> 1.76x)
[decode] PREFILL: 1052 positions in 16889.4 ms = 62.3 tok/s (16.055 ms/tok)
[capture] wrote /home/patrickd/s5-capture/agentic-p25-b0.1/c4/cap/shard_p130_s001052.dspc  1052 tok x (3 taps + 1 lm_in) x 4096 = 32.9 MB (32.0 KB/tok)
[probe] wrote 16 draft probes (block=5) to /home/patrickd/s5-capture/agentic-p25-b0.1/c4/cap/drafts_p130_s001052.txt
[spec] decoding 8 tokens (block=5, draft passes=1, adaptK=1.50, prompt=130 s=1053)...
  [margins] 4.88 7.58 9.60 8.04 5.37  K=6
  verify 1: accepted 5/5 (K=6) + correction -> +6 tokens (171.7 ms)  cpos=1058
  [margins] 14.44 16.34 6.31 10.62 5.79  K=6
  verify 2: accepted 5/5 (K=6) + correction -> +6 tokens (175.6 ms)  cpos=1064

[spec] generated 12 tokens over 2 verifies: mean tokens/verify = 6.00 (block=5, max 6)
[spec] tokens: 35133 14 1119 6712 3051 16 6003 490 14 1119 6712 3051
[spec] SPEC-DECODE: 29.3 ms/tok = 34.17 tok/s  (vs base M=1 70.5 ms/tok = 14.19 tok/s -> 2.41x)
[decode] PREFILL: 1224 positions in 19747.7 ms = 62.0 tok/s (16.134 ms/tok)
[capture] wrote /home/patrickd/s5-capture/agentic-p25-b0.1/c4/cap/shard_p131_s001224.dspc  1224 tok x (3 taps + 1 lm_in) x 4096 = 38.3 MB (32.0 KB/tok)
[probe] wrote 16 draft probes (block=5) to /home/patrickd/s5-capture/agentic-p25-b0.1/c4/cap/drafts_p131_s001224.txt
[spec] decoding 8 tokens (block=5, draft passes=1, adaptK=1.50, prompt=131 s=1225)...
  [margins] 11.51 12.09 12.25 11.27 11.16  K=6
  verify 1: accepted 5/5 (K=6) + correction -> +6 tokens (169.6 ms)  cpos=1230
  [margins] 9.68 11.27 11.00 10.67 11.36  K=6
  verify 2: accepted 5/5 (K=6) + correction -> +6 tokens (170.3 ms)  cpos=1236

[spec] generated 12 tokens over 2 verifies: mean tokens/verify = 6.00 (block=5, max 6)
[spec] tokens: 1204 1204 1204 1204 1204 1204 1204 1204 1204 1204 1204 1204
[spec] SPEC-DECODE: 28.4 ms/tok = 35.23 tok/s  (vs base M=1 70.5 ms/tok = 14.19 tok/s -> 2.48x)
[decode] PREFILL: 1069 positions in 17178.7 ms = 62.2 tok/s (16.070 ms/tok)
[capture] wrote /home/patrickd/s5-capture/agentic-p25-b0.1/c4/cap/shard_p132_s001069.dspc  1069 tok x (3 taps + 1 lm_in) x 4096 = 33.4 MB (32.0 KB/tok)
[probe] wrote 16 draft probes (block=5) to /home/patrickd/s5-capture/agentic-p25-b0.1/c4/cap/drafts_p132_s001069.txt
[spec] decoding 8 tokens (block=5, draft passes=1, adaptK=1.50, prompt=132 s=1070)...
  [margins] 13.10 14.24 7.45 6.47 10.05  K=6
  verify 1: accepted 5/5 (K=6) + correction -> +6 tokens (175.9 ms)  cpos=1075
  [margins] 15.95 4.75 10.46 5.98 3.84  K=6
  verify 2: accepted 5/5 (K=6) + correction -> +6 tokens (178.1 ms)  cpos=1081

[spec] generated 12 tokens over 2 verifies: mean tokens/verify = 6.00 (block=5, max 6)
[spec] tokens: 5136 82 32 3749 343 2700 4290 5514 5136 82 32 3749
[spec] SPEC-DECODE: 29.7 ms/tok = 33.70 tok/s  (vs base M=1 70.5 ms/tok = 14.19 tok/s -> 2.37x)
[decode] PREFILL: 1098 positions in 17654.2 ms = 62.2 tok/s (16.078 ms/tok)
[capture] wrote /home/patrickd/s5-capture/agentic-p25-b0.1/c4/cap/shard_p133_s001098.dspc  1098 tok x (3 taps + 1 lm_in) x 4096 = 34.3 MB (32.0 KB/tok)
[probe] wrote 16 draft probes (block=5) to /home/patrickd/s5-capture/agentic-p25-b0.1/c4/cap/drafts_p133_s001098.txt
[spec] decoding 8 tokens (block=5, draft passes=1, adaptK=1.50, prompt=133 s=1099)...
  [margins] 21.64 18.34 9.77 2.88 10.39  K=6
  verify 1: accepted 5/5 (K=6) + correction -> +6 tokens (180.4 ms)  cpos=1104
  [margins] 18.33 9.72 1.63 2.44 3.13  K=6
  verify 2: accepted 3/5 (K=6) + correction -> +4 tokens (171.2 ms)  cpos=1108

[spec] generated 10 tokens over 2 verifies: mean tokens/verify = 5.00 (block=5, max 6)
[spec] tokens: 304 1926 850 1099 834 4105 14 2501 270 2496
[spec] SPEC-DECODE: 42.8 ms/tok = 23.37 tok/s  (vs base M=1 70.5 ms/tok = 14.19 tok/s -> 1.65x)
[decode] PREFILL: 1060 positions in 17033.4 ms = 62.2 tok/s (16.069 ms/tok)
[capture] wrote /home/patrickd/s5-capture/agentic-p25-b0.1/c4/cap/shard_p134_s001060.dspc  1060 tok x (3 taps + 1 lm_in) x 4096 = 33.1 MB (32.0 KB/tok)
[probe] wrote 16 draft probes (block=5) to /home/patrickd/s5-capture/agentic-p25-b0.1/c4/cap/drafts_p134_s001060.txt
[spec] decoding 8 tokens (block=5, draft passes=1, adaptK=1.50, prompt=134 s=1061)...
  [margins] 14.95 18.65 14.48 4.48 4.19  K=6
  verify 1: accepted 3/5 (K=6) + correction -> +4 tokens (166.6 ms)  cpos=1064
  [margins] 14.58 17.72 14.78 5.51 10.18  K=6
  verify 2: accepted 3/5 (K=6) + correction -> +4 tokens (163.0 ms)  cpos=1068

[spec] generated 8 tokens over 2 verifies: mean tokens/verify = 4.00 (block=5, max 6)
[spec] tokens: 3749 11 3749 11 3749 11 3749 11
[spec] SPEC-DECODE: 40.8 ms/tok = 24.54 tok/s  (vs base M=1 70.5 ms/tok = 14.19 tok/s -> 1.73x)
[decode] PREFILL: 1482 positions in 24026.9 ms = 61.7 tok/s (16.213 ms/tok)
[capture] wrote /home/patrickd/s5-capture/agentic-p25-b0.1/c4/cap/shard_p135_s001482.dspc  1482 tok x (3 taps + 1 lm_in) x 4096 = 46.3 MB (32.0 KB/tok)
[probe] wrote 16 draft probes (block=5) to /home/patrickd/s5-capture/agentic-p25-b0.1/c4/cap/drafts_p135_s001482.txt
[spec] decoding 8 tokens (block=5, draft passes=1, adaptK=1.50, prompt=135 s=1483)...
  [margins] 16.04 27.25 12.56 15.98 12.70  K=6
  verify 1: accepted 5/5 (K=6) + correction -> +6 tokens (183.4 ms)  cpos=1488
  [margins] 30.89 15.25 13.00 9.55 11.16  K=6
  verify 2: accepted 5/5 (K=6) + correction -> +6 tokens (168.8 ms)  cpos=1494

[spec] generated 12 tokens over 2 verifies: mean tokens/verify = 6.00 (block=5, max 6)
[spec] tokens: 1744 67 14 894 1587 76774 67 14 7789 14240 67 14
[spec] SPEC-DECODE: 28.1 ms/tok = 35.55 tok/s  (vs base M=1 70.5 ms/tok = 14.19 tok/s -> 2.51x)
[decode] PREFILL: 1043 positions in 16768.4 ms = 62.2 tok/s (16.077 ms/tok)
[capture] wrote /home/patrickd/s5-capture/agentic-p25-b0.1/c4/cap/shard_p136_s001043.dspc  1043 tok x (3 taps + 1 lm_in) x 4096 = 32.6 MB (32.0 KB/tok)
[probe] wrote 16 draft probes (block=5) to /home/patrickd/s5-capture/agentic-p25-b0.1/c4/cap/drafts_p136_s001043.txt
[spec] decoding 8 tokens (block=5, draft passes=1, adaptK=1.50, prompt=136 s=1044)...
  [margins] 16.41 9.77 6.08 10.14 10.56  K=6
  verify 1: accepted 5/5 (K=6) + correction -> +6 tokens (180.8 ms)  cpos=1049
  [margins] 13.98 8.19 9.69 5.89 7.71  K=6
  verify 2: accepted 5/5 (K=6) + correction -> +6 tokens (174.3 ms)  cpos=1055

[spec] generated 12 tokens over 2 verifies: mean tokens/verify = 6.00 (block=5, max 6)
[spec] tokens: 433 9780 44986 437 22555 28 437 22555 260 9225 494 9780
[spec] SPEC-DECODE: 29.1 ms/tok = 34.41 tok/s  (vs base M=1 70.5 ms/tok = 14.19 tok/s -> 2.43x)
[decode] PREFILL: 1400 positions in 22651.7 ms = 61.8 tok/s (16.180 ms/tok)
[capture] wrote /home/patrickd/s5-capture/agentic-p25-b0.1/c4/cap/shard_p137_s001400.dspc  1400 tok x (3 taps + 1 lm_in) x 4096 = 43.8 MB (32.0 KB/tok)
[probe] wrote 16 draft probes (block=5) to /home/patrickd/s5-capture/agentic-p25-b0.1/c4/cap/drafts_p137_s001400.txt
[spec] decoding 8 tokens (block=5, draft passes=1, adaptK=1.50, prompt=137 s=1401)...
  [margins] 13.15 14.11 10.92 10.16 2.75  K=6
  verify 1: accepted 5/5 (K=6) + correction -> +6 tokens (177.6 ms)  cpos=1406
  [margins] 21.11 14.28 14.11 11.52 13.20  K=6
  verify 2: accepted 5/5 (K=6) + correction -> +6 tokens (192.9 ms)  cpos=1412

[spec] generated 12 tokens over 2 verifies: mean tokens/verify = 6.00 (block=5, max 6)
[spec] tokens: 16 2012 271 671 14108 5756 396 8213 3711 19861 13735 1623
[spec] SPEC-DECODE: 32.2 ms/tok = 31.10 tok/s  (vs base M=1 70.5 ms/tok = 14.19 tok/s -> 2.19x)
[decode] PREFILL: 1071 positions in 17199.2 ms = 62.3 tok/s (16.059 ms/tok)
[capture] wrote /home/patrickd/s5-capture/agentic-p25-b0.1/c4/cap/shard_p138_s001071.dspc  1071 tok x (3 taps + 1 lm_in) x 4096 = 33.5 MB (32.0 KB/tok)
[probe] wrote 16 draft probes (block=5) to /home/patrickd/s5-capture/agentic-p25-b0.1/c4/cap/drafts_p138_s001071.txt
[spec] decoding 8 tokens (block=5, draft passes=1, adaptK=1.50, prompt=138 s=1072)...
  [margins] 8.33 0.22 1.00 1.10 0.04  K=2
  verify 1: accepted 1/1 (K=2) + correction -> +2 tokens (114.1 ms)  cpos=1073
  [margins] 2.92 8.10 4.99 3.40 0.84  K=5
  verify 2: accepted 4/4 (K=5) + correction -> +5 tokens (147.7 ms)  cpos=1078
  [margins] 13.87 2.04 5.32 1.45 3.31  K=4
  verify 3: accepted 1/3 (K=4) + correction -> +2 tokens (135.4 ms)  cpos=1080

[spec] generated 9 tokens over 3 verifies: mean tokens/verify = 3.00 (block=5, max 6)
[spec] tokens: 6520 1469 5942 334 305 5942 406 366 874
[spec] SPEC-DECODE: 40.5 ms/tok = 24.72 tok/s  (vs base M=1 70.5 ms/tok = 14.19 tok/s -> 1.74x)
[decode] PREFILL: 2140 positions in 35395.6 ms = 60.5 tok/s (16.540 ms/tok)
[capture] wrote /home/patrickd/s5-capture/agentic-p25-b0.1/c4/cap/shard_p139_s002140.dspc  2140 tok x (3 taps + 1 lm_in) x 4096 = 66.9 MB (32.0 KB/tok)
[probe] wrote 16 draft probes (block=5) to /home/patrickd/s5-capture/agentic-p25-b0.1/c4/cap/drafts_p139_s002140.txt
[spec] decoding 8 tokens (block=5, draft passes=1, adaptK=1.50, prompt=139 s=2141)...
  [margins] 13.90 16.81 7.85 12.05 14.32  K=6
  verify 1: accepted 5/5 (K=6) + correction -> +6 tokens (179.4 ms)  cpos=2146
  [margins] 13.66 17.42 9.53 12.69 14.69  K=6
  verify 2: accepted 5/5 (K=6) + correction -> +6 tokens (176.6 ms)  cpos=2152

[spec] generated 12 tokens over 2 verifies: mean tokens/verify = 6.00 (block=5, max 6)
[spec] tokens: 11628 86 16 11628 86 16 11628 86 16 11628 86 16
[spec] SPEC-DECODE: 29.4 ms/tok = 33.97 tok/s  (vs base M=1 70.5 ms/tok = 14.19 tok/s -> 2.39x)
[decode] PREFILL: 1097 positions in 17649.3 ms = 62.2 tok/s (16.089 ms/tok)
[capture] wrote /home/patrickd/s5-capture/agentic-p25-b0.1/c4/cap/shard_p140_s001097.dspc  1097 tok x (3 taps + 1 lm_in) x 4096 = 34.3 MB (32.0 KB/tok)
[probe] wrote 16 draft probes (block=5) to /home/patrickd/s5-capture/agentic-p25-b0.1/c4/cap/drafts_p140_s001097.txt
[spec] decoding 8 tokens (block=5, draft passes=1, adaptK=1.50, prompt=140 s=1098)...
  [margins] 17.33 17.15 16.95 16.31 14.55  K=6
  verify 1: accepted 5/5 (K=6) + correction -> +6 tokens (173.4 ms)  cpos=1103
  [margins] 13.63 15.58 19.75 21.81 13.13  K=6
  verify 2: accepted 5/5 (K=6) + correction -> +6 tokens (173.1 ms)  cpos=1109

[spec] generated 12 tokens over 2 verifies: mean tokens/verify = 6.00 (block=5, max 6)
[spec] tokens: 3116 16 29656 16 33778 26 16 2438 692 480 16 31250
[spec] SPEC-DECODE: 28.8 ms/tok = 34.67 tok/s  (vs base M=1 70.5 ms/tok = 14.19 tok/s -> 2.44x)
[decode] PREFILL: 1059 positions in 17012.9 ms = 62.2 tok/s (16.065 ms/tok)
[capture] wrote /home/patrickd/s5-capture/agentic-p25-b0.1/c4/cap/shard_p141_s001059.dspc  1059 tok x (3 taps + 1 lm_in) x 4096 = 33.1 MB (32.0 KB/tok)
[probe] wrote 16 draft probes (block=5) to /home/patrickd/s5-capture/agentic-p25-b0.1/c4/cap/drafts_p141_s001059.txt
[spec] decoding 8 tokens (block=5, draft passes=1, adaptK=1.50, prompt=141 s=1060)...
  [margins] 13.77 13.77 13.10 14.87 11.22  K=6
  verify 1: accepted 5/5 (K=6) + correction -> +6 tokens (172.4 ms)  cpos=1065
  [margins] 15.47 19.31 12.86 12.61 10.80  K=6
  verify 2: accepted 5/5 (K=6) + correction -> +6 tokens (165.4 ms)  cpos=1071

[spec] generated 12 tokens over 2 verifies: mean tokens/verify = 6.00 (block=5, max 6)
[spec] tokens: 271 3567 4105 1926 271 3567 4105 1926 271 3567 4105 1926
[spec] SPEC-DECODE: 27.6 ms/tok = 36.28 tok/s  (vs base M=1 70.5 ms/tok = 14.19 tok/s -> 2.56x)
[decode] PREFILL: 1830 positions in 29994.0 ms = 61.0 tok/s (16.390 ms/tok)
[capture] wrote /home/patrickd/s5-capture/agentic-p25-b0.1/c4/cap/shard_p142_s001830.dspc  1830 tok x (3 taps + 1 lm_in) x 4096 = 57.2 MB (32.0 KB/tok)
[probe] wrote 16 draft probes (block=5) to /home/patrickd/s5-capture/agentic-p25-b0.1/c4/cap/drafts_p142_s001830.txt
[spec] decoding 8 tokens (block=5, draft passes=1, adaptK=1.50, prompt=142 s=1831)...
  [margins] 21.22 17.88 11.22 17.94 18.14  K=6
  verify 1: accepted 5/5 (K=6) + correction -> +6 tokens (187.8 ms)  cpos=1836
  [margins] 15.88 17.80 17.78 18.42 11.34  K=6
  verify 2: accepted 5/5 (K=6) + correction -> +6 tokens (174.3 ms)  cpos=1842

[spec] generated 12 tokens over 2 verifies: mean tokens/verify = 6.00 (block=5, max 6)
[spec] tokens: 16 3731 806 201 23 16 14640 201 24 16 93089 8023
[spec] SPEC-DECODE: 29.1 ms/tok = 34.42 tok/s  (vs base M=1 70.5 ms/tok = 14.19 tok/s -> 2.43x)
[decode] PREFILL: 1074 positions in 17267.6 ms = 62.2 tok/s (16.078 ms/tok)
[capture] wrote /home/patrickd/s5-capture/agentic-p25-b0.1/c4/cap/shard_p143_s001074.dspc  1074 tok x (3 taps + 1 lm_in) x 4096 = 33.6 MB (32.0 KB/tok)
[probe] wrote 16 draft probes (block=5) to /home/patrickd/s5-capture/agentic-p25-b0.1/c4/cap/drafts_p143_s001074.txt
[spec] decoding 8 tokens (block=5, draft passes=1, adaptK=1.50, prompt=143 s=1075)...
  [margins] 8.76 6.93 8.02 7.08 6.91  K=6
  verify 1: accepted 5/5 (K=6) + correction -> +6 tokens (181.1 ms)  cpos=1080
  [margins] 5.81 10.00 12.44 9.44 10.66  K=6
  verify 2: accepted 5/5 (K=6) + correction -> +6 tokens (170.9 ms)  cpos=1086

[spec] generated 12 tokens over 2 verifies: mean tokens/verify = 6.00 (block=5, max 6)
[spec] tokens: 5238 979 24313 72461 112042 3362 582 1133 90605 65 50219 1760
[spec] SPEC-DECODE: 28.5 ms/tok = 35.10 tok/s  (vs base M=1 70.5 ms/tok = 14.19 tok/s -> 2.47x)
[decode] PREFILL: 1480 positions in 24007.4 ms = 61.6 tok/s (16.221 ms/tok)
[capture] wrote /home/patrickd/s5-capture/agentic-p25-b0.1/c4/cap/shard_p144_s001480.dspc  1480 tok x (3 taps + 1 lm_in) x 4096 = 46.3 MB (32.0 KB/tok)
[probe] wrote 16 draft probes (block=5) to /home/patrickd/s5-capture/agentic-p25-b0.1/c4/cap/drafts_p144_s001480.txt
[spec] decoding 8 tokens (block=5, draft passes=1, adaptK=1.50, prompt=144 s=1481)...
  [margins] 14.03 13.19 5.68 6.08 7.97  K=6
  verify 1: accepted 5/5 (K=6) + correction -> +6 tokens (180.0 ms)  cpos=1486
  [margins] 14.54 12.45 11.51 6.77 4.90  K=6
  verify 2: accepted 5/5 (K=6) + correction -> +6 tokens (178.7 ms)  cpos=1492

[spec] generated 12 tokens over 2 verifies: mean tokens/verify = 6.00 (block=5, max 6)
[spec] tokens: 1357 18 16 58655 962 14 223 1357 18 16 58655 962
[spec] SPEC-DECODE: 29.8 ms/tok = 33.58 tok/s  (vs base M=1 70.5 ms/tok = 14.19 tok/s -> 2.37x)
[decode] PREFILL: 1105 positions in 17786.0 ms = 62.1 tok/s (16.096 ms/tok)
[capture] wrote /home/patrickd/s5-capture/agentic-p25-b0.1/c4/cap/shard_p145_s001105.dspc  1105 tok x (3 taps + 1 lm_in) x 4096 = 34.5 MB (32.0 KB/tok)
[probe] wrote 16 draft probes (block=5) to /home/patrickd/s5-capture/agentic-p25-b0.1/c4/cap/drafts_p145_s001105.txt
[spec] decoding 8 tokens (block=5, draft passes=1, adaptK=1.50, prompt=145 s=1106)...
  [margins] 14.72 15.04 15.43 7.47 9.77  K=6
  verify 1: accepted 5/5 (K=6) + correction -> +6 tokens (175.4 ms)  cpos=1111
  [margins] 10.25 12.95 7.32 8.82 1.69  K=6
  verify 2: accepted 5/5 (K=6) + correction -> +6 tokens (177.3 ms)  cpos=1117

[spec] generated 12 tokens over 2 verifies: mean tokens/verify = 6.00 (block=5, max 6)
[spec] tokens: 6830 6471 30210 28967 14 11941 11892 82 1461 3749 455 22896
[spec] SPEC-DECODE: 29.6 ms/tok = 33.84 tok/s  (vs base M=1 70.5 ms/tok = 14.19 tok/s -> 2.38x)
[decode] PREFILL: 1191 positions in 19194.9 ms = 62.0 tok/s (16.117 ms/tok)
[capture] wrote /home/patrickd/s5-capture/agentic-p25-b0.1/c4/cap/shard_p146_s001191.dspc  1191 tok x (3 taps + 1 lm_in) x 4096 = 37.2 MB (32.0 KB/tok)
[probe] wrote 16 draft probes (block=5) to /home/patrickd/s5-capture/agentic-p25-b0.1/c4/cap/drafts_p146_s001191.txt
[spec] decoding 8 tokens (block=5, draft passes=1, adaptK=1.50, prompt=146 s=1192)...
  [margins] 13.76 18.79 12.73 12.40 14.45  K=6
  verify 1: accepted 5/5 (K=6) + correction -> +6 tokens (180.7 ms)  cpos=1197
  [margins] 23.36 10.29 12.75 14.81 11.78  K=6
  verify 2: accepted 5/5 (K=6) + correction -> +6 tokens (172.3 ms)  cpos=1203

[spec] generated 12 tokens over 2 verifies: mean tokens/verify = 6.00 (block=5, max 6)
[spec] tokens: 1918 554 3394 51223 302 380 13397 9 10206 6809 16 29034
[spec] SPEC-DECODE: 28.7 ms/tok = 34.82 tok/s  (vs base M=1 70.5 ms/tok = 14.19 tok/s -> 2.45x)
[decode] PREFILL: 1750 positions in 28628.8 ms = 61.1 tok/s (16.359 ms/tok)
[capture] wrote /home/patrickd/s5-capture/agentic-p25-b0.1/c4/cap/shard_p147_s001750.dspc  1750 tok x (3 taps + 1 lm_in) x 4096 = 54.7 MB (32.0 KB/tok)
[probe] wrote 16 draft probes (block=5) to /home/patrickd/s5-capture/agentic-p25-b0.1/c4/cap/drafts_p147_s001750.txt
[spec] decoding 8 tokens (block=5, draft passes=1, adaptK=1.50, prompt=147 s=1751)...
  [margins] 15.19 14.08 13.53 14.48 15.57  K=6
  verify 1: accepted 5/5 (K=6) + correction -> +6 tokens (190.4 ms)  cpos=1756
  [margins] 11.58 11.08 11.76 13.41 10.08  K=6
  verify 2: accepted 5/5 (K=6) + correction -> +6 tokens (178.0 ms)  cpos=1762

[spec] generated 12 tokens over 2 verifies: mean tokens/verify = 6.00 (block=5, max 6)
[spec] tokens: 6170 11516 2918 223 4470 27 14 305 41658 32758 4851 270
[spec] SPEC-DECODE: 29.7 ms/tok = 33.71 tok/s  (vs base M=1 70.5 ms/tok = 14.19 tok/s -> 2.38x)
[decode] PREFILL: 1090 positions in 17526.9 ms = 62.2 tok/s (16.080 ms/tok)
[capture] wrote /home/patrickd/s5-capture/agentic-p25-b0.1/c4/cap/shard_p148_s001090.dspc  1090 tok x (3 taps + 1 lm_in) x 4096 = 34.1 MB (32.0 KB/tok)
[probe] wrote 16 draft probes (block=5) to /home/patrickd/s5-capture/agentic-p25-b0.1/c4/cap/drafts_p148_s001090.txt
[spec] decoding 8 tokens (block=5, draft passes=1, adaptK=1.50, prompt=148 s=1091)...
  [margins] 17.35 20.48 14.65 12.40 11.45  K=6
  verify 1: accepted 5/5 (K=6) + correction -> +6 tokens (179.2 ms)  cpos=1096
  [margins] 16.19 20.14 15.01 11.54 14.44  K=6
  verify 2: accepted 5/5 (K=6) + correction -> +6 tokens (172.0 ms)  cpos=1102

[spec] generated 12 tokens over 2 verifies: mean tokens/verify = 6.00 (block=5, max 6)
[spec] tokens: 2951 377 6830 14 5045 14 305 11640 16 455 14904 477
[spec] SPEC-DECODE: 28.7 ms/tok = 34.88 tok/s  (vs base M=1 70.5 ms/tok = 14.19 tok/s -> 2.46x)
[decode] PREFILL: 1156 positions in 18639.0 ms = 62.0 tok/s (16.124 ms/tok)
[capture] wrote /home/patrickd/s5-capture/agentic-p25-b0.1/c4/cap/shard_p149_s001156.dspc  1156 tok x (3 taps + 1 lm_in) x 4096 = 36.1 MB (32.0 KB/tok)
[probe] wrote 16 draft probes (block=5) to /home/patrickd/s5-capture/agentic-p25-b0.1/c4/cap/drafts_p149_s001156.txt
[spec] decoding 8 tokens (block=5, draft passes=1, adaptK=1.50, prompt=149 s=1157)...
  [margins] 13.71 12.66 9.48 11.26 5.53  K=6
  verify 1: accepted 5/5 (K=6) + correction -> +6 tokens (175.7 ms)  cpos=1162
  [margins] 12.81 11.34 0.94 4.88 2.10  K=3
  verify 2: accepted 2/2 (K=3) + correction -> +3 tokens (126.6 ms)  cpos=1165

[spec] generated 9 tokens over 2 verifies: mean tokens/verify = 4.50 (block=5, max 6)
[spec] tokens: 793 89106 305 12697 295 11694 16 342 6345
[spec] SPEC-DECODE: 42.2 ms/tok = 23.69 tok/s  (vs base M=1 70.5 ms/tok = 14.19 tok/s -> 1.67x)
[decode] PREFILL: 1477 positions in 23953.9 ms = 61.7 tok/s (16.218 ms/tok)
[capture] wrote /home/patrickd/s5-capture/agentic-p25-b0.1/c4/cap/shard_p150_s001477.dspc  1477 tok x (3 taps + 1 lm_in) x 4096 = 46.2 MB (32.0 KB/tok)
[probe] wrote 16 draft probes (block=5) to /home/patrickd/s5-capture/agentic-p25-b0.1/c4/cap/drafts_p150_s001477.txt
[spec] decoding 8 tokens (block=5, draft passes=1, adaptK=1.50, prompt=150 s=1478)...
  [margins] 20.08 12.11 14.96 8.47 12.38  K=6
  verify 1: accepted 5/5 (K=6) + correction -> +6 tokens (180.7 ms)  cpos=1483
  [margins] 20.71 14.81 7.72 11.32 14.47  K=6
  verify 2: accepted 5/5 (K=6) + correction -> +6 tokens (179.2 ms)  cpos=1489

[spec] generated 12 tokens over 2 verifies: mean tokens/verify = 6.00 (block=5, max 6)
[spec] tokens: 29217 17581 10297 29 433 5876 84782 17341 29 51522 29217 17581
[spec] SPEC-DECODE: 29.9 ms/tok = 33.48 tok/s  (vs base M=1 70.5 ms/tok = 14.19 tok/s -> 2.36x)
[decode] PREFILL: 1103 positions in 17724.4 ms = 62.2 tok/s (16.069 ms/tok)
[capture] wrote /home/patrickd/s5-capture/agentic-p25-b0.1/c4/cap/shard_p151_s001103.dspc  1103 tok x (3 taps + 1 lm_in) x 4096 = 34.5 MB (32.0 KB/tok)
[probe] wrote 16 draft probes (block=5) to /home/patrickd/s5-capture/agentic-p25-b0.1/c4/cap/drafts_p151_s001103.txt
[spec] decoding 8 tokens (block=5, draft passes=1, adaptK=1.50, prompt=151 s=1104)...
  [margins] 6.61 4.11 2.16 0.89 0.10  K=4
  verify 1: accepted 3/3 (K=4) + correction -> +4 tokens (140.4 ms)  cpos=1107
  [margins] 1.61 1.19 7.25 1.06 1.75  K=2
  verify 2: accepted 1/1 (K=2) + correction -> +2 tokens (111.5 ms)  cpos=1109
  [margins] 7.12 5.87 0.56 0.58 1.90  K=3
  verify 3: accepted 2/2 (K=3) + correction -> +3 tokens (121.0 ms)  cpos=1112

[spec] generated 9 tokens over 3 verifies: mean tokens/verify = 3.00 (block=5, max 6)
[spec] tokens: 270 3295 6809 2136 362 2511 14 855 10945
[spec] SPEC-DECODE: 46.5 ms/tok = 21.51 tok/s  (vs base M=1 70.5 ms/tok = 14.19 tok/s -> 1.52x)
[decode] PREFILL: 1055 positions in 16930.0 ms = 62.3 tok/s (16.047 ms/tok)
[capture] wrote /home/patrickd/s5-capture/agentic-p25-b0.1/c4/cap/shard_p152_s001055.dspc  1055 tok x (3 taps + 1 lm_in) x 4096 = 33.0 MB (32.0 KB/tok)
[probe] wrote 16 draft probes (block=5) to /home/patrickd/s5-capture/agentic-p25-b0.1/c4/cap/drafts_p152_s001055.txt
[spec] decoding 8 tokens (block=5, draft passes=1, adaptK=1.50, prompt=152 s=1056)...
  [margins] 15.54 13.46 15.06 10.15 10.76  K=6
  verify 1: accepted 5/5 (K=6) + correction -> +6 tokens (178.7 ms)  cpos=1061
  [margins] 17.03 13.68 17.63 12.03 12.30  K=6
  verify 2: accepted 5/5 (K=6) + correction -> +6 tokens (169.1 ms)  cpos=1067

[spec] generated 12 tokens over 2 verifies: mean tokens/verify = 6.00 (block=5, max 6)
[spec] tokens: 1926 270 4105 16 4147 554 1926 270 4105 16 4147 554
[spec] SPEC-DECODE: 28.2 ms/tok = 35.49 tok/s  (vs base M=1 70.5 ms/tok = 14.19 tok/s -> 2.50x)
[decode] PREFILL: 1057 positions in 17004.7 ms = 62.2 tok/s (16.088 ms/tok)
[capture] wrote /home/patrickd/s5-capture/agentic-p25-b0.1/c4/cap/shard_p153_s001057.dspc  1057 tok x (3 taps + 1 lm_in) x 4096 = 33.0 MB (32.0 KB/tok)
[probe] wrote 16 draft probes (block=5) to /home/patrickd/s5-capture/agentic-p25-b0.1/c4/cap/drafts_p153_s001057.txt
[spec] decoding 8 tokens (block=5, draft passes=1, adaptK=1.50, prompt=153 s=1058)...
  [margins] 12.50 16.56 8.18 15.21 8.72  K=6
  verify 1: accepted 5/5 (K=6) + correction -> +6 tokens (173.8 ms)  cpos=1063
  [margins] 15.21 14.76 16.39 15.62 7.91  K=6
  verify 2: accepted 5/5 (K=6) + correction -> +6 tokens (175.3 ms)  cpos=1069

[spec] generated 12 tokens over 2 verifies: mean tokens/verify = 6.00 (block=5, max 6)
[spec] tokens: 270 3967 734 5118 16 455 4256 759 366 11784 305 759
[spec] SPEC-DECODE: 29.2 ms/tok = 34.23 tok/s  (vs base M=1 70.5 ms/tok = 14.19 tok/s -> 2.41x)
[decode] PREFILL: 1083 positions in 17389.2 ms = 62.3 tok/s (16.057 ms/tok)
[capture] wrote /home/patrickd/s5-capture/agentic-p25-b0.1/c4/cap/shard_p154_s001083.dspc  1083 tok x (3 taps + 1 lm_in) x 4096 = 33.8 MB (32.0 KB/tok)
[probe] wrote 16 draft probes (block=5) to /home/patrickd/s5-capture/agentic-p25-b0.1/c4/cap/drafts_p154_s001083.txt
[spec] decoding 8 tokens (block=5, draft passes=1, adaptK=1.50, prompt=154 s=1084)...
  [margins] 15.91 11.52 14.41 14.95 10.08  K=6
  verify 1: accepted 5/5 (K=6) + correction -> +6 tokens (177.8 ms)  cpos=1089
  [margins] 16.33 11.68 13.49 15.06 10.55  K=6
  verify 2: accepted 5/5 (K=6) + correction -> +6 tokens (168.3 ms)  cpos=1095

[spec] generated 12 tokens over 2 verifies: mean tokens/verify = 6.00 (block=5, max 6)
[spec] tokens: 1309 260 4866 4630 271 43 1309 260 4866 4630 271 43
[spec] SPEC-DECODE: 28.1 ms/tok = 35.65 tok/s  (vs base M=1 70.5 ms/tok = 14.19 tok/s -> 2.51x)
[decode] PREFILL: 1117 positions in 17954.3 ms = 62.2 tok/s (16.074 ms/tok)
[capture] wrote /home/patrickd/s5-capture/agentic-p25-b0.1/c4/cap/shard_p155_s001117.dspc  1117 tok x (3 taps + 1 lm_in) x 4096 = 34.9 MB (32.0 KB/tok)
[probe] wrote 16 draft probes (block=5) to /home/patrickd/s5-capture/agentic-p25-b0.1/c4/cap/drafts_p155_s001117.txt
[spec] decoding 8 tokens (block=5, draft passes=1, adaptK=1.50, prompt=155 s=1118)...
  [margins] 20.69 18.36 16.77 17.14 10.59  K=6
  verify 1: accepted 5/5 (K=6) + correction -> +6 tokens (175.2 ms)  cpos=1123
  [margins] 20.57 17.94 16.29 14.71 5.17  K=6
  verify 2: accepted 5/5 (K=6) + correction -> +6 tokens (176.9 ms)  cpos=1129

[spec] generated 12 tokens over 2 verifies: mean tokens/verify = 6.00 (block=5, max 6)
[spec] tokens: 11 11620 3001 16801 305 3979 6600 11 818 13301 463 16801
[spec] SPEC-DECODE: 29.5 ms/tok = 33.93 tok/s  (vs base M=1 70.5 ms/tok = 14.19 tok/s -> 2.39x)
[decode] PREFILL: 1042 positions in 16736.6 ms = 62.3 tok/s (16.062 ms/tok)
[capture] wrote /home/patrickd/s5-capture/agentic-p25-b0.1/c4/cap/shard_p156_s001042.dspc  1042 tok x (3 taps + 1 lm_in) x 4096 = 32.6 MB (32.0 KB/tok)
[probe] wrote 16 draft probes (block=5) to /home/patrickd/s5-capture/agentic-p25-b0.1/c4/cap/drafts_p156_s001042.txt
[spec] decoding 8 tokens (block=5, draft passes=1, adaptK=1.50, prompt=156 s=1043)...
  [margins] 14.36 15.11 6.77 13.39 13.23  K=6
  verify 1: accepted 5/5 (K=6) + correction -> +6 tokens (172.0 ms)  cpos=1048
  [margins] 14.32 16.37 6.42 13.56 12.28  K=6
  verify 2: accepted 5/5 (K=6) + correction -> +6 tokens (162.5 ms)  cpos=1054

[spec] generated 12 tokens over 2 verifies: mean tokens/verify = 6.00 (block=5, max 6)
[spec] tokens: 11628 86 16 11628 86 16 11628 86 16 11628 86 16
[spec] SPEC-DECODE: 27.1 ms/tok = 36.92 tok/s  (vs base M=1 70.5 ms/tok = 14.19 tok/s -> 2.60x)
[decode] PREFILL: 1116 positions in 17948.0 ms = 62.2 tok/s (16.082 ms/tok)
[capture] wrote /home/patrickd/s5-capture/agentic-p25-b0.1/c4/cap/shard_p157_s001116.dspc  1116 tok x (3 taps + 1 lm_in) x 4096 = 34.9 MB (32.0 KB/tok)
[probe] wrote 16 draft probes (block=5) to /home/patrickd/s5-capture/agentic-p25-b0.1/c4/cap/drafts_p157_s001116.txt
[spec] decoding 8 tokens (block=5, draft passes=1, adaptK=1.50, prompt=157 s=1117)...
  [margins] 19.20 14.92 9.84 0.04 11.03  K=4
  verify 1: accepted 3/3 (K=4) + correction -> +4 tokens (143.6 ms)  cpos=1120
  [margins] 14.92 3.17 8.52 11.61 11.69  K=6
  verify 2: accepted 5/5 (K=6) + correction -> +6 tokens (170.6 ms)  cpos=1126

[spec] generated 10 tokens over 2 verifies: mean tokens/verify = 5.00 (block=5, max 6)
[spec] tokens: 778 4105 440 1114 1926 305 418 1205 14904 16
[spec] SPEC-DECODE: 28.4 ms/tok = 35.16 tok/s  (vs base M=1 70.5 ms/tok = 14.19 tok/s -> 2.48x)
[decode] PREFILL: 1049 positions in 16847.2 ms = 62.3 tok/s (16.060 ms/tok)
[capture] wrote /home/patrickd/s5-capture/agentic-p25-b0.1/c4/cap/shard_p158_s001049.dspc  1049 tok x (3 taps + 1 lm_in) x 4096 = 32.8 MB (32.0 KB/tok)
[probe] wrote 16 draft probes (block=5) to /home/patrickd/s5-capture/agentic-p25-b0.1/c4/cap/drafts_p158_s001049.txt
[spec] decoding 8 tokens (block=5, draft passes=1, adaptK=1.50, prompt=158 s=1050)...
  [margins] 14.84 10.87 12.26 15.12 11.91  K=6
  verify 1: accepted 5/5 (K=6) + correction -> +6 tokens (171.6 ms)  cpos=1055
  [margins] 8.33 11.40 15.26 11.07 12.70  K=6
  verify 2: accepted 5/5 (K=6) + correction -> +6 tokens (170.4 ms)  cpos=1061

[spec] generated 12 tokens over 2 verifies: mean tokens/verify = 6.00 (block=5, max 6)
[spec] tokens: 4813 16 455 4181 344 4813 16 455 4181 344 4813 16
[spec] SPEC-DECODE: 28.4 ms/tok = 35.22 tok/s  (vs base M=1 70.5 ms/tok = 14.19 tok/s -> 2.48x)
[decode] PREFILL: 2255 positions in 37416.2 ms = 60.3 tok/s (16.593 ms/tok)
[capture] wrote /home/patrickd/s5-capture/agentic-p25-b0.1/c4/cap/shard_p159_s002255.dspc  2255 tok x (3 taps + 1 lm_in) x 4096 = 70.5 MB (32.0 KB/tok)
[probe] wrote 16 draft probes (block=5) to /home/patrickd/s5-capture/agentic-p25-b0.1/c4/cap/drafts_p159_s002255.txt
[spec] decoding 8 tokens (block=5, draft passes=1, adaptK=1.50, prompt=159 s=2256)...
  [margins] 18.02 14.46 15.02 7.04 13.38  K=6
  verify 1: accepted 5/5 (K=6) + correction -> +6 tokens (191.4 ms)  cpos=2261
  [margins] 16.57 15.29 11.55 13.09 8.90  K=6
  verify 2: accepted 5/5 (K=6) + correction -> +6 tokens (177.6 ms)  cpos=2267

[spec] generated 12 tokens over 2 verifies: mean tokens/verify = 6.00 (block=5, max 6)
[spec] tokens: 696 554 3394 270 2329 16 2052 1031 344 1119 1141 14
[spec] SPEC-DECODE: 29.6 ms/tok = 33.78 tok/s  (vs base M=1 70.5 ms/tok = 14.19 tok/s -> 2.38x)
[decode] PREFILL: 1048 positions in 16823.2 ms = 62.3 tok/s (16.053 ms/tok)
[capture] wrote /home/patrickd/s5-capture/agentic-p25-b0.1/c4/cap/shard_p160_s001048.dspc  1048 tok x (3 taps + 1 lm_in) x 4096 = 32.8 MB (32.0 KB/tok)
[probe] wrote 16 draft probes (block=5) to /home/patrickd/s5-capture/agentic-p25-b0.1/c4/cap/drafts_p160_s001048.txt
[spec] decoding 8 tokens (block=5, draft passes=1, adaptK=1.50, prompt=160 s=1049)...
  [margins] 11.04 13.90 11.43 12.98 11.84  K=6
  verify 1: accepted 5/5 (K=6) + correction -> +6 tokens (162.7 ms)  cpos=1054
  [margins] 10.66 13.94 10.93 12.58 11.24  K=6
  verify 2: accepted 5/5 (K=6) + correction -> +6 tokens (166.3 ms)  cpos=1060

[spec] generated 12 tokens over 2 verifies: mean tokens/verify = 6.00 (block=5, max 6)
[spec] tokens: 16 16448 16 16448 16 16448 16 16448 16 16448 16 16448
[spec] SPEC-DECODE: 27.7 ms/tok = 36.08 tok/s  (vs base M=1 70.5 ms/tok = 14.19 tok/s -> 2.54x)
[decode] PREFILL: 1826 positions in 29935.8 ms = 61.0 tok/s (16.394 ms/tok)
[capture] wrote /home/patrickd/s5-capture/agentic-p25-b0.1/c4/cap/shard_p161_s001826.dspc  1826 tok x (3 taps + 1 lm_in) x 4096 = 57.1 MB (32.0 KB/tok)
[probe] wrote 16 draft probes (block=5) to /home/patrickd/s5-capture/agentic-p25-b0.1/c4/cap/drafts_p161_s001826.txt
[spec] decoding 8 tokens (block=5, draft passes=1, adaptK=1.50, prompt=161 s=1827)...
  [margins] 13.74 11.98 13.99 15.31 11.35  K=6
  verify 1: accepted 5/5 (K=6) + correction -> +6 tokens (188.9 ms)  cpos=1832
  [margins] 18.55 5.33 9.94 13.73 13.12  K=6
  verify 2: accepted 5/5 (K=6) + correction -> +6 tokens (175.7 ms)  cpos=1838

[spec] generated 12 tokens over 2 verifies: mean tokens/verify = 6.00 (block=5, max 6)
[spec] tokens: 3287 344 223 21 16 223 792 26 305 223 939 18
[spec] SPEC-DECODE: 29.3 ms/tok = 34.15 tok/s  (vs base M=1 70.5 ms/tok = 14.19 tok/s -> 2.41x)
[decode] PREFILL: 1081 positions in 17371.9 ms = 62.2 tok/s (16.070 ms/tok)
[capture] wrote /home/patrickd/s5-capture/agentic-p25-b0.1/c4/cap/shard_p162_s001081.dspc  1081 tok x (3 taps + 1 lm_in) x 4096 = 33.8 MB (32.0 KB/tok)
[probe] wrote 16 draft probes (block=5) to /home/patrickd/s5-capture/agentic-p25-b0.1/c4/cap/drafts_p162_s001081.txt
[spec] decoding 8 tokens (block=5, draft passes=1, adaptK=1.50, prompt=162 s=1082)...
  [margins] 19.62 15.25 14.62 14.83 12.13  K=6
  verify 1: accepted 5/5 (K=6) + correction -> +6 tokens (173.3 ms)  cpos=1087
  [margins] 13.37 16.01 13.93 15.36 12.82  K=6
  verify 2: accepted 5/5 (K=6) + correction -> +6 tokens (175.0 ms)  cpos=1093

[spec] generated 12 tokens over 2 verifies: mean tokens/verify = 6.00 (block=5, max 6)
[spec] tokens: 366 295 260 9217 4256 16 455 4256 1531 366 295 270
[spec] SPEC-DECODE: 29.2 ms/tok = 34.28 tok/s  (vs base M=1 70.5 ms/tok = 14.19 tok/s -> 2.42x)
[decode] PREFILL: 1097 positions in 17628.8 ms = 62.2 tok/s (16.070 ms/tok)
[capture] wrote /home/patrickd/s5-capture/agentic-p25-b0.1/c4/cap/shard_p163_s001097.dspc  1097 tok x (3 taps + 1 lm_in) x 4096 = 34.3 MB (32.0 KB/tok)
[probe] wrote 16 draft probes (block=5) to /home/patrickd/s5-capture/agentic-p25-b0.1/c4/cap/drafts_p163_s001097.txt
[spec] decoding 8 tokens (block=5, draft passes=1, adaptK=1.50, prompt=163 s=1098)...
  [margins] 18.85 15.33 6.35 17.78 15.70  K=6
  verify 1: accepted 5/5 (K=6) + correction -> +6 tokens (166.2 ms)  cpos=1103
  [margins] 13.97 14.68 6.76 16.20 14.59  K=6
  verify 2: accepted 5/5 (K=6) + correction -> +6 tokens (170.4 ms)  cpos=1109

[spec] generated 12 tokens over 2 verifies: mean tokens/verify = 6.00 (block=5, max 6)
[spec] tokens: 204 201 223 204 201 223 204 201 223 204 201 223
[spec] SPEC-DECODE: 28.4 ms/tok = 35.21 tok/s  (vs base M=1 70.5 ms/tok = 14.19 tok/s -> 2.48x)
[decode] PREFILL: 1036 positions in 16622.0 ms = 62.3 tok/s (16.044 ms/tok)
[capture] wrote /home/patrickd/s5-capture/agentic-p25-b0.1/c4/cap/shard_p164_s001036.dspc  1036 tok x (3 taps + 1 lm_in) x 4096 = 32.4 MB (32.0 KB/tok)
[probe] wrote 16 draft probes (block=5) to /home/patrickd/s5-capture/agentic-p25-b0.1/c4/cap/drafts_p164_s001036.txt
[spec] decoding 8 tokens (block=5, draft passes=1, adaptK=1.50, prompt=164 s=1037)...
  [margins] 5.65 0.30 1.62 7.09 6.20  K=2
  verify 1: accepted 1/1 (K=2) + correction -> +2 tokens (109.4 ms)  cpos=1038
  [margins] 0.58 7.13 4.39 6.43 1.29  K=5
  verify 2: accepted 4/4 (K=5) + correction -> +5 tokens (156.8 ms)  cpos=1043
  [margins] 7.34 9.16 17.99 12.69 8.46  K=6
  verify 3: accepted 5/5 (K=6) + correction -> +6 tokens (174.9 ms)  cpos=1049

[spec] generated 13 tokens over 3 verifies: mean tokens/verify = 4.33 (block=5, max 6)
[spec] tokens: 1606 18445 603 262 565 2619 34532 343 71 3588 1042 223 13587
[spec] SPEC-DECODE: 30.2 ms/tok = 33.16 tok/s  (vs base M=1 70.5 ms/tok = 14.19 tok/s -> 2.34x)
[decode] PREFILL: 2163 positions in 35839.7 ms = 60.4 tok/s (16.569 ms/tok)
[capture] wrote /home/patrickd/s5-capture/agentic-p25-b0.1/c4/cap/shard_p165_s002163.dspc  2163 tok x (3 taps + 1 lm_in) x 4096 = 67.6 MB (32.0 KB/tok)
[probe] wrote 16 draft probes (block=5) to /home/patrickd/s5-capture/agentic-p25-b0.1/c4/cap/drafts_p165_s002163.txt
[spec] decoding 8 tokens (block=5, draft passes=1, adaptK=1.50, prompt=165 s=2164)...
  [margins] 8.15 10.39 2.99 3.26 2.28  K=6
  verify 1: accepted 4/5 (K=6) + correction -> +5 tokens (194.8 ms)  cpos=2168
  [margins] 13.08 3.66 7.97 7.39 0.93  K=5
  verify 2: accepted 4/4 (K=5) + correction -> +5 tokens (159.4 ms)  cpos=2173

[spec] generated 10 tokens over 2 verifies: mean tokens/verify = 5.00 (block=5, max 6)
[spec] tokens: 16 3749 14640 734 1988 1936 270 19362 515 39376
[spec] SPEC-DECODE: 31.9 ms/tok = 31.36 tok/s  (vs base M=1 70.5 ms/tok = 14.19 tok/s -> 2.21x)
[decode] PREFILL: 1064 positions in 17099.7 ms = 62.2 tok/s (16.071 ms/tok)
[capture] wrote /home/patrickd/s5-capture/agentic-p25-b0.1/c4/cap/shard_p166_s001064.dspc  1064 tok x (3 taps + 1 lm_in) x 4096 = 33.3 MB (32.0 KB/tok)
[probe] wrote 16 draft probes (block=5) to /home/patrickd/s5-capture/agentic-p25-b0.1/c4/cap/drafts_p166_s001064.txt
[spec] decoding 8 tokens (block=5, draft passes=1, adaptK=1.50, prompt=166 s=1065)...
  [margins] 19.35 16.97 18.52 13.38 16.08  K=6
  verify 1: accepted 5/5 (K=6) + correction -> +6 tokens (169.2 ms)  cpos=1070
  [margins] 21.50 15.27 18.08 14.42 18.67  K=6
  verify 2: accepted 5/5 (K=6) + correction -> +6 tokens (169.9 ms)  cpos=1076

[spec] generated 12 tokens over 2 verifies: mean tokens/verify = 6.00 (block=5, max 6)
[spec] tokens: 16 25 16 22 16 23 16 20 16 24 16 21
[spec] SPEC-DECODE: 28.3 ms/tok = 35.31 tok/s  (vs base M=1 70.5 ms/tok = 14.19 tok/s -> 2.49x)
[decode] PREFILL: 1083 positions in 17392.4 ms = 62.3 tok/s (16.059 ms/tok)
[capture] wrote /home/patrickd/s5-capture/agentic-p25-b0.1/c4/cap/shard_p167_s001083.dspc  1083 tok x (3 taps + 1 lm_in) x 4096 = 33.8 MB (32.0 KB/tok)
[probe] wrote 16 draft probes (block=5) to /home/patrickd/s5-capture/agentic-p25-b0.1/c4/cap/drafts_p167_s001083.txt
[spec] decoding 8 tokens (block=5, draft passes=1, adaptK=1.50, prompt=167 s=1084)...
  [margins] 16.33 12.19 14.47 10.95 11.72  K=6
  verify 1: accepted 5/5 (K=6) + correction -> +6 tokens (175.6 ms)  cpos=1089
  [margins] 15.10 11.80 10.36 10.97 10.65  K=6
  verify 2: accepted 5/5 (K=6) + correction -> +6 tokens (164.4 ms)  cpos=1095

[spec] generated 12 tokens over 2 verifies: mean tokens/verify = 6.00 (block=5, max 6)
[spec] tokens: 16448 3225 74995 16 16448 3225 74995 16 16448 3225 74995 16
[spec] SPEC-DECODE: 27.4 ms/tok = 36.50 tok/s  (vs base M=1 70.5 ms/tok = 14.19 tok/s -> 2.57x)
[decode] PREFILL: 1151 positions in 18511.9 ms = 62.2 tok/s (16.083 ms/tok)
[capture] wrote /home/patrickd/s5-capture/agentic-p25-b0.1/c4/cap/shard_p168_s001151.dspc  1151 tok x (3 taps + 1 lm_in) x 4096 = 36.0 MB (32.0 KB/tok)
[probe] wrote 16 draft probes (block=5) to /home/patrickd/s5-capture/agentic-p25-b0.1/c4/cap/drafts_p168_s001151.txt
[spec] decoding 8 tokens (block=5, draft passes=1, adaptK=1.50, prompt=168 s=1152)...
  [margins] 1.21 0.31 3.02 0.84 2.77  K=2
  verify 1: accepted 0/1 (K=2) + correction -> +1 tokens (127.7 ms)  cpos=1152
  [margins] 0.08 4.56 0.51 3.41 7.31  K=3
  verify 2: accepted 0/2 (K=3) + correction -> +1 tokens (117.8 ms)  cpos=1153
  [margins] 0.63 1.17 4.09 5.18 2.97  K=2
  verify 3: accepted 0/1 (K=2) + correction -> +1 tokens (105.5 ms)  cpos=1154
  [margins] 4.94 0.61 3.96 5.50 2.64  K=2
  verify 4: accepted 1/1 (K=2) + correction -> +2 tokens (110.2 ms)  cpos=1156
  [margins] 9.53 0.15 4.37 0.70 1.37  K=2
  verify 5: accepted 1/1 (K=2) + correction -> +2 tokens (104.9 ms)  cpos=1158
  [margins] 8.93 5.47 0.97 0.86 3.39  K=3
  verify 6: accepted 2/2 (K=3) + correction -> +3 tokens (121.5 ms)  cpos=1161

[spec] generated 10 tokens over 6 verifies: mean tokens/verify = 1.67 (block=5, max 6)
[spec] tokens: 1518 4085 4767 4 1479 851 6093 377 786 14457
[spec] SPEC-DECODE: 62.2 ms/tok = 16.07 tok/s  (vs base M=1 70.5 ms/tok = 14.19 tok/s -> 1.13x)
[decode] PREFILL: 1119 positions in 17977.6 ms = 62.2 tok/s (16.066 ms/tok)
[capture] wrote /home/patrickd/s5-capture/agentic-p25-b0.1/c4/cap/shard_p169_s001119.dspc  1119 tok x (3 taps + 1 lm_in) x 4096 = 35.0 MB (32.0 KB/tok)
[probe] wrote 16 draft probes (block=5) to /home/patrickd/s5-capture/agentic-p25-b0.1/c4/cap/drafts_p169_s001119.txt
[spec] decoding 8 tokens (block=5, draft passes=1, adaptK=1.50, prompt=169 s=1120)...
  [margins] 9.43 12.74 9.53 13.23 8.01  K=6
  verify 1: accepted 5/5 (K=6) + correction -> +6 tokens (173.0 ms)  cpos=1125
  [margins] 9.68 12.53 9.79 14.24 8.90  K=6
  verify 2: accepted 5/5 (K=6) + correction -> +6 tokens (161.3 ms)  cpos=1131

[spec] generated 12 tokens over 2 verifies: mean tokens/verify = 6.00 (block=5, max 6)
[spec] tokens: 16 70404 16 70404 16 70404 16 70404 16 70404 16 70404
[spec] SPEC-DECODE: 26.9 ms/tok = 37.20 tok/s  (vs base M=1 70.5 ms/tok = 14.19 tok/s -> 2.62x)
[decode] PREFILL: 1146 positions in 18431.4 ms = 62.2 tok/s (16.083 ms/tok)
[capture] wrote /home/patrickd/s5-capture/agentic-p25-b0.1/c4/cap/shard_p170_s001146.dspc  1146 tok x (3 taps + 1 lm_in) x 4096 = 35.8 MB (32.0 KB/tok)
[probe] wrote 16 draft probes (block=5) to /home/patrickd/s5-capture/agentic-p25-b0.1/c4/cap/drafts_p170_s001146.txt
[spec] decoding 8 tokens (block=5, draft passes=1, adaptK=1.50, prompt=170 s=1147)...
  [margins] 16.69 15.94 14.23 18.49 7.39  K=6
  verify 1: accepted 5/5 (K=6) + correction -> +6 tokens (194.7 ms)  cpos=1152
  [margins] 13.10 20.03 13.87 12.09 12.79  K=6
  verify 2: accepted 5/5 (K=6) + correction -> +6 tokens (168.8 ms)  cpos=1158

[spec] generated 12 tokens over 2 verifies: mean tokens/verify = 6.00 (block=5, max 6)
[spec] tokens: 554 5238 5657 3006 16 327 1461 82 565 696 554 5238
[spec] SPEC-DECODE: 28.1 ms/tok = 35.54 tok/s  (vs base M=1 70.5 ms/tok = 14.19 tok/s -> 2.50x)
[decode] PREFILL: 1100 positions in 17683.5 ms = 62.2 tok/s (16.076 ms/tok)
[capture] wrote /home/patrickd/s5-capture/agentic-p25-b0.1/c4/cap/shard_p171_s001100.dspc  1100 tok x (3 taps + 1 lm_in) x 4096 = 34.4 MB (32.0 KB/tok)
[probe] wrote 16 draft probes (block=5) to /home/patrickd/s5-capture/agentic-p25-b0.1/c4/cap/drafts_p171_s001100.txt
[spec] decoding 8 tokens (block=5, draft passes=1, adaptK=1.50, prompt=171 s=1101)...
  [margins] 25.06 16.90 21.77 16.63 11.66  K=6
  verify 1: accepted 5/5 (K=6) + correction -> +6 tokens (175.7 ms)  cpos=1106
  [margins] 19.77 20.76 17.82 11.63 18.05  K=6
  verify 2: accepted 5/5 (K=6) + correction -> +6 tokens (173.0 ms)  cpos=1112

[spec] generated 12 tokens over 2 verifies: mean tokens/verify = 6.00 (block=5, max 6)
[spec] tokens: 901 26374 19687 744 1760 582 83772 3362 28612 35381 3362 582
[spec] SPEC-DECODE: 28.8 ms/tok = 34.67 tok/s  (vs base M=1 70.5 ms/tok = 14.19 tok/s -> 2.44x)
[decode] PREFILL: 1072 positions in 17222.4 ms = 62.2 tok/s (16.066 ms/tok)
[capture] wrote /home/patrickd/s5-capture/agentic-p25-b0.1/c4/cap/shard_p172_s001072.dspc  1072 tok x (3 taps + 1 lm_in) x 4096 = 33.5 MB (32.0 KB/tok)
[probe] wrote 16 draft probes (block=5) to /home/patrickd/s5-capture/agentic-p25-b0.1/c4/cap/drafts_p172_s001072.txt
[spec] decoding 8 tokens (block=5, draft passes=1, adaptK=1.50, prompt=172 s=1073)...
  [margins] 14.70 13.27 11.00 8.84 7.61  K=6
  verify 1: accepted 5/5 (K=6) + correction -> +6 tokens (177.1 ms)  cpos=1078
  [margins] 20.23 12.72 14.30 11.32 9.68  K=6
  verify 2: accepted 5/5 (K=6) + correction -> +6 tokens (177.1 ms)  cpos=1084

[spec] generated 12 tokens over 2 verifies: mean tokens/verify = 6.00 (block=5, max 6)
[spec] tokens: 51119 62773 3749 28612 37399 3362 582 51119 62773 3749 28612 37399
[spec] SPEC-DECODE: 29.5 ms/tok = 33.87 tok/s  (vs base M=1 70.5 ms/tok = 14.19 tok/s -> 2.39x)
[decode] PREFILL: 1155 positions in 18618.6 ms = 62.0 tok/s (16.120 ms/tok)
[capture] wrote /home/patrickd/s5-capture/agentic-p25-b0.1/c4/cap/shard_p173_s001155.dspc  1155 tok x (3 taps + 1 lm_in) x 4096 = 36.1 MB (32.0 KB/tok)
[probe] wrote 16 draft probes (block=5) to /home/patrickd/s5-capture/agentic-p25-b0.1/c4/cap/drafts_p173_s001155.txt
[spec] decoding 8 tokens (block=5, draft passes=1, adaptK=1.50, prompt=173 s=1156)...
  [margins] 16.81 7.65 13.13 14.77 6.90  K=6
  verify 1: accepted 5/5 (K=6) + correction -> +6 tokens (172.7 ms)  cpos=1161
  [margins] 16.04 8.19 13.94 14.90 7.92  K=6
  verify 2: accepted 5/5 (K=6) + correction -> +6 tokens (163.4 ms)  cpos=1167

[spec] generated 12 tokens over 2 verifies: mean tokens/verify = 6.00 (block=5, max 6)
[spec] tokens: 22138 16 6000 22138 16 6000 22138 16 6000 22138 16 6000
[spec] SPEC-DECODE: 27.2 ms/tok = 36.72 tok/s  (vs base M=1 70.5 ms/tok = 14.19 tok/s -> 2.59x)
[decode] PREFILL: 1050 positions in 16853.1 ms = 62.3 tok/s (16.051 ms/tok)
[capture] wrote /home/patrickd/s5-capture/agentic-p25-b0.1/c4/cap/shard_p174_s001050.dspc  1050 tok x (3 taps + 1 lm_in) x 4096 = 32.8 MB (32.0 KB/tok)
[probe] wrote 16 draft probes (block=5) to /home/patrickd/s5-capture/agentic-p25-b0.1/c4/cap/drafts_p174_s001050.txt
[spec] decoding 8 tokens (block=5, draft passes=1, adaptK=1.50, prompt=174 s=1051)...
  [margins] 8.74 10.75 13.60 14.58 14.16  K=6
  verify 1: accepted 5/5 (K=6) + correction -> +6 tokens (180.2 ms)  cpos=1056
  [margins] 17.70 16.50 16.08 10.68 10.46  K=6
  verify 2: accepted 5/5 (K=6) + correction -> +6 tokens (168.2 ms)  cpos=1062

[spec] generated 12 tokens over 2 verifies: mean tokens/verify = 6.00 (block=5, max 6)
[spec] tokens: 16 455 5238 1531 366 260 26639 3418 5554 16 455 5238
[spec] SPEC-DECODE: 28.0 ms/tok = 35.66 tok/s  (vs base M=1 70.5 ms/tok = 14.19 tok/s -> 2.51x)
[decode] PREFILL: 1085 positions in 17441.3 ms = 62.2 tok/s (16.075 ms/tok)
[capture] wrote /home/patrickd/s5-capture/agentic-p25-b0.1/c4/cap/shard_p175_s001085.dspc  1085 tok x (3 taps + 1 lm_in) x 4096 = 33.9 MB (32.0 KB/tok)
[probe] wrote 16 draft probes (block=5) to /home/patrickd/s5-capture/agentic-p25-b0.1/c4/cap/drafts_p175_s001085.txt
[spec] decoding 8 tokens (block=5, draft passes=1, adaptK=1.50, prompt=175 s=1086)...
  [margins] 11.25 16.10 9.42 1.75 0.82  K=5
  verify 1: accepted 3/4 (K=5) + correction -> +4 tokens (156.4 ms)  cpos=1089
  [margins] 16.35 17.67 12.33 9.80 6.40  K=6
  verify 2: accepted 5/5 (K=6) + correction -> +6 tokens (170.5 ms)  cpos=1095

[spec] generated 10 tokens over 2 verifies: mean tokens/verify = 5.00 (block=5, max 6)
[spec] tokens: 1531 366 14001 305 2507 396 10803 294 270 3510
[spec] SPEC-DECODE: 28.4 ms/tok = 35.19 tok/s  (vs base M=1 70.5 ms/tok = 14.19 tok/s -> 2.48x)
[decode] PREFILL: 1042 positions in 16751.1 ms = 62.2 tok/s (16.076 ms/tok)
[capture] wrote /home/patrickd/s5-capture/agentic-p25-b0.1/c4/cap/shard_p176_s001042.dspc  1042 tok x (3 taps + 1 lm_in) x 4096 = 32.6 MB (32.0 KB/tok)
[probe] wrote 16 draft probes (block=5) to /home/patrickd/s5-capture/agentic-p25-b0.1/c4/cap/drafts_p176_s001042.txt
[spec] decoding 8 tokens (block=5, draft passes=1, adaptK=1.50, prompt=176 s=1043)...
  [margins] 9.59 12.30 7.89 17.67 5.42  K=6
  verify 1: accepted 5/5 (K=6) + correction -> +6 tokens (176.9 ms)  cpos=1048
  [margins] 10.48 2.04 4.37 4.10 7.21  K=6
  verify 2: accepted 1/5 (K=6) + correction -> +2 tokens (169.7 ms)  cpos=1050

[spec] generated 8 tokens over 2 verifies: mean tokens/verify = 4.00 (block=5, max 6)
[spec] tokens: 477 1093 2383 124445 17089 6968 362 1482
[spec] SPEC-DECODE: 84.8 ms/tok = 11.79 tok/s  (vs base M=1 70.5 ms/tok = 14.19 tok/s -> 0.83x)
[decode] PREFILL: 1443 positions in 23391.9 ms = 61.7 tok/s (16.211 ms/tok)
[capture] wrote /home/patrickd/s5-capture/agentic-p25-b0.1/c4/cap/shard_p177_s001443.dspc  1443 tok x (3 taps + 1 lm_in) x 4096 = 45.1 MB (32.0 KB/tok)
[probe] wrote 16 draft probes (block=5) to /home/patrickd/s5-capture/agentic-p25-b0.1/c4/cap/drafts_p177_s001443.txt
[spec] decoding 8 tokens (block=5, draft passes=1, adaptK=1.50, prompt=177 s=1444)...
  [margins] 13.80 15.53 14.54 5.18 6.22  K=6
  verify 1: accepted 3/5 (K=6) + correction -> +4 tokens (178.8 ms)  cpos=1447
  [margins] 14.69 16.27 14.52 4.58 5.24  K=6
  verify 2: accepted 3/5 (K=6) + correction -> +4 tokens (173.1 ms)  cpos=1451

[spec] generated 8 tokens over 2 verifies: mean tokens/verify = 4.00 (block=5, max 6)
[spec] tokens: 3749 11 3749 11 3749 11 3749 11
[spec] SPEC-DECODE: 43.3 ms/tok = 23.11 tok/s  (vs base M=1 70.5 ms/tok = 14.19 tok/s -> 1.63x)
[decode] PREFILL: 1134 positions in 18243.3 ms = 62.2 tok/s (16.088 ms/tok)
[capture] wrote /home/patrickd/s5-capture/agentic-p25-b0.1/c4/cap/shard_p178_s001134.dspc  1134 tok x (3 taps + 1 lm_in) x 4096 = 35.4 MB (32.0 KB/tok)
[probe] wrote 16 draft probes (block=5) to /home/patrickd/s5-capture/agentic-p25-b0.1/c4/cap/drafts_p178_s001134.txt
[spec] decoding 8 tokens (block=5, draft passes=1, adaptK=1.50, prompt=178 s=1135)...
  [margins] 12.94 12.58 14.28 4.55 9.35  K=6
  verify 1: accepted 5/5 (K=6) + correction -> +6 tokens (171.2 ms)  cpos=1140
  [margins] 13.65 12.99 14.20 4.29 10.93  K=6
  verify 2: accepted 5/5 (K=6) + correction -> +6 tokens (158.5 ms)  cpos=1146

[spec] generated 12 tokens over 2 verifies: mean tokens/verify = 6.00 (block=5, max 6)
[spec] tokens: 3749 11 3749 11 3749 11 3749 11 3749 11 3749 11
[spec] SPEC-DECODE: 26.4 ms/tok = 37.86 tok/s  (vs base M=1 70.5 ms/tok = 14.19 tok/s -> 2.67x)
[decode] PREFILL: 1052 positions in 16874.6 ms = 62.3 tok/s (16.040 ms/tok)
[capture] wrote /home/patrickd/s5-capture/agentic-p25-b0.1/c4/cap/shard_p179_s001052.dspc  1052 tok x (3 taps + 1 lm_in) x 4096 = 32.9 MB (32.0 KB/tok)
[probe] wrote 16 draft probes (block=5) to /home/patrickd/s5-capture/agentic-p25-b0.1/c4/cap/drafts_p179_s001052.txt
[spec] decoding 8 tokens (block=5, draft passes=1, adaptK=1.50, prompt=179 s=1053)...
  [margins] 20.17 12.94 10.76 7.10 7.79  K=6
  verify 1: accepted 5/5 (K=6) + correction -> +6 tokens (173.4 ms)  cpos=1058
  [margins] 15.82 17.42 15.37 14.32 11.11  K=6
  verify 2: accepted 5/5 (K=6) + correction -> +6 tokens (174.8 ms)  cpos=1064

[spec] generated 12 tokens over 2 verifies: mean tokens/verify = 6.00 (block=5, max 6)
[spec] tokens: 4181 2155 201 21750 260 2019 304 1895 5463 18222 362 1660
[spec] SPEC-DECODE: 29.1 ms/tok = 34.32 tok/s  (vs base M=1 70.5 ms/tok = 14.19 tok/s -> 2.42x)
[decode] PREFILL: 1062 positions in 17070.5 ms = 62.2 tok/s (16.074 ms/tok)
[capture] wrote /home/patrickd/s5-capture/agentic-p25-b0.1/c4/cap/shard_p180_s001062.dspc  1062 tok x (3 taps + 1 lm_in) x 4096 = 33.2 MB (32.0 KB/tok)
[probe] wrote 16 draft probes (block=5) to /home/patrickd/s5-capture/agentic-p25-b0.1/c4/cap/drafts_p180_s001062.txt
[spec] decoding 8 tokens (block=5, draft passes=1, adaptK=1.50, prompt=180 s=1063)...
  [margins] 18.87 15.58 13.49 14.96 15.34  K=6
  verify 1: accepted 5/5 (K=6) + correction -> +6 tokens (179.2 ms)  cpos=1068
  [margins] 18.88 18.00 11.76 6.98 11.30  K=6
  verify 2: accepted 5/5 (K=6) + correction -> +6 tokens (167.6 ms)  cpos=1074

[spec] generated 12 tokens over 2 verifies: mean tokens/verify = 6.00 (block=5, max 6)
[spec] tokens: 223 22 6680 29420 16 1730 3072 344 111584 1082 1225 10340
[spec] SPEC-DECODE: 27.9 ms/tok = 35.80 tok/s  (vs base M=1 70.5 ms/tok = 14.19 tok/s -> 2.52x)
[decode] PREFILL: 1041 positions in 16722.8 ms = 62.3 tok/s (16.064 ms/tok)
[capture] wrote /home/patrickd/s5-capture/agentic-p25-b0.1/c4/cap/shard_p181_s001041.dspc  1041 tok x (3 taps + 1 lm_in) x 4096 = 32.5 MB (32.0 KB/tok)
[probe] wrote 16 draft probes (block=5) to /home/patrickd/s5-capture/agentic-p25-b0.1/c4/cap/drafts_p181_s001041.txt
[spec] decoding 8 tokens (block=5, draft passes=1, adaptK=1.50, prompt=181 s=1042)...
  [margins] 14.67 21.57 9.32 6.89 10.41  K=6
  verify 1: accepted 5/5 (K=6) + correction -> +6 tokens (175.4 ms)  cpos=1047
  [margins] 25.12 9.16 8.53 11.48 12.95  K=6
  verify 2: accepted 5/5 (K=6) + correction -> +6 tokens (172.3 ms)  cpos=1053

[spec] generated 12 tokens over 2 verifies: mean tokens/verify = 6.00 (block=5, max 6)
[spec] tokens: 17125 1836 16 30750 16 17125 1836 16 30750 16 17125 1836
[spec] SPEC-DECODE: 28.7 ms/tok = 34.83 tok/s  (vs base M=1 70.5 ms/tok = 14.19 tok/s -> 2.45x)
[decode] PREFILL: 1090 positions in 17515.6 ms = 62.2 tok/s (16.069 ms/tok)
[capture] wrote /home/patrickd/s5-capture/agentic-p25-b0.1/c4/cap/shard_p182_s001090.dspc  1090 tok x (3 taps + 1 lm_in) x 4096 = 34.1 MB (32.0 KB/tok)
[probe] wrote 16 draft probes (block=5) to /home/patrickd/s5-capture/agentic-p25-b0.1/c4/cap/drafts_p182_s001090.txt
[spec] decoding 8 tokens (block=5, draft passes=1, adaptK=1.50, prompt=182 s=1091)...
  [margins] 13.30 18.27 7.07 17.85 8.99  K=6
  verify 1: accepted 5/5 (K=6) + correction -> +6 tokens (178.7 ms)  cpos=1096
  [margins] 13.54 18.46 7.52 19.07 9.08  K=6
  verify 2: accepted 5/5 (K=6) + correction -> +6 tokens (168.6 ms)  cpos=1102

[spec] generated 12 tokens over 2 verifies: mean tokens/verify = 6.00 (block=5, max 6)
[spec] tokens: 18239 82 50 88 119903 16 18239 82 50 88 119903 16
[spec] SPEC-DECODE: 28.1 ms/tok = 35.58 tok/s  (vs base M=1 70.5 ms/tok = 14.19 tok/s -> 2.51x)
[decode] PREFILL: 1152 positions in 18540.9 ms = 62.1 tok/s (16.095 ms/tok)
[capture] wrote /home/patrickd/s5-capture/agentic-p25-b0.1/c4/cap/shard_p183_s001152.dspc  1152 tok x (3 taps + 1 lm_in) x 4096 = 36.0 MB (32.0 KB/tok)
[probe] wrote 16 draft probes (block=5) to /home/patrickd/s5-capture/agentic-p25-b0.1/c4/cap/drafts_p183_s001152.txt
[spec] decoding 8 tokens (block=5, draft passes=1, adaptK=1.50, prompt=183 s=1153)...
  [margins] 2.59 4.11 0.60 0.21 1.01  K=3
  verify 1: accepted 2/2 (K=3) + correction -> +3 tokens (121.7 ms)  cpos=1155
  [margins] 0.68 2.35 1.78 1.94 0.81  K=5
  verify 2: accepted 2/4 (K=5) + correction -> +3 tokens (155.4 ms)  cpos=1158
  [margins] 3.02 1.28 5.63 4.96 0.98  K=2
  verify 3: accepted 0/1 (K=2) + correction -> +1 tokens (109.7 ms)  cpos=1159
  [margins] 5.05 3.08 1.41 0.60 0.61  K=3
  verify 4: accepted 2/2 (K=3) + correction -> +3 tokens (120.1 ms)  cpos=1162

[spec] generated 10 tokens over 4 verifies: mean tokens/verify = 2.50 (block=5, max 6)
[spec] tokens: 305 17452 294 270 7951 14 6752 14 305 24735
[spec] SPEC-DECODE: 55.0 ms/tok = 18.18 tok/s  (vs base M=1 70.5 ms/tok = 14.19 tok/s -> 1.28x)
[decode] PREFILL: 1077 positions in 17319.8 ms = 62.2 tok/s (16.081 ms/tok)
[capture] wrote /home/patrickd/s5-capture/agentic-p25-b0.1/c4/cap/shard_p184_s001077.dspc  1077 tok x (3 taps + 1 lm_in) x 4096 = 33.7 MB (32.0 KB/tok)
[probe] wrote 16 draft probes (block=5) to /home/patrickd/s5-capture/agentic-p25-b0.1/c4/cap/drafts_p184_s001077.txt
[spec] decoding 8 tokens (block=5, draft passes=1, adaptK=1.50, prompt=184 s=1078)...
  [margins] 16.13 17.80 10.99 8.22 14.81  K=6
  verify 1: accepted 5/5 (K=6) + correction -> +6 tokens (177.5 ms)  cpos=1083
  [margins] 14.34 17.68 10.00 8.93 10.62  K=6
  verify 2: accepted 5/5 (K=6) + correction -> +6 tokens (176.8 ms)  cpos=1089

[spec] generated 12 tokens over 2 verifies: mean tokens/verify = 6.00 (block=5, max 6)
[spec] tokens: 270 4245 295 260 3051 13872 304 1762 270 4632 2562 21994
[spec] SPEC-DECODE: 29.5 ms/tok = 33.93 tok/s  (vs base M=1 70.5 ms/tok = 14.19 tok/s -> 2.39x)
[decode] PREFILL: 1107 positions in 17801.2 ms = 62.2 tok/s (16.081 ms/tok)
[capture] wrote /home/patrickd/s5-capture/agentic-p25-b0.1/c4/cap/shard_p185_s001107.dspc  1107 tok x (3 taps + 1 lm_in) x 4096 = 34.6 MB (32.0 KB/tok)
[probe] wrote 16 draft probes (block=5) to /home/patrickd/s5-capture/agentic-p25-b0.1/c4/cap/drafts_p185_s001107.txt
[spec] decoding 8 tokens (block=5, draft passes=1, adaptK=1.50, prompt=185 s=1108)...
  [margins] 13.23 14.90 12.92 11.07 10.49  K=6
  verify 1: accepted 5/5 (K=6) + correction -> +6 tokens (175.9 ms)  cpos=1113
  [margins] 14.42 12.60 11.92 12.66 10.36  K=6
  verify 2: accepted 5/5 (K=6) + correction -> +6 tokens (167.0 ms)  cpos=1119

[spec] generated 12 tokens over 2 verifies: mean tokens/verify = 6.00 (block=5, max 6)
[spec] tokens: 16 223 14461 16 223 17922 16 223 18822 16 223 11722
[spec] SPEC-DECODE: 27.8 ms/tok = 35.93 tok/s  (vs base M=1 70.5 ms/tok = 14.19 tok/s -> 2.53x)
[decode] PREFILL: 1650 positions in 26912.8 ms = 61.3 tok/s (16.311 ms/tok)
[capture] wrote /home/patrickd/s5-capture/agentic-p25-b0.1/c4/cap/shard_p186_s001650.dspc  1650 tok x (3 taps + 1 lm_in) x 4096 = 51.6 MB (32.0 KB/tok)
[probe] wrote 16 draft probes (block=5) to /home/patrickd/s5-capture/agentic-p25-b0.1/c4/cap/drafts_p186_s001650.txt
[spec] decoding 8 tokens (block=5, draft passes=1, adaptK=1.50, prompt=186 s=1651)...
  [margins] 11.81 6.59 12.18 6.52 9.97  K=6
  verify 1: accepted 5/5 (K=6) + correction -> +6 tokens (179.1 ms)  cpos=1656
  [margins] 12.33 6.64 12.94 6.66 9.82  K=6
  verify 2: accepted 5/5 (K=6) + correction -> +6 tokens (166.5 ms)  cpos=1662

[spec] generated 12 tokens over 2 verifies: mean tokens/verify = 6.00 (block=5, max 6)
[spec] tokens: 455 16 455 16 455 16 455 16 455 16 455 16
[spec] SPEC-DECODE: 27.7 ms/tok = 36.04 tok/s  (vs base M=1 70.5 ms/tok = 14.19 tok/s -> 2.54x)
[decode] PREFILL: 1565 positions in 25465.3 ms = 61.5 tok/s (16.272 ms/tok)
[capture] wrote /home/patrickd/s5-capture/agentic-p25-b0.1/c4/cap/shard_p187_s001565.dspc  1565 tok x (3 taps + 1 lm_in) x 4096 = 48.9 MB (32.0 KB/tok)
[probe] wrote 16 draft probes (block=5) to /home/patrickd/s5-capture/agentic-p25-b0.1/c4/cap/drafts_p187_s001565.txt
[spec] decoding 8 tokens (block=5, draft passes=1, adaptK=1.50, prompt=187 s=1566)...
  [margins] 10.27 0.47 3.12 1.67 1.99  K=2
  verify 1: accepted 1/1 (K=2) + correction -> +2 tokens (115.3 ms)  cpos=1567
  [margins] 2.75 1.61 0.63 0.21 4.39  K=3
  verify 2: accepted 0/2 (K=3) + correction -> +1 tokens (125.8 ms)  cpos=1568
  [margins] 0.52 4.23 2.19 4.60 0.12  K=5
  verify 3: accepted 0/4 (K=5) + correction -> +1 tokens (147.4 ms)  cpos=1569
  [margins] 3.40 0.10 0.06 0.27 0.88  K=2
  verify 4: accepted 1/1 (K=2) + correction -> +2 tokens (107.0 ms)  cpos=1571
  [margins] 2.94 1.02 4.70 3.15 0.46  K=2
  verify 5: accepted 1/1 (K=2) + correction -> +2 tokens (112.1 ms)  cpos=1573

[spec] generated 8 tokens over 5 verifies: mean tokens/verify = 1.60 (block=5, max 6)
[spec] tokens: 4708 16 2700 5878 467 72254 309 4705
[spec] SPEC-DECODE: 82.1 ms/tok = 12.19 tok/s  (vs base M=1 70.5 ms/tok = 14.19 tok/s -> 0.86x)
[decode] PREFILL: 1108 positions in 17824.0 ms = 62.2 tok/s (16.087 ms/tok)
[capture] wrote /home/patrickd/s5-capture/agentic-p25-b0.1/c4/cap/shard_p188_s001108.dspc  1108 tok x (3 taps + 1 lm_in) x 4096 = 34.6 MB (32.0 KB/tok)
[probe] wrote 16 draft probes (block=5) to /home/patrickd/s5-capture/agentic-p25-b0.1/c4/cap/drafts_p188_s001108.txt
[spec] decoding 8 tokens (block=5, draft passes=1, adaptK=1.50, prompt=188 s=1109)...
  [margins] 19.63 16.16 13.99 19.16 9.23  K=6
  verify 1: accepted 5/5 (K=6) + correction -> +6 tokens (176.4 ms)  cpos=1114
  [margins] 14.38 14.03 4.44 11.12 13.44  K=6
  verify 2: accepted 5/5 (K=6) + correction -> +6 tokens (176.3 ms)  cpos=1120

[spec] generated 12 tokens over 2 verifies: mean tokens/verify = 6.00 (block=5, max 6)
[spec] tokens: 1117 14 1531 366 8428 295 33 6921 630 14 855 1117
[spec] SPEC-DECODE: 29.4 ms/tok = 34.04 tok/s  (vs base M=1 70.5 ms/tok = 14.19 tok/s -> 2.40x)
[decode] PREFILL: 1038 positions in 16816.8 ms = 61.7 tok/s (16.201 ms/tok)
[capture] wrote /home/patrickd/s5-capture/agentic-p25-b0.1/c4/cap/shard_p189_s001038.dspc  1038 tok x (3 taps + 1 lm_in) x 4096 = 32.4 MB (32.0 KB/tok)
[probe] wrote 16 draft probes (block=5) to /home/patrickd/s5-capture/agentic-p25-b0.1/c4/cap/drafts_p189_s001038.txt
[spec] decoding 8 tokens (block=5, draft passes=1, adaptK=1.50, prompt=189 s=1039)...
  [margins] 7.21 5.74 6.19 0.38 0.86  K=4
  verify 1: accepted 3/3 (K=4) + correction -> +4 tokens (138.3 ms)  cpos=1042
  [margins] 0.87 2.35 1.23 0.76 0.26  K=3
  verify 2: accepted 2/2 (K=3) + correction -> +3 tokens (122.8 ms)  cpos=1045
  [margins] 2.44 2.61 3.09 0.26 2.46  K=4
  verify 3: accepted 0/3 (K=4) + correction -> +1 tokens (134.3 ms)  cpos=1046

[spec] generated 8 tokens over 3 verifies: mean tokens/verify = 2.67 (block=5, max 6)
[spec] tokens: 1894 4688 294 21018 305 588 1694 2123
[spec] SPEC-DECODE: 64.3 ms/tok = 15.56 tok/s  (vs base M=1 70.5 ms/tok = 14.19 tok/s -> 1.10x)
[decode] PREFILL: 1395 positions in 22587.2 ms = 61.8 tok/s (16.192 ms/tok)
[capture] wrote /home/patrickd/s5-capture/agentic-p25-b0.1/c4/cap/shard_p190_s001395.dspc  1395 tok x (3 taps + 1 lm_in) x 4096 = 43.6 MB (32.0 KB/tok)
[probe] wrote 16 draft probes (block=5) to /home/patrickd/s5-capture/agentic-p25-b0.1/c4/cap/drafts_p190_s001395.txt
[spec] decoding 8 tokens (block=5, draft passes=1, adaptK=1.50, prompt=190 s=1396)...
  [margins] 12.85 12.99 14.33 11.63 12.81  K=6
  verify 1: accepted 5/5 (K=6) + correction -> +6 tokens (185.3 ms)  cpos=1401
  [margins] 13.14 14.75 8.51 13.71 12.85  K=6
  verify 2: accepted 5/5 (K=6) + correction -> +6 tokens (171.8 ms)  cpos=1407

[spec] generated 12 tokens over 2 verifies: mean tokens/verify = 6.00 (block=5, max 6)
[spec] tokens: 16 25772 5010 295 6218 3460 305 31612 295 3808 5773 16
[spec] SPEC-DECODE: 28.6 ms/tok = 34.93 tok/s  (vs base M=1 70.5 ms/tok = 14.19 tok/s -> 2.46x)
[decode] PREFILL: 1405 positions in 22742.7 ms = 61.8 tok/s (16.187 ms/tok)
[capture] wrote /home/patrickd/s5-capture/agentic-p25-b0.1/c4/cap/shard_p191_s001405.dspc  1405 tok x (3 taps + 1 lm_in) x 4096 = 43.9 MB (32.0 KB/tok)
[probe] wrote 16 draft probes (block=5) to /home/patrickd/s5-capture/agentic-p25-b0.1/c4/cap/drafts_p191_s001405.txt
[spec] decoding 8 tokens (block=5, draft passes=1, adaptK=1.50, prompt=191 s=1406)...
  [margins] 12.92 14.90 15.12 5.64 4.21  K=6
  verify 1: accepted 3/5 (K=6) + correction -> +4 tokens (186.6 ms)  cpos=1409
  [margins] 13.87 15.45 15.11 5.26 8.15  K=6
  verify 2: accepted 3/5 (K=6) + correction -> +4 tokens (166.3 ms)  cpos=1413

[spec] generated 8 tokens over 2 verifies: mean tokens/verify = 4.00 (block=5, max 6)
[spec] tokens: 3749 11 3749 11 3749 11 3749 11
[spec] SPEC-DECODE: 41.6 ms/tok = 24.05 tok/s  (vs base M=1 70.5 ms/tok = 14.19 tok/s -> 1.69x)
[decode] PREFILL: 1169 positions in 18855.4 ms = 62.0 tok/s (16.130 ms/tok)
[capture] wrote /home/patrickd/s5-capture/agentic-p25-b0.1/c4/cap/shard_p192_s001169.dspc  1169 tok x (3 taps + 1 lm_in) x 4096 = 36.5 MB (32.0 KB/tok)
[probe] wrote 16 draft probes (block=5) to /home/patrickd/s5-capture/agentic-p25-b0.1/c4/cap/drafts_p192_s001169.txt
[spec] decoding 8 tokens (block=5, draft passes=1, adaptK=1.50, prompt=192 s=1170)...
  [margins] 11.23 10.02 11.80 1.32 8.98  K=4
  verify 1: accepted 3/3 (K=4) + correction -> +4 tokens (138.1 ms)  cpos=1173
  [margins] 11.47 9.83 11.75 2.28 8.73  K=6
  verify 2: accepted 5/5 (K=6) + correction -> +6 tokens (164.6 ms)  cpos=1179

[spec] generated 10 tokens over 2 verifies: mean tokens/verify = 5.00 (block=5, max 6)
[spec] tokens: 3749 11 3749 11 3749 11 3749 11 3749 11
[spec] SPEC-DECODE: 27.4 ms/tok = 36.45 tok/s  (vs base M=1 70.5 ms/tok = 14.19 tok/s -> 2.57x)
[decode] PREFILL: 1045 positions in 16770.0 ms = 62.3 tok/s (16.048 ms/tok)
[capture] wrote /home/patrickd/s5-capture/agentic-p25-b0.1/c4/cap/shard_p193_s001045.dspc  1045 tok x (3 taps + 1 lm_in) x 4096 = 32.7 MB (32.0 KB/tok)
[probe] wrote 16 draft probes (block=5) to /home/patrickd/s5-capture/agentic-p25-b0.1/c4/cap/drafts_p193_s001045.txt
[spec] decoding 8 tokens (block=5, draft passes=1, adaptK=1.50, prompt=193 s=1046)...
  [margins] 13.33 16.95 12.94 16.60 9.95  K=6
  verify 1: accepted 5/5 (K=6) + correction -> +6 tokens (174.8 ms)  cpos=1051
  [margins] 13.54 18.27 20.02 13.19 12.75  K=6
  verify 2: accepted 5/5 (K=6) + correction -> +6 tokens (174.5 ms)  cpos=1057

[spec] generated 12 tokens over 2 verifies: mean tokens/verify = 6.00 (block=5, max 6)
[spec] tokens: 24847 2019 304 1783 270 2595 294 411 5554 16 15361 270
[spec] SPEC-DECODE: 29.1 ms/tok = 34.39 tok/s  (vs base M=1 70.5 ms/tok = 14.19 tok/s -> 2.42x)
[decode] PREFILL: 1052 positions in 16891.9 ms = 62.3 tok/s (16.057 ms/tok)
[capture] wrote /home/patrickd/s5-capture/agentic-p25-b0.1/c4/cap/shard_p194_s001052.dspc  1052 tok x (3 taps + 1 lm_in) x 4096 = 32.9 MB (32.0 KB/tok)
[probe] wrote 16 draft probes (block=5) to /home/patrickd/s5-capture/agentic-p25-b0.1/c4/cap/drafts_p194_s001052.txt
[spec] decoding 8 tokens (block=5, draft passes=1, adaptK=1.50, prompt=194 s=1053)...
  [margins] 17.03 15.62 0.02 14.87 9.88  K=3
  verify 1: accepted 2/2 (K=3) + correction -> +3 tokens (125.1 ms)  cpos=1055
  [margins] 19.56 15.83 15.36 10.10 12.38  K=6
  verify 2: accepted 5/5 (K=6) + correction -> +6 tokens (176.8 ms)  cpos=1061

[spec] generated 9 tokens over 2 verifies: mean tokens/verify = 4.50 (block=5, max 6)
[spec] tokens: 438 223 27708 16 18 16 455 2019 1531
[spec] SPEC-DECODE: 29.5 ms/tok = 33.94 tok/s  (vs base M=1 70.5 ms/tok = 14.19 tok/s -> 2.39x)
[decode] PREFILL: 1148 positions in 18454.1 ms = 62.2 tok/s (16.075 ms/tok)
[capture] wrote /home/patrickd/s5-capture/agentic-p25-b0.1/c4/cap/shard_p195_s001148.dspc  1148 tok x (3 taps + 1 lm_in) x 4096 = 35.9 MB (32.0 KB/tok)
[probe] wrote 16 draft probes (block=5) to /home/patrickd/s5-capture/agentic-p25-b0.1/c4/cap/drafts_p195_s001148.txt
[spec] decoding 8 tokens (block=5, draft passes=1, adaptK=1.50, prompt=195 s=1149)...
  [margins] 18.46 8.06 10.81 7.88 8.41  K=6
  verify 1: accepted 5/5 (K=6) + correction -> +6 tokens (190.3 ms)  cpos=1154
  [margins] 14.10 12.18 7.87 14.24 9.39  K=6
  verify 2: accepted 5/5 (K=6) + correction -> +6 tokens (174.9 ms)  cpos=1160

[spec] generated 12 tokens over 2 verifies: mean tokens/verify = 6.00 (block=5, max 6)
[spec] tokens: 8252 16 6948 270 6319 1975 2019 2329 305 8252 16 6948
[spec] SPEC-DECODE: 29.1 ms/tok = 34.31 tok/s  (vs base M=1 70.5 ms/tok = 14.19 tok/s -> 2.42x)
[decode] PREFILL: 1053 positions in 16916.3 ms = 62.2 tok/s (16.065 ms/tok)
[capture] wrote /home/patrickd/s5-capture/agentic-p25-b0.1/c4/cap/shard_p196_s001053.dspc  1053 tok x (3 taps + 1 lm_in) x 4096 = 32.9 MB (32.0 KB/tok)
[probe] wrote 16 draft probes (block=5) to /home/patrickd/s5-capture/agentic-p25-b0.1/c4/cap/drafts_p196_s001053.txt
[spec] decoding 8 tokens (block=5, draft passes=1, adaptK=1.50, prompt=196 s=1054)...
  [margins] 14.53 9.62 15.00 7.11 4.08  K=6
  verify 1: accepted 3/5 (K=6) + correction -> +4 tokens (169.9 ms)  cpos=1057
  [margins] 14.37 11.05 14.57 6.41 5.04  K=6
  verify 2: accepted 3/5 (K=6) + correction -> +4 tokens (164.4 ms)  cpos=1061

[spec] generated 8 tokens over 2 verifies: mean tokens/verify = 4.00 (block=5, max 6)
[spec] tokens: 3749 11 3749 11 3749 11 3749 11
[spec] SPEC-DECODE: 41.1 ms/tok = 24.33 tok/s  (vs base M=1 70.5 ms/tok = 14.19 tok/s -> 1.71x)
[decode] PREFILL: 1083 positions in 17402.2 ms = 62.2 tok/s (16.069 ms/tok)
[capture] wrote /home/patrickd/s5-capture/agentic-p25-b0.1/c4/cap/shard_p197_s001083.dspc  1083 tok x (3 taps + 1 lm_in) x 4096 = 33.8 MB (32.0 KB/tok)
[probe] wrote 16 draft probes (block=5) to /home/patrickd/s5-capture/agentic-p25-b0.1/c4/cap/drafts_p197_s001083.txt
[spec] decoding 8 tokens (block=5, draft passes=1, adaptK=1.50, prompt=197 s=1084)...
  [margins] 16.93 9.74 20.85 20.93 15.58  K=6
  verify 1: accepted 5/5 (K=6) + correction -> +6 tokens (176.9 ms)  cpos=1089
  [margins] 10.41 20.85 21.18 15.59 16.36  K=6
  verify 2: accepted 5/5 (K=6) + correction -> +6 tokens (165.1 ms)  cpos=1095

[spec] generated 12 tokens over 2 verifies: mean tokens/verify = 6.00 (block=5, max 6)
[spec] tokens: 1697 36767 289 81 50 1697 36767 289 81 50 1697 36767
[spec] SPEC-DECODE: 27.5 ms/tok = 36.34 tok/s  (vs base M=1 70.5 ms/tok = 14.19 tok/s -> 2.56x)
[decode] PREFILL: 1482 positions in 24033.1 ms = 61.7 tok/s (16.217 ms/tok)
[capture] wrote /home/patrickd/s5-capture/agentic-p25-b0.1/c4/cap/shard_p198_s001482.dspc  1482 tok x (3 taps + 1 lm_in) x 4096 = 46.3 MB (32.0 KB/tok)
[probe] wrote 16 draft probes (block=5) to /home/patrickd/s5-capture/agentic-p25-b0.1/c4/cap/drafts_p198_s001482.txt
[spec] decoding 8 tokens (block=5, draft passes=1, adaptK=1.50, prompt=198 s=1483)...
  [margins] 18.78 13.88 13.07 15.79 15.02  K=6
  verify 1: accepted 5/5 (K=6) + correction -> +6 tokens (184.8 ms)  cpos=1488
  [margins] 17.42 11.65 8.14 11.08 11.44  K=6
  verify 2: accepted 5/5 (K=6) + correction -> +6 tokens (172.0 ms)  cpos=1494

[spec] generated 12 tokens over 2 verifies: mean tokens/verify = 6.00 (block=5, max 6)
[spec] tokens: 305 11960 18070 350 2160 343 27552 28325 797 455 3287 344
[spec] SPEC-DECODE: 28.7 ms/tok = 34.89 tok/s  (vs base M=1 70.5 ms/tok = 14.19 tok/s -> 2.46x)
[decode] PREFILL: 1546 positions in 25151.8 ms = 61.5 tok/s (16.269 ms/tok)
[capture] wrote /home/patrickd/s5-capture/agentic-p25-b0.1/c4/cap/shard_p199_s001546.dspc  1546 tok x (3 taps + 1 lm_in) x 4096 = 48.3 MB (32.0 KB/tok)
[probe] wrote 16 draft probes (block=5) to /home/patrickd/s5-capture/agentic-p25-b0.1/c4/cap/drafts_p199_s001546.txt
[spec] decoding 8 tokens (block=5, draft passes=1, adaptK=1.50, prompt=199 s=1547)...
  [margins] 22.87 22.81 14.91 14.45 11.03  K=6
  verify 1: accepted 5/5 (K=6) + correction -> +6 tokens (184.7 ms)  cpos=1552
  [margins] 16.09 16.76 17.82 13.69 13.03  K=6
  verify 2: accepted 5/5 (K=6) + correction -> +6 tokens (173.7 ms)  cpos=1558

[spec] generated 12 tokens over 2 verifies: mean tokens/verify = 6.00 (block=5, max 6)
[spec] tokens: 966 45694 16 1162 20328 396 70802 477 554 892 294 270
[spec] SPEC-DECODE: 29.0 ms/tok = 34.54 tok/s  (vs base M=1 70.5 ms/tok = 14.19 tok/s -> 2.43x)
[decode] PREFILL: 2207 positions in 36582.0 ms = 60.3 tok/s (16.575 ms/tok)
[capture] wrote /home/patrickd/s5-capture/agentic-p25-b0.1/c4/cap/shard_p200_s002207.dspc  2207 tok x (3 taps + 1 lm_in) x 4096 = 69.0 MB (32.0 KB/tok)
[probe] wrote 16 draft probes (block=5) to /home/patrickd/s5-capture/agentic-p25-b0.1/c4/cap/drafts_p200_s002207.txt
[spec] decoding 8 tokens (block=5, draft passes=1, adaptK=1.50, prompt=200 s=2208)...
  [margins] 10.31 12.71 10.15 11.80 11.00  K=6
  verify 1: accepted 5/5 (K=6) + correction -> +6 tokens (184.0 ms)  cpos=2213
  [margins] 11.31 13.18 10.62 11.96 11.14  K=6
  verify 2: accepted 5/5 (K=6) + correction -> +6 tokens (168.6 ms)  cpos=2219

[spec] generated 12 tokens over 2 verifies: mean tokens/verify = 6.00 (block=5, max 6)
[spec] tokens: 16 16448 16 16448 16 16448 16 16448 16 16448 16 16448
[spec] SPEC-DECODE: 28.1 ms/tok = 35.59 tok/s  (vs base M=1 70.5 ms/tok = 14.19 tok/s -> 2.51x)
[decode] PREFILL: 1043 positions in 16769.3 ms = 62.2 tok/s (16.078 ms/tok)
[capture] wrote /home/patrickd/s5-capture/agentic-p25-b0.1/c4/cap/shard_p201_s001043.dspc  1043 tok x (3 taps + 1 lm_in) x 4096 = 32.6 MB (32.0 KB/tok)
[probe] wrote 16 draft probes (block=5) to /home/patrickd/s5-capture/agentic-p25-b0.1/c4/cap/drafts_p201_s001043.txt
[spec] decoding 8 tokens (block=5, draft passes=1, adaptK=1.50, prompt=201 s=1044)...
  [margins] 9.75 14.95 14.98 13.01 6.38  K=6
  verify 1: accepted 5/5 (K=6) + correction -> +6 tokens (181.0 ms)  cpos=1049
  [margins] 16.78 11.53 14.07 15.35 14.03  K=6
  verify 2: accepted 5/5 (K=6) + correction -> +6 tokens (172.1 ms)  cpos=1055

[spec] generated 12 tokens over 2 verifies: mean tokens/verify = 6.00 (block=5, max 6)
[spec] tokens: 270 19569 76753 33 3011 14 295 270 1801 14 1660 19569
[spec] SPEC-DECODE: 28.7 ms/tok = 34.87 tok/s  (vs base M=1 70.5 ms/tok = 14.19 tok/s -> 2.46x)
[decode] PREFILL: 1086 positions in 17450.5 ms = 62.2 tok/s (16.069 ms/tok)
[capture] wrote /home/patrickd/s5-capture/agentic-p25-b0.1/c4/cap/shard_p202_s001086.dspc  1086 tok x (3 taps + 1 lm_in) x 4096 = 33.9 MB (32.0 KB/tok)
[probe] wrote 16 draft probes (block=5) to /home/patrickd/s5-capture/agentic-p25-b0.1/c4/cap/drafts_p202_s001086.txt
[spec] decoding 8 tokens (block=5, draft passes=1, adaptK=1.50, prompt=202 s=1087)...
  [margins] 12.07 19.84 13.40 12.28 12.68  K=6
  verify 1: accepted 5/5 (K=6) + correction -> +6 tokens (183.4 ms)  cpos=1092
  [margins] 19.09 12.47 14.98 10.78 14.38  K=6
  verify 2: accepted 5/5 (K=6) + correction -> +6 tokens (171.0 ms)  cpos=1098

[spec] generated 12 tokens over 2 verifies: mean tokens/verify = 6.00 (block=5, max 6)
[spec] tokens: 455 582 14588 4 362 1660 1926 1531 366 270 14904 440
[spec] SPEC-DECODE: 28.5 ms/tok = 35.09 tok/s  (vs base M=1 70.5 ms/tok = 14.19 tok/s -> 2.47x)
[decode] PREFILL: 1170 positions in 18880.0 ms = 62.0 tok/s (16.137 ms/tok)
[capture] wrote /home/patrickd/s5-capture/agentic-p25-b0.1/c4/cap/shard_p203_s001170.dspc  1170 tok x (3 taps + 1 lm_in) x 4096 = 36.6 MB (32.0 KB/tok)
[probe] wrote 16 draft probes (block=5) to /home/patrickd/s5-capture/agentic-p25-b0.1/c4/cap/drafts_p203_s001170.txt
[spec] decoding 8 tokens (block=5, draft passes=1, adaptK=1.50, prompt=203 s=1171)...
  [margins] 13.32 7.46 11.77 3.26 12.70  K=6
  verify 1: accepted 5/5 (K=6) + correction -> +6 tokens (170.8 ms)  cpos=1176
  [margins] 13.21 9.86 11.32 2.30 11.75  K=6
  verify 2: accepted 5/5 (K=6) + correction -> +6 tokens (161.1 ms)  cpos=1182

[spec] generated 12 tokens over 2 verifies: mean tokens/verify = 6.00 (block=5, max 6)
[spec] tokens: 40294 15205 40294 15205 40294 15205 40294 15205 40294 15205 40294 15205
[spec] SPEC-DECODE: 26.8 ms/tok = 37.24 tok/s  (vs base M=1 70.5 ms/tok = 14.19 tok/s -> 2.62x)
[decode] PREFILL: 1070 positions in 17187.6 ms = 62.3 tok/s (16.063 ms/tok)
[capture] wrote /home/patrickd/s5-capture/agentic-p25-b0.1/c4/cap/shard_p204_s001070.dspc  1070 tok x (3 taps + 1 lm_in) x 4096 = 33.4 MB (32.0 KB/tok)
[probe] wrote 16 draft probes (block=5) to /home/patrickd/s5-capture/agentic-p25-b0.1/c4/cap/drafts_p204_s001070.txt
[spec] decoding 8 tokens (block=5, draft passes=1, adaptK=1.50, prompt=204 s=1071)...
  [margins] 17.90 12.43 16.34 11.66 14.41  K=6
  verify 1: accepted 5/5 (K=6) + correction -> +6 tokens (178.1 ms)  cpos=1076
  [margins] 15.97 12.28 14.02 12.89 13.81  K=6
  verify 2: accepted 5/5 (K=6) + correction -> +6 tokens (164.9 ms)  cpos=1082

[spec] generated 12 tokens over 2 verifies: mean tokens/verify = 6.00 (block=5, max 6)
[spec] tokens: 1789 85 435 16 1789 85 435 16 1789 85 435 16
[spec] SPEC-DECODE: 27.5 ms/tok = 36.39 tok/s  (vs base M=1 70.5 ms/tok = 14.19 tok/s -> 2.56x)
[decode] PREFILL: 1055 positions in 16940.3 ms = 62.3 tok/s (16.057 ms/tok)
[capture] wrote /home/patrickd/s5-capture/agentic-p25-b0.1/c4/cap/shard_p205_s001055.dspc  1055 tok x (3 taps + 1 lm_in) x 4096 = 33.0 MB (32.0 KB/tok)
[probe] wrote 16 draft probes (block=5) to /home/patrickd/s5-capture/agentic-p25-b0.1/c4/cap/drafts_p205_s001055.txt
[spec] decoding 8 tokens (block=5, draft passes=1, adaptK=1.50, prompt=205 s=1056)...
  [margins] 19.19 12.05 9.76 10.59 10.88  K=6
  verify 1: accepted 5/5 (K=6) + correction -> +6 tokens (181.1 ms)  cpos=1061
  [margins] 17.13 13.99 15.64 6.99 3.39  K=6
  verify 2: accepted 4/5 (K=6) + correction -> +5 tokens (171.1 ms)  cpos=1066

[spec] generated 11 tokens over 2 verifies: mean tokens/verify = 5.50 (block=5, max 6)
[spec] tokens: 366 2753 40424 14 412 436 344 9113 54012 304 34271
[spec] SPEC-DECODE: 34.2 ms/tok = 29.22 tok/s  (vs base M=1 70.5 ms/tok = 14.19 tok/s -> 2.06x)
[decode] PREFILL: 1067 positions in 17136.4 ms = 62.3 tok/s (16.060 ms/tok)
[capture] wrote /home/patrickd/s5-capture/agentic-p25-b0.1/c4/cap/shard_p206_s001067.dspc  1067 tok x (3 taps + 1 lm_in) x 4096 = 33.3 MB (32.0 KB/tok)
[probe] wrote 16 draft probes (block=5) to /home/patrickd/s5-capture/agentic-p25-b0.1/c4/cap/drafts_p206_s001067.txt
[spec] decoding 8 tokens (block=5, draft passes=1, adaptK=1.50, prompt=206 s=1068)...
  [margins] 11.94 9.58 10.02 8.96 4.22  K=6
  verify 1: accepted 5/5 (K=6) + correction -> +6 tokens (170.0 ms)  cpos=1073
  [margins] 10.82 10.07 10.08 10.32 7.26  K=6
  verify 2: accepted 5/5 (K=6) + correction -> +6 tokens (161.4 ms)  cpos=1079

[spec] generated 12 tokens over 2 verifies: mean tokens/verify = 6.00 (block=5, max 6)
[spec] tokens: 3749 3749 3749 3749 3749 3749 3749 3749 3749 3749 3749 3749
[spec] SPEC-DECODE: 26.9 ms/tok = 37.17 tok/s  (vs base M=1 70.5 ms/tok = 14.19 tok/s -> 2.62x)
[decode] PREFILL: 1228 positions in 19804.8 ms = 62.0 tok/s (16.128 ms/tok)
[capture] wrote /home/patrickd/s5-capture/agentic-p25-b0.1/c4/cap/shard_p207_s001228.dspc  1228 tok x (3 taps + 1 lm_in) x 4096 = 38.4 MB (32.0 KB/tok)
[probe] wrote 16 draft probes (block=5) to /home/patrickd/s5-capture/agentic-p25-b0.1/c4/cap/drafts_p207_s001228.txt
[spec] decoding 8 tokens (block=5, draft passes=1, adaptK=1.50, prompt=207 s=1229)...
  [margins] 1.46 3.08 1.04 0.33 1.46  K=3
  verify 1: accepted 0/2 (K=3) + correction -> +1 tokens (124.9 ms)  cpos=1229
  [margins] 5.87 0.12 2.88 2.34 8.19  K=2
  verify 2: accepted 1/1 (K=2) + correction -> +2 tokens (107.2 ms)  cpos=1231
  [margins] 2.13 5.95 5.05 9.27 5.72  K=6
  verify 3: accepted 5/5 (K=6) + correction -> +6 tokens (177.2 ms)  cpos=1237

[spec] generated 9 tokens over 3 verifies: mean tokens/verify = 3.00 (block=5, max 6)
[spec] tokens: 8804 9757 7572 1469 5244 201 21 16 2619
[spec] SPEC-DECODE: 35.5 ms/tok = 28.13 tok/s  (vs base M=1 70.5 ms/tok = 14.19 tok/s -> 1.98x)
[decode] PREFILL: 1141 positions in 18373.8 ms = 62.1 tok/s (16.103 ms/tok)
[capture] wrote /home/patrickd/s5-capture/agentic-p25-b0.1/c4/cap/shard_p208_s001141.dspc  1141 tok x (3 taps + 1 lm_in) x 4096 = 35.7 MB (32.0 KB/tok)
[probe] wrote 16 draft probes (block=5) to /home/patrickd/s5-capture/agentic-p25-b0.1/c4/cap/drafts_p208_s001141.txt
[spec] decoding 8 tokens (block=5, draft passes=1, adaptK=1.50, prompt=208 s=1142)...
  [margins] 0.31 0.81 3.34 0.09 0.11  K=2
  verify 1: accepted 0/1 (K=2) + correction -> +1 tokens (113.4 ms)  cpos=1142
  [margins] 0.05 0.07 0.70 0.01 5.72  K=2
  verify 2: accepted 0/1 (K=2) + correction -> +1 tokens (110.5 ms)  cpos=1143
  [margins] 0.45 1.72 2.87 0.39 0.62  K=4
  verify 3: accepted 0/3 (K=4) + correction -> +1 tokens (141.2 ms)  cpos=1144
  [margins] 0.11 0.39 5.95 0.09 6.86  K=2
  verify 4: accepted 0/1 (K=2) + correction -> +1 tokens (106.7 ms)  cpos=1145
  [margins] 0.09 5.87 0.26 1.51 0.55  K=3
  verify 5: accepted 0/2 (K=3) + correction -> +1 tokens (124.8 ms)  cpos=1146
  [margins] 0.03 0.34 6.13 0.09 6.58  K=2
  verify 6: accepted 0/1 (K=2) + correction -> +1 tokens (111.2 ms)  cpos=1147
  [margins] 1.00 6.05 0.12 1.70 5.53  K=3
  verify 7: accepted 0/2 (K=3) + correction -> +1 tokens (124.1 ms)  cpos=1148
  [margins] 0.44 0.31 6.01 0.46 6.99  K=2
  verify 8: accepted 0/1 (K=2) + correction -> +1 tokens (106.4 ms)  cpos=1149

[spec] generated 8 tokens over 8 verifies: mean tokens/verify = 1.00 (block=5, max 6)
[spec] tokens: 16 1 16 1 16 1 16 1
[spec] SPEC-DECODE: 117.8 ms/tok = 8.49 tok/s  (vs base M=1 70.5 ms/tok = 14.19 tok/s -> 0.60x)
[decode] PREFILL: 1157 positions in 18639.3 ms = 62.1 tok/s (16.110 ms/tok)
[capture] wrote /home/patrickd/s5-capture/agentic-p25-b0.1/c4/cap/shard_p209_s001157.dspc  1157 tok x (3 taps + 1 lm_in) x 4096 = 36.2 MB (32.0 KB/tok)
[probe] wrote 16 draft probes (block=5) to /home/patrickd/s5-capture/agentic-p25-b0.1/c4/cap/drafts_p209_s001157.txt
[spec] decoding 8 tokens (block=5, draft passes=1, adaptK=1.50, prompt=209 s=1158)...
  [margins] 17.55 10.19 12.26 7.74 4.83  K=6
  verify 1: accepted 5/5 (K=6) + correction -> +6 tokens (168.3 ms)  cpos=1163
  [margins] 18.21 10.34 12.29 8.92 5.87  K=6
  verify 2: accepted 5/5 (K=6) + correction -> +6 tokens (169.6 ms)  cpos=1169

[spec] generated 12 tokens over 2 verifies: mean tokens/verify = 6.00 (block=5, max 6)
[spec] tokens: 11394 16 3011 11394 16 3011 11394 16 3011 11394 16 3011
[spec] SPEC-DECODE: 28.3 ms/tok = 35.38 tok/s  (vs base M=1 70.5 ms/tok = 14.19 tok/s -> 2.49x)
[decode] PREFILL: 1216 positions in 19590.8 ms = 62.1 tok/s (16.111 ms/tok)
[capture] wrote /home/patrickd/s5-capture/agentic-p25-b0.1/c4/cap/shard_p210_s001216.dspc  1216 tok x (3 taps + 1 lm_in) x 4096 = 38.0 MB (32.0 KB/tok)
[probe] wrote 16 draft probes (block=5) to /home/patrickd/s5-capture/agentic-p25-b0.1/c4/cap/drafts_p210_s001216.txt
[spec] decoding 8 tokens (block=5, draft passes=1, adaptK=1.50, prompt=210 s=1217)...
  [margins] 16.34 14.06 10.07 10.60 13.82  K=6
  verify 1: accepted 5/5 (K=6) + correction -> +6 tokens (178.1 ms)  cpos=1222
  [margins] 11.80 9.37 11.03 9.75 11.01  K=6
  verify 2: accepted 5/5 (K=6) + correction -> +6 tokens (178.9 ms)  cpos=1228

[spec] generated 12 tokens over 2 verifies: mean tokens/verify = 6.00 (block=5, max 6)
[spec] tokens: 468 769 16662 793 19887 412 26525 734 1473 18606 12721 16
[spec] SPEC-DECODE: 29.8 ms/tok = 33.53 tok/s  (vs base M=1 70.5 ms/tok = 14.19 tok/s -> 2.36x)
[decode] PREFILL: 1060 positions in 17033.5 ms = 62.2 tok/s (16.069 ms/tok)
[capture] wrote /home/patrickd/s5-capture/agentic-p25-b0.1/c4/cap/shard_p211_s001060.dspc  1060 tok x (3 taps + 1 lm_in) x 4096 = 33.1 MB (32.0 KB/tok)
[probe] wrote 16 draft probes (block=5) to /home/patrickd/s5-capture/agentic-p25-b0.1/c4/cap/drafts_p211_s001060.txt
[spec] decoding 8 tokens (block=5, draft passes=1, adaptK=1.50, prompt=211 s=1061)...
  [margins] 10.70 8.19 9.49 8.31 11.27  K=6
  verify 1: accepted 5/5 (K=6) + correction -> +6 tokens (164.3 ms)  cpos=1066
  [margins] 10.95 8.19 9.60 8.22 11.46  K=6
  verify 2: accepted 5/5 (K=6) + correction -> +6 tokens (165.1 ms)  cpos=1072

[spec] generated 12 tokens over 2 verifies: mean tokens/verify = 6.00 (block=5, max 6)
[spec] tokens: 201 20771 201 20771 201 20771 201 20771 201 20771 201 20771
[spec] SPEC-DECODE: 27.5 ms/tok = 36.35 tok/s  (vs base M=1 70.5 ms/tok = 14.19 tok/s -> 2.56x)
[decode] PREFILL: 1381 positions in 22356.9 ms = 61.8 tok/s (16.189 ms/tok)
[capture] wrote /home/patrickd/s5-capture/agentic-p25-b0.1/c4/cap/shard_p212_s001381.dspc  1381 tok x (3 taps + 1 lm_in) x 4096 = 43.2 MB (32.0 KB/tok)
[probe] wrote 16 draft probes (block=5) to /home/patrickd/s5-capture/agentic-p25-b0.1/c4/cap/drafts_p212_s001381.txt
[spec] decoding 8 tokens (block=5, draft passes=1, adaptK=1.50, prompt=212 s=1382)...
  [margins] 10.89 14.22 13.17 9.10 12.68  K=6
  verify 1: accepted 5/5 (K=6) + correction -> +6 tokens (175.5 ms)  cpos=1387
  [margins] 16.18 13.85 13.39 15.33 13.04  K=6
  verify 2: accepted 5/5 (K=6) + correction -> +6 tokens (176.7 ms)  cpos=1393

[spec] generated 12 tokens over 2 verifies: mean tokens/verify = 6.00 (block=5, max 6)
[spec] tokens: 15 2899 294 270 3554 16 25002 271 671 4813 3287 344
[spec] SPEC-DECODE: 29.5 ms/tok = 33.95 tok/s  (vs base M=1 70.5 ms/tok = 14.19 tok/s -> 2.39x)
[decode] PREFILL: 1092 positions in 17578.1 ms = 62.1 tok/s (16.097 ms/tok)
[capture] wrote /home/patrickd/s5-capture/agentic-p25-b0.1/c4/cap/shard_p213_s001092.dspc  1092 tok x (3 taps + 1 lm_in) x 4096 = 34.1 MB (32.0 KB/tok)
[probe] wrote 16 draft probes (block=5) to /home/patrickd/s5-capture/agentic-p25-b0.1/c4/cap/drafts_p213_s001092.txt
[spec] decoding 8 tokens (block=5, draft passes=1, adaptK=1.50, prompt=213 s=1093)...
  [margins] 0.76 0.15 8.86 4.29 0.28  K=2
  verify 1: accepted 0/1 (K=2) + correction -> +1 tokens (110.5 ms)  cpos=1093
  [margins] 4.27 11.66 11.60 0.86 1.51  K=4
  verify 2: accepted 3/3 (K=4) + correction -> +4 tokens (134.9 ms)  cpos=1097
  [margins] 8.64 10.48 5.55 1.02 1.42  K=4
  verify 3: accepted 3/3 (K=4) + correction -> +4 tokens (136.4 ms)  cpos=1101

[spec] generated 9 tokens over 3 verifies: mean tokens/verify = 3.00 (block=5, max 6)
[spec] tokens: 14788 1226 3749 11 29039 1871 3559 3749 11
[spec] SPEC-DECODE: 33.9 ms/tok = 29.49 tok/s  (vs base M=1 70.5 ms/tok = 14.19 tok/s -> 2.08x)
[decode] PREFILL: 1088 positions in 17483.6 ms = 62.2 tok/s (16.069 ms/tok)
[capture] wrote /home/patrickd/s5-capture/agentic-p25-b0.1/c4/cap/shard_p214_s001088.dspc  1088 tok x (3 taps + 1 lm_in) x 4096 = 34.0 MB (32.0 KB/tok)
[probe] wrote 16 draft probes (block=5) to /home/patrickd/s5-capture/agentic-p25-b0.1/c4/cap/drafts_p214_s001088.txt
[spec] decoding 8 tokens (block=5, draft passes=1, adaptK=1.50, prompt=214 s=1089)...
  [margins] 17.48 16.48 10.07 9.42 13.00  K=6
  verify 1: accepted 5/5 (K=6) + correction -> +6 tokens (175.1 ms)  cpos=1094
  [margins] 18.60 15.48 15.23 12.97 10.52  K=6
  verify 2: accepted 5/5 (K=6) + correction -> +6 tokens (175.2 ms)  cpos=1100

[spec] generated 12 tokens over 2 verifies: mean tokens/verify = 6.00 (block=5, max 6)
[spec] tokens: 4031 5793 16 455 2019 1531 366 260 43727 2019 16 455
[spec] SPEC-DECODE: 29.2 ms/tok = 34.25 tok/s  (vs base M=1 70.5 ms/tok = 14.19 tok/s -> 2.41x)
[decode] PREFILL: 1090 positions in 17533.0 ms = 62.2 tok/s (16.085 ms/tok)
[capture] wrote /home/patrickd/s5-capture/agentic-p25-b0.1/c4/cap/shard_p215_s001090.dspc  1090 tok x (3 taps + 1 lm_in) x 4096 = 34.1 MB (32.0 KB/tok)
[probe] wrote 16 draft probes (block=5) to /home/patrickd/s5-capture/agentic-p25-b0.1/c4/cap/drafts_p215_s001090.txt
[spec] decoding 8 tokens (block=5, draft passes=1, adaptK=1.50, prompt=215 s=1091)...
  [margins] 23.14 11.75 9.21 11.82 12.83  K=6
  verify 1: accepted 5/5 (K=6) + correction -> +6 tokens (178.5 ms)  cpos=1096
  [margins] 18.62 16.13 13.81 16.94 12.50  K=6
  verify 2: accepted 5/5 (K=6) + correction -> +6 tokens (169.4 ms)  cpos=1102

[spec] generated 12 tokens over 2 verifies: mean tokens/verify = 6.00 (block=5, max 6)
[spec] tokens: 678 33 523 8492 28 3721 440 33147 260 223 22 9051
[spec] SPEC-DECODE: 28.2 ms/tok = 35.42 tok/s  (vs base M=1 70.5 ms/tok = 14.19 tok/s -> 2.50x)
[decode] PREFILL: 1040 positions in 16685.0 ms = 62.3 tok/s (16.043 ms/tok)
[capture] wrote /home/patrickd/s5-capture/agentic-p25-b0.1/c4/cap/shard_p216_s001040.dspc  1040 tok x (3 taps + 1 lm_in) x 4096 = 32.5 MB (32.0 KB/tok)
[probe] wrote 16 draft probes (block=5) to /home/patrickd/s5-capture/agentic-p25-b0.1/c4/cap/drafts_p216_s001040.txt
[spec] decoding 8 tokens (block=5, draft passes=1, adaptK=1.50, prompt=216 s=1041)...
  [margins] 18.91 14.70 15.28 14.76 14.32  K=6
  verify 1: accepted 5/5 (K=6) + correction -> +6 tokens (175.8 ms)  cpos=1046
  [margins] 15.29 14.88 7.46 14.15 9.58  K=6
  verify 2: accepted 5/5 (K=6) + correction -> +6 tokens (177.0 ms)  cpos=1052

[spec] generated 12 tokens over 2 verifies: mean tokens/verify = 6.00 (block=5, max 6)
[spec] tokens: 345 14 420 271 795 11070 271 35 14 345 14 420
[spec] SPEC-DECODE: 29.5 ms/tok = 33.90 tok/s  (vs base M=1 70.5 ms/tok = 14.19 tok/s -> 2.39x)
[decode] PREFILL: 1043 positions in 16760.3 ms = 62.2 tok/s (16.069 ms/tok)
[capture] wrote /home/patrickd/s5-capture/agentic-p25-b0.1/c4/cap/shard_p217_s001043.dspc  1043 tok x (3 taps + 1 lm_in) x 4096 = 32.6 MB (32.0 KB/tok)
[probe] wrote 16 draft probes (block=5) to /home/patrickd/s5-capture/agentic-p25-b0.1/c4/cap/drafts_p217_s001043.txt
[spec] decoding 8 tokens (block=5, draft passes=1, adaptK=1.50, prompt=217 s=1044)...
  [margins] 16.58 15.20 12.21 8.91 4.97  K=6
  verify 1: accepted 5/5 (K=6) + correction -> +6 tokens (177.5 ms)  cpos=1049
  [margins] 14.12 10.85 10.15 13.05 1.31  K=5
  verify 2: accepted 1/4 (K=5) + correction -> +2 tokens (149.1 ms)  cpos=1051

[spec] generated 8 tokens over 2 verifies: mean tokens/verify = 4.00 (block=5, max 6)
[spec] tokens: 387 565 20340 1505 304 9341 267 46768
[spec] SPEC-DECODE: 74.6 ms/tok = 13.41 tok/s  (vs base M=1 70.5 ms/tok = 14.19 tok/s -> 0.95x)
[decode] PREFILL: 1192 positions in 19202.5 ms = 62.1 tok/s (16.109 ms/tok)
[capture] wrote /home/patrickd/s5-capture/agentic-p25-b0.1/c4/cap/shard_p218_s001192.dspc  1192 tok x (3 taps + 1 lm_in) x 4096 = 37.3 MB (32.0 KB/tok)
[probe] wrote 16 draft probes (block=5) to /home/patrickd/s5-capture/agentic-p25-b0.1/c4/cap/drafts_p218_s001192.txt
[spec] decoding 8 tokens (block=5, draft passes=1, adaptK=1.50, prompt=218 s=1193)...
  [margins] 12.50 10.78 11.16 9.51 9.32  K=6
  verify 1: accepted 5/5 (K=6) + correction -> +6 tokens (165.3 ms)  cpos=1198
  [margins] 13.65 12.21 12.05 10.11 9.42  K=6
  verify 2: accepted 5/5 (K=6) + correction -> +6 tokens (167.9 ms)  cpos=1204

[spec] generated 12 tokens over 2 verifies: mean tokens/verify = 6.00 (block=5, max 6)
[spec] tokens: 50 88 50 88 50 88 50 88 50 88 50 88
[spec] SPEC-DECODE: 28.0 ms/tok = 35.74 tok/s  (vs base M=1 70.5 ms/tok = 14.19 tok/s -> 2.52x)
[decode] PREFILL: 1414 positions in 22914.6 ms = 61.7 tok/s (16.205 ms/tok)
[capture] wrote /home/patrickd/s5-capture/agentic-p25-b0.1/c4/cap/shard_p219_s001414.dspc  1414 tok x (3 taps + 1 lm_in) x 4096 = 44.2 MB (32.0 KB/tok)
[probe] wrote 16 draft probes (block=5) to /home/patrickd/s5-capture/agentic-p25-b0.1/c4/cap/drafts_p219_s001414.txt
[spec] decoding 8 tokens (block=5, draft passes=1, adaptK=1.50, prompt=219 s=1415)...
  [margins] 15.02 10.96 11.73 12.66 10.87  K=6
  verify 1: accepted 5/5 (K=6) + correction -> +6 tokens (183.6 ms)  cpos=1420
  [margins] 17.36 13.66 13.42 13.41 13.24  K=6
  verify 2: accepted 5/5 (K=6) + correction -> +6 tokens (174.2 ms)  cpos=1426

[spec] generated 12 tokens over 2 verifies: mean tokens/verify = 6.00 (block=5, max 6)
[spec] tokens: 28 1166 8178 362 25817 25201 409 6848 295 223 939 25
[spec] SPEC-DECODE: 29.0 ms/tok = 34.45 tok/s  (vs base M=1 70.5 ms/tok = 14.19 tok/s -> 2.43x)
[decode] PREFILL: 1152 positions in 18541.4 ms = 62.1 tok/s (16.095 ms/tok)
[capture] wrote /home/patrickd/s5-capture/agentic-p25-b0.1/c4/cap/shard_p220_s001152.dspc  1152 tok x (3 taps + 1 lm_in) x 4096 = 36.0 MB (32.0 KB/tok)
[probe] wrote 16 draft probes (block=5) to /home/patrickd/s5-capture/agentic-p25-b0.1/c4/cap/drafts_p220_s001152.txt
[spec] decoding 8 tokens (block=5, draft passes=1, adaptK=1.50, prompt=220 s=1153)...
  [margins] 19.23 12.72 14.78 9.80 0.84  K=5
  verify 1: accepted 4/4 (K=5) + correction -> +5 tokens (160.8 ms)  cpos=1157
  [margins] 13.87 2.35 3.30 5.04 8.93  K=6
  verify 2: accepted 1/5 (K=6) + correction -> +2 tokens (174.3 ms)  cpos=1159
  [margins] 15.02 14.15 7.48 13.92 10.83  K=6
  verify 3: accepted 5/5 (K=6) + correction -> +6 tokens (176.1 ms)  cpos=1165

[spec] generated 13 tokens over 3 verifies: mean tokens/verify = 4.33 (block=5, max 6)
[spec] tokens: 8540 14 11135 270 18075 377 6687 11445 8296 603 23 16 13409
[spec] SPEC-DECODE: 43.8 ms/tok = 22.83 tok/s  (vs base M=1 70.5 ms/tok = 14.19 tok/s -> 1.61x)
[decode] PREFILL: 1215 positions in 19578.8 ms = 62.1 tok/s (16.114 ms/tok)
[capture] wrote /home/patrickd/s5-capture/agentic-p25-b0.1/c4/cap/shard_p221_s001215.dspc  1215 tok x (3 taps + 1 lm_in) x 4096 = 38.0 MB (32.0 KB/tok)
[probe] wrote 16 draft probes (block=5) to /home/patrickd/s5-capture/agentic-p25-b0.1/c4/cap/drafts_p221_s001215.txt
[spec] decoding 8 tokens (block=5, draft passes=1, adaptK=1.50, prompt=221 s=1216)...
  [margins] 15.08 7.37 13.47 12.77 7.85  K=6
  verify 1: accepted 5/5 (K=6) + correction -> +6 tokens (175.8 ms)  cpos=1221
  [margins] 14.51 7.76 14.51 12.64 8.83  K=6
  verify 2: accepted 5/5 (K=6) + correction -> +6 tokens (163.8 ms)  cpos=1227

[spec] generated 12 tokens over 2 verifies: mean tokens/verify = 6.00 (block=5, max 6)
[spec] tokens: 22138 16 6000 22138 16 6000 22138 16 6000 22138 16 6000
[spec] SPEC-DECODE: 27.3 ms/tok = 36.62 tok/s  (vs base M=1 70.5 ms/tok = 14.19 tok/s -> 2.58x)
[decode] PREFILL: 1842 positions in 30217.0 ms = 61.0 tok/s (16.404 ms/tok)
[capture] wrote /home/patrickd/s5-capture/agentic-p25-b0.1/c4/cap/shard_p222_s001842.dspc  1842 tok x (3 taps + 1 lm_in) x 4096 = 57.6 MB (32.0 KB/tok)
[probe] wrote 16 draft probes (block=5) to /home/patrickd/s5-capture/agentic-p25-b0.1/c4/cap/drafts_p222_s001842.txt
[spec] decoding 8 tokens (block=5, draft passes=1, adaptK=1.50, prompt=222 s=1843)...
  [margins] 10.14 14.59 17.39 11.25 13.07  K=6
  verify 1: accepted 5/5 (K=6) + correction -> +6 tokens (181.7 ms)  cpos=1848
  [margins] 10.14 15.89 17.95 11.53 13.74  K=6
  verify 2: accepted 5/5 (K=6) + correction -> +6 tokens (170.3 ms)  cpos=1854

[spec] generated 12 tokens over 2 verifies: mean tokens/verify = 6.00 (block=5, max 6)
[spec] tokens: 16 4617 272 16 4617 272 16 4617 272 16 4617 272
[spec] SPEC-DECODE: 28.4 ms/tok = 35.22 tok/s  (vs base M=1 70.5 ms/tok = 14.19 tok/s -> 2.48x)
[decode] PREFILL: 1048 positions in 16820.2 ms = 62.3 tok/s (16.050 ms/tok)
[capture] wrote /home/patrickd/s5-capture/agentic-p25-b0.1/c4/cap/shard_p223_s001048.dspc  1048 tok x (3 taps + 1 lm_in) x 4096 = 32.8 MB (32.0 KB/tok)
[probe] wrote 16 draft probes (block=5) to /home/patrickd/s5-capture/agentic-p25-b0.1/c4/cap/drafts_p223_s001048.txt
[spec] decoding 8 tokens (block=5, draft passes=1, adaptK=1.50, prompt=223 s=1049)...
  [margins] 11.42 14.13 10.54 14.25 9.63  K=6
  verify 1: accepted 5/5 (K=6) + correction -> +6 tokens (165.8 ms)  cpos=1054
  [margins] 10.65 15.32 10.50 14.37 9.38  K=6
  verify 2: accepted 5/5 (K=6) + correction -> +6 tokens (168.4 ms)  cpos=1060

[spec] generated 12 tokens over 2 verifies: mean tokens/verify = 6.00 (block=5, max 6)
[spec] tokens: 16 61561 16 61561 16 61561 16 61561 16 61561 16 61561
[spec] SPEC-DECODE: 28.1 ms/tok = 35.63 tok/s  (vs base M=1 70.5 ms/tok = 14.19 tok/s -> 2.51x)
[decode] PREFILL: 1195 positions in 19264.5 ms = 62.0 tok/s (16.121 ms/tok)
[capture] wrote /home/patrickd/s5-capture/agentic-p25-b0.1/c4/cap/shard_p224_s001195.dspc  1195 tok x (3 taps + 1 lm_in) x 4096 = 37.3 MB (32.0 KB/tok)
[probe] wrote 16 draft probes (block=5) to /home/patrickd/s5-capture/agentic-p25-b0.1/c4/cap/drafts_p224_s001195.txt
[spec] decoding 8 tokens (block=5, draft passes=1, adaptK=1.50, prompt=224 s=1196)...
  [margins] 13.28 13.06 3.55 1.66 6.16  K=6
  verify 1: accepted 5/5 (K=6) + correction -> +6 tokens (176.9 ms)  cpos=1201
  [margins] 6.45 1.14 9.01 1.20 3.46  K=2
  verify 2: accepted 1/1 (K=2) + correction -> +2 tokens (104.8 ms)  cpos=1203

[spec] generated 8 tokens over 2 verifies: mean tokens/verify = 4.00 (block=5, max 6)
[spec] tokens: 16 2619 9282 19862 18586 19018 270 4245
[spec] SPEC-DECODE: 52.4 ms/tok = 19.08 tok/s  (vs base M=1 70.5 ms/tok = 14.19 tok/s -> 1.35x)
[decode] PREFILL: 1418 positions in 22981.9 ms = 61.7 tok/s (16.207 ms/tok)
[capture] wrote /home/patrickd/s5-capture/agentic-p25-b0.1/c4/cap/shard_p225_s001418.dspc  1418 tok x (3 taps + 1 lm_in) x 4096 = 44.3 MB (32.0 KB/tok)
[probe] wrote 16 draft probes (block=5) to /home/patrickd/s5-capture/agentic-p25-b0.1/c4/cap/drafts_p225_s001418.txt
[spec] decoding 8 tokens (block=5, draft passes=1, adaptK=1.50, prompt=225 s=1419)...
  [margins] 17.46 18.53 20.58 13.81 21.19  K=6
  verify 1: accepted 5/5 (K=6) + correction -> +6 tokens (186.6 ms)  cpos=1424
  [margins] 17.85 15.19 18.39 9.75 9.79  K=6
  verify 2: accepted 5/5 (K=6) + correction -> +6 tokens (173.6 ms)  cpos=1430

[spec] generated 12 tokens over 2 verifies: mean tokens/verify = 6.00 (block=5, max 6)
[spec] tokens: 1234 1375 42208 66153 387 995 3676 270 6614 734 16724 1951
[spec] SPEC-DECODE: 28.9 ms/tok = 34.56 tok/s  (vs base M=1 70.5 ms/tok = 14.19 tok/s -> 2.44x)
[decode] PREFILL: 1209 positions in 19490.3 ms = 62.0 tok/s (16.121 ms/tok)
[capture] wrote /home/patrickd/s5-capture/agentic-p25-b0.1/c4/cap/shard_p226_s001209.dspc  1209 tok x (3 taps + 1 lm_in) x 4096 = 37.8 MB (32.0 KB/tok)
[probe] wrote 16 draft probes (block=5) to /home/patrickd/s5-capture/agentic-p25-b0.1/c4/cap/drafts_p226_s001209.txt
[spec] decoding 8 tokens (block=5, draft passes=1, adaptK=1.50, prompt=226 s=1210)...
  [margins] 18.52 8.24 14.40 14.16 9.08  K=6
  verify 1: accepted 5/5 (K=6) + correction -> +6 tokens (168.7 ms)  cpos=1215
  [margins] 18.50 8.41 14.08 14.13 8.34  K=6
  verify 2: accepted 5/5 (K=6) + correction -> +6 tokens (171.9 ms)  cpos=1221

[spec] generated 12 tokens over 2 verifies: mean tokens/verify = 6.00 (block=5, max 6)
[spec] tokens: 22138 16 6000 22138 16 6000 22138 16 6000 22138 16 6000
[spec] SPEC-DECODE: 28.6 ms/tok = 34.91 tok/s  (vs base M=1 70.5 ms/tok = 14.19 tok/s -> 2.46x)
[decode] PREFILL: 1403 positions in 22708.2 ms = 61.8 tok/s (16.185 ms/tok)
[capture] wrote /home/patrickd/s5-capture/agentic-p25-b0.1/c4/cap/shard_p227_s001403.dspc  1403 tok x (3 taps + 1 lm_in) x 4096 = 43.8 MB (32.0 KB/tok)
[probe] wrote 16 draft probes (block=5) to /home/patrickd/s5-capture/agentic-p25-b0.1/c4/cap/drafts_p227_s001403.txt
[spec] decoding 8 tokens (block=5, draft passes=1, adaptK=1.50, prompt=227 s=1404)...
  [margins] 14.77 14.46 15.50 6.05 10.98  K=6
  verify 1: accepted 5/5 (K=6) + correction -> +6 tokens (192.3 ms)  cpos=1409
  [margins] 13.58 14.94 14.91 4.47 10.55  K=6
  verify 2: accepted 5/5 (K=6) + correction -> +6 tokens (165.7 ms)  cpos=1415

[spec] generated 12 tokens over 2 verifies: mean tokens/verify = 6.00 (block=5, max 6)
[spec] tokens: 3749 11 3749 11 3749 11 3749 11 3749 11 3749 11
[spec] SPEC-DECODE: 27.6 ms/tok = 36.21 tok/s  (vs base M=1 70.5 ms/tok = 14.19 tok/s -> 2.55x)
[decode] PREFILL: 1057 positions in 17007.0 ms = 62.2 tok/s (16.090 ms/tok)
[capture] wrote /home/patrickd/s5-capture/agentic-p25-b0.1/c4/cap/shard_p228_s001057.dspc  1057 tok x (3 taps + 1 lm_in) x 4096 = 33.0 MB (32.0 KB/tok)
[probe] wrote 16 draft probes (block=5) to /home/patrickd/s5-capture/agentic-p25-b0.1/c4/cap/drafts_p228_s001057.txt
[spec] decoding 8 tokens (block=5, draft passes=1, adaptK=1.50, prompt=228 s=1058)...
  [margins] 21.76 17.45 14.19 15.64 12.81  K=6
  verify 1: accepted 5/5 (K=6) + correction -> +6 tokens (173.9 ms)  cpos=1063
  [margins] 17.34 15.05 16.75 16.68 12.52  K=6
  verify 2: accepted 5/5 (K=6) + correction -> +6 tokens (177.1 ms)  cpos=1069

[spec] generated 12 tokens over 2 verifies: mean tokens/verify = 6.00 (block=5, max 6)
[spec] tokens: 6304 344 260 59546 16 455 4105 344 362 9670 16 3011
[spec] SPEC-DECODE: 29.5 ms/tok = 33.89 tok/s  (vs base M=1 70.5 ms/tok = 14.19 tok/s -> 2.39x)
[decode] PREFILL: 2215 positions in 36731.5 ms = 60.3 tok/s (16.583 ms/tok)
[capture] wrote /home/patrickd/s5-capture/agentic-p25-b0.1/c4/cap/shard_p229_s002215.dspc  2215 tok x (3 taps + 1 lm_in) x 4096 = 69.2 MB (32.0 KB/tok)
[probe] wrote 16 draft probes (block=5) to /home/patrickd/s5-capture/agentic-p25-b0.1/c4/cap/drafts_p229_s002215.txt
[spec] decoding 8 tokens (block=5, draft passes=1, adaptK=1.50, prompt=229 s=2216)...
  [margins] 12.47 8.52 7.51 1.26 1.84  K=4
  verify 1: accepted 3/3 (K=4) + correction -> +4 tokens (153.4 ms)  cpos=2219
  [margins] 9.46 12.64 19.38 1.50 1.69  K=4
  verify 2: accepted 3/3 (K=4) + correction -> +4 tokens (144.9 ms)  cpos=2223

[spec] generated 8 tokens over 2 verifies: mean tokens/verify = 4.00 (block=5, max 6)
[spec] tokens: 5602 43088 343 1809 27 15 1357 18
[spec] SPEC-DECODE: 36.2 ms/tok = 27.61 tok/s  (vs base M=1 70.5 ms/tok = 14.19 tok/s -> 1.95x)
[decode] PREFILL: 1063 positions in 17083.6 ms = 62.2 tok/s (16.071 ms/tok)
[capture] wrote /home/patrickd/s5-capture/agentic-p25-b0.1/c4/cap/shard_p230_s001063.dspc  1063 tok x (3 taps + 1 lm_in) x 4096 = 33.2 MB (32.0 KB/tok)
[probe] wrote 16 draft probes (block=5) to /home/patrickd/s5-capture/agentic-p25-b0.1/c4/cap/drafts_p230_s001063.txt
[spec] decoding 8 tokens (block=5, draft passes=1, adaptK=1.50, prompt=230 s=1064)...
  [margins] 19.33 14.41 11.20 9.37 1.79  K=6
  verify 1: accepted 5/5 (K=6) + correction -> +6 tokens (180.7 ms)  cpos=1069
  [margins] 17.85 17.04 18.32 12.09 9.79  K=6
  verify 2: accepted 5/5 (K=6) + correction -> +6 tokens (171.1 ms)  cpos=1075

[spec] generated 12 tokens over 2 verifies: mean tokens/verify = 6.00 (block=5, max 6)
[spec] tokens: 14 579 24522 270 1167 294 6644 95500 343 20 11 538
[spec] SPEC-DECODE: 28.5 ms/tok = 35.07 tok/s  (vs base M=1 70.5 ms/tok = 14.19 tok/s -> 2.47x)
[decode] PREFILL: 1157 positions in 18658.6 ms = 62.0 tok/s (16.127 ms/tok)
[capture] wrote /home/patrickd/s5-capture/agentic-p25-b0.1/c4/cap/shard_p231_s001157.dspc  1157 tok x (3 taps + 1 lm_in) x 4096 = 36.2 MB (32.0 KB/tok)
[probe] wrote 16 draft probes (block=5) to /home/patrickd/s5-capture/agentic-p25-b0.1/c4/cap/drafts_p231_s001157.txt
[spec] decoding 8 tokens (block=5, draft passes=1, adaptK=1.50, prompt=231 s=1158)...
  [margins] 0.59 2.43 10.04 2.86 8.73  K=6
  verify 1: accepted 0/5 (K=6) + correction -> +1 tokens (174.8 ms)  cpos=1158
  [margins] 4.38 9.44 6.53 9.51 2.20  K=6
  verify 2: accepted 5/5 (K=6) + correction -> +6 tokens (176.2 ms)  cpos=1164
  [margins] 8.53 0.08 1.49 4.76 6.36  K=2
  verify 3: accepted 1/1 (K=2) + correction -> +2 tokens (104.3 ms)  cpos=1166

[spec] generated 9 tokens over 3 verifies: mean tokens/verify = 3.00 (block=5, max 6)
[spec] tokens: 5379 603 21 16 2619 50 316 45262 347
[spec] SPEC-DECODE: 35.1 ms/tok = 28.52 tok/s  (vs base M=1 70.5 ms/tok = 14.19 tok/s -> 2.01x)
[decode] PREFILL: 1038 positions in 16667.5 ms = 62.3 tok/s (16.057 ms/tok)
[capture] wrote /home/patrickd/s5-capture/agentic-p25-b0.1/c4/cap/shard_p232_s001038.dspc  1038 tok x (3 taps + 1 lm_in) x 4096 = 32.4 MB (32.0 KB/tok)
[probe] wrote 16 draft probes (block=5) to /home/patrickd/s5-capture/agentic-p25-b0.1/c4/cap/drafts_p232_s001038.txt
[spec] decoding 8 tokens (block=5, draft passes=1, adaptK=1.50, prompt=232 s=1039)...
  [margins] 0.93 3.51 4.89 6.99 0.51  K=5
  verify 1: accepted 0/4 (K=5) + correction -> +1 tokens (150.2 ms)  cpos=1039
  [margins] 6.53 6.86 7.67 1.61 6.00  K=6
  verify 2: accepted 2/5 (K=6) + correction -> +3 tokens (169.8 ms)  cpos=1042
  [margins] 11.48 4.10 7.11 4.47 7.46  K=6
  verify 3: accepted 5/5 (K=6) + correction -> +6 tokens (171.2 ms)  cpos=1048

[spec] generated 10 tokens over 3 verifies: mean tokens/verify = 3.33 (block=5, max 6)
[spec] tokens: 12787 362 7676 7992 6107 15873 32042 16 983 734
[spec] SPEC-DECODE: 37.9 ms/tok = 26.39 tok/s  (vs base M=1 70.5 ms/tok = 14.19 tok/s -> 1.86x)
[decode] PREFILL: 1082 positions in 17378.9 ms = 62.3 tok/s (16.062 ms/tok)
[capture] wrote /home/patrickd/s5-capture/agentic-p25-b0.1/c4/cap/shard_p233_s001082.dspc  1082 tok x (3 taps + 1 lm_in) x 4096 = 33.8 MB (32.0 KB/tok)
[probe] wrote 16 draft probes (block=5) to /home/patrickd/s5-capture/agentic-p25-b0.1/c4/cap/drafts_p233_s001082.txt
[spec] decoding 8 tokens (block=5, draft passes=1, adaptK=1.50, prompt=233 s=1083)...
  [margins] 13.05 15.42 14.52 8.74 7.83  K=6
  verify 1: accepted 3/5 (K=6) + correction -> +4 tokens (172.0 ms)  cpos=1086
  [margins] 13.20 16.18 13.96 7.78 6.99  K=6
  verify 2: accepted 3/5 (K=6) + correction -> +4 tokens (168.9 ms)  cpos=1090

[spec] generated 8 tokens over 2 verifies: mean tokens/verify = 4.00 (block=5, max 6)
[spec] tokens: 3749 11 3749 11 3749 11 3749 11
[spec] SPEC-DECODE: 42.2 ms/tok = 23.69 tok/s  (vs base M=1 70.5 ms/tok = 14.19 tok/s -> 1.67x)
[decode] PREFILL: 1043 positions in 16764.6 ms = 62.2 tok/s (16.073 ms/tok)
[capture] wrote /home/patrickd/s5-capture/agentic-p25-b0.1/c4/cap/shard_p234_s001043.dspc  1043 tok x (3 taps + 1 lm_in) x 4096 = 32.6 MB (32.0 KB/tok)
[probe] wrote 16 draft probes (block=5) to /home/patrickd/s5-capture/agentic-p25-b0.1/c4/cap/drafts_p234_s001043.txt
[spec] decoding 8 tokens (block=5, draft passes=1, adaptK=1.50, prompt=234 s=1044)...
  [margins] 16.41 11.58 9.96 13.87 9.64  K=6
  verify 1: accepted 5/5 (K=6) + correction -> +6 tokens (175.4 ms)  cpos=1049
  [margins] 18.10 11.57 10.59 13.50 9.49  K=6
  verify 2: accepted 5/5 (K=6) + correction -> +6 tokens (164.6 ms)  cpos=1055

[spec] generated 12 tokens over 2 verifies: mean tokens/verify = 6.00 (block=5, max 6)
[spec] tokens: 27973 33 56 27973 33 56 27973 33 56 27973 33 56
[spec] SPEC-DECODE: 27.4 ms/tok = 36.45 tok/s  (vs base M=1 70.5 ms/tok = 14.19 tok/s -> 2.57x)
[decode] PREFILL: 1616 positions in 26319.4 ms = 61.4 tok/s (16.287 ms/tok)
[capture] wrote /home/patrickd/s5-capture/agentic-p25-b0.1/c4/cap/shard_p235_s001616.dspc  1616 tok x (3 taps + 1 lm_in) x 4096 = 50.5 MB (32.0 KB/tok)
[probe] wrote 16 draft probes (block=5) to /home/patrickd/s5-capture/agentic-p25-b0.1/c4/cap/drafts_p235_s001616.txt
[spec] decoding 8 tokens (block=5, draft passes=1, adaptK=1.50, prompt=235 s=1617)...
  [margins] 17.53 9.54 12.77 13.42 19.22  K=6
  verify 1: accepted 5/5 (K=6) + correction -> +6 tokens (182.8 ms)  cpos=1622
  [margins] 17.76 14.15 9.25 8.38 8.70  K=6
  verify 2: accepted 5/5 (K=6) + correction -> +6 tokens (180.8 ms)  cpos=1628

[spec] generated 12 tokens over 2 verifies: mean tokens/verify = 6.00 (block=5, max 6)
[spec] tokens: 792 27 14 3490 436 1060 260 16312 3072 16 9710 8737
[spec] SPEC-DECODE: 30.1 ms/tok = 33.19 tok/s  (vs base M=1 70.5 ms/tok = 14.19 tok/s -> 2.34x)
[decode] PREFILL: 1128 positions in 18153.3 ms = 62.1 tok/s (16.093 ms/tok)
[capture] wrote /home/patrickd/s5-capture/agentic-p25-b0.1/c4/cap/shard_p236_s001128.dspc  1128 tok x (3 taps + 1 lm_in) x 4096 = 35.3 MB (32.0 KB/tok)
[probe] wrote 16 draft probes (block=5) to /home/patrickd/s5-capture/agentic-p25-b0.1/c4/cap/drafts_p236_s001128.txt
[spec] decoding 8 tokens (block=5, draft passes=1, adaptK=1.50, prompt=236 s=1129)...
  [margins] 0.19 4.60 2.51 10.28 4.20  K=6
  verify 1: accepted 2/5 (K=6) + correction -> +3 tokens (170.2 ms)  cpos=1131
  [margins] 5.08 5.86 7.05 10.39 2.07  K=6
  verify 2: accepted 5/5 (K=6) + correction -> +6 tokens (172.2 ms)  cpos=1137

[spec] generated 9 tokens over 2 verifies: mean tokens/verify = 4.50 (block=5, max 6)
[spec] tokens: 16 3016 468 588 7377 223 926 31171 339
[spec] SPEC-DECODE: 28.7 ms/tok = 34.84 tok/s  (vs base M=1 70.5 ms/tok = 14.19 tok/s -> 2.46x)
[decode] PREFILL: 1039 positions in 16671.4 ms = 62.3 tok/s (16.046 ms/tok)
[capture] wrote /home/patrickd/s5-capture/agentic-p25-b0.1/c4/cap/shard_p237_s001039.dspc  1039 tok x (3 taps + 1 lm_in) x 4096 = 32.5 MB (32.0 KB/tok)
[probe] wrote 16 draft probes (block=5) to /home/patrickd/s5-capture/agentic-p25-b0.1/c4/cap/drafts_p237_s001039.txt
[spec] decoding 8 tokens (block=5, draft passes=1, adaptK=1.50, prompt=237 s=1040)...
  [margins] 18.26 17.21 16.99 15.40 7.67  K=6
  verify 1: accepted 5/5 (K=6) + correction -> +6 tokens (180.5 ms)  cpos=1045
  [margins] 17.61 16.65 14.69 13.77 10.62  K=6
  verify 2: accepted 5/5 (K=6) + correction -> +6 tokens (171.8 ms)  cpos=1051

[spec] generated 12 tokens over 2 verifies: mean tokens/verify = 6.00 (block=5, max 6)
[spec] tokens: 554 1205 440 2118 16 2454 734 1119 3287 4671 565 2090
[spec] SPEC-DECODE: 28.6 ms/tok = 34.93 tok/s  (vs base M=1 70.5 ms/tok = 14.19 tok/s -> 2.46x)
[decode] PREFILL: 1039 positions in 16677.9 ms = 62.3 tok/s (16.052 ms/tok)
[capture] wrote /home/patrickd/s5-capture/agentic-p25-b0.1/c4/cap/shard_p238_s001039.dspc  1039 tok x (3 taps + 1 lm_in) x 4096 = 32.5 MB (32.0 KB/tok)
[probe] wrote 16 draft probes (block=5) to /home/patrickd/s5-capture/agentic-p25-b0.1/c4/cap/drafts_p238_s001039.txt
[spec] decoding 8 tokens (block=5, draft passes=1, adaptK=1.50, prompt=238 s=1040)...
  [margins] 13.05 18.58 14.44 11.52 8.06  K=6
  verify 1: accepted 5/5 (K=6) + correction -> +6 tokens (183.2 ms)  cpos=1045
  [margins] 15.96 19.54 18.80 12.59 7.26  K=6
  verify 2: accepted 5/5 (K=6) + correction -> +6 tokens (171.7 ms)  cpos=1051

[spec] generated 12 tokens over 2 verifies: mean tokens/verify = 6.00 (block=5, max 6)
[spec] tokens: 2128 7115 31237 16 5863 16 16374 11037 28021 2497 2128 7115
[spec] SPEC-DECODE: 28.6 ms/tok = 34.95 tok/s  (vs base M=1 70.5 ms/tok = 14.19 tok/s -> 2.46x)
[decode] PREFILL: 1056 positions in 16935.3 ms = 62.4 tok/s (16.037 ms/tok)
[capture] wrote /home/patrickd/s5-capture/agentic-p25-b0.1/c4/cap/shard_p239_s001056.dspc  1056 tok x (3 taps + 1 lm_in) x 4096 = 33.0 MB (32.0 KB/tok)
[probe] wrote 16 draft probes (block=5) to /home/patrickd/s5-capture/agentic-p25-b0.1/c4/cap/drafts_p239_s001056.txt
[spec] decoding 8 tokens (block=5, draft passes=1, adaptK=1.50, prompt=239 s=1057)...
  [margins] 16.13 11.92 12.44 13.19 11.22  K=6
  verify 1: accepted 5/5 (K=6) + correction -> +6 tokens (163.9 ms)  cpos=1062
  [margins] 16.65 11.36 12.15 12.30 11.07  K=6
  verify 2: accepted 5/5 (K=6) + correction -> +6 tokens (166.1 ms)  cpos=1068

[spec] generated 12 tokens over 2 verifies: mean tokens/verify = 6.00 (block=5, max 6)
[spec] tokens: 23748 56 23748 56 23748 56 23748 56 23748 56 23748 56
[spec] SPEC-DECODE: 27.7 ms/tok = 36.12 tok/s  (vs base M=1 70.5 ms/tok = 14.19 tok/s -> 2.55x)
[decode] PREFILL: 1054 positions in 16922.5 ms = 62.3 tok/s (16.056 ms/tok)
[capture] wrote /home/patrickd/s5-capture/agentic-p25-b0.1/c4/cap/shard_p240_s001054.dspc  1054 tok x (3 taps + 1 lm_in) x 4096 = 32.9 MB (32.0 KB/tok)
[probe] wrote 16 draft probes (block=5) to /home/patrickd/s5-capture/agentic-p25-b0.1/c4/cap/drafts_p240_s001054.txt
[spec] decoding 8 tokens (block=5, draft passes=1, adaptK=1.50, prompt=240 s=1055)...
  [margins] 18.54 12.55 14.88 5.49 15.23  K=6
  verify 1: accepted 5/5 (K=6) + correction -> +6 tokens (173.2 ms)  cpos=1060
  [margins] 14.99 8.96 16.35 11.38 13.29  K=6
  verify 2: accepted 5/5 (K=6) + correction -> +6 tokens (166.2 ms)  cpos=1066

[spec] generated 12 tokens over 2 verifies: mean tokens/verify = 6.00 (block=5, max 6)
[spec] tokens: 2739 16 7301 104959 2739 16 7301 104959 2739 16 7301 104959
[spec] SPEC-DECODE: 27.7 ms/tok = 36.11 tok/s  (vs base M=1 70.5 ms/tok = 14.19 tok/s -> 2.54x)
[decode] PREFILL: 1110 positions in 17841.4 ms = 62.2 tok/s (16.073 ms/tok)
[capture] wrote /home/patrickd/s5-capture/agentic-p25-b0.1/c4/cap/shard_p241_s001110.dspc  1110 tok x (3 taps + 1 lm_in) x 4096 = 34.7 MB (32.0 KB/tok)
[probe] wrote 16 draft probes (block=5) to /home/patrickd/s5-capture/agentic-p25-b0.1/c4/cap/drafts_p241_s001110.txt
[spec] decoding 8 tokens (block=5, draft passes=1, adaptK=1.50, prompt=241 s=1111)...
  [margins] 17.82 16.88 12.80 11.89 11.89  K=6
  verify 1: accepted 5/5 (K=6) + correction -> +6 tokens (177.7 ms)  cpos=1116
  [margins] 10.81 15.86 12.04 11.02 9.05  K=6
  verify 2: accepted 5/5 (K=6) + correction -> +6 tokens (168.8 ms)  cpos=1122

[spec] generated 12 tokens over 2 verifies: mean tokens/verify = 6.00 (block=5, max 6)
[spec] tokens: 366 1353 270 37370 2019 16 455 5238 1531 366 1353 270
[spec] SPEC-DECODE: 28.1 ms/tok = 35.55 tok/s  (vs base M=1 70.5 ms/tok = 14.19 tok/s -> 2.51x)
[decode] PREFILL: 1096 positions in 17621.7 ms = 62.2 tok/s (16.078 ms/tok)
[capture] wrote /home/patrickd/s5-capture/agentic-p25-b0.1/c4/cap/shard_p242_s001096.dspc  1096 tok x (3 taps + 1 lm_in) x 4096 = 34.3 MB (32.0 KB/tok)
[probe] wrote 16 draft probes (block=5) to /home/patrickd/s5-capture/agentic-p25-b0.1/c4/cap/drafts_p242_s001096.txt
[spec] decoding 8 tokens (block=5, draft passes=1, adaptK=1.50, prompt=242 s=1097)...
  [margins] 12.12 9.92 11.44 8.89 9.76  K=6
  verify 1: accepted 5/5 (K=6) + correction -> +6 tokens (166.4 ms)  cpos=1102
  [margins] 12.75 10.55 12.61 8.55 10.71  K=6
  verify 2: accepted 5/5 (K=6) + correction -> +6 tokens (168.3 ms)  cpos=1108

[spec] generated 12 tokens over 2 verifies: mean tokens/verify = 6.00 (block=5, max 6)
[spec] tokens: 455 16 455 16 455 16 455 16 455 16 455 16
[spec] SPEC-DECODE: 28.0 ms/tok = 35.66 tok/s  (vs base M=1 70.5 ms/tok = 14.19 tok/s -> 2.51x)
[decode] PREFILL: 1103 positions in 17723.4 ms = 62.2 tok/s (16.068 ms/tok)
[capture] wrote /home/patrickd/s5-capture/agentic-p25-b0.1/c4/cap/shard_p243_s001103.dspc  1103 tok x (3 taps + 1 lm_in) x 4096 = 34.5 MB (32.0 KB/tok)
[probe] wrote 16 draft probes (block=5) to /home/patrickd/s5-capture/agentic-p25-b0.1/c4/cap/drafts_p243_s001103.txt
[spec] decoding 8 tokens (block=5, draft passes=1, adaptK=1.50, prompt=243 s=1104)...
  [margins] 17.84 12.20 18.58 11.84 12.69  K=6
  verify 1: accepted 5/5 (K=6) + correction -> +6 tokens (181.7 ms)  cpos=1109
  [margins] 20.90 13.04 9.34 5.93 4.61  K=6
  verify 2: accepted 5/5 (K=6) + correction -> +6 tokens (170.6 ms)  cpos=1115

[spec] generated 12 tokens over 2 verifies: mean tokens/verify = 6.00 (block=5, max 6)
[spec] tokens: 85 50 105089 21927 4226 5224 105089 344 554 260 6405 4105
[spec] SPEC-DECODE: 28.4 ms/tok = 35.17 tok/s  (vs base M=1 70.5 ms/tok = 14.19 tok/s -> 2.48x)
[decode] PREFILL: 1050 positions in 16857.8 ms = 62.3 tok/s (16.055 ms/tok)
[capture] wrote /home/patrickd/s5-capture/agentic-p25-b0.1/c4/cap/shard_p244_s001050.dspc  1050 tok x (3 taps + 1 lm_in) x 4096 = 32.8 MB (32.0 KB/tok)
[probe] wrote 16 draft probes (block=5) to /home/patrickd/s5-capture/agentic-p25-b0.1/c4/cap/drafts_p244_s001050.txt
[spec] decoding 8 tokens (block=5, draft passes=1, adaptK=1.50, prompt=244 s=1051)...
  [margins] 8.72 11.36 11.83 9.77 3.28  K=6
  verify 1: accepted 5/5 (K=6) + correction -> +6 tokens (181.7 ms)  cpos=1056
  [margins] 20.23 17.68 15.23 23.91 10.81  K=6
  verify 2: accepted 5/5 (K=6) + correction -> +6 tokens (169.4 ms)  cpos=1062

[spec] generated 12 tokens over 2 verifies: mean tokens/verify = 6.00 (block=5, max 6)
[spec] tokens: 455 14364 344 295 270 7515 905 82 1461 284 11892 455
[spec] SPEC-DECODE: 28.2 ms/tok = 35.42 tok/s  (vs base M=1 70.5 ms/tok = 14.19 tok/s -> 2.50x)
[decode] PREFILL: 1115 positions in 17925.0 ms = 62.2 tok/s (16.076 ms/tok)
[capture] wrote /home/patrickd/s5-capture/agentic-p25-b0.1/c4/cap/shard_p245_s001115.dspc  1115 tok x (3 taps + 1 lm_in) x 4096 = 34.8 MB (32.0 KB/tok)
[probe] wrote 16 draft probes (block=5) to /home/patrickd/s5-capture/agentic-p25-b0.1/c4/cap/drafts_p245_s001115.txt
[spec] decoding 8 tokens (block=5, draft passes=1, adaptK=1.50, prompt=245 s=1116)...
  [margins] 14.54 3.48 12.99 11.90 14.08  K=6
  verify 1: accepted 5/5 (K=6) + correction -> +6 tokens (182.0 ms)  cpos=1121
  [margins] 15.27 9.79 11.67 12.59 10.77  K=6
  verify 2: accepted 5/5 (K=6) + correction -> +6 tokens (170.1 ms)  cpos=1127

[spec] generated 12 tokens over 2 verifies: mean tokens/verify = 6.00 (block=5, max 6)
[spec] tokens: 1347 270 1258 62161 44409 93332 4105 16 2042 2231 1347 270
[spec] SPEC-DECODE: 28.4 ms/tok = 35.27 tok/s  (vs base M=1 70.5 ms/tok = 14.19 tok/s -> 2.49x)
[decode] PREFILL: 1090 positions in 17534.0 ms = 62.2 tok/s (16.086 ms/tok)
[capture] wrote /home/patrickd/s5-capture/agentic-p25-b0.1/c4/cap/shard_p246_s001090.dspc  1090 tok x (3 taps + 1 lm_in) x 4096 = 34.1 MB (32.0 KB/tok)
[probe] wrote 16 draft probes (block=5) to /home/patrickd/s5-capture/agentic-p25-b0.1/c4/cap/drafts_p246_s001090.txt
[spec] decoding 8 tokens (block=5, draft passes=1, adaptK=1.50, prompt=246 s=1091)...
  [margins] 23.15 14.75 13.57 11.91 15.09  K=6
  verify 1: accepted 5/5 (K=6) + correction -> +6 tokens (185.4 ms)  cpos=1096
  [margins] 16.08 16.55 20.46 17.02 15.22  K=6
  verify 2: accepted 5/5 (K=6) + correction -> +6 tokens (172.7 ms)  cpos=1102

[spec] generated 12 tokens over 2 verifies: mean tokens/verify = 6.00 (block=5, max 6)
[spec] tokens: 2077 101301 14 3718 3720 65 22 10993 3424 40945 86 8027
[spec] SPEC-DECODE: 28.8 ms/tok = 34.75 tok/s  (vs base M=1 70.5 ms/tok = 14.19 tok/s -> 2.45x)
[decode] PREFILL: 1115 positions in 17934.2 ms = 62.2 tok/s (16.085 ms/tok)
[capture] wrote /home/patrickd/s5-capture/agentic-p25-b0.1/c4/cap/shard_p247_s001115.dspc  1115 tok x (3 taps + 1 lm_in) x 4096 = 34.8 MB (32.0 KB/tok)
[probe] wrote 16 draft probes (block=5) to /home/patrickd/s5-capture/agentic-p25-b0.1/c4/cap/drafts_p247_s001115.txt
[spec] decoding 8 tokens (block=5, draft passes=1, adaptK=1.50, prompt=247 s=1116)...
  [margins] 15.90 9.05 10.40 15.66 11.49  K=6
  verify 1: accepted 5/5 (K=6) + correction -> +6 tokens (180.1 ms)  cpos=1121
  [margins] 18.05 18.20 18.16 9.60 11.92  K=6
  verify 2: accepted 5/5 (K=6) + correction -> +6 tokens (169.6 ms)  cpos=1127

[spec] generated 12 tokens over 2 verifies: mean tokens/verify = 6.00 (block=5, max 6)
[spec] tokens: 28 818 72461 7907 1018 96467 28 680 30 37427 7907 72376
[spec] SPEC-DECODE: 28.3 ms/tok = 35.39 tok/s  (vs base M=1 70.5 ms/tok = 14.19 tok/s -> 2.49x)
[decode] PREFILL: 1150 positions in 18490.8 ms = 62.2 tok/s (16.079 ms/tok)
[capture] wrote /home/patrickd/s5-capture/agentic-p25-b0.1/c4/cap/shard_p248_s001150.dspc  1150 tok x (3 taps + 1 lm_in) x 4096 = 35.9 MB (32.0 KB/tok)
[probe] wrote 16 draft probes (block=5) to /home/patrickd/s5-capture/agentic-p25-b0.1/c4/cap/drafts_p248_s001150.txt
[spec] decoding 8 tokens (block=5, draft passes=1, adaptK=1.50, prompt=248 s=1151)...
  [margins] 7.99 3.15 1.32 0.40 2.06  K=3
  verify 1: accepted 2/2 (K=3) + correction -> +3 tokens (145.1 ms)  cpos=1153
  [margins] 17.22 10.93 10.06 8.74 1.55  K=6
  verify 2: accepted 4/5 (K=6) + correction -> +5 tokens (171.0 ms)  cpos=1158

[spec] generated 8 tokens over 2 verifies: mean tokens/verify = 4.00 (block=5, max 6)
[spec] tokens: 565 696 554 1258 1117 2777 11968 469
[spec] SPEC-DECODE: 34.2 ms/tok = 29.24 tok/s  (vs base M=1 70.5 ms/tok = 14.19 tok/s -> 2.06x)
[decode] PREFILL: 1039 positions in 16677.4 ms = 62.3 tok/s (16.051 ms/tok)
[capture] wrote /home/patrickd/s5-capture/agentic-p25-b0.1/c4/cap/shard_p249_s001039.dspc  1039 tok x (3 taps + 1 lm_in) x 4096 = 32.5 MB (32.0 KB/tok)
[probe] wrote 16 draft probes (block=5) to /home/patrickd/s5-capture/agentic-p25-b0.1/c4/cap/drafts_p249_s001039.txt
[spec] decoding 8 tokens (block=5, draft passes=1, adaptK=1.50, prompt=249 s=1040)...
  [margins] 13.02 10.93 12.99 16.35 13.60  K=6
  verify 1: accepted 5/5 (K=6) + correction -> +6 tokens (174.8 ms)  cpos=1045
  [margins] 9.77 13.87 17.58 14.38 11.45  K=6
  verify 2: accepted 5/5 (K=6) + correction -> +6 tokens (164.0 ms)  cpos=1051

[spec] generated 12 tokens over 2 verifies: mean tokens/verify = 6.00 (block=5, max 6)
[spec] tokens: 1089 16 5849 69 16 1089 16 5849 69 16 1089 16
[spec] SPEC-DECODE: 27.3 ms/tok = 36.58 tok/s  (vs base M=1 70.5 ms/tok = 14.19 tok/s -> 2.58x)
[decode] PREFILL: 1566 positions in 25481.9 ms = 61.5 tok/s (16.272 ms/tok)
[capture] wrote /home/patrickd/s5-capture/agentic-p25-b0.1/c4/cap/shard_p250_s001566.dspc  1566 tok x (3 taps + 1 lm_in) x 4096 = 48.9 MB (32.0 KB/tok)
[probe] wrote 16 draft probes (block=5) to /home/patrickd/s5-capture/agentic-p25-b0.1/c4/cap/drafts_p250_s001566.txt
[spec] decoding 8 tokens (block=5, draft passes=1, adaptK=1.50, prompt=250 s=1567)...
  [margins] 15.73 15.50 18.71 14.11 12.05  K=6
  verify 1: accepted 5/5 (K=6) + correction -> +6 tokens (183.3 ms)  cpos=1572
  [margins] 18.50 16.61 5.95 8.59 6.57  K=6
  verify 2: accepted 5/5 (K=6) + correction -> +6 tokens (173.6 ms)  cpos=1578

[spec] generated 12 tokens over 2 verifies: mean tokens/verify = 6.00 (block=5, max 6)
[spec] tokens: 14 3275 265 4 2503 1117 5974 3051 16 455 3287 2231
[spec] SPEC-DECODE: 28.9 ms/tok = 34.55 tok/s  (vs base M=1 70.5 ms/tok = 14.19 tok/s -> 2.44x)
[decode] PREFILL: 1109 positions in 17827.8 ms = 62.2 tok/s (16.076 ms/tok)
[capture] wrote /home/patrickd/s5-capture/agentic-p25-b0.1/c4/cap/shard_p251_s001109.dspc  1109 tok x (3 taps + 1 lm_in) x 4096 = 34.7 MB (32.0 KB/tok)
[probe] wrote 16 draft probes (block=5) to /home/patrickd/s5-capture/agentic-p25-b0.1/c4/cap/drafts_p251_s001109.txt
[spec] decoding 8 tokens (block=5, draft passes=1, adaptK=1.50, prompt=251 s=1110)...
  [margins] 10.52 12.37 11.88 10.58 12.28  K=6
  verify 1: accepted 5/5 (K=6) + correction -> +6 tokens (168.3 ms)  cpos=1115
  [margins] 10.19 12.56 11.31 10.56 11.73  K=6
  verify 2: accepted 5/5 (K=6) + correction -> +6 tokens (169.5 ms)  cpos=1121

[spec] generated 12 tokens over 2 verifies: mean tokens/verify = 6.00 (block=5, max 6)
[spec] tokens: 16 4100 14482 16 4100 14482 16 4100 14482 16 4100 14482
[spec] SPEC-DECODE: 28.3 ms/tok = 35.39 tok/s  (vs base M=1 70.5 ms/tok = 14.19 tok/s -> 2.49x)
[decode] PREFILL: 1087 positions in 17452.7 ms = 62.3 tok/s (16.056 ms/tok)
[capture] wrote /home/patrickd/s5-capture/agentic-p25-b0.1/c4/cap/shard_p252_s001087.dspc  1087 tok x (3 taps + 1 lm_in) x 4096 = 34.0 MB (32.0 KB/tok)
[probe] wrote 16 draft probes (block=5) to /home/patrickd/s5-capture/agentic-p25-b0.1/c4/cap/drafts_p252_s001087.txt
[spec] decoding 8 tokens (block=5, draft passes=1, adaptK=1.50, prompt=252 s=1088)...
  [margins] 15.32 14.70 7.70 8.87 15.50  K=6
  verify 1: accepted 5/5 (K=6) + correction -> +6 tokens (178.3 ms)  cpos=1093
  [margins] 11.13 9.30 14.41 14.29 6.51  K=6
  verify 2: accepted 5/5 (K=6) + correction -> +6 tokens (167.1 ms)  cpos=1099

[spec] generated 12 tokens over 2 verifies: mean tokens/verify = 6.00 (block=5, max 6)
[spec] tokens: 4617 272 1387 16 4617 272 1387 16 4617 272 1387 16
[spec] SPEC-DECODE: 27.9 ms/tok = 35.90 tok/s  (vs base M=1 70.5 ms/tok = 14.19 tok/s -> 2.53x)
[decode] PREFILL: 1115 positions in 17928.9 ms = 62.2 tok/s (16.080 ms/tok)
[capture] wrote /home/patrickd/s5-capture/agentic-p25-b0.1/c4/cap/shard_p253_s001115.dspc  1115 tok x (3 taps + 1 lm_in) x 4096 = 34.8 MB (32.0 KB/tok)
[probe] wrote 16 draft probes (block=5) to /home/patrickd/s5-capture/agentic-p25-b0.1/c4/cap/drafts_p253_s001115.txt
[spec] decoding 8 tokens (block=5, draft passes=1, adaptK=1.50, prompt=253 s=1116)...
  [margins] 12.44 15.48 14.91 12.74 11.91  K=6
  verify 1: accepted 5/5 (K=6) + correction -> +6 tokens (180.4 ms)  cpos=1121
  [margins] 12.44 15.10 15.70 12.22 13.08  K=6
  verify 2: accepted 5/5 (K=6) + correction -> +6 tokens (170.8 ms)  cpos=1127

[spec] generated 12 tokens over 2 verifies: mean tokens/verify = 6.00 (block=5, max 6)
[spec] tokens: 4147 554 1926 270 4105 16 4147 554 1926 270 4105 16
[spec] SPEC-DECODE: 28.5 ms/tok = 35.13 tok/s  (vs base M=1 70.5 ms/tok = 14.19 tok/s -> 2.48x)
[decode] PREFILL: 1485 positions in 24086.4 ms = 61.7 tok/s (16.220 ms/tok)
[capture] wrote /home/patrickd/s5-capture/agentic-p25-b0.1/c4/cap/shard_p254_s001485.dspc  1485 tok x (3 taps + 1 lm_in) x 4096 = 46.4 MB (32.0 KB/tok)
[probe] wrote 16 draft probes (block=5) to /home/patrickd/s5-capture/agentic-p25-b0.1/c4/cap/drafts_p254_s001485.txt
[spec] decoding 8 tokens (block=5, draft passes=1, adaptK=1.50, prompt=254 s=1486)...
  [margins] 15.89 5.93 10.32 11.52 12.14  K=6
  verify 1: accepted 5/5 (K=6) + correction -> +6 tokens (180.3 ms)  cpos=1491
  [margins] 16.15 16.29 8.96 11.56 7.77  K=6
  verify 2: accepted 5/5 (K=6) + correction -> +6 tokens (178.3 ms)  cpos=1497

[spec] generated 12 tokens over 2 verifies: mean tokens/verify = 6.00 (block=5, max 6)
[spec] tokens: 2329 33 1999 515 270 126294 34035 1674 734 2329 33 1999
[spec] SPEC-DECODE: 29.7 ms/tok = 33.65 tok/s  (vs base M=1 70.5 ms/tok = 14.19 tok/s -> 2.37x)
[decode] PREFILL: 1162 positions in 18733.6 ms = 62.0 tok/s (16.122 ms/tok)
[capture] wrote /home/patrickd/s5-capture/agentic-p25-b0.1/c4/cap/shard_p255_s001162.dspc  1162 tok x (3 taps + 1 lm_in) x 4096 = 36.3 MB (32.0 KB/tok)
[probe] wrote 16 draft probes (block=5) to /home/patrickd/s5-capture/agentic-p25-b0.1/c4/cap/drafts_p255_s001162.txt
[spec] decoding 8 tokens (block=5, draft passes=1, adaptK=1.50, prompt=255 s=1163)...
  [margins] 16.33 14.15 10.36 12.13 9.51  K=6
  verify 1: accepted 5/5 (K=6) + correction -> +6 tokens (182.9 ms)  cpos=1168
  [margins] 14.44 13.88 10.84 9.44 6.68  K=6
  verify 2: accepted 5/5 (K=6) + correction -> +6 tokens (172.7 ms)  cpos=1174

[spec] generated 12 tokens over 2 verifies: mean tokens/verify = 6.00 (block=5, max 6)
[spec] tokens: 260 7075 101403 17089 396 344 260 13882 294 270 10968 44468
[spec] SPEC-DECODE: 28.8 ms/tok = 34.75 tok/s  (vs base M=1 70.5 ms/tok = 14.19 tok/s -> 2.45x)
[decode] PREFILL: 1434 positions in 23232.9 ms = 61.7 tok/s (16.201 ms/tok)
[capture] wrote /home/patrickd/s5-capture/agentic-p25-b0.1/c4/cap/shard_p256_s001434.dspc  1434 tok x (3 taps + 1 lm_in) x 4096 = 44.8 MB (32.0 KB/tok)
[probe] wrote 16 draft probes (block=5) to /home/patrickd/s5-capture/agentic-p25-b0.1/c4/cap/drafts_p256_s001434.txt
[spec] decoding 8 tokens (block=5, draft passes=1, adaptK=1.50, prompt=256 s=1435)...
  [margins] 15.09 8.57 11.12 7.61 5.88  K=6
  verify 1: accepted 5/5 (K=6) + correction -> +6 tokens (180.5 ms)  cpos=1440
  [margins] 11.78 12.97 2.70 11.47 10.55  K=6
  verify 2: accepted 5/5 (K=6) + correction -> +6 tokens (170.6 ms)  cpos=1446

[spec] generated 12 tokens over 2 verifies: mean tokens/verify = 6.00 (block=5, max 6)
[spec] tokens: 11 31150 3749 11 88 77243 3749 11 72 3951 3749 11
[spec] SPEC-DECODE: 28.4 ms/tok = 35.17 tok/s  (vs base M=1 70.5 ms/tok = 14.19 tok/s -> 2.48x)
[decode] PREFILL: 1081 positions in 17376.3 ms = 62.2 tok/s (16.074 ms/tok)
[capture] wrote /home/patrickd/s5-capture/agentic-p25-b0.1/c4/cap/shard_p257_s001081.dspc  1081 tok x (3 taps + 1 lm_in) x 4096 = 33.8 MB (32.0 KB/tok)
[probe] wrote 16 draft probes (block=5) to /home/patrickd/s5-capture/agentic-p25-b0.1/c4/cap/drafts_p257_s001081.txt
[spec] decoding 8 tokens (block=5, draft passes=1, adaptK=1.50, prompt=257 s=1082)...
  [margins] 14.06 13.98 12.12 12.47 10.13  K=6
  verify 1: accepted 5/5 (K=6) + correction -> +6 tokens (167.8 ms)  cpos=1087
  [margins] 14.29 15.35 13.24 3.41 2.41  K=6
  verify 2: accepted 4/5 (K=6) + correction -> +5 tokens (165.4 ms)  cpos=1092

[spec] generated 11 tokens over 2 verifies: mean tokens/verify = 5.50 (block=5, max 6)
[spec] tokens: 60060 60060 60060 60060 60060 60060 60060 60060 60060 60060 92
[spec] SPEC-DECODE: 33.1 ms/tok = 30.23 tok/s  (vs base M=1 70.5 ms/tok = 14.19 tok/s -> 2.13x)
[decode] PREFILL: 1090 positions in 17528.8 ms = 62.2 tok/s (16.081 ms/tok)
[capture] wrote /home/patrickd/s5-capture/agentic-p25-b0.1/c4/cap/shard_p258_s001090.dspc  1090 tok x (3 taps + 1 lm_in) x 4096 = 34.1 MB (32.0 KB/tok)
[probe] wrote 16 draft probes (block=5) to /home/patrickd/s5-capture/agentic-p25-b0.1/c4/cap/drafts_p258_s001090.txt
[spec] decoding 8 tokens (block=5, draft passes=1, adaptK=1.50, prompt=258 s=1091)...
  [margins] 13.65 23.11 13.58 11.61 18.86  K=6
  verify 1: accepted 5/5 (K=6) + correction -> +6 tokens (174.9 ms)  cpos=1096
  [margins] 13.38 24.82 13.75 11.36 17.64  K=6
  verify 2: accepted 5/5 (K=6) + correction -> +6 tokens (164.7 ms)  cpos=1102

[spec] generated 12 tokens over 2 verifies: mean tokens/verify = 6.00 (block=5, max 6)
[spec] tokens: 101691 26887 17 101691 26887 17 101691 26887 17 101691 26887 17
[spec] SPEC-DECODE: 27.4 ms/tok = 36.44 tok/s  (vs base M=1 70.5 ms/tok = 14.19 tok/s -> 2.57x)
[decode] PREFILL: 1447 positions in 23459.3 ms = 61.7 tok/s (16.212 ms/tok)
[capture] wrote /home/patrickd/s5-capture/agentic-p25-b0.1/c4/cap/shard_p259_s001447.dspc  1447 tok x (3 taps + 1 lm_in) x 4096 = 45.2 MB (32.0 KB/tok)
[probe] wrote 16 draft probes (block=5) to /home/patrickd/s5-capture/agentic-p25-b0.1/c4/cap/drafts_p259_s001447.txt
[spec] decoding 8 tokens (block=5, draft passes=1, adaptK=1.50, prompt=259 s=1448)...
  [margins] 14.54 12.41 12.46 13.63 12.36  K=6
  verify 1: accepted 5/5 (K=6) + correction -> +6 tokens (180.5 ms)  cpos=1453
  [margins] 16.38 8.43 13.54 9.61 13.27  K=6
  verify 2: accepted 5/5 (K=6) + correction -> +6 tokens (168.4 ms)  cpos=1459

[spec] generated 12 tokens over 2 verifies: mean tokens/verify = 6.00 (block=5, max 6)
[spec] tokens: 16 22898 16 20237 16 6932 16 10137 16 22898 16 20237
[spec] SPEC-DECODE: 28.1 ms/tok = 35.64 tok/s  (vs base M=1 70.5 ms/tok = 14.19 tok/s -> 2.51x)
[decode] PREFILL: 1044 positions in 16770.7 ms = 62.3 tok/s (16.064 ms/tok)
[capture] wrote /home/patrickd/s5-capture/agentic-p25-b0.1/c4/cap/shard_p260_s001044.dspc  1044 tok x (3 taps + 1 lm_in) x 4096 = 32.6 MB (32.0 KB/tok)
[probe] wrote 16 draft probes (block=5) to /home/patrickd/s5-capture/agentic-p25-b0.1/c4/cap/drafts_p260_s001044.txt
[spec] decoding 8 tokens (block=5, draft passes=1, adaptK=1.50, prompt=260 s=1045)...
  [margins] 14.67 12.96 11.69 13.91 10.49  K=6
  verify 1: accepted 5/5 (K=6) + correction -> +6 tokens (177.6 ms)  cpos=1050
  [margins] 14.57 13.79 1.47 8.96 7.08  K=3
  verify 2: accepted 2/2 (K=3) + correction -> +3 tokens (124.2 ms)  cpos=1053

[spec] generated 9 tokens over 2 verifies: mean tokens/verify = 4.50 (block=5, max 6)
[spec] tokens: 16 9909 1353 16 455 2019 1531 366 58955
[spec] SPEC-DECODE: 41.4 ms/tok = 24.16 tok/s  (vs base M=1 70.5 ms/tok = 14.19 tok/s -> 1.70x)
[decode] PREFILL: 1042 positions in 16747.3 ms = 62.2 tok/s (16.072 ms/tok)
[capture] wrote /home/patrickd/s5-capture/agentic-p25-b0.1/c4/cap/shard_p261_s001042.dspc  1042 tok x (3 taps + 1 lm_in) x 4096 = 32.6 MB (32.0 KB/tok)
[probe] wrote 16 draft probes (block=5) to /home/patrickd/s5-capture/agentic-p25-b0.1/c4/cap/drafts_p261_s001042.txt
[spec] decoding 8 tokens (block=5, draft passes=1, adaptK=1.50, prompt=261 s=1043)...
  [margins] 15.96 18.67 9.00 19.89 6.13  K=6
  verify 1: accepted 5/5 (K=6) + correction -> +6 tokens (182.9 ms)  cpos=1048
  [margins] 14.46 10.97 0.40 0.74 2.46  K=3
  verify 2: accepted 2/2 (K=3) + correction -> +3 tokens (119.0 ms)  cpos=1051

[spec] generated 9 tokens over 2 verifies: mean tokens/verify = 4.50 (block=5, max 6)
[spec] tokens: 7410 317 7564 2260 4 13289 304 4104 9973
[spec] SPEC-DECODE: 39.7 ms/tok = 25.20 tok/s  (vs base M=1 70.5 ms/tok = 14.19 tok/s -> 1.78x)
[decode] PREFILL: 1060 positions in 17045.7 ms = 62.2 tok/s (16.081 ms/tok)
[capture] wrote /home/patrickd/s5-capture/agentic-p25-b0.1/c4/cap/shard_p262_s001060.dspc  1060 tok x (3 taps + 1 lm_in) x 4096 = 33.1 MB (32.0 KB/tok)
[probe] wrote 16 draft probes (block=5) to /home/patrickd/s5-capture/agentic-p25-b0.1/c4/cap/drafts_p262_s001060.txt
[spec] decoding 8 tokens (block=5, draft passes=1, adaptK=1.50, prompt=262 s=1061)...
  [margins] 13.44 15.84 17.49 11.48 3.67  K=6
  verify 1: accepted 5/5 (K=6) + correction -> +6 tokens (175.8 ms)  cpos=1066
  [margins] 15.73 17.06 20.51 13.10 14.65  K=6
  verify 2: accepted 5/5 (K=6) + correction -> +6 tokens (177.4 ms)  cpos=1072

[spec] generated 12 tokens over 2 verifies: mean tokens/verify = 6.00 (block=5, max 6)
[spec] tokens: 294 12867 5942 14 12033 513 270 112110 500 3096 14 5750
[spec] SPEC-DECODE: 29.6 ms/tok = 33.82 tok/s  (vs base M=1 70.5 ms/tok = 14.19 tok/s -> 2.38x)
[decode] PREFILL: 1090 positions in 17531.6 ms = 62.2 tok/s (16.084 ms/tok)
[capture] wrote /home/patrickd/s5-capture/agentic-p25-b0.1/c4/cap/shard_p263_s001090.dspc  1090 tok x (3 taps + 1 lm_in) x 4096 = 34.1 MB (32.0 KB/tok)
[probe] wrote 16 draft probes (block=5) to /home/patrickd/s5-capture/agentic-p25-b0.1/c4/cap/drafts_p263_s001090.txt
[spec] decoding 8 tokens (block=5, draft passes=1, adaptK=1.50, prompt=263 s=1091)...
  [margins] 12.43 6.98 6.55 0.95 6.02  K=4
  verify 1: accepted 2/3 (K=4) + correction -> +3 tokens (141.1 ms)  cpos=1093
  [margins] 9.41 1.16 3.44 0.71 4.00  K=2
  verify 2: accepted 1/1 (K=2) + correction -> +2 tokens (109.1 ms)  cpos=1095
  [margins] 2.22 1.13 1.08 3.50 0.48  K=2
  verify 3: accepted 1/1 (K=2) + correction -> +2 tokens (111.1 ms)  cpos=1097
  [margins] 11.78 0.43 1.56 0.23 1.80  K=2
  verify 4: accepted 1/1 (K=2) + correction -> +2 tokens (105.2 ms)  cpos=1099

[spec] generated 9 tokens over 4 verifies: mean tokens/verify = 2.25 (block=5, max 6)
[spec] tokens: 3749 11 41551 3749 11 19995 3749 11 261
[spec] SPEC-DECODE: 54.2 ms/tok = 18.44 tok/s  (vs base M=1 70.5 ms/tok = 14.19 tok/s -> 1.30x)
[decode] PREFILL: 1467 positions in 23775.9 ms = 61.7 tok/s (16.207 ms/tok)
[capture] wrote /home/patrickd/s5-capture/agentic-p25-b0.1/c4/cap/shard_p264_s001467.dspc  1467 tok x (3 taps + 1 lm_in) x 4096 = 45.8 MB (32.0 KB/tok)
[probe] wrote 16 draft probes (block=5) to /home/patrickd/s5-capture/agentic-p25-b0.1/c4/cap/drafts_p264_s001467.txt
[spec] decoding 8 tokens (block=5, draft passes=1, adaptK=1.50, prompt=264 s=1468)...
  [margins] 10.65 12.81 12.81 8.81 9.87  K=6
  verify 1: accepted 5/5 (K=6) + correction -> +6 tokens (184.2 ms)  cpos=1473
  [margins] 16.23 20.01 19.49 12.92 7.13  K=6
  verify 2: accepted 5/5 (K=6) + correction -> +6 tokens (172.1 ms)  cpos=1479

[spec] generated 12 tokens over 2 verifies: mean tokens/verify = 6.00 (block=5, max 6)
[spec] tokens: 455 3287 344 334 16 455 10182 15 511 95445 16 455
[spec] SPEC-DECODE: 28.7 ms/tok = 34.86 tok/s  (vs base M=1 70.5 ms/tok = 14.19 tok/s -> 2.46x)
[decode] PREFILL: 1094 positions in 17599.4 ms = 62.2 tok/s (16.087 ms/tok)
[capture] wrote /home/patrickd/s5-capture/agentic-p25-b0.1/c4/cap/shard_p265_s001094.dspc  1094 tok x (3 taps + 1 lm_in) x 4096 = 34.2 MB (32.0 KB/tok)
[probe] wrote 16 draft probes (block=5) to /home/patrickd/s5-capture/agentic-p25-b0.1/c4/cap/drafts_p265_s001094.txt
[spec] decoding 8 tokens (block=5, draft passes=1, adaptK=1.50, prompt=265 s=1095)...
  [margins] 16.33 12.67 9.73 2.20 0.42  K=5
  verify 1: accepted 4/4 (K=5) + correction -> +5 tokens (158.4 ms)  cpos=1099
  [margins] 15.78 12.68 20.41 17.23 7.90  K=6
  verify 2: accepted 5/5 (K=6) + correction -> +6 tokens (175.3 ms)  cpos=1105

[spec] generated 11 tokens over 2 verifies: mean tokens/verify = 5.50 (block=5, max 6)
[spec] tokens: 59096 45705 362 850 17745 3 3749 11 88 29 868
[spec] SPEC-DECODE: 29.2 ms/tok = 34.22 tok/s  (vs base M=1 70.5 ms/tok = 14.19 tok/s -> 2.41x)
[decode] PREFILL: 1084 positions in 17407.6 ms = 62.3 tok/s (16.059 ms/tok)
[capture] wrote /home/patrickd/s5-capture/agentic-p25-b0.1/c4/cap/shard_p266_s001084.dspc  1084 tok x (3 taps + 1 lm_in) x 4096 = 33.9 MB (32.0 KB/tok)
[probe] wrote 16 draft probes (block=5) to /home/patrickd/s5-capture/agentic-p25-b0.1/c4/cap/drafts_p266_s001084.txt
[spec] decoding 8 tokens (block=5, draft passes=1, adaptK=1.50, prompt=266 s=1085)...
  [margins] 10.69 8.87 11.57 6.65 8.09  K=6
  verify 1: accepted 5/5 (K=6) + correction -> +6 tokens (161.1 ms)  cpos=1090
  [margins] 10.14 8.16 11.66 5.76 6.71  K=6
  verify 2: accepted 5/5 (K=6) + correction -> +6 tokens (163.7 ms)  cpos=1096

[spec] generated 12 tokens over 2 verifies: mean tokens/verify = 6.00 (block=5, max 6)
[spec] tokens: 29 868 29 868 29 868 29 868 29 868 29 868
[spec] SPEC-DECODE: 27.3 ms/tok = 36.66 tok/s  (vs base M=1 70.5 ms/tok = 14.19 tok/s -> 2.58x)
[decode] PREFILL: 1058 positions in 17010.9 ms = 62.2 tok/s (16.078 ms/tok)
[capture] wrote /home/patrickd/s5-capture/agentic-p25-b0.1/c4/cap/shard_p267_s001058.dspc  1058 tok x (3 taps + 1 lm_in) x 4096 = 33.1 MB (32.0 KB/tok)
[probe] wrote 16 draft probes (block=5) to /home/patrickd/s5-capture/agentic-p25-b0.1/c4/cap/drafts_p267_s001058.txt
[spec] decoding 8 tokens (block=5, draft passes=1, adaptK=1.50, prompt=267 s=1059)...
  [margins] 17.84 15.53 17.71 16.12 15.07  K=6
  verify 1: accepted 5/5 (K=6) + correction -> +6 tokens (177.8 ms)  cpos=1064
  [margins] 22.37 17.22 11.65 15.06 15.89  K=6
  verify 2: accepted 5/5 (K=6) + correction -> +6 tokens (171.5 ms)  cpos=1070

[spec] generated 12 tokens over 2 verifies: mean tokens/verify = 6.00 (block=5, max 6)
[spec] tokens: 611 1305 6704 3510 28 1178 89658 20006 88 13235 14 2880
[spec] SPEC-DECODE: 28.6 ms/tok = 34.98 tok/s  (vs base M=1 70.5 ms/tok = 14.19 tok/s -> 2.47x)
[decode] PREFILL: 1352 positions in 21883.3 ms = 61.8 tok/s (16.186 ms/tok)
[capture] wrote /home/patrickd/s5-capture/agentic-p25-b0.1/c4/cap/shard_p268_s001352.dspc  1352 tok x (3 taps + 1 lm_in) x 4096 = 42.3 MB (32.0 KB/tok)
[probe] wrote 16 draft probes (block=5) to /home/patrickd/s5-capture/agentic-p25-b0.1/c4/cap/drafts_p268_s001352.txt
[spec] decoding 8 tokens (block=5, draft passes=1, adaptK=1.50, prompt=268 s=1353)...
  [margins] 16.17 18.37 11.85 12.36 15.66  K=6
  verify 1: accepted 5/5 (K=6) + correction -> +6 tokens (176.7 ms)  cpos=1358
  [margins] 15.33 15.96 15.76 11.19 12.30  K=6
  verify 2: accepted 5/5 (K=6) + correction -> +6 tokens (178.0 ms)  cpos=1364

[spec] generated 12 tokens over 2 verifies: mean tokens/verify = 6.00 (block=5, max 6)
[spec] tokens: 6712 3051 16 33758 6621 14 1119 6712 3051 16 33758 6621
[spec] SPEC-DECODE: 29.7 ms/tok = 33.71 tok/s  (vs base M=1 70.5 ms/tok = 14.19 tok/s -> 2.38x)
[decode] PREFILL: 1045 positions in 16790.2 ms = 62.2 tok/s (16.067 ms/tok)
[capture] wrote /home/patrickd/s5-capture/agentic-p25-b0.1/c4/cap/shard_p269_s001045.dspc  1045 tok x (3 taps + 1 lm_in) x 4096 = 32.7 MB (32.0 KB/tok)
[probe] wrote 16 draft probes (block=5) to /home/patrickd/s5-capture/agentic-p25-b0.1/c4/cap/drafts_p269_s001045.txt
[spec] decoding 8 tokens (block=5, draft passes=1, adaptK=1.50, prompt=269 s=1046)...
  [margins] 1.16 9.73 9.18 2.27 2.99  K=6
  verify 1: accepted 2/5 (K=6) + correction -> +3 tokens (167.8 ms)  cpos=1048
  [margins] 0.81 7.79 4.43 7.60 0.67  K=5
  verify 2: accepted 0/4 (K=5) + correction -> +1 tokens (150.6 ms)  cpos=1049
  [margins] 10.34 6.82 6.28 2.51 3.59  K=6
  verify 3: accepted 5/5 (K=6) + correction -> +6 tokens (168.7 ms)  cpos=1055

[spec] generated 10 tokens over 3 verifies: mean tokens/verify = 3.33 (block=5, max 6)
[spec] tokens: 1957 4747 2765 62309 295 223 643 19 14 260
[spec] SPEC-DECODE: 45.6 ms/tok = 21.92 tok/s  (vs base M=1 70.5 ms/tok = 14.19 tok/s -> 1.54x)
[decode] PREFILL: 1564 positions in 25454.9 ms = 61.4 tok/s (16.275 ms/tok)
[capture] wrote /home/patrickd/s5-capture/agentic-p25-b0.1/c4/cap/shard_p270_s001564.dspc  1564 tok x (3 taps + 1 lm_in) x 4096 = 48.9 MB (32.0 KB/tok)
[probe] wrote 16 draft probes (block=5) to /home/patrickd/s5-capture/agentic-p25-b0.1/c4/cap/drafts_p270_s001564.txt
[spec] decoding 8 tokens (block=5, draft passes=1, adaptK=1.50, prompt=270 s=1565)...
  [margins] 19.01 15.46 2.86 3.03 3.09  K=6
  verify 1: accepted 4/5 (K=6) + correction -> +5 tokens (179.1 ms)  cpos=1569
  [margins] 1.90 0.51 6.00 0.62 1.19  K=2
  verify 2: accepted 0/1 (K=2) + correction -> +1 tokens (109.2 ms)  cpos=1570
  [margins] 2.61 5.85 0.18 0.08 2.46  K=3
  verify 3: accepted 0/2 (K=3) + correction -> +1 tokens (126.0 ms)  cpos=1571
  [margins] 0.78 0.44 6.69 0.15 1.87  K=2
  verify 4: accepted 0/1 (K=2) + correction -> +1 tokens (113.6 ms)  cpos=1572

[spec] generated 8 tokens over 4 verifies: mean tokens/verify = 2.00 (block=5, max 6)
[spec] tokens: 574 27073 16 1 16 1 16 1
[spec] SPEC-DECODE: 116.2 ms/tok = 8.60 tok/s  (vs base M=1 70.5 ms/tok = 14.19 tok/s -> 0.61x)
[decode] PREFILL: 1075 positions in 17274.0 ms = 62.2 tok/s (16.069 ms/tok)
[capture] wrote /home/patrickd/s5-capture/agentic-p25-b0.1/c4/cap/shard_p271_s001075.dspc  1075 tok x (3 taps + 1 lm_in) x 4096 = 33.6 MB (32.0 KB/tok)
[probe] wrote 16 draft probes (block=5) to /home/patrickd/s5-capture/agentic-p25-b0.1/c4/cap/drafts_p271_s001075.txt
[spec] decoding 8 tokens (block=5, draft passes=1, adaptK=1.50, prompt=271 s=1076)...
  [margins] 18.58 18.03 16.34 8.19 9.05  K=6
  verify 1: accepted 5/5 (K=6) + correction -> +6 tokens (178.0 ms)  cpos=1081
  [margins] 1.01 4.96 4.04 4.54 1.18  K=5
  verify 2: accepted 0/4 (K=5) + correction -> +1 tokens (150.2 ms)  cpos=1082
  [margins] 10.73 7.77 10.31 3.26 10.05  K=6
  verify 3: accepted 5/5 (K=6) + correction -> +6 tokens (174.5 ms)  cpos=1088

[spec] generated 13 tokens over 3 verifies: mean tokens/verify = 4.33 (block=5, max 6)
[spec] tokens: 3353 957 31249 18 16 1 83 334 80474 15396 957 1683 411
[spec] SPEC-DECODE: 46.4 ms/tok = 21.56 tok/s  (vs base M=1 70.5 ms/tok = 14.19 tok/s -> 1.52x)
[decode] PREFILL: 1691 positions in 27618.8 ms = 61.2 tok/s (16.333 ms/tok)
[capture] wrote /home/patrickd/s5-capture/agentic-p25-b0.1/c4/cap/shard_p272_s001691.dspc  1691 tok x (3 taps + 1 lm_in) x 4096 = 52.9 MB (32.0 KB/tok)
[probe] wrote 16 draft probes (block=5) to /home/patrickd/s5-capture/agentic-p25-b0.1/c4/cap/drafts_p272_s001691.txt
[spec] decoding 8 tokens (block=5, draft passes=1, adaptK=1.50, prompt=272 s=1692)...
  [margins] 11.05 12.81 10.80 13.59 13.89  K=6
  verify 1: accepted 5/5 (K=6) + correction -> +6 tokens (188.4 ms)  cpos=1697
  [margins] 15.94 20.20 12.15 10.76 14.03  K=6
  verify 2: accepted 5/5 (K=6) + correction -> +6 tokens (175.2 ms)  cpos=1703

[spec] generated 12 tokens over 2 verifies: mean tokens/verify = 6.00 (block=5, max 6)
[spec] tokens: 16 455 2656 223 22 295 446 9259 477 56746 14 46056
[spec] SPEC-DECODE: 29.2 ms/tok = 34.25 tok/s  (vs base M=1 70.5 ms/tok = 14.19 tok/s -> 2.41x)
[decode] PREFILL: 1083 positions in 17408.2 ms = 62.2 tok/s (16.074 ms/tok)
[capture] wrote /home/patrickd/s5-capture/agentic-p25-b0.1/c4/cap/shard_p273_s001083.dspc  1083 tok x (3 taps + 1 lm_in) x 4096 = 33.8 MB (32.0 KB/tok)
[probe] wrote 16 draft probes (block=5) to /home/patrickd/s5-capture/agentic-p25-b0.1/c4/cap/drafts_p273_s001083.txt
[spec] decoding 8 tokens (block=5, draft passes=1, adaptK=1.50, prompt=273 s=1084)...
  [margins] 11.94 18.52 14.90 17.11 15.12  K=6
  verify 1: accepted 5/5 (K=6) + correction -> +6 tokens (181.0 ms)  cpos=1089
  [margins] 9.45 14.76 9.88 13.17 11.03  K=6
  verify 2: accepted 5/5 (K=6) + correction -> +6 tokens (170.2 ms)  cpos=1095

[spec] generated 12 tokens over 2 verifies: mean tokens/verify = 6.00 (block=5, max 6)
[spec] tokens: 21 16 553 16 19 16 342 1309 260 2303 362 223
[spec] SPEC-DECODE: 28.4 ms/tok = 35.25 tok/s  (vs base M=1 70.5 ms/tok = 14.19 tok/s -> 2.48x)
[decode] PREFILL: 1669 positions in 27248.1 ms = 61.3 tok/s (16.326 ms/tok)
[capture] wrote /home/patrickd/s5-capture/agentic-p25-b0.1/c4/cap/shard_p274_s001669.dspc  1669 tok x (3 taps + 1 lm_in) x 4096 = 52.2 MB (32.0 KB/tok)
[probe] wrote 16 draft probes (block=5) to /home/patrickd/s5-capture/agentic-p25-b0.1/c4/cap/drafts_p274_s001669.txt
[spec] decoding 8 tokens (block=5, draft passes=1, adaptK=1.50, prompt=274 s=1670)...
  [margins] 15.44 13.57 12.99 0.77 5.71  K=4
  verify 1: accepted 3/3 (K=4) + correction -> +4 tokens (148.1 ms)  cpos=1673
  [margins] 15.90 10.03 12.84 4.26 10.21  K=6
  verify 2: accepted 5/5 (K=6) + correction -> +6 tokens (170.0 ms)  cpos=1679

[spec] generated 10 tokens over 2 verifies: mean tokens/verify = 5.00 (block=5, max 6)
[spec] tokens: 3749 11 3749 11 3749 11 3749 11 3749 11
[spec] SPEC-DECODE: 28.3 ms/tok = 35.29 tok/s  (vs base M=1 70.5 ms/tok = 14.19 tok/s -> 2.49x)
[decode] PREFILL: 1073 positions in 17261.1 ms = 62.2 tok/s (16.087 ms/tok)
[capture] wrote /home/patrickd/s5-capture/agentic-p25-b0.1/c4/cap/shard_p275_s001073.dspc  1073 tok x (3 taps + 1 lm_in) x 4096 = 33.5 MB (32.0 KB/tok)
[probe] wrote 16 draft probes (block=5) to /home/patrickd/s5-capture/agentic-p25-b0.1/c4/cap/drafts_p275_s001073.txt
[spec] decoding 8 tokens (block=5, draft passes=1, adaptK=1.50, prompt=275 s=1074)...
  [margins] 14.12 10.66 7.16 11.49 2.41  K=6
  verify 1: accepted 5/5 (K=6) + correction -> +6 tokens (168.5 ms)  cpos=1079
  [margins] 15.19 7.73 7.08 1.09 0.53  K=4
  verify 2: accepted 3/3 (K=4) + correction -> +4 tokens (137.5 ms)  cpos=1083

[spec] generated 10 tokens over 2 verifies: mean tokens/verify = 5.00 (block=5, max 6)
[spec] tokens: 80 5809 19 16 2619 9538 118157 16494 18586 874
[spec] SPEC-DECODE: 34.4 ms/tok = 29.09 tok/s  (vs base M=1 70.5 ms/tok = 14.19 tok/s -> 2.05x)
[decode] PREFILL: 1912 positions in 31431.5 ms = 60.8 tok/s (16.439 ms/tok)
[capture] wrote /home/patrickd/s5-capture/agentic-p25-b0.1/c4/cap/shard_p276_s001912.dspc  1912 tok x (3 taps + 1 lm_in) x 4096 = 59.8 MB (32.0 KB/tok)
[probe] wrote 16 draft probes (block=5) to /home/patrickd/s5-capture/agentic-p25-b0.1/c4/cap/drafts_p276_s001912.txt
[spec] decoding 8 tokens (block=5, draft passes=1, adaptK=1.50, prompt=276 s=1913)...
  [margins] 10.04 20.25 11.59 10.84 8.74  K=6
  verify 1: accepted 5/5 (K=6) + correction -> +6 tokens (183.2 ms)  cpos=1918
  [margins] 12.99 18.26 8.74 8.59 12.20  K=6
  verify 2: accepted 5/5 (K=6) + correction -> +6 tokens (194.0 ms)  cpos=1924

[spec] generated 12 tokens over 2 verifies: mean tokens/verify = 6.00 (block=5, max 6)
[spec] tokens: 19717 288 5249 359 992 71803 5249 1411 71803 16 7709 19717
[spec] SPEC-DECODE: 32.3 ms/tok = 30.93 tok/s  (vs base M=1 70.5 ms/tok = 14.19 tok/s -> 2.18x)
[decode] PREFILL: 1098 positions in 17642.3 ms = 62.2 tok/s (16.068 ms/tok)
[capture] wrote /home/patrickd/s5-capture/agentic-p25-b0.1/c4/cap/shard_p277_s001098.dspc  1098 tok x (3 taps + 1 lm_in) x 4096 = 34.3 MB (32.0 KB/tok)
[probe] wrote 16 draft probes (block=5) to /home/patrickd/s5-capture/agentic-p25-b0.1/c4/cap/drafts_p277_s001098.txt
[spec] decoding 8 tokens (block=5, draft passes=1, adaptK=1.50, prompt=277 s=1099)...
  [margins] 9.42 14.86 15.39 10.14 13.80  K=6
  verify 1: accepted 5/5 (K=6) + correction -> +6 tokens (172.7 ms)  cpos=1104
  [margins] 9.86 14.89 15.66 10.30 14.57  K=6
  verify 2: accepted 5/5 (K=6) + correction -> +6 tokens (161.4 ms)  cpos=1110

[spec] generated 12 tokens over 2 verifies: mean tokens/verify = 6.00 (block=5, max 6)
[spec] tokens: 16 4617 272 16 4617 272 16 4617 272 16 4617 272
[spec] SPEC-DECODE: 26.9 ms/tok = 37.18 tok/s  (vs base M=1 70.5 ms/tok = 14.19 tok/s -> 2.62x)
[decode] PREFILL: 1100 positions in 17674.0 ms = 62.2 tok/s (16.067 ms/tok)
[capture] wrote /home/patrickd/s5-capture/agentic-p25-b0.1/c4/cap/shard_p278_s001100.dspc  1100 tok x (3 taps + 1 lm_in) x 4096 = 34.4 MB (32.0 KB/tok)
[probe] wrote 16 draft probes (block=5) to /home/patrickd/s5-capture/agentic-p25-b0.1/c4/cap/drafts_p278_s001100.txt
[spec] decoding 8 tokens (block=5, draft passes=1, adaptK=1.50, prompt=278 s=1101)...
  [margins] 15.26 13.84 14.11 12.44 12.62  K=6
  verify 1: accepted 5/5 (K=6) + correction -> +6 tokens (174.1 ms)  cpos=1106
  [margins] 11.12 12.68 12.01 12.16 11.20  K=6
  verify 2: accepted 5/5 (K=6) + correction -> +6 tokens (174.1 ms)  cpos=1112

[spec] generated 12 tokens over 2 verifies: mean tokens/verify = 6.00 (block=5, max 6)
[spec] tokens: 223 19 50 1461 28 223 19 50 1461 28 223 19
[spec] SPEC-DECODE: 29.0 ms/tok = 34.46 tok/s  (vs base M=1 70.5 ms/tok = 14.19 tok/s -> 2.43x)
[decode] PREFILL: 1195 positions in 19268.0 ms = 62.0 tok/s (16.124 ms/tok)
[capture] wrote /home/patrickd/s5-capture/agentic-p25-b0.1/c4/cap/shard_p279_s001195.dspc  1195 tok x (3 taps + 1 lm_in) x 4096 = 37.3 MB (32.0 KB/tok)
[probe] wrote 16 draft probes (block=5) to /home/patrickd/s5-capture/agentic-p25-b0.1/c4/cap/drafts_p279_s001195.txt
[spec] decoding 8 tokens (block=5, draft passes=1, adaptK=1.50, prompt=279 s=1196)...
  [margins] 4.60 0.50 5.89 2.21 0.84  K=2
  verify 1: accepted 1/1 (K=2) + correction -> +2 tokens (114.8 ms)  cpos=1197
  [margins] 4.01 2.07 0.77 0.11 0.56  K=3
  verify 2: accepted 1/2 (K=3) + correction -> +2 tokens (123.0 ms)  cpos=1199
  [margins] 3.30 3.49 0.87 0.22 0.83  K=3
  verify 3: accepted 2/2 (K=3) + correction -> +3 tokens (121.8 ms)  cpos=1202
  [margins] 1.57 0.07 0.01 0.10 4.29  K=2
  verify 4: accepted 1/1 (K=2) + correction -> +2 tokens (111.8 ms)  cpos=1204

[spec] generated 9 tokens over 4 verifies: mean tokens/verify = 2.25 (block=5, max 6)
[spec] tokens: 1531 3144 436 295 260 7681 2445 16 1162
[spec] SPEC-DECODE: 50.9 ms/tok = 19.63 tok/s  (vs base M=1 70.5 ms/tok = 14.19 tok/s -> 1.38x)
[decode] PREFILL: 1433 positions in 23215.3 ms = 61.7 tok/s (16.200 ms/tok)
[capture] wrote /home/patrickd/s5-capture/agentic-p25-b0.1/c4/cap/shard_p280_s001433.dspc  1433 tok x (3 taps + 1 lm_in) x 4096 = 44.8 MB (32.0 KB/tok)
[probe] wrote 16 draft probes (block=5) to /home/patrickd/s5-capture/agentic-p25-b0.1/c4/cap/drafts_p280_s001433.txt
[spec] decoding 8 tokens (block=5, draft passes=1, adaptK=1.50, prompt=280 s=1434)...
  [margins] 9.94 10.90 10.29 10.92 9.59  K=6
  verify 1: accepted 5/5 (K=6) + correction -> +6 tokens (171.3 ms)  cpos=1439
  [margins] 9.71 10.68 10.55 12.25 9.87  K=6
  verify 2: accepted 5/5 (K=6) + correction -> +6 tokens (170.0 ms)  cpos=1445

[spec] generated 12 tokens over 2 verifies: mean tokens/verify = 6.00 (block=5, max 6)
[spec] tokens: 33 50 33 50 33 50 33 50 33 50 33 50
[spec] SPEC-DECODE: 28.3 ms/tok = 35.30 tok/s  (vs base M=1 70.5 ms/tok = 14.19 tok/s -> 2.49x)
[decode] PREFILL: 1093 positions in 17585.2 ms = 62.2 tok/s (16.089 ms/tok)
[capture] wrote /home/patrickd/s5-capture/agentic-p25-b0.1/c4/cap/shard_p281_s001093.dspc  1093 tok x (3 taps + 1 lm_in) x 4096 = 34.2 MB (32.0 KB/tok)
[probe] wrote 16 draft probes (block=5) to /home/patrickd/s5-capture/agentic-p25-b0.1/c4/cap/drafts_p281_s001093.txt
[spec] decoding 8 tokens (block=5, draft passes=1, adaptK=1.50, prompt=281 s=1094)...
  [margins] 2.01 2.31 3.26 3.27 0.51  K=5
  verify 1: accepted 4/4 (K=5) + correction -> +5 tokens (152.9 ms)  cpos=1098
  [margins] 3.77 1.81 1.05 0.84 0.01  K=3
  verify 2: accepted 2/2 (K=3) + correction -> +3 tokens (125.8 ms)  cpos=1101

[spec] generated 8 tokens over 2 verifies: mean tokens/verify = 4.00 (block=5, max 6)
[spec] tokens: 270 4813 3287 344 223 14639 14 832
[spec] SPEC-DECODE: 41.9 ms/tok = 23.84 tok/s  (vs base M=1 70.5 ms/tok = 14.19 tok/s -> 1.68x)
[decode] PREFILL: 1102 positions in 17715.3 ms = 62.2 tok/s (16.076 ms/tok)
[capture] wrote /home/patrickd/s5-capture/agentic-p25-b0.1/c4/cap/shard_p282_s001102.dspc  1102 tok x (3 taps + 1 lm_in) x 4096 = 34.4 MB (32.0 KB/tok)
[probe] wrote 16 draft probes (block=5) to /home/patrickd/s5-capture/agentic-p25-b0.1/c4/cap/drafts_p282_s001102.txt
[spec] decoding 8 tokens (block=5, draft passes=1, adaptK=1.50, prompt=282 s=1103)...
  [margins] 9.37 2.15 8.50 5.73 1.15  K=5
  verify 1: accepted 4/4 (K=5) + correction -> +5 tokens (153.6 ms)  cpos=1107
  [margins] 0.27 0.92 0.21 0.84 0.12  K=2
  verify 2: accepted 1/1 (K=2) + correction -> +2 tokens (109.8 ms)  cpos=1109
  [margins] 1.82 0.18 0.77 0.47 0.36  K=2
  verify 3: accepted 1/1 (K=2) + correction -> +2 tokens (105.1 ms)  cpos=1111

[spec] generated 9 tokens over 3 verifies: mean tokens/verify = 3.00 (block=5, max 6)
[spec] tokens: 344 223 1892 22864 339 43 5922 2236 566
[spec] SPEC-DECODE: 53.7 ms/tok = 18.61 tok/s  (vs base M=1 70.5 ms/tok = 14.19 tok/s -> 1.31x)
[decode] PREFILL: 1076 positions in 17309.7 ms = 62.2 tok/s (16.087 ms/tok)
[capture] wrote /home/patrickd/s5-capture/agentic-p25-b0.1/c4/cap/shard_p283_s001076.dspc  1076 tok x (3 taps + 1 lm_in) x 4096 = 33.6 MB (32.0 KB/tok)
[probe] wrote 16 draft probes (block=5) to /home/patrickd/s5-capture/agentic-p25-b0.1/c4/cap/drafts_p283_s001076.txt
[spec] decoding 8 tokens (block=5, draft passes=1, adaptK=1.50, prompt=283 s=1077)...
  [margins] 17.14 18.75 12.74 15.63 11.83  K=6
  verify 1: accepted 5/5 (K=6) + correction -> +6 tokens (176.2 ms)  cpos=1082
  [margins] 13.39 9.47 6.28 8.49 11.09  K=6
  verify 2: accepted 5/5 (K=6) + correction -> +6 tokens (173.4 ms)  cpos=1088

[spec] generated 12 tokens over 2 verifies: mean tokens/verify = 6.00 (block=5, max 6)
[spec] tokens: 27571 4 3831 80 17237 271 30 2012 32 28612 72461 3362
[spec] SPEC-DECODE: 28.9 ms/tok = 34.61 tok/s  (vs base M=1 70.5 ms/tok = 14.19 tok/s -> 2.44x)
[decode] PREFILL: 1043 positions in 16759.9 ms = 62.2 tok/s (16.069 ms/tok)
[capture] wrote /home/patrickd/s5-capture/agentic-p25-b0.1/c4/cap/shard_p284_s001043.dspc  1043 tok x (3 taps + 1 lm_in) x 4096 = 32.6 MB (32.0 KB/tok)
[probe] wrote 16 draft probes (block=5) to /home/patrickd/s5-capture/agentic-p25-b0.1/c4/cap/drafts_p284_s001043.txt
[spec] decoding 8 tokens (block=5, draft passes=1, adaptK=1.50, prompt=284 s=1044)...
  [margins] 17.87 17.27 16.81 16.69 12.70  K=6
  verify 1: accepted 5/5 (K=6) + correction -> +6 tokens (177.0 ms)  cpos=1049
  [margins] 18.65 11.89 17.92 12.71 12.10  K=6
  verify 2: accepted 5/5 (K=6) + correction -> +6 tokens (164.7 ms)  cpos=1055

[spec] generated 12 tokens over 2 verifies: mean tokens/verify = 6.00 (block=5, max 6)
[spec] tokens: 1479 270 25550 344 260 23788 14 21057 14 305 17185 7267
[spec] SPEC-DECODE: 27.5 ms/tok = 36.43 tok/s  (vs base M=1 70.5 ms/tok = 14.19 tok/s -> 2.57x)
[decode] PREFILL: 1162 positions in 18728.5 ms = 62.0 tok/s (16.118 ms/tok)
[capture] wrote /home/patrickd/s5-capture/agentic-p25-b0.1/c4/cap/shard_p285_s001162.dspc  1162 tok x (3 taps + 1 lm_in) x 4096 = 36.3 MB (32.0 KB/tok)
[probe] wrote 16 draft probes (block=5) to /home/patrickd/s5-capture/agentic-p25-b0.1/c4/cap/drafts_p285_s001162.txt
[spec] decoding 8 tokens (block=5, draft passes=1, adaptK=1.50, prompt=285 s=1163)...
  [margins] 15.30 13.54 15.45 12.19 14.11  K=6
  verify 1: accepted 5/5 (K=6) + correction -> +6 tokens (177.2 ms)  cpos=1168
  [margins] 16.58 16.58 11.39 14.34 13.16  K=6
  verify 2: accepted 5/5 (K=6) + correction -> +6 tokens (168.5 ms)  cpos=1174

[spec] generated 12 tokens over 2 verifies: mean tokens/verify = 6.00 (block=5, max 6)
[spec] tokens: 565 223 19 82 17237 565 223 19 82 17237 565 223
[spec] SPEC-DECODE: 28.1 ms/tok = 35.61 tok/s  (vs base M=1 70.5 ms/tok = 14.19 tok/s -> 2.51x)
[decode] PREFILL: 1037 positions in 16636.3 ms = 62.3 tok/s (16.043 ms/tok)
[capture] wrote /home/patrickd/s5-capture/agentic-p25-b0.1/c4/cap/shard_p286_s001037.dspc  1037 tok x (3 taps + 1 lm_in) x 4096 = 32.4 MB (32.0 KB/tok)
[probe] wrote 16 draft probes (block=5) to /home/patrickd/s5-capture/agentic-p25-b0.1/c4/cap/drafts_p286_s001037.txt
[spec] decoding 8 tokens (block=5, draft passes=1, adaptK=1.50, prompt=286 s=1038)...
  [margins] 15.98 10.11 15.57 9.36 13.08  K=6
  verify 1: accepted 5/5 (K=6) + correction -> +6 tokens (166.8 ms)  cpos=1043
  [margins] 16.75 10.12 15.87 9.80 13.72  K=6
  verify 2: accepted 5/5 (K=6) + correction -> +6 tokens (168.4 ms)  cpos=1049

[spec] generated 12 tokens over 2 verifies: mean tokens/verify = 6.00 (block=5, max 6)
[spec] tokens: 83 426 83 426 83 426 83 426 83 426 83 426
[spec] SPEC-DECODE: 28.1 ms/tok = 35.63 tok/s  (vs base M=1 70.5 ms/tok = 14.19 tok/s -> 2.51x)
[decode] PREFILL: 1126 positions in 18109.4 ms = 62.2 tok/s (16.083 ms/tok)
[capture] wrote /home/patrickd/s5-capture/agentic-p25-b0.1/c4/cap/shard_p287_s001126.dspc  1126 tok x (3 taps + 1 lm_in) x 4096 = 35.2 MB (32.0 KB/tok)
[probe] wrote 16 draft probes (block=5) to /home/patrickd/s5-capture/agentic-p25-b0.1/c4/cap/drafts_p287_s001126.txt
[spec] decoding 8 tokens (block=5, draft passes=1, adaptK=1.50, prompt=287 s=1127)...
  [margins] 14.02 12.23 8.04 10.67 10.98  K=6
  verify 1: accepted 5/5 (K=6) + correction -> +6 tokens (173.4 ms)  cpos=1132
  [margins] 14.53 12.53 8.18 10.44 10.50  K=6
  verify 2: accepted 5/5 (K=6) + correction -> +6 tokens (161.5 ms)  cpos=1138

[spec] generated 12 tokens over 2 verifies: mean tokens/verify = 6.00 (block=5, max 6)
[spec] tokens: 13503 33 56 13503 33 56 13503 33 56 13503 33 56
[spec] SPEC-DECODE: 26.9 ms/tok = 37.14 tok/s  (vs base M=1 70.5 ms/tok = 14.19 tok/s -> 2.62x)
[decode] PREFILL: 1093 positions in 17584.5 ms = 62.2 tok/s (16.088 ms/tok)
[capture] wrote /home/patrickd/s5-capture/agentic-p25-b0.1/c4/cap/shard_p288_s001093.dspc  1093 tok x (3 taps + 1 lm_in) x 4096 = 34.2 MB (32.0 KB/tok)
[probe] wrote 16 draft probes (block=5) to /home/patrickd/s5-capture/agentic-p25-b0.1/c4/cap/drafts_p288_s001093.txt
[spec] decoding 8 tokens (block=5, draft passes=1, adaptK=1.50, prompt=288 s=1094)...
  [margins] 17.35 17.99 14.22 14.05 14.02  K=6
  verify 1: accepted 5/5 (K=6) + correction -> +6 tokens (173.7 ms)  cpos=1099
  [margins] 17.14 19.99 14.02 13.91 13.91  K=6
  verify 2: accepted 5/5 (K=6) + correction -> +6 tokens (173.9 ms)  cpos=1105

[spec] generated 12 tokens over 2 verifies: mean tokens/verify = 6.00 (block=5, max 6)
[spec] tokens: 5849 69 16 1089 16 16374 5849 69 16 1089 16 16374
[spec] SPEC-DECODE: 29.0 ms/tok = 34.51 tok/s  (vs base M=1 70.5 ms/tok = 14.19 tok/s -> 2.43x)
[decode] PREFILL: 1571 positions in 25589.6 ms = 61.4 tok/s (16.289 ms/tok)
[capture] wrote /home/patrickd/s5-capture/agentic-p25-b0.1/c4/cap/shard_p289_s001571.dspc  1571 tok x (3 taps + 1 lm_in) x 4096 = 49.1 MB (32.0 KB/tok)
[probe] wrote 16 draft probes (block=5) to /home/patrickd/s5-capture/agentic-p25-b0.1/c4/cap/drafts_p289_s001571.txt
[spec] decoding 8 tokens (block=5, draft passes=1, adaptK=1.50, prompt=289 s=1572)...
  [margins] 17.04 10.36 7.95 8.33 5.20  K=6
  verify 1: accepted 3/5 (K=6) + correction -> +4 tokens (179.7 ms)  cpos=1575
  [margins] 13.08 0.61 1.64 1.93 9.74  K=2
  verify 2: accepted 1/1 (K=2) + correction -> +2 tokens (110.5 ms)  cpos=1577
  [margins] 17.83 6.81 9.99 6.08 11.61  K=6
  verify 3: accepted 5/5 (K=6) + correction -> +6 tokens (169.1 ms)  cpos=1583

[spec] generated 12 tokens over 3 verifies: mean tokens/verify = 4.00 (block=5, max 6)
[spec] tokens: 560 16 791 74 2586 71928 1925 16 791 74 2586 71928
[spec] SPEC-DECODE: 34.9 ms/tok = 28.61 tok/s  (vs base M=1 70.5 ms/tok = 14.19 tok/s -> 2.02x)
[decode] PREFILL: 1406 positions in 22765.9 ms = 61.8 tok/s (16.192 ms/tok)
[capture] wrote /home/patrickd/s5-capture/agentic-p25-b0.1/c4/cap/shard_p290_s001406.dspc  1406 tok x (3 taps + 1 lm_in) x 4096 = 43.9 MB (32.0 KB/tok)
[probe] wrote 16 draft probes (block=5) to /home/patrickd/s5-capture/agentic-p25-b0.1/c4/cap/drafts_p290_s001406.txt
[spec] decoding 8 tokens (block=5, draft passes=1, adaptK=1.50, prompt=290 s=1407)...
  [margins] 0.99 0.63 1.74 1.37 0.99  K=2
  verify 1: accepted 0/1 (K=2) + correction -> +1 tokens (131.0 ms)  cpos=1407
  [margins] 1.29 0.35 0.90 0.15 0.55  K=2
  verify 2: accepted 1/1 (K=2) + correction -> +2 tokens (123.2 ms)  cpos=1409
  [margins] 4.49 0.79 1.02 0.53 7.58  K=2
  verify 3: accepted 1/1 (K=2) + correction -> +2 tokens (105.1 ms)  cpos=1411
  [margins] 5.52 0.33 0.17 2.99 1.60  K=2
  verify 4: accepted 1/1 (K=2) + correction -> +2 tokens (108.8 ms)  cpos=1413
  [margins] 7.16 2.41 0.80 6.20 1.27  K=3
  verify 5: accepted 2/2 (K=3) + correction -> +3 tokens (121.5 ms)  cpos=1416

[spec] generated 10 tokens over 5 verifies: mean tokens/verify = 2.00 (block=5, max 6)
[spec] tokens: 18 271 18 271 18 271 18 271 18 271
[spec] SPEC-DECODE: 51.0 ms/tok = 19.62 tok/s  (vs base M=1 70.5 ms/tok = 14.19 tok/s -> 1.38x)
[decode] PREFILL: 1101 positions in 17684.9 ms = 62.3 tok/s (16.063 ms/tok)
[capture] wrote /home/patrickd/s5-capture/agentic-p25-b0.1/c4/cap/shard_p291_s001101.dspc  1101 tok x (3 taps + 1 lm_in) x 4096 = 34.4 MB (32.0 KB/tok)
[probe] wrote 16 draft probes (block=5) to /home/patrickd/s5-capture/agentic-p25-b0.1/c4/cap/drafts_p291_s001101.txt
[spec] decoding 8 tokens (block=5, draft passes=1, adaptK=1.50, prompt=291 s=1102)...
  [margins] 9.84 11.06 10.49 12.19 10.78  K=6
  verify 1: accepted 5/5 (K=6) + correction -> +6 tokens (167.8 ms)  cpos=1107
  [margins] 9.70 11.70 10.05 11.72 10.37  K=6
  verify 2: accepted 5/5 (K=6) + correction -> +6 tokens (168.4 ms)  cpos=1113

[spec] generated 12 tokens over 2 verifies: mean tokens/verify = 6.00 (block=5, max 6)
[spec] tokens: 16 20237 16 20237 16 20237 16 20237 16 20237 16 20237
[spec] SPEC-DECODE: 28.1 ms/tok = 35.63 tok/s  (vs base M=1 70.5 ms/tok = 14.19 tok/s -> 2.51x)
[decode] PREFILL: 1171 positions in 18890.7 ms = 62.0 tok/s (16.132 ms/tok)
[capture] wrote /home/patrickd/s5-capture/agentic-p25-b0.1/c4/cap/shard_p292_s001171.dspc  1171 tok x (3 taps + 1 lm_in) x 4096 = 36.6 MB (32.0 KB/tok)
[probe] wrote 16 draft probes (block=5) to /home/patrickd/s5-capture/agentic-p25-b0.1/c4/cap/drafts_p292_s001171.txt
[spec] decoding 8 tokens (block=5, draft passes=1, adaptK=1.50, prompt=292 s=1172)...
  [margins] 12.73 13.07 0.92 1.58 7.21  K=3
  verify 1: accepted 2/2 (K=3) + correction -> +3 tokens (127.9 ms)  cpos=1174
  [margins] 2.89 8.10 0.54 1.54 0.79  K=3
  verify 2: accepted 2/2 (K=3) + correction -> +3 tokens (124.6 ms)  cpos=1177
  [margins] 6.94 0.85 4.55 0.18 2.52  K=2
  verify 3: accepted 1/1 (K=2) + correction -> +2 tokens (106.6 ms)  cpos=1179

[spec] generated 8 tokens over 3 verifies: mean tokens/verify = 2.67 (block=5, max 6)
[spec] tokens: 18 16 1069 11 304 8461 6464 16
[spec] SPEC-DECODE: 46.2 ms/tok = 21.62 tok/s  (vs base M=1 70.5 ms/tok = 14.19 tok/s -> 1.52x)
[decode] PREFILL: 1113 positions in 17903.5 ms = 62.2 tok/s (16.086 ms/tok)
[capture] wrote /home/patrickd/s5-capture/agentic-p25-b0.1/c4/cap/shard_p293_s001113.dspc  1113 tok x (3 taps + 1 lm_in) x 4096 = 34.8 MB (32.0 KB/tok)
[probe] wrote 16 draft probes (block=5) to /home/patrickd/s5-capture/agentic-p25-b0.1/c4/cap/drafts_p293_s001113.txt
[spec] decoding 8 tokens (block=5, draft passes=1, adaptK=1.50, prompt=293 s=1114)...
  [margins] 10.39 13.41 7.29 11.87 0.42  K=5
  verify 1: accepted 4/4 (K=5) + correction -> +5 tokens (158.2 ms)  cpos=1118
  [margins] 14.73 14.48 12.19 9.15 0.11  K=5
  verify 2: accepted 4/4 (K=5) + correction -> +5 tokens (151.5 ms)  cpos=1123

[spec] generated 10 tokens over 2 verifies: mean tokens/verify = 5.00 (block=5, max 6)
[spec] tokens: 539 15 4147 554 18664 270 1975 1926 418 1975
[spec] SPEC-DECODE: 30.3 ms/tok = 33.01 tok/s  (vs base M=1 70.5 ms/tok = 14.19 tok/s -> 2.33x)
[decode] PREFILL: 1468 positions in 23795.7 ms = 61.7 tok/s (16.210 ms/tok)
[capture] wrote /home/patrickd/s5-capture/agentic-p25-b0.1/c4/cap/shard_p294_s001468.dspc  1468 tok x (3 taps + 1 lm_in) x 4096 = 45.9 MB (32.0 KB/tok)
[probe] wrote 16 draft probes (block=5) to /home/patrickd/s5-capture/agentic-p25-b0.1/c4/cap/drafts_p294_s001468.txt
[spec] decoding 8 tokens (block=5, draft passes=1, adaptK=1.50, prompt=294 s=1469)...
  [margins] 9.00 7.48 9.15 8.89 3.72  K=6
  verify 1: accepted 4/5 (K=6) + correction -> +5 tokens (177.4 ms)  cpos=1473
  [margins] 10.82 13.81 1.80 3.10 12.90  K=6
  verify 2: accepted 2/5 (K=6) + correction -> +3 tokens (172.7 ms)  cpos=1476

[spec] generated 8 tokens over 2 verifies: mean tokens/verify = 4.00 (block=5, max 6)
[spec] tokens: 671 4813 3287 344 223 19 16 334
[spec] SPEC-DECODE: 57.6 ms/tok = 17.37 tok/s  (vs base M=1 70.5 ms/tok = 14.19 tok/s -> 1.22x)
[decode] PREFILL: 1331 positions in 21522.8 ms = 61.8 tok/s (16.170 ms/tok)
[capture] wrote /home/patrickd/s5-capture/agentic-p25-b0.1/c4/cap/shard_p295_s001331.dspc  1331 tok x (3 taps + 1 lm_in) x 4096 = 41.6 MB (32.0 KB/tok)
[probe] wrote 16 draft probes (block=5) to /home/patrickd/s5-capture/agentic-p25-b0.1/c4/cap/drafts_p295_s001331.txt
[spec] decoding 8 tokens (block=5, draft passes=1, adaptK=1.50, prompt=295 s=1332)...
  [margins] 14.72 16.70 9.87 8.08 9.96  K=6
  verify 1: accepted 5/5 (K=6) + correction -> +6 tokens (181.7 ms)  cpos=1337
  [margins] 17.16 15.44 13.59 9.30 6.70  K=6
  verify 2: accepted 5/5 (K=6) + correction -> +6 tokens (169.9 ms)  cpos=1343

[spec] generated 12 tokens over 2 verifies: mean tokens/verify = 6.00 (block=5, max 6)
[spec] tokens: 270 4854 13973 16 455 3287 344 28 22651 3607 344 260
[spec] SPEC-DECODE: 28.3 ms/tok = 35.32 tok/s  (vs base M=1 70.5 ms/tok = 14.19 tok/s -> 2.49x)
[decode] PREFILL: 1588 positions in 25872.2 ms = 61.4 tok/s (16.292 ms/tok)
[capture] wrote /home/patrickd/s5-capture/agentic-p25-b0.1/c4/cap/shard_p296_s001588.dspc  1588 tok x (3 taps + 1 lm_in) x 4096 = 49.6 MB (32.0 KB/tok)
[probe] wrote 16 draft probes (block=5) to /home/patrickd/s5-capture/agentic-p25-b0.1/c4/cap/drafts_p296_s001588.txt
[spec] decoding 8 tokens (block=5, draft passes=1, adaptK=1.50, prompt=296 s=1589)...
  [margins] 13.88 16.49 8.19 13.33 9.59  K=6
  verify 1: accepted 5/5 (K=6) + correction -> +6 tokens (173.9 ms)  cpos=1594
  [margins] 13.62 16.68 8.46 13.42 10.65  K=6
  verify 2: accepted 5/5 (K=6) + correction -> +6 tokens (173.5 ms)  cpos=1600

[spec] generated 12 tokens over 2 verifies: mean tokens/verify = 6.00 (block=5, max 6)
[spec] tokens: 11628 86 16 11628 86 16 11628 86 16 11628 86 16
[spec] SPEC-DECODE: 28.9 ms/tok = 34.59 tok/s  (vs base M=1 70.5 ms/tok = 14.19 tok/s -> 2.44x)
[decode] PREFILL: 1112 positions in 17888.4 ms = 62.2 tok/s (16.087 ms/tok)
[capture] wrote /home/patrickd/s5-capture/agentic-p25-b0.1/c4/cap/shard_p297_s001112.dspc  1112 tok x (3 taps + 1 lm_in) x 4096 = 34.8 MB (32.0 KB/tok)
[probe] wrote 16 draft probes (block=5) to /home/patrickd/s5-capture/agentic-p25-b0.1/c4/cap/drafts_p297_s001112.txt
[spec] decoding 8 tokens (block=5, draft passes=1, adaptK=1.50, prompt=297 s=1113)...
  [margins] 14.52 18.07 15.78 13.07 5.85  K=6
  verify 1: accepted 5/5 (K=6) + correction -> +6 tokens (172.4 ms)  cpos=1118
  [margins] 11.74 11.92 14.81 14.43 12.73  K=6
  verify 2: accepted 5/5 (K=6) + correction -> +6 tokens (173.0 ms)  cpos=1124

[spec] generated 12 tokens over 2 verifies: mean tokens/verify = 6.00 (block=5, max 6)
[spec] tokens: 759 554 1926 1117 6704 16 342 759 554 1926 1117 6704
[spec] SPEC-DECODE: 28.8 ms/tok = 34.67 tok/s  (vs base M=1 70.5 ms/tok = 14.19 tok/s -> 2.44x)
[decode] PREFILL: 1089 positions in 17522.1 ms = 62.2 tok/s (16.090 ms/tok)
[capture] wrote /home/patrickd/s5-capture/agentic-p25-b0.1/c4/cap/shard_p298_s001089.dspc  1089 tok x (3 taps + 1 lm_in) x 4096 = 34.0 MB (32.0 KB/tok)
[probe] wrote 16 draft probes (block=5) to /home/patrickd/s5-capture/agentic-p25-b0.1/c4/cap/drafts_p298_s001089.txt
[spec] decoding 8 tokens (block=5, draft passes=1, adaptK=1.50, prompt=298 s=1090)...
  [margins] 15.84 8.69 10.81 13.61 13.70  K=6
  verify 1: accepted 5/5 (K=6) + correction -> +6 tokens (176.7 ms)  cpos=1095
  [margins] 17.71 17.53 15.45 11.91 9.30  K=6
  verify 2: accepted 5/5 (K=6) + correction -> +6 tokens (176.0 ms)  cpos=1101

[spec] generated 12 tokens over 2 verifies: mean tokens/verify = 6.00 (block=5, max 6)
[spec] tokens: 3338 16 2052 440 1309 304 1635 4990 10699 14 1635 1066
[spec] SPEC-DECODE: 29.3 ms/tok = 34.09 tok/s  (vs base M=1 70.5 ms/tok = 14.19 tok/s -> 2.40x)
[decode] PREFILL: 1502 positions in 24378.7 ms = 61.6 tok/s (16.231 ms/tok)
[capture] wrote /home/patrickd/s5-capture/agentic-p25-b0.1/c4/cap/shard_p299_s001502.dspc  1502 tok x (3 taps + 1 lm_in) x 4096 = 46.9 MB (32.0 KB/tok)
[probe] wrote 16 draft probes (block=5) to /home/patrickd/s5-capture/agentic-p25-b0.1/c4/cap/drafts_p299_s001502.txt
[spec] decoding 8 tokens (block=5, draft passes=1, adaptK=1.50, prompt=299 s=1503)...
  [margins] 10.39 10.64 0.31 13.87 0.01  K=3
  verify 1: accepted 2/2 (K=3) + correction -> +3 tokens (132.7 ms)  cpos=1505
  [margins] 15.60 5.90 8.47 10.02 3.15  K=6
  verify 2: accepted 3/5 (K=6) + correction -> +4 tokens (171.0 ms)  cpos=1509
  [margins] 8.48 9.77 3.90 0.21 0.24  K=4
  verify 3: accepted 2/3 (K=4) + correction -> +3 tokens (138.9 ms)  cpos=1512

[spec] generated 10 tokens over 3 verifies: mean tokens/verify = 3.33 (block=5, max 6)
[spec] tokens: 3749 11 624 15059 3749 11 12390 3749 11 4925
[spec] SPEC-DECODE: 44.3 ms/tok = 22.59 tok/s  (vs base M=1 70.5 ms/tok = 14.19 tok/s -> 1.59x)
[decode] PREFILL: 1716 positions in 28046.6 ms = 61.2 tok/s (16.344 ms/tok)
[capture] wrote /home/patrickd/s5-capture/agentic-p25-b0.1/c4/cap/shard_p300_s001716.dspc  1716 tok x (3 taps + 1 lm_in) x 4096 = 53.6 MB (32.0 KB/tok)
[probe] wrote 16 draft probes (block=5) to /home/patrickd/s5-capture/agentic-p25-b0.1/c4/cap/drafts_p300_s001716.txt
[spec] decoding 8 tokens (block=5, draft passes=1, adaptK=1.50, prompt=300 s=1717)...
  [margins] 17.34 12.62 15.07 18.12 11.26  K=6
  verify 1: accepted 5/5 (K=6) + correction -> +6 tokens (181.6 ms)  cpos=1722
  [margins] 12.37 19.41 14.65 22.26 14.27  K=6
  verify 2: accepted 5/5 (K=6) + correction -> +6 tokens (180.5 ms)  cpos=1728

[spec] generated 12 tokens over 2 verifies: mean tokens/verify = 6.00 (block=5, max 6)
[spec] tokens: 2846 118045 9543 14651 65 1743 3426 65 39198 6868 23074 82
[spec] SPEC-DECODE: 30.1 ms/tok = 33.25 tok/s  (vs base M=1 70.5 ms/tok = 14.19 tok/s -> 2.34x)
[decode] PREFILL: 1211 positions in 19525.7 ms = 62.0 tok/s (16.124 ms/tok)
[capture] wrote /home/patrickd/s5-capture/agentic-p25-b0.1/c4/cap/shard_p301_s001211.dspc  1211 tok x (3 taps + 1 lm_in) x 4096 = 37.8 MB (32.0 KB/tok)
[probe] wrote 16 draft probes (block=5) to /home/patrickd/s5-capture/agentic-p25-b0.1/c4/cap/drafts_p301_s001211.txt
[spec] decoding 8 tokens (block=5, draft passes=1, adaptK=1.50, prompt=301 s=1212)...
  [margins] 10.11 1.60 1.36 1.72 0.14  K=3
  verify 1: accepted 2/2 (K=3) + correction -> +3 tokens (128.2 ms)  cpos=1214
  [margins] 18.03 0.44 2.14 3.80 1.57  K=2
  verify 2: accepted 1/1 (K=2) + correction -> +2 tokens (114.0 ms)  cpos=1216
  [margins] 6.20 0.25 1.99 0.22 1.46  K=2
  verify 3: accepted 1/1 (K=2) + correction -> +2 tokens (106.3 ms)  cpos=1218
  [margins] 1.41 10.60 4.82 8.77 12.49  K=6
  verify 4: accepted 5/5 (K=6) + correction -> +6 tokens (177.5 ms)  cpos=1224

[spec] generated 13 tokens over 4 verifies: mean tokens/verify = 3.25 (block=5, max 6)
[spec] tokens: 18586 127392 33758 1716 2622 6537 19067 201 15 2619 29153 87 730
[spec] SPEC-DECODE: 39.8 ms/tok = 25.14 tok/s  (vs base M=1 70.5 ms/tok = 14.19 tok/s -> 1.77x)
[decode] PREFILL: 1049 positions in 16844.4 ms = 62.3 tok/s (16.058 ms/tok)
[capture] wrote /home/patrickd/s5-capture/agentic-p25-b0.1/c4/cap/shard_p302_s001049.dspc  1049 tok x (3 taps + 1 lm_in) x 4096 = 32.8 MB (32.0 KB/tok)
[probe] wrote 16 draft probes (block=5) to /home/patrickd/s5-capture/agentic-p25-b0.1/c4/cap/drafts_p302_s001049.txt
[spec] decoding 8 tokens (block=5, draft passes=1, adaptK=1.50, prompt=302 s=1050)...
  [margins] 14.79 11.70 15.23 7.24 6.98  K=6
  verify 1: accepted 3/5 (K=6) + correction -> +4 tokens (168.1 ms)  cpos=1053
  [margins] 15.33 14.84 16.54 5.44 7.84  K=6
  verify 2: accepted 3/5 (K=6) + correction -> +4 tokens (162.9 ms)  cpos=1057

[spec] generated 8 tokens over 2 verifies: mean tokens/verify = 4.00 (block=5, max 6)
[spec] tokens: 3749 11 3749 11 3749 11 3749 11
[spec] SPEC-DECODE: 40.7 ms/tok = 24.55 tok/s  (vs base M=1 70.5 ms/tok = 14.19 tok/s -> 1.73x)
[decode] PREFILL: 1424 positions in 23066.4 ms = 61.7 tok/s (16.198 ms/tok)
[capture] wrote /home/patrickd/s5-capture/agentic-p25-b0.1/c4/cap/shard_p303_s001424.dspc  1424 tok x (3 taps + 1 lm_in) x 4096 = 44.5 MB (32.0 KB/tok)
[probe] wrote 16 draft probes (block=5) to /home/patrickd/s5-capture/agentic-p25-b0.1/c4/cap/drafts_p303_s001424.txt
[spec] decoding 8 tokens (block=5, draft passes=1, adaptK=1.50, prompt=303 s=1425)...
  [margins] 11.16 14.73 14.66 12.54 12.47  K=6
  verify 1: accepted 5/5 (K=6) + correction -> +6 tokens (172.8 ms)  cpos=1430
  [margins] 11.30 14.01 15.70 12.15 13.65  K=6
  verify 2: accepted 5/5 (K=6) + correction -> +6 tokens (171.7 ms)  cpos=1436

[spec] generated 12 tokens over 2 verifies: mean tokens/verify = 6.00 (block=5, max 6)
[spec] tokens: 16 4617 272 16 4617 272 16 4617 272 16 4617 272
[spec] SPEC-DECODE: 28.6 ms/tok = 34.94 tok/s  (vs base M=1 70.5 ms/tok = 14.19 tok/s -> 2.46x)
[decode] PREFILL: 1504 positions in 24408.1 ms = 61.6 tok/s (16.229 ms/tok)
[capture] wrote /home/patrickd/s5-capture/agentic-p25-b0.1/c4/cap/shard_p304_s001504.dspc  1504 tok x (3 taps + 1 lm_in) x 4096 = 47.0 MB (32.0 KB/tok)
[probe] wrote 16 draft probes (block=5) to /home/patrickd/s5-capture/agentic-p25-b0.1/c4/cap/drafts_p304_s001504.txt
[spec] decoding 8 tokens (block=5, draft passes=1, adaptK=1.50, prompt=304 s=1505)...
  [margins] 16.32 14.45 16.79 12.67 14.53  K=6
  verify 1: accepted 5/5 (K=6) + correction -> +6 tokens (176.4 ms)  cpos=1510
  [margins] 13.53 13.05 18.29 14.36 13.41  K=6
  verify 2: accepted 5/5 (K=6) + correction -> +6 tokens (179.0 ms)  cpos=1516

[spec] generated 12 tokens over 2 verifies: mean tokens/verify = 6.00 (block=5, max 6)
[spec] tokens: 16 9556 3309 29 345 16 56641 41705 12382 29 345 16
[spec] SPEC-DECODE: 29.8 ms/tok = 33.52 tok/s  (vs base M=1 70.5 ms/tok = 14.19 tok/s -> 2.36x)
[decode] PREFILL: 1044 positions in 16774.6 ms = 62.2 tok/s (16.068 ms/tok)
[capture] wrote /home/patrickd/s5-capture/agentic-p25-b0.1/c4/cap/shard_p305_s001044.dspc  1044 tok x (3 taps + 1 lm_in) x 4096 = 32.6 MB (32.0 KB/tok)
[probe] wrote 16 draft probes (block=5) to /home/patrickd/s5-capture/agentic-p25-b0.1/c4/cap/drafts_p305_s001044.txt
[spec] decoding 8 tokens (block=5, draft passes=1, adaptK=1.50, prompt=305 s=1045)...
  [margins] 15.90 11.31 0.61 0.33 3.17  K=3
  verify 1: accepted 2/2 (K=3) + correction -> +3 tokens (126.7 ms)  cpos=1047
  [margins] 8.97 11.84 14.54 12.53 11.88  K=6
  verify 2: accepted 5/5 (K=6) + correction -> +6 tokens (176.2 ms)  cpos=1053

[spec] generated 9 tokens over 2 verifies: mean tokens/verify = 4.50 (block=5, max 6)
[spec] tokens: 362 17841 16 455 9327 6247 36166 344 260
[spec] SPEC-DECODE: 29.4 ms/tok = 34.05 tok/s  (vs base M=1 70.5 ms/tok = 14.19 tok/s -> 2.40x)
[decode] PREFILL: 1683 positions in 27490.6 ms = 61.2 tok/s (16.334 ms/tok)
[capture] wrote /home/patrickd/s5-capture/agentic-p25-b0.1/c4/cap/shard_p306_s001683.dspc  1683 tok x (3 taps + 1 lm_in) x 4096 = 52.6 MB (32.0 KB/tok)
[probe] wrote 16 draft probes (block=5) to /home/patrickd/s5-capture/agentic-p25-b0.1/c4/cap/drafts_p306_s001683.txt
[spec] decoding 8 tokens (block=5, draft passes=1, adaptK=1.50, prompt=306 s=1684)...
  [margins] 20.33 15.65 7.35 3.65 0.61  K=5
  verify 1: accepted 3/4 (K=5) + correction -> +4 tokens (168.5 ms)  cpos=1687
  [margins] 13.33 17.98 19.40 6.92 2.61  K=6
  verify 2: accepted 4/5 (K=6) + correction -> +5 tokens (184.0 ms)  cpos=1692

[spec] generated 9 tokens over 2 verifies: mean tokens/verify = 4.50 (block=5, max 6)
[spec] tokens: 2287 288 5249 381 607 632 2287 288 6491
[spec] SPEC-DECODE: 36.8 ms/tok = 27.18 tok/s  (vs base M=1 70.5 ms/tok = 14.19 tok/s -> 1.92x)
[decode] PREFILL: 1151 positions in 18512.4 ms = 62.2 tok/s (16.084 ms/tok)
[capture] wrote /home/patrickd/s5-capture/agentic-p25-b0.1/c4/cap/shard_p307_s001151.dspc  1151 tok x (3 taps + 1 lm_in) x 4096 = 36.0 MB (32.0 KB/tok)
[probe] wrote 16 draft probes (block=5) to /home/patrickd/s5-capture/agentic-p25-b0.1/c4/cap/drafts_p307_s001151.txt
[spec] decoding 8 tokens (block=5, draft passes=1, adaptK=1.50, prompt=307 s=1152)...
  [margins] 10.85 15.08 9.03 10.31 8.62  K=6
  verify 1: accepted 5/5 (K=6) + correction -> +6 tokens (190.8 ms)  cpos=1157
  [margins] 10.19 14.19 13.75 10.45 10.02  K=6
  verify 2: accepted 5/5 (K=6) + correction -> +6 tokens (165.0 ms)  cpos=1163

[spec] generated 12 tokens over 2 verifies: mean tokens/verify = 6.00 (block=5, max 6)
[spec] tokens: 16 403 14874 16 403 14874 16 403 14874 16 403 14874
[spec] SPEC-DECODE: 27.5 ms/tok = 36.35 tok/s  (vs base M=1 70.5 ms/tok = 14.19 tok/s -> 2.56x)
[decode] PREFILL: 1637 positions in 26700.5 ms = 61.3 tok/s (16.311 ms/tok)
[capture] wrote /home/patrickd/s5-capture/agentic-p25-b0.1/c4/cap/shard_p308_s001637.dspc  1637 tok x (3 taps + 1 lm_in) x 4096 = 51.2 MB (32.0 KB/tok)
[probe] wrote 16 draft probes (block=5) to /home/patrickd/s5-capture/agentic-p25-b0.1/c4/cap/drafts_p308_s001637.txt
[spec] decoding 8 tokens (block=5, draft passes=1, adaptK=1.50, prompt=308 s=1638)...
  [margins] 11.46 10.54 9.92 12.59 12.06  K=6
  verify 1: accepted 5/5 (K=6) + correction -> +6 tokens (174.1 ms)  cpos=1643
  [margins] 12.00 11.63 9.93 13.22 12.28  K=6
  verify 2: accepted 5/5 (K=6) + correction -> +6 tokens (174.5 ms)  cpos=1649

[spec] generated 12 tokens over 2 verifies: mean tokens/verify = 6.00 (block=5, max 6)
[spec] tokens: 16 971 1835 16 971 1835 16 971 1835 16 971 1835
[spec] SPEC-DECODE: 29.1 ms/tok = 34.38 tok/s  (vs base M=1 70.5 ms/tok = 14.19 tok/s -> 2.42x)
[decode] PREFILL: 1093 positions in 17594.9 ms = 62.1 tok/s (16.098 ms/tok)
[capture] wrote /home/patrickd/s5-capture/agentic-p25-b0.1/c4/cap/shard_p309_s001093.dspc  1093 tok x (3 taps + 1 lm_in) x 4096 = 34.2 MB (32.0 KB/tok)
[probe] wrote 16 draft probes (block=5) to /home/patrickd/s5-capture/agentic-p25-b0.1/c4/cap/drafts_p309_s001093.txt
[spec] decoding 8 tokens (block=5, draft passes=1, adaptK=1.50, prompt=309 s=1094)...
  [margins] 17.34 17.88 14.17 8.81 0.06  K=5
  verify 1: accepted 4/4 (K=5) + correction -> +5 tokens (157.5 ms)  cpos=1098
  [margins] 16.07 16.23 16.37 6.88 7.15  K=6
  verify 2: accepted 5/5 (K=6) + correction -> +6 tokens (176.1 ms)  cpos=1104

[spec] generated 11 tokens over 2 verifies: mean tokens/verify = 5.50 (block=5, max 6)
[spec] tokens: 4316 14 342 588 2281 4316 734 5045 16 2275 412
[spec] SPEC-DECODE: 29.4 ms/tok = 34.07 tok/s  (vs base M=1 70.5 ms/tok = 14.19 tok/s -> 2.40x)
[decode] PREFILL: 1212 positions in 19536.6 ms = 62.0 tok/s (16.119 ms/tok)
[capture] wrote /home/patrickd/s5-capture/agentic-p25-b0.1/c4/cap/shard_p310_s001212.dspc  1212 tok x (3 taps + 1 lm_in) x 4096 = 37.9 MB (32.0 KB/tok)
[probe] wrote 16 draft probes (block=5) to /home/patrickd/s5-capture/agentic-p25-b0.1/c4/cap/drafts_p310_s001212.txt
[spec] decoding 8 tokens (block=5, draft passes=1, adaptK=1.50, prompt=310 s=1213)...
  [margins] 14.28 14.21 12.50 10.92 2.17  K=6
  verify 1: accepted 5/5 (K=6) + correction -> +6 tokens (175.3 ms)  cpos=1218
  [margins] 11.34 15.22 5.43 3.74 5.75  K=6
  verify 2: accepted 5/5 (K=6) + correction -> +6 tokens (176.5 ms)  cpos=1224

[spec] generated 12 tokens over 2 verifies: mean tokens/verify = 6.00 (block=5, max 6)
[spec] tokens: 342 588 1347 304 5434 27132 305 4337 2755 88031 28 5673
[spec] SPEC-DECODE: 29.4 ms/tok = 33.99 tok/s  (vs base M=1 70.5 ms/tok = 14.19 tok/s -> 2.40x)
[decode] PREFILL: 1160 positions in 18703.5 ms = 62.0 tok/s (16.124 ms/tok)
[capture] wrote /home/patrickd/s5-capture/agentic-p25-b0.1/c4/cap/shard_p311_s001160.dspc  1160 tok x (3 taps + 1 lm_in) x 4096 = 36.3 MB (32.0 KB/tok)
[probe] wrote 16 draft probes (block=5) to /home/patrickd/s5-capture/agentic-p25-b0.1/c4/cap/drafts_p311_s001160.txt
[spec] decoding 8 tokens (block=5, draft passes=1, adaptK=1.50, prompt=311 s=1161)...
  [margins] 1.71 0.45 1.42 5.70 0.58  K=2
  verify 1: accepted 0/1 (K=2) + correction -> +1 tokens (109.3 ms)  cpos=1161
  [margins] 0.83 5.33 1.10 1.00 0.15  K=3
  verify 2: accepted 0/2 (K=3) + correction -> +1 tokens (122.9 ms)  cpos=1162
  [margins] 3.75 0.43 1.29 0.29 1.84  K=2
  verify 3: accepted 1/1 (K=2) + correction -> +2 tokens (109.6 ms)  cpos=1164
  [margins] 2.42 1.56 3.57 3.17 0.24  K=5
  verify 4: accepted 1/4 (K=5) + correction -> +2 tokens (148.4 ms)  cpos=1166
  [margins] 2.91 2.07 2.21 0.14 1.33  K=4
  verify 5: accepted 1/3 (K=4) + correction -> +2 tokens (132.8 ms)  cpos=1168

[spec] generated 8 tokens over 5 verifies: mean tokens/verify = 1.60 (block=5, max 6)
[spec] tokens: 3959 15769 362 3490 83308 1749 850 8281
[spec] SPEC-DECODE: 73.4 ms/tok = 13.63 tok/s  (vs base M=1 70.5 ms/tok = 14.19 tok/s -> 0.96x)
[decode] PREFILL: 1108 positions in 17844.1 ms = 62.1 tok/s (16.105 ms/tok)
[capture] wrote /home/patrickd/s5-capture/agentic-p25-b0.1/c4/cap/shard_p312_s001108.dspc  1108 tok x (3 taps + 1 lm_in) x 4096 = 34.6 MB (32.0 KB/tok)
[probe] wrote 16 draft probes (block=5) to /home/patrickd/s5-capture/agentic-p25-b0.1/c4/cap/drafts_p312_s001108.txt
[spec] decoding 8 tokens (block=5, draft passes=1, adaptK=1.50, prompt=312 s=1109)...
  [margins] 18.57 17.43 15.43 14.96 16.83  K=6
  verify 1: accepted 5/5 (K=6) + correction -> +6 tokens (173.5 ms)  cpos=1114
  [margins] 18.75 19.40 16.84 19.29 16.25  K=6
  verify 2: accepted 5/5 (K=6) + correction -> +6 tokens (175.0 ms)  cpos=1120

[spec] generated 12 tokens over 2 verifies: mean tokens/verify = 6.00 (block=5, max 6)
[spec] tokens: 49163 26374 13088 1355 7907 3955 223 582 83772 3362 875 361
[spec] SPEC-DECODE: 29.2 ms/tok = 34.28 tok/s  (vs base M=1 70.5 ms/tok = 14.19 tok/s -> 2.42x)
[decode] PREFILL: 1096 positions in 17635.9 ms = 62.1 tok/s (16.091 ms/tok)
[capture] wrote /home/patrickd/s5-capture/agentic-p25-b0.1/c4/cap/shard_p313_s001096.dspc  1096 tok x (3 taps + 1 lm_in) x 4096 = 34.3 MB (32.0 KB/tok)
[probe] wrote 16 draft probes (block=5) to /home/patrickd/s5-capture/agentic-p25-b0.1/c4/cap/drafts_p313_s001096.txt
[spec] decoding 8 tokens (block=5, draft passes=1, adaptK=1.50, prompt=313 s=1097)...
  [margins] 10.09 12.40 9.47 18.07 10.96  K=6
  verify 1: accepted 5/5 (K=6) + correction -> +6 tokens (178.0 ms)  cpos=1102
  [margins] 14.38 10.27 13.58 17.40 7.05  K=6
  verify 2: accepted 5/5 (K=6) + correction -> +6 tokens (172.3 ms)  cpos=1108

[spec] generated 12 tokens over 2 verifies: mean tokens/verify = 6.00 (block=5, max 6)
[spec] tokens: 16 17204 75 15 17204 75 15 17204 75 15 17204 75
[spec] SPEC-DECODE: 28.7 ms/tok = 34.83 tok/s  (vs base M=1 70.5 ms/tok = 14.19 tok/s -> 2.45x)
[decode] PREFILL: 1204 positions in 19422.7 ms = 62.0 tok/s (16.132 ms/tok)
[capture] wrote /home/patrickd/s5-capture/agentic-p25-b0.1/c4/cap/shard_p314_s001204.dspc  1204 tok x (3 taps + 1 lm_in) x 4096 = 37.6 MB (32.0 KB/tok)
[probe] wrote 16 draft probes (block=5) to /home/patrickd/s5-capture/agentic-p25-b0.1/c4/cap/drafts_p314_s001204.txt
[spec] decoding 8 tokens (block=5, draft passes=1, adaptK=1.50, prompt=314 s=1205)...
  [margins] 0.73 3.41 2.22 0.01 5.09  K=4
  verify 1: accepted 0/3 (K=4) + correction -> +1 tokens (139.7 ms)  cpos=1205
  [margins] 17.43 13.99 1.41 0.47 0.87  K=3
  verify 2: accepted 2/2 (K=3) + correction -> +3 tokens (123.2 ms)  cpos=1208
  [margins] 0.01 0.98 4.78 1.87 6.33  K=2
  verify 3: accepted 0/1 (K=2) + correction -> +1 tokens (104.1 ms)  cpos=1209
  [margins] 0.92 0.96 3.51 8.86 1.20  K=2
  verify 4: accepted 0/1 (K=2) + correction -> +1 tokens (104.0 ms)  cpos=1210
  [margins] 3.17 3.03 11.39 0.31 4.07  K=4
  verify 5: accepted 0/3 (K=4) + correction -> +1 tokens (136.3 ms)  cpos=1211
  [margins] 7.58 7.57 12.81 0.77 0.26  K=4
  verify 6: accepted 3/3 (K=4) + correction -> +4 tokens (136.6 ms)  cpos=1215

[spec] generated 11 tokens over 6 verifies: mean tokens/verify = 1.83 (block=5, max 6)
[spec] tokens: 223 19 16 21 362 1499 295 34975 201 15 63310
[spec] SPEC-DECODE: 60.4 ms/tok = 16.55 tok/s  (vs base M=1 70.5 ms/tok = 14.19 tok/s -> 1.17x)
[decode] PREFILL: 1390 positions in 22490.4 ms = 61.8 tok/s (16.180 ms/tok)
[capture] wrote /home/patrickd/s5-capture/agentic-p25-b0.1/c4/cap/shard_p315_s001390.dspc  1390 tok x (3 taps + 1 lm_in) x 4096 = 43.4 MB (32.0 KB/tok)
[probe] wrote 16 draft probes (block=5) to /home/patrickd/s5-capture/agentic-p25-b0.1/c4/cap/drafts_p315_s001390.txt
[spec] decoding 8 tokens (block=5, draft passes=1, adaptK=1.50, prompt=315 s=1391)...
  [margins] 15.38 9.99 11.32 13.43 12.33  K=6
  verify 1: accepted 5/5 (K=6) + correction -> +6 tokens (184.4 ms)  cpos=1396
  [margins] 20.61 14.28 8.28 17.25 12.80  K=6
  verify 2: accepted 5/5 (K=6) + correction -> +6 tokens (171.4 ms)  cpos=1402

[spec] generated 12 tokens over 2 verifies: mean tokens/verify = 6.00 (block=5, max 6)
[spec] tokens: 995 13818 62910 28 40983 18595 265 14 25202 78567 14 39439
[spec] SPEC-DECODE: 28.6 ms/tok = 35.00 tok/s  (vs base M=1 70.5 ms/tok = 14.19 tok/s -> 2.47x)
[decode] PREFILL: 1080 positions in 17354.9 ms = 62.2 tok/s (16.069 ms/tok)
[capture] wrote /home/patrickd/s5-capture/agentic-p25-b0.1/c4/cap/shard_p316_s001080.dspc  1080 tok x (3 taps + 1 lm_in) x 4096 = 33.8 MB (32.0 KB/tok)
[probe] wrote 16 draft probes (block=5) to /home/patrickd/s5-capture/agentic-p25-b0.1/c4/cap/drafts_p316_s001080.txt
[spec] decoding 8 tokens (block=5, draft passes=1, adaptK=1.50, prompt=316 s=1081)...
  [margins] 17.56 12.07 12.81 14.04 11.17  K=6
  verify 1: accepted 5/5 (K=6) + correction -> +6 tokens (167.0 ms)  cpos=1086
  [margins] 17.51 10.67 12.07 12.66 10.00  K=6
  verify 2: accepted 5/5 (K=6) + correction -> +6 tokens (170.1 ms)  cpos=1092

[spec] generated 12 tokens over 2 verifies: mean tokens/verify = 6.00 (block=5, max 6)
[spec] tokens: 22138 16 6000 22138 16 6000 22138 16 6000 22138 16 6000
[spec] SPEC-DECODE: 28.3 ms/tok = 35.28 tok/s  (vs base M=1 70.5 ms/tok = 14.19 tok/s -> 2.49x)
[decode] PREFILL: 1971 positions in 32457.0 ms = 60.7 tok/s (16.467 ms/tok)
[capture] wrote /home/patrickd/s5-capture/agentic-p25-b0.1/c4/cap/shard_p317_s001971.dspc  1971 tok x (3 taps + 1 lm_in) x 4096 = 61.6 MB (32.0 KB/tok)
[probe] wrote 16 draft probes (block=5) to /home/patrickd/s5-capture/agentic-p25-b0.1/c4/cap/drafts_p317_s001971.txt
[spec] decoding 8 tokens (block=5, draft passes=1, adaptK=1.50, prompt=317 s=1972)...
  [margins] 17.02 15.38 14.60 13.05 15.03  K=6
  verify 1: accepted 5/5 (K=6) + correction -> +6 tokens (189.7 ms)  cpos=1977
  [margins] 16.22 15.66 12.77 7.37 9.24  K=6
  verify 2: accepted 5/5 (K=6) + correction -> +6 tokens (171.7 ms)  cpos=1983

[spec] generated 12 tokens over 2 verifies: mean tokens/verify = 6.00 (block=5, max 6)
[spec] tokens: 50971 9 50971 9 50971 9 50971 9 50971 9 50971 14
[spec] SPEC-DECODE: 28.6 ms/tok = 34.94 tok/s  (vs base M=1 70.5 ms/tok = 14.19 tok/s -> 2.46x)
[decode] PREFILL: 1104 positions in 17745.4 ms = 62.2 tok/s (16.074 ms/tok)
[capture] wrote /home/patrickd/s5-capture/agentic-p25-b0.1/c4/cap/shard_p318_s001104.dspc  1104 tok x (3 taps + 1 lm_in) x 4096 = 34.5 MB (32.0 KB/tok)
[probe] wrote 16 draft probes (block=5) to /home/patrickd/s5-capture/agentic-p25-b0.1/c4/cap/drafts_p318_s001104.txt
[spec] decoding 8 tokens (block=5, draft passes=1, adaptK=1.50, prompt=318 s=1105)...
  [margins] 12.63 16.20 15.75 11.63 13.74  K=6
  verify 1: accepted 5/5 (K=6) + correction -> +6 tokens (170.6 ms)  cpos=1110
  [margins] 11.87 14.20 16.50 10.94 14.90  K=6
  verify 2: accepted 5/5 (K=6) + correction -> +6 tokens (168.9 ms)  cpos=1116

[spec] generated 12 tokens over 2 verifies: mean tokens/verify = 6.00 (block=5, max 6)
[spec] tokens: 16 333 78 16 333 78 16 333 78 16 333 78
[spec] SPEC-DECODE: 28.1 ms/tok = 35.52 tok/s  (vs base M=1 70.5 ms/tok = 14.19 tok/s -> 2.50x)
[decode] PREFILL: 1046 positions in 16798.7 ms = 62.3 tok/s (16.060 ms/tok)
[capture] wrote /home/patrickd/s5-capture/agentic-p25-b0.1/c4/cap/shard_p319_s001046.dspc  1046 tok x (3 taps + 1 lm_in) x 4096 = 32.7 MB (32.0 KB/tok)
[probe] wrote 16 draft probes (block=5) to /home/patrickd/s5-capture/agentic-p25-b0.1/c4/cap/drafts_p319_s001046.txt
[spec] decoding 8 tokens (block=5, draft passes=1, adaptK=1.50, prompt=319 s=1047)...
  [margins] 13.98 11.59 14.49 11.73 11.38  K=6
  verify 1: accepted 5/5 (K=6) + correction -> +6 tokens (174.2 ms)  cpos=1052
  [margins] 15.50 15.83 12.83 12.41 12.43  K=6
  verify 2: accepted 5/5 (K=6) + correction -> +6 tokens (168.4 ms)  cpos=1058

[spec] generated 12 tokens over 2 verifies: mean tokens/verify = 6.00 (block=5, max 6)
[spec] tokens: 11308 16 333 5449 11308 16 333 5449 11308 16 333 5449
[spec] SPEC-DECODE: 28.1 ms/tok = 35.64 tok/s  (vs base M=1 70.5 ms/tok = 14.19 tok/s -> 2.51x)
[decode] PREFILL: 1470 positions in 23844.3 ms = 61.7 tok/s (16.221 ms/tok)
[capture] wrote /home/patrickd/s5-capture/agentic-p25-b0.1/c4/cap/shard_p320_s001470.dspc  1470 tok x (3 taps + 1 lm_in) x 4096 = 45.9 MB (32.0 KB/tok)
[probe] wrote 16 draft probes (block=5) to /home/patrickd/s5-capture/agentic-p25-b0.1/c4/cap/drafts_p320_s001470.txt
[spec] decoding 8 tokens (block=5, draft passes=1, adaptK=1.50, prompt=320 s=1471)...
  [margins] 12.20 14.40 13.84 7.89 10.33  K=6
  verify 1: accepted 5/5 (K=6) + correction -> +6 tokens (181.9 ms)  cpos=1476
  [margins] 13.09 9.56 11.23 8.16 12.98  K=6
  verify 2: accepted 5/5 (K=6) + correction -> +6 tokens (166.3 ms)  cpos=1482

[spec] generated 12 tokens over 2 verifies: mean tokens/verify = 6.00 (block=5, max 6)
[spec] tokens: 270 3702 14460 3749 270 3702 14460 3749 270 3702 14460 3749
[spec] SPEC-DECODE: 27.7 ms/tok = 36.08 tok/s  (vs base M=1 70.5 ms/tok = 14.19 tok/s -> 2.54x)
[decode] PREFILL: 1084 positions in 17427.9 ms = 62.2 tok/s (16.077 ms/tok)
[capture] wrote /home/patrickd/s5-capture/agentic-p25-b0.1/c4/cap/shard_p321_s001084.dspc  1084 tok x (3 taps + 1 lm_in) x 4096 = 33.9 MB (32.0 KB/tok)
[probe] wrote 16 draft probes (block=5) to /home/patrickd/s5-capture/agentic-p25-b0.1/c4/cap/drafts_p321_s001084.txt
[spec] decoding 8 tokens (block=5, draft passes=1, adaptK=1.50, prompt=321 s=1085)...
  [margins] 15.47 15.07 16.60 14.04 10.51  K=6
  verify 1: accepted 5/5 (K=6) + correction -> +6 tokens (176.9 ms)  cpos=1090
  [margins] 19.69 19.99 16.90 14.39 15.43  K=6
  verify 2: accepted 5/5 (K=6) + correction -> +6 tokens (177.3 ms)  cpos=1096

[spec] generated 12 tokens over 2 verifies: mean tokens/verify = 6.00 (block=5, max 6)
[spec] tokens: 1349 1018 2054 223 582 23735 3362 582 266 64258 74523 45380
[spec] SPEC-DECODE: 29.5 ms/tok = 33.85 tok/s  (vs base M=1 70.5 ms/tok = 14.19 tok/s -> 2.39x)
[decode] PREFILL: 1067 positions in 17141.5 ms = 62.2 tok/s (16.065 ms/tok)
[capture] wrote /home/patrickd/s5-capture/agentic-p25-b0.1/c4/cap/shard_p322_s001067.dspc  1067 tok x (3 taps + 1 lm_in) x 4096 = 33.3 MB (32.0 KB/tok)
[probe] wrote 16 draft probes (block=5) to /home/patrickd/s5-capture/agentic-p25-b0.1/c4/cap/drafts_p322_s001067.txt
[spec] decoding 8 tokens (block=5, draft passes=1, adaptK=1.50, prompt=322 s=1068)...
  [margins] 9.95 14.81 8.39 7.23 1.29  K=5
  verify 1: accepted 3/4 (K=5) + correction -> +4 tokens (162.8 ms)  cpos=1071
  [margins] 12.27 7.44 3.23 17.75 7.01  K=6
  verify 2: accepted 5/5 (K=6) + correction -> +6 tokens (179.5 ms)  cpos=1077

[spec] generated 10 tokens over 2 verifies: mean tokens/verify = 5.00 (block=5, max 6)
[spec] tokens: 4484 3749 11 72461 3749 11 803 32040 16 3749
[spec] SPEC-DECODE: 29.9 ms/tok = 33.42 tok/s  (vs base M=1 70.5 ms/tok = 14.19 tok/s -> 2.36x)
[decode] PREFILL: 1066 positions in 17127.9 ms = 62.2 tok/s (16.067 ms/tok)
[capture] wrote /home/patrickd/s5-capture/agentic-p25-b0.1/c4/cap/shard_p323_s001066.dspc  1066 tok x (3 taps + 1 lm_in) x 4096 = 33.3 MB (32.0 KB/tok)
[probe] wrote 16 draft probes (block=5) to /home/patrickd/s5-capture/agentic-p25-b0.1/c4/cap/drafts_p323_s001066.txt
[spec] decoding 8 tokens (block=5, draft passes=1, adaptK=1.50, prompt=323 s=1067)...
  [margins] 14.34 14.88 18.53 13.02 12.69  K=6
  verify 1: accepted 5/5 (K=6) + correction -> +6 tokens (181.4 ms)  cpos=1072
  [margins] 16.13 15.94 18.63 2.05 11.43  K=6
  verify 2: accepted 5/5 (K=6) + correction -> +6 tokens (173.3 ms)  cpos=1078

[spec] generated 12 tokens over 2 verifies: mean tokens/verify = 6.00 (block=5, max 6)
[spec] tokens: 4888 3189 582 102926 616 3305 342 5922 4813 270 19565 295
[spec] SPEC-DECODE: 28.9 ms/tok = 34.62 tok/s  (vs base M=1 70.5 ms/tok = 14.19 tok/s -> 2.44x)
[decode] PREFILL: 1885 positions in 30936.6 ms = 60.9 tok/s (16.412 ms/tok)
[capture] wrote /home/patrickd/s5-capture/agentic-p25-b0.1/c4/cap/shard_p324_s001885.dspc  1885 tok x (3 taps + 1 lm_in) x 4096 = 58.9 MB (32.0 KB/tok)
[probe] wrote 16 draft probes (block=5) to /home/patrickd/s5-capture/agentic-p25-b0.1/c4/cap/drafts_p324_s001885.txt
[spec] decoding 8 tokens (block=5, draft passes=1, adaptK=1.50, prompt=324 s=1886)...
  [margins] 13.92 16.95 7.35 11.80 13.29  K=6
  verify 1: accepted 5/5 (K=6) + correction -> +6 tokens (178.5 ms)  cpos=1891
  [margins] 13.59 16.21 7.96 12.40 13.95  K=6
  verify 2: accepted 5/5 (K=6) + correction -> +6 tokens (175.9 ms)  cpos=1897

[spec] generated 12 tokens over 2 verifies: mean tokens/verify = 6.00 (block=5, max 6)
[spec] tokens: 11628 86 16 11628 86 16 11628 86 16 11628 86 16
[spec] SPEC-DECODE: 29.3 ms/tok = 34.11 tok/s  (vs base M=1 70.5 ms/tok = 14.19 tok/s -> 2.40x)
[decode] PREFILL: 1073 positions in 17253.4 ms = 62.2 tok/s (16.080 ms/tok)
[capture] wrote /home/patrickd/s5-capture/agentic-p25-b0.1/c4/cap/shard_p325_s001073.dspc  1073 tok x (3 taps + 1 lm_in) x 4096 = 33.5 MB (32.0 KB/tok)
[probe] wrote 16 draft probes (block=5) to /home/patrickd/s5-capture/agentic-p25-b0.1/c4/cap/drafts_p325_s001073.txt
[spec] decoding 8 tokens (block=5, draft passes=1, adaptK=1.50, prompt=325 s=1074)...
  [margins] 14.02 19.87 12.69 12.24 14.41  K=6
  verify 1: accepted 5/5 (K=6) + correction -> +6 tokens (169.3 ms)  cpos=1079
  [margins] 20.44 12.05 12.24 15.69 9.31  K=6
  verify 2: accepted 5/5 (K=6) + correction -> +6 tokens (174.3 ms)  cpos=1085

[spec] generated 12 tokens over 2 verifies: mean tokens/verify = 6.00 (block=5, max 6)
[spec] tokens: 270 3417 16 5715 3287 270 3417 16 5715 3287 270 3417
[spec] SPEC-DECODE: 29.1 ms/tok = 34.41 tok/s  (vs base M=1 70.5 ms/tok = 14.19 tok/s -> 2.43x)
[decode] PREFILL: 1068 positions in 17162.9 ms = 62.2 tok/s (16.070 ms/tok)
[capture] wrote /home/patrickd/s5-capture/agentic-p25-b0.1/c4/cap/shard_p326_s001068.dspc  1068 tok x (3 taps + 1 lm_in) x 4096 = 33.4 MB (32.0 KB/tok)
[probe] wrote 16 draft probes (block=5) to /home/patrickd/s5-capture/agentic-p25-b0.1/c4/cap/drafts_p326_s001068.txt
[spec] decoding 8 tokens (block=5, draft passes=1, adaptK=1.50, prompt=326 s=1069)...
  [margins] 21.17 22.88 8.75 13.14 15.72  K=6
  verify 1: accepted 5/5 (K=6) + correction -> +6 tokens (175.5 ms)  cpos=1074
  [margins] 16.71 14.55 3.00 10.87 11.19  K=6
  verify 2: accepted 2/5 (K=6) + correction -> +3 tokens (171.3 ms)  cpos=1077

[spec] generated 9 tokens over 2 verifies: mean tokens/verify = 4.50 (block=5, max 6)
[spec] tokens: 957 4364 16 1004 27 271 27 201 369
[spec] SPEC-DECODE: 57.1 ms/tok = 17.51 tok/s  (vs base M=1 70.5 ms/tok = 14.19 tok/s -> 1.23x)
[decode] PREFILL: 1053 positions in 16919.3 ms = 62.2 tok/s (16.068 ms/tok)
[capture] wrote /home/patrickd/s5-capture/agentic-p25-b0.1/c4/cap/shard_p327_s001053.dspc  1053 tok x (3 taps + 1 lm_in) x 4096 = 32.9 MB (32.0 KB/tok)
[probe] wrote 16 draft probes (block=5) to /home/patrickd/s5-capture/agentic-p25-b0.1/c4/cap/drafts_p327_s001053.txt
[spec] decoding 8 tokens (block=5, draft passes=1, adaptK=1.50, prompt=327 s=1054)...
  [margins] 18.44 15.40 16.67 15.02 14.27  K=6
  verify 1: accepted 5/5 (K=6) + correction -> +6 tokens (176.3 ms)  cpos=1059
  [margins] 19.01 19.00 17.04 17.61 17.11  K=6
  verify 2: accepted 5/5 (K=6) + correction -> +6 tokens (175.0 ms)  cpos=1065

[spec] generated 12 tokens over 2 verifies: mean tokens/verify = 6.00 (block=5, max 6)
[spec] tokens: 1955 223 23 305 5347 6089 12356 6713 1955 223 21 30444
[spec] SPEC-DECODE: 29.2 ms/tok = 34.28 tok/s  (vs base M=1 70.5 ms/tok = 14.19 tok/s -> 2.42x)
[decode] PREFILL: 1099 positions in 17657.9 ms = 62.2 tok/s (16.067 ms/tok)
[capture] wrote /home/patrickd/s5-capture/agentic-p25-b0.1/c4/cap/shard_p328_s001099.dspc  1099 tok x (3 taps + 1 lm_in) x 4096 = 34.3 MB (32.0 KB/tok)
[probe] wrote 16 draft probes (block=5) to /home/patrickd/s5-capture/agentic-p25-b0.1/c4/cap/drafts_p328_s001099.txt
[spec] decoding 8 tokens (block=5, draft passes=1, adaptK=1.50, prompt=328 s=1100)...
  [margins] 11.14 11.63 11.76 13.42 10.29  K=6
  verify 1: accepted 5/5 (K=6) + correction -> +6 tokens (175.7 ms)  cpos=1105
  [margins] 11.20 15.07 14.71 15.64 12.21  K=6
  verify 2: accepted 5/5 (K=6) + correction -> +6 tokens (169.3 ms)  cpos=1111

[spec] generated 12 tokens over 2 verifies: mean tokens/verify = 6.00 (block=5, max 6)
[spec] tokens: 50 2030 16 14026 92 50 2030 16 14026 92 50 2030
[spec] SPEC-DECODE: 28.2 ms/tok = 35.43 tok/s  (vs base M=1 70.5 ms/tok = 14.19 tok/s -> 2.50x)
[decode] PREFILL: 1038 positions in 16671.4 ms = 62.3 tok/s (16.061 ms/tok)
[capture] wrote /home/patrickd/s5-capture/agentic-p25-b0.1/c4/cap/shard_p329_s001038.dspc  1038 tok x (3 taps + 1 lm_in) x 4096 = 32.4 MB (32.0 KB/tok)
[probe] wrote 16 draft probes (block=5) to /home/patrickd/s5-capture/agentic-p25-b0.1/c4/cap/drafts_p329_s001038.txt
[spec] decoding 8 tokens (block=5, draft passes=1, adaptK=1.50, prompt=329 s=1039)...
  [margins] 6.31 11.79 13.04 5.70 4.20  K=6
  verify 1: accepted 5/5 (K=6) + correction -> +6 tokens (180.4 ms)  cpos=1044
  [margins] 16.64 15.64 17.05 12.30 0.22  K=5
  verify 2: accepted 4/4 (K=5) + correction -> +5 tokens (154.4 ms)  cpos=1049

[spec] generated 11 tokens over 2 verifies: mean tokens/verify = 5.50 (block=5, max 6)
[spec] tokens: 2477 14 260 43388 304 57545 14 515 1505 412 270
[spec] SPEC-DECODE: 30.9 ms/tok = 32.39 tok/s  (vs base M=1 70.5 ms/tok = 14.19 tok/s -> 2.28x)
[decode] PREFILL: 1516 positions in 24620.5 ms = 61.6 tok/s (16.240 ms/tok)
[capture] wrote /home/patrickd/s5-capture/agentic-p25-b0.1/c4/cap/shard_p330_s001516.dspc  1516 tok x (3 taps + 1 lm_in) x 4096 = 47.4 MB (32.0 KB/tok)
[probe] wrote 16 draft probes (block=5) to /home/patrickd/s5-capture/agentic-p25-b0.1/c4/cap/drafts_p330_s001516.txt
[spec] decoding 8 tokens (block=5, draft passes=1, adaptK=1.50, prompt=330 s=1517)...
  [margins] 16.19 11.65 1.08 5.07 3.18  K=3
  verify 1: accepted 2/2 (K=3) + correction -> +3 tokens (127.9 ms)  cpos=1519
  [margins] 0.67 2.63 4.31 3.23 1.21  K=5
  verify 2: accepted 0/4 (K=5) + correction -> +1 tokens (153.6 ms)  cpos=1520
  [margins] 8.68 10.23 11.19 9.56 9.80  K=6
  verify 3: accepted 5/5 (K=6) + correction -> +6 tokens (170.0 ms)  cpos=1526

[spec] generated 10 tokens over 3 verifies: mean tokens/verify = 3.33 (block=5, max 6)
[spec] tokens: 9075 17049 1 68584 16 22536 265 420 1040 293
[spec] SPEC-DECODE: 46.2 ms/tok = 21.63 tok/s  (vs base M=1 70.5 ms/tok = 14.19 tok/s -> 1.52x)
[decode] PREFILL: 1133 positions in 18216.2 ms = 62.2 tok/s (16.078 ms/tok)
[capture] wrote /home/patrickd/s5-capture/agentic-p25-b0.1/c4/cap/shard_p331_s001133.dspc  1133 tok x (3 taps + 1 lm_in) x 4096 = 35.4 MB (32.0 KB/tok)
[probe] wrote 16 draft probes (block=5) to /home/patrickd/s5-capture/agentic-p25-b0.1/c4/cap/drafts_p331_s001133.txt
[spec] decoding 8 tokens (block=5, draft passes=1, adaptK=1.50, prompt=331 s=1134)...
  [margins] 13.15 11.60 10.84 11.85 16.11  K=6
  verify 1: accepted 5/5 (K=6) + correction -> +6 tokens (176.0 ms)  cpos=1139
  [margins] 13.04 12.86 10.95 11.44 11.86  K=6
  verify 2: accepted 5/5 (K=6) + correction -> +6 tokens (175.1 ms)  cpos=1145

[spec] generated 12 tokens over 2 verifies: mean tokens/verify = 6.00 (block=5, max 6)
[spec] tokens: 24 72 16 223 18 90 24 71 16 223 18 90
[spec] SPEC-DECODE: 29.2 ms/tok = 34.28 tok/s  (vs base M=1 70.5 ms/tok = 14.19 tok/s -> 2.42x)
[decode] PREFILL: 1484 positions in 24068.5 ms = 61.7 tok/s (16.219 ms/tok)
[capture] wrote /home/patrickd/s5-capture/agentic-p25-b0.1/c4/cap/shard_p332_s001484.dspc  1484 tok x (3 taps + 1 lm_in) x 4096 = 46.4 MB (32.0 KB/tok)
[probe] wrote 16 draft probes (block=5) to /home/patrickd/s5-capture/agentic-p25-b0.1/c4/cap/drafts_p332_s001484.txt
[spec] decoding 8 tokens (block=5, draft passes=1, adaptK=1.50, prompt=332 s=1485)...
  [margins] 15.56 10.49 15.04 9.86 11.44  K=6
  verify 1: accepted 5/5 (K=6) + correction -> +6 tokens (174.2 ms)  cpos=1490
  [margins] 15.26 11.58 14.76 9.56 11.79  K=6
  verify 2: accepted 5/5 (K=6) + correction -> +6 tokens (173.6 ms)  cpos=1496

[spec] generated 12 tokens over 2 verifies: mean tokens/verify = 6.00 (block=5, max 6)
[spec] tokens: 14482 16 4100 14482 16 4100 14482 16 4100 14482 16 4100
[spec] SPEC-DECODE: 28.9 ms/tok = 34.56 tok/s  (vs base M=1 70.5 ms/tok = 14.19 tok/s -> 2.44x)
[decode] PREFILL: 1064 positions in 17082.8 ms = 62.3 tok/s (16.055 ms/tok)
[capture] wrote /home/patrickd/s5-capture/agentic-p25-b0.1/c4/cap/shard_p333_s001064.dspc  1064 tok x (3 taps + 1 lm_in) x 4096 = 33.3 MB (32.0 KB/tok)
[probe] wrote 16 draft probes (block=5) to /home/patrickd/s5-capture/agentic-p25-b0.1/c4/cap/drafts_p333_s001064.txt
[spec] decoding 8 tokens (block=5, draft passes=1, adaptK=1.50, prompt=333 s=1065)...
  [margins] 12.33 11.12 12.28 9.34 10.06  K=6
  verify 1: accepted 5/5 (K=6) + correction -> +6 tokens (163.3 ms)  cpos=1070
  [margins] 11.57 10.85 11.72 8.83 9.97  K=6
  verify 2: accepted 5/5 (K=6) + correction -> +6 tokens (167.2 ms)  cpos=1076

[spec] generated 12 tokens over 2 verifies: mean tokens/verify = 6.00 (block=5, max 6)
[spec] tokens: 455 16 455 16 455 16 455 16 455 16 455 16
[spec] SPEC-DECODE: 27.9 ms/tok = 35.88 tok/s  (vs base M=1 70.5 ms/tok = 14.19 tok/s -> 2.53x)
[decode] PREFILL: 1067 positions in 17133.4 ms = 62.3 tok/s (16.058 ms/tok)
[capture] wrote /home/patrickd/s5-capture/agentic-p25-b0.1/c4/cap/shard_p334_s001067.dspc  1067 tok x (3 taps + 1 lm_in) x 4096 = 33.3 MB (32.0 KB/tok)
[probe] wrote 16 draft probes (block=5) to /home/patrickd/s5-capture/agentic-p25-b0.1/c4/cap/drafts_p334_s001067.txt
[spec] decoding 8 tokens (block=5, draft passes=1, adaptK=1.50, prompt=334 s=1068)...
  [margins] 15.03 14.25 13.32 7.01 10.12  K=6
  verify 1: accepted 5/5 (K=6) + correction -> +6 tokens (172.8 ms)  cpos=1073
  [margins] 10.25 11.09 16.25 11.50 5.14  K=6
  verify 2: accepted 5/5 (K=6) + correction -> +6 tokens (165.6 ms)  cpos=1079

[spec] generated 12 tokens over 2 verifies: mean tokens/verify = 6.00 (block=5, max 6)
[spec] tokens: 18 78 56 89 18 78 56 89 18 78 56 89
[spec] SPEC-DECODE: 27.6 ms/tok = 36.23 tok/s  (vs base M=1 70.5 ms/tok = 14.19 tok/s -> 2.55x)
[decode] PREFILL: 1499 positions in 24315.5 ms = 61.6 tok/s (16.221 ms/tok)
[capture] wrote /home/patrickd/s5-capture/agentic-p25-b0.1/c4/cap/shard_p335_s001499.dspc  1499 tok x (3 taps + 1 lm_in) x 4096 = 46.8 MB (32.0 KB/tok)
[probe] wrote 16 draft probes (block=5) to /home/patrickd/s5-capture/agentic-p25-b0.1/c4/cap/drafts_p335_s001499.txt
[spec] decoding 8 tokens (block=5, draft passes=1, adaptK=1.50, prompt=335 s=1500)...
  [margins] 16.50 19.25 10.59 12.00 11.28  K=6
  verify 1: accepted 5/5 (K=6) + correction -> +6 tokens (186.6 ms)  cpos=1505
  [margins] 5.00 11.10 12.38 12.15 7.11  K=6
  verify 2: accepted 5/5 (K=6) + correction -> +6 tokens (174.2 ms)  cpos=1511

[spec] generated 12 tokens over 2 verifies: mean tokens/verify = 6.00 (block=5, max 6)
[spec] tokens: 13039 110328 33 3245 515 436 9400 33 1999 515 270 1257
[spec] SPEC-DECODE: 29.0 ms/tok = 34.44 tok/s  (vs base M=1 70.5 ms/tok = 14.19 tok/s -> 2.43x)
[decode] PREFILL: 2039 positions in 33626.0 ms = 60.6 tok/s (16.491 ms/tok)
[capture] wrote /home/patrickd/s5-capture/agentic-p25-b0.1/c4/cap/shard_p336_s002039.dspc  2039 tok x (3 taps + 1 lm_in) x 4096 = 63.7 MB (32.0 KB/tok)
[probe] wrote 16 draft probes (block=5) to /home/patrickd/s5-capture/agentic-p25-b0.1/c4/cap/drafts_p336_s002039.txt
[spec] decoding 8 tokens (block=5, draft passes=1, adaptK=1.50, prompt=336 s=2040)...
  [margins] 7.29 12.33 10.40 9.91 7.74  K=6
  verify 1: accepted 5/5 (K=6) + correction -> +6 tokens (189.3 ms)  cpos=2045
  [margins] 16.02 11.16 14.75 8.91 8.69  K=6
  verify 2: accepted 5/5 (K=6) + correction -> +6 tokens (191.1 ms)  cpos=2051

[spec] generated 12 tokens over 2 verifies: mean tokens/verify = 6.00 (block=5, max 6)
[spec] tokens: 1999 344 270 2329 294 270 2339 468 5806 295 223 3298
[spec] SPEC-DECODE: 31.8 ms/tok = 31.40 tok/s  (vs base M=1 70.5 ms/tok = 14.19 tok/s -> 2.21x)
[decode] PREFILL: 1264 positions in 20381.9 ms = 62.0 tok/s (16.125 ms/tok)
[capture] wrote /home/patrickd/s5-capture/agentic-p25-b0.1/c4/cap/shard_p337_s001264.dspc  1264 tok x (3 taps + 1 lm_in) x 4096 = 39.5 MB (32.0 KB/tok)
[probe] wrote 16 draft probes (block=5) to /home/patrickd/s5-capture/agentic-p25-b0.1/c4/cap/drafts_p337_s001264.txt
[spec] decoding 8 tokens (block=5, draft passes=1, adaptK=1.50, prompt=337 s=1265)...
  [margins] 8.38 6.02 8.05 5.45 6.90  K=6
  verify 1: accepted 5/5 (K=6) + correction -> +6 tokens (179.2 ms)  cpos=1270
  [margins] 11.81 11.30 11.98 6.00 12.36  K=6
  verify 2: accepted 5/5 (K=6) + correction -> +6 tokens (176.5 ms)  cpos=1276

[spec] generated 12 tokens over 2 verifies: mean tokens/verify = 6.00 (block=5, max 6)
[spec] tokens: 436 16 1350 5922 990 1801 793 3998 418 793 1956 10315
[spec] SPEC-DECODE: 29.4 ms/tok = 34.00 tok/s  (vs base M=1 70.5 ms/tok = 14.19 tok/s -> 2.40x)
[decode] PREFILL: 1623 positions in 26454.1 ms = 61.4 tok/s (16.300 ms/tok)
[capture] wrote /home/patrickd/s5-capture/agentic-p25-b0.1/c4/cap/shard_p338_s001623.dspc  1623 tok x (3 taps + 1 lm_in) x 4096 = 50.7 MB (32.0 KB/tok)
[probe] wrote 16 draft probes (block=5) to /home/patrickd/s5-capture/agentic-p25-b0.1/c4/cap/drafts_p338_s001623.txt
[spec] decoding 8 tokens (block=5, draft passes=1, adaptK=1.50, prompt=338 s=1624)...
  [margins] 10.27 11.53 17.68 17.93 11.20  K=6
  verify 1: accepted 5/5 (K=6) + correction -> +6 tokens (182.1 ms)  cpos=1629
  [margins] 20.86 16.99 9.21 12.05 15.26  K=6
  verify 2: accepted 5/5 (K=6) + correction -> +6 tokens (170.1 ms)  cpos=1635

[spec] generated 12 tokens over 2 verifies: mean tokens/verify = 6.00 (block=5, max 6)
[spec] tokens: 16 11628 32854 273 16 11628 32854 273 16 11628 32854 273
[spec] SPEC-DECODE: 28.4 ms/tok = 35.27 tok/s  (vs base M=1 70.5 ms/tok = 14.19 tok/s -> 2.49x)
[decode] PREFILL: 1095 positions in 17595.0 ms = 62.2 tok/s (16.069 ms/tok)
[capture] wrote /home/patrickd/s5-capture/agentic-p25-b0.1/c4/cap/shard_p339_s001095.dspc  1095 tok x (3 taps + 1 lm_in) x 4096 = 34.2 MB (32.0 KB/tok)
[probe] wrote 16 draft probes (block=5) to /home/patrickd/s5-capture/agentic-p25-b0.1/c4/cap/drafts_p339_s001095.txt
[spec] decoding 8 tokens (block=5, draft passes=1, adaptK=1.50, prompt=339 s=1096)...
  [margins] 17.83 16.81 9.95 11.61 11.35  K=6
  verify 1: accepted 5/5 (K=6) + correction -> +6 tokens (174.5 ms)  cpos=1101
  [margins] 12.75 12.50 14.02 19.45 9.82  K=6
  verify 2: accepted 5/5 (K=6) + correction -> +6 tokens (164.7 ms)  cpos=1107

[spec] generated 12 tokens over 2 verifies: mean tokens/verify = 6.00 (block=5, max 6)
[spec] tokens: 427 50 14204 16 427 50 14204 16 427 50 14204 16
[spec] SPEC-DECODE: 27.4 ms/tok = 36.44 tok/s  (vs base M=1 70.5 ms/tok = 14.19 tok/s -> 2.57x)
[decode] PREFILL: 1180 positions in 19021.7 ms = 62.0 tok/s (16.120 ms/tok)
[capture] wrote /home/patrickd/s5-capture/agentic-p25-b0.1/c4/cap/shard_p340_s001180.dspc  1180 tok x (3 taps + 1 lm_in) x 4096 = 36.9 MB (32.0 KB/tok)
[probe] wrote 16 draft probes (block=5) to /home/patrickd/s5-capture/agentic-p25-b0.1/c4/cap/drafts_p340_s001180.txt
[spec] decoding 8 tokens (block=5, draft passes=1, adaptK=1.50, prompt=340 s=1181)...
  [margins] 8.58 1.67 0.41 2.00 0.51  K=3
  verify 1: accepted 2/2 (K=3) + correction -> +3 tokens (126.5 ms)  cpos=1183
  [margins] 0.06 1.99 1.13 0.47 0.22  K=3
  verify 2: accepted 0/2 (K=3) + correction -> +1 tokens (123.6 ms)  cpos=1184
  [margins] 2.70 0.61 0.00 1.20 0.38  K=2
  verify 3: accepted 1/1 (K=2) + correction -> +2 tokens (104.0 ms)  cpos=1186
  [margins] 2.96 0.32 1.32 1.39 1.22  K=2
  verify 4: accepted 1/1 (K=2) + correction -> +2 tokens (111.1 ms)  cpos=1188

[spec] generated 8 tokens over 4 verifies: mean tokens/verify = 2.00 (block=5, max 6)
[spec] tokens: 10329 37419 1162 19419 396 270 74134 4245
[spec] SPEC-DECODE: 67.7 ms/tok = 14.76 tok/s  (vs base M=1 70.5 ms/tok = 14.19 tok/s -> 1.04x)
[decode] PREFILL: 1080 positions in 17366.9 ms = 62.2 tok/s (16.080 ms/tok)
[capture] wrote /home/patrickd/s5-capture/agentic-p25-b0.1/c4/cap/shard_p341_s001080.dspc  1080 tok x (3 taps + 1 lm_in) x 4096 = 33.8 MB (32.0 KB/tok)
[probe] wrote 16 draft probes (block=5) to /home/patrickd/s5-capture/agentic-p25-b0.1/c4/cap/drafts_p341_s001080.txt
[spec] decoding 8 tokens (block=5, draft passes=1, adaptK=1.50, prompt=341 s=1081)...
  [margins] 18.40 14.20 13.88 15.96 18.06  K=6
  verify 1: accepted 5/5 (K=6) + correction -> +6 tokens (174.9 ms)  cpos=1086
  [margins] 8.30 12.61 6.97 14.13 13.33  K=6
  verify 2: accepted 5/5 (K=6) + correction -> +6 tokens (175.3 ms)  cpos=1092

[spec] generated 12 tokens over 2 verifies: mean tokens/verify = 6.00 (block=5, max 6)
[spec] tokens: 4 469 582 671 909 57008 455 3967 1359 582 671 909
[spec] SPEC-DECODE: 29.2 ms/tok = 34.22 tok/s  (vs base M=1 70.5 ms/tok = 14.19 tok/s -> 2.41x)
[decode] PREFILL: 1151 positions in 18513.3 ms = 62.2 tok/s (16.085 ms/tok)
[capture] wrote /home/patrickd/s5-capture/agentic-p25-b0.1/c4/cap/shard_p342_s001151.dspc  1151 tok x (3 taps + 1 lm_in) x 4096 = 36.0 MB (32.0 KB/tok)
[probe] wrote 16 draft probes (block=5) to /home/patrickd/s5-capture/agentic-p25-b0.1/c4/cap/drafts_p342_s001151.txt
[spec] decoding 8 tokens (block=5, draft passes=1, adaptK=1.50, prompt=342 s=1152)...
  [margins] 6.63 0.64 2.00 1.80 0.08  K=2
  verify 1: accepted 1/1 (K=2) + correction -> +2 tokens (128.3 ms)  cpos=1153
  [margins] 4.64 1.04 0.09 1.08 1.61  K=2
  verify 2: accepted 1/1 (K=2) + correction -> +2 tokens (104.0 ms)  cpos=1155
  [margins] 2.50 0.65 0.16 3.72 2.45  K=2
  verify 3: accepted 1/1 (K=2) + correction -> +2 tokens (110.5 ms)  cpos=1157
  [margins] 1.90 5.44 2.91 1.28 3.47  K=4
  verify 4: accepted 3/3 (K=4) + correction -> +4 tokens (136.5 ms)  cpos=1161

[spec] generated 10 tokens over 4 verifies: mean tokens/verify = 2.50 (block=5, max 6)
[spec] tokens: 440 1309 850 6744 469 611 915 4218 14 2929
[spec] SPEC-DECODE: 43.9 ms/tok = 22.79 tok/s  (vs base M=1 70.5 ms/tok = 14.19 tok/s -> 1.61x)
[decode] PREFILL: 1085 positions in 17426.3 ms = 62.3 tok/s (16.061 ms/tok)
[capture] wrote /home/patrickd/s5-capture/agentic-p25-b0.1/c4/cap/shard_p343_s001085.dspc  1085 tok x (3 taps + 1 lm_in) x 4096 = 33.9 MB (32.0 KB/tok)
[probe] wrote 16 draft probes (block=5) to /home/patrickd/s5-capture/agentic-p25-b0.1/c4/cap/drafts_p343_s001085.txt
[spec] decoding 8 tokens (block=5, draft passes=1, adaptK=1.50, prompt=343 s=1086)...
  [margins] 11.44 11.46 11.53 9.30 9.99  K=6
  verify 1: accepted 5/5 (K=6) + correction -> +6 tokens (166.7 ms)  cpos=1091
  [margins] 11.22 10.31 11.42 8.62 9.77  K=6
  verify 2: accepted 5/5 (K=6) + correction -> +6 tokens (169.3 ms)  cpos=1097

[spec] generated 12 tokens over 2 verifies: mean tokens/verify = 6.00 (block=5, max 6)
[spec] tokens: 455 16 455 16 455 16 455 16 455 16 455 16
[spec] SPEC-DECODE: 28.2 ms/tok = 35.44 tok/s  (vs base M=1 70.5 ms/tok = 14.19 tok/s -> 2.50x)
[decode] PREFILL: 1268 positions in 20464.2 ms = 62.0 tok/s (16.139 ms/tok)
[capture] wrote /home/patrickd/s5-capture/agentic-p25-b0.1/c4/cap/shard_p344_s001268.dspc  1268 tok x (3 taps + 1 lm_in) x 4096 = 39.6 MB (32.0 KB/tok)
[probe] wrote 16 draft probes (block=5) to /home/patrickd/s5-capture/agentic-p25-b0.1/c4/cap/drafts_p344_s001268.txt
[spec] decoding 8 tokens (block=5, draft passes=1, adaptK=1.50, prompt=344 s=1269)...
  [margins] 12.32 12.31 11.14 9.18 9.37  K=6
  verify 1: accepted 5/5 (K=6) + correction -> +6 tokens (171.8 ms)  cpos=1274
  [margins] 14.96 13.56 10.19 12.32 10.57  K=6
  verify 2: accepted 5/5 (K=6) + correction -> +6 tokens (185.8 ms)  cpos=1280

[spec] generated 12 tokens over 2 verifies: mean tokens/verify = 6.00 (block=5, max 6)
[spec] tokens: 16 223 14461 16 223 17922 16 223 18822 16 223 11722
[spec] SPEC-DECODE: 31.0 ms/tok = 32.30 tok/s  (vs base M=1 70.5 ms/tok = 14.19 tok/s -> 2.28x)
[decode] PREFILL: 1208 positions in 19478.4 ms = 62.0 tok/s (16.125 ms/tok)
[capture] wrote /home/patrickd/s5-capture/agentic-p25-b0.1/c4/cap/shard_p345_s001208.dspc  1208 tok x (3 taps + 1 lm_in) x 4096 = 37.8 MB (32.0 KB/tok)
[probe] wrote 16 draft probes (block=5) to /home/patrickd/s5-capture/agentic-p25-b0.1/c4/cap/drafts_p345_s001208.txt
[spec] decoding 8 tokens (block=5, draft passes=1, adaptK=1.50, prompt=345 s=1209)...
  [margins] 8.48 3.82 6.45 2.19 3.92  K=6
  verify 1: accepted 1/5 (K=6) + correction -> +2 tokens (174.7 ms)  cpos=1210
  [margins] 3.82 4.86 0.95 1.89 1.84  K=3
  verify 2: accepted 2/2 (K=3) + correction -> +3 tokens (126.5 ms)  cpos=1213
  [margins] 1.40 1.41 1.13 8.14 0.51  K=2
  verify 3: accepted 0/1 (K=2) + correction -> +1 tokens (104.7 ms)  cpos=1214
  [margins] 1.62 2.35 0.57 0.52 1.15  K=3
  verify 4: accepted 0/2 (K=3) + correction -> +1 tokens (122.8 ms)  cpos=1215
  [margins] 1.69 2.53 1.73 0.34 0.02  K=4
  verify 5: accepted 1/3 (K=4) + correction -> +2 tokens (134.7 ms)  cpos=1217

[spec] generated 9 tokens over 5 verifies: mean tokens/verify = 1.80 (block=5, max 6)
[spec] tokens: 294 8397 16 2566 3252 260 6117 995 7911
[spec] SPEC-DECODE: 69.8 ms/tok = 14.33 tok/s  (vs base M=1 70.5 ms/tok = 14.19 tok/s -> 1.01x)
[decode] PREFILL: 1070 positions in 17175.5 ms = 62.3 tok/s (16.052 ms/tok)
[capture] wrote /home/patrickd/s5-capture/agentic-p25-b0.1/c4/cap/shard_p346_s001070.dspc  1070 tok x (3 taps + 1 lm_in) x 4096 = 33.4 MB (32.0 KB/tok)
[probe] wrote 16 draft probes (block=5) to /home/patrickd/s5-capture/agentic-p25-b0.1/c4/cap/drafts_p346_s001070.txt
[spec] decoding 8 tokens (block=5, draft passes=1, adaptK=1.50, prompt=346 s=1071)...
  [margins] 14.65 14.57 14.98 0.41 12.04  K=4
  verify 1: accepted 3/3 (K=4) + correction -> +4 tokens (136.9 ms)  cpos=1074
  [margins] 14.62 14.32 14.97 1.76 14.25  K=6
  verify 2: accepted 5/5 (K=6) + correction -> +6 tokens (165.5 ms)  cpos=1080

[spec] generated 10 tokens over 2 verifies: mean tokens/verify = 5.00 (block=5, max 6)
[spec] tokens: 3749 11 3749 11 3749 11 3749 11 3749 11
[spec] SPEC-DECODE: 27.6 ms/tok = 36.25 tok/s  (vs base M=1 70.5 ms/tok = 14.19 tok/s -> 2.56x)
[decode] PREFILL: 1492 positions in 24212.4 ms = 61.6 tok/s (16.228 ms/tok)
[capture] wrote /home/patrickd/s5-capture/agentic-p25-b0.1/c4/cap/shard_p347_s001492.dspc  1492 tok x (3 taps + 1 lm_in) x 4096 = 46.6 MB (32.0 KB/tok)
[probe] wrote 16 draft probes (block=5) to /home/patrickd/s5-capture/agentic-p25-b0.1/c4/cap/drafts_p347_s001492.txt
[spec] decoding 8 tokens (block=5, draft passes=1, adaptK=1.50, prompt=347 s=1493)...
  [margins] 14.09 14.71 11.11 13.45 10.34  K=6
  verify 1: accepted 5/5 (K=6) + correction -> +6 tokens (173.1 ms)  cpos=1498
  [margins] 13.43 13.97 10.88 12.38 12.30  K=6
  verify 2: accepted 5/5 (K=6) + correction -> +6 tokens (173.1 ms)  cpos=1504

[spec] generated 12 tokens over 2 verifies: mean tokens/verify = 6.00 (block=5, max 6)
[spec] tokens: 4617 67 16 4617 67 16 4617 67 16 4617 67 16
[spec] SPEC-DECODE: 28.9 ms/tok = 34.66 tok/s  (vs base M=1 70.5 ms/tok = 14.19 tok/s -> 2.44x)
[decode] PREFILL: 1056 positions in 16959.0 ms = 62.3 tok/s (16.060 ms/tok)
[capture] wrote /home/patrickd/s5-capture/agentic-p25-b0.1/c4/cap/shard_p348_s001056.dspc  1056 tok x (3 taps + 1 lm_in) x 4096 = 33.0 MB (32.0 KB/tok)
[probe] wrote 16 draft probes (block=5) to /home/patrickd/s5-capture/agentic-p25-b0.1/c4/cap/drafts_p348_s001056.txt
[spec] decoding 8 tokens (block=5, draft passes=1, adaptK=1.50, prompt=348 s=1057)...
  [margins] 13.43 17.24 16.11 15.24 13.22  K=6
  verify 1: accepted 5/5 (K=6) + correction -> +6 tokens (174.0 ms)  cpos=1062
  [margins] 14.75 14.04 14.08 13.84 7.03  K=6
  verify 2: accepted 5/5 (K=6) + correction -> +6 tokens (173.1 ms)  cpos=1068

[spec] generated 12 tokens over 2 verifies: mean tokens/verify = 6.00 (block=5, max 6)
[spec] tokens: 270 4545 23216 294 42347 50959 295 223 643 18 33 41584
[spec] SPEC-DECODE: 28.9 ms/tok = 34.66 tok/s  (vs base M=1 70.5 ms/tok = 14.19 tok/s -> 2.44x)
[decode] PREFILL: 1082 positions in 17383.5 ms = 62.2 tok/s (16.066 ms/tok)
[capture] wrote /home/patrickd/s5-capture/agentic-p25-b0.1/c4/cap/shard_p349_s001082.dspc  1082 tok x (3 taps + 1 lm_in) x 4096 = 33.8 MB (32.0 KB/tok)
[probe] wrote 16 draft probes (block=5) to /home/patrickd/s5-capture/agentic-p25-b0.1/c4/cap/drafts_p349_s001082.txt
[spec] decoding 8 tokens (block=5, draft passes=1, adaptK=1.50, prompt=349 s=1083)...
  [margins] 19.07 14.36 13.51 15.50 13.96  K=6
  verify 1: accepted 5/5 (K=6) + correction -> +6 tokens (178.0 ms)  cpos=1088
  [margins] 19.01 14.18 13.96 14.26 12.02  K=6
  verify 2: accepted 5/5 (K=6) + correction -> +6 tokens (167.6 ms)  cpos=1094

[spec] generated 12 tokens over 2 verifies: mean tokens/verify = 6.00 (block=5, max 6)
[spec] tokens: 23942 16 1089 16 1089 540 23942 16 1089 16 1089 540
[spec] SPEC-DECODE: 27.9 ms/tok = 35.80 tok/s  (vs base M=1 70.5 ms/tok = 14.19 tok/s -> 2.52x)
[decode] PREFILL: 1041 positions in 16727.9 ms = 62.2 tok/s (16.069 ms/tok)
[capture] wrote /home/patrickd/s5-capture/agentic-p25-b0.1/c4/cap/shard_p350_s001041.dspc  1041 tok x (3 taps + 1 lm_in) x 4096 = 32.5 MB (32.0 KB/tok)
[probe] wrote 16 draft probes (block=5) to /home/patrickd/s5-capture/agentic-p25-b0.1/c4/cap/drafts_p350_s001041.txt
[spec] decoding 8 tokens (block=5, draft passes=1, adaptK=1.50, prompt=350 s=1042)...
  [margins] 12.97 17.18 13.08 12.00 17.19  K=6
  verify 1: accepted 5/5 (K=6) + correction -> +6 tokens (166.7 ms)  cpos=1047
  [margins] 12.27 16.30 12.59 11.43 15.69  K=6
  verify 2: accepted 5/5 (K=6) + correction -> +6 tokens (165.6 ms)  cpos=1053

[spec] generated 12 tokens over 2 verifies: mean tokens/verify = 6.00 (block=5, max 6)
[spec] tokens: 16 3541 321 16 3541 321 16 3541 321 16 3541 321
[spec] SPEC-DECODE: 27.6 ms/tok = 36.24 tok/s  (vs base M=1 70.5 ms/tok = 14.19 tok/s -> 2.55x)
[decode] PREFILL: 1064 positions in 17102.3 ms = 62.2 tok/s (16.074 ms/tok)
[capture] wrote /home/patrickd/s5-capture/agentic-p25-b0.1/c4/cap/shard_p351_s001064.dspc  1064 tok x (3 taps + 1 lm_in) x 4096 = 33.3 MB (32.0 KB/tok)
[probe] wrote 16 draft probes (block=5) to /home/patrickd/s5-capture/agentic-p25-b0.1/c4/cap/drafts_p351_s001064.txt
[spec] decoding 8 tokens (block=5, draft passes=1, adaptK=1.50, prompt=351 s=1065)...
  [margins] 15.75 18.99 16.37 15.26 11.59  K=6
  verify 1: accepted 5/5 (K=6) + correction -> +6 tokens (174.8 ms)  cpos=1070
  [margins] 20.39 18.26 19.30 19.94 13.98  K=6
  verify 2: accepted 5/5 (K=6) + correction -> +6 tokens (176.5 ms)  cpos=1076

[spec] generated 12 tokens over 2 verifies: mean tokens/verify = 6.00 (block=5, max 6)
[spec] tokens: 72461 3362 582 10980 15628 3955 223 582 83772 3362 875 361
[spec] SPEC-DECODE: 29.4 ms/tok = 33.99 tok/s  (vs base M=1 70.5 ms/tok = 14.19 tok/s -> 2.40x)
[decode] PREFILL: 1549 positions in 25196.5 ms = 61.5 tok/s (16.266 ms/tok)
[capture] wrote /home/patrickd/s5-capture/agentic-p25-b0.1/c4/cap/shard_p352_s001549.dspc  1549 tok x (3 taps + 1 lm_in) x 4096 = 48.4 MB (32.0 KB/tok)
[probe] wrote 16 draft probes (block=5) to /home/patrickd/s5-capture/agentic-p25-b0.1/c4/cap/drafts_p352_s001549.txt
[spec] decoding 8 tokens (block=5, draft passes=1, adaptK=1.50, prompt=352 s=1550)...
  [margins] 20.65 18.87 9.55 9.32 14.52  K=6
  verify 1: accepted 5/5 (K=6) + correction -> +6 tokens (176.2 ms)  cpos=1555
  [margins] 9.82 12.53 17.85 15.48 9.11  K=6
  verify 2: accepted 5/5 (K=6) + correction -> +6 tokens (174.4 ms)  cpos=1561

[spec] generated 12 tokens over 2 verifies: mean tokens/verify = 6.00 (block=5, max 6)
[spec] tokens: 278 567 16 4291 278 567 16 4291 278 567 16 4291
[spec] SPEC-DECODE: 29.1 ms/tok = 34.41 tok/s  (vs base M=1 70.5 ms/tok = 14.19 tok/s -> 2.43x)
[decode] PREFILL: 1094 positions in 17599.0 ms = 62.2 tok/s (16.087 ms/tok)
[capture] wrote /home/patrickd/s5-capture/agentic-p25-b0.1/c4/cap/shard_p353_s001094.dspc  1094 tok x (3 taps + 1 lm_in) x 4096 = 34.2 MB (32.0 KB/tok)
[probe] wrote 16 draft probes (block=5) to /home/patrickd/s5-capture/agentic-p25-b0.1/c4/cap/drafts_p353_s001094.txt
[spec] decoding 8 tokens (block=5, draft passes=1, adaptK=1.50, prompt=353 s=1095)...
  [margins] 21.13 16.19 21.12 16.28 14.07  K=6
  verify 1: accepted 5/5 (K=6) + correction -> +6 tokens (179.8 ms)  cpos=1100
  [margins] 16.17 21.18 14.23 8.89 17.57  K=6
  verify 2: accepted 5/5 (K=6) + correction -> +6 tokens (172.2 ms)  cpos=1106

[spec] generated 12 tokens over 2 verifies: mean tokens/verify = 6.00 (block=5, max 6)
[spec] tokens: 582 671 909 4 469 582 671 909 57008 455 3967 4869
[spec] SPEC-DECODE: 28.7 ms/tok = 34.84 tok/s  (vs base M=1 70.5 ms/tok = 14.19 tok/s -> 2.46x)
[decode] PREFILL: 1137 positions in 18298.2 ms = 62.1 tok/s (16.093 ms/tok)
[capture] wrote /home/patrickd/s5-capture/agentic-p25-b0.1/c4/cap/shard_p354_s001137.dspc  1137 tok x (3 taps + 1 lm_in) x 4096 = 35.5 MB (32.0 KB/tok)
[probe] wrote 16 draft probes (block=5) to /home/patrickd/s5-capture/agentic-p25-b0.1/c4/cap/drafts_p354_s001137.txt
[spec] decoding 8 tokens (block=5, draft passes=1, adaptK=1.50, prompt=354 s=1138)...
  [margins] 13.85 14.80 19.36 10.82 10.15  K=6
  verify 1: accepted 5/5 (K=6) + correction -> +6 tokens (174.4 ms)  cpos=1143
  [margins] 12.93 15.05 18.41 9.70 10.15  K=6
  verify 2: accepted 5/5 (K=6) + correction -> +6 tokens (174.2 ms)  cpos=1149

[spec] generated 12 tokens over 2 verifies: mean tokens/verify = 6.00 (block=5, max 6)
[spec] tokens: 14 1119 11394 16 721 118599 14 1119 11394 16 721 118599
[spec] SPEC-DECODE: 29.0 ms/tok = 34.45 tok/s  (vs base M=1 70.5 ms/tok = 14.19 tok/s -> 2.43x)
[decode] PREFILL: 1049 positions in 16864.2 ms = 62.2 tok/s (16.076 ms/tok)
[capture] wrote /home/patrickd/s5-capture/agentic-p25-b0.1/c4/cap/shard_p355_s001049.dspc  1049 tok x (3 taps + 1 lm_in) x 4096 = 32.8 MB (32.0 KB/tok)
[probe] wrote 16 draft probes (block=5) to /home/patrickd/s5-capture/agentic-p25-b0.1/c4/cap/drafts_p355_s001049.txt
[spec] decoding 8 tokens (block=5, draft passes=1, adaptK=1.50, prompt=355 s=1050)...
  [margins] 18.41 6.07 12.18 8.62 8.14  K=6
  verify 1: accepted 5/5 (K=6) + correction -> +6 tokens (174.1 ms)  cpos=1055
  [margins] 15.39 18.27 14.44 14.44 15.83  K=6
  verify 2: accepted 5/5 (K=6) + correction -> +6 tokens (177.2 ms)  cpos=1061

[spec] generated 12 tokens over 2 verifies: mean tokens/verify = 6.00 (block=5, max 6)
[spec] tokens: 64 20 565 223 19 15116 23 565 223 19 11 982
[spec] SPEC-DECODE: 29.5 ms/tok = 33.87 tok/s  (vs base M=1 70.5 ms/tok = 14.19 tok/s -> 2.39x)
[decode] PREFILL: 1048 positions in 16826.3 ms = 62.3 tok/s (16.056 ms/tok)
[capture] wrote /home/patrickd/s5-capture/agentic-p25-b0.1/c4/cap/shard_p356_s001048.dspc  1048 tok x (3 taps + 1 lm_in) x 4096 = 32.8 MB (32.0 KB/tok)
[probe] wrote 16 draft probes (block=5) to /home/patrickd/s5-capture/agentic-p25-b0.1/c4/cap/drafts_p356_s001048.txt
[spec] decoding 8 tokens (block=5, draft passes=1, adaptK=1.50, prompt=356 s=1049)...
  [margins] 14.80 10.71 13.41 2.66 2.66  K=6
  verify 1: accepted 3/5 (K=6) + correction -> +4 tokens (171.5 ms)  cpos=1052
  [margins] 9.12 9.59 6.03 11.67 5.89  K=6
  verify 2: accepted 5/5 (K=6) + correction -> +6 tokens (172.0 ms)  cpos=1058

[spec] generated 10 tokens over 2 verifies: mean tokens/verify = 5.00 (block=5, max 6)
[spec] tokens: 513 121739 6700 57455 868 30995 305 59074 611 260
[spec] SPEC-DECODE: 28.7 ms/tok = 34.89 tok/s  (vs base M=1 70.5 ms/tok = 14.19 tok/s -> 2.46x)
[decode] PREFILL: 1222 positions in 19702.3 ms = 62.0 tok/s (16.123 ms/tok)
[capture] wrote /home/patrickd/s5-capture/agentic-p25-b0.1/c4/cap/shard_p357_s001222.dspc  1222 tok x (3 taps + 1 lm_in) x 4096 = 38.2 MB (32.0 KB/tok)
[probe] wrote 16 draft probes (block=5) to /home/patrickd/s5-capture/agentic-p25-b0.1/c4/cap/drafts_p357_s001222.txt
[spec] decoding 8 tokens (block=5, draft passes=1, adaptK=1.50, prompt=357 s=1223)...
  [margins] 15.53 9.33 14.46 16.76 9.38  K=6
  verify 1: accepted 5/5 (K=6) + correction -> +6 tokens (176.8 ms)  cpos=1228
  [margins] 15.55 19.00 9.56 9.60 14.28  K=6
  verify 2: accepted 5/5 (K=6) + correction -> +6 tokens (165.1 ms)  cpos=1234

[spec] generated 12 tokens over 2 verifies: mean tokens/verify = 6.00 (block=5, max 6)
[spec] tokens: 1387 16 4617 272 1387 16 4617 272 1387 16 4617 272
[spec] SPEC-DECODE: 27.5 ms/tok = 36.34 tok/s  (vs base M=1 70.5 ms/tok = 14.19 tok/s -> 2.56x)
[decode] PREFILL: 1062 positions in 17069.8 ms = 62.2 tok/s (16.073 ms/tok)
[capture] wrote /home/patrickd/s5-capture/agentic-p25-b0.1/c4/cap/shard_p358_s001062.dspc  1062 tok x (3 taps + 1 lm_in) x 4096 = 33.2 MB (32.0 KB/tok)
[probe] wrote 16 draft probes (block=5) to /home/patrickd/s5-capture/agentic-p25-b0.1/c4/cap/drafts_p358_s001062.txt
[spec] decoding 8 tokens (block=5, draft passes=1, adaptK=1.50, prompt=358 s=1063)...
  [margins] 17.59 18.78 12.30 8.86 10.38  K=6
  verify 1: accepted 5/5 (K=6) + correction -> +6 tokens (180.2 ms)  cpos=1068
  [margins] 20.10 14.07 12.65 8.93 3.24  K=6
  verify 2: accepted 4/5 (K=6) + correction -> +5 tokens (167.3 ms)  cpos=1073

[spec] generated 11 tokens over 2 verifies: mean tokens/verify = 5.50 (block=5, max 6)
[spec] tokens: 260 13607 832 342 588 8233 440 16 4580 271 671
[spec] SPEC-DECODE: 33.5 ms/tok = 29.89 tok/s  (vs base M=1 70.5 ms/tok = 14.19 tok/s -> 2.11x)
[decode] PREFILL: 1054 positions in 16931.4 ms = 62.3 tok/s (16.064 ms/tok)
[capture] wrote /home/patrickd/s5-capture/agentic-p25-b0.1/c4/cap/shard_p359_s001054.dspc  1054 tok x (3 taps + 1 lm_in) x 4096 = 32.9 MB (32.0 KB/tok)
[probe] wrote 16 draft probes (block=5) to /home/patrickd/s5-capture/agentic-p25-b0.1/c4/cap/drafts_p359_s001054.txt
[spec] decoding 8 tokens (block=5, draft passes=1, adaptK=1.50, prompt=359 s=1055)...
  [margins] 1.24 4.37 8.47 0.50 3.22  K=4
  verify 1: accepted 0/3 (K=4) + correction -> +1 tokens (138.6 ms)  cpos=1055
  [margins] 0.64 4.55 9.53 0.66 0.65  K=4
  verify 2: accepted 3/3 (K=4) + correction -> +4 tokens (134.0 ms)  cpos=1059
  [margins] 9.14 15.98 0.70 5.92 18.28  K=3
  verify 3: accepted 2/2 (K=3) + correction -> +3 tokens (120.5 ms)  cpos=1062

[spec] generated 8 tokens over 3 verifies: mean tokens/verify = 2.67 (block=5, max 6)
[spec] tokens: 499 490 2396 26421 5903 13934 866 16982
[spec] SPEC-DECODE: 36.4 ms/tok = 27.50 tok/s  (vs base M=1 70.5 ms/tok = 14.19 tok/s -> 1.94x)
[decode] PREFILL: 1242 positions in 20026.5 ms = 62.0 tok/s (16.124 ms/tok)
[capture] wrote /home/patrickd/s5-capture/agentic-p25-b0.1/c4/cap/shard_p360_s001242.dspc  1242 tok x (3 taps + 1 lm_in) x 4096 = 38.8 MB (32.0 KB/tok)
[probe] wrote 16 draft probes (block=5) to /home/patrickd/s5-capture/agentic-p25-b0.1/c4/cap/drafts_p360_s001242.txt
[spec] decoding 8 tokens (block=5, draft passes=1, adaptK=1.50, prompt=360 s=1243)...
  [margins] 12.32 10.78 11.04 9.08 4.23  K=6
  verify 1: accepted 5/5 (K=6) + correction -> +6 tokens (178.5 ms)  cpos=1248
  [margins] 13.47 14.38 10.42 8.30 5.21  K=6
  verify 2: accepted 5/5 (K=6) + correction -> +6 tokens (166.2 ms)  cpos=1254

[spec] generated 12 tokens over 2 verifies: mean tokens/verify = 6.00 (block=5, max 6)
[spec] tokens: 88 1827 3749 11 88 1827 3749 11 88 1827 3749 11
[spec] SPEC-DECODE: 27.7 ms/tok = 36.10 tok/s  (vs base M=1 70.5 ms/tok = 14.19 tok/s -> 2.54x)
[decode] PREFILL: 1164 positions in 18753.1 ms = 62.1 tok/s (16.111 ms/tok)
[capture] wrote /home/patrickd/s5-capture/agentic-p25-b0.1/c4/cap/shard_p361_s001164.dspc  1164 tok x (3 taps + 1 lm_in) x 4096 = 36.4 MB (32.0 KB/tok)
[probe] wrote 16 draft probes (block=5) to /home/patrickd/s5-capture/agentic-p25-b0.1/c4/cap/drafts_p361_s001164.txt
[spec] decoding 8 tokens (block=5, draft passes=1, adaptK=1.50, prompt=361 s=1165)...
  [margins] 0.46 0.24 1.66 0.16 0.12  K=2
  verify 1: accepted 0/1 (K=2) + correction -> +1 tokens (114.1 ms)  cpos=1165
  [margins] 1.13 0.31 0.35 0.48 6.01  K=2
  verify 2: accepted 0/1 (K=2) + correction -> +1 tokens (107.9 ms)  cpos=1166
  [margins] 4.53 10.51 1.65 8.27 0.53  K=5
  verify 3: accepted 0/4 (K=5) + correction -> +1 tokens (153.8 ms)  cpos=1167
  [margins] 7.12 13.36 8.19 13.66 4.43  K=6
  verify 4: accepted 5/5 (K=6) + correction -> +6 tokens (177.4 ms)  cpos=1173

[spec] generated 9 tokens over 4 verifies: mean tokens/verify = 2.25 (block=5, max 6)
[spec] tokens: 339 7853 270 1737 14 85367 276 125099 769
[spec] SPEC-DECODE: 54.9 ms/tok = 18.22 tok/s  (vs base M=1 70.5 ms/tok = 14.19 tok/s -> 1.28x)
[decode] PREFILL: 1070 positions in 17177.1 ms = 62.3 tok/s (16.053 ms/tok)
[capture] wrote /home/patrickd/s5-capture/agentic-p25-b0.1/c4/cap/shard_p362_s001070.dspc  1070 tok x (3 taps + 1 lm_in) x 4096 = 33.4 MB (32.0 KB/tok)
[probe] wrote 16 draft probes (block=5) to /home/patrickd/s5-capture/agentic-p25-b0.1/c4/cap/drafts_p362_s001070.txt
[spec] decoding 8 tokens (block=5, draft passes=1, adaptK=1.50, prompt=362 s=1071)...
  [margins] 19.83 10.88 12.94 14.39 10.11  K=6
  verify 1: accepted 5/5 (K=6) + correction -> +6 tokens (173.1 ms)  cpos=1076
  [margins] 21.17 10.33 12.77 14.52 9.80  K=6
  verify 2: accepted 5/5 (K=6) + correction -> +6 tokens (164.4 ms)  cpos=1082

[spec] generated 12 tokens over 2 verifies: mean tokens/verify = 6.00 (block=5, max 6)
[spec] tokens: 31310 16 403 31310 16 403 31310 16 403 31310 16 403
[spec] SPEC-DECODE: 27.4 ms/tok = 36.49 tok/s  (vs base M=1 70.5 ms/tok = 14.19 tok/s -> 2.57x)
[decode] PREFILL: 1081 positions in 17377.3 ms = 62.2 tok/s (16.075 ms/tok)
[capture] wrote /home/patrickd/s5-capture/agentic-p25-b0.1/c4/cap/shard_p363_s001081.dspc  1081 tok x (3 taps + 1 lm_in) x 4096 = 33.8 MB (32.0 KB/tok)
[probe] wrote 16 draft probes (block=5) to /home/patrickd/s5-capture/agentic-p25-b0.1/c4/cap/drafts_p363_s001081.txt
[spec] decoding 8 tokens (block=5, draft passes=1, adaptK=1.50, prompt=363 s=1082)...
  [margins] 5.12 4.20 5.72 2.99 0.23  K=5
  verify 1: accepted 3/4 (K=5) + correction -> +4 tokens (156.3 ms)  cpos=1085
  [margins] 15.55 14.53 11.21 7.24 2.11  K=6
  verify 2: accepted 4/5 (K=6) + correction -> +5 tokens (169.2 ms)  cpos=1090

[spec] generated 9 tokens over 2 verifies: mean tokens/verify = 4.50 (block=5, max 6)
[spec] tokens: 16 2052 440 611 1117 4218 469 1309 3780
[spec] SPEC-DECODE: 33.8 ms/tok = 29.54 tok/s  (vs base M=1 70.5 ms/tok = 14.19 tok/s -> 2.08x)
[decode] PREFILL: 1086 positions in 17676.8 ms = 61.4 tok/s (16.277 ms/tok)
[capture] wrote /home/patrickd/s5-capture/agentic-p25-b0.1/c4/cap/shard_p364_s001086.dspc  1086 tok x (3 taps + 1 lm_in) x 4096 = 33.9 MB (32.0 KB/tok)
[probe] wrote 16 draft probes (block=5) to /home/patrickd/s5-capture/agentic-p25-b0.1/c4/cap/drafts_p364_s001086.txt
[spec] decoding 8 tokens (block=5, draft passes=1, adaptK=1.50, prompt=364 s=1087)...
  [margins] 24.95 8.82 9.53 12.22 13.29  K=6
  verify 1: accepted 5/5 (K=6) + correction -> +6 tokens (176.8 ms)  cpos=1092
  [margins] 10.20 10.13 13.01 13.28 19.62  K=6
  verify 2: accepted 5/5 (K=6) + correction -> +6 tokens (165.1 ms)  cpos=1098

[spec] generated 12 tokens over 2 verifies: mean tokens/verify = 6.00 (block=5, max 6)
[spec] tokens: 1836 16 30750 16 17125 1836 16 30750 16 17125 1836 16
[spec] SPEC-DECODE: 27.5 ms/tok = 36.34 tok/s  (vs base M=1 70.5 ms/tok = 14.19 tok/s -> 2.56x)
[decode] PREFILL: 1572 positions in 25588.9 ms = 61.4 tok/s (16.278 ms/tok)
[capture] wrote /home/patrickd/s5-capture/agentic-p25-b0.1/c4/cap/shard_p365_s001572.dspc  1572 tok x (3 taps + 1 lm_in) x 4096 = 49.1 MB (32.0 KB/tok)
[probe] wrote 16 draft probes (block=5) to /home/patrickd/s5-capture/agentic-p25-b0.1/c4/cap/drafts_p365_s001572.txt
[spec] decoding 8 tokens (block=5, draft passes=1, adaptK=1.50, prompt=365 s=1573)...
  [margins] 0.17 1.97 9.15 4.29 7.84  K=6
  verify 1: accepted 0/5 (K=6) + correction -> +1 tokens (179.8 ms)  cpos=1573
  [margins] 13.08 9.93 11.85 7.55 11.49  K=6
  verify 2: accepted 5/5 (K=6) + correction -> +6 tokens (171.3 ms)  cpos=1579
  [margins] 15.03 17.69 10.58 13.51 2.18  K=6
  verify 3: accepted 5/5 (K=6) + correction -> +6 tokens (178.4 ms)  cpos=1585

[spec] generated 13 tokens over 3 verifies: mean tokens/verify = 4.33 (block=5, max 6)
[spec] tokens: 61530 16 455 14108 1918 554 6731 1117 915 4815 294 12486 1331
[spec] SPEC-DECODE: 29.1 ms/tok = 34.31 tok/s  (vs base M=1 70.5 ms/tok = 14.19 tok/s -> 2.42x)
[decode] PREFILL: 1118 positions in 17971.7 ms = 62.2 tok/s (16.075 ms/tok)
[capture] wrote /home/patrickd/s5-capture/agentic-p25-b0.1/c4/cap/shard_p366_s001118.dspc  1118 tok x (3 taps + 1 lm_in) x 4096 = 34.9 MB (32.0 KB/tok)
[probe] wrote 16 draft probes (block=5) to /home/patrickd/s5-capture/agentic-p25-b0.1/c4/cap/drafts_p366_s001118.txt
[spec] decoding 8 tokens (block=5, draft passes=1, adaptK=1.50, prompt=366 s=1119)...
  [margins] 11.08 8.63 11.51 14.53 13.43  K=6
  verify 1: accepted 5/5 (K=6) + correction -> +6 tokens (181.0 ms)  cpos=1124
  [margins] 1.22 6.45 5.31 3.07 0.08  K=5
  verify 2: accepted 0/4 (K=5) + correction -> +1 tokens (153.0 ms)  cpos=1125
  [margins] 8.12 8.39 11.32 12.36 12.81  K=6
  verify 3: accepted 5/5 (K=6) + correction -> +6 tokens (172.5 ms)  cpos=1131

[spec] generated 13 tokens over 3 verifies: mean tokens/verify = 4.33 (block=5, max 6)
[spec] tokens: 6140 14 1438 2501 436 16 9649 11689 14 1438 2501 436 16
[spec] SPEC-DECODE: 46.5 ms/tok = 21.50 tok/s  (vs base M=1 70.5 ms/tok = 14.19 tok/s -> 1.52x)
[decode] PREFILL: 1057 positions in 16993.1 ms = 62.2 tok/s (16.077 ms/tok)
[capture] wrote /home/patrickd/s5-capture/agentic-p25-b0.1/c4/cap/shard_p367_s001057.dspc  1057 tok x (3 taps + 1 lm_in) x 4096 = 33.0 MB (32.0 KB/tok)
[probe] wrote 16 draft probes (block=5) to /home/patrickd/s5-capture/agentic-p25-b0.1/c4/cap/drafts_p367_s001057.txt
[spec] decoding 8 tokens (block=5, draft passes=1, adaptK=1.50, prompt=367 s=1058)...
  [margins] 13.53 9.86 11.56 5.74 7.12  K=6
  verify 1: accepted 3/5 (K=6) + correction -> +4 tokens (169.7 ms)  cpos=1061
  [margins] 14.29 11.15 12.14 6.70 6.84  K=6
  verify 2: accepted 3/5 (K=6) + correction -> +4 tokens (163.2 ms)  cpos=1065

[spec] generated 8 tokens over 2 verifies: mean tokens/verify = 4.00 (block=5, max 6)
[spec] tokens: 3749 11 3749 11 3749 11 3749 11
[spec] SPEC-DECODE: 40.8 ms/tok = 24.51 tok/s  (vs base M=1 70.5 ms/tok = 14.19 tok/s -> 1.73x)
[decode] PREFILL: 1051 positions in 16880.8 ms = 62.3 tok/s (16.062 ms/tok)
[capture] wrote /home/patrickd/s5-capture/agentic-p25-b0.1/c4/cap/shard_p368_s001051.dspc  1051 tok x (3 taps + 1 lm_in) x 4096 = 32.8 MB (32.0 KB/tok)
[probe] wrote 16 draft probes (block=5) to /home/patrickd/s5-capture/agentic-p25-b0.1/c4/cap/drafts_p368_s001051.txt
[spec] decoding 8 tokens (block=5, draft passes=1, adaptK=1.50, prompt=368 s=1052)...
  [margins] 11.47 16.26 12.57 13.19 10.95  K=6
  verify 1: accepted 5/5 (K=6) + correction -> +6 tokens (179.7 ms)  cpos=1057
  [margins] 13.13 15.77 6.36 8.36 11.40  K=6
  verify 2: accepted 5/5 (K=6) + correction -> +6 tokens (173.8 ms)  cpos=1063

[spec] generated 12 tokens over 2 verifies: mean tokens/verify = 6.00 (block=5, max 6)
[spec] tokens: 786 1257 305 1353 35514 15168 36350 295 270 223 1357 18
[spec] SPEC-DECODE: 29.0 ms/tok = 34.52 tok/s  (vs base M=1 70.5 ms/tok = 14.19 tok/s -> 2.43x)
[decode] PREFILL: 1049 positions in 16842.8 ms = 62.3 tok/s (16.056 ms/tok)
[capture] wrote /home/patrickd/s5-capture/agentic-p25-b0.1/c4/cap/shard_p369_s001049.dspc  1049 tok x (3 taps + 1 lm_in) x 4096 = 32.8 MB (32.0 KB/tok)
[probe] wrote 16 draft probes (block=5) to /home/patrickd/s5-capture/agentic-p25-b0.1/c4/cap/drafts_p369_s001049.txt
[spec] decoding 8 tokens (block=5, draft passes=1, adaptK=1.50, prompt=369 s=1050)...
  [margins] 15.71 18.68 14.63 13.84 9.74  K=6
  verify 1: accepted 5/5 (K=6) + correction -> +6 tokens (172.1 ms)  cpos=1055
  [margins] 15.97 15.18 15.97 13.32 10.24  K=6
  verify 2: accepted 5/5 (K=6) + correction -> +6 tokens (172.8 ms)  cpos=1061

[spec] generated 12 tokens over 2 verifies: mean tokens/verify = 6.00 (block=5, max 6)
[spec] tokens: 56 27 46 318 877 50 36521 56 27 46 318 877
[spec] SPEC-DECODE: 28.8 ms/tok = 34.73 tok/s  (vs base M=1 70.5 ms/tok = 14.19 tok/s -> 2.45x)
[decode] PREFILL: 1050 positions in 16853.7 ms = 62.3 tok/s (16.051 ms/tok)
[capture] wrote /home/patrickd/s5-capture/agentic-p25-b0.1/c4/cap/shard_p370_s001050.dspc  1050 tok x (3 taps + 1 lm_in) x 4096 = 32.8 MB (32.0 KB/tok)
[probe] wrote 16 draft probes (block=5) to /home/patrickd/s5-capture/agentic-p25-b0.1/c4/cap/drafts_p370_s001050.txt
[spec] decoding 8 tokens (block=5, draft passes=1, adaptK=1.50, prompt=370 s=1051)...
  [margins] 11.73 14.96 12.05 13.33 15.44  K=6
  verify 1: accepted 5/5 (K=6) + correction -> +6 tokens (182.6 ms)  cpos=1056
  [margins] 17.02 15.87 14.32 10.74 12.94  K=6
  verify 2: accepted 5/5 (K=6) + correction -> +6 tokens (172.2 ms)  cpos=1062

[spec] generated 12 tokens over 2 verifies: mean tokens/verify = 6.00 (block=5, max 6)
[spec] tokens: 362 11424 295 1691 79567 666 20550 2605 3452 7004 688 7164
[spec] SPEC-DECODE: 28.7 ms/tok = 34.84 tok/s  (vs base M=1 70.5 ms/tok = 14.19 tok/s -> 2.46x)
[decode] PREFILL: 1073 positions in 17261.0 ms = 62.2 tok/s (16.087 ms/tok)
[capture] wrote /home/patrickd/s5-capture/agentic-p25-b0.1/c4/cap/shard_p371_s001073.dspc  1073 tok x (3 taps + 1 lm_in) x 4096 = 33.5 MB (32.0 KB/tok)
[probe] wrote 16 draft probes (block=5) to /home/patrickd/s5-capture/agentic-p25-b0.1/c4/cap/drafts_p371_s001073.txt
[spec] decoding 8 tokens (block=5, draft passes=1, adaptK=1.50, prompt=371 s=1074)...
  [margins] 7.69 3.41 2.62 7.66 0.83  K=5
  verify 1: accepted 4/4 (K=5) + correction -> +5 tokens (152.3 ms)  cpos=1078
  [margins] 11.32 12.08 0.56 5.45 0.79  K=3
  verify 2: accepted 2/2 (K=3) + correction -> +3 tokens (122.1 ms)  cpos=1081

[spec] generated 8 tokens over 2 verifies: mean tokens/verify = 4.00 (block=5, max 6)
[spec] tokens: 37637 438 223 20 82380 940 8411 868
[spec] SPEC-DECODE: 40.7 ms/tok = 24.58 tok/s  (vs base M=1 70.5 ms/tok = 14.19 tok/s -> 1.73x)
[decode] PREFILL: 1255 positions in 20240.3 ms = 62.0 tok/s (16.128 ms/tok)
[capture] wrote /home/patrickd/s5-capture/agentic-p25-b0.1/c4/cap/shard_p372_s001255.dspc  1255 tok x (3 taps + 1 lm_in) x 4096 = 39.2 MB (32.0 KB/tok)
[probe] wrote 16 draft probes (block=5) to /home/patrickd/s5-capture/agentic-p25-b0.1/c4/cap/drafts_p372_s001255.txt
[spec] decoding 8 tokens (block=5, draft passes=1, adaptK=1.50, prompt=372 s=1256)...
  [margins] 16.94 7.71 12.45 14.90 8.65  K=6
  verify 1: accepted 5/5 (K=6) + correction -> +6 tokens (177.1 ms)  cpos=1261
  [margins] 17.58 7.82 12.40 14.65 8.39  K=6
  verify 2: accepted 5/5 (K=6) + correction -> +6 tokens (167.9 ms)  cpos=1267

[spec] generated 12 tokens over 2 verifies: mean tokens/verify = 6.00 (block=5, max 6)
[spec] tokens: 13168 16 4617 13168 16 4617 13168 16 4617 13168 16 4617
[spec] SPEC-DECODE: 28.0 ms/tok = 35.73 tok/s  (vs base M=1 70.5 ms/tok = 14.19 tok/s -> 2.52x)
[decode] PREFILL: 1061 positions in 17066.8 ms = 62.2 tok/s (16.086 ms/tok)
[capture] wrote /home/patrickd/s5-capture/agentic-p25-b0.1/c4/cap/shard_p373_s001061.dspc  1061 tok x (3 taps + 1 lm_in) x 4096 = 33.2 MB (32.0 KB/tok)
[probe] wrote 16 draft probes (block=5) to /home/patrickd/s5-capture/agentic-p25-b0.1/c4/cap/drafts_p373_s001061.txt
[spec] decoding 8 tokens (block=5, draft passes=1, adaptK=1.50, prompt=373 s=1062)...
  [margins] 6.28 3.06 2.24 1.35 5.40  K=4
  verify 1: accepted 3/3 (K=4) + correction -> +4 tokens (141.7 ms)  cpos=1065
  [margins] 1.24 8.23 9.66 7.61 6.02  K=6
  verify 2: accepted 5/5 (K=6) + correction -> +6 tokens (172.2 ms)  cpos=1071

[spec] generated 10 tokens over 2 verifies: mean tokens/verify = 5.00 (block=5, max 6)
[spec] tokens: 344 979 666 42639 11490 3608 33210 58340 15810 1751
[spec] SPEC-DECODE: 28.7 ms/tok = 34.84 tok/s  (vs base M=1 70.5 ms/tok = 14.19 tok/s -> 2.46x)
[decode] PREFILL: 1165 positions in 18769.6 ms = 62.1 tok/s (16.111 ms/tok)
[capture] wrote /home/patrickd/s5-capture/agentic-p25-b0.1/c4/cap/shard_p374_s001165.dspc  1165 tok x (3 taps + 1 lm_in) x 4096 = 36.4 MB (32.0 KB/tok)
[probe] wrote 16 draft probes (block=5) to /home/patrickd/s5-capture/agentic-p25-b0.1/c4/cap/drafts_p374_s001165.txt
[spec] decoding 8 tokens (block=5, draft passes=1, adaptK=1.50, prompt=374 s=1166)...
  [margins] 19.64 6.95 13.18 12.25 10.81  K=6
  verify 1: accepted 5/5 (K=6) + correction -> +6 tokens (174.4 ms)  cpos=1171
  [margins] 14.84 16.89 16.83 19.73 19.35  K=6
  verify 2: accepted 5/5 (K=6) + correction -> +6 tokens (175.4 ms)  cpos=1177

[spec] generated 12 tokens over 2 verifies: mean tokens/verify = 6.00 (block=5, max 6)
[spec] tokens: 371 16 6000 22138 16 1089 4001 61994 8146 15708 371 16
[spec] SPEC-DECODE: 29.2 ms/tok = 34.21 tok/s  (vs base M=1 70.5 ms/tok = 14.19 tok/s -> 2.41x)
[decode] PREFILL: 1135 positions in 18259.2 ms = 62.2 tok/s (16.087 ms/tok)
[capture] wrote /home/patrickd/s5-capture/agentic-p25-b0.1/c4/cap/shard_p375_s001135.dspc  1135 tok x (3 taps + 1 lm_in) x 4096 = 35.5 MB (32.0 KB/tok)
[probe] wrote 16 draft probes (block=5) to /home/patrickd/s5-capture/agentic-p25-b0.1/c4/cap/drafts_p375_s001135.txt
[spec] decoding 8 tokens (block=5, draft passes=1, adaptK=1.50, prompt=375 s=1136)...
  [margins] 19.95 9.21 14.93 15.95 9.02  K=6
  verify 1: accepted 5/5 (K=6) + correction -> +6 tokens (173.9 ms)  cpos=1141
  [margins] 22.36 10.33 15.14 16.77 10.04  K=6
  verify 2: accepted 5/5 (K=6) + correction -> +6 tokens (163.5 ms)  cpos=1147

[spec] generated 12 tokens over 2 verifies: mean tokens/verify = 6.00 (block=5, max 6)
[spec] tokens: 15643 16 4493 15643 16 4493 15643 16 4493 15643 16 4493
[spec] SPEC-DECODE: 27.3 ms/tok = 36.69 tok/s  (vs base M=1 70.5 ms/tok = 14.19 tok/s -> 2.59x)
[decode] PREFILL: 1149 positions in 18476.3 ms = 62.2 tok/s (16.080 ms/tok)
[capture] wrote /home/patrickd/s5-capture/agentic-p25-b0.1/c4/cap/shard_p376_s001149.dspc  1149 tok x (3 taps + 1 lm_in) x 4096 = 35.9 MB (32.0 KB/tok)
[probe] wrote 16 draft probes (block=5) to /home/patrickd/s5-capture/agentic-p25-b0.1/c4/cap/drafts_p376_s001149.txt
[spec] decoding 8 tokens (block=5, draft passes=1, adaptK=1.50, prompt=376 s=1150)...
  [margins] 15.15 7.88 7.35 10.75 11.01  K=6
  verify 1: accepted 5/5 (K=6) + correction -> +6 tokens (189.9 ms)  cpos=1155
  [margins] 6.65 15.71 10.73 9.48 3.56  K=6
  verify 2: accepted 5/5 (K=6) + correction -> +6 tokens (172.5 ms)  cpos=1161

[spec] generated 12 tokens over 2 verifies: mean tokens/verify = 6.00 (block=5, max 6)
[spec] tokens: 15255 396 5260 260 37481 7006 979 9854 36490 201 1897 7704
[spec] SPEC-DECODE: 28.8 ms/tok = 34.78 tok/s  (vs base M=1 70.5 ms/tok = 14.19 tok/s -> 2.45x)
[decode] PREFILL: 1598 positions in 26024.9 ms = 61.4 tok/s (16.286 ms/tok)
[capture] wrote /home/patrickd/s5-capture/agentic-p25-b0.1/c4/cap/shard_p377_s001598.dspc  1598 tok x (3 taps + 1 lm_in) x 4096 = 49.9 MB (32.0 KB/tok)
[probe] wrote 16 draft probes (block=5) to /home/patrickd/s5-capture/agentic-p25-b0.1/c4/cap/drafts_p377_s001598.txt
[spec] decoding 8 tokens (block=5, draft passes=1, adaptK=1.50, prompt=377 s=1599)...
  [margins] 15.93 14.33 13.20 6.90 0.91  K=5
  verify 1: accepted 4/4 (K=5) + correction -> +5 tokens (161.8 ms)  cpos=1603
  [margins] 20.03 13.87 7.92 1.79 2.12  K=6
  verify 2: accepted 5/5 (K=6) + correction -> +6 tokens (183.6 ms)  cpos=1609

[spec] generated 11 tokens over 2 verifies: mean tokens/verify = 5.50 (block=5, max 6)
[spec] tokens: 1688 4815 294 28521 396 477 3672 3459 412 61332 41541
[spec] SPEC-DECODE: 30.6 ms/tok = 32.68 tok/s  (vs base M=1 70.5 ms/tok = 14.19 tok/s -> 2.30x)
[decode] PREFILL: 1121 positions in 18042.1 ms = 62.1 tok/s (16.095 ms/tok)
[capture] wrote /home/patrickd/s5-capture/agentic-p25-b0.1/c4/cap/shard_p378_s001121.dspc  1121 tok x (3 taps + 1 lm_in) x 4096 = 35.0 MB (32.0 KB/tok)
[probe] wrote 16 draft probes (block=5) to /home/patrickd/s5-capture/agentic-p25-b0.1/c4/cap/drafts_p378_s001121.txt
[spec] decoding 8 tokens (block=5, draft passes=1, adaptK=1.50, prompt=378 s=1122)...
  [margins] 13.97 10.85 14.36 13.99 10.97  K=6
  verify 1: accepted 5/5 (K=6) + correction -> +6 tokens (169.0 ms)  cpos=1127
  [margins] 15.11 12.08 15.07 10.30 13.28  K=6
  verify 2: accepted 5/5 (K=6) + correction -> +6 tokens (170.1 ms)  cpos=1133

[spec] generated 12 tokens over 2 verifies: mean tokens/verify = 6.00 (block=5, max 6)
[spec] tokens: 479 16 4617 272 479 16 4617 272 479 16 4617 272
[spec] SPEC-DECODE: 28.4 ms/tok = 35.26 tok/s  (vs base M=1 70.5 ms/tok = 14.19 tok/s -> 2.49x)
[decode] PREFILL: 1105 positions in 17784.3 ms = 62.1 tok/s (16.094 ms/tok)
[capture] wrote /home/patrickd/s5-capture/agentic-p25-b0.1/c4/cap/shard_p379_s001105.dspc  1105 tok x (3 taps + 1 lm_in) x 4096 = 34.5 MB (32.0 KB/tok)
[probe] wrote 16 draft probes (block=5) to /home/patrickd/s5-capture/agentic-p25-b0.1/c4/cap/drafts_p379_s001105.txt
[spec] decoding 8 tokens (block=5, draft passes=1, adaptK=1.50, prompt=379 s=1106)...
  [margins] 11.00 1.24 2.40 9.30 10.28  K=2
  verify 1: accepted 1/1 (K=2) + correction -> +2 tokens (110.0 ms)  cpos=1107
  [margins] 7.48 9.26 8.84 0.61 3.38  K=4
  verify 2: accepted 3/3 (K=4) + correction -> +4 tokens (136.9 ms)  cpos=1111
  [margins] 7.49 3.27 8.10 0.96 0.96  K=4
  verify 3: accepted 3/3 (K=4) + correction -> +4 tokens (135.8 ms)  cpos=1115

[spec] generated 10 tokens over 3 verifies: mean tokens/verify = 3.33 (block=5, max 6)
[spec] tokens: 769 411 3078 294 223 4610 5080 5669 305 260
[spec] SPEC-DECODE: 34.1 ms/tok = 29.34 tok/s  (vs base M=1 70.5 ms/tok = 14.19 tok/s -> 2.07x)
[decode] PREFILL: 1099 positions in 17669.2 ms = 62.2 tok/s (16.077 ms/tok)
[capture] wrote /home/patrickd/s5-capture/agentic-p25-b0.1/c4/cap/shard_p380_s001099.dspc  1099 tok x (3 taps + 1 lm_in) x 4096 = 34.3 MB (32.0 KB/tok)
[probe] wrote 16 draft probes (block=5) to /home/patrickd/s5-capture/agentic-p25-b0.1/c4/cap/drafts_p380_s001099.txt
[spec] decoding 8 tokens (block=5, draft passes=1, adaptK=1.50, prompt=380 s=1100)...
  [margins] 8.99 13.10 9.35 13.57 5.30  K=6
  verify 1: accepted 5/5 (K=6) + correction -> +6 tokens (180.7 ms)  cpos=1105
  [margins] 17.64 19.11 13.02 12.10 14.59  K=6
  verify 2: accepted 5/5 (K=6) + correction -> +6 tokens (169.9 ms)  cpos=1111

[spec] generated 12 tokens over 2 verifies: mean tokens/verify = 6.00 (block=5, max 6)
[spec] tokens: 455 3967 734 5118 344 362 9251 27052 14 778 344 5854
[spec] SPEC-DECODE: 28.3 ms/tok = 35.32 tok/s  (vs base M=1 70.5 ms/tok = 14.19 tok/s -> 2.49x)
[decode] PREFILL: 2120 positions in 35060.6 ms = 60.5 tok/s (16.538 ms/tok)
[capture] wrote /home/patrickd/s5-capture/agentic-p25-b0.1/c4/cap/shard_p381_s002120.dspc  2120 tok x (3 taps + 1 lm_in) x 4096 = 66.3 MB (32.0 KB/tok)
[probe] wrote 16 draft probes (block=5) to /home/patrickd/s5-capture/agentic-p25-b0.1/c4/cap/drafts_p381_s002120.txt
[spec] decoding 8 tokens (block=5, draft passes=1, adaptK=1.50, prompt=381 s=2121)...
  [margins] 14.79 9.75 15.25 11.74 10.73  K=6
  verify 1: accepted 5/5 (K=6) + correction -> +6 tokens (180.6 ms)  cpos=2126
  [margins] 15.44 9.42 15.21 12.35 10.59  K=6
  verify 2: accepted 5/5 (K=6) + correction -> +6 tokens (174.7 ms)  cpos=2132

[spec] generated 12 tokens over 2 verifies: mean tokens/verify = 6.00 (block=5, max 6)
[spec] tokens: 14482 16 4100 14482 16 4100 14482 16 4100 14482 16 4100
[spec] SPEC-DECODE: 29.1 ms/tok = 34.35 tok/s  (vs base M=1 70.5 ms/tok = 14.19 tok/s -> 2.42x)
[decode] PREFILL: 1367 positions in 22118.6 ms = 61.8 tok/s (16.180 ms/tok)
[capture] wrote /home/patrickd/s5-capture/agentic-p25-b0.1/c4/cap/shard_p382_s001367.dspc  1367 tok x (3 taps + 1 lm_in) x 4096 = 42.7 MB (32.0 KB/tok)
[probe] wrote 16 draft probes (block=5) to /home/patrickd/s5-capture/agentic-p25-b0.1/c4/cap/drafts_p382_s001367.txt
[spec] decoding 8 tokens (block=5, draft passes=1, adaptK=1.50, prompt=382 s=1368)...
  [margins] 11.34 5.72 7.81 5.73 9.01  K=6
  verify 1: accepted 5/5 (K=6) + correction -> +6 tokens (174.8 ms)  cpos=1373
  [margins] 11.85 5.58 7.94 5.67 6.67  K=6
  verify 2: accepted 5/5 (K=6) + correction -> +6 tokens (164.1 ms)  cpos=1379

[spec] generated 12 tokens over 2 verifies: mean tokens/verify = 6.00 (block=5, max 6)
[spec] tokens: 271 18 271 18 271 18 271 18 271 18 271 18
[spec] SPEC-DECODE: 27.4 ms/tok = 36.56 tok/s  (vs base M=1 70.5 ms/tok = 14.19 tok/s -> 2.58x)
[decode] PREFILL: 1077 positions in 17323.3 ms = 62.2 tok/s (16.085 ms/tok)
[capture] wrote /home/patrickd/s5-capture/agentic-p25-b0.1/c4/cap/shard_p383_s001077.dspc  1077 tok x (3 taps + 1 lm_in) x 4096 = 33.7 MB (32.0 KB/tok)
[probe] wrote 16 draft probes (block=5) to /home/patrickd/s5-capture/agentic-p25-b0.1/c4/cap/drafts_p383_s001077.txt
[spec] decoding 8 tokens (block=5, draft passes=1, adaptK=1.50, prompt=383 s=1078)...
  [margins] 10.35 11.81 10.69 11.14 12.37  K=6
  verify 1: accepted 5/5 (K=6) + correction -> +6 tokens (174.4 ms)  cpos=1083
  [margins] 14.31 12.43 12.62 13.40 9.54  K=6
  verify 2: accepted 5/5 (K=6) + correction -> +6 tokens (175.3 ms)  cpos=1089

[spec] generated 12 tokens over 2 verifies: mean tokens/verify = 6.00 (block=5, max 6)
[spec] tokens: 16 3749 455 14904 477 11181 16 3749 455 26639 344 28
[spec] SPEC-DECODE: 29.2 ms/tok = 34.22 tok/s  (vs base M=1 70.5 ms/tok = 14.19 tok/s -> 2.41x)
[decode] PREFILL: 1047 positions in 16817.7 ms = 62.3 tok/s (16.063 ms/tok)
[capture] wrote /home/patrickd/s5-capture/agentic-p25-b0.1/c4/cap/shard_p384_s001047.dspc  1047 tok x (3 taps + 1 lm_in) x 4096 = 32.7 MB (32.0 KB/tok)
[probe] wrote 16 draft probes (block=5) to /home/patrickd/s5-capture/agentic-p25-b0.1/c4/cap/drafts_p384_s001047.txt
[spec] decoding 8 tokens (block=5, draft passes=1, adaptK=1.50, prompt=384 s=1048)...
  [margins] 3.27 0.16 3.49 0.10 0.04  K=2
  verify 1: accepted 0/1 (K=2) + correction -> +1 tokens (113.0 ms)  cpos=1048
  [margins] 11.43 4.19 2.64 3.58 0.71  K=5
  verify 2: accepted 1/4 (K=5) + correction -> +2 tokens (148.5 ms)  cpos=1050
  [margins] 15.32 0.40 1.30 1.75 1.14  K=2
  verify 3: accepted 1/1 (K=2) + correction -> +2 tokens (109.7 ms)  cpos=1052
  [margins] 1.25 1.97 0.06 0.10 0.62  K=3
  verify 4: accepted 1/2 (K=3) + correction -> +2 tokens (115.9 ms)  cpos=1054
  [margins] 3.98 2.56 1.76 0.78 3.31  K=4
  verify 5: accepted 1/3 (K=4) + correction -> +2 tokens (131.1 ms)  cpos=1056

[spec] generated 9 tokens over 5 verifies: mean tokens/verify = 1.80 (block=5, max 6)
[spec] tokens: 6491 359 6547 560 53795 16 22178 16 16990
[spec] SPEC-DECODE: 63.2 ms/tok = 15.83 tok/s  (vs base M=1 70.5 ms/tok = 14.19 tok/s -> 1.12x)
[decode] PREFILL: 1153 positions in 18586.4 ms = 62.0 tok/s (16.120 ms/tok)
[capture] wrote /home/patrickd/s5-capture/agentic-p25-b0.1/c4/cap/shard_p385_s001153.dspc  1153 tok x (3 taps + 1 lm_in) x 4096 = 36.0 MB (32.0 KB/tok)
[probe] wrote 16 draft probes (block=5) to /home/patrickd/s5-capture/agentic-p25-b0.1/c4/cap/drafts_p385_s001153.txt
[spec] decoding 8 tokens (block=5, draft passes=1, adaptK=1.50, prompt=385 s=1154)...
  [margins] 10.01 8.56 6.00 9.30 19.99  K=6
  verify 1: accepted 5/5 (K=6) + correction -> +6 tokens (172.6 ms)  cpos=1159
  [margins] 10.91 14.18 8.86 7.77 6.91  K=6
  verify 2: accepted 5/5 (K=6) + correction -> +6 tokens (172.9 ms)  cpos=1165

[spec] generated 12 tokens over 2 verifies: mean tokens/verify = 6.00 (block=5, max 6)
[spec] tokens: 14 790 342 2090 1664 611 1117 5974 1951 304 3052 377
[spec] SPEC-DECODE: 28.8 ms/tok = 34.69 tok/s  (vs base M=1 70.5 ms/tok = 14.19 tok/s -> 2.45x)
[decode] PREFILL: 1541 positions in 25066.5 ms = 61.5 tok/s (16.266 ms/tok)
[capture] wrote /home/patrickd/s5-capture/agentic-p25-b0.1/c4/cap/shard_p386_s001541.dspc  1541 tok x (3 taps + 1 lm_in) x 4096 = 48.2 MB (32.0 KB/tok)
[probe] wrote 16 draft probes (block=5) to /home/patrickd/s5-capture/agentic-p25-b0.1/c4/cap/drafts_p386_s001541.txt
[spec] decoding 8 tokens (block=5, draft passes=1, adaptK=1.50, prompt=386 s=1542)...
  [margins] 15.36 15.81 15.90 2.89 9.71  K=6
  verify 1: accepted 3/5 (K=6) + correction -> +4 tokens (173.8 ms)  cpos=1545
  [margins] 15.67 16.59 15.22 3.35 9.56  K=6
  verify 2: accepted 3/5 (K=6) + correction -> +4 tokens (166.6 ms)  cpos=1549

[spec] generated 8 tokens over 2 verifies: mean tokens/verify = 4.00 (block=5, max 6)
[spec] tokens: 3749 11 3749 11 3749 11 3749 11
[spec] SPEC-DECODE: 41.7 ms/tok = 24.00 tok/s  (vs base M=1 70.5 ms/tok = 14.19 tok/s -> 1.69x)
[decode] PREFILL: 1086 positions in 17438.7 ms = 62.3 tok/s (16.058 ms/tok)
[capture] wrote /home/patrickd/s5-capture/agentic-p25-b0.1/c4/cap/shard_p387_s001086.dspc  1086 tok x (3 taps + 1 lm_in) x 4096 = 33.9 MB (32.0 KB/tok)
[probe] wrote 16 draft probes (block=5) to /home/patrickd/s5-capture/agentic-p25-b0.1/c4/cap/drafts_p387_s001086.txt
[spec] decoding 8 tokens (block=5, draft passes=1, adaptK=1.50, prompt=387 s=1087)...
  [margins] 19.58 9.98 10.45 11.63 10.03  K=6
  verify 1: accepted 5/5 (K=6) + correction -> +6 tokens (180.7 ms)  cpos=1092
  [margins] 8.46 11.87 11.79 10.61 10.53  K=6
  verify 2: accepted 5/5 (K=6) + correction -> +6 tokens (170.2 ms)  cpos=1098

[spec] generated 12 tokens over 2 verifies: mean tokens/verify = 6.00 (block=5, max 6)
[spec] tokens: 366 28179 5136 343 12888 28 455 3554 344 260 1950 294
[spec] SPEC-DECODE: 28.4 ms/tok = 35.25 tok/s  (vs base M=1 70.5 ms/tok = 14.19 tok/s -> 2.48x)
[decode] PREFILL: 1680 positions in 27421.3 ms = 61.3 tok/s (16.322 ms/tok)
[capture] wrote /home/patrickd/s5-capture/agentic-p25-b0.1/c4/cap/shard_p388_s001680.dspc  1680 tok x (3 taps + 1 lm_in) x 4096 = 52.5 MB (32.0 KB/tok)
[probe] wrote 16 draft probes (block=5) to /home/patrickd/s5-capture/agentic-p25-b0.1/c4/cap/drafts_p388_s001680.txt
[spec] decoding 8 tokens (block=5, draft passes=1, adaptK=1.50, prompt=388 s=1681)...
  [margins] 13.05 15.79 15.29 5.66 5.99  K=6
  verify 1: accepted 3/5 (K=6) + correction -> +4 tokens (174.3 ms)  cpos=1684
  [margins] 13.05 14.17 15.25 5.15 6.28  K=6
  verify 2: accepted 3/5 (K=6) + correction -> +4 tokens (167.9 ms)  cpos=1688

[spec] generated 8 tokens over 2 verifies: mean tokens/verify = 4.00 (block=5, max 6)
[spec] tokens: 3749 11 3749 11 3749 11 3749 11
[spec] SPEC-DECODE: 42.0 ms/tok = 23.83 tok/s  (vs base M=1 70.5 ms/tok = 14.19 tok/s -> 1.68x)
[decode] PREFILL: 2088 positions in 34512.8 ms = 60.5 tok/s (16.529 ms/tok)
[capture] wrote /home/patrickd/s5-capture/agentic-p25-b0.1/c4/cap/shard_p389_s002088.dspc  2088 tok x (3 taps + 1 lm_in) x 4096 = 65.3 MB (32.0 KB/tok)
[probe] wrote 16 draft probes (block=5) to /home/patrickd/s5-capture/agentic-p25-b0.1/c4/cap/drafts_p389_s002088.txt
[spec] decoding 8 tokens (block=5, draft passes=1, adaptK=1.50, prompt=389 s=2089)...
  [margins] 18.50 13.40 10.80 6.20 5.23  K=6
  verify 1: accepted 5/5 (K=6) + correction -> +6 tokens (187.5 ms)  cpos=2094
  [margins] 17.32 14.27 11.85 1.02 0.99  K=4
  verify 2: accepted 3/3 (K=4) + correction -> +4 tokens (147.9 ms)  cpos=2098

[spec] generated 10 tokens over 2 verifies: mean tokens/verify = 5.00 (block=5, max 6)
[spec] tokens: 31948 23982 4 13556 15048 14 778 15546 18540 106633
[spec] SPEC-DECODE: 37.0 ms/tok = 27.04 tok/s  (vs base M=1 70.5 ms/tok = 14.19 tok/s -> 1.91x)
[decode] PREFILL: 1237 positions in 19957.9 ms = 62.0 tok/s (16.134 ms/tok)
[capture] wrote /home/patrickd/s5-capture/agentic-p25-b0.1/c4/cap/shard_p390_s001237.dspc  1237 tok x (3 taps + 1 lm_in) x 4096 = 38.7 MB (32.0 KB/tok)
[probe] wrote 16 draft probes (block=5) to /home/patrickd/s5-capture/agentic-p25-b0.1/c4/cap/drafts_p390_s001237.txt
[spec] decoding 8 tokens (block=5, draft passes=1, adaptK=1.50, prompt=390 s=1238)...
  [margins] 3.74 1.03 2.32 1.60 0.43  K=2
  verify 1: accepted 1/1 (K=2) + correction -> +2 tokens (110.9 ms)  cpos=1239
  [margins] 3.49 0.95 0.53 1.25 0.37  K=2
  verify 2: accepted 0/1 (K=2) + correction -> +1 tokens (109.6 ms)  cpos=1240
  [margins] 1.38 0.46 0.51 3.14 1.24  K=2
  verify 3: accepted 0/1 (K=2) + correction -> +1 tokens (105.2 ms)  cpos=1241
  [margins] 0.15 0.64 8.00 4.93 4.51  K=2
  verify 4: accepted 1/1 (K=2) + correction -> +2 tokens (106.1 ms)  cpos=1243
  [margins] 1.18 0.13 2.24 4.12 4.21  K=2
  verify 5: accepted 0/1 (K=2) + correction -> +1 tokens (109.5 ms)  cpos=1244
  [margins] 14.99 8.97 4.55 7.88 5.92  K=6
  verify 6: accepted 4/5 (K=6) + correction -> +5 tokens (172.6 ms)  cpos=1249

[spec] generated 12 tokens over 6 verifies: mean tokens/verify = 2.00 (block=5, max 6)
[spec] tokens: 304 4379 270 72996 7266 294 37309 1692 1675 46436 304 1988
[spec] SPEC-DECODE: 60.3 ms/tok = 16.58 tok/s  (vs base M=1 70.5 ms/tok = 14.19 tok/s -> 1.17x)
[decode] PREFILL: 1672 positions in 27305.1 ms = 61.2 tok/s (16.331 ms/tok)
[capture] wrote /home/patrickd/s5-capture/agentic-p25-b0.1/c4/cap/shard_p391_s001672.dspc  1672 tok x (3 taps + 1 lm_in) x 4096 = 52.3 MB (32.0 KB/tok)
[probe] wrote 16 draft probes (block=5) to /home/patrickd/s5-capture/agentic-p25-b0.1/c4/cap/drafts_p391_s001672.txt
[spec] decoding 8 tokens (block=5, draft passes=1, adaptK=1.50, prompt=391 s=1673)...
  [margins] 14.51 16.91 9.54 16.02 15.71  K=6
  verify 1: accepted 5/5 (K=6) + correction -> +6 tokens (179.8 ms)  cpos=1678
  [margins] 14.02 17.11 11.53 14.14 12.02  K=6
  verify 2: accepted 5/5 (K=6) + correction -> +6 tokens (177.4 ms)  cpos=1684

[spec] generated 12 tokens over 2 verifies: mean tokens/verify = 6.00 (block=5, max 6)
[spec] tokens: 14 334 3685 14 334 5337 1867 14 23176 14 13181 1782
[spec] SPEC-DECODE: 29.6 ms/tok = 33.82 tok/s  (vs base M=1 70.5 ms/tok = 14.19 tok/s -> 2.38x)
[decode] PREFILL: 1065 positions in 17102.1 ms = 62.3 tok/s (16.058 ms/tok)
[capture] wrote /home/patrickd/s5-capture/agentic-p25-b0.1/c4/cap/shard_p392_s001065.dspc  1065 tok x (3 taps + 1 lm_in) x 4096 = 33.3 MB (32.0 KB/tok)
[probe] wrote 16 draft probes (block=5) to /home/patrickd/s5-capture/agentic-p25-b0.1/c4/cap/drafts_p392_s001065.txt
[spec] decoding 8 tokens (block=5, draft passes=1, adaptK=1.50, prompt=392 s=1066)...
  [margins] 17.88 15.80 11.15 15.70 14.25  K=6
  verify 1: accepted 5/5 (K=6) + correction -> +6 tokens (174.3 ms)  cpos=1071
  [margins] 7.93 10.76 11.95 14.18 10.91  K=6
  verify 2: accepted 5/5 (K=6) + correction -> +6 tokens (174.5 ms)  cpos=1077

[spec] generated 12 tokens over 2 verifies: mean tokens/verify = 6.00 (block=5, max 6)
[spec] tokens: 4813 3287 344 223 1173 42926 16 539 671 4813 3287 344
[spec] SPEC-DECODE: 29.1 ms/tok = 34.38 tok/s  (vs base M=1 70.5 ms/tok = 14.19 tok/s -> 2.42x)
[decode] PREFILL: 1618 positions in 26379.5 ms = 61.3 tok/s (16.304 ms/tok)
[capture] wrote /home/patrickd/s5-capture/agentic-p25-b0.1/c4/cap/shard_p393_s001618.dspc  1618 tok x (3 taps + 1 lm_in) x 4096 = 50.6 MB (32.0 KB/tok)
[probe] wrote 16 draft probes (block=5) to /home/patrickd/s5-capture/agentic-p25-b0.1/c4/cap/drafts_p393_s001618.txt
[spec] decoding 8 tokens (block=5, draft passes=1, adaptK=1.50, prompt=393 s=1619)...
  [margins] 12.51 10.97 16.07 16.24 7.82  K=6
  verify 1: accepted 5/5 (K=6) + correction -> +6 tokens (181.2 ms)  cpos=1624
  [margins] 19.49 18.95 10.81 10.00 12.68  K=6
  verify 2: accepted 5/5 (K=6) + correction -> +6 tokens (171.2 ms)  cpos=1630

[spec] generated 12 tokens over 2 verifies: mean tokens/verify = 6.00 (block=5, max 6)
[spec] tokens: 16 87826 755 12446 16 87826 755 12446 16 87826 755 12446
[spec] SPEC-DECODE: 28.5 ms/tok = 35.05 tok/s  (vs base M=1 70.5 ms/tok = 14.19 tok/s -> 2.47x)
[decode] PREFILL: 1082 positions in 17388.6 ms = 62.2 tok/s (16.071 ms/tok)
[capture] wrote /home/patrickd/s5-capture/agentic-p25-b0.1/c4/cap/shard_p394_s001082.dspc  1082 tok x (3 taps + 1 lm_in) x 4096 = 33.8 MB (32.0 KB/tok)
[probe] wrote 16 draft probes (block=5) to /home/patrickd/s5-capture/agentic-p25-b0.1/c4/cap/drafts_p394_s001082.txt
[spec] decoding 8 tokens (block=5, draft passes=1, adaptK=1.50, prompt=394 s=1083)...
  [margins] 13.60 14.54 13.58 13.72 13.40  K=6
  verify 1: accepted 5/5 (K=6) + correction -> +6 tokens (174.1 ms)  cpos=1088
  [margins] 15.21 14.69 14.11 13.51 14.62  K=6
  verify 2: accepted 5/5 (K=6) + correction -> +6 tokens (163.1 ms)  cpos=1094

[spec] generated 12 tokens over 2 verifies: mean tokens/verify = 6.00 (block=5, max 6)
[spec] tokens: 16 16448 16 16448 16 16448 16 16448 16 16448 16 16448
[spec] SPEC-DECODE: 27.2 ms/tok = 36.79 tok/s  (vs base M=1 70.5 ms/tok = 14.19 tok/s -> 2.59x)
[decode] PREFILL: 1095 positions in 17611.2 ms = 62.2 tok/s (16.083 ms/tok)
[capture] wrote /home/patrickd/s5-capture/agentic-p25-b0.1/c4/cap/shard_p395_s001095.dspc  1095 tok x (3 taps + 1 lm_in) x 4096 = 34.2 MB (32.0 KB/tok)
[probe] wrote 16 draft probes (block=5) to /home/patrickd/s5-capture/agentic-p25-b0.1/c4/cap/drafts_p395_s001095.txt
[spec] decoding 8 tokens (block=5, draft passes=1, adaptK=1.50, prompt=395 s=1096)...
  [margins] 18.19 20.20 15.95 15.84 11.02  K=6
  verify 1: accepted 5/5 (K=6) + correction -> +6 tokens (181.6 ms)  cpos=1101
  [margins] 18.66 18.60 16.59 15.93 15.10  K=6
  verify 2: accepted 5/5 (K=6) + correction -> +6 tokens (169.3 ms)  cpos=1107

[spec] generated 12 tokens over 2 verifies: mean tokens/verify = 6.00 (block=5, max 6)
[spec] tokens: 5197 19 1760 582 37427 20 3362 582 5197 20 4 837
[spec] SPEC-DECODE: 28.2 ms/tok = 35.44 tok/s  (vs base M=1 70.5 ms/tok = 14.19 tok/s -> 2.50x)
[decode] PREFILL: 1120 positions in 18007.1 ms = 62.2 tok/s (16.078 ms/tok)
[capture] wrote /home/patrickd/s5-capture/agentic-p25-b0.1/c4/cap/shard_p396_s001120.dspc  1120 tok x (3 taps + 1 lm_in) x 4096 = 35.0 MB (32.0 KB/tok)
[probe] wrote 16 draft probes (block=5) to /home/patrickd/s5-capture/agentic-p25-b0.1/c4/cap/drafts_p396_s001120.txt
[spec] decoding 8 tokens (block=5, draft passes=1, adaptK=1.50, prompt=396 s=1121)...
  [margins] 18.01 11.69 12.11 10.80 6.63  K=6
  verify 1: accepted 5/5 (K=6) + correction -> +6 tokens (174.2 ms)  cpos=1126
  [margins] 23.61 19.60 17.89 15.24 13.56  K=6
  verify 2: accepted 5/5 (K=6) + correction -> +6 tokens (177.0 ms)  cpos=1132

[spec] generated 12 tokens over 2 verifies: mean tokens/verify = 6.00 (block=5, max 6)
[spec] tokens: 31 26048 223 26 463 223 939 21 223 553 28 504
[spec] SPEC-DECODE: 29.5 ms/tok = 33.89 tok/s  (vs base M=1 70.5 ms/tok = 14.19 tok/s -> 2.39x)
[decode] PREFILL: 1103 positions in 17725.6 ms = 62.2 tok/s (16.070 ms/tok)
[capture] wrote /home/patrickd/s5-capture/agentic-p25-b0.1/c4/cap/shard_p397_s001103.dspc  1103 tok x (3 taps + 1 lm_in) x 4096 = 34.5 MB (32.0 KB/tok)
[probe] wrote 16 draft probes (block=5) to /home/patrickd/s5-capture/agentic-p25-b0.1/c4/cap/drafts_p397_s001103.txt
[spec] decoding 8 tokens (block=5, draft passes=1, adaptK=1.50, prompt=397 s=1104)...
  [margins] 17.37 15.87 14.06 11.78 10.43  K=6
  verify 1: accepted 5/5 (K=6) + correction -> +6 tokens (183.1 ms)  cpos=1109
  [margins] 16.56 17.08 14.03 9.43 5.91  K=6
  verify 2: accepted 5/5 (K=6) + correction -> +6 tokens (169.5 ms)  cpos=1115

[spec] generated 12 tokens over 2 verifies: mean tokens/verify = 6.00 (block=5, max 6)
[spec] tokens: 3051 440 4496 16 983 6179 304 366 260 9271 294 6719
[spec] SPEC-DECODE: 28.2 ms/tok = 35.41 tok/s  (vs base M=1 70.5 ms/tok = 14.19 tok/s -> 2.50x)
[decode] PREFILL: 1171 positions in 18890.4 ms = 62.0 tok/s (16.132 ms/tok)
[capture] wrote /home/patrickd/s5-capture/agentic-p25-b0.1/c4/cap/shard_p398_s001171.dspc  1171 tok x (3 taps + 1 lm_in) x 4096 = 36.6 MB (32.0 KB/tok)
[probe] wrote 16 draft probes (block=5) to /home/patrickd/s5-capture/agentic-p25-b0.1/c4/cap/drafts_p398_s001171.txt
[spec] decoding 8 tokens (block=5, draft passes=1, adaptK=1.50, prompt=398 s=1172)...
  [margins] 3.97 5.77 7.79 0.84 6.05  K=4
  verify 1: accepted 3/3 (K=4) + correction -> +4 tokens (146.5 ms)  cpos=1175
  [margins] 16.57 13.31 15.85 9.76 4.63  K=6
  verify 2: accepted 5/5 (K=6) + correction -> +6 tokens (178.8 ms)  cpos=1181

[spec] generated 10 tokens over 2 verifies: mean tokens/verify = 5.00 (block=5, max 6)
[spec] tokens: 39226 14 696 554 1926 270 4105 16 45977 14
[spec] SPEC-DECODE: 29.8 ms/tok = 33.56 tok/s  (vs base M=1 70.5 ms/tok = 14.19 tok/s -> 2.37x)
[decode] PREFILL: 1502 positions in 24364.9 ms = 61.6 tok/s (16.222 ms/tok)
[capture] wrote /home/patrickd/s5-capture/agentic-p25-b0.1/c4/cap/shard_p399_s001502.dspc  1502 tok x (3 taps + 1 lm_in) x 4096 = 46.9 MB (32.0 KB/tok)
[probe] wrote 16 draft probes (block=5) to /home/patrickd/s5-capture/agentic-p25-b0.1/c4/cap/drafts_p399_s001502.txt
[spec] decoding 8 tokens (block=5, draft passes=1, adaptK=1.50, prompt=399 s=1503)...
  [margins] 20.57 19.33 15.46 12.96 1.98  K=6
  verify 1: accepted 5/5 (K=6) + correction -> +6 tokens (184.8 ms)  cpos=1508
  [margins] 18.14 13.10 17.72 18.25 8.35  K=6
  verify 2: accepted 5/5 (K=6) + correction -> +6 tokens (172.1 ms)  cpos=1514

[spec] generated 12 tokens over 2 verifies: mean tokens/verify = 6.00 (block=5, max 6)
[spec] tokens: 16697 3054 21242 17567 5124 21242 3054 16697 66159 5567 5124 16697
[spec] SPEC-DECODE: 28.7 ms/tok = 34.86 tok/s  (vs base M=1 70.5 ms/tok = 14.19 tok/s -> 2.46x)
[decode] PREFILL: 1056 positions in 16948.9 ms = 62.3 tok/s (16.050 ms/tok)
[capture] wrote /home/patrickd/s5-capture/agentic-p25-b0.1/c4/cap/shard_p400_s001056.dspc  1056 tok x (3 taps + 1 lm_in) x 4096 = 33.0 MB (32.0 KB/tok)
[probe] wrote 16 draft probes (block=5) to /home/patrickd/s5-capture/agentic-p25-b0.1/c4/cap/drafts_p400_s001056.txt
[spec] decoding 8 tokens (block=5, draft passes=1, adaptK=1.50, prompt=400 s=1057)...
  [margins] 12.27 14.11 12.23 14.30 11.89  K=6
  verify 1: accepted 5/5 (K=6) + correction -> +6 tokens (172.3 ms)  cpos=1062
  [margins] 14.51 12.22 13.06 11.16 13.17  K=6
  verify 2: accepted 5/5 (K=6) + correction -> +6 tokens (176.3 ms)  cpos=1068

[spec] generated 12 tokens over 2 verifies: mean tokens/verify = 6.00 (block=5, max 6)
[spec] tokens: 3749 223 18 16 19 82 1461 3749 223 18 16 19
[spec] SPEC-DECODE: 29.4 ms/tok = 34.03 tok/s  (vs base M=1 70.5 ms/tok = 14.19 tok/s -> 2.40x)
[decode] PREFILL: 1041 positions in 16726.5 ms = 62.2 tok/s (16.068 ms/tok)
[capture] wrote /home/patrickd/s5-capture/agentic-p25-b0.1/c4/cap/shard_p401_s001041.dspc  1041 tok x (3 taps + 1 lm_in) x 4096 = 32.5 MB (32.0 KB/tok)
[probe] wrote 16 draft probes (block=5) to /home/patrickd/s5-capture/agentic-p25-b0.1/c4/cap/drafts_p401_s001041.txt
[spec] decoding 8 tokens (block=5, draft passes=1, adaptK=1.50, prompt=401 s=1042)...
  [margins] 15.38 15.25 16.62 7.66 9.35  K=6
  verify 1: accepted 5/5 (K=6) + correction -> +6 tokens (171.1 ms)  cpos=1047
  [margins] 11.37 15.73 18.41 12.90 13.82  K=6
  verify 2: accepted 5/5 (K=6) + correction -> +6 tokens (173.4 ms)  cpos=1053

[spec] generated 12 tokens over 2 verifies: mean tokens/verify = 6.00 (block=5, max 6)
[spec] tokens: 14 1353 396 436 515 377 270 7726 19514 305 3459 362
[spec] SPEC-DECODE: 28.9 ms/tok = 34.60 tok/s  (vs base M=1 70.5 ms/tok = 14.19 tok/s -> 2.44x)
[decode] PREFILL: 1664 positions in 27159.8 ms = 61.3 tok/s (16.322 ms/tok)
[capture] wrote /home/patrickd/s5-capture/agentic-p25-b0.1/c4/cap/shard_p402_s001664.dspc  1664 tok x (3 taps + 1 lm_in) x 4096 = 52.0 MB (32.0 KB/tok)
[probe] wrote 16 draft probes (block=5) to /home/patrickd/s5-capture/agentic-p25-b0.1/c4/cap/drafts_p402_s001664.txt
[spec] decoding 8 tokens (block=5, draft passes=1, adaptK=1.50, prompt=402 s=1665)...
  [margins] 17.12 17.75 9.82 15.16 0.48  K=5
  verify 1: accepted 4/4 (K=5) + correction -> +5 tokens (159.7 ms)  cpos=1669
  [margins] 23.44 14.15 13.19 0.30 3.12  K=4
  verify 2: accepted 3/3 (K=4) + correction -> +4 tokens (141.6 ms)  cpos=1673

[spec] generated 9 tokens over 2 verifies: mean tokens/verify = 4.50 (block=5, max 6)
[spec] tokens: 9660 341 16 44869 5903 13397 6547 124565 89332
[spec] SPEC-DECODE: 35.4 ms/tok = 28.25 tok/s  (vs base M=1 70.5 ms/tok = 14.19 tok/s -> 1.99x)
[decode] PREFILL: 1044 positions in 16773.1 ms = 62.2 tok/s (16.066 ms/tok)
[capture] wrote /home/patrickd/s5-capture/agentic-p25-b0.1/c4/cap/shard_p403_s001044.dspc  1044 tok x (3 taps + 1 lm_in) x 4096 = 32.6 MB (32.0 KB/tok)
[probe] wrote 16 draft probes (block=5) to /home/patrickd/s5-capture/agentic-p25-b0.1/c4/cap/drafts_p403_s001044.txt
[spec] decoding 8 tokens (block=5, draft passes=1, adaptK=1.50, prompt=403 s=1045)...
  [margins] 16.14 17.73 16.26 18.05 15.78  K=6
  verify 1: accepted 5/5 (K=6) + correction -> +6 tokens (175.2 ms)  cpos=1050
  [margins] 11.79 15.91 16.67 15.43 11.03  K=6
  verify 2: accepted 5/5 (K=6) + correction -> +6 tokens (175.1 ms)  cpos=1056

[spec] generated 12 tokens over 2 verifies: mean tokens/verify = 6.00 (block=5, max 6)
[spec] tokens: 21 16 8760 223 22 16 43379 223 23 16 9338 72
[spec] SPEC-DECODE: 29.2 ms/tok = 34.26 tok/s  (vs base M=1 70.5 ms/tok = 14.19 tok/s -> 2.41x)
[decode] PREFILL: 1199 positions in 19309.8 ms = 62.1 tok/s (16.105 ms/tok)
[capture] wrote /home/patrickd/s5-capture/agentic-p25-b0.1/c4/cap/shard_p404_s001199.dspc  1199 tok x (3 taps + 1 lm_in) x 4096 = 37.5 MB (32.0 KB/tok)
[probe] wrote 16 draft probes (block=5) to /home/patrickd/s5-capture/agentic-p25-b0.1/c4/cap/drafts_p404_s001199.txt
[spec] decoding 8 tokens (block=5, draft passes=1, adaptK=1.50, prompt=404 s=1200)...
  [margins] 12.09 18.70 12.30 11.82 9.94  K=6
  verify 1: accepted 5/5 (K=6) + correction -> +6 tokens (177.8 ms)  cpos=1205
  [margins] 18.20 11.70 11.55 9.56 11.20  K=6
  verify 2: accepted 5/5 (K=6) + correction -> +6 tokens (169.5 ms)  cpos=1211

[spec] generated 12 tokens over 2 verifies: mean tokens/verify = 6.00 (block=5, max 6)
[spec] tokens: 5849 69 16 1089 16 5849 69 16 1089 16 5849 69
[spec] SPEC-DECODE: 28.3 ms/tok = 35.40 tok/s  (vs base M=1 70.5 ms/tok = 14.19 tok/s -> 2.49x)
[decode] PREFILL: 1473 positions in 23907.1 ms = 61.6 tok/s (16.230 ms/tok)
[capture] wrote /home/patrickd/s5-capture/agentic-p25-b0.1/c4/cap/shard_p405_s001473.dspc  1473 tok x (3 taps + 1 lm_in) x 4096 = 46.0 MB (32.0 KB/tok)
[probe] wrote 16 draft probes (block=5) to /home/patrickd/s5-capture/agentic-p25-b0.1/c4/cap/drafts_p405_s001473.txt
[spec] decoding 8 tokens (block=5, draft passes=1, adaptK=1.50, prompt=405 s=1474)...
  [margins] 12.31 16.16 4.16 10.32 4.82  K=6
  verify 1: accepted 4/5 (K=6) + correction -> +5 tokens (177.4 ms)  cpos=1478
  [margins] 11.30 11.08 10.18 14.53 2.14  K=6
  verify 2: accepted 5/5 (K=6) + correction -> +6 tokens (173.8 ms)  cpos=1484

[spec] generated 11 tokens over 2 verifies: mean tokens/verify = 5.50 (block=5, max 6)
[spec] tokens: 3749 11 53072 3749 11 35 16 3749 11 671 3749
[spec] SPEC-DECODE: 29.0 ms/tok = 34.53 tok/s  (vs base M=1 70.5 ms/tok = 14.19 tok/s -> 2.43x)
[decode] PREFILL: 1044 positions in 16769.7 ms = 62.3 tok/s (16.063 ms/tok)
[capture] wrote /home/patrickd/s5-capture/agentic-p25-b0.1/c4/cap/shard_p406_s001044.dspc  1044 tok x (3 taps + 1 lm_in) x 4096 = 32.6 MB (32.0 KB/tok)
[probe] wrote 16 draft probes (block=5) to /home/patrickd/s5-capture/agentic-p25-b0.1/c4/cap/drafts_p406_s001044.txt
[spec] decoding 8 tokens (block=5, draft passes=1, adaptK=1.50, prompt=406 s=1045)...
  [margins] 15.32 18.61 11.22 6.09 15.29  K=6
  verify 1: accepted 5/5 (K=6) + correction -> +6 tokens (175.6 ms)  cpos=1050
  [margins] 18.51 12.41 12.53 11.81 15.97  K=6
  verify 2: accepted 5/5 (K=6) + correction -> +6 tokens (173.8 ms)  cpos=1056

[spec] generated 12 tokens over 2 verifies: mean tokens/verify = 6.00 (block=5, max 6)
[spec] tokens: 84 19 16 7684 82 9636 77 19 16 1366 7562 67
[spec] SPEC-DECODE: 29.0 ms/tok = 34.53 tok/s  (vs base M=1 70.5 ms/tok = 14.19 tok/s -> 2.43x)
[decode] PREFILL: 1058 positions in 17010.0 ms = 62.2 tok/s (16.077 ms/tok)
[capture] wrote /home/patrickd/s5-capture/agentic-p25-b0.1/c4/cap/shard_p407_s001058.dspc  1058 tok x (3 taps + 1 lm_in) x 4096 = 33.1 MB (32.0 KB/tok)
[probe] wrote 16 draft probes (block=5) to /home/patrickd/s5-capture/agentic-p25-b0.1/c4/cap/drafts_p407_s001058.txt
[spec] decoding 8 tokens (block=5, draft passes=1, adaptK=1.50, prompt=407 s=1059)...
  [margins] 11.63 14.23 12.64 11.29 11.16  K=6
  verify 1: accepted 5/5 (K=6) + correction -> +6 tokens (175.8 ms)  cpos=1064
  [margins] 12.82 14.78 16.59 10.37 8.01  K=6
  verify 2: accepted 5/5 (K=6) + correction -> +6 tokens (165.4 ms)  cpos=1070

[spec] generated 12 tokens over 2 verifies: mean tokens/verify = 6.00 (block=5, max 6)
[spec] tokens: 16 4493 105360 16 4493 20842 16 4493 68854 16 4493 2726
[spec] SPEC-DECODE: 27.6 ms/tok = 36.29 tok/s  (vs base M=1 70.5 ms/tok = 14.19 tok/s -> 2.56x)
[decode] PREFILL: 1041 positions in 16717.7 ms = 62.3 tok/s (16.059 ms/tok)
[capture] wrote /home/patrickd/s5-capture/agentic-p25-b0.1/c4/cap/shard_p408_s001041.dspc  1041 tok x (3 taps + 1 lm_in) x 4096 = 32.5 MB (32.0 KB/tok)
[probe] wrote 16 draft probes (block=5) to /home/patrickd/s5-capture/agentic-p25-b0.1/c4/cap/drafts_p408_s001041.txt
[spec] decoding 8 tokens (block=5, draft passes=1, adaptK=1.50, prompt=408 s=1042)...
  [margins] 17.84 15.91 15.43 16.26 12.22  K=6
  verify 1: accepted 5/5 (K=6) + correction -> +6 tokens (177.1 ms)  cpos=1047
  [margins] 13.83 14.61 18.32 11.03 6.83  K=6
  verify 2: accepted 5/5 (K=6) + correction -> +6 tokens (174.7 ms)  cpos=1053

[spec] generated 12 tokens over 2 verifies: mean tokens/verify = 6.00 (block=5, max 6)
[spec] tokens: 79394 16 28231 1660 339 7054 260 5024 10143 14 4575 678
[spec] SPEC-DECODE: 29.1 ms/tok = 34.35 tok/s  (vs base M=1 70.5 ms/tok = 14.19 tok/s -> 2.42x)
[decode] PREFILL: 1588 positions in 25862.7 ms = 61.4 tok/s (16.286 ms/tok)
[capture] wrote /home/patrickd/s5-capture/agentic-p25-b0.1/c4/cap/shard_p409_s001588.dspc  1588 tok x (3 taps + 1 lm_in) x 4096 = 49.6 MB (32.0 KB/tok)
[probe] wrote 16 draft probes (block=5) to /home/patrickd/s5-capture/agentic-p25-b0.1/c4/cap/drafts_p409_s001588.txt
[spec] decoding 8 tokens (block=5, draft passes=1, adaptK=1.50, prompt=409 s=1589)...
  [margins] 8.80 10.53 10.84 9.23 8.37  K=6
  verify 1: accepted 5/5 (K=6) + correction -> +6 tokens (178.7 ms)  cpos=1594
  [margins] 16.17 10.21 5.52 13.31 11.72  K=6
  verify 2: accepted 5/5 (K=6) + correction -> +6 tokens (178.9 ms)  cpos=1600

[spec] generated 12 tokens over 2 verifies: mean tokens/verify = 6.00 (block=5, max 6)
[spec] tokens: 53 271 671 1257 38346 18139 81385 344 270 6069 2305 396
[spec] SPEC-DECODE: 29.8 ms/tok = 33.54 tok/s  (vs base M=1 70.5 ms/tok = 14.19 tok/s -> 2.36x)
[decode] PREFILL: 1086 positions in 17442.9 ms = 62.3 tok/s (16.062 ms/tok)
[capture] wrote /home/patrickd/s5-capture/agentic-p25-b0.1/c4/cap/shard_p410_s001086.dspc  1086 tok x (3 taps + 1 lm_in) x 4096 = 33.9 MB (32.0 KB/tok)
[probe] wrote 16 draft probes (block=5) to /home/patrickd/s5-capture/agentic-p25-b0.1/c4/cap/drafts_p410_s001086.txt
[spec] decoding 8 tokens (block=5, draft passes=1, adaptK=1.50, prompt=410 s=1087)...
  [margins] 14.52 15.60 14.81 15.88 11.89  K=6
  verify 1: accepted 5/5 (K=6) + correction -> +6 tokens (179.5 ms)  cpos=1092
  [margins] 18.51 18.99 10.77 13.85 7.83  K=6
  verify 2: accepted 5/5 (K=6) + correction -> +6 tokens (170.4 ms)  cpos=1098

[spec] generated 12 tokens over 2 verifies: mean tokens/verify = 6.00 (block=5, max 6)
[spec] tokens: 344 4813 1754 436 20671 5756 396 1119 4105 1926 344 3338
[spec] SPEC-DECODE: 28.4 ms/tok = 35.22 tok/s  (vs base M=1 70.5 ms/tok = 14.19 tok/s -> 2.48x)
[decode] PREFILL: 1037 positions in 16642.5 ms = 62.3 tok/s (16.049 ms/tok)
[capture] wrote /home/patrickd/s5-capture/agentic-p25-b0.1/c4/cap/shard_p411_s001037.dspc  1037 tok x (3 taps + 1 lm_in) x 4096 = 32.4 MB (32.0 KB/tok)
[probe] wrote 16 draft probes (block=5) to /home/patrickd/s5-capture/agentic-p25-b0.1/c4/cap/drafts_p411_s001037.txt
[spec] decoding 8 tokens (block=5, draft passes=1, adaptK=1.50, prompt=411 s=1038)...
  [margins] 9.70 11.14 10.77 12.27 10.63  K=6
  verify 1: accepted 5/5 (K=6) + correction -> +6 tokens (164.3 ms)  cpos=1043
  [margins] 10.74 11.00 10.21 12.45 10.13  K=6
  verify 2: accepted 5/5 (K=6) + correction -> +6 tokens (165.8 ms)  cpos=1049

[spec] generated 12 tokens over 2 verifies: mean tokens/verify = 6.00 (block=5, max 6)
[spec] tokens: 33 82 33 82 33 82 33 82 33 82 33 82
[spec] SPEC-DECODE: 27.6 ms/tok = 36.19 tok/s  (vs base M=1 70.5 ms/tok = 14.19 tok/s -> 2.55x)
[decode] PREFILL: 1411 positions in 22878.9 ms = 61.7 tok/s (16.215 ms/tok)
[capture] wrote /home/patrickd/s5-capture/agentic-p25-b0.1/c4/cap/shard_p412_s001411.dspc  1411 tok x (3 taps + 1 lm_in) x 4096 = 44.1 MB (32.0 KB/tok)
[probe] wrote 16 draft probes (block=5) to /home/patrickd/s5-capture/agentic-p25-b0.1/c4/cap/drafts_p412_s001411.txt
[spec] decoding 8 tokens (block=5, draft passes=1, adaptK=1.50, prompt=412 s=1412)...
  [margins] 14.98 14.54 11.15 4.20 6.48  K=6
  verify 1: accepted 5/5 (K=6) + correction -> +6 tokens (182.7 ms)  cpos=1417
  [margins] 10.81 8.49 10.14 0.80 1.47  K=4
  verify 2: accepted 3/3 (K=4) + correction -> +4 tokens (143.9 ms)  cpos=1421

[spec] generated 10 tokens over 2 verifies: mean tokens/verify = 5.00 (block=5, max 6)
[spec] tokens: 14386 8814 16 8647 7502 105801 2306 4290 538 9754
[spec] SPEC-DECODE: 36.0 ms/tok = 27.80 tok/s  (vs base M=1 70.5 ms/tok = 14.19 tok/s -> 1.96x)
[decode] PREFILL: 1106 positions in 17798.1 ms = 62.1 tok/s (16.092 ms/tok)
[capture] wrote /home/patrickd/s5-capture/agentic-p25-b0.1/c4/cap/shard_p413_s001106.dspc  1106 tok x (3 taps + 1 lm_in) x 4096 = 34.6 MB (32.0 KB/tok)
[probe] wrote 16 draft probes (block=5) to /home/patrickd/s5-capture/agentic-p25-b0.1/c4/cap/drafts_p413_s001106.txt
[spec] decoding 8 tokens (block=5, draft passes=1, adaptK=1.50, prompt=413 s=1107)...
  [margins] 15.84 14.00 14.74 13.80 15.67  K=6
  verify 1: accepted 5/5 (K=6) + correction -> +6 tokens (182.9 ms)  cpos=1112
  [margins] 8.92 12.27 12.99 9.00 12.44  K=6
  verify 2: accepted 5/5 (K=6) + correction -> +6 tokens (171.3 ms)  cpos=1118

[spec] generated 12 tokens over 2 verifies: mean tokens/verify = 6.00 (block=5, max 6)
[spec] tokens: 21 45390 657 438 223 2372 16 1950 28 1950 11431 438
[spec] SPEC-DECODE: 28.6 ms/tok = 35.02 tok/s  (vs base M=1 70.5 ms/tok = 14.19 tok/s -> 2.47x)
[decode] PREFILL: 1414 positions in 22918.3 ms = 61.7 tok/s (16.208 ms/tok)
[capture] wrote /home/patrickd/s5-capture/agentic-p25-b0.1/c4/cap/shard_p414_s001414.dspc  1414 tok x (3 taps + 1 lm_in) x 4096 = 44.2 MB (32.0 KB/tok)
[probe] wrote 16 draft probes (block=5) to /home/patrickd/s5-capture/agentic-p25-b0.1/c4/cap/drafts_p414_s001414.txt
[spec] decoding 8 tokens (block=5, draft passes=1, adaptK=1.50, prompt=414 s=1415)...
  [margins] 15.77 7.40 12.05 11.11 0.54  K=5
  verify 1: accepted 4/4 (K=5) + correction -> +5 tokens (157.4 ms)  cpos=1419
  [margins] 15.88 17.47 11.06 7.35 8.84  K=6
  verify 2: accepted 5/5 (K=6) + correction -> +6 tokens (180.7 ms)  cpos=1425

[spec] generated 11 tokens over 2 verifies: mean tokens/verify = 5.50 (block=5, max 6)
[spec] tokens: 377 270 14108 3554 28 1730 1623 26597 1687 270 5485
[spec] SPEC-DECODE: 30.1 ms/tok = 33.21 tok/s  (vs base M=1 70.5 ms/tok = 14.19 tok/s -> 2.34x)
[decode] PREFILL: 1087 positions in 17456.3 ms = 62.3 tok/s (16.059 ms/tok)
[capture] wrote /home/patrickd/s5-capture/agentic-p25-b0.1/c4/cap/shard_p415_s001087.dspc  1087 tok x (3 taps + 1 lm_in) x 4096 = 34.0 MB (32.0 KB/tok)
[probe] wrote 16 draft probes (block=5) to /home/patrickd/s5-capture/agentic-p25-b0.1/c4/cap/drafts_p415_s001087.txt
[spec] decoding 8 tokens (block=5, draft passes=1, adaptK=1.50, prompt=415 s=1088)...
  [margins] 11.99 14.50 15.86 12.34 16.17  K=6
  verify 1: accepted 5/5 (K=6) + correction -> +6 tokens (175.7 ms)  cpos=1093
  [margins] 13.08 14.85 15.41 13.78 16.74  K=6
  verify 2: accepted 5/5 (K=6) + correction -> +6 tokens (164.0 ms)  cpos=1099

[spec] generated 12 tokens over 2 verifies: mean tokens/verify = 6.00 (block=5, max 6)
[spec] tokens: 16 7301 757 16 7301 757 16 7301 757 16 7301 757
[spec] SPEC-DECODE: 27.3 ms/tok = 36.59 tok/s  (vs base M=1 70.5 ms/tok = 14.19 tok/s -> 2.58x)
[decode] PREFILL: 1578 positions in 25689.5 ms = 61.4 tok/s (16.280 ms/tok)
[capture] wrote /home/patrickd/s5-capture/agentic-p25-b0.1/c4/cap/shard_p416_s001578.dspc  1578 tok x (3 taps + 1 lm_in) x 4096 = 49.3 MB (32.0 KB/tok)
[probe] wrote 16 draft probes (block=5) to /home/patrickd/s5-capture/agentic-p25-b0.1/c4/cap/drafts_p416_s001578.txt
[spec] decoding 8 tokens (block=5, draft passes=1, adaptK=1.50, prompt=416 s=1579)...
  [margins] 17.59 14.22 12.64 9.09 13.81  K=6
  verify 1: accepted 5/5 (K=6) + correction -> +6 tokens (184.7 ms)  cpos=1584
  [margins] 17.44 13.79 12.53 8.95 13.43  K=6
  verify 2: accepted 5/5 (K=6) + correction -> +6 tokens (171.4 ms)  cpos=1590

[spec] generated 12 tokens over 2 verifies: mean tokens/verify = 6.00 (block=5, max 6)
[spec] tokens: 28 33324 16 455 3287 344 28 33324 16 455 3287 344
[spec] SPEC-DECODE: 28.6 ms/tok = 35.00 tok/s  (vs base M=1 70.5 ms/tok = 14.19 tok/s -> 2.47x)
[decode] PREFILL: 1058 positions in 17012.3 ms = 62.2 tok/s (16.080 ms/tok)
[capture] wrote /home/patrickd/s5-capture/agentic-p25-b0.1/c4/cap/shard_p417_s001058.dspc  1058 tok x (3 taps + 1 lm_in) x 4096 = 33.1 MB (32.0 KB/tok)
[probe] wrote 16 draft probes (block=5) to /home/patrickd/s5-capture/agentic-p25-b0.1/c4/cap/drafts_p417_s001058.txt
[spec] decoding 8 tokens (block=5, draft passes=1, adaptK=1.50, prompt=417 s=1059)...
  [margins] 18.10 14.18 22.88 10.31 15.32  K=6
  verify 1: accepted 5/5 (K=6) + correction -> +6 tokens (177.9 ms)  cpos=1064
  [margins] 16.99 18.37 15.04 17.17 11.99  K=6
  verify 2: accepted 5/5 (K=6) + correction -> +6 tokens (167.7 ms)  cpos=1070

[spec] generated 12 tokens over 2 verifies: mean tokens/verify = 6.00 (block=5, max 6)
[spec] tokens: 333 975 85 16 333 3727 16 333 975 85 16 333
[spec] SPEC-DECODE: 28.0 ms/tok = 35.77 tok/s  (vs base M=1 70.5 ms/tok = 14.19 tok/s -> 2.52x)
[decode] PREFILL: 1040 positions in 16683.9 ms = 62.3 tok/s (16.042 ms/tok)
[capture] wrote /home/patrickd/s5-capture/agentic-p25-b0.1/c4/cap/shard_p418_s001040.dspc  1040 tok x (3 taps + 1 lm_in) x 4096 = 32.5 MB (32.0 KB/tok)
[probe] wrote 16 draft probes (block=5) to /home/patrickd/s5-capture/agentic-p25-b0.1/c4/cap/drafts_p418_s001040.txt
[spec] decoding 8 tokens (block=5, draft passes=1, adaptK=1.50, prompt=418 s=1041)...
  [margins] 14.43 15.67 15.35 1.06 11.03  K=4
  verify 1: accepted 3/3 (K=4) + correction -> +4 tokens (137.2 ms)  cpos=1044
  [margins] 14.42 16.24 14.72 0.73 11.64  K=4
  verify 2: accepted 3/3 (K=4) + correction -> +4 tokens (134.5 ms)  cpos=1048

[spec] generated 8 tokens over 2 verifies: mean tokens/verify = 4.00 (block=5, max 6)
[spec] tokens: 3749 11 3749 11 3749 11 3749 11
[spec] SPEC-DECODE: 33.6 ms/tok = 29.75 tok/s  (vs base M=1 70.5 ms/tok = 14.19 tok/s -> 2.10x)
[decode] PREFILL: 1071 positions in 17192.9 ms = 62.3 tok/s (16.053 ms/tok)
[capture] wrote /home/patrickd/s5-capture/agentic-p25-b0.1/c4/cap/shard_p419_s001071.dspc  1071 tok x (3 taps + 1 lm_in) x 4096 = 33.5 MB (32.0 KB/tok)
[probe] wrote 16 draft probes (block=5) to /home/patrickd/s5-capture/agentic-p25-b0.1/c4/cap/drafts_p419_s001071.txt
[spec] decoding 8 tokens (block=5, draft passes=1, adaptK=1.50, prompt=419 s=1072)...
  [margins] 21.93 17.44 14.79 10.34 11.39  K=6
  verify 1: accepted 5/5 (K=6) + correction -> +6 tokens (179.4 ms)  cpos=1077
  [margins] 15.08 17.03 10.91 10.11 7.17  K=6
  verify 2: accepted 5/5 (K=6) + correction -> +6 tokens (169.2 ms)  cpos=1083

[spec] generated 12 tokens over 2 verifies: mean tokens/verify = 6.00 (block=5, max 6)
[spec] tokens: 1312 16 126948 7068 223 23 18419 21325 1099 114106 16 37436
[spec] SPEC-DECODE: 28.2 ms/tok = 35.45 tok/s  (vs base M=1 70.5 ms/tok = 14.19 tok/s -> 2.50x)
[decode] PREFILL: 1454 positions in 23566.2 ms = 61.7 tok/s (16.208 ms/tok)
[capture] wrote /home/patrickd/s5-capture/agentic-p25-b0.1/c4/cap/shard_p420_s001454.dspc  1454 tok x (3 taps + 1 lm_in) x 4096 = 45.4 MB (32.0 KB/tok)
[probe] wrote 16 draft probes (block=5) to /home/patrickd/s5-capture/agentic-p25-b0.1/c4/cap/drafts_p420_s001454.txt
[spec] decoding 8 tokens (block=5, draft passes=1, adaptK=1.50, prompt=420 s=1455)...
  [margins] 12.22 17.33 12.45 16.79 13.07  K=6
  verify 1: accepted 5/5 (K=6) + correction -> +6 tokens (179.3 ms)  cpos=1460
  [margins] 12.60 18.20 13.84 17.21 12.73  K=6
  verify 2: accepted 5/5 (K=6) + correction -> +6 tokens (167.4 ms)  cpos=1466

[spec] generated 12 tokens over 2 verifies: mean tokens/verify = 6.00 (block=5, max 6)
[spec] tokens: 16 3541 16 3541 16 3541 16 3541 16 3541 16 3541
[spec] SPEC-DECODE: 27.9 ms/tok = 35.84 tok/s  (vs base M=1 70.5 ms/tok = 14.19 tok/s -> 2.53x)
[decode] PREFILL: 1671 positions in 27279.8 ms = 61.3 tok/s (16.325 ms/tok)
[capture] wrote /home/patrickd/s5-capture/agentic-p25-b0.1/c4/cap/shard_p421_s001671.dspc  1671 tok x (3 taps + 1 lm_in) x 4096 = 52.2 MB (32.0 KB/tok)
[probe] wrote 16 draft probes (block=5) to /home/patrickd/s5-capture/agentic-p25-b0.1/c4/cap/drafts_p421_s001671.txt
[spec] decoding 8 tokens (block=5, draft passes=1, adaptK=1.50, prompt=421 s=1672)...
  [margins] 15.89 19.88 14.59 13.42 11.23  K=6
  verify 1: accepted 5/5 (K=6) + correction -> +6 tokens (185.0 ms)  cpos=1677
  [margins] 14.57 13.13 12.23 2.98 6.44  K=6
  verify 2: accepted 5/5 (K=6) + correction -> +6 tokens (172.1 ms)  cpos=1683

[spec] generated 12 tokens over 2 verifies: mean tokens/verify = 6.00 (block=5, max 6)
[spec] tokens: 6125 14446 23186 14 13916 271 12262 440 3287 270 3417 295
[spec] SPEC-DECODE: 28.7 ms/tok = 34.87 tok/s  (vs base M=1 70.5 ms/tok = 14.19 tok/s -> 2.46x)
[decode] PREFILL: 1055 positions in 16925.2 ms = 62.3 tok/s (16.043 ms/tok)
[capture] wrote /home/patrickd/s5-capture/agentic-p25-b0.1/c4/cap/shard_p422_s001055.dspc  1055 tok x (3 taps + 1 lm_in) x 4096 = 33.0 MB (32.0 KB/tok)
[probe] wrote 16 draft probes (block=5) to /home/patrickd/s5-capture/agentic-p25-b0.1/c4/cap/drafts_p422_s001055.txt
[spec] decoding 8 tokens (block=5, draft passes=1, adaptK=1.50, prompt=422 s=1056)...
  [margins] 16.15 13.39 15.24 4.66 6.75  K=6
  verify 1: accepted 3/5 (K=6) + correction -> +4 tokens (173.6 ms)  cpos=1059
  [margins] 15.21 13.74 15.27 4.49 8.20  K=6
  verify 2: accepted 3/5 (K=6) + correction -> +4 tokens (167.3 ms)  cpos=1063

[spec] generated 8 tokens over 2 verifies: mean tokens/verify = 4.00 (block=5, max 6)
[spec] tokens: 3749 11 3749 11 3749 11 3749 11
[spec] SPEC-DECODE: 41.8 ms/tok = 23.91 tok/s  (vs base M=1 70.5 ms/tok = 14.19 tok/s -> 1.68x)
[decode] PREFILL: 1041 positions in 16726.0 ms = 62.2 tok/s (16.067 ms/tok)
[capture] wrote /home/patrickd/s5-capture/agentic-p25-b0.1/c4/cap/shard_p423_s001041.dspc  1041 tok x (3 taps + 1 lm_in) x 4096 = 32.5 MB (32.0 KB/tok)
[probe] wrote 16 draft probes (block=5) to /home/patrickd/s5-capture/agentic-p25-b0.1/c4/cap/drafts_p423_s001041.txt
[spec] decoding 8 tokens (block=5, draft passes=1, adaptK=1.50, prompt=423 s=1042)...
  [margins] 18.28 15.11 15.34 10.04 13.31  K=6
  verify 1: accepted 5/5 (K=6) + correction -> +6 tokens (172.9 ms)  cpos=1047
  [margins] 14.01 6.74 10.81 11.22 11.09  K=6
  verify 2: accepted 5/5 (K=6) + correction -> +6 tokens (175.5 ms)  cpos=1053

[spec] generated 12 tokens over 2 verifies: mean tokens/verify = 6.00 (block=5, max 6)
[spec] tokens: 344 223 856 304 223 926 4447 16 455 80824 3285 362
[spec] SPEC-DECODE: 29.3 ms/tok = 34.18 tok/s  (vs base M=1 70.5 ms/tok = 14.19 tok/s -> 2.41x)
[decode] PREFILL: 1185 positions in 19120.5 ms = 62.0 tok/s (16.135 ms/tok)
[capture] wrote /home/patrickd/s5-capture/agentic-p25-b0.1/c4/cap/shard_p424_s001185.dspc  1185 tok x (3 taps + 1 lm_in) x 4096 = 37.0 MB (32.0 KB/tok)
[probe] wrote 16 draft probes (block=5) to /home/patrickd/s5-capture/agentic-p25-b0.1/c4/cap/drafts_p424_s001185.txt
[spec] decoding 8 tokens (block=5, draft passes=1, adaptK=1.50, prompt=424 s=1186)...
  [margins] 11.61 11.92 7.64 12.34 9.33  K=6
  verify 1: accepted 5/5 (K=6) + correction -> +6 tokens (175.5 ms)  cpos=1191
  [margins] 10.40 10.39 6.10 10.43 3.01  K=6
  verify 2: accepted 5/5 (K=6) + correction -> +6 tokens (174.7 ms)  cpos=1197

[spec] generated 12 tokens over 2 verifies: mean tokens/verify = 6.00 (block=5, max 6)
[spec] tokens: 77273 418 270 60948 24972 16 455 27349 759 1258 260 111604
[spec] SPEC-DECODE: 29.1 ms/tok = 34.34 tok/s  (vs base M=1 70.5 ms/tok = 14.19 tok/s -> 2.42x)
[decode] PREFILL: 1069 positions in 17174.0 ms = 62.2 tok/s (16.065 ms/tok)
[capture] wrote /home/patrickd/s5-capture/agentic-p25-b0.1/c4/cap/shard_p425_s001069.dspc  1069 tok x (3 taps + 1 lm_in) x 4096 = 33.4 MB (32.0 KB/tok)
[probe] wrote 16 draft probes (block=5) to /home/patrickd/s5-capture/agentic-p25-b0.1/c4/cap/drafts_p425_s001069.txt
[spec] decoding 8 tokens (block=5, draft passes=1, adaptK=1.50, prompt=425 s=1070)...
  [margins] 17.04 17.75 10.77 11.74 8.45  K=6
  verify 1: accepted 5/5 (K=6) + correction -> +6 tokens (177.3 ms)  cpos=1075
  [margins] 11.20 7.93 8.94 6.54 7.32  K=6
  verify 2: accepted 5/5 (K=6) + correction -> +6 tokens (175.7 ms)  cpos=1081

[spec] generated 12 tokens over 2 verifies: mean tokens/verify = 6.00 (block=5, max 6)
[spec] tokens: 2231 6361 362 270 1257 1926 304 1354 1936 14134 436 1820
[spec] SPEC-DECODE: 29.3 ms/tok = 34.16 tok/s  (vs base M=1 70.5 ms/tok = 14.19 tok/s -> 2.41x)
[decode] PREFILL: 1219 positions in 19662.6 ms = 62.0 tok/s (16.130 ms/tok)
[capture] wrote /home/patrickd/s5-capture/agentic-p25-b0.1/c4/cap/shard_p426_s001219.dspc  1219 tok x (3 taps + 1 lm_in) x 4096 = 38.1 MB (32.0 KB/tok)
[probe] wrote 16 draft probes (block=5) to /home/patrickd/s5-capture/agentic-p25-b0.1/c4/cap/drafts_p426_s001219.txt
[spec] decoding 8 tokens (block=5, draft passes=1, adaptK=1.50, prompt=426 s=1220)...
  [margins] 3.01 5.17 7.37 0.51 3.22  K=4
  verify 1: accepted 0/3 (K=4) + correction -> +1 tokens (141.0 ms)  cpos=1220
  [margins] 6.01 8.36 0.75 1.78 4.15  K=3
  verify 2: accepted 2/2 (K=3) + correction -> +3 tokens (118.6 ms)  cpos=1223
  [margins] 5.49 6.54 4.62 0.69 0.46  K=4
  verify 3: accepted 3/3 (K=4) + correction -> +4 tokens (139.7 ms)  cpos=1227

[spec] generated 8 tokens over 3 verifies: mean tokens/verify = 2.67 (block=5, max 6)
[spec] tokens: 3683 8062 16 2753 19692 11 304 1762
[spec] SPEC-DECODE: 36.9 ms/tok = 27.09 tok/s  (vs base M=1 70.5 ms/tok = 14.19 tok/s -> 1.91x)
[decode] PREFILL: 1438 positions in 23297.8 ms = 61.7 tok/s (16.201 ms/tok)
[capture] wrote /home/patrickd/s5-capture/agentic-p25-b0.1/c4/cap/shard_p427_s001438.dspc  1438 tok x (3 taps + 1 lm_in) x 4096 = 44.9 MB (32.0 KB/tok)
[probe] wrote 16 draft probes (block=5) to /home/patrickd/s5-capture/agentic-p25-b0.1/c4/cap/drafts_p427_s001438.txt
[spec] decoding 8 tokens (block=5, draft passes=1, adaptK=1.50, prompt=427 s=1439)...
  [margins] 18.13 11.75 13.10 2.70 0.65  K=5
  verify 1: accepted 4/4 (K=5) + correction -> +5 tokens (162.3 ms)  cpos=1443
  [margins] 17.85 17.95 16.65 11.96 9.38  K=6
  verify 2: accepted 5/5 (K=6) + correction -> +6 tokens (177.5 ms)  cpos=1449

[spec] generated 11 tokens over 2 verifies: mean tokens/verify = 5.50 (block=5, max 6)
[spec] tokens: 3180 92834 11 4190 14 778 5260 260 81691 305 260
[spec] SPEC-DECODE: 29.6 ms/tok = 33.81 tok/s  (vs base M=1 70.5 ms/tok = 14.19 tok/s -> 2.38x)
[decode] PREFILL: 1062 positions in 17076.8 ms = 62.2 tok/s (16.080 ms/tok)
[capture] wrote /home/patrickd/s5-capture/agentic-p25-b0.1/c4/cap/shard_p428_s001062.dspc  1062 tok x (3 taps + 1 lm_in) x 4096 = 33.2 MB (32.0 KB/tok)
[probe] wrote 16 draft probes (block=5) to /home/patrickd/s5-capture/agentic-p25-b0.1/c4/cap/drafts_p428_s001062.txt
[spec] decoding 8 tokens (block=5, draft passes=1, adaptK=1.50, prompt=428 s=1063)...
  [margins] 9.78 16.75 8.85 9.34 17.01  K=6
  verify 1: accepted 5/5 (K=6) + correction -> +6 tokens (173.0 ms)  cpos=1068
  [margins] 9.56 17.47 8.69 8.76 17.56  K=6
  verify 2: accepted 5/5 (K=6) + correction -> +6 tokens (162.1 ms)  cpos=1074

[spec] generated 12 tokens over 2 verifies: mean tokens/verify = 6.00 (block=5, max 6)
[spec] tokens: 11628 32854 16 11628 32854 16 11628 32854 16 11628 32854 16
[spec] SPEC-DECODE: 27.0 ms/tok = 37.02 tok/s  (vs base M=1 70.5 ms/tok = 14.19 tok/s -> 2.61x)
[decode] PREFILL: 1052 positions in 16892.6 ms = 62.3 tok/s (16.058 ms/tok)
[capture] wrote /home/patrickd/s5-capture/agentic-p25-b0.1/c4/cap/shard_p429_s001052.dspc  1052 tok x (3 taps + 1 lm_in) x 4096 = 32.9 MB (32.0 KB/tok)
[probe] wrote 16 draft probes (block=5) to /home/patrickd/s5-capture/agentic-p25-b0.1/c4/cap/drafts_p429_s001052.txt
[spec] decoding 8 tokens (block=5, draft passes=1, adaptK=1.50, prompt=429 s=1053)...
  [margins] 7.58 10.77 14.01 13.45 12.64  K=6
  verify 1: accepted 5/5 (K=6) + correction -> +6 tokens (173.9 ms)  cpos=1058
  [margins] 8.87 11.08 13.41 12.90 11.39  K=6
  verify 2: accepted 5/5 (K=6) + correction -> +6 tokens (175.1 ms)  cpos=1064

[spec] generated 12 tokens over 2 verifies: mean tokens/verify = 6.00 (block=5, max 6)
[spec] tokens: 455 4181 344 4813 16 3749 455 4181 344 4813 16 3749
[spec] SPEC-DECODE: 29.2 ms/tok = 34.26 tok/s  (vs base M=1 70.5 ms/tok = 14.19 tok/s -> 2.41x)
[decode] PREFILL: 1091 positions in 17540.3 ms = 62.2 tok/s (16.077 ms/tok)
[capture] wrote /home/patrickd/s5-capture/agentic-p25-b0.1/c4/cap/shard_p430_s001091.dspc  1091 tok x (3 taps + 1 lm_in) x 4096 = 34.1 MB (32.0 KB/tok)
[probe] wrote 16 draft probes (block=5) to /home/patrickd/s5-capture/agentic-p25-b0.1/c4/cap/drafts_p430_s001091.txt
[spec] decoding 8 tokens (block=5, draft passes=1, adaptK=1.50, prompt=430 s=1092)...
  [margins] 15.12 14.77 14.86 14.74 13.07  K=6
  verify 1: accepted 5/5 (K=6) + correction -> +6 tokens (178.0 ms)  cpos=1097
  [margins] 18.77 21.24 13.31 16.15 13.18  K=6
  verify 2: accepted 5/5 (K=6) + correction -> +6 tokens (170.9 ms)  cpos=1103

[spec] generated 12 tokens over 2 verifies: mean tokens/verify = 6.00 (block=5, max 6)
[spec] tokens: 16448 80157 4565 16 16448 16 2743 91 16 16448 16 27328
[spec] SPEC-DECODE: 28.5 ms/tok = 35.12 tok/s  (vs base M=1 70.5 ms/tok = 14.19 tok/s -> 2.47x)
[decode] PREFILL: 1055 positions in 16927.2 ms = 62.3 tok/s (16.045 ms/tok)
[capture] wrote /home/patrickd/s5-capture/agentic-p25-b0.1/c4/cap/shard_p431_s001055.dspc  1055 tok x (3 taps + 1 lm_in) x 4096 = 33.0 MB (32.0 KB/tok)
[probe] wrote 16 draft probes (block=5) to /home/patrickd/s5-capture/agentic-p25-b0.1/c4/cap/drafts_p431_s001055.txt
[spec] decoding 8 tokens (block=5, draft passes=1, adaptK=1.50, prompt=431 s=1056)...
  [margins] 17.33 15.06 3.91 10.94 5.01  K=6
  verify 1: accepted 5/5 (K=6) + correction -> +6 tokens (179.7 ms)  cpos=1061
  [margins] 19.39 13.84 10.17 7.09 0.71  K=5
  verify 2: accepted 4/4 (K=5) + correction -> +5 tokens (152.0 ms)  cpos=1066

[spec] generated 11 tokens over 2 verifies: mean tokens/verify = 5.50 (block=5, max 6)
[spec] tokens: 344 9306 1561 270 7213 24579 995 5873 436 16 11780
[spec] SPEC-DECODE: 30.4 ms/tok = 32.90 tok/s  (vs base M=1 70.5 ms/tok = 14.19 tok/s -> 2.32x)
[decode] PREFILL: 1041 positions in 16726.0 ms = 62.2 tok/s (16.067 ms/tok)
[capture] wrote /home/patrickd/s5-capture/agentic-p25-b0.1/c4/cap/shard_p432_s001041.dspc  1041 tok x (3 taps + 1 lm_in) x 4096 = 32.5 MB (32.0 KB/tok)
[probe] wrote 16 draft probes (block=5) to /home/patrickd/s5-capture/agentic-p25-b0.1/c4/cap/drafts_p432_s001041.txt
[spec] decoding 8 tokens (block=5, draft passes=1, adaptK=1.50, prompt=432 s=1042)...
  [margins] 20.08 10.66 15.20 15.65 10.78  K=6
  verify 1: accepted 5/5 (K=6) + correction -> +6 tokens (166.7 ms)  cpos=1047
  [margins] 19.06 10.36 14.73 15.91 9.97  K=6
  verify 2: accepted 5/5 (K=6) + correction -> +6 tokens (166.9 ms)  cpos=1053

[spec] generated 12 tokens over 2 verifies: mean tokens/verify = 6.00 (block=5, max 6)
[spec] tokens: 22138 16 6000 22138 16 6000 22138 16 6000 22138 16 6000
[spec] SPEC-DECODE: 27.8 ms/tok = 35.95 tok/s  (vs base M=1 70.5 ms/tok = 14.19 tok/s -> 2.53x)
[decode] PREFILL: 1038 positions in 16670.0 ms = 62.3 tok/s (16.060 ms/tok)
[capture] wrote /home/patrickd/s5-capture/agentic-p25-b0.1/c4/cap/shard_p433_s001038.dspc  1038 tok x (3 taps + 1 lm_in) x 4096 = 32.4 MB (32.0 KB/tok)
[probe] wrote 16 draft probes (block=5) to /home/patrickd/s5-capture/agentic-p25-b0.1/c4/cap/drafts_p433_s001038.txt
[spec] decoding 8 tokens (block=5, draft passes=1, adaptK=1.50, prompt=433 s=1039)...
  [margins] 16.49 7.84 8.36 8.08 2.40  K=6
  verify 1: accepted 2/5 (K=6) + correction -> +3 tokens (181.5 ms)  cpos=1041
  [margins] 15.10 13.48 10.71 11.39 1.79  K=6
  verify 2: accepted 4/5 (K=6) + correction -> +5 tokens (170.5 ms)  cpos=1046

[spec] generated 8 tokens over 2 verifies: mean tokens/verify = 4.00 (block=5, max 6)
[spec] tokens: 16 13378 12656 344 14325 14 418 7135
[spec] SPEC-DECODE: 34.1 ms/tok = 29.33 tok/s  (vs base M=1 70.5 ms/tok = 14.19 tok/s -> 2.07x)
[decode] PREFILL: 2204 positions in 36543.9 ms = 60.3 tok/s (16.581 ms/tok)
[capture] wrote /home/patrickd/s5-capture/agentic-p25-b0.1/c4/cap/shard_p434_s002204.dspc  2204 tok x (3 taps + 1 lm_in) x 4096 = 68.9 MB (32.0 KB/tok)
[probe] wrote 16 draft probes (block=5) to /home/patrickd/s5-capture/agentic-p25-b0.1/c4/cap/drafts_p434_s002204.txt
[spec] decoding 8 tokens (block=5, draft passes=1, adaptK=1.50, prompt=434 s=2205)...
  [margins] 9.70 1.97 0.27 7.15 1.91  K=3
  verify 1: accepted 2/2 (K=3) + correction -> +3 tokens (132.1 ms)  cpos=2207
  [margins] 16.72 12.83 0.61 0.41 2.27  K=3
  verify 2: accepted 2/2 (K=3) + correction -> +3 tokens (128.6 ms)  cpos=2210
  [margins] 6.61 0.86 2.02 13.41 10.90  K=2
  verify 3: accepted 1/1 (K=2) + correction -> +2 tokens (115.6 ms)  cpos=2212

[spec] generated 8 tokens over 3 verifies: mean tokens/verify = 2.67 (block=5, max 6)
[spec] tokens: 296 47878 7342 266 480 5249 435 3503
[spec] SPEC-DECODE: 48.9 ms/tok = 20.47 tok/s  (vs base M=1 70.5 ms/tok = 14.19 tok/s -> 1.44x)
[decode] PREFILL: 1145 positions in 18428.3 ms = 62.1 tok/s (16.095 ms/tok)
[capture] wrote /home/patrickd/s5-capture/agentic-p25-b0.1/c4/cap/shard_p435_s001145.dspc  1145 tok x (3 taps + 1 lm_in) x 4096 = 35.8 MB (32.0 KB/tok)
[probe] wrote 16 draft probes (block=5) to /home/patrickd/s5-capture/agentic-p25-b0.1/c4/cap/drafts_p435_s001145.txt
[spec] decoding 8 tokens (block=5, draft passes=1, adaptK=1.50, prompt=435 s=1146)...
  [margins] 2.06 3.34 0.80 0.24 1.29  K=3
  verify 1: accepted 0/2 (K=3) + correction -> +1 tokens (127.7 ms)  cpos=1146
  [margins] 0.36 7.84 3.69 0.27 6.55  K=4
  verify 2: accepted 0/3 (K=4) + correction -> +1 tokens (134.5 ms)  cpos=1147
  [margins] 5.14 3.12 0.57 0.22 1.20  K=3
  verify 3: accepted 2/2 (K=3) + correction -> +3 tokens (120.6 ms)  cpos=1150
  [margins] 11.15 1.07 0.87 1.18 1.90  K=2
  verify 4: accepted 1/1 (K=2) + correction -> +2 tokens (121.9 ms)  cpos=1152
  [margins] 2.37 0.79 0.35 0.84 0.21  K=2
  verify 5: accepted 1/1 (K=2) + correction -> +2 tokens (106.9 ms)  cpos=1154

[spec] generated 9 tokens over 5 verifies: mean tokens/verify = 1.80 (block=5, max 6)
[spec] tokens: 14 790 436 990 6192 304 41202 305 74015
[spec] SPEC-DECODE: 60.5 ms/tok = 16.53 tok/s  (vs base M=1 70.5 ms/tok = 14.19 tok/s -> 1.16x)
[decode] PREFILL: 1087 positions in 17454.5 ms = 62.3 tok/s (16.057 ms/tok)
[capture] wrote /home/patrickd/s5-capture/agentic-p25-b0.1/c4/cap/shard_p436_s001087.dspc  1087 tok x (3 taps + 1 lm_in) x 4096 = 34.0 MB (32.0 KB/tok)
[probe] wrote 16 draft probes (block=5) to /home/patrickd/s5-capture/agentic-p25-b0.1/c4/cap/drafts_p436_s001087.txt
[spec] decoding 8 tokens (block=5, draft passes=1, adaptK=1.50, prompt=436 s=1088)...
  [margins] 12.52 11.57 15.17 13.40 6.52  K=6
  verify 1: accepted 5/5 (K=6) + correction -> +6 tokens (175.1 ms)  cpos=1093
  [margins] 16.77 17.02 13.27 10.42 13.45  K=6
  verify 2: accepted 5/5 (K=6) + correction -> +6 tokens (164.9 ms)  cpos=1099

[spec] generated 12 tokens over 2 verifies: mean tokens/verify = 6.00 (block=5, max 6)
[spec] tokens: 16 1119 6712 3051 16 1119 6712 3051 16 1119 6712 3051
[spec] SPEC-DECODE: 27.5 ms/tok = 36.38 tok/s  (vs base M=1 70.5 ms/tok = 14.19 tok/s -> 2.56x)
[decode] PREFILL: 1071 positions in 17202.2 ms = 62.3 tok/s (16.062 ms/tok)
[capture] wrote /home/patrickd/s5-capture/agentic-p25-b0.1/c4/cap/shard_p437_s001071.dspc  1071 tok x (3 taps + 1 lm_in) x 4096 = 33.5 MB (32.0 KB/tok)
[probe] wrote 16 draft probes (block=5) to /home/patrickd/s5-capture/agentic-p25-b0.1/c4/cap/drafts_p437_s001071.txt
[spec] decoding 8 tokens (block=5, draft passes=1, adaptK=1.50, prompt=437 s=1072)...
  [margins] 13.35 1.47 4.53 0.82 2.59  K=2
  verify 1: accepted 1/1 (K=2) + correction -> +2 tokens (115.2 ms)  cpos=1073
  [margins] 18.12 7.70 8.08 1.31 1.53  K=4
  verify 2: accepted 3/3 (K=4) + correction -> +4 tokens (134.9 ms)  cpos=1077
  [margins] 9.37 2.92 0.22 3.76 0.61  K=3
  verify 3: accepted 2/2 (K=3) + correction -> +3 tokens (124.0 ms)  cpos=1080

[spec] generated 9 tokens over 3 verifies: mean tokens/verify = 3.00 (block=5, max 6)
[spec] tokens: 339 5718 678 322 41678 28 582 6878 9045
[spec] SPEC-DECODE: 37.0 ms/tok = 27.04 tok/s  (vs base M=1 70.5 ms/tok = 14.19 tok/s -> 1.91x)
[decode] PREFILL: 1418 positions in 22969.4 ms = 61.7 tok/s (16.198 ms/tok)
[capture] wrote /home/patrickd/s5-capture/agentic-p25-b0.1/c4/cap/shard_p438_s001418.dspc  1418 tok x (3 taps + 1 lm_in) x 4096 = 44.3 MB (32.0 KB/tok)
[probe] wrote 16 draft probes (block=5) to /home/patrickd/s5-capture/agentic-p25-b0.1/c4/cap/drafts_p438_s001418.txt
[spec] decoding 8 tokens (block=5, draft passes=1, adaptK=1.50, prompt=438 s=1419)...
  [margins] 15.53 6.96 5.57 0.03 0.61  K=4
  verify 1: accepted 3/3 (K=4) + correction -> +4 tokens (147.5 ms)  cpos=1422
  [margins] 16.05 8.91 8.53 3.16 1.62  K=6
  verify 2: accepted 4/5 (K=6) + correction -> +5 tokens (179.8 ms)  cpos=1427

[spec] generated 9 tokens over 2 verifies: mean tokens/verify = 4.50 (block=5, max 6)
[spec] tokens: 4338 295 6218 5997 469 3808 5899 16 1
[spec] SPEC-DECODE: 36.0 ms/tok = 27.81 tok/s  (vs base M=1 70.5 ms/tok = 14.19 tok/s -> 1.96x)
[decode] PREFILL: 1054 positions in 16926.4 ms = 62.3 tok/s (16.059 ms/tok)
[capture] wrote /home/patrickd/s5-capture/agentic-p25-b0.1/c4/cap/shard_p439_s001054.dspc  1054 tok x (3 taps + 1 lm_in) x 4096 = 32.9 MB (32.0 KB/tok)
[probe] wrote 16 draft probes (block=5) to /home/patrickd/s5-capture/agentic-p25-b0.1/c4/cap/drafts_p439_s001054.txt
[spec] decoding 8 tokens (block=5, draft passes=1, adaptK=1.50, prompt=439 s=1055)...
  [margins] 16.37 16.35 13.32 12.44 7.26  K=6
  verify 1: accepted 5/5 (K=6) + correction -> +6 tokens (176.2 ms)  cpos=1060
  [margins] 19.53 21.41 13.92 11.34 10.76  K=6
  verify 2: accepted 5/5 (K=6) + correction -> +6 tokens (166.4 ms)  cpos=1066

[spec] generated 12 tokens over 2 verifies: mean tokens/verify = 6.00 (block=5, max 6)
[spec] tokens: 10558 791 16 458 115496 76942 10676 13098 16 394 16 53358
[spec] SPEC-DECODE: 27.7 ms/tok = 36.05 tok/s  (vs base M=1 70.5 ms/tok = 14.19 tok/s -> 2.54x)
[decode] PREFILL: 1410 positions in 22853.5 ms = 61.7 tok/s (16.208 ms/tok)
[capture] wrote /home/patrickd/s5-capture/agentic-p25-b0.1/c4/cap/shard_p440_s001410.dspc  1410 tok x (3 taps + 1 lm_in) x 4096 = 44.1 MB (32.0 KB/tok)
[probe] wrote 16 draft probes (block=5) to /home/patrickd/s5-capture/agentic-p25-b0.1/c4/cap/drafts_p440_s001410.txt
[spec] decoding 8 tokens (block=5, draft passes=1, adaptK=1.50, prompt=440 s=1411)...
  [margins] 23.16 15.90 14.14 8.31 4.04  K=6
  verify 1: accepted 5/5 (K=6) + correction -> +6 tokens (184.2 ms)  cpos=1416
  [margins] 14.01 9.92 11.04 1.53 2.09  K=6
  verify 2: accepted 5/5 (K=6) + correction -> +6 tokens (175.4 ms)  cpos=1422

[spec] generated 12 tokens over 2 verifies: mean tokens/verify = 6.00 (block=5, max 6)
[spec] tokens: 14 436 990 43375 396 295 5773 223 939 20 14 471
[spec] SPEC-DECODE: 29.2 ms/tok = 34.20 tok/s  (vs base M=1 70.5 ms/tok = 14.19 tok/s -> 2.41x)
[decode] PREFILL: 1712 positions in 27960.0 ms = 61.2 tok/s (16.332 ms/tok)
[capture] wrote /home/patrickd/s5-capture/agentic-p25-b0.1/c4/cap/shard_p441_s001712.dspc  1712 tok x (3 taps + 1 lm_in) x 4096 = 53.5 MB (32.0 KB/tok)
[probe] wrote 16 draft probes (block=5) to /home/patrickd/s5-capture/agentic-p25-b0.1/c4/cap/drafts_p441_s001712.txt
[spec] decoding 8 tokens (block=5, draft passes=1, adaptK=1.50, prompt=441 s=1713)...
  [margins] 12.98 18.89 17.30 16.33 10.04  K=6
  verify 1: accepted 5/5 (K=6) + correction -> +6 tokens (183.7 ms)  cpos=1718
  [margins] 11.27 15.13 14.58 14.20 4.17  K=6
  verify 2: accepted 5/5 (K=6) + correction -> +6 tokens (179.3 ms)  cpos=1724

[spec] generated 12 tokens over 2 verifies: mean tokens/verify = 6.00 (block=5, max 6)
[spec] tokens: 18054 9917 14 305 37166 16665 477 710 9475 412 7165 294
[spec] SPEC-DECODE: 29.9 ms/tok = 33.47 tok/s  (vs base M=1 70.5 ms/tok = 14.19 tok/s -> 2.36x)
[decode] PREFILL: 1417 positions in 22959.6 ms = 61.7 tok/s (16.203 ms/tok)
[capture] wrote /home/patrickd/s5-capture/agentic-p25-b0.1/c4/cap/shard_p442_s001417.dspc  1417 tok x (3 taps + 1 lm_in) x 4096 = 44.3 MB (32.0 KB/tok)
[probe] wrote 16 draft probes (block=5) to /home/patrickd/s5-capture/agentic-p25-b0.1/c4/cap/drafts_p442_s001417.txt
[spec] decoding 8 tokens (block=5, draft passes=1, adaptK=1.50, prompt=442 s=1418)...
  [margins] 14.63 12.37 16.79 13.36 13.34  K=6
  verify 1: accepted 5/5 (K=6) + correction -> +6 tokens (178.1 ms)  cpos=1423
  [margins] 15.08 21.72 10.36 9.98 10.92  K=6
  verify 2: accepted 5/5 (K=6) + correction -> +6 tokens (175.7 ms)  cpos=1429

[spec] generated 12 tokens over 2 verifies: mean tokens/verify = 6.00 (block=5, max 6)
[spec] tokens: 295 270 2496 851 4067 14 17919 513 68546 16 455 3967
[spec] SPEC-DECODE: 29.3 ms/tok = 34.14 tok/s  (vs base M=1 70.5 ms/tok = 14.19 tok/s -> 2.41x)
[decode] PREFILL: 1080 positions in 17356.8 ms = 62.2 tok/s (16.071 ms/tok)
[capture] wrote /home/patrickd/s5-capture/agentic-p25-b0.1/c4/cap/shard_p443_s001080.dspc  1080 tok x (3 taps + 1 lm_in) x 4096 = 33.8 MB (32.0 KB/tok)
[probe] wrote 16 draft probes (block=5) to /home/patrickd/s5-capture/agentic-p25-b0.1/c4/cap/drafts_p443_s001080.txt
[spec] decoding 8 tokens (block=5, draft passes=1, adaptK=1.50, prompt=443 s=1081)...
  [margins] 18.88 13.30 16.58 5.28 13.46  K=6
  verify 1: accepted 5/5 (K=6) + correction -> +6 tokens (171.7 ms)  cpos=1086
  [margins] 14.91 10.69 11.45 9.90 12.01  K=6
  verify 2: accepted 5/5 (K=6) + correction -> +6 tokens (176.3 ms)  cpos=1092

[spec] generated 12 tokens over 2 verifies: mean tokens/verify = 6.00 (block=5, max 6)
[spec] tokens: 4256 759 366 270 2310 294 19526 16 3749 455 4105 344
[spec] SPEC-DECODE: 29.4 ms/tok = 34.03 tok/s  (vs base M=1 70.5 ms/tok = 14.19 tok/s -> 2.40x)
[decode] PREFILL: 1173 positions in 18917.7 ms = 62.0 tok/s (16.128 ms/tok)
[capture] wrote /home/patrickd/s5-capture/agentic-p25-b0.1/c4/cap/shard_p444_s001173.dspc  1173 tok x (3 taps + 1 lm_in) x 4096 = 36.7 MB (32.0 KB/tok)
[probe] wrote 16 draft probes (block=5) to /home/patrickd/s5-capture/agentic-p25-b0.1/c4/cap/drafts_p444_s001173.txt
[spec] decoding 8 tokens (block=5, draft passes=1, adaptK=1.50, prompt=444 s=1174)...
  [margins] 1.36 1.90 0.37 2.51 3.38  K=3
  verify 1: accepted 0/2 (K=3) + correction -> +1 tokens (126.2 ms)  cpos=1174
  [margins] 3.97 1.52 0.51 2.02 0.93  K=3
  verify 2: accepted 1/2 (K=3) + correction -> +2 tokens (123.8 ms)  cpos=1176
  [margins] 0.64 0.16 1.25 2.69 1.90  K=2
  verify 3: accepted 1/1 (K=2) + correction -> +2 tokens (106.5 ms)  cpos=1178
  [margins] 3.19 1.32 0.02 1.03 1.90  K=2
  verify 4: accepted 1/1 (K=2) + correction -> +2 tokens (111.9 ms)  cpos=1180
  [margins] 3.92 0.27 1.29 1.28 4.34  K=2
  verify 5: accepted 1/1 (K=2) + correction -> +2 tokens (105.8 ms)  cpos=1182

[spec] generated 9 tokens over 5 verifies: mean tokens/verify = 1.80 (block=5, max 6)
[spec] tokens: 3277 1951 14 412 270 22896 4800 3052 2041
[spec] SPEC-DECODE: 56.0 ms/tok = 17.86 tok/s  (vs base M=1 70.5 ms/tok = 14.19 tok/s -> 1.26x)
[decode] PREFILL: 1090 positions in 17531.3 ms = 62.2 tok/s (16.084 ms/tok)
[capture] wrote /home/patrickd/s5-capture/agentic-p25-b0.1/c4/cap/shard_p445_s001090.dspc  1090 tok x (3 taps + 1 lm_in) x 4096 = 34.1 MB (32.0 KB/tok)
[probe] wrote 16 draft probes (block=5) to /home/patrickd/s5-capture/agentic-p25-b0.1/c4/cap/drafts_p445_s001090.txt
[spec] decoding 8 tokens (block=5, draft passes=1, adaptK=1.50, prompt=445 s=1091)...
  [margins] 17.51 17.86 9.54 13.88 13.11  K=6
  verify 1: accepted 5/5 (K=6) + correction -> +6 tokens (180.3 ms)  cpos=1096
  [margins] 16.78 17.52 12.54 16.14 16.03  K=6
  verify 2: accepted 5/5 (K=6) + correction -> +6 tokens (172.2 ms)  cpos=1102

[spec] generated 12 tokens over 2 verifies: mean tokens/verify = 6.00 (block=5, max 6)
[spec] tokens: 35946 295 24412 418 1119 10451 17554 16 455 3510 6704 477
[spec] SPEC-DECODE: 28.7 ms/tok = 34.85 tok/s  (vs base M=1 70.5 ms/tok = 14.19 tok/s -> 2.46x)
[decode] PREFILL: 1391 positions in 22507.7 ms = 61.8 tok/s (16.181 ms/tok)
[capture] wrote /home/patrickd/s5-capture/agentic-p25-b0.1/c4/cap/shard_p446_s001391.dspc  1391 tok x (3 taps + 1 lm_in) x 4096 = 43.5 MB (32.0 KB/tok)
[probe] wrote 16 draft probes (block=5) to /home/patrickd/s5-capture/agentic-p25-b0.1/c4/cap/drafts_p446_s001391.txt
[spec] decoding 8 tokens (block=5, draft passes=1, adaptK=1.50, prompt=446 s=1392)...
  [margins] 13.02 12.87 13.79 11.87 8.92  K=6
  verify 1: accepted 5/5 (K=6) + correction -> +6 tokens (181.3 ms)  cpos=1397
  [margins] 14.25 14.34 14.74 7.36 13.26  K=6
  verify 2: accepted 5/5 (K=6) + correction -> +6 tokens (171.9 ms)  cpos=1403

[spec] generated 12 tokens over 2 verifies: mean tokens/verify = 6.00 (block=5, max 6)
[spec] tokens: 223 8996 18 16835 3749 223 8996 18 16835 3749 223 8996
[spec] SPEC-DECODE: 28.7 ms/tok = 34.90 tok/s  (vs base M=1 70.5 ms/tok = 14.19 tok/s -> 2.46x)
[decode] PREFILL: 1075 positions in 17273.3 ms = 62.2 tok/s (16.068 ms/tok)
[capture] wrote /home/patrickd/s5-capture/agentic-p25-b0.1/c4/cap/shard_p447_s001075.dspc  1075 tok x (3 taps + 1 lm_in) x 4096 = 33.6 MB (32.0 KB/tok)
[probe] wrote 16 draft probes (block=5) to /home/patrickd/s5-capture/agentic-p25-b0.1/c4/cap/drafts_p447_s001075.txt
[spec] decoding 8 tokens (block=5, draft passes=1, adaptK=1.50, prompt=447 s=1076)...
  [margins] 10.51 10.47 13.15 10.50 6.81  K=6
  verify 1: accepted 5/5 (K=6) + correction -> +6 tokens (176.2 ms)  cpos=1081
  [margins] 11.12 11.45 9.66 7.74 9.65  K=6
  verify 2: accepted 5/5 (K=6) + correction -> +6 tokens (162.9 ms)  cpos=1087

[spec] generated 12 tokens over 2 verifies: mean tokens/verify = 6.00 (block=5, max 6)
[spec] tokens: 88 1827 29 16 88 1827 29 16 88 1827 29 16
[spec] SPEC-DECODE: 27.1 ms/tok = 36.84 tok/s  (vs base M=1 70.5 ms/tok = 14.19 tok/s -> 2.60x)
[decode] PREFILL: 1052 positions in 16886.8 ms = 62.3 tok/s (16.052 ms/tok)
[capture] wrote /home/patrickd/s5-capture/agentic-p25-b0.1/c4/cap/shard_p448_s001052.dspc  1052 tok x (3 taps + 1 lm_in) x 4096 = 32.9 MB (32.0 KB/tok)
[probe] wrote 16 draft probes (block=5) to /home/patrickd/s5-capture/agentic-p25-b0.1/c4/cap/drafts_p448_s001052.txt
[spec] decoding 8 tokens (block=5, draft passes=1, adaptK=1.50, prompt=448 s=1053)...
  [margins] 17.36 18.64 14.88 19.03 15.73  K=6
  verify 1: accepted 5/5 (K=6) + correction -> +6 tokens (172.7 ms)  cpos=1058
  [margins] 10.77 12.46 6.66 12.64 11.89  K=6
  verify 2: accepted 5/5 (K=6) + correction -> +6 tokens (176.6 ms)  cpos=1064

[spec] generated 12 tokens over 2 verifies: mean tokens/verify = 6.00 (block=5, max 6)
[spec] tokens: 15822 14 2507 582 4484 1951 3305 2052 270 32542 769 1119
[spec] SPEC-DECODE: 29.4 ms/tok = 33.98 tok/s  (vs base M=1 70.5 ms/tok = 14.19 tok/s -> 2.39x)
[decode] PREFILL: 1705 positions in 27855.6 ms = 61.2 tok/s (16.338 ms/tok)
[capture] wrote /home/patrickd/s5-capture/agentic-p25-b0.1/c4/cap/shard_p449_s001705.dspc  1705 tok x (3 taps + 1 lm_in) x 4096 = 53.3 MB (32.0 KB/tok)
[probe] wrote 16 draft probes (block=5) to /home/patrickd/s5-capture/agentic-p25-b0.1/c4/cap/drafts_p449_s001705.txt
[spec] decoding 8 tokens (block=5, draft passes=1, adaptK=1.50, prompt=449 s=1706)...
  [margins] 14.06 0.90 1.42 0.64 1.71  K=2
  verify 1: accepted 1/1 (K=2) + correction -> +2 tokens (117.3 ms)  cpos=1707
  [margins] 22.04 13.45 5.72 1.27 8.70  K=4
  verify 2: accepted 3/3 (K=4) + correction -> +4 tokens (142.1 ms)  cpos=1711
  [margins] 21.60 16.94 19.13 9.32 9.43  K=6
  verify 3: accepted 5/5 (K=6) + correction -> +6 tokens (181.6 ms)  cpos=1717

[spec] generated 12 tokens over 3 verifies: mean tokens/verify = 4.00 (block=5, max 6)
[spec] tokens: 16 455 4632 2645 513 420 12611 305 76815 2599 12927 396
[spec] SPEC-DECODE: 32.4 ms/tok = 30.89 tok/s  (vs base M=1 70.5 ms/tok = 14.19 tok/s -> 2.18x)
[decode] PREFILL: 1512 positions in 24550.9 ms = 61.6 tok/s (16.237 ms/tok)
[capture] wrote /home/patrickd/s5-capture/agentic-p25-b0.1/c4/cap/shard_p450_s001512.dspc  1512 tok x (3 taps + 1 lm_in) x 4096 = 47.3 MB (32.0 KB/tok)
[probe] wrote 16 draft probes (block=5) to /home/patrickd/s5-capture/agentic-p25-b0.1/c4/cap/drafts_p450_s001512.txt
[spec] decoding 8 tokens (block=5, draft passes=1, adaptK=1.50, prompt=450 s=1513)...
  [margins] 18.68 15.40 12.49 14.53 8.93  K=6
  verify 1: accepted 5/5 (K=6) + correction -> +6 tokens (179.7 ms)  cpos=1518
  [margins] 14.64 16.09 14.43 11.30 8.30  K=6
  verify 2: accepted 5/5 (K=6) + correction -> +6 tokens (177.4 ms)  cpos=1524

[spec] generated 12 tokens over 2 verifies: mean tokens/verify = 6.00 (block=5, max 6)
[spec] tokens: 22859 78693 12767 6726 305 13009 305 1946 509 1582 22131 33791
[spec] SPEC-DECODE: 29.6 ms/tok = 33.83 tok/s  (vs base M=1 70.5 ms/tok = 14.19 tok/s -> 2.38x)
[decode] PREFILL: 1042 positions in 16745.5 ms = 62.2 tok/s (16.070 ms/tok)
[capture] wrote /home/patrickd/s5-capture/agentic-p25-b0.1/c4/cap/shard_p451_s001042.dspc  1042 tok x (3 taps + 1 lm_in) x 4096 = 32.6 MB (32.0 KB/tok)
[probe] wrote 16 draft probes (block=5) to /home/patrickd/s5-capture/agentic-p25-b0.1/c4/cap/drafts_p451_s001042.txt
[spec] decoding 8 tokens (block=5, draft passes=1, adaptK=1.50, prompt=451 s=1043)...
  [margins] 17.40 12.32 7.54 10.41 4.70  K=6
  verify 1: accepted 5/5 (K=6) + correction -> +6 tokens (178.9 ms)  cpos=1048
  [margins] 16.11 14.56 7.08 5.99 2.67  K=6
  verify 2: accepted 5/5 (K=6) + correction -> +6 tokens (167.6 ms)  cpos=1054

[spec] generated 12 tokens over 2 verifies: mean tokens/verify = 6.00 (block=5, max 6)
[spec] tokens: 330 593 350 14862 1082 1687 579 1257 8481 1066 304 3987
[spec] SPEC-DECODE: 27.9 ms/tok = 35.79 tok/s  (vs base M=1 70.5 ms/tok = 14.19 tok/s -> 2.52x)
[decode] PREFILL: 2307 positions in 38331.7 ms = 60.2 tok/s (16.615 ms/tok)
[capture] wrote /home/patrickd/s5-capture/agentic-p25-b0.1/c4/cap/shard_p452_s002307.dspc  2307 tok x (3 taps + 1 lm_in) x 4096 = 72.1 MB (32.0 KB/tok)
[probe] wrote 16 draft probes (block=5) to /home/patrickd/s5-capture/agentic-p25-b0.1/c4/cap/drafts_p452_s002307.txt
[spec] decoding 8 tokens (block=5, draft passes=1, adaptK=1.50, prompt=452 s=2308)...
  [margins] 15.23 12.80 13.59 12.00 11.02  K=6
  verify 1: accepted 5/5 (K=6) + correction -> +6 tokens (196.3 ms)  cpos=2313
  [margins] 15.88 13.72 15.35 14.58 11.50  K=6
  verify 2: accepted 5/5 (K=6) + correction -> +6 tokens (183.1 ms)  cpos=2319

[spec] generated 12 tokens over 2 verifies: mean tokens/verify = 6.00 (block=5, max 6)
[spec] tokens: 790 13226 270 9380 1529 16 455 26863 990 6192 304 260
[spec] SPEC-DECODE: 30.5 ms/tok = 32.78 tok/s  (vs base M=1 70.5 ms/tok = 14.19 tok/s -> 2.31x)
[decode] PREFILL: 1686 positions in 27534.1 ms = 61.2 tok/s (16.331 ms/tok)
[capture] wrote /home/patrickd/s5-capture/agentic-p25-b0.1/c4/cap/shard_p453_s001686.dspc  1686 tok x (3 taps + 1 lm_in) x 4096 = 52.7 MB (32.0 KB/tok)
[probe] wrote 16 draft probes (block=5) to /home/patrickd/s5-capture/agentic-p25-b0.1/c4/cap/drafts_p453_s001686.txt
[spec] decoding 8 tokens (block=5, draft passes=1, adaptK=1.50, prompt=453 s=1687)...
  [margins] 4.38 7.08 6.27 0.39 4.82  K=4
  verify 1: accepted 0/3 (K=4) + correction -> +1 tokens (144.9 ms)  cpos=1687
  [margins] 8.13 11.19 10.96 1.87 0.62  K=5
  verify 2: accepted 4/4 (K=5) + correction -> +5 tokens (159.2 ms)  cpos=1692
  [margins] 2.23 3.60 1.65 2.59 4.72  K=6
  verify 3: accepted 3/5 (K=6) + correction -> +4 tokens (169.1 ms)  cpos=1696

[spec] generated 10 tokens over 3 verifies: mean tokens/verify = 3.33 (block=5, max 6)
[spec] tokens: 356 16 3749 11 56 1289 16 3749 11 56
[spec] SPEC-DECODE: 36.5 ms/tok = 27.41 tok/s  (vs base M=1 70.5 ms/tok = 14.19 tok/s -> 1.93x)
[decode] PREFILL: 1414 positions in 22909.4 ms = 61.7 tok/s (16.202 ms/tok)
[capture] wrote /home/patrickd/s5-capture/agentic-p25-b0.1/c4/cap/shard_p454_s001414.dspc  1414 tok x (3 taps + 1 lm_in) x 4096 = 44.2 MB (32.0 KB/tok)
[probe] wrote 16 draft probes (block=5) to /home/patrickd/s5-capture/agentic-p25-b0.1/c4/cap/drafts_p454_s001414.txt
[spec] decoding 8 tokens (block=5, draft passes=1, adaptK=1.50, prompt=454 s=1415)...
  [margins] 19.30 12.75 13.72 9.80 9.04  K=6
  verify 1: accepted 5/5 (K=6) + correction -> +6 tokens (182.3 ms)  cpos=1420
  [margins] 15.91 17.48 12.63 9.96 16.39  K=6
  verify 2: accepted 5/5 (K=6) + correction -> +6 tokens (172.0 ms)  cpos=1426

[spec] generated 12 tokens over 2 verifies: mean tokens/verify = 6.00 (block=5, max 6)
[spec] tokens: 223 643 27 16 455 6805 8029 5045 294 270 3702 4106
[spec] SPEC-DECODE: 28.7 ms/tok = 34.89 tok/s  (vs base M=1 70.5 ms/tok = 14.19 tok/s -> 2.46x)
[decode] PREFILL: 1206 positions in 19445.6 ms = 62.0 tok/s (16.124 ms/tok)
[capture] wrote /home/patrickd/s5-capture/agentic-p25-b0.1/c4/cap/shard_p455_s001206.dspc  1206 tok x (3 taps + 1 lm_in) x 4096 = 37.7 MB (32.0 KB/tok)
[probe] wrote 16 draft probes (block=5) to /home/patrickd/s5-capture/agentic-p25-b0.1/c4/cap/drafts_p455_s001206.txt
[spec] decoding 8 tokens (block=5, draft passes=1, adaptK=1.50, prompt=455 s=1207)...
  [margins] 1.50 0.55 1.04 1.53 0.20  K=2
  verify 1: accepted 0/1 (K=2) + correction -> +1 tokens (116.4 ms)  cpos=1207
  [margins] 5.59 1.24 0.74 1.47 3.59  K=2
  verify 2: accepted 1/1 (K=2) + correction -> +2 tokens (114.0 ms)  cpos=1209
  [margins] 1.14 2.86 1.28 0.69 1.17  K=3
  verify 3: accepted 2/2 (K=3) + correction -> +3 tokens (122.7 ms)  cpos=1212
  [margins] 4.18 0.02 0.32 0.91 1.64  K=2
  verify 4: accepted 1/1 (K=2) + correction -> +2 tokens (106.1 ms)  cpos=1214

[spec] generated 8 tokens over 4 verifies: mean tokens/verify = 2.00 (block=5, max 6)
[spec] tokens: 59148 16 2275 436 515 9196 14 260
[spec] SPEC-DECODE: 49.0 ms/tok = 20.42 tok/s  (vs base M=1 70.5 ms/tok = 14.19 tok/s -> 1.44x)
[decode] PREFILL: 2252 positions in 37362.1 ms = 60.3 tok/s (16.591 ms/tok)
[capture] wrote /home/patrickd/s5-capture/agentic-p25-b0.1/c4/cap/shard_p456_s002252.dspc  2252 tok x (3 taps + 1 lm_in) x 4096 = 70.4 MB (32.0 KB/tok)
[probe] wrote 16 draft probes (block=5) to /home/patrickd/s5-capture/agentic-p25-b0.1/c4/cap/drafts_p456_s002252.txt
[spec] decoding 8 tokens (block=5, draft passes=1, adaptK=1.50, prompt=456 s=2253)...
  [margins] 15.26 15.33 15.37 12.71 11.55  K=6
  verify 1: accepted 5/5 (K=6) + correction -> +6 tokens (187.2 ms)  cpos=2258
  [margins] 15.18 12.71 22.87 9.02 11.43  K=6
  verify 2: accepted 5/5 (K=6) + correction -> +6 tokens (180.8 ms)  cpos=2264

[spec] generated 12 tokens over 2 verifies: mean tokens/verify = 6.00 (block=5, max 6)
[spec] tokens: 23231 5310 14 778 7837 436 304 125131 8196 27689 34246 7240
[spec] SPEC-DECODE: 30.1 ms/tok = 33.18 tok/s  (vs base M=1 70.5 ms/tok = 14.19 tok/s -> 2.34x)
[decode] PREFILL: 1123 positions in 18072.9 ms = 62.1 tok/s (16.093 ms/tok)
[capture] wrote /home/patrickd/s5-capture/agentic-p25-b0.1/c4/cap/shard_p457_s001123.dspc  1123 tok x (3 taps + 1 lm_in) x 4096 = 35.1 MB (32.0 KB/tok)
[probe] wrote 16 draft probes (block=5) to /home/patrickd/s5-capture/agentic-p25-b0.1/c4/cap/drafts_p457_s001123.txt
[spec] decoding 8 tokens (block=5, draft passes=1, adaptK=1.50, prompt=457 s=1124)...
  [margins] 18.59 16.17 15.84 12.98 11.83  K=6
  verify 1: accepted 5/5 (K=6) + correction -> +6 tokens (180.7 ms)  cpos=1129
  [margins] 12.27 17.62 14.58 12.34 7.14  K=6
  verify 2: accepted 5/5 (K=6) + correction -> +6 tokens (172.3 ms)  cpos=1135

[spec] generated 12 tokens over 2 verifies: mean tokens/verify = 6.00 (block=5, max 6)
[spec] tokens: 11 295 45604 305 28577 2595 295 9905 362 270 2894 223
[spec] SPEC-DECODE: 28.7 ms/tok = 34.82 tok/s  (vs base M=1 70.5 ms/tok = 14.19 tok/s -> 2.45x)
[decode] PREFILL: 1418 positions in 22976.7 ms = 61.7 tok/s (16.204 ms/tok)
[capture] wrote /home/patrickd/s5-capture/agentic-p25-b0.1/c4/cap/shard_p458_s001418.dspc  1418 tok x (3 taps + 1 lm_in) x 4096 = 44.3 MB (32.0 KB/tok)
[probe] wrote 16 draft probes (block=5) to /home/patrickd/s5-capture/agentic-p25-b0.1/c4/cap/drafts_p458_s001418.txt
[spec] decoding 8 tokens (block=5, draft passes=1, adaptK=1.50, prompt=458 s=1419)...
  [margins] 15.82 5.23 10.89 9.73 9.30  K=6
  verify 1: accepted 5/5 (K=6) + correction -> +6 tokens (183.5 ms)  cpos=1424
  [margins] 17.10 4.46 5.35 7.70 4.50  K=6
  verify 2: accepted 5/5 (K=6) + correction -> +6 tokens (169.4 ms)  cpos=1430

[spec] generated 12 tokens over 2 verifies: mean tokens/verify = 6.00 (block=5, max 6)
[spec] tokens: 9208 16 2899 6536 477 270 1975 339 32111 377 270 14108
[spec] SPEC-DECODE: 28.2 ms/tok = 35.43 tok/s  (vs base M=1 70.5 ms/tok = 14.19 tok/s -> 2.50x)
[decode] PREFILL: 1409 positions in 22829.6 ms = 61.7 tok/s (16.203 ms/tok)
[capture] wrote /home/patrickd/s5-capture/agentic-p25-b0.1/c4/cap/shard_p459_s001409.dspc  1409 tok x (3 taps + 1 lm_in) x 4096 = 44.0 MB (32.0 KB/tok)
[probe] wrote 16 draft probes (block=5) to /home/patrickd/s5-capture/agentic-p25-b0.1/c4/cap/drafts_p459_s001409.txt
[spec] decoding 8 tokens (block=5, draft passes=1, adaptK=1.50, prompt=459 s=1410)...
  [margins] 10.76 12.67 19.46 13.25 13.05  K=6
  verify 1: accepted 5/5 (K=6) + correction -> +6 tokens (167.6 ms)  cpos=1415
  [margins] 10.76 13.79 19.06 13.59 13.09  K=6
  verify 2: accepted 5/5 (K=6) + correction -> +6 tokens (171.1 ms)  cpos=1421

[spec] generated 12 tokens over 2 verifies: mean tokens/verify = 6.00 (block=5, max 6)
[spec] tokens: 16 44171 8308 16 44171 8308 16 44171 8308 16 44171 8308
[spec] SPEC-DECODE: 28.5 ms/tok = 35.07 tok/s  (vs base M=1 70.5 ms/tok = 14.19 tok/s -> 2.47x)
[decode] PREFILL: 1116 positions in 17947.7 ms = 62.2 tok/s (16.082 ms/tok)
[capture] wrote /home/patrickd/s5-capture/agentic-p25-b0.1/c4/cap/shard_p460_s001116.dspc  1116 tok x (3 taps + 1 lm_in) x 4096 = 34.9 MB (32.0 KB/tok)
[probe] wrote 16 draft probes (block=5) to /home/patrickd/s5-capture/agentic-p25-b0.1/c4/cap/drafts_p460_s001116.txt
[spec] decoding 8 tokens (block=5, draft passes=1, adaptK=1.50, prompt=460 s=1117)...
  [margins] 16.11 12.46 16.28 8.91 11.38  K=6
  verify 1: accepted 5/5 (K=6) + correction -> +6 tokens (177.0 ms)  cpos=1122
  [margins] 16.48 15.93 8.71 10.07 8.18  K=6
  verify 2: accepted 5/5 (K=6) + correction -> +6 tokens (174.9 ms)  cpos=1128

[spec] generated 12 tokens over 2 verifies: mean tokens/verify = 6.00 (block=5, max 6)
[spec] tokens: 8102 16 2052 270 3967 734 5118 20328 260 4072 4271 14
[spec] SPEC-DECODE: 29.1 ms/tok = 34.31 tok/s  (vs base M=1 70.5 ms/tok = 14.19 tok/s -> 2.42x)
[decode] PREFILL: 1100 positions in 17692.9 ms = 62.2 tok/s (16.084 ms/tok)
[capture] wrote /home/patrickd/s5-capture/agentic-p25-b0.1/c4/cap/shard_p461_s001100.dspc  1100 tok x (3 taps + 1 lm_in) x 4096 = 34.4 MB (32.0 KB/tok)
[probe] wrote 16 draft probes (block=5) to /home/patrickd/s5-capture/agentic-p25-b0.1/c4/cap/drafts_p461_s001100.txt
[spec] decoding 8 tokens (block=5, draft passes=1, adaptK=1.50, prompt=461 s=1101)...
  [margins] 9.79 17.53 8.47 10.57 10.75  K=6
  verify 1: accepted 5/5 (K=6) + correction -> +6 tokens (175.8 ms)  cpos=1106
  [margins] 15.41 13.84 13.52 8.85 15.71  K=6
  verify 2: accepted 5/5 (K=6) + correction -> +6 tokens (176.1 ms)  cpos=1112

[spec] generated 12 tokens over 2 verifies: mean tokens/verify = 6.00 (block=5, max 6)
[spec] tokens: 271 30 3567 11305 4105 32 50 1925 84 271 30 3567
[spec] SPEC-DECODE: 29.4 ms/tok = 34.06 tok/s  (vs base M=1 70.5 ms/tok = 14.19 tok/s -> 2.40x)
[decode] PREFILL: 1395 positions in 22587.7 ms = 61.8 tok/s (16.192 ms/tok)
[capture] wrote /home/patrickd/s5-capture/agentic-p25-b0.1/c4/cap/shard_p462_s001395.dspc  1395 tok x (3 taps + 1 lm_in) x 4096 = 43.6 MB (32.0 KB/tok)
[probe] wrote 16 draft probes (block=5) to /home/patrickd/s5-capture/agentic-p25-b0.1/c4/cap/drafts_p462_s001395.txt
[spec] decoding 8 tokens (block=5, draft passes=1, adaptK=1.50, prompt=462 s=1396)...
  [margins] 20.92 8.79 11.92 10.60 16.27  K=6
  verify 1: accepted 5/5 (K=6) + correction -> +6 tokens (183.4 ms)  cpos=1401
  [margins] 13.12 12.46 10.37 10.55 8.71  K=6
  verify 2: accepted 5/5 (K=6) + correction -> +6 tokens (173.7 ms)  cpos=1407

[spec] generated 12 tokens over 2 verifies: mean tokens/verify = 6.00 (block=5, max 6)
[spec] tokens: 18437 14 270 1630 104807 7949 9206 3504 15106 509 270 4712
[spec] SPEC-DECODE: 28.9 ms/tok = 34.54 tok/s  (vs base M=1 70.5 ms/tok = 14.19 tok/s -> 2.43x)
[decode] PREFILL: 1096 positions in 17637.4 ms = 62.1 tok/s (16.092 ms/tok)
[capture] wrote /home/patrickd/s5-capture/agentic-p25-b0.1/c4/cap/shard_p463_s001096.dspc  1096 tok x (3 taps + 1 lm_in) x 4096 = 34.3 MB (32.0 KB/tok)
[probe] wrote 16 draft probes (block=5) to /home/patrickd/s5-capture/agentic-p25-b0.1/c4/cap/drafts_p463_s001096.txt
[spec] decoding 8 tokens (block=5, draft passes=1, adaptK=1.50, prompt=463 s=1097)...
  [margins] 24.26 15.53 19.58 17.52 12.88  K=6
  verify 1: accepted 5/5 (K=6) + correction -> +6 tokens (175.8 ms)  cpos=1102
  [margins] 19.66 18.74 13.05 14.49 12.45  K=6
  verify 2: accepted 5/5 (K=6) + correction -> +6 tokens (176.7 ms)  cpos=1108

[spec] generated 12 tokens over 2 verifies: mean tokens/verify = 6.00 (block=5, max 6)
[spec] tokens: 582 14588 3362 28612 23437 981 3362 582 121715 406 4166 1760
[spec] SPEC-DECODE: 29.5 ms/tok = 33.95 tok/s  (vs base M=1 70.5 ms/tok = 14.19 tok/s -> 2.39x)
[decode] PREFILL: 1224 positions in 19751.1 ms = 62.0 tok/s (16.137 ms/tok)
[capture] wrote /home/patrickd/s5-capture/agentic-p25-b0.1/c4/cap/shard_p464_s001224.dspc  1224 tok x (3 taps + 1 lm_in) x 4096 = 38.3 MB (32.0 KB/tok)
[probe] wrote 16 draft probes (block=5) to /home/patrickd/s5-capture/agentic-p25-b0.1/c4/cap/drafts_p464_s001224.txt
[spec] decoding 8 tokens (block=5, draft passes=1, adaptK=1.50, prompt=464 s=1225)...
  [margins] 0.32 0.78 4.46 4.21 0.80  K=2
  verify 1: accepted 0/1 (K=2) + correction -> +1 tokens (112.9 ms)  cpos=1225
  [margins] 11.87 0.62 1.25 5.91 5.37  K=2
  verify 2: accepted 1/1 (K=2) + correction -> +2 tokens (108.8 ms)  cpos=1227
  [margins] 0.70 0.79 1.08 1.35 2.24  K=2
  verify 3: accepted 0/1 (K=2) + correction -> +1 tokens (111.5 ms)  cpos=1228
  [margins] 0.42 3.58 0.89 0.33 0.34  K=3
  verify 4: accepted 1/2 (K=3) + correction -> +2 tokens (122.7 ms)  cpos=1230
  [margins] 0.98 0.43 0.76 1.33 0.08  K=2
  verify 5: accepted 0/1 (K=2) + correction -> +1 tokens (111.4 ms)  cpos=1231
  [margins] 1.86 1.28 0.71 4.78 3.56  K=2
  verify 6: accepted 0/1 (K=2) + correction -> +1 tokens (111.9 ms)  cpos=1232

[spec] generated 8 tokens over 6 verifies: mean tokens/verify = 1.33 (block=5, max 6)
[spec] tokens: 270 1975 1820 16 1 3749 1 3749
[spec] SPEC-DECODE: 80.9 ms/tok = 12.36 tok/s  (vs base M=1 70.5 ms/tok = 14.19 tok/s -> 0.87x)
[decode] PREFILL: 1520 positions in 24686.6 ms = 61.6 tok/s (16.241 ms/tok)
[capture] wrote /home/patrickd/s5-capture/agentic-p25-b0.1/c4/cap/shard_p465_s001520.dspc  1520 tok x (3 taps + 1 lm_in) x 4096 = 47.5 MB (32.0 KB/tok)
[probe] wrote 16 draft probes (block=5) to /home/patrickd/s5-capture/agentic-p25-b0.1/c4/cap/drafts_p465_s001520.txt
[spec] decoding 8 tokens (block=5, draft passes=1, adaptK=1.50, prompt=465 s=1521)...
  [margins] 5.78 11.85 11.62 7.69 1.61  K=6
  verify 1: accepted 4/5 (K=6) + correction -> +5 tokens (178.6 ms)  cpos=1525
  [margins] 11.53 16.08 10.81 3.65 3.88  K=6
  verify 2: accepted 5/5 (K=6) + correction -> +6 tokens (171.6 ms)  cpos=1531

[spec] generated 11 tokens over 2 verifies: mean tokens/verify = 5.50 (block=5, max 6)
[spec] tokens: 27 515 411 4018 1082 1093 223 864 14 1320 2009
[spec] SPEC-DECODE: 28.6 ms/tok = 34.97 tok/s  (vs base M=1 70.5 ms/tok = 14.19 tok/s -> 2.46x)
[decode] PREFILL: 1607 positions in 26181.5 ms = 61.4 tok/s (16.292 ms/tok)
[capture] wrote /home/patrickd/s5-capture/agentic-p25-b0.1/c4/cap/shard_p466_s001607.dspc  1607 tok x (3 taps + 1 lm_in) x 4096 = 50.2 MB (32.0 KB/tok)
[probe] wrote 16 draft probes (block=5) to /home/patrickd/s5-capture/agentic-p25-b0.1/c4/cap/drafts_p466_s001607.txt
[spec] decoding 8 tokens (block=5, draft passes=1, adaptK=1.50, prompt=466 s=1608)...
  [margins] 15.21 13.80 13.36 14.71 12.85  K=6
  verify 1: accepted 5/5 (K=6) + correction -> +6 tokens (179.8 ms)  cpos=1613
  [margins] 12.92 17.72 15.34 11.43 11.28  K=6
  verify 2: accepted 5/5 (K=6) + correction -> +6 tokens (170.8 ms)  cpos=1619

[spec] generated 12 tokens over 2 verifies: mean tokens/verify = 6.00 (block=5, max 6)
[spec] tokens: 40 16 721 70 40 16 721 70 40 16 721 70
[spec] SPEC-DECODE: 28.5 ms/tok = 35.13 tok/s  (vs base M=1 70.5 ms/tok = 14.19 tok/s -> 2.48x)
[decode] PREFILL: 1258 positions in 20287.6 ms = 62.0 tok/s (16.127 ms/tok)
[capture] wrote /home/patrickd/s5-capture/agentic-p25-b0.1/c4/cap/shard_p467_s001258.dspc  1258 tok x (3 taps + 1 lm_in) x 4096 = 39.3 MB (32.0 KB/tok)
[probe] wrote 16 draft probes (block=5) to /home/patrickd/s5-capture/agentic-p25-b0.1/c4/cap/drafts_p467_s001258.txt
[spec] decoding 8 tokens (block=5, draft passes=1, adaptK=1.50, prompt=467 s=1259)...
  [margins] 11.99 11.79 12.02 3.15 5.91  K=6
  verify 1: accepted 3/5 (K=6) + correction -> +4 tokens (177.9 ms)  cpos=1262
  [margins] 11.39 12.54 11.66 6.61 7.54  K=6
  verify 2: accepted 3/5 (K=6) + correction -> +4 tokens (170.5 ms)  cpos=1266

[spec] generated 8 tokens over 2 verifies: mean tokens/verify = 4.00 (block=5, max 6)
[spec] tokens: 3749 11 3749 11 3749 11 3749 11
[spec] SPEC-DECODE: 42.6 ms/tok = 23.46 tok/s  (vs base M=1 70.5 ms/tok = 14.19 tok/s -> 1.65x)
[decode] PREFILL: 1396 positions in 22606.6 ms = 61.8 tok/s (16.194 ms/tok)
[capture] wrote /home/patrickd/s5-capture/agentic-p25-b0.1/c4/cap/shard_p468_s001396.dspc  1396 tok x (3 taps + 1 lm_in) x 4096 = 43.6 MB (32.0 KB/tok)
[probe] wrote 16 draft probes (block=5) to /home/patrickd/s5-capture/agentic-p25-b0.1/c4/cap/drafts_p468_s001396.txt
[spec] decoding 8 tokens (block=5, draft passes=1, adaptK=1.50, prompt=468 s=1397)...
  [margins] 16.25 13.80 10.38 9.39 12.48  K=6
  verify 1: accepted 5/5 (K=6) + correction -> +6 tokens (176.4 ms)  cpos=1402
  [margins] 23.11 12.23 12.46 10.22 10.88  K=6
  verify 2: accepted 5/5 (K=6) + correction -> +6 tokens (194.0 ms)  cpos=1408

[spec] generated 12 tokens over 2 verifies: mean tokens/verify = 6.00 (block=5, max 6)
[spec] tokens: 1119 863 16 314 289 3248 7958 271 671 18560 294 82118
[spec] SPEC-DECODE: 32.3 ms/tok = 30.92 tok/s  (vs base M=1 70.5 ms/tok = 14.19 tok/s -> 2.18x)
[decode] PREFILL: 1062 positions in 17065.1 ms = 62.2 tok/s (16.069 ms/tok)
[capture] wrote /home/patrickd/s5-capture/agentic-p25-b0.1/c4/cap/shard_p469_s001062.dspc  1062 tok x (3 taps + 1 lm_in) x 4096 = 33.2 MB (32.0 KB/tok)
[probe] wrote 16 draft probes (block=5) to /home/patrickd/s5-capture/agentic-p25-b0.1/c4/cap/drafts_p469_s001062.txt
[spec] decoding 8 tokens (block=5, draft passes=1, adaptK=1.50, prompt=469 s=1063)...
  [margins] 17.11 11.80 15.74 15.49 12.50  K=6
  verify 1: accepted 5/5 (K=6) + correction -> +6 tokens (177.8 ms)  cpos=1068
  [margins] 17.24 7.90 2.98 3.51 8.10  K=6
  verify 2: accepted 5/5 (K=6) + correction -> +6 tokens (168.0 ms)  cpos=1074

[spec] generated 12 tokens over 2 verifies: mean tokens/verify = 6.00 (block=5, max 6)
[spec] tokens: 21347 18586 582 58681 67335 65 6895 4 329 271 43 1114
[spec] SPEC-DECODE: 28.0 ms/tok = 35.71 tok/s  (vs base M=1 70.5 ms/tok = 14.19 tok/s -> 2.52x)
[decode] PREFILL: 1348 positions in 21804.0 ms = 61.8 tok/s (16.175 ms/tok)
[capture] wrote /home/patrickd/s5-capture/agentic-p25-b0.1/c4/cap/shard_p470_s001348.dspc  1348 tok x (3 taps + 1 lm_in) x 4096 = 42.1 MB (32.0 KB/tok)
[probe] wrote 16 draft probes (block=5) to /home/patrickd/s5-capture/agentic-p25-b0.1/c4/cap/drafts_p470_s001348.txt
[spec] decoding 8 tokens (block=5, draft passes=1, adaptK=1.50, prompt=470 s=1349)...
  [margins] 14.78 15.86 14.71 13.71 11.80  K=6
  verify 1: accepted 5/5 (K=6) + correction -> +6 tokens (174.1 ms)  cpos=1354
  [margins] 8.40 14.80 16.53 13.25 15.58  K=6
  verify 2: accepted 5/5 (K=6) + correction -> +6 tokens (174.9 ms)  cpos=1360

[spec] generated 12 tokens over 2 verifies: mean tokens/verify = 6.00 (block=5, max 6)
[spec] tokens: 7639 15396 344 411 7639 2573 305 17300 260 12587 2994 16
[spec] SPEC-DECODE: 29.2 ms/tok = 34.30 tok/s  (vs base M=1 70.5 ms/tok = 14.19 tok/s -> 2.42x)
[decode] PREFILL: 1049 positions in 16845.7 ms = 62.3 tok/s (16.059 ms/tok)
[capture] wrote /home/patrickd/s5-capture/agentic-p25-b0.1/c4/cap/shard_p471_s001049.dspc  1049 tok x (3 taps + 1 lm_in) x 4096 = 32.8 MB (32.0 KB/tok)
[probe] wrote 16 draft probes (block=5) to /home/patrickd/s5-capture/agentic-p25-b0.1/c4/cap/drafts_p471_s001049.txt
[spec] decoding 8 tokens (block=5, draft passes=1, adaptK=1.50, prompt=471 s=1050)...
  [margins] 19.48 10.95 15.56 14.80 7.99  K=6
  verify 1: accepted 5/5 (K=6) + correction -> +6 tokens (172.6 ms)  cpos=1055
  [margins] 20.67 18.83 15.92 13.08 13.82  K=6
  verify 2: accepted 5/5 (K=6) + correction -> +6 tokens (169.8 ms)  cpos=1061

[spec] generated 12 tokens over 2 verifies: mean tokens/verify = 6.00 (block=5, max 6)
[spec] tokens: 1354 270 14705 2310 16 4147 554 3394 1117 2777 11968 469
[spec] SPEC-DECODE: 28.3 ms/tok = 35.33 tok/s  (vs base M=1 70.5 ms/tok = 14.19 tok/s -> 2.49x)
[decode] PREFILL: 1103 positions in 17727.8 ms = 62.2 tok/s (16.072 ms/tok)
[capture] wrote /home/patrickd/s5-capture/agentic-p25-b0.1/c4/cap/shard_p472_s001103.dspc  1103 tok x (3 taps + 1 lm_in) x 4096 = 34.5 MB (32.0 KB/tok)
[probe] wrote 16 draft probes (block=5) to /home/patrickd/s5-capture/agentic-p25-b0.1/c4/cap/drafts_p472_s001103.txt
[spec] decoding 8 tokens (block=5, draft passes=1, adaptK=1.50, prompt=472 s=1104)...
  [margins] 15.74 16.49 15.40 13.39 7.75  K=6
  verify 1: accepted 5/5 (K=6) + correction -> +6 tokens (182.5 ms)  cpos=1109
  [margins] 18.36 18.05 17.23 17.39 13.46  K=6
  verify 2: accepted 5/5 (K=6) + correction -> +6 tokens (170.0 ms)  cpos=1115

[spec] generated 12 tokens over 2 verifies: mean tokens/verify = 6.00 (block=5, max 6)
[spec] tokens: 588 366 16961 418 270 3510 6704 14 696 554 1635 890
[spec] SPEC-DECODE: 28.3 ms/tok = 35.29 tok/s  (vs base M=1 70.5 ms/tok = 14.19 tok/s -> 2.49x)
[decode] PREFILL: 1065 positions in 17116.2 ms = 62.2 tok/s (16.072 ms/tok)
[capture] wrote /home/patrickd/s5-capture/agentic-p25-b0.1/c4/cap/shard_p473_s001065.dspc  1065 tok x (3 taps + 1 lm_in) x 4096 = 33.3 MB (32.0 KB/tok)
[probe] wrote 16 draft probes (block=5) to /home/patrickd/s5-capture/agentic-p25-b0.1/c4/cap/drafts_p473_s001065.txt
[spec] decoding 8 tokens (block=5, draft passes=1, adaptK=1.50, prompt=473 s=1066)...
  [margins] 10.71 0.06 0.64 1.98 0.31  K=2
  verify 1: accepted 1/1 (K=2) + correction -> +2 tokens (108.8 ms)  cpos=1067
  [margins] 1.46 5.75 4.49 3.18 3.84  K=6
  verify 2: accepted 0/5 (K=6) + correction -> +1 tokens (175.7 ms)  cpos=1068
  [margins] 16.94 2.50 2.15 4.23 0.05  K=5
  verify 3: accepted 2/4 (K=5) + correction -> +3 tokens (148.2 ms)  cpos=1071
  [margins] 12.10 1.06 2.89 4.42 1.90  K=2
  verify 4: accepted 1/1 (K=2) + correction -> +2 tokens (107.5 ms)  cpos=1073

[spec] generated 8 tokens over 4 verifies: mean tokens/verify = 2.00 (block=5, max 6)
[spec] tokens: 1910 3132 513 3132 979 19 16 2619
[spec] SPEC-DECODE: 71.9 ms/tok = 13.91 tok/s  (vs base M=1 70.5 ms/tok = 14.19 tok/s -> 0.98x)
[decode] PREFILL: 1117 positions in 17945.4 ms = 62.2 tok/s (16.066 ms/tok)
[capture] wrote /home/patrickd/s5-capture/agentic-p25-b0.1/c4/cap/shard_p474_s001117.dspc  1117 tok x (3 taps + 1 lm_in) x 4096 = 34.9 MB (32.0 KB/tok)
[probe] wrote 16 draft probes (block=5) to /home/patrickd/s5-capture/agentic-p25-b0.1/c4/cap/drafts_p474_s001117.txt
[spec] decoding 8 tokens (block=5, draft passes=1, adaptK=1.50, prompt=474 s=1118)...
  [margins] 10.49 9.45 11.59 8.70 10.23  K=6
  verify 1: accepted 5/5 (K=6) + correction -> +6 tokens (167.0 ms)  cpos=1123
  [margins] 11.62 8.98 12.58 8.98 10.24  K=6
  verify 2: accepted 5/5 (K=6) + correction -> +6 tokens (167.8 ms)  cpos=1129

[spec] generated 12 tokens over 2 verifies: mean tokens/verify = 6.00 (block=5, max 6)
[spec] tokens: 455 16 455 16 455 16 455 16 455 16 455 16
[spec] SPEC-DECODE: 28.0 ms/tok = 35.75 tok/s  (vs base M=1 70.5 ms/tok = 14.19 tok/s -> 2.52x)
[decode] PREFILL: 1461 positions in 23693.3 ms = 61.7 tok/s (16.217 ms/tok)
[capture] wrote /home/patrickd/s5-capture/agentic-p25-b0.1/c4/cap/shard_p475_s001461.dspc  1461 tok x (3 taps + 1 lm_in) x 4096 = 45.7 MB (32.0 KB/tok)
[probe] wrote 16 draft probes (block=5) to /home/patrickd/s5-capture/agentic-p25-b0.1/c4/cap/drafts_p475_s001461.txt
[spec] decoding 8 tokens (block=5, draft passes=1, adaptK=1.50, prompt=475 s=1462)...
  [margins] 13.31 13.76 13.07 13.35 12.30  K=6
  verify 1: accepted 5/5 (K=6) + correction -> +6 tokens (171.2 ms)  cpos=1467
  [margins] 11.68 14.19 12.02 13.49 11.21  K=6
  verify 2: accepted 5/5 (K=6) + correction -> +6 tokens (170.5 ms)  cpos=1473

[spec] generated 12 tokens over 2 verifies: mean tokens/verify = 6.00 (block=5, max 6)
[spec] tokens: 16 70404 16 70404 16 70404 16 70404 16 70404 16 70404
[spec] SPEC-DECODE: 28.4 ms/tok = 35.19 tok/s  (vs base M=1 70.5 ms/tok = 14.19 tok/s -> 2.48x)
[decode] PREFILL: 1036 positions in 16620.9 ms = 62.3 tok/s (16.043 ms/tok)
[capture] wrote /home/patrickd/s5-capture/agentic-p25-b0.1/c4/cap/shard_p476_s001036.dspc  1036 tok x (3 taps + 1 lm_in) x 4096 = 32.4 MB (32.0 KB/tok)
[probe] wrote 16 draft probes (block=5) to /home/patrickd/s5-capture/agentic-p25-b0.1/c4/cap/drafts_p476_s001036.txt
[spec] decoding 8 tokens (block=5, draft passes=1, adaptK=1.50, prompt=476 s=1037)...
  [margins] 12.17 14.02 19.04 16.20 23.02  K=6
  verify 1: accepted 5/5 (K=6) + correction -> +6 tokens (175.3 ms)  cpos=1042
  [margins] 11.95 10.05 16.34 8.07 10.46  K=6
  verify 2: accepted 5/5 (K=6) + correction -> +6 tokens (175.9 ms)  cpos=1048

[spec] generated 12 tokens over 2 verifies: mean tokens/verify = 6.00 (block=5, max 6)
[spec] tokens: 84525 1715 73075 76665 95328 2193 17 7019 4628 93806 17 7593
[spec] SPEC-DECODE: 29.3 ms/tok = 34.11 tok/s  (vs base M=1 70.5 ms/tok = 14.19 tok/s -> 2.40x)
[decode] PREFILL: 1116 positions in 17950.1 ms = 62.2 tok/s (16.084 ms/tok)
[capture] wrote /home/patrickd/s5-capture/agentic-p25-b0.1/c4/cap/shard_p477_s001116.dspc  1116 tok x (3 taps + 1 lm_in) x 4096 = 34.9 MB (32.0 KB/tok)
[probe] wrote 16 draft probes (block=5) to /home/patrickd/s5-capture/agentic-p25-b0.1/c4/cap/drafts_p477_s001116.txt
[spec] decoding 8 tokens (block=5, draft passes=1, adaptK=1.50, prompt=477 s=1117)...
  [margins] 2.46 8.04 4.36 0.01 9.97  K=4
  verify 1: accepted 3/3 (K=4) + correction -> +4 tokens (141.0 ms)  cpos=1120
  [margins] 14.29 0.55 0.80 7.33 0.32  K=2
  verify 2: accepted 1/1 (K=2) + correction -> +2 tokens (102.6 ms)  cpos=1122
  [margins] 5.22 7.10 4.09 5.22 1.59  K=6
  verify 3: accepted 3/5 (K=6) + correction -> +4 tokens (172.0 ms)  cpos=1126

[spec] generated 10 tokens over 3 verifies: mean tokens/verify = 3.33 (block=5, max 6)
[spec] tokens: 2737 540 2713 3749 11 5737 38564 3749 11 41
[spec] SPEC-DECODE: 45.8 ms/tok = 21.85 tok/s  (vs base M=1 70.5 ms/tok = 14.19 tok/s -> 1.54x)
[decode] PREFILL: 1075 positions in 17281.0 ms = 62.2 tok/s (16.075 ms/tok)
[capture] wrote /home/patrickd/s5-capture/agentic-p25-b0.1/c4/cap/shard_p478_s001075.dspc  1075 tok x (3 taps + 1 lm_in) x 4096 = 33.6 MB (32.0 KB/tok)
[probe] wrote 16 draft probes (block=5) to /home/patrickd/s5-capture/agentic-p25-b0.1/c4/cap/drafts_p478_s001075.txt
[spec] decoding 8 tokens (block=5, draft passes=1, adaptK=1.50, prompt=478 s=1076)...
  [margins] 16.54 13.59 5.98 0.00 2.98  K=4
  verify 1: accepted 3/3 (K=4) + correction -> +4 tokens (143.5 ms)  cpos=1079
  [margins] 14.64 14.98 6.38 3.67 0.13  K=5
  verify 2: accepted 3/4 (K=5) + correction -> +4 tokens (158.5 ms)  cpos=1083

[spec] generated 8 tokens over 2 verifies: mean tokens/verify = 4.00 (block=5, max 6)
[spec] tokens: 90 33 60 92 367 33 60 40686
[spec] SPEC-DECODE: 39.6 ms/tok = 25.24 tok/s  (vs base M=1 70.5 ms/tok = 14.19 tok/s -> 1.78x)
[decode] PREFILL: 1055 positions in 16931.9 ms = 62.3 tok/s (16.049 ms/tok)
[capture] wrote /home/patrickd/s5-capture/agentic-p25-b0.1/c4/cap/shard_p479_s001055.dspc  1055 tok x (3 taps + 1 lm_in) x 4096 = 33.0 MB (32.0 KB/tok)
[probe] wrote 16 draft probes (block=5) to /home/patrickd/s5-capture/agentic-p25-b0.1/c4/cap/drafts_p479_s001055.txt
[spec] decoding 8 tokens (block=5, draft passes=1, adaptK=1.50, prompt=479 s=1056)...
  [margins] 20.70 17.97 12.05 15.73 7.89  K=6
  verify 1: accepted 5/5 (K=6) + correction -> +6 tokens (181.4 ms)  cpos=1061
  [margins] 10.55 13.76 8.08 12.68 9.92  K=6
  verify 2: accepted 5/5 (K=6) + correction -> +6 tokens (168.4 ms)  cpos=1067

[spec] generated 12 tokens over 2 verifies: mean tokens/verify = 6.00 (block=5, max 6)
[spec] tokens: 31861 59959 113718 1281 4367 5225 9854 16 455 6319 6107 1114
[spec] SPEC-DECODE: 28.1 ms/tok = 35.63 tok/s  (vs base M=1 70.5 ms/tok = 14.19 tok/s -> 2.51x)
[decode] PREFILL: 1511 positions in 24525.7 ms = 61.6 tok/s (16.231 ms/tok)
[capture] wrote /home/patrickd/s5-capture/agentic-p25-b0.1/c4/cap/shard_p480_s001511.dspc  1511 tok x (3 taps + 1 lm_in) x 4096 = 47.2 MB (32.0 KB/tok)
[probe] wrote 16 draft probes (block=5) to /home/patrickd/s5-capture/agentic-p25-b0.1/c4/cap/drafts_p480_s001511.txt
[spec] decoding 8 tokens (block=5, draft passes=1, adaptK=1.50, prompt=480 s=1512)...
  [margins] 8.77 15.74 8.73 14.62 8.32  K=6
  verify 1: accepted 5/5 (K=6) + correction -> +6 tokens (177.1 ms)  cpos=1517
  [margins] 9.82 15.87 10.27 14.86 8.57  K=6
  verify 2: accepted 5/5 (K=6) + correction -> +6 tokens (165.0 ms)  cpos=1523

[spec] generated 12 tokens over 2 verifies: mean tokens/verify = 6.00 (block=5, max 6)
[spec] tokens: 16 10987 16 10987 16 10987 16 10987 16 10987 16 10987
[spec] SPEC-DECODE: 27.5 ms/tok = 36.36 tok/s  (vs base M=1 70.5 ms/tok = 14.19 tok/s -> 2.56x)
[decode] PREFILL: 1083 positions in 17379.1 ms = 62.3 tok/s (16.047 ms/tok)
[capture] wrote /home/patrickd/s5-capture/agentic-p25-b0.1/c4/cap/shard_p481_s001083.dspc  1083 tok x (3 taps + 1 lm_in) x 4096 = 33.8 MB (32.0 KB/tok)
[probe] wrote 16 draft probes (block=5) to /home/patrickd/s5-capture/agentic-p25-b0.1/c4/cap/drafts_p481_s001083.txt
[spec] decoding 8 tokens (block=5, draft passes=1, adaptK=1.50, prompt=481 s=1084)...
  [margins] 14.17 16.09 14.73 2.04 4.83  K=6
  verify 1: accepted 3/5 (K=6) + correction -> +4 tokens (173.1 ms)  cpos=1087
  [margins] 14.65 15.95 15.11 2.38 3.69  K=6
  verify 2: accepted 3/5 (K=6) + correction -> +4 tokens (167.7 ms)  cpos=1091

[spec] generated 8 tokens over 2 verifies: mean tokens/verify = 4.00 (block=5, max 6)
[spec] tokens: 3749 11 3749 11 3749 11 3749 11
[spec] SPEC-DECODE: 41.9 ms/tok = 23.86 tok/s  (vs base M=1 70.5 ms/tok = 14.19 tok/s -> 1.68x)
[decode] PREFILL: 1088 positions in 17472.8 ms = 62.3 tok/s (16.060 ms/tok)
[capture] wrote /home/patrickd/s5-capture/agentic-p25-b0.1/c4/cap/shard_p482_s001088.dspc  1088 tok x (3 taps + 1 lm_in) x 4096 = 34.0 MB (32.0 KB/tok)
[probe] wrote 16 draft probes (block=5) to /home/patrickd/s5-capture/agentic-p25-b0.1/c4/cap/drafts_p482_s001088.txt
[spec] decoding 8 tokens (block=5, draft passes=1, adaptK=1.50, prompt=482 s=1089)...
  [margins] 12.01 19.24 11.63 10.90 9.40  K=6
  verify 1: accepted 5/5 (K=6) + correction -> +6 tokens (168.8 ms)  cpos=1094
  [margins] 13.45 11.95 10.82 12.47 6.43  K=6
  verify 2: accepted 5/5 (K=6) + correction -> +6 tokens (170.2 ms)  cpos=1100

[spec] generated 12 tokens over 2 verifies: mean tokens/verify = 6.00 (block=5, max 6)
[spec] tokens: 51 88 56 83 51 88 50 83 51 88 56 83
[spec] SPEC-DECODE: 28.4 ms/tok = 35.25 tok/s  (vs base M=1 70.5 ms/tok = 14.19 tok/s -> 2.48x)
[decode] PREFILL: 1131 positions in 18196.7 ms = 62.2 tok/s (16.089 ms/tok)
[capture] wrote /home/patrickd/s5-capture/agentic-p25-b0.1/c4/cap/shard_p483_s001131.dspc  1131 tok x (3 taps + 1 lm_in) x 4096 = 35.3 MB (32.0 KB/tok)
[probe] wrote 16 draft probes (block=5) to /home/patrickd/s5-capture/agentic-p25-b0.1/c4/cap/drafts_p483_s001131.txt
[spec] decoding 8 tokens (block=5, draft passes=1, adaptK=1.50, prompt=483 s=1132)...
  [margins] 12.39 3.94 2.83 8.87 2.69  K=6
  verify 1: accepted 1/5 (K=6) + correction -> +2 tokens (175.3 ms)  cpos=1133
  [margins] 9.96 10.80 11.90 11.81 8.64  K=6
  verify 2: accepted 5/5 (K=6) + correction -> +6 tokens (169.8 ms)  cpos=1139

[spec] generated 8 tokens over 2 verifies: mean tokens/verify = 4.00 (block=5, max 6)
[spec] tokens: 16 373 19960 14 696 554 1926 270
[spec] SPEC-DECODE: 28.3 ms/tok = 35.33 tok/s  (vs base M=1 70.5 ms/tok = 14.19 tok/s -> 2.49x)
[decode] PREFILL: 1457 positions in 23623.3 ms = 61.7 tok/s (16.214 ms/tok)
[capture] wrote /home/patrickd/s5-capture/agentic-p25-b0.1/c4/cap/shard_p484_s001457.dspc  1457 tok x (3 taps + 1 lm_in) x 4096 = 45.5 MB (32.0 KB/tok)
[probe] wrote 16 draft probes (block=5) to /home/patrickd/s5-capture/agentic-p25-b0.1/c4/cap/drafts_p484_s001457.txt
[spec] decoding 8 tokens (block=5, draft passes=1, adaptK=1.50, prompt=484 s=1458)...
  [margins] 13.61 10.45 7.91 8.78 13.67  K=6
  verify 1: accepted 5/5 (K=6) + correction -> +6 tokens (178.7 ms)  cpos=1463
  [margins] 14.99 14.33 11.17 11.87 14.02  K=6
  verify 2: accepted 5/5 (K=6) + correction -> +6 tokens (176.4 ms)  cpos=1469

[spec] generated 12 tokens over 2 verifies: mean tokens/verify = 6.00 (block=5, max 6)
[spec] tokens: 6172 287 10536 16 23021 29330 16 23021 7412 16 23021 7412
[spec] SPEC-DECODE: 29.4 ms/tok = 34.02 tok/s  (vs base M=1 70.5 ms/tok = 14.19 tok/s -> 2.40x)
[decode] PREFILL: 1134 positions in 18238.4 ms = 62.2 tok/s (16.083 ms/tok)
[capture] wrote /home/patrickd/s5-capture/agentic-p25-b0.1/c4/cap/shard_p485_s001134.dspc  1134 tok x (3 taps + 1 lm_in) x 4096 = 35.4 MB (32.0 KB/tok)
[probe] wrote 16 draft probes (block=5) to /home/patrickd/s5-capture/agentic-p25-b0.1/c4/cap/drafts_p485_s001134.txt
[spec] decoding 8 tokens (block=5, draft passes=1, adaptK=1.50, prompt=485 s=1135)...
  [margins] 1.65 6.56 0.61 0.58 0.74  K=3
  verify 1: accepted 2/2 (K=3) + correction -> +3 tokens (129.5 ms)  cpos=1137
  [margins] 7.58 5.04 3.40 6.06 0.37  K=5
  verify 2: accepted 3/4 (K=5) + correction -> +4 tokens (152.2 ms)  cpos=1141
  [margins] 12.32 6.74 7.89 2.18 5.75  K=6
  verify 3: accepted 3/5 (K=6) + correction -> +4 tokens (169.7 ms)  cpos=1145

[spec] generated 11 tokens over 3 verifies: mean tokens/verify = 3.67 (block=5, max 6)
[spec] tokens: 11810 32815 7837 362 270 4273 4606 294 7178 14 778
[spec] SPEC-DECODE: 40.2 ms/tok = 24.85 tok/s  (vs base M=1 70.5 ms/tok = 14.19 tok/s -> 1.75x)
[decode] PREFILL: 1147 positions in 18456.5 ms = 62.1 tok/s (16.091 ms/tok)
[capture] wrote /home/patrickd/s5-capture/agentic-p25-b0.1/c4/cap/shard_p486_s001147.dspc  1147 tok x (3 taps + 1 lm_in) x 4096 = 35.8 MB (32.0 KB/tok)
[probe] wrote 16 draft probes (block=5) to /home/patrickd/s5-capture/agentic-p25-b0.1/c4/cap/drafts_p486_s001147.txt
[spec] decoding 8 tokens (block=5, draft passes=1, adaptK=1.50, prompt=486 s=1148)...
  [margins] 0.70 10.12 7.17 2.17 1.29  K=5
  verify 1: accepted 0/4 (K=5) + correction -> +1 tokens (175.8 ms)  cpos=1148
  [margins] 2.91 0.76 2.31 2.40 0.54  K=2
  verify 2: accepted 1/1 (K=2) + correction -> +2 tokens (106.5 ms)  cpos=1150
  [margins] 11.07 4.44 5.10 7.40 4.69  K=6
  verify 3: accepted 5/5 (K=6) + correction -> +6 tokens (189.4 ms)  cpos=1156

[spec] generated 9 tokens over 3 verifies: mean tokens/verify = 3.00 (block=5, max 6)
[spec] tokens: 14 304 11280 786 2818 603 25 16 67188
[spec] SPEC-DECODE: 37.0 ms/tok = 27.04 tok/s  (vs base M=1 70.5 ms/tok = 14.19 tok/s -> 1.91x)
[decode] PREFILL: 1228 positions in 19805.5 ms = 62.0 tok/s (16.128 ms/tok)
[capture] wrote /home/patrickd/s5-capture/agentic-p25-b0.1/c4/cap/shard_p487_s001228.dspc  1228 tok x (3 taps + 1 lm_in) x 4096 = 38.4 MB (32.0 KB/tok)
[probe] wrote 16 draft probes (block=5) to /home/patrickd/s5-capture/agentic-p25-b0.1/c4/cap/drafts_p487_s001228.txt
[spec] decoding 8 tokens (block=5, draft passes=1, adaptK=1.50, prompt=487 s=1229)...
  [margins] 11.11 17.02 12.34 4.02 3.48  K=6
  verify 1: accepted 4/5 (K=6) + correction -> +5 tokens (174.3 ms)  cpos=1233
  [margins] 1.87 12.50 7.32 0.81 2.27  K=4
  verify 2: accepted 3/3 (K=4) + correction -> +4 tokens (139.9 ms)  cpos=1237

[spec] generated 9 tokens over 2 verifies: mean tokens/verify = 4.50 (block=5, max 6)
[spec] tokens: 20369 5485 396 26106 270 12894 294 1902 4619
[spec] SPEC-DECODE: 35.0 ms/tok = 28.60 tok/s  (vs base M=1 70.5 ms/tok = 14.19 tok/s -> 2.02x)
[decode] PREFILL: 1194 positions in 19242.0 ms = 62.1 tok/s (16.116 ms/tok)
[capture] wrote /home/patrickd/s5-capture/agentic-p25-b0.1/c4/cap/shard_p488_s001194.dspc  1194 tok x (3 taps + 1 lm_in) x 4096 = 37.3 MB (32.0 KB/tok)
[probe] wrote 16 draft probes (block=5) to /home/patrickd/s5-capture/agentic-p25-b0.1/c4/cap/drafts_p488_s001194.txt
[spec] decoding 8 tokens (block=5, draft passes=1, adaptK=1.50, prompt=488 s=1195)...
  [margins] 10.46 1.98 6.16 3.46 8.37  K=6
  verify 1: accepted 1/5 (K=6) + correction -> +2 tokens (174.3 ms)  cpos=1196
  [margins] 1.57 2.83 3.81 1.69 5.26  K=6
  verify 2: accepted 0/5 (K=6) + correction -> +1 tokens (163.2 ms)  cpos=1197
  [margins] 9.97 4.95 0.39 0.21 5.12  K=3
  verify 3: accepted 2/2 (K=3) + correction -> +3 tokens (121.6 ms)  cpos=1200
  [margins] 7.61 2.24 5.03 0.11 0.17  K=4
  verify 4: accepted 1/3 (K=4) + correction -> +2 tokens (136.4 ms)  cpos=1202

[spec] generated 8 tokens over 4 verifies: mean tokens/verify = 2.00 (block=5, max 6)
[spec] tokens: 4571 2155 20408 440 1309 12619 16 41859
[spec] SPEC-DECODE: 70.2 ms/tok = 14.24 tok/s  (vs base M=1 70.5 ms/tok = 14.19 tok/s -> 1.00x)
[decode] PREFILL: 1470 positions in 23842.4 ms = 61.7 tok/s (16.219 ms/tok)
[capture] wrote /home/patrickd/s5-capture/agentic-p25-b0.1/c4/cap/shard_p489_s001470.dspc  1470 tok x (3 taps + 1 lm_in) x 4096 = 45.9 MB (32.0 KB/tok)
[probe] wrote 16 draft probes (block=5) to /home/patrickd/s5-capture/agentic-p25-b0.1/c4/cap/drafts_p489_s001470.txt
[spec] decoding 8 tokens (block=5, draft passes=1, adaptK=1.50, prompt=489 s=1471)...
  [margins] 10.61 10.73 13.16 11.36 8.47  K=6
  verify 1: accepted 5/5 (K=6) + correction -> +6 tokens (181.0 ms)  cpos=1476
  [margins] 10.56 13.89 8.72 10.84 9.37  K=6
  verify 2: accepted 5/5 (K=6) + correction -> +6 tokens (170.1 ms)  cpos=1482

[spec] generated 12 tokens over 2 verifies: mean tokens/verify = 6.00 (block=5, max 6)
[spec] tokens: 16 455 3287 344 420 16 455 3287 344 420 16 455
[spec] SPEC-DECODE: 28.3 ms/tok = 35.28 tok/s  (vs base M=1 70.5 ms/tok = 14.19 tok/s -> 2.49x)
[decode] PREFILL: 1107 positions in 17798.5 ms = 62.2 tok/s (16.078 ms/tok)
[capture] wrote /home/patrickd/s5-capture/agentic-p25-b0.1/c4/cap/shard_p490_s001107.dspc  1107 tok x (3 taps + 1 lm_in) x 4096 = 34.6 MB (32.0 KB/tok)
[probe] wrote 16 draft probes (block=5) to /home/patrickd/s5-capture/agentic-p25-b0.1/c4/cap/drafts_p490_s001107.txt
[spec] decoding 8 tokens (block=5, draft passes=1, adaptK=1.50, prompt=490 s=1108)...
  [margins] 9.42 14.12 9.81 13.92 9.41  K=6
  verify 1: accepted 5/5 (K=6) + correction -> +6 tokens (171.4 ms)  cpos=1113
  [margins] 8.93 13.74 8.90 13.60 9.14  K=6
  verify 2: accepted 5/5 (K=6) + correction -> +6 tokens (158.4 ms)  cpos=1119

[spec] generated 12 tokens over 2 verifies: mean tokens/verify = 6.00 (block=5, max 6)
[spec] tokens: 16 25002 16 25002 16 25002 16 25002 16 25002 16 25002
[spec] SPEC-DECODE: 26.4 ms/tok = 37.87 tok/s  (vs base M=1 70.5 ms/tok = 14.19 tok/s -> 2.67x)
[decode] PREFILL: 1470 positions in 23840.7 ms = 61.7 tok/s (16.218 ms/tok)
[capture] wrote /home/patrickd/s5-capture/agentic-p25-b0.1/c4/cap/shard_p491_s001470.dspc  1470 tok x (3 taps + 1 lm_in) x 4096 = 45.9 MB (32.0 KB/tok)
[probe] wrote 16 draft probes (block=5) to /home/patrickd/s5-capture/agentic-p25-b0.1/c4/cap/drafts_p491_s001470.txt
[spec] decoding 8 tokens (block=5, draft passes=1, adaptK=1.50, prompt=491 s=1471)...
  [margins] 9.52 13.28 12.26 10.12 0.17  K=5
  verify 1: accepted 4/4 (K=5) + correction -> +5 tokens (159.8 ms)  cpos=1475
  [margins] 19.95 12.71 13.77 14.48 9.45  K=6
  verify 2: accepted 4/5 (K=6) + correction -> +5 tokens (181.9 ms)  cpos=1480

[spec] generated 10 tokens over 2 verifies: mean tokens/verify = 5.00 (block=5, max 6)
[spec] tokens: 33 539 35 16 8839 4525 201 36 16 40161
[spec] SPEC-DECODE: 36.4 ms/tok = 27.49 tok/s  (vs base M=1 70.5 ms/tok = 14.19 tok/s -> 1.94x)

[blksweep]  BLK passes adaptK->eff prompt | mean tok/verify | ms/tok | tok/s | vs base 14.19 tok/s
[blksweep]    5      1   1.50   1.50      1 |            6.00 |   29.5 | 33.84 | 2.39x
[blksweep]    5      1   1.50   1.50      2 |            6.00 |   28.1 | 35.55 | 2.51x
[blksweep]    5      1   1.50   1.50      3 |            6.00 |   29.4 | 34.04 | 2.40x
[blksweep]    5      1   1.50   1.50      4 |            6.00 |   26.1 | 38.26 | 2.70x
[blksweep]    5      1   1.50   1.50      5 |            6.00 |   28.7 | 34.82 | 2.45x
[blksweep]    5      1   1.50   1.50      6 |            6.00 |   29.7 | 33.67 | 2.37x
[blksweep]    5      1   1.50   1.50      7 |            6.00 |   31.0 | 32.31 | 2.28x
[blksweep]    5      1   1.50   1.50      8 |            6.00 |   28.6 | 35.00 | 2.47x
[blksweep]    5      1   1.50   1.50      9 |            6.00 |   29.3 | 34.15 | 2.41x
[blksweep]    5      1   1.50   1.50     10 |            6.00 |   28.3 | 35.39 | 2.49x
[blksweep]    5      1   1.50   1.50     11 |            6.00 |   28.0 | 35.71 | 2.52x
[blksweep]    5      1   1.50   1.50     12 |            6.00 |   28.3 | 35.32 | 2.49x
[blksweep]    5      1   1.50   1.50     13 |            6.00 |   28.1 | 35.60 | 2.51x
[blksweep]    5      1   1.50   1.50     14 |            5.50 |   30.0 | 33.33 | 2.35x
[blksweep]    5      1   1.50   1.50     15 |            6.00 |   28.8 | 34.70 | 2.45x
[blksweep]    5      1   1.50   1.50     16 |            3.33 |   48.5 | 20.60 | 1.45x
[blksweep]    5      1   1.50   1.50     17 |            6.00 |   28.3 | 35.39 | 2.49x
[blksweep]    5      1   1.50   1.50     18 |            6.00 |   27.7 | 36.05 | 2.54x
[blksweep]    5      1   1.50   1.50     19 |            5.50 |   31.5 | 31.73 | 2.24x
[blksweep]    5      1   1.50   1.50     20 |            4.50 |   29.5 | 33.94 | 2.39x
[blksweep]    5      1   1.50   1.50     21 |            6.00 |   29.6 | 33.74 | 2.38x
[blksweep]    5      1   1.50   1.50     22 |            6.00 |   29.5 | 33.91 | 2.39x
[blksweep]    5      1   1.50   1.50     23 |            6.00 |   27.8 | 35.95 | 2.53x
[blksweep]    5      1   1.50   1.50     24 |            5.50 |   30.5 | 32.80 | 2.31x
[blksweep]    5      1   1.50   1.50     25 |            5.50 |   30.2 | 33.09 | 2.33x
[blksweep]    5      1   1.50   1.50     26 |            6.00 |   29.7 | 33.73 | 2.38x
[blksweep]    5      1   1.50   1.50     27 |            4.00 |   40.5 | 24.68 | 1.74x
[blksweep]    5      1   1.50   1.50     28 |            6.00 |   27.6 | 36.24 | 2.55x
[blksweep]    5      1   1.50   1.50     29 |            6.00 |   28.0 | 35.70 | 2.52x
[blksweep]    5      1   1.50   1.50     30 |            6.00 |   28.4 | 35.23 | 2.48x
[blksweep]    5      1   1.50   1.50     31 |            6.00 |   29.7 | 33.71 | 2.38x
[blksweep]    5      1   1.50   1.50     32 |            6.00 |   28.1 | 35.61 | 2.51x
[blksweep]    5      1   1.50   1.50     33 |            4.00 |   58.8 | 17.02 | 1.20x
[blksweep]    5      1   1.50   1.50     34 |            3.33 |   51.1 | 19.56 | 1.38x
[blksweep]    5      1   1.50   1.50     35 |            6.00 |   28.9 | 34.63 | 2.44x
[blksweep]    5      1   1.50   1.50     36 |            6.00 |   27.9 | 35.82 | 2.52x
[blksweep]    5      1   1.50   1.50     37 |            6.00 |   29.1 | 34.40 | 2.42x
[blksweep]    5      1   1.50   1.50     38 |            6.00 |   29.4 | 34.02 | 2.40x
[blksweep]    5      1   1.50   1.50     39 |            6.00 |   29.1 | 34.33 | 2.42x
[blksweep]    5      1   1.50   1.50     40 |            6.00 |   28.0 | 35.71 | 2.52x
[blksweep]    5      1   1.50   1.50     41 |            3.00 |   48.3 | 20.71 | 1.46x
[blksweep]    5      1   1.50   1.50     42 |            6.00 |   28.2 | 35.48 | 2.50x
[blksweep]    5      1   1.50   1.50     43 |            4.00 |   41.2 | 24.29 | 1.71x
[blksweep]    5      1   1.50   1.50     44 |            6.00 |   31.0 | 32.25 | 2.27x
[blksweep]    5      1   1.50   1.50     45 |            6.00 |   29.7 | 33.66 | 2.37x
[blksweep]    5      1   1.50   1.50     46 |            6.00 |   28.9 | 34.61 | 2.44x
[blksweep]    5      1   1.50   1.50     47 |            6.00 |   28.2 | 35.48 | 2.50x
[blksweep]    5      1   1.50   1.50     48 |            4.33 |   28.7 | 34.85 | 2.46x
[blksweep]    5      1   1.50   1.50     49 |            6.00 |   27.0 | 37.02 | 2.61x
[blksweep]    5      1   1.50   1.50     50 |            6.00 |   29.5 | 33.94 | 2.39x
[blksweep]    5      1   1.50   1.50     51 |            2.20 |   54.1 | 18.50 | 1.30x
[blksweep]    5      1   1.50   1.50     52 |            6.00 |   29.8 | 33.60 | 2.37x
[blksweep]    5      1   1.50   1.50     53 |            6.00 |   28.0 | 35.74 | 2.52x
[blksweep]    5      1   1.50   1.50     54 |            6.00 |   27.7 | 36.07 | 2.54x
[blksweep]    5      1   1.50   1.50     55 |            6.00 |   27.5 | 36.38 | 2.56x
[blksweep]    5      1   1.50   1.50     56 |            6.00 |   29.1 | 34.34 | 2.42x
[blksweep]    5      1   1.50   1.50     57 |            4.50 |   34.7 | 28.83 | 2.03x
[blksweep]    5      1   1.50   1.50     58 |            2.00 |   71.2 | 14.05 | 0.99x
[blksweep]    5      1   1.50   1.50     59 |            6.00 |   28.3 | 35.29 | 2.49x
[blksweep]    5      1   1.50   1.50     60 |            6.00 |   26.8 | 37.33 | 2.63x
[blksweep]    5      1   1.50   1.50     61 |            6.00 |   27.7 | 36.14 | 2.55x
[blksweep]    5      1   1.50   1.50     62 |            6.00 |   27.1 | 36.96 | 2.60x
[blksweep]    5      1   1.50   1.50     63 |            6.00 |   28.4 | 35.19 | 2.48x
[blksweep]    5      1   1.50   1.50     64 |            4.00 |   35.5 | 28.14 | 1.98x
[blksweep]    5      1   1.50   1.50     65 |            6.00 |   29.3 | 34.11 | 2.40x
[blksweep]    5      1   1.50   1.50     66 |            6.00 |   29.2 | 34.22 | 2.41x
[blksweep]    5      1   1.50   1.50     67 |            6.00 |   28.7 | 34.81 | 2.45x
[blksweep]    5      1   1.50   1.50     68 |            6.00 |   28.1 | 35.58 | 2.51x
[blksweep]    5      1   1.50   1.50     69 |            4.00 |   38.6 | 25.94 | 1.83x
[blksweep]    5      1   1.50   1.50     70 |            6.00 |   28.4 | 35.24 | 2.48x
[blksweep]    5      1   1.50   1.50     71 |            6.00 |   28.5 | 35.07 | 2.47x
[blksweep]    5      1   1.50   1.50     72 |            6.00 |   28.6 | 34.97 | 2.46x
[blksweep]    5      1   1.50   1.50     73 |            6.00 |   29.0 | 34.48 | 2.43x
[blksweep]    5      1   1.50   1.50     74 |            6.00 |   28.9 | 34.60 | 2.44x
[blksweep]    5      1   1.50   1.50     75 |            6.00 |   27.9 | 35.79 | 2.52x
[blksweep]    5      1   1.50   1.50     76 |            5.50 |   30.8 | 32.51 | 2.29x
[blksweep]    5      1   1.50   1.50     77 |            2.00 |   61.5 | 16.27 | 1.15x
[blksweep]    5      1   1.50   1.50     78 |            6.00 |   28.8 | 34.70 | 2.45x
[blksweep]    5      1   1.50   1.50     79 |            6.00 |   29.0 | 34.47 | 2.43x
[blksweep]    5      1   1.50   1.50     80 |            6.00 |   28.6 | 35.00 | 2.47x
[blksweep]    5      1   1.50   1.50     81 |            6.00 |   29.6 | 33.75 | 2.38x
[blksweep]    5      1   1.50   1.50     82 |            6.00 |   29.4 | 34.06 | 2.40x
[blksweep]    5      1   1.50   1.50     83 |            6.00 |   28.9 | 34.56 | 2.44x
[blksweep]    5      1   1.50   1.50     84 |            6.00 |   29.9 | 33.45 | 2.36x
[blksweep]    5      1   1.50   1.50     85 |            6.00 |   29.1 | 34.39 | 2.42x
[blksweep]    5      1   1.50   1.50     86 |            6.00 |   27.3 | 36.64 | 2.58x
[blksweep]    5      1   1.50   1.50     87 |            6.00 |   28.8 | 34.74 | 2.45x
[blksweep]    5      1   1.50   1.50     88 |            2.20 |   52.1 | 19.18 | 1.35x
[blksweep]    5      1   1.50   1.50     89 |            5.50 |   30.1 | 33.19 | 2.34x
[blksweep]    5      1   1.50   1.50     90 |            6.00 |   29.5 | 33.86 | 2.39x
[blksweep]    5      1   1.50   1.50     91 |            6.00 |   27.9 | 35.78 | 2.52x
[blksweep]    5      1   1.50   1.50     92 |            6.00 |   28.1 | 35.58 | 2.51x
[blksweep]    5      1   1.50   1.50     93 |            6.00 |   28.9 | 34.63 | 2.44x
[blksweep]    5      1   1.50   1.50     94 |            6.00 |   27.9 | 35.86 | 2.53x
[blksweep]    5      1   1.50   1.50     95 |            6.00 |   29.6 | 33.78 | 2.38x
[blksweep]    5      1   1.50   1.50     96 |            6.00 |   29.1 | 34.36 | 2.42x
[blksweep]    5      1   1.50   1.50     97 |            6.00 |   30.2 | 33.11 | 2.33x
[blksweep]    5      1   1.50   1.50     98 |            6.00 |   29.7 | 33.70 | 2.37x
[blksweep]    5      1   1.50   1.50     99 |            2.50 |   49.7 | 20.11 | 1.42x
[blksweep]    5      1   1.50   1.50    100 |            5.50 |   30.5 | 32.78 | 2.31x
[blksweep]    5      1   1.50   1.50    101 |            4.00 |   40.7 | 24.57 | 1.73x
[blksweep]    5      1   1.50   1.50    102 |            3.00 |   55.4 | 18.07 | 1.27x
[blksweep]    5      1   1.50   1.50    103 |            6.00 |   28.0 | 35.66 | 2.51x
[blksweep]    5      1   1.50   1.50    104 |            5.50 |   27.4 | 36.45 | 2.57x
[blksweep]    5      1   1.50   1.50    105 |            6.00 |   27.4 | 36.48 | 2.57x
[blksweep]    5      1   1.50   1.50    106 |            6.00 |   29.1 | 34.41 | 2.43x
[blksweep]    5      1   1.50   1.50    107 |            6.00 |   28.1 | 35.64 | 2.51x
[blksweep]    5      1   1.50   1.50    108 |            5.50 |   28.2 | 35.51 | 2.50x
[blksweep]    5      1   1.50   1.50    109 |            6.00 |   29.7 | 33.67 | 2.37x
[blksweep]    5      1   1.50   1.50    110 |            2.00 |   56.2 | 17.78 | 1.25x
[blksweep]    5      1   1.50   1.50    111 |            6.00 |   28.4 | 35.26 | 2.49x
[blksweep]    5      1   1.50   1.50    112 |            6.00 |   28.7 | 34.84 | 2.46x
[blksweep]    5      1   1.50   1.50    113 |            2.67 |   37.1 | 26.94 | 1.90x
[blksweep]    5      1   1.50   1.50    114 |            4.50 |   29.9 | 33.44 | 2.36x
[blksweep]    5      1   1.50   1.50    115 |            2.67 |   44.3 | 22.58 | 1.59x
[blksweep]    5      1   1.50   1.50    116 |            6.00 |   27.3 | 36.59 | 2.58x
[blksweep]    5      1   1.50   1.50    117 |            2.25 |   50.8 | 19.69 | 1.39x
[blksweep]    5      1   1.50   1.50    118 |            2.25 |   44.0 | 22.74 | 1.60x
[blksweep]    5      1   1.50   1.50    119 |            6.00 |   29.4 | 34.01 | 2.40x
[blksweep]    5      1   1.50   1.50    120 |            5.00 |   29.5 | 33.85 | 2.39x
[blksweep]    5      1   1.50   1.50    121 |            6.00 |   30.3 | 33.00 | 2.33x
[blksweep]    5      1   1.50   1.50    122 |            6.00 |   26.7 | 37.52 | 2.64x
[blksweep]    5      1   1.50   1.50    123 |            6.00 |   27.2 | 36.81 | 2.59x
[blksweep]    5      1   1.50   1.50    124 |            6.00 |   29.4 | 34.00 | 2.40x
[blksweep]    5      1   1.50   1.50    125 |            6.00 |   28.2 | 35.42 | 2.50x
[blksweep]    5      1   1.50   1.50    126 |            5.00 |   28.6 | 35.02 | 2.47x
[blksweep]    5      1   1.50   1.50    127 |            2.75 |   45.7 | 21.86 | 1.54x
[blksweep]    5      1   1.50   1.50    128 |            6.00 |   29.2 | 34.19 | 2.41x
[blksweep]    5      1   1.50   1.50    129 |            3.00 |   40.0 | 25.01 | 1.76x
[blksweep]    5      1   1.50   1.50    130 |            6.00 |   29.3 | 34.17 | 2.41x
[blksweep]    5      1   1.50   1.50    131 |            6.00 |   28.4 | 35.23 | 2.48x
[blksweep]    5      1   1.50   1.50    132 |            6.00 |   29.7 | 33.70 | 2.37x
[blksweep]    5      1   1.50   1.50    133 |            5.00 |   42.8 | 23.37 | 1.65x
[blksweep]    5      1   1.50   1.50    134 |            4.00 |   40.8 | 24.54 | 1.73x
[blksweep]    5      1   1.50   1.50    135 |            6.00 |   28.1 | 35.55 | 2.51x
[blksweep]    5      1   1.50   1.50    136 |            6.00 |   29.1 | 34.41 | 2.43x
[blksweep]    5      1   1.50   1.50    137 |            6.00 |   32.2 | 31.10 | 2.19x
[blksweep]    5      1   1.50   1.50    138 |            3.00 |   40.5 | 24.72 | 1.74x
[blksweep]    5      1   1.50   1.50    139 |            6.00 |   29.4 | 33.97 | 2.39x
[blksweep]    5      1   1.50   1.50    140 |            6.00 |   28.8 | 34.67 | 2.44x
[blksweep]    5      1   1.50   1.50    141 |            6.00 |   27.6 | 36.28 | 2.56x
[blksweep]    5      1   1.50   1.50    142 |            6.00 |   29.1 | 34.42 | 2.43x
[blksweep]    5      1   1.50   1.50    143 |            6.00 |   28.5 | 35.10 | 2.47x
[blksweep]    5      1   1.50   1.50    144 |            6.00 |   29.8 | 33.58 | 2.37x
[blksweep]    5      1   1.50   1.50    145 |            6.00 |   29.6 | 33.84 | 2.38x
[blksweep]    5      1   1.50   1.50    146 |            6.00 |   28.7 | 34.82 | 2.45x
[blksweep]    5      1   1.50   1.50    147 |            6.00 |   29.7 | 33.71 | 2.38x
[blksweep]    5      1   1.50   1.50    148 |            6.00 |   28.7 | 34.88 | 2.46x
[blksweep]    5      1   1.50   1.50    149 |            4.50 |   42.2 | 23.69 | 1.67x
[blksweep]    5      1   1.50   1.50    150 |            6.00 |   29.9 | 33.48 | 2.36x
[blksweep]    5      1   1.50   1.50    151 |            3.00 |   46.5 | 21.51 | 1.52x
[blksweep]    5      1   1.50   1.50    152 |            6.00 |   28.2 | 35.49 | 2.50x
[blksweep]    5      1   1.50   1.50    153 |            6.00 |   29.2 | 34.23 | 2.41x
[blksweep]    5      1   1.50   1.50    154 |            6.00 |   28.1 | 35.65 | 2.51x
[blksweep]    5      1   1.50   1.50    155 |            6.00 |   29.5 | 33.93 | 2.39x
[blksweep]    5      1   1.50   1.50    156 |            6.00 |   27.1 | 36.92 | 2.60x
[blksweep]    5      1   1.50   1.50    157 |            5.00 |   28.4 | 35.16 | 2.48x
[blksweep]    5      1   1.50   1.50    158 |            6.00 |   28.4 | 35.22 | 2.48x
[blksweep]    5      1   1.50   1.50    159 |            6.00 |   29.6 | 33.78 | 2.38x
[blksweep]    5      1   1.50   1.50    160 |            6.00 |   27.7 | 36.08 | 2.54x
[blksweep]    5      1   1.50   1.50    161 |            6.00 |   29.3 | 34.15 | 2.41x
[blksweep]    5      1   1.50   1.50    162 |            6.00 |   29.2 | 34.28 | 2.42x
[blksweep]    5      1   1.50   1.50    163 |            6.00 |   28.4 | 35.21 | 2.48x
[blksweep]    5      1   1.50   1.50    164 |            4.33 |   30.2 | 33.16 | 2.34x
[blksweep]    5      1   1.50   1.50    165 |            5.00 |   31.9 | 31.36 | 2.21x
[blksweep]    5      1   1.50   1.50    166 |            6.00 |   28.3 | 35.31 | 2.49x
[blksweep]    5      1   1.50   1.50    167 |            6.00 |   27.4 | 36.50 | 2.57x
[blksweep]    5      1   1.50   1.50    168 |            1.67 |   62.2 | 16.07 | 1.13x
[blksweep]    5      1   1.50   1.50    169 |            6.00 |   26.9 | 37.20 | 2.62x
[blksweep]    5      1   1.50   1.50    170 |            6.00 |   28.1 | 35.54 | 2.50x
[blksweep]    5      1   1.50   1.50    171 |            6.00 |   28.8 | 34.67 | 2.44x
[blksweep]    5      1   1.50   1.50    172 |            6.00 |   29.5 | 33.87 | 2.39x
[blksweep]    5      1   1.50   1.50    173 |            6.00 |   27.2 | 36.72 | 2.59x
[blksweep]    5      1   1.50   1.50    174 |            6.00 |   28.0 | 35.66 | 2.51x
[blksweep]    5      1   1.50   1.50    175 |            5.00 |   28.4 | 35.19 | 2.48x
[blksweep]    5      1   1.50   1.50    176 |            4.00 |   84.8 | 11.79 | 0.83x
[blksweep]    5      1   1.50   1.50    177 |            4.00 |   43.3 | 23.11 | 1.63x
[blksweep]    5      1   1.50   1.50    178 |            6.00 |   26.4 | 37.86 | 2.67x
[blksweep]    5      1   1.50   1.50    179 |            6.00 |   29.1 | 34.32 | 2.42x
[blksweep]    5      1   1.50   1.50    180 |            6.00 |   27.9 | 35.80 | 2.52x
[blksweep]    5      1   1.50   1.50    181 |            6.00 |   28.7 | 34.83 | 2.45x
[blksweep]    5      1   1.50   1.50    182 |            6.00 |   28.1 | 35.58 | 2.51x
[blksweep]    5      1   1.50   1.50    183 |            2.50 |   55.0 | 18.18 | 1.28x
[blksweep]    5      1   1.50   1.50    184 |            6.00 |   29.5 | 33.93 | 2.39x
[blksweep]    5      1   1.50   1.50    185 |            6.00 |   27.8 | 35.93 | 2.53x
[blksweep]    5      1   1.50   1.50    186 |            6.00 |   27.7 | 36.04 | 2.54x
[blksweep]    5      1   1.50   1.50    187 |            1.60 |   82.1 | 12.19 | 0.86x
[blksweep]    5      1   1.50   1.50    188 |            6.00 |   29.4 | 34.04 | 2.40x
[blksweep]    5      1   1.50   1.50    189 |            2.67 |   64.3 | 15.56 | 1.10x
[blksweep]    5      1   1.50   1.50    190 |            6.00 |   28.6 | 34.93 | 2.46x
[blksweep]    5      1   1.50   1.50    191 |            4.00 |   41.6 | 24.05 | 1.69x
[blksweep]    5      1   1.50   1.50    192 |            5.00 |   27.4 | 36.45 | 2.57x
[blksweep]    5      1   1.50   1.50    193 |            6.00 |   29.1 | 34.39 | 2.42x
[blksweep]    5      1   1.50   1.50    194 |            4.50 |   29.5 | 33.94 | 2.39x
[blksweep]    5      1   1.50   1.50    195 |            6.00 |   29.1 | 34.31 | 2.42x
[blksweep]    5      1   1.50   1.50    196 |            4.00 |   41.1 | 24.33 | 1.71x
[blksweep]    5      1   1.50   1.50    197 |            6.00 |   27.5 | 36.34 | 2.56x
[blksweep]    5      1   1.50   1.50    198 |            6.00 |   28.7 | 34.89 | 2.46x
[blksweep]    5      1   1.50   1.50    199 |            6.00 |   29.0 | 34.54 | 2.43x
[blksweep]    5      1   1.50   1.50    200 |            6.00 |   28.1 | 35.59 | 2.51x
[blksweep]    5      1   1.50   1.50    201 |            6.00 |   28.7 | 34.87 | 2.46x
[blksweep]    5      1   1.50   1.50    202 |            6.00 |   28.5 | 35.09 | 2.47x
[blksweep]    5      1   1.50   1.50    203 |            6.00 |   26.8 | 37.24 | 2.62x
[blksweep]    5      1   1.50   1.50    204 |            6.00 |   27.5 | 36.39 | 2.56x
[blksweep]    5      1   1.50   1.50    205 |            5.50 |   34.2 | 29.22 | 2.06x
[blksweep]    5      1   1.50   1.50    206 |            6.00 |   26.9 | 37.17 | 2.62x
[blksweep]    5      1   1.50   1.50    207 |            3.00 |   35.5 | 28.13 | 1.98x
[blksweep]    5      1   1.50   1.50    208 |            1.00 |  117.8 |  8.49 | 0.60x
[blksweep]    5      1   1.50   1.50    209 |            6.00 |   28.3 | 35.38 | 2.49x
[blksweep]    5      1   1.50   1.50    210 |            6.00 |   29.8 | 33.53 | 2.36x
[blksweep]    5      1   1.50   1.50    211 |            6.00 |   27.5 | 36.35 | 2.56x
[blksweep]    5      1   1.50   1.50    212 |            6.00 |   29.5 | 33.95 | 2.39x
[blksweep]    5      1   1.50   1.50    213 |            3.00 |   33.9 | 29.49 | 2.08x
[blksweep]    5      1   1.50   1.50    214 |            6.00 |   29.2 | 34.25 | 2.41x
[blksweep]    5      1   1.50   1.50    215 |            6.00 |   28.2 | 35.42 | 2.50x
[blksweep]    5      1   1.50   1.50    216 |            6.00 |   29.5 | 33.90 | 2.39x
[blksweep]    5      1   1.50   1.50    217 |            4.00 |   74.6 | 13.41 | 0.95x
[blksweep]    5      1   1.50   1.50    218 |            6.00 |   28.0 | 35.74 | 2.52x
[blksweep]    5      1   1.50   1.50    219 |            6.00 |   29.0 | 34.45 | 2.43x
[blksweep]    5      1   1.50   1.50    220 |            4.33 |   43.8 | 22.83 | 1.61x
[blksweep]    5      1   1.50   1.50    221 |            6.00 |   27.3 | 36.62 | 2.58x
[blksweep]    5      1   1.50   1.50    222 |            6.00 |   28.4 | 35.22 | 2.48x
[blksweep]    5      1   1.50   1.50    223 |            6.00 |   28.1 | 35.63 | 2.51x
[blksweep]    5      1   1.50   1.50    224 |            4.00 |   52.4 | 19.08 | 1.35x
[blksweep]    5      1   1.50   1.50    225 |            6.00 |   28.9 | 34.56 | 2.44x
[blksweep]    5      1   1.50   1.50    226 |            6.00 |   28.6 | 34.91 | 2.46x
[blksweep]    5      1   1.50   1.50    227 |            6.00 |   27.6 | 36.21 | 2.55x
[blksweep]    5      1   1.50   1.50    228 |            6.00 |   29.5 | 33.89 | 2.39x
[blksweep]    5      1   1.50   1.50    229 |            4.00 |   36.2 | 27.61 | 1.95x
[blksweep]    5      1   1.50   1.50    230 |            6.00 |   28.5 | 35.07 | 2.47x
[blksweep]    5      1   1.50   1.50    231 |            3.00 |   35.1 | 28.52 | 2.01x
[blksweep]    5      1   1.50   1.50    232 |            3.33 |   37.9 | 26.39 | 1.86x
[blksweep]    5      1   1.50   1.50    233 |            4.00 |   42.2 | 23.69 | 1.67x
[blksweep]    5      1   1.50   1.50    234 |            6.00 |   27.4 | 36.45 | 2.57x
[blksweep]    5      1   1.50   1.50    235 |            6.00 |   30.1 | 33.19 | 2.34x
[blksweep]    5      1   1.50   1.50    236 |            4.50 |   28.7 | 34.84 | 2.46x
[blksweep]    5      1   1.50   1.50    237 |            6.00 |   28.6 | 34.93 | 2.46x
[blksweep]    5      1   1.50   1.50    238 |            6.00 |   28.6 | 34.95 | 2.46x
[blksweep]    5      1   1.50   1.50    239 |            6.00 |   27.7 | 36.12 | 2.55x
[blksweep]    5      1   1.50   1.50    240 |            6.00 |   27.7 | 36.11 | 2.54x
[blksweep]    5      1   1.50   1.50    241 |            6.00 |   28.1 | 35.55 | 2.51x
[blksweep]    5      1   1.50   1.50    242 |            6.00 |   28.0 | 35.66 | 2.51x
[blksweep]    5      1   1.50   1.50    243 |            6.00 |   28.4 | 35.17 | 2.48x
[blksweep]    5      1   1.50   1.50    244 |            6.00 |   28.2 | 35.42 | 2.50x
[blksweep]    5      1   1.50   1.50    245 |            6.00 |   28.4 | 35.27 | 2.49x
[blksweep]    5      1   1.50   1.50    246 |            6.00 |   28.8 | 34.75 | 2.45x
[blksweep]    5      1   1.50   1.50    247 |            6.00 |   28.3 | 35.39 | 2.49x
[blksweep]    5      1   1.50   1.50    248 |            4.00 |   34.2 | 29.24 | 2.06x
[blksweep]    5      1   1.50   1.50    249 |            6.00 |   27.3 | 36.58 | 2.58x
[blksweep]    5      1   1.50   1.50    250 |            6.00 |   28.9 | 34.55 | 2.44x
[blksweep]    5      1   1.50   1.50    251 |            6.00 |   28.3 | 35.39 | 2.49x
[blksweep]    5      1   1.50   1.50    252 |            6.00 |   27.9 | 35.90 | 2.53x
[blksweep]    5      1   1.50   1.50    253 |            6.00 |   28.5 | 35.13 | 2.48x
[blksweep]    5      1   1.50   1.50    254 |            6.00 |   29.7 | 33.65 | 2.37x
[blksweep]    5      1   1.50   1.50    255 |            6.00 |   28.8 | 34.75 | 2.45x
[blksweep]    5      1   1.50   1.50    256 |            6.00 |   28.4 | 35.17 | 2.48x
[blksweep]    5      1   1.50   1.50    257 |            5.50 |   33.1 | 30.23 | 2.13x
[blksweep]    5      1   1.50   1.50    258 |            6.00 |   27.4 | 36.44 | 2.57x
[blksweep]    5      1   1.50   1.50    259 |            6.00 |   28.1 | 35.64 | 2.51x
[blksweep]    5      1   1.50   1.50    260 |            4.50 |   41.4 | 24.16 | 1.70x
[blksweep]    5      1   1.50   1.50    261 |            4.50 |   39.7 | 25.20 | 1.78x
[blksweep]    5      1   1.50   1.50    262 |            6.00 |   29.6 | 33.82 | 2.38x
[blksweep]    5      1   1.50   1.50    263 |            2.25 |   54.2 | 18.44 | 1.30x
[blksweep]    5      1   1.50   1.50    264 |            6.00 |   28.7 | 34.86 | 2.46x
[blksweep]    5      1   1.50   1.50    265 |            5.50 |   29.2 | 34.22 | 2.41x
[blksweep]    5      1   1.50   1.50    266 |            6.00 |   27.3 | 36.66 | 2.58x
[blksweep]    5      1   1.50   1.50    267 |            6.00 |   28.6 | 34.98 | 2.47x
[blksweep]    5      1   1.50   1.50    268 |            6.00 |   29.7 | 33.71 | 2.38x
[blksweep]    5      1   1.50   1.50    269 |            3.33 |   45.6 | 21.92 | 1.54x
[blksweep]    5      1   1.50   1.50    270 |            2.00 |  116.2 |  8.60 | 0.61x
[blksweep]    5      1   1.50   1.50    271 |            4.33 |   46.4 | 21.56 | 1.52x
[blksweep]    5      1   1.50   1.50    272 |            6.00 |   29.2 | 34.25 | 2.41x
[blksweep]    5      1   1.50   1.50    273 |            6.00 |   28.4 | 35.25 | 2.48x
[blksweep]    5      1   1.50   1.50    274 |            5.00 |   28.3 | 35.29 | 2.49x
[blksweep]    5      1   1.50   1.50    275 |            5.00 |   34.4 | 29.09 | 2.05x
[blksweep]    5      1   1.50   1.50    276 |            6.00 |   32.3 | 30.93 | 2.18x
[blksweep]    5      1   1.50   1.50    277 |            6.00 |   26.9 | 37.18 | 2.62x
[blksweep]    5      1   1.50   1.50    278 |            6.00 |   29.0 | 34.46 | 2.43x
[blksweep]    5      1   1.50   1.50    279 |            2.25 |   50.9 | 19.63 | 1.38x
[blksweep]    5      1   1.50   1.50    280 |            6.00 |   28.3 | 35.30 | 2.49x
[blksweep]    5      1   1.50   1.50    281 |            4.00 |   41.9 | 23.84 | 1.68x
[blksweep]    5      1   1.50   1.50    282 |            3.00 |   53.7 | 18.61 | 1.31x
[blksweep]    5      1   1.50   1.50    283 |            6.00 |   28.9 | 34.61 | 2.44x
[blksweep]    5      1   1.50   1.50    284 |            6.00 |   27.5 | 36.43 | 2.57x
[blksweep]    5      1   1.50   1.50    285 |            6.00 |   28.1 | 35.61 | 2.51x
[blksweep]    5      1   1.50   1.50    286 |            6.00 |   28.1 | 35.63 | 2.51x
[blksweep]    5      1   1.50   1.50    287 |            6.00 |   26.9 | 37.14 | 2.62x
[blksweep]    5      1   1.50   1.50    288 |            6.00 |   29.0 | 34.51 | 2.43x
[blksweep]    5      1   1.50   1.50    289 |            4.00 |   34.9 | 28.61 | 2.02x
[blksweep]    5      1   1.50   1.50    290 |            2.00 |   51.0 | 19.62 | 1.38x
[blksweep]    5      1   1.50   1.50    291 |            6.00 |   28.1 | 35.63 | 2.51x
[blksweep]    5      1   1.50   1.50    292 |            2.67 |   46.2 | 21.62 | 1.52x
[blksweep]    5      1   1.50   1.50    293 |            5.00 |   30.3 | 33.01 | 2.33x
[blksweep]    5      1   1.50   1.50    294 |            4.00 |   57.6 | 17.37 | 1.22x
[blksweep]    5      1   1.50   1.50    295 |            6.00 |   28.3 | 35.32 | 2.49x
[blksweep]    5      1   1.50   1.50    296 |            6.00 |   28.9 | 34.59 | 2.44x
[blksweep]    5      1   1.50   1.50    297 |            6.00 |   28.8 | 34.67 | 2.44x
[blksweep]    5      1   1.50   1.50    298 |            6.00 |   29.3 | 34.09 | 2.40x
[blksweep]    5      1   1.50   1.50    299 |            3.33 |   44.3 | 22.59 | 1.59x
[blksweep]    5      1   1.50   1.50    300 |            6.00 |   30.1 | 33.25 | 2.34x
[blksweep]    5      1   1.50   1.50    301 |            3.25 |   39.8 | 25.14 | 1.77x
[blksweep]    5      1   1.50   1.50    302 |            4.00 |   40.7 | 24.55 | 1.73x
[blksweep]    5      1   1.50   1.50    303 |            6.00 |   28.6 | 34.94 | 2.46x
[blksweep]    5      1   1.50   1.50    304 |            6.00 |   29.8 | 33.52 | 2.36x
[blksweep]    5      1   1.50   1.50    305 |            4.50 |   29.4 | 34.05 | 2.40x
[blksweep]    5      1   1.50   1.50    306 |            4.50 |   36.8 | 27.18 | 1.92x
[blksweep]    5      1   1.50   1.50    307 |            6.00 |   27.5 | 36.35 | 2.56x
[blksweep]    5      1   1.50   1.50    308 |            6.00 |   29.1 | 34.38 | 2.42x
[blksweep]    5      1   1.50   1.50    309 |            5.50 |   29.4 | 34.07 | 2.40x
[blksweep]    5      1   1.50   1.50    310 |            6.00 |   29.4 | 33.99 | 2.40x
[blksweep]    5      1   1.50   1.50    311 |            1.60 |   73.4 | 13.63 | 0.96x
[blksweep]    5      1   1.50   1.50    312 |            6.00 |   29.2 | 34.28 | 2.42x
[blksweep]    5      1   1.50   1.50    313 |            6.00 |   28.7 | 34.83 | 2.45x
[blksweep]    5      1   1.50   1.50    314 |            1.83 |   60.4 | 16.55 | 1.17x
[blksweep]    5      1   1.50   1.50    315 |            6.00 |   28.6 | 35.00 | 2.47x
[blksweep]    5      1   1.50   1.50    316 |            6.00 |   28.3 | 35.28 | 2.49x
[blksweep]    5      1   1.50   1.50    317 |            6.00 |   28.6 | 34.94 | 2.46x
[blksweep]    5      1   1.50   1.50    318 |            6.00 |   28.1 | 35.52 | 2.50x
[blksweep]    5      1   1.50   1.50    319 |            6.00 |   28.1 | 35.64 | 2.51x
[blksweep]    5      1   1.50   1.50    320 |            6.00 |   27.7 | 36.08 | 2.54x
[blksweep]    5      1   1.50   1.50    321 |            6.00 |   29.5 | 33.85 | 2.39x
[blksweep]    5      1   1.50   1.50    322 |            5.00 |   29.9 | 33.42 | 2.36x
[blksweep]    5      1   1.50   1.50    323 |            6.00 |   28.9 | 34.62 | 2.44x
[blksweep]    5      1   1.50   1.50    324 |            6.00 |   29.3 | 34.11 | 2.40x
[blksweep]    5      1   1.50   1.50    325 |            6.00 |   29.1 | 34.41 | 2.43x
[blksweep]    5      1   1.50   1.50    326 |            4.50 |   57.1 | 17.51 | 1.23x
[blksweep]    5      1   1.50   1.50    327 |            6.00 |   29.2 | 34.28 | 2.42x
[blksweep]    5      1   1.50   1.50    328 |            6.00 |   28.2 | 35.43 | 2.50x
[blksweep]    5      1   1.50   1.50    329 |            5.50 |   30.9 | 32.39 | 2.28x
[blksweep]    5      1   1.50   1.50    330 |            3.33 |   46.2 | 21.63 | 1.52x
[blksweep]    5      1   1.50   1.50    331 |            6.00 |   29.2 | 34.28 | 2.42x
[blksweep]    5      1   1.50   1.50    332 |            6.00 |   28.9 | 34.56 | 2.44x
[blksweep]    5      1   1.50   1.50    333 |            6.00 |   27.9 | 35.88 | 2.53x
[blksweep]    5      1   1.50   1.50    334 |            6.00 |   27.6 | 36.23 | 2.55x
[blksweep]    5      1   1.50   1.50    335 |            6.00 |   29.0 | 34.44 | 2.43x
[blksweep]    5      1   1.50   1.50    336 |            6.00 |   31.8 | 31.40 | 2.21x
[blksweep]    5      1   1.50   1.50    337 |            6.00 |   29.4 | 34.00 | 2.40x
[blksweep]    5      1   1.50   1.50    338 |            6.00 |   28.4 | 35.27 | 2.49x
[blksweep]    5      1   1.50   1.50    339 |            6.00 |   27.4 | 36.44 | 2.57x
[blksweep]    5      1   1.50   1.50    340 |            2.00 |   67.7 | 14.76 | 1.04x
[blksweep]    5      1   1.50   1.50    341 |            6.00 |   29.2 | 34.22 | 2.41x
[blksweep]    5      1   1.50   1.50    342 |            2.50 |   43.9 | 22.79 | 1.61x
[blksweep]    5      1   1.50   1.50    343 |            6.00 |   28.2 | 35.44 | 2.50x
[blksweep]    5      1   1.50   1.50    344 |            6.00 |   31.0 | 32.30 | 2.28x
[blksweep]    5      1   1.50   1.50    345 |            1.80 |   69.8 | 14.33 | 1.01x
[blksweep]    5      1   1.50   1.50    346 |            5.00 |   27.6 | 36.25 | 2.56x
[blksweep]    5      1   1.50   1.50    347 |            6.00 |   28.9 | 34.66 | 2.44x
[blksweep]    5      1   1.50   1.50    348 |            6.00 |   28.9 | 34.66 | 2.44x
[blksweep]    5      1   1.50   1.50    349 |            6.00 |   27.9 | 35.80 | 2.52x
[blksweep]    5      1   1.50   1.50    350 |            6.00 |   27.6 | 36.24 | 2.55x
[blksweep]    5      1   1.50   1.50    351 |            6.00 |   29.4 | 33.99 | 2.40x
[blksweep]    5      1   1.50   1.50    352 |            6.00 |   29.1 | 34.41 | 2.43x
[blksweep]    5      1   1.50   1.50    353 |            6.00 |   28.7 | 34.84 | 2.46x
[blksweep]    5      1   1.50   1.50    354 |            6.00 |   29.0 | 34.45 | 2.43x
[blksweep]    5      1   1.50   1.50    355 |            6.00 |   29.5 | 33.87 | 2.39x
[blksweep]    5      1   1.50   1.50    356 |            5.00 |   28.7 | 34.89 | 2.46x
[blksweep]    5      1   1.50   1.50    357 |            6.00 |   27.5 | 36.34 | 2.56x
[blksweep]    5      1   1.50   1.50    358 |            5.50 |   33.5 | 29.89 | 2.11x
[blksweep]    5      1   1.50   1.50    359 |            2.67 |   36.4 | 27.50 | 1.94x
[blksweep]    5      1   1.50   1.50    360 |            6.00 |   27.7 | 36.10 | 2.54x
[blksweep]    5      1   1.50   1.50    361 |            2.25 |   54.9 | 18.22 | 1.28x
[blksweep]    5      1   1.50   1.50    362 |            6.00 |   27.4 | 36.49 | 2.57x
[blksweep]    5      1   1.50   1.50    363 |            4.50 |   33.8 | 29.54 | 2.08x
[blksweep]    5      1   1.50   1.50    364 |            6.00 |   27.5 | 36.34 | 2.56x
[blksweep]    5      1   1.50   1.50    365 |            4.33 |   29.1 | 34.31 | 2.42x
[blksweep]    5      1   1.50   1.50    366 |            4.33 |   46.5 | 21.50 | 1.52x
[blksweep]    5      1   1.50   1.50    367 |            4.00 |   40.8 | 24.51 | 1.73x
[blksweep]    5      1   1.50   1.50    368 |            6.00 |   29.0 | 34.52 | 2.43x
[blksweep]    5      1   1.50   1.50    369 |            6.00 |   28.8 | 34.73 | 2.45x
[blksweep]    5      1   1.50   1.50    370 |            6.00 |   28.7 | 34.84 | 2.46x
[blksweep]    5      1   1.50   1.50    371 |            4.00 |   40.7 | 24.58 | 1.73x
[blksweep]    5      1   1.50   1.50    372 |            6.00 |   28.0 | 35.73 | 2.52x
[blksweep]    5      1   1.50   1.50    373 |            5.00 |   28.7 | 34.84 | 2.46x
[blksweep]    5      1   1.50   1.50    374 |            6.00 |   29.2 | 34.21 | 2.41x
[blksweep]    5      1   1.50   1.50    375 |            6.00 |   27.3 | 36.69 | 2.59x
[blksweep]    5      1   1.50   1.50    376 |            6.00 |   28.8 | 34.78 | 2.45x
[blksweep]    5      1   1.50   1.50    377 |            5.50 |   30.6 | 32.68 | 2.30x
[blksweep]    5      1   1.50   1.50    378 |            6.00 |   28.4 | 35.26 | 2.49x
[blksweep]    5      1   1.50   1.50    379 |            3.33 |   34.1 | 29.34 | 2.07x
[blksweep]    5      1   1.50   1.50    380 |            6.00 |   28.3 | 35.32 | 2.49x
[blksweep]    5      1   1.50   1.50    381 |            6.00 |   29.1 | 34.35 | 2.42x
[blksweep]    5      1   1.50   1.50    382 |            6.00 |   27.4 | 36.56 | 2.58x
[blksweep]    5      1   1.50   1.50    383 |            6.00 |   29.2 | 34.22 | 2.41x
[blksweep]    5      1   1.50   1.50    384 |            1.80 |   63.2 | 15.83 | 1.12x
[blksweep]    5      1   1.50   1.50    385 |            6.00 |   28.8 | 34.69 | 2.45x
[blksweep]    5      1   1.50   1.50    386 |            4.00 |   41.7 | 24.00 | 1.69x
[blksweep]    5      1   1.50   1.50    387 |            6.00 |   28.4 | 35.25 | 2.48x
[blksweep]    5      1   1.50   1.50    388 |            4.00 |   42.0 | 23.83 | 1.68x
[blksweep]    5      1   1.50   1.50    389 |            5.00 |   37.0 | 27.04 | 1.91x
[blksweep]    5      1   1.50   1.50    390 |            2.00 |   60.3 | 16.58 | 1.17x
[blksweep]    5      1   1.50   1.50    391 |            6.00 |   29.6 | 33.82 | 2.38x
[blksweep]    5      1   1.50   1.50    392 |            6.00 |   29.1 | 34.38 | 2.42x
[blksweep]    5      1   1.50   1.50    393 |            6.00 |   28.5 | 35.05 | 2.47x
[blksweep]    5      1   1.50   1.50    394 |            6.00 |   27.2 | 36.79 | 2.59x
[blksweep]    5      1   1.50   1.50    395 |            6.00 |   28.2 | 35.44 | 2.50x
[blksweep]    5      1   1.50   1.50    396 |            6.00 |   29.5 | 33.89 | 2.39x
[blksweep]    5      1   1.50   1.50    397 |            6.00 |   28.2 | 35.41 | 2.50x
[blksweep]    5      1   1.50   1.50    398 |            5.00 |   29.8 | 33.56 | 2.37x
[blksweep]    5      1   1.50   1.50    399 |            6.00 |   28.7 | 34.86 | 2.46x
[blksweep]    5      1   1.50   1.50    400 |            6.00 |   29.4 | 34.03 | 2.40x
[blksweep]    5      1   1.50   1.50    401 |            6.00 |   28.9 | 34.60 | 2.44x
[blksweep]    5      1   1.50   1.50    402 |            4.50 |   35.4 | 28.25 | 1.99x
[blksweep]    5      1   1.50   1.50    403 |            6.00 |   29.2 | 34.26 | 2.41x
[blksweep]    5      1   1.50   1.50    404 |            6.00 |   28.3 | 35.40 | 2.49x
[blksweep]    5      1   1.50   1.50    405 |            5.50 |   29.0 | 34.53 | 2.43x
[blksweep]    5      1   1.50   1.50    406 |            6.00 |   29.0 | 34.53 | 2.43x
[blksweep]    5      1   1.50   1.50    407 |            6.00 |   27.6 | 36.29 | 2.56x
[blksweep]    5      1   1.50   1.50    408 |            6.00 |   29.1 | 34.35 | 2.42x
[blksweep]    5      1   1.50   1.50    409 |            6.00 |   29.8 | 33.54 | 2.36x
[blksweep]    5      1   1.50   1.50    410 |            6.00 |   28.4 | 35.22 | 2.48x
[blksweep]    5      1   1.50   1.50    411 |            6.00 |   27.6 | 36.19 | 2.55x
[blksweep]    5      1   1.50   1.50    412 |            5.00 |   36.0 | 27.80 | 1.96x
[blksweep]    5      1   1.50   1.50    413 |            6.00 |   28.6 | 35.02 | 2.47x
[blksweep]    5      1   1.50   1.50    414 |            5.50 |   30.1 | 33.21 | 2.34x
[blksweep]    5      1   1.50   1.50    415 |            6.00 |   27.3 | 36.59 | 2.58x
[blksweep]    5      1   1.50   1.50    416 |            6.00 |   28.6 | 35.00 | 2.47x
[blksweep]    5      1   1.50   1.50    417 |            6.00 |   28.0 | 35.77 | 2.52x
[blksweep]    5      1   1.50   1.50    418 |            4.00 |   33.6 | 29.75 | 2.10x
[blksweep]    5      1   1.50   1.50    419 |            6.00 |   28.2 | 35.45 | 2.50x
[blksweep]    5      1   1.50   1.50    420 |            6.00 |   27.9 | 35.84 | 2.53x
[blksweep]    5      1   1.50   1.50    421 |            6.00 |   28.7 | 34.87 | 2.46x
[blksweep]    5      1   1.50   1.50    422 |            4.00 |   41.8 | 23.91 | 1.68x
[blksweep]    5      1   1.50   1.50    423 |            6.00 |   29.3 | 34.18 | 2.41x
[blksweep]    5      1   1.50   1.50    424 |            6.00 |   29.1 | 34.34 | 2.42x
[blksweep]    5      1   1.50   1.50    425 |            6.00 |   29.3 | 34.16 | 2.41x
[blksweep]    5      1   1.50   1.50    426 |            2.67 |   36.9 | 27.09 | 1.91x
[blksweep]    5      1   1.50   1.50    427 |            5.50 |   29.6 | 33.81 | 2.38x
[blksweep]    5      1   1.50   1.50    428 |            6.00 |   27.0 | 37.02 | 2.61x
[blksweep]    5      1   1.50   1.50    429 |            6.00 |   29.2 | 34.26 | 2.41x
[blksweep]    5      1   1.50   1.50    430 |            6.00 |   28.5 | 35.12 | 2.47x
[blksweep]    5      1   1.50   1.50    431 |            5.50 |   30.4 | 32.90 | 2.32x
[blksweep]    5      1   1.50   1.50    432 |            6.00 |   27.8 | 35.95 | 2.53x
[blksweep]    5      1   1.50   1.50    433 |            4.00 |   34.1 | 29.33 | 2.07x
[blksweep]    5      1   1.50   1.50    434 |            2.67 |   48.9 | 20.47 | 1.44x
[blksweep]    5      1   1.50   1.50    435 |            1.80 |   60.5 | 16.53 | 1.16x
[blksweep]    5      1   1.50   1.50    436 |            6.00 |   27.5 | 36.38 | 2.56x
[blksweep]    5      1   1.50   1.50    437 |            3.00 |   37.0 | 27.04 | 1.91x
[blksweep]    5      1   1.50   1.50    438 |            4.50 |   36.0 | 27.81 | 1.96x
[blksweep]    5      1   1.50   1.50    439 |            6.00 |   27.7 | 36.05 | 2.54x
[blksweep]    5      1   1.50   1.50    440 |            6.00 |   29.2 | 34.20 | 2.41x
[blksweep]    5      1   1.50   1.50    441 |            6.00 |   29.9 | 33.47 | 2.36x
[blksweep]    5      1   1.50   1.50    442 |            6.00 |   29.3 | 34.14 | 2.41x
[blksweep]    5      1   1.50   1.50    443 |            6.00 |   29.4 | 34.03 | 2.40x
[blksweep]    5      1   1.50   1.50    444 |            1.80 |   56.0 | 17.86 | 1.26x
[blksweep]    5      1   1.50   1.50    445 |            6.00 |   28.7 | 34.85 | 2.46x
[blksweep]    5      1   1.50   1.50    446 |            6.00 |   28.7 | 34.90 | 2.46x
[blksweep]    5      1   1.50   1.50    447 |            6.00 |   27.1 | 36.84 | 2.60x
[blksweep]    5      1   1.50   1.50    448 |            6.00 |   29.4 | 33.98 | 2.39x
[blksweep]    5      1   1.50   1.50    449 |            4.00 |   32.4 | 30.89 | 2.18x
[blksweep]    5      1   1.50   1.50    450 |            6.00 |   29.6 | 33.83 | 2.38x
[blksweep]    5      1   1.50   1.50    451 |            6.00 |   27.9 | 35.79 | 2.52x
[blksweep]    5      1   1.50   1.50    452 |            6.00 |   30.5 | 32.78 | 2.31x
[blksweep]    5      1   1.50   1.50    453 |            3.33 |   36.5 | 27.41 | 1.93x
[blksweep]    5      1   1.50   1.50    454 |            6.00 |   28.7 | 34.89 | 2.46x
[blksweep]    5      1   1.50   1.50    455 |            2.00 |   49.0 | 20.42 | 1.44x
[blksweep]    5      1   1.50   1.50    456 |            6.00 |   30.1 | 33.18 | 2.34x
[blksweep]    5      1   1.50   1.50    457 |            6.00 |   28.7 | 34.82 | 2.45x
[blksweep]    5      1   1.50   1.50    458 |            6.00 |   28.2 | 35.43 | 2.50x
[blksweep]    5      1   1.50   1.50    459 |            6.00 |   28.5 | 35.07 | 2.47x
[blksweep]    5      1   1.50   1.50    460 |            6.00 |   29.1 | 34.31 | 2.42x
[blksweep]    5      1   1.50   1.50    461 |            6.00 |   29.4 | 34.06 | 2.40x
[blksweep]    5      1   1.50   1.50    462 |            6.00 |   28.9 | 34.54 | 2.43x
[blksweep]    5      1   1.50   1.50    463 |            6.00 |   29.5 | 33.95 | 2.39x
[blksweep]    5      1   1.50   1.50    464 |            1.33 |   80.9 | 12.36 | 0.87x
[blksweep]    5      1   1.50   1.50    465 |            5.50 |   28.6 | 34.97 | 2.46x
[blksweep]    5      1   1.50   1.50    466 |            6.00 |   28.5 | 35.13 | 2.48x
[blksweep]    5      1   1.50   1.50    467 |            4.00 |   42.6 | 23.46 | 1.65x
[blksweep]    5      1   1.50   1.50    468 |            6.00 |   32.3 | 30.92 | 2.18x
[blksweep]    5      1   1.50   1.50    469 |            6.00 |   28.0 | 35.71 | 2.52x
[blksweep]    5      1   1.50   1.50    470 |            6.00 |   29.2 | 34.30 | 2.42x
[blksweep]    5      1   1.50   1.50    471 |            6.00 |   28.3 | 35.33 | 2.49x
[blksweep]    5      1   1.50   1.50    472 |            6.00 |   28.3 | 35.29 | 2.49x
[blksweep]    5      1   1.50   1.50    473 |            2.00 |   71.9 | 13.91 | 0.98x
[blksweep]    5      1   1.50   1.50    474 |            6.00 |   28.0 | 35.75 | 2.52x
[blksweep]    5      1   1.50   1.50    475 |            6.00 |   28.4 | 35.19 | 2.48x
[blksweep]    5      1   1.50   1.50    476 |            6.00 |   29.3 | 34.11 | 2.40x
[blksweep]    5      1   1.50   1.50    477 |            3.33 |   45.8 | 21.85 | 1.54x
[blksweep]    5      1   1.50   1.50    478 |            4.00 |   39.6 | 25.24 | 1.78x
[blksweep]    5      1   1.50   1.50    479 |            6.00 |   28.1 | 35.63 | 2.51x
[blksweep]    5      1   1.50   1.50    480 |            6.00 |   27.5 | 36.36 | 2.56x
[blksweep]    5      1   1.50   1.50    481 |            4.00 |   41.9 | 23.86 | 1.68x
[blksweep]    5      1   1.50   1.50    482 |            6.00 |   28.4 | 35.25 | 2.48x
[blksweep]    5      1   1.50   1.50    483 |            4.00 |   28.3 | 35.33 | 2.49x
[blksweep]    5      1   1.50   1.50    484 |            6.00 |   29.4 | 34.02 | 2.40x
[blksweep]    5      1   1.50   1.50    485 |            3.67 |   40.2 | 24.85 | 1.75x
[blksweep]    5      1   1.50   1.50    486 |            3.00 |   37.0 | 27.04 | 1.91x
[blksweep]    5      1   1.50   1.50    487 |            4.50 |   35.0 | 28.60 | 2.02x
[blksweep]    5      1   1.50   1.50    488 |            2.00 |   70.2 | 14.24 | 1.00x
[blksweep]    5      1   1.50   1.50    489 |            6.00 |   28.3 | 35.28 | 2.49x
[blksweep]    5      1   1.50   1.50    490 |            6.00 |   26.4 | 37.87 | 2.67x
[blksweep]    5      1   1.50   1.50    491 |            5.00 |   36.4 | 27.49 | 1.94x
[decode] mem 121.8/122.8 GiB
