[parse] DSV4_PROMPTS_FILE /home/patrickd/s5-capture/agentic-p25-b0.1/c5/gen.txt -> 491 prompt(s)
[decode] loading /home/patrickd/models/DeepSeek-V4-Flash-0731-REAP ... s=6 NDEC=8 seqmax=2332
[decode] loaded 100.40 GiB, 45821 tensors  (weights in MANAGED device-preferred memory)
[decode] KV layout: fp32, 2048 B/row, 0.191 GiB for 2332 rows x 43 layers
[decode] building 43 layer structs once (persistent)...
[decode] structs built. mem 110.8/122.8 GiB
[decode] prefill 5 positions...
[f32mk] tile 4x4 (DSV4_F32MK_TILE=unset)
[decode] PREFILL: 5 positions in 196.7 ms = 25.4 tok/s (39.334 ms/tok)
[decode] prefill done. caches populated. starting decode.
  step 0 pos 5 -> token 11111  (72.1 ms warmup)
  step 1 pos 6 -> token 16  (72.1 ms)
  step 2 pos 7 -> token 455  (77.6 ms)
  step 3 pos 8 -> token 6102  (67.7 ms)
  step 4 pos 9 -> token 294  (67.8 ms)
  step 5 pos 10 -> token 16603  (67.6 ms)
  step 6 pos 11 -> token 344  (74.4 ms)
  step 7 pos 12 -> token 29168  (68.2 ms)

[decode] first decoded token argmax = 11111  (expect 11111)  -> GATE PASS
[decode] generated: 11111 16 455 6102 294 16603 344 29168
[decode] WARM decode: 70.8 ms/tok = 14.13 tok/s  (M=1 steady state, 7-step avg)

[spec-verify] M=5 verify in ONE forward: 118.3 ms (= 23.7 ms/tok if all accepted vs 70.8 M=1 -> 2.99x)
[spec-verify] verify argmax: 11111 16 455 6102 294
[spec-verify] decode tokens: 11111 16 455 6102 294
[spec-verify] MATCH 5/5 -> PASS  (M=K verify == K sequential decodes; diffs = MoE-atomic near-ties)

[spec] using EMBEDDED DSpark heads from the main checkpoint (no extra memory)
[spec] NSTAGE=3 head-experts=160 BLK sweep: 5 5 5 5 5 5 5 5 5 5 5 5 5 5 5 5 5 5 5 5 5 5 5 5 5 5 5 5 5 5 5 5 5 5 5 5 5 5 5 5 5 5 5 5 5 5 5 5 5 5 5 5 5 5 5 5 5 5 5 5 5 5 5 5 5 5 5 5 5 5 5 5 5 5 5 5 5 5 5 5 5 5 5 5 5 5 5 5 5 5 5 5 5 5 5 5 5 5 5 5 5 5 5 5 5 5 5 5 5 5 5 5 5 5 5 5 5 5 5 5 5 5 5 5 5 5 5 5 5 5 5 5 5 5 5 5 5 5 5 5 5 5 5 5 5 5 5 5 5 5 5 5 5 5 5 5 5 5 5 5 5 5 5 5 5 5 5 5 5 5 5 5 5 5 5 5 5 5 5 5 5 5 5 5 5 5 5 5 5 5 5 5 5 5 5 5 5 5 5 5 5 5 5 5 5 5 5 5 5 5 5 5 5 5 5 5 5 5 5 5 5 5 5 5 5 5 5 5 5 5 5 5 5 5 5 5 5 5 5 5 5 5 5 5 5 5 5 5 5 5 5 5 5 5 5 5 5 5 5 5 5 5 5 5 5 5 5 5 5 5 5 5 5 5 5 5 5 5 5 5 5 5 5 5 5 5 5 5 5 5 5 5 5 5 5 5 5 5 5 5 5 5 5 5 5 5 5 5 5 5 5 5 5 5 5 5 5 5 5 5 5 5 5 5 5 5 5 5 5 5 5 5 5 5 5 5 5 5 5 5 5 5 5 5 5 5 5 5 5 5 5 5 5 5 5 5 5 5 5 5 5 5 5 5 5 5 5 5 5 5 5 5 5 5 5 5 5 5 5 5 5 5 5 5 5 5 5 5 5 5 5 5 5 5 5 5 5 5 5 5 5 5 5 5 5 5 5 5 5 5 5 5 5 5 5 5 5 5 5 5 5 5 5 5 5 5 5 5 5 5 5 5 5 5 5 5 5 5 5 5 5 5 5 5 5 5 5 5 5 5 5 5 5 5 5 5 5 5 5 5 5 5 5 5 5 5 5 5 5 5 5 5 5 5 5 5 5 5 5 5 5 5 5 5 5 5 5 5 5 5 5
[spec] head built. mem 116.4/122.8 GiB
[decode] PREFILL: 1089 positions in 18139.7 ms = 60.0 tok/s (16.657 ms/tok)
[capture] wrote /home/patrickd/s5-capture/agentic-p25-b0.1/c5/cap/shard_p01_s001089.dspc  1089 tok x (3 taps + 1 lm_in) x 4096 = 34.0 MB (32.0 KB/tok)
[probe] wrote 16 draft probes (block=5) to /home/patrickd/s5-capture/agentic-p25-b0.1/c5/cap/drafts_p01_s001089.txt
[spec] decoding 8 tokens (block=5, draft passes=1, adaptK=1.50, prompt=1 s=1090)...
[arena] first draft: draft footprint 211.44 MB, global hwm 846.71 MB / cap 5132.00 MB (16.5%), draft path = ARENA
  [margins] 9.09 13.16 5.44 10.39 3.04  K=6
  verify 1: accepted 3/5 (K=6) + correction -> +4 tokens (178.5 ms)  cpos=1093
  [margins] 15.94 7.99 1.98 14.16 3.67  K=6
  verify 2: accepted 5/5 (K=6) + correction -> +6 tokens (169.2 ms)  cpos=1099

[spec] generated 10 tokens over 2 verifies: mean tokens/verify = 5.00 (block=5, max 6)
[spec] tokens: 2107 3749 11 278 3749 11 40240 1226 16 3749
[spec] SPEC-DECODE: 28.2 ms/tok = 35.47 tok/s  (vs base M=1 70.8 ms/tok = 14.13 tok/s -> 2.51x)
[decode] PREFILL: 1101 positions in 17917.2 ms = 61.4 tok/s (16.274 ms/tok)
[capture] wrote /home/patrickd/s5-capture/agentic-p25-b0.1/c5/cap/shard_p02_s001101.dspc  1101 tok x (3 taps + 1 lm_in) x 4096 = 34.4 MB (32.0 KB/tok)
[probe] wrote 16 draft probes (block=5) to /home/patrickd/s5-capture/agentic-p25-b0.1/c5/cap/drafts_p02_s001101.txt
[spec] decoding 8 tokens (block=5, draft passes=1, adaptK=1.50, prompt=2 s=1102)...
  [margins] 19.03 16.81 18.49 13.24 9.80  K=6
  verify 1: accepted 5/5 (K=6) + correction -> +6 tokens (173.2 ms)  cpos=1107
  [margins] 17.99 15.32 11.76 10.83 9.10  K=6
  verify 2: accepted 5/5 (K=6) + correction -> +6 tokens (176.2 ms)  cpos=1113

[spec] generated 12 tokens over 2 verifies: mean tokens/verify = 6.00 (block=5, max 6)
[spec] tokens: 25002 16 4676 16 455 16 25002 26524 16 455 16 25002
[spec] SPEC-DECODE: 29.4 ms/tok = 34.06 tok/s  (vs base M=1 70.8 ms/tok = 14.13 tok/s -> 2.41x)
[decode] PREFILL: 1492 positions in 24263.6 ms = 61.5 tok/s (16.262 ms/tok)
[capture] wrote /home/patrickd/s5-capture/agentic-p25-b0.1/c5/cap/shard_p03_s001492.dspc  1492 tok x (3 taps + 1 lm_in) x 4096 = 46.6 MB (32.0 KB/tok)
[probe] wrote 16 draft probes (block=5) to /home/patrickd/s5-capture/agentic-p25-b0.1/c5/cap/drafts_p03_s001492.txt
[spec] decoding 8 tokens (block=5, draft passes=1, adaptK=1.50, prompt=3 s=1493)...
  [margins] 19.13 15.65 10.92 14.86 7.30  K=6
  verify 1: accepted 5/5 (K=6) + correction -> +6 tokens (180.6 ms)  cpos=1498
  [margins] 15.92 12.49 16.95 12.58 19.19  K=6
  verify 2: accepted 5/5 (K=6) + correction -> +6 tokens (178.8 ms)  cpos=1504

[spec] generated 12 tokens over 2 verifies: mean tokens/verify = 6.00 (block=5, max 6)
[spec] tokens: 14108 344 979 15 270 9059 294 270 9898 201 15 270
[spec] SPEC-DECODE: 29.8 ms/tok = 33.56 tok/s  (vs base M=1 70.8 ms/tok = 14.13 tok/s -> 2.38x)
[decode] PREFILL: 1169 positions in 18864.4 ms = 62.0 tok/s (16.137 ms/tok)
[capture] wrote /home/patrickd/s5-capture/agentic-p25-b0.1/c5/cap/shard_p04_s001169.dspc  1169 tok x (3 taps + 1 lm_in) x 4096 = 36.5 MB (32.0 KB/tok)
[probe] wrote 16 draft probes (block=5) to /home/patrickd/s5-capture/agentic-p25-b0.1/c5/cap/drafts_p04_s001169.txt
[spec] decoding 8 tokens (block=5, draft passes=1, adaptK=1.50, prompt=4 s=1170)...
  [margins] 17.04 16.21 16.59 16.54 14.48  K=6
  verify 1: accepted 5/5 (K=6) + correction -> +6 tokens (174.7 ms)  cpos=1175
  [margins] 18.30 18.54 16.78 16.46 13.09  K=6
  verify 2: accepted 5/5 (K=6) + correction -> +6 tokens (177.0 ms)  cpos=1181

[spec] generated 12 tokens over 2 verifies: mean tokens/verify = 6.00 (block=5, max 6)
[spec] tokens: 554 3394 1117 1951 943 270 4983 67 58784 10758 7377 1487
[spec] SPEC-DECODE: 29.5 ms/tok = 33.89 tok/s  (vs base M=1 70.8 ms/tok = 14.13 tok/s -> 2.40x)
[decode] PREFILL: 1045 positions in 16804.5 ms = 62.2 tok/s (16.081 ms/tok)
[capture] wrote /home/patrickd/s5-capture/agentic-p25-b0.1/c5/cap/shard_p05_s001045.dspc  1045 tok x (3 taps + 1 lm_in) x 4096 = 32.7 MB (32.0 KB/tok)
[probe] wrote 16 draft probes (block=5) to /home/patrickd/s5-capture/agentic-p25-b0.1/c5/cap/drafts_p05_s001045.txt
[spec] decoding 8 tokens (block=5, draft passes=1, adaptK=1.50, prompt=5 s=1046)...
  [margins] 14.53 15.71 14.19 6.64 9.73  K=6
  verify 1: accepted 3/5 (K=6) + correction -> +4 tokens (167.1 ms)  cpos=1049
  [margins] 15.10 15.57 15.81 5.38 8.78  K=6
  verify 2: accepted 3/5 (K=6) + correction -> +4 tokens (162.9 ms)  cpos=1053

[spec] generated 8 tokens over 2 verifies: mean tokens/verify = 4.00 (block=5, max 6)
[spec] tokens: 3749 11 3749 11 3749 11 3749 11
[spec] SPEC-DECODE: 40.7 ms/tok = 24.56 tok/s  (vs base M=1 70.8 ms/tok = 14.13 tok/s -> 1.74x)
[decode] PREFILL: 1040 positions in 16695.9 ms = 62.3 tok/s (16.054 ms/tok)
[capture] wrote /home/patrickd/s5-capture/agentic-p25-b0.1/c5/cap/shard_p06_s001040.dspc  1040 tok x (3 taps + 1 lm_in) x 4096 = 32.5 MB (32.0 KB/tok)
[probe] wrote 16 draft probes (block=5) to /home/patrickd/s5-capture/agentic-p25-b0.1/c5/cap/drafts_p06_s001040.txt
[spec] decoding 8 tokens (block=5, draft passes=1, adaptK=1.50, prompt=6 s=1041)...
  [margins] 13.75 17.13 7.77 5.91 0.34  K=5
  verify 1: accepted 4/4 (K=5) + correction -> +5 tokens (158.3 ms)  cpos=1045
  [margins] 14.63 13.24 8.30 5.38 1.66  K=6
  verify 2: accepted 4/5 (K=6) + correction -> +5 tokens (175.4 ms)  cpos=1050

[spec] generated 10 tokens over 2 verifies: mean tokens/verify = 5.00 (block=5, max 6)
[spec] tokens: 2375 31843 418 25339 63519 14 8176 436 260 5463
[spec] SPEC-DECODE: 35.1 ms/tok = 28.51 tok/s  (vs base M=1 70.8 ms/tok = 14.13 tok/s -> 2.02x)
[decode] PREFILL: 1696 positions in 27745.0 ms = 61.1 tok/s (16.359 ms/tok)
[capture] wrote /home/patrickd/s5-capture/agentic-p25-b0.1/c5/cap/shard_p07_s001696.dspc  1696 tok x (3 taps + 1 lm_in) x 4096 = 53.0 MB (32.0 KB/tok)
[probe] wrote 16 draft probes (block=5) to /home/patrickd/s5-capture/agentic-p25-b0.1/c5/cap/drafts_p07_s001696.txt
[spec] decoding 8 tokens (block=5, draft passes=1, adaptK=1.50, prompt=7 s=1697)...
  [margins] 14.06 14.21 10.80 4.51 8.76  K=6
  verify 1: accepted 5/5 (K=6) + correction -> +6 tokens (184.7 ms)  cpos=1702
  [margins] 17.90 16.58 11.21 6.51 5.03  K=6
  verify 2: accepted 5/5 (K=6) + correction -> +6 tokens (181.1 ms)  cpos=1708

[spec] generated 12 tokens over 2 verifies: mean tokens/verify = 6.00 (block=5, max 6)
[spec] tokens: 13810 24464 3858 13180 1217 260 8173 223 1484 23264 1116 19536
[spec] SPEC-DECODE: 30.2 ms/tok = 33.14 tok/s  (vs base M=1 70.8 ms/tok = 14.13 tok/s -> 2.35x)
[decode] PREFILL: 1072 positions in 17248.2 ms = 62.2 tok/s (16.090 ms/tok)
[capture] wrote /home/patrickd/s5-capture/agentic-p25-b0.1/c5/cap/shard_p08_s001072.dspc  1072 tok x (3 taps + 1 lm_in) x 4096 = 33.5 MB (32.0 KB/tok)
[probe] wrote 16 draft probes (block=5) to /home/patrickd/s5-capture/agentic-p25-b0.1/c5/cap/drafts_p08_s001072.txt
[spec] decoding 8 tokens (block=5, draft passes=1, adaptK=1.50, prompt=8 s=1073)...
  [margins] 17.11 16.56 14.39 15.04 9.88  K=6
  verify 1: accepted 5/5 (K=6) + correction -> +6 tokens (172.0 ms)  cpos=1078
  [margins] 14.51 20.38 14.74 15.51 12.87  K=6
  verify 2: accepted 5/5 (K=6) + correction -> +6 tokens (179.3 ms)  cpos=1084

[spec] generated 12 tokens over 2 verifies: mean tokens/verify = 6.00 (block=5, max 6)
[spec] tokens: 72461 4 305 582 83772 3305 455 582 72461 4 759 366
[spec] SPEC-DECODE: 29.9 ms/tok = 33.47 tok/s  (vs base M=1 70.8 ms/tok = 14.13 tok/s -> 2.37x)
[decode] PREFILL: 1471 positions in 23879.5 ms = 61.6 tok/s (16.234 ms/tok)
[capture] wrote /home/patrickd/s5-capture/agentic-p25-b0.1/c5/cap/shard_p09_s001471.dspc  1471 tok x (3 taps + 1 lm_in) x 4096 = 46.0 MB (32.0 KB/tok)
[probe] wrote 16 draft probes (block=5) to /home/patrickd/s5-capture/agentic-p25-b0.1/c5/cap/drafts_p09_s001471.txt
[spec] decoding 8 tokens (block=5, draft passes=1, adaptK=1.50, prompt=9 s=1472)...
  [margins] 13.27 11.22 13.87 11.15 14.34  K=6
  verify 1: accepted 5/5 (K=6) + correction -> +6 tokens (175.8 ms)  cpos=1477
  [margins] 13.92 11.55 14.76 11.21 13.81  K=6
  verify 2: accepted 5/5 (K=6) + correction -> +6 tokens (166.3 ms)  cpos=1483

[spec] generated 12 tokens over 2 verifies: mean tokens/verify = 6.00 (block=5, max 6)
[spec] tokens: 61561 16 61561 16 61561 16 61561 16 61561 16 61561 16
[spec] SPEC-DECODE: 27.7 ms/tok = 36.08 tok/s  (vs base M=1 70.8 ms/tok = 14.13 tok/s -> 2.55x)
[decode] PREFILL: 1037 positions in 16662.0 ms = 62.2 tok/s (16.068 ms/tok)
[capture] wrote /home/patrickd/s5-capture/agentic-p25-b0.1/c5/cap/shard_p10_s001037.dspc  1037 tok x (3 taps + 1 lm_in) x 4096 = 32.4 MB (32.0 KB/tok)
[probe] wrote 16 draft probes (block=5) to /home/patrickd/s5-capture/agentic-p25-b0.1/c5/cap/drafts_p10_s001037.txt
[spec] decoding 8 tokens (block=5, draft passes=1, adaptK=1.50, prompt=10 s=1038)...
  [margins] 2.45 6.33 0.40 0.87 2.38  K=3
  verify 1: accepted 0/2 (K=3) + correction -> +1 tokens (128.1 ms)  cpos=1038
  [margins] 0.37 0.38 6.06 0.50 0.31  K=2
  verify 2: accepted 0/1 (K=2) + correction -> +1 tokens (110.5 ms)  cpos=1039
  [margins] 2.85 6.84 0.23 2.84 6.75  K=3
  verify 3: accepted 0/2 (K=3) + correction -> +1 tokens (123.9 ms)  cpos=1040
  [margins] 0.67 0.14 4.64 0.67 1.09  K=2
  verify 4: accepted 0/1 (K=2) + correction -> +1 tokens (107.0 ms)  cpos=1041
  [margins] 2.22 5.25 0.32 6.11 0.15  K=3
  verify 5: accepted 0/2 (K=3) + correction -> +1 tokens (124.4 ms)  cpos=1042
  [margins] 0.22 0.09 6.17 0.55 0.92  K=2
  verify 6: accepted 0/1 (K=2) + correction -> +1 tokens (110.5 ms)  cpos=1043
  [margins] 2.59 5.22 0.04 6.29 0.25  K=3
  verify 7: accepted 0/2 (K=3) + correction -> +1 tokens (124.1 ms)  cpos=1044
  [margins] 0.64 0.17 5.44 0.77 0.66  K=2
  verify 8: accepted 0/1 (K=2) + correction -> +1 tokens (106.9 ms)  cpos=1045

[spec] generated 8 tokens over 8 verifies: mean tokens/verify = 1.00 (block=5, max 6)
[spec] tokens: 16 1 16 1 16 1 16 1
[spec] SPEC-DECODE: 115.3 ms/tok = 8.67 tok/s  (vs base M=1 70.8 ms/tok = 14.13 tok/s -> 0.61x)
[decode] PREFILL: 1041 positions in 16733.8 ms = 62.2 tok/s (16.075 ms/tok)
[capture] wrote /home/patrickd/s5-capture/agentic-p25-b0.1/c5/cap/shard_p11_s001041.dspc  1041 tok x (3 taps + 1 lm_in) x 4096 = 32.5 MB (32.0 KB/tok)
[probe] wrote 16 draft probes (block=5) to /home/patrickd/s5-capture/agentic-p25-b0.1/c5/cap/drafts_p11_s001041.txt
[spec] decoding 8 tokens (block=5, draft passes=1, adaptK=1.50, prompt=11 s=1042)...
  [margins] 12.87 13.00 14.57 0.33 9.17  K=4
  verify 1: accepted 3/3 (K=4) + correction -> +4 tokens (140.4 ms)  cpos=1045
  [margins] 12.88 12.17 14.55 2.75 6.07  K=6
  verify 2: accepted 3/5 (K=6) + correction -> +4 tokens (165.9 ms)  cpos=1049

[spec] generated 8 tokens over 2 verifies: mean tokens/verify = 4.00 (block=5, max 6)
[spec] tokens: 3749 11 3749 11 3749 11 3749 11
[spec] SPEC-DECODE: 41.5 ms/tok = 24.12 tok/s  (vs base M=1 70.8 ms/tok = 14.13 tok/s -> 1.71x)
[decode] PREFILL: 1070 positions in 17198.8 ms = 62.2 tok/s (16.074 ms/tok)
[capture] wrote /home/patrickd/s5-capture/agentic-p25-b0.1/c5/cap/shard_p12_s001070.dspc  1070 tok x (3 taps + 1 lm_in) x 4096 = 33.4 MB (32.0 KB/tok)
[probe] wrote 16 draft probes (block=5) to /home/patrickd/s5-capture/agentic-p25-b0.1/c5/cap/drafts_p12_s001070.txt
[spec] decoding 8 tokens (block=5, draft passes=1, adaptK=1.50, prompt=12 s=1071)...
  [margins] 17.68 16.55 8.60 16.58 13.54  K=6
  verify 1: accepted 5/5 (K=6) + correction -> +6 tokens (179.8 ms)  cpos=1076
  [margins] 18.26 19.14 15.84 17.36 14.53  K=6
  verify 2: accepted 5/5 (K=6) + correction -> +6 tokens (168.9 ms)  cpos=1082

[spec] generated 12 tokens over 2 verifies: mean tokens/verify = 6.00 (block=5, max 6)
[spec] tokens: 7363 16 40417 344 4844 16 3016 270 1926 344 1178 103833
[spec] SPEC-DECODE: 28.1 ms/tok = 35.53 tok/s  (vs base M=1 70.8 ms/tok = 14.13 tok/s -> 2.51x)
[decode] PREFILL: 1496 positions in 24322.1 ms = 61.5 tok/s (16.258 ms/tok)
[capture] wrote /home/patrickd/s5-capture/agentic-p25-b0.1/c5/cap/shard_p13_s001496.dspc  1496 tok x (3 taps + 1 lm_in) x 4096 = 46.8 MB (32.0 KB/tok)
[probe] wrote 16 draft probes (block=5) to /home/patrickd/s5-capture/agentic-p25-b0.1/c5/cap/drafts_p13_s001496.txt
[spec] decoding 8 tokens (block=5, draft passes=1, adaptK=1.50, prompt=13 s=1497)...
  [margins] 16.07 2.09 11.00 8.64 4.28  K=6
  verify 1: accepted 5/5 (K=6) + correction -> +6 tokens (177.2 ms)  cpos=1502
  [margins] 12.96 14.53 10.90 0.27 6.29  K=4
  verify 2: accepted 3/3 (K=4) + correction -> +4 tokens (141.1 ms)  cpos=1506

[spec] generated 10 tokens over 2 verifies: mean tokens/verify = 5.00 (block=5, max 6)
[spec] tokens: 16 107113 50 14 270 3287 344 334 16 41218
[spec] SPEC-DECODE: 35.3 ms/tok = 28.35 tok/s  (vs base M=1 70.8 ms/tok = 14.13 tok/s -> 2.01x)
[decode] PREFILL: 1074 positions in 17286.1 ms = 62.1 tok/s (16.095 ms/tok)
[capture] wrote /home/patrickd/s5-capture/agentic-p25-b0.1/c5/cap/shard_p14_s001074.dspc  1074 tok x (3 taps + 1 lm_in) x 4096 = 33.6 MB (32.0 KB/tok)
[probe] wrote 16 draft probes (block=5) to /home/patrickd/s5-capture/agentic-p25-b0.1/c5/cap/drafts_p14_s001074.txt
[spec] decoding 8 tokens (block=5, draft passes=1, adaptK=1.50, prompt=14 s=1075)...
  [margins] 12.09 16.79 14.11 12.32 12.26  K=6
  verify 1: accepted 5/5 (K=6) + correction -> +6 tokens (178.4 ms)  cpos=1080
  [margins] 18.79 14.01 12.31 11.94 14.84  K=6
  verify 2: accepted 5/5 (K=6) + correction -> +6 tokens (171.0 ms)  cpos=1086

[spec] generated 12 tokens over 2 verifies: mean tokens/verify = 6.00 (block=5, max 6)
[spec] tokens: 377 260 37636 294 5606 16 2052 270 1666 734 5606 17171
[spec] SPEC-DECODE: 28.5 ms/tok = 35.09 tok/s  (vs base M=1 70.8 ms/tok = 14.13 tok/s -> 2.48x)
[decode] PREFILL: 1053 positions in 16918.7 ms = 62.2 tok/s (16.067 ms/tok)
[capture] wrote /home/patrickd/s5-capture/agentic-p25-b0.1/c5/cap/shard_p15_s001053.dspc  1053 tok x (3 taps + 1 lm_in) x 4096 = 32.9 MB (32.0 KB/tok)
[probe] wrote 16 draft probes (block=5) to /home/patrickd/s5-capture/agentic-p25-b0.1/c5/cap/drafts_p15_s001053.txt
[spec] decoding 8 tokens (block=5, draft passes=1, adaptK=1.50, prompt=15 s=1054)...
  [margins] 18.58 14.83 15.26 14.66 12.46  K=6
  verify 1: accepted 5/5 (K=6) + correction -> +6 tokens (173.1 ms)  cpos=1059
  [margins] 17.36 19.38 13.01 14.68 10.81  K=6
  verify 2: accepted 5/5 (K=6) + correction -> +6 tokens (172.9 ms)  cpos=1065

[spec] generated 12 tokens over 2 verifies: mean tokens/verify = 6.00 (block=5, max 6)
[spec] tokens: 1783 270 24374 2595 294 1257 313 12601 4095 3737 16 15361
[spec] SPEC-DECODE: 28.8 ms/tok = 34.70 tok/s  (vs base M=1 70.8 ms/tok = 14.13 tok/s -> 2.46x)
[decode] PREFILL: 2250 positions in 37342.7 ms = 60.3 tok/s (16.597 ms/tok)
[capture] wrote /home/patrickd/s5-capture/agentic-p25-b0.1/c5/cap/shard_p16_s002250.dspc  2250 tok x (3 taps + 1 lm_in) x 4096 = 70.3 MB (32.0 KB/tok)
[probe] wrote 16 draft probes (block=5) to /home/patrickd/s5-capture/agentic-p25-b0.1/c5/cap/drafts_p16_s002250.txt
[spec] decoding 8 tokens (block=5, draft passes=1, adaptK=1.50, prompt=16 s=2251)...
  [margins] 14.70 8.21 4.05 4.85 3.05  K=6
  verify 1: accepted 5/5 (K=6) + correction -> +6 tokens (193.6 ms)  cpos=2256
  [margins] 15.23 9.74 0.78 0.61 1.84  K=3
  verify 2: accepted 2/2 (K=3) + correction -> +3 tokens (128.9 ms)  cpos=2259

[spec] generated 9 tokens over 2 verifies: mean tokens/verify = 4.50 (block=5, max 6)
[spec] tokens: 11359 304 8953 305 81736 436 16 14689 4629
[spec] SPEC-DECODE: 43.0 ms/tok = 23.27 tok/s  (vs base M=1 70.8 ms/tok = 14.13 tok/s -> 1.65x)
[decode] PREFILL: 1048 positions in 16861.3 ms = 62.2 tok/s (16.089 ms/tok)
[capture] wrote /home/patrickd/s5-capture/agentic-p25-b0.1/c5/cap/shard_p17_s001048.dspc  1048 tok x (3 taps + 1 lm_in) x 4096 = 32.8 MB (32.0 KB/tok)
[probe] wrote 16 draft probes (block=5) to /home/patrickd/s5-capture/agentic-p25-b0.1/c5/cap/drafts_p17_s001048.txt
[spec] decoding 8 tokens (block=5, draft passes=1, adaptK=1.50, prompt=17 s=1049)...
  [margins] 5.14 0.96 0.39 0.58 0.25  K=2
  verify 1: accepted 1/1 (K=2) + correction -> +2 tokens (107.5 ms)  cpos=1050
  [margins] 3.70 1.34 3.08 1.85 2.44  K=2
  verify 2: accepted 0/1 (K=2) + correction -> +1 tokens (110.7 ms)  cpos=1051
  [margins] 2.43 0.13 0.42 0.77 1.14  K=2
  verify 3: accepted 1/1 (K=2) + correction -> +2 tokens (109.2 ms)  cpos=1053
  [margins] 0.52 2.58 1.01 2.43 0.01  K=3
  verify 4: accepted 0/2 (K=3) + correction -> +1 tokens (124.7 ms)  cpos=1054
  [margins] 1.26 0.34 2.54 1.26 3.87  K=2
  verify 5: accepted 0/1 (K=2) + correction -> +1 tokens (110.1 ms)  cpos=1055
  [margins] 2.98 5.19 0.46 5.55 6.38  K=3
  verify 6: accepted 2/2 (K=3) + correction -> +3 tokens (121.7 ms)  cpos=1058

[spec] generated 10 tokens over 6 verifies: mean tokens/verify = 1.67 (block=5, max 6)
[spec] tokens: 7 8500 377 260 12603 3817 45007 260 223 736
[spec] SPEC-DECODE: 72.1 ms/tok = 13.88 tok/s  (vs base M=1 70.8 ms/tok = 14.13 tok/s -> 0.98x)
[decode] PREFILL: 1746 positions in 28617.7 ms = 61.0 tok/s (16.390 ms/tok)
[capture] wrote /home/patrickd/s5-capture/agentic-p25-b0.1/c5/cap/shard_p18_s001746.dspc  1746 tok x (3 taps + 1 lm_in) x 4096 = 54.6 MB (32.0 KB/tok)
[probe] wrote 16 draft probes (block=5) to /home/patrickd/s5-capture/agentic-p25-b0.1/c5/cap/drafts_p18_s001746.txt
[spec] decoding 8 tokens (block=5, draft passes=1, adaptK=1.50, prompt=18 s=1747)...
  [margins] 11.17 16.43 10.69 10.57 15.16  K=6
  verify 1: accepted 5/5 (K=6) + correction -> +6 tokens (181.0 ms)  cpos=1752
  [margins] 11.59 16.87 11.29 10.69 15.28  K=6
  verify 2: accepted 5/5 (K=6) + correction -> +6 tokens (167.8 ms)  cpos=1758

[spec] generated 12 tokens over 2 verifies: mean tokens/verify = 6.00 (block=5, max 6)
[spec] tokens: 11628 32854 16 11628 32854 16 11628 32854 16 11628 32854 16
[spec] SPEC-DECODE: 28.0 ms/tok = 35.76 tok/s  (vs base M=1 70.8 ms/tok = 14.13 tok/s -> 2.53x)
[decode] PREFILL: 1037 positions in 16645.9 ms = 62.3 tok/s (16.052 ms/tok)
[capture] wrote /home/patrickd/s5-capture/agentic-p25-b0.1/c5/cap/shard_p19_s001037.dspc  1037 tok x (3 taps + 1 lm_in) x 4096 = 32.4 MB (32.0 KB/tok)
[probe] wrote 16 draft probes (block=5) to /home/patrickd/s5-capture/agentic-p25-b0.1/c5/cap/drafts_p19_s001037.txt
[spec] decoding 8 tokens (block=5, draft passes=1, adaptK=1.50, prompt=19 s=1038)...
  [margins] 20.37 16.19 17.36 16.19 15.42  K=6
  verify 1: accepted 5/5 (K=6) + correction -> +6 tokens (172.5 ms)  cpos=1043
  [margins] 14.14 16.41 14.70 17.68 11.99  K=6
  verify 2: accepted 5/5 (K=6) + correction -> +6 tokens (175.2 ms)  cpos=1049

[spec] generated 12 tokens over 2 verifies: mean tokens/verify = 6.00 (block=5, max 6)
[spec] tokens: 28 3019 28 4287 60 939 22 15 3315 15 929 54
[spec] SPEC-DECODE: 29.2 ms/tok = 34.24 tok/s  (vs base M=1 70.8 ms/tok = 14.13 tok/s -> 2.42x)
[decode] PREFILL: 1039 positions in 16686.6 ms = 62.3 tok/s (16.060 ms/tok)
[capture] wrote /home/patrickd/s5-capture/agentic-p25-b0.1/c5/cap/shard_p20_s001039.dspc  1039 tok x (3 taps + 1 lm_in) x 4096 = 32.5 MB (32.0 KB/tok)
[probe] wrote 16 draft probes (block=5) to /home/patrickd/s5-capture/agentic-p25-b0.1/c5/cap/drafts_p20_s001039.txt
[spec] decoding 8 tokens (block=5, draft passes=1, adaptK=1.50, prompt=20 s=1040)...
  [margins] 12.48 9.56 2.27 0.00 1.56  K=4
  verify 1: accepted 2/3 (K=4) + correction -> +3 tokens (141.2 ms)  cpos=1042
  [margins] 5.78 12.99 0.53 0.52 2.67  K=3
  verify 2: accepted 2/2 (K=3) + correction -> +3 tokens (121.3 ms)  cpos=1045
  [margins] 14.06 0.56 12.93 1.34 7.16  K=2
  verify 3: accepted 1/1 (K=2) + correction -> +2 tokens (104.5 ms)  cpos=1047

[spec] generated 8 tokens over 3 verifies: mean tokens/verify = 2.67 (block=5, max 6)
[spec] tokens: 3737 14 373 387 24050 39930 14 447
[spec] SPEC-DECODE: 45.1 ms/tok = 22.15 tok/s  (vs base M=1 70.8 ms/tok = 14.13 tok/s -> 1.57x)
[decode] PREFILL: 1374 positions in 22253.0 ms = 61.7 tok/s (16.196 ms/tok)
[capture] wrote /home/patrickd/s5-capture/agentic-p25-b0.1/c5/cap/shard_p21_s001374.dspc  1374 tok x (3 taps + 1 lm_in) x 4096 = 42.9 MB (32.0 KB/tok)
[probe] wrote 16 draft probes (block=5) to /home/patrickd/s5-capture/agentic-p25-b0.1/c5/cap/drafts_p21_s001374.txt
[spec] decoding 8 tokens (block=5, draft passes=1, adaptK=1.50, prompt=21 s=1375)...
  [margins] 12.96 15.78 1.81 0.94 2.39  K=4
  verify 1: accepted 3/3 (K=4) + correction -> +4 tokens (146.8 ms)  cpos=1378
  [margins] 3.28 2.21 2.98 0.75 0.80  K=4
  verify 2: accepted 3/3 (K=4) + correction -> +4 tokens (136.2 ms)  cpos=1382

[spec] generated 8 tokens over 2 verifies: mean tokens/verify = 4.00 (block=5, max 6)
[spec] tokens: 29096 5942 5367 10137 477 270 4104 27792
[spec] SPEC-DECODE: 34.1 ms/tok = 29.37 tok/s  (vs base M=1 70.8 ms/tok = 14.13 tok/s -> 2.08x)
[decode] PREFILL: 1094 positions in 17602.4 ms = 62.2 tok/s (16.090 ms/tok)
[capture] wrote /home/patrickd/s5-capture/agentic-p25-b0.1/c5/cap/shard_p22_s001094.dspc  1094 tok x (3 taps + 1 lm_in) x 4096 = 34.2 MB (32.0 KB/tok)
[probe] wrote 16 draft probes (block=5) to /home/patrickd/s5-capture/agentic-p25-b0.1/c5/cap/drafts_p22_s001094.txt
[spec] decoding 8 tokens (block=5, draft passes=1, adaptK=1.50, prompt=22 s=1095)...
  [margins] 14.33 11.33 12.16 10.57 10.54  K=6
  verify 1: accepted 5/5 (K=6) + correction -> +6 tokens (178.9 ms)  cpos=1100
  [margins] 16.58 16.43 17.75 16.79 4.35  K=6
  verify 2: accepted 5/5 (K=6) + correction -> +6 tokens (170.8 ms)  cpos=1106

[spec] generated 12 tokens over 2 verifies: mean tokens/verify = 6.00 (block=5, max 6)
[spec] tokens: 100219 14 832 223 20 982 223 736 438 223 1173 113581
[spec] SPEC-DECODE: 28.5 ms/tok = 35.13 tok/s  (vs base M=1 70.8 ms/tok = 14.13 tok/s -> 2.49x)
[decode] PREFILL: 1200 positions in 19364.5 ms = 62.0 tok/s (16.137 ms/tok)
[capture] wrote /home/patrickd/s5-capture/agentic-p25-b0.1/c5/cap/shard_p23_s001200.dspc  1200 tok x (3 taps + 1 lm_in) x 4096 = 37.5 MB (32.0 KB/tok)
[probe] wrote 16 draft probes (block=5) to /home/patrickd/s5-capture/agentic-p25-b0.1/c5/cap/drafts_p23_s001200.txt
[spec] decoding 8 tokens (block=5, draft passes=1, adaptK=1.50, prompt=23 s=1201)...
  [margins] 13.55 16.40 2.68 10.59 12.75  K=6
  verify 1: accepted 2/5 (K=6) + correction -> +3 tokens (169.4 ms)  cpos=1203
  [margins] 13.80 15.60 1.87 2.34 9.44  K=6
  verify 2: accepted 2/5 (K=6) + correction -> +3 tokens (170.8 ms)  cpos=1206
  [margins] 13.85 16.71 0.48 7.29 10.69  K=3
  verify 3: accepted 2/2 (K=3) + correction -> +3 tokens (120.6 ms)  cpos=1209

[spec] generated 9 tokens over 3 verifies: mean tokens/verify = 3.00 (block=5, max 6)
[spec] tokens: 201 15 71188 201 15 120509 201 15 2566
[spec] SPEC-DECODE: 48.6 ms/tok = 20.59 tok/s  (vs base M=1 70.8 ms/tok = 14.13 tok/s -> 1.46x)
[decode] PREFILL: 1220 positions in 19710.9 ms = 61.9 tok/s (16.156 ms/tok)
[capture] wrote /home/patrickd/s5-capture/agentic-p25-b0.1/c5/cap/shard_p24_s001220.dspc  1220 tok x (3 taps + 1 lm_in) x 4096 = 38.1 MB (32.0 KB/tok)
[probe] wrote 16 draft probes (block=5) to /home/patrickd/s5-capture/agentic-p25-b0.1/c5/cap/drafts_p24_s001220.txt
[spec] decoding 8 tokens (block=5, draft passes=1, adaptK=1.50, prompt=24 s=1221)...
  [margins] 16.95 14.49 11.85 11.11 14.28  K=6
  verify 1: accepted 5/5 (K=6) + correction -> +6 tokens (176.4 ms)  cpos=1226
  [margins] 15.85 13.73 13.73 10.62 12.04  K=6
  verify 2: accepted 5/5 (K=6) + correction -> +6 tokens (175.0 ms)  cpos=1232

[spec] generated 12 tokens over 2 verifies: mean tokens/verify = 6.00 (block=5, max 6)
[spec] tokens: 28 223 19 16 721 602 28 223 19 16 721 602
[spec] SPEC-DECODE: 29.2 ms/tok = 34.29 tok/s  (vs base M=1 70.8 ms/tok = 14.13 tok/s -> 2.43x)
[decode] PREFILL: 1069 positions in 17181.7 ms = 62.2 tok/s (16.073 ms/tok)
[capture] wrote /home/patrickd/s5-capture/agentic-p25-b0.1/c5/cap/shard_p25_s001069.dspc  1069 tok x (3 taps + 1 lm_in) x 4096 = 33.4 MB (32.0 KB/tok)
[probe] wrote 16 draft probes (block=5) to /home/patrickd/s5-capture/agentic-p25-b0.1/c5/cap/drafts_p25_s001069.txt
[spec] decoding 8 tokens (block=5, draft passes=1, adaptK=1.50, prompt=25 s=1070)...
  [margins] 23.37 15.55 17.25 13.35 13.06  K=6
  verify 1: accepted 5/5 (K=6) + correction -> +6 tokens (172.2 ms)  cpos=1075
  [margins] 21.19 17.21 16.92 9.73 10.21  K=6
  verify 2: accepted 5/5 (K=6) + correction -> +6 tokens (174.9 ms)  cpos=1081

[spec] generated 12 tokens over 2 verifies: mean tokens/verify = 6.00 (block=5, max 6)
[spec] tokens: 4772 33 343 1900 334 16 223 4870 406 16 223 19
[spec] SPEC-DECODE: 29.1 ms/tok = 34.31 tok/s  (vs base M=1 70.8 ms/tok = 14.13 tok/s -> 2.43x)
[decode] PREFILL: 1088 positions in 17490.1 ms = 62.2 tok/s (16.075 ms/tok)
[capture] wrote /home/patrickd/s5-capture/agentic-p25-b0.1/c5/cap/shard_p26_s001088.dspc  1088 tok x (3 taps + 1 lm_in) x 4096 = 34.0 MB (32.0 KB/tok)
[probe] wrote 16 draft probes (block=5) to /home/patrickd/s5-capture/agentic-p25-b0.1/c5/cap/drafts_p26_s001088.txt
[spec] decoding 8 tokens (block=5, draft passes=1, adaptK=1.50, prompt=26 s=1089)...
  [margins] 11.13 10.35 11.76 9.23 10.64  K=6
  verify 1: accepted 5/5 (K=6) + correction -> +6 tokens (166.1 ms)  cpos=1094
  [margins] 11.97 11.00 12.05 9.05 10.49  K=6
  verify 2: accepted 5/5 (K=6) + correction -> +6 tokens (167.6 ms)  cpos=1100

[spec] generated 12 tokens over 2 verifies: mean tokens/verify = 6.00 (block=5, max 6)
[spec] tokens: 455 16 455 16 455 16 455 16 455 16 455 16
[spec] SPEC-DECODE: 27.9 ms/tok = 35.81 tok/s  (vs base M=1 70.8 ms/tok = 14.13 tok/s -> 2.53x)
[decode] PREFILL: 1041 positions in 16735.8 ms = 62.2 tok/s (16.077 ms/tok)
[capture] wrote /home/patrickd/s5-capture/agentic-p25-b0.1/c5/cap/shard_p27_s001041.dspc  1041 tok x (3 taps + 1 lm_in) x 4096 = 32.5 MB (32.0 KB/tok)
[probe] wrote 16 draft probes (block=5) to /home/patrickd/s5-capture/agentic-p25-b0.1/c5/cap/drafts_p27_s001041.txt
[spec] decoding 8 tokens (block=5, draft passes=1, adaptK=1.50, prompt=27 s=1042)...
  [margins] 9.70 7.52 10.18 6.17 9.10  K=6
  verify 1: accepted 5/5 (K=6) + correction -> +6 tokens (166.2 ms)  cpos=1047
  [margins] 10.65 6.98 10.31 5.70 9.02  K=6
  verify 2: accepted 5/5 (K=6) + correction -> +6 tokens (167.2 ms)  cpos=1053

[spec] generated 12 tokens over 2 verifies: mean tokens/verify = 6.00 (block=5, max 6)
[spec] tokens: 455 16 455 16 455 16 455 16 455 16 455 16
[spec] SPEC-DECODE: 27.9 ms/tok = 35.89 tok/s  (vs base M=1 70.8 ms/tok = 14.13 tok/s -> 2.54x)
[decode] PREFILL: 1603 positions in 26161.2 ms = 61.3 tok/s (16.320 ms/tok)
[capture] wrote /home/patrickd/s5-capture/agentic-p25-b0.1/c5/cap/shard_p28_s001603.dspc  1603 tok x (3 taps + 1 lm_in) x 4096 = 50.1 MB (32.0 KB/tok)
[probe] wrote 16 draft probes (block=5) to /home/patrickd/s5-capture/agentic-p25-b0.1/c5/cap/drafts_p28_s001603.txt
[spec] decoding 8 tokens (block=5, draft passes=1, adaptK=1.50, prompt=28 s=1604)...
  [margins] 15.85 10.65 18.97 11.80 12.95  K=6
  verify 1: accepted 5/5 (K=6) + correction -> +6 tokens (181.5 ms)  cpos=1609
  [margins] 21.63 12.45 13.79 9.50 17.80  K=6
  verify 2: accepted 5/5 (K=6) + correction -> +6 tokens (169.7 ms)  cpos=1615

[spec] generated 12 tokens over 2 verifies: mean tokens/verify = 6.00 (block=5, max 6)
[spec] tokens: 4617 551 479 16 4617 551 479 16 4617 551 479 16
[spec] SPEC-DECODE: 28.3 ms/tok = 35.36 tok/s  (vs base M=1 70.8 ms/tok = 14.13 tok/s -> 2.50x)
[decode] PREFILL: 1602 positions in 26165.9 ms = 61.2 tok/s (16.333 ms/tok)
[capture] wrote /home/patrickd/s5-capture/agentic-p25-b0.1/c5/cap/shard_p29_s001602.dspc  1602 tok x (3 taps + 1 lm_in) x 4096 = 50.1 MB (32.0 KB/tok)
[probe] wrote 16 draft probes (block=5) to /home/patrickd/s5-capture/agentic-p25-b0.1/c5/cap/drafts_p29_s001602.txt
[spec] decoding 8 tokens (block=5, draft passes=1, adaptK=1.50, prompt=29 s=1603)...
  [margins] 13.32 13.89 13.69 9.37 8.60  K=6
  verify 1: accepted 5/5 (K=6) + correction -> +6 tokens (184.3 ms)  cpos=1608
  [margins] 21.99 15.39 14.80 14.90 6.77  K=6
  verify 2: accepted 5/5 (K=6) + correction -> +6 tokens (173.5 ms)  cpos=1614

[spec] generated 12 tokens over 2 verifies: mean tokens/verify = 6.00 (block=5, max 6)
[spec] tokens: 270 4813 3287 33 539 8197 14 2513 734 3287 270 3417
[spec] SPEC-DECODE: 28.9 ms/tok = 34.59 tok/s  (vs base M=1 70.8 ms/tok = 14.13 tok/s -> 2.45x)
[decode] PREFILL: 1372 positions in 22249.4 ms = 61.7 tok/s (16.217 ms/tok)
[capture] wrote /home/patrickd/s5-capture/agentic-p25-b0.1/c5/cap/shard_p30_s001372.dspc  1372 tok x (3 taps + 1 lm_in) x 4096 = 42.9 MB (32.0 KB/tok)
[probe] wrote 16 draft probes (block=5) to /home/patrickd/s5-capture/agentic-p25-b0.1/c5/cap/drafts_p30_s001372.txt
[spec] decoding 8 tokens (block=5, draft passes=1, adaptK=1.50, prompt=30 s=1373)...
  [margins] 17.71 15.84 9.29 14.86 11.16  K=6
  verify 1: accepted 5/5 (K=6) + correction -> +6 tokens (178.6 ms)  cpos=1378
  [margins] 18.94 15.80 14.69 11.96 12.23  K=6
  verify 2: accepted 5/5 (K=6) + correction -> +6 tokens (176.4 ms)  cpos=1384

[spec] generated 12 tokens over 2 verifies: mean tokens/verify = 6.00 (block=5, max 6)
[spec] tokens: 4087 16 455 22896 734 4256 344 4087 16 455 22896 734
[spec] SPEC-DECODE: 29.4 ms/tok = 34.00 tok/s  (vs base M=1 70.8 ms/tok = 14.13 tok/s -> 2.41x)
[decode] PREFILL: 1835 positions in 30136.3 ms = 60.9 tok/s (16.423 ms/tok)
[capture] wrote /home/patrickd/s5-capture/agentic-p25-b0.1/c5/cap/shard_p31_s001835.dspc  1835 tok x (3 taps + 1 lm_in) x 4096 = 57.4 MB (32.0 KB/tok)
[probe] wrote 16 draft probes (block=5) to /home/patrickd/s5-capture/agentic-p25-b0.1/c5/cap/drafts_p31_s001835.txt
[spec] decoding 8 tokens (block=5, draft passes=1, adaptK=1.50, prompt=31 s=1836)...
  [margins] 4.65 9.58 1.45 4.01 1.03  K=3
  verify 1: accepted 2/2 (K=3) + correction -> +3 tokens (134.2 ms)  cpos=1838
  [margins] 16.37 9.33 7.67 0.71 0.32  K=4
  verify 2: accepted 3/3 (K=4) + correction -> +4 tokens (141.2 ms)  cpos=1842
  [margins] 16.34 12.83 12.78 2.57 0.32  K=5
  verify 3: accepted 3/4 (K=5) + correction -> +4 tokens (158.3 ms)  cpos=1846

[spec] generated 11 tokens over 3 verifies: mean tokens/verify = 3.67 (block=5, max 6)
[spec] tokens: 19 16 3715 554 2887 304 270 59252 20941 3929 304
[spec] SPEC-DECODE: 37.4 ms/tok = 26.71 tok/s  (vs base M=1 70.8 ms/tok = 14.13 tok/s -> 1.89x)
[decode] PREFILL: 1069 positions in 17187.0 ms = 62.2 tok/s (16.078 ms/tok)
[capture] wrote /home/patrickd/s5-capture/agentic-p25-b0.1/c5/cap/shard_p32_s001069.dspc  1069 tok x (3 taps + 1 lm_in) x 4096 = 33.4 MB (32.0 KB/tok)
[probe] wrote 16 draft probes (block=5) to /home/patrickd/s5-capture/agentic-p25-b0.1/c5/cap/drafts_p32_s001069.txt
[spec] decoding 8 tokens (block=5, draft passes=1, adaptK=1.50, prompt=32 s=1070)...
  [margins] 15.56 11.67 13.54 12.43 13.86  K=6
  verify 1: accepted 5/5 (K=6) + correction -> +6 tokens (165.9 ms)  cpos=1075
  [margins] 15.98 11.71 13.61 12.87 14.09  K=6
  verify 2: accepted 5/5 (K=6) + correction -> +6 tokens (165.8 ms)  cpos=1081

[spec] generated 12 tokens over 2 verifies: mean tokens/verify = 6.00 (block=5, max 6)
[spec] tokens: 16448 16 16448 16 16448 16 16448 16 16448 16 16448 16
[spec] SPEC-DECODE: 27.6 ms/tok = 36.20 tok/s  (vs base M=1 70.8 ms/tok = 14.13 tok/s -> 2.56x)
[decode] PREFILL: 1111 positions in 17879.7 ms = 62.1 tok/s (16.093 ms/tok)
[capture] wrote /home/patrickd/s5-capture/agentic-p25-b0.1/c5/cap/shard_p33_s001111.dspc  1111 tok x (3 taps + 1 lm_in) x 4096 = 34.7 MB (32.0 KB/tok)
[probe] wrote 16 draft probes (block=5) to /home/patrickd/s5-capture/agentic-p25-b0.1/c5/cap/drafts_p33_s001111.txt
[spec] decoding 8 tokens (block=5, draft passes=1, adaptK=1.50, prompt=33 s=1112)...
  [margins] 16.70 7.91 10.45 6.78 3.09  K=6
  verify 1: accepted 4/5 (K=6) + correction -> +5 tokens (174.4 ms)  cpos=1116
  [margins] 16.82 13.15 5.65 10.63 0.47  K=5
  verify 2: accepted 4/4 (K=5) + correction -> +5 tokens (152.9 ms)  cpos=1121

[spec] generated 10 tokens over 2 verifies: mean tokens/verify = 5.00 (block=5, max 6)
[spec] tokens: 11 89 3749 11 81 3749 11 84 3749 11
[spec] SPEC-DECODE: 30.6 ms/tok = 32.71 tok/s  (vs base M=1 70.8 ms/tok = 14.13 tok/s -> 2.32x)
[decode] PREFILL: 1505 positions in 24491.2 ms = 61.5 tok/s (16.273 ms/tok)
[capture] wrote /home/patrickd/s5-capture/agentic-p25-b0.1/c5/cap/shard_p34_s001505.dspc  1505 tok x (3 taps + 1 lm_in) x 4096 = 47.0 MB (32.0 KB/tok)
[probe] wrote 16 draft probes (block=5) to /home/patrickd/s5-capture/agentic-p25-b0.1/c5/cap/drafts_p34_s001505.txt
[spec] decoding 8 tokens (block=5, draft passes=1, adaptK=1.50, prompt=34 s=1506)...
  [margins] 12.48 13.75 8.74 8.93 9.63  K=6
  verify 1: accepted 5/5 (K=6) + correction -> +6 tokens (179.6 ms)  cpos=1511
  [margins] 16.25 14.97 13.80 13.06 10.77  K=6
  verify 2: accepted 5/5 (K=6) + correction -> +6 tokens (180.3 ms)  cpos=1517

[spec] generated 12 tokens over 2 verifies: mean tokens/verify = 6.00 (block=5, max 6)
[spec] tokens: 734 260 31210 271 32111 377 270 14108 3554 28 11780 515
[spec] SPEC-DECODE: 30.0 ms/tok = 33.28 tok/s  (vs base M=1 70.8 ms/tok = 14.13 tok/s -> 2.36x)
[decode] PREFILL: 1074 positions in 17283.8 ms = 62.1 tok/s (16.093 ms/tok)
[capture] wrote /home/patrickd/s5-capture/agentic-p25-b0.1/c5/cap/shard_p35_s001074.dspc  1074 tok x (3 taps + 1 lm_in) x 4096 = 33.6 MB (32.0 KB/tok)
[probe] wrote 16 draft probes (block=5) to /home/patrickd/s5-capture/agentic-p25-b0.1/c5/cap/drafts_p35_s001074.txt
[spec] decoding 8 tokens (block=5, draft passes=1, adaptK=1.50, prompt=35 s=1075)...
  [margins] 12.40 15.46 14.23 14.26 12.31  K=6
  verify 1: accepted 5/5 (K=6) + correction -> +6 tokens (179.8 ms)  cpos=1080
  [margins] 11.82 14.45 13.90 13.57 13.25  K=6
  verify 2: accepted 5/5 (K=6) + correction -> +6 tokens (171.1 ms)  cpos=1086

[spec] generated 12 tokens over 2 verifies: mean tokens/verify = 6.00 (block=5, max 6)
[spec] tokens: 4147 554 1926 270 4105 16 4147 554 1926 270 4105 16
[spec] SPEC-DECODE: 28.5 ms/tok = 35.06 tok/s  (vs base M=1 70.8 ms/tok = 14.13 tok/s -> 2.48x)
[decode] PREFILL: 1105 positions in 17796.6 ms = 62.1 tok/s (16.106 ms/tok)
[capture] wrote /home/patrickd/s5-capture/agentic-p25-b0.1/c5/cap/shard_p36_s001105.dspc  1105 tok x (3 taps + 1 lm_in) x 4096 = 34.5 MB (32.0 KB/tok)
[probe] wrote 16 draft probes (block=5) to /home/patrickd/s5-capture/agentic-p25-b0.1/c5/cap/drafts_p36_s001105.txt
[spec] decoding 8 tokens (block=5, draft passes=1, adaptK=1.50, prompt=36 s=1106)...
  [margins] 15.11 13.74 17.63 14.16 15.54  K=6
  verify 1: accepted 5/5 (K=6) + correction -> +6 tokens (175.6 ms)  cpos=1111
  [margins] 16.51 17.98 14.69 14.82 9.99  K=6
  verify 2: accepted 5/5 (K=6) + correction -> +6 tokens (177.4 ms)  cpos=1117

[spec] generated 12 tokens over 2 verifies: mean tokens/verify = 6.00 (block=5, max 6)
[spec] tokens: 260 111160 16 9035 678 260 834 778 1531 366 411 1294
[spec] SPEC-DECODE: 29.6 ms/tok = 33.82 tok/s  (vs base M=1 70.8 ms/tok = 14.13 tok/s -> 2.39x)
[decode] PREFILL: 1164 positions in 18768.9 ms = 62.0 tok/s (16.125 ms/tok)
[capture] wrote /home/patrickd/s5-capture/agentic-p25-b0.1/c5/cap/shard_p37_s001164.dspc  1164 tok x (3 taps + 1 lm_in) x 4096 = 36.4 MB (32.0 KB/tok)
[probe] wrote 16 draft probes (block=5) to /home/patrickd/s5-capture/agentic-p25-b0.1/c5/cap/drafts_p37_s001164.txt
[spec] decoding 8 tokens (block=5, draft passes=1, adaptK=1.50, prompt=37 s=1165)...
  [margins] 14.23 4.80 2.31 2.66 0.68  K=5
  verify 1: accepted 1/4 (K=5) + correction -> +2 tokens (154.8 ms)  cpos=1166
  [margins] 12.04 12.46 0.41 6.74 6.32  K=3
  verify 2: accepted 2/2 (K=3) + correction -> +3 tokens (123.3 ms)  cpos=1169
  [margins] 8.39 5.81 9.32 9.55 4.55  K=6
  verify 3: accepted 5/5 (K=6) + correction -> +6 tokens (169.0 ms)  cpos=1175

[spec] generated 11 tokens over 3 verifies: mean tokens/verify = 3.67 (block=5, max 6)
[spec] tokens: 418 22116 2430 10452 305 53639 304 3551 260 5463 32492
[spec] SPEC-DECODE: 32.5 ms/tok = 30.79 tok/s  (vs base M=1 70.8 ms/tok = 14.13 tok/s -> 2.18x)
[decode] PREFILL: 1061 positions in 17062.7 ms = 62.2 tok/s (16.082 ms/tok)
[capture] wrote /home/patrickd/s5-capture/agentic-p25-b0.1/c5/cap/shard_p38_s001061.dspc  1061 tok x (3 taps + 1 lm_in) x 4096 = 33.2 MB (32.0 KB/tok)
[probe] wrote 16 draft probes (block=5) to /home/patrickd/s5-capture/agentic-p25-b0.1/c5/cap/drafts_p38_s001061.txt
[spec] decoding 8 tokens (block=5, draft passes=1, adaptK=1.50, prompt=38 s=1062)...
  [margins] 17.08 12.59 14.56 4.95 14.33  K=6
  verify 1: accepted 5/5 (K=6) + correction -> +6 tokens (168.4 ms)  cpos=1067
  [margins] 15.54 12.43 14.52 11.94 15.88  K=6
  verify 2: accepted 5/5 (K=6) + correction -> +6 tokens (171.5 ms)  cpos=1073

[spec] generated 12 tokens over 2 verifies: mean tokens/verify = 6.00 (block=5, max 6)
[spec] tokens: 877 16 403 87 877 16 403 87 877 16 403 87
[spec] SPEC-DECODE: 28.6 ms/tok = 34.98 tok/s  (vs base M=1 70.8 ms/tok = 14.13 tok/s -> 2.48x)
[decode] PREFILL: 1378 positions in 22337.8 ms = 61.7 tok/s (16.210 ms/tok)
[capture] wrote /home/patrickd/s5-capture/agentic-p25-b0.1/c5/cap/shard_p39_s001378.dspc  1378 tok x (3 taps + 1 lm_in) x 4096 = 43.1 MB (32.0 KB/tok)
[probe] wrote 16 draft probes (block=5) to /home/patrickd/s5-capture/agentic-p25-b0.1/c5/cap/drafts_p39_s001378.txt
[spec] decoding 8 tokens (block=5, draft passes=1, adaptK=1.50, prompt=39 s=1379)...
  [margins] 15.94 4.56 1.17 5.69 7.77  K=3
  verify 1: accepted 2/2 (K=3) + correction -> +3 tokens (130.0 ms)  cpos=1381
  [margins] 8.20 7.98 4.76 0.97 0.93  K=4
  verify 2: accepted 3/3 (K=4) + correction -> +4 tokens (138.0 ms)  cpos=1385
  [margins] 2.26 0.07 1.98 6.53 7.34  K=2
  verify 3: accepted 0/1 (K=2) + correction -> +1 tokens (109.5 ms)  cpos=1386

[spec] generated 8 tokens over 3 verifies: mean tokens/verify = 2.67 (block=5, max 6)
[spec] tokens: 28 11152 12819 1687 49793 11299 1936 3004
[spec] SPEC-DECODE: 49.5 ms/tok = 20.20 tok/s  (vs base M=1 70.8 ms/tok = 14.13 tok/s -> 1.43x)
[decode] PREFILL: 1477 positions in 24014.6 ms = 61.5 tok/s (16.259 ms/tok)
[capture] wrote /home/patrickd/s5-capture/agentic-p25-b0.1/c5/cap/shard_p40_s001477.dspc  1477 tok x (3 taps + 1 lm_in) x 4096 = 46.2 MB (32.0 KB/tok)
[probe] wrote 16 draft probes (block=5) to /home/patrickd/s5-capture/agentic-p25-b0.1/c5/cap/drafts_p40_s001477.txt
[spec] decoding 8 tokens (block=5, draft passes=1, adaptK=1.50, prompt=40 s=1478)...
  [margins] 18.38 15.86 11.06 11.45 12.78  K=6
  verify 1: accepted 5/5 (K=6) + correction -> +6 tokens (179.4 ms)  cpos=1483
  [margins] 16.14 17.77 16.71 10.81 10.18  K=6
  verify 2: accepted 5/5 (K=6) + correction -> +6 tokens (177.3 ms)  cpos=1489

[spec] generated 12 tokens over 2 verifies: mean tokens/verify = 6.00 (block=5, max 6)
[spec] tokens: 3417 28 15557 377 270 14108 3554 28 3245 515 103924 39225
[spec] SPEC-DECODE: 29.5 ms/tok = 33.85 tok/s  (vs base M=1 70.8 ms/tok = 14.13 tok/s -> 2.40x)
[decode] PREFILL: 1065 positions in 17127.5 ms = 62.2 tok/s (16.082 ms/tok)
[capture] wrote /home/patrickd/s5-capture/agentic-p25-b0.1/c5/cap/shard_p41_s001065.dspc  1065 tok x (3 taps + 1 lm_in) x 4096 = 33.3 MB (32.0 KB/tok)
[probe] wrote 16 draft probes (block=5) to /home/patrickd/s5-capture/agentic-p25-b0.1/c5/cap/drafts_p41_s001065.txt
[spec] decoding 8 tokens (block=5, draft passes=1, adaptK=1.50, prompt=41 s=1066)...
  [margins] 19.86 17.53 0.74 13.47 19.23  K=3
  verify 1: accepted 2/2 (K=3) + correction -> +3 tokens (130.4 ms)  cpos=1068
  [margins] 26.40 20.11 19.33 14.00 11.60  K=6
  verify 2: accepted 5/5 (K=6) + correction -> +6 tokens (171.3 ms)  cpos=1074

[spec] generated 9 tokens over 2 verifies: mean tokens/verify = 4.50 (block=5, max 6)
[spec] tokens: 1018 30 40148 5406 2329 1281 4254 65 3498
[spec] SPEC-DECODE: 28.5 ms/tok = 35.03 tok/s  (vs base M=1 70.8 ms/tok = 14.13 tok/s -> 2.48x)
[decode] PREFILL: 2077 positions in 34364.1 ms = 60.4 tok/s (16.545 ms/tok)
[capture] wrote /home/patrickd/s5-capture/agentic-p25-b0.1/c5/cap/shard_p42_s002077.dspc  2077 tok x (3 taps + 1 lm_in) x 4096 = 64.9 MB (32.0 KB/tok)
[probe] wrote 16 draft probes (block=5) to /home/patrickd/s5-capture/agentic-p25-b0.1/c5/cap/drafts_p42_s002077.txt
[spec] decoding 8 tokens (block=5, draft passes=1, adaptK=1.50, prompt=42 s=2078)...
  [margins] 7.86 11.29 10.77 7.14 10.31  K=6
  verify 1: accepted 5/5 (K=6) + correction -> +6 tokens (187.3 ms)  cpos=2083
  [margins] 13.86 15.40 14.31 14.94 10.65  K=6
  verify 2: accepted 5/5 (K=6) + correction -> +6 tokens (180.1 ms)  cpos=2089

[spec] generated 12 tokens over 2 verifies: mean tokens/verify = 6.00 (block=5, max 6)
[spec] tokens: 294 25485 19000 295 3980 33 223 1671 16 18 29 1999
[spec] SPEC-DECODE: 30.0 ms/tok = 33.31 tok/s  (vs base M=1 70.8 ms/tok = 14.13 tok/s -> 2.36x)
[decode] PREFILL: 1058 positions in 17033.2 ms = 62.1 tok/s (16.099 ms/tok)
[capture] wrote /home/patrickd/s5-capture/agentic-p25-b0.1/c5/cap/shard_p43_s001058.dspc  1058 tok x (3 taps + 1 lm_in) x 4096 = 33.1 MB (32.0 KB/tok)
[probe] wrote 16 draft probes (block=5) to /home/patrickd/s5-capture/agentic-p25-b0.1/c5/cap/drafts_p43_s001058.txt
[spec] decoding 8 tokens (block=5, draft passes=1, adaptK=1.50, prompt=43 s=1059)...
  [margins] 0.82 0.73 5.84 0.87 0.36  K=2
  verify 1: accepted 0/1 (K=2) + correction -> +1 tokens (115.9 ms)  cpos=1059
  [margins] 3.73 6.80 0.02 0.56 5.16  K=3
  verify 2: accepted 0/2 (K=3) + correction -> +1 tokens (124.2 ms)  cpos=1060
  [margins] 0.65 0.48 5.68 1.55 0.59  K=2
  verify 3: accepted 0/1 (K=2) + correction -> +1 tokens (106.8 ms)  cpos=1061
  [margins] 3.88 6.18 0.13 0.03 0.93  K=3
  verify 4: accepted 0/2 (K=3) + correction -> +1 tokens (123.9 ms)  cpos=1062
  [margins] 0.83 0.39 6.14 1.58 1.07  K=2
  verify 5: accepted 0/1 (K=2) + correction -> +1 tokens (111.3 ms)  cpos=1063
  [margins] 4.35 5.94 0.59 0.06 0.51  K=3
  verify 6: accepted 0/2 (K=3) + correction -> +1 tokens (123.8 ms)  cpos=1064
  [margins] 0.49 0.02 6.59 1.21 1.64  K=2
  verify 7: accepted 0/1 (K=2) + correction -> +1 tokens (107.0 ms)  cpos=1065
  [margins] 3.54 6.60 0.29 0.23 6.26  K=3
  verify 8: accepted 0/2 (K=3) + correction -> +1 tokens (123.9 ms)  cpos=1066

[spec] generated 8 tokens over 8 verifies: mean tokens/verify = 1.00 (block=5, max 6)
[spec] tokens: 1 16 1 16 1 16 1 16
[spec] SPEC-DECODE: 117.3 ms/tok = 8.53 tok/s  (vs base M=1 70.8 ms/tok = 14.13 tok/s -> 0.60x)
[decode] PREFILL: 1090 positions in 17542.8 ms = 62.1 tok/s (16.094 ms/tok)
[capture] wrote /home/patrickd/s5-capture/agentic-p25-b0.1/c5/cap/shard_p44_s001090.dspc  1090 tok x (3 taps + 1 lm_in) x 4096 = 34.1 MB (32.0 KB/tok)
[probe] wrote 16 draft probes (block=5) to /home/patrickd/s5-capture/agentic-p25-b0.1/c5/cap/drafts_p44_s001090.txt
[spec] decoding 8 tokens (block=5, draft passes=1, adaptK=1.50, prompt=44 s=1091)...
  [margins] 18.35 19.20 16.32 12.57 11.19  K=6
  verify 1: accepted 5/5 (K=6) + correction -> +6 tokens (183.6 ms)  cpos=1096
  [margins] 13.05 15.30 16.07 14.60 13.90  K=6
  verify 2: accepted 5/5 (K=6) + correction -> +6 tokens (172.3 ms)  cpos=1102

[spec] generated 12 tokens over 2 verifies: mean tokens/verify = 6.00 (block=5, max 6)
[spec] tokens: 223 19 15 20 15174 16 223 553 16 26 14 223
[spec] SPEC-DECODE: 28.7 ms/tok = 34.82 tok/s  (vs base M=1 70.8 ms/tok = 14.13 tok/s -> 2.46x)
[decode] PREFILL: 1088 positions in 17498.0 ms = 62.2 tok/s (16.083 ms/tok)
[capture] wrote /home/patrickd/s5-capture/agentic-p25-b0.1/c5/cap/shard_p45_s001088.dspc  1088 tok x (3 taps + 1 lm_in) x 4096 = 34.0 MB (32.0 KB/tok)
[probe] wrote 16 draft probes (block=5) to /home/patrickd/s5-capture/agentic-p25-b0.1/c5/cap/drafts_p45_s001088.txt
[spec] decoding 8 tokens (block=5, draft passes=1, adaptK=1.50, prompt=45 s=1089)...
  [margins] 12.67 14.44 11.52 7.37 8.98  K=6
  verify 1: accepted 5/5 (K=6) + correction -> +6 tokens (171.5 ms)  cpos=1094
  [margins] 14.24 9.87 13.47 9.58 12.93  K=6
  verify 2: accepted 5/5 (K=6) + correction -> +6 tokens (176.1 ms)  cpos=1100

[spec] generated 12 tokens over 2 verifies: mean tokens/verify = 6.00 (block=5, max 6)
[spec] tokens: 32 80 1021 271 30 1602 32 28612 8701 3362 582 45635
[spec] SPEC-DECODE: 29.3 ms/tok = 34.08 tok/s  (vs base M=1 70.8 ms/tok = 14.13 tok/s -> 2.41x)
[decode] PREFILL: 1090 positions in 17547.9 ms = 62.1 tok/s (16.099 ms/tok)
[capture] wrote /home/patrickd/s5-capture/agentic-p25-b0.1/c5/cap/shard_p46_s001090.dspc  1090 tok x (3 taps + 1 lm_in) x 4096 = 34.1 MB (32.0 KB/tok)
[probe] wrote 16 draft probes (block=5) to /home/patrickd/s5-capture/agentic-p25-b0.1/c5/cap/drafts_p46_s001090.txt
[spec] decoding 8 tokens (block=5, draft passes=1, adaptK=1.50, prompt=46 s=1091)...
  [margins] 17.28 17.17 20.83 16.43 19.17  K=6
  verify 1: accepted 5/5 (K=6) + correction -> +6 tokens (182.3 ms)  cpos=1096
  [margins] 12.31 13.17 13.20 15.29 10.88  K=6
  verify 2: accepted 5/5 (K=6) + correction -> +6 tokens (173.8 ms)  cpos=1102

[spec] generated 12 tokens over 2 verifies: mean tokens/verify = 6.00 (block=5, max 6)
[spec] tokens: 6333 38279 65 14940 31 23 11 76 3798 31 29351 90541
[spec] SPEC-DECODE: 29.0 ms/tok = 34.53 tok/s  (vs base M=1 70.8 ms/tok = 14.13 tok/s -> 2.44x)
[decode] PREFILL: 1042 positions in 16754.3 ms = 62.2 tok/s (16.079 ms/tok)
[capture] wrote /home/patrickd/s5-capture/agentic-p25-b0.1/c5/cap/shard_p47_s001042.dspc  1042 tok x (3 taps + 1 lm_in) x 4096 = 32.6 MB (32.0 KB/tok)
[probe] wrote 16 draft probes (block=5) to /home/patrickd/s5-capture/agentic-p25-b0.1/c5/cap/drafts_p47_s001042.txt
[spec] decoding 8 tokens (block=5, draft passes=1, adaptK=1.50, prompt=47 s=1043)...
  [margins] 9.16 12.47 8.10 9.55 7.62  K=6
  verify 1: accepted 5/5 (K=6) + correction -> +6 tokens (171.8 ms)  cpos=1048
  [margins] 9.70 12.92 8.73 10.51 7.89  K=6
  verify 2: accepted 5/5 (K=6) + correction -> +6 tokens (161.8 ms)  cpos=1054

[spec] generated 12 tokens over 2 verifies: mean tokens/verify = 6.00 (block=5, max 6)
[spec] tokens: 16 6505 16 6505 16 6505 16 6505 16 6505 16 6505
[spec] SPEC-DECODE: 27.0 ms/tok = 37.08 tok/s  (vs base M=1 70.8 ms/tok = 14.13 tok/s -> 2.62x)
[decode] PREFILL: 1044 positions in 16790.7 ms = 62.2 tok/s (16.083 ms/tok)
[capture] wrote /home/patrickd/s5-capture/agentic-p25-b0.1/c5/cap/shard_p48_s001044.dspc  1044 tok x (3 taps + 1 lm_in) x 4096 = 32.6 MB (32.0 KB/tok)
[probe] wrote 16 draft probes (block=5) to /home/patrickd/s5-capture/agentic-p25-b0.1/c5/cap/drafts_p48_s001044.txt
[spec] decoding 8 tokens (block=5, draft passes=1, adaptK=1.50, prompt=48 s=1045)...
  [margins] 11.96 11.75 7.93 3.76 0.50  K=5
  verify 1: accepted 4/4 (K=5) + correction -> +5 tokens (157.3 ms)  cpos=1049
  [margins] 14.28 14.46 10.46 11.30 5.98  K=6
  verify 2: accepted 5/5 (K=6) + correction -> +6 tokens (171.4 ms)  cpos=1055

[spec] generated 11 tokens over 2 verifies: mean tokens/verify = 5.50 (block=5, max 6)
[spec] tokens: 33194 1055 260 4031 9380 28 25992 14 38412 14 305
[spec] SPEC-DECODE: 28.6 ms/tok = 35.00 tok/s  (vs base M=1 70.8 ms/tok = 14.13 tok/s -> 2.48x)
[decode] PREFILL: 1543 positions in 25153.0 ms = 61.3 tok/s (16.301 ms/tok)
[capture] wrote /home/patrickd/s5-capture/agentic-p25-b0.1/c5/cap/shard_p49_s001543.dspc  1543 tok x (3 taps + 1 lm_in) x 4096 = 48.2 MB (32.0 KB/tok)
[probe] wrote 16 draft probes (block=5) to /home/patrickd/s5-capture/agentic-p25-b0.1/c5/cap/drafts_p49_s001543.txt
[spec] decoding 8 tokens (block=5, draft passes=1, adaptK=1.50, prompt=49 s=1544)...
  [margins] 13.64 14.70 14.12 5.60 5.87  K=6
  verify 1: accepted 3/5 (K=6) + correction -> +4 tokens (179.2 ms)  cpos=1547
  [margins] 14.64 15.53 13.80 4.64 6.76  K=6
  verify 2: accepted 3/5 (K=6) + correction -> +4 tokens (173.0 ms)  cpos=1551

[spec] generated 8 tokens over 2 verifies: mean tokens/verify = 4.00 (block=5, max 6)
[spec] tokens: 3749 11 3749 11 3749 11 3749 11
[spec] SPEC-DECODE: 43.3 ms/tok = 23.12 tok/s  (vs base M=1 70.8 ms/tok = 14.13 tok/s -> 1.64x)
[decode] PREFILL: 1111 positions in 17884.3 ms = 62.1 tok/s (16.097 ms/tok)
[capture] wrote /home/patrickd/s5-capture/agentic-p25-b0.1/c5/cap/shard_p50_s001111.dspc  1111 tok x (3 taps + 1 lm_in) x 4096 = 34.7 MB (32.0 KB/tok)
[probe] wrote 16 draft probes (block=5) to /home/patrickd/s5-capture/agentic-p25-b0.1/c5/cap/drafts_p50_s001111.txt
[spec] decoding 8 tokens (block=5, draft passes=1, adaptK=1.50, prompt=50 s=1112)...
  [margins] 10.21 12.76 13.83 8.23 8.99  K=6
  verify 1: accepted 5/5 (K=6) + correction -> +6 tokens (177.7 ms)  cpos=1117
  [margins] 8.66 16.03 14.44 7.53 9.83  K=6
  verify 2: accepted 5/5 (K=6) + correction -> +6 tokens (165.4 ms)  cpos=1123

[spec] generated 12 tokens over 2 verifies: mean tokens/verify = 6.00 (block=5, max 6)
[spec] tokens: 9154 52 8379 9154 52 8835 9154 52 26762 9154 52 9422
[spec] SPEC-DECODE: 27.6 ms/tok = 36.29 tok/s  (vs base M=1 70.8 ms/tok = 14.13 tok/s -> 2.57x)
[decode] PREFILL: 1036 positions in 16637.9 ms = 62.3 tok/s (16.060 ms/tok)
[capture] wrote /home/patrickd/s5-capture/agentic-p25-b0.1/c5/cap/shard_p51_s001036.dspc  1036 tok x (3 taps + 1 lm_in) x 4096 = 32.4 MB (32.0 KB/tok)
[probe] wrote 16 draft probes (block=5) to /home/patrickd/s5-capture/agentic-p25-b0.1/c5/cap/drafts_p51_s001036.txt
[spec] decoding 8 tokens (block=5, draft passes=1, adaptK=1.50, prompt=51 s=1037)...
  [margins] 16.73 14.92 17.73 16.69 11.91  K=6
  verify 1: accepted 5/5 (K=6) + correction -> +6 tokens (174.4 ms)  cpos=1042
  [margins] 10.02 16.74 11.29 10.95 7.67  K=6
  verify 2: accepted 5/5 (K=6) + correction -> +6 tokens (172.9 ms)  cpos=1048

[spec] generated 12 tokens over 2 verifies: mean tokens/verify = 6.00 (block=5, max 6)
[spec] tokens: 270 11871 9917 10276 84 5809 20617 5809 22 16 582 671
[spec] SPEC-DECODE: 28.8 ms/tok = 34.70 tok/s  (vs base M=1 70.8 ms/tok = 14.13 tok/s -> 2.46x)
[decode] PREFILL: 1527 positions in 24832.2 ms = 61.5 tok/s (16.262 ms/tok)
[capture] wrote /home/patrickd/s5-capture/agentic-p25-b0.1/c5/cap/shard_p52_s001527.dspc  1527 tok x (3 taps + 1 lm_in) x 4096 = 47.7 MB (32.0 KB/tok)
[probe] wrote 16 draft probes (block=5) to /home/patrickd/s5-capture/agentic-p25-b0.1/c5/cap/drafts_p52_s001527.txt
[spec] decoding 8 tokens (block=5, draft passes=1, adaptK=1.50, prompt=52 s=1528)...
  [margins] 13.14 16.46 12.22 11.85 6.05  K=6
  verify 1: accepted 4/5 (K=6) + correction -> +5 tokens (189.5 ms)  cpos=1532
  [margins] 10.00 1.82 2.32 0.13 5.77  K=4
  verify 2: accepted 3/3 (K=4) + correction -> +4 tokens (160.0 ms)  cpos=1536

[spec] generated 9 tokens over 2 verifies: mean tokens/verify = 4.50 (block=5, max 6)
[spec] tokens: 1009 10206 5604 304 2336 3514 2448 223 939
[spec] SPEC-DECODE: 40.0 ms/tok = 25.00 tok/s  (vs base M=1 70.8 ms/tok = 14.13 tok/s -> 1.77x)
[decode] PREFILL: 1073 positions in 17274.3 ms = 62.1 tok/s (16.099 ms/tok)
[capture] wrote /home/patrickd/s5-capture/agentic-p25-b0.1/c5/cap/shard_p53_s001073.dspc  1073 tok x (3 taps + 1 lm_in) x 4096 = 33.5 MB (32.0 KB/tok)
[probe] wrote 16 draft probes (block=5) to /home/patrickd/s5-capture/agentic-p25-b0.1/c5/cap/drafts_p53_s001073.txt
[spec] decoding 8 tokens (block=5, draft passes=1, adaptK=1.50, prompt=53 s=1074)...
  [margins] 21.59 11.38 13.96 14.15 15.99  K=6
  verify 1: accepted 5/5 (K=6) + correction -> +6 tokens (176.9 ms)  cpos=1079
  [margins] 18.60 25.54 20.28 18.62 18.54  K=6
  verify 2: accepted 5/5 (K=6) + correction -> +6 tokens (175.5 ms)  cpos=1085

[spec] generated 12 tokens over 2 verifies: mean tokens/verify = 6.00 (block=5, max 6)
[spec] tokens: 15673 4331 42639 28 6013 74523 16982 8914 21927 4226 48484 201
[spec] SPEC-DECODE: 29.2 ms/tok = 34.19 tok/s  (vs base M=1 70.8 ms/tok = 14.13 tok/s -> 2.42x)
[decode] PREFILL: 2240 positions in 37174.8 ms = 60.3 tok/s (16.596 ms/tok)
[capture] wrote /home/patrickd/s5-capture/agentic-p25-b0.1/c5/cap/shard_p54_s002240.dspc  2240 tok x (3 taps + 1 lm_in) x 4096 = 70.0 MB (32.0 KB/tok)
[probe] wrote 16 draft probes (block=5) to /home/patrickd/s5-capture/agentic-p25-b0.1/c5/cap/drafts_p54_s002240.txt
[spec] decoding 8 tokens (block=5, draft passes=1, adaptK=1.50, prompt=54 s=2241)...
  [margins] 18.50 13.49 13.77 16.05 15.93  K=6
  verify 1: accepted 5/5 (K=6) + correction -> +6 tokens (183.3 ms)  cpos=2246
  [margins] 7.96 12.83 10.62 10.80 10.39  K=6
  verify 2: accepted 5/5 (K=6) + correction -> +6 tokens (185.0 ms)  cpos=2252

[spec] generated 12 tokens over 2 verifies: mean tokens/verify = 6.00 (block=5, max 6)
[spec] tokens: 9361 295 260 4031 2004 339 9205 26285 4807 344 260 2613
[spec] SPEC-DECODE: 30.8 ms/tok = 32.43 tok/s  (vs base M=1 70.8 ms/tok = 14.13 tok/s -> 2.30x)
[decode] PREFILL: 1572 positions in 25643.9 ms = 61.3 tok/s (16.313 ms/tok)
[capture] wrote /home/patrickd/s5-capture/agentic-p25-b0.1/c5/cap/shard_p55_s001572.dspc  1572 tok x (3 taps + 1 lm_in) x 4096 = 49.1 MB (32.0 KB/tok)
[probe] wrote 16 draft probes (block=5) to /home/patrickd/s5-capture/agentic-p25-b0.1/c5/cap/drafts_p55_s001572.txt
[spec] decoding 8 tokens (block=5, draft passes=1, adaptK=1.50, prompt=55 s=1573)...
  [margins] 11.59 15.60 18.69 11.92 14.73  K=6
  verify 1: accepted 5/5 (K=6) + correction -> +6 tokens (174.5 ms)  cpos=1578
  [margins] 11.52 16.81 18.89 11.19 15.54  K=6
  verify 2: accepted 5/5 (K=6) + correction -> +6 tokens (173.1 ms)  cpos=1584

[spec] generated 12 tokens over 2 verifies: mean tokens/verify = 6.00 (block=5, max 6)
[spec] tokens: 16 16374 88 16 16374 88 16 16374 88 16 16374 88
[spec] SPEC-DECODE: 28.9 ms/tok = 34.66 tok/s  (vs base M=1 70.8 ms/tok = 14.13 tok/s -> 2.45x)
[decode] PREFILL: 1057 positions in 17012.3 ms = 62.1 tok/s (16.095 ms/tok)
[capture] wrote /home/patrickd/s5-capture/agentic-p25-b0.1/c5/cap/shard_p56_s001057.dspc  1057 tok x (3 taps + 1 lm_in) x 4096 = 33.0 MB (32.0 KB/tok)
[probe] wrote 16 draft probes (block=5) to /home/patrickd/s5-capture/agentic-p25-b0.1/c5/cap/drafts_p56_s001057.txt
[spec] decoding 8 tokens (block=5, draft passes=1, adaptK=1.50, prompt=56 s=1058)...
  [margins] 15.42 13.70 12.89 15.03 12.37  K=6
  verify 1: accepted 5/5 (K=6) + correction -> +6 tokens (173.1 ms)  cpos=1063
  [margins] 16.24 16.56 16.57 16.11 11.91  K=6
  verify 2: accepted 5/5 (K=6) + correction -> +6 tokens (175.8 ms)  cpos=1069

[spec] generated 12 tokens over 2 verifies: mean tokens/verify = 6.00 (block=5, max 6)
[spec] tokens: 3708 271 43 1114 1926 270 1178 65 50219 4105 418 270
[spec] SPEC-DECODE: 29.3 ms/tok = 34.13 tok/s  (vs base M=1 70.8 ms/tok = 14.13 tok/s -> 2.42x)
[decode] PREFILL: 1217 positions in 19662.7 ms = 61.9 tok/s (16.157 ms/tok)
[capture] wrote /home/patrickd/s5-capture/agentic-p25-b0.1/c5/cap/shard_p57_s001217.dspc  1217 tok x (3 taps + 1 lm_in) x 4096 = 38.0 MB (32.0 KB/tok)
[probe] wrote 16 draft probes (block=5) to /home/patrickd/s5-capture/agentic-p25-b0.1/c5/cap/drafts_p57_s001217.txt
[spec] decoding 8 tokens (block=5, draft passes=1, adaptK=1.50, prompt=57 s=1218)...
  [margins] 10.75 9.28 9.50 9.61 12.96  K=6
  verify 1: accepted 5/5 (K=6) + correction -> +6 tokens (176.2 ms)  cpos=1223
  [margins] 18.87 11.86 10.13 12.92 6.85  K=6
  verify 2: accepted 5/5 (K=6) + correction -> +6 tokens (178.0 ms)  cpos=1229

[spec] generated 12 tokens over 2 verifies: mean tokens/verify = 6.00 (block=5, max 6)
[spec] tokens: 16 455 14364 344 295 270 2019 16 455 14364 344 295
[spec] SPEC-DECODE: 29.7 ms/tok = 33.72 tok/s  (vs base M=1 70.8 ms/tok = 14.13 tok/s -> 2.39x)
[decode] PREFILL: 1530 positions in 24889.3 ms = 61.5 tok/s (16.268 ms/tok)
[capture] wrote /home/patrickd/s5-capture/agentic-p25-b0.1/c5/cap/shard_p58_s001530.dspc  1530 tok x (3 taps + 1 lm_in) x 4096 = 47.8 MB (32.0 KB/tok)
[probe] wrote 16 draft probes (block=5) to /home/patrickd/s5-capture/agentic-p25-b0.1/c5/cap/drafts_p58_s001530.txt
[spec] decoding 8 tokens (block=5, draft passes=1, adaptK=1.50, prompt=58 s=1531)...
  [margins] 14.41 15.89 14.20 5.91 8.17  K=6
  verify 1: accepted 3/5 (K=6) + correction -> +4 tokens (194.1 ms)  cpos=1534
  [margins] 14.11 15.86 14.02 4.14 8.06  K=6
  verify 2: accepted 3/5 (K=6) + correction -> +4 tokens (187.8 ms)  cpos=1538

[spec] generated 8 tokens over 2 verifies: mean tokens/verify = 4.00 (block=5, max 6)
[spec] tokens: 3749 11 3749 11 3749 11 3749 11
[spec] SPEC-DECODE: 46.9 ms/tok = 21.30 tok/s  (vs base M=1 70.8 ms/tok = 14.13 tok/s -> 1.51x)
[decode] PREFILL: 1108 positions in 17835.9 ms = 62.1 tok/s (16.097 ms/tok)
[capture] wrote /home/patrickd/s5-capture/agentic-p25-b0.1/c5/cap/shard_p59_s001108.dspc  1108 tok x (3 taps + 1 lm_in) x 4096 = 34.6 MB (32.0 KB/tok)
[probe] wrote 16 draft probes (block=5) to /home/patrickd/s5-capture/agentic-p25-b0.1/c5/cap/drafts_p59_s001108.txt
[spec] decoding 8 tokens (block=5, draft passes=1, adaptK=1.50, prompt=59 s=1109)...
  [margins] 14.16 10.31 15.04 20.15 5.01  K=6
  verify 1: accepted 5/5 (K=6) + correction -> +6 tokens (168.9 ms)  cpos=1114
  [margins] 15.26 14.11 8.07 9.55 14.47  K=6
  verify 2: accepted 5/5 (K=6) + correction -> +6 tokens (172.3 ms)  cpos=1120

[spec] generated 12 tokens over 2 verifies: mean tokens/verify = 6.00 (block=5, max 6)
[spec] tokens: 1387 16 4617 272 1387 16 4617 272 1387 16 4617 272
[spec] SPEC-DECODE: 28.7 ms/tok = 34.82 tok/s  (vs base M=1 70.8 ms/tok = 14.13 tok/s -> 2.46x)
[decode] PREFILL: 1072 positions in 17237.2 ms = 62.2 tok/s (16.079 ms/tok)
[capture] wrote /home/patrickd/s5-capture/agentic-p25-b0.1/c5/cap/shard_p60_s001072.dspc  1072 tok x (3 taps + 1 lm_in) x 4096 = 33.5 MB (32.0 KB/tok)
[probe] wrote 16 draft probes (block=5) to /home/patrickd/s5-capture/agentic-p25-b0.1/c5/cap/drafts_p60_s001072.txt
[spec] decoding 8 tokens (block=5, draft passes=1, adaptK=1.50, prompt=60 s=1073)...
  [margins] 19.47 15.53 13.11 15.09 13.43  K=6
  verify 1: accepted 5/5 (K=6) + correction -> +6 tokens (175.2 ms)  cpos=1078
  [margins] 15.26 19.13 12.60 14.57 11.60  K=6
  verify 2: accepted 5/5 (K=6) + correction -> +6 tokens (177.0 ms)  cpos=1084

[spec] generated 12 tokens over 2 verifies: mean tokens/verify = 6.00 (block=5, max 6)
[spec] tokens: 65 50219 16781 778 344 554 11305 362 566 7231 16 455
[spec] SPEC-DECODE: 29.5 ms/tok = 33.90 tok/s  (vs base M=1 70.8 ms/tok = 14.13 tok/s -> 2.40x)
[decode] PREFILL: 1036 positions in 16650.9 ms = 62.2 tok/s (16.072 ms/tok)
[capture] wrote /home/patrickd/s5-capture/agentic-p25-b0.1/c5/cap/shard_p61_s001036.dspc  1036 tok x (3 taps + 1 lm_in) x 4096 = 32.4 MB (32.0 KB/tok)
[probe] wrote 16 draft probes (block=5) to /home/patrickd/s5-capture/agentic-p25-b0.1/c5/cap/drafts_p61_s001036.txt
[spec] decoding 8 tokens (block=5, draft passes=1, adaptK=1.50, prompt=61 s=1037)...
  [margins] 4.44 2.77 4.39 0.64 2.08  K=4
  verify 1: accepted 0/3 (K=4) + correction -> +1 tokens (141.9 ms)  cpos=1037
  [margins] 0.69 0.46 0.10 9.09 3.86  K=2
  verify 2: accepted 0/1 (K=2) + correction -> +1 tokens (103.8 ms)  cpos=1038
  [margins] 1.13 6.09 0.66 0.40 0.22  K=3
  verify 3: accepted 1/2 (K=3) + correction -> +2 tokens (125.2 ms)  cpos=1040
  [margins] 0.18 0.11 1.80 1.88 2.09  K=2
  verify 4: accepted 1/1 (K=2) + correction -> +2 tokens (103.2 ms)  cpos=1042
  [margins] 2.11 2.84 1.26 3.70 0.22  K=3
  verify 5: accepted 2/2 (K=3) + correction -> +3 tokens (120.2 ms)  cpos=1045

[spec] generated 9 tokens over 5 verifies: mean tokens/verify = 1.80 (block=5, max 6)
[spec] tokens: 32946 49096 1 271 36954 12 66958 28 342
[spec] SPEC-DECODE: 56.6 ms/tok = 17.68 tok/s  (vs base M=1 70.8 ms/tok = 14.13 tok/s -> 1.25x)
[decode] PREFILL: 1073 positions in 17264.7 ms = 62.2 tok/s (16.090 ms/tok)
[capture] wrote /home/patrickd/s5-capture/agentic-p25-b0.1/c5/cap/shard_p62_s001073.dspc  1073 tok x (3 taps + 1 lm_in) x 4096 = 33.5 MB (32.0 KB/tok)
[probe] wrote 16 draft probes (block=5) to /home/patrickd/s5-capture/agentic-p25-b0.1/c5/cap/drafts_p62_s001073.txt
[spec] decoding 8 tokens (block=5, draft passes=1, adaptK=1.50, prompt=62 s=1074)...
  [margins] 17.41 16.75 13.41 11.34 13.08  K=6
  verify 1: accepted 5/5 (K=6) + correction -> +6 tokens (170.5 ms)  cpos=1079
  [margins] 12.30 11.70 14.85 14.97 11.37  K=6
  verify 2: accepted 5/5 (K=6) + correction -> +6 tokens (168.8 ms)  cpos=1085

[spec] generated 12 tokens over 2 verifies: mean tokens/verify = 6.00 (block=5, max 6)
[spec] tokens: 31 397 16 698 31 397 16 698 31 397 16 698
[spec] SPEC-DECODE: 28.1 ms/tok = 35.55 tok/s  (vs base M=1 70.8 ms/tok = 14.13 tok/s -> 2.52x)
[decode] PREFILL: 1512 positions in 24600.5 ms = 61.5 tok/s (16.270 ms/tok)
[capture] wrote /home/patrickd/s5-capture/agentic-p25-b0.1/c5/cap/shard_p63_s001512.dspc  1512 tok x (3 taps + 1 lm_in) x 4096 = 47.3 MB (32.0 KB/tok)
[probe] wrote 16 draft probes (block=5) to /home/patrickd/s5-capture/agentic-p25-b0.1/c5/cap/drafts_p63_s001512.txt
[spec] decoding 8 tokens (block=5, draft passes=1, adaptK=1.50, prompt=63 s=1513)...
  [margins] 15.24 12.17 19.25 8.22 11.53  K=6
  verify 1: accepted 5/5 (K=6) + correction -> +6 tokens (177.1 ms)  cpos=1518
  [margins] 16.11 11.73 11.49 15.22 9.02  K=6
  verify 2: accepted 5/5 (K=6) + correction -> +6 tokens (177.5 ms)  cpos=1524

[spec] generated 12 tokens over 2 verifies: mean tokens/verify = 6.00 (block=5, max 6)
[spec] tokens: 16 4100 31310 16 4100 347 1286 16 4100 31310 16 4100
[spec] SPEC-DECODE: 29.6 ms/tok = 33.81 tok/s  (vs base M=1 70.8 ms/tok = 14.13 tok/s -> 2.39x)
[decode] PREFILL: 1071 positions in 17207.4 ms = 62.2 tok/s (16.067 ms/tok)
[capture] wrote /home/patrickd/s5-capture/agentic-p25-b0.1/c5/cap/shard_p64_s001071.dspc  1071 tok x (3 taps + 1 lm_in) x 4096 = 33.5 MB (32.0 KB/tok)
[probe] wrote 16 draft probes (block=5) to /home/patrickd/s5-capture/agentic-p25-b0.1/c5/cap/drafts_p64_s001071.txt
[spec] decoding 8 tokens (block=5, draft passes=1, adaptK=1.50, prompt=64 s=1072)...
  [margins] 14.95 16.29 15.38 9.62 10.89  K=6
  verify 1: accepted 3/5 (K=6) + correction -> +4 tokens (171.9 ms)  cpos=1075
  [margins] 13.72 17.32 14.89 9.48 11.73  K=6
  verify 2: accepted 3/5 (K=6) + correction -> +4 tokens (170.2 ms)  cpos=1079

[spec] generated 8 tokens over 2 verifies: mean tokens/verify = 4.00 (block=5, max 6)
[spec] tokens: 3749 11 3749 11 3749 11 3749 11
[spec] SPEC-DECODE: 42.5 ms/tok = 23.51 tok/s  (vs base M=1 70.8 ms/tok = 14.13 tok/s -> 1.66x)
[decode] PREFILL: 1168 positions in 18826.7 ms = 62.0 tok/s (16.119 ms/tok)
[capture] wrote /home/patrickd/s5-capture/agentic-p25-b0.1/c5/cap/shard_p65_s001168.dspc  1168 tok x (3 taps + 1 lm_in) x 4096 = 36.5 MB (32.0 KB/tok)
[probe] wrote 16 draft probes (block=5) to /home/patrickd/s5-capture/agentic-p25-b0.1/c5/cap/drafts_p65_s001168.txt
[spec] decoding 8 tokens (block=5, draft passes=1, adaptK=1.50, prompt=65 s=1169)...
  [margins] 15.81 17.08 16.57 19.88 16.74  K=6
  verify 1: accepted 5/5 (K=6) + correction -> +6 tokens (177.6 ms)  cpos=1174
  [margins] 21.58 13.48 16.17 12.35 8.70  K=6
  verify 2: accepted 5/5 (K=6) + correction -> +6 tokens (179.8 ms)  cpos=1180

[spec] generated 12 tokens over 2 verifies: mean tokens/verify = 6.00 (block=5, max 6)
[spec] tokens: 3608 1133 5598 686 18020 65 40922 16781 344 46290 362 566
[spec] SPEC-DECODE: 30.0 ms/tok = 33.37 tok/s  (vs base M=1 70.8 ms/tok = 14.13 tok/s -> 2.36x)
[decode] PREFILL: 1047 positions in 16827.9 ms = 62.2 tok/s (16.072 ms/tok)
[capture] wrote /home/patrickd/s5-capture/agentic-p25-b0.1/c5/cap/shard_p66_s001047.dspc  1047 tok x (3 taps + 1 lm_in) x 4096 = 32.7 MB (32.0 KB/tok)
[probe] wrote 16 draft probes (block=5) to /home/patrickd/s5-capture/agentic-p25-b0.1/c5/cap/drafts_p66_s001047.txt
[spec] decoding 8 tokens (block=5, draft passes=1, adaptK=1.50, prompt=66 s=1048)...
  [margins] 15.66 7.92 17.02 10.24 14.14  K=6
  verify 1: accepted 5/5 (K=6) + correction -> +6 tokens (181.5 ms)  cpos=1053
  [margins] 23.11 17.36 20.36 12.23 4.06  K=6
  verify 2: accepted 5/5 (K=6) + correction -> +6 tokens (173.0 ms)  cpos=1059

[spec] generated 12 tokens over 2 verifies: mean tokens/verify = 6.00 (block=5, max 6)
[spec] tokens: 2951 377 260 223 20 14 1320 61468 17200 8611 16 455
[spec] SPEC-DECODE: 28.8 ms/tok = 34.68 tok/s  (vs base M=1 70.8 ms/tok = 14.13 tok/s -> 2.45x)
[decode] PREFILL: 1843 positions in 30291.8 ms = 60.8 tok/s (16.436 ms/tok)
[capture] wrote /home/patrickd/s5-capture/agentic-p25-b0.1/c5/cap/shard_p67_s001843.dspc  1843 tok x (3 taps + 1 lm_in) x 4096 = 57.6 MB (32.0 KB/tok)
[probe] wrote 16 draft probes (block=5) to /home/patrickd/s5-capture/agentic-p25-b0.1/c5/cap/drafts_p67_s001843.txt
[spec] decoding 8 tokens (block=5, draft passes=1, adaptK=1.50, prompt=67 s=1844)...
  [margins] 10.30 10.23 9.08 2.82 2.40  K=6
  verify 1: accepted 5/5 (K=6) + correction -> +6 tokens (178.7 ms)  cpos=1849
  [margins] 10.66 10.91 10.32 10.40 9.83  K=6
  verify 2: accepted 5/5 (K=6) + correction -> +6 tokens (173.3 ms)  cpos=1855

[spec] generated 12 tokens over 2 verifies: mean tokens/verify = 6.00 (block=5, max 6)
[spec] tokens: 14026 14026 14026 14026 16 571 14026 14026 14026 14026 14026 14026
[spec] SPEC-DECODE: 28.9 ms/tok = 34.62 tok/s  (vs base M=1 70.8 ms/tok = 14.13 tok/s -> 2.45x)
[decode] PREFILL: 1074 positions in 17279.3 ms = 62.2 tok/s (16.089 ms/tok)
[capture] wrote /home/patrickd/s5-capture/agentic-p25-b0.1/c5/cap/shard_p68_s001074.dspc  1074 tok x (3 taps + 1 lm_in) x 4096 = 33.6 MB (32.0 KB/tok)
[probe] wrote 16 draft probes (block=5) to /home/patrickd/s5-capture/agentic-p25-b0.1/c5/cap/drafts_p68_s001074.txt
[spec] decoding 8 tokens (block=5, draft passes=1, adaptK=1.50, prompt=68 s=1075)...
  [margins] 12.27 17.06 13.44 12.34 11.34  K=6
  verify 1: accepted 5/5 (K=6) + correction -> +6 tokens (182.1 ms)  cpos=1080
  [margins] 10.69 12.86 15.62 13.02 8.89  K=6
  verify 2: accepted 5/5 (K=6) + correction -> +6 tokens (171.4 ms)  cpos=1086

[spec] generated 12 tokens over 2 verifies: mean tokens/verify = 6.00 (block=5, max 6)
[spec] tokens: 374 6132 14 1119 4181 93811 16 374 6132 14 1119 4181
[spec] SPEC-DECODE: 28.6 ms/tok = 35.00 tok/s  (vs base M=1 70.8 ms/tok = 14.13 tok/s -> 2.48x)
[decode] PREFILL: 1256 positions in 20294.3 ms = 61.9 tok/s (16.158 ms/tok)
[capture] wrote /home/patrickd/s5-capture/agentic-p25-b0.1/c5/cap/shard_p69_s001256.dspc  1256 tok x (3 taps + 1 lm_in) x 4096 = 39.3 MB (32.0 KB/tok)
[probe] wrote 16 draft probes (block=5) to /home/patrickd/s5-capture/agentic-p25-b0.1/c5/cap/drafts_p69_s001256.txt
[spec] decoding 8 tokens (block=5, draft passes=1, adaptK=1.50, prompt=69 s=1257)...
  [margins] 0.98 2.68 1.54 0.99 1.61  K=4
  verify 1: accepted 2/3 (K=4) + correction -> +3 tokens (146.3 ms)  cpos=1259
  [margins] 2.84 6.27 8.47 3.48 1.50  K=5
  verify 2: accepted 4/4 (K=5) + correction -> +5 tokens (164.7 ms)  cpos=1264

[spec] generated 8 tokens over 2 verifies: mean tokens/verify = 4.00 (block=5, max 6)
[spec] tokens: 14 2503 5300 14134 1066 16 455 43350
[spec] SPEC-DECODE: 32.9 ms/tok = 30.35 tok/s  (vs base M=1 70.8 ms/tok = 14.13 tok/s -> 2.15x)
[decode] PREFILL: 1197 positions in 19306.3 ms = 62.0 tok/s (16.129 ms/tok)
[capture] wrote /home/patrickd/s5-capture/agentic-p25-b0.1/c5/cap/shard_p70_s001197.dspc  1197 tok x (3 taps + 1 lm_in) x 4096 = 37.4 MB (32.0 KB/tok)
[probe] wrote 16 draft probes (block=5) to /home/patrickd/s5-capture/agentic-p25-b0.1/c5/cap/drafts_p70_s001197.txt
[spec] decoding 8 tokens (block=5, draft passes=1, adaptK=1.50, prompt=70 s=1198)...
  [margins] 14.07 6.00 0.26 1.57 2.20  K=3
  verify 1: accepted 2/2 (K=3) + correction -> +3 tokens (130.2 ms)  cpos=1200
  [margins] 8.12 12.31 5.57 0.10 0.39  K=4
  verify 2: accepted 3/3 (K=4) + correction -> +4 tokens (139.6 ms)  cpos=1204
  [margins] 16.15 15.41 14.71 1.03 6.93  K=4
  verify 3: accepted 3/3 (K=4) + correction -> +4 tokens (142.0 ms)  cpos=1208

[spec] generated 11 tokens over 3 verifies: mean tokens/verify = 3.67 (block=5, max 6)
[spec] tokens: 3051 16 455 3051 1353 43375 396 1305 12612 477 3863
[spec] SPEC-DECODE: 35.2 ms/tok = 28.40 tok/s  (vs base M=1 70.8 ms/tok = 14.13 tok/s -> 2.01x)
[decode] PREFILL: 1186 positions in 19141.0 ms = 62.0 tok/s (16.139 ms/tok)
[capture] wrote /home/patrickd/s5-capture/agentic-p25-b0.1/c5/cap/shard_p71_s001186.dspc  1186 tok x (3 taps + 1 lm_in) x 4096 = 37.1 MB (32.0 KB/tok)
[probe] wrote 16 draft probes (block=5) to /home/patrickd/s5-capture/agentic-p25-b0.1/c5/cap/drafts_p71_s001186.txt
[spec] decoding 8 tokens (block=5, draft passes=1, adaptK=1.50, prompt=71 s=1187)...
  [margins] 19.88 16.17 16.12 14.27 14.32  K=6
  verify 1: accepted 5/5 (K=6) + correction -> +6 tokens (182.5 ms)  cpos=1192
  [margins] 18.18 10.24 8.02 13.50 9.35  K=6
  verify 2: accepted 5/5 (K=6) + correction -> +6 tokens (172.3 ms)  cpos=1198

[spec] generated 12 tokens over 2 verifies: mean tokens/verify = 6.00 (block=5, max 6)
[spec] tokens: 411 582 65864 4 10549 469 7284 295 270 2446 8980 16
[spec] SPEC-DECODE: 28.7 ms/tok = 34.82 tok/s  (vs base M=1 70.8 ms/tok = 14.13 tok/s -> 2.46x)
[decode] PREFILL: 1122 positions in 18063.1 ms = 62.1 tok/s (16.099 ms/tok)
[capture] wrote /home/patrickd/s5-capture/agentic-p25-b0.1/c5/cap/shard_p72_s001122.dspc  1122 tok x (3 taps + 1 lm_in) x 4096 = 35.1 MB (32.0 KB/tok)
[probe] wrote 16 draft probes (block=5) to /home/patrickd/s5-capture/agentic-p25-b0.1/c5/cap/drafts_p72_s001122.txt
[spec] decoding 8 tokens (block=5, draft passes=1, adaptK=1.50, prompt=72 s=1123)...
  [margins] 15.41 16.90 15.31 9.84 8.31  K=6
  verify 1: accepted 5/5 (K=6) + correction -> +6 tokens (181.5 ms)  cpos=1128
  [margins] 17.23 12.26 9.13 13.30 14.51  K=6
  verify 2: accepted 5/5 (K=6) + correction -> +6 tokens (167.9 ms)  cpos=1134

[spec] generated 12 tokens over 2 verifies: mean tokens/verify = 6.00 (block=5, max 6)
[spec] tokens: 764 5197 63 13525 2148 88 5801 3749 455 3287 1531 366
[spec] SPEC-DECODE: 28.0 ms/tok = 35.73 tok/s  (vs base M=1 70.8 ms/tok = 14.13 tok/s -> 2.53x)
[decode] PREFILL: 1413 positions in 22926.5 ms = 61.6 tok/s (16.225 ms/tok)
[capture] wrote /home/patrickd/s5-capture/agentic-p25-b0.1/c5/cap/shard_p73_s001413.dspc  1413 tok x (3 taps + 1 lm_in) x 4096 = 44.2 MB (32.0 KB/tok)
[probe] wrote 16 draft probes (block=5) to /home/patrickd/s5-capture/agentic-p25-b0.1/c5/cap/drafts_p73_s001413.txt
[spec] decoding 8 tokens (block=5, draft passes=1, adaptK=1.50, prompt=73 s=1414)...
  [margins] 14.80 17.07 15.18 1.43 9.76  K=4
  verify 1: accepted 3/3 (K=4) + correction -> +4 tokens (145.2 ms)  cpos=1417
  [margins] 15.56 17.41 15.08 2.97 9.65  K=6
  verify 2: accepted 3/5 (K=6) + correction -> +4 tokens (170.5 ms)  cpos=1421

[spec] generated 8 tokens over 2 verifies: mean tokens/verify = 4.00 (block=5, max 6)
[spec] tokens: 3749 11 3749 11 3749 11 3749 11
[spec] SPEC-DECODE: 42.6 ms/tok = 23.46 tok/s  (vs base M=1 70.8 ms/tok = 14.13 tok/s -> 1.66x)
[decode] PREFILL: 1071 positions in 17210.2 ms = 62.2 tok/s (16.069 ms/tok)
[capture] wrote /home/patrickd/s5-capture/agentic-p25-b0.1/c5/cap/shard_p74_s001071.dspc  1071 tok x (3 taps + 1 lm_in) x 4096 = 33.5 MB (32.0 KB/tok)
[probe] wrote 16 draft probes (block=5) to /home/patrickd/s5-capture/agentic-p25-b0.1/c5/cap/drafts_p74_s001071.txt
[spec] decoding 8 tokens (block=5, draft passes=1, adaptK=1.50, prompt=74 s=1072)...
  [margins] 15.28 14.09 7.42 8.33 9.64  K=6
  verify 1: accepted 5/5 (K=6) + correction -> +6 tokens (177.3 ms)  cpos=1077
  [margins] 17.42 17.23 18.50 11.51 3.10  K=6
  verify 2: accepted 5/5 (K=6) + correction -> +6 tokens (169.0 ms)  cpos=1083

[spec] generated 12 tokens over 2 verifies: mean tokens/verify = 6.00 (block=5, max 6)
[spec] tokens: 37228 492 436 16 455 582 6878 9045 778 4105 440 1114
[spec] SPEC-DECODE: 28.2 ms/tok = 35.51 tok/s  (vs base M=1 70.8 ms/tok = 14.13 tok/s -> 2.51x)
[decode] PREFILL: 1064 positions in 17097.3 ms = 62.2 tok/s (16.069 ms/tok)
[capture] wrote /home/patrickd/s5-capture/agentic-p25-b0.1/c5/cap/shard_p75_s001064.dspc  1064 tok x (3 taps + 1 lm_in) x 4096 = 33.3 MB (32.0 KB/tok)
[probe] wrote 16 draft probes (block=5) to /home/patrickd/s5-capture/agentic-p25-b0.1/c5/cap/drafts_p75_s001064.txt
[spec] decoding 8 tokens (block=5, draft passes=1, adaptK=1.50, prompt=75 s=1065)...
  [margins] 16.23 15.69 14.23 12.08 7.09  K=6
  verify 1: accepted 5/5 (K=6) + correction -> +6 tokens (171.4 ms)  cpos=1070
  [margins] 18.43 16.75 13.54 11.86 10.17  K=6
  verify 2: accepted 5/5 (K=6) + correction -> +6 tokens (174.3 ms)  cpos=1076

[spec] generated 12 tokens over 2 verifies: mean tokens/verify = 6.00 (block=5, max 6)
[spec] tokens: 1531 366 295 15255 16 455 4181 1531 366 295 15255 16
[spec] SPEC-DECODE: 29.0 ms/tok = 34.43 tok/s  (vs base M=1 70.8 ms/tok = 14.13 tok/s -> 2.44x)
[decode] PREFILL: 1085 positions in 17444.5 ms = 62.2 tok/s (16.078 ms/tok)
[capture] wrote /home/patrickd/s5-capture/agentic-p25-b0.1/c5/cap/shard_p76_s001085.dspc  1085 tok x (3 taps + 1 lm_in) x 4096 = 33.9 MB (32.0 KB/tok)
[probe] wrote 16 draft probes (block=5) to /home/patrickd/s5-capture/agentic-p25-b0.1/c5/cap/drafts_p76_s001085.txt
[spec] decoding 8 tokens (block=5, draft passes=1, adaptK=1.50, prompt=76 s=1086)...
  [margins] 0.21 7.89 5.10 0.07 2.26  K=4
  verify 1: accepted 3/3 (K=4) + correction -> +4 tokens (139.7 ms)  cpos=1089
  [margins] 4.69 8.54 5.44 8.42 4.28  K=6
  verify 2: accepted 5/5 (K=6) + correction -> +6 tokens (164.6 ms)  cpos=1095

[spec] generated 10 tokens over 2 verifies: mean tokens/verify = 5.00 (block=5, max 6)
[spec] tokens: 11234 477 223 21 16 23 9905 11625 377 270
[spec] SPEC-DECODE: 27.4 ms/tok = 36.45 tok/s  (vs base M=1 70.8 ms/tok = 14.13 tok/s -> 2.58x)
[decode] PREFILL: 1450 positions in 23553.9 ms = 61.6 tok/s (16.244 ms/tok)
[capture] wrote /home/patrickd/s5-capture/agentic-p25-b0.1/c5/cap/shard_p77_s001450.dspc  1450 tok x (3 taps + 1 lm_in) x 4096 = 45.3 MB (32.0 KB/tok)
[probe] wrote 16 draft probes (block=5) to /home/patrickd/s5-capture/agentic-p25-b0.1/c5/cap/drafts_p77_s001450.txt
[spec] decoding 8 tokens (block=5, draft passes=1, adaptK=1.50, prompt=77 s=1451)...
  [margins] 10.79 14.36 12.57 13.71 11.28  K=6
  verify 1: accepted 5/5 (K=6) + correction -> +6 tokens (176.6 ms)  cpos=1456
  [margins] 13.01 14.65 12.43 14.28 11.51  K=6
  verify 2: accepted 5/5 (K=6) + correction -> +6 tokens (165.5 ms)  cpos=1462

[spec] generated 12 tokens over 2 verifies: mean tokens/verify = 6.00 (block=5, max 6)
[spec] tokens: 16 18239 16 18239 16 18239 16 18239 16 18239 16 18239
[spec] SPEC-DECODE: 27.6 ms/tok = 36.26 tok/s  (vs base M=1 70.8 ms/tok = 14.13 tok/s -> 2.57x)
[decode] PREFILL: 1076 positions in 17320.1 ms = 62.1 tok/s (16.097 ms/tok)
[capture] wrote /home/patrickd/s5-capture/agentic-p25-b0.1/c5/cap/shard_p78_s001076.dspc  1076 tok x (3 taps + 1 lm_in) x 4096 = 33.6 MB (32.0 KB/tok)
[probe] wrote 16 draft probes (block=5) to /home/patrickd/s5-capture/agentic-p25-b0.1/c5/cap/drafts_p78_s001076.txt
[spec] decoding 8 tokens (block=5, draft passes=1, adaptK=1.50, prompt=78 s=1077)...
  [margins] 11.58 14.53 7.07 13.06 18.25  K=6
  verify 1: accepted 5/5 (K=6) + correction -> +6 tokens (173.6 ms)  cpos=1082
  [margins] 18.82 23.04 12.49 14.88 13.23  K=6
  verify 2: accepted 5/5 (K=6) + correction -> +6 tokens (176.1 ms)  cpos=1088

[spec] generated 12 tokens over 2 verifies: mean tokens/verify = 6.00 (block=5, max 6)
[spec] tokens: 1114 1926 270 3608 1133 76740 4731 1065 2886 12743 72 376
[spec] SPEC-DECODE: 29.3 ms/tok = 34.07 tok/s  (vs base M=1 70.8 ms/tok = 14.13 tok/s -> 2.41x)
[decode] PREFILL: 2058 positions in 34043.9 ms = 60.5 tok/s (16.542 ms/tok)
[capture] wrote /home/patrickd/s5-capture/agentic-p25-b0.1/c5/cap/shard_p79_s002058.dspc  2058 tok x (3 taps + 1 lm_in) x 4096 = 64.3 MB (32.0 KB/tok)
[probe] wrote 16 draft probes (block=5) to /home/patrickd/s5-capture/agentic-p25-b0.1/c5/cap/drafts_p79_s002058.txt
[spec] decoding 8 tokens (block=5, draft passes=1, adaptK=1.50, prompt=79 s=2059)...
  [margins] 17.53 7.69 2.05 14.01 6.16  K=6
  verify 1: accepted 2/5 (K=6) + correction -> +3 tokens (187.1 ms)  cpos=2061
  [margins] 18.09 9.82 19.56 14.13 8.94  K=6
  verify 2: accepted 5/5 (K=6) + correction -> +6 tokens (171.3 ms)  cpos=2067

[spec] generated 9 tokens over 2 verifies: mean tokens/verify = 4.50 (block=5, max 6)
[spec] tokens: 16982 346 4295 16982 346 1157 16982 349 1187
[spec] SPEC-DECODE: 28.6 ms/tok = 35.02 tok/s  (vs base M=1 70.8 ms/tok = 14.13 tok/s -> 2.48x)
[decode] PREFILL: 1130 positions in 18188.1 ms = 62.1 tok/s (16.096 ms/tok)
[capture] wrote /home/patrickd/s5-capture/agentic-p25-b0.1/c5/cap/shard_p80_s001130.dspc  1130 tok x (3 taps + 1 lm_in) x 4096 = 35.3 MB (32.0 KB/tok)
[probe] wrote 16 draft probes (block=5) to /home/patrickd/s5-capture/agentic-p25-b0.1/c5/cap/drafts_p80_s001130.txt
[spec] decoding 8 tokens (block=5, draft passes=1, adaptK=1.50, prompt=80 s=1131)...
  [margins] 11.13 13.45 10.72 14.12 10.91  K=6
  verify 1: accepted 5/5 (K=6) + correction -> +6 tokens (173.1 ms)  cpos=1136
  [margins] 11.18 13.59 10.12 13.35 10.44  K=6
  verify 2: accepted 5/5 (K=6) + correction -> +6 tokens (162.6 ms)  cpos=1142

[spec] generated 12 tokens over 2 verifies: mean tokens/verify = 6.00 (block=5, max 6)
[spec] tokens: 16 25002 16 25002 16 25002 16 25002 16 25002 16 25002
[spec] SPEC-DECODE: 27.1 ms/tok = 36.89 tok/s  (vs base M=1 70.8 ms/tok = 14.13 tok/s -> 2.61x)
[decode] PREFILL: 1256 positions in 20293.8 ms = 61.9 tok/s (16.157 ms/tok)
[capture] wrote /home/patrickd/s5-capture/agentic-p25-b0.1/c5/cap/shard_p81_s001256.dspc  1256 tok x (3 taps + 1 lm_in) x 4096 = 39.3 MB (32.0 KB/tok)
[probe] wrote 16 draft probes (block=5) to /home/patrickd/s5-capture/agentic-p25-b0.1/c5/cap/drafts_p81_s001256.txt
[spec] decoding 8 tokens (block=5, draft passes=1, adaptK=1.50, prompt=81 s=1257)...
  [margins] 16.21 18.33 11.95 11.60 17.26  K=6
  verify 1: accepted 5/5 (K=6) + correction -> +6 tokens (179.3 ms)  cpos=1262
  [margins] 17.28 10.89 10.75 13.89 8.61  K=6
  verify 2: accepted 5/5 (K=6) + correction -> +6 tokens (182.2 ms)  cpos=1268

[spec] generated 12 tokens over 2 verifies: mean tokens/verify = 6.00 (block=5, max 6)
[spec] tokens: 440 1258 582 54237 288 53547 4 304 270 2310 305 7155
[spec] SPEC-DECODE: 30.4 ms/tok = 32.93 tok/s  (vs base M=1 70.8 ms/tok = 14.13 tok/s -> 2.33x)
[decode] PREFILL: 1216 positions in 19618.8 ms = 62.0 tok/s (16.134 ms/tok)
[capture] wrote /home/patrickd/s5-capture/agentic-p25-b0.1/c5/cap/shard_p82_s001216.dspc  1216 tok x (3 taps + 1 lm_in) x 4096 = 38.0 MB (32.0 KB/tok)
[probe] wrote 16 draft probes (block=5) to /home/patrickd/s5-capture/agentic-p25-b0.1/c5/cap/drafts_p82_s001216.txt
[spec] decoding 8 tokens (block=5, draft passes=1, adaptK=1.50, prompt=82 s=1217)...
  [margins] 6.22 7.82 10.12 12.52 18.01  K=6
  verify 1: accepted 5/5 (K=6) + correction -> +6 tokens (173.6 ms)  cpos=1222
  [margins] 10.16 11.20 15.00 18.56 9.30  K=6
  verify 2: accepted 5/5 (K=6) + correction -> +6 tokens (175.2 ms)  cpos=1228

[spec] generated 12 tokens over 2 verifies: mean tokens/verify = 6.00 (block=5, max 6)
[spec] tokens: 16 30750 16 17125 1836 16 30750 16 17125 1836 16 30750
[spec] SPEC-DECODE: 29.2 ms/tok = 34.24 tok/s  (vs base M=1 70.8 ms/tok = 14.13 tok/s -> 2.42x)
[decode] PREFILL: 1412 positions in 22918.3 ms = 61.6 tok/s (16.231 ms/tok)
[capture] wrote /home/patrickd/s5-capture/agentic-p25-b0.1/c5/cap/shard_p83_s001412.dspc  1412 tok x (3 taps + 1 lm_in) x 4096 = 44.1 MB (32.0 KB/tok)
[probe] wrote 16 draft probes (block=5) to /home/patrickd/s5-capture/agentic-p25-b0.1/c5/cap/drafts_p83_s001412.txt
[spec] decoding 8 tokens (block=5, draft passes=1, adaptK=1.50, prompt=83 s=1413)...
  [margins] 9.23 5.60 4.10 2.38 2.72  K=6
  verify 1: accepted 5/5 (K=6) + correction -> +6 tokens (173.6 ms)  cpos=1418
  [margins] 5.46 4.39 3.11 2.23 1.54  K=6
  verify 2: accepted 5/5 (K=6) + correction -> +6 tokens (169.3 ms)  cpos=1424

[spec] generated 12 tokens over 2 verifies: mean tokens/verify = 6.00 (block=5, max 6)
[spec] tokens: 10964 10964 10964 10964 10964 10964 10964 10964 10964 10964 10964 10964
[spec] SPEC-DECODE: 28.2 ms/tok = 35.44 tok/s  (vs base M=1 70.8 ms/tok = 14.13 tok/s -> 2.51x)
[decode] PREFILL: 1489 positions in 24219.8 ms = 61.5 tok/s (16.266 ms/tok)
[capture] wrote /home/patrickd/s5-capture/agentic-p25-b0.1/c5/cap/shard_p84_s001489.dspc  1489 tok x (3 taps + 1 lm_in) x 4096 = 46.5 MB (32.0 KB/tok)
[probe] wrote 16 draft probes (block=5) to /home/patrickd/s5-capture/agentic-p25-b0.1/c5/cap/drafts_p84_s001489.txt
[spec] decoding 8 tokens (block=5, draft passes=1, adaptK=1.50, prompt=84 s=1490)...
  [margins] 14.52 14.85 15.56 1.79 8.45  K=6
  verify 1: accepted 3/5 (K=6) + correction -> +4 tokens (173.3 ms)  cpos=1493
  [margins] 14.96 14.83 15.74 1.03 4.02  K=4
  verify 2: accepted 3/3 (K=4) + correction -> +4 tokens (137.5 ms)  cpos=1497

[spec] generated 8 tokens over 2 verifies: mean tokens/verify = 4.00 (block=5, max 6)
[spec] tokens: 3749 11 3749 11 3749 11 3749 11
[spec] SPEC-DECODE: 34.4 ms/tok = 29.09 tok/s  (vs base M=1 70.8 ms/tok = 14.13 tok/s -> 2.06x)
[decode] PREFILL: 1089 positions in 17531.3 ms = 62.1 tok/s (16.099 ms/tok)
[capture] wrote /home/patrickd/s5-capture/agentic-p25-b0.1/c5/cap/shard_p85_s001089.dspc  1089 tok x (3 taps + 1 lm_in) x 4096 = 34.0 MB (32.0 KB/tok)
[probe] wrote 16 draft probes (block=5) to /home/patrickd/s5-capture/agentic-p25-b0.1/c5/cap/drafts_p85_s001089.txt
[spec] decoding 8 tokens (block=5, draft passes=1, adaptK=1.50, prompt=85 s=1090)...
  [margins] 6.64 4.28 0.27 1.82 3.84  K=3
  verify 1: accepted 1/2 (K=3) + correction -> +2 tokens (127.2 ms)  cpos=1091
  [margins] 2.68 4.08 6.02 3.18 12.18  K=6
  verify 2: accepted 5/5 (K=6) + correction -> +6 tokens (177.0 ms)  cpos=1097

[spec] generated 8 tokens over 2 verifies: mean tokens/verify = 4.00 (block=5, max 6)
[spec] tokens: 9440 1289 268 74699 3550 48943 297 47
[spec] SPEC-DECODE: 29.5 ms/tok = 33.89 tok/s  (vs base M=1 70.8 ms/tok = 14.13 tok/s -> 2.40x)
[decode] PREFILL: 1692 positions in 27685.3 ms = 61.1 tok/s (16.362 ms/tok)
[capture] wrote /home/patrickd/s5-capture/agentic-p25-b0.1/c5/cap/shard_p86_s001692.dspc  1692 tok x (3 taps + 1 lm_in) x 4096 = 52.9 MB (32.0 KB/tok)
[probe] wrote 16 draft probes (block=5) to /home/patrickd/s5-capture/agentic-p25-b0.1/c5/cap/drafts_p86_s001692.txt
[spec] decoding 8 tokens (block=5, draft passes=1, adaptK=1.50, prompt=86 s=1693)...
  [margins] 10.89 8.72 9.92 13.70 9.07  K=6
  verify 1: accepted 5/5 (K=6) + correction -> +6 tokens (179.2 ms)  cpos=1698
  [margins] 19.12 13.24 13.33 10.01 11.80  K=6
  verify 2: accepted 5/5 (K=6) + correction -> +6 tokens (177.8 ms)  cpos=1704

[spec] generated 12 tokens over 2 verifies: mean tokens/verify = 6.00 (block=5, max 6)
[spec] tokens: 85 16 4100 347 2340 1095 1095 1095 1095 1095 1095 1095
[spec] SPEC-DECODE: 29.6 ms/tok = 33.75 tok/s  (vs base M=1 70.8 ms/tok = 14.13 tok/s -> 2.39x)
[decode] PREFILL: 1278 positions in 20641.4 ms = 61.9 tok/s (16.151 ms/tok)
[capture] wrote /home/patrickd/s5-capture/agentic-p25-b0.1/c5/cap/shard_p87_s001278.dspc  1278 tok x (3 taps + 1 lm_in) x 4096 = 39.9 MB (32.0 KB/tok)
[probe] wrote 16 draft probes (block=5) to /home/patrickd/s5-capture/agentic-p25-b0.1/c5/cap/drafts_p87_s001278.txt
[spec] decoding 8 tokens (block=5, draft passes=1, adaptK=1.50, prompt=87 s=1279)...
  [margins] 8.57 1.10 11.52 0.28 9.69  K=2
  verify 1: accepted 1/1 (K=2) + correction -> +2 tokens (131.3 ms)  cpos=1280
  [margins] 15.38 1.59 8.48 4.59 4.64  K=6
  verify 2: accepted 1/5 (K=6) + correction -> +2 tokens (165.1 ms)  cpos=1282
  [margins] 11.53 3.96 4.80 0.52 4.16  K=4
  verify 3: accepted 3/3 (K=4) + correction -> +4 tokens (137.2 ms)  cpos=1286

[spec] generated 8 tokens over 3 verifies: mean tokens/verify = 2.67 (block=5, max 6)
[spec] tokens: 28 1059 28 1069 201 11709 28 345
[spec] SPEC-DECODE: 50.4 ms/tok = 19.85 tok/s  (vs base M=1 70.8 ms/tok = 14.13 tok/s -> 1.41x)
[decode] PREFILL: 1039 positions in 16687.3 ms = 62.3 tok/s (16.061 ms/tok)
[capture] wrote /home/patrickd/s5-capture/agentic-p25-b0.1/c5/cap/shard_p88_s001039.dspc  1039 tok x (3 taps + 1 lm_in) x 4096 = 32.5 MB (32.0 KB/tok)
[probe] wrote 16 draft probes (block=5) to /home/patrickd/s5-capture/agentic-p25-b0.1/c5/cap/drafts_p88_s001039.txt
[spec] decoding 8 tokens (block=5, draft passes=1, adaptK=1.50, prompt=88 s=1040)...
  [margins] 16.98 11.89 10.95 8.41 5.45  K=6
  verify 1: accepted 5/5 (K=6) + correction -> +6 tokens (181.1 ms)  cpos=1045
  [margins] 11.05 13.08 10.85 11.22 10.26  K=6
  verify 2: accepted 5/5 (K=6) + correction -> +6 tokens (168.6 ms)  cpos=1051

[spec] generated 12 tokens over 2 verifies: mean tokens/verify = 6.00 (block=5, max 6)
[spec] tokens: 264 21491 80 723 16 83471 16 971 3332 16 3015 329
[spec] SPEC-DECODE: 28.1 ms/tok = 35.59 tok/s  (vs base M=1 70.8 ms/tok = 14.13 tok/s -> 2.52x)
[decode] PREFILL: 1052 positions in 16884.7 ms = 62.3 tok/s (16.050 ms/tok)
[capture] wrote /home/patrickd/s5-capture/agentic-p25-b0.1/c5/cap/shard_p89_s001052.dspc  1052 tok x (3 taps + 1 lm_in) x 4096 = 32.9 MB (32.0 KB/tok)
[probe] wrote 16 draft probes (block=5) to /home/patrickd/s5-capture/agentic-p25-b0.1/c5/cap/drafts_p89_s001052.txt
[spec] decoding 8 tokens (block=5, draft passes=1, adaptK=1.50, prompt=89 s=1053)...
  [margins] 12.18 15.34 12.16 7.91 7.49  K=6
  verify 1: accepted 3/5 (K=6) + correction -> +4 tokens (167.6 ms)  cpos=1056
  [margins] 12.35 15.52 12.79 6.59 8.57  K=6
  verify 2: accepted 3/5 (K=6) + correction -> +4 tokens (162.9 ms)  cpos=1060

[spec] generated 8 tokens over 2 verifies: mean tokens/verify = 4.00 (block=5, max 6)
[spec] tokens: 3749 11 3749 11 3749 11 3749 11
[spec] SPEC-DECODE: 40.7 ms/tok = 24.55 tok/s  (vs base M=1 70.8 ms/tok = 14.13 tok/s -> 1.74x)
[decode] PREFILL: 1215 positions in 19599.7 ms = 62.0 tok/s (16.131 ms/tok)
[capture] wrote /home/patrickd/s5-capture/agentic-p25-b0.1/c5/cap/shard_p90_s001215.dspc  1215 tok x (3 taps + 1 lm_in) x 4096 = 38.0 MB (32.0 KB/tok)
[probe] wrote 16 draft probes (block=5) to /home/patrickd/s5-capture/agentic-p25-b0.1/c5/cap/drafts_p90_s001215.txt
[spec] decoding 8 tokens (block=5, draft passes=1, adaptK=1.50, prompt=90 s=1216)...
  [margins] 2.76 5.11 1.65 8.25 1.97  K=6
  verify 1: accepted 2/5 (K=6) + correction -> +3 tokens (180.5 ms)  cpos=1218
  [margins] 6.43 3.74 2.63 11.73 1.19  K=5
  verify 2: accepted 2/4 (K=5) + correction -> +3 tokens (149.9 ms)  cpos=1221
  [margins] 0.48 1.47 12.04 1.85 3.74  K=2
  verify 3: accepted 0/1 (K=2) + correction -> +1 tokens (107.9 ms)  cpos=1222
  [margins] 9.80 8.26 5.37 3.10 0.40  K=5
  verify 4: accepted 4/4 (K=5) + correction -> +5 tokens (153.5 ms)  cpos=1227

[spec] generated 12 tokens over 4 verifies: mean tokens/verify = 3.00 (block=5, max 6)
[spec] tokens: 8497 270 7537 6286 294 62840 305 49520 42403 14 2622 8130
[spec] SPEC-DECODE: 45.7 ms/tok = 21.88 tok/s  (vs base M=1 70.8 ms/tok = 14.13 tok/s -> 1.55x)
[decode] PREFILL: 1101 positions in 17719.7 ms = 62.1 tok/s (16.094 ms/tok)
[capture] wrote /home/patrickd/s5-capture/agentic-p25-b0.1/c5/cap/shard_p91_s001101.dspc  1101 tok x (3 taps + 1 lm_in) x 4096 = 34.4 MB (32.0 KB/tok)
[probe] wrote 16 draft probes (block=5) to /home/patrickd/s5-capture/agentic-p25-b0.1/c5/cap/drafts_p91_s001101.txt
[spec] decoding 8 tokens (block=5, draft passes=1, adaptK=1.50, prompt=91 s=1102)...
  [margins] 11.57 13.20 19.29 14.58 17.97  K=6
  verify 1: accepted 5/5 (K=6) + correction -> +6 tokens (176.9 ms)  cpos=1107
  [margins] 15.97 14.03 12.98 15.96 13.82  K=6
  verify 2: accepted 5/5 (K=6) + correction -> +6 tokens (176.5 ms)  cpos=1113

[spec] generated 12 tokens over 2 verifies: mean tokens/verify = 6.00 (block=5, max 6)
[spec] tokens: 940 20 28 37406 3578 509 46893 339 10240 14 396 18445
[spec] SPEC-DECODE: 29.4 ms/tok = 34.00 tok/s  (vs base M=1 70.8 ms/tok = 14.13 tok/s -> 2.41x)
[decode] PREFILL: 1195 positions in 19271.0 ms = 62.0 tok/s (16.126 ms/tok)
[capture] wrote /home/patrickd/s5-capture/agentic-p25-b0.1/c5/cap/shard_p92_s001195.dspc  1195 tok x (3 taps + 1 lm_in) x 4096 = 37.3 MB (32.0 KB/tok)
[probe] wrote 16 draft probes (block=5) to /home/patrickd/s5-capture/agentic-p25-b0.1/c5/cap/drafts_p92_s001195.txt
[spec] decoding 8 tokens (block=5, draft passes=1, adaptK=1.50, prompt=92 s=1196)...
  [margins] 9.90 1.08 1.59 4.62 1.38  K=2
  verify 1: accepted 1/1 (K=2) + correction -> +2 tokens (115.9 ms)  cpos=1197
  [margins] 3.88 2.81 0.84 2.17 0.81  K=3
  verify 2: accepted 0/2 (K=3) + correction -> +1 tokens (121.4 ms)  cpos=1198
  [margins] 2.25 0.31 6.27 9.36 0.30  K=2
  verify 3: accepted 0/1 (K=2) + correction -> +1 tokens (112.9 ms)  cpos=1199
  [margins] 4.87 0.43 2.89 7.79 0.37  K=2
  verify 4: accepted 1/1 (K=2) + correction -> +2 tokens (113.3 ms)  cpos=1201
  [margins] 10.25 10.91 1.15 5.76 1.83  K=3
  verify 5: accepted 2/2 (K=3) + correction -> +3 tokens (121.7 ms)  cpos=1204

[spec] generated 9 tokens over 5 verifies: mean tokens/verify = 1.80 (block=5, max 6)
[spec] tokens: 22369 759 1946 411 13528 2239 3615 295 24270
[spec] SPEC-DECODE: 67.0 ms/tok = 14.92 tok/s  (vs base M=1 70.8 ms/tok = 14.13 tok/s -> 1.06x)
[decode] PREFILL: 2247 positions in 37284.8 ms = 60.3 tok/s (16.593 ms/tok)
[capture] wrote /home/patrickd/s5-capture/agentic-p25-b0.1/c5/cap/shard_p93_s002247.dspc  2247 tok x (3 taps + 1 lm_in) x 4096 = 70.2 MB (32.0 KB/tok)
[probe] wrote 16 draft probes (block=5) to /home/patrickd/s5-capture/agentic-p25-b0.1/c5/cap/drafts_p93_s002247.txt
[spec] decoding 8 tokens (block=5, draft passes=1, adaptK=1.50, prompt=93 s=2248)...
  [margins] 16.45 13.27 12.92 15.66 5.98  K=6
  verify 1: accepted 5/5 (K=6) + correction -> +6 tokens (193.5 ms)  cpos=2253
  [margins] 13.41 12.53 12.71 5.15 5.31  K=6
  verify 2: accepted 3/5 (K=6) + correction -> +4 tokens (181.2 ms)  cpos=2257

[spec] generated 10 tokens over 2 verifies: mean tokens/verify = 5.00 (block=5, max 6)
[spec] tokens: 893 40429 1788 294 7639 60051 15163 513 7639 7539
[spec] SPEC-DECODE: 45.3 ms/tok = 22.08 tok/s  (vs base M=1 70.8 ms/tok = 14.13 tok/s -> 1.56x)
[decode] PREFILL: 1065 positions in 17119.1 ms = 62.2 tok/s (16.074 ms/tok)
[capture] wrote /home/patrickd/s5-capture/agentic-p25-b0.1/c5/cap/shard_p94_s001065.dspc  1065 tok x (3 taps + 1 lm_in) x 4096 = 33.3 MB (32.0 KB/tok)
[probe] wrote 16 draft probes (block=5) to /home/patrickd/s5-capture/agentic-p25-b0.1/c5/cap/drafts_p94_s001065.txt
[spec] decoding 8 tokens (block=5, draft passes=1, adaptK=1.50, prompt=94 s=1066)...
  [margins] 15.24 15.92 15.38 4.88 10.64  K=6
  verify 1: accepted 3/5 (K=6) + correction -> +4 tokens (168.7 ms)  cpos=1069
  [margins] 15.20 16.01 15.23 4.06 14.05  K=6
  verify 2: accepted 5/5 (K=6) + correction -> +6 tokens (162.2 ms)  cpos=1075

[spec] generated 10 tokens over 2 verifies: mean tokens/verify = 5.00 (block=5, max 6)
[spec] tokens: 3749 11 3749 11 3749 11 3749 11 3749 11
[spec] SPEC-DECODE: 27.0 ms/tok = 37.00 tok/s  (vs base M=1 70.8 ms/tok = 14.13 tok/s -> 2.62x)
[decode] PREFILL: 1114 positions in 17917.2 ms = 62.2 tok/s (16.084 ms/tok)
[capture] wrote /home/patrickd/s5-capture/agentic-p25-b0.1/c5/cap/shard_p95_s001114.dspc  1114 tok x (3 taps + 1 lm_in) x 4096 = 34.8 MB (32.0 KB/tok)
[probe] wrote 16 draft probes (block=5) to /home/patrickd/s5-capture/agentic-p25-b0.1/c5/cap/drafts_p95_s001114.txt
[spec] decoding 8 tokens (block=5, draft passes=1, adaptK=1.50, prompt=95 s=1115)...
  [margins] 24.69 18.13 13.89 6.35 2.85  K=6
  verify 1: accepted 4/5 (K=6) + correction -> +5 tokens (181.9 ms)  cpos=1119
  [margins] 7.98 12.98 9.36 10.42 7.65  K=6
  verify 2: accepted 5/5 (K=6) + correction -> +6 tokens (169.1 ms)  cpos=1125

[spec] generated 11 tokens over 2 verifies: mean tokens/verify = 5.50 (block=5, max 6)
[spec] tokens: 20926 80 2296 9854 41551 28 223 18 16 18 271
[spec] SPEC-DECODE: 28.2 ms/tok = 35.49 tok/s  (vs base M=1 70.8 ms/tok = 14.13 tok/s -> 2.51x)
[decode] PREFILL: 1118 positions in 17980.1 ms = 62.2 tok/s (16.082 ms/tok)
[capture] wrote /home/patrickd/s5-capture/agentic-p25-b0.1/c5/cap/shard_p96_s001118.dspc  1118 tok x (3 taps + 1 lm_in) x 4096 = 34.9 MB (32.0 KB/tok)
[probe] wrote 16 draft probes (block=5) to /home/patrickd/s5-capture/agentic-p25-b0.1/c5/cap/drafts_p96_s001118.txt
[spec] decoding 8 tokens (block=5, draft passes=1, adaptK=1.50, prompt=96 s=1119)...
  [margins] 21.33 7.52 5.21 7.73 8.71  K=6
  verify 1: accepted 5/5 (K=6) + correction -> +6 tokens (179.6 ms)  cpos=1124
  [margins] 16.87 15.91 17.11 17.32 15.89  K=6
  verify 2: accepted 5/5 (K=6) + correction -> +6 tokens (171.9 ms)  cpos=1130

[spec] generated 12 tokens over 2 verifies: mean tokens/verify = 6.00 (block=5, max 6)
[spec] tokens: 1138 16 7711 560 14 270 4105 344 2496 5598 1138 16
[spec] SPEC-DECODE: 28.6 ms/tok = 34.91 tok/s  (vs base M=1 70.8 ms/tok = 14.13 tok/s -> 2.47x)
[decode] PREFILL: 1051 positions in 16887.9 ms = 62.2 tok/s (16.068 ms/tok)
[capture] wrote /home/patrickd/s5-capture/agentic-p25-b0.1/c5/cap/shard_p97_s001051.dspc  1051 tok x (3 taps + 1 lm_in) x 4096 = 32.8 MB (32.0 KB/tok)
[probe] wrote 16 draft probes (block=5) to /home/patrickd/s5-capture/agentic-p25-b0.1/c5/cap/drafts_p97_s001051.txt
[spec] decoding 8 tokens (block=5, draft passes=1, adaptK=1.50, prompt=97 s=1052)...
  [margins] 14.84 15.53 10.38 9.23 10.24  K=6
  verify 1: accepted 5/5 (K=6) + correction -> +6 tokens (181.3 ms)  cpos=1057
  [margins] 18.01 17.58 18.25 9.39 2.19  K=6
  verify 2: accepted 5/5 (K=6) + correction -> +6 tokens (171.8 ms)  cpos=1063

[spec] generated 12 tokens over 2 verifies: mean tokens/verify = 6.00 (block=5, max 6)
[spec] tokens: 362 1951 943 52756 19858 362 260 3549 1167 294 8412 4501
[spec] SPEC-DECODE: 28.6 ms/tok = 34.93 tok/s  (vs base M=1 70.8 ms/tok = 14.13 tok/s -> 2.47x)
[decode] PREFILL: 1075 positions in 17300.9 ms = 62.1 tok/s (16.094 ms/tok)
[capture] wrote /home/patrickd/s5-capture/agentic-p25-b0.1/c5/cap/shard_p98_s001075.dspc  1075 tok x (3 taps + 1 lm_in) x 4096 = 33.6 MB (32.0 KB/tok)
[probe] wrote 16 draft probes (block=5) to /home/patrickd/s5-capture/agentic-p25-b0.1/c5/cap/drafts_p98_s001075.txt
[spec] decoding 8 tokens (block=5, draft passes=1, adaptK=1.50, prompt=98 s=1076)...
  [margins] 17.08 17.13 15.48 9.70 8.84  K=6
  verify 1: accepted 5/5 (K=6) + correction -> +6 tokens (180.6 ms)  cpos=1081
  [margins] 17.94 16.28 17.96 16.62 13.08  K=6
  verify 2: accepted 5/5 (K=6) + correction -> +6 tokens (171.2 ms)  cpos=1087

[spec] generated 12 tokens over 2 verifies: mean tokens/verify = 6.00 (block=5, max 6)
[spec] tokens: 2775 6744 14 3217 17 53721 14 305 31413 7363 16 8427
[spec] SPEC-DECODE: 28.5 ms/tok = 35.05 tok/s  (vs base M=1 70.8 ms/tok = 14.13 tok/s -> 2.48x)
[decode] PREFILL: 1225 positions in 19779.4 ms = 61.9 tok/s (16.146 ms/tok)
[capture] wrote /home/patrickd/s5-capture/agentic-p25-b0.1/c5/cap/shard_p99_s001225.dspc  1225 tok x (3 taps + 1 lm_in) x 4096 = 38.3 MB (32.0 KB/tok)
[probe] wrote 16 draft probes (block=5) to /home/patrickd/s5-capture/agentic-p25-b0.1/c5/cap/drafts_p99_s001225.txt
[spec] decoding 8 tokens (block=5, draft passes=1, adaptK=1.50, prompt=99 s=1226)...
  [margins] 10.72 2.26 9.49 2.36 0.58  K=5
  verify 1: accepted 4/4 (K=5) + correction -> +5 tokens (153.5 ms)  cpos=1230
  [margins] 9.87 1.55 0.23 0.37 1.51  K=3
  verify 2: accepted 2/2 (K=3) + correction -> +3 tokens (122.0 ms)  cpos=1233

[spec] generated 8 tokens over 2 verifies: mean tokens/verify = 4.00 (block=5, max 6)
[spec] tokens: 6266 979 15 2619 40735 1399 270 58533
[spec] SPEC-DECODE: 40.7 ms/tok = 24.60 tok/s  (vs base M=1 70.8 ms/tok = 14.13 tok/s -> 1.74x)
[decode] PREFILL: 1094 positions in 17584.9 ms = 62.2 tok/s (16.074 ms/tok)
[capture] wrote /home/patrickd/s5-capture/agentic-p25-b0.1/c5/cap/shard_p100_s001094.dspc  1094 tok x (3 taps + 1 lm_in) x 4096 = 34.2 MB (32.0 KB/tok)
[probe] wrote 16 draft probes (block=5) to /home/patrickd/s5-capture/agentic-p25-b0.1/c5/cap/drafts_p100_s001094.txt
[spec] decoding 8 tokens (block=5, draft passes=1, adaptK=1.50, prompt=100 s=1095)...
  [margins] 8.01 14.72 5.95 9.14 11.54  K=6
  verify 1: accepted 5/5 (K=6) + correction -> +6 tokens (173.0 ms)  cpos=1100
  [margins] 8.58 14.60 6.99 10.12 12.43  K=6
  verify 2: accepted 5/5 (K=6) + correction -> +6 tokens (164.2 ms)  cpos=1106

[spec] generated 12 tokens over 2 verifies: mean tokens/verify = 6.00 (block=5, max 6)
[spec] tokens: 16 4100 574 16 4100 574 16 4100 574 16 4100 574
[spec] SPEC-DECODE: 27.4 ms/tok = 36.54 tok/s  (vs base M=1 70.8 ms/tok = 14.13 tok/s -> 2.59x)
[decode] PREFILL: 1136 positions in 18289.3 ms = 62.1 tok/s (16.100 ms/tok)
[capture] wrote /home/patrickd/s5-capture/agentic-p25-b0.1/c5/cap/shard_p101_s001136.dspc  1136 tok x (3 taps + 1 lm_in) x 4096 = 35.5 MB (32.0 KB/tok)
[probe] wrote 16 draft probes (block=5) to /home/patrickd/s5-capture/agentic-p25-b0.1/c5/cap/drafts_p101_s001136.txt
[spec] decoding 8 tokens (block=5, draft passes=1, adaptK=1.50, prompt=101 s=1137)...
  [margins] 16.83 23.26 14.90 16.01 15.60  K=6
  verify 1: accepted 5/5 (K=6) + correction -> +6 tokens (173.8 ms)  cpos=1142
  [margins] 12.78 9.53 11.83 14.84 13.21  K=6
  verify 2: accepted 5/5 (K=6) + correction -> +6 tokens (177.3 ms)  cpos=1148

[spec] generated 12 tokens over 2 verifies: mean tokens/verify = 6.00 (block=5, max 6)
[spec] tokens: 23 59 14 223 23 49 25 35 14 223 23 51
[spec] SPEC-DECODE: 29.6 ms/tok = 33.83 tok/s  (vs base M=1 70.8 ms/tok = 14.13 tok/s -> 2.39x)
[decode] PREFILL: 1220 positions in 19709.4 ms = 61.9 tok/s (16.155 ms/tok)
[capture] wrote /home/patrickd/s5-capture/agentic-p25-b0.1/c5/cap/shard_p102_s001220.dspc  1220 tok x (3 taps + 1 lm_in) x 4096 = 38.1 MB (32.0 KB/tok)
[probe] wrote 16 draft probes (block=5) to /home/patrickd/s5-capture/agentic-p25-b0.1/c5/cap/drafts_p102_s001220.txt
[spec] decoding 8 tokens (block=5, draft passes=1, adaptK=1.50, prompt=102 s=1221)...
  [margins] 13.49 14.52 5.76 11.99 11.92  K=6
  verify 1: accepted 5/5 (K=6) + correction -> +6 tokens (172.1 ms)  cpos=1226
  [margins] 14.90 15.62 6.25 11.76 12.73  K=6
  verify 2: accepted 5/5 (K=6) + correction -> +6 tokens (170.1 ms)  cpos=1232

[spec] generated 12 tokens over 2 verifies: mean tokens/verify = 6.00 (block=5, max 6)
[spec] tokens: 11628 86 16 11628 86 16 11628 86 16 11628 86 16
[spec] SPEC-DECODE: 28.3 ms/tok = 35.28 tok/s  (vs base M=1 70.8 ms/tok = 14.13 tok/s -> 2.50x)
[decode] PREFILL: 1042 positions in 16759.0 ms = 62.2 tok/s (16.084 ms/tok)
[capture] wrote /home/patrickd/s5-capture/agentic-p25-b0.1/c5/cap/shard_p103_s001042.dspc  1042 tok x (3 taps + 1 lm_in) x 4096 = 32.6 MB (32.0 KB/tok)
[probe] wrote 16 draft probes (block=5) to /home/patrickd/s5-capture/agentic-p25-b0.1/c5/cap/drafts_p103_s001042.txt
[spec] decoding 8 tokens (block=5, draft passes=1, adaptK=1.50, prompt=103 s=1043)...
  [margins] 16.83 9.16 3.89 3.54 2.41  K=6
  verify 1: accepted 5/5 (K=6) + correction -> +6 tokens (178.3 ms)  cpos=1048
  [margins] 17.49 12.09 17.50 12.82 8.83  K=6
  verify 2: accepted 4/5 (K=6) + correction -> +5 tokens (172.9 ms)  cpos=1053

[spec] generated 11 tokens over 2 verifies: mean tokens/verify = 5.50 (block=5, max 6)
[spec] tokens: 4077 14790 4935 294 11627 295 270 20235 5606 7531 304
[spec] SPEC-DECODE: 34.6 ms/tok = 28.92 tok/s  (vs base M=1 70.8 ms/tok = 14.13 tok/s -> 2.05x)
[decode] PREFILL: 1106 positions in 17810.2 ms = 62.1 tok/s (16.103 ms/tok)
[capture] wrote /home/patrickd/s5-capture/agentic-p25-b0.1/c5/cap/shard_p104_s001106.dspc  1106 tok x (3 taps + 1 lm_in) x 4096 = 34.6 MB (32.0 KB/tok)
[probe] wrote 16 draft probes (block=5) to /home/patrickd/s5-capture/agentic-p25-b0.1/c5/cap/drafts_p104_s001106.txt
[spec] decoding 8 tokens (block=5, draft passes=1, adaptK=1.50, prompt=104 s=1107)...
  [margins] 16.98 28.15 14.50 11.97 14.38  K=6
  verify 1: accepted 5/5 (K=6) + correction -> +6 tokens (179.9 ms)  cpos=1112
  [margins] 17.96 21.65 12.25 12.80 10.17  K=6
  verify 2: accepted 5/5 (K=6) + correction -> +6 tokens (168.1 ms)  cpos=1118

[spec] generated 12 tokens over 2 verifies: mean tokens/verify = 6.00 (block=5, max 6)
[spec] tokens: 1461 284 270 4105 1926 295 260 26639 5603 16 4480 734
[spec] SPEC-DECODE: 28.0 ms/tok = 35.69 tok/s  (vs base M=1 70.8 ms/tok = 14.13 tok/s -> 2.53x)
[decode] PREFILL: 1247 positions in 20121.3 ms = 62.0 tok/s (16.136 ms/tok)
[capture] wrote /home/patrickd/s5-capture/agentic-p25-b0.1/c5/cap/shard_p105_s001247.dspc  1247 tok x (3 taps + 1 lm_in) x 4096 = 39.0 MB (32.0 KB/tok)
[probe] wrote 16 draft probes (block=5) to /home/patrickd/s5-capture/agentic-p25-b0.1/c5/cap/drafts_p105_s001247.txt
[spec] decoding 8 tokens (block=5, draft passes=1, adaptK=1.50, prompt=105 s=1248)...
  [margins] 23.75 17.99 14.00 13.17 11.30  K=6
  verify 1: accepted 5/5 (K=6) + correction -> +6 tokens (185.5 ms)  cpos=1253
  [margins] 15.66 16.74 7.42 5.93 9.30  K=6
  verify 2: accepted 5/5 (K=6) + correction -> +6 tokens (165.8 ms)  cpos=1259

[spec] generated 12 tokens over 2 verifies: mean tokens/verify = 6.00 (block=5, max 6)
[spec] tokens: 443 25517 3913 565 292 14 223 18 2542 82 16 455
[spec] SPEC-DECODE: 27.6 ms/tok = 36.19 tok/s  (vs base M=1 70.8 ms/tok = 14.13 tok/s -> 2.56x)
[decode] PREFILL: 1080 positions in 17367.3 ms = 62.2 tok/s (16.081 ms/tok)
[capture] wrote /home/patrickd/s5-capture/agentic-p25-b0.1/c5/cap/shard_p106_s001080.dspc  1080 tok x (3 taps + 1 lm_in) x 4096 = 33.8 MB (32.0 KB/tok)
[probe] wrote 16 draft probes (block=5) to /home/patrickd/s5-capture/agentic-p25-b0.1/c5/cap/drafts_p106_s001080.txt
[spec] decoding 8 tokens (block=5, draft passes=1, adaptK=1.50, prompt=106 s=1081)...
  [margins] 14.27 14.27 8.33 12.23 8.67  K=6
  verify 1: accepted 5/5 (K=6) + correction -> +6 tokens (170.3 ms)  cpos=1086
  [margins] 14.75 13.88 7.37 12.08 10.71  K=6
  verify 2: accepted 5/5 (K=6) + correction -> +6 tokens (167.3 ms)  cpos=1092

[spec] generated 12 tokens over 2 verifies: mean tokens/verify = 6.00 (block=5, max 6)
[spec] tokens: 11628 86 16 11628 86 16 11628 86 16 11628 86 16
[spec] SPEC-DECODE: 27.9 ms/tok = 35.86 tok/s  (vs base M=1 70.8 ms/tok = 14.13 tok/s -> 2.54x)
[decode] PREFILL: 1163 positions in 18740.3 ms = 62.1 tok/s (16.114 ms/tok)
[capture] wrote /home/patrickd/s5-capture/agentic-p25-b0.1/c5/cap/shard_p107_s001163.dspc  1163 tok x (3 taps + 1 lm_in) x 4096 = 36.3 MB (32.0 KB/tok)
[probe] wrote 16 draft probes (block=5) to /home/patrickd/s5-capture/agentic-p25-b0.1/c5/cap/drafts_p107_s001163.txt
[spec] decoding 8 tokens (block=5, draft passes=1, adaptK=1.50, prompt=107 s=1164)...
  [margins] 9.98 13.59 10.11 14.05 9.12  K=6
  verify 1: accepted 5/5 (K=6) + correction -> +6 tokens (174.3 ms)  cpos=1169
  [margins] 10.58 14.58 10.59 15.08 10.50  K=6
  verify 2: accepted 5/5 (K=6) + correction -> +6 tokens (164.1 ms)  cpos=1175

[spec] generated 12 tokens over 2 verifies: mean tokens/verify = 6.00 (block=5, max 6)
[spec] tokens: 16 70404 16 70404 16 70404 16 70404 16 70404 16 70404
[spec] SPEC-DECODE: 27.4 ms/tok = 36.56 tok/s  (vs base M=1 70.8 ms/tok = 14.13 tok/s -> 2.59x)
[decode] PREFILL: 1071 positions in 17216.3 ms = 62.2 tok/s (16.075 ms/tok)
[capture] wrote /home/patrickd/s5-capture/agentic-p25-b0.1/c5/cap/shard_p108_s001071.dspc  1071 tok x (3 taps + 1 lm_in) x 4096 = 33.5 MB (32.0 KB/tok)
[probe] wrote 16 draft probes (block=5) to /home/patrickd/s5-capture/agentic-p25-b0.1/c5/cap/drafts_p108_s001071.txt
[spec] decoding 8 tokens (block=5, draft passes=1, adaptK=1.50, prompt=108 s=1072)...
  [margins] 14.57 14.02 14.33 11.05 1.22  K=5
  verify 1: accepted 4/4 (K=5) + correction -> +5 tokens (160.8 ms)  cpos=1076
  [margins] 17.35 16.70 13.37 11.79 8.10  K=6
  verify 2: accepted 5/5 (K=6) + correction -> +6 tokens (169.2 ms)  cpos=1082

[spec] generated 11 tokens over 2 verifies: mean tokens/verify = 5.50 (block=5, max 6)
[spec] tokens: 16 2052 16 440 16 1114 16 554 16 1926 16
[spec] SPEC-DECODE: 28.2 ms/tok = 35.47 tok/s  (vs base M=1 70.8 ms/tok = 14.13 tok/s -> 2.51x)
[decode] PREFILL: 1592 positions in 25969.4 ms = 61.3 tok/s (16.312 ms/tok)
[capture] wrote /home/patrickd/s5-capture/agentic-p25-b0.1/c5/cap/shard_p109_s001592.dspc  1592 tok x (3 taps + 1 lm_in) x 4096 = 49.8 MB (32.0 KB/tok)
[probe] wrote 16 draft probes (block=5) to /home/patrickd/s5-capture/agentic-p25-b0.1/c5/cap/drafts_p109_s001592.txt
[spec] decoding 8 tokens (block=5, draft passes=1, adaptK=1.50, prompt=109 s=1593)...
  [margins] 14.08 9.99 0.80 0.58 0.06  K=3
  verify 1: accepted 2/2 (K=3) + correction -> +3 tokens (132.1 ms)  cpos=1595
  [margins] 10.38 12.27 14.48 7.96 1.65  K=6
  verify 2: accepted 4/5 (K=6) + correction -> +5 tokens (183.6 ms)  cpos=1600

[spec] generated 8 tokens over 2 verifies: mean tokens/verify = 4.00 (block=5, max 6)
[spec] tokens: 60122 418 2405 29682 14 305 793 17246
[spec] SPEC-DECODE: 36.7 ms/tok = 27.23 tok/s  (vs base M=1 70.8 ms/tok = 14.13 tok/s -> 1.93x)
[decode] PREFILL: 1080 positions in 17372.8 ms = 62.2 tok/s (16.086 ms/tok)
[capture] wrote /home/patrickd/s5-capture/agentic-p25-b0.1/c5/cap/shard_p110_s001080.dspc  1080 tok x (3 taps + 1 lm_in) x 4096 = 33.8 MB (32.0 KB/tok)
[probe] wrote 16 draft probes (block=5) to /home/patrickd/s5-capture/agentic-p25-b0.1/c5/cap/drafts_p110_s001080.txt
[spec] decoding 8 tokens (block=5, draft passes=1, adaptK=1.50, prompt=110 s=1081)...
  [margins] 5.63 6.17 8.35 0.36 5.96  K=4
  verify 1: accepted 3/3 (K=4) + correction -> +4 tokens (144.4 ms)  cpos=1084
  [margins] 15.44 7.30 12.93 5.44 9.91  K=6
  verify 2: accepted 5/5 (K=6) + correction -> +6 tokens (168.7 ms)  cpos=1090

[spec] generated 10 tokens over 2 verifies: mean tokens/verify = 5.00 (block=5, max 6)
[spec] tokens: 455 16 4105 16 1926 16 1531 16 366 16
[spec] SPEC-DECODE: 28.1 ms/tok = 35.56 tok/s  (vs base M=1 70.8 ms/tok = 14.13 tok/s -> 2.52x)
[decode] PREFILL: 1415 positions in 22952.1 ms = 61.7 tok/s (16.221 ms/tok)
[capture] wrote /home/patrickd/s5-capture/agentic-p25-b0.1/c5/cap/shard_p111_s001415.dspc  1415 tok x (3 taps + 1 lm_in) x 4096 = 44.2 MB (32.0 KB/tok)
[probe] wrote 16 draft probes (block=5) to /home/patrickd/s5-capture/agentic-p25-b0.1/c5/cap/drafts_p111_s001415.txt
[spec] decoding 8 tokens (block=5, draft passes=1, adaptK=1.50, prompt=111 s=1416)...
  [margins] 10.46 14.26 17.52 12.91 13.09  K=6
  verify 1: accepted 5/5 (K=6) + correction -> +6 tokens (177.8 ms)  cpos=1421
  [margins] 10.81 14.21 15.10 12.96 13.22  K=6
  verify 2: accepted 5/5 (K=6) + correction -> +6 tokens (166.4 ms)  cpos=1427

[spec] generated 12 tokens over 2 verifies: mean tokens/verify = 6.00 (block=5, max 6)
[spec] tokens: 16 44171 8308 16 44171 8308 16 44171 8308 16 44171 8308
[spec] SPEC-DECODE: 27.7 ms/tok = 36.06 tok/s  (vs base M=1 70.8 ms/tok = 14.13 tok/s -> 2.55x)
[decode] PREFILL: 1401 positions in 22706.7 ms = 61.7 tok/s (16.207 ms/tok)
[capture] wrote /home/patrickd/s5-capture/agentic-p25-b0.1/c5/cap/shard_p112_s001401.dspc  1401 tok x (3 taps + 1 lm_in) x 4096 = 43.8 MB (32.0 KB/tok)
[probe] wrote 16 draft probes (block=5) to /home/patrickd/s5-capture/agentic-p25-b0.1/c5/cap/drafts_p112_s001401.txt
[spec] decoding 8 tokens (block=5, draft passes=1, adaptK=1.50, prompt=112 s=1402)...
  [margins] 8.28 7.38 6.28 8.47 6.30  K=6
  verify 1: accepted 5/5 (K=6) + correction -> +6 tokens (176.7 ms)  cpos=1407
  [margins] 16.59 13.81 8.40 12.30 15.87  K=6
  verify 2: accepted 5/5 (K=6) + correction -> +6 tokens (194.3 ms)  cpos=1413

[spec] generated 12 tokens over 2 verifies: mean tokens/verify = 6.00 (block=5, max 6)
[spec] tokens: 16 16504 14 3157 2280 46000 14 31614 305 27720 3926 477
[spec] SPEC-DECODE: 32.4 ms/tok = 30.88 tok/s  (vs base M=1 70.8 ms/tok = 14.13 tok/s -> 2.19x)
[decode] PREFILL: 1063 positions in 17101.8 ms = 62.2 tok/s (16.088 ms/tok)
[capture] wrote /home/patrickd/s5-capture/agentic-p25-b0.1/c5/cap/shard_p113_s001063.dspc  1063 tok x (3 taps + 1 lm_in) x 4096 = 33.2 MB (32.0 KB/tok)
[probe] wrote 16 draft probes (block=5) to /home/patrickd/s5-capture/agentic-p25-b0.1/c5/cap/drafts_p113_s001063.txt
[spec] decoding 8 tokens (block=5, draft passes=1, adaptK=1.50, prompt=113 s=1064)...
  [margins] 6.98 13.34 13.52 10.39 3.27  K=6
  verify 1: accepted 5/5 (K=6) + correction -> +6 tokens (181.3 ms)  cpos=1069
  [margins] 9.24 12.22 14.41 9.07 10.49  K=6
  verify 2: accepted 5/5 (K=6) + correction -> +6 tokens (170.2 ms)  cpos=1075

[spec] generated 12 tokens over 2 verifies: mean tokens/verify = 6.00 (block=5, max 6)
[spec] tokens: 270 4813 3287 16 38291 769 270 4813 3287 16 27599 769
[spec] SPEC-DECODE: 28.4 ms/tok = 35.24 tok/s  (vs base M=1 70.8 ms/tok = 14.13 tok/s -> 2.49x)
[decode] PREFILL: 2225 positions in 36935.0 ms = 60.2 tok/s (16.600 ms/tok)
[capture] wrote /home/patrickd/s5-capture/agentic-p25-b0.1/c5/cap/shard_p114_s002225.dspc  2225 tok x (3 taps + 1 lm_in) x 4096 = 69.5 MB (32.0 KB/tok)
[probe] wrote 16 draft probes (block=5) to /home/patrickd/s5-capture/agentic-p25-b0.1/c5/cap/drafts_p114_s002225.txt
[spec] decoding 8 tokens (block=5, draft passes=1, adaptK=1.50, prompt=114 s=2226)...
  [margins] 18.30 15.22 15.30 12.73 7.77  K=6
  verify 1: accepted 5/5 (K=6) + correction -> +6 tokens (187.1 ms)  cpos=2231
  [margins] 17.50 13.80 19.44 16.46 14.19  K=6
  verify 2: accepted 5/5 (K=6) + correction -> +6 tokens (182.5 ms)  cpos=2237

[spec] generated 12 tokens over 2 verifies: mean tokens/verify = 6.00 (block=5, max 6)
[spec] tokens: 14 5264 2690 7468 395 2160 14 26061 35514 14 32110 19899
[spec] SPEC-DECODE: 30.4 ms/tok = 32.88 tok/s  (vs base M=1 70.8 ms/tok = 14.13 tok/s -> 2.33x)
[decode] PREFILL: 1485 positions in 24131.8 ms = 61.5 tok/s (16.250 ms/tok)
[capture] wrote /home/patrickd/s5-capture/agentic-p25-b0.1/c5/cap/shard_p115_s001485.dspc  1485 tok x (3 taps + 1 lm_in) x 4096 = 46.4 MB (32.0 KB/tok)
[probe] wrote 16 draft probes (block=5) to /home/patrickd/s5-capture/agentic-p25-b0.1/c5/cap/drafts_p115_s001485.txt
[spec] decoding 8 tokens (block=5, draft passes=1, adaptK=1.50, prompt=115 s=1486)...
  [margins] 21.03 10.43 16.49 5.84 9.41  K=6
  verify 1: accepted 5/5 (K=6) + correction -> +6 tokens (177.2 ms)  cpos=1491
  [margins] 14.16 10.21 14.32 5.96 10.30  K=6
  verify 2: accepted 5/5 (K=6) + correction -> +6 tokens (179.4 ms)  cpos=1497

[spec] generated 12 tokens over 2 verifies: mean tokens/verify = 6.00 (block=5, max 6)
[spec] tokens: 14 33952 14 25477 14 33324 305 94465 16 2483 9497 28733
[spec] SPEC-DECODE: 29.9 ms/tok = 33.44 tok/s  (vs base M=1 70.8 ms/tok = 14.13 tok/s -> 2.37x)
[decode] PREFILL: 1080 positions in 17371.5 ms = 62.2 tok/s (16.085 ms/tok)
[capture] wrote /home/patrickd/s5-capture/agentic-p25-b0.1/c5/cap/shard_p116_s001080.dspc  1080 tok x (3 taps + 1 lm_in) x 4096 = 33.8 MB (32.0 KB/tok)
[probe] wrote 16 draft probes (block=5) to /home/patrickd/s5-capture/agentic-p25-b0.1/c5/cap/drafts_p116_s001080.txt
[spec] decoding 8 tokens (block=5, draft passes=1, adaptK=1.50, prompt=116 s=1081)...
  [margins] 13.62 18.29 13.05 13.14 12.60  K=6
  verify 1: accepted 5/5 (K=6) + correction -> +6 tokens (169.4 ms)  cpos=1086
  [margins] 13.56 18.69 13.03 12.84 12.95  K=6
  verify 2: accepted 5/5 (K=6) + correction -> +6 tokens (167.9 ms)  cpos=1092

[spec] generated 12 tokens over 2 verifies: mean tokens/verify = 6.00 (block=5, max 6)
[spec] tokens: 359 11170 16 359 11170 16 359 11170 16 359 11170 16
[spec] SPEC-DECODE: 28.0 ms/tok = 35.74 tok/s  (vs base M=1 70.8 ms/tok = 14.13 tok/s -> 2.53x)
[decode] PREFILL: 1046 positions in 16801.8 ms = 62.3 tok/s (16.063 ms/tok)
[capture] wrote /home/patrickd/s5-capture/agentic-p25-b0.1/c5/cap/shard_p117_s001046.dspc  1046 tok x (3 taps + 1 lm_in) x 4096 = 32.7 MB (32.0 KB/tok)
[probe] wrote 16 draft probes (block=5) to /home/patrickd/s5-capture/agentic-p25-b0.1/c5/cap/drafts_p117_s001046.txt
[spec] decoding 8 tokens (block=5, draft passes=1, adaptK=1.50, prompt=117 s=1047)...
  [margins] 13.71 14.27 13.54 14.17 9.54  K=6
  verify 1: accepted 5/5 (K=6) + correction -> +6 tokens (174.4 ms)  cpos=1052
  [margins] 12.59 14.47 13.60 13.65 7.91  K=6
  verify 2: accepted 5/5 (K=6) + correction -> +6 tokens (165.0 ms)  cpos=1058

[spec] generated 12 tokens over 2 verifies: mean tokens/verify = 6.00 (block=5, max 6)
[spec] tokens: 201 88 650 201 88 650 201 88 650 201 88 650
[spec] SPEC-DECODE: 27.5 ms/tok = 36.36 tok/s  (vs base M=1 70.8 ms/tok = 14.13 tok/s -> 2.57x)
[decode] PREFILL: 1483 positions in 24094.0 ms = 61.6 tok/s (16.247 ms/tok)
[capture] wrote /home/patrickd/s5-capture/agentic-p25-b0.1/c5/cap/shard_p118_s001483.dspc  1483 tok x (3 taps + 1 lm_in) x 4096 = 46.3 MB (32.0 KB/tok)
[probe] wrote 16 draft probes (block=5) to /home/patrickd/s5-capture/agentic-p25-b0.1/c5/cap/drafts_p118_s001483.txt
[spec] decoding 8 tokens (block=5, draft passes=1, adaptK=1.50, prompt=118 s=1484)...
  [margins] 13.39 3.86 9.75 8.86 12.89  K=6
  verify 1: accepted 5/5 (K=6) + correction -> +6 tokens (181.8 ms)  cpos=1489
  [margins] 13.47 5.85 10.45 8.62 13.59  K=6
  verify 2: accepted 5/5 (K=6) + correction -> +6 tokens (172.4 ms)  cpos=1495

[spec] generated 12 tokens over 2 verifies: mean tokens/verify = 6.00 (block=5, max 6)
[spec] tokens: 19836 271 16042 271 35 271 19836 271 16042 271 35 271
[spec] SPEC-DECODE: 28.7 ms/tok = 34.81 tok/s  (vs base M=1 70.8 ms/tok = 14.13 tok/s -> 2.46x)
[decode] PREFILL: 1198 positions in 19313.2 ms = 62.0 tok/s (16.121 ms/tok)
[capture] wrote /home/patrickd/s5-capture/agentic-p25-b0.1/c5/cap/shard_p119_s001198.dspc  1198 tok x (3 taps + 1 lm_in) x 4096 = 37.4 MB (32.0 KB/tok)
[probe] wrote 16 draft probes (block=5) to /home/patrickd/s5-capture/agentic-p25-b0.1/c5/cap/drafts_p119_s001198.txt
[spec] decoding 8 tokens (block=5, draft passes=1, adaptK=1.50, prompt=119 s=1199)...
  [margins] 3.83 0.75 3.67 4.51 2.37  K=2
  verify 1: accepted 1/1 (K=2) + correction -> +2 tokens (116.6 ms)  cpos=1200
  [margins] 1.19 3.65 3.76 5.56 1.08  K=5
  verify 2: accepted 2/4 (K=5) + correction -> +3 tokens (148.2 ms)  cpos=1203
  [margins] 1.33 1.34 3.61 0.38 3.14  K=2
  verify 3: accepted 0/1 (K=2) + correction -> +1 tokens (109.3 ms)  cpos=1204
  [margins] 1.76 0.27 1.16 2.36 1.05  K=2
  verify 4: accepted 1/1 (K=2) + correction -> +2 tokens (106.9 ms)  cpos=1206

[spec] generated 8 tokens over 4 verifies: mean tokens/verify = 2.00 (block=5, max 6)
[spec] tokens: 14458 682 262 565 3011 834 343 394
[spec] SPEC-DECODE: 60.7 ms/tok = 16.46 tok/s  (vs base M=1 70.8 ms/tok = 14.13 tok/s -> 1.17x)
[decode] PREFILL: 1546 positions in 25188.6 ms = 61.4 tok/s (16.293 ms/tok)
[capture] wrote /home/patrickd/s5-capture/agentic-p25-b0.1/c5/cap/shard_p120_s001546.dspc  1546 tok x (3 taps + 1 lm_in) x 4096 = 48.3 MB (32.0 KB/tok)
[probe] wrote 16 draft probes (block=5) to /home/patrickd/s5-capture/agentic-p25-b0.1/c5/cap/drafts_p120_s001546.txt
[spec] decoding 8 tokens (block=5, draft passes=1, adaptK=1.50, prompt=120 s=1547)...
  [margins] 27.02 18.56 8.44 7.28 4.21  K=6
  verify 1: accepted 5/5 (K=6) + correction -> +6 tokens (188.5 ms)  cpos=1552
  [margins] 18.07 16.91 10.69 9.27 0.09  K=5
  verify 2: accepted 4/4 (K=5) + correction -> +5 tokens (156.9 ms)  cpos=1557

[spec] generated 11 tokens over 2 verifies: mean tokens/verify = 5.50 (block=5, max 6)
[spec] tokens: 8858 14 1473 8959 5024 10575 295 270 2058 3305 455
[spec] SPEC-DECODE: 31.4 ms/tok = 31.87 tok/s  (vs base M=1 70.8 ms/tok = 14.13 tok/s -> 2.26x)
[decode] PREFILL: 1369 positions in 22187.2 ms = 61.7 tok/s (16.207 ms/tok)
[capture] wrote /home/patrickd/s5-capture/agentic-p25-b0.1/c5/cap/shard_p121_s001369.dspc  1369 tok x (3 taps + 1 lm_in) x 4096 = 42.8 MB (32.0 KB/tok)
[probe] wrote 16 draft probes (block=5) to /home/patrickd/s5-capture/agentic-p25-b0.1/c5/cap/drafts_p121_s001369.txt
[spec] decoding 8 tokens (block=5, draft passes=1, adaptK=1.50, prompt=121 s=1370)...
  [margins] 11.47 11.56 10.60 11.04 10.38  K=6
  verify 1: accepted 5/5 (K=6) + correction -> +6 tokens (173.5 ms)  cpos=1375
  [margins] 10.44 11.26 8.98 11.58 9.76  K=6
  verify 2: accepted 5/5 (K=6) + correction -> +6 tokens (172.1 ms)  cpos=1381

[spec] generated 12 tokens over 2 verifies: mean tokens/verify = 6.00 (block=5, max 6)
[spec] tokens: 16 971 1835 16 971 1835 16 971 1835 16 971 1835
[spec] SPEC-DECODE: 28.7 ms/tok = 34.87 tok/s  (vs base M=1 70.8 ms/tok = 14.13 tok/s -> 2.47x)
[decode] PREFILL: 1052 positions in 16893.2 ms = 62.3 tok/s (16.058 ms/tok)
[capture] wrote /home/patrickd/s5-capture/agentic-p25-b0.1/c5/cap/shard_p122_s001052.dspc  1052 tok x (3 taps + 1 lm_in) x 4096 = 32.9 MB (32.0 KB/tok)
[probe] wrote 16 draft probes (block=5) to /home/patrickd/s5-capture/agentic-p25-b0.1/c5/cap/drafts_p122_s001052.txt
[spec] decoding 8 tokens (block=5, draft passes=1, adaptK=1.50, prompt=122 s=1053)...
  [margins] 9.67 12.88 6.49 11.33 8.57  K=6
  verify 1: accepted 5/5 (K=6) + correction -> +6 tokens (164.4 ms)  cpos=1058
  [margins] 8.82 12.18 5.65 10.26 6.81  K=6
  verify 2: accepted 5/5 (K=6) + correction -> +6 tokens (166.9 ms)  cpos=1064

[spec] generated 12 tokens over 2 verifies: mean tokens/verify = 6.00 (block=5, max 6)
[spec] tokens: 271 82 271 82 271 82 271 82 271 82 271 82
[spec] SPEC-DECODE: 27.8 ms/tok = 35.95 tok/s  (vs base M=1 70.8 ms/tok = 14.13 tok/s -> 2.54x)
[decode] PREFILL: 1459 positions in 23707.4 ms = 61.5 tok/s (16.249 ms/tok)
[capture] wrote /home/patrickd/s5-capture/agentic-p25-b0.1/c5/cap/shard_p123_s001459.dspc  1459 tok x (3 taps + 1 lm_in) x 4096 = 45.6 MB (32.0 KB/tok)
[probe] wrote 16 draft probes (block=5) to /home/patrickd/s5-capture/agentic-p25-b0.1/c5/cap/drafts_p123_s001459.txt
[spec] decoding 8 tokens (block=5, draft passes=1, adaptK=1.50, prompt=123 s=1460)...
  [margins] 18.53 14.73 11.57 11.98 12.06  K=6
  verify 1: accepted 5/5 (K=6) + correction -> +6 tokens (186.2 ms)  cpos=1465
  [margins] 17.28 13.86 16.33 17.84 13.29  K=6
  verify 2: accepted 5/5 (K=6) + correction -> +6 tokens (172.7 ms)  cpos=1471

[spec] generated 12 tokens over 2 verifies: mean tokens/verify = 6.00 (block=5, max 6)
[spec] tokens: 36319 702 1754 270 14108 1918 554 6731 566 1856 16 455
[spec] SPEC-DECODE: 28.8 ms/tok = 34.74 tok/s  (vs base M=1 70.8 ms/tok = 14.13 tok/s -> 2.46x)
[decode] PREFILL: 1039 positions in 16673.2 ms = 62.3 tok/s (16.047 ms/tok)
[capture] wrote /home/patrickd/s5-capture/agentic-p25-b0.1/c5/cap/shard_p124_s001039.dspc  1039 tok x (3 taps + 1 lm_in) x 4096 = 32.5 MB (32.0 KB/tok)
[probe] wrote 16 draft probes (block=5) to /home/patrickd/s5-capture/agentic-p25-b0.1/c5/cap/drafts_p124_s001039.txt
[spec] decoding 8 tokens (block=5, draft passes=1, adaptK=1.50, prompt=124 s=1040)...
  [margins] 14.47 16.97 12.11 2.79 8.99  K=6
  verify 1: accepted 5/5 (K=6) + correction -> +6 tokens (178.8 ms)  cpos=1045
  [margins] 15.00 14.01 11.29 0.06 1.51  K=4
  verify 2: accepted 3/3 (K=4) + correction -> +4 tokens (140.4 ms)  cpos=1049

[spec] generated 10 tokens over 2 verifies: mean tokens/verify = 5.00 (block=5, max 6)
[spec] tokens: 294 35006 16 12148 14 270 9059 295 35006 63391
[spec] SPEC-DECODE: 35.1 ms/tok = 28.48 tok/s  (vs base M=1 70.8 ms/tok = 14.13 tok/s -> 2.02x)
[decode] PREFILL: 1048 positions in 16844.7 ms = 62.2 tok/s (16.073 ms/tok)
[capture] wrote /home/patrickd/s5-capture/agentic-p25-b0.1/c5/cap/shard_p125_s001048.dspc  1048 tok x (3 taps + 1 lm_in) x 4096 = 32.8 MB (32.0 KB/tok)
[probe] wrote 16 draft probes (block=5) to /home/patrickd/s5-capture/agentic-p25-b0.1/c5/cap/drafts_p125_s001048.txt
[spec] decoding 8 tokens (block=5, draft passes=1, adaptK=1.50, prompt=125 s=1049)...
  [margins] 14.88 11.45 12.03 10.56 11.10  K=6
  verify 1: accepted 5/5 (K=6) + correction -> +6 tokens (176.0 ms)  cpos=1054
  [margins] 12.33 16.59 12.63 11.88 12.54  K=6
  verify 2: accepted 5/5 (K=6) + correction -> +6 tokens (177.8 ms)  cpos=1060

[spec] generated 12 tokens over 2 verifies: mean tokens/verify = 6.00 (block=5, max 6)
[spec] tokens: 3465 4412 5224 282 33647 3913 3395 361 362 1008 295 3291
[spec] SPEC-DECODE: 29.6 ms/tok = 33.74 tok/s  (vs base M=1 70.8 ms/tok = 14.13 tok/s -> 2.39x)
[decode] PREFILL: 1042 positions in 16765.9 ms = 62.1 tok/s (16.090 ms/tok)
[capture] wrote /home/patrickd/s5-capture/agentic-p25-b0.1/c5/cap/shard_p126_s001042.dspc  1042 tok x (3 taps + 1 lm_in) x 4096 = 32.6 MB (32.0 KB/tok)
[probe] wrote 16 draft probes (block=5) to /home/patrickd/s5-capture/agentic-p25-b0.1/c5/cap/drafts_p126_s001042.txt
[spec] decoding 8 tokens (block=5, draft passes=1, adaptK=1.50, prompt=126 s=1043)...
  [margins] 0.32 0.48 1.25 4.54 0.31  K=2
  verify 1: accepted 0/1 (K=2) + correction -> +1 tokens (115.0 ms)  cpos=1043
  [margins] 1.68 1.74 4.34 0.18 0.06  K=4
  verify 2: accepted 0/3 (K=4) + correction -> +1 tokens (144.5 ms)  cpos=1044
  [margins] 2.76 5.68 0.91 0.42 1.45  K=3
  verify 3: accepted 2/2 (K=3) + correction -> +3 tokens (121.8 ms)  cpos=1047
  [margins] 4.98 10.22 8.55 4.30 7.18  K=6
  verify 4: accepted 5/5 (K=6) + correction -> +6 tokens (176.2 ms)  cpos=1053

[spec] generated 11 tokens over 4 verifies: mean tokens/verify = 2.75 (block=5, max 6)
[spec] tokens: 18355 16 8829 23699 295 8077 223 22 26743 223 20
[spec] SPEC-DECODE: 44.2 ms/tok = 22.60 tok/s  (vs base M=1 70.8 ms/tok = 14.13 tok/s -> 1.60x)
[decode] PREFILL: 1376 positions in 22287.2 ms = 61.7 tok/s (16.197 ms/tok)
[capture] wrote /home/patrickd/s5-capture/agentic-p25-b0.1/c5/cap/shard_p127_s001376.dspc  1376 tok x (3 taps + 1 lm_in) x 4096 = 43.0 MB (32.0 KB/tok)
[probe] wrote 16 draft probes (block=5) to /home/patrickd/s5-capture/agentic-p25-b0.1/c5/cap/drafts_p127_s001376.txt
[spec] decoding 8 tokens (block=5, draft passes=1, adaptK=1.50, prompt=127 s=1377)...
  [margins] 15.22 9.35 12.06 6.14 8.99  K=6
  verify 1: accepted 5/5 (K=6) + correction -> +6 tokens (175.3 ms)  cpos=1382
  [margins] 15.32 11.34 17.70 20.16 7.84  K=6
  verify 2: accepted 5/5 (K=6) + correction -> +6 tokens (179.1 ms)  cpos=1388

[spec] generated 12 tokens over 2 verifies: mean tokens/verify = 6.00 (block=5, max 6)
[spec] tokens: 28 1999 344 270 447 15 1302 433 2584 272 734 2934
[spec] SPEC-DECODE: 29.9 ms/tok = 33.49 tok/s  (vs base M=1 70.8 ms/tok = 14.13 tok/s -> 2.37x)
[decode] PREFILL: 1455 positions in 23632.3 ms = 61.6 tok/s (16.242 ms/tok)
[capture] wrote /home/patrickd/s5-capture/agentic-p25-b0.1/c5/cap/shard_p128_s001455.dspc  1455 tok x (3 taps + 1 lm_in) x 4096 = 45.5 MB (32.0 KB/tok)
[probe] wrote 16 draft probes (block=5) to /home/patrickd/s5-capture/agentic-p25-b0.1/c5/cap/drafts_p128_s001455.txt
[spec] decoding 8 tokens (block=5, draft passes=1, adaptK=1.50, prompt=128 s=1456)...
  [margins] 14.71 13.92 15.97 16.82 11.80  K=6
  verify 1: accepted 5/5 (K=6) + correction -> +6 tokens (184.7 ms)  cpos=1461
  [margins] 13.76 16.24 9.48 14.95 13.81  K=6
  verify 2: accepted 5/5 (K=6) + correction -> +6 tokens (170.9 ms)  cpos=1467

[spec] generated 12 tokens over 2 verifies: mean tokens/verify = 6.00 (block=5, max 6)
[spec] tokens: 81116 295 223 3885 27 3504 304 270 34623 294 4495 5602
[spec] SPEC-DECODE: 28.5 ms/tok = 35.10 tok/s  (vs base M=1 70.8 ms/tok = 14.13 tok/s -> 2.48x)
[decode] PREFILL: 1040 positions in 16692.2 ms = 62.3 tok/s (16.050 ms/tok)
[capture] wrote /home/patrickd/s5-capture/agentic-p25-b0.1/c5/cap/shard_p129_s001040.dspc  1040 tok x (3 taps + 1 lm_in) x 4096 = 32.5 MB (32.0 KB/tok)
[probe] wrote 16 draft probes (block=5) to /home/patrickd/s5-capture/agentic-p25-b0.1/c5/cap/drafts_p129_s001040.txt
[spec] decoding 8 tokens (block=5, draft passes=1, adaptK=1.50, prompt=129 s=1041)...
  [margins] 13.74 17.48 23.34 11.00 5.12  K=6
  verify 1: accepted 5/5 (K=6) + correction -> +6 tokens (169.7 ms)  cpos=1046
  [margins] 15.75 24.19 8.88 7.12 11.48  K=6
  verify 2: accepted 5/5 (K=6) + correction -> +6 tokens (172.6 ms)  cpos=1052

[spec] generated 12 tokens over 2 verifies: mean tokens/verify = 6.00 (block=5, max 6)
[spec] tokens: 16 17125 1836 16 30750 16 17125 1836 16 30750 16 17125
[spec] SPEC-DECODE: 28.8 ms/tok = 34.76 tok/s  (vs base M=1 70.8 ms/tok = 14.13 tok/s -> 2.46x)
[decode] PREFILL: 1078 positions in 17340.2 ms = 62.2 tok/s (16.086 ms/tok)
[capture] wrote /home/patrickd/s5-capture/agentic-p25-b0.1/c5/cap/shard_p130_s001078.dspc  1078 tok x (3 taps + 1 lm_in) x 4096 = 33.7 MB (32.0 KB/tok)
[probe] wrote 16 draft probes (block=5) to /home/patrickd/s5-capture/agentic-p25-b0.1/c5/cap/drafts_p130_s001078.txt
[spec] decoding 8 tokens (block=5, draft passes=1, adaptK=1.50, prompt=130 s=1079)...
  [margins] 19.92 16.17 16.07 11.89 9.08  K=6
  verify 1: accepted 5/5 (K=6) + correction -> +6 tokens (180.0 ms)  cpos=1084
  [margins] 19.79 15.44 15.27 5.05 4.76  K=6
  verify 2: accepted 5/5 (K=6) + correction -> +6 tokens (171.3 ms)  cpos=1090

[spec] generated 12 tokens over 2 verifies: mean tokens/verify = 6.00 (block=5, max 6)
[spec] tokens: 14 8470 3939 16 2052 440 2090 1664 1309 304 1926 260
[spec] SPEC-DECODE: 28.5 ms/tok = 35.03 tok/s  (vs base M=1 70.8 ms/tok = 14.13 tok/s -> 2.48x)
[decode] PREFILL: 2191 positions in 36327.2 ms = 60.3 tok/s (16.580 ms/tok)
[capture] wrote /home/patrickd/s5-capture/agentic-p25-b0.1/c5/cap/shard_p131_s002191.dspc  2191 tok x (3 taps + 1 lm_in) x 4096 = 68.5 MB (32.0 KB/tok)
[probe] wrote 16 draft probes (block=5) to /home/patrickd/s5-capture/agentic-p25-b0.1/c5/cap/drafts_p131_s002191.txt
[spec] decoding 8 tokens (block=5, draft passes=1, adaptK=1.50, prompt=131 s=2192)...
  [margins] 12.90 16.36 14.58 13.84 13.73  K=6
  verify 1: accepted 5/5 (K=6) + correction -> +6 tokens (192.9 ms)  cpos=2197
  [margins] 18.98 15.07 13.93 9.20 6.83  K=6
  verify 2: accepted 5/5 (K=6) + correction -> +6 tokens (175.2 ms)  cpos=2203

[spec] generated 12 tokens over 2 verifies: mean tokens/verify = 6.00 (block=5, max 6)
[spec] tokens: 3509 6424 91 29 12513 601 29 69651 29 29660 29 34533
[spec] SPEC-DECODE: 29.2 ms/tok = 34.25 tok/s  (vs base M=1 70.8 ms/tok = 14.13 tok/s -> 2.42x)
[decode] PREFILL: 1070 positions in 17206.6 ms = 62.2 tok/s (16.081 ms/tok)
[capture] wrote /home/patrickd/s5-capture/agentic-p25-b0.1/c5/cap/shard_p132_s001070.dspc  1070 tok x (3 taps + 1 lm_in) x 4096 = 33.4 MB (32.0 KB/tok)
[probe] wrote 16 draft probes (block=5) to /home/patrickd/s5-capture/agentic-p25-b0.1/c5/cap/drafts_p132_s001070.txt
[spec] decoding 8 tokens (block=5, draft passes=1, adaptK=1.50, prompt=132 s=1071)...
  [margins] 8.64 10.17 17.08 15.05 7.30  K=6
  verify 1: accepted 5/5 (K=6) + correction -> +6 tokens (183.5 ms)  cpos=1076
  [margins] 13.85 18.93 13.68 14.21 6.50  K=6
  verify 2: accepted 5/5 (K=6) + correction -> +6 tokens (173.8 ms)  cpos=1082

[spec] generated 12 tokens over 2 verifies: mean tokens/verify = 6.00 (block=5, max 6)
[spec] tokens: 28031 3814 4 344 16 983 2786 366 260 17089 14 790
[spec] SPEC-DECODE: 29.0 ms/tok = 34.52 tok/s  (vs base M=1 70.8 ms/tok = 14.13 tok/s -> 2.44x)
[decode] PREFILL: 1073 positions in 17273.4 ms = 62.1 tok/s (16.098 ms/tok)
[capture] wrote /home/patrickd/s5-capture/agentic-p25-b0.1/c5/cap/shard_p133_s001073.dspc  1073 tok x (3 taps + 1 lm_in) x 4096 = 33.5 MB (32.0 KB/tok)
[probe] wrote 16 draft probes (block=5) to /home/patrickd/s5-capture/agentic-p25-b0.1/c5/cap/drafts_p133_s001073.txt
[spec] decoding 8 tokens (block=5, draft passes=1, adaptK=1.50, prompt=133 s=1074)...
  [margins] 12.11 14.18 11.56 10.64 4.15  K=6
  verify 1: accepted 5/5 (K=6) + correction -> +6 tokens (175.6 ms)  cpos=1079
  [margins] 15.09 10.82 11.54 11.24 11.19  K=6
  verify 2: accepted 5/5 (K=6) + correction -> +6 tokens (177.0 ms)  cpos=1085

[spec] generated 12 tokens over 2 verifies: mean tokens/verify = 6.00 (block=5, max 6)
[spec] tokens: 16 342 759 554 1926 1117 6704 16 342 759 554 1926
[spec] SPEC-DECODE: 29.5 ms/tok = 33.90 tok/s  (vs base M=1 70.8 ms/tok = 14.13 tok/s -> 2.40x)
[decode] PREFILL: 1379 positions in 22346.9 ms = 61.7 tok/s (16.205 ms/tok)
[capture] wrote /home/patrickd/s5-capture/agentic-p25-b0.1/c5/cap/shard_p134_s001379.dspc  1379 tok x (3 taps + 1 lm_in) x 4096 = 43.1 MB (32.0 KB/tok)
[probe] wrote 16 draft probes (block=5) to /home/patrickd/s5-capture/agentic-p25-b0.1/c5/cap/drafts_p134_s001379.txt
[spec] decoding 8 tokens (block=5, draft passes=1, adaptK=1.50, prompt=134 s=1380)...
  [margins] 18.63 19.09 11.71 12.08 4.38  K=6
  verify 1: accepted 5/5 (K=6) + correction -> +6 tokens (186.5 ms)  cpos=1385
  [margins] 14.88 19.37 8.68 2.38 5.12  K=6
  verify 2: accepted 5/5 (K=6) + correction -> +6 tokens (174.1 ms)  cpos=1391

[spec] generated 12 tokens over 2 verifies: mean tokens/verify = 6.00 (block=5, max 6)
[spec] tokens: 7 294 270 4445 8536 344 67187 1766 343 36 6729 6446
[spec] SPEC-DECODE: 29.0 ms/tok = 34.46 tok/s  (vs base M=1 70.8 ms/tok = 14.13 tok/s -> 2.44x)
[decode] PREFILL: 1069 positions in 17184.3 ms = 62.2 tok/s (16.075 ms/tok)
[capture] wrote /home/patrickd/s5-capture/agentic-p25-b0.1/c5/cap/shard_p135_s001069.dspc  1069 tok x (3 taps + 1 lm_in) x 4096 = 33.4 MB (32.0 KB/tok)
[probe] wrote 16 draft probes (block=5) to /home/patrickd/s5-capture/agentic-p25-b0.1/c5/cap/drafts_p135_s001069.txt
[spec] decoding 8 tokens (block=5, draft passes=1, adaptK=1.50, prompt=135 s=1070)...
  [margins] 12.08 12.08 13.41 9.31 14.84  K=6
  verify 1: accepted 5/5 (K=6) + correction -> +6 tokens (166.7 ms)  cpos=1075
  [margins] 15.80 6.51 14.88 12.98 10.64  K=6
  verify 2: accepted 5/5 (K=6) + correction -> +6 tokens (169.8 ms)  cpos=1081

[spec] generated 12 tokens over 2 verifies: mean tokens/verify = 6.00 (block=5, max 6)
[spec] tokens: 372 7973 5885 271 372 7973 5885 271 372 7973 5885 271
[spec] SPEC-DECODE: 28.3 ms/tok = 35.34 tok/s  (vs base M=1 70.8 ms/tok = 14.13 tok/s -> 2.50x)
[decode] PREFILL: 1048 positions in 16846.5 ms = 62.2 tok/s (16.075 ms/tok)
[capture] wrote /home/patrickd/s5-capture/agentic-p25-b0.1/c5/cap/shard_p136_s001048.dspc  1048 tok x (3 taps + 1 lm_in) x 4096 = 32.8 MB (32.0 KB/tok)
[probe] wrote 16 draft probes (block=5) to /home/patrickd/s5-capture/agentic-p25-b0.1/c5/cap/drafts_p136_s001048.txt
[spec] decoding 8 tokens (block=5, draft passes=1, adaptK=1.50, prompt=136 s=1049)...
  [margins] 15.27 12.17 15.00 15.22 13.97  K=6
  verify 1: accepted 5/5 (K=6) + correction -> +6 tokens (170.2 ms)  cpos=1054
  [margins] 10.91 15.60 15.97 14.69 14.76  K=6
  verify 2: accepted 5/5 (K=6) + correction -> +6 tokens (170.5 ms)  cpos=1060

[spec] generated 12 tokens over 2 verifies: mean tokens/verify = 6.00 (block=5, max 6)
[spec] tokens: 1089 16 5849 69 16 1089 16 5849 69 16 1089 16
[spec] SPEC-DECODE: 28.4 ms/tok = 35.20 tok/s  (vs base M=1 70.8 ms/tok = 14.13 tok/s -> 2.49x)
[decode] PREFILL: 1039 positions in 16690.1 ms = 62.3 tok/s (16.064 ms/tok)
[capture] wrote /home/patrickd/s5-capture/agentic-p25-b0.1/c5/cap/shard_p137_s001039.dspc  1039 tok x (3 taps + 1 lm_in) x 4096 = 32.5 MB (32.0 KB/tok)
[probe] wrote 16 draft probes (block=5) to /home/patrickd/s5-capture/agentic-p25-b0.1/c5/cap/drafts_p137_s001039.txt
[spec] decoding 8 tokens (block=5, draft passes=1, adaptK=1.50, prompt=137 s=1040)...
  [margins] 3.67 13.19 13.06 12.11 13.43  K=6
  verify 1: accepted 5/5 (K=6) + correction -> +6 tokens (177.6 ms)  cpos=1045
  [margins] 14.83 15.03 12.38 12.69 5.96  K=6
  verify 2: accepted 5/5 (K=6) + correction -> +6 tokens (167.1 ms)  cpos=1051

[spec] generated 12 tokens over 2 verifies: mean tokens/verify = 6.00 (block=5, max 6)
[spec] tokens: 50 1925 84 3749 11 50 1925 84 3749 11 50 1925
[spec] SPEC-DECODE: 27.8 ms/tok = 35.91 tok/s  (vs base M=1 70.8 ms/tok = 14.13 tok/s -> 2.54x)
[decode] PREFILL: 1109 positions in 17845.7 ms = 62.1 tok/s (16.092 ms/tok)
[capture] wrote /home/patrickd/s5-capture/agentic-p25-b0.1/c5/cap/shard_p138_s001109.dspc  1109 tok x (3 taps + 1 lm_in) x 4096 = 34.7 MB (32.0 KB/tok)
[probe] wrote 16 draft probes (block=5) to /home/patrickd/s5-capture/agentic-p25-b0.1/c5/cap/drafts_p138_s001109.txt
[spec] decoding 8 tokens (block=5, draft passes=1, adaptK=1.50, prompt=138 s=1110)...
  [margins] 15.71 15.93 13.33 3.23 7.77  K=6
  verify 1: accepted 3/5 (K=6) + correction -> +4 tokens (169.8 ms)  cpos=1113
  [margins] 15.35 15.86 14.77 1.32 9.16  K=4
  verify 2: accepted 3/3 (K=4) + correction -> +4 tokens (136.5 ms)  cpos=1117

[spec] generated 8 tokens over 2 verifies: mean tokens/verify = 4.00 (block=5, max 6)
[spec] tokens: 3749 11 3749 11 3749 11 3749 11
[spec] SPEC-DECODE: 34.1 ms/tok = 29.31 tok/s  (vs base M=1 70.8 ms/tok = 14.13 tok/s -> 2.07x)
[decode] PREFILL: 1080 positions in 17576.7 ms = 61.4 tok/s (16.275 ms/tok)
[capture] wrote /home/patrickd/s5-capture/agentic-p25-b0.1/c5/cap/shard_p139_s001080.dspc  1080 tok x (3 taps + 1 lm_in) x 4096 = 33.8 MB (32.0 KB/tok)
[probe] wrote 16 draft probes (block=5) to /home/patrickd/s5-capture/agentic-p25-b0.1/c5/cap/drafts_p139_s001080.txt
[spec] decoding 8 tokens (block=5, draft passes=1, adaptK=1.50, prompt=139 s=1081)...
  [margins] 15.26 14.23 13.81 7.23 3.01  K=6
  verify 1: accepted 5/5 (K=6) + correction -> +6 tokens (176.2 ms)  cpos=1086
  [margins] 13.94 17.60 15.48 12.56 9.36  K=6
  verify 2: accepted 5/5 (K=6) + correction -> +6 tokens (176.0 ms)  cpos=1092

[spec] generated 12 tokens over 2 verifies: mean tokens/verify = 6.00 (block=5, max 6)
[spec] tokens: 1926 1117 6704 16 33107 14 696 554 1926 1117 6704 16
[spec] SPEC-DECODE: 29.3 ms/tok = 34.09 tok/s  (vs base M=1 70.8 ms/tok = 14.13 tok/s -> 2.41x)
[decode] PREFILL: 1151 positions in 18541.9 ms = 62.1 tok/s (16.109 ms/tok)
[capture] wrote /home/patrickd/s5-capture/agentic-p25-b0.1/c5/cap/shard_p140_s001151.dspc  1151 tok x (3 taps + 1 lm_in) x 4096 = 36.0 MB (32.0 KB/tok)
[probe] wrote 16 draft probes (block=5) to /home/patrickd/s5-capture/agentic-p25-b0.1/c5/cap/drafts_p140_s001151.txt
[spec] decoding 8 tokens (block=5, draft passes=1, adaptK=1.50, prompt=140 s=1152)...
  [margins] 16.44 14.31 12.64 11.60 10.51  K=6
  verify 1: accepted 5/5 (K=6) + correction -> +6 tokens (186.5 ms)  cpos=1157
  [margins] 17.27 18.92 14.40 12.26 11.18  K=6
  verify 2: accepted 5/5 (K=6) + correction -> +6 tokens (160.3 ms)  cpos=1163

[spec] generated 12 tokens over 2 verifies: mean tokens/verify = 6.00 (block=5, max 6)
[spec] tokens: 456 456 456 456 456 456 456 456 456 456 456 16
[spec] SPEC-DECODE: 26.7 ms/tok = 37.42 tok/s  (vs base M=1 70.8 ms/tok = 14.13 tok/s -> 2.65x)
[decode] PREFILL: 1083 positions in 17405.5 ms = 62.2 tok/s (16.072 ms/tok)
[capture] wrote /home/patrickd/s5-capture/agentic-p25-b0.1/c5/cap/shard_p141_s001083.dspc  1083 tok x (3 taps + 1 lm_in) x 4096 = 33.8 MB (32.0 KB/tok)
[probe] wrote 16 draft probes (block=5) to /home/patrickd/s5-capture/agentic-p25-b0.1/c5/cap/drafts_p141_s001083.txt
[spec] decoding 8 tokens (block=5, draft passes=1, adaptK=1.50, prompt=141 s=1084)...
  [margins] 15.02 18.92 15.38 12.95 15.74  K=6
  verify 1: accepted 5/5 (K=6) + correction -> +6 tokens (180.5 ms)  cpos=1089
  [margins] 15.49 19.39 15.70 14.35 14.08  K=6
  verify 2: accepted 5/5 (K=6) + correction -> +6 tokens (168.4 ms)  cpos=1095

[spec] generated 12 tokens over 2 verifies: mean tokens/verify = 6.00 (block=5, max 6)
[spec] tokens: 6000 22138 16 319 59353 16 6000 22138 16 319 59353 16
[spec] SPEC-DECODE: 28.1 ms/tok = 35.62 tok/s  (vs base M=1 70.8 ms/tok = 14.13 tok/s -> 2.52x)
[decode] PREFILL: 1921 positions in 31658.3 ms = 60.7 tok/s (16.480 ms/tok)
[capture] wrote /home/patrickd/s5-capture/agentic-p25-b0.1/c5/cap/shard_p142_s001921.dspc  1921 tok x (3 taps + 1 lm_in) x 4096 = 60.0 MB (32.0 KB/tok)
[probe] wrote 16 draft probes (block=5) to /home/patrickd/s5-capture/agentic-p25-b0.1/c5/cap/drafts_p142_s001921.txt
[spec] decoding 8 tokens (block=5, draft passes=1, adaptK=1.50, prompt=142 s=1922)...
  [margins] 16.20 12.77 4.47 1.65 2.50  K=6
  verify 1: accepted 3/5 (K=6) + correction -> +4 tokens (185.8 ms)  cpos=1925
  [margins] 10.23 7.36 7.61 7.03 6.51  K=6
  verify 2: accepted 5/5 (K=6) + correction -> +6 tokens (178.3 ms)  cpos=1931

[spec] generated 10 tokens over 2 verifies: mean tokens/verify = 5.00 (block=5, max 6)
[spec] tokens: 1484 16 46564 294 270 68534 19738 8361 304 4600
[spec] SPEC-DECODE: 29.7 ms/tok = 33.65 tok/s  (vs base M=1 70.8 ms/tok = 14.13 tok/s -> 2.38x)
[decode] PREFILL: 1399 positions in 22670.9 ms = 61.7 tok/s (16.205 ms/tok)
[capture] wrote /home/patrickd/s5-capture/agentic-p25-b0.1/c5/cap/shard_p143_s001399.dspc  1399 tok x (3 taps + 1 lm_in) x 4096 = 43.7 MB (32.0 KB/tok)
[probe] wrote 16 draft probes (block=5) to /home/patrickd/s5-capture/agentic-p25-b0.1/c5/cap/drafts_p143_s001399.txt
[spec] decoding 8 tokens (block=5, draft passes=1, adaptK=1.50, prompt=143 s=1400)...
  [margins] 17.67 14.38 20.07 10.98 4.99  K=6
  verify 1: accepted 5/5 (K=6) + correction -> +6 tokens (182.3 ms)  cpos=1405
  [margins] 16.09 17.17 13.45 15.09 8.49  K=6
  verify 2: accepted 5/5 (K=6) + correction -> +6 tokens (187.7 ms)  cpos=1411

[spec] generated 12 tokens over 2 verifies: mean tokens/verify = 6.00 (block=5, max 6)
[spec] tokens: 14 74954 38172 271 671 3287 344 28 345 25279 38172 14
[spec] SPEC-DECODE: 31.3 ms/tok = 31.96 tok/s  (vs base M=1 70.8 ms/tok = 14.13 tok/s -> 2.26x)
[decode] PREFILL: 1050 positions in 16877.3 ms = 62.2 tok/s (16.074 ms/tok)
[capture] wrote /home/patrickd/s5-capture/agentic-p25-b0.1/c5/cap/shard_p144_s001050.dspc  1050 tok x (3 taps + 1 lm_in) x 4096 = 32.8 MB (32.0 KB/tok)
[probe] wrote 16 draft probes (block=5) to /home/patrickd/s5-capture/agentic-p25-b0.1/c5/cap/drafts_p144_s001050.txt
[spec] decoding 8 tokens (block=5, draft passes=1, adaptK=1.50, prompt=144 s=1051)...
  [margins] 13.18 5.67 11.57 9.49 8.97  K=6
  verify 1: accepted 5/5 (K=6) + correction -> +6 tokens (181.2 ms)  cpos=1056
  [margins] 14.48 16.45 12.61 11.18 12.22  K=6
  verify 2: accepted 5/5 (K=6) + correction -> +6 tokens (170.6 ms)  cpos=1062

[spec] generated 12 tokens over 2 verifies: mean tokens/verify = 6.00 (block=5, max 6)
[spec] tokens: 28179 16 455 4632 2740 40107 223 553 1737 16 455 3051
[spec] SPEC-DECODE: 28.4 ms/tok = 35.17 tok/s  (vs base M=1 70.8 ms/tok = 14.13 tok/s -> 2.49x)
[decode] PREFILL: 1041 positions in 16741.9 ms = 62.2 tok/s (16.082 ms/tok)
[capture] wrote /home/patrickd/s5-capture/agentic-p25-b0.1/c5/cap/shard_p145_s001041.dspc  1041 tok x (3 taps + 1 lm_in) x 4096 = 32.5 MB (32.0 KB/tok)
[probe] wrote 16 draft probes (block=5) to /home/patrickd/s5-capture/agentic-p25-b0.1/c5/cap/drafts_p145_s001041.txt
[spec] decoding 8 tokens (block=5, draft passes=1, adaptK=1.50, prompt=145 s=1042)...
  [margins] 8.41 3.89 2.15 4.07 1.32  K=5
  verify 1: accepted 2/4 (K=5) + correction -> +3 tokens (156.5 ms)  cpos=1044
  [margins] 14.94 4.56 1.37 2.01 0.58  K=3
  verify 2: accepted 2/2 (K=3) + correction -> +3 tokens (121.2 ms)  cpos=1047
  [margins] 13.33 1.78 1.16 1.51 1.06  K=3
  verify 3: accepted 1/2 (K=3) + correction -> +2 tokens (123.4 ms)  cpos=1049

[spec] generated 8 tokens over 3 verifies: mean tokens/verify = 2.67 (block=5, max 6)
[spec] tokens: 294 260 380 28194 65795 9114 271 22188
[spec] SPEC-DECODE: 48.9 ms/tok = 20.44 tok/s  (vs base M=1 70.8 ms/tok = 14.13 tok/s -> 1.45x)
[decode] PREFILL: 1089 positions in 17524.5 ms = 62.1 tok/s (16.092 ms/tok)
[capture] wrote /home/patrickd/s5-capture/agentic-p25-b0.1/c5/cap/shard_p146_s001089.dspc  1089 tok x (3 taps + 1 lm_in) x 4096 = 34.0 MB (32.0 KB/tok)
[probe] wrote 16 draft probes (block=5) to /home/patrickd/s5-capture/agentic-p25-b0.1/c5/cap/drafts_p146_s001089.txt
[spec] decoding 8 tokens (block=5, draft passes=1, adaptK=1.50, prompt=146 s=1090)...
  [margins] 9.22 11.43 12.16 10.31 10.43  K=6
  verify 1: accepted 5/5 (K=6) + correction -> +6 tokens (173.3 ms)  cpos=1095
  [margins] 9.49 11.70 12.89 10.65 10.38  K=6
  verify 2: accepted 5/5 (K=6) + correction -> +6 tokens (175.0 ms)  cpos=1101

[spec] generated 12 tokens over 2 verifies: mean tokens/verify = 6.00 (block=5, max 6)
[spec] tokens: 20 28 36832 201 9832 223 20 28 36832 201 9832 223
[spec] SPEC-DECODE: 29.2 ms/tok = 34.29 tok/s  (vs base M=1 70.8 ms/tok = 14.13 tok/s -> 2.43x)
[decode] PREFILL: 1091 positions in 17553.5 ms = 62.2 tok/s (16.089 ms/tok)
[capture] wrote /home/patrickd/s5-capture/agentic-p25-b0.1/c5/cap/shard_p147_s001091.dspc  1091 tok x (3 taps + 1 lm_in) x 4096 = 34.1 MB (32.0 KB/tok)
[probe] wrote 16 draft probes (block=5) to /home/patrickd/s5-capture/agentic-p25-b0.1/c5/cap/drafts_p147_s001091.txt
[spec] decoding 8 tokens (block=5, draft passes=1, adaptK=1.50, prompt=147 s=1092)...
  [margins] 17.44 11.44 9.27 15.30 12.64  K=6
  verify 1: accepted 5/5 (K=6) + correction -> +6 tokens (184.0 ms)  cpos=1097
  [margins] 16.24 11.98 11.63 15.45 14.70  K=6
  verify 2: accepted 5/5 (K=6) + correction -> +6 tokens (172.1 ms)  cpos=1103

[spec] generated 12 tokens over 2 verifies: mean tokens/verify = 6.00 (block=5, max 6)
[spec] tokens: 94679 16 455 2019 1531 366 3452 16 455 2019 1531 366
[spec] SPEC-DECODE: 28.7 ms/tok = 34.86 tok/s  (vs base M=1 70.8 ms/tok = 14.13 tok/s -> 2.47x)
[decode] PREFILL: 1115 positions in 17934.4 ms = 62.2 tok/s (16.085 ms/tok)
[capture] wrote /home/patrickd/s5-capture/agentic-p25-b0.1/c5/cap/shard_p148_s001115.dspc  1115 tok x (3 taps + 1 lm_in) x 4096 = 34.8 MB (32.0 KB/tok)
[probe] wrote 16 draft probes (block=5) to /home/patrickd/s5-capture/agentic-p25-b0.1/c5/cap/drafts_p148_s001115.txt
[spec] decoding 8 tokens (block=5, draft passes=1, adaptK=1.50, prompt=148 s=1116)...
  [margins] 15.56 16.27 13.10 11.88 12.84  K=6
  verify 1: accepted 5/5 (K=6) + correction -> +6 tokens (177.4 ms)  cpos=1121
  [margins] 15.37 16.34 13.59 11.27 13.44  K=6
  verify 2: accepted 5/5 (K=6) + correction -> +6 tokens (166.1 ms)  cpos=1127

[spec] generated 12 tokens over 2 verifies: mean tokens/verify = 6.00 (block=5, max 6)
[spec] tokens: 31 18 88 31 18 88 31 18 88 31 18 88
[spec] SPEC-DECODE: 27.7 ms/tok = 36.12 tok/s  (vs base M=1 70.8 ms/tok = 14.13 tok/s -> 2.56x)
[decode] PREFILL: 1377 positions in 22334.1 ms = 61.7 tok/s (16.219 ms/tok)
[capture] wrote /home/patrickd/s5-capture/agentic-p25-b0.1/c5/cap/shard_p149_s001377.dspc  1377 tok x (3 taps + 1 lm_in) x 4096 = 43.0 MB (32.0 KB/tok)
[probe] wrote 16 draft probes (block=5) to /home/patrickd/s5-capture/agentic-p25-b0.1/c5/cap/drafts_p149_s001377.txt
[spec] decoding 8 tokens (block=5, draft passes=1, adaptK=1.50, prompt=149 s=1378)...
  [margins] 9.89 14.36 12.50 12.12 16.08  K=6
  verify 1: accepted 5/5 (K=6) + correction -> +6 tokens (180.1 ms)  cpos=1383
  [margins] 20.22 10.08 15.07 11.40 11.93  K=6
  verify 2: accepted 5/5 (K=6) + correction -> +6 tokens (178.2 ms)  cpos=1389

[spec] generated 12 tokens over 2 verifies: mean tokens/verify = 6.00 (block=5, max 6)
[spec] tokens: 797 455 3287 344 6253 343 38 797 455 3287 344 6253
[spec] SPEC-DECODE: 29.7 ms/tok = 33.67 tok/s  (vs base M=1 70.8 ms/tok = 14.13 tok/s -> 2.38x)
[decode] PREFILL: 1706 positions in 27913.2 ms = 61.1 tok/s (16.362 ms/tok)
[capture] wrote /home/patrickd/s5-capture/agentic-p25-b0.1/c5/cap/shard_p150_s001706.dspc  1706 tok x (3 taps + 1 lm_in) x 4096 = 53.3 MB (32.0 KB/tok)
[probe] wrote 16 draft probes (block=5) to /home/patrickd/s5-capture/agentic-p25-b0.1/c5/cap/drafts_p150_s001706.txt
[spec] decoding 8 tokens (block=5, draft passes=1, adaptK=1.50, prompt=150 s=1707)...
  [margins] 13.10 16.55 6.55 12.29 11.31  K=6
  verify 1: accepted 5/5 (K=6) + correction -> +6 tokens (179.8 ms)  cpos=1712
  [margins] 13.58 16.74 7.42 12.44 12.16  K=6
  verify 2: accepted 5/5 (K=6) + correction -> +6 tokens (168.9 ms)  cpos=1718

[spec] generated 12 tokens over 2 verifies: mean tokens/verify = 6.00 (block=5, max 6)
[spec] tokens: 11628 86 16 11628 86 16 11628 86 16 11628 86 16
[spec] SPEC-DECODE: 28.2 ms/tok = 35.52 tok/s  (vs base M=1 70.8 ms/tok = 14.13 tok/s -> 2.51x)
[decode] PREFILL: 1120 positions in 18002.9 ms = 62.2 tok/s (16.074 ms/tok)
[capture] wrote /home/patrickd/s5-capture/agentic-p25-b0.1/c5/cap/shard_p151_s001120.dspc  1120 tok x (3 taps + 1 lm_in) x 4096 = 35.0 MB (32.0 KB/tok)
[probe] wrote 16 draft probes (block=5) to /home/patrickd/s5-capture/agentic-p25-b0.1/c5/cap/drafts_p151_s001120.txt
[spec] decoding 8 tokens (block=5, draft passes=1, adaptK=1.50, prompt=151 s=1121)...
  [margins] 9.29 13.13 4.77 12.50 5.35  K=6
  verify 1: accepted 5/5 (K=6) + correction -> +6 tokens (164.0 ms)  cpos=1126
  [margins] 8.66 13.13 4.91 12.57 5.14  K=6
  verify 2: accepted 5/5 (K=6) + correction -> +6 tokens (165.2 ms)  cpos=1132

[spec] generated 12 tokens over 2 verifies: mean tokens/verify = 6.00 (block=5, max 6)
[spec] tokens: 271 82 271 82 271 82 271 82 271 82 271 82
[spec] SPEC-DECODE: 27.5 ms/tok = 36.32 tok/s  (vs base M=1 70.8 ms/tok = 14.13 tok/s -> 2.57x)
[decode] PREFILL: 1138 positions in 18331.0 ms = 62.1 tok/s (16.108 ms/tok)
[capture] wrote /home/patrickd/s5-capture/agentic-p25-b0.1/c5/cap/shard_p152_s001138.dspc  1138 tok x (3 taps + 1 lm_in) x 4096 = 35.6 MB (32.0 KB/tok)
[probe] wrote 16 draft probes (block=5) to /home/patrickd/s5-capture/agentic-p25-b0.1/c5/cap/drafts_p152_s001138.txt
[spec] decoding 8 tokens (block=5, draft passes=1, adaptK=1.50, prompt=152 s=1139)...
  [margins] 7.48 9.28 11.48 4.42 7.06  K=6
  verify 1: accepted 5/5 (K=6) + correction -> +6 tokens (177.2 ms)  cpos=1144
  [margins] 3.29 4.44 10.91 4.58 6.84  K=6
  verify 2: accepted 5/5 (K=6) + correction -> +6 tokens (169.4 ms)  cpos=1150

[spec] generated 12 tokens over 2 verifies: mean tokens/verify = 6.00 (block=5, max 6)
[spec] tokens: 86176 14 1119 6712 3051 16 44338 14 1119 6712 3051 16
[spec] SPEC-DECODE: 28.2 ms/tok = 35.42 tok/s  (vs base M=1 70.8 ms/tok = 14.13 tok/s -> 2.51x)
[decode] PREFILL: 1077 positions in 17333.4 ms = 62.1 tok/s (16.094 ms/tok)
[capture] wrote /home/patrickd/s5-capture/agentic-p25-b0.1/c5/cap/shard_p153_s001077.dspc  1077 tok x (3 taps + 1 lm_in) x 4096 = 33.7 MB (32.0 KB/tok)
[probe] wrote 16 draft probes (block=5) to /home/patrickd/s5-capture/agentic-p25-b0.1/c5/cap/drafts_p153_s001077.txt
[spec] decoding 8 tokens (block=5, draft passes=1, adaptK=1.50, prompt=153 s=1078)...
  [margins] 4.79 4.33 8.31 10.93 6.11  K=6
  verify 1: accepted 5/5 (K=6) + correction -> +6 tokens (177.2 ms)  cpos=1083
  [margins] 3.87 9.18 12.29 10.05 6.08  K=6
  verify 2: accepted 5/5 (K=6) + correction -> +6 tokens (178.9 ms)  cpos=1089

[spec] generated 12 tokens over 2 verifies: mean tokens/verify = 6.00 (block=5, max 6)
[spec] tokens: 3184 10384 734 9070 1359 16 10384 734 9070 1359 14 582
[spec] SPEC-DECODE: 29.8 ms/tok = 33.53 tok/s  (vs base M=1 70.8 ms/tok = 14.13 tok/s -> 2.37x)
[decode] PREFILL: 1042 positions in 16749.2 ms = 62.2 tok/s (16.074 ms/tok)
[capture] wrote /home/patrickd/s5-capture/agentic-p25-b0.1/c5/cap/shard_p154_s001042.dspc  1042 tok x (3 taps + 1 lm_in) x 4096 = 32.6 MB (32.0 KB/tok)
[probe] wrote 16 draft probes (block=5) to /home/patrickd/s5-capture/agentic-p25-b0.1/c5/cap/drafts_p154_s001042.txt
[spec] decoding 8 tokens (block=5, draft passes=1, adaptK=1.50, prompt=154 s=1043)...
  [margins] 16.99 13.51 10.83 11.90 12.08  K=6
  verify 1: accepted 5/5 (K=6) + correction -> +6 tokens (179.7 ms)  cpos=1048
  [margins] 19.98 16.79 14.66 8.42 10.99  K=6
  verify 2: accepted 5/5 (K=6) + correction -> +6 tokens (169.7 ms)  cpos=1054

[spec] generated 12 tokens over 2 verifies: mean tokens/verify = 6.00 (block=5, max 6)
[spec] tokens: 774 8867 16 8427 14 270 3287 344 13026 16 455 15363
[spec] SPEC-DECODE: 28.3 ms/tok = 35.35 tok/s  (vs base M=1 70.8 ms/tok = 14.13 tok/s -> 2.50x)
[decode] PREFILL: 1064 positions in 17101.8 ms = 62.2 tok/s (16.073 ms/tok)
[capture] wrote /home/patrickd/s5-capture/agentic-p25-b0.1/c5/cap/shard_p155_s001064.dspc  1064 tok x (3 taps + 1 lm_in) x 4096 = 33.3 MB (32.0 KB/tok)
[probe] wrote 16 draft probes (block=5) to /home/patrickd/s5-capture/agentic-p25-b0.1/c5/cap/drafts_p155_s001064.txt
[spec] decoding 8 tokens (block=5, draft passes=1, adaptK=1.50, prompt=155 s=1065)...
  [margins] 13.25 13.52 13.54 12.80 14.42  K=6
  verify 1: accepted 5/5 (K=6) + correction -> +6 tokens (165.1 ms)  cpos=1070
  [margins] 14.11 13.90 13.82 12.84 14.52  K=6
  verify 2: accepted 5/5 (K=6) + correction -> +6 tokens (168.7 ms)  cpos=1076

[spec] generated 12 tokens over 2 verifies: mean tokens/verify = 6.00 (block=5, max 6)
[spec] tokens: 339 103567 2909 339 103567 2909 339 103567 2909 339 103567 2909
[spec] SPEC-DECODE: 28.1 ms/tok = 35.57 tok/s  (vs base M=1 70.8 ms/tok = 14.13 tok/s -> 2.52x)
[decode] PREFILL: 1434 positions in 23280.6 ms = 61.6 tok/s (16.235 ms/tok)
[capture] wrote /home/patrickd/s5-capture/agentic-p25-b0.1/c5/cap/shard_p156_s001434.dspc  1434 tok x (3 taps + 1 lm_in) x 4096 = 44.8 MB (32.0 KB/tok)
[probe] wrote 16 draft probes (block=5) to /home/patrickd/s5-capture/agentic-p25-b0.1/c5/cap/drafts_p156_s001434.txt
[spec] decoding 8 tokens (block=5, draft passes=1, adaptK=1.50, prompt=156 s=1435)...
  [margins] 14.73 14.29 15.08 3.49 10.17  K=6
  verify 1: accepted 5/5 (K=6) + correction -> +6 tokens (178.2 ms)  cpos=1440
  [margins] 14.63 15.34 15.00 5.53 11.17  K=6
  verify 2: accepted 5/5 (K=6) + correction -> +6 tokens (165.2 ms)  cpos=1446

[spec] generated 12 tokens over 2 verifies: mean tokens/verify = 6.00 (block=5, max 6)
[spec] tokens: 3749 11 3749 11 3749 11 3749 11 3749 11 3749 11
[spec] SPEC-DECODE: 27.5 ms/tok = 36.33 tok/s  (vs base M=1 70.8 ms/tok = 14.13 tok/s -> 2.57x)
[decode] PREFILL: 1178 positions in 18990.4 ms = 62.0 tok/s (16.121 ms/tok)
[capture] wrote /home/patrickd/s5-capture/agentic-p25-b0.1/c5/cap/shard_p157_s001178.dspc  1178 tok x (3 taps + 1 lm_in) x 4096 = 36.8 MB (32.0 KB/tok)
[probe] wrote 16 draft probes (block=5) to /home/patrickd/s5-capture/agentic-p25-b0.1/c5/cap/drafts_p157_s001178.txt
[spec] decoding 8 tokens (block=5, draft passes=1, adaptK=1.50, prompt=157 s=1179)...
  [margins] 16.12 9.89 11.08 12.05 8.61  K=6
  verify 1: accepted 5/5 (K=6) + correction -> +6 tokens (178.0 ms)  cpos=1184
  [margins] 11.28 13.54 14.58 7.47 11.03  K=6
  verify 2: accepted 5/5 (K=6) + correction -> +6 tokens (167.7 ms)  cpos=1190

[spec] generated 12 tokens over 2 verifies: mean tokens/verify = 6.00 (block=5, max 6)
[spec] tokens: 1911 16 539 56 1911 16 539 56 1911 16 539 56
[spec] SPEC-DECODE: 27.9 ms/tok = 35.78 tok/s  (vs base M=1 70.8 ms/tok = 14.13 tok/s -> 2.53x)
[decode] PREFILL: 1087 positions in 17474.9 ms = 62.2 tok/s (16.076 ms/tok)
[capture] wrote /home/patrickd/s5-capture/agentic-p25-b0.1/c5/cap/shard_p158_s001087.dspc  1087 tok x (3 taps + 1 lm_in) x 4096 = 34.0 MB (32.0 KB/tok)
[probe] wrote 16 draft probes (block=5) to /home/patrickd/s5-capture/agentic-p25-b0.1/c5/cap/drafts_p158_s001087.txt
[spec] decoding 8 tokens (block=5, draft passes=1, adaptK=1.50, prompt=158 s=1088)...
  [margins] 18.80 10.34 12.73 19.36 11.84  K=6
  verify 1: accepted 5/5 (K=6) + correction -> +6 tokens (179.3 ms)  cpos=1093
  [margins] 19.96 14.44 16.73 13.98 10.57  K=6
  verify 2: accepted 5/5 (K=6) + correction -> +6 tokens (170.4 ms)  cpos=1099

[spec] generated 12 tokens over 2 verifies: mean tokens/verify = 6.00 (block=5, max 6)
[spec] tokens: 294 270 3510 6704 343 84924 5351 469 31013 1666 17143 11
[spec] SPEC-DECODE: 28.4 ms/tok = 35.20 tok/s  (vs base M=1 70.8 ms/tok = 14.13 tok/s -> 2.49x)
[decode] PREFILL: 1466 positions in 23818.1 ms = 61.5 tok/s (16.247 ms/tok)
[capture] wrote /home/patrickd/s5-capture/agentic-p25-b0.1/c5/cap/shard_p159_s001466.dspc  1466 tok x (3 taps + 1 lm_in) x 4096 = 45.8 MB (32.0 KB/tok)
[probe] wrote 16 draft probes (block=5) to /home/patrickd/s5-capture/agentic-p25-b0.1/c5/cap/drafts_p159_s001466.txt
[spec] decoding 8 tokens (block=5, draft passes=1, adaptK=1.50, prompt=159 s=1467)...
  [margins] 18.14 14.51 14.07 12.62 8.21  K=6
  verify 1: accepted 5/5 (K=6) + correction -> +6 tokens (183.5 ms)  cpos=1472
  [margins] 21.76 16.51 13.43 13.27 13.23  K=6
  verify 2: accepted 5/5 (K=6) + correction -> +6 tokens (174.0 ms)  cpos=1478

[spec] generated 12 tokens over 2 verifies: mean tokens/verify = 6.00 (block=5, max 6)
[spec] tokens: 377 270 30368 16 455 103123 4495 14263 343 643 23 14
[spec] SPEC-DECODE: 29.0 ms/tok = 34.47 tok/s  (vs base M=1 70.8 ms/tok = 14.13 tok/s -> 2.44x)
[decode] PREFILL: 1532 positions in 24923.4 ms = 61.5 tok/s (16.269 ms/tok)
[capture] wrote /home/patrickd/s5-capture/agentic-p25-b0.1/c5/cap/shard_p160_s001532.dspc  1532 tok x (3 taps + 1 lm_in) x 4096 = 47.9 MB (32.0 KB/tok)
[probe] wrote 16 draft probes (block=5) to /home/patrickd/s5-capture/agentic-p25-b0.1/c5/cap/drafts_p160_s001532.txt
[spec] decoding 8 tokens (block=5, draft passes=1, adaptK=1.50, prompt=160 s=1533)...
  [margins] 15.09 17.80 15.57 12.30 11.93  K=6
  verify 1: accepted 5/5 (K=6) + correction -> +6 tokens (193.9 ms)  cpos=1538
  [margins] 19.60 13.10 19.10 11.13 12.22  K=6
  verify 2: accepted 5/5 (K=6) + correction -> +6 tokens (178.4 ms)  cpos=1544

[spec] generated 12 tokens over 2 verifies: mean tokens/verify = 6.00 (block=5, max 6)
[spec] tokens: 479 14 2355 4059 16 455 3287 344 28 15177 1844 14
[spec] SPEC-DECODE: 29.7 ms/tok = 33.64 tok/s  (vs base M=1 70.8 ms/tok = 14.13 tok/s -> 2.38x)
[decode] PREFILL: 1329 positions in 21523.8 ms = 61.7 tok/s (16.195 ms/tok)
[capture] wrote /home/patrickd/s5-capture/agentic-p25-b0.1/c5/cap/shard_p161_s001329.dspc  1329 tok x (3 taps + 1 lm_in) x 4096 = 41.5 MB (32.0 KB/tok)
[probe] wrote 16 draft probes (block=5) to /home/patrickd/s5-capture/agentic-p25-b0.1/c5/cap/drafts_p161_s001329.txt
[spec] decoding 8 tokens (block=5, draft passes=1, adaptK=1.50, prompt=161 s=1330)...
  [margins] 14.16 16.33 10.60 8.28 7.70  K=6
  verify 1: accepted 5/5 (K=6) + correction -> +6 tokens (178.3 ms)  cpos=1335
  [margins] 10.90 9.65 9.57 10.05 10.98  K=6
  verify 2: accepted 5/5 (K=6) + correction -> +6 tokens (178.7 ms)  cpos=1341

[spec] generated 12 tokens over 2 verifies: mean tokens/verify = 6.00 (block=5, max 6)
[spec] tokens: 1918 554 6731 1117 915 15413 16 3749 455 14108 1918 554
[spec] SPEC-DECODE: 29.8 ms/tok = 33.57 tok/s  (vs base M=1 70.8 ms/tok = 14.13 tok/s -> 2.38x)
[decode] PREFILL: 1043 positions in 16773.1 ms = 62.2 tok/s (16.082 ms/tok)
[capture] wrote /home/patrickd/s5-capture/agentic-p25-b0.1/c5/cap/shard_p162_s001043.dspc  1043 tok x (3 taps + 1 lm_in) x 4096 = 32.6 MB (32.0 KB/tok)
[probe] wrote 16 draft probes (block=5) to /home/patrickd/s5-capture/agentic-p25-b0.1/c5/cap/drafts_p162_s001043.txt
[spec] decoding 8 tokens (block=5, draft passes=1, adaptK=1.50, prompt=162 s=1044)...
  [margins] 3.28 7.97 1.60 1.17 0.90  K=4
  verify 1: accepted 3/3 (K=4) + correction -> +4 tokens (139.5 ms)  cpos=1047
  [margins] 3.23 5.39 1.74 3.38 0.48  K=5
  verify 2: accepted 1/4 (K=5) + correction -> +2 tokens (157.8 ms)  cpos=1049
  [margins] 12.88 8.80 6.48 0.34 0.50  K=4
  verify 3: accepted 3/3 (K=4) + correction -> +4 tokens (133.9 ms)  cpos=1053

[spec] generated 10 tokens over 3 verifies: mean tokens/verify = 3.33 (block=5, max 6)
[spec] tokens: 61705 294 48255 3980 10276 84 5809 20617 5809 1124
[spec] SPEC-DECODE: 48.6 ms/tok = 20.57 tok/s  (vs base M=1 70.8 ms/tok = 14.13 tok/s -> 1.46x)
[decode] PREFILL: 1087 positions in 17473.9 ms = 62.2 tok/s (16.075 ms/tok)
[capture] wrote /home/patrickd/s5-capture/agentic-p25-b0.1/c5/cap/shard_p163_s001087.dspc  1087 tok x (3 taps + 1 lm_in) x 4096 = 34.0 MB (32.0 KB/tok)
[probe] wrote 16 draft probes (block=5) to /home/patrickd/s5-capture/agentic-p25-b0.1/c5/cap/drafts_p163_s001087.txt
[spec] decoding 8 tokens (block=5, draft passes=1, adaptK=1.50, prompt=163 s=1088)...
  [margins] 18.17 18.83 14.57 14.41 13.21  K=6
  verify 1: accepted 5/5 (K=6) + correction -> +6 tokens (177.5 ms)  cpos=1093
  [margins] 19.85 15.61 15.33 14.18 14.57  K=6
  verify 2: accepted 5/5 (K=6) + correction -> +6 tokens (167.3 ms)  cpos=1099

[spec] generated 12 tokens over 2 verifies: mean tokens/verify = 6.00 (block=5, max 6)
[spec] tokens: 6000 22138 16 16448 16 6000 22138 16 16448 16 6000 22138
[spec] SPEC-DECODE: 27.9 ms/tok = 35.86 tok/s  (vs base M=1 70.8 ms/tok = 14.13 tok/s -> 2.54x)
[decode] PREFILL: 1037 positions in 16667.0 ms = 62.2 tok/s (16.072 ms/tok)
[capture] wrote /home/patrickd/s5-capture/agentic-p25-b0.1/c5/cap/shard_p164_s001037.dspc  1037 tok x (3 taps + 1 lm_in) x 4096 = 32.4 MB (32.0 KB/tok)
[probe] wrote 16 draft probes (block=5) to /home/patrickd/s5-capture/agentic-p25-b0.1/c5/cap/drafts_p164_s001037.txt
[spec] decoding 8 tokens (block=5, draft passes=1, adaptK=1.50, prompt=164 s=1038)...
  [margins] 13.82 14.21 14.46 2.40 8.63  K=6
  verify 1: accepted 3/5 (K=6) + correction -> +4 tokens (168.0 ms)  cpos=1041
  [margins] 14.22 14.58 14.99 3.32 7.99  K=6
  verify 2: accepted 5/5 (K=6) + correction -> +6 tokens (161.8 ms)  cpos=1047

[spec] generated 10 tokens over 2 verifies: mean tokens/verify = 5.00 (block=5, max 6)
[spec] tokens: 3749 11 3749 11 3749 11 3749 11 3749 11
[spec] SPEC-DECODE: 27.0 ms/tok = 37.08 tok/s  (vs base M=1 70.8 ms/tok = 14.13 tok/s -> 2.62x)
[decode] PREFILL: 1135 positions in 18278.3 ms = 62.1 tok/s (16.104 ms/tok)
[capture] wrote /home/patrickd/s5-capture/agentic-p25-b0.1/c5/cap/shard_p165_s001135.dspc  1135 tok x (3 taps + 1 lm_in) x 4096 = 35.5 MB (32.0 KB/tok)
[probe] wrote 16 draft probes (block=5) to /home/patrickd/s5-capture/agentic-p25-b0.1/c5/cap/drafts_p165_s001135.txt
[spec] decoding 8 tokens (block=5, draft passes=1, adaptK=1.50, prompt=165 s=1136)...
  [margins] 16.28 4.68 4.71 4.85 6.02  K=6
  verify 1: accepted 5/5 (K=6) + correction -> +6 tokens (180.3 ms)  cpos=1141
  [margins] 6.23 2.39 2.24 1.89 2.05  K=6
  verify 2: accepted 3/5 (K=6) + correction -> +4 tokens (170.1 ms)  cpos=1145

[spec] generated 10 tokens over 2 verifies: mean tokens/verify = 5.00 (block=5, max 6)
[spec] tokens: 1047 43737 16 455 22896 588 1522 270 4256 2155
[spec] SPEC-DECODE: 42.5 ms/tok = 23.52 tok/s  (vs base M=1 70.8 ms/tok = 14.13 tok/s -> 1.66x)
[decode] PREFILL: 1172 positions in 18898.0 ms = 62.0 tok/s (16.125 ms/tok)
[capture] wrote /home/patrickd/s5-capture/agentic-p25-b0.1/c5/cap/shard_p166_s001172.dspc  1172 tok x (3 taps + 1 lm_in) x 4096 = 36.6 MB (32.0 KB/tok)
[probe] wrote 16 draft probes (block=5) to /home/patrickd/s5-capture/agentic-p25-b0.1/c5/cap/drafts_p166_s001172.txt
[spec] decoding 8 tokens (block=5, draft passes=1, adaptK=1.50, prompt=166 s=1173)...
  [margins] 17.15 12.48 10.71 10.98 17.19  K=6
  verify 1: accepted 5/5 (K=6) + correction -> +6 tokens (175.4 ms)  cpos=1178
  [margins] 19.51 15.98 15.07 10.88 4.59  K=6
  verify 2: accepted 5/5 (K=6) + correction -> +6 tokens (175.8 ms)  cpos=1184

[spec] generated 12 tokens over 2 verifies: mean tokens/verify = 6.00 (block=5, max 6)
[spec] tokens: 4346 6809 16 455 2019 1531 554 611 1117 5238 6809 16
[spec] SPEC-DECODE: 29.3 ms/tok = 34.14 tok/s  (vs base M=1 70.8 ms/tok = 14.13 tok/s -> 2.42x)
[decode] PREFILL: 1074 positions in 17276.0 ms = 62.2 tok/s (16.086 ms/tok)
[capture] wrote /home/patrickd/s5-capture/agentic-p25-b0.1/c5/cap/shard_p167_s001074.dspc  1074 tok x (3 taps + 1 lm_in) x 4096 = 33.6 MB (32.0 KB/tok)
[probe] wrote 16 draft probes (block=5) to /home/patrickd/s5-capture/agentic-p25-b0.1/c5/cap/drafts_p167_s001074.txt
[spec] decoding 8 tokens (block=5, draft passes=1, adaptK=1.50, prompt=167 s=1075)...
  [margins] 23.22 11.51 11.09 15.71 16.17  K=6
  verify 1: accepted 5/5 (K=6) + correction -> +6 tokens (180.5 ms)  cpos=1080
  [margins] 11.90 14.06 17.38 18.23 15.41  K=6
  verify 2: accepted 5/5 (K=6) + correction -> +6 tokens (167.9 ms)  cpos=1086

[spec] generated 12 tokens over 2 verifies: mean tokens/verify = 6.00 (block=5, max 6)
[spec] tokens: 12446 16 4286 279 755 12446 16 4286 279 755 12446 16
[spec] SPEC-DECODE: 28.0 ms/tok = 35.73 tok/s  (vs base M=1 70.8 ms/tok = 14.13 tok/s -> 2.53x)
[decode] PREFILL: 1069 positions in 17191.1 ms = 62.2 tok/s (16.081 ms/tok)
[capture] wrote /home/patrickd/s5-capture/agentic-p25-b0.1/c5/cap/shard_p168_s001069.dspc  1069 tok x (3 taps + 1 lm_in) x 4096 = 33.4 MB (32.0 KB/tok)
[probe] wrote 16 draft probes (block=5) to /home/patrickd/s5-capture/agentic-p25-b0.1/c5/cap/drafts_p168_s001069.txt
[spec] decoding 8 tokens (block=5, draft passes=1, adaptK=1.50, prompt=168 s=1070)...
  [margins] 17.24 14.72 17.45 12.87 14.56  K=6
  verify 1: accepted 5/5 (K=6) + correction -> +6 tokens (173.7 ms)  cpos=1075
  [margins] 14.20 13.63 12.11 10.53 4.37  K=6
  verify 2: accepted 5/5 (K=6) + correction -> +6 tokens (174.5 ms)  cpos=1081

[spec] generated 12 tokens over 2 verifies: mean tokens/verify = 6.00 (block=5, max 6)
[spec] tokens: 1059 940 223 397 438 223 1892 4786 10276 80 5809 8197
[spec] SPEC-DECODE: 29.1 ms/tok = 34.38 tok/s  (vs base M=1 70.8 ms/tok = 14.13 tok/s -> 2.43x)
[decode] PREFILL: 1407 positions in 22793.0 ms = 61.7 tok/s (16.200 ms/tok)
[capture] wrote /home/patrickd/s5-capture/agentic-p25-b0.1/c5/cap/shard_p169_s001407.dspc  1407 tok x (3 taps + 1 lm_in) x 4096 = 44.0 MB (32.0 KB/tok)
[probe] wrote 16 draft probes (block=5) to /home/patrickd/s5-capture/agentic-p25-b0.1/c5/cap/drafts_p169_s001407.txt
[spec] decoding 8 tokens (block=5, draft passes=1, adaptK=1.50, prompt=169 s=1408)...
  [margins] 14.40 14.66 15.18 0.94 4.06  K=4
  verify 1: accepted 3/3 (K=4) + correction -> +4 tokens (156.9 ms)  cpos=1411
  [margins] 14.11 14.82 15.41 0.87 5.92  K=4
  verify 2: accepted 3/3 (K=4) + correction -> +4 tokens (136.8 ms)  cpos=1415

[spec] generated 8 tokens over 2 verifies: mean tokens/verify = 4.00 (block=5, max 6)
[spec] tokens: 3749 11 3749 11 3749 11 3749 11
[spec] SPEC-DECODE: 34.2 ms/tok = 29.24 tok/s  (vs base M=1 70.8 ms/tok = 14.13 tok/s -> 2.07x)
[decode] PREFILL: 1040 positions in 16689.9 ms = 62.3 tok/s (16.048 ms/tok)
[capture] wrote /home/patrickd/s5-capture/agentic-p25-b0.1/c5/cap/shard_p170_s001040.dspc  1040 tok x (3 taps + 1 lm_in) x 4096 = 32.5 MB (32.0 KB/tok)
[probe] wrote 16 draft probes (block=5) to /home/patrickd/s5-capture/agentic-p25-b0.1/c5/cap/drafts_p170_s001040.txt
[spec] decoding 8 tokens (block=5, draft passes=1, adaptK=1.50, prompt=170 s=1041)...
  [margins] 8.73 5.46 0.76 4.87 7.26  K=3
  verify 1: accepted 2/2 (K=3) + correction -> +3 tokens (126.0 ms)  cpos=1043
  [margins] 8.49 8.83 6.99 14.65 9.31  K=6
  verify 2: accepted 5/5 (K=6) + correction -> +6 tokens (175.2 ms)  cpos=1049

[spec] generated 9 tokens over 2 verifies: mean tokens/verify = 4.50 (block=5, max 6)
[spec] tokens: 20 11859 698 28 582 15480 22116 81723 9359
[spec] SPEC-DECODE: 29.2 ms/tok = 34.24 tok/s  (vs base M=1 70.8 ms/tok = 14.13 tok/s -> 2.42x)
[decode] PREFILL: 1120 positions in 18009.5 ms = 62.2 tok/s (16.080 ms/tok)
[capture] wrote /home/patrickd/s5-capture/agentic-p25-b0.1/c5/cap/shard_p171_s001120.dspc  1120 tok x (3 taps + 1 lm_in) x 4096 = 35.0 MB (32.0 KB/tok)
[probe] wrote 16 draft probes (block=5) to /home/patrickd/s5-capture/agentic-p25-b0.1/c5/cap/drafts_p171_s001120.txt
[spec] decoding 8 tokens (block=5, draft passes=1, adaptK=1.50, prompt=171 s=1121)...
  [margins] 14.37 17.54 8.19 13.56 14.98  K=6
  verify 1: accepted 5/5 (K=6) + correction -> +6 tokens (168.9 ms)  cpos=1126
  [margins] 15.11 18.39 8.84 13.94 15.27  K=6
  verify 2: accepted 5/5 (K=6) + correction -> +6 tokens (171.0 ms)  cpos=1132

[spec] generated 12 tokens over 2 verifies: mean tokens/verify = 6.00 (block=5, max 6)
[spec] tokens: 11628 86 16 11628 86 16 11628 86 16 11628 86 16
[spec] SPEC-DECODE: 28.5 ms/tok = 35.10 tok/s  (vs base M=1 70.8 ms/tok = 14.13 tok/s -> 2.48x)
[decode] PREFILL: 1082 positions in 17409.2 ms = 62.2 tok/s (16.090 ms/tok)
[capture] wrote /home/patrickd/s5-capture/agentic-p25-b0.1/c5/cap/shard_p172_s001082.dspc  1082 tok x (3 taps + 1 lm_in) x 4096 = 33.8 MB (32.0 KB/tok)
[probe] wrote 16 draft probes (block=5) to /home/patrickd/s5-capture/agentic-p25-b0.1/c5/cap/drafts_p172_s001082.txt
[spec] decoding 8 tokens (block=5, draft passes=1, adaptK=1.50, prompt=172 s=1083)...
  [margins] 14.24 1.23 0.74 6.11 2.36  K=2
  verify 1: accepted 1/1 (K=2) + correction -> +2 tokens (113.2 ms)  cpos=1084
  [margins] 2.95 1.58 0.64 2.42 1.05  K=3
  verify 2: accepted 2/2 (K=3) + correction -> +3 tokens (119.4 ms)  cpos=1087
  [margins] 3.39 1.86 2.10 4.23 1.12  K=5
  verify 3: accepted 2/4 (K=5) + correction -> +3 tokens (151.0 ms)  cpos=1090

[spec] generated 8 tokens over 3 verifies: mean tokens/verify = 2.67 (block=5, max 6)
[spec] tokens: 23918 36337 71292 16 117255 31838 85 9440
[spec] SPEC-DECODE: 45.1 ms/tok = 22.19 tok/s  (vs base M=1 70.8 ms/tok = 14.13 tok/s -> 1.57x)
[decode] PREFILL: 1123 positions in 18076.8 ms = 62.1 tok/s (16.097 ms/tok)
[capture] wrote /home/patrickd/s5-capture/agentic-p25-b0.1/c5/cap/shard_p173_s001123.dspc  1123 tok x (3 taps + 1 lm_in) x 4096 = 35.1 MB (32.0 KB/tok)
[probe] wrote 16 draft probes (block=5) to /home/patrickd/s5-capture/agentic-p25-b0.1/c5/cap/drafts_p173_s001123.txt
[spec] decoding 8 tokens (block=5, draft passes=1, adaptK=1.50, prompt=173 s=1124)...
  [margins] 14.08 14.79 14.69 1.40 2.00  K=4
  verify 1: accepted 3/3 (K=4) + correction -> +4 tokens (144.2 ms)  cpos=1127
  [margins] 5.89 12.09 10.89 7.31 6.64  K=6
  verify 2: accepted 5/5 (K=6) + correction -> +6 tokens (175.1 ms)  cpos=1133

[spec] generated 10 tokens over 2 verifies: mean tokens/verify = 5.00 (block=5, max 6)
[spec] tokens: 270 4105 16 82433 27288 14 696 554 1926 270
[spec] SPEC-DECODE: 29.2 ms/tok = 34.26 tok/s  (vs base M=1 70.8 ms/tok = 14.13 tok/s -> 2.42x)
[decode] PREFILL: 1118 positions in 17975.2 ms = 62.2 tok/s (16.078 ms/tok)
[capture] wrote /home/patrickd/s5-capture/agentic-p25-b0.1/c5/cap/shard_p174_s001118.dspc  1118 tok x (3 taps + 1 lm_in) x 4096 = 34.9 MB (32.0 KB/tok)
[probe] wrote 16 draft probes (block=5) to /home/patrickd/s5-capture/agentic-p25-b0.1/c5/cap/drafts_p174_s001118.txt
[spec] decoding 8 tokens (block=5, draft passes=1, adaptK=1.50, prompt=174 s=1119)...
  [margins] 14.21 16.07 13.68 15.27 9.94  K=6
  verify 1: accepted 5/5 (K=6) + correction -> +6 tokens (175.0 ms)  cpos=1124
  [margins] 16.21 16.46 13.80 14.58 8.90  K=6
  verify 2: accepted 5/5 (K=6) + correction -> +6 tokens (168.0 ms)  cpos=1130

[spec] generated 12 tokens over 2 verifies: mean tokens/verify = 6.00 (block=5, max 6)
[spec] tokens: 3749 11 88 4984 3749 11 88 4984 3749 11 88 4984
[spec] SPEC-DECODE: 28.0 ms/tok = 35.72 tok/s  (vs base M=1 70.8 ms/tok = 14.13 tok/s -> 2.53x)
[decode] PREFILL: 1069 positions in 17177.9 ms = 62.2 tok/s (16.069 ms/tok)
[capture] wrote /home/patrickd/s5-capture/agentic-p25-b0.1/c5/cap/shard_p175_s001069.dspc  1069 tok x (3 taps + 1 lm_in) x 4096 = 33.4 MB (32.0 KB/tok)
[probe] wrote 16 draft probes (block=5) to /home/patrickd/s5-capture/agentic-p25-b0.1/c5/cap/drafts_p175_s001069.txt
[spec] decoding 8 tokens (block=5, draft passes=1, adaptK=1.50, prompt=175 s=1070)...
  [margins] 15.30 19.05 15.20 2.43 10.12  K=6
  verify 1: accepted 5/5 (K=6) + correction -> +6 tokens (167.5 ms)  cpos=1075
  [margins] 15.63 18.40 15.20 1.27 8.88  K=4
  verify 2: accepted 3/3 (K=4) + correction -> +4 tokens (135.2 ms)  cpos=1079

[spec] generated 10 tokens over 2 verifies: mean tokens/verify = 5.00 (block=5, max 6)
[spec] tokens: 3749 11 3749 11 3749 11 3749 11 3749 11
[spec] SPEC-DECODE: 33.8 ms/tok = 29.59 tok/s  (vs base M=1 70.8 ms/tok = 14.13 tok/s -> 2.09x)
[decode] PREFILL: 1055 positions in 16933.5 ms = 62.3 tok/s (16.051 ms/tok)
[capture] wrote /home/patrickd/s5-capture/agentic-p25-b0.1/c5/cap/shard_p176_s001055.dspc  1055 tok x (3 taps + 1 lm_in) x 4096 = 33.0 MB (32.0 KB/tok)
[probe] wrote 16 draft probes (block=5) to /home/patrickd/s5-capture/agentic-p25-b0.1/c5/cap/drafts_p176_s001055.txt
[spec] decoding 8 tokens (block=5, draft passes=1, adaptK=1.50, prompt=176 s=1056)...
  [margins] 14.91 15.43 11.08 9.59 12.57  K=6
  verify 1: accepted 5/5 (K=6) + correction -> +6 tokens (179.5 ms)  cpos=1061
  [margins] 12.16 10.61 12.88 11.74 8.94  K=6
  verify 2: accepted 5/5 (K=6) + correction -> +6 tokens (164.9 ms)  cpos=1067

[spec] generated 12 tokens over 2 verifies: mean tokens/verify = 6.00 (block=5, max 6)
[spec] tokens: 1072 5920 3749 82 1072 5920 3749 82 1072 5920 3749 82
[spec] SPEC-DECODE: 27.5 ms/tok = 36.38 tok/s  (vs base M=1 70.8 ms/tok = 14.13 tok/s -> 2.57x)
[decode] PREFILL: 1111 positions in 17882.1 ms = 62.1 tok/s (16.096 ms/tok)
[capture] wrote /home/patrickd/s5-capture/agentic-p25-b0.1/c5/cap/shard_p177_s001111.dspc  1111 tok x (3 taps + 1 lm_in) x 4096 = 34.7 MB (32.0 KB/tok)
[probe] wrote 16 draft probes (block=5) to /home/patrickd/s5-capture/agentic-p25-b0.1/c5/cap/drafts_p177_s001111.txt
[spec] decoding 8 tokens (block=5, draft passes=1, adaptK=1.50, prompt=177 s=1112)...
  [margins] 12.22 14.91 12.21 9.28 11.72  K=6
  verify 1: accepted 5/5 (K=6) + correction -> +6 tokens (184.7 ms)  cpos=1117
  [margins] 14.68 12.37 8.73 19.23 1.07  K=5
  verify 2: accepted 4/4 (K=5) + correction -> +5 tokens (154.9 ms)  cpos=1122

[spec] generated 11 tokens over 2 verifies: mean tokens/verify = 5.50 (block=5, max 6)
[spec] tokens: 344 554 260 4105 16 292 50 14 270 3967 14
[spec] SPEC-DECODE: 31.0 ms/tok = 32.27 tok/s  (vs base M=1 70.8 ms/tok = 14.13 tok/s -> 2.28x)
[decode] PREFILL: 1554 positions in 25342.5 ms = 61.3 tok/s (16.308 ms/tok)
[capture] wrote /home/patrickd/s5-capture/agentic-p25-b0.1/c5/cap/shard_p178_s001554.dspc  1554 tok x (3 taps + 1 lm_in) x 4096 = 48.6 MB (32.0 KB/tok)
[probe] wrote 16 draft probes (block=5) to /home/patrickd/s5-capture/agentic-p25-b0.1/c5/cap/drafts_p178_s001554.txt
[spec] decoding 8 tokens (block=5, draft passes=1, adaptK=1.50, prompt=178 s=1555)...
  [margins] 14.82 14.11 4.79 0.02 6.34  K=4
  verify 1: accepted 3/3 (K=4) + correction -> +4 tokens (148.0 ms)  cpos=1558
  [margins] 14.32 14.48 13.19 6.05 8.37  K=6
  verify 2: accepted 5/5 (K=6) + correction -> +6 tokens (179.0 ms)  cpos=1564

[spec] generated 10 tokens over 2 verifies: mean tokens/verify = 5.00 (block=5, max 6)
[spec] tokens: 1060 270 5181 119616 270 29394 14 1901 270 49306
[spec] SPEC-DECODE: 29.8 ms/tok = 33.53 tok/s  (vs base M=1 70.8 ms/tok = 14.13 tok/s -> 2.37x)
[decode] PREFILL: 1109 positions in 17845.3 ms = 62.1 tok/s (16.091 ms/tok)
[capture] wrote /home/patrickd/s5-capture/agentic-p25-b0.1/c5/cap/shard_p179_s001109.dspc  1109 tok x (3 taps + 1 lm_in) x 4096 = 34.7 MB (32.0 KB/tok)
[probe] wrote 16 draft probes (block=5) to /home/patrickd/s5-capture/agentic-p25-b0.1/c5/cap/drafts_p179_s001109.txt
[spec] decoding 8 tokens (block=5, draft passes=1, adaptK=1.50, prompt=179 s=1110)...
  [margins] 12.78 19.69 13.38 12.51 13.11  K=6
  verify 1: accepted 5/5 (K=6) + correction -> +6 tokens (176.4 ms)  cpos=1115
  [margins] 12.00 22.55 22.30 12.34 7.71  K=6
  verify 2: accepted 5/5 (K=6) + correction -> +6 tokens (175.5 ms)  cpos=1121

[spec] generated 12 tokens over 2 verifies: mean tokens/verify = 6.00 (block=5, max 6)
[spec] tokens: 7684 82 9636 77 19 16 1366 7562 67 16 7684 82
[spec] SPEC-DECODE: 29.3 ms/tok = 34.18 tok/s  (vs base M=1 70.8 ms/tok = 14.13 tok/s -> 2.42x)
[decode] PREFILL: 1151 positions in 18532.5 ms = 62.1 tok/s (16.101 ms/tok)
[capture] wrote /home/patrickd/s5-capture/agentic-p25-b0.1/c5/cap/shard_p180_s001151.dspc  1151 tok x (3 taps + 1 lm_in) x 4096 = 36.0 MB (32.0 KB/tok)
[probe] wrote 16 draft probes (block=5) to /home/patrickd/s5-capture/agentic-p25-b0.1/c5/cap/drafts_p180_s001151.txt
[spec] decoding 8 tokens (block=5, draft passes=1, adaptK=1.50, prompt=180 s=1152)...
  [margins] 19.13 11.89 13.29 12.53 11.78  K=6
  verify 1: accepted 5/5 (K=6) + correction -> +6 tokens (191.1 ms)  cpos=1157
  [margins] 11.84 9.59 17.06 11.66 11.37  K=6
  verify 2: accepted 5/5 (K=6) + correction -> +6 tokens (167.5 ms)  cpos=1163

[spec] generated 12 tokens over 2 verifies: mean tokens/verify = 6.00 (block=5, max 6)
[spec] tokens: 201 105600 201 1631 201 30768 201 19267 201 1805 201 61403
[spec] SPEC-DECODE: 27.9 ms/tok = 35.82 tok/s  (vs base M=1 70.8 ms/tok = 14.13 tok/s -> 2.54x)
[decode] PREFILL: 1194 positions in 19266.5 ms = 62.0 tok/s (16.136 ms/tok)
[capture] wrote /home/patrickd/s5-capture/agentic-p25-b0.1/c5/cap/shard_p181_s001194.dspc  1194 tok x (3 taps + 1 lm_in) x 4096 = 37.3 MB (32.0 KB/tok)
[probe] wrote 16 draft probes (block=5) to /home/patrickd/s5-capture/agentic-p25-b0.1/c5/cap/drafts_p181_s001194.txt
[spec] decoding 8 tokens (block=5, draft passes=1, adaptK=1.50, prompt=181 s=1195)...
  [margins] 7.31 13.36 11.80 7.87 12.69  K=6
  verify 1: accepted 5/5 (K=6) + correction -> +6 tokens (174.3 ms)  cpos=1200
  [margins] 6.83 12.87 12.53 7.05 12.23  K=6
  verify 2: accepted 5/5 (K=6) + correction -> +6 tokens (161.2 ms)  cpos=1206

[spec] generated 12 tokens over 2 verifies: mean tokens/verify = 6.00 (block=5, max 6)
[spec] tokens: 16 4617 272 16 4617 272 16 4617 272 16 4617 272
[spec] SPEC-DECODE: 26.9 ms/tok = 37.22 tok/s  (vs base M=1 70.8 ms/tok = 14.13 tok/s -> 2.63x)
[decode] PREFILL: 1425 positions in 23151.1 ms = 61.6 tok/s (16.246 ms/tok)
[capture] wrote /home/patrickd/s5-capture/agentic-p25-b0.1/c5/cap/shard_p182_s001425.dspc  1425 tok x (3 taps + 1 lm_in) x 4096 = 44.5 MB (32.0 KB/tok)
[probe] wrote 16 draft probes (block=5) to /home/patrickd/s5-capture/agentic-p25-b0.1/c5/cap/drafts_p182_s001425.txt
[spec] decoding 8 tokens (block=5, draft passes=1, adaptK=1.50, prompt=182 s=1426)...
  [margins] 9.94 4.36 6.32 10.65 9.13  K=6
  verify 1: accepted 5/5 (K=6) + correction -> +6 tokens (175.5 ms)  cpos=1431
  [margins] 17.40 14.34 15.65 11.98 14.52  K=6
  verify 2: accepted 5/5 (K=6) + correction -> +6 tokens (176.2 ms)  cpos=1437

[spec] generated 12 tokens over 2 verifies: mean tokens/verify = 6.00 (block=5, max 6)
[spec] tokens: 271 671 3287 344 28 48491 294 8323 17049 362 11047 62092
[spec] SPEC-DECODE: 29.4 ms/tok = 34.06 tok/s  (vs base M=1 70.8 ms/tok = 14.13 tok/s -> 2.41x)
[decode] PREFILL: 1052 positions in 16909.2 ms = 62.2 tok/s (16.073 ms/tok)
[capture] wrote /home/patrickd/s5-capture/agentic-p25-b0.1/c5/cap/shard_p183_s001052.dspc  1052 tok x (3 taps + 1 lm_in) x 4096 = 32.9 MB (32.0 KB/tok)
[probe] wrote 16 draft probes (block=5) to /home/patrickd/s5-capture/agentic-p25-b0.1/c5/cap/drafts_p183_s001052.txt
[spec] decoding 8 tokens (block=5, draft passes=1, adaptK=1.50, prompt=183 s=1053)...
  [margins] 13.82 21.62 16.49 17.01 10.41  K=6
  verify 1: accepted 5/5 (K=6) + correction -> +6 tokens (173.0 ms)  cpos=1058
  [margins] 14.68 13.00 12.08 4.99 9.96  K=6
  verify 2: accepted 5/5 (K=6) + correction -> +6 tokens (172.7 ms)  cpos=1064

[spec] generated 12 tokens over 2 verifies: mean tokens/verify = 6.00 (block=5, max 6)
[spec] tokens: 1924 294 5077 223 792 22 14 270 33357 294 270 6791
[spec] SPEC-DECODE: 28.8 ms/tok = 34.74 tok/s  (vs base M=1 70.8 ms/tok = 14.13 tok/s -> 2.46x)
[decode] PREFILL: 1062 positions in 17075.8 ms = 62.2 tok/s (16.079 ms/tok)
[capture] wrote /home/patrickd/s5-capture/agentic-p25-b0.1/c5/cap/shard_p184_s001062.dspc  1062 tok x (3 taps + 1 lm_in) x 4096 = 33.2 MB (32.0 KB/tok)
[probe] wrote 16 draft probes (block=5) to /home/patrickd/s5-capture/agentic-p25-b0.1/c5/cap/drafts_p184_s001062.txt
[spec] decoding 8 tokens (block=5, draft passes=1, adaptK=1.50, prompt=184 s=1063)...
  [margins] 17.44 15.34 18.55 12.92 8.58  K=6
  verify 1: accepted 5/5 (K=6) + correction -> +6 tokens (178.1 ms)  cpos=1068
  [margins] 13.25 14.78 8.44 9.31 8.72  K=6
  verify 2: accepted 5/5 (K=6) + correction -> +6 tokens (169.6 ms)  cpos=1074

[spec] generated 12 tokens over 2 verifies: mean tokens/verify = 6.00 (block=5, max 6)
[spec] tokens: 10 10602 1503 31 10602 2022 14 4588 11 223 10626 16734
[spec] SPEC-DECODE: 28.3 ms/tok = 35.38 tok/s  (vs base M=1 70.8 ms/tok = 14.13 tok/s -> 2.50x)
[decode] PREFILL: 1177 positions in 18986.0 ms = 62.0 tok/s (16.131 ms/tok)
[capture] wrote /home/patrickd/s5-capture/agentic-p25-b0.1/c5/cap/shard_p185_s001177.dspc  1177 tok x (3 taps + 1 lm_in) x 4096 = 36.8 MB (32.0 KB/tok)
[probe] wrote 16 draft probes (block=5) to /home/patrickd/s5-capture/agentic-p25-b0.1/c5/cap/drafts_p185_s001177.txt
[spec] decoding 8 tokens (block=5, draft passes=1, adaptK=1.50, prompt=185 s=1178)...
  [margins] 10.75 8.98 0.53 5.58 6.52  K=3
  verify 1: accepted 2/2 (K=3) + correction -> +3 tokens (127.6 ms)  cpos=1180
  [margins] 6.56 10.17 9.13 7.85 11.01  K=6
  verify 2: accepted 5/5 (K=6) + correction -> +6 tokens (173.2 ms)  cpos=1186

[spec] generated 9 tokens over 2 verifies: mean tokens/verify = 4.50 (block=5, max 6)
[spec] tokens: 469 2727 3549 16 455 22896 1531 990 5261
[spec] SPEC-DECODE: 28.9 ms/tok = 34.65 tok/s  (vs base M=1 70.8 ms/tok = 14.13 tok/s -> 2.45x)
[decode] PREFILL: 1070 positions in 17201.1 ms = 62.2 tok/s (16.076 ms/tok)
[capture] wrote /home/patrickd/s5-capture/agentic-p25-b0.1/c5/cap/shard_p186_s001070.dspc  1070 tok x (3 taps + 1 lm_in) x 4096 = 33.4 MB (32.0 KB/tok)
[probe] wrote 16 draft probes (block=5) to /home/patrickd/s5-capture/agentic-p25-b0.1/c5/cap/drafts_p186_s001070.txt
[spec] decoding 8 tokens (block=5, draft passes=1, adaptK=1.50, prompt=186 s=1071)...
  [margins] 16.89 15.70 13.32 12.68 11.84  K=6
  verify 1: accepted 5/5 (K=6) + correction -> +6 tokens (182.8 ms)  cpos=1076
  [margins] 9.46 8.73 7.91 10.31 10.04  K=6
  verify 2: accepted 5/5 (K=6) + correction -> +6 tokens (169.1 ms)  cpos=1082

[spec] generated 12 tokens over 2 verifies: mean tokens/verify = 6.00 (block=5, max 6)
[spec] tokens: 4072 14904 362 1660 4105 1926 16 15564 82 14 855 440
[spec] SPEC-DECODE: 28.2 ms/tok = 35.49 tok/s  (vs base M=1 70.8 ms/tok = 14.13 tok/s -> 2.51x)
[decode] PREFILL: 1068 positions in 17169.8 ms = 62.2 tok/s (16.077 ms/tok)
[capture] wrote /home/patrickd/s5-capture/agentic-p25-b0.1/c5/cap/shard_p187_s001068.dspc  1068 tok x (3 taps + 1 lm_in) x 4096 = 33.4 MB (32.0 KB/tok)
[probe] wrote 16 draft probes (block=5) to /home/patrickd/s5-capture/agentic-p25-b0.1/c5/cap/drafts_p187_s001068.txt
[spec] decoding 8 tokens (block=5, draft passes=1, adaptK=1.50, prompt=187 s=1069)...
  [margins] 1.42 7.99 10.93 6.81 9.87  K=6
  verify 1: accepted 0/5 (K=6) + correction -> +1 tokens (171.8 ms)  cpos=1069
  [margins] 7.57 8.84 7.65 9.96 6.44  K=6
  verify 2: accepted 5/5 (K=6) + correction -> +6 tokens (168.4 ms)  cpos=1075
  [margins] 12.10 4.64 8.01 6.49 3.33  K=6
  verify 3: accepted 5/5 (K=6) + correction -> +6 tokens (172.9 ms)  cpos=1081

[spec] generated 13 tokens over 3 verifies: mean tokens/verify = 4.33 (block=5, max 6)
[spec] tokens: 632 14 696 554 1926 270 4105 16 30732 14 696 554 1926
[spec] SPEC-DECODE: 28.4 ms/tok = 35.16 tok/s  (vs base M=1 70.8 ms/tok = 14.13 tok/s -> 2.49x)
[decode] PREFILL: 1046 positions in 16801.7 ms = 62.3 tok/s (16.063 ms/tok)
[capture] wrote /home/patrickd/s5-capture/agentic-p25-b0.1/c5/cap/shard_p188_s001046.dspc  1046 tok x (3 taps + 1 lm_in) x 4096 = 32.7 MB (32.0 KB/tok)
[probe] wrote 16 draft probes (block=5) to /home/patrickd/s5-capture/agentic-p25-b0.1/c5/cap/drafts_p188_s001046.txt
[spec] decoding 8 tokens (block=5, draft passes=1, adaptK=1.50, prompt=188 s=1047)...
  [margins] 12.62 11.91 6.18 9.91 8.49  K=6
  verify 1: accepted 5/5 (K=6) + correction -> +6 tokens (172.3 ms)  cpos=1052
  [margins] 12.79 12.84 7.02 10.28 9.99  K=6
  verify 2: accepted 5/5 (K=6) + correction -> +6 tokens (165.7 ms)  cpos=1058

[spec] generated 12 tokens over 2 verifies: mean tokens/verify = 6.00 (block=5, max 6)
[spec] tokens: 25616 294 270 25616 294 270 25616 294 270 25616 294 270
[spec] SPEC-DECODE: 27.6 ms/tok = 36.20 tok/s  (vs base M=1 70.8 ms/tok = 14.13 tok/s -> 2.56x)
[decode] PREFILL: 1102 positions in 17735.3 ms = 62.1 tok/s (16.094 ms/tok)
[capture] wrote /home/patrickd/s5-capture/agentic-p25-b0.1/c5/cap/shard_p189_s001102.dspc  1102 tok x (3 taps + 1 lm_in) x 4096 = 34.4 MB (32.0 KB/tok)
[probe] wrote 16 draft probes (block=5) to /home/patrickd/s5-capture/agentic-p25-b0.1/c5/cap/drafts_p189_s001102.txt
[spec] decoding 8 tokens (block=5, draft passes=1, adaptK=1.50, prompt=189 s=1103)...
  [margins] 18.15 18.17 15.01 17.42 12.81  K=6
  verify 1: accepted 5/5 (K=6) + correction -> +6 tokens (183.6 ms)  cpos=1108
  [margins] 14.08 19.21 9.42 16.38 17.50  K=6
  verify 2: accepted 5/5 (K=6) + correction -> +6 tokens (173.1 ms)  cpos=1114

[spec] generated 12 tokens over 2 verifies: mean tokens/verify = 6.00 (block=5, max 6)
[spec] tokens: 582 3198 2701 775 7413 775 875 6118 582 2852 3362 582
[spec] SPEC-DECODE: 28.8 ms/tok = 34.67 tok/s  (vs base M=1 70.8 ms/tok = 14.13 tok/s -> 2.45x)
[decode] PREFILL: 1040 positions in 16694.0 ms = 62.3 tok/s (16.052 ms/tok)
[capture] wrote /home/patrickd/s5-capture/agentic-p25-b0.1/c5/cap/shard_p190_s001040.dspc  1040 tok x (3 taps + 1 lm_in) x 4096 = 32.5 MB (32.0 KB/tok)
[probe] wrote 16 draft probes (block=5) to /home/patrickd/s5-capture/agentic-p25-b0.1/c5/cap/drafts_p190_s001040.txt
[spec] decoding 8 tokens (block=5, draft passes=1, adaptK=1.50, prompt=190 s=1041)...
  [margins] 17.50 15.57 13.43 14.01 0.36  K=5
  verify 1: accepted 4/4 (K=5) + correction -> +5 tokens (159.3 ms)  cpos=1045
  [margins] 13.60 15.17 16.15 8.00 5.03  K=6
  verify 2: accepted 4/5 (K=6) + correction -> +5 tokens (171.1 ms)  cpos=1050

[spec] generated 10 tokens over 2 verifies: mean tokens/verify = 5.00 (block=5, max 6)
[spec] tokens: 10183 28501 9839 8146 10761 28501 9839 8146 10081 28501
[spec] SPEC-DECODE: 34.2 ms/tok = 29.22 tok/s  (vs base M=1 70.8 ms/tok = 14.13 tok/s -> 2.07x)
[decode] PREFILL: 1059 positions in 17033.7 ms = 62.2 tok/s (16.085 ms/tok)
[capture] wrote /home/patrickd/s5-capture/agentic-p25-b0.1/c5/cap/shard_p191_s001059.dspc  1059 tok x (3 taps + 1 lm_in) x 4096 = 33.1 MB (32.0 KB/tok)
[probe] wrote 16 draft probes (block=5) to /home/patrickd/s5-capture/agentic-p25-b0.1/c5/cap/drafts_p191_s001059.txt
[spec] decoding 8 tokens (block=5, draft passes=1, adaptK=1.50, prompt=191 s=1060)...
  [margins] 15.36 5.14 0.84 2.48 7.94  K=3
  verify 1: accepted 2/2 (K=3) + correction -> +3 tokens (124.3 ms)  cpos=1062
  [margins] 1.21 4.59 3.47 7.33 3.69  K=6
  verify 2: accepted 0/5 (K=6) + correction -> +1 tokens (170.9 ms)  cpos=1063
  [margins] 13.20 13.90 16.15 12.72 15.23  K=6
  verify 3: accepted 5/5 (K=6) + correction -> +6 tokens (176.0 ms)  cpos=1069

[spec] generated 10 tokens over 3 verifies: mean tokens/verify = 3.33 (block=5, max 6)
[spec] tokens: 82 32 1 17 939 22 15 553 15 553
[spec] SPEC-DECODE: 49.6 ms/tok = 20.18 tok/s  (vs base M=1 70.8 ms/tok = 14.13 tok/s -> 1.43x)
[decode] PREFILL: 1273 positions in 20568.6 ms = 61.9 tok/s (16.158 ms/tok)
[capture] wrote /home/patrickd/s5-capture/agentic-p25-b0.1/c5/cap/shard_p192_s001273.dspc  1273 tok x (3 taps + 1 lm_in) x 4096 = 39.8 MB (32.0 KB/tok)
[probe] wrote 16 draft probes (block=5) to /home/patrickd/s5-capture/agentic-p25-b0.1/c5/cap/drafts_p192_s001273.txt
[spec] decoding 8 tokens (block=5, draft passes=1, adaptK=1.50, prompt=192 s=1274)...
  [margins] 21.44 18.65 14.68 14.23 10.76  K=6
  verify 1: accepted 5/5 (K=6) + correction -> +6 tokens (177.1 ms)  cpos=1279
  [margins] 17.67 18.22 14.42 17.73 8.64  K=6
  verify 2: accepted 5/5 (K=6) + correction -> +6 tokens (193.5 ms)  cpos=1285

[spec] generated 12 tokens over 2 verifies: mean tokens/verify = 6.00 (block=5, max 6)
[spec] tokens: 223 20 2606 223 18 11 875 528 1354 5062 1915 4165
[spec] SPEC-DECODE: 32.2 ms/tok = 31.01 tok/s  (vs base M=1 70.8 ms/tok = 14.13 tok/s -> 2.20x)
[decode] PREFILL: 1084 positions in 17437.2 ms = 62.2 tok/s (16.086 ms/tok)
[capture] wrote /home/patrickd/s5-capture/agentic-p25-b0.1/c5/cap/shard_p193_s001084.dspc  1084 tok x (3 taps + 1 lm_in) x 4096 = 33.9 MB (32.0 KB/tok)
[probe] wrote 16 draft probes (block=5) to /home/patrickd/s5-capture/agentic-p25-b0.1/c5/cap/drafts_p193_s001084.txt
[spec] decoding 8 tokens (block=5, draft passes=1, adaptK=1.50, prompt=193 s=1085)...
  [margins] 15.74 12.23 11.58 8.91 10.37  K=6
  verify 1: accepted 5/5 (K=6) + correction -> +6 tokens (175.6 ms)  cpos=1090
  [margins] 14.58 12.96 8.24 11.40 10.37  K=6
  verify 2: accepted 5/5 (K=6) + correction -> +6 tokens (175.9 ms)  cpos=1096

[spec] generated 12 tokens over 2 verifies: mean tokens/verify = 6.00 (block=5, max 6)
[spec] tokens: 31 1613 3749 83070 31 1613 3749 83070 284 31 1613 3749
[spec] SPEC-DECODE: 29.3 ms/tok = 34.10 tok/s  (vs base M=1 70.8 ms/tok = 14.13 tok/s -> 2.41x)
[decode] PREFILL: 1485 positions in 24136.5 ms = 61.5 tok/s (16.254 ms/tok)
[capture] wrote /home/patrickd/s5-capture/agentic-p25-b0.1/c5/cap/shard_p194_s001485.dspc  1485 tok x (3 taps + 1 lm_in) x 4096 = 46.4 MB (32.0 KB/tok)
[probe] wrote 16 draft probes (block=5) to /home/patrickd/s5-capture/agentic-p25-b0.1/c5/cap/drafts_p194_s001485.txt
[spec] decoding 8 tokens (block=5, draft passes=1, adaptK=1.50, prompt=194 s=1486)...
  [margins] 15.08 16.46 9.36 9.27 12.66  K=6
  verify 1: accepted 5/5 (K=6) + correction -> +6 tokens (180.7 ms)  cpos=1491
  [margins] 10.04 12.73 9.72 8.86 8.64  K=6
  verify 2: accepted 5/5 (K=6) + correction -> +6 tokens (180.6 ms)  cpos=1497

[spec] generated 12 tokens over 2 verifies: mean tokens/verify = 6.00 (block=5, max 6)
[spec] tokens: 1999 344 270 16897 2831 33 1999 344 270 16897 7822 33
[spec] SPEC-DECODE: 30.1 ms/tok = 33.22 tok/s  (vs base M=1 70.8 ms/tok = 14.13 tok/s -> 2.35x)
[decode] PREFILL: 1212 positions in 19554.6 ms = 62.0 tok/s (16.134 ms/tok)
[capture] wrote /home/patrickd/s5-capture/agentic-p25-b0.1/c5/cap/shard_p195_s001212.dspc  1212 tok x (3 taps + 1 lm_in) x 4096 = 37.9 MB (32.0 KB/tok)
[probe] wrote 16 draft probes (block=5) to /home/patrickd/s5-capture/agentic-p25-b0.1/c5/cap/drafts_p195_s001212.txt
[spec] decoding 8 tokens (block=5, draft passes=1, adaptK=1.50, prompt=195 s=1213)...
  [margins] 15.73 9.45 14.44 13.80 9.14  K=6
  verify 1: accepted 5/5 (K=6) + correction -> +6 tokens (170.3 ms)  cpos=1218
  [margins] 14.96 9.44 14.81 12.54 8.48  K=6
  verify 2: accepted 5/5 (K=6) + correction -> +6 tokens (170.7 ms)  cpos=1224

[spec] generated 12 tokens over 2 verifies: mean tokens/verify = 6.00 (block=5, max 6)
[spec] tokens: 22138 16 6000 22138 16 6000 22138 16 6000 22138 16 6000
[spec] SPEC-DECODE: 28.5 ms/tok = 35.15 tok/s  (vs base M=1 70.8 ms/tok = 14.13 tok/s -> 2.49x)
[decode] PREFILL: 1235 positions in 19944.7 ms = 61.9 tok/s (16.150 ms/tok)
[capture] wrote /home/patrickd/s5-capture/agentic-p25-b0.1/c5/cap/shard_p196_s001235.dspc  1235 tok x (3 taps + 1 lm_in) x 4096 = 38.6 MB (32.0 KB/tok)
[probe] wrote 16 draft probes (block=5) to /home/patrickd/s5-capture/agentic-p25-b0.1/c5/cap/drafts_p196_s001235.txt
[spec] decoding 8 tokens (block=5, draft passes=1, adaptK=1.50, prompt=196 s=1236)...
  [margins] 3.78 2.26 0.78 1.76 0.13  K=3
  verify 1: accepted 2/2 (K=3) + correction -> +3 tokens (129.6 ms)  cpos=1238
  [margins] 0.97 2.43 1.87 4.45 0.15  K=5
  verify 2: accepted 0/4 (K=5) + correction -> +1 tokens (151.3 ms)  cpos=1239
  [margins] 10.09 0.94 1.23 0.21 4.86  K=2
  verify 3: accepted 1/1 (K=2) + correction -> +2 tokens (109.8 ms)  cpos=1241
  [margins] 7.40 4.79 0.54 2.19 1.24  K=3
  verify 4: accepted 1/2 (K=3) + correction -> +2 tokens (125.4 ms)  cpos=1243

[spec] generated 8 tokens over 4 verifies: mean tokens/verify = 2.00 (block=5, max 6)
[spec] tokens: 48867 28 270 2783 294 27149 16 2454
[spec] SPEC-DECODE: 77.3 ms/tok = 12.94 tok/s  (vs base M=1 70.8 ms/tok = 14.13 tok/s -> 0.92x)
[decode] PREFILL: 2307 positions in 38341.3 ms = 60.2 tok/s (16.620 ms/tok)
[capture] wrote /home/patrickd/s5-capture/agentic-p25-b0.1/c5/cap/shard_p197_s002307.dspc  2307 tok x (3 taps + 1 lm_in) x 4096 = 72.1 MB (32.0 KB/tok)
[probe] wrote 16 draft probes (block=5) to /home/patrickd/s5-capture/agentic-p25-b0.1/c5/cap/drafts_p197_s002307.txt
[spec] decoding 8 tokens (block=5, draft passes=1, adaptK=1.50, prompt=197 s=2308)...
  [margins] 18.85 19.45 14.88 9.59 10.36  K=6
  verify 1: accepted 5/5 (K=6) + correction -> +6 tokens (198.3 ms)  cpos=2313
  [margins] 20.40 15.82 16.14 8.81 6.40  K=6
  verify 2: accepted 5/5 (K=6) + correction -> +6 tokens (181.7 ms)  cpos=2319

[spec] generated 12 tokens over 2 verifies: mean tokens/verify = 6.00 (block=5, max 6)
[spec] tokens: 14 223 23 14 71132 5029 223 22 2605 27601 734 5642
[spec] SPEC-DECODE: 30.3 ms/tok = 33.02 tok/s  (vs base M=1 70.8 ms/tok = 14.13 tok/s -> 2.34x)
[decode] PREFILL: 1077 positions in 17330.2 ms = 62.1 tok/s (16.091 ms/tok)
[capture] wrote /home/patrickd/s5-capture/agentic-p25-b0.1/c5/cap/shard_p198_s001077.dspc  1077 tok x (3 taps + 1 lm_in) x 4096 = 33.7 MB (32.0 KB/tok)
[probe] wrote 16 draft probes (block=5) to /home/patrickd/s5-capture/agentic-p25-b0.1/c5/cap/drafts_p198_s001077.txt
[spec] decoding 8 tokens (block=5, draft passes=1, adaptK=1.50, prompt=198 s=1078)...
  [margins] 14.41 10.65 15.23 10.06 13.18  K=6
  verify 1: accepted 5/5 (K=6) + correction -> +6 tokens (168.8 ms)  cpos=1083
  [margins] 13.55 19.35 9.99 12.57 10.42  K=6
  verify 2: accepted 5/5 (K=6) + correction -> +6 tokens (172.3 ms)  cpos=1089

[spec] generated 12 tokens over 2 verifies: mean tokens/verify = 6.00 (block=5, max 6)
[spec] tokens: 4 11082 70 95 4707 4 11082 70 95 4707 4 11082
[spec] SPEC-DECODE: 28.7 ms/tok = 34.83 tok/s  (vs base M=1 70.8 ms/tok = 14.13 tok/s -> 2.46x)
[decode] PREFILL: 1092 positions in 17584.7 ms = 62.1 tok/s (16.103 ms/tok)
[capture] wrote /home/patrickd/s5-capture/agentic-p25-b0.1/c5/cap/shard_p199_s001092.dspc  1092 tok x (3 taps + 1 lm_in) x 4096 = 34.1 MB (32.0 KB/tok)
[probe] wrote 16 draft probes (block=5) to /home/patrickd/s5-capture/agentic-p25-b0.1/c5/cap/drafts_p199_s001092.txt
[spec] decoding 8 tokens (block=5, draft passes=1, adaptK=1.50, prompt=199 s=1093)...
  [margins] 12.88 11.31 11.72 14.63 9.34  K=6
  verify 1: accepted 5/5 (K=6) + correction -> +6 tokens (175.1 ms)  cpos=1098
  [margins] 20.82 17.67 10.46 11.11 13.98  K=6
  verify 2: accepted 5/5 (K=6) + correction -> +6 tokens (176.1 ms)  cpos=1104

[spec] generated 12 tokens over 2 verifies: mean tokens/verify = 6.00 (block=5, max 6)
[spec] tokens: 16 455 915 6704 343 14540 58565 10225 305 11155 5737 48438
[spec] SPEC-DECODE: 29.3 ms/tok = 34.08 tok/s  (vs base M=1 70.8 ms/tok = 14.13 tok/s -> 2.41x)
[decode] PREFILL: 1078 positions in 17340.6 ms = 62.2 tok/s (16.086 ms/tok)
[capture] wrote /home/patrickd/s5-capture/agentic-p25-b0.1/c5/cap/shard_p200_s001078.dspc  1078 tok x (3 taps + 1 lm_in) x 4096 = 33.7 MB (32.0 KB/tok)
[probe] wrote 16 draft probes (block=5) to /home/patrickd/s5-capture/agentic-p25-b0.1/c5/cap/drafts_p200_s001078.txt
[spec] decoding 8 tokens (block=5, draft passes=1, adaptK=1.50, prompt=200 s=1079)...
  [margins] 13.81 16.07 14.57 8.84 8.91  K=6
  verify 1: accepted 3/5 (K=6) + correction -> +4 tokens (173.0 ms)  cpos=1082
  [margins] 13.25 15.81 14.24 8.25 9.37  K=6
  verify 2: accepted 3/5 (K=6) + correction -> +4 tokens (169.4 ms)  cpos=1086

[spec] generated 8 tokens over 2 verifies: mean tokens/verify = 4.00 (block=5, max 6)
[spec] tokens: 3749 11 3749 11 3749 11 3749 11
[spec] SPEC-DECODE: 42.3 ms/tok = 23.62 tok/s  (vs base M=1 70.8 ms/tok = 14.13 tok/s -> 1.67x)
[decode] PREFILL: 1067 positions in 17138.3 ms = 62.3 tok/s (16.062 ms/tok)
[capture] wrote /home/patrickd/s5-capture/agentic-p25-b0.1/c5/cap/shard_p201_s001067.dspc  1067 tok x (3 taps + 1 lm_in) x 4096 = 33.3 MB (32.0 KB/tok)
[probe] wrote 16 draft probes (block=5) to /home/patrickd/s5-capture/agentic-p25-b0.1/c5/cap/drafts_p201_s001067.txt
[spec] decoding 8 tokens (block=5, draft passes=1, adaptK=1.50, prompt=201 s=1068)...
  [margins] 13.92 15.24 14.38 15.50 16.64  K=6
  verify 1: accepted 5/5 (K=6) + correction -> +6 tokens (179.7 ms)  cpos=1073
  [margins] 13.40 15.54 15.14 14.54 15.96  K=6
  verify 2: accepted 5/5 (K=6) + correction -> +6 tokens (171.6 ms)  cpos=1079

[spec] generated 12 tokens over 2 verifies: mean tokens/verify = 6.00 (block=5, max 6)
[spec] tokens: 4147 554 1926 270 4105 16 4147 554 1926 270 4105 16
[spec] SPEC-DECODE: 28.6 ms/tok = 34.97 tok/s  (vs base M=1 70.8 ms/tok = 14.13 tok/s -> 2.47x)
[decode] PREFILL: 1340 positions in 21673.8 ms = 61.8 tok/s (16.174 ms/tok)
[capture] wrote /home/patrickd/s5-capture/agentic-p25-b0.1/c5/cap/shard_p202_s001340.dspc  1340 tok x (3 taps + 1 lm_in) x 4096 = 41.9 MB (32.0 KB/tok)
[probe] wrote 16 draft probes (block=5) to /home/patrickd/s5-capture/agentic-p25-b0.1/c5/cap/drafts_p202_s001340.txt
[spec] decoding 8 tokens (block=5, draft passes=1, adaptK=1.50, prompt=202 s=1341)...
  [margins] 15.35 16.91 13.14 2.02 11.71  K=6
  verify 1: accepted 5/5 (K=6) + correction -> +6 tokens (169.9 ms)  cpos=1346
  [margins] 15.82 16.85 14.36 1.89 6.64  K=6
  verify 2: accepted 3/5 (K=6) + correction -> +4 tokens (170.6 ms)  cpos=1350

[spec] generated 10 tokens over 2 verifies: mean tokens/verify = 5.00 (block=5, max 6)
[spec] tokens: 3749 11 3749 11 3749 11 3749 11 3749 11
[spec] SPEC-DECODE: 42.7 ms/tok = 23.44 tok/s  (vs base M=1 70.8 ms/tok = 14.13 tok/s -> 1.66x)
[decode] PREFILL: 1275 positions in 20591.1 ms = 61.9 tok/s (16.150 ms/tok)
[capture] wrote /home/patrickd/s5-capture/agentic-p25-b0.1/c5/cap/shard_p203_s001275.dspc  1275 tok x (3 taps + 1 lm_in) x 4096 = 39.8 MB (32.0 KB/tok)
[probe] wrote 16 draft probes (block=5) to /home/patrickd/s5-capture/agentic-p25-b0.1/c5/cap/drafts_p203_s001275.txt
[spec] decoding 8 tokens (block=5, draft passes=1, adaptK=1.50, prompt=203 s=1276)...
  [margins] 20.19 18.72 15.07 12.07 8.70  K=6
  verify 1: accepted 5/5 (K=6) + correction -> +6 tokens (198.5 ms)  cpos=1281
  [margins] 20.34 14.83 14.04 17.69 9.56  K=6
  verify 2: accepted 5/5 (K=6) + correction -> +6 tokens (170.4 ms)  cpos=1287

[spec] generated 12 tokens over 2 verifies: mean tokens/verify = 6.00 (block=5, max 6)
[spec] tokens: 2019 1531 366 8281 16 455 2019 1531 366 295 24847 16
[spec] SPEC-DECODE: 28.4 ms/tok = 35.21 tok/s  (vs base M=1 70.8 ms/tok = 14.13 tok/s -> 2.49x)
[decode] PREFILL: 1037 positions in 16656.2 ms = 62.3 tok/s (16.062 ms/tok)
[capture] wrote /home/patrickd/s5-capture/agentic-p25-b0.1/c5/cap/shard_p204_s001037.dspc  1037 tok x (3 taps + 1 lm_in) x 4096 = 32.4 MB (32.0 KB/tok)
[probe] wrote 16 draft probes (block=5) to /home/patrickd/s5-capture/agentic-p25-b0.1/c5/cap/drafts_p204_s001037.txt
[spec] decoding 8 tokens (block=5, draft passes=1, adaptK=1.50, prompt=204 s=1038)...
  [margins] 17.22 15.88 13.08 13.94 16.90  K=6
  verify 1: accepted 5/5 (K=6) + correction -> +6 tokens (171.6 ms)  cpos=1043
  [margins] 15.22 20.16 12.91 15.28 7.74  K=6
  verify 2: accepted 5/5 (K=6) + correction -> +6 tokens (177.5 ms)  cpos=1049

[spec] generated 12 tokens over 2 verifies: mean tokens/verify = 6.00 (block=5, max 6)
[spec] tokens: 260 15000 418 260 20087 294 1623 11273 14 1901 260 280
[spec] SPEC-DECODE: 29.6 ms/tok = 33.79 tok/s  (vs base M=1 70.8 ms/tok = 14.13 tok/s -> 2.39x)
[decode] PREFILL: 1083 positions in 17418.8 ms = 62.2 tok/s (16.084 ms/tok)
[capture] wrote /home/patrickd/s5-capture/agentic-p25-b0.1/c5/cap/shard_p205_s001083.dspc  1083 tok x (3 taps + 1 lm_in) x 4096 = 33.8 MB (32.0 KB/tok)
[probe] wrote 16 draft probes (block=5) to /home/patrickd/s5-capture/agentic-p25-b0.1/c5/cap/drafts_p205_s001083.txt
[spec] decoding 8 tokens (block=5, draft passes=1, adaptK=1.50, prompt=205 s=1084)...
  [margins] 13.78 2.38 6.95 5.06 7.91  K=6
  verify 1: accepted 5/5 (K=6) + correction -> +6 tokens (175.1 ms)  cpos=1089
  [margins] 1.28 0.54 6.51 0.93 7.63  K=2
  verify 2: accepted 0/1 (K=2) + correction -> +1 tokens (106.9 ms)  cpos=1090
  [margins] 4.59 1.17 3.65 0.24 0.60  K=2
  verify 3: accepted 1/1 (K=2) + correction -> +2 tokens (111.1 ms)  cpos=1092

[spec] generated 9 tokens over 3 verifies: mean tokens/verify = 3.00 (block=5, max 6)
[spec] tokens: 8294 482 7342 10145 1154 482 2396 19513 34670
[spec] SPEC-DECODE: 72.7 ms/tok = 13.76 tok/s  (vs base M=1 70.8 ms/tok = 14.13 tok/s -> 0.97x)
[decode] PREFILL: 1059 positions in 17039.5 ms = 62.1 tok/s (16.090 ms/tok)
[capture] wrote /home/patrickd/s5-capture/agentic-p25-b0.1/c5/cap/shard_p206_s001059.dspc  1059 tok x (3 taps + 1 lm_in) x 4096 = 33.1 MB (32.0 KB/tok)
[probe] wrote 16 draft probes (block=5) to /home/patrickd/s5-capture/agentic-p25-b0.1/c5/cap/drafts_p206_s001059.txt
[spec] decoding 8 tokens (block=5, draft passes=1, adaptK=1.50, prompt=206 s=1060)...
  [margins] 18.89 13.91 15.11 9.90 14.52  K=6
  verify 1: accepted 5/5 (K=6) + correction -> +6 tokens (180.1 ms)  cpos=1065
  [margins] 17.88 11.06 17.11 13.24 6.84  K=6
  verify 2: accepted 5/5 (K=6) + correction -> +6 tokens (169.8 ms)  cpos=1071

[spec] generated 12 tokens over 2 verifies: mean tokens/verify = 6.00 (block=5, max 6)
[spec] tokens: 1783 7723 1951 16 698 3749 11 455 3967 10059 304 1153
[spec] SPEC-DECODE: 28.3 ms/tok = 35.33 tok/s  (vs base M=1 70.8 ms/tok = 14.13 tok/s -> 2.50x)
[decode] PREFILL: 1074 positions in 17286.9 ms = 62.1 tok/s (16.096 ms/tok)
[capture] wrote /home/patrickd/s5-capture/agentic-p25-b0.1/c5/cap/shard_p207_s001074.dspc  1074 tok x (3 taps + 1 lm_in) x 4096 = 33.6 MB (32.0 KB/tok)
[probe] wrote 16 draft probes (block=5) to /home/patrickd/s5-capture/agentic-p25-b0.1/c5/cap/drafts_p207_s001074.txt
[spec] decoding 8 tokens (block=5, draft passes=1, adaptK=1.50, prompt=207 s=1075)...
  [margins] 24.21 15.24 23.68 15.12 12.94  K=6
  verify 1: accepted 5/5 (K=6) + correction -> +6 tokens (183.2 ms)  cpos=1080
  [margins] 16.12 13.06 15.18 18.41 7.91  K=6
  verify 2: accepted 5/5 (K=6) + correction -> +6 tokens (169.0 ms)  cpos=1086

[spec] generated 12 tokens over 2 verifies: mean tokens/verify = 6.00 (block=5, max 6)
[spec] tokens: 1281 86228 65 5638 5925 456 56 1911 4268 60 271 30
[spec] SPEC-DECODE: 28.2 ms/tok = 35.49 tok/s  (vs base M=1 70.8 ms/tok = 14.13 tok/s -> 2.51x)
[decode] PREFILL: 1047 positions in 16813.0 ms = 62.3 tok/s (16.058 ms/tok)
[capture] wrote /home/patrickd/s5-capture/agentic-p25-b0.1/c5/cap/shard_p208_s001047.dspc  1047 tok x (3 taps + 1 lm_in) x 4096 = 32.7 MB (32.0 KB/tok)
[probe] wrote 16 draft probes (block=5) to /home/patrickd/s5-capture/agentic-p25-b0.1/c5/cap/drafts_p208_s001047.txt
[spec] decoding 8 tokens (block=5, draft passes=1, adaptK=1.50, prompt=208 s=1048)...
  [margins] 12.91 14.73 16.32 10.62 4.65  K=6
  verify 1: accepted 5/5 (K=6) + correction -> +6 tokens (180.6 ms)  cpos=1053
  [margins] 12.75 16.36 6.13 9.90 10.47  K=6
  verify 2: accepted 5/5 (K=6) + correction -> +6 tokens (171.3 ms)  cpos=1059

[spec] generated 12 tokens over 2 verifies: mean tokens/verify = 6.00 (block=5, max 6)
[spec] tokens: 436 1918 554 6731 270 23605 469 6830 16 455 6915 3051
[spec] SPEC-DECODE: 28.6 ms/tok = 35.02 tok/s  (vs base M=1 70.8 ms/tok = 14.13 tok/s -> 2.48x)
[decode] PREFILL: 1361 positions in 22075.6 ms = 61.7 tok/s (16.220 ms/tok)
[capture] wrote /home/patrickd/s5-capture/agentic-p25-b0.1/c5/cap/shard_p209_s001361.dspc  1361 tok x (3 taps + 1 lm_in) x 4096 = 42.5 MB (32.0 KB/tok)
[probe] wrote 16 draft probes (block=5) to /home/patrickd/s5-capture/agentic-p25-b0.1/c5/cap/drafts_p209_s001361.txt
[spec] decoding 8 tokens (block=5, draft passes=1, adaptK=1.50, prompt=209 s=1362)...
  [margins] 7.91 12.99 13.36 12.75 10.33  K=6
  verify 1: accepted 5/5 (K=6) + correction -> +6 tokens (180.7 ms)  cpos=1367
  [margins] 18.62 10.05 19.53 12.35 15.48  K=6
  verify 2: accepted 5/5 (K=6) + correction -> +6 tokens (177.5 ms)  cpos=1373

[spec] generated 12 tokens over 2 verifies: mean tokens/verify = 6.00 (block=5, max 6)
[spec] tokens: 455 1257 3818 4312 881 14909 14 19343 14 71654 14 28956
[spec] SPEC-DECODE: 29.6 ms/tok = 33.79 tok/s  (vs base M=1 70.8 ms/tok = 14.13 tok/s -> 2.39x)
[decode] PREFILL: 1074 positions in 17289.6 ms = 62.1 tok/s (16.098 ms/tok)
[capture] wrote /home/patrickd/s5-capture/agentic-p25-b0.1/c5/cap/shard_p210_s001074.dspc  1074 tok x (3 taps + 1 lm_in) x 4096 = 33.6 MB (32.0 KB/tok)
[probe] wrote 16 draft probes (block=5) to /home/patrickd/s5-capture/agentic-p25-b0.1/c5/cap/drafts_p210_s001074.txt
[spec] decoding 8 tokens (block=5, draft passes=1, adaptK=1.50, prompt=210 s=1075)...
  [margins] 18.14 13.30 13.66 8.81 3.47  K=6
  verify 1: accepted 5/5 (K=6) + correction -> +6 tokens (179.5 ms)  cpos=1080
  [margins] 3.04 13.23 11.80 4.44 10.78  K=6
  verify 2: accepted 5/5 (K=6) + correction -> +6 tokens (169.5 ms)  cpos=1086

[spec] generated 12 tokens over 2 verifies: mean tokens/verify = 6.00 (block=5, max 6)
[spec] tokens: 438 223 2505 603 15 12089 612 6971 105869 438 223 1477
[spec] SPEC-DECODE: 28.3 ms/tok = 35.40 tok/s  (vs base M=1 70.8 ms/tok = 14.13 tok/s -> 2.51x)
[decode] PREFILL: 1048 positions in 16850.2 ms = 62.2 tok/s (16.078 ms/tok)
[capture] wrote /home/patrickd/s5-capture/agentic-p25-b0.1/c5/cap/shard_p211_s001048.dspc  1048 tok x (3 taps + 1 lm_in) x 4096 = 32.8 MB (32.0 KB/tok)
[probe] wrote 16 draft probes (block=5) to /home/patrickd/s5-capture/agentic-p25-b0.1/c5/cap/drafts_p211_s001048.txt
[spec] decoding 8 tokens (block=5, draft passes=1, adaptK=1.50, prompt=211 s=1049)...
  [margins] 16.25 21.40 14.78 13.73 6.66  K=6
  verify 1: accepted 5/5 (K=6) + correction -> +6 tokens (174.7 ms)  cpos=1054
  [margins] 17.55 19.31 13.60 11.28 9.55  K=6
  verify 2: accepted 5/5 (K=6) + correction -> +6 tokens (175.1 ms)  cpos=1060

[spec] generated 12 tokens over 2 verifies: mean tokens/verify = 6.00 (block=5, max 6)
[spec] tokens: 37399 31 51119 16 3749 455 4105 1926 344 22173 1754 270
[spec] SPEC-DECODE: 29.2 ms/tok = 34.27 tok/s  (vs base M=1 70.8 ms/tok = 14.13 tok/s -> 2.43x)
[decode] PREFILL: 1086 positions in 17457.9 ms = 62.2 tok/s (16.075 ms/tok)
[capture] wrote /home/patrickd/s5-capture/agentic-p25-b0.1/c5/cap/shard_p212_s001086.dspc  1086 tok x (3 taps + 1 lm_in) x 4096 = 33.9 MB (32.0 KB/tok)
[probe] wrote 16 draft probes (block=5) to /home/patrickd/s5-capture/agentic-p25-b0.1/c5/cap/drafts_p212_s001086.txt
[spec] decoding 8 tokens (block=5, draft passes=1, adaptK=1.50, prompt=212 s=1087)...
  [margins] 17.55 11.05 12.51 12.72 6.45  K=6
  verify 1: accepted 5/5 (K=6) + correction -> +6 tokens (172.8 ms)  cpos=1092
  [margins] 18.30 11.51 11.09 12.32 7.05  K=6
  verify 2: accepted 5/5 (K=6) + correction -> +6 tokens (162.3 ms)  cpos=1098

[spec] generated 12 tokens over 2 verifies: mean tokens/verify = 6.00 (block=5, max 6)
[spec] tokens: 52010 271 69544 52010 271 69544 52010 271 69544 52010 271 69544
[spec] SPEC-DECODE: 27.0 ms/tok = 36.97 tok/s  (vs base M=1 70.8 ms/tok = 14.13 tok/s -> 2.62x)
[decode] PREFILL: 1690 positions in 27645.9 ms = 61.1 tok/s (16.359 ms/tok)
[capture] wrote /home/patrickd/s5-capture/agentic-p25-b0.1/c5/cap/shard_p213_s001690.dspc  1690 tok x (3 taps + 1 lm_in) x 4096 = 52.8 MB (32.0 KB/tok)
[probe] wrote 16 draft probes (block=5) to /home/patrickd/s5-capture/agentic-p25-b0.1/c5/cap/drafts_p213_s001690.txt
[spec] decoding 8 tokens (block=5, draft passes=1, adaptK=1.50, prompt=213 s=1691)...
  [margins] 13.41 16.54 13.68 6.56 11.90  K=6
  verify 1: accepted 3/5 (K=6) + correction -> +4 tokens (181.2 ms)  cpos=1694
  [margins] 13.47 15.91 13.26 6.26 10.91  K=6
  verify 2: accepted 3/5 (K=6) + correction -> +4 tokens (173.2 ms)  cpos=1698

[spec] generated 8 tokens over 2 verifies: mean tokens/verify = 4.00 (block=5, max 6)
[spec] tokens: 3749 11 3749 11 3749 11 3749 11
[spec] SPEC-DECODE: 43.3 ms/tok = 23.09 tok/s  (vs base M=1 70.8 ms/tok = 14.13 tok/s -> 1.63x)
[decode] PREFILL: 2306 positions in 38310.5 ms = 60.2 tok/s (16.613 ms/tok)
[capture] wrote /home/patrickd/s5-capture/agentic-p25-b0.1/c5/cap/shard_p214_s002306.dspc  2306 tok x (3 taps + 1 lm_in) x 4096 = 72.1 MB (32.0 KB/tok)
[probe] wrote 16 draft probes (block=5) to /home/patrickd/s5-capture/agentic-p25-b0.1/c5/cap/drafts_p214_s002306.txt
[spec] decoding 8 tokens (block=5, draft passes=1, adaptK=1.50, prompt=214 s=2307)...
  [margins] 24.35 10.28 10.92 14.38 14.75  K=6
  verify 1: accepted 5/5 (K=6) + correction -> +6 tokens (190.4 ms)  cpos=2312
  [margins] 12.61 7.46 12.54 8.27 9.57  K=6
  verify 2: accepted 5/5 (K=6) + correction -> +6 tokens (178.7 ms)  cpos=2318

[spec] generated 12 tokens over 2 verifies: mean tokens/verify = 6.00 (block=5, max 6)
[spec] tokens: 107934 2148 82 1461 284 3749 11 455 6425 294 9845 11128
[spec] SPEC-DECODE: 29.8 ms/tok = 33.57 tok/s  (vs base M=1 70.8 ms/tok = 14.13 tok/s -> 2.38x)
[decode] PREFILL: 1104 positions in 17754.7 ms = 62.2 tok/s (16.082 ms/tok)
[capture] wrote /home/patrickd/s5-capture/agentic-p25-b0.1/c5/cap/shard_p215_s001104.dspc  1104 tok x (3 taps + 1 lm_in) x 4096 = 34.5 MB (32.0 KB/tok)
[probe] wrote 16 draft probes (block=5) to /home/patrickd/s5-capture/agentic-p25-b0.1/c5/cap/drafts_p215_s001104.txt
[spec] decoding 8 tokens (block=5, draft passes=1, adaptK=1.50, prompt=215 s=1105)...
  [margins] 16.21 16.16 10.79 12.65 13.57  K=6
  verify 1: accepted 5/5 (K=6) + correction -> +6 tokens (172.2 ms)  cpos=1110
  [margins] 17.55 15.40 10.02 12.30 12.08  K=6
  verify 2: accepted 5/5 (K=6) + correction -> +6 tokens (171.1 ms)  cpos=1116

[spec] generated 12 tokens over 2 verifies: mean tokens/verify = 6.00 (block=5, max 6)
[spec] tokens: 16 223 19853 16 223 19352 16 223 19222 16 223 19978
[spec] SPEC-DECODE: 28.5 ms/tok = 35.06 tok/s  (vs base M=1 70.8 ms/tok = 14.13 tok/s -> 2.48x)
[decode] PREFILL: 1056 positions in 16967.9 ms = 62.2 tok/s (16.068 ms/tok)
[capture] wrote /home/patrickd/s5-capture/agentic-p25-b0.1/c5/cap/shard_p216_s001056.dspc  1056 tok x (3 taps + 1 lm_in) x 4096 = 33.0 MB (32.0 KB/tok)
[probe] wrote 16 draft probes (block=5) to /home/patrickd/s5-capture/agentic-p25-b0.1/c5/cap/drafts_p216_s001056.txt
[spec] decoding 8 tokens (block=5, draft passes=1, adaptK=1.50, prompt=216 s=1057)...
  [margins] 13.76 11.06 14.15 13.53 11.08  K=6
  verify 1: accepted 5/5 (K=6) + correction -> +6 tokens (168.7 ms)  cpos=1062
  [margins] 13.75 11.29 14.13 13.51 11.54  K=6
  verify 2: accepted 5/5 (K=6) + correction -> +6 tokens (169.7 ms)  cpos=1068

[spec] generated 12 tokens over 2 verifies: mean tokens/verify = 6.00 (block=5, max 6)
[spec] tokens: 16 971 72 16 971 72 16 971 72 16 971 72
[spec] SPEC-DECODE: 28.3 ms/tok = 35.36 tok/s  (vs base M=1 70.8 ms/tok = 14.13 tok/s -> 2.50x)
[decode] PREFILL: 2231 positions in 37022.1 ms = 60.3 tok/s (16.594 ms/tok)
[capture] wrote /home/patrickd/s5-capture/agentic-p25-b0.1/c5/cap/shard_p217_s002231.dspc  2231 tok x (3 taps + 1 lm_in) x 4096 = 69.7 MB (32.0 KB/tok)
[probe] wrote 16 draft probes (block=5) to /home/patrickd/s5-capture/agentic-p25-b0.1/c5/cap/drafts_p217_s002231.txt
[spec] decoding 8 tokens (block=5, draft passes=1, adaptK=1.50, prompt=217 s=2232)...
  [margins] 17.07 10.80 17.57 13.49 7.74  K=6
  verify 1: accepted 5/5 (K=6) + correction -> +6 tokens (192.9 ms)  cpos=2237
  [margins] 18.05 11.81 16.59 13.97 7.71  K=6
  verify 2: accepted 5/5 (K=6) + correction -> +6 tokens (177.5 ms)  cpos=2243

[spec] generated 12 tokens over 2 verifies: mean tokens/verify = 6.00 (block=5, max 6)
[spec] tokens: 3287 344 28 5794 16 455 3287 344 28 5794 16 455
[spec] SPEC-DECODE: 29.6 ms/tok = 33.81 tok/s  (vs base M=1 70.8 ms/tok = 14.13 tok/s -> 2.39x)
[decode] PREFILL: 1537 positions in 25031.7 ms = 61.4 tok/s (16.286 ms/tok)
[capture] wrote /home/patrickd/s5-capture/agentic-p25-b0.1/c5/cap/shard_p218_s001537.dspc  1537 tok x (3 taps + 1 lm_in) x 4096 = 48.0 MB (32.0 KB/tok)
[probe] wrote 16 draft probes (block=5) to /home/patrickd/s5-capture/agentic-p25-b0.1/c5/cap/drafts_p218_s001537.txt
[spec] decoding 8 tokens (block=5, draft passes=1, adaptK=1.50, prompt=218 s=1538)...
  [margins] 0.57 0.40 9.59 2.46 0.04  K=2
  verify 1: accepted 0/1 (K=2) + correction -> +1 tokens (113.5 ms)  cpos=1538
  [margins] 8.49 5.98 2.62 2.53 1.38  K=5
  verify 2: accepted 4/4 (K=5) + correction -> +5 tokens (151.0 ms)  cpos=1543
  [margins] 1.00 0.17 0.72 1.51 0.09  K=2
  verify 3: accepted 1/1 (K=2) + correction -> +2 tokens (112.2 ms)  cpos=1545

[spec] generated 8 tokens over 3 verifies: mean tokens/verify = 2.67 (block=5, max 6)
[spec] tokens: 108710 3653 38425 108710 3653 14373 16 26248
[spec] SPEC-DECODE: 37.6 ms/tok = 26.59 tok/s  (vs base M=1 70.8 ms/tok = 14.13 tok/s -> 1.88x)
[decode] PREFILL: 1209 positions in 19518.5 ms = 61.9 tok/s (16.144 ms/tok)
[capture] wrote /home/patrickd/s5-capture/agentic-p25-b0.1/c5/cap/shard_p219_s001209.dspc  1209 tok x (3 taps + 1 lm_in) x 4096 = 37.8 MB (32.0 KB/tok)
[probe] wrote 16 draft probes (block=5) to /home/patrickd/s5-capture/agentic-p25-b0.1/c5/cap/drafts_p219_s001209.txt
[spec] decoding 8 tokens (block=5, draft passes=1, adaptK=1.50, prompt=219 s=1210)...
  [margins] 4.96 7.18 5.24 3.01 4.06  K=6
  verify 1: accepted 5/5 (K=6) + correction -> +6 tokens (177.1 ms)  cpos=1215
  [margins] 13.22 10.43 12.36 11.56 10.06  K=6
  verify 2: accepted 5/5 (K=6) + correction -> +6 tokens (175.5 ms)  cpos=1221

[spec] generated 12 tokens over 2 verifies: mean tokens/verify = 6.00 (block=5, max 6)
[spec] tokens: 2755 88031 28 342 4571 19054 14 790 342 4800 3052 1951
[spec] SPEC-DECODE: 29.3 ms/tok = 34.19 tok/s  (vs base M=1 70.8 ms/tok = 14.13 tok/s -> 2.42x)
[decode] PREFILL: 1043 positions in 16766.6 ms = 62.2 tok/s (16.075 ms/tok)
[capture] wrote /home/patrickd/s5-capture/agentic-p25-b0.1/c5/cap/shard_p220_s001043.dspc  1043 tok x (3 taps + 1 lm_in) x 4096 = 32.6 MB (32.0 KB/tok)
[probe] wrote 16 draft probes (block=5) to /home/patrickd/s5-capture/agentic-p25-b0.1/c5/cap/drafts_p220_s001043.txt
[spec] decoding 8 tokens (block=5, draft passes=1, adaptK=1.50, prompt=220 s=1044)...
  [margins] 15.14 10.09 11.64 6.29 9.79  K=6
  verify 1: accepted 5/5 (K=6) + correction -> +6 tokens (181.8 ms)  cpos=1049
  [margins] 24.05 7.87 10.36 13.32 10.70  K=6
  verify 2: accepted 5/5 (K=6) + correction -> +6 tokens (171.6 ms)  cpos=1055

[spec] generated 12 tokens over 2 verifies: mean tokens/verify = 6.00 (block=5, max 6)
[spec] tokens: 8245 5395 2272 115112 76665 95328 2193 122095 17 9127 28850 17
[spec] SPEC-DECODE: 28.6 ms/tok = 34.96 tok/s  (vs base M=1 70.8 ms/tok = 14.13 tok/s -> 2.47x)
[decode] PREFILL: 1897 positions in 31218.5 ms = 60.8 tok/s (16.457 ms/tok)
[capture] wrote /home/patrickd/s5-capture/agentic-p25-b0.1/c5/cap/shard_p221_s001897.dspc  1897 tok x (3 taps + 1 lm_in) x 4096 = 59.3 MB (32.0 KB/tok)
[probe] wrote 16 draft probes (block=5) to /home/patrickd/s5-capture/agentic-p25-b0.1/c5/cap/drafts_p221_s001897.txt
[spec] decoding 8 tokens (block=5, draft passes=1, adaptK=1.50, prompt=221 s=1898)...
  [margins] 16.89 10.40 8.07 4.58 0.52  K=5
  verify 1: accepted 3/4 (K=5) + correction -> +4 tokens (161.4 ms)  cpos=1901
  [margins] 7.87 13.74 10.43 3.50 1.52  K=6
  verify 2: accepted 3/5 (K=6) + correction -> +4 tokens (172.3 ms)  cpos=1905

[spec] generated 8 tokens over 2 verifies: mean tokens/verify = 4.00 (block=5, max 6)
[spec] tokens: 3337 3749 11 2726 38 3749 11 29383
[spec] SPEC-DECODE: 43.1 ms/tok = 23.22 tok/s  (vs base M=1 70.8 ms/tok = 14.13 tok/s -> 1.64x)
[decode] PREFILL: 1062 positions in 17080.7 ms = 62.2 tok/s (16.083 ms/tok)
[capture] wrote /home/patrickd/s5-capture/agentic-p25-b0.1/c5/cap/shard_p222_s001062.dspc  1062 tok x (3 taps + 1 lm_in) x 4096 = 33.2 MB (32.0 KB/tok)
[probe] wrote 16 draft probes (block=5) to /home/patrickd/s5-capture/agentic-p25-b0.1/c5/cap/drafts_p222_s001062.txt
[spec] decoding 8 tokens (block=5, draft passes=1, adaptK=1.50, prompt=222 s=1063)...
  [margins] 21.62 18.76 13.56 14.90 9.05  K=6
  verify 1: accepted 5/5 (K=6) + correction -> +6 tokens (179.9 ms)  cpos=1068
  [margins] 16.50 7.74 8.64 12.89 12.10  K=6
  verify 2: accepted 5/5 (K=6) + correction -> +6 tokens (169.0 ms)  cpos=1074

[spec] generated 12 tokens over 2 verifies: mean tokens/verify = 6.00 (block=5, max 6)
[spec] tokens: 63478 106496 6026 260 16171 5165 9517 339 671 3967 10059 304
[spec] SPEC-DECODE: 28.2 ms/tok = 35.51 tok/s  (vs base M=1 70.8 ms/tok = 14.13 tok/s -> 2.51x)
[decode] PREFILL: 1044 positions in 16783.3 ms = 62.2 tok/s (16.076 ms/tok)
[capture] wrote /home/patrickd/s5-capture/agentic-p25-b0.1/c5/cap/shard_p223_s001044.dspc  1044 tok x (3 taps + 1 lm_in) x 4096 = 32.6 MB (32.0 KB/tok)
[probe] wrote 16 draft probes (block=5) to /home/patrickd/s5-capture/agentic-p25-b0.1/c5/cap/drafts_p223_s001044.txt
[spec] decoding 8 tokens (block=5, draft passes=1, adaptK=1.50, prompt=223 s=1045)...
  [margins] 10.88 15.19 5.36 13.96 12.05  K=6
  verify 1: accepted 5/5 (K=6) + correction -> +6 tokens (168.6 ms)  cpos=1050
  [margins] 10.78 13.78 5.28 13.79 12.56  K=6
  verify 2: accepted 5/5 (K=6) + correction -> +6 tokens (169.7 ms)  cpos=1056

[spec] generated 12 tokens over 2 verifies: mean tokens/verify = 6.00 (block=5, max 6)
[spec] tokens: 11628 86 16 11628 86 16 11628 86 16 11628 86 16
[spec] SPEC-DECODE: 28.3 ms/tok = 35.35 tok/s  (vs base M=1 70.8 ms/tok = 14.13 tok/s -> 2.50x)
[decode] PREFILL: 1040 positions in 16702.0 ms = 62.3 tok/s (16.060 ms/tok)
[capture] wrote /home/patrickd/s5-capture/agentic-p25-b0.1/c5/cap/shard_p224_s001040.dspc  1040 tok x (3 taps + 1 lm_in) x 4096 = 32.5 MB (32.0 KB/tok)
[probe] wrote 16 draft probes (block=5) to /home/patrickd/s5-capture/agentic-p25-b0.1/c5/cap/drafts_p224_s001040.txt
[spec] decoding 8 tokens (block=5, draft passes=1, adaptK=1.50, prompt=224 s=1041)...
  [margins] 14.93 2.48 12.12 8.78 6.11  K=6
  verify 1: accepted 5/5 (K=6) + correction -> +6 tokens (173.0 ms)  cpos=1046
  [margins] 15.37 18.04 11.75 10.44 7.99  K=6
  verify 2: accepted 5/5 (K=6) + correction -> +6 tokens (178.4 ms)  cpos=1052

[spec] generated 12 tokens over 2 verifies: mean tokens/verify = 6.00 (block=5, max 6)
[spec] tokens: 19661 3139 34192 3374 29457 303 2369 7849 15227 15030 19661 3139
[spec] SPEC-DECODE: 29.7 ms/tok = 33.63 tok/s  (vs base M=1 70.8 ms/tok = 14.13 tok/s -> 2.38x)
[decode] PREFILL: 1373 positions in 22241.0 ms = 61.7 tok/s (16.199 ms/tok)
[capture] wrote /home/patrickd/s5-capture/agentic-p25-b0.1/c5/cap/shard_p225_s001373.dspc  1373 tok x (3 taps + 1 lm_in) x 4096 = 42.9 MB (32.0 KB/tok)
[probe] wrote 16 draft probes (block=5) to /home/patrickd/s5-capture/agentic-p25-b0.1/c5/cap/drafts_p225_s001373.txt
[spec] decoding 8 tokens (block=5, draft passes=1, adaptK=1.50, prompt=225 s=1374)...
  [margins] 12.57 23.49 21.00 14.89 6.94  K=6
  verify 1: accepted 5/5 (K=6) + correction -> +6 tokens (176.0 ms)  cpos=1379
  [margins] 17.26 17.78 15.82 14.57 12.74  K=6
  verify 2: accepted 5/5 (K=6) + correction -> +6 tokens (178.2 ms)  cpos=1385

[spec] generated 12 tokens over 2 verifies: mean tokens/verify = 6.00 (block=5, max 6)
[spec] tokens: 1366 7562 67 16 7684 82 9636 84 19 16 1366 7562
[spec] SPEC-DECODE: 29.7 ms/tok = 33.66 tok/s  (vs base M=1 70.8 ms/tok = 14.13 tok/s -> 2.38x)
[decode] PREFILL: 1049 positions in 16852.3 ms = 62.2 tok/s (16.065 ms/tok)
[capture] wrote /home/patrickd/s5-capture/agentic-p25-b0.1/c5/cap/shard_p226_s001049.dspc  1049 tok x (3 taps + 1 lm_in) x 4096 = 32.8 MB (32.0 KB/tok)
[probe] wrote 16 draft probes (block=5) to /home/patrickd/s5-capture/agentic-p25-b0.1/c5/cap/drafts_p226_s001049.txt
[spec] decoding 8 tokens (block=5, draft passes=1, adaptK=1.50, prompt=226 s=1050)...
  [margins] 15.30 15.63 14.54 1.14 8.26  K=4
  verify 1: accepted 3/3 (K=4) + correction -> +4 tokens (135.8 ms)  cpos=1053
  [margins] 15.08 14.53 15.62 3.20 7.66  K=6
  verify 2: accepted 3/5 (K=6) + correction -> +4 tokens (163.7 ms)  cpos=1057

[spec] generated 8 tokens over 2 verifies: mean tokens/verify = 4.00 (block=5, max 6)
[spec] tokens: 3749 11 3749 11 3749 11 3749 11
[spec] SPEC-DECODE: 40.9 ms/tok = 24.44 tok/s  (vs base M=1 70.8 ms/tok = 14.13 tok/s -> 1.73x)
[decode] PREFILL: 1461 positions in 23736.5 ms = 61.6 tok/s (16.247 ms/tok)
[capture] wrote /home/patrickd/s5-capture/agentic-p25-b0.1/c5/cap/shard_p227_s001461.dspc  1461 tok x (3 taps + 1 lm_in) x 4096 = 45.7 MB (32.0 KB/tok)
[probe] wrote 16 draft probes (block=5) to /home/patrickd/s5-capture/agentic-p25-b0.1/c5/cap/drafts_p227_s001461.txt
[spec] decoding 8 tokens (block=5, draft passes=1, adaptK=1.50, prompt=227 s=1462)...
  [margins] 16.13 16.68 8.94 15.92 7.69  K=6
  verify 1: accepted 5/5 (K=6) + correction -> +6 tokens (178.5 ms)  cpos=1467
  [margins] 19.92 17.71 9.79 12.83 11.23  K=6
  verify 2: accepted 5/5 (K=6) + correction -> +6 tokens (179.3 ms)  cpos=1473

[spec] generated 12 tokens over 2 verifies: mean tokens/verify = 6.00 (block=5, max 6)
[spec] tokens: 7621 552 633 24028 16 3749 89 29 455 3287 344 26009
[spec] SPEC-DECODE: 29.9 ms/tok = 33.46 tok/s  (vs base M=1 70.8 ms/tok = 14.13 tok/s -> 2.37x)
[decode] PREFILL: 1495 positions in 24303.7 ms = 61.5 tok/s (16.257 ms/tok)
[capture] wrote /home/patrickd/s5-capture/agentic-p25-b0.1/c5/cap/shard_p228_s001495.dspc  1495 tok x (3 taps + 1 lm_in) x 4096 = 46.7 MB (32.0 KB/tok)
[probe] wrote 16 draft probes (block=5) to /home/patrickd/s5-capture/agentic-p25-b0.1/c5/cap/drafts_p228_s001495.txt
[spec] decoding 8 tokens (block=5, draft passes=1, adaptK=1.50, prompt=228 s=1496)...
  [margins] 13.75 17.20 9.64 12.21 12.98  K=6
  verify 1: accepted 5/5 (K=6) + correction -> +6 tokens (178.4 ms)  cpos=1501
  [margins] 13.36 16.51 8.78 12.39 12.45  K=6
  verify 2: accepted 5/5 (K=6) + correction -> +6 tokens (167.2 ms)  cpos=1507

[spec] generated 12 tokens over 2 verifies: mean tokens/verify = 6.00 (block=5, max 6)
[spec] tokens: 11628 86 16 11628 86 16 11628 86 16 11628 86 16
[spec] SPEC-DECODE: 27.9 ms/tok = 35.88 tok/s  (vs base M=1 70.8 ms/tok = 14.13 tok/s -> 2.54x)
[decode] PREFILL: 1156 positions in 18657.7 ms = 62.0 tok/s (16.140 ms/tok)
[capture] wrote /home/patrickd/s5-capture/agentic-p25-b0.1/c5/cap/shard_p229_s001156.dspc  1156 tok x (3 taps + 1 lm_in) x 4096 = 36.1 MB (32.0 KB/tok)
[probe] wrote 16 draft probes (block=5) to /home/patrickd/s5-capture/agentic-p25-b0.1/c5/cap/drafts_p229_s001156.txt
[spec] decoding 8 tokens (block=5, draft passes=1, adaptK=1.50, prompt=229 s=1157)...
  [margins] 17.40 7.16 6.29 5.10 4.89  K=6
  verify 1: accepted 5/5 (K=6) + correction -> +6 tokens (172.4 ms)  cpos=1162
  [margins] 10.39 12.42 15.46 8.13 11.57  K=6
  verify 2: accepted 5/5 (K=6) + correction -> +6 tokens (172.5 ms)  cpos=1168

[spec] generated 12 tokens over 2 verifies: mean tokens/verify = 6.00 (block=5, max 6)
[spec] tokens: 1347 16 455 37370 2019 344 979 9854 36490 201 3465 1178
[spec] SPEC-DECODE: 28.7 ms/tok = 34.79 tok/s  (vs base M=1 70.8 ms/tok = 14.13 tok/s -> 2.46x)
[decode] PREFILL: 1214 positions in 19585.6 ms = 62.0 tok/s (16.133 ms/tok)
[capture] wrote /home/patrickd/s5-capture/agentic-p25-b0.1/c5/cap/shard_p230_s001214.dspc  1214 tok x (3 taps + 1 lm_in) x 4096 = 37.9 MB (32.0 KB/tok)
[probe] wrote 16 draft probes (block=5) to /home/patrickd/s5-capture/agentic-p25-b0.1/c5/cap/drafts_p230_s001214.txt
[spec] decoding 8 tokens (block=5, draft passes=1, adaptK=1.50, prompt=230 s=1215)...
  [margins] 8.24 15.12 15.96 8.02 14.30  K=6
  verify 1: accepted 5/5 (K=6) + correction -> +6 tokens (175.8 ms)  cpos=1220
  [margins] 8.22 15.37 16.01 8.09 14.19  K=6
  verify 2: accepted 5/5 (K=6) + correction -> +6 tokens (167.1 ms)  cpos=1226

[spec] generated 12 tokens over 2 verifies: mean tokens/verify = 6.00 (block=5, max 6)
[spec] tokens: 16 4617 272 16 4617 272 16 4617 272 16 4617 272
[spec] SPEC-DECODE: 27.8 ms/tok = 35.91 tok/s  (vs base M=1 70.8 ms/tok = 14.13 tok/s -> 2.54x)
[decode] PREFILL: 1469 positions in 23861.1 ms = 61.6 tok/s (16.243 ms/tok)
[capture] wrote /home/patrickd/s5-capture/agentic-p25-b0.1/c5/cap/shard_p231_s001469.dspc  1469 tok x (3 taps + 1 lm_in) x 4096 = 45.9 MB (32.0 KB/tok)
[probe] wrote 16 draft probes (block=5) to /home/patrickd/s5-capture/agentic-p25-b0.1/c5/cap/drafts_p231_s001469.txt
[spec] decoding 8 tokens (block=5, draft passes=1, adaptK=1.50, prompt=231 s=1470)...
  [margins] 14.53 14.94 14.84 2.73 9.19  K=6
  verify 1: accepted 3/5 (K=6) + correction -> +4 tokens (173.6 ms)  cpos=1473
  [margins] 14.35 14.40 14.84 3.13 8.79  K=6
  verify 2: accepted 3/5 (K=6) + correction -> +4 tokens (167.7 ms)  cpos=1477

[spec] generated 8 tokens over 2 verifies: mean tokens/verify = 4.00 (block=5, max 6)
[spec] tokens: 3749 11 3749 11 3749 11 3749 11
[spec] SPEC-DECODE: 41.9 ms/tok = 23.85 tok/s  (vs base M=1 70.8 ms/tok = 14.13 tok/s -> 1.69x)
[decode] PREFILL: 1224 positions in 19780.1 ms = 61.9 tok/s (16.160 ms/tok)
[capture] wrote /home/patrickd/s5-capture/agentic-p25-b0.1/c5/cap/shard_p232_s001224.dspc  1224 tok x (3 taps + 1 lm_in) x 4096 = 38.3 MB (32.0 KB/tok)
[probe] wrote 16 draft probes (block=5) to /home/patrickd/s5-capture/agentic-p25-b0.1/c5/cap/drafts_p232_s001224.txt
[spec] decoding 8 tokens (block=5, draft passes=1, adaptK=1.50, prompt=232 s=1225)...
  [margins] 8.32 8.05 20.31 17.55 15.82  K=6
  verify 1: accepted 5/5 (K=6) + correction -> +6 tokens (174.6 ms)  cpos=1230
  [margins] 21.06 8.81 7.40 19.87 15.69  K=6
  verify 2: accepted 5/5 (K=6) + correction -> +6 tokens (176.6 ms)  cpos=1236

[spec] generated 12 tokens over 2 verifies: mean tokens/verify = 6.00 (block=5, max 6)
[spec] tokens: 3533 47325 6971 434 70895 41931 10249 3533 47325 6971 434 70895
[spec] SPEC-DECODE: 29.4 ms/tok = 33.97 tok/s  (vs base M=1 70.8 ms/tok = 14.13 tok/s -> 2.40x)
[decode] PREFILL: 1041 positions in 16743.6 ms = 62.2 tok/s (16.084 ms/tok)
[capture] wrote /home/patrickd/s5-capture/agentic-p25-b0.1/c5/cap/shard_p233_s001041.dspc  1041 tok x (3 taps + 1 lm_in) x 4096 = 32.5 MB (32.0 KB/tok)
[probe] wrote 16 draft probes (block=5) to /home/patrickd/s5-capture/agentic-p25-b0.1/c5/cap/drafts_p233_s001041.txt
[spec] decoding 8 tokens (block=5, draft passes=1, adaptK=1.50, prompt=233 s=1042)...
  [margins] 14.58 14.99 11.11 12.02 6.02  K=6
  verify 1: accepted 5/5 (K=6) + correction -> +6 tokens (178.1 ms)  cpos=1047
  [margins] 14.04 12.35 14.51 10.83 9.71  K=6
  verify 2: accepted 5/5 (K=6) + correction -> +6 tokens (175.1 ms)  cpos=1053

[spec] generated 12 tokens over 2 verifies: mean tokens/verify = 6.00 (block=5, max 6)
[spec] tokens: 5392 305 13478 3234 270 36350 16 455 6536 477 3880 14
[spec] SPEC-DECODE: 29.2 ms/tok = 34.27 tok/s  (vs base M=1 70.8 ms/tok = 14.13 tok/s -> 2.43x)
[decode] PREFILL: 1193 positions in 19246.9 ms = 62.0 tok/s (16.133 ms/tok)
[capture] wrote /home/patrickd/s5-capture/agentic-p25-b0.1/c5/cap/shard_p234_s001193.dspc  1193 tok x (3 taps + 1 lm_in) x 4096 = 37.3 MB (32.0 KB/tok)
[probe] wrote 16 draft probes (block=5) to /home/patrickd/s5-capture/agentic-p25-b0.1/c5/cap/drafts_p234_s001193.txt
[spec] decoding 8 tokens (block=5, draft passes=1, adaptK=1.50, prompt=234 s=1194)...
  [margins] 19.84 15.26 16.25 12.41 13.73  K=6
  verify 1: accepted 5/5 (K=6) + correction -> +6 tokens (177.5 ms)  cpos=1199
  [margins] 19.18 17.00 17.77 13.03 12.20  K=6
  verify 2: accepted 5/5 (K=6) + correction -> +6 tokens (177.5 ms)  cpos=1205

[spec] generated 12 tokens over 2 verifies: mean tokens/verify = 6.00 (block=5, max 6)
[spec] tokens: 345 6848 734 2578 10744 2184 260 6614 418 75842 16 29034
[spec] SPEC-DECODE: 29.6 ms/tok = 33.80 tok/s  (vs base M=1 70.8 ms/tok = 14.13 tok/s -> 2.39x)
[decode] PREFILL: 1086 positions in 17456.2 ms = 62.2 tok/s (16.074 ms/tok)
[capture] wrote /home/patrickd/s5-capture/agentic-p25-b0.1/c5/cap/shard_p235_s001086.dspc  1086 tok x (3 taps + 1 lm_in) x 4096 = 33.9 MB (32.0 KB/tok)
[probe] wrote 16 draft probes (block=5) to /home/patrickd/s5-capture/agentic-p25-b0.1/c5/cap/drafts_p235_s001086.txt
[spec] decoding 8 tokens (block=5, draft passes=1, adaptK=1.50, prompt=235 s=1087)...
  [margins] 22.69 17.64 22.79 23.38 16.42  K=6
  verify 1: accepted 5/5 (K=6) + correction -> +6 tokens (183.1 ms)  cpos=1092
  [margins] 14.34 16.19 15.14 13.34 4.34  K=6
  verify 2: accepted 5/5 (K=6) + correction -> +6 tokens (172.1 ms)  cpos=1098

[spec] generated 12 tokens over 2 verifies: mean tokens/verify = 6.00 (block=5, max 6)
[spec] tokens: 630 94720 48119 5049 10 630 94720 5165 1281 70 21952 22
[spec] SPEC-DECODE: 28.7 ms/tok = 34.87 tok/s  (vs base M=1 70.8 ms/tok = 14.13 tok/s -> 2.47x)
[decode] PREFILL: 1083 positions in 17407.7 ms = 62.2 tok/s (16.074 ms/tok)
[capture] wrote /home/patrickd/s5-capture/agentic-p25-b0.1/c5/cap/shard_p236_s001083.dspc  1083 tok x (3 taps + 1 lm_in) x 4096 = 33.8 MB (32.0 KB/tok)
[probe] wrote 16 draft probes (block=5) to /home/patrickd/s5-capture/agentic-p25-b0.1/c5/cap/drafts_p236_s001083.txt
[spec] decoding 8 tokens (block=5, draft passes=1, adaptK=1.50, prompt=236 s=1084)...
  [margins] 14.01 14.39 5.66 12.39 4.51  K=6
  verify 1: accepted 5/5 (K=6) + correction -> +6 tokens (183.4 ms)  cpos=1089
  [margins] 18.77 13.24 17.58 9.31 12.28  K=6
  verify 2: accepted 5/5 (K=6) + correction -> +6 tokens (170.3 ms)  cpos=1095

[spec] generated 12 tokens over 2 verifies: mean tokens/verify = 6.00 (block=5, max 6)
[spec] tokens: 1093 294 270 4689 1225 588 5831 969 3197 4609 33 1999
[spec] SPEC-DECODE: 28.4 ms/tok = 35.24 tok/s  (vs base M=1 70.8 ms/tok = 14.13 tok/s -> 2.49x)
[decode] PREFILL: 1175 positions in 18949.5 ms = 62.0 tok/s (16.127 ms/tok)
[capture] wrote /home/patrickd/s5-capture/agentic-p25-b0.1/c5/cap/shard_p237_s001175.dspc  1175 tok x (3 taps + 1 lm_in) x 4096 = 36.7 MB (32.0 KB/tok)
[probe] wrote 16 draft probes (block=5) to /home/patrickd/s5-capture/agentic-p25-b0.1/c5/cap/drafts_p237_s001175.txt
[spec] decoding 8 tokens (block=5, draft passes=1, adaptK=1.50, prompt=237 s=1176)...
  [margins] 20.18 12.81 13.78 13.14 12.62  K=6
  verify 1: accepted 5/5 (K=6) + correction -> +6 tokens (178.5 ms)  cpos=1181
  [margins] 9.25 13.48 13.35 17.42 10.28  K=6
  verify 2: accepted 5/5 (K=6) + correction -> +6 tokens (170.4 ms)  cpos=1187

[spec] generated 12 tokens over 2 verifies: mean tokens/verify = 6.00 (block=5, max 6)
[spec] tokens: 14482 16 70404 16 4100 12284 16 4100 347 1286 16 4100
[spec] SPEC-DECODE: 28.4 ms/tok = 35.22 tok/s  (vs base M=1 70.8 ms/tok = 14.13 tok/s -> 2.49x)
[decode] PREFILL: 1568 positions in 25572.4 ms = 61.3 tok/s (16.309 ms/tok)
[capture] wrote /home/patrickd/s5-capture/agentic-p25-b0.1/c5/cap/shard_p238_s001568.dspc  1568 tok x (3 taps + 1 lm_in) x 4096 = 49.0 MB (32.0 KB/tok)
[probe] wrote 16 draft probes (block=5) to /home/patrickd/s5-capture/agentic-p25-b0.1/c5/cap/drafts_p238_s001568.txt
[spec] decoding 8 tokens (block=5, draft passes=1, adaptK=1.50, prompt=238 s=1569)...
  [margins] 2.06 6.14 0.23 0.60 4.56  K=3
  verify 1: accepted 0/2 (K=3) + correction -> +1 tokens (129.3 ms)  cpos=1569
  [margins] 0.22 0.05 4.43 0.23 6.42  K=2
  verify 2: accepted 0/1 (K=2) + correction -> +1 tokens (109.6 ms)  cpos=1570
  [margins] 1.80 5.84 0.01 5.40 0.53  K=3
  verify 3: accepted 0/2 (K=3) + correction -> +1 tokens (126.0 ms)  cpos=1571
  [margins] 0.26 0.29 4.35 0.16 6.41  K=2
  verify 4: accepted 0/1 (K=2) + correction -> +1 tokens (114.0 ms)  cpos=1572
  [margins] 1.60 4.99 0.05 5.65 0.18  K=3
  verify 5: accepted 0/2 (K=3) + correction -> +1 tokens (122.6 ms)  cpos=1573
  [margins] 0.09 0.18 4.63 0.15 6.54  K=2
  verify 6: accepted 0/1 (K=2) + correction -> +1 tokens (109.5 ms)  cpos=1574
  [margins] 4.35 0.32 0.46 3.28 5.10  K=2
  verify 7: accepted 1/1 (K=2) + correction -> +2 tokens (111.3 ms)  cpos=1576

[spec] generated 8 tokens over 7 verifies: mean tokens/verify = 1.14 (block=5, max 6)
[spec] tokens: 16 1 16 1 16 38140 16 4154
[spec] SPEC-DECODE: 99.0 ms/tok = 10.10 tok/s  (vs base M=1 70.8 ms/tok = 14.13 tok/s -> 0.72x)
[decode] PREFILL: 1104 positions in 17754.2 ms = 62.2 tok/s (16.082 ms/tok)
[capture] wrote /home/patrickd/s5-capture/agentic-p25-b0.1/c5/cap/shard_p239_s001104.dspc  1104 tok x (3 taps + 1 lm_in) x 4096 = 34.5 MB (32.0 KB/tok)
[probe] wrote 16 draft probes (block=5) to /home/patrickd/s5-capture/agentic-p25-b0.1/c5/cap/drafts_p239_s001104.txt
[spec] decoding 8 tokens (block=5, draft passes=1, adaptK=1.50, prompt=239 s=1105)...
  [margins] 22.68 20.44 18.44 15.97 10.92  K=6
  verify 1: accepted 5/5 (K=6) + correction -> +6 tokens (180.4 ms)  cpos=1110
  [margins] 18.35 17.87 18.68 16.68 11.61  K=6
  verify 2: accepted 5/5 (K=6) + correction -> +6 tokens (178.7 ms)  cpos=1116

[spec] generated 12 tokens over 2 verifies: mean tokens/verify = 6.00 (block=5, max 6)
[spec] tokens: 529 3362 582 35 12196 17261 943 473 3489 62773 79 3812
[spec] SPEC-DECODE: 29.8 ms/tok = 33.58 tok/s  (vs base M=1 70.8 ms/tok = 14.13 tok/s -> 2.38x)
[decode] PREFILL: 1543 positions in 25150.5 ms = 61.4 tok/s (16.300 ms/tok)
[capture] wrote /home/patrickd/s5-capture/agentic-p25-b0.1/c5/cap/shard_p240_s001543.dspc  1543 tok x (3 taps + 1 lm_in) x 4096 = 48.2 MB (32.0 KB/tok)
[probe] wrote 16 draft probes (block=5) to /home/patrickd/s5-capture/agentic-p25-b0.1/c5/cap/drafts_p240_s001543.txt
[spec] decoding 8 tokens (block=5, draft passes=1, adaptK=1.50, prompt=240 s=1544)...
  [margins] 12.08 17.37 15.60 16.90 11.25  K=6
  verify 1: accepted 5/5 (K=6) + correction -> +6 tokens (185.2 ms)  cpos=1549
  [margins] 17.76 13.29 13.92 12.95 10.73  K=6
  verify 2: accepted 5/5 (K=6) + correction -> +6 tokens (173.9 ms)  cpos=1555

[spec] generated 12 tokens over 2 verifies: mean tokens/verify = 6.00 (block=5, max 6)
[spec] tokens: 344 554 9475 14 1347 270 1141 294 270 5485 734 7917
[spec] SPEC-DECODE: 29.0 ms/tok = 34.50 tok/s  (vs base M=1 70.8 ms/tok = 14.13 tok/s -> 2.44x)
[decode] PREFILL: 1087 positions in 17474.0 ms = 62.2 tok/s (16.075 ms/tok)
[capture] wrote /home/patrickd/s5-capture/agentic-p25-b0.1/c5/cap/shard_p241_s001087.dspc  1087 tok x (3 taps + 1 lm_in) x 4096 = 34.0 MB (32.0 KB/tok)
[probe] wrote 16 draft probes (block=5) to /home/patrickd/s5-capture/agentic-p25-b0.1/c5/cap/drafts_p241_s001087.txt
[spec] decoding 8 tokens (block=5, draft passes=1, adaptK=1.50, prompt=241 s=1088)...
  [margins] 12.89 9.34 10.46 1.17 7.31  K=4
  verify 1: accepted 3/3 (K=4) + correction -> +4 tokens (144.2 ms)  cpos=1091
  [margins] 16.46 18.07 16.51 14.14 14.44  K=6
  verify 2: accepted 5/5 (K=6) + correction -> +6 tokens (178.3 ms)  cpos=1097

[spec] generated 10 tokens over 2 verifies: mean tokens/verify = 5.00 (block=5, max 6)
[spec] tokens: 26 343 5356 3132 223 20 11 940 223 22
[spec] SPEC-DECODE: 29.7 ms/tok = 33.65 tok/s  (vs base M=1 70.8 ms/tok = 14.13 tok/s -> 2.38x)
[decode] PREFILL: 1098 positions in 17657.6 ms = 62.2 tok/s (16.082 ms/tok)
[capture] wrote /home/patrickd/s5-capture/agentic-p25-b0.1/c5/cap/shard_p242_s001098.dspc  1098 tok x (3 taps + 1 lm_in) x 4096 = 34.3 MB (32.0 KB/tok)
[probe] wrote 16 draft probes (block=5) to /home/patrickd/s5-capture/agentic-p25-b0.1/c5/cap/drafts_p242_s001098.txt
[spec] decoding 8 tokens (block=5, draft passes=1, adaptK=1.50, prompt=242 s=1099)...
  [margins] 13.53 6.27 10.78 9.25 11.25  K=6
  verify 1: accepted 5/5 (K=6) + correction -> +6 tokens (178.6 ms)  cpos=1104
  [margins] 14.01 6.70 11.31 10.79 12.68  K=6
  verify 2: accepted 5/5 (K=6) + correction -> +6 tokens (169.0 ms)  cpos=1110

[spec] generated 12 tokens over 2 verifies: mean tokens/verify = 6.00 (block=5, max 6)
[spec] tokens: 29 88 9 88 83 76 29 88 9 88 83 76
[spec] SPEC-DECODE: 28.2 ms/tok = 35.50 tok/s  (vs base M=1 70.8 ms/tok = 14.13 tok/s -> 2.51x)
[decode] PREFILL: 1090 positions in 17540.6 ms = 62.1 tok/s (16.092 ms/tok)
[capture] wrote /home/patrickd/s5-capture/agentic-p25-b0.1/c5/cap/shard_p243_s001090.dspc  1090 tok x (3 taps + 1 lm_in) x 4096 = 34.1 MB (32.0 KB/tok)
[probe] wrote 16 draft probes (block=5) to /home/patrickd/s5-capture/agentic-p25-b0.1/c5/cap/drafts_p243_s001090.txt
[spec] decoding 8 tokens (block=5, draft passes=1, adaptK=1.50, prompt=243 s=1091)...
  [margins] 19.31 15.65 16.19 12.63 9.48  K=6
  verify 1: accepted 5/5 (K=6) + correction -> +6 tokens (179.3 ms)  cpos=1096
  [margins] 18.44 16.08 13.78 13.52 13.50  K=6
  verify 2: accepted 5/5 (K=6) + correction -> +6 tokens (168.9 ms)  cpos=1102

[spec] generated 12 tokens over 2 verifies: mean tokens/verify = 6.00 (block=5, max 6)
[spec] tokens: 4256 344 4087 16 455 4256 344 5553 16 455 4256 344
[spec] SPEC-DECODE: 28.2 ms/tok = 35.51 tok/s  (vs base M=1 70.8 ms/tok = 14.13 tok/s -> 2.51x)
[decode] PREFILL: 1114 positions in 17921.3 ms = 62.2 tok/s (16.087 ms/tok)
[capture] wrote /home/patrickd/s5-capture/agentic-p25-b0.1/c5/cap/shard_p244_s001114.dspc  1114 tok x (3 taps + 1 lm_in) x 4096 = 34.8 MB (32.0 KB/tok)
[probe] wrote 16 draft probes (block=5) to /home/patrickd/s5-capture/agentic-p25-b0.1/c5/cap/drafts_p244_s001114.txt
[spec] decoding 8 tokens (block=5, draft passes=1, adaptK=1.50, prompt=244 s=1115)...
  [margins] 8.59 11.98 10.51 11.57 12.46  K=6
  verify 1: accepted 5/5 (K=6) + correction -> +6 tokens (180.2 ms)  cpos=1120
  [margins] 16.24 16.74 16.85 17.12 5.07  K=6
  verify 2: accepted 5/5 (K=6) + correction -> +6 tokens (170.8 ms)  cpos=1126

[spec] generated 12 tokens over 2 verifies: mean tokens/verify = 6.00 (block=5, max 6)
[spec] tokens: 92 14 855 440 1114 554 1926 260 4105 14 2507 582
[spec] SPEC-DECODE: 28.5 ms/tok = 35.13 tok/s  (vs base M=1 70.8 ms/tok = 14.13 tok/s -> 2.49x)
[decode] PREFILL: 1082 positions in 17402.9 ms = 62.2 tok/s (16.084 ms/tok)
[capture] wrote /home/patrickd/s5-capture/agentic-p25-b0.1/c5/cap/shard_p245_s001082.dspc  1082 tok x (3 taps + 1 lm_in) x 4096 = 33.8 MB (32.0 KB/tok)
[probe] wrote 16 draft probes (block=5) to /home/patrickd/s5-capture/agentic-p25-b0.1/c5/cap/drafts_p245_s001082.txt
[spec] decoding 8 tokens (block=5, draft passes=1, adaptK=1.50, prompt=245 s=1083)...
  [margins] 25.53 10.26 10.62 16.89 14.10  K=6
  verify 1: accepted 5/5 (K=6) + correction -> +6 tokens (184.6 ms)  cpos=1088
  [margins] 15.20 16.88 15.37 14.17 12.87  K=6
  verify 2: accepted 5/5 (K=6) + correction -> +6 tokens (171.3 ms)  cpos=1094

[spec] generated 12 tokens over 2 verifies: mean tokens/verify = 6.00 (block=5, max 6)
[spec] tokens: 54612 10177 26606 5165 3362 1349 3184 83772 80642 96058 5165 16562
[spec] SPEC-DECODE: 28.5 ms/tok = 35.03 tok/s  (vs base M=1 70.8 ms/tok = 14.13 tok/s -> 2.48x)
[decode] PREFILL: 1110 positions in 17868.5 ms = 62.1 tok/s (16.098 ms/tok)
[capture] wrote /home/patrickd/s5-capture/agentic-p25-b0.1/c5/cap/shard_p246_s001110.dspc  1110 tok x (3 taps + 1 lm_in) x 4096 = 34.7 MB (32.0 KB/tok)
[probe] wrote 16 draft probes (block=5) to /home/patrickd/s5-capture/agentic-p25-b0.1/c5/cap/drafts_p246_s001110.txt
[spec] decoding 8 tokens (block=5, draft passes=1, adaptK=1.50, prompt=246 s=1111)...
  [margins] 1.64 10.77 3.47 8.08 2.91  K=6
  verify 1: accepted 5/5 (K=6) + correction -> +6 tokens (174.2 ms)  cpos=1116
  [margins] 7.95 7.59 5.81 6.83 2.19  K=6
  verify 2: accepted 4/5 (K=6) + correction -> +5 tokens (164.6 ms)  cpos=1121

[spec] generated 11 tokens over 2 verifies: mean tokens/verify = 5.50 (block=5, max 6)
[spec] tokens: 10318 14 579 1309 304 1783 270 39317 294 270 35480
[spec] SPEC-DECODE: 32.9 ms/tok = 30.38 tok/s  (vs base M=1 70.8 ms/tok = 14.13 tok/s -> 2.15x)
[decode] PREFILL: 1468 positions in 23838.8 ms = 61.6 tok/s (16.239 ms/tok)
[capture] wrote /home/patrickd/s5-capture/agentic-p25-b0.1/c5/cap/shard_p247_s001468.dspc  1468 tok x (3 taps + 1 lm_in) x 4096 = 45.9 MB (32.0 KB/tok)
[probe] wrote 16 draft probes (block=5) to /home/patrickd/s5-capture/agentic-p25-b0.1/c5/cap/drafts_p247_s001468.txt
[spec] decoding 8 tokens (block=5, draft passes=1, adaptK=1.50, prompt=247 s=1469)...
  [margins] 16.44 19.59 15.45 12.08 14.46  K=6
  verify 1: accepted 5/5 (K=6) + correction -> +6 tokens (175.4 ms)  cpos=1474
  [margins] 14.47 12.78 14.79 18.49 13.50  K=6
  verify 2: accepted 5/5 (K=6) + correction -> +6 tokens (174.2 ms)  cpos=1480

[spec] generated 12 tokens over 2 verifies: mean tokens/verify = 6.00 (block=5, max 6)
[spec] tokens: 4617 272 479 16 4617 272 479 16 4617 272 479 16
[spec] SPEC-DECODE: 29.0 ms/tok = 34.45 tok/s  (vs base M=1 70.8 ms/tok = 14.13 tok/s -> 2.44x)
[decode] PREFILL: 1661 positions in 27141.0 ms = 61.2 tok/s (16.340 ms/tok)
[capture] wrote /home/patrickd/s5-capture/agentic-p25-b0.1/c5/cap/shard_p248_s001661.dspc  1661 tok x (3 taps + 1 lm_in) x 4096 = 51.9 MB (32.0 KB/tok)
[probe] wrote 16 draft probes (block=5) to /home/patrickd/s5-capture/agentic-p25-b0.1/c5/cap/drafts_p248_s001661.txt
[spec] decoding 8 tokens (block=5, draft passes=1, adaptK=1.50, prompt=248 s=1662)...
  [margins] 15.23 10.14 15.13 11.33 12.88  K=6
  verify 1: accepted 5/5 (K=6) + correction -> +6 tokens (193.4 ms)  cpos=1667
  [margins] 15.73 11.41 14.04 5.92 13.22  K=6
  verify 2: accepted 5/5 (K=6) + correction -> +6 tokens (174.9 ms)  cpos=1673

[spec] generated 12 tokens over 2 verifies: mean tokens/verify = 6.00 (block=5, max 6)
[spec] tokens: 403 87 877 16 403 87 877 16 403 87 877 16
[spec] SPEC-DECODE: 29.1 ms/tok = 34.31 tok/s  (vs base M=1 70.8 ms/tok = 14.13 tok/s -> 2.43x)
[decode] PREFILL: 1481 positions in 24067.3 ms = 61.5 tok/s (16.251 ms/tok)
[capture] wrote /home/patrickd/s5-capture/agentic-p25-b0.1/c5/cap/shard_p249_s001481.dspc  1481 tok x (3 taps + 1 lm_in) x 4096 = 46.3 MB (32.0 KB/tok)
[probe] wrote 16 draft probes (block=5) to /home/patrickd/s5-capture/agentic-p25-b0.1/c5/cap/drafts_p249_s001481.txt
[spec] decoding 8 tokens (block=5, draft passes=1, adaptK=1.50, prompt=249 s=1482)...
  [margins] 25.36 11.29 15.41 19.17 10.15  K=6
  verify 1: accepted 5/5 (K=6) + correction -> +6 tokens (176.7 ms)  cpos=1487
  [margins] 25.25 10.65 15.36 18.38 9.25  K=6
  verify 2: accepted 5/5 (K=6) + correction -> +6 tokens (175.8 ms)  cpos=1493

[spec] generated 12 tokens over 2 verifies: mean tokens/verify = 6.00 (block=5, max 6)
[spec] tokens: 15643 16 4493 15643 16 4493 15643 16 4493 15643 16 4493
[spec] SPEC-DECODE: 29.3 ms/tok = 34.13 tok/s  (vs base M=1 70.8 ms/tok = 14.13 tok/s -> 2.42x)
[decode] PREFILL: 1219 positions in 19689.5 ms = 61.9 tok/s (16.152 ms/tok)
[capture] wrote /home/patrickd/s5-capture/agentic-p25-b0.1/c5/cap/shard_p250_s001219.dspc  1219 tok x (3 taps + 1 lm_in) x 4096 = 38.1 MB (32.0 KB/tok)
[probe] wrote 16 draft probes (block=5) to /home/patrickd/s5-capture/agentic-p25-b0.1/c5/cap/drafts_p250_s001219.txt
[spec] decoding 8 tokens (block=5, draft passes=1, adaptK=1.50, prompt=250 s=1220)...
  [margins] 0.59 6.34 0.70 1.89 2.01  K=3
  verify 1: accepted 0/2 (K=3) + correction -> +1 tokens (129.9 ms)  cpos=1220
  [margins] 0.31 0.36 0.93 0.34 0.11  K=2
  verify 2: accepted 1/1 (K=2) + correction -> +2 tokens (107.2 ms)  cpos=1222
  [margins] 0.06 0.67 3.86 1.15 3.24  K=2
  verify 3: accepted 1/1 (K=2) + correction -> +2 tokens (111.3 ms)  cpos=1224
  [margins] 3.42 0.76 2.92 3.16 4.19  K=2
  verify 4: accepted 0/1 (K=2) + correction -> +1 tokens (107.4 ms)  cpos=1225
  [margins] 2.05 3.93 3.95 0.71 0.13  K=4
  verify 5: accepted 0/3 (K=4) + correction -> +1 tokens (137.5 ms)  cpos=1226
  [margins] 2.93 0.06 7.27 2.11 3.39  K=2
  verify 6: accepted 1/1 (K=2) + correction -> +2 tokens (111.7 ms)  cpos=1228

[spec] generated 9 tokens over 6 verifies: mean tokens/verify = 1.50 (block=5, max 6)
[spec] tokens: 16 5715 14 12085 513 63020 305 28729 20507
[spec] SPEC-DECODE: 71.9 ms/tok = 13.91 tok/s  (vs base M=1 70.8 ms/tok = 14.13 tok/s -> 0.98x)
[decode] PREFILL: 1238 positions in 19987.1 ms = 61.9 tok/s (16.145 ms/tok)
[capture] wrote /home/patrickd/s5-capture/agentic-p25-b0.1/c5/cap/shard_p251_s001238.dspc  1238 tok x (3 taps + 1 lm_in) x 4096 = 38.7 MB (32.0 KB/tok)
[probe] wrote 16 draft probes (block=5) to /home/patrickd/s5-capture/agentic-p25-b0.1/c5/cap/drafts_p251_s001238.txt
[spec] decoding 8 tokens (block=5, draft passes=1, adaptK=1.50, prompt=251 s=1239)...
  [margins] 10.01 14.71 17.74 11.09 12.88  K=6
  verify 1: accepted 5/5 (K=6) + correction -> +6 tokens (178.1 ms)  cpos=1244
  [margins] 9.27 13.84 17.38 9.75 12.52  K=6
  verify 2: accepted 5/5 (K=6) + correction -> +6 tokens (164.8 ms)  cpos=1250

[spec] generated 12 tokens over 2 verifies: mean tokens/verify = 6.00 (block=5, max 6)
[spec] tokens: 16 4493 15643 16 4493 15643 16 4493 15643 16 4493 15643
[spec] SPEC-DECODE: 27.5 ms/tok = 36.41 tok/s  (vs base M=1 70.8 ms/tok = 14.13 tok/s -> 2.58x)
[decode] PREFILL: 1682 positions in 27519.7 ms = 61.1 tok/s (16.361 ms/tok)
[capture] wrote /home/patrickd/s5-capture/agentic-p25-b0.1/c5/cap/shard_p252_s001682.dspc  1682 tok x (3 taps + 1 lm_in) x 4096 = 52.6 MB (32.0 KB/tok)
[probe] wrote 16 draft probes (block=5) to /home/patrickd/s5-capture/agentic-p25-b0.1/c5/cap/drafts_p252_s001682.txt
[spec] decoding 8 tokens (block=5, draft passes=1, adaptK=1.50, prompt=252 s=1683)...
  [margins] 12.44 14.29 12.38 13.95 9.91  K=6
  verify 1: accepted 5/5 (K=6) + correction -> +6 tokens (191.2 ms)  cpos=1688
  [margins] 13.03 18.83 10.33 14.76 13.39  K=6
  verify 2: accepted 5/5 (K=6) + correction -> +6 tokens (174.7 ms)  cpos=1694

[spec] generated 12 tokens over 2 verifies: mean tokens/verify = 6.00 (block=5, max 6)
[spec] tokens: 270 5335 1469 899 10289 75 305 899 10289 75 6153 4317
[spec] SPEC-DECODE: 29.1 ms/tok = 34.35 tok/s  (vs base M=1 70.8 ms/tok = 14.13 tok/s -> 2.43x)
[decode] PREFILL: 1108 positions in 17839.4 ms = 62.1 tok/s (16.101 ms/tok)
[capture] wrote /home/patrickd/s5-capture/agentic-p25-b0.1/c5/cap/shard_p253_s001108.dspc  1108 tok x (3 taps + 1 lm_in) x 4096 = 34.6 MB (32.0 KB/tok)
[probe] wrote 16 draft probes (block=5) to /home/patrickd/s5-capture/agentic-p25-b0.1/c5/cap/drafts_p253_s001108.txt
[spec] decoding 8 tokens (block=5, draft passes=1, adaptK=1.50, prompt=253 s=1109)...
  [margins] 0.03 7.33 10.70 3.85 6.07  K=6
  verify 1: accepted 0/5 (K=6) + correction -> +1 tokens (175.6 ms)  cpos=1109
  [margins] 4.54 7.53 11.86 5.71 3.56  K=6
  verify 2: accepted 0/5 (K=6) + correction -> +1 tokens (170.4 ms)  cpos=1110
  [margins] 16.09 15.12 7.82 8.21 7.70  K=6
  verify 3: accepted 5/5 (K=6) + correction -> +6 tokens (175.4 ms)  cpos=1116

[spec] generated 8 tokens over 3 verifies: mean tokens/verify = 2.67 (block=5, max 6)
[spec] tokens: 6607 50245 50 105089 344 554 3510 16
[spec] SPEC-DECODE: 49.4 ms/tok = 20.24 tok/s  (vs base M=1 70.8 ms/tok = 14.13 tok/s -> 1.43x)
[decode] PREFILL: 1041 positions in 16744.6 ms = 62.2 tok/s (16.085 ms/tok)
[capture] wrote /home/patrickd/s5-capture/agentic-p25-b0.1/c5/cap/shard_p254_s001041.dspc  1041 tok x (3 taps + 1 lm_in) x 4096 = 32.5 MB (32.0 KB/tok)
[probe] wrote 16 draft probes (block=5) to /home/patrickd/s5-capture/agentic-p25-b0.1/c5/cap/drafts_p254_s001041.txt
[spec] decoding 8 tokens (block=5, draft passes=1, adaptK=1.50, prompt=254 s=1042)...
  [margins] 3.72 0.37 2.90 2.01 2.04  K=2
  verify 1: accepted 0/1 (K=2) + correction -> +1 tokens (109.2 ms)  cpos=1042
  [margins] 0.21 7.03 0.90 2.22 1.13  K=3
  verify 2: accepted 0/2 (K=3) + correction -> +1 tokens (124.4 ms)  cpos=1043
  [margins] 8.41 2.76 3.88 2.96 0.39  K=5
  verify 3: accepted 2/4 (K=5) + correction -> +3 tokens (156.2 ms)  cpos=1046
  [margins] 3.03 0.02 0.62 4.84 0.53  K=2
  verify 4: accepted 1/1 (K=2) + correction -> +2 tokens (113.1 ms)  cpos=1048
  [margins] 6.72 1.92 4.50 1.53 1.28  K=5
  verify 5: accepted 3/4 (K=5) + correction -> +4 tokens (146.4 ms)  cpos=1052

[spec] generated 11 tokens over 5 verifies: mean tokens/verify = 2.20 (block=5, max 6)
[spec] tokens: 3645 14342 294 270 2058 16 983 344 554 260 3980
[spec] SPEC-DECODE: 54.0 ms/tok = 18.51 tok/s  (vs base M=1 70.8 ms/tok = 14.13 tok/s -> 1.31x)
[decode] PREFILL: 2190 positions in 36322.8 ms = 60.3 tok/s (16.586 ms/tok)
[capture] wrote /home/patrickd/s5-capture/agentic-p25-b0.1/c5/cap/shard_p255_s002190.dspc  2190 tok x (3 taps + 1 lm_in) x 4096 = 68.4 MB (32.0 KB/tok)
[probe] wrote 16 draft probes (block=5) to /home/patrickd/s5-capture/agentic-p25-b0.1/c5/cap/drafts_p255_s002190.txt
[spec] decoding 8 tokens (block=5, draft passes=1, adaptK=1.50, prompt=255 s=2191)...
  [margins] 17.94 23.62 20.26 12.39 13.46  K=6
  verify 1: accepted 5/5 (K=6) + correction -> +6 tokens (193.9 ms)  cpos=2196
  [margins] 10.84 9.70 9.34 12.14 7.50  K=6
  verify 2: accepted 5/5 (K=6) + correction -> +6 tokens (177.0 ms)  cpos=2202

[spec] generated 12 tokens over 2 verifies: mean tokens/verify = 6.00 (block=5, max 6)
[spec] tokens: 5497 624 615 5903 1185 16 32066 14170 16 10375 16 70404
[spec] SPEC-DECODE: 29.5 ms/tok = 33.90 tok/s  (vs base M=1 70.8 ms/tok = 14.13 tok/s -> 2.40x)
[decode] PREFILL: 1162 positions in 18743.4 ms = 62.0 tok/s (16.130 ms/tok)
[capture] wrote /home/patrickd/s5-capture/agentic-p25-b0.1/c5/cap/shard_p256_s001162.dspc  1162 tok x (3 taps + 1 lm_in) x 4096 = 36.3 MB (32.0 KB/tok)
[probe] wrote 16 draft probes (block=5) to /home/patrickd/s5-capture/agentic-p25-b0.1/c5/cap/drafts_p256_s001162.txt
[spec] decoding 8 tokens (block=5, draft passes=1, adaptK=1.50, prompt=256 s=1163)...
  [margins] 0.46 1.01 4.07 7.43 4.03  K=2
  verify 1: accepted 1/1 (K=2) + correction -> +2 tokens (116.9 ms)  cpos=1164
  [margins] 13.97 13.19 1.20 4.49 3.20  K=3
  verify 2: accepted 2/2 (K=3) + correction -> +3 tokens (119.5 ms)  cpos=1167
  [margins] 13.34 2.48 1.76 0.25 0.25  K=4
  verify 3: accepted 2/3 (K=4) + correction -> +3 tokens (134.3 ms)  cpos=1170

[spec] generated 8 tokens over 3 verifies: mean tokens/verify = 2.67 (block=5, max 6)
[spec] tokens: 33905 117164 666 565 43338 1074 260 114392
[spec] SPEC-DECODE: 42.3 ms/tok = 23.64 tok/s  (vs base M=1 70.8 ms/tok = 14.13 tok/s -> 1.67x)
[decode] PREFILL: 1051 positions in 16887.0 ms = 62.2 tok/s (16.068 ms/tok)
[capture] wrote /home/patrickd/s5-capture/agentic-p25-b0.1/c5/cap/shard_p257_s001051.dspc  1051 tok x (3 taps + 1 lm_in) x 4096 = 32.8 MB (32.0 KB/tok)
[probe] wrote 16 draft probes (block=5) to /home/patrickd/s5-capture/agentic-p25-b0.1/c5/cap/drafts_p257_s001051.txt
[spec] decoding 8 tokens (block=5, draft passes=1, adaptK=1.50, prompt=257 s=1052)...
  [margins] 9.05 12.57 12.68 9.05 8.53  K=6
  verify 1: accepted 5/5 (K=6) + correction -> +6 tokens (183.2 ms)  cpos=1057
  [margins] 19.39 9.37 9.20 4.92 0.57  K=5
  verify 2: accepted 4/4 (K=5) + correction -> +5 tokens (154.0 ms)  cpos=1062

[spec] generated 11 tokens over 2 verifies: mean tokens/verify = 5.50 (block=5, max 6)
[spec] tokens: 603 15 6948 260 21906 1669 39561 68762 1560 9329 396
[spec] SPEC-DECODE: 30.8 ms/tok = 32.46 tok/s  (vs base M=1 70.8 ms/tok = 14.13 tok/s -> 2.30x)
[decode] PREFILL: 1229 positions in 19845.9 ms = 61.9 tok/s (16.148 ms/tok)
[capture] wrote /home/patrickd/s5-capture/agentic-p25-b0.1/c5/cap/shard_p258_s001229.dspc  1229 tok x (3 taps + 1 lm_in) x 4096 = 38.4 MB (32.0 KB/tok)
[probe] wrote 16 draft probes (block=5) to /home/patrickd/s5-capture/agentic-p25-b0.1/c5/cap/drafts_p258_s001229.txt
[spec] decoding 8 tokens (block=5, draft passes=1, adaptK=1.50, prompt=258 s=1230)...
  [margins] 14.38 10.99 14.40 12.98 13.98  K=6
  verify 1: accepted 5/5 (K=6) + correction -> +6 tokens (178.5 ms)  cpos=1235
  [margins] 14.31 14.20 14.50 12.44 15.04  K=6
  verify 2: accepted 5/5 (K=6) + correction -> +6 tokens (179.1 ms)  cpos=1241

[spec] generated 12 tokens over 2 verifies: mean tokens/verify = 6.00 (block=5, max 6)
[spec] tokens: 21432 2755 15 1730 696 7536 1178 786 3344 2755 15 1999
[spec] SPEC-DECODE: 29.8 ms/tok = 33.51 tok/s  (vs base M=1 70.8 ms/tok = 14.13 tok/s -> 2.37x)
[decode] PREFILL: 1221 positions in 19713.5 ms = 61.9 tok/s (16.145 ms/tok)
[capture] wrote /home/patrickd/s5-capture/agentic-p25-b0.1/c5/cap/shard_p259_s001221.dspc  1221 tok x (3 taps + 1 lm_in) x 4096 = 38.2 MB (32.0 KB/tok)
[probe] wrote 16 draft probes (block=5) to /home/patrickd/s5-capture/agentic-p25-b0.1/c5/cap/drafts_p259_s001221.txt
[spec] decoding 8 tokens (block=5, draft passes=1, adaptK=1.50, prompt=259 s=1222)...
  [margins] 13.93 17.69 12.58 11.85 14.96  K=6
  verify 1: accepted 5/5 (K=6) + correction -> +6 tokens (176.2 ms)  cpos=1227
  [margins] 13.81 11.06 15.48 15.59 14.42  K=6
  verify 2: accepted 5/5 (K=6) + correction -> +6 tokens (177.3 ms)  cpos=1233

[spec] generated 12 tokens over 2 verifies: mean tokens/verify = 6.00 (block=5, max 6)
[spec] tokens: 270 17144 344 223 1484 4786 294 37297 295 123763 2237 603
[spec] SPEC-DECODE: 29.6 ms/tok = 33.84 tok/s  (vs base M=1 70.8 ms/tok = 14.13 tok/s -> 2.39x)
[decode] PREFILL: 1143 positions in 18402.4 ms = 62.1 tok/s (16.100 ms/tok)
[capture] wrote /home/patrickd/s5-capture/agentic-p25-b0.1/c5/cap/shard_p260_s001143.dspc  1143 tok x (3 taps + 1 lm_in) x 4096 = 35.7 MB (32.0 KB/tok)
[probe] wrote 16 draft probes (block=5) to /home/patrickd/s5-capture/agentic-p25-b0.1/c5/cap/drafts_p260_s001143.txt
[spec] decoding 8 tokens (block=5, draft passes=1, adaptK=1.50, prompt=260 s=1144)...
  [margins] 18.06 11.71 12.36 14.88 7.99  K=6
  verify 1: accepted 5/5 (K=6) + correction -> +6 tokens (180.4 ms)  cpos=1149
  [margins] 21.63 14.23 14.43 12.37 3.56  K=6
  verify 2: accepted 5/5 (K=6) + correction -> +6 tokens (184.7 ms)  cpos=1155

[spec] generated 12 tokens over 2 verifies: mean tokens/verify = 6.00 (block=5, max 6)
[spec] tokens: 1353 270 37370 2019 16 455 5238 1531 366 1353 270 37370
[spec] SPEC-DECODE: 30.8 ms/tok = 32.48 tok/s  (vs base M=1 70.8 ms/tok = 14.13 tok/s -> 2.30x)
[decode] PREFILL: 1137 positions in 18322.7 ms = 62.1 tok/s (16.115 ms/tok)
[capture] wrote /home/patrickd/s5-capture/agentic-p25-b0.1/c5/cap/shard_p261_s001137.dspc  1137 tok x (3 taps + 1 lm_in) x 4096 = 35.5 MB (32.0 KB/tok)
[probe] wrote 16 draft probes (block=5) to /home/patrickd/s5-capture/agentic-p25-b0.1/c5/cap/drafts_p261_s001137.txt
[spec] decoding 8 tokens (block=5, draft passes=1, adaptK=1.50, prompt=261 s=1138)...
  [margins] 23.53 17.21 16.85 14.73 8.84  K=6
  verify 1: accepted 5/5 (K=6) + correction -> +6 tokens (178.4 ms)  cpos=1143
  [margins] 19.01 24.23 14.00 14.56 11.83  K=6
  verify 2: accepted 5/5 (K=6) + correction -> +6 tokens (178.5 ms)  cpos=1149

[spec] generated 12 tokens over 2 verifies: mean tokens/verify = 6.00 (block=5, max 6)
[spec] tokens: 22 11 78 50 5406 343 939 22 11 92 50 5406
[spec] SPEC-DECODE: 29.7 ms/tok = 33.62 tok/s  (vs base M=1 70.8 ms/tok = 14.13 tok/s -> 2.38x)
[decode] PREFILL: 1045 positions in 16799.4 ms = 62.2 tok/s (16.076 ms/tok)
[capture] wrote /home/patrickd/s5-capture/agentic-p25-b0.1/c5/cap/shard_p262_s001045.dspc  1045 tok x (3 taps + 1 lm_in) x 4096 = 32.7 MB (32.0 KB/tok)
[probe] wrote 16 draft probes (block=5) to /home/patrickd/s5-capture/agentic-p25-b0.1/c5/cap/drafts_p262_s001045.txt
[spec] decoding 8 tokens (block=5, draft passes=1, adaptK=1.50, prompt=262 s=1046)...
  [margins] 14.98 15.52 12.48 8.94 10.68  K=6
  verify 1: accepted 5/5 (K=6) + correction -> +6 tokens (177.0 ms)  cpos=1051
  [margins] 17.56 13.91 20.70 7.21 12.27  K=6
  verify 2: accepted 5/5 (K=6) + correction -> +6 tokens (178.5 ms)  cpos=1057

[spec] generated 12 tokens over 2 verifies: mean tokens/verify = 6.00 (block=5, max 6)
[spec] tokens: 21 14 305 270 12195 18035 24886 16399 3713 20134 611 223
[spec] SPEC-DECODE: 29.7 ms/tok = 33.62 tok/s  (vs base M=1 70.8 ms/tok = 14.13 tok/s -> 2.38x)
[decode] PREFILL: 1322 positions in 21393.5 ms = 61.8 tok/s (16.183 ms/tok)
[capture] wrote /home/patrickd/s5-capture/agentic-p25-b0.1/c5/cap/shard_p263_s001322.dspc  1322 tok x (3 taps + 1 lm_in) x 4096 = 41.3 MB (32.0 KB/tok)
[probe] wrote 16 draft probes (block=5) to /home/patrickd/s5-capture/agentic-p25-b0.1/c5/cap/drafts_p263_s001322.txt
[spec] decoding 8 tokens (block=5, draft passes=1, adaptK=1.50, prompt=263 s=1323)...
  [margins] 16.72 15.61 15.24 10.99 11.88  K=6
  verify 1: accepted 5/5 (K=6) + correction -> +6 tokens (183.9 ms)  cpos=1328
  [margins] 14.46 16.11 15.78 13.83 11.75  K=6
  verify 2: accepted 5/5 (K=6) + correction -> +6 tokens (169.6 ms)  cpos=1334

[spec] generated 12 tokens over 2 verifies: mean tokens/verify = 6.00 (block=5, max 6)
[spec] tokens: 223 8939 25 16 455 3287 344 343 35 11 223 8939
[spec] SPEC-DECODE: 28.3 ms/tok = 35.38 tok/s  (vs base M=1 70.8 ms/tok = 14.13 tok/s -> 2.50x)
[decode] PREFILL: 1226 positions in 19788.7 ms = 62.0 tok/s (16.141 ms/tok)
[capture] wrote /home/patrickd/s5-capture/agentic-p25-b0.1/c5/cap/shard_p264_s001226.dspc  1226 tok x (3 taps + 1 lm_in) x 4096 = 38.3 MB (32.0 KB/tok)
[probe] wrote 16 draft probes (block=5) to /home/patrickd/s5-capture/agentic-p25-b0.1/c5/cap/drafts_p264_s001226.txt
[spec] decoding 8 tokens (block=5, draft passes=1, adaptK=1.50, prompt=264 s=1227)...
  [margins] 17.23 12.42 13.88 8.90 7.21  K=6
  verify 1: accepted 5/5 (K=6) + correction -> +6 tokens (183.2 ms)  cpos=1232
  [margins] 11.89 8.52 0.26 0.11 3.42  K=3
  verify 2: accepted 2/2 (K=3) + correction -> +3 tokens (122.5 ms)  cpos=1235

[spec] generated 9 tokens over 2 verifies: mean tokens/verify = 4.50 (block=5, max 6)
[spec] tokens: 1305 6531 14 440 588 3144 782 42368 20123
[spec] SPEC-DECODE: 40.8 ms/tok = 24.49 tok/s  (vs base M=1 70.8 ms/tok = 14.13 tok/s -> 1.73x)
[decode] PREFILL: 1083 positions in 17415.1 ms = 62.2 tok/s (16.080 ms/tok)
[capture] wrote /home/patrickd/s5-capture/agentic-p25-b0.1/c5/cap/shard_p265_s001083.dspc  1083 tok x (3 taps + 1 lm_in) x 4096 = 33.8 MB (32.0 KB/tok)
[probe] wrote 16 draft probes (block=5) to /home/patrickd/s5-capture/agentic-p25-b0.1/c5/cap/drafts_p265_s001083.txt
[spec] decoding 8 tokens (block=5, draft passes=1, adaptK=1.50, prompt=265 s=1084)...
  [margins] 13.70 14.48 12.60 16.88 12.14  K=6
  verify 1: accepted 5/5 (K=6) + correction -> +6 tokens (182.7 ms)  cpos=1089
  [margins] 18.32 17.57 12.56 12.70 10.33  K=6
  verify 2: accepted 5/5 (K=6) + correction -> +6 tokens (172.3 ms)  cpos=1095

[spec] generated 12 tokens over 2 verifies: mean tokens/verify = 6.00 (block=5, max 6)
[spec] tokens: 16 2052 270 7223 344 554 2006 14 6476 418 411 11181
[spec] SPEC-DECODE: 28.7 ms/tok = 34.82 tok/s  (vs base M=1 70.8 ms/tok = 14.13 tok/s -> 2.46x)
[decode] PREFILL: 1037 positions in 16659.4 ms = 62.2 tok/s (16.065 ms/tok)
[capture] wrote /home/patrickd/s5-capture/agentic-p25-b0.1/c5/cap/shard_p266_s001037.dspc  1037 tok x (3 taps + 1 lm_in) x 4096 = 32.4 MB (32.0 KB/tok)
[probe] wrote 16 draft probes (block=5) to /home/patrickd/s5-capture/agentic-p25-b0.1/c5/cap/drafts_p266_s001037.txt
[spec] decoding 8 tokens (block=5, draft passes=1, adaptK=1.50, prompt=266 s=1038)...
  [margins] 18.53 13.58 1.65 0.68 0.12  K=4
  verify 1: accepted 3/3 (K=4) + correction -> +4 tokens (144.6 ms)  cpos=1041
  [margins] 19.35 18.02 15.39 1.34 7.06  K=4
  verify 2: accepted 3/3 (K=4) + correction -> +4 tokens (136.2 ms)  cpos=1045

[spec] generated 8 tokens over 2 verifies: mean tokens/verify = 4.00 (block=5, max 6)
[spec] tokens: 1387 5903 3340 5903 523 5903 7035 16
[spec] SPEC-DECODE: 34.1 ms/tok = 29.37 tok/s  (vs base M=1 70.8 ms/tok = 14.13 tok/s -> 2.08x)
[decode] PREFILL: 1087 positions in 17474.2 ms = 62.2 tok/s (16.076 ms/tok)
[capture] wrote /home/patrickd/s5-capture/agentic-p25-b0.1/c5/cap/shard_p267_s001087.dspc  1087 tok x (3 taps + 1 lm_in) x 4096 = 34.0 MB (32.0 KB/tok)
[probe] wrote 16 draft probes (block=5) to /home/patrickd/s5-capture/agentic-p25-b0.1/c5/cap/drafts_p267_s001087.txt
[spec] decoding 8 tokens (block=5, draft passes=1, adaptK=1.50, prompt=267 s=1088)...
  [margins] 17.20 17.95 14.15 15.60 14.51  K=6
  verify 1: accepted 5/5 (K=6) + correction -> +6 tokens (181.5 ms)  cpos=1093
  [margins] 12.43 12.84 12.48 13.60 11.15  K=6
  verify 2: accepted 5/5 (K=6) + correction -> +6 tokens (169.9 ms)  cpos=1099

[spec] generated 12 tokens over 2 verifies: mean tokens/verify = 6.00 (block=5, max 6)
[spec] tokens: 3701 462 16 342 5922 1347 270 21473 65 60229 4105 418
[spec] SPEC-DECODE: 28.3 ms/tok = 35.31 tok/s  (vs base M=1 70.8 ms/tok = 14.13 tok/s -> 2.50x)
[decode] PREFILL: 1105 positions in 17790.9 ms = 62.1 tok/s (16.100 ms/tok)
[capture] wrote /home/patrickd/s5-capture/agentic-p25-b0.1/c5/cap/shard_p268_s001105.dspc  1105 tok x (3 taps + 1 lm_in) x 4096 = 34.5 MB (32.0 KB/tok)
[probe] wrote 16 draft probes (block=5) to /home/patrickd/s5-capture/agentic-p25-b0.1/c5/cap/drafts_p268_s001105.txt
[spec] decoding 8 tokens (block=5, draft passes=1, adaptK=1.50, prompt=268 s=1106)...
  [margins] 15.10 20.53 19.45 13.14 18.73  K=6
  verify 1: accepted 5/5 (K=6) + correction -> +6 tokens (175.5 ms)  cpos=1111
  [margins] 16.46 18.79 16.35 12.77 16.10  K=6
  verify 2: accepted 5/5 (K=6) + correction -> +6 tokens (175.5 ms)  cpos=1117

[spec] generated 12 tokens over 2 verifies: mean tokens/verify = 6.00 (block=5, max 6)
[spec] tokens: 28249 28 818 72461 7907 32 89073 28 818 83772 32 82
[spec] SPEC-DECODE: 29.3 ms/tok = 34.19 tok/s  (vs base M=1 70.8 ms/tok = 14.13 tok/s -> 2.42x)
[decode] PREFILL: 1234 positions in 19933.1 ms = 61.9 tok/s (16.153 ms/tok)
[capture] wrote /home/patrickd/s5-capture/agentic-p25-b0.1/c5/cap/shard_p269_s001234.dspc  1234 tok x (3 taps + 1 lm_in) x 4096 = 38.6 MB (32.0 KB/tok)
[probe] wrote 16 draft probes (block=5) to /home/patrickd/s5-capture/agentic-p25-b0.1/c5/cap/drafts_p269_s001234.txt
[spec] decoding 8 tokens (block=5, draft passes=1, adaptK=1.50, prompt=269 s=1235)...
  [margins] 1.48 2.81 0.73 4.63 3.03  K=3
  verify 1: accepted 0/2 (K=3) + correction -> +1 tokens (128.1 ms)  cpos=1235
  [margins] 1.15 1.34 4.66 4.29 2.49  K=2
  verify 2: accepted 0/1 (K=2) + correction -> +1 tokens (111.5 ms)  cpos=1236
  [margins] 1.28 5.43 4.11 2.32 0.65  K=5
  verify 3: accepted 3/4 (K=5) + correction -> +4 tokens (152.7 ms)  cpos=1240
  [margins] 3.88 0.22 0.71 2.47 1.51  K=2
  verify 4: accepted 1/1 (K=2) + correction -> +2 tokens (106.1 ms)  cpos=1242

[spec] generated 8 tokens over 4 verifies: mean tokens/verify = 2.00 (block=5, max 6)
[spec] tokens: 106554 50973 16 2566 515 12220 14 969
[spec] SPEC-DECODE: 52.9 ms/tok = 18.91 tok/s  (vs base M=1 70.8 ms/tok = 14.13 tok/s -> 1.34x)
[decode] PREFILL: 1154 positions in 18613.0 ms = 62.0 tok/s (16.129 ms/tok)
[capture] wrote /home/patrickd/s5-capture/agentic-p25-b0.1/c5/cap/shard_p270_s001154.dspc  1154 tok x (3 taps + 1 lm_in) x 4096 = 36.1 MB (32.0 KB/tok)
[probe] wrote 16 draft probes (block=5) to /home/patrickd/s5-capture/agentic-p25-b0.1/c5/cap/drafts_p270_s001154.txt
[spec] decoding 8 tokens (block=5, draft passes=1, adaptK=1.50, prompt=270 s=1155)...
  [margins] 10.10 10.99 10.85 11.71 10.53  K=6
  verify 1: accepted 5/5 (K=6) + correction -> +6 tokens (173.5 ms)  cpos=1160
  [margins] 10.65 11.09 11.43 12.04 10.50  K=6
  verify 2: accepted 5/5 (K=6) + correction -> +6 tokens (162.3 ms)  cpos=1166

[spec] generated 12 tokens over 2 verifies: mean tokens/verify = 6.00 (block=5, max 6)
[spec] tokens: 14204 50 14204 50 14204 50 14204 50 14204 50 14204 50
[spec] SPEC-DECODE: 27.1 ms/tok = 36.97 tok/s  (vs base M=1 70.8 ms/tok = 14.13 tok/s -> 2.62x)
[decode] PREFILL: 1515 positions in 24631.2 ms = 61.5 tok/s (16.258 ms/tok)
[capture] wrote /home/patrickd/s5-capture/agentic-p25-b0.1/c5/cap/shard_p271_s001515.dspc  1515 tok x (3 taps + 1 lm_in) x 4096 = 47.3 MB (32.0 KB/tok)
[probe] wrote 16 draft probes (block=5) to /home/patrickd/s5-capture/agentic-p25-b0.1/c5/cap/drafts_p271_s001515.txt
[spec] decoding 8 tokens (block=5, draft passes=1, adaptK=1.50, prompt=271 s=1516)...
  [margins] 9.04 12.80 13.34 9.87 11.09  K=6
  verify 1: accepted 5/5 (K=6) + correction -> +6 tokens (179.3 ms)  cpos=1521
  [margins] 11.25 14.45 13.83 11.31 12.58  K=6
  verify 2: accepted 5/5 (K=6) + correction -> +6 tokens (167.6 ms)  cpos=1527

[spec] generated 12 tokens over 2 verifies: mean tokens/verify = 6.00 (block=5, max 6)
[spec] tokens: 16 2497 1829 16 2497 1829 16 2497 1829 16 2497 1829
[spec] SPEC-DECODE: 27.9 ms/tok = 35.80 tok/s  (vs base M=1 70.8 ms/tok = 14.13 tok/s -> 2.53x)
[decode] PREFILL: 1047 positions in 16832.0 ms = 62.2 tok/s (16.076 ms/tok)
[capture] wrote /home/patrickd/s5-capture/agentic-p25-b0.1/c5/cap/shard_p272_s001047.dspc  1047 tok x (3 taps + 1 lm_in) x 4096 = 32.7 MB (32.0 KB/tok)
[probe] wrote 16 draft probes (block=5) to /home/patrickd/s5-capture/agentic-p25-b0.1/c5/cap/drafts_p272_s001047.txt
[spec] decoding 8 tokens (block=5, draft passes=1, adaptK=1.50, prompt=272 s=1048)...
  [margins] 13.52 11.81 14.66 6.31 6.57  K=6
  verify 1: accepted 3/5 (K=6) + correction -> +4 tokens (172.8 ms)  cpos=1051
  [margins] 14.33 12.12 14.63 6.69 4.93  K=6
  verify 2: accepted 3/5 (K=6) + correction -> +4 tokens (168.4 ms)  cpos=1055

[spec] generated 8 tokens over 2 verifies: mean tokens/verify = 4.00 (block=5, max 6)
[spec] tokens: 3749 11 3749 11 3749 11 3749 11
[spec] SPEC-DECODE: 42.1 ms/tok = 23.76 tok/s  (vs base M=1 70.8 ms/tok = 14.13 tok/s -> 1.68x)
[decode] PREFILL: 1067 positions in 17147.1 ms = 62.2 tok/s (16.070 ms/tok)
[capture] wrote /home/patrickd/s5-capture/agentic-p25-b0.1/c5/cap/shard_p273_s001067.dspc  1067 tok x (3 taps + 1 lm_in) x 4096 = 33.3 MB (32.0 KB/tok)
[probe] wrote 16 draft probes (block=5) to /home/patrickd/s5-capture/agentic-p25-b0.1/c5/cap/drafts_p273_s001067.txt
[spec] decoding 8 tokens (block=5, draft passes=1, adaptK=1.50, prompt=273 s=1068)...
  [margins] 14.21 16.52 13.22 12.06 15.23  K=6
  verify 1: accepted 5/5 (K=6) + correction -> +6 tokens (182.8 ms)  cpos=1073
  [margins] 18.58 19.18 17.89 16.63 16.37  K=6
  verify 2: accepted 5/5 (K=6) + correction -> +6 tokens (173.1 ms)  cpos=1079

[spec] generated 12 tokens over 2 verifies: mean tokens/verify = 6.00 (block=5, max 6)
[spec] tokens: 16 12722 260 1017 2775 295 1492 11628 13487 17 4532 100999
[spec] SPEC-DECODE: 28.9 ms/tok = 34.66 tok/s  (vs base M=1 70.8 ms/tok = 14.13 tok/s -> 2.45x)
[decode] PREFILL: 1451 positions in 23566.3 ms = 61.6 tok/s (16.241 ms/tok)
[capture] wrote /home/patrickd/s5-capture/agentic-p25-b0.1/c5/cap/shard_p274_s001451.dspc  1451 tok x (3 taps + 1 lm_in) x 4096 = 45.3 MB (32.0 KB/tok)
[probe] wrote 16 draft probes (block=5) to /home/patrickd/s5-capture/agentic-p25-b0.1/c5/cap/drafts_p274_s001451.txt
[spec] decoding 8 tokens (block=5, draft passes=1, adaptK=1.50, prompt=274 s=1452)...
  [margins] 21.73 15.58 13.55 3.41 0.00  K=5
  verify 1: accepted 4/4 (K=5) + correction -> +5 tokens (167.9 ms)  cpos=1456
  [margins] 19.48 15.68 10.85 1.31 1.02  K=4
  verify 2: accepted 3/3 (K=4) + correction -> +4 tokens (142.3 ms)  cpos=1460

[spec] generated 9 tokens over 2 verifies: mean tokens/verify = 4.50 (block=5, max 6)
[spec] tokens: 14 2310 1066 295 75677 2496 17919 513 100396
[spec] SPEC-DECODE: 35.6 ms/tok = 28.10 tok/s  (vs base M=1 70.8 ms/tok = 14.13 tok/s -> 1.99x)
[decode] PREFILL: 1042 positions in 16762.6 ms = 62.2 tok/s (16.087 ms/tok)
[capture] wrote /home/patrickd/s5-capture/agentic-p25-b0.1/c5/cap/shard_p275_s001042.dspc  1042 tok x (3 taps + 1 lm_in) x 4096 = 32.6 MB (32.0 KB/tok)
[probe] wrote 16 draft probes (block=5) to /home/patrickd/s5-capture/agentic-p25-b0.1/c5/cap/drafts_p275_s001042.txt
[spec] decoding 8 tokens (block=5, draft passes=1, adaptK=1.50, prompt=275 s=1043)...
  [margins] 3.33 9.82 2.10 1.05 1.04  K=4
  verify 1: accepted 2/3 (K=4) + correction -> +3 tokens (137.5 ms)  cpos=1045
  [margins] 2.49 12.16 1.24 1.49 0.02  K=3
  verify 2: accepted 2/2 (K=3) + correction -> +3 tokens (120.2 ms)  cpos=1048
  [margins] 4.20 5.83 11.54 0.31 1.65  K=4
  verify 3: accepted 1/3 (K=4) + correction -> +2 tokens (131.8 ms)  cpos=1050

[spec] generated 8 tokens over 3 verifies: mean tokens/verify = 2.67 (block=5, max 6)
[spec] tokens: 5497 1458 58934 5497 1458 3533 6634 7342
[spec] SPEC-DECODE: 50.4 ms/tok = 19.84 tok/s  (vs base M=1 70.8 ms/tok = 14.13 tok/s -> 1.40x)
[decode] PREFILL: 1095 positions in 17611.8 ms = 62.2 tok/s (16.084 ms/tok)
[capture] wrote /home/patrickd/s5-capture/agentic-p25-b0.1/c5/cap/shard_p276_s001095.dspc  1095 tok x (3 taps + 1 lm_in) x 4096 = 34.2 MB (32.0 KB/tok)
[probe] wrote 16 draft probes (block=5) to /home/patrickd/s5-capture/agentic-p25-b0.1/c5/cap/drafts_p276_s001095.txt
[spec] decoding 8 tokens (block=5, draft passes=1, adaptK=1.50, prompt=276 s=1096)...
  [margins] 21.72 15.58 19.17 17.43 15.10  K=6
  verify 1: accepted 5/5 (K=6) + correction -> +6 tokens (180.6 ms)  cpos=1101
  [margins] 9.41 6.61 10.34 15.57 11.92  K=6
  verify 2: accepted 5/5 (K=6) + correction -> +6 tokens (169.5 ms)  cpos=1107

[spec] generated 12 tokens over 2 verifies: mean tokens/verify = 6.00 (block=5, max 6)
[spec] tokens: 939 21 15 3600 15 2642 5925 36 9297 65 21 14239
[spec] SPEC-DECODE: 28.3 ms/tok = 35.39 tok/s  (vs base M=1 70.8 ms/tok = 14.13 tok/s -> 2.50x)
[decode] PREFILL: 1080 positions in 17373.9 ms = 62.2 tok/s (16.087 ms/tok)
[capture] wrote /home/patrickd/s5-capture/agentic-p25-b0.1/c5/cap/shard_p277_s001080.dspc  1080 tok x (3 taps + 1 lm_in) x 4096 = 33.8 MB (32.0 KB/tok)
[probe] wrote 16 draft probes (block=5) to /home/patrickd/s5-capture/agentic-p25-b0.1/c5/cap/drafts_p277_s001080.txt
[spec] decoding 8 tokens (block=5, draft passes=1, adaptK=1.50, prompt=277 s=1081)...
  [margins] 18.48 16.32 14.79 13.41 10.52  K=6
  verify 1: accepted 5/5 (K=6) + correction -> +6 tokens (176.2 ms)  cpos=1086
  [margins] 15.14 15.10 12.51 14.80 14.08  K=6
  verify 2: accepted 5/5 (K=6) + correction -> +6 tokens (176.9 ms)  cpos=1092

[spec] generated 12 tokens over 2 verifies: mean tokens/verify = 6.00 (block=5, max 6)
[spec] tokens: 13070 362 260 5146 25966 14 554 260 2303 16 4480 678
[spec] SPEC-DECODE: 29.5 ms/tok = 33.92 tok/s  (vs base M=1 70.8 ms/tok = 14.13 tok/s -> 2.40x)
[decode] PREFILL: 1449 positions in 23535.6 ms = 61.6 tok/s (16.243 ms/tok)
[capture] wrote /home/patrickd/s5-capture/agentic-p25-b0.1/c5/cap/shard_p278_s001449.dspc  1449 tok x (3 taps + 1 lm_in) x 4096 = 45.3 MB (32.0 KB/tok)
[probe] wrote 16 draft probes (block=5) to /home/patrickd/s5-capture/agentic-p25-b0.1/c5/cap/drafts_p278_s001449.txt
[spec] decoding 8 tokens (block=5, draft passes=1, adaptK=1.50, prompt=278 s=1450)...
  [margins] 21.89 16.20 10.55 20.72 11.50  K=6
  verify 1: accepted 5/5 (K=6) + correction -> +6 tokens (172.3 ms)  cpos=1455
  [margins] 21.52 16.68 11.26 20.68 10.86  K=6
  verify 2: accepted 5/5 (K=6) + correction -> +6 tokens (174.8 ms)  cpos=1461

[spec] generated 12 tokens over 2 verifies: mean tokens/verify = 6.00 (block=5, max 6)
[spec] tokens: 1933 79832 16 1933 79832 16 1933 79832 16 1933 79832 16
[spec] SPEC-DECODE: 29.1 ms/tok = 34.33 tok/s  (vs base M=1 70.8 ms/tok = 14.13 tok/s -> 2.43x)
[decode] PREFILL: 1072 positions in 17229.1 ms = 62.2 tok/s (16.072 ms/tok)
[capture] wrote /home/patrickd/s5-capture/agentic-p25-b0.1/c5/cap/shard_p279_s001072.dspc  1072 tok x (3 taps + 1 lm_in) x 4096 = 33.5 MB (32.0 KB/tok)
[probe] wrote 16 draft probes (block=5) to /home/patrickd/s5-capture/agentic-p25-b0.1/c5/cap/drafts_p279_s001072.txt
[spec] decoding 8 tokens (block=5, draft passes=1, adaptK=1.50, prompt=279 s=1073)...
  [margins] 15.52 13.58 13.50 13.66 11.77  K=6
  verify 1: accepted 5/5 (K=6) + correction -> +6 tokens (168.1 ms)  cpos=1078
  [margins] 16.11 13.88 13.95 13.68 11.74  K=6
  verify 2: accepted 5/5 (K=6) + correction -> +6 tokens (168.0 ms)  cpos=1084

[spec] generated 12 tokens over 2 verifies: mean tokens/verify = 6.00 (block=5, max 6)
[spec] tokens: 28863 271 372 28863 271 372 28863 271 372 28863 271 372
[spec] SPEC-DECODE: 28.0 ms/tok = 35.71 tok/s  (vs base M=1 70.8 ms/tok = 14.13 tok/s -> 2.53x)
[decode] PREFILL: 1097 positions in 17653.1 ms = 62.1 tok/s (16.092 ms/tok)
[capture] wrote /home/patrickd/s5-capture/agentic-p25-b0.1/c5/cap/shard_p280_s001097.dspc  1097 tok x (3 taps + 1 lm_in) x 4096 = 34.3 MB (32.0 KB/tok)
[probe] wrote 16 draft probes (block=5) to /home/patrickd/s5-capture/agentic-p25-b0.1/c5/cap/drafts_p280_s001097.txt
[spec] decoding 8 tokens (block=5, draft passes=1, adaptK=1.50, prompt=280 s=1098)...
  [margins] 21.97 13.88 15.70 16.46 12.03  K=6
  verify 1: accepted 5/5 (K=6) + correction -> +6 tokens (174.7 ms)  cpos=1103
  [margins] 21.37 13.43 15.17 16.15 11.84  K=6
  verify 2: accepted 5/5 (K=6) + correction -> +6 tokens (176.3 ms)  cpos=1109

[spec] generated 12 tokens over 2 verifies: mean tokens/verify = 6.00 (block=5, max 6)
[spec] tokens: 3287 344 223 16259 16 455 3287 344 223 16259 16 455
[spec] SPEC-DECODE: 29.4 ms/tok = 34.04 tok/s  (vs base M=1 70.8 ms/tok = 14.13 tok/s -> 2.41x)
[decode] PREFILL: 1100 positions in 17690.8 ms = 62.2 tok/s (16.083 ms/tok)
[capture] wrote /home/patrickd/s5-capture/agentic-p25-b0.1/c5/cap/shard_p281_s001100.dspc  1100 tok x (3 taps + 1 lm_in) x 4096 = 34.4 MB (32.0 KB/tok)
[probe] wrote 16 draft probes (block=5) to /home/patrickd/s5-capture/agentic-p25-b0.1/c5/cap/drafts_p281_s001100.txt
[spec] decoding 8 tokens (block=5, draft passes=1, adaptK=1.50, prompt=281 s=1101)...
  [margins] 13.07 14.85 14.54 14.10 11.57  K=6
  verify 1: accepted 5/5 (K=6) + correction -> +6 tokens (173.5 ms)  cpos=1106
  [margins] 18.86 15.21 19.83 11.22 4.20  K=6
  verify 2: accepted 5/5 (K=6) + correction -> +6 tokens (174.8 ms)  cpos=1112

[spec] generated 12 tokens over 2 verifies: mean tokens/verify = 6.00 (block=5, max 6)
[spec] tokens: 5497 387 13201 15947 57652 19668 23537 31798 21750 14737 39058 5497
[spec] SPEC-DECODE: 29.1 ms/tok = 34.33 tok/s  (vs base M=1 70.8 ms/tok = 14.13 tok/s -> 2.43x)
[decode] PREFILL: 1094 positions in 17603.0 ms = 62.1 tok/s (16.090 ms/tok)
[capture] wrote /home/patrickd/s5-capture/agentic-p25-b0.1/c5/cap/shard_p282_s001094.dspc  1094 tok x (3 taps + 1 lm_in) x 4096 = 34.2 MB (32.0 KB/tok)
[probe] wrote 16 draft probes (block=5) to /home/patrickd/s5-capture/agentic-p25-b0.1/c5/cap/drafts_p282_s001094.txt
[spec] decoding 8 tokens (block=5, draft passes=1, adaptK=1.50, prompt=282 s=1095)...
  [margins] 15.95 14.05 17.92 18.81 17.53  K=6
  verify 1: accepted 5/5 (K=6) + correction -> +6 tokens (180.0 ms)  cpos=1100
  [margins] 18.86 18.64 14.93 10.93 12.26  K=6
  verify 2: accepted 5/5 (K=6) + correction -> +6 tokens (165.1 ms)  cpos=1106

[spec] generated 12 tokens over 2 verifies: mean tokens/verify = 6.00 (block=5, max 6)
[spec] tokens: 16 4981 4001 33402 46877 121437 50307 23074 23 23074 69 125847
[spec] SPEC-DECODE: 27.5 ms/tok = 36.35 tok/s  (vs base M=1 70.8 ms/tok = 14.13 tok/s -> 2.57x)
[decode] PREFILL: 1087 positions in 17480.4 ms = 62.2 tok/s (16.081 ms/tok)
[capture] wrote /home/patrickd/s5-capture/agentic-p25-b0.1/c5/cap/shard_p283_s001087.dspc  1087 tok x (3 taps + 1 lm_in) x 4096 = 34.0 MB (32.0 KB/tok)
[probe] wrote 16 draft probes (block=5) to /home/patrickd/s5-capture/agentic-p25-b0.1/c5/cap/drafts_p283_s001087.txt
[spec] decoding 8 tokens (block=5, draft passes=1, adaptK=1.50, prompt=283 s=1088)...
  [margins] 13.24 17.06 10.01 1.69 5.30  K=6
  verify 1: accepted 5/5 (K=6) + correction -> +6 tokens (178.2 ms)  cpos=1093
  [margins] 18.59 17.58 17.75 15.02 13.37  K=6
  verify 2: accepted 5/5 (K=6) + correction -> +6 tokens (169.8 ms)  cpos=1099

[spec] generated 12 tokens over 2 verifies: mean tokens/verify = 6.00 (block=5, max 6)
[spec] tokens: 1531 366 295 270 8786 294 260 26639 2873 418 270 4105
[spec] SPEC-DECODE: 28.3 ms/tok = 35.34 tok/s  (vs base M=1 70.8 ms/tok = 14.13 tok/s -> 2.50x)
[decode] PREFILL: 1632 positions in 26635.8 ms = 61.3 tok/s (16.321 ms/tok)
[capture] wrote /home/patrickd/s5-capture/agentic-p25-b0.1/c5/cap/shard_p284_s001632.dspc  1632 tok x (3 taps + 1 lm_in) x 4096 = 51.0 MB (32.0 KB/tok)
[probe] wrote 16 draft probes (block=5) to /home/patrickd/s5-capture/agentic-p25-b0.1/c5/cap/drafts_p284_s001632.txt
[spec] decoding 8 tokens (block=5, draft passes=1, adaptK=1.50, prompt=284 s=1633)...
  [margins] 21.17 18.47 14.39 16.49 7.52  K=6
  verify 1: accepted 5/5 (K=6) + correction -> +6 tokens (181.8 ms)  cpos=1638
  [margins] 20.85 19.55 17.07 14.08 3.19  K=6
  verify 2: accepted 5/5 (K=6) + correction -> +6 tokens (179.0 ms)  cpos=1644

[spec] generated 12 tokens over 2 verifies: mean tokens/verify = 6.00 (block=5, max 6)
[spec] tokens: 81 282 810 2167 74283 3533 81 282 810 2167 371 2886
[spec] SPEC-DECODE: 29.8 ms/tok = 33.53 tok/s  (vs base M=1 70.8 ms/tok = 14.13 tok/s -> 2.37x)
[decode] PREFILL: 1091 positions in 17545.9 ms = 62.2 tok/s (16.082 ms/tok)
[capture] wrote /home/patrickd/s5-capture/agentic-p25-b0.1/c5/cap/shard_p285_s001091.dspc  1091 tok x (3 taps + 1 lm_in) x 4096 = 34.1 MB (32.0 KB/tok)
[probe] wrote 16 draft probes (block=5) to /home/patrickd/s5-capture/agentic-p25-b0.1/c5/cap/drafts_p285_s001091.txt
[spec] decoding 8 tokens (block=5, draft passes=1, adaptK=1.50, prompt=285 s=1092)...
  [margins] 11.81 10.45 12.94 8.97 10.54  K=6
  verify 1: accepted 5/5 (K=6) + correction -> +6 tokens (173.6 ms)  cpos=1097
  [margins] 12.53 10.62 13.41 8.98 11.05  K=6
  verify 2: accepted 5/5 (K=6) + correction -> +6 tokens (164.4 ms)  cpos=1103

[spec] generated 12 tokens over 2 verifies: mean tokens/verify = 6.00 (block=5, max 6)
[spec] tokens: 455 16 455 16 455 16 455 16 455 16 455 16
[spec] SPEC-DECODE: 27.4 ms/tok = 36.49 tok/s  (vs base M=1 70.8 ms/tok = 14.13 tok/s -> 2.58x)
[decode] PREFILL: 1069 positions in 17192.3 ms = 62.2 tok/s (16.083 ms/tok)
[capture] wrote /home/patrickd/s5-capture/agentic-p25-b0.1/c5/cap/shard_p286_s001069.dspc  1069 tok x (3 taps + 1 lm_in) x 4096 = 33.4 MB (32.0 KB/tok)
[probe] wrote 16 draft probes (block=5) to /home/patrickd/s5-capture/agentic-p25-b0.1/c5/cap/drafts_p286_s001069.txt
[spec] decoding 8 tokens (block=5, draft passes=1, adaptK=1.50, prompt=286 s=1070)...
  [margins] 20.05 10.69 10.01 10.03 11.12  K=6
  verify 1: accepted 5/5 (K=6) + correction -> +6 tokens (176.2 ms)  cpos=1075
  [margins] 16.24 7.93 14.42 12.51 7.64  K=6
  verify 2: accepted 5/5 (K=6) + correction -> +6 tokens (175.8 ms)  cpos=1081

[spec] generated 12 tokens over 2 verifies: mean tokens/verify = 6.00 (block=5, max 6)
[spec] tokens: 14904 16 223 20 289 9517 344 270 2019 14904 16 223
[spec] SPEC-DECODE: 29.3 ms/tok = 34.13 tok/s  (vs base M=1 70.8 ms/tok = 14.13 tok/s -> 2.42x)
[decode] PREFILL: 1041 positions in 16745.0 ms = 62.2 tok/s (16.086 ms/tok)
[capture] wrote /home/patrickd/s5-capture/agentic-p25-b0.1/c5/cap/shard_p287_s001041.dspc  1041 tok x (3 taps + 1 lm_in) x 4096 = 32.5 MB (32.0 KB/tok)
[probe] wrote 16 draft probes (block=5) to /home/patrickd/s5-capture/agentic-p25-b0.1/c5/cap/drafts_p287_s001041.txt
[spec] decoding 8 tokens (block=5, draft passes=1, adaptK=1.50, prompt=287 s=1042)...
  [margins] 13.92 15.59 15.63 15.52 9.16  K=6
  verify 1: accepted 5/5 (K=6) + correction -> +6 tokens (174.9 ms)  cpos=1047
  [margins] 19.83 19.66 9.09 13.08 9.57  K=6
  verify 2: accepted 5/5 (K=6) + correction -> +6 tokens (179.0 ms)  cpos=1053

[spec] generated 12 tokens over 2 verifies: mean tokens/verify = 6.00 (block=5, max 6)
[spec] tokens: 11 565 223 18 5157 201 20 16 61896 5625 23629 343
[spec] SPEC-DECODE: 29.8 ms/tok = 33.51 tok/s  (vs base M=1 70.8 ms/tok = 14.13 tok/s -> 2.37x)
[decode] PREFILL: 2251 positions in 37351.4 ms = 60.3 tok/s (16.593 ms/tok)
[capture] wrote /home/patrickd/s5-capture/agentic-p25-b0.1/c5/cap/shard_p288_s002251.dspc  2251 tok x (3 taps + 1 lm_in) x 4096 = 70.4 MB (32.0 KB/tok)
[probe] wrote 16 draft probes (block=5) to /home/patrickd/s5-capture/agentic-p25-b0.1/c5/cap/drafts_p288_s002251.txt
[spec] decoding 8 tokens (block=5, draft passes=1, adaptK=1.50, prompt=288 s=2252)...
  [margins] 5.91 5.07 2.06 0.82 1.53  K=4
  verify 1: accepted 2/3 (K=4) + correction -> +3 tokens (149.0 ms)  cpos=2254
  [margins] 0.30 2.02 0.22 0.87 4.87  K=3
  verify 2: accepted 0/2 (K=3) + correction -> +1 tokens (127.9 ms)  cpos=2255
  [margins] 0.52 0.24 0.78 0.82 2.46  K=2
  verify 3: accepted 1/1 (K=2) + correction -> +2 tokens (116.9 ms)  cpos=2257
  [margins] 0.08 8.33 0.21 1.16 0.66  K=3
  verify 4: accepted 0/2 (K=3) + correction -> +1 tokens (132.0 ms)  cpos=2258
  [margins] 8.63 1.53 2.45 5.14 2.06  K=6
  verify 5: accepted 1/5 (K=6) + correction -> +2 tokens (182.7 ms)  cpos=2260

[spec] generated 9 tokens over 5 verifies: mean tokens/verify = 1.80 (block=5, max 6)
[spec] tokens: 7552 295 1623 5970 7845 305 17341 16 1
[spec] SPEC-DECODE: 93.2 ms/tok = 10.72 tok/s  (vs base M=1 70.8 ms/tok = 14.13 tok/s -> 0.76x)
[decode] PREFILL: 1167 positions in 18810.0 ms = 62.0 tok/s (16.118 ms/tok)
[capture] wrote /home/patrickd/s5-capture/agentic-p25-b0.1/c5/cap/shard_p289_s001167.dspc  1167 tok x (3 taps + 1 lm_in) x 4096 = 36.5 MB (32.0 KB/tok)
[probe] wrote 16 draft probes (block=5) to /home/patrickd/s5-capture/agentic-p25-b0.1/c5/cap/drafts_p289_s001167.txt
[spec] decoding 8 tokens (block=5, draft passes=1, adaptK=1.50, prompt=289 s=1168)...
  [margins] 1.38 0.28 0.59 0.01 2.04  K=2
  verify 1: accepted 1/1 (K=2) + correction -> +2 tokens (112.8 ms)  cpos=1169
  [margins] 6.81 0.43 1.80 2.48 2.06  K=2
  verify 2: accepted 1/1 (K=2) + correction -> +2 tokens (105.0 ms)  cpos=1171
  [margins] 6.50 0.47 0.81 0.12 0.75  K=2
  verify 3: accepted 1/1 (K=2) + correction -> +2 tokens (110.4 ms)  cpos=1173
  [margins] 6.62 2.10 0.02 0.77 0.35  K=3
  verify 4: accepted 1/2 (K=3) + correction -> +2 tokens (122.1 ms)  cpos=1175

[spec] generated 8 tokens over 4 verifies: mean tokens/verify = 2.00 (block=5, max 6)
[spec] tokens: 304 7561 798 1082 342 4571 7692 362
[spec] SPEC-DECODE: 56.3 ms/tok = 17.77 tok/s  (vs base M=1 70.8 ms/tok = 14.13 tok/s -> 1.26x)
[decode] PREFILL: 1106 positions in 17804.3 ms = 62.1 tok/s (16.098 ms/tok)
[capture] wrote /home/patrickd/s5-capture/agentic-p25-b0.1/c5/cap/shard_p290_s001106.dspc  1106 tok x (3 taps + 1 lm_in) x 4096 = 34.6 MB (32.0 KB/tok)
[probe] wrote 16 draft probes (block=5) to /home/patrickd/s5-capture/agentic-p25-b0.1/c5/cap/drafts_p290_s001106.txt
[spec] decoding 8 tokens (block=5, draft passes=1, adaptK=1.50, prompt=290 s=1107)...
  [margins] 11.41 11.51 14.39 10.71 12.23  K=6
  verify 1: accepted 5/5 (K=6) + correction -> +6 tokens (181.3 ms)  cpos=1112
  [margins] 18.07 17.87 14.37 12.25 13.81  K=6
  verify 2: accepted 5/5 (K=6) + correction -> +6 tokens (168.7 ms)  cpos=1118

[spec] generated 12 tokens over 2 verifies: mean tokens/verify = 6.00 (block=5, max 6)
[spec] tokens: 16 455 3287 344 957 3354 16 504 16 455 3287 344
[spec] SPEC-DECODE: 28.1 ms/tok = 35.57 tok/s  (vs base M=1 70.8 ms/tok = 14.13 tok/s -> 2.52x)
[decode] PREFILL: 1075 positions in 17292.3 ms = 62.2 tok/s (16.086 ms/tok)
[capture] wrote /home/patrickd/s5-capture/agentic-p25-b0.1/c5/cap/shard_p291_s001075.dspc  1075 tok x (3 taps + 1 lm_in) x 4096 = 33.6 MB (32.0 KB/tok)
[probe] wrote 16 draft probes (block=5) to /home/patrickd/s5-capture/agentic-p25-b0.1/c5/cap/drafts_p291_s001075.txt
[spec] decoding 8 tokens (block=5, draft passes=1, adaptK=1.50, prompt=291 s=1076)...
  [margins] 15.04 8.80 2.48 9.43 6.01  K=6
  verify 1: accepted 5/5 (K=6) + correction -> +6 tokens (181.0 ms)  cpos=1081
  [margins] 16.31 10.37 14.19 6.78 0.49  K=5
  verify 2: accepted 4/4 (K=5) + correction -> +5 tokens (151.6 ms)  cpos=1086

[spec] generated 11 tokens over 2 verifies: mean tokens/verify = 5.50 (block=5, max 6)
[spec] tokens: 4105 16 20325 14 696 554 1926 270 4105 16 33541
[spec] SPEC-DECODE: 30.3 ms/tok = 32.98 tok/s  (vs base M=1 70.8 ms/tok = 14.13 tok/s -> 2.33x)
[decode] PREFILL: 1095 positions in 17619.0 ms = 62.1 tok/s (16.090 ms/tok)
[capture] wrote /home/patrickd/s5-capture/agentic-p25-b0.1/c5/cap/shard_p292_s001095.dspc  1095 tok x (3 taps + 1 lm_in) x 4096 = 34.2 MB (32.0 KB/tok)
[probe] wrote 16 draft probes (block=5) to /home/patrickd/s5-capture/agentic-p25-b0.1/c5/cap/drafts_p292_s001095.txt
[spec] decoding 8 tokens (block=5, draft passes=1, adaptK=1.50, prompt=292 s=1096)...
  [margins] 11.74 14.16 12.10 13.47 8.55  K=6
  verify 1: accepted 5/5 (K=6) + correction -> +6 tokens (177.2 ms)  cpos=1101
  [margins] 17.55 12.94 18.49 7.68 10.89  K=6
  verify 2: accepted 5/5 (K=6) + correction -> +6 tokens (166.9 ms)  cpos=1107

[spec] generated 12 tokens over 2 verifies: mean tokens/verify = 6.00 (block=5, max 6)
[spec] tokens: 6688 2501 270 1926 16 6688 2501 270 1926 16 6688 2501
[spec] SPEC-DECODE: 27.8 ms/tok = 35.95 tok/s  (vs base M=1 70.8 ms/tok = 14.13 tok/s -> 2.54x)
[decode] PREFILL: 1522 positions in 24762.4 ms = 61.5 tok/s (16.270 ms/tok)
[capture] wrote /home/patrickd/s5-capture/agentic-p25-b0.1/c5/cap/shard_p293_s001522.dspc  1522 tok x (3 taps + 1 lm_in) x 4096 = 47.6 MB (32.0 KB/tok)
[probe] wrote 16 draft probes (block=5) to /home/patrickd/s5-capture/agentic-p25-b0.1/c5/cap/drafts_p293_s001522.txt
[spec] decoding 8 tokens (block=5, draft passes=1, adaptK=1.50, prompt=293 s=1523)...
  [margins] 6.03 10.73 10.66 8.42 4.59  K=6
  verify 1: accepted 5/5 (K=6) + correction -> +6 tokens (186.4 ms)  cpos=1528
  [margins] 15.32 14.65 16.20 10.10 12.36  K=6
  verify 2: accepted 5/5 (K=6) + correction -> +6 tokens (171.6 ms)  cpos=1534

[spec] generated 12 tokens over 2 verifies: mean tokens/verify = 6.00 (block=5, max 6)
[spec] tokens: 455 6029 33234 3504 304 270 6677 734 18015 14 778 4491
[spec] SPEC-DECODE: 28.6 ms/tok = 34.96 tok/s  (vs base M=1 70.8 ms/tok = 14.13 tok/s -> 2.47x)
[decode] PREFILL: 1409 positions in 22867.5 ms = 61.6 tok/s (16.230 ms/tok)
[capture] wrote /home/patrickd/s5-capture/agentic-p25-b0.1/c5/cap/shard_p294_s001409.dspc  1409 tok x (3 taps + 1 lm_in) x 4096 = 44.0 MB (32.0 KB/tok)
[probe] wrote 16 draft probes (block=5) to /home/patrickd/s5-capture/agentic-p25-b0.1/c5/cap/drafts_p294_s001409.txt
[spec] decoding 8 tokens (block=5, draft passes=1, adaptK=1.50, prompt=294 s=1410)...
  [margins] 20.16 16.13 15.24 18.49 7.13  K=6
  verify 1: accepted 5/5 (K=6) + correction -> +6 tokens (176.2 ms)  cpos=1415
  [margins] 7.32 18.58 13.38 13.11 7.25  K=6
  verify 2: accepted 5/5 (K=6) + correction -> +6 tokens (176.3 ms)  cpos=1421

[spec] generated 12 tokens over 2 verifies: mean tokens/verify = 6.00 (block=5, max 6)
[spec] tokens: 17070 24 6491 13428 27277 20 6491 13428 23885 18 6491 13428
[spec] SPEC-DECODE: 29.4 ms/tok = 34.04 tok/s  (vs base M=1 70.8 ms/tok = 14.13 tok/s -> 2.41x)
[decode] PREFILL: 1521 positions in 24754.0 ms = 61.4 tok/s (16.275 ms/tok)
[capture] wrote /home/patrickd/s5-capture/agentic-p25-b0.1/c5/cap/shard_p295_s001521.dspc  1521 tok x (3 taps + 1 lm_in) x 4096 = 47.5 MB (32.0 KB/tok)
[probe] wrote 16 draft probes (block=5) to /home/patrickd/s5-capture/agentic-p25-b0.1/c5/cap/drafts_p295_s001521.txt
[spec] decoding 8 tokens (block=5, draft passes=1, adaptK=1.50, prompt=295 s=1522)...
  [margins] 15.29 6.22 13.44 14.29 16.29  K=6
  verify 1: accepted 5/5 (K=6) + correction -> +6 tokens (176.8 ms)  cpos=1527
  [margins] 18.83 12.27 22.88 13.99 8.39  K=6
  verify 2: accepted 5/5 (K=6) + correction -> +6 tokens (178.3 ms)  cpos=1533

[spec] generated 12 tokens over 2 verifies: mean tokens/verify = 6.00 (block=5, max 6)
[spec] tokens: 47239 20819 4584 992 1154 5497 387 3068 1769 47239 20819 4584
[spec] SPEC-DECODE: 29.7 ms/tok = 33.65 tok/s  (vs base M=1 70.8 ms/tok = 14.13 tok/s -> 2.38x)
[decode] PREFILL: 1149 positions in 18492.7 ms = 62.1 tok/s (16.095 ms/tok)
[capture] wrote /home/patrickd/s5-capture/agentic-p25-b0.1/c5/cap/shard_p296_s001149.dspc  1149 tok x (3 taps + 1 lm_in) x 4096 = 35.9 MB (32.0 KB/tok)
[probe] wrote 16 draft probes (block=5) to /home/patrickd/s5-capture/agentic-p25-b0.1/c5/cap/drafts_p296_s001149.txt
[spec] decoding 8 tokens (block=5, draft passes=1, adaptK=1.50, prompt=296 s=1150)...
  [margins] 5.27 12.01 11.86 5.20 11.15  K=6
  verify 1: accepted 5/5 (K=6) + correction -> +6 tokens (182.7 ms)  cpos=1155
  [margins] 6.14 13.00 13.28 5.87 12.75  K=6
  verify 2: accepted 5/5 (K=6) + correction -> +6 tokens (171.3 ms)  cpos=1161

[spec] generated 12 tokens over 2 verifies: mean tokens/verify = 6.00 (block=5, max 6)
[spec] tokens: 16 11628 86 16 11628 86 16 11628 86 16 11628 86
[spec] SPEC-DECODE: 28.5 ms/tok = 35.03 tok/s  (vs base M=1 70.8 ms/tok = 14.13 tok/s -> 2.48x)
[decode] PREFILL: 1235 positions in 19954.6 ms = 61.9 tok/s (16.158 ms/tok)
[capture] wrote /home/patrickd/s5-capture/agentic-p25-b0.1/c5/cap/shard_p297_s001235.dspc  1235 tok x (3 taps + 1 lm_in) x 4096 = 38.6 MB (32.0 KB/tok)
[probe] wrote 16 draft probes (block=5) to /home/patrickd/s5-capture/agentic-p25-b0.1/c5/cap/drafts_p297_s001235.txt
[spec] decoding 8 tokens (block=5, draft passes=1, adaptK=1.50, prompt=297 s=1236)...
  [margins] 16.06 18.83 0.66 10.24 6.24  K=3
  verify 1: accepted 2/2 (K=3) + correction -> +3 tokens (130.4 ms)  cpos=1238
  [margins] 17.61 16.38 12.85 6.41 10.77  K=6
  verify 2: accepted 5/5 (K=6) + correction -> +6 tokens (179.0 ms)  cpos=1244

[spec] generated 9 tokens over 2 verifies: mean tokens/verify = 4.50 (block=5, max 6)
[spec] tokens: 223 2738 91322 294 1499 16 471 53204 7711
[spec] SPEC-DECODE: 29.8 ms/tok = 33.52 tok/s  (vs base M=1 70.8 ms/tok = 14.13 tok/s -> 2.37x)
[decode] PREFILL: 1251 positions in 20212.0 ms = 61.9 tok/s (16.157 ms/tok)
[capture] wrote /home/patrickd/s5-capture/agentic-p25-b0.1/c5/cap/shard_p298_s001251.dspc  1251 tok x (3 taps + 1 lm_in) x 4096 = 39.1 MB (32.0 KB/tok)
[probe] wrote 16 draft probes (block=5) to /home/patrickd/s5-capture/agentic-p25-b0.1/c5/cap/drafts_p298_s001251.txt
[spec] decoding 8 tokens (block=5, draft passes=1, adaptK=1.50, prompt=298 s=1252)...
  [margins] 17.36 8.39 13.23 0.12 5.98  K=4
  verify 1: accepted 3/3 (K=4) + correction -> +4 tokens (148.8 ms)  cpos=1255
  [margins] 5.68 7.76 8.87 7.71 9.35  K=6
  verify 2: accepted 5/5 (K=6) + correction -> +6 tokens (176.5 ms)  cpos=1261

[spec] generated 10 tokens over 2 verifies: mean tokens/verify = 5.00 (block=5, max 6)
[spec] tokens: 260 56331 1893 339 26141 28 582 26284 14 270
[spec] SPEC-DECODE: 29.4 ms/tok = 33.99 tok/s  (vs base M=1 70.8 ms/tok = 14.13 tok/s -> 2.41x)
[decode] PREFILL: 1240 positions in 20032.3 ms = 61.9 tok/s (16.155 ms/tok)
[capture] wrote /home/patrickd/s5-capture/agentic-p25-b0.1/c5/cap/shard_p299_s001240.dspc  1240 tok x (3 taps + 1 lm_in) x 4096 = 38.8 MB (32.0 KB/tok)
[probe] wrote 16 draft probes (block=5) to /home/patrickd/s5-capture/agentic-p25-b0.1/c5/cap/drafts_p299_s001240.txt
[spec] decoding 8 tokens (block=5, draft passes=1, adaptK=1.50, prompt=299 s=1241)...
  [margins] 12.62 8.65 2.55 4.56 1.31  K=5
  verify 1: accepted 3/4 (K=5) + correction -> +4 tokens (162.7 ms)  cpos=1244
  [margins] 14.91 14.23 2.69 4.82 0.87  K=5
  verify 2: accepted 4/4 (K=5) + correction -> +5 tokens (153.7 ms)  cpos=1249

[spec] generated 9 tokens over 2 verifies: mean tokens/verify = 4.50 (block=5, max 6)
[spec] tokens: 14 14342 270 4666 1055 260 55568 294 35166
[spec] SPEC-DECODE: 30.7 ms/tok = 32.53 tok/s  (vs base M=1 70.8 ms/tok = 14.13 tok/s -> 2.30x)
[decode] PREFILL: 1037 positions in 16663.8 ms = 62.2 tok/s (16.069 ms/tok)
[capture] wrote /home/patrickd/s5-capture/agentic-p25-b0.1/c5/cap/shard_p300_s001037.dspc  1037 tok x (3 taps + 1 lm_in) x 4096 = 32.4 MB (32.0 KB/tok)
[probe] wrote 16 draft probes (block=5) to /home/patrickd/s5-capture/agentic-p25-b0.1/c5/cap/drafts_p300_s001037.txt
[spec] decoding 8 tokens (block=5, draft passes=1, adaptK=1.50, prompt=300 s=1038)...
  [margins] 13.32 16.02 13.18 12.45 13.01  K=6
  verify 1: accepted 5/5 (K=6) + correction -> +6 tokens (163.6 ms)  cpos=1043
  [margins] 13.57 15.09 12.96 13.75 12.33  K=6
  verify 2: accepted 5/5 (K=6) + correction -> +6 tokens (162.4 ms)  cpos=1049

[spec] generated 12 tokens over 2 verifies: mean tokens/verify = 6.00 (block=5, max 6)
[spec] tokens: 5809 20617 5809 20617 5809 20617 5809 20617 5809 20617 5809 20617
[spec] SPEC-DECODE: 27.1 ms/tok = 36.94 tok/s  (vs base M=1 70.8 ms/tok = 14.13 tok/s -> 2.61x)
[decode] PREFILL: 1041 positions in 16734.1 ms = 62.2 tok/s (16.075 ms/tok)
[capture] wrote /home/patrickd/s5-capture/agentic-p25-b0.1/c5/cap/shard_p301_s001041.dspc  1041 tok x (3 taps + 1 lm_in) x 4096 = 32.5 MB (32.0 KB/tok)
[probe] wrote 16 draft probes (block=5) to /home/patrickd/s5-capture/agentic-p25-b0.1/c5/cap/drafts_p301_s001041.txt
[spec] decoding 8 tokens (block=5, draft passes=1, adaptK=1.50, prompt=301 s=1042)...
  [margins] 13.86 11.83 15.23 11.19 9.92  K=6
  verify 1: accepted 5/5 (K=6) + correction -> +6 tokens (175.0 ms)  cpos=1047
  [margins] 18.60 13.96 14.86 11.79 10.98  K=6
  verify 2: accepted 5/5 (K=6) + correction -> +6 tokens (174.8 ms)  cpos=1053

[spec] generated 12 tokens over 2 verifies: mean tokens/verify = 6.00 (block=5, max 6)
[spec] tokens: 3749 455 14803 696 554 3052 823 403 9563 13312 1499 16
[spec] SPEC-DECODE: 29.1 ms/tok = 34.32 tok/s  (vs base M=1 70.8 ms/tok = 14.13 tok/s -> 2.43x)
[decode] PREFILL: 1557 positions in 25389.1 ms = 61.3 tok/s (16.306 ms/tok)
[capture] wrote /home/patrickd/s5-capture/agentic-p25-b0.1/c5/cap/shard_p302_s001557.dspc  1557 tok x (3 taps + 1 lm_in) x 4096 = 48.7 MB (32.0 KB/tok)
[probe] wrote 16 draft probes (block=5) to /home/patrickd/s5-capture/agentic-p25-b0.1/c5/cap/drafts_p302_s001557.txt
[spec] decoding 8 tokens (block=5, draft passes=1, adaptK=1.50, prompt=302 s=1558)...
  [margins] 16.92 12.31 8.76 13.94 14.34  K=6
  verify 1: accepted 5/5 (K=6) + correction -> +6 tokens (179.0 ms)  cpos=1563
  [margins] 15.03 13.61 12.95 9.41 17.42  K=6
  verify 2: accepted 5/5 (K=6) + correction -> +6 tokens (180.6 ms)  cpos=1569

[spec] generated 12 tokens over 2 verifies: mean tokens/verify = 6.00 (block=5, max 6)
[spec] tokens: 67 16 455 4813 3287 344 334 28 4724 388 297 67888
[spec] SPEC-DECODE: 30.1 ms/tok = 33.23 tok/s  (vs base M=1 70.8 ms/tok = 14.13 tok/s -> 2.35x)
[decode] PREFILL: 1081 positions in 17390.5 ms = 62.2 tok/s (16.087 ms/tok)
[capture] wrote /home/patrickd/s5-capture/agentic-p25-b0.1/c5/cap/shard_p303_s001081.dspc  1081 tok x (3 taps + 1 lm_in) x 4096 = 33.8 MB (32.0 KB/tok)
[probe] wrote 16 draft probes (block=5) to /home/patrickd/s5-capture/agentic-p25-b0.1/c5/cap/drafts_p303_s001081.txt
[spec] decoding 8 tokens (block=5, draft passes=1, adaptK=1.50, prompt=303 s=1082)...
  [margins] 13.61 12.08 16.05 10.11 14.47  K=6
  verify 1: accepted 5/5 (K=6) + correction -> +6 tokens (174.9 ms)  cpos=1087
  [margins] 10.92 16.82 13.42 10.01 13.50  K=6
  verify 2: accepted 5/5 (K=6) + correction -> +6 tokens (174.1 ms)  cpos=1093

[spec] generated 12 tokens over 2 verifies: mean tokens/verify = 6.00 (block=5, max 6)
[spec] tokens: 73476 271 6287 782 2818 13190 377 3277 71007 305 7889 42199
[spec] SPEC-DECODE: 29.0 ms/tok = 34.47 tok/s  (vs base M=1 70.8 ms/tok = 14.13 tok/s -> 2.44x)
[decode] PREFILL: 1081 positions in 17391.1 ms = 62.2 tok/s (16.088 ms/tok)
[capture] wrote /home/patrickd/s5-capture/agentic-p25-b0.1/c5/cap/shard_p304_s001081.dspc  1081 tok x (3 taps + 1 lm_in) x 4096 = 33.8 MB (32.0 KB/tok)
[probe] wrote 16 draft probes (block=5) to /home/patrickd/s5-capture/agentic-p25-b0.1/c5/cap/drafts_p304_s001081.txt
[spec] decoding 8 tokens (block=5, draft passes=1, adaptK=1.50, prompt=304 s=1082)...
  [margins] 8.77 10.40 9.61 9.63 9.30  K=6
  verify 1: accepted 5/5 (K=6) + correction -> +6 tokens (176.8 ms)  cpos=1087
  [margins] 11.77 2.81 11.62 7.08 5.33  K=6
  verify 2: accepted 5/5 (K=6) + correction -> +6 tokens (176.3 ms)  cpos=1093

[spec] generated 12 tokens over 2 verifies: mean tokens/verify = 6.00 (block=5, max 6)
[spec] tokens: 14 696 554 1926 270 4105 16 11930 14 696 554 1926
[spec] SPEC-DECODE: 29.4 ms/tok = 34.04 tok/s  (vs base M=1 70.8 ms/tok = 14.13 tok/s -> 2.41x)
[decode] PREFILL: 1120 positions in 18013.2 ms = 62.2 tok/s (16.083 ms/tok)
[capture] wrote /home/patrickd/s5-capture/agentic-p25-b0.1/c5/cap/shard_p305_s001120.dspc  1120 tok x (3 taps + 1 lm_in) x 4096 = 35.0 MB (32.0 KB/tok)
[probe] wrote 16 draft probes (block=5) to /home/patrickd/s5-capture/agentic-p25-b0.1/c5/cap/drafts_p305_s001120.txt
[spec] decoding 8 tokens (block=5, draft passes=1, adaptK=1.50, prompt=305 s=1121)...
  [margins] 16.79 14.55 17.26 18.08 11.02  K=6
  verify 1: accepted 5/5 (K=6) + correction -> +6 tokens (174.0 ms)  cpos=1126
  [margins] 13.84 10.14 10.39 13.78 14.28  K=6
  verify 2: accepted 5/5 (K=6) + correction -> +6 tokens (176.4 ms)  cpos=1132

[spec] generated 12 tokens over 2 verifies: mean tokens/verify = 6.00 (block=5, max 6)
[spec] tokens: 790 342 588 1664 8233 418 396 16 342 4571 19054 14
[spec] SPEC-DECODE: 29.4 ms/tok = 34.02 tok/s  (vs base M=1 70.8 ms/tok = 14.13 tok/s -> 2.41x)
[decode] PREFILL: 2309 positions in 38377.6 ms = 60.2 tok/s (16.621 ms/tok)
[capture] wrote /home/patrickd/s5-capture/agentic-p25-b0.1/c5/cap/shard_p306_s002309.dspc  2309 tok x (3 taps + 1 lm_in) x 4096 = 72.2 MB (32.0 KB/tok)
[probe] wrote 16 draft probes (block=5) to /home/patrickd/s5-capture/agentic-p25-b0.1/c5/cap/drafts_p306_s002309.txt
[spec] decoding 8 tokens (block=5, draft passes=1, adaptK=1.50, prompt=306 s=2310)...
  [margins] 16.36 8.18 12.51 11.44 11.56  K=6
  verify 1: accepted 5/5 (K=6) + correction -> +6 tokens (190.2 ms)  cpos=2315
  [margins] 11.96 10.48 15.96 11.77 12.56  K=6
  verify 2: accepted 5/5 (K=6) + correction -> +6 tokens (188.0 ms)  cpos=2321

[spec] generated 12 tokens over 2 verifies: mean tokens/verify = 6.00 (block=5, max 6)
[spec] tokens: 85203 50353 2287 4753 2101 5154 295 270 4087 16 1166 1539
[spec] SPEC-DECODE: 31.3 ms/tok = 31.92 tok/s  (vs base M=1 70.8 ms/tok = 14.13 tok/s -> 2.26x)
[decode] PREFILL: 1107 positions in 17822.9 ms = 62.1 tok/s (16.100 ms/tok)
[capture] wrote /home/patrickd/s5-capture/agentic-p25-b0.1/c5/cap/shard_p307_s001107.dspc  1107 tok x (3 taps + 1 lm_in) x 4096 = 34.6 MB (32.0 KB/tok)
[probe] wrote 16 draft probes (block=5) to /home/patrickd/s5-capture/agentic-p25-b0.1/c5/cap/drafts_p307_s001107.txt
[spec] decoding 8 tokens (block=5, draft passes=1, adaptK=1.50, prompt=307 s=1108)...
  [margins] 14.60 20.30 15.42 4.61 4.00  K=6
  verify 1: accepted 5/5 (K=6) + correction -> +6 tokens (180.6 ms)  cpos=1113
  [margins] 18.04 16.07 18.15 12.55 10.61  K=6
  verify 2: accepted 5/5 (K=6) + correction -> +6 tokens (170.5 ms)  cpos=1119

[spec] generated 12 tokens over 2 verifies: mean tokens/verify = 6.00 (block=5, max 6)
[spec] tokens: 528 1354 9952 16 539 671 2019 1531 1354 270 12480 3772
[spec] SPEC-DECODE: 28.4 ms/tok = 35.19 tok/s  (vs base M=1 70.8 ms/tok = 14.13 tok/s -> 2.49x)
[decode] PREFILL: 1053 positions in 16930.6 ms = 62.2 tok/s (16.078 ms/tok)
[capture] wrote /home/patrickd/s5-capture/agentic-p25-b0.1/c5/cap/shard_p308_s001053.dspc  1053 tok x (3 taps + 1 lm_in) x 4096 = 32.9 MB (32.0 KB/tok)
[probe] wrote 16 draft probes (block=5) to /home/patrickd/s5-capture/agentic-p25-b0.1/c5/cap/drafts_p308_s001053.txt
[spec] decoding 8 tokens (block=5, draft passes=1, adaptK=1.50, prompt=308 s=1054)...
  [margins] 19.70 15.12 14.70 15.33 19.76  K=6
  verify 1: accepted 5/5 (K=6) + correction -> +6 tokens (174.1 ms)  cpos=1059
  [margins] 18.29 18.04 20.12 18.49 14.89  K=6
  verify 2: accepted 5/5 (K=6) + correction -> +6 tokens (174.7 ms)  cpos=1065

[spec] generated 12 tokens over 2 verifies: mean tokens/verify = 6.00 (block=5, max 6)
[spec] tokens: 43 1114 1926 1178 90605 65 50219 418 14904 28 6830 105491
[spec] SPEC-DECODE: 29.1 ms/tok = 34.35 tok/s  (vs base M=1 70.8 ms/tok = 14.13 tok/s -> 2.43x)
[decode] PREFILL: 1206 positions in 19467.3 ms = 61.9 tok/s (16.142 ms/tok)
[capture] wrote /home/patrickd/s5-capture/agentic-p25-b0.1/c5/cap/shard_p309_s001206.dspc  1206 tok x (3 taps + 1 lm_in) x 4096 = 37.7 MB (32.0 KB/tok)
[probe] wrote 16 draft probes (block=5) to /home/patrickd/s5-capture/agentic-p25-b0.1/c5/cap/drafts_p309_s001206.txt
[spec] decoding 8 tokens (block=5, draft passes=1, adaptK=1.50, prompt=309 s=1207)...
  [margins] 10.37 12.90 9.81 12.93 9.47  K=6
  verify 1: accepted 5/5 (K=6) + correction -> +6 tokens (173.8 ms)  cpos=1212
  [margins] 10.15 13.10 9.68 12.81 9.15  K=6
  verify 2: accepted 5/5 (K=6) + correction -> +6 tokens (161.6 ms)  cpos=1218

[spec] generated 12 tokens over 2 verifies: mean tokens/verify = 6.00 (block=5, max 6)
[spec] tokens: 16 70404 16 70404 16 70404 16 70404 16 70404 16 70404
[spec] SPEC-DECODE: 26.9 ms/tok = 37.13 tok/s  (vs base M=1 70.8 ms/tok = 14.13 tok/s -> 2.63x)
[decode] PREFILL: 1052 positions in 16887.0 ms = 62.3 tok/s (16.052 ms/tok)
[capture] wrote /home/patrickd/s5-capture/agentic-p25-b0.1/c5/cap/shard_p310_s001052.dspc  1052 tok x (3 taps + 1 lm_in) x 4096 = 32.9 MB (32.0 KB/tok)
[probe] wrote 16 draft probes (block=5) to /home/patrickd/s5-capture/agentic-p25-b0.1/c5/cap/drafts_p310_s001052.txt
[spec] decoding 8 tokens (block=5, draft passes=1, adaptK=1.50, prompt=310 s=1053)...
  [margins] 13.12 21.62 12.29 13.16 16.25  K=6
  verify 1: accepted 5/5 (K=6) + correction -> +6 tokens (168.8 ms)  cpos=1058
  [margins] 13.86 20.26 12.81 12.36 15.92  K=6
  verify 2: accepted 5/5 (K=6) + correction -> +6 tokens (167.8 ms)  cpos=1064

[spec] generated 12 tokens over 2 verifies: mean tokens/verify = 6.00 (block=5, max 6)
[spec] tokens: 359 11170 16 359 11170 16 359 11170 16 359 11170 16
[spec] SPEC-DECODE: 28.0 ms/tok = 35.77 tok/s  (vs base M=1 70.8 ms/tok = 14.13 tok/s -> 2.53x)
[decode] PREFILL: 1037 positions in 16662.2 ms = 62.2 tok/s (16.068 ms/tok)
[capture] wrote /home/patrickd/s5-capture/agentic-p25-b0.1/c5/cap/shard_p311_s001037.dspc  1037 tok x (3 taps + 1 lm_in) x 4096 = 32.4 MB (32.0 KB/tok)
[probe] wrote 16 draft probes (block=5) to /home/patrickd/s5-capture/agentic-p25-b0.1/c5/cap/drafts_p311_s001037.txt
[spec] decoding 8 tokens (block=5, draft passes=1, adaptK=1.50, prompt=311 s=1038)...
  [margins] 15.40 16.80 13.81 15.19 11.56  K=6
  verify 1: accepted 5/5 (K=6) + correction -> +6 tokens (178.4 ms)  cpos=1043
  [margins] 19.36 12.04 18.86 13.23 9.06  K=6
  verify 2: accepted 5/5 (K=6) + correction -> +6 tokens (179.6 ms)  cpos=1049

[spec] generated 12 tokens over 2 verifies: mean tokens/verify = 6.00 (block=5, max 6)
[spec] tokens: 19264 5029 14257 1482 3672 14 305 270 59215 13801 294 11369
[spec] SPEC-DECODE: 29.9 ms/tok = 33.40 tok/s  (vs base M=1 70.8 ms/tok = 14.13 tok/s -> 2.36x)
[decode] PREFILL: 1071 positions in 17220.1 ms = 62.2 tok/s (16.079 ms/tok)
[capture] wrote /home/patrickd/s5-capture/agentic-p25-b0.1/c5/cap/shard_p312_s001071.dspc  1071 tok x (3 taps + 1 lm_in) x 4096 = 33.5 MB (32.0 KB/tok)
[probe] wrote 16 draft probes (block=5) to /home/patrickd/s5-capture/agentic-p25-b0.1/c5/cap/drafts_p312_s001071.txt
[spec] decoding 8 tokens (block=5, draft passes=1, adaptK=1.50, prompt=312 s=1072)...
  [margins] 5.26 5.92 7.38 6.16 7.44  K=6
  verify 1: accepted 5/5 (K=6) + correction -> +6 tokens (180.1 ms)  cpos=1077
  [margins] 12.46 13.62 11.28 11.97 7.35  K=6
  verify 2: accepted 5/5 (K=6) + correction -> +6 tokens (167.5 ms)  cpos=1083

[spec] generated 12 tokens over 2 verifies: mean tokens/verify = 6.00 (block=5, max 6)
[spec] tokens: 50003 5037 344 890 16 447 11971 8707 30938 40736 3240 6685
[spec] SPEC-DECODE: 27.9 ms/tok = 35.82 tok/s  (vs base M=1 70.8 ms/tok = 14.13 tok/s -> 2.54x)
[decode] PREFILL: 1103 positions in 18108.8 ms = 60.9 tok/s (16.418 ms/tok)
[capture] wrote /home/patrickd/s5-capture/agentic-p25-b0.1/c5/cap/shard_p313_s001103.dspc  1103 tok x (3 taps + 1 lm_in) x 4096 = 34.5 MB (32.0 KB/tok)
[probe] wrote 16 draft probes (block=5) to /home/patrickd/s5-capture/agentic-p25-b0.1/c5/cap/drafts_p313_s001103.txt
[spec] decoding 8 tokens (block=5, draft passes=1, adaptK=1.50, prompt=313 s=1104)...
  [margins] 15.68 16.01 15.43 2.35 2.33  K=6
  verify 1: accepted 3/5 (K=6) + correction -> +4 tokens (174.8 ms)  cpos=1107
  [margins] 15.95 16.34 14.98 1.43 3.52  K=4
  verify 2: accepted 3/3 (K=4) + correction -> +4 tokens (132.4 ms)  cpos=1111

[spec] generated 8 tokens over 2 verifies: mean tokens/verify = 4.00 (block=5, max 6)
[spec] tokens: 3749 11 3749 11 3749 11 3749 11
[spec] SPEC-DECODE: 33.1 ms/tok = 30.22 tok/s  (vs base M=1 70.8 ms/tok = 14.13 tok/s -> 2.14x)
[decode] PREFILL: 1043 positions in 16782.0 ms = 62.1 tok/s (16.090 ms/tok)
[capture] wrote /home/patrickd/s5-capture/agentic-p25-b0.1/c5/cap/shard_p314_s001043.dspc  1043 tok x (3 taps + 1 lm_in) x 4096 = 32.6 MB (32.0 KB/tok)
[probe] wrote 16 draft probes (block=5) to /home/patrickd/s5-capture/agentic-p25-b0.1/c5/cap/drafts_p314_s001043.txt
[spec] decoding 8 tokens (block=5, draft passes=1, adaptK=1.50, prompt=314 s=1044)...
  [margins] 1.82 0.57 1.05 0.87 1.83  K=2
  verify 1: accepted 0/1 (K=2) + correction -> +1 tokens (114.1 ms)  cpos=1044
  [margins] 2.07 2.00 3.00 4.37 1.69  K=6
  verify 2: accepted 0/5 (K=6) + correction -> +1 tokens (172.0 ms)  cpos=1045
  [margins] 0.81 0.30 3.87 0.29 0.34  K=2
  verify 3: accepted 0/1 (K=2) + correction -> +1 tokens (106.0 ms)  cpos=1046
  [margins] 6.77 0.14 2.95 4.10 0.83  K=2
  verify 4: accepted 1/1 (K=2) + correction -> +2 tokens (110.0 ms)  cpos=1048
  [margins] 4.11 3.33 2.37 1.00 6.05  K=4
  verify 5: accepted 3/3 (K=4) + correction -> +4 tokens (135.9 ms)  cpos=1052

[spec] generated 9 tokens over 5 verifies: mean tokens/verify = 1.80 (block=5, max 6)
[spec] tokens: 26698 22059 436 9120 377 270 12791 734 3928
[spec] SPEC-DECODE: 65.5 ms/tok = 15.27 tok/s  (vs base M=1 70.8 ms/tok = 14.13 tok/s -> 1.08x)
[decode] PREFILL: 1113 positions in 17912.4 ms = 62.1 tok/s (16.094 ms/tok)
[capture] wrote /home/patrickd/s5-capture/agentic-p25-b0.1/c5/cap/shard_p315_s001113.dspc  1113 tok x (3 taps + 1 lm_in) x 4096 = 34.8 MB (32.0 KB/tok)
[probe] wrote 16 draft probes (block=5) to /home/patrickd/s5-capture/agentic-p25-b0.1/c5/cap/drafts_p315_s001113.txt
[spec] decoding 8 tokens (block=5, draft passes=1, adaptK=1.50, prompt=315 s=1114)...
  [margins] 13.15 12.59 11.11 11.82 8.44  K=6
  verify 1: accepted 5/5 (K=6) + correction -> +6 tokens (175.2 ms)  cpos=1119
  [margins] 17.04 21.22 16.69 14.13 12.63  K=6
  verify 2: accepted 5/5 (K=6) + correction -> +6 tokens (178.3 ms)  cpos=1125

[spec] generated 12 tokens over 2 verifies: mean tokens/verify = 6.00 (block=5, max 6)
[spec] tokens: 304 12195 18035 377 5383 223 856 463 14 115128 32872 50755
[spec] SPEC-DECODE: 29.7 ms/tok = 33.65 tok/s  (vs base M=1 70.8 ms/tok = 14.13 tok/s -> 2.38x)
[decode] PREFILL: 1312 positions in 21223.5 ms = 61.8 tok/s (16.176 ms/tok)
[capture] wrote /home/patrickd/s5-capture/agentic-p25-b0.1/c5/cap/shard_p316_s001312.dspc  1312 tok x (3 taps + 1 lm_in) x 4096 = 41.0 MB (32.0 KB/tok)
[probe] wrote 16 draft probes (block=5) to /home/patrickd/s5-capture/agentic-p25-b0.1/c5/cap/drafts_p316_s001312.txt
[spec] decoding 8 tokens (block=5, draft passes=1, adaptK=1.50, prompt=316 s=1313)...
  [margins] 18.25 7.43 14.80 14.29 11.08  K=6
  verify 1: accepted 5/5 (K=6) + correction -> +6 tokens (179.5 ms)  cpos=1318
  [margins] 19.86 15.21 16.18 9.94 11.70  K=6
  verify 2: accepted 5/5 (K=6) + correction -> +6 tokens (178.9 ms)  cpos=1324

[spec] generated 12 tokens over 2 verifies: mean tokens/verify = 6.00 (block=5, max 6)
[spec] tokens: 7190 38 11 515 39646 3459 412 26066 13311 28974 16 455
[spec] SPEC-DECODE: 29.8 ms/tok = 33.55 tok/s  (vs base M=1 70.8 ms/tok = 14.13 tok/s -> 2.37x)
[decode] PREFILL: 1169 positions in 18867.4 ms = 62.0 tok/s (16.140 ms/tok)
[capture] wrote /home/patrickd/s5-capture/agentic-p25-b0.1/c5/cap/shard_p317_s001169.dspc  1169 tok x (3 taps + 1 lm_in) x 4096 = 36.5 MB (32.0 KB/tok)
[probe] wrote 16 draft probes (block=5) to /home/patrickd/s5-capture/agentic-p25-b0.1/c5/cap/drafts_p317_s001169.txt
[spec] decoding 8 tokens (block=5, draft passes=1, adaptK=1.50, prompt=317 s=1170)...
  [margins] 11.30 20.57 10.87 12.33 18.20  K=6
  verify 1: accepted 5/5 (K=6) + correction -> +6 tokens (167.4 ms)  cpos=1175
  [margins] 11.65 22.61 10.59 13.15 16.70  K=6
  verify 2: accepted 5/5 (K=6) + correction -> +6 tokens (168.3 ms)  cpos=1181

[spec] generated 12 tokens over 2 verifies: mean tokens/verify = 6.00 (block=5, max 6)
[spec] tokens: 359 11170 16 359 11170 16 359 11170 16 359 11170 16
[spec] SPEC-DECODE: 28.0 ms/tok = 35.65 tok/s  (vs base M=1 70.8 ms/tok = 14.13 tok/s -> 2.52x)
[decode] PREFILL: 1078 positions in 17333.3 ms = 62.2 tok/s (16.079 ms/tok)
[capture] wrote /home/patrickd/s5-capture/agentic-p25-b0.1/c5/cap/shard_p318_s001078.dspc  1078 tok x (3 taps + 1 lm_in) x 4096 = 33.7 MB (32.0 KB/tok)
[probe] wrote 16 draft probes (block=5) to /home/patrickd/s5-capture/agentic-p25-b0.1/c5/cap/drafts_p318_s001078.txt
[spec] decoding 8 tokens (block=5, draft passes=1, adaptK=1.50, prompt=318 s=1079)...
  [margins] 15.71 11.25 14.82 13.61 16.40  K=6
  verify 1: accepted 5/5 (K=6) + correction -> +6 tokens (172.3 ms)  cpos=1084
  [margins] 15.75 11.38 18.00 10.46 14.67  K=6
  verify 2: accepted 5/5 (K=6) + correction -> +6 tokens (165.0 ms)  cpos=1090

[spec] generated 12 tokens over 2 verifies: mean tokens/verify = 6.00 (block=5, max 6)
[spec] tokens: 479 16 4617 272 479 16 4617 272 479 16 4617 272
[spec] SPEC-DECODE: 27.5 ms/tok = 36.37 tok/s  (vs base M=1 70.8 ms/tok = 14.13 tok/s -> 2.57x)
[decode] PREFILL: 1465 positions in 23809.2 ms = 61.5 tok/s (16.252 ms/tok)
[capture] wrote /home/patrickd/s5-capture/agentic-p25-b0.1/c5/cap/shard_p319_s001465.dspc  1465 tok x (3 taps + 1 lm_in) x 4096 = 45.8 MB (32.0 KB/tok)
[probe] wrote 16 draft probes (block=5) to /home/patrickd/s5-capture/agentic-p25-b0.1/c5/cap/drafts_p319_s001465.txt
[spec] decoding 8 tokens (block=5, draft passes=1, adaptK=1.50, prompt=319 s=1466)...
  [margins] 14.40 11.54 8.35 13.72 5.16  K=6
  verify 1: accepted 5/5 (K=6) + correction -> +6 tokens (173.0 ms)  cpos=1471
  [margins] 14.44 10.29 8.45 13.39 3.27  K=6
  verify 2: accepted 5/5 (K=6) + correction -> +6 tokens (173.2 ms)  cpos=1477

[spec] generated 12 tokens over 2 verifies: mean tokens/verify = 6.00 (block=5, max 6)
[spec] tokens: 3749 64 11 3749 64 11 3749 64 11 3749 64 11
[spec] SPEC-DECODE: 28.9 ms/tok = 34.64 tok/s  (vs base M=1 70.8 ms/tok = 14.13 tok/s -> 2.45x)
[decode] PREFILL: 1712 positions in 28010.8 ms = 61.1 tok/s (16.361 ms/tok)
[capture] wrote /home/patrickd/s5-capture/agentic-p25-b0.1/c5/cap/shard_p320_s001712.dspc  1712 tok x (3 taps + 1 lm_in) x 4096 = 53.5 MB (32.0 KB/tok)
[probe] wrote 16 draft probes (block=5) to /home/patrickd/s5-capture/agentic-p25-b0.1/c5/cap/drafts_p320_s001712.txt
[spec] decoding 8 tokens (block=5, draft passes=1, adaptK=1.50, prompt=320 s=1713)...
  [margins] 12.27 11.64 10.64 2.82 7.95  K=6
  verify 1: accepted 5/5 (K=6) + correction -> +6 tokens (180.6 ms)  cpos=1718
  [margins] 16.08 10.97 15.22 6.11 7.89  K=6
  verify 2: accepted 5/5 (K=6) + correction -> +6 tokens (178.7 ms)  cpos=1724

[spec] generated 12 tokens over 2 verifies: mean tokens/verify = 6.00 (block=5, max 6)
[spec] tokens: 3749 11 3603 25727 72803 3749 11 3603 84835 3749 11 3603
[spec] SPEC-DECODE: 29.8 ms/tok = 33.57 tok/s  (vs base M=1 70.8 ms/tok = 14.13 tok/s -> 2.38x)
[decode] PREFILL: 1037 positions in 16654.1 ms = 62.3 tok/s (16.060 ms/tok)
[capture] wrote /home/patrickd/s5-capture/agentic-p25-b0.1/c5/cap/shard_p321_s001037.dspc  1037 tok x (3 taps + 1 lm_in) x 4096 = 32.4 MB (32.0 KB/tok)
[probe] wrote 16 draft probes (block=5) to /home/patrickd/s5-capture/agentic-p25-b0.1/c5/cap/drafts_p321_s001037.txt
[spec] decoding 8 tokens (block=5, draft passes=1, adaptK=1.50, prompt=321 s=1038)...
  [margins] 11.37 4.01 6.85 4.33 1.01  K=5
  verify 1: accepted 1/4 (K=5) + correction -> +2 tokens (153.0 ms)  cpos=1039
  [margins] 13.08 12.72 2.17 8.21 5.95  K=6
  verify 2: accepted 2/5 (K=6) + correction -> +3 tokens (177.3 ms)  cpos=1042
  [margins] 15.81 15.62 12.11 0.79 0.07  K=4
  verify 3: accepted 3/3 (K=4) + correction -> +4 tokens (141.1 ms)  cpos=1046

[spec] generated 9 tokens over 3 verifies: mean tokens/verify = 3.00 (block=5, max 6)
[spec] tokens: 14 260 14381 13717 3811 14 305 851 3065
[spec] SPEC-DECODE: 45.5 ms/tok = 21.99 tok/s  (vs base M=1 70.8 ms/tok = 14.13 tok/s -> 1.56x)
[decode] PREFILL: 1091 positions in 17548.8 ms = 62.2 tok/s (16.085 ms/tok)
[capture] wrote /home/patrickd/s5-capture/agentic-p25-b0.1/c5/cap/shard_p322_s001091.dspc  1091 tok x (3 taps + 1 lm_in) x 4096 = 34.1 MB (32.0 KB/tok)
[probe] wrote 16 draft probes (block=5) to /home/patrickd/s5-capture/agentic-p25-b0.1/c5/cap/drafts_p322_s001091.txt
[spec] decoding 8 tokens (block=5, draft passes=1, adaptK=1.50, prompt=322 s=1092)...
  [margins] 18.02 16.62 15.65 8.85 13.57  K=6
  verify 1: accepted 5/5 (K=6) + correction -> +6 tokens (180.5 ms)  cpos=1097
  [margins] 15.72 14.02 15.46 12.23 11.77  K=6
  verify 2: accepted 5/5 (K=6) + correction -> +6 tokens (170.5 ms)  cpos=1103

[spec] generated 12 tokens over 2 verifies: mean tokens/verify = 6.00 (block=5, max 6)
[spec] tokens: 1926 1117 6704 16 1317 347 14 696 554 1926 1117 6704
[spec] SPEC-DECODE: 28.4 ms/tok = 35.19 tok/s  (vs base M=1 70.8 ms/tok = 14.13 tok/s -> 2.49x)
[decode] PREFILL: 1085 positions in 17440.0 ms = 62.2 tok/s (16.074 ms/tok)
[capture] wrote /home/patrickd/s5-capture/agentic-p25-b0.1/c5/cap/shard_p323_s001085.dspc  1085 tok x (3 taps + 1 lm_in) x 4096 = 33.9 MB (32.0 KB/tok)
[probe] wrote 16 draft probes (block=5) to /home/patrickd/s5-capture/agentic-p25-b0.1/c5/cap/drafts_p323_s001085.txt
[spec] decoding 8 tokens (block=5, draft passes=1, adaptK=1.50, prompt=323 s=1086)...
  [margins] 20.45 17.85 4.08 0.46 4.71  K=4
  verify 1: accepted 3/3 (K=4) + correction -> +4 tokens (144.0 ms)  cpos=1089
  [margins] 2.63 0.46 0.25 5.02 0.57  K=2
  verify 2: accepted 0/1 (K=2) + correction -> +1 tokens (106.7 ms)  cpos=1090
  [margins] 1.27 4.88 1.27 0.94 0.30  K=3
  verify 3: accepted 0/2 (K=3) + correction -> +1 tokens (122.3 ms)  cpos=1091
  [margins] 1.47 2.19 0.30 0.15 0.22  K=3
  verify 4: accepted 2/2 (K=3) + correction -> +3 tokens (124.0 ms)  cpos=1094

[spec] generated 9 tokens over 4 verifies: mean tokens/verify = 2.25 (block=5, max 6)
[spec] tokens: 1119 14904 16 1004 2337 759 1354 710 3933
[spec] SPEC-DECODE: 70.6 ms/tok = 14.16 tok/s  (vs base M=1 70.8 ms/tok = 14.13 tok/s -> 1.00x)
[decode] PREFILL: 2242 positions in 37216.6 ms = 60.2 tok/s (16.600 ms/tok)
[capture] wrote /home/patrickd/s5-capture/agentic-p25-b0.1/c5/cap/shard_p324_s002242.dspc  2242 tok x (3 taps + 1 lm_in) x 4096 = 70.1 MB (32.0 KB/tok)
[probe] wrote 16 draft probes (block=5) to /home/patrickd/s5-capture/agentic-p25-b0.1/c5/cap/drafts_p324_s002242.txt
[spec] decoding 8 tokens (block=5, draft passes=1, adaptK=1.50, prompt=324 s=2243)...
  [margins] 13.86 14.53 7.59 12.56 10.77  K=6
  verify 1: accepted 5/5 (K=6) + correction -> +6 tokens (185.8 ms)  cpos=2248
  [margins] 14.89 15.33 8.20 12.91 10.95  K=6
  verify 2: accepted 5/5 (K=6) + correction -> +6 tokens (171.7 ms)  cpos=2254

[spec] generated 12 tokens over 2 verifies: mean tokens/verify = 6.00 (block=5, max 6)
[spec] tokens: 11628 86 16 11628 86 16 11628 86 16 11628 86 16
[spec] SPEC-DECODE: 28.6 ms/tok = 34.95 tok/s  (vs base M=1 70.8 ms/tok = 14.13 tok/s -> 2.47x)
[decode] PREFILL: 1204 positions in 19444.3 ms = 61.9 tok/s (16.150 ms/tok)
[capture] wrote /home/patrickd/s5-capture/agentic-p25-b0.1/c5/cap/shard_p325_s001204.dspc  1204 tok x (3 taps + 1 lm_in) x 4096 = 37.6 MB (32.0 KB/tok)
[probe] wrote 16 draft probes (block=5) to /home/patrickd/s5-capture/agentic-p25-b0.1/c5/cap/drafts_p325_s001204.txt
[spec] decoding 8 tokens (block=5, draft passes=1, adaptK=1.50, prompt=325 s=1205)...
  [margins] 11.02 14.58 14.36 12.82 9.00  K=6
  verify 1: accepted 5/5 (K=6) + correction -> +6 tokens (177.9 ms)  cpos=1210
  [margins] 16.83 12.14 12.92 14.40 6.69  K=6
  verify 2: accepted 5/5 (K=6) + correction -> +6 tokens (178.2 ms)  cpos=1216

[spec] generated 12 tokens over 2 verifies: mean tokens/verify = 6.00 (block=5, max 6)
[spec] tokens: 4782 260 3810 4472 294 2818 11198 305 1918 554 31290 1055
[spec] SPEC-DECODE: 29.7 ms/tok = 33.66 tok/s  (vs base M=1 70.8 ms/tok = 14.13 tok/s -> 2.38x)
[decode] PREFILL: 1048 positions in 16857.3 ms = 62.2 tok/s (16.085 ms/tok)
[capture] wrote /home/patrickd/s5-capture/agentic-p25-b0.1/c5/cap/shard_p326_s001048.dspc  1048 tok x (3 taps + 1 lm_in) x 4096 = 32.8 MB (32.0 KB/tok)
[probe] wrote 16 draft probes (block=5) to /home/patrickd/s5-capture/agentic-p25-b0.1/c5/cap/drafts_p326_s001048.txt
[spec] decoding 8 tokens (block=5, draft passes=1, adaptK=1.50, prompt=326 s=1049)...
  [margins] 16.04 8.43 8.53 7.54 1.76  K=6
  verify 1: accepted 4/5 (K=6) + correction -> +5 tokens (176.8 ms)  cpos=1053
  [margins] 16.46 9.72 8.52 2.35 5.76  K=6
  verify 2: accepted 5/5 (K=6) + correction -> +6 tokens (171.1 ms)  cpos=1059

[spec] generated 11 tokens over 2 verifies: mean tokens/verify = 5.50 (block=5, max 6)
[spec] tokens: 14 305 5909 538 834 2445 304 2658 16 983 44995
[spec] SPEC-DECODE: 28.5 ms/tok = 35.06 tok/s  (vs base M=1 70.8 ms/tok = 14.13 tok/s -> 2.48x)
[decode] PREFILL: 1521 positions in 24759.7 ms = 61.4 tok/s (16.279 ms/tok)
[capture] wrote /home/patrickd/s5-capture/agentic-p25-b0.1/c5/cap/shard_p327_s001521.dspc  1521 tok x (3 taps + 1 lm_in) x 4096 = 47.5 MB (32.0 KB/tok)
[probe] wrote 16 draft probes (block=5) to /home/patrickd/s5-capture/agentic-p25-b0.1/c5/cap/drafts_p327_s001521.txt
[spec] decoding 8 tokens (block=5, draft passes=1, adaptK=1.50, prompt=327 s=1522)...
  [margins] 11.95 12.57 11.42 13.43 10.45  K=6
  verify 1: accepted 5/5 (K=6) + correction -> +6 tokens (172.7 ms)  cpos=1527
  [margins] 11.50 11.76 12.93 12.20 10.11  K=6
  verify 2: accepted 5/5 (K=6) + correction -> +6 tokens (172.4 ms)  cpos=1533

[spec] generated 12 tokens over 2 verifies: mean tokens/verify = 6.00 (block=5, max 6)
[spec] tokens: 16 4617 75 16 4617 75 16 4617 75 16 4617 75
[spec] SPEC-DECODE: 28.7 ms/tok = 34.81 tok/s  (vs base M=1 70.8 ms/tok = 14.13 tok/s -> 2.46x)
[decode] PREFILL: 1217 positions in 19670.5 ms = 61.9 tok/s (16.163 ms/tok)
[capture] wrote /home/patrickd/s5-capture/agentic-p25-b0.1/c5/cap/shard_p328_s001217.dspc  1217 tok x (3 taps + 1 lm_in) x 4096 = 38.0 MB (32.0 KB/tok)
[probe] wrote 16 draft probes (block=5) to /home/patrickd/s5-capture/agentic-p25-b0.1/c5/cap/drafts_p328_s001217.txt
[spec] decoding 8 tokens (block=5, draft passes=1, adaptK=1.50, prompt=328 s=1218)...
  [margins] 4.37 10.59 2.26 0.42 0.70  K=4
  verify 1: accepted 3/3 (K=4) + correction -> +4 tokens (141.1 ms)  cpos=1221
  [margins] 0.06 1.86 1.44 0.54 4.54  K=3
  verify 2: accepted 0/2 (K=3) + correction -> +1 tokens (125.1 ms)  cpos=1222
  [margins] 2.36 1.19 2.71 0.81 3.41  K=2
  verify 3: accepted 1/1 (K=2) + correction -> +2 tokens (110.3 ms)  cpos=1224
  [margins] 0.03 1.97 5.37 0.90 1.56  K=4
  verify 4: accepted 3/3 (K=4) + correction -> +4 tokens (139.2 ms)  cpos=1228

[spec] generated 11 tokens over 4 verifies: mean tokens/verify = 2.75 (block=5, max 6)
[spec] tokens: 588 366 1505 304 6331 418 32800 2596 3575 440 611
[spec] SPEC-DECODE: 53.5 ms/tok = 18.68 tok/s  (vs base M=1 70.8 ms/tok = 14.13 tok/s -> 1.32x)
[decode] PREFILL: 1062 positions in 17074.5 ms = 62.2 tok/s (16.078 ms/tok)
[capture] wrote /home/patrickd/s5-capture/agentic-p25-b0.1/c5/cap/shard_p329_s001062.dspc  1062 tok x (3 taps + 1 lm_in) x 4096 = 33.2 MB (32.0 KB/tok)
[probe] wrote 16 draft probes (block=5) to /home/patrickd/s5-capture/agentic-p25-b0.1/c5/cap/drafts_p329_s001062.txt
[spec] decoding 8 tokens (block=5, draft passes=1, adaptK=1.50, prompt=329 s=1063)...
  [margins] 16.81 14.17 11.93 11.54 17.19  K=6
  verify 1: accepted 5/5 (K=6) + correction -> +6 tokens (177.5 ms)  cpos=1068
  [margins] 16.57 10.88 10.67 17.33 18.05  K=6
  verify 2: accepted 5/5 (K=6) + correction -> +6 tokens (166.9 ms)  cpos=1074

[spec] generated 12 tokens over 2 verifies: mean tokens/verify = 6.00 (block=5, max 6)
[spec] tokens: 56 19 16 1789 463 56 19 16 1789 463 56 19
[spec] SPEC-DECODE: 27.8 ms/tok = 35.96 tok/s  (vs base M=1 70.8 ms/tok = 14.13 tok/s -> 2.54x)
[decode] PREFILL: 1163 positions in 18749.1 ms = 62.0 tok/s (16.121 ms/tok)
[capture] wrote /home/patrickd/s5-capture/agentic-p25-b0.1/c5/cap/shard_p330_s001163.dspc  1163 tok x (3 taps + 1 lm_in) x 4096 = 36.3 MB (32.0 KB/tok)
[probe] wrote 16 draft probes (block=5) to /home/patrickd/s5-capture/agentic-p25-b0.1/c5/cap/drafts_p330_s001163.txt
[spec] decoding 8 tokens (block=5, draft passes=1, adaptK=1.50, prompt=330 s=1164)...
  [margins] 0.34 3.12 0.38 0.55 0.02  K=3
  verify 1: accepted 0/2 (K=3) + correction -> +1 tokens (128.5 ms)  cpos=1164
  [margins] 1.40 2.73 2.05 0.61 1.28  K=4
  verify 2: accepted 2/3 (K=4) + correction -> +3 tokens (137.7 ms)  cpos=1167
  [margins] 3.88 0.46 3.83 4.00 1.41  K=2
  verify 3: accepted 1/1 (K=2) + correction -> +2 tokens (110.5 ms)  cpos=1169
  [margins] 1.75 0.01 5.88 2.71 3.99  K=2
  verify 4: accepted 0/1 (K=2) + correction -> +1 tokens (105.3 ms)  cpos=1170
  [margins] 1.54 0.30 6.36 3.44 4.37  K=2
  verify 5: accepted 1/1 (K=2) + correction -> +2 tokens (110.4 ms)  cpos=1172

[spec] generated 9 tokens over 5 verifies: mean tokens/verify = 1.80 (block=5, max 6)
[spec] tokens: 1082 19844 782 1988 304 270 28848 5732 6156
[spec] SPEC-DECODE: 58.0 ms/tok = 17.24 tok/s  (vs base M=1 70.8 ms/tok = 14.13 tok/s -> 1.22x)
[decode] PREFILL: 1234 positions in 19942.6 ms = 61.9 tok/s (16.161 ms/tok)
[capture] wrote /home/patrickd/s5-capture/agentic-p25-b0.1/c5/cap/shard_p331_s001234.dspc  1234 tok x (3 taps + 1 lm_in) x 4096 = 38.6 MB (32.0 KB/tok)
[probe] wrote 16 draft probes (block=5) to /home/patrickd/s5-capture/agentic-p25-b0.1/c5/cap/drafts_p331_s001234.txt
[spec] decoding 8 tokens (block=5, draft passes=1, adaptK=1.50, prompt=331 s=1235)...
  [margins] 8.68 6.34 6.86 12.53 17.55  K=6
  verify 1: accepted 5/5 (K=6) + correction -> +6 tokens (181.1 ms)  cpos=1240
  [margins] 12.07 13.90 12.82 10.60 19.52  K=6
  verify 2: accepted 5/5 (K=6) + correction -> +6 tokens (174.8 ms)  cpos=1246

[spec] generated 12 tokens over 2 verifies: mean tokens/verify = 6.00 (block=5, max 6)
[spec] tokens: 979 36954 666 25166 10518 57840 15 2619 25228 29484 47619 349
[spec] SPEC-DECODE: 29.1 ms/tok = 34.33 tok/s  (vs base M=1 70.8 ms/tok = 14.13 tok/s -> 2.43x)
[decode] PREFILL: 1044 positions in 16761.3 ms = 62.3 tok/s (16.055 ms/tok)
[capture] wrote /home/patrickd/s5-capture/agentic-p25-b0.1/c5/cap/shard_p332_s001044.dspc  1044 tok x (3 taps + 1 lm_in) x 4096 = 32.6 MB (32.0 KB/tok)
[probe] wrote 16 draft probes (block=5) to /home/patrickd/s5-capture/agentic-p25-b0.1/c5/cap/drafts_p332_s001044.txt
[spec] decoding 8 tokens (block=5, draft passes=1, adaptK=1.50, prompt=332 s=1045)...
  [margins] 20.03 16.27 10.35 7.80 8.41  K=6
  verify 1: accepted 5/5 (K=6) + correction -> +6 tokens (175.7 ms)  cpos=1050
  [margins] 18.83 15.41 18.61 10.45 9.74  K=6
  verify 2: accepted 5/5 (K=6) + correction -> +6 tokens (173.1 ms)  cpos=1056

[spec] generated 12 tokens over 2 verifies: mean tokens/verify = 6.00 (block=5, max 6)
[spec] tokens: 9909 1353 16 15361 270 15255 2019 16 9909 1353 16 15361
[spec] SPEC-DECODE: 28.8 ms/tok = 34.67 tok/s  (vs base M=1 70.8 ms/tok = 14.13 tok/s -> 2.45x)
[decode] PREFILL: 1047 positions in 16809.9 ms = 62.3 tok/s (16.055 ms/tok)
[capture] wrote /home/patrickd/s5-capture/agentic-p25-b0.1/c5/cap/shard_p333_s001047.dspc  1047 tok x (3 taps + 1 lm_in) x 4096 = 32.7 MB (32.0 KB/tok)
[probe] wrote 16 draft probes (block=5) to /home/patrickd/s5-capture/agentic-p25-b0.1/c5/cap/drafts_p333_s001047.txt
[spec] decoding 8 tokens (block=5, draft passes=1, adaptK=1.50, prompt=333 s=1048)...
  [margins] 17.86 8.84 12.08 16.05 13.96  K=6
  verify 1: accepted 5/5 (K=6) + correction -> +6 tokens (180.3 ms)  cpos=1053
  [margins] 20.26 11.57 10.37 13.39 15.46  K=6
  verify 2: accepted 5/5 (K=6) + correction -> +6 tokens (167.6 ms)  cpos=1059

[spec] generated 12 tokens over 2 verifies: mean tokens/verify = 6.00 (block=5, max 6)
[spec] tokens: 15361 270 15255 2019 16 9909 1353 16 1351 10532 122303 7164
[spec] SPEC-DECODE: 27.9 ms/tok = 35.80 tok/s  (vs base M=1 70.8 ms/tok = 14.13 tok/s -> 2.53x)
[decode] PREFILL: 1561 positions in 25445.3 ms = 61.3 tok/s (16.301 ms/tok)
[capture] wrote /home/patrickd/s5-capture/agentic-p25-b0.1/c5/cap/shard_p334_s001561.dspc  1561 tok x (3 taps + 1 lm_in) x 4096 = 48.8 MB (32.0 KB/tok)
[probe] wrote 16 draft probes (block=5) to /home/patrickd/s5-capture/agentic-p25-b0.1/c5/cap/drafts_p334_s001561.txt
[spec] decoding 8 tokens (block=5, draft passes=1, adaptK=1.50, prompt=334 s=1562)...
  [margins] 18.23 11.21 13.75 12.50 8.11  K=6
  verify 1: accepted 5/5 (K=6) + correction -> +6 tokens (175.1 ms)  cpos=1567
  [margins] 20.24 3.82 9.37 6.79 6.37  K=6
  verify 2: accepted 5/5 (K=6) + correction -> +6 tokens (176.6 ms)  cpos=1573

[spec] generated 12 tokens over 2 verifies: mean tokens/verify = 6.00 (block=5, max 6)
[spec] tokens: 7386 32696 7386 36521 7386 16323 7386 16 5241 1874 16 17371
[spec] SPEC-DECODE: 29.4 ms/tok = 33.98 tok/s  (vs base M=1 70.8 ms/tok = 14.13 tok/s -> 2.41x)
[decode] PREFILL: 1096 positions in 17639.7 ms = 62.1 tok/s (16.095 ms/tok)
[capture] wrote /home/patrickd/s5-capture/agentic-p25-b0.1/c5/cap/shard_p335_s001096.dspc  1096 tok x (3 taps + 1 lm_in) x 4096 = 34.3 MB (32.0 KB/tok)
[probe] wrote 16 draft probes (block=5) to /home/patrickd/s5-capture/agentic-p25-b0.1/c5/cap/drafts_p335_s001096.txt
[spec] decoding 8 tokens (block=5, draft passes=1, adaptK=1.50, prompt=335 s=1097)...
  [margins] 19.10 19.14 17.14 16.59 12.96  K=6
  verify 1: accepted 5/5 (K=6) + correction -> +6 tokens (172.1 ms)  cpos=1102
  [margins] 16.89 15.79 17.36 14.58 10.77  K=6
  verify 2: accepted 5/5 (K=6) + correction -> +6 tokens (175.1 ms)  cpos=1108

[spec] generated 12 tokens over 2 verifies: mean tokens/verify = 6.00 (block=5, max 6)
[spec] tokens: 30298 14 260 1017 48974 14 305 1093 3344 362 270 13044
[spec] SPEC-DECODE: 29.2 ms/tok = 34.27 tok/s  (vs base M=1 70.8 ms/tok = 14.13 tok/s -> 2.43x)
[decode] PREFILL: 1047 positions in 16824.3 ms = 62.2 tok/s (16.069 ms/tok)
[capture] wrote /home/patrickd/s5-capture/agentic-p25-b0.1/c5/cap/shard_p336_s001047.dspc  1047 tok x (3 taps + 1 lm_in) x 4096 = 32.7 MB (32.0 KB/tok)
[probe] wrote 16 draft probes (block=5) to /home/patrickd/s5-capture/agentic-p25-b0.1/c5/cap/drafts_p336_s001047.txt
[spec] decoding 8 tokens (block=5, draft passes=1, adaptK=1.50, prompt=336 s=1048)...
  [margins] 15.02 12.47 8.14 3.86 6.50  K=6
  verify 1: accepted 5/5 (K=6) + correction -> +6 tokens (179.0 ms)  cpos=1053
  [margins] 17.08 18.42 9.11 12.59 10.44  K=6
  verify 2: accepted 5/5 (K=6) + correction -> +6 tokens (170.1 ms)  cpos=1059

[spec] generated 12 tokens over 2 verifies: mean tokens/verify = 6.00 (block=5, max 6)
[spec] tokens: 295 17739 24764 16 3749 455 32909 9875 344 260 12334 295
[spec] SPEC-DECODE: 28.3 ms/tok = 35.28 tok/s  (vs base M=1 70.8 ms/tok = 14.13 tok/s -> 2.50x)
[decode] PREFILL: 1672 positions in 27356.6 ms = 61.1 tok/s (16.362 ms/tok)
[capture] wrote /home/patrickd/s5-capture/agentic-p25-b0.1/c5/cap/shard_p337_s001672.dspc  1672 tok x (3 taps + 1 lm_in) x 4096 = 52.3 MB (32.0 KB/tok)
[probe] wrote 16 draft probes (block=5) to /home/patrickd/s5-capture/agentic-p25-b0.1/c5/cap/drafts_p337_s001672.txt
[spec] decoding 8 tokens (block=5, draft passes=1, adaptK=1.50, prompt=337 s=1673)...
  [margins] 13.87 15.17 12.63 12.14 13.83  K=6
  verify 1: accepted 5/5 (K=6) + correction -> +6 tokens (175.7 ms)  cpos=1678
  [margins] 13.76 18.71 13.88 8.59 14.64  K=6
  verify 2: accepted 5/5 (K=6) + correction -> +6 tokens (174.2 ms)  cpos=1684

[spec] generated 12 tokens over 2 verifies: mean tokens/verify = 6.00 (block=5, max 6)
[spec] tokens: 16 791 16 20692 16 791 16 20692 16 791 16 20692
[spec] SPEC-DECODE: 29.0 ms/tok = 34.45 tok/s  (vs base M=1 70.8 ms/tok = 14.13 tok/s -> 2.44x)
[decode] PREFILL: 1085 positions in 17443.3 ms = 62.2 tok/s (16.077 ms/tok)
[capture] wrote /home/patrickd/s5-capture/agentic-p25-b0.1/c5/cap/shard_p338_s001085.dspc  1085 tok x (3 taps + 1 lm_in) x 4096 = 33.9 MB (32.0 KB/tok)
[probe] wrote 16 draft probes (block=5) to /home/patrickd/s5-capture/agentic-p25-b0.1/c5/cap/drafts_p338_s001085.txt
[spec] decoding 8 tokens (block=5, draft passes=1, adaptK=1.50, prompt=338 s=1086)...
  [margins] 17.31 17.06 19.43 18.11 15.73  K=6
  verify 1: accepted 5/5 (K=6) + correction -> +6 tokens (178.0 ms)  cpos=1091
  [margins] 22.52 16.36 17.49 8.83 12.26  K=6
  verify 2: accepted 5/5 (K=6) + correction -> +6 tokens (177.1 ms)  cpos=1097

[spec] generated 12 tokens over 2 verifies: mean tokens/verify = 6.00 (block=5, max 6)
[spec] tokens: 71696 1281 4910 34610 1760 23306 1281 40 7048 5225 1718 19995
[spec] SPEC-DECODE: 29.5 ms/tok = 33.89 tok/s  (vs base M=1 70.8 ms/tok = 14.13 tok/s -> 2.40x)
[decode] PREFILL: 1076 positions in 17330.6 ms = 62.1 tok/s (16.106 ms/tok)
[capture] wrote /home/patrickd/s5-capture/agentic-p25-b0.1/c5/cap/shard_p339_s001076.dspc  1076 tok x (3 taps + 1 lm_in) x 4096 = 33.6 MB (32.0 KB/tok)
[probe] wrote 16 draft probes (block=5) to /home/patrickd/s5-capture/agentic-p25-b0.1/c5/cap/drafts_p339_s001076.txt
[spec] decoding 8 tokens (block=5, draft passes=1, adaptK=1.50, prompt=339 s=1077)...
  [margins] 9.42 12.76 11.86 7.54 3.21  K=6
  verify 1: accepted 4/5 (K=6) + correction -> +5 tokens (169.4 ms)  cpos=1081
  [margins] 12.39 15.07 7.41 11.68 9.98  K=6
  verify 2: accepted 5/5 (K=6) + correction -> +6 tokens (166.7 ms)  cpos=1087

[spec] generated 11 tokens over 2 verifies: mean tokens/verify = 5.50 (block=5, max 6)
[spec] tokens: 201 15 4114 2824 6205 51735 22223 201 15 4114 2824
[spec] SPEC-DECODE: 27.8 ms/tok = 35.99 tok/s  (vs base M=1 70.8 ms/tok = 14.13 tok/s -> 2.55x)
[decode] PREFILL: 1088 positions in 17500.5 ms = 62.2 tok/s (16.085 ms/tok)
[capture] wrote /home/patrickd/s5-capture/agentic-p25-b0.1/c5/cap/shard_p340_s001088.dspc  1088 tok x (3 taps + 1 lm_in) x 4096 = 34.0 MB (32.0 KB/tok)
[probe] wrote 16 draft probes (block=5) to /home/patrickd/s5-capture/agentic-p25-b0.1/c5/cap/drafts_p340_s001088.txt
[spec] decoding 8 tokens (block=5, draft passes=1, adaptK=1.50, prompt=340 s=1089)...
  [margins] 13.94 17.28 10.99 3.45 2.56  K=6
  verify 1: accepted 5/5 (K=6) + correction -> +6 tokens (175.1 ms)  cpos=1094
  [margins] 19.18 13.81 11.15 11.11 0.14  K=5
  verify 2: accepted 4/4 (K=5) + correction -> +5 tokens (150.9 ms)  cpos=1099

[spec] generated 11 tokens over 2 verifies: mean tokens/verify = 5.50 (block=5, max 6)
[spec] tokens: 418 1234 8252 16 342 5922 1926 270 4105 418 1952
[spec] SPEC-DECODE: 30.2 ms/tok = 33.13 tok/s  (vs base M=1 70.8 ms/tok = 14.13 tok/s -> 2.34x)
[decode] PREFILL: 1241 positions in 20037.2 ms = 61.9 tok/s (16.146 ms/tok)
[capture] wrote /home/patrickd/s5-capture/agentic-p25-b0.1/c5/cap/shard_p341_s001241.dspc  1241 tok x (3 taps + 1 lm_in) x 4096 = 38.8 MB (32.0 KB/tok)
[probe] wrote 16 draft probes (block=5) to /home/patrickd/s5-capture/agentic-p25-b0.1/c5/cap/drafts_p341_s001241.txt
[spec] decoding 8 tokens (block=5, draft passes=1, adaptK=1.50, prompt=341 s=1242)...
  [margins] 14.62 12.23 12.57 13.50 4.38  K=6
  verify 1: accepted 5/5 (K=6) + correction -> +6 tokens (177.1 ms)  cpos=1247
  [margins] 15.58 9.86 9.15 10.98 13.64  K=6
  verify 2: accepted 5/5 (K=6) + correction -> +6 tokens (177.5 ms)  cpos=1253

[spec] generated 12 tokens over 2 verifies: mean tokens/verify = 6.00 (block=5, max 6)
[spec] tokens: 6069 43060 362 2033 9 33455 265 15143 734 23276 10744 2755
[spec] SPEC-DECODE: 29.6 ms/tok = 33.80 tok/s  (vs base M=1 70.8 ms/tok = 14.13 tok/s -> 2.39x)
[decode] PREFILL: 1069 positions in 17194.5 ms = 62.2 tok/s (16.085 ms/tok)
[capture] wrote /home/patrickd/s5-capture/agentic-p25-b0.1/c5/cap/shard_p342_s001069.dspc  1069 tok x (3 taps + 1 lm_in) x 4096 = 33.4 MB (32.0 KB/tok)
[probe] wrote 16 draft probes (block=5) to /home/patrickd/s5-capture/agentic-p25-b0.1/c5/cap/drafts_p342_s001069.txt
[spec] decoding 8 tokens (block=5, draft passes=1, adaptK=1.50, prompt=342 s=1070)...
  [margins] 4.75 1.65 3.94 4.84 7.48  K=6
  verify 1: accepted 5/5 (K=6) + correction -> +6 tokens (170.2 ms)  cpos=1075
  [margins] 4.01 6.33 1.53 0.57 4.68  K=4
  verify 2: accepted 3/3 (K=4) + correction -> +4 tokens (135.7 ms)  cpos=1079

[spec] generated 10 tokens over 2 verifies: mean tokens/verify = 5.00 (block=5, max 6)
[spec] tokens: 69 12427 456 20 82 16 1111 1366 12427 456
[spec] SPEC-DECODE: 33.9 ms/tok = 29.47 tok/s  (vs base M=1 70.8 ms/tok = 14.13 tok/s -> 2.09x)
[decode] PREFILL: 1472 positions in 23897.9 ms = 61.6 tok/s (16.235 ms/tok)
[capture] wrote /home/patrickd/s5-capture/agentic-p25-b0.1/c5/cap/shard_p343_s001472.dspc  1472 tok x (3 taps + 1 lm_in) x 4096 = 46.0 MB (32.0 KB/tok)
[probe] wrote 16 draft probes (block=5) to /home/patrickd/s5-capture/agentic-p25-b0.1/c5/cap/drafts_p343_s001472.txt
[spec] decoding 8 tokens (block=5, draft passes=1, adaptK=1.50, prompt=343 s=1473)...
  [margins] 14.51 12.51 13.49 21.54 9.14  K=6
  verify 1: accepted 5/5 (K=6) + correction -> +6 tokens (178.4 ms)  cpos=1478
  [margins] 19.88 7.68 10.42 13.05 10.91  K=6
  verify 2: accepted 5/5 (K=6) + correction -> +6 tokens (178.3 ms)  cpos=1484

[spec] generated 12 tokens over 2 verifies: mean tokens/verify = 6.00 (block=5, max 6)
[spec] tokens: 4063 294 101327 43876 344 26189 42950 16 455 6805 4063 294
[spec] SPEC-DECODE: 29.7 ms/tok = 33.65 tok/s  (vs base M=1 70.8 ms/tok = 14.13 tok/s -> 2.38x)
[decode] PREFILL: 1104 positions in 17749.6 ms = 62.2 tok/s (16.078 ms/tok)
[capture] wrote /home/patrickd/s5-capture/agentic-p25-b0.1/c5/cap/shard_p344_s001104.dspc  1104 tok x (3 taps + 1 lm_in) x 4096 = 34.5 MB (32.0 KB/tok)
[probe] wrote 16 draft probes (block=5) to /home/patrickd/s5-capture/agentic-p25-b0.1/c5/cap/drafts_p344_s001104.txt
[spec] decoding 8 tokens (block=5, draft passes=1, adaptK=1.50, prompt=344 s=1105)...
  [margins] 21.40 12.70 14.87 11.33 10.09  K=6
  verify 1: accepted 5/5 (K=6) + correction -> +6 tokens (174.2 ms)  cpos=1110
  [margins] 19.56 14.21 15.81 13.44 12.87  K=6
  verify 2: accepted 5/5 (K=6) + correction -> +6 tokens (178.1 ms)  cpos=1116

[spec] generated 12 tokens over 2 verifies: mean tokens/verify = 6.00 (block=5, max 6)
[spec] tokens: 554 1926 1117 4105 1754 270 4072 4105 344 554 3510 16
[spec] SPEC-DECODE: 29.7 ms/tok = 33.69 tok/s  (vs base M=1 70.8 ms/tok = 14.13 tok/s -> 2.38x)
[decode] PREFILL: 1400 positions in 22693.6 ms = 61.7 tok/s (16.210 ms/tok)
[capture] wrote /home/patrickd/s5-capture/agentic-p25-b0.1/c5/cap/shard_p345_s001400.dspc  1400 tok x (3 taps + 1 lm_in) x 4096 = 43.8 MB (32.0 KB/tok)
[probe] wrote 16 draft probes (block=5) to /home/patrickd/s5-capture/agentic-p25-b0.1/c5/cap/drafts_p345_s001400.txt
[spec] decoding 8 tokens (block=5, draft passes=1, adaptK=1.50, prompt=345 s=1401)...
  [margins] 15.17 17.54 15.58 2.22 8.74  K=6
  verify 1: accepted 3/5 (K=6) + correction -> +4 tokens (171.1 ms)  cpos=1404
  [margins] 15.75 16.91 15.61 5.16 9.01  K=6
  verify 2: accepted 3/5 (K=6) + correction -> +4 tokens (178.7 ms)  cpos=1408

[spec] generated 8 tokens over 2 verifies: mean tokens/verify = 4.00 (block=5, max 6)
[spec] tokens: 3749 11 3749 11 3749 11 3749 11
[spec] SPEC-DECODE: 44.7 ms/tok = 22.39 tok/s  (vs base M=1 70.8 ms/tok = 14.13 tok/s -> 1.58x)
[decode] PREFILL: 1045 positions in 16802.1 ms = 62.2 tok/s (16.079 ms/tok)
[capture] wrote /home/patrickd/s5-capture/agentic-p25-b0.1/c5/cap/shard_p346_s001045.dspc  1045 tok x (3 taps + 1 lm_in) x 4096 = 32.7 MB (32.0 KB/tok)
[probe] wrote 16 draft probes (block=5) to /home/patrickd/s5-capture/agentic-p25-b0.1/c5/cap/drafts_p346_s001045.txt
[spec] decoding 8 tokens (block=5, draft passes=1, adaptK=1.50, prompt=346 s=1046)...
  [margins] 19.03 13.66 6.39 13.34 7.27  K=6
  verify 1: accepted 5/5 (K=6) + correction -> +6 tokens (173.3 ms)  cpos=1051
  [margins] 13.94 14.49 14.84 12.25 10.52  K=6
  verify 2: accepted 5/5 (K=6) + correction -> +6 tokens (174.2 ms)  cpos=1057

[spec] generated 12 tokens over 2 verifies: mean tokens/verify = 6.00 (block=5, max 6)
[spec] tokens: 6578 3287 270 13607 16 455 3967 734 13607 344 943 270
[spec] SPEC-DECODE: 29.0 ms/tok = 34.45 tok/s  (vs base M=1 70.8 ms/tok = 14.13 tok/s -> 2.44x)
[decode] PREFILL: 1233 positions in 19922.8 ms = 61.9 tok/s (16.158 ms/tok)
[capture] wrote /home/patrickd/s5-capture/agentic-p25-b0.1/c5/cap/shard_p347_s001233.dspc  1233 tok x (3 taps + 1 lm_in) x 4096 = 38.5 MB (32.0 KB/tok)
[probe] wrote 16 draft probes (block=5) to /home/patrickd/s5-capture/agentic-p25-b0.1/c5/cap/drafts_p347_s001233.txt
[spec] decoding 8 tokens (block=5, draft passes=1, adaptK=1.50, prompt=347 s=1234)...
  [margins] 6.02 5.53 4.64 4.42 7.05  K=6
  verify 1: accepted 5/5 (K=6) + correction -> +6 tokens (165.6 ms)  cpos=1239
  [margins] 4.61 4.23 7.66 5.59 5.58  K=6
  verify 2: accepted 5/5 (K=6) + correction -> +6 tokens (166.9 ms)  cpos=1245

[spec] generated 12 tokens over 2 verifies: mean tokens/verify = 6.00 (block=5, max 6)
[spec] tokens: 16 1789 16 5241 16 1789 16 5241 16 1789 16 5241
[spec] SPEC-DECODE: 27.8 ms/tok = 35.94 tok/s  (vs base M=1 70.8 ms/tok = 14.13 tok/s -> 2.54x)
[decode] PREFILL: 1131 positions in 18203.6 ms = 62.1 tok/s (16.095 ms/tok)
[capture] wrote /home/patrickd/s5-capture/agentic-p25-b0.1/c5/cap/shard_p348_s001131.dspc  1131 tok x (3 taps + 1 lm_in) x 4096 = 35.3 MB (32.0 KB/tok)
[probe] wrote 16 draft probes (block=5) to /home/patrickd/s5-capture/agentic-p25-b0.1/c5/cap/drafts_p348_s001131.txt
[spec] decoding 8 tokens (block=5, draft passes=1, adaptK=1.50, prompt=348 s=1132)...
  [margins] 10.16 14.62 13.05 11.40 5.30  K=6
  verify 1: accepted 5/5 (K=6) + correction -> +6 tokens (181.3 ms)  cpos=1137
  [margins] 10.91 9.64 10.35 10.06 8.60  K=6
  verify 2: accepted 5/5 (K=6) + correction -> +6 tokens (170.8 ms)  cpos=1143

[spec] generated 12 tokens over 2 verifies: mean tokens/verify = 6.00 (block=5, max 6)
[spec] tokens: 455 14364 344 295 270 2019 16 455 14364 344 295 270
[spec] SPEC-DECODE: 28.5 ms/tok = 35.13 tok/s  (vs base M=1 70.8 ms/tok = 14.13 tok/s -> 2.49x)
[decode] PREFILL: 1990 positions in 32831.8 ms = 60.6 tok/s (16.498 ms/tok)
[capture] wrote /home/patrickd/s5-capture/agentic-p25-b0.1/c5/cap/shard_p349_s001990.dspc  1990 tok x (3 taps + 1 lm_in) x 4096 = 62.2 MB (32.0 KB/tok)
[probe] wrote 16 draft probes (block=5) to /home/patrickd/s5-capture/agentic-p25-b0.1/c5/cap/drafts_p349_s001990.txt
[spec] decoding 8 tokens (block=5, draft passes=1, adaptK=1.50, prompt=349 s=1991)...
  [margins] 12.39 10.86 8.81 6.74 4.37  K=6
  verify 1: accepted 5/5 (K=6) + correction -> +6 tokens (192.4 ms)  cpos=1996
  [margins] 13.85 9.59 11.95 0.67 6.19  K=4
  verify 2: accepted 3/3 (K=4) + correction -> +4 tokens (148.1 ms)  cpos=2000

[spec] generated 10 tokens over 2 verifies: mean tokens/verify = 5.00 (block=5, max 6)
[spec] tokens: 294 270 2894 39672 66832 5029 295 223 939 20
[spec] SPEC-DECODE: 37.0 ms/tok = 27.00 tok/s  (vs base M=1 70.8 ms/tok = 14.13 tok/s -> 1.91x)
[decode] PREFILL: 1058 positions in 17017.7 ms = 62.2 tok/s (16.085 ms/tok)
[capture] wrote /home/patrickd/s5-capture/agentic-p25-b0.1/c5/cap/shard_p350_s001058.dspc  1058 tok x (3 taps + 1 lm_in) x 4096 = 33.1 MB (32.0 KB/tok)
[probe] wrote 16 draft probes (block=5) to /home/patrickd/s5-capture/agentic-p25-b0.1/c5/cap/drafts_p350_s001058.txt
[spec] decoding 8 tokens (block=5, draft passes=1, adaptK=1.50, prompt=350 s=1059)...
  [margins] 11.40 16.90 15.20 15.64 16.65  K=6
  verify 1: accepted 5/5 (K=6) + correction -> +6 tokens (181.5 ms)  cpos=1064
  [margins] 16.34 11.56 17.24 6.17 10.11  K=6
  verify 2: accepted 5/5 (K=6) + correction -> +6 tokens (171.2 ms)  cpos=1070

[spec] generated 12 tokens over 2 verifies: mean tokens/verify = 6.00 (block=5, max 6)
[spec] tokens: 223 2052 468 3557 436 710 295 223 553 18151 23847 1192
[spec] SPEC-DECODE: 28.5 ms/tok = 35.04 tok/s  (vs base M=1 70.8 ms/tok = 14.13 tok/s -> 2.48x)
[decode] PREFILL: 1525 positions in 24813.8 ms = 61.5 tok/s (16.271 ms/tok)
[capture] wrote /home/patrickd/s5-capture/agentic-p25-b0.1/c5/cap/shard_p351_s001525.dspc  1525 tok x (3 taps + 1 lm_in) x 4096 = 47.7 MB (32.0 KB/tok)
[probe] wrote 16 draft probes (block=5) to /home/patrickd/s5-capture/agentic-p25-b0.1/c5/cap/drafts_p351_s001525.txt
[spec] decoding 8 tokens (block=5, draft passes=1, adaptK=1.50, prompt=351 s=1526)...
  [margins] 14.79 10.28 19.86 12.87 12.30  K=6
  verify 1: accepted 5/5 (K=6) + correction -> +6 tokens (179.4 ms)  cpos=1531
  [margins] 19.68 12.95 14.76 14.23 18.44  K=6
  verify 2: accepted 5/5 (K=6) + correction -> +6 tokens (190.6 ms)  cpos=1537

[spec] generated 12 tokens over 2 verifies: mean tokens/verify = 6.00 (block=5, max 6)
[spec] tokens: 14 79644 5258 14 18093 79844 14 58792 14 52361 350 14862
[spec] SPEC-DECODE: 31.8 ms/tok = 31.48 tok/s  (vs base M=1 70.8 ms/tok = 14.13 tok/s -> 2.23x)
[decode] PREFILL: 1088 positions in 17480.9 ms = 62.2 tok/s (16.067 ms/tok)
[capture] wrote /home/patrickd/s5-capture/agentic-p25-b0.1/c5/cap/shard_p352_s001088.dspc  1088 tok x (3 taps + 1 lm_in) x 4096 = 34.0 MB (32.0 KB/tok)
[probe] wrote 16 draft probes (block=5) to /home/patrickd/s5-capture/agentic-p25-b0.1/c5/cap/drafts_p352_s001088.txt
[spec] decoding 8 tokens (block=5, draft passes=1, adaptK=1.50, prompt=352 s=1089)...
  [margins] 19.48 13.43 12.72 18.20 13.15  K=6
  verify 1: accepted 5/5 (K=6) + correction -> +6 tokens (171.3 ms)  cpos=1094
  [margins] 13.62 14.58 21.12 14.94 14.25  K=6
  verify 2: accepted 5/5 (K=6) + correction -> +6 tokens (170.1 ms)  cpos=1100

[spec] generated 12 tokens over 2 verifies: mean tokens/verify = 6.00 (block=5, max 6)
[spec] tokens: 12446 16 4286 279 755 12446 16 4286 279 755 12446 16
[spec] SPEC-DECODE: 28.4 ms/tok = 35.27 tok/s  (vs base M=1 70.8 ms/tok = 14.13 tok/s -> 2.50x)
[decode] PREFILL: 1119 positions in 17993.0 ms = 62.2 tok/s (16.080 ms/tok)
[capture] wrote /home/patrickd/s5-capture/agentic-p25-b0.1/c5/cap/shard_p353_s001119.dspc  1119 tok x (3 taps + 1 lm_in) x 4096 = 35.0 MB (32.0 KB/tok)
[probe] wrote 16 draft probes (block=5) to /home/patrickd/s5-capture/agentic-p25-b0.1/c5/cap/drafts_p353_s001119.txt
[spec] decoding 8 tokens (block=5, draft passes=1, adaptK=1.50, prompt=353 s=1120)...
  [margins] 13.05 14.93 2.79 1.33 7.02  K=4
  verify 1: accepted 3/3 (K=4) + correction -> +4 tokens (139.2 ms)  cpos=1123
  [margins] 15.18 6.77 13.65 12.07 10.01  K=6
  verify 2: accepted 5/5 (K=6) + correction -> +6 tokens (174.2 ms)  cpos=1129

[spec] generated 10 tokens over 2 verifies: mean tokens/verify = 5.00 (block=5, max 6)
[spec] tokens: 7013 24243 18 271 10726 979 52 16 7558 271
[spec] SPEC-DECODE: 29.0 ms/tok = 34.43 tok/s  (vs base M=1 70.8 ms/tok = 14.13 tok/s -> 2.44x)
[decode] PREFILL: 1345 positions in 21795.7 ms = 61.7 tok/s (16.205 ms/tok)
[capture] wrote /home/patrickd/s5-capture/agentic-p25-b0.1/c5/cap/shard_p354_s001345.dspc  1345 tok x (3 taps + 1 lm_in) x 4096 = 42.0 MB (32.0 KB/tok)
[probe] wrote 16 draft probes (block=5) to /home/patrickd/s5-capture/agentic-p25-b0.1/c5/cap/drafts_p354_s001345.txt
[spec] decoding 8 tokens (block=5, draft passes=1, adaptK=1.50, prompt=354 s=1346)...
  [margins] 15.35 15.96 10.98 2.84 6.79  K=6
  verify 1: accepted 3/5 (K=6) + correction -> +4 tokens (171.5 ms)  cpos=1349
  [margins] 14.52 15.26 13.37 0.50 10.11  K=4
  verify 2: accepted 3/3 (K=4) + correction -> +4 tokens (138.0 ms)  cpos=1353

[spec] generated 8 tokens over 2 verifies: mean tokens/verify = 4.00 (block=5, max 6)
[spec] tokens: 3749 11 3749 11 3749 11 3749 11
[spec] SPEC-DECODE: 34.5 ms/tok = 28.98 tok/s  (vs base M=1 70.8 ms/tok = 14.13 tok/s -> 2.05x)
[decode] PREFILL: 1610 positions in 26280.2 ms = 61.3 tok/s (16.323 ms/tok)
[capture] wrote /home/patrickd/s5-capture/agentic-p25-b0.1/c5/cap/shard_p355_s001610.dspc  1610 tok x (3 taps + 1 lm_in) x 4096 = 50.3 MB (32.0 KB/tok)
[probe] wrote 16 draft probes (block=5) to /home/patrickd/s5-capture/agentic-p25-b0.1/c5/cap/drafts_p355_s001610.txt
[spec] decoding 8 tokens (block=5, draft passes=1, adaptK=1.50, prompt=355 s=1611)...
  [margins] 8.46 14.01 13.61 2.61 4.02  K=6
  verify 1: accepted 5/5 (K=6) + correction -> +6 tokens (185.8 ms)  cpos=1616
  [margins] 28.76 6.67 9.02 6.36 0.60  K=5
  verify 2: accepted 4/4 (K=5) + correction -> +5 tokens (152.6 ms)  cpos=1621

[spec] generated 11 tokens over 2 verifies: mean tokens/verify = 5.50 (block=5, max 6)
[spec] tokens: 19888 260 5991 295 260 43694 284 76778 70327 1407 260
[spec] SPEC-DECODE: 30.5 ms/tok = 32.76 tok/s  (vs base M=1 70.8 ms/tok = 14.13 tok/s -> 2.32x)
[decode] PREFILL: 1244 positions in 20094.5 ms = 61.9 tok/s (16.153 ms/tok)
[capture] wrote /home/patrickd/s5-capture/agentic-p25-b0.1/c5/cap/shard_p356_s001244.dspc  1244 tok x (3 taps + 1 lm_in) x 4096 = 38.9 MB (32.0 KB/tok)
[probe] wrote 16 draft probes (block=5) to /home/patrickd/s5-capture/agentic-p25-b0.1/c5/cap/drafts_p356_s001244.txt
[spec] decoding 8 tokens (block=5, draft passes=1, adaptK=1.50, prompt=356 s=1245)...
  [margins] 10.36 14.67 12.02 17.21 7.97  K=6
  verify 1: accepted 5/5 (K=6) + correction -> +6 tokens (175.2 ms)  cpos=1250
  [margins] 15.16 12.93 16.41 8.23 12.09  K=6
  verify 2: accepted 5/5 (K=6) + correction -> +6 tokens (175.7 ms)  cpos=1256

[spec] generated 12 tokens over 2 verifies: mean tokens/verify = 6.00 (block=5, max 6)
[spec] tokens: 539 56 21077 37693 16 539 56 21077 37693 16 539 56
[spec] SPEC-DECODE: 29.3 ms/tok = 34.15 tok/s  (vs base M=1 70.8 ms/tok = 14.13 tok/s -> 2.42x)
[decode] PREFILL: 1088 positions in 17498.7 ms = 62.2 tok/s (16.083 ms/tok)
[capture] wrote /home/patrickd/s5-capture/agentic-p25-b0.1/c5/cap/shard_p357_s001088.dspc  1088 tok x (3 taps + 1 lm_in) x 4096 = 34.0 MB (32.0 KB/tok)
[probe] wrote 16 draft probes (block=5) to /home/patrickd/s5-capture/agentic-p25-b0.1/c5/cap/drafts_p357_s001088.txt
[spec] decoding 8 tokens (block=5, draft passes=1, adaptK=1.50, prompt=357 s=1089)...
  [margins] 13.70 13.29 0.51 7.67 3.77  K=3
  verify 1: accepted 2/2 (K=3) + correction -> +3 tokens (127.4 ms)  cpos=1091
  [margins] 15.05 10.78 6.35 5.35 8.78  K=6
  verify 2: accepted 2/5 (K=6) + correction -> +3 tokens (178.5 ms)  cpos=1094
  [margins] 14.19 10.88 3.16 10.69 5.03  K=6
  verify 3: accepted 4/5 (K=6) + correction -> +5 tokens (176.3 ms)  cpos=1099

[spec] generated 11 tokens over 3 verifies: mean tokens/verify = 3.67 (block=5, max 6)
[spec] tokens: 3749 11 279 3749 11 6439 3749 11 117278 3749 11
[spec] SPEC-DECODE: 44.3 ms/tok = 22.55 tok/s  (vs base M=1 70.8 ms/tok = 14.13 tok/s -> 1.60x)
[decode] PREFILL: 1118 positions in 17972.5 ms = 62.2 tok/s (16.076 ms/tok)
[capture] wrote /home/patrickd/s5-capture/agentic-p25-b0.1/c5/cap/shard_p358_s001118.dspc  1118 tok x (3 taps + 1 lm_in) x 4096 = 34.9 MB (32.0 KB/tok)
[probe] wrote 16 draft probes (block=5) to /home/patrickd/s5-capture/agentic-p25-b0.1/c5/cap/drafts_p358_s001118.txt
[spec] decoding 8 tokens (block=5, draft passes=1, adaptK=1.50, prompt=358 s=1119)...
  [margins] 16.63 16.98 12.27 7.37 2.05  K=6
  verify 1: accepted 5/5 (K=6) + correction -> +6 tokens (181.0 ms)  cpos=1124
  [margins] 19.39 16.64 16.71 13.18 11.59  K=6
  verify 2: accepted 5/5 (K=6) + correction -> +6 tokens (170.2 ms)  cpos=1130

[spec] generated 12 tokens over 2 verifies: mean tokens/verify = 6.00 (block=5, max 6)
[spec] tokens: 851 611 223 1059 565 223 1477 438 223 21 21965 3001
[spec] SPEC-DECODE: 28.4 ms/tok = 35.24 tok/s  (vs base M=1 70.8 ms/tok = 14.13 tok/s -> 2.49x)
[decode] PREFILL: 1138 positions in 18335.8 ms = 62.1 tok/s (16.112 ms/tok)
[capture] wrote /home/patrickd/s5-capture/agentic-p25-b0.1/c5/cap/shard_p359_s001138.dspc  1138 tok x (3 taps + 1 lm_in) x 4096 = 35.6 MB (32.0 KB/tok)
[probe] wrote 16 draft probes (block=5) to /home/patrickd/s5-capture/agentic-p25-b0.1/c5/cap/drafts_p359_s001138.txt
[spec] decoding 8 tokens (block=5, draft passes=1, adaptK=1.50, prompt=359 s=1139)...
  [margins] 17.86 14.67 14.13 6.68 8.99  K=6
  verify 1: accepted 5/5 (K=6) + correction -> +6 tokens (181.8 ms)  cpos=1144
  [margins] 15.71 7.98 13.62 10.06 21.09  K=6
  verify 2: accepted 5/5 (K=6) + correction -> +6 tokens (173.5 ms)  cpos=1150

[spec] generated 12 tokens over 2 verifies: mean tokens/verify = 6.00 (block=5, max 6)
[spec] tokens: 2019 1531 9495 3737 418 3811 15 6924 3737 412 1585 16
[spec] SPEC-DECODE: 28.9 ms/tok = 34.58 tok/s  (vs base M=1 70.8 ms/tok = 14.13 tok/s -> 2.45x)
[decode] PREFILL: 1087 positions in 17464.3 ms = 62.2 tok/s (16.067 ms/tok)
[capture] wrote /home/patrickd/s5-capture/agentic-p25-b0.1/c5/cap/shard_p360_s001087.dspc  1087 tok x (3 taps + 1 lm_in) x 4096 = 34.0 MB (32.0 KB/tok)
[probe] wrote 16 draft probes (block=5) to /home/patrickd/s5-capture/agentic-p25-b0.1/c5/cap/drafts_p360_s001087.txt
[spec] decoding 8 tokens (block=5, draft passes=1, adaptK=1.50, prompt=360 s=1088)...
  [margins] 18.32 13.23 13.26 14.75 8.97  K=6
  verify 1: accepted 5/5 (K=6) + correction -> +6 tokens (180.3 ms)  cpos=1093
  [margins] 14.56 16.00 9.23 11.41 7.29  K=6
  verify 2: accepted 5/5 (K=6) + correction -> +6 tokens (170.5 ms)  cpos=1099

[spec] generated 12 tokens over 2 verifies: mean tokens/verify = 6.00 (block=5, max 6)
[spec] tokens: 6704 16 6688 2501 270 4105 305 14904 16 4147 554 1926
[spec] SPEC-DECODE: 28.4 ms/tok = 35.19 tok/s  (vs base M=1 70.8 ms/tok = 14.13 tok/s -> 2.49x)
[decode] PREFILL: 1045 positions in 16791.4 ms = 62.2 tok/s (16.068 ms/tok)
[capture] wrote /home/patrickd/s5-capture/agentic-p25-b0.1/c5/cap/shard_p361_s001045.dspc  1045 tok x (3 taps + 1 lm_in) x 4096 = 32.7 MB (32.0 KB/tok)
[probe] wrote 16 draft probes (block=5) to /home/patrickd/s5-capture/agentic-p25-b0.1/c5/cap/drafts_p361_s001045.txt
[spec] decoding 8 tokens (block=5, draft passes=1, adaptK=1.50, prompt=361 s=1046)...
  [margins] 17.67 18.18 14.93 12.29 10.23  K=6
  verify 1: accepted 5/5 (K=6) + correction -> +6 tokens (173.1 ms)  cpos=1051
  [margins] 21.00 12.43 7.61 16.46 16.69  K=6
  verify 2: accepted 5/5 (K=6) + correction -> +6 tokens (174.5 ms)  cpos=1057

[spec] generated 12 tokens over 2 verifies: mean tokens/verify = 6.00 (block=5, max 6)
[spec] tokens: 9636 84 19 16 1366 7562 67 16 7684 82 9636 77
[spec] SPEC-DECODE: 29.1 ms/tok = 34.38 tok/s  (vs base M=1 70.8 ms/tok = 14.13 tok/s -> 2.43x)
[decode] PREFILL: 1247 positions in 20130.5 ms = 61.9 tok/s (16.143 ms/tok)
[capture] wrote /home/patrickd/s5-capture/agentic-p25-b0.1/c5/cap/shard_p362_s001247.dspc  1247 tok x (3 taps + 1 lm_in) x 4096 = 39.0 MB (32.0 KB/tok)
[probe] wrote 16 draft probes (block=5) to /home/patrickd/s5-capture/agentic-p25-b0.1/c5/cap/drafts_p362_s001247.txt
[spec] decoding 8 tokens (block=5, draft passes=1, adaptK=1.50, prompt=362 s=1248)...
  [margins] 17.88 10.96 12.79 6.31 1.27  K=5
  verify 1: accepted 4/4 (K=5) + correction -> +5 tokens (166.0 ms)  cpos=1252
  [margins] 12.14 3.09 10.73 1.89 1.01  K=5
  verify 2: accepted 3/4 (K=5) + correction -> +4 tokens (157.0 ms)  cpos=1256

[spec] generated 9 tokens over 2 verifies: mean tokens/verify = 4.50 (block=5, max 6)
[spec] tokens: 26 10792 377 270 27722 294 16865 305 5970
[spec] SPEC-DECODE: 39.3 ms/tok = 25.47 tok/s  (vs base M=1 70.8 ms/tok = 14.13 tok/s -> 1.80x)
[decode] PREFILL: 1087 positions in 17468.4 ms = 62.2 tok/s (16.070 ms/tok)
[capture] wrote /home/patrickd/s5-capture/agentic-p25-b0.1/c5/cap/shard_p363_s001087.dspc  1087 tok x (3 taps + 1 lm_in) x 4096 = 34.0 MB (32.0 KB/tok)
[probe] wrote 16 draft probes (block=5) to /home/patrickd/s5-capture/agentic-p25-b0.1/c5/cap/drafts_p363_s001087.txt
[spec] decoding 8 tokens (block=5, draft passes=1, adaptK=1.50, prompt=363 s=1088)...
  [margins] 20.31 14.72 12.37 15.52 8.75  K=6
  verify 1: accepted 5/5 (K=6) + correction -> +6 tokens (182.2 ms)  cpos=1093
  [margins] 15.79 13.10 12.44 12.09 6.05  K=6
  verify 2: accepted 5/5 (K=6) + correction -> +6 tokens (172.9 ms)  cpos=1099

[spec] generated 12 tokens over 2 verifies: mean tokens/verify = 6.00 (block=5, max 6)
[spec] tokens: 30 19995 1018 4484 4105 1926 4844 603 1718 19995 32 50
[spec] SPEC-DECODE: 28.8 ms/tok = 34.70 tok/s  (vs base M=1 70.8 ms/tok = 14.13 tok/s -> 2.46x)
[decode] PREFILL: 1438 positions in 23344.1 ms = 61.6 tok/s (16.234 ms/tok)
[capture] wrote /home/patrickd/s5-capture/agentic-p25-b0.1/c5/cap/shard_p364_s001438.dspc  1438 tok x (3 taps + 1 lm_in) x 4096 = 44.9 MB (32.0 KB/tok)
[probe] wrote 16 draft probes (block=5) to /home/patrickd/s5-capture/agentic-p25-b0.1/c5/cap/drafts_p364_s001438.txt
[spec] decoding 8 tokens (block=5, draft passes=1, adaptK=1.50, prompt=364 s=1439)...
  [margins] 11.66 24.13 11.15 12.57 10.26  K=6
  verify 1: accepted 5/5 (K=6) + correction -> +6 tokens (185.6 ms)  cpos=1444
  [margins] 15.13 14.76 10.15 12.96 10.79  K=6
  verify 2: accepted 5/5 (K=6) + correction -> +6 tokens (173.5 ms)  cpos=1450

[spec] generated 12 tokens over 2 verifies: mean tokens/verify = 6.00 (block=5, max 6)
[spec] tokens: 400 91 14 260 22361 595 73267 14 469 260 17765 41335
[spec] SPEC-DECODE: 28.9 ms/tok = 34.59 tok/s  (vs base M=1 70.8 ms/tok = 14.13 tok/s -> 2.45x)
[decode] PREFILL: 1092 positions in 17594.3 ms = 62.1 tok/s (16.112 ms/tok)
[capture] wrote /home/patrickd/s5-capture/agentic-p25-b0.1/c5/cap/shard_p365_s001092.dspc  1092 tok x (3 taps + 1 lm_in) x 4096 = 34.1 MB (32.0 KB/tok)
[probe] wrote 16 draft probes (block=5) to /home/patrickd/s5-capture/agentic-p25-b0.1/c5/cap/drafts_p365_s001092.txt
[spec] decoding 8 tokens (block=5, draft passes=1, adaptK=1.50, prompt=365 s=1093)...
  [margins] 13.64 9.36 7.98 11.77 10.72  K=6
  verify 1: accepted 5/5 (K=6) + correction -> +6 tokens (174.5 ms)  cpos=1098
  [margins] 10.18 10.65 8.36 6.32 6.87  K=6
  verify 2: accepted 5/5 (K=6) + correction -> +6 tokens (174.4 ms)  cpos=1104

[spec] generated 12 tokens over 2 verifies: mean tokens/verify = 6.00 (block=5, max 6)
[spec] tokens: 15353 12966 22697 8973 4 837 37419 1004 43 6345 566 7531
[spec] SPEC-DECODE: 29.1 ms/tok = 34.40 tok/s  (vs base M=1 70.8 ms/tok = 14.13 tok/s -> 2.43x)
[decode] PREFILL: 1567 positions in 25556.5 ms = 61.3 tok/s (16.309 ms/tok)
[capture] wrote /home/patrickd/s5-capture/agentic-p25-b0.1/c5/cap/shard_p366_s001567.dspc  1567 tok x (3 taps + 1 lm_in) x 4096 = 49.0 MB (32.0 KB/tok)
[probe] wrote 16 draft probes (block=5) to /home/patrickd/s5-capture/agentic-p25-b0.1/c5/cap/drafts_p366_s001567.txt
[spec] decoding 8 tokens (block=5, draft passes=1, adaptK=1.50, prompt=366 s=1568)...
  [margins] 11.14 12.98 12.40 12.86 11.35  K=6
  verify 1: accepted 5/5 (K=6) + correction -> +6 tokens (179.0 ms)  cpos=1573
  [margins] 11.50 13.33 12.32 12.31 11.23  K=6
  verify 2: accepted 5/5 (K=6) + correction -> +6 tokens (167.7 ms)  cpos=1579

[spec] generated 12 tokens over 2 verifies: mean tokens/verify = 6.00 (block=5, max 6)
[spec] tokens: 16 4617 75 16 4617 75 16 4617 75 16 4617 75
[spec] SPEC-DECODE: 28.0 ms/tok = 35.77 tok/s  (vs base M=1 70.8 ms/tok = 14.13 tok/s -> 2.53x)
[decode] PREFILL: 1692 positions in 27684.0 ms = 61.1 tok/s (16.362 ms/tok)
[capture] wrote /home/patrickd/s5-capture/agentic-p25-b0.1/c5/cap/shard_p367_s001692.dspc  1692 tok x (3 taps + 1 lm_in) x 4096 = 52.9 MB (32.0 KB/tok)
[probe] wrote 16 draft probes (block=5) to /home/patrickd/s5-capture/agentic-p25-b0.1/c5/cap/drafts_p367_s001692.txt
[spec] decoding 8 tokens (block=5, draft passes=1, adaptK=1.50, prompt=367 s=1693)...
  [margins] 5.70 9.11 11.36 16.62 10.81  K=6
  verify 1: accepted 5/5 (K=6) + correction -> +6 tokens (183.2 ms)  cpos=1698
  [margins] 12.31 3.06 8.24 7.18 6.21  K=6
  verify 2: accepted 5/5 (K=6) + correction -> +6 tokens (182.1 ms)  cpos=1704

[spec] generated 12 tokens over 2 verifies: mean tokens/verify = 6.00 (block=5, max 6)
[spec] tokens: 455 3287 2231 366 9045 834 294 270 2502 28 582 93143
[spec] SPEC-DECODE: 30.4 ms/tok = 32.95 tok/s  (vs base M=1 70.8 ms/tok = 14.13 tok/s -> 2.33x)
[decode] PREFILL: 1105 positions in 17792.2 ms = 62.1 tok/s (16.102 ms/tok)
[capture] wrote /home/patrickd/s5-capture/agentic-p25-b0.1/c5/cap/shard_p368_s001105.dspc  1105 tok x (3 taps + 1 lm_in) x 4096 = 34.5 MB (32.0 KB/tok)
[probe] wrote 16 draft probes (block=5) to /home/patrickd/s5-capture/agentic-p25-b0.1/c5/cap/drafts_p368_s001105.txt
[spec] decoding 8 tokens (block=5, draft passes=1, adaptK=1.50, prompt=368 s=1106)...
  [margins] 5.52 7.39 5.37 9.61 10.49  K=6
  verify 1: accepted 0/5 (K=6) + correction -> +1 tokens (172.8 ms)  cpos=1106
  [margins] 13.08 15.02 16.73 10.57 9.16  K=6
  verify 2: accepted 5/5 (K=6) + correction -> +6 tokens (177.0 ms)  cpos=1112
  [margins] 12.21 9.79 8.58 11.23 14.36  K=6
  verify 3: accepted 5/5 (K=6) + correction -> +6 tokens (171.4 ms)  cpos=1118

[spec] generated 13 tokens over 3 verifies: mean tokens/verify = 4.33 (block=5, max 6)
[spec] tokens: 14 440 759 554 1762 270 1529 14 305 440 1531 554 1635
[spec] SPEC-DECODE: 29.0 ms/tok = 34.45 tok/s  (vs base M=1 70.8 ms/tok = 14.13 tok/s -> 2.44x)
[decode] PREFILL: 1128 positions in 18156.8 ms = 62.1 tok/s (16.096 ms/tok)
[capture] wrote /home/patrickd/s5-capture/agentic-p25-b0.1/c5/cap/shard_p369_s001128.dspc  1128 tok x (3 taps + 1 lm_in) x 4096 = 35.3 MB (32.0 KB/tok)
[probe] wrote 16 draft probes (block=5) to /home/patrickd/s5-capture/agentic-p25-b0.1/c5/cap/drafts_p369_s001128.txt
[spec] decoding 8 tokens (block=5, draft passes=1, adaptK=1.50, prompt=369 s=1129)...
  [margins] 11.81 5.82 9.81 3.79 8.68  K=6
  verify 1: accepted 5/5 (K=6) + correction -> +6 tokens (168.7 ms)  cpos=1134
  [margins] 10.89 6.45 9.40 3.93 8.80  K=6
  verify 2: accepted 5/5 (K=6) + correction -> +6 tokens (168.7 ms)  cpos=1140

[spec] generated 12 tokens over 2 verifies: mean tokens/verify = 6.00 (block=5, max 6)
[spec] tokens: 539 16 539 16 539 16 539 16 539 16 539 16
[spec] SPEC-DECODE: 28.1 ms/tok = 35.57 tok/s  (vs base M=1 70.8 ms/tok = 14.13 tok/s -> 2.52x)
[decode] PREFILL: 1193 positions in 19249.8 ms = 62.0 tok/s (16.136 ms/tok)
[capture] wrote /home/patrickd/s5-capture/agentic-p25-b0.1/c5/cap/shard_p370_s001193.dspc  1193 tok x (3 taps + 1 lm_in) x 4096 = 37.3 MB (32.0 KB/tok)
[probe] wrote 16 draft probes (block=5) to /home/patrickd/s5-capture/agentic-p25-b0.1/c5/cap/drafts_p370_s001193.txt
[spec] decoding 8 tokens (block=5, draft passes=1, adaptK=1.50, prompt=370 s=1194)...
  [margins] 11.56 0.15 0.22 0.93 0.39  K=2
  verify 1: accepted 1/1 (K=2) + correction -> +2 tokens (108.6 ms)  cpos=1195
  [margins] 0.86 0.45 2.64 9.72 8.42  K=2
  verify 2: accepted 1/1 (K=2) + correction -> +2 tokens (109.9 ms)  cpos=1197
  [margins] 4.24 3.77 10.48 13.46 2.11  K=6
  verify 3: accepted 4/5 (K=6) + correction -> +5 tokens (166.5 ms)  cpos=1202

[spec] generated 9 tokens over 3 verifies: mean tokens/verify = 3.00 (block=5, max 6)
[spec] tokens: 304 5347 16224 2286 4691 201 262 565 11609
[spec] SPEC-DECODE: 39.5 ms/tok = 25.33 tok/s  (vs base M=1 70.8 ms/tok = 14.13 tok/s -> 1.79x)
[decode] PREFILL: 1226 positions in 19782.3 ms = 62.0 tok/s (16.136 ms/tok)
[capture] wrote /home/patrickd/s5-capture/agentic-p25-b0.1/c5/cap/shard_p371_s001226.dspc  1226 tok x (3 taps + 1 lm_in) x 4096 = 38.3 MB (32.0 KB/tok)
[probe] wrote 16 draft probes (block=5) to /home/patrickd/s5-capture/agentic-p25-b0.1/c5/cap/drafts_p371_s001226.txt
[spec] decoding 8 tokens (block=5, draft passes=1, adaptK=1.50, prompt=371 s=1227)...
  [margins] 12.51 10.16 13.07 12.56 5.27  K=6
  verify 1: accepted 5/5 (K=6) + correction -> +6 tokens (180.7 ms)  cpos=1232
  [margins] 12.59 14.72 10.54 14.10 10.80  K=6
  verify 2: accepted 5/5 (K=6) + correction -> +6 tokens (172.4 ms)  cpos=1238

[spec] generated 12 tokens over 2 verifies: mean tokens/verify = 6.00 (block=5, max 6)
[spec] tokens: 1353 270 37370 2019 16 274 57203 565 455 2019 769 260
[spec] SPEC-DECODE: 28.7 ms/tok = 34.79 tok/s  (vs base M=1 70.8 ms/tok = 14.13 tok/s -> 2.46x)
[decode] PREFILL: 1056 positions in 16969.6 ms = 62.2 tok/s (16.070 ms/tok)
[capture] wrote /home/patrickd/s5-capture/agentic-p25-b0.1/c5/cap/shard_p372_s001056.dspc  1056 tok x (3 taps + 1 lm_in) x 4096 = 33.0 MB (32.0 KB/tok)
[probe] wrote 16 draft probes (block=5) to /home/patrickd/s5-capture/agentic-p25-b0.1/c5/cap/drafts_p372_s001056.txt
[spec] decoding 8 tokens (block=5, draft passes=1, adaptK=1.50, prompt=372 s=1057)...
  [margins] 13.68 14.08 14.27 15.69 14.56  K=6
  verify 1: accepted 5/5 (K=6) + correction -> +6 tokens (175.7 ms)  cpos=1062
  [margins] 11.28 14.52 14.07 14.85 15.56  K=6
  verify 2: accepted 5/5 (K=6) + correction -> +6 tokens (175.1 ms)  cpos=1068

[spec] generated 12 tokens over 2 verifies: mean tokens/verify = 6.00 (block=5, max 6)
[spec] tokens: 91251 14 1119 6712 3051 16 55915 14 1119 6712 3051 16
[spec] SPEC-DECODE: 29.2 ms/tok = 34.26 tok/s  (vs base M=1 70.8 ms/tok = 14.13 tok/s -> 2.42x)
[decode] PREFILL: 2037 positions in 33624.8 ms = 60.6 tok/s (16.507 ms/tok)
[capture] wrote /home/patrickd/s5-capture/agentic-p25-b0.1/c5/cap/shard_p373_s002037.dspc  2037 tok x (3 taps + 1 lm_in) x 4096 = 63.7 MB (32.0 KB/tok)
[probe] wrote 16 draft probes (block=5) to /home/patrickd/s5-capture/agentic-p25-b0.1/c5/cap/drafts_p373_s002037.txt
[spec] decoding 8 tokens (block=5, draft passes=1, adaptK=1.50, prompt=373 s=2038)...
  [margins] 3.89 0.07 0.22 5.86 4.11  K=2
  verify 1: accepted 1/1 (K=2) + correction -> +2 tokens (117.8 ms)  cpos=2039
  [margins] 4.79 12.99 3.33 7.69 0.26  K=5
  verify 2: accepted 4/4 (K=5) + correction -> +5 tokens (162.7 ms)  cpos=2044
  [margins] 9.20 6.78 3.27 1.52 2.39  K=6
  verify 3: accepted 3/5 (K=6) + correction -> +4 tokens (191.3 ms)  cpos=2048

[spec] generated 11 tokens over 3 verifies: mean tokens/verify = 3.67 (block=5, max 6)
[spec] tokens: 6491 15036 2835 16 4195 66181 80 7227 638 16 1719
[spec] SPEC-DECODE: 39.3 ms/tok = 25.42 tok/s  (vs base M=1 70.8 ms/tok = 14.13 tok/s -> 1.80x)
[decode] PREFILL: 1252 positions in 20229.8 ms = 61.9 tok/s (16.158 ms/tok)
[capture] wrote /home/patrickd/s5-capture/agentic-p25-b0.1/c5/cap/shard_p374_s001252.dspc  1252 tok x (3 taps + 1 lm_in) x 4096 = 39.1 MB (32.0 KB/tok)
[probe] wrote 16 draft probes (block=5) to /home/patrickd/s5-capture/agentic-p25-b0.1/c5/cap/drafts_p374_s001252.txt
[spec] decoding 8 tokens (block=5, draft passes=1, adaptK=1.50, prompt=374 s=1253)...
  [margins] 18.41 11.73 8.24 10.29 4.55  K=6
  verify 1: accepted 5/5 (K=6) + correction -> +6 tokens (177.3 ms)  cpos=1258
  [margins] 2.81 4.18 6.56 1.52 6.76  K=6
  verify 2: accepted 0/5 (K=6) + correction -> +1 tokens (174.0 ms)  cpos=1259
  [margins] 10.96 12.22 13.13 10.53 9.95  K=6
  verify 3: accepted 5/5 (K=6) + correction -> +6 tokens (179.7 ms)  cpos=1265

[spec] generated 13 tokens over 3 verifies: mean tokens/verify = 4.33 (block=5, max 6)
[spec] tokens: 28295 436 362 440 16 1 50 601 14 342 5922 1635 3645
[spec] SPEC-DECODE: 50.5 ms/tok = 19.79 tok/s  (vs base M=1 70.8 ms/tok = 14.13 tok/s -> 1.40x)
[decode] PREFILL: 1110 positions in 17851.1 ms = 62.2 tok/s (16.082 ms/tok)
[capture] wrote /home/patrickd/s5-capture/agentic-p25-b0.1/c5/cap/shard_p375_s001110.dspc  1110 tok x (3 taps + 1 lm_in) x 4096 = 34.7 MB (32.0 KB/tok)
[probe] wrote 16 draft probes (block=5) to /home/patrickd/s5-capture/agentic-p25-b0.1/c5/cap/drafts_p375_s001110.txt
[spec] decoding 8 tokens (block=5, draft passes=1, adaptK=1.50, prompt=375 s=1111)...
  [margins] 11.44 13.39 10.94 13.65 11.27  K=6
  verify 1: accepted 5/5 (K=6) + correction -> +6 tokens (175.3 ms)  cpos=1116
  [margins] 12.18 9.91 11.09 9.16 10.87  K=6
  verify 2: accepted 5/5 (K=6) + correction -> +6 tokens (165.8 ms)  cpos=1122

[spec] generated 12 tokens over 2 verifies: mean tokens/verify = 6.00 (block=5, max 6)
[spec] tokens: 16 19 16 18 16 19 16 18 16 19 16 18
[spec] SPEC-DECODE: 27.6 ms/tok = 36.19 tok/s  (vs base M=1 70.8 ms/tok = 14.13 tok/s -> 2.56x)
[decode] PREFILL: 1129 positions in 18170.1 ms = 62.1 tok/s (16.094 ms/tok)
[capture] wrote /home/patrickd/s5-capture/agentic-p25-b0.1/c5/cap/shard_p376_s001129.dspc  1129 tok x (3 taps + 1 lm_in) x 4096 = 35.3 MB (32.0 KB/tok)
[probe] wrote 16 draft probes (block=5) to /home/patrickd/s5-capture/agentic-p25-b0.1/c5/cap/drafts_p376_s001129.txt
[spec] decoding 8 tokens (block=5, draft passes=1, adaptK=1.50, prompt=376 s=1130)...
  [margins] 16.15 13.73 9.64 14.52 7.51  K=6
  verify 1: accepted 5/5 (K=6) + correction -> +6 tokens (176.1 ms)  cpos=1135
  [margins] 13.76 14.28 10.36 16.72 14.75  K=6
  verify 2: accepted 5/5 (K=6) + correction -> +6 tokens (179.0 ms)  cpos=1141

[spec] generated 12 tokens over 2 verifies: mean tokens/verify = 6.00 (block=5, max 6)
[spec] tokens: 201 200 9955 597 295 3291 6600 940 223 19 14 313
[spec] SPEC-DECODE: 29.8 ms/tok = 33.53 tok/s  (vs base M=1 70.8 ms/tok = 14.13 tok/s -> 2.37x)
[decode] PREFILL: 1078 positions in 17345.0 ms = 62.2 tok/s (16.090 ms/tok)
[capture] wrote /home/patrickd/s5-capture/agentic-p25-b0.1/c5/cap/shard_p377_s001078.dspc  1078 tok x (3 taps + 1 lm_in) x 4096 = 33.7 MB (32.0 KB/tok)
[probe] wrote 16 draft probes (block=5) to /home/patrickd/s5-capture/agentic-p25-b0.1/c5/cap/drafts_p377_s001078.txt
[spec] decoding 8 tokens (block=5, draft passes=1, adaptK=1.50, prompt=377 s=1079)...
  [margins] 17.48 13.59 12.86 10.93 9.78  K=6
  verify 1: accepted 5/5 (K=6) + correction -> +6 tokens (177.5 ms)  cpos=1084
  [margins] 9.75 14.73 12.31 13.85 11.33  K=6
  verify 2: accepted 5/5 (K=6) + correction -> +6 tokens (168.1 ms)  cpos=1090

[spec] generated 12 tokens over 2 verifies: mean tokens/verify = 6.00 (block=5, max 6)
[spec] tokens: 7169 1492 223 21 4786 438 1527 7169 1492 223 736 4786
[spec] SPEC-DECODE: 28.0 ms/tok = 35.69 tok/s  (vs base M=1 70.8 ms/tok = 14.13 tok/s -> 2.53x)
[decode] PREFILL: 1095 positions in 17606.4 ms = 62.2 tok/s (16.079 ms/tok)
[capture] wrote /home/patrickd/s5-capture/agentic-p25-b0.1/c5/cap/shard_p378_s001095.dspc  1095 tok x (3 taps + 1 lm_in) x 4096 = 34.2 MB (32.0 KB/tok)
[probe] wrote 16 draft probes (block=5) to /home/patrickd/s5-capture/agentic-p25-b0.1/c5/cap/drafts_p378_s001095.txt
[spec] decoding 8 tokens (block=5, draft passes=1, adaptK=1.50, prompt=378 s=1096)...
  [margins] 20.63 15.31 17.82 16.55 10.88  K=6
  verify 1: accepted 5/5 (K=6) + correction -> +6 tokens (178.6 ms)  cpos=1101
  [margins] 13.87 15.81 17.35 14.47 11.82  K=6
  verify 2: accepted 5/5 (K=6) + correction -> +6 tokens (167.6 ms)  cpos=1107

[spec] generated 12 tokens over 2 verifies: mean tokens/verify = 6.00 (block=5, max 6)
[spec] tokens: 2173 14 1192 1949 4601 759 851 1952 611 16141 362 786
[spec] SPEC-DECODE: 27.9 ms/tok = 35.79 tok/s  (vs base M=1 70.8 ms/tok = 14.13 tok/s -> 2.53x)
[decode] PREFILL: 1079 positions in 17346.5 ms = 62.2 tok/s (16.077 ms/tok)
[capture] wrote /home/patrickd/s5-capture/agentic-p25-b0.1/c5/cap/shard_p379_s001079.dspc  1079 tok x (3 taps + 1 lm_in) x 4096 = 33.7 MB (32.0 KB/tok)
[probe] wrote 16 draft probes (block=5) to /home/patrickd/s5-capture/agentic-p25-b0.1/c5/cap/drafts_p379_s001079.txt
[spec] decoding 8 tokens (block=5, draft passes=1, adaptK=1.50, prompt=379 s=1080)...
  [margins] 11.55 10.93 12.02 10.93 12.16  K=6
  verify 1: accepted 5/5 (K=6) + correction -> +6 tokens (176.4 ms)  cpos=1085
  [margins] 11.02 12.37 11.43 13.67 8.89  K=6
  verify 2: accepted 5/5 (K=6) + correction -> +6 tokens (170.4 ms)  cpos=1091

[spec] generated 12 tokens over 2 verifies: mean tokens/verify = 6.00 (block=5, max 6)
[spec] tokens: 16 1438 2501 270 1926 16 1438 2501 270 1926 16 1438
[spec] SPEC-DECODE: 28.4 ms/tok = 35.20 tok/s  (vs base M=1 70.8 ms/tok = 14.13 tok/s -> 2.49x)
[decode] PREFILL: 1086 positions in 17458.2 ms = 62.2 tok/s (16.076 ms/tok)
[capture] wrote /home/patrickd/s5-capture/agentic-p25-b0.1/c5/cap/shard_p380_s001086.dspc  1086 tok x (3 taps + 1 lm_in) x 4096 = 33.9 MB (32.0 KB/tok)
[probe] wrote 16 draft probes (block=5) to /home/patrickd/s5-capture/agentic-p25-b0.1/c5/cap/drafts_p380_s001086.txt
[spec] decoding 8 tokens (block=5, draft passes=1, adaptK=1.50, prompt=380 s=1087)...
  [margins] 15.18 13.35 2.62 8.55 7.75  K=6
  verify 1: accepted 2/5 (K=6) + correction -> +3 tokens (179.4 ms)  cpos=1089
  [margins] 12.29 11.27 10.11 10.19 10.05  K=6
  verify 2: accepted 5/5 (K=6) + correction -> +6 tokens (170.5 ms)  cpos=1095

[spec] generated 9 tokens over 2 verifies: mean tokens/verify = 4.50 (block=5, max 6)
[spec] tokens: 4181 16 17935 565 696 554 1258 1117 6712
[spec] SPEC-DECODE: 28.4 ms/tok = 35.19 tok/s  (vs base M=1 70.8 ms/tok = 14.13 tok/s -> 2.49x)
[decode] PREFILL: 1438 positions in 23338.7 ms = 61.6 tok/s (16.230 ms/tok)
[capture] wrote /home/patrickd/s5-capture/agentic-p25-b0.1/c5/cap/shard_p381_s001438.dspc  1438 tok x (3 taps + 1 lm_in) x 4096 = 44.9 MB (32.0 KB/tok)
[probe] wrote 16 draft probes (block=5) to /home/patrickd/s5-capture/agentic-p25-b0.1/c5/cap/drafts_p381_s001438.txt
[spec] decoding 8 tokens (block=5, draft passes=1, adaptK=1.50, prompt=381 s=1439)...
  [margins] 18.47 12.61 12.19 13.14 12.58  K=6
  verify 1: accepted 5/5 (K=6) + correction -> +6 tokens (177.2 ms)  cpos=1444
  [margins] 18.60 12.95 12.99 11.88 12.09  K=6
  verify 2: accepted 5/5 (K=6) + correction -> +6 tokens (166.0 ms)  cpos=1450

[spec] generated 12 tokens over 2 verifies: mean tokens/verify = 6.00 (block=5, max 6)
[spec] tokens: 3739 16 20237 3739 16 20237 3739 16 20237 3739 16 20237
[spec] SPEC-DECODE: 27.7 ms/tok = 36.14 tok/s  (vs base M=1 70.8 ms/tok = 14.13 tok/s -> 2.56x)
[decode] PREFILL: 1217 positions in 19663.5 ms = 61.9 tok/s (16.157 ms/tok)
[capture] wrote /home/patrickd/s5-capture/agentic-p25-b0.1/c5/cap/shard_p382_s001217.dspc  1217 tok x (3 taps + 1 lm_in) x 4096 = 38.0 MB (32.0 KB/tok)
[probe] wrote 16 draft probes (block=5) to /home/patrickd/s5-capture/agentic-p25-b0.1/c5/cap/drafts_p382_s001217.txt
[spec] decoding 8 tokens (block=5, draft passes=1, adaptK=1.50, prompt=382 s=1218)...
  [margins] 12.21 1.79 0.28 3.94 0.47  K=3
  verify 1: accepted 2/2 (K=3) + correction -> +3 tokens (132.4 ms)  cpos=1220
  [margins] 1.10 2.40 1.52 1.98 0.85  K=5
  verify 2: accepted 0/4 (K=5) + correction -> +1 tokens (151.7 ms)  cpos=1221
  [margins] 7.93 2.46 2.63 5.44 3.77  K=6
  verify 3: accepted 2/5 (K=6) + correction -> +3 tokens (170.5 ms)  cpos=1224
  [margins] 5.25 5.59 7.08 8.10 0.42  K=5
  verify 4: accepted 1/4 (K=5) + correction -> +2 tokens (149.9 ms)  cpos=1226

[spec] generated 9 tokens over 4 verifies: mean tokens/verify = 2.25 (block=5, max 6)
[spec] tokens: 2174 808 305 1341 270 79668 1748 14 855
[spec] SPEC-DECODE: 78.7 ms/tok = 12.71 tok/s  (vs base M=1 70.8 ms/tok = 14.13 tok/s -> 0.90x)
[decode] PREFILL: 1136 positions in 18283.6 ms = 62.1 tok/s (16.095 ms/tok)
[capture] wrote /home/patrickd/s5-capture/agentic-p25-b0.1/c5/cap/shard_p383_s001136.dspc  1136 tok x (3 taps + 1 lm_in) x 4096 = 35.5 MB (32.0 KB/tok)
[probe] wrote 16 draft probes (block=5) to /home/patrickd/s5-capture/agentic-p25-b0.1/c5/cap/drafts_p383_s001136.txt
[spec] decoding 8 tokens (block=5, draft passes=1, adaptK=1.50, prompt=383 s=1137)...
  [margins] 22.74 11.89 9.54 5.41 5.37  K=6
  verify 1: accepted 5/5 (K=6) + correction -> +6 tokens (174.6 ms)  cpos=1142
  [margins] 6.40 9.57 2.43 6.89 1.48  K=5
  verify 2: accepted 4/4 (K=5) + correction -> +5 tokens (152.6 ms)  cpos=1147

[spec] generated 11 tokens over 2 verifies: mean tokens/verify = 5.50 (block=5, max 6)
[spec] tokens: 443 294 5056 14 778 4888 12001 304 34672 414 11003
[spec] SPEC-DECODE: 30.5 ms/tok = 32.76 tok/s  (vs base M=1 70.8 ms/tok = 14.13 tok/s -> 2.32x)
[decode] PREFILL: 1123 positions in 18074.7 ms = 62.1 tok/s (16.095 ms/tok)
[capture] wrote /home/patrickd/s5-capture/agentic-p25-b0.1/c5/cap/shard_p384_s001123.dspc  1123 tok x (3 taps + 1 lm_in) x 4096 = 35.1 MB (32.0 KB/tok)
[probe] wrote 16 draft probes (block=5) to /home/patrickd/s5-capture/agentic-p25-b0.1/c5/cap/drafts_p384_s001123.txt
[spec] decoding 8 tokens (block=5, draft passes=1, adaptK=1.50, prompt=384 s=1124)...
  [margins] 15.68 6.31 14.85 15.57 12.17  K=6
  verify 1: accepted 5/5 (K=6) + correction -> +6 tokens (178.8 ms)  cpos=1129
  [margins] 13.88 17.99 7.55 12.63 13.58  K=6
  verify 2: accepted 5/5 (K=6) + correction -> +6 tokens (169.9 ms)  cpos=1135

[spec] generated 12 tokens over 2 verifies: mean tokens/verify = 6.00 (block=5, max 6)
[spec] tokens: 50 66655 15660 409 16 14026 92 50 66655 15660 409 16
[spec] SPEC-DECODE: 28.3 ms/tok = 35.32 tok/s  (vs base M=1 70.8 ms/tok = 14.13 tok/s -> 2.50x)
[decode] PREFILL: 1054 positions in 16932.7 ms = 62.2 tok/s (16.065 ms/tok)
[capture] wrote /home/patrickd/s5-capture/agentic-p25-b0.1/c5/cap/shard_p385_s001054.dspc  1054 tok x (3 taps + 1 lm_in) x 4096 = 32.9 MB (32.0 KB/tok)
[probe] wrote 16 draft probes (block=5) to /home/patrickd/s5-capture/agentic-p25-b0.1/c5/cap/drafts_p385_s001054.txt
[spec] decoding 8 tokens (block=5, draft passes=1, adaptK=1.50, prompt=385 s=1055)...
  [margins] 15.31 15.96 8.29 1.04 3.33  K=4
  verify 1: accepted 3/3 (K=4) + correction -> +4 tokens (146.9 ms)  cpos=1058
  [margins] 1.28 12.39 12.43 11.60 6.29  K=6
  verify 2: accepted 5/5 (K=6) + correction -> +6 tokens (177.9 ms)  cpos=1064

[spec] generated 10 tokens over 2 verifies: mean tokens/verify = 5.00 (block=5, max 6)
[spec] tokens: 362 223 3186 51181 66663 25813 14 16609 223 2574
[spec] SPEC-DECODE: 29.6 ms/tok = 33.73 tok/s  (vs base M=1 70.8 ms/tok = 14.13 tok/s -> 2.39x)
[decode] PREFILL: 1535 positions in 24953.1 ms = 61.5 tok/s (16.256 ms/tok)
[capture] wrote /home/patrickd/s5-capture/agentic-p25-b0.1/c5/cap/shard_p386_s001535.dspc  1535 tok x (3 taps + 1 lm_in) x 4096 = 48.0 MB (32.0 KB/tok)
[probe] wrote 16 draft probes (block=5) to /home/patrickd/s5-capture/agentic-p25-b0.1/c5/cap/drafts_p386_s001535.txt
[spec] decoding 8 tokens (block=5, draft passes=1, adaptK=1.50, prompt=386 s=1536)...
  [margins] 19.88 22.09 9.84 16.52 15.19  K=6
  verify 1: accepted 5/5 (K=6) + correction -> +6 tokens (202.6 ms)  cpos=1541
  [margins] 14.27 23.72 14.57 10.92 5.35  K=6
  verify 2: accepted 5/5 (K=6) + correction -> +6 tokens (175.8 ms)  cpos=1547

[spec] generated 12 tokens over 2 verifies: mean tokens/verify = 6.00 (block=5, max 6)
[spec] tokens: 223 939 20 305 270 8740 20851 288 5485 294 270 10182
[spec] SPEC-DECODE: 29.3 ms/tok = 34.13 tok/s  (vs base M=1 70.8 ms/tok = 14.13 tok/s -> 2.42x)
[decode] PREFILL: 1163 positions in 18748.4 ms = 62.0 tok/s (16.121 ms/tok)
[capture] wrote /home/patrickd/s5-capture/agentic-p25-b0.1/c5/cap/shard_p387_s001163.dspc  1163 tok x (3 taps + 1 lm_in) x 4096 = 36.3 MB (32.0 KB/tok)
[probe] wrote 16 draft probes (block=5) to /home/patrickd/s5-capture/agentic-p25-b0.1/c5/cap/drafts_p387_s001163.txt
[spec] decoding 8 tokens (block=5, draft passes=1, adaptK=1.50, prompt=387 s=1164)...
  [margins] 16.73 15.99 14.32 6.82 3.52  K=6
  verify 1: accepted 4/5 (K=6) + correction -> +5 tokens (179.5 ms)  cpos=1168
  [margins] 23.03 19.07 13.48 8.11 9.81  K=6
  verify 2: accepted 5/5 (K=6) + correction -> +6 tokens (169.8 ms)  cpos=1174

[spec] generated 11 tokens over 2 verifies: mean tokens/verify = 5.50 (block=5, max 6)
[spec] tokens: 3465 3979 111297 65 5459 52721 40063 26246 3395 361 31160
[spec] SPEC-DECODE: 28.3 ms/tok = 35.33 tok/s  (vs base M=1 70.8 ms/tok = 14.13 tok/s -> 2.50x)
[decode] PREFILL: 1221 positions in 19721.0 ms = 61.9 tok/s (16.151 ms/tok)
[capture] wrote /home/patrickd/s5-capture/agentic-p25-b0.1/c5/cap/shard_p388_s001221.dspc  1221 tok x (3 taps + 1 lm_in) x 4096 = 38.2 MB (32.0 KB/tok)
[probe] wrote 16 draft probes (block=5) to /home/patrickd/s5-capture/agentic-p25-b0.1/c5/cap/drafts_p388_s001221.txt
[spec] decoding 8 tokens (block=5, draft passes=1, adaptK=1.50, prompt=388 s=1222)...
  [margins] 13.47 11.33 17.44 15.14 12.93  K=6
  verify 1: accepted 5/5 (K=6) + correction -> +6 tokens (176.1 ms)  cpos=1227
  [margins] 19.67 13.89 6.83 9.98 9.21  K=6
  verify 2: accepted 5/5 (K=6) + correction -> +6 tokens (176.2 ms)  cpos=1233

[spec] generated 12 tokens over 2 verifies: mean tokens/verify = 6.00 (block=5, max 6)
[spec] tokens: 270 12195 18035 5942 31129 734 10364 3862 2755 88031 28 455
[spec] SPEC-DECODE: 29.4 ms/tok = 34.05 tok/s  (vs base M=1 70.8 ms/tok = 14.13 tok/s -> 2.41x)
[decode] PREFILL: 1054 positions in 16940.7 ms = 62.2 tok/s (16.073 ms/tok)
[capture] wrote /home/patrickd/s5-capture/agentic-p25-b0.1/c5/cap/shard_p389_s001054.dspc  1054 tok x (3 taps + 1 lm_in) x 4096 = 32.9 MB (32.0 KB/tok)
[probe] wrote 16 draft probes (block=5) to /home/patrickd/s5-capture/agentic-p25-b0.1/c5/cap/drafts_p389_s001054.txt
[spec] decoding 8 tokens (block=5, draft passes=1, adaptK=1.50, prompt=389 s=1055)...
  [margins] 19.00 16.98 15.06 13.36 7.52  K=6
  verify 1: accepted 5/5 (K=6) + correction -> +6 tokens (181.7 ms)  cpos=1060
  [margins] 19.90 14.86 13.84 15.81 9.82  K=6
  verify 2: accepted 5/5 (K=6) + correction -> +6 tokens (169.3 ms)  cpos=1066

[spec] generated 12 tokens over 2 verifies: mean tokens/verify = 6.00 (block=5, max 6)
[spec] tokens: 1926 2503 42608 436 339 21392 14 1026 4256 344 979 43
[spec] SPEC-DECODE: 28.2 ms/tok = 35.44 tok/s  (vs base M=1 70.8 ms/tok = 14.13 tok/s -> 2.51x)
[decode] PREFILL: 1050 positions in 16863.0 ms = 62.3 tok/s (16.060 ms/tok)
[capture] wrote /home/patrickd/s5-capture/agentic-p25-b0.1/c5/cap/shard_p390_s001050.dspc  1050 tok x (3 taps + 1 lm_in) x 4096 = 32.8 MB (32.0 KB/tok)
[probe] wrote 16 draft probes (block=5) to /home/patrickd/s5-capture/agentic-p25-b0.1/c5/cap/drafts_p390_s001050.txt
[spec] decoding 8 tokens (block=5, draft passes=1, adaptK=1.50, prompt=390 s=1051)...
  [margins] 20.92 14.90 19.96 9.39 14.32  K=6
  verify 1: accepted 5/5 (K=6) + correction -> +6 tokens (180.8 ms)  cpos=1056
  [margins] 15.89 15.99 11.66 5.27 0.89  K=5
  verify 2: accepted 4/4 (K=5) + correction -> +5 tokens (152.9 ms)  cpos=1061

[spec] generated 11 tokens over 2 verifies: mean tokens/verify = 5.50 (block=5, max 6)
[spec] tokens: 438 223 1872 16 223 2359 9118 957 1872 295 3452
[spec] SPEC-DECODE: 30.6 ms/tok = 32.70 tok/s  (vs base M=1 70.8 ms/tok = 14.13 tok/s -> 2.31x)
[decode] PREFILL: 1050 positions in 16872.7 ms = 62.2 tok/s (16.069 ms/tok)
[capture] wrote /home/patrickd/s5-capture/agentic-p25-b0.1/c5/cap/shard_p391_s001050.dspc  1050 tok x (3 taps + 1 lm_in) x 4096 = 32.8 MB (32.0 KB/tok)
[probe] wrote 16 draft probes (block=5) to /home/patrickd/s5-capture/agentic-p25-b0.1/c5/cap/drafts_p391_s001050.txt
[spec] decoding 8 tokens (block=5, draft passes=1, adaptK=1.50, prompt=391 s=1051)...
  [margins] 14.62 17.27 16.37 9.67 8.08  K=6
  verify 1: accepted 5/5 (K=6) + correction -> +6 tokens (181.4 ms)  cpos=1056
  [margins] 12.05 17.16 16.16 16.43 11.94  K=6
  verify 2: accepted 5/5 (K=6) + correction -> +6 tokens (169.9 ms)  cpos=1062

[spec] generated 12 tokens over 2 verifies: mean tokens/verify = 6.00 (block=5, max 6)
[spec] tokens: 270 9670 295 11111 11859 3749 455 3967 20407 28 582 3085
[spec] SPEC-DECODE: 28.3 ms/tok = 35.32 tok/s  (vs base M=1 70.8 ms/tok = 14.13 tok/s -> 2.50x)
[decode] PREFILL: 1468 positions in 23843.8 ms = 61.6 tok/s (16.242 ms/tok)
[capture] wrote /home/patrickd/s5-capture/agentic-p25-b0.1/c5/cap/shard_p392_s001468.dspc  1468 tok x (3 taps + 1 lm_in) x 4096 = 45.9 MB (32.0 KB/tok)
[probe] wrote 16 draft probes (block=5) to /home/patrickd/s5-capture/agentic-p25-b0.1/c5/cap/drafts_p392_s001468.txt
[spec] decoding 8 tokens (block=5, draft passes=1, adaptK=1.50, prompt=392 s=1469)...
  [margins] 16.08 12.54 10.60 12.71 13.70  K=6
  verify 1: accepted 5/5 (K=6) + correction -> +6 tokens (179.6 ms)  cpos=1474
  [margins] 19.94 17.00 13.96 10.33 14.40  K=6
  verify 2: accepted 5/5 (K=6) + correction -> +6 tokens (179.8 ms)  cpos=1480

[spec] generated 12 tokens over 2 verifies: mean tokens/verify = 6.00 (block=5, max 6)
[spec] tokens: 4745 396 344 7677 513 36246 540 42240 14287 1240 35 16
[spec] SPEC-DECODE: 30.0 ms/tok = 33.38 tok/s  (vs base M=1 70.8 ms/tok = 14.13 tok/s -> 2.36x)
[decode] PREFILL: 1158 positions in 18686.1 ms = 62.0 tok/s (16.137 ms/tok)
[capture] wrote /home/patrickd/s5-capture/agentic-p25-b0.1/c5/cap/shard_p393_s001158.dspc  1158 tok x (3 taps + 1 lm_in) x 4096 = 36.2 MB (32.0 KB/tok)
[probe] wrote 16 draft probes (block=5) to /home/patrickd/s5-capture/agentic-p25-b0.1/c5/cap/drafts_p393_s001158.txt
[spec] decoding 8 tokens (block=5, draft passes=1, adaptK=1.50, prompt=393 s=1159)...
  [margins] 11.87 1.39 0.04 2.45 1.77  K=2
  verify 1: accepted 1/1 (K=2) + correction -> +2 tokens (115.2 ms)  cpos=1160
  [margins] 1.75 2.74 3.36 0.30 2.47  K=4
  verify 2: accepted 0/3 (K=4) + correction -> +1 tokens (141.1 ms)  cpos=1161
  [margins] 2.95 2.63 3.35 6.96 1.94  K=6
  verify 3: accepted 2/5 (K=6) + correction -> +3 tokens (173.0 ms)  cpos=1164
  [margins] 2.86 2.05 0.89 0.63 1.65  K=3
  verify 4: accepted 2/2 (K=3) + correction -> +3 tokens (117.7 ms)  cpos=1167

[spec] generated 9 tokens over 4 verifies: mean tokens/verify = 2.25 (block=5, max 6)
[spec] tokens: 734 2958 20396 16 455 14773 344 990 5026
[spec] SPEC-DECODE: 61.7 ms/tok = 16.21 tok/s  (vs base M=1 70.8 ms/tok = 14.13 tok/s -> 1.15x)
[decode] PREFILL: 1065 positions in 17123.9 ms = 62.2 tok/s (16.079 ms/tok)
[capture] wrote /home/patrickd/s5-capture/agentic-p25-b0.1/c5/cap/shard_p394_s001065.dspc  1065 tok x (3 taps + 1 lm_in) x 4096 = 33.3 MB (32.0 KB/tok)
[probe] wrote 16 draft probes (block=5) to /home/patrickd/s5-capture/agentic-p25-b0.1/c5/cap/drafts_p394_s001065.txt
[spec] decoding 8 tokens (block=5, draft passes=1, adaptK=1.50, prompt=394 s=1066)...
  [margins] 14.47 15.76 17.21 9.63 12.01  K=6
  verify 1: accepted 5/5 (K=6) + correction -> +6 tokens (174.1 ms)  cpos=1071
  [margins] 10.43 12.20 14.39 12.20 14.42  K=6
  verify 2: accepted 5/5 (K=6) + correction -> +6 tokens (175.9 ms)  cpos=1077

[spec] generated 12 tokens over 2 verifies: mean tokens/verify = 6.00 (block=5, max 6)
[spec] tokens: 769 223 23317 18 8395 16 455 8749 7914 304 2496 260
[spec] SPEC-DECODE: 29.3 ms/tok = 34.10 tok/s  (vs base M=1 70.8 ms/tok = 14.13 tok/s -> 2.41x)
[decode] PREFILL: 1112 positions in 17899.2 ms = 62.1 tok/s (16.096 ms/tok)
[capture] wrote /home/patrickd/s5-capture/agentic-p25-b0.1/c5/cap/shard_p395_s001112.dspc  1112 tok x (3 taps + 1 lm_in) x 4096 = 34.8 MB (32.0 KB/tok)
[probe] wrote 16 draft probes (block=5) to /home/patrickd/s5-capture/agentic-p25-b0.1/c5/cap/drafts_p395_s001112.txt
[spec] decoding 8 tokens (block=5, draft passes=1, adaptK=1.50, prompt=395 s=1113)...
  [margins] 21.67 23.23 16.64 10.37 10.31  K=6
  verify 1: accepted 5/5 (K=6) + correction -> +6 tokens (176.4 ms)  cpos=1118
  [margins] 13.09 13.81 12.97 13.22 11.19  K=6
  verify 2: accepted 5/5 (K=6) + correction -> +6 tokens (177.9 ms)  cpos=1124

[spec] generated 12 tokens over 2 verifies: mean tokens/verify = 6.00 (block=5, max 6)
[spec] tokens: 37 1933 43185 4105 344 270 6798 4105 304 4085 1666 17143
[spec] SPEC-DECODE: 29.7 ms/tok = 33.72 tok/s  (vs base M=1 70.8 ms/tok = 14.13 tok/s -> 2.39x)
[decode] PREFILL: 1060 positions in 17048.5 ms = 62.2 tok/s (16.084 ms/tok)
[capture] wrote /home/patrickd/s5-capture/agentic-p25-b0.1/c5/cap/shard_p396_s001060.dspc  1060 tok x (3 taps + 1 lm_in) x 4096 = 33.1 MB (32.0 KB/tok)
[probe] wrote 16 draft probes (block=5) to /home/patrickd/s5-capture/agentic-p25-b0.1/c5/cap/drafts_p396_s001060.txt
[spec] decoding 8 tokens (block=5, draft passes=1, adaptK=1.50, prompt=396 s=1061)...
  [margins] 16.77 12.85 13.26 8.30 8.65  K=6
  verify 1: accepted 5/5 (K=6) + correction -> +6 tokens (176.3 ms)  cpos=1066
  [margins] 20.94 20.64 16.49 13.28 16.56  K=6
  verify 2: accepted 5/5 (K=6) + correction -> +6 tokens (175.2 ms)  cpos=1072

[spec] generated 12 tokens over 2 verifies: mean tokens/verify = 6.00 (block=5, max 6)
[spec] tokens: 362 3756 9353 1494 366 3061 1277 582 73 529 20 4
[spec] SPEC-DECODE: 29.2 ms/tok = 34.24 tok/s  (vs base M=1 70.8 ms/tok = 14.13 tok/s -> 2.42x)
[decode] PREFILL: 1566 positions in 25520.5 ms = 61.4 tok/s (16.297 ms/tok)
[capture] wrote /home/patrickd/s5-capture/agentic-p25-b0.1/c5/cap/shard_p397_s001566.dspc  1566 tok x (3 taps + 1 lm_in) x 4096 = 48.9 MB (32.0 KB/tok)
[probe] wrote 16 draft probes (block=5) to /home/patrickd/s5-capture/agentic-p25-b0.1/c5/cap/drafts_p397_s001566.txt
[spec] decoding 8 tokens (block=5, draft passes=1, adaptK=1.50, prompt=397 s=1567)...
  [margins] 13.14 14.23 12.55 13.06 12.17  K=6
  verify 1: accepted 5/5 (K=6) + correction -> +6 tokens (178.7 ms)  cpos=1572
  [margins] 14.53 14.98 13.79 12.94 13.69  K=6
  verify 2: accepted 5/5 (K=6) + correction -> +6 tokens (165.1 ms)  cpos=1578

[spec] generated 12 tokens over 2 verifies: mean tokens/verify = 6.00 (block=5, max 6)
[spec] tokens: 16 70404 16 70404 16 70404 16 70404 16 70404 16 70404
[spec] SPEC-DECODE: 27.5 ms/tok = 36.34 tok/s  (vs base M=1 70.8 ms/tok = 14.13 tok/s -> 2.57x)
[decode] PREFILL: 1081 positions in 17388.1 ms = 62.2 tok/s (16.085 ms/tok)
[capture] wrote /home/patrickd/s5-capture/agentic-p25-b0.1/c5/cap/shard_p398_s001081.dspc  1081 tok x (3 taps + 1 lm_in) x 4096 = 33.8 MB (32.0 KB/tok)
[probe] wrote 16 draft probes (block=5) to /home/patrickd/s5-capture/agentic-p25-b0.1/c5/cap/drafts_p398_s001081.txt
[spec] decoding 8 tokens (block=5, draft passes=1, adaptK=1.50, prompt=398 s=1082)...
  [margins] 11.59 7.91 9.11 7.09 9.18  K=6
  verify 1: accepted 5/5 (K=6) + correction -> +6 tokens (170.7 ms)  cpos=1087
  [margins] 14.22 8.82 9.68 8.67 9.62  K=6
  verify 2: accepted 5/5 (K=6) + correction -> +6 tokens (172.8 ms)  cpos=1093

[spec] generated 12 tokens over 2 verifies: mean tokens/verify = 6.00 (block=5, max 6)
[spec] tokens: 271 58348 50777 49555 52010 362 440 271 12602 699 32108 271
[spec] SPEC-DECODE: 28.8 ms/tok = 34.72 tok/s  (vs base M=1 70.8 ms/tok = 14.13 tok/s -> 2.46x)
[decode] PREFILL: 1081 positions in 17389.3 ms = 62.2 tok/s (16.086 ms/tok)
[capture] wrote /home/patrickd/s5-capture/agentic-p25-b0.1/c5/cap/shard_p399_s001081.dspc  1081 tok x (3 taps + 1 lm_in) x 4096 = 33.8 MB (32.0 KB/tok)
[probe] wrote 16 draft probes (block=5) to /home/patrickd/s5-capture/agentic-p25-b0.1/c5/cap/drafts_p399_s001081.txt
[spec] decoding 8 tokens (block=5, draft passes=1, adaptK=1.50, prompt=399 s=1082)...
  [margins] 14.59 16.25 16.01 4.66 8.91  K=6
  verify 1: accepted 5/5 (K=6) + correction -> +6 tokens (165.3 ms)  cpos=1087
  [margins] 14.78 16.06 14.68 3.24 7.45  K=6
  verify 2: accepted 5/5 (K=6) + correction -> +6 tokens (165.1 ms)  cpos=1093

[spec] generated 12 tokens over 2 verifies: mean tokens/verify = 6.00 (block=5, max 6)
[spec] tokens: 3749 11 3749 11 3749 11 3749 11 3749 11 3749 11
[spec] SPEC-DECODE: 27.5 ms/tok = 36.35 tok/s  (vs base M=1 70.8 ms/tok = 14.13 tok/s -> 2.57x)
[decode] PREFILL: 2305 positions in 38305.9 ms = 60.2 tok/s (16.619 ms/tok)
[capture] wrote /home/patrickd/s5-capture/agentic-p25-b0.1/c5/cap/shard_p400_s002305.dspc  2305 tok x (3 taps + 1 lm_in) x 4096 = 72.0 MB (32.0 KB/tok)
[probe] wrote 16 draft probes (block=5) to /home/patrickd/s5-capture/agentic-p25-b0.1/c5/cap/drafts_p400_s002305.txt
[spec] decoding 8 tokens (block=5, draft passes=1, adaptK=1.50, prompt=400 s=2306)...
  [margins] 16.55 17.50 9.55 9.34 4.27  K=6
  verify 1: accepted 5/5 (K=6) + correction -> +6 tokens (189.3 ms)  cpos=2311
  [margins] 12.75 12.62 14.23 18.90 18.21  K=6
  verify 2: accepted 5/5 (K=6) + correction -> +6 tokens (187.5 ms)  cpos=2317

[spec] generated 12 tokens over 2 verifies: mean tokens/verify = 6.00 (block=5, max 6)
[spec] tokens: 1355 200 2738 200 643 19 201 50 1842 1355 200 2738
[spec] SPEC-DECODE: 31.3 ms/tok = 31.99 tok/s  (vs base M=1 70.8 ms/tok = 14.13 tok/s -> 2.26x)
[decode] PREFILL: 1048 positions in 16821.8 ms = 62.3 tok/s (16.051 ms/tok)
[capture] wrote /home/patrickd/s5-capture/agentic-p25-b0.1/c5/cap/shard_p401_s001048.dspc  1048 tok x (3 taps + 1 lm_in) x 4096 = 32.8 MB (32.0 KB/tok)
[probe] wrote 16 draft probes (block=5) to /home/patrickd/s5-capture/agentic-p25-b0.1/c5/cap/drafts_p401_s001048.txt
[spec] decoding 8 tokens (block=5, draft passes=1, adaptK=1.50, prompt=401 s=1049)...
  [margins] 16.62 15.20 15.78 13.75 12.03  K=6
  verify 1: accepted 5/5 (K=6) + correction -> +6 tokens (172.0 ms)  cpos=1054
  [margins] 22.50 14.15 16.38 12.09 11.55  K=6
  verify 2: accepted 5/5 (K=6) + correction -> +6 tokens (173.2 ms)  cpos=1060

[spec] generated 12 tokens over 2 verifies: mean tokens/verify = 6.00 (block=5, max 6)
[spec] tokens: 304 17290 710 7316 295 270 2310 16 15361 270 15255 2019
[spec] SPEC-DECODE: 28.9 ms/tok = 34.65 tok/s  (vs base M=1 70.8 ms/tok = 14.13 tok/s -> 2.45x)
[decode] PREFILL: 1192 positions in 19235.9 ms = 62.0 tok/s (16.138 ms/tok)
[capture] wrote /home/patrickd/s5-capture/agentic-p25-b0.1/c5/cap/shard_p402_s001192.dspc  1192 tok x (3 taps + 1 lm_in) x 4096 = 37.3 MB (32.0 KB/tok)
[probe] wrote 16 draft probes (block=5) to /home/patrickd/s5-capture/agentic-p25-b0.1/c5/cap/drafts_p402_s001192.txt
[spec] decoding 8 tokens (block=5, draft passes=1, adaptK=1.50, prompt=402 s=1193)...
  [margins] 3.72 5.99 0.70 0.83 0.79  K=3
  verify 1: accepted 2/2 (K=3) + correction -> +3 tokens (121.7 ms)  cpos=1195
  [margins] 0.63 1.87 2.81 0.17 0.12  K=4
  verify 2: accepted 3/3 (K=4) + correction -> +4 tokens (136.1 ms)  cpos=1199
  [margins] 1.58 0.21 3.16 9.60 3.22  K=2
  verify 3: accepted 1/1 (K=2) + correction -> +2 tokens (109.1 ms)  cpos=1201

[spec] generated 9 tokens over 3 verifies: mean tokens/verify = 3.00 (block=5, max 6)
[spec] tokens: 6756 28 342 4571 24967 943 270 3549 17843
[spec] SPEC-DECODE: 40.9 ms/tok = 24.47 tok/s  (vs base M=1 70.8 ms/tok = 14.13 tok/s -> 1.73x)
[decode] PREFILL: 1076 positions in 17317.5 ms = 62.1 tok/s (16.094 ms/tok)
[capture] wrote /home/patrickd/s5-capture/agentic-p25-b0.1/c5/cap/shard_p403_s001076.dspc  1076 tok x (3 taps + 1 lm_in) x 4096 = 33.6 MB (32.0 KB/tok)
[probe] wrote 16 draft probes (block=5) to /home/patrickd/s5-capture/agentic-p25-b0.1/c5/cap/drafts_p403_s001076.txt
[spec] decoding 8 tokens (block=5, draft passes=1, adaptK=1.50, prompt=403 s=1077)...
  [margins] 13.15 14.16 13.43 14.15 20.77  K=6
  verify 1: accepted 5/5 (K=6) + correction -> +6 tokens (174.4 ms)  cpos=1082
  [margins] 16.73 18.23 8.15 8.61 12.56  K=6
  verify 2: accepted 5/5 (K=6) + correction -> +6 tokens (172.0 ms)  cpos=1088

[spec] generated 12 tokens over 2 verifies: mean tokens/verify = 6.00 (block=5, max 6)
[spec] tokens: 123335 513 3072 22711 1775 52853 764 25 17 25 17 939
[spec] SPEC-DECODE: 28.7 ms/tok = 34.89 tok/s  (vs base M=1 70.8 ms/tok = 14.13 tok/s -> 2.47x)
[decode] PREFILL: 1099 positions in 17673.8 ms = 62.2 tok/s (16.082 ms/tok)
[capture] wrote /home/patrickd/s5-capture/agentic-p25-b0.1/c5/cap/shard_p404_s001099.dspc  1099 tok x (3 taps + 1 lm_in) x 4096 = 34.3 MB (32.0 KB/tok)
[probe] wrote 16 draft probes (block=5) to /home/patrickd/s5-capture/agentic-p25-b0.1/c5/cap/drafts_p404_s001099.txt
[spec] decoding 8 tokens (block=5, draft passes=1, adaptK=1.50, prompt=404 s=1100)...
  [margins] 15.77 14.46 13.39 15.32 14.02  K=6
  verify 1: accepted 5/5 (K=6) + correction -> +6 tokens (182.4 ms)  cpos=1105
  [margins] 10.04 9.56 6.29 6.10 2.96  K=6
  verify 2: accepted 5/5 (K=6) + correction -> +6 tokens (170.2 ms)  cpos=1111

[spec] generated 12 tokens over 2 verifies: mean tokens/verify = 6.00 (block=5, max 6)
[spec] tokens: 270 30174 4562 1099 13744 434 15673 10699 16 43984 29 270
[spec] SPEC-DECODE: 28.4 ms/tok = 35.25 tok/s  (vs base M=1 70.8 ms/tok = 14.13 tok/s -> 2.49x)
[decode] PREFILL: 1387 positions in 22461.3 ms = 61.8 tok/s (16.194 ms/tok)
[capture] wrote /home/patrickd/s5-capture/agentic-p25-b0.1/c5/cap/shard_p405_s001387.dspc  1387 tok x (3 taps + 1 lm_in) x 4096 = 43.3 MB (32.0 KB/tok)
[probe] wrote 16 draft probes (block=5) to /home/patrickd/s5-capture/agentic-p25-b0.1/c5/cap/drafts_p405_s001387.txt
[spec] decoding 8 tokens (block=5, draft passes=1, adaptK=1.50, prompt=405 s=1388)...
  [margins] 10.97 9.64 8.02 9.08 4.30  K=6
  verify 1: accepted 5/5 (K=6) + correction -> +6 tokens (178.6 ms)  cpos=1393
  [margins] 10.55 9.96 8.05 10.75 4.60  K=6
  verify 2: accepted 5/5 (K=6) + correction -> +6 tokens (166.4 ms)  cpos=1399

[spec] generated 12 tokens over 2 verifies: mean tokens/verify = 6.00 (block=5, max 6)
[spec] tokens: 33 82 56346 33 82 56346 33 82 56346 33 82 56346
[spec] SPEC-DECODE: 27.7 ms/tok = 36.06 tok/s  (vs base M=1 70.8 ms/tok = 14.13 tok/s -> 2.55x)
[decode] PREFILL: 1055 positions in 16965.5 ms = 62.2 tok/s (16.081 ms/tok)
[capture] wrote /home/patrickd/s5-capture/agentic-p25-b0.1/c5/cap/shard_p406_s001055.dspc  1055 tok x (3 taps + 1 lm_in) x 4096 = 33.0 MB (32.0 KB/tok)
[probe] wrote 16 draft probes (block=5) to /home/patrickd/s5-capture/agentic-p25-b0.1/c5/cap/drafts_p406_s001055.txt
[spec] decoding 8 tokens (block=5, draft passes=1, adaptK=1.50, prompt=406 s=1056)...
  [margins] 19.88 3.24 11.35 12.08 9.61  K=6
  verify 1: accepted 5/5 (K=6) + correction -> +6 tokens (180.0 ms)  cpos=1061
  [margins] 18.00 21.40 15.86 13.32 13.36  K=6
  verify 2: accepted 5/5 (K=6) + correction -> +6 tokens (170.3 ms)  cpos=1067

[spec] generated 12 tokens over 2 verifies: mean tokens/verify = 6.00 (block=5, max 6)
[spec] tokens: 436 412 7226 979 1133 90605 65 50219 11220 5952 1281 31814
[spec] SPEC-DECODE: 28.4 ms/tok = 35.24 tok/s  (vs base M=1 70.8 ms/tok = 14.13 tok/s -> 2.49x)
[decode] PREFILL: 2305 positions in 38305.3 ms = 60.2 tok/s (16.618 ms/tok)
[capture] wrote /home/patrickd/s5-capture/agentic-p25-b0.1/c5/cap/shard_p407_s002305.dspc  2305 tok x (3 taps + 1 lm_in) x 4096 = 72.0 MB (32.0 KB/tok)
[probe] wrote 16 draft probes (block=5) to /home/patrickd/s5-capture/agentic-p25-b0.1/c5/cap/drafts_p407_s002305.txt
[spec] decoding 8 tokens (block=5, draft passes=1, adaptK=1.50, prompt=407 s=2306)...
  [margins] 9.13 6.06 1.68 4.91 1.62  K=6
  verify 1: accepted 2/5 (K=6) + correction -> +3 tokens (182.2 ms)  cpos=2308
  [margins] 10.49 3.70 7.52 6.91 1.34  K=5
  verify 2: accepted 4/4 (K=5) + correction -> +5 tokens (157.1 ms)  cpos=2313

[spec] generated 8 tokens over 2 verifies: mean tokens/verify = 4.00 (block=5, max 6)
[spec] tokens: 200 65886 200 20248 201 119283 435 201
[spec] SPEC-DECODE: 31.4 ms/tok = 31.83 tok/s  (vs base M=1 70.8 ms/tok = 14.13 tok/s -> 2.25x)
[decode] PREFILL: 1372 positions in 22230.6 ms = 61.7 tok/s (16.203 ms/tok)
[capture] wrote /home/patrickd/s5-capture/agentic-p25-b0.1/c5/cap/shard_p408_s001372.dspc  1372 tok x (3 taps + 1 lm_in) x 4096 = 42.9 MB (32.0 KB/tok)
[probe] wrote 16 draft probes (block=5) to /home/patrickd/s5-capture/agentic-p25-b0.1/c5/cap/drafts_p408_s001372.txt
[spec] decoding 8 tokens (block=5, draft passes=1, adaptK=1.50, prompt=408 s=1373)...
  [margins] 11.35 9.75 12.42 11.20 15.85  K=6
  verify 1: accepted 5/5 (K=6) + correction -> +6 tokens (176.1 ms)  cpos=1378
  [margins] 15.72 13.42 15.95 11.95 12.52  K=6
  verify 2: accepted 5/5 (K=6) + correction -> +6 tokens (174.2 ms)  cpos=1384

[spec] generated 12 tokens over 2 verifies: mean tokens/verify = 6.00 (block=5, max 6)
[spec] tokens: 16 455 3287 344 28 8640 14 7213 14 13890 14 305
[spec] SPEC-DECODE: 29.0 ms/tok = 34.44 tok/s  (vs base M=1 70.8 ms/tok = 14.13 tok/s -> 2.44x)
[decode] PREFILL: 1136 positions in 18284.3 ms = 62.1 tok/s (16.095 ms/tok)
[capture] wrote /home/patrickd/s5-capture/agentic-p25-b0.1/c5/cap/shard_p409_s001136.dspc  1136 tok x (3 taps + 1 lm_in) x 4096 = 35.5 MB (32.0 KB/tok)
[probe] wrote 16 draft probes (block=5) to /home/patrickd/s5-capture/agentic-p25-b0.1/c5/cap/drafts_p409_s001136.txt
[spec] decoding 8 tokens (block=5, draft passes=1, adaptK=1.50, prompt=409 s=1137)...
  [margins] 19.57 17.26 12.65 15.22 7.73  K=6
  verify 1: accepted 5/5 (K=6) + correction -> +6 tokens (176.5 ms)  cpos=1142
  [margins] 20.33 5.37 10.17 12.22 12.92  K=6
  verify 2: accepted 5/5 (K=6) + correction -> +6 tokens (177.1 ms)  cpos=1148

[spec] generated 12 tokens over 2 verifies: mean tokens/verify = 6.00 (block=5, max 6)
[spec] tokens: 2634 4588 440 477 270 1353 834 995 588 1347 6704 16
[spec] SPEC-DECODE: 29.5 ms/tok = 33.88 tok/s  (vs base M=1 70.8 ms/tok = 14.13 tok/s -> 2.40x)
[decode] PREFILL: 1085 positions in 17449.3 ms = 62.2 tok/s (16.082 ms/tok)
[capture] wrote /home/patrickd/s5-capture/agentic-p25-b0.1/c5/cap/shard_p410_s001085.dspc  1085 tok x (3 taps + 1 lm_in) x 4096 = 33.9 MB (32.0 KB/tok)
[probe] wrote 16 draft probes (block=5) to /home/patrickd/s5-capture/agentic-p25-b0.1/c5/cap/drafts_p410_s001085.txt
[spec] decoding 8 tokens (block=5, draft passes=1, adaptK=1.50, prompt=410 s=1086)...
  [margins] 15.99 17.86 6.37 7.35 12.79  K=6
  verify 1: accepted 5/5 (K=6) + correction -> +6 tokens (177.1 ms)  cpos=1091
  [margins] 0.47 4.94 10.74 10.42 5.85  K=6
  verify 2: accepted 0/5 (K=6) + correction -> +1 tokens (172.8 ms)  cpos=1092
  [margins] 7.20 5.46 13.42 7.45 4.76  K=6
  verify 3: accepted 0/5 (K=6) + correction -> +1 tokens (167.4 ms)  cpos=1093

[spec] generated 8 tokens over 3 verifies: mean tokens/verify = 2.67 (block=5, max 6)
[spec] tokens: 807 10300 305 696 436 16 1 50
[spec] SPEC-DECODE: 170.1 ms/tok = 5.88 tok/s  (vs base M=1 70.8 ms/tok = 14.13 tok/s -> 0.42x)
[decode] PREFILL: 1449 positions in 23526.6 ms = 61.6 tok/s (16.236 ms/tok)
[capture] wrote /home/patrickd/s5-capture/agentic-p25-b0.1/c5/cap/shard_p411_s001449.dspc  1449 tok x (3 taps + 1 lm_in) x 4096 = 45.3 MB (32.0 KB/tok)
[probe] wrote 16 draft probes (block=5) to /home/patrickd/s5-capture/agentic-p25-b0.1/c5/cap/drafts_p411_s001449.txt
[spec] decoding 8 tokens (block=5, draft passes=1, adaptK=1.50, prompt=411 s=1450)...
  [margins] 16.52 17.08 13.18 9.17 10.69  K=6
  verify 1: accepted 5/5 (K=6) + correction -> +6 tokens (178.4 ms)  cpos=1455
  [margins] 18.00 6.78 12.79 12.82 11.66  K=6
  verify 2: accepted 5/5 (K=6) + correction -> +6 tokens (177.2 ms)  cpos=1461

[spec] generated 12 tokens over 2 verifies: mean tokens/verify = 6.00 (block=5, max 6)
[spec] tokens: 5939 14 29655 271 15 15557 377 270 14108 3554 28 5795
[spec] SPEC-DECODE: 29.5 ms/tok = 33.87 tok/s  (vs base M=1 70.8 ms/tok = 14.13 tok/s -> 2.40x)
[decode] PREFILL: 1086 positions in 17454.5 ms = 62.2 tok/s (16.072 ms/tok)
[capture] wrote /home/patrickd/s5-capture/agentic-p25-b0.1/c5/cap/shard_p412_s001086.dspc  1086 tok x (3 taps + 1 lm_in) x 4096 = 33.9 MB (32.0 KB/tok)
[probe] wrote 16 draft probes (block=5) to /home/patrickd/s5-capture/agentic-p25-b0.1/c5/cap/drafts_p412_s001086.txt
[spec] decoding 8 tokens (block=5, draft passes=1, adaptK=1.50, prompt=412 s=1087)...
  [margins] 14.93 16.44 15.11 6.91 8.28  K=6
  verify 1: accepted 3/5 (K=6) + correction -> +4 tokens (174.2 ms)  cpos=1090
  [margins] 14.15 16.03 15.11 1.41 4.86  K=4
  verify 2: accepted 3/3 (K=4) + correction -> +4 tokens (136.9 ms)  cpos=1094

[spec] generated 8 tokens over 2 verifies: mean tokens/verify = 4.00 (block=5, max 6)
[spec] tokens: 3749 11 3749 11 3749 11 3749 11
[spec] SPEC-DECODE: 34.2 ms/tok = 29.22 tok/s  (vs base M=1 70.8 ms/tok = 14.13 tok/s -> 2.07x)
[decode] PREFILL: 1040 positions in 16689.6 ms = 62.3 tok/s (16.048 ms/tok)
[capture] wrote /home/patrickd/s5-capture/agentic-p25-b0.1/c5/cap/shard_p413_s001040.dspc  1040 tok x (3 taps + 1 lm_in) x 4096 = 32.5 MB (32.0 KB/tok)
[probe] wrote 16 draft probes (block=5) to /home/patrickd/s5-capture/agentic-p25-b0.1/c5/cap/drafts_p413_s001040.txt
[spec] decoding 8 tokens (block=5, draft passes=1, adaptK=1.50, prompt=413 s=1041)...
  [margins] 11.93 10.27 10.66 14.21 14.44  K=6
  verify 1: accepted 5/5 (K=6) + correction -> +6 tokens (177.6 ms)  cpos=1046
  [margins] 15.62 15.48 11.76 6.98 13.12  K=6
  verify 2: accepted 5/5 (K=6) + correction -> +6 tokens (175.3 ms)  cpos=1052

[spec] generated 12 tokens over 2 verifies: mean tokens/verify = 6.00 (block=5, max 6)
[spec] tokens: 55517 16 1166 734 260 29474 396 22257 1407 270 283 48720
[spec] SPEC-DECODE: 29.2 ms/tok = 34.24 tok/s  (vs base M=1 70.8 ms/tok = 14.13 tok/s -> 2.42x)
[decode] PREFILL: 1129 positions in 18177.9 ms = 62.1 tok/s (16.101 ms/tok)
[capture] wrote /home/patrickd/s5-capture/agentic-p25-b0.1/c5/cap/shard_p414_s001129.dspc  1129 tok x (3 taps + 1 lm_in) x 4096 = 35.3 MB (32.0 KB/tok)
[probe] wrote 16 draft probes (block=5) to /home/patrickd/s5-capture/agentic-p25-b0.1/c5/cap/drafts_p414_s001129.txt
[spec] decoding 8 tokens (block=5, draft passes=1, adaptK=1.50, prompt=414 s=1130)...
  [margins] 15.71 13.56 18.23 11.41 9.41  K=6
  verify 1: accepted 5/5 (K=6) + correction -> +6 tokens (172.1 ms)  cpos=1135
  [margins] 0.18 3.78 0.64 2.03 1.51  K=3
  verify 2: accepted 2/2 (K=3) + correction -> +3 tokens (123.7 ms)  cpos=1138

[spec] generated 9 tokens over 2 verifies: mean tokens/verify = 4.50 (block=5, max 6)
[spec] tokens: 201 361 1354 565 19 271 37557 3287 16
[spec] SPEC-DECODE: 41.2 ms/tok = 24.25 tok/s  (vs base M=1 70.8 ms/tok = 14.13 tok/s -> 1.72x)
[decode] PREFILL: 1217 positions in 19668.5 ms = 61.9 tok/s (16.161 ms/tok)
[capture] wrote /home/patrickd/s5-capture/agentic-p25-b0.1/c5/cap/shard_p415_s001217.dspc  1217 tok x (3 taps + 1 lm_in) x 4096 = 38.0 MB (32.0 KB/tok)
[probe] wrote 16 draft probes (block=5) to /home/patrickd/s5-capture/agentic-p25-b0.1/c5/cap/drafts_p415_s001217.txt
[spec] decoding 8 tokens (block=5, draft passes=1, adaptK=1.50, prompt=415 s=1218)...
  [margins] 12.75 9.30 3.57 4.15 1.59  K=6
  verify 1: accepted 3/5 (K=6) + correction -> +4 tokens (170.2 ms)  cpos=1221
  [margins] 15.24 4.74 5.40 0.25 1.35  K=4
  verify 2: accepted 3/3 (K=4) + correction -> +4 tokens (134.9 ms)  cpos=1225

[spec] generated 8 tokens over 2 verifies: mean tokens/verify = 4.00 (block=5, max 6)
[spec] tokens: 27638 14 2518 6588 25145 14 2518 36
[spec] SPEC-DECODE: 33.7 ms/tok = 29.65 tok/s  (vs base M=1 70.8 ms/tok = 14.13 tok/s -> 2.10x)
[decode] PREFILL: 2137 positions in 35402.2 ms = 60.4 tok/s (16.566 ms/tok)
[capture] wrote /home/patrickd/s5-capture/agentic-p25-b0.1/c5/cap/shard_p416_s002137.dspc  2137 tok x (3 taps + 1 lm_in) x 4096 = 66.8 MB (32.0 KB/tok)
[probe] wrote 16 draft probes (block=5) to /home/patrickd/s5-capture/agentic-p25-b0.1/c5/cap/drafts_p416_s002137.txt
[spec] decoding 8 tokens (block=5, draft passes=1, adaptK=1.50, prompt=416 s=2138)...
  [margins] 18.28 15.67 11.66 12.37 11.77  K=6
  verify 1: accepted 5/5 (K=6) + correction -> +6 tokens (185.2 ms)  cpos=2143
  [margins] 16.52 13.37 11.95 17.49 13.64  K=6
  verify 2: accepted 5/5 (K=6) + correction -> +6 tokens (185.7 ms)  cpos=2149

[spec] generated 12 tokens over 2 verifies: mean tokens/verify = 6.00 (block=5, max 6)
[spec] tokens: 14 2906 14 1950 14 4678 14 305 12154 2283 27232 16
[spec] SPEC-DECODE: 30.9 ms/tok = 32.31 tok/s  (vs base M=1 70.8 ms/tok = 14.13 tok/s -> 2.29x)
[decode] PREFILL: 1107 positions in 17817.0 ms = 62.1 tok/s (16.095 ms/tok)
[capture] wrote /home/patrickd/s5-capture/agentic-p25-b0.1/c5/cap/shard_p417_s001107.dspc  1107 tok x (3 taps + 1 lm_in) x 4096 = 34.6 MB (32.0 KB/tok)
[probe] wrote 16 draft probes (block=5) to /home/patrickd/s5-capture/agentic-p25-b0.1/c5/cap/drafts_p417_s001107.txt
[spec] decoding 8 tokens (block=5, draft passes=1, adaptK=1.50, prompt=417 s=1108)...
  [margins] 13.78 15.37 7.89 11.42 13.81  K=6
  verify 1: accepted 5/5 (K=6) + correction -> +6 tokens (174.8 ms)  cpos=1113
  [margins] 13.39 16.02 7.19 12.68 13.70  K=6
  verify 2: accepted 5/5 (K=6) + correction -> +6 tokens (165.9 ms)  cpos=1119

[spec] generated 12 tokens over 2 verifies: mean tokens/verify = 6.00 (block=5, max 6)
[spec] tokens: 11628 86 16 11628 86 16 11628 86 16 11628 86 16
[spec] SPEC-DECODE: 27.6 ms/tok = 36.17 tok/s  (vs base M=1 70.8 ms/tok = 14.13 tok/s -> 2.56x)
[decode] PREFILL: 1413 positions in 22934.4 ms = 61.6 tok/s (16.231 ms/tok)
[capture] wrote /home/patrickd/s5-capture/agentic-p25-b0.1/c5/cap/shard_p418_s001413.dspc  1413 tok x (3 taps + 1 lm_in) x 4096 = 44.2 MB (32.0 KB/tok)
[probe] wrote 16 draft probes (block=5) to /home/patrickd/s5-capture/agentic-p25-b0.1/c5/cap/drafts_p418_s001413.txt
[spec] decoding 8 tokens (block=5, draft passes=1, adaptK=1.50, prompt=418 s=1414)...
  [margins] 12.53 3.00 16.05 14.92 9.98  K=6
  verify 1: accepted 5/5 (K=6) + correction -> +6 tokens (179.5 ms)  cpos=1419
  [margins] 16.92 14.86 6.18 10.32 6.27  K=6
  verify 2: accepted 5/5 (K=6) + correction -> +6 tokens (178.0 ms)  cpos=1425

[spec] generated 12 tokens over 2 verifies: mean tokens/verify = 6.00 (block=5, max 6)
[spec] tokens: 32038 734 5785 14 37153 14 7769 14 305 8536 14 790
[spec] SPEC-DECODE: 29.7 ms/tok = 33.70 tok/s  (vs base M=1 70.8 ms/tok = 14.13 tok/s -> 2.39x)
[decode] PREFILL: 1216 positions in 19620.9 ms = 62.0 tok/s (16.136 ms/tok)
[capture] wrote /home/patrickd/s5-capture/agentic-p25-b0.1/c5/cap/shard_p419_s001216.dspc  1216 tok x (3 taps + 1 lm_in) x 4096 = 38.0 MB (32.0 KB/tok)
[probe] wrote 16 draft probes (block=5) to /home/patrickd/s5-capture/agentic-p25-b0.1/c5/cap/drafts_p419_s001216.txt
[spec] decoding 8 tokens (block=5, draft passes=1, adaptK=1.50, prompt=419 s=1217)...
  [margins] 10.48 11.47 14.39 13.39 13.62  K=6
  verify 1: accepted 5/5 (K=6) + correction -> +6 tokens (177.2 ms)  cpos=1222
  [margins] 19.21 11.98 13.25 12.09 11.31  K=6
  verify 2: accepted 5/5 (K=6) + correction -> +6 tokens (178.8 ms)  cpos=1228

[spec] generated 12 tokens over 2 verifies: mean tokens/verify = 6.00 (block=5, max 6)
[spec] tokens: 223 5822 4085 759 2632 782 2019 16 223 7534 4085 759
[spec] SPEC-DECODE: 29.8 ms/tok = 33.55 tok/s  (vs base M=1 70.8 ms/tok = 14.13 tok/s -> 2.37x)
[decode] PREFILL: 1457 positions in 23675.0 ms = 61.5 tok/s (16.249 ms/tok)
[capture] wrote /home/patrickd/s5-capture/agentic-p25-b0.1/c5/cap/shard_p420_s001457.dspc  1457 tok x (3 taps + 1 lm_in) x 4096 = 45.5 MB (32.0 KB/tok)
[probe] wrote 16 draft probes (block=5) to /home/patrickd/s5-capture/agentic-p25-b0.1/c5/cap/drafts_p420_s001457.txt
[spec] decoding 8 tokens (block=5, draft passes=1, adaptK=1.50, prompt=420 s=1458)...
  [margins] 16.50 16.58 16.07 5.98 7.69  K=6
  verify 1: accepted 3/5 (K=6) + correction -> +4 tokens (172.9 ms)  cpos=1461
  [margins] 16.03 15.64 16.04 6.73 7.76  K=6
  verify 2: accepted 3/5 (K=6) + correction -> +4 tokens (167.1 ms)  cpos=1465

[spec] generated 8 tokens over 2 verifies: mean tokens/verify = 4.00 (block=5, max 6)
[spec] tokens: 3749 11 3749 11 3749 11 3749 11
[spec] SPEC-DECODE: 41.8 ms/tok = 23.93 tok/s  (vs base M=1 70.8 ms/tok = 14.13 tok/s -> 1.69x)
[decode] PREFILL: 1174 positions in 18941.3 ms = 62.0 tok/s (16.134 ms/tok)
[capture] wrote /home/patrickd/s5-capture/agentic-p25-b0.1/c5/cap/shard_p421_s001174.dspc  1174 tok x (3 taps + 1 lm_in) x 4096 = 36.7 MB (32.0 KB/tok)
[probe] wrote 16 draft probes (block=5) to /home/patrickd/s5-capture/agentic-p25-b0.1/c5/cap/drafts_p421_s001174.txt
[spec] decoding 8 tokens (block=5, draft passes=1, adaptK=1.50, prompt=421 s=1175)...
  [margins] 19.21 18.61 13.85 12.95 11.87  K=6
  verify 1: accepted 5/5 (K=6) + correction -> +6 tokens (180.7 ms)  cpos=1180
  [margins] 19.82 16.22 11.42 14.23 5.39  K=6
  verify 2: accepted 5/5 (K=6) + correction -> +6 tokens (170.9 ms)  cpos=1186

[spec] generated 12 tokens over 2 verifies: mean tokens/verify = 6.00 (block=5, max 6)
[spec] tokens: 14 342 7485 366 8846 304 1694 440 418 436 603 6756
[spec] SPEC-DECODE: 28.5 ms/tok = 35.12 tok/s  (vs base M=1 70.8 ms/tok = 14.13 tok/s -> 2.49x)
[decode] PREFILL: 1242 positions in 20051.6 ms = 61.9 tok/s (16.145 ms/tok)
[capture] wrote /home/patrickd/s5-capture/agentic-p25-b0.1/c5/cap/shard_p422_s001242.dspc  1242 tok x (3 taps + 1 lm_in) x 4096 = 38.8 MB (32.0 KB/tok)
[probe] wrote 16 draft probes (block=5) to /home/patrickd/s5-capture/agentic-p25-b0.1/c5/cap/drafts_p422_s001242.txt
[spec] decoding 8 tokens (block=5, draft passes=1, adaptK=1.50, prompt=422 s=1243)...
  [margins] 17.63 16.38 16.86 10.54 9.86  K=6
  verify 1: accepted 5/5 (K=6) + correction -> +6 tokens (183.4 ms)  cpos=1248
  [margins] 14.75 15.55 14.67 10.33 11.79  K=6
  verify 2: accepted 5/5 (K=6) + correction -> +6 tokens (172.0 ms)  cpos=1254

[spec] generated 12 tokens over 2 verifies: mean tokens/verify = 6.00 (block=5, max 6)
[spec] tokens: 834 4181 5603 16 455 5238 1531 366 1353 834 4181 5603
[spec] SPEC-DECODE: 28.7 ms/tok = 34.89 tok/s  (vs base M=1 70.8 ms/tok = 14.13 tok/s -> 2.47x)
[decode] PREFILL: 2052 positions in 33946.0 ms = 60.4 tok/s (16.543 ms/tok)
[capture] wrote /home/patrickd/s5-capture/agentic-p25-b0.1/c5/cap/shard_p423_s002052.dspc  2052 tok x (3 taps + 1 lm_in) x 4096 = 64.1 MB (32.0 KB/tok)
[probe] wrote 16 draft probes (block=5) to /home/patrickd/s5-capture/agentic-p25-b0.1/c5/cap/drafts_p423_s002052.txt
[spec] decoding 8 tokens (block=5, draft passes=1, adaptK=1.50, prompt=423 s=2053)...
  [margins] 14.59 19.35 8.31 12.59 11.04  K=6
  verify 1: accepted 5/5 (K=6) + correction -> +6 tokens (179.6 ms)  cpos=2058
  [margins] 14.57 19.48 8.52 12.88 10.54  K=6
  verify 2: accepted 5/5 (K=6) + correction -> +6 tokens (177.8 ms)  cpos=2064

[spec] generated 12 tokens over 2 verifies: mean tokens/verify = 6.00 (block=5, max 6)
[spec] tokens: 11628 86 16 11628 86 16 11628 86 16 11628 86 16
[spec] SPEC-DECODE: 29.6 ms/tok = 33.74 tok/s  (vs base M=1 70.8 ms/tok = 14.13 tok/s -> 2.39x)
[decode] PREFILL: 1125 positions in 18105.3 ms = 62.1 tok/s (16.094 ms/tok)
[capture] wrote /home/patrickd/s5-capture/agentic-p25-b0.1/c5/cap/shard_p424_s001125.dspc  1125 tok x (3 taps + 1 lm_in) x 4096 = 35.2 MB (32.0 KB/tok)
[probe] wrote 16 draft probes (block=5) to /home/patrickd/s5-capture/agentic-p25-b0.1/c5/cap/drafts_p424_s001125.txt
[spec] decoding 8 tokens (block=5, draft passes=1, adaptK=1.50, prompt=424 s=1126)...
  [margins] 13.91 20.65 15.84 11.62 10.77  K=6
  verify 1: accepted 5/5 (K=6) + correction -> +6 tokens (173.7 ms)  cpos=1131
  [margins] 10.39 13.61 17.47 10.80 11.31  K=6
  verify 2: accepted 5/5 (K=6) + correction -> +6 tokens (175.3 ms)  cpos=1137

[spec] generated 12 tokens over 2 verifies: mean tokens/verify = 6.00 (block=5, max 6)
[spec] tokens: 53914 10 75 940 223 19 11 75608 78 565 1008 11
[spec] SPEC-DECODE: 29.2 ms/tok = 34.22 tok/s  (vs base M=1 70.8 ms/tok = 14.13 tok/s -> 2.42x)
[decode] PREFILL: 1559 positions in 25421.8 ms = 61.3 tok/s (16.306 ms/tok)
[capture] wrote /home/patrickd/s5-capture/agentic-p25-b0.1/c5/cap/shard_p425_s001559.dspc  1559 tok x (3 taps + 1 lm_in) x 4096 = 48.7 MB (32.0 KB/tok)
[probe] wrote 16 draft probes (block=5) to /home/patrickd/s5-capture/agentic-p25-b0.1/c5/cap/drafts_p425_s001559.txt
[spec] decoding 8 tokens (block=5, draft passes=1, adaptK=1.50, prompt=425 s=1560)...
  [margins] 17.04 11.16 14.82 3.92 13.61  K=6
  verify 1: accepted 5/5 (K=6) + correction -> +6 tokens (180.8 ms)  cpos=1565
  [margins] 15.14 12.04 16.30 9.50 14.53  K=6
  verify 2: accepted 5/5 (K=6) + correction -> +6 tokens (168.9 ms)  cpos=1571

[spec] generated 12 tokens over 2 verifies: mean tokens/verify = 6.00 (block=5, max 6)
[spec] tokens: 17237 3749 11 82 17237 3749 11 82 17237 3749 11 82
[spec] SPEC-DECODE: 28.2 ms/tok = 35.52 tok/s  (vs base M=1 70.8 ms/tok = 14.13 tok/s -> 2.51x)
[decode] PREFILL: 1092 positions in 17580.1 ms = 62.1 tok/s (16.099 ms/tok)
[capture] wrote /home/patrickd/s5-capture/agentic-p25-b0.1/c5/cap/shard_p426_s001092.dspc  1092 tok x (3 taps + 1 lm_in) x 4096 = 34.1 MB (32.0 KB/tok)
[probe] wrote 16 draft probes (block=5) to /home/patrickd/s5-capture/agentic-p25-b0.1/c5/cap/drafts_p426_s001092.txt
[spec] decoding 8 tokens (block=5, draft passes=1, adaptK=1.50, prompt=426 s=1093)...
  [margins] 15.30 16.99 16.49 9.31 9.30  K=6
  verify 1: accepted 5/5 (K=6) + correction -> +6 tokens (171.9 ms)  cpos=1098
  [margins] 11.08 8.80 5.89 6.91 11.22  K=6
  verify 2: accepted 5/5 (K=6) + correction -> +6 tokens (173.4 ms)  cpos=1104

[spec] generated 12 tokens over 2 verifies: mean tokens/verify = 6.00 (block=5, max 6)
[spec] tokens: 4786 1718 19995 32 50 271 30 20072 32 2107 6026 223
[spec] SPEC-DECODE: 28.9 ms/tok = 34.60 tok/s  (vs base M=1 70.8 ms/tok = 14.13 tok/s -> 2.45x)
[decode] PREFILL: 1097 positions in 17652.2 ms = 62.1 tok/s (16.091 ms/tok)
[capture] wrote /home/patrickd/s5-capture/agentic-p25-b0.1/c5/cap/shard_p427_s001097.dspc  1097 tok x (3 taps + 1 lm_in) x 4096 = 34.3 MB (32.0 KB/tok)
[probe] wrote 16 draft probes (block=5) to /home/patrickd/s5-capture/agentic-p25-b0.1/c5/cap/drafts_p427_s001097.txt
[spec] decoding 8 tokens (block=5, draft passes=1, adaptK=1.50, prompt=427 s=1098)...
  [margins] 8.62 1.82 10.30 11.98 0.36  K=5
  verify 1: accepted 4/4 (K=5) + correction -> +5 tokens (153.3 ms)  cpos=1102
  [margins] 15.01 14.64 8.14 1.33 5.95  K=4
  verify 2: accepted 3/3 (K=4) + correction -> +4 tokens (138.7 ms)  cpos=1106

[spec] generated 9 tokens over 2 verifies: mean tokens/verify = 4.50 (block=5, max 6)
[spec] tokens: 16 64443 50 77 344 554 4072 16 5637
[spec] SPEC-DECODE: 34.7 ms/tok = 28.85 tok/s  (vs base M=1 70.8 ms/tok = 14.13 tok/s -> 2.04x)
[decode] PREFILL: 1079 positions in 17350.0 ms = 62.2 tok/s (16.080 ms/tok)
[capture] wrote /home/patrickd/s5-capture/agentic-p25-b0.1/c5/cap/shard_p428_s001079.dspc  1079 tok x (3 taps + 1 lm_in) x 4096 = 33.7 MB (32.0 KB/tok)
[probe] wrote 16 draft probes (block=5) to /home/patrickd/s5-capture/agentic-p25-b0.1/c5/cap/drafts_p428_s001079.txt
[spec] decoding 8 tokens (block=5, draft passes=1, adaptK=1.50, prompt=428 s=1080)...
  [margins] 11.26 17.27 16.73 14.12 15.12  K=6
  verify 1: accepted 5/5 (K=6) + correction -> +6 tokens (180.4 ms)  cpos=1085
  [margins] 4.52 0.89 6.73 4.29 11.57  K=2
  verify 2: accepted 0/1 (K=2) + correction -> +1 tokens (107.9 ms)  cpos=1086
  [margins] 12.24 5.92 12.95 12.00 1.70  K=6
  verify 3: accepted 5/5 (K=6) + correction -> +6 tokens (173.3 ms)  cpos=1092

[spec] generated 13 tokens over 3 verifies: mean tokens/verify = 4.33 (block=5, max 6)
[spec] tokens: 65 25699 28 223 20 1 83 28 2042 611 1305 6704 3510
[spec] SPEC-DECODE: 40.2 ms/tok = 24.89 tok/s  (vs base M=1 70.8 ms/tok = 14.13 tok/s -> 1.76x)
[decode] PREFILL: 1054 positions in 16924.9 ms = 62.3 tok/s (16.058 ms/tok)
[capture] wrote /home/patrickd/s5-capture/agentic-p25-b0.1/c5/cap/shard_p429_s001054.dspc  1054 tok x (3 taps + 1 lm_in) x 4096 = 32.9 MB (32.0 KB/tok)
[probe] wrote 16 draft probes (block=5) to /home/patrickd/s5-capture/agentic-p25-b0.1/c5/cap/drafts_p429_s001054.txt
[spec] decoding 8 tokens (block=5, draft passes=1, adaptK=1.50, prompt=429 s=1055)...
  [margins] 14.11 14.53 16.25 7.92 12.59  K=6
  verify 1: accepted 5/5 (K=6) + correction -> +6 tokens (178.7 ms)  cpos=1060
  [margins] 15.28 14.43 16.23 7.58 13.12  K=6
  verify 2: accepted 5/5 (K=6) + correction -> +6 tokens (170.2 ms)  cpos=1066

[spec] generated 12 tokens over 2 verifies: mean tokens/verify = 6.00 (block=5, max 6)
[spec] tokens: 344 223 4364 339 671 3287 344 223 4364 339 671 3287
[spec] SPEC-DECODE: 28.4 ms/tok = 35.25 tok/s  (vs base M=1 70.8 ms/tok = 14.13 tok/s -> 2.50x)
[decode] PREFILL: 1125 positions in 18101.4 ms = 62.2 tok/s (16.090 ms/tok)
[capture] wrote /home/patrickd/s5-capture/agentic-p25-b0.1/c5/cap/shard_p430_s001125.dspc  1125 tok x (3 taps + 1 lm_in) x 4096 = 35.2 MB (32.0 KB/tok)
[probe] wrote 16 draft probes (block=5) to /home/patrickd/s5-capture/agentic-p25-b0.1/c5/cap/drafts_p430_s001125.txt
[spec] decoding 8 tokens (block=5, draft passes=1, adaptK=1.50, prompt=430 s=1126)...
  [margins] 8.82 12.98 8.93 13.02 8.53  K=6
  verify 1: accepted 5/5 (K=6) + correction -> +6 tokens (168.0 ms)  cpos=1131
  [margins] 9.64 12.19 9.23 12.84 9.13  K=6
  verify 2: accepted 5/5 (K=6) + correction -> +6 tokens (168.8 ms)  cpos=1137

[spec] generated 12 tokens over 2 verifies: mean tokens/verify = 6.00 (block=5, max 6)
[spec] tokens: 16 70404 16 70404 16 70404 16 70404 16 70404 16 70404
[spec] SPEC-DECODE: 28.1 ms/tok = 35.54 tok/s  (vs base M=1 70.8 ms/tok = 14.13 tok/s -> 2.52x)
[decode] PREFILL: 1050 positions in 16877.6 ms = 62.2 tok/s (16.074 ms/tok)
[capture] wrote /home/patrickd/s5-capture/agentic-p25-b0.1/c5/cap/shard_p431_s001050.dspc  1050 tok x (3 taps + 1 lm_in) x 4096 = 32.8 MB (32.0 KB/tok)
[probe] wrote 16 draft probes (block=5) to /home/patrickd/s5-capture/agentic-p25-b0.1/c5/cap/drafts_p431_s001050.txt
[spec] decoding 8 tokens (block=5, draft passes=1, adaptK=1.50, prompt=431 s=1051)...
  [margins] 18.29 11.24 9.51 7.79 6.28  K=6
  verify 1: accepted 5/5 (K=6) + correction -> +6 tokens (183.1 ms)  cpos=1056
  [margins] 12.18 16.63 12.95 11.03 9.59  K=6
  verify 2: accepted 5/5 (K=6) + correction -> +6 tokens (173.9 ms)  cpos=1062

[spec] generated 12 tokens over 2 verifies: mean tokens/verify = 6.00 (block=5, max 6)
[spec] tokens: 33924 123116 305 4990 3953 8454 305 11168 32735 16 455 2019
[spec] SPEC-DECODE: 29.0 ms/tok = 34.50 tok/s  (vs base M=1 70.8 ms/tok = 14.13 tok/s -> 2.44x)
[decode] PREFILL: 2061 positions in 34095.9 ms = 60.4 tok/s (16.543 ms/tok)
[capture] wrote /home/patrickd/s5-capture/agentic-p25-b0.1/c5/cap/shard_p432_s002061.dspc  2061 tok x (3 taps + 1 lm_in) x 4096 = 64.4 MB (32.0 KB/tok)
[probe] wrote 16 draft probes (block=5) to /home/patrickd/s5-capture/agentic-p25-b0.1/c5/cap/drafts_p432_s002061.txt
[spec] decoding 8 tokens (block=5, draft passes=1, adaptK=1.50, prompt=432 s=2062)...
  [margins] 12.88 7.06 2.71 10.32 12.78  K=6
  verify 1: accepted 5/5 (K=6) + correction -> +6 tokens (185.8 ms)  cpos=2067
  [margins] 19.81 16.24 14.45 13.36 9.37  K=6
  verify 2: accepted 5/5 (K=6) + correction -> +6 tokens (184.2 ms)  cpos=2073

[spec] generated 12 tokens over 2 verifies: mean tokens/verify = 6.00 (block=5, max 6)
[spec] tokens: 21142 523 271 32111 377 270 14108 3554 28 11152 5407 769
[spec] SPEC-DECODE: 30.7 ms/tok = 32.57 tok/s  (vs base M=1 70.8 ms/tok = 14.13 tok/s -> 2.31x)
[decode] PREFILL: 1078 positions in 17345.3 ms = 62.1 tok/s (16.090 ms/tok)
[capture] wrote /home/patrickd/s5-capture/agentic-p25-b0.1/c5/cap/shard_p433_s001078.dspc  1078 tok x (3 taps + 1 lm_in) x 4096 = 33.7 MB (32.0 KB/tok)
[probe] wrote 16 draft probes (block=5) to /home/patrickd/s5-capture/agentic-p25-b0.1/c5/cap/drafts_p433_s001078.txt
[spec] decoding 8 tokens (block=5, draft passes=1, adaptK=1.50, prompt=433 s=1079)...
  [margins] 11.16 15.44 16.69 14.89 7.83  K=6
  verify 1: accepted 5/5 (K=6) + correction -> +6 tokens (180.9 ms)  cpos=1084
  [margins] 16.00 16.77 8.91 7.99 8.15  K=6
  verify 2: accepted 5/5 (K=6) + correction -> +6 tokens (171.2 ms)  cpos=1090

[spec] generated 12 tokens over 2 verifies: mean tokens/verify = 6.00 (block=5, max 6)
[spec] tokens: 295 260 26639 2873 305 3394 710 4072 3785 16 7258 288
[spec] SPEC-DECODE: 28.5 ms/tok = 35.06 tok/s  (vs base M=1 70.8 ms/tok = 14.13 tok/s -> 2.48x)
[decode] PREFILL: 1081 positions in 17382.1 ms = 62.2 tok/s (16.080 ms/tok)
[capture] wrote /home/patrickd/s5-capture/agentic-p25-b0.1/c5/cap/shard_p434_s001081.dspc  1081 tok x (3 taps + 1 lm_in) x 4096 = 33.8 MB (32.0 KB/tok)
[probe] wrote 16 draft probes (block=5) to /home/patrickd/s5-capture/agentic-p25-b0.1/c5/cap/drafts_p434_s001081.txt
[spec] decoding 8 tokens (block=5, draft passes=1, adaptK=1.50, prompt=434 s=1082)...
  [margins] 19.15 20.70 13.70 2.23 4.76  K=6
  verify 1: accepted 4/5 (K=6) + correction -> +5 tokens (174.1 ms)  cpos=1086
  [margins] 5.31 8.14 7.18 1.32 1.93  K=4
  verify 2: accepted 3/3 (K=4) + correction -> +4 tokens (138.2 ms)  cpos=1090

[spec] generated 9 tokens over 2 verifies: mean tokens/verify = 4.50 (block=5, max 6)
[spec] tokens: 438 223 14461 16 20046 223 14461 339 5328
[spec] SPEC-DECODE: 34.5 ms/tok = 28.95 tok/s  (vs base M=1 70.8 ms/tok = 14.13 tok/s -> 2.05x)
[decode] PREFILL: 1110 positions in 17855.6 ms = 62.2 tok/s (16.086 ms/tok)
[capture] wrote /home/patrickd/s5-capture/agentic-p25-b0.1/c5/cap/shard_p435_s001110.dspc  1110 tok x (3 taps + 1 lm_in) x 4096 = 34.7 MB (32.0 KB/tok)
[probe] wrote 16 draft probes (block=5) to /home/patrickd/s5-capture/agentic-p25-b0.1/c5/cap/drafts_p435_s001110.txt
[spec] decoding 8 tokens (block=5, draft passes=1, adaptK=1.50, prompt=435 s=1111)...
  [margins] 17.70 13.00 6.92 5.78 3.29  K=6
  verify 1: accepted 5/5 (K=6) + correction -> +6 tokens (182.8 ms)  cpos=1116
  [margins] 21.69 15.28 13.24 0.06 1.98  K=4
  verify 2: accepted 3/3 (K=4) + correction -> +4 tokens (139.5 ms)  cpos=1120

[spec] generated 10 tokens over 2 verifies: mean tokens/verify = 5.00 (block=5, max 6)
[spec] tokens: 16 1166 9120 260 223 1059 7 10913 377 5675
[spec] SPEC-DECODE: 34.9 ms/tok = 28.67 tok/s  (vs base M=1 70.8 ms/tok = 14.13 tok/s -> 2.03x)
[decode] PREFILL: 1083 positions in 17419.3 ms = 62.2 tok/s (16.084 ms/tok)
[capture] wrote /home/patrickd/s5-capture/agentic-p25-b0.1/c5/cap/shard_p436_s001083.dspc  1083 tok x (3 taps + 1 lm_in) x 4096 = 33.8 MB (32.0 KB/tok)
[probe] wrote 16 draft probes (block=5) to /home/patrickd/s5-capture/agentic-p25-b0.1/c5/cap/drafts_p436_s001083.txt
[spec] decoding 8 tokens (block=5, draft passes=1, adaptK=1.50, prompt=436 s=1084)...
  [margins] 10.70 13.81 17.08 2.12 2.13  K=6
  verify 1: accepted 3/5 (K=6) + correction -> +4 tokens (178.6 ms)  cpos=1087
  [margins] 15.94 14.87 7.82 13.41 9.06  K=6
  verify 2: accepted 5/5 (K=6) + correction -> +6 tokens (172.7 ms)  cpos=1093

[spec] generated 10 tokens over 2 verifies: mean tokens/verify = 5.00 (block=5, max 6)
[spec] tokens: 1055 396 11640 305 13633 436 513 270 3452 1167
[spec] SPEC-DECODE: 28.8 ms/tok = 34.74 tok/s  (vs base M=1 70.8 ms/tok = 14.13 tok/s -> 2.46x)
[decode] PREFILL: 1041 positions in 16735.4 ms = 62.2 tok/s (16.076 ms/tok)
[capture] wrote /home/patrickd/s5-capture/agentic-p25-b0.1/c5/cap/shard_p437_s001041.dspc  1041 tok x (3 taps + 1 lm_in) x 4096 = 32.5 MB (32.0 KB/tok)
[probe] wrote 16 draft probes (block=5) to /home/patrickd/s5-capture/agentic-p25-b0.1/c5/cap/drafts_p437_s001041.txt
[spec] decoding 8 tokens (block=5, draft passes=1, adaptK=1.50, prompt=437 s=1042)...
  [margins] 15.53 15.07 12.50 17.14 15.45  K=6
  verify 1: accepted 5/5 (K=6) + correction -> +6 tokens (176.5 ms)  cpos=1047
  [margins] 19.04 10.34 13.47 15.34 10.01  K=6
  verify 2: accepted 5/5 (K=6) + correction -> +6 tokens (177.7 ms)  cpos=1053

[spec] generated 12 tokens over 2 verifies: mean tokens/verify = 6.00 (block=5, max 6)
[spec] tokens: 6616 396 344 2455 362 1026 3917 16 342 1970 304 1946
[spec] SPEC-DECODE: 29.6 ms/tok = 33.76 tok/s  (vs base M=1 70.8 ms/tok = 14.13 tok/s -> 2.39x)
[decode] PREFILL: 1074 positions in 17287.7 ms = 62.1 tok/s (16.097 ms/tok)
[capture] wrote /home/patrickd/s5-capture/agentic-p25-b0.1/c5/cap/shard_p438_s001074.dspc  1074 tok x (3 taps + 1 lm_in) x 4096 = 33.6 MB (32.0 KB/tok)
[probe] wrote 16 draft probes (block=5) to /home/patrickd/s5-capture/agentic-p25-b0.1/c5/cap/drafts_p438_s001074.txt
[spec] decoding 8 tokens (block=5, draft passes=1, adaptK=1.50, prompt=438 s=1075)...
  [margins] 8.69 3.04 13.30 8.68 8.82  K=6
  verify 1: accepted 5/5 (K=6) + correction -> +6 tokens (180.1 ms)  cpos=1080
  [margins] 11.13 10.26 10.49 12.75 8.32  K=6
  verify 2: accepted 5/5 (K=6) + correction -> +6 tokens (167.6 ms)  cpos=1086

[spec] generated 12 tokens over 2 verifies: mean tokens/verify = 6.00 (block=5, max 6)
[spec] tokens: 70265 271 30 3567 4105 10699 4697 43 4571 19054 14 790
[spec] SPEC-DECODE: 27.9 ms/tok = 35.80 tok/s  (vs base M=1 70.8 ms/tok = 14.13 tok/s -> 2.53x)
[decode] PREFILL: 1160 positions in 18705.7 ms = 62.0 tok/s (16.126 ms/tok)
[capture] wrote /home/patrickd/s5-capture/agentic-p25-b0.1/c5/cap/shard_p439_s001160.dspc  1160 tok x (3 taps + 1 lm_in) x 4096 = 36.3 MB (32.0 KB/tok)
[probe] wrote 16 draft probes (block=5) to /home/patrickd/s5-capture/agentic-p25-b0.1/c5/cap/drafts_p439_s001160.txt
[spec] decoding 8 tokens (block=5, draft passes=1, adaptK=1.50, prompt=439 s=1161)...
  [margins] 9.41 11.81 13.34 7.57 12.72  K=6
  verify 1: accepted 5/5 (K=6) + correction -> +6 tokens (167.4 ms)  cpos=1166
  [margins] 8.98 11.43 12.70 7.64 13.15  K=6
  verify 2: accepted 5/5 (K=6) + correction -> +6 tokens (171.5 ms)  cpos=1172

[spec] generated 12 tokens over 2 verifies: mean tokens/verify = 6.00 (block=5, max 6)
[spec] tokens: 16 223 2051 16 223 2051 16 223 2051 16 223 2051
[spec] SPEC-DECODE: 28.6 ms/tok = 34.99 tok/s  (vs base M=1 70.8 ms/tok = 14.13 tok/s -> 2.48x)
[decode] PREFILL: 1720 positions in 28155.4 ms = 61.1 tok/s (16.369 ms/tok)
[capture] wrote /home/patrickd/s5-capture/agentic-p25-b0.1/c5/cap/shard_p440_s001720.dspc  1720 tok x (3 taps + 1 lm_in) x 4096 = 53.8 MB (32.0 KB/tok)
[probe] wrote 16 draft probes (block=5) to /home/patrickd/s5-capture/agentic-p25-b0.1/c5/cap/drafts_p440_s001720.txt
[spec] decoding 8 tokens (block=5, draft passes=1, adaptK=1.50, prompt=440 s=1721)...
  [margins] 22.73 22.41 12.11 12.10 8.86  K=6
  verify 1: accepted 5/5 (K=6) + correction -> +6 tokens (180.3 ms)  cpos=1726
  [margins] 22.93 13.47 10.34 5.95 15.49  K=6
  verify 2: accepted 5/5 (K=6) + correction -> +6 tokens (179.7 ms)  cpos=1732

[spec] generated 12 tokens over 2 verifies: mean tokens/verify = 6.00 (block=5, max 6)
[spec] tokens: 2797 82 29605 3749 89 2797 82 29605 3749 89 2797 82
[spec] SPEC-DECODE: 29.9 ms/tok = 33.40 tok/s  (vs base M=1 70.8 ms/tok = 14.13 tok/s -> 2.36x)
[decode] PREFILL: 1039 positions in 16671.3 ms = 62.3 tok/s (16.046 ms/tok)
[capture] wrote /home/patrickd/s5-capture/agentic-p25-b0.1/c5/cap/shard_p441_s001039.dspc  1039 tok x (3 taps + 1 lm_in) x 4096 = 32.5 MB (32.0 KB/tok)
[probe] wrote 16 draft probes (block=5) to /home/patrickd/s5-capture/agentic-p25-b0.1/c5/cap/drafts_p441_s001039.txt
[spec] decoding 8 tokens (block=5, draft passes=1, adaptK=1.50, prompt=441 s=1040)...
  [margins] 9.69 11.43 8.95 11.37 9.16  K=6
  verify 1: accepted 5/5 (K=6) + correction -> +6 tokens (172.2 ms)  cpos=1045
  [margins] 10.40 11.67 9.55 11.94 9.37  K=6
  verify 2: accepted 5/5 (K=6) + correction -> +6 tokens (161.0 ms)  cpos=1051

[spec] generated 12 tokens over 2 verifies: mean tokens/verify = 6.00 (block=5, max 6)
[spec] tokens: 16 16448 16 16448 16 16448 16 16448 16 16448 16 16448
[spec] SPEC-DECODE: 26.8 ms/tok = 37.28 tok/s  (vs base M=1 70.8 ms/tok = 14.13 tok/s -> 2.64x)
[decode] PREFILL: 1048 positions in 16844.4 ms = 62.2 tok/s (16.073 ms/tok)
[capture] wrote /home/patrickd/s5-capture/agentic-p25-b0.1/c5/cap/shard_p442_s001048.dspc  1048 tok x (3 taps + 1 lm_in) x 4096 = 32.8 MB (32.0 KB/tok)
[probe] wrote 16 draft probes (block=5) to /home/patrickd/s5-capture/agentic-p25-b0.1/c5/cap/drafts_p442_s001048.txt
[spec] decoding 8 tokens (block=5, draft passes=1, adaptK=1.50, prompt=442 s=1049)...
  [margins] 16.96 15.37 9.58 5.52 4.84  K=6
  verify 1: accepted 5/5 (K=6) + correction -> +6 tokens (175.1 ms)  cpos=1054
  [margins] 14.94 15.26 13.39 15.19 11.86  K=6
  verify 2: accepted 5/5 (K=6) + correction -> +6 tokens (178.1 ms)  cpos=1060

[spec] generated 12 tokens over 2 verifies: mean tokens/verify = 6.00 (block=5, max 6)
[spec] tokens: 30433 14 990 6853 25929 14 412 696 14303 14520 305 3635
[spec] SPEC-DECODE: 29.7 ms/tok = 33.70 tok/s  (vs base M=1 70.8 ms/tok = 14.13 tok/s -> 2.39x)
[decode] PREFILL: 1365 positions in 22126.2 ms = 61.7 tok/s (16.210 ms/tok)
[capture] wrote /home/patrickd/s5-capture/agentic-p25-b0.1/c5/cap/shard_p443_s001365.dspc  1365 tok x (3 taps + 1 lm_in) x 4096 = 42.7 MB (32.0 KB/tok)
[probe] wrote 16 draft probes (block=5) to /home/patrickd/s5-capture/agentic-p25-b0.1/c5/cap/drafts_p443_s001365.txt
[spec] decoding 8 tokens (block=5, draft passes=1, adaptK=1.50, prompt=443 s=1366)...
  [margins] 21.79 18.14 13.64 14.68 12.30  K=6
  verify 1: accepted 5/5 (K=6) + correction -> +6 tokens (176.7 ms)  cpos=1371
  [margins] 25.06 15.46 12.35 18.06 12.32  K=6
  verify 2: accepted 5/5 (K=6) + correction -> +6 tokens (178.0 ms)  cpos=1377

[spec] generated 12 tokens over 2 verifies: mean tokens/verify = 6.00 (block=5, max 6)
[spec] tokens: 1246 8146 640 27584 8146 640 284 8146 8548 1766 8146 8548
[spec] SPEC-DECODE: 29.7 ms/tok = 33.71 tok/s  (vs base M=1 70.8 ms/tok = 14.13 tok/s -> 2.39x)
[decode] PREFILL: 1094 positions in 17604.4 ms = 62.1 tok/s (16.092 ms/tok)
[capture] wrote /home/patrickd/s5-capture/agentic-p25-b0.1/c5/cap/shard_p444_s001094.dspc  1094 tok x (3 taps + 1 lm_in) x 4096 = 34.2 MB (32.0 KB/tok)
[probe] wrote 16 draft probes (block=5) to /home/patrickd/s5-capture/agentic-p25-b0.1/c5/cap/drafts_p444_s001094.txt
[spec] decoding 8 tokens (block=5, draft passes=1, adaptK=1.50, prompt=444 s=1095)...
  [margins] 18.14 19.68 23.89 17.80 16.89  K=6
  verify 1: accepted 5/5 (K=6) + correction -> +6 tokens (181.7 ms)  cpos=1100
  [margins] 18.56 16.11 9.43 6.52 6.79  K=6
  verify 2: accepted 5/5 (K=6) + correction -> +6 tokens (172.0 ms)  cpos=1106

[spec] generated 12 tokens over 2 verifies: mean tokens/verify = 6.00 (block=5, max 6)
[spec] tokens: 21 14239 655 93331 4105 362 1952 38854 14 412 436 344
[spec] SPEC-DECODE: 28.7 ms/tok = 34.88 tok/s  (vs base M=1 70.8 ms/tok = 14.13 tok/s -> 2.47x)
[decode] PREFILL: 1709 positions in 27973.9 ms = 61.1 tok/s (16.369 ms/tok)
[capture] wrote /home/patrickd/s5-capture/agentic-p25-b0.1/c5/cap/shard_p445_s001709.dspc  1709 tok x (3 taps + 1 lm_in) x 4096 = 53.4 MB (32.0 KB/tok)
[probe] wrote 16 draft probes (block=5) to /home/patrickd/s5-capture/agentic-p25-b0.1/c5/cap/drafts_p445_s001709.txt
[spec] decoding 8 tokens (block=5, draft passes=1, adaptK=1.50, prompt=445 s=1710)...
  [margins] 15.41 18.46 12.46 16.33 14.82  K=6
  verify 1: accepted 5/5 (K=6) + correction -> +6 tokens (180.0 ms)  cpos=1715
  [margins] 17.57 15.40 14.68 13.06 11.49  K=6
  verify 2: accepted 5/5 (K=6) + correction -> +6 tokens (183.6 ms)  cpos=1721

[spec] generated 12 tokens over 2 verifies: mean tokens/verify = 6.00 (block=5, max 6)
[spec] tokens: 21073 14 16352 14 305 1473 294 270 3702 4106 305 8642
[spec] SPEC-DECODE: 30.6 ms/tok = 32.68 tok/s  (vs base M=1 70.8 ms/tok = 14.13 tok/s -> 2.31x)
[decode] PREFILL: 1367 positions in 22149.7 ms = 61.7 tok/s (16.203 ms/tok)
[capture] wrote /home/patrickd/s5-capture/agentic-p25-b0.1/c5/cap/shard_p446_s001367.dspc  1367 tok x (3 taps + 1 lm_in) x 4096 = 42.7 MB (32.0 KB/tok)
[probe] wrote 16 draft probes (block=5) to /home/patrickd/s5-capture/agentic-p25-b0.1/c5/cap/drafts_p446_s001367.txt
[spec] decoding 8 tokens (block=5, draft passes=1, adaptK=1.50, prompt=446 s=1368)...
  [margins] 11.01 8.14 11.40 8.06 9.59  K=6
  verify 1: accepted 5/5 (K=6) + correction -> +6 tokens (176.1 ms)  cpos=1373
  [margins] 10.94 9.82 12.77 8.27 10.53  K=6
  verify 2: accepted 5/5 (K=6) + correction -> +6 tokens (165.8 ms)  cpos=1379

[spec] generated 12 tokens over 2 verifies: mean tokens/verify = 6.00 (block=5, max 6)
[spec] tokens: 455 16 455 16 455 16 455 16 455 16 455 16
[spec] SPEC-DECODE: 27.6 ms/tok = 36.19 tok/s  (vs base M=1 70.8 ms/tok = 14.13 tok/s -> 2.56x)
[decode] PREFILL: 1056 positions in 16958.4 ms = 62.3 tok/s (16.059 ms/tok)
[capture] wrote /home/patrickd/s5-capture/agentic-p25-b0.1/c5/cap/shard_p447_s001056.dspc  1056 tok x (3 taps + 1 lm_in) x 4096 = 33.0 MB (32.0 KB/tok)
[probe] wrote 16 draft probes (block=5) to /home/patrickd/s5-capture/agentic-p25-b0.1/c5/cap/drafts_p447_s001056.txt
[spec] decoding 8 tokens (block=5, draft passes=1, adaptK=1.50, prompt=447 s=1057)...
  [margins] 14.79 10.36 14.59 6.45 5.05  K=6
  verify 1: accepted 3/5 (K=6) + correction -> +4 tokens (168.2 ms)  cpos=1060
  [margins] 14.42 9.06 13.90 5.74 7.88  K=6
  verify 2: accepted 3/5 (K=6) + correction -> +4 tokens (164.1 ms)  cpos=1064

[spec] generated 8 tokens over 2 verifies: mean tokens/verify = 4.00 (block=5, max 6)
[spec] tokens: 3749 11 3749 11 3749 11 3749 11
[spec] SPEC-DECODE: 41.0 ms/tok = 24.38 tok/s  (vs base M=1 70.8 ms/tok = 14.13 tok/s -> 1.73x)
[decode] PREFILL: 1889 positions in 31074.0 ms = 60.8 tok/s (16.450 ms/tok)
[capture] wrote /home/patrickd/s5-capture/agentic-p25-b0.1/c5/cap/shard_p448_s001889.dspc  1889 tok x (3 taps + 1 lm_in) x 4096 = 59.0 MB (32.0 KB/tok)
[probe] wrote 16 draft probes (block=5) to /home/patrickd/s5-capture/agentic-p25-b0.1/c5/cap/drafts_p448_s001889.txt
[spec] decoding 8 tokens (block=5, draft passes=1, adaptK=1.50, prompt=448 s=1890)...
  [margins] 15.98 13.83 12.21 6.40 11.79  K=6
  verify 1: accepted 5/5 (K=6) + correction -> +6 tokens (185.3 ms)  cpos=1895
  [margins] 14.27 14.72 8.47 2.78 1.04  K=5
  verify 2: accepted 4/4 (K=5) + correction -> +5 tokens (162.2 ms)  cpos=1900

[spec] generated 11 tokens over 2 verifies: mean tokens/verify = 5.50 (block=5, max 6)
[spec] tokens: 3667 2247 14 4562 1099 260 6341 83661 33 455 3287
[spec] SPEC-DECODE: 32.4 ms/tok = 30.83 tok/s  (vs base M=1 70.8 ms/tok = 14.13 tok/s -> 2.18x)
[decode] PREFILL: 1050 positions in 16870.1 ms = 62.2 tok/s (16.067 ms/tok)
[capture] wrote /home/patrickd/s5-capture/agentic-p25-b0.1/c5/cap/shard_p449_s001050.dspc  1050 tok x (3 taps + 1 lm_in) x 4096 = 32.8 MB (32.0 KB/tok)
[probe] wrote 16 draft probes (block=5) to /home/patrickd/s5-capture/agentic-p25-b0.1/c5/cap/drafts_p449_s001050.txt
[spec] decoding 8 tokens (block=5, draft passes=1, adaptK=1.50, prompt=449 s=1051)...
  [margins] 15.92 15.18 17.39 5.66 5.08  K=6
  verify 1: accepted 5/5 (K=6) + correction -> +6 tokens (180.0 ms)  cpos=1056
  [margins] 11.03 14.62 3.22 2.85 1.39  K=5
  verify 2: accepted 3/4 (K=5) + correction -> +4 tokens (154.0 ms)  cpos=1060

[spec] generated 10 tokens over 2 verifies: mean tokens/verify = 5.00 (block=5, max 6)
[spec] tokens: 688 469 1691 979 61 79134 1839 15 455 2826
[spec] SPEC-DECODE: 38.5 ms/tok = 25.98 tok/s  (vs base M=1 70.8 ms/tok = 14.13 tok/s -> 1.84x)
[decode] PREFILL: 1036 positions in 16625.5 ms = 62.3 tok/s (16.048 ms/tok)
[capture] wrote /home/patrickd/s5-capture/agentic-p25-b0.1/c5/cap/shard_p450_s001036.dspc  1036 tok x (3 taps + 1 lm_in) x 4096 = 32.4 MB (32.0 KB/tok)
[probe] wrote 16 draft probes (block=5) to /home/patrickd/s5-capture/agentic-p25-b0.1/c5/cap/drafts_p450_s001036.txt
[spec] decoding 8 tokens (block=5, draft passes=1, adaptK=1.50, prompt=450 s=1037)...
  [margins] 9.11 10.88 8.18 5.41 8.97  K=6
  verify 1: accepted 5/5 (K=6) + correction -> +6 tokens (172.6 ms)  cpos=1042
  [margins] 11.52 15.76 10.06 5.67 8.45  K=6
  verify 2: accepted 5/5 (K=6) + correction -> +6 tokens (171.8 ms)  cpos=1048

[spec] generated 12 tokens over 2 verifies: mean tokens/verify = 6.00 (block=5, max 6)
[spec] tokens: 25963 403 318 685 6229 8286 16 223 792 27 16 1098
[spec] SPEC-DECODE: 28.6 ms/tok = 34.91 tok/s  (vs base M=1 70.8 ms/tok = 14.13 tok/s -> 2.47x)
[decode] PREFILL: 1068 positions in 17172.6 ms = 62.2 tok/s (16.079 ms/tok)
[capture] wrote /home/patrickd/s5-capture/agentic-p25-b0.1/c5/cap/shard_p451_s001068.dspc  1068 tok x (3 taps + 1 lm_in) x 4096 = 33.4 MB (32.0 KB/tok)
[probe] wrote 16 draft probes (block=5) to /home/patrickd/s5-capture/agentic-p25-b0.1/c5/cap/drafts_p451_s001068.txt
[spec] decoding 8 tokens (block=5, draft passes=1, adaptK=1.50, prompt=451 s=1069)...
  [margins] 8.89 0.70 7.75 11.01 3.53  K=2
  verify 1: accepted 1/1 (K=2) + correction -> +2 tokens (109.2 ms)  cpos=1070
  [margins] 3.16 5.26 9.32 2.34 1.82  K=6
  verify 2: accepted 0/5 (K=6) + correction -> +1 tokens (168.7 ms)  cpos=1071
  [margins] 18.59 17.47 17.52 9.21 13.49  K=6
  verify 3: accepted 5/5 (K=6) + correction -> +6 tokens (173.0 ms)  cpos=1077

[spec] generated 9 tokens over 3 verifies: mean tokens/verify = 3.00 (block=5, max 6)
[spec] tokens: 32 1 50 82 39 89 271 30 19995
[spec] SPEC-DECODE: 48.8 ms/tok = 20.49 tok/s  (vs base M=1 70.8 ms/tok = 14.13 tok/s -> 1.45x)
[decode] PREFILL: 1046 positions in 16816.3 ms = 62.2 tok/s (16.077 ms/tok)
[capture] wrote /home/patrickd/s5-capture/agentic-p25-b0.1/c5/cap/shard_p452_s001046.dspc  1046 tok x (3 taps + 1 lm_in) x 4096 = 32.7 MB (32.0 KB/tok)
[probe] wrote 16 draft probes (block=5) to /home/patrickd/s5-capture/agentic-p25-b0.1/c5/cap/drafts_p452_s001046.txt
[spec] decoding 8 tokens (block=5, draft passes=1, adaptK=1.50, prompt=452 s=1047)...
  [margins] 16.24 18.86 9.00 12.11 11.52  K=6
  verify 1: accepted 5/5 (K=6) + correction -> +6 tokens (181.0 ms)  cpos=1052
  [margins] 17.92 16.57 10.92 18.92 10.56  K=6
  verify 2: accepted 5/5 (K=6) + correction -> +6 tokens (170.8 ms)  cpos=1058

[spec] generated 12 tokens over 2 verifies: mean tokens/verify = 6.00 (block=5, max 6)
[spec] tokens: 102528 2154 10676 53752 16 6483 13662 1732 16 62743 16 1897
[spec] SPEC-DECODE: 28.5 ms/tok = 35.14 tok/s  (vs base M=1 70.8 ms/tok = 14.13 tok/s -> 2.49x)
[decode] PREFILL: 1064 positions in 17105.5 ms = 62.2 tok/s (16.077 ms/tok)
[capture] wrote /home/patrickd/s5-capture/agentic-p25-b0.1/c5/cap/shard_p453_s001064.dspc  1064 tok x (3 taps + 1 lm_in) x 4096 = 33.3 MB (32.0 KB/tok)
[probe] wrote 16 draft probes (block=5) to /home/patrickd/s5-capture/agentic-p25-b0.1/c5/cap/drafts_p453_s001064.txt
[spec] decoding 8 tokens (block=5, draft passes=1, adaptK=1.50, prompt=453 s=1065)...
  [margins] 16.22 16.17 19.89 13.40 4.70  K=6
  verify 1: accepted 5/5 (K=6) + correction -> +6 tokens (175.6 ms)  cpos=1070
  [margins] 8.66 12.64 11.82 3.66 9.04  K=6
  verify 2: accepted 5/5 (K=6) + correction -> +6 tokens (172.3 ms)  cpos=1076

[spec] generated 12 tokens over 2 verifies: mean tokens/verify = 6.00 (block=5, max 6)
[spec] tokens: 1936 33200 778 4105 304 1347 16 5241 50 271 671 3967
[spec] SPEC-DECODE: 28.7 ms/tok = 34.83 tok/s  (vs base M=1 70.8 ms/tok = 14.13 tok/s -> 2.46x)
[decode] PREFILL: 1731 positions in 28362.7 ms = 61.0 tok/s (16.385 ms/tok)
[capture] wrote /home/patrickd/s5-capture/agentic-p25-b0.1/c5/cap/shard_p454_s001731.dspc  1731 tok x (3 taps + 1 lm_in) x 4096 = 54.1 MB (32.0 KB/tok)
[probe] wrote 16 draft probes (block=5) to /home/patrickd/s5-capture/agentic-p25-b0.1/c5/cap/drafts_p454_s001731.txt
[spec] decoding 8 tokens (block=5, draft passes=1, adaptK=1.50, prompt=454 s=1732)...
  [margins] 14.17 16.73 8.68 12.67 12.56  K=6
  verify 1: accepted 5/5 (K=6) + correction -> +6 tokens (182.0 ms)  cpos=1737
  [margins] 14.15 16.31 7.74 11.71 10.71  K=6
  verify 2: accepted 5/5 (K=6) + correction -> +6 tokens (168.9 ms)  cpos=1743

[spec] generated 12 tokens over 2 verifies: mean tokens/verify = 6.00 (block=5, max 6)
[spec] tokens: 11628 86 16 11628 86 16 11628 86 16 11628 86 16
[spec] SPEC-DECODE: 28.1 ms/tok = 35.53 tok/s  (vs base M=1 70.8 ms/tok = 14.13 tok/s -> 2.51x)
[decode] PREFILL: 1444 positions in 23452.6 ms = 61.6 tok/s (16.241 ms/tok)
[capture] wrote /home/patrickd/s5-capture/agentic-p25-b0.1/c5/cap/shard_p455_s001444.dspc  1444 tok x (3 taps + 1 lm_in) x 4096 = 45.1 MB (32.0 KB/tok)
[probe] wrote 16 draft probes (block=5) to /home/patrickd/s5-capture/agentic-p25-b0.1/c5/cap/drafts_p455_s001444.txt
[spec] decoding 8 tokens (block=5, draft passes=1, adaptK=1.50, prompt=455 s=1445)...
  [margins] 14.70 17.30 10.56 11.68 11.01  K=6
  verify 1: accepted 5/5 (K=6) + correction -> +6 tokens (179.9 ms)  cpos=1450
  [margins] 16.35 17.11 16.48 11.58 14.46  K=6
  verify 2: accepted 5/5 (K=6) + correction -> +6 tokens (180.0 ms)  cpos=1456

[spec] generated 12 tokens over 2 verifies: mean tokens/verify = 6.00 (block=5, max 6)
[spec] tokens: 5646 1664 70513 4629 538 8147 304 6025 16 455 4824 2950
[spec] SPEC-DECODE: 30.0 ms/tok = 33.33 tok/s  (vs base M=1 70.8 ms/tok = 14.13 tok/s -> 2.36x)
[decode] PREFILL: 1054 positions in 16918.8 ms = 62.3 tok/s (16.052 ms/tok)
[capture] wrote /home/patrickd/s5-capture/agentic-p25-b0.1/c5/cap/shard_p456_s001054.dspc  1054 tok x (3 taps + 1 lm_in) x 4096 = 32.9 MB (32.0 KB/tok)
[probe] wrote 16 draft probes (block=5) to /home/patrickd/s5-capture/agentic-p25-b0.1/c5/cap/drafts_p456_s001054.txt
[spec] decoding 8 tokens (block=5, draft passes=1, adaptK=1.50, prompt=456 s=1055)...
  [margins] 10.08 7.82 8.05 7.80 5.35  K=6
  verify 1: accepted 5/5 (K=6) + correction -> +6 tokens (173.1 ms)  cpos=1060
  [margins] 9.92 8.82 8.37 7.76 6.04  K=6
  verify 2: accepted 5/5 (K=6) + correction -> +6 tokens (162.8 ms)  cpos=1066

[spec] generated 12 tokens over 2 verifies: mean tokens/verify = 6.00 (block=5, max 6)
[spec] tokens: 3749 3749 3749 3749 3749 3749 3749 3749 3749 3749 3749 3749
[spec] SPEC-DECODE: 27.1 ms/tok = 36.86 tok/s  (vs base M=1 70.8 ms/tok = 14.13 tok/s -> 2.61x)
[decode] PREFILL: 1237 positions in 19975.9 ms = 61.9 tok/s (16.149 ms/tok)
[capture] wrote /home/patrickd/s5-capture/agentic-p25-b0.1/c5/cap/shard_p457_s001237.dspc  1237 tok x (3 taps + 1 lm_in) x 4096 = 38.7 MB (32.0 KB/tok)
[probe] wrote 16 draft probes (block=5) to /home/patrickd/s5-capture/agentic-p25-b0.1/c5/cap/drafts_p457_s001237.txt
[spec] decoding 8 tokens (block=5, draft passes=1, adaptK=1.50, prompt=457 s=1238)...
  [margins] 0.40 1.35 0.78 3.59 6.81  K=2
  verify 1: accepted 1/1 (K=2) + correction -> +2 tokens (110.4 ms)  cpos=1239
  [margins] 2.75 4.10 4.91 2.33 11.07  K=6
  verify 2: accepted 0/5 (K=6) + correction -> +1 tokens (180.0 ms)  cpos=1240
  [margins] 3.57 5.77 2.48 12.62 1.18  K=5
  verify 3: accepted 4/4 (K=5) + correction -> +5 tokens (154.6 ms)  cpos=1245

[spec] generated 8 tokens over 3 verifies: mean tokens/verify = 2.67 (block=5, max 6)
[spec] tokens: 850 5873 8521 603 666 125565 111267 28
[spec] SPEC-DECODE: 55.8 ms/tok = 17.93 tok/s  (vs base M=1 70.8 ms/tok = 14.13 tok/s -> 1.27x)
[decode] PREFILL: 1664 positions in 27201.6 ms = 61.2 tok/s (16.347 ms/tok)
[capture] wrote /home/patrickd/s5-capture/agentic-p25-b0.1/c5/cap/shard_p458_s001664.dspc  1664 tok x (3 taps + 1 lm_in) x 4096 = 52.0 MB (32.0 KB/tok)
[probe] wrote 16 draft probes (block=5) to /home/patrickd/s5-capture/agentic-p25-b0.1/c5/cap/drafts_p458_s001664.txt
[spec] decoding 8 tokens (block=5, draft passes=1, adaptK=1.50, prompt=458 s=1665)...
  [margins] 3.21 4.35 3.41 2.16 4.01  K=6
  verify 1: accepted 0/5 (K=6) + correction -> +1 tokens (170.4 ms)  cpos=1665
  [margins] 10.49 0.09 0.48 1.92 0.50  K=2
  verify 2: accepted 1/1 (K=2) + correction -> +2 tokens (106.3 ms)  cpos=1667
  [margins] 9.46 0.41 4.06 0.44 0.18  K=2
  verify 3: accepted 1/1 (K=2) + correction -> +2 tokens (112.0 ms)  cpos=1669
  [margins] 7.13 1.27 3.33 0.90 0.87  K=2
  verify 4: accepted 1/1 (K=2) + correction -> +2 tokens (109.2 ms)  cpos=1671
  [margins] 0.37 0.46 2.21 0.63 0.15  K=2
  verify 5: accepted 1/1 (K=2) + correction -> +2 tokens (113.2 ms)  cpos=1673

[spec] generated 9 tokens over 5 verifies: mean tokens/verify = 1.80 (block=5, max 6)
[spec] tokens: 44676 791 68540 296 4584 17373 2396 3623 16
[spec] SPEC-DECODE: 55.1 ms/tok = 18.15 tok/s  (vs base M=1 70.8 ms/tok = 14.13 tok/s -> 1.28x)
[decode] PREFILL: 1316 positions in 21291.1 ms = 61.8 tok/s (16.179 ms/tok)
[capture] wrote /home/patrickd/s5-capture/agentic-p25-b0.1/c5/cap/shard_p459_s001316.dspc  1316 tok x (3 taps + 1 lm_in) x 4096 = 41.1 MB (32.0 KB/tok)
[probe] wrote 16 draft probes (block=5) to /home/patrickd/s5-capture/agentic-p25-b0.1/c5/cap/drafts_p459_s001316.txt
[spec] decoding 8 tokens (block=5, draft passes=1, adaptK=1.50, prompt=459 s=1317)...
  [margins] 12.55 10.70 13.46 9.40 13.10  K=6
  verify 1: accepted 5/5 (K=6) + correction -> +6 tokens (178.2 ms)  cpos=1322
  [margins] 19.04 13.10 11.86 11.01 9.65  K=6
  verify 2: accepted 5/5 (K=6) + correction -> +6 tokens (178.4 ms)  cpos=1328

[spec] generated 12 tokens over 2 verifies: mean tokens/verify = 6.00 (block=5, max 6)
[spec] tokens: 16 455 14364 344 295 270 2019 16 455 14364 344 295
[spec] SPEC-DECODE: 29.7 ms/tok = 33.63 tok/s  (vs base M=1 70.8 ms/tok = 14.13 tok/s -> 2.38x)
[decode] PREFILL: 2209 positions in 36674.4 ms = 60.2 tok/s (16.602 ms/tok)
[capture] wrote /home/patrickd/s5-capture/agentic-p25-b0.1/c5/cap/shard_p460_s002209.dspc  2209 tok x (3 taps + 1 lm_in) x 4096 = 69.0 MB (32.0 KB/tok)
[probe] wrote 16 draft probes (block=5) to /home/patrickd/s5-capture/agentic-p25-b0.1/c5/cap/drafts_p460_s002209.txt
[spec] decoding 8 tokens (block=5, draft passes=1, adaptK=1.50, prompt=460 s=2210)...
  [margins] 21.22 14.71 14.08 18.34 10.80  K=6
  verify 1: accepted 5/5 (K=6) + correction -> +6 tokens (181.0 ms)  cpos=2215
  [margins] 19.90 14.12 13.26 17.30 12.86  K=6
  verify 2: accepted 5/5 (K=6) + correction -> +6 tokens (178.6 ms)  cpos=2221

[spec] generated 12 tokens over 2 verifies: mean tokens/verify = 6.00 (block=5, max 6)
[spec] tokens: 30930 16 26376 30930 16 26376 30930 16 26376 30930 16 26376
[spec] SPEC-DECODE: 29.8 ms/tok = 33.60 tok/s  (vs base M=1 70.8 ms/tok = 14.13 tok/s -> 2.38x)
[decode] PREFILL: 1448 positions in 23526.8 ms = 61.5 tok/s (16.248 ms/tok)
[capture] wrote /home/patrickd/s5-capture/agentic-p25-b0.1/c5/cap/shard_p461_s001448.dspc  1448 tok x (3 taps + 1 lm_in) x 4096 = 45.3 MB (32.0 KB/tok)
[probe] wrote 16 draft probes (block=5) to /home/patrickd/s5-capture/agentic-p25-b0.1/c5/cap/drafts_p461_s001448.txt
[spec] decoding 8 tokens (block=5, draft passes=1, adaptK=1.50, prompt=461 s=1449)...
  [margins] 16.97 23.04 8.06 8.05 2.13  K=6
  verify 1: accepted 4/5 (K=6) + correction -> +5 tokens (179.4 ms)  cpos=1453
  [margins] 15.73 11.58 13.68 1.40 0.08  K=4
  verify 2: accepted 3/3 (K=4) + correction -> +4 tokens (142.7 ms)  cpos=1457

[spec] generated 9 tokens over 2 verifies: mean tokens/verify = 4.50 (block=5, max 6)
[spec] tokens: 1127 2505 5029 14 471 20880 9966 538 13864
[spec] SPEC-DECODE: 35.7 ms/tok = 28.03 tok/s  (vs base M=1 70.8 ms/tok = 14.13 tok/s -> 1.98x)
[decode] PREFILL: 1053 positions in 16917.1 ms = 62.2 tok/s (16.066 ms/tok)
[capture] wrote /home/patrickd/s5-capture/agentic-p25-b0.1/c5/cap/shard_p462_s001053.dspc  1053 tok x (3 taps + 1 lm_in) x 4096 = 32.9 MB (32.0 KB/tok)
[probe] wrote 16 draft probes (block=5) to /home/patrickd/s5-capture/agentic-p25-b0.1/c5/cap/drafts_p462_s001053.txt
[spec] decoding 8 tokens (block=5, draft passes=1, adaptK=1.50, prompt=462 s=1054)...
  [margins] 15.19 12.15 15.60 7.67 7.84  K=6
  verify 1: accepted 3/5 (K=6) + correction -> +4 tokens (169.4 ms)  cpos=1057
  [margins] 14.96 11.86 15.81 5.17 6.35  K=6
  verify 2: accepted 3/5 (K=6) + correction -> +4 tokens (162.7 ms)  cpos=1061

[spec] generated 8 tokens over 2 verifies: mean tokens/verify = 4.00 (block=5, max 6)
[spec] tokens: 3749 11 3749 11 3749 11 3749 11
[spec] SPEC-DECODE: 40.7 ms/tok = 24.58 tok/s  (vs base M=1 70.8 ms/tok = 14.13 tok/s -> 1.74x)
[decode] PREFILL: 1198 positions in 19325.5 ms = 62.0 tok/s (16.132 ms/tok)
[capture] wrote /home/patrickd/s5-capture/agentic-p25-b0.1/c5/cap/shard_p463_s001198.dspc  1198 tok x (3 taps + 1 lm_in) x 4096 = 37.4 MB (32.0 KB/tok)
[probe] wrote 16 draft probes (block=5) to /home/patrickd/s5-capture/agentic-p25-b0.1/c5/cap/drafts_p463_s001198.txt
[spec] decoding 8 tokens (block=5, draft passes=1, adaptK=1.50, prompt=463 s=1199)...
  [margins] 9.20 10.73 6.07 10.54 9.95  K=6
  verify 1: accepted 5/5 (K=6) + correction -> +6 tokens (175.2 ms)  cpos=1204
  [margins] 11.50 12.38 6.48 11.39 10.94  K=6
  verify 2: accepted 5/5 (K=6) + correction -> +6 tokens (162.9 ms)  cpos=1210

[spec] generated 12 tokens over 2 verifies: mean tokens/verify = 6.00 (block=5, max 6)
[spec] tokens: 11628 86 16 11628 86 16 11628 86 16 11628 86 16
[spec] SPEC-DECODE: 27.2 ms/tok = 36.83 tok/s  (vs base M=1 70.8 ms/tok = 14.13 tok/s -> 2.61x)
[decode] PREFILL: 1071 positions in 17220.7 ms = 62.2 tok/s (16.079 ms/tok)
[capture] wrote /home/patrickd/s5-capture/agentic-p25-b0.1/c5/cap/shard_p464_s001071.dspc  1071 tok x (3 taps + 1 lm_in) x 4096 = 33.5 MB (32.0 KB/tok)
[probe] wrote 16 draft probes (block=5) to /home/patrickd/s5-capture/agentic-p25-b0.1/c5/cap/drafts_p464_s001071.txt
[spec] decoding 8 tokens (block=5, draft passes=1, adaptK=1.50, prompt=464 s=1072)...
  [margins] 17.13 18.66 15.47 12.61 6.48  K=6
  verify 1: accepted 5/5 (K=6) + correction -> +6 tokens (182.6 ms)  cpos=1077
  [margins] 18.59 4.65 10.91 16.74 14.74  K=6
  verify 2: accepted 5/5 (K=6) + correction -> +6 tokens (171.6 ms)  cpos=1083

[spec] generated 12 tokens over 2 verifies: mean tokens/verify = 6.00 (block=5, max 6)
[spec] tokens: 1438 2501 778 4105 440 1114 1926 305 418 1205 14904 16
[spec] SPEC-DECODE: 28.6 ms/tok = 34.97 tok/s  (vs base M=1 70.8 ms/tok = 14.13 tok/s -> 2.48x)
[decode] PREFILL: 1046 positions in 16809.6 ms = 62.2 tok/s (16.070 ms/tok)
[capture] wrote /home/patrickd/s5-capture/agentic-p25-b0.1/c5/cap/shard_p465_s001046.dspc  1046 tok x (3 taps + 1 lm_in) x 4096 = 32.7 MB (32.0 KB/tok)
[probe] wrote 16 draft probes (block=5) to /home/patrickd/s5-capture/agentic-p25-b0.1/c5/cap/drafts_p465_s001046.txt
[spec] decoding 8 tokens (block=5, draft passes=1, adaptK=1.50, prompt=465 s=1047)...
  [margins] 12.27 17.36 16.29 8.45 13.02  K=6
  verify 1: accepted 5/5 (K=6) + correction -> +6 tokens (175.1 ms)  cpos=1052
  [margins] 21.28 11.30 12.90 14.45 12.90  K=6
  verify 2: accepted 5/5 (K=6) + correction -> +6 tokens (164.4 ms)  cpos=1058

[spec] generated 12 tokens over 2 verifies: mean tokens/verify = 6.00 (block=5, max 6)
[spec] tokens: 721 72 1483 16 721 72 1483 16 721 72 1483 16
[spec] SPEC-DECODE: 27.4 ms/tok = 36.49 tok/s  (vs base M=1 70.8 ms/tok = 14.13 tok/s -> 2.58x)
[decode] PREFILL: 1763 positions in 28904.9 ms = 61.0 tok/s (16.395 ms/tok)
[capture] wrote /home/patrickd/s5-capture/agentic-p25-b0.1/c5/cap/shard_p466_s001763.dspc  1763 tok x (3 taps + 1 lm_in) x 4096 = 55.1 MB (32.0 KB/tok)
[probe] wrote 16 draft probes (block=5) to /home/patrickd/s5-capture/agentic-p25-b0.1/c5/cap/drafts_p466_s001763.txt
[spec] decoding 8 tokens (block=5, draft passes=1, adaptK=1.50, prompt=466 s=1764)...
  [margins] 18.62 10.96 12.51 15.01 6.33  K=6
  verify 1: accepted 5/5 (K=6) + correction -> +6 tokens (189.5 ms)  cpos=1769
  [margins] 10.88 17.11 15.33 15.17 9.18  K=6
  verify 2: accepted 5/5 (K=6) + correction -> +6 tokens (174.0 ms)  cpos=1775

[spec] generated 12 tokens over 2 verifies: mean tokens/verify = 6.00 (block=5, max 6)
[spec] tokens: 14143 16 455 3287 344 28 455 14108 1918 554 6731 8839
[spec] SPEC-DECODE: 29.0 ms/tok = 34.48 tok/s  (vs base M=1 70.8 ms/tok = 14.13 tok/s -> 2.44x)
[decode] PREFILL: 1502 positions in 24415.9 ms = 61.5 tok/s (16.256 ms/tok)
[capture] wrote /home/patrickd/s5-capture/agentic-p25-b0.1/c5/cap/shard_p467_s001502.dspc  1502 tok x (3 taps + 1 lm_in) x 4096 = 46.9 MB (32.0 KB/tok)
[probe] wrote 16 draft probes (block=5) to /home/patrickd/s5-capture/agentic-p25-b0.1/c5/cap/drafts_p467_s001502.txt
[spec] decoding 8 tokens (block=5, draft passes=1, adaptK=1.50, prompt=467 s=1503)...
  [margins] 19.38 13.07 11.39 10.49 10.58  K=6
  verify 1: accepted 5/5 (K=6) + correction -> +6 tokens (184.3 ms)  cpos=1508
  [margins] 18.06 13.50 16.01 13.43 15.28  K=6
  verify 2: accepted 5/5 (K=6) + correction -> +6 tokens (173.0 ms)  cpos=1514

[spec] generated 12 tokens over 2 verifies: mean tokens/verify = 6.00 (block=5, max 6)
[spec] tokens: 294 67592 23460 305 50614 295 260 27245 14277 14 305 436
[spec] SPEC-DECODE: 28.8 ms/tok = 34.68 tok/s  (vs base M=1 70.8 ms/tok = 14.13 tok/s -> 2.45x)
[decode] PREFILL: 1685 positions in 27564.5 ms = 61.1 tok/s (16.359 ms/tok)
[capture] wrote /home/patrickd/s5-capture/agentic-p25-b0.1/c5/cap/shard_p468_s001685.dspc  1685 tok x (3 taps + 1 lm_in) x 4096 = 52.7 MB (32.0 KB/tok)
[probe] wrote 16 draft probes (block=5) to /home/patrickd/s5-capture/agentic-p25-b0.1/c5/cap/drafts_p468_s001685.txt
[spec] decoding 8 tokens (block=5, draft passes=1, adaptK=1.50, prompt=468 s=1686)...
  [margins] 9.52 10.51 12.15 11.42 15.43  K=6
  verify 1: accepted 5/5 (K=6) + correction -> +6 tokens (182.5 ms)  cpos=1691
  [margins] 15.62 15.39 11.92 11.08 14.66  K=6
  verify 2: accepted 5/5 (K=6) + correction -> +6 tokens (180.2 ms)  cpos=1697

[spec] generated 12 tokens over 2 verifies: mean tokens/verify = 6.00 (block=5, max 6)
[spec] tokens: 16 455 2336 45374 68736 21040 14143 515 582 671 8516 2452
[spec] SPEC-DECODE: 30.0 ms/tok = 33.30 tok/s  (vs base M=1 70.8 ms/tok = 14.13 tok/s -> 2.36x)
[decode] PREFILL: 1095 positions in 17611.9 ms = 62.2 tok/s (16.084 ms/tok)
[capture] wrote /home/patrickd/s5-capture/agentic-p25-b0.1/c5/cap/shard_p469_s001095.dspc  1095 tok x (3 taps + 1 lm_in) x 4096 = 34.2 MB (32.0 KB/tok)
[probe] wrote 16 draft probes (block=5) to /home/patrickd/s5-capture/agentic-p25-b0.1/c5/cap/drafts_p469_s001095.txt
[spec] decoding 8 tokens (block=5, draft passes=1, adaptK=1.50, prompt=469 s=1096)...
  [margins] 10.63 15.22 13.88 10.77 11.85  K=6
  verify 1: accepted 5/5 (K=6) + correction -> +6 tokens (174.8 ms)  cpos=1101
  [margins] 10.37 14.28 12.96 10.55 12.27  K=6
  verify 2: accepted 5/5 (K=6) + correction -> +6 tokens (164.5 ms)  cpos=1107

[spec] generated 12 tokens over 2 verifies: mean tokens/verify = 6.00 (block=5, max 6)
[spec] tokens: 16 403 14482 16 403 14482 16 403 14482 16 403 14482
[spec] SPEC-DECODE: 27.4 ms/tok = 36.48 tok/s  (vs base M=1 70.8 ms/tok = 14.13 tok/s -> 2.58x)
[decode] PREFILL: 1409 positions in 22854.2 ms = 61.7 tok/s (16.220 ms/tok)
[capture] wrote /home/patrickd/s5-capture/agentic-p25-b0.1/c5/cap/shard_p470_s001409.dspc  1409 tok x (3 taps + 1 lm_in) x 4096 = 44.0 MB (32.0 KB/tok)
[probe] wrote 16 draft probes (block=5) to /home/patrickd/s5-capture/agentic-p25-b0.1/c5/cap/drafts_p470_s001409.txt
[spec] decoding 8 tokens (block=5, draft passes=1, adaptK=1.50, prompt=470 s=1410)...
  [margins] 19.18 12.85 15.54 14.84 14.11  K=6
  verify 1: accepted 5/5 (K=6) + correction -> +6 tokens (179.8 ms)  cpos=1415
  [margins] 13.43 7.52 11.17 12.91 10.20  K=6
  verify 2: accepted 5/5 (K=6) + correction -> +6 tokens (176.0 ms)  cpos=1421

[spec] generated 12 tokens over 2 verifies: mean tokens/verify = 6.00 (block=5, max 6)
[spec] tokens: 3287 344 223 7534 16 23 13525 16 455 3287 344 223
[spec] SPEC-DECODE: 29.3 ms/tok = 34.09 tok/s  (vs base M=1 70.8 ms/tok = 14.13 tok/s -> 2.41x)
[decode] PREFILL: 1087 positions in 17469.8 ms = 62.2 tok/s (16.072 ms/tok)
[capture] wrote /home/patrickd/s5-capture/agentic-p25-b0.1/c5/cap/shard_p471_s001087.dspc  1087 tok x (3 taps + 1 lm_in) x 4096 = 34.0 MB (32.0 KB/tok)
[probe] wrote 16 draft probes (block=5) to /home/patrickd/s5-capture/agentic-p25-b0.1/c5/cap/drafts_p471_s001087.txt
[spec] decoding 8 tokens (block=5, draft passes=1, adaptK=1.50, prompt=471 s=1088)...
  [margins] 8.26 11.81 13.93 4.54 9.14  K=6
  verify 1: accepted 5/5 (K=6) + correction -> +6 tokens (175.9 ms)  cpos=1093
  [margins] 13.91 9.34 9.39 10.53 4.12  K=6
  verify 2: accepted 5/5 (K=6) + correction -> +6 tokens (166.4 ms)  cpos=1099

[spec] generated 12 tokens over 2 verifies: mean tokens/verify = 6.00 (block=5, max 6)
[spec] tokens: 31892 3749 11 261 31892 3749 11 261 31892 3749 11 261
[spec] SPEC-DECODE: 27.7 ms/tok = 36.05 tok/s  (vs base M=1 70.8 ms/tok = 14.13 tok/s -> 2.55x)
[decode] PREFILL: 1219 positions in 19689.3 ms = 61.9 tok/s (16.152 ms/tok)
[capture] wrote /home/patrickd/s5-capture/agentic-p25-b0.1/c5/cap/shard_p472_s001219.dspc  1219 tok x (3 taps + 1 lm_in) x 4096 = 38.1 MB (32.0 KB/tok)
[probe] wrote 16 draft probes (block=5) to /home/patrickd/s5-capture/agentic-p25-b0.1/c5/cap/drafts_p472_s001219.txt
[spec] decoding 8 tokens (block=5, draft passes=1, adaptK=1.50, prompt=472 s=1220)...
  [margins] 18.92 12.94 8.15 5.71 2.73  K=6
  verify 1: accepted 4/5 (K=6) + correction -> +5 tokens (187.0 ms)  cpos=1224
  [margins] 8.44 14.69 15.12 6.66 5.62  K=6
  verify 2: accepted 5/5 (K=6) + correction -> +6 tokens (172.3 ms)  cpos=1230

[spec] generated 11 tokens over 2 verifies: mean tokens/verify = 5.50 (block=5, max 6)
[spec] tokens: 1045 377 25986 16 9710 2305 759 3394 5146 513 899
[spec] SPEC-DECODE: 28.7 ms/tok = 34.82 tok/s  (vs base M=1 70.8 ms/tok = 14.13 tok/s -> 2.46x)
[decode] PREFILL: 1109 positions in 17843.0 ms = 62.2 tok/s (16.089 ms/tok)
[capture] wrote /home/patrickd/s5-capture/agentic-p25-b0.1/c5/cap/shard_p473_s001109.dspc  1109 tok x (3 taps + 1 lm_in) x 4096 = 34.7 MB (32.0 KB/tok)
[probe] wrote 16 draft probes (block=5) to /home/patrickd/s5-capture/agentic-p25-b0.1/c5/cap/drafts_p473_s001109.txt
[spec] decoding 8 tokens (block=5, draft passes=1, adaptK=1.50, prompt=473 s=1110)...
  [margins] 17.32 9.50 8.69 15.99 7.31  K=6
  verify 1: accepted 5/5 (K=6) + correction -> +6 tokens (176.2 ms)  cpos=1115
  [margins] 14.76 19.82 10.29 8.76 12.80  K=6
  verify 2: accepted 5/5 (K=6) + correction -> +6 tokens (174.7 ms)  cpos=1121

[spec] generated 12 tokens over 2 verifies: mean tokens/verify = 6.00 (block=5, max 6)
[spec] tokens: 2019 16 3815 4085 759 2632 782 2019 16 3815 4085 759
[spec] SPEC-DECODE: 29.1 ms/tok = 34.34 tok/s  (vs base M=1 70.8 ms/tok = 14.13 tok/s -> 2.43x)
[decode] PREFILL: 1205 positions in 19464.6 ms = 61.9 tok/s (16.153 ms/tok)
[capture] wrote /home/patrickd/s5-capture/agentic-p25-b0.1/c5/cap/shard_p474_s001205.dspc  1205 tok x (3 taps + 1 lm_in) x 4096 = 37.7 MB (32.0 KB/tok)
[probe] wrote 16 draft probes (block=5) to /home/patrickd/s5-capture/agentic-p25-b0.1/c5/cap/drafts_p474_s001205.txt
[spec] decoding 8 tokens (block=5, draft passes=1, adaptK=1.50, prompt=474 s=1206)...
  [margins] 17.51 12.27 17.09 14.04 12.18  K=6
  verify 1: accepted 5/5 (K=6) + correction -> +6 tokens (177.5 ms)  cpos=1211
  [margins] 11.74 13.82 15.23 12.12 11.82  K=6
  verify 2: accepted 5/5 (K=6) + correction -> +6 tokens (177.1 ms)  cpos=1217

[spec] generated 12 tokens over 2 verifies: mean tokens/verify = 6.00 (block=5, max 6)
[spec] tokens: 362 270 462 10111 2446 16 455 2446 515 48299 513 59550
[spec] SPEC-DECODE: 29.5 ms/tok = 33.87 tok/s  (vs base M=1 70.8 ms/tok = 14.13 tok/s -> 2.40x)
[decode] PREFILL: 2309 positions in 38374.9 ms = 60.2 tok/s (16.620 ms/tok)
[capture] wrote /home/patrickd/s5-capture/agentic-p25-b0.1/c5/cap/shard_p475_s002309.dspc  2309 tok x (3 taps + 1 lm_in) x 4096 = 72.2 MB (32.0 KB/tok)
[probe] wrote 16 draft probes (block=5) to /home/patrickd/s5-capture/agentic-p25-b0.1/c5/cap/drafts_p475_s002309.txt
[spec] decoding 8 tokens (block=5, draft passes=1, adaptK=1.50, prompt=475 s=2310)...
  [margins] 14.68 15.33 12.31 15.34 11.12  K=6
  verify 1: accepted 5/5 (K=6) + correction -> +6 tokens (190.2 ms)  cpos=2315
  [margins] 16.92 13.60 12.13 12.23 5.28  K=6
  verify 2: accepted 5/5 (K=6) + correction -> +6 tokens (183.6 ms)  cpos=2321

[spec] generated 12 tokens over 2 verifies: mean tokens/verify = 6.00 (block=5, max 6)
[spec] tokens: 35878 5514 14 305 515 270 1257 25930 304 7080 260 223
[spec] SPEC-DECODE: 30.6 ms/tok = 32.67 tok/s  (vs base M=1 70.8 ms/tok = 14.13 tok/s -> 2.31x)
[decode] PREFILL: 1068 positions in 17172.3 ms = 62.2 tok/s (16.079 ms/tok)
[capture] wrote /home/patrickd/s5-capture/agentic-p25-b0.1/c5/cap/shard_p476_s001068.dspc  1068 tok x (3 taps + 1 lm_in) x 4096 = 33.4 MB (32.0 KB/tok)
[probe] wrote 16 draft probes (block=5) to /home/patrickd/s5-capture/agentic-p25-b0.1/c5/cap/drafts_p476_s001068.txt
[spec] decoding 8 tokens (block=5, draft passes=1, adaptK=1.50, prompt=476 s=1069)...
  [margins] 17.36 16.72 14.88 13.11 10.13  K=6
  verify 1: accepted 5/5 (K=6) + correction -> +6 tokens (177.3 ms)  cpos=1074
  [margins] 15.55 14.94 14.28 16.48 14.01  K=6
  verify 2: accepted 5/5 (K=6) + correction -> +6 tokens (177.1 ms)  cpos=1080

[spec] generated 12 tokens over 2 verifies: mean tokens/verify = 6.00 (block=5, max 6)
[spec] tokens: 65 50219 14 344 6558 304 39627 9670 1951 14 554 19301
[spec] SPEC-DECODE: 29.5 ms/tok = 33.88 tok/s  (vs base M=1 70.8 ms/tok = 14.13 tok/s -> 2.40x)
[decode] PREFILL: 1043 positions in 16762.6 ms = 62.2 tok/s (16.072 ms/tok)
[capture] wrote /home/patrickd/s5-capture/agentic-p25-b0.1/c5/cap/shard_p477_s001043.dspc  1043 tok x (3 taps + 1 lm_in) x 4096 = 32.6 MB (32.0 KB/tok)
[probe] wrote 16 draft probes (block=5) to /home/patrickd/s5-capture/agentic-p25-b0.1/c5/cap/drafts_p477_s001043.txt
[spec] decoding 8 tokens (block=5, draft passes=1, adaptK=1.50, prompt=477 s=1044)...
  [margins] 10.60 11.74 12.28 10.97 12.91  K=6
  verify 1: accepted 5/5 (K=6) + correction -> +6 tokens (177.5 ms)  cpos=1049
  [margins] 24.06 21.15 6.10 10.88 12.79  K=6
  verify 2: accepted 5/5 (K=6) + correction -> +6 tokens (172.0 ms)  cpos=1055

[spec] generated 12 tokens over 2 verifies: mean tokens/verify = 6.00 (block=5, max 6)
[spec] tokens: 1124 223 2722 19 14 13799 109812 4981 734 14143 582 20769
[spec] SPEC-DECODE: 28.7 ms/tok = 34.88 tok/s  (vs base M=1 70.8 ms/tok = 14.13 tok/s -> 2.47x)
[decode] PREFILL: 1036 positions in 16631.5 ms = 62.3 tok/s (16.054 ms/tok)
[capture] wrote /home/patrickd/s5-capture/agentic-p25-b0.1/c5/cap/shard_p478_s001036.dspc  1036 tok x (3 taps + 1 lm_in) x 4096 = 32.4 MB (32.0 KB/tok)
[probe] wrote 16 draft probes (block=5) to /home/patrickd/s5-capture/agentic-p25-b0.1/c5/cap/drafts_p478_s001036.txt
[spec] decoding 8 tokens (block=5, draft passes=1, adaptK=1.50, prompt=478 s=1037)...
  [margins] 13.61 7.88 9.98 3.14 8.38  K=6
  verify 1: accepted 5/5 (K=6) + correction -> +6 tokens (172.7 ms)  cpos=1042
  [margins] 15.99 14.70 9.39 2.55 6.30  K=6
  verify 2: accepted 5/5 (K=6) + correction -> +6 tokens (172.5 ms)  cpos=1048

[spec] generated 12 tokens over 2 verifies: mean tokens/verify = 6.00 (block=5, max 6)
[spec] tokens: 58023 305 260 304 360 295 3999 294 786 53945 1240 40
[spec] SPEC-DECODE: 28.8 ms/tok = 34.77 tok/s  (vs base M=1 70.8 ms/tok = 14.13 tok/s -> 2.46x)
[decode] PREFILL: 1106 positions in 17800.2 ms = 62.1 tok/s (16.094 ms/tok)
[capture] wrote /home/patrickd/s5-capture/agentic-p25-b0.1/c5/cap/shard_p479_s001106.dspc  1106 tok x (3 taps + 1 lm_in) x 4096 = 34.6 MB (32.0 KB/tok)
[probe] wrote 16 draft probes (block=5) to /home/patrickd/s5-capture/agentic-p25-b0.1/c5/cap/drafts_p479_s001106.txt
[spec] decoding 8 tokens (block=5, draft passes=1, adaptK=1.50, prompt=479 s=1107)...
  [margins] 8.40 14.84 13.19 8.84 12.20  K=6
  verify 1: accepted 5/5 (K=6) + correction -> +6 tokens (175.2 ms)  cpos=1112
  [margins] 8.21 14.56 10.51 9.06 12.23  K=6
  verify 2: accepted 5/5 (K=6) + correction -> +6 tokens (164.5 ms)  cpos=1118

[spec] generated 12 tokens over 2 verifies: mean tokens/verify = 6.00 (block=5, max 6)
[spec] tokens: 16 4617 272 16 4617 272 16 4617 272 16 4617 272
[spec] SPEC-DECODE: 27.4 ms/tok = 36.48 tok/s  (vs base M=1 70.8 ms/tok = 14.13 tok/s -> 2.58x)
[decode] PREFILL: 1132 positions in 18221.7 ms = 62.1 tok/s (16.097 ms/tok)
[capture] wrote /home/patrickd/s5-capture/agentic-p25-b0.1/c5/cap/shard_p480_s001132.dspc  1132 tok x (3 taps + 1 lm_in) x 4096 = 35.4 MB (32.0 KB/tok)
[probe] wrote 16 draft probes (block=5) to /home/patrickd/s5-capture/agentic-p25-b0.1/c5/cap/drafts_p480_s001132.txt
[spec] decoding 8 tokens (block=5, draft passes=1, adaptK=1.50, prompt=480 s=1133)...
  [margins] 9.11 15.22 12.53 6.76 10.00  K=6
  verify 1: accepted 5/5 (K=6) + correction -> +6 tokens (176.7 ms)  cpos=1138
  [margins] 18.98 15.86 14.92 17.99 13.05  K=6
  verify 2: accepted 5/5 (K=6) + correction -> +6 tokens (175.7 ms)  cpos=1144

[spec] generated 12 tokens over 2 verifies: mean tokens/verify = 6.00 (block=5, max 6)
[spec] tokens: 455 3967 10059 304 17290 1234 31862 28 12955 19 14 223
[spec] SPEC-DECODE: 29.3 ms/tok = 34.14 tok/s  (vs base M=1 70.8 ms/tok = 14.13 tok/s -> 2.42x)
[decode] PREFILL: 1445 positions in 23479.8 ms = 61.5 tok/s (16.249 ms/tok)
[capture] wrote /home/patrickd/s5-capture/agentic-p25-b0.1/c5/cap/shard_p481_s001445.dspc  1445 tok x (3 taps + 1 lm_in) x 4096 = 45.2 MB (32.0 KB/tok)
[probe] wrote 16 draft probes (block=5) to /home/patrickd/s5-capture/agentic-p25-b0.1/c5/cap/drafts_p481_s001445.txt
[spec] decoding 8 tokens (block=5, draft passes=1, adaptK=1.50, prompt=481 s=1446)...
  [margins] 13.34 14.78 18.76 13.47 12.70  K=6
  verify 1: accepted 5/5 (K=6) + correction -> +6 tokens (178.9 ms)  cpos=1451
  [margins] 17.17 11.42 13.07 14.16 16.73  K=6
  verify 2: accepted 5/5 (K=6) + correction -> +6 tokens (179.2 ms)  cpos=1457

[spec] generated 12 tokens over 2 verifies: mean tokens/verify = 6.00 (block=5, max 6)
[spec] tokens: 223 939 22 15 2616 15 2616 14 223 939 22 15
[spec] SPEC-DECODE: 29.9 ms/tok = 33.49 tok/s  (vs base M=1 70.8 ms/tok = 14.13 tok/s -> 2.37x)
[decode] PREFILL: 2210 positions in 36950.2 ms = 59.8 tok/s (16.720 ms/tok)
[capture] wrote /home/patrickd/s5-capture/agentic-p25-b0.1/c5/cap/shard_p482_s002210.dspc  2210 tok x (3 taps + 1 lm_in) x 4096 = 69.1 MB (32.0 KB/tok)
[probe] wrote 16 draft probes (block=5) to /home/patrickd/s5-capture/agentic-p25-b0.1/c5/cap/drafts_p482_s002210.txt
[spec] decoding 8 tokens (block=5, draft passes=1, adaptK=1.50, prompt=482 s=2211)...
  [margins] 11.77 13.68 11.71 3.01 9.53  K=6
  verify 1: accepted 3/5 (K=6) + correction -> +4 tokens (193.2 ms)  cpos=2214
  [margins] 9.48 11.90 10.88 11.09 14.64  K=6
  verify 2: accepted 5/5 (K=6) + correction -> +6 tokens (183.3 ms)  cpos=2220

[spec] generated 10 tokens over 2 verifies: mean tokens/verify = 5.00 (block=5, max 6)
[spec] tokens: 294 4836 16 23463 14 342 4571 4735 362 260
[spec] SPEC-DECODE: 30.6 ms/tok = 32.73 tok/s  (vs base M=1 70.8 ms/tok = 14.13 tok/s -> 2.32x)
[decode] PREFILL: 1051 positions in 16879.1 ms = 62.3 tok/s (16.060 ms/tok)
[capture] wrote /home/patrickd/s5-capture/agentic-p25-b0.1/c5/cap/shard_p483_s001051.dspc  1051 tok x (3 taps + 1 lm_in) x 4096 = 32.8 MB (32.0 KB/tok)
[probe] wrote 16 draft probes (block=5) to /home/patrickd/s5-capture/agentic-p25-b0.1/c5/cap/drafts_p483_s001051.txt
[spec] decoding 8 tokens (block=5, draft passes=1, adaptK=1.50, prompt=483 s=1052)...
  [margins] 13.02 15.23 13.63 13.96 13.77  K=6
  verify 1: accepted 5/5 (K=6) + correction -> +6 tokens (171.4 ms)  cpos=1057
  [margins] 12.68 15.55 13.17 15.51 13.62  K=6
  verify 2: accepted 5/5 (K=6) + correction -> +6 tokens (160.8 ms)  cpos=1063

[spec] generated 12 tokens over 2 verifies: mean tokens/verify = 6.00 (block=5, max 6)
[spec] tokens: 16 3541 16 3541 16 3541 16 3541 16 3541 16 3541
[spec] SPEC-DECODE: 26.8 ms/tok = 37.32 tok/s  (vs base M=1 70.8 ms/tok = 14.13 tok/s -> 2.64x)
[decode] PREFILL: 1171 positions in 18895.5 ms = 62.0 tok/s (16.136 ms/tok)
[capture] wrote /home/patrickd/s5-capture/agentic-p25-b0.1/c5/cap/shard_p484_s001171.dspc  1171 tok x (3 taps + 1 lm_in) x 4096 = 36.6 MB (32.0 KB/tok)
[probe] wrote 16 draft probes (block=5) to /home/patrickd/s5-capture/agentic-p25-b0.1/c5/cap/drafts_p484_s001171.txt
[spec] decoding 8 tokens (block=5, draft passes=1, adaptK=1.50, prompt=484 s=1172)...
  [margins] 12.88 4.68 3.65 1.71 1.99  K=6
  verify 1: accepted 3/5 (K=6) + correction -> +4 tokens (184.4 ms)  cpos=1175
  [margins] 23.56 17.93 8.02 3.54 2.79  K=6
  verify 2: accepted 3/5 (K=6) + correction -> +4 tokens (179.5 ms)  cpos=1179

[spec] generated 8 tokens over 2 verifies: mean tokens/verify = 4.00 (block=5, max 6)
[spec] tokens: 295 270 8193 5227 17062 1699 14 3946
[spec] SPEC-DECODE: 44.9 ms/tok = 22.29 tok/s  (vs base M=1 70.8 ms/tok = 14.13 tok/s -> 1.58x)
[decode] PREFILL: 1464 positions in 23786.7 ms = 61.5 tok/s (16.248 ms/tok)
[capture] wrote /home/patrickd/s5-capture/agentic-p25-b0.1/c5/cap/shard_p485_s001464.dspc  1464 tok x (3 taps + 1 lm_in) x 4096 = 45.8 MB (32.0 KB/tok)
[probe] wrote 16 draft probes (block=5) to /home/patrickd/s5-capture/agentic-p25-b0.1/c5/cap/drafts_p485_s001464.txt
[spec] decoding 8 tokens (block=5, draft passes=1, adaptK=1.50, prompt=485 s=1465)...
  [margins] 9.82 13.59 13.36 12.92 13.21  K=6
  verify 1: accepted 5/5 (K=6) + correction -> +6 tokens (179.6 ms)  cpos=1470
  [margins] 18.00 15.31 14.78 14.70 14.46  K=6
  verify 2: accepted 5/5 (K=6) + correction -> +6 tokens (178.4 ms)  cpos=1476

[spec] generated 12 tokens over 2 verifies: mean tokens/verify = 6.00 (block=5, max 6)
[spec] tokens: 16 1162 344 260 13672 294 270 4680 294 270 9973 76844
[spec] SPEC-DECODE: 29.7 ms/tok = 33.63 tok/s  (vs base M=1 70.8 ms/tok = 14.13 tok/s -> 2.38x)
[decode] PREFILL: 1421 positions in 23062.5 ms = 61.6 tok/s (16.230 ms/tok)
[capture] wrote /home/patrickd/s5-capture/agentic-p25-b0.1/c5/cap/shard_p486_s001421.dspc  1421 tok x (3 taps + 1 lm_in) x 4096 = 44.4 MB (32.0 KB/tok)
[probe] wrote 16 draft probes (block=5) to /home/patrickd/s5-capture/agentic-p25-b0.1/c5/cap/drafts_p486_s001421.txt
[spec] decoding 8 tokens (block=5, draft passes=1, adaptK=1.50, prompt=486 s=1422)...
  [margins] 18.05 18.97 13.62 16.43 13.24  K=6
  verify 1: accepted 5/5 (K=6) + correction -> +6 tokens (178.8 ms)  cpos=1427
  [margins] 20.45 17.52 15.59 13.70 12.64  K=6
  verify 2: accepted 5/5 (K=6) + correction -> +6 tokens (177.2 ms)  cpos=1433

[spec] generated 12 tokens over 2 verifies: mean tokens/verify = 6.00 (block=5, max 6)
[spec] tokens: 2052 1031 477 1119 1482 14 1354 411 11181 2310 339 39559
[spec] SPEC-DECODE: 29.5 ms/tok = 33.85 tok/s  (vs base M=1 70.8 ms/tok = 14.13 tok/s -> 2.40x)
[decode] PREFILL: 1090 positions in 17531.7 ms = 62.2 tok/s (16.084 ms/tok)
[capture] wrote /home/patrickd/s5-capture/agentic-p25-b0.1/c5/cap/shard_p487_s001090.dspc  1090 tok x (3 taps + 1 lm_in) x 4096 = 34.1 MB (32.0 KB/tok)
[probe] wrote 16 draft probes (block=5) to /home/patrickd/s5-capture/agentic-p25-b0.1/c5/cap/drafts_p487_s001090.txt
[spec] decoding 8 tokens (block=5, draft passes=1, adaptK=1.50, prompt=487 s=1091)...
  [margins] 11.10 16.92 17.67 12.48 10.62  K=6
  verify 1: accepted 5/5 (K=6) + correction -> +6 tokens (175.8 ms)  cpos=1096
  [margins] 18.87 17.71 12.68 11.92 8.98  K=6
  verify 2: accepted 5/5 (K=6) + correction -> +6 tokens (163.9 ms)  cpos=1102

[spec] generated 12 tokens over 2 verifies: mean tokens/verify = 6.00 (block=5, max 6)
[spec] tokens: 16 16374 53 4493 16 16374 53 4493 16 16374 53 4493
[spec] SPEC-DECODE: 27.3 ms/tok = 36.60 tok/s  (vs base M=1 70.8 ms/tok = 14.13 tok/s -> 2.59x)
[decode] PREFILL: 1043 positions in 16772.4 ms = 62.2 tok/s (16.081 ms/tok)
[capture] wrote /home/patrickd/s5-capture/agentic-p25-b0.1/c5/cap/shard_p488_s001043.dspc  1043 tok x (3 taps + 1 lm_in) x 4096 = 32.6 MB (32.0 KB/tok)
[probe] wrote 16 draft probes (block=5) to /home/patrickd/s5-capture/agentic-p25-b0.1/c5/cap/drafts_p488_s001043.txt
[spec] decoding 8 tokens (block=5, draft passes=1, adaptK=1.50, prompt=488 s=1044)...
  [margins] 8.17 12.64 13.18 13.94 9.07  K=6
  verify 1: accepted 5/5 (K=6) + correction -> +6 tokens (180.7 ms)  cpos=1049
  [margins] 15.43 6.83 8.67 10.31 14.15  K=6
  verify 2: accepted 5/5 (K=6) + correction -> +6 tokens (169.9 ms)  cpos=1055

[spec] generated 12 tokens over 2 verifies: mean tokens/verify = 6.00 (block=5, max 6)
[spec] tokens: 455 3917 515 9400 295 223 1809 19 16 455 3917 515
[spec] SPEC-DECODE: 28.3 ms/tok = 35.32 tok/s  (vs base M=1 70.8 ms/tok = 14.13 tok/s -> 2.50x)
[decode] PREFILL: 1136 positions in 18286.6 ms = 62.1 tok/s (16.097 ms/tok)
[capture] wrote /home/patrickd/s5-capture/agentic-p25-b0.1/c5/cap/shard_p489_s001136.dspc  1136 tok x (3 taps + 1 lm_in) x 4096 = 35.5 MB (32.0 KB/tok)
[probe] wrote 16 draft probes (block=5) to /home/patrickd/s5-capture/agentic-p25-b0.1/c5/cap/drafts_p489_s001136.txt
[spec] decoding 8 tokens (block=5, draft passes=1, adaptK=1.50, prompt=489 s=1137)...
  [margins] 12.19 13.18 8.40 11.08 10.92  K=6
  verify 1: accepted 5/5 (K=6) + correction -> +6 tokens (172.4 ms)  cpos=1142
  [margins] 15.11 15.65 9.59 12.05 11.68  K=6
  verify 2: accepted 5/5 (K=6) + correction -> +6 tokens (173.8 ms)  cpos=1148

[spec] generated 12 tokens over 2 verifies: mean tokens/verify = 6.00 (block=5, max 6)
[spec] tokens: 16 223 17922 16 223 18822 16 223 11722 16 223 19669
[spec] SPEC-DECODE: 29.0 ms/tok = 34.52 tok/s  (vs base M=1 70.8 ms/tok = 14.13 tok/s -> 2.44x)
[decode] PREFILL: 1529 positions in 24884.7 ms = 61.4 tok/s (16.275 ms/tok)
[capture] wrote /home/patrickd/s5-capture/agentic-p25-b0.1/c5/cap/shard_p490_s001529.dspc  1529 tok x (3 taps + 1 lm_in) x 4096 = 47.8 MB (32.0 KB/tok)
[probe] wrote 16 draft probes (block=5) to /home/patrickd/s5-capture/agentic-p25-b0.1/c5/cap/drafts_p490_s001529.txt
[spec] decoding 8 tokens (block=5, draft passes=1, adaptK=1.50, prompt=490 s=1530)...
  [margins] 13.76 14.44 11.36 3.15 6.00  K=6
  verify 1: accepted 5/5 (K=6) + correction -> +6 tokens (178.5 ms)  cpos=1535
  [margins] 19.85 16.68 17.69 15.09 15.03  K=6
  verify 2: accepted 5/5 (K=6) + correction -> +6 tokens (193.5 ms)  cpos=1541

[spec] generated 12 tokens over 2 verifies: mean tokens/verify = 6.00 (block=5, max 6)
[spec] tokens: 14 76813 9063 29 42126 13735 28 223 13636 14 17720 82
[spec] SPEC-DECODE: 32.3 ms/tok = 31.01 tok/s  (vs base M=1 70.8 ms/tok = 14.13 tok/s -> 2.19x)
[decode] PREFILL: 1038 positions in 16676.8 ms = 62.2 tok/s (16.066 ms/tok)
[capture] wrote /home/patrickd/s5-capture/agentic-p25-b0.1/c5/cap/shard_p491_s001038.dspc  1038 tok x (3 taps + 1 lm_in) x 4096 = 32.4 MB (32.0 KB/tok)
[probe] wrote 16 draft probes (block=5) to /home/patrickd/s5-capture/agentic-p25-b0.1/c5/cap/drafts_p491_s001038.txt
[spec] decoding 8 tokens (block=5, draft passes=1, adaptK=1.50, prompt=491 s=1039)...
  [margins] 10.44 2.37 1.05 0.71 3.19  K=3
  verify 1: accepted 1/2 (K=3) + correction -> +2 tokens (126.1 ms)  cpos=1040
  [margins] 11.58 12.15 11.38 8.13 3.36  K=6
  verify 2: accepted 5/5 (K=6) + correction -> +6 tokens (168.1 ms)  cpos=1046

[spec] generated 8 tokens over 2 verifies: mean tokens/verify = 4.00 (block=5, max 6)
[spec] tokens: 362 305 2765 270 1347 294 5389 38617
[spec] SPEC-DECODE: 28.0 ms/tok = 35.70 tok/s  (vs base M=1 70.8 ms/tok = 14.13 tok/s -> 2.53x)

[blksweep]  BLK passes adaptK->eff prompt | mean tok/verify | ms/tok | tok/s | vs base 14.13 tok/s
[blksweep]    5      1   1.50   1.50      1 |            5.00 |   28.2 | 35.47 | 2.51x
[blksweep]    5      1   1.50   1.50      2 |            6.00 |   29.4 | 34.06 | 2.41x
[blksweep]    5      1   1.50   1.50      3 |            6.00 |   29.8 | 33.56 | 2.38x
[blksweep]    5      1   1.50   1.50      4 |            6.00 |   29.5 | 33.89 | 2.40x
[blksweep]    5      1   1.50   1.50      5 |            4.00 |   40.7 | 24.56 | 1.74x
[blksweep]    5      1   1.50   1.50      6 |            5.00 |   35.1 | 28.51 | 2.02x
[blksweep]    5      1   1.50   1.50      7 |            6.00 |   30.2 | 33.14 | 2.35x
[blksweep]    5      1   1.50   1.50      8 |            6.00 |   29.9 | 33.47 | 2.37x
[blksweep]    5      1   1.50   1.50      9 |            6.00 |   27.7 | 36.08 | 2.55x
[blksweep]    5      1   1.50   1.50     10 |            1.00 |  115.3 |  8.67 | 0.61x
[blksweep]    5      1   1.50   1.50     11 |            4.00 |   41.5 | 24.12 | 1.71x
[blksweep]    5      1   1.50   1.50     12 |            6.00 |   28.1 | 35.53 | 2.51x
[blksweep]    5      1   1.50   1.50     13 |            5.00 |   35.3 | 28.35 | 2.01x
[blksweep]    5      1   1.50   1.50     14 |            6.00 |   28.5 | 35.09 | 2.48x
[blksweep]    5      1   1.50   1.50     15 |            6.00 |   28.8 | 34.70 | 2.46x
[blksweep]    5      1   1.50   1.50     16 |            4.50 |   43.0 | 23.27 | 1.65x
[blksweep]    5      1   1.50   1.50     17 |            1.67 |   72.1 | 13.88 | 0.98x
[blksweep]    5      1   1.50   1.50     18 |            6.00 |   28.0 | 35.76 | 2.53x
[blksweep]    5      1   1.50   1.50     19 |            6.00 |   29.2 | 34.24 | 2.42x
[blksweep]    5      1   1.50   1.50     20 |            2.67 |   45.1 | 22.15 | 1.57x
[blksweep]    5      1   1.50   1.50     21 |            4.00 |   34.1 | 29.37 | 2.08x
[blksweep]    5      1   1.50   1.50     22 |            6.00 |   28.5 | 35.13 | 2.49x
[blksweep]    5      1   1.50   1.50     23 |            3.00 |   48.6 | 20.59 | 1.46x
[blksweep]    5      1   1.50   1.50     24 |            6.00 |   29.2 | 34.29 | 2.43x
[blksweep]    5      1   1.50   1.50     25 |            6.00 |   29.1 | 34.31 | 2.43x
[blksweep]    5      1   1.50   1.50     26 |            6.00 |   27.9 | 35.81 | 2.53x
[blksweep]    5      1   1.50   1.50     27 |            6.00 |   27.9 | 35.89 | 2.54x
[blksweep]    5      1   1.50   1.50     28 |            6.00 |   28.3 | 35.36 | 2.50x
[blksweep]    5      1   1.50   1.50     29 |            6.00 |   28.9 | 34.59 | 2.45x
[blksweep]    5      1   1.50   1.50     30 |            6.00 |   29.4 | 34.00 | 2.41x
[blksweep]    5      1   1.50   1.50     31 |            3.67 |   37.4 | 26.71 | 1.89x
[blksweep]    5      1   1.50   1.50     32 |            6.00 |   27.6 | 36.20 | 2.56x
[blksweep]    5      1   1.50   1.50     33 |            5.00 |   30.6 | 32.71 | 2.32x
[blksweep]    5      1   1.50   1.50     34 |            6.00 |   30.0 | 33.28 | 2.36x
[blksweep]    5      1   1.50   1.50     35 |            6.00 |   28.5 | 35.06 | 2.48x
[blksweep]    5      1   1.50   1.50     36 |            6.00 |   29.6 | 33.82 | 2.39x
[blksweep]    5      1   1.50   1.50     37 |            3.67 |   32.5 | 30.79 | 2.18x
[blksweep]    5      1   1.50   1.50     38 |            6.00 |   28.6 | 34.98 | 2.48x
[blksweep]    5      1   1.50   1.50     39 |            2.67 |   49.5 | 20.20 | 1.43x
[blksweep]    5      1   1.50   1.50     40 |            6.00 |   29.5 | 33.85 | 2.40x
[blksweep]    5      1   1.50   1.50     41 |            4.50 |   28.5 | 35.03 | 2.48x
[blksweep]    5      1   1.50   1.50     42 |            6.00 |   30.0 | 33.31 | 2.36x
[blksweep]    5      1   1.50   1.50     43 |            1.00 |  117.3 |  8.53 | 0.60x
[blksweep]    5      1   1.50   1.50     44 |            6.00 |   28.7 | 34.82 | 2.46x
[blksweep]    5      1   1.50   1.50     45 |            6.00 |   29.3 | 34.08 | 2.41x
[blksweep]    5      1   1.50   1.50     46 |            6.00 |   29.0 | 34.53 | 2.44x
[blksweep]    5      1   1.50   1.50     47 |            6.00 |   27.0 | 37.08 | 2.62x
[blksweep]    5      1   1.50   1.50     48 |            5.50 |   28.6 | 35.00 | 2.48x
[blksweep]    5      1   1.50   1.50     49 |            4.00 |   43.3 | 23.12 | 1.64x
[blksweep]    5      1   1.50   1.50     50 |            6.00 |   27.6 | 36.29 | 2.57x
[blksweep]    5      1   1.50   1.50     51 |            6.00 |   28.8 | 34.70 | 2.46x
[blksweep]    5      1   1.50   1.50     52 |            4.50 |   40.0 | 25.00 | 1.77x
[blksweep]    5      1   1.50   1.50     53 |            6.00 |   29.2 | 34.19 | 2.42x
[blksweep]    5      1   1.50   1.50     54 |            6.00 |   30.8 | 32.43 | 2.30x
[blksweep]    5      1   1.50   1.50     55 |            6.00 |   28.9 | 34.66 | 2.45x
[blksweep]    5      1   1.50   1.50     56 |            6.00 |   29.3 | 34.13 | 2.42x
[blksweep]    5      1   1.50   1.50     57 |            6.00 |   29.7 | 33.72 | 2.39x
[blksweep]    5      1   1.50   1.50     58 |            4.00 |   46.9 | 21.30 | 1.51x
[blksweep]    5      1   1.50   1.50     59 |            6.00 |   28.7 | 34.82 | 2.46x
[blksweep]    5      1   1.50   1.50     60 |            6.00 |   29.5 | 33.90 | 2.40x
[blksweep]    5      1   1.50   1.50     61 |            1.80 |   56.6 | 17.68 | 1.25x
[blksweep]    5      1   1.50   1.50     62 |            6.00 |   28.1 | 35.55 | 2.52x
[blksweep]    5      1   1.50   1.50     63 |            6.00 |   29.6 | 33.81 | 2.39x
[blksweep]    5      1   1.50   1.50     64 |            4.00 |   42.5 | 23.51 | 1.66x
[blksweep]    5      1   1.50   1.50     65 |            6.00 |   30.0 | 33.37 | 2.36x
[blksweep]    5      1   1.50   1.50     66 |            6.00 |   28.8 | 34.68 | 2.45x
[blksweep]    5      1   1.50   1.50     67 |            6.00 |   28.9 | 34.62 | 2.45x
[blksweep]    5      1   1.50   1.50     68 |            6.00 |   28.6 | 35.00 | 2.48x
[blksweep]    5      1   1.50   1.50     69 |            4.00 |   32.9 | 30.35 | 2.15x
[blksweep]    5      1   1.50   1.50     70 |            3.67 |   35.2 | 28.40 | 2.01x
[blksweep]    5      1   1.50   1.50     71 |            6.00 |   28.7 | 34.82 | 2.46x
[blksweep]    5      1   1.50   1.50     72 |            6.00 |   28.0 | 35.73 | 2.53x
[blksweep]    5      1   1.50   1.50     73 |            4.00 |   42.6 | 23.46 | 1.66x
[blksweep]    5      1   1.50   1.50     74 |            6.00 |   28.2 | 35.51 | 2.51x
[blksweep]    5      1   1.50   1.50     75 |            6.00 |   29.0 | 34.43 | 2.44x
[blksweep]    5      1   1.50   1.50     76 |            5.00 |   27.4 | 36.45 | 2.58x
[blksweep]    5      1   1.50   1.50     77 |            6.00 |   27.6 | 36.26 | 2.57x
[blksweep]    5      1   1.50   1.50     78 |            6.00 |   29.3 | 34.07 | 2.41x
[blksweep]    5      1   1.50   1.50     79 |            4.50 |   28.6 | 35.02 | 2.48x
[blksweep]    5      1   1.50   1.50     80 |            6.00 |   27.1 | 36.89 | 2.61x
[blksweep]    5      1   1.50   1.50     81 |            6.00 |   30.4 | 32.93 | 2.33x
[blksweep]    5      1   1.50   1.50     82 |            6.00 |   29.2 | 34.24 | 2.42x
[blksweep]    5      1   1.50   1.50     83 |            6.00 |   28.2 | 35.44 | 2.51x
[blksweep]    5      1   1.50   1.50     84 |            4.00 |   34.4 | 29.09 | 2.06x
[blksweep]    5      1   1.50   1.50     85 |            4.00 |   29.5 | 33.89 | 2.40x
[blksweep]    5      1   1.50   1.50     86 |            6.00 |   29.6 | 33.75 | 2.39x
[blksweep]    5      1   1.50   1.50     87 |            2.67 |   50.4 | 19.85 | 1.41x
[blksweep]    5      1   1.50   1.50     88 |            6.00 |   28.1 | 35.59 | 2.52x
[blksweep]    5      1   1.50   1.50     89 |            4.00 |   40.7 | 24.55 | 1.74x
[blksweep]    5      1   1.50   1.50     90 |            3.00 |   45.7 | 21.88 | 1.55x
[blksweep]    5      1   1.50   1.50     91 |            6.00 |   29.4 | 34.00 | 2.41x
[blksweep]    5      1   1.50   1.50     92 |            1.80 |   67.0 | 14.92 | 1.06x
[blksweep]    5      1   1.50   1.50     93 |            5.00 |   45.3 | 22.08 | 1.56x
[blksweep]    5      1   1.50   1.50     94 |            5.00 |   27.0 | 37.00 | 2.62x
[blksweep]    5      1   1.50   1.50     95 |            5.50 |   28.2 | 35.49 | 2.51x
[blksweep]    5      1   1.50   1.50     96 |            6.00 |   28.6 | 34.91 | 2.47x
[blksweep]    5      1   1.50   1.50     97 |            6.00 |   28.6 | 34.93 | 2.47x
[blksweep]    5      1   1.50   1.50     98 |            6.00 |   28.5 | 35.05 | 2.48x
[blksweep]    5      1   1.50   1.50     99 |            4.00 |   40.7 | 24.60 | 1.74x
[blksweep]    5      1   1.50   1.50    100 |            6.00 |   27.4 | 36.54 | 2.59x
[blksweep]    5      1   1.50   1.50    101 |            6.00 |   29.6 | 33.83 | 2.39x
[blksweep]    5      1   1.50   1.50    102 |            6.00 |   28.3 | 35.28 | 2.50x
[blksweep]    5      1   1.50   1.50    103 |            5.50 |   34.6 | 28.92 | 2.05x
[blksweep]    5      1   1.50   1.50    104 |            6.00 |   28.0 | 35.69 | 2.53x
[blksweep]    5      1   1.50   1.50    105 |            6.00 |   27.6 | 36.19 | 2.56x
[blksweep]    5      1   1.50   1.50    106 |            6.00 |   27.9 | 35.86 | 2.54x
[blksweep]    5      1   1.50   1.50    107 |            6.00 |   27.4 | 36.56 | 2.59x
[blksweep]    5      1   1.50   1.50    108 |            5.50 |   28.2 | 35.47 | 2.51x
[blksweep]    5      1   1.50   1.50    109 |            4.00 |   36.7 | 27.23 | 1.93x
[blksweep]    5      1   1.50   1.50    110 |            5.00 |   28.1 | 35.56 | 2.52x
[blksweep]    5      1   1.50   1.50    111 |            6.00 |   27.7 | 36.06 | 2.55x
[blksweep]    5      1   1.50   1.50    112 |            6.00 |   32.4 | 30.88 | 2.19x
[blksweep]    5      1   1.50   1.50    113 |            6.00 |   28.4 | 35.24 | 2.49x
[blksweep]    5      1   1.50   1.50    114 |            6.00 |   30.4 | 32.88 | 2.33x
[blksweep]    5      1   1.50   1.50    115 |            6.00 |   29.9 | 33.44 | 2.37x
[blksweep]    5      1   1.50   1.50    116 |            6.00 |   28.0 | 35.74 | 2.53x
[blksweep]    5      1   1.50   1.50    117 |            6.00 |   27.5 | 36.36 | 2.57x
[blksweep]    5      1   1.50   1.50    118 |            6.00 |   28.7 | 34.81 | 2.46x
[blksweep]    5      1   1.50   1.50    119 |            2.00 |   60.7 | 16.46 | 1.17x
[blksweep]    5      1   1.50   1.50    120 |            5.50 |   31.4 | 31.87 | 2.26x
[blksweep]    5      1   1.50   1.50    121 |            6.00 |   28.7 | 34.87 | 2.47x
[blksweep]    5      1   1.50   1.50    122 |            6.00 |   27.8 | 35.95 | 2.54x
[blksweep]    5      1   1.50   1.50    123 |            6.00 |   28.8 | 34.74 | 2.46x
[blksweep]    5      1   1.50   1.50    124 |            5.00 |   35.1 | 28.48 | 2.02x
[blksweep]    5      1   1.50   1.50    125 |            6.00 |   29.6 | 33.74 | 2.39x
[blksweep]    5      1   1.50   1.50    126 |            2.75 |   44.2 | 22.60 | 1.60x
[blksweep]    5      1   1.50   1.50    127 |            6.00 |   29.9 | 33.49 | 2.37x
[blksweep]    5      1   1.50   1.50    128 |            6.00 |   28.5 | 35.10 | 2.48x
[blksweep]    5      1   1.50   1.50    129 |            6.00 |   28.8 | 34.76 | 2.46x
[blksweep]    5      1   1.50   1.50    130 |            6.00 |   28.5 | 35.03 | 2.48x
[blksweep]    5      1   1.50   1.50    131 |            6.00 |   29.2 | 34.25 | 2.42x
[blksweep]    5      1   1.50   1.50    132 |            6.00 |   29.0 | 34.52 | 2.44x
[blksweep]    5      1   1.50   1.50    133 |            6.00 |   29.5 | 33.90 | 2.40x
[blksweep]    5      1   1.50   1.50    134 |            6.00 |   29.0 | 34.46 | 2.44x
[blksweep]    5      1   1.50   1.50    135 |            6.00 |   28.3 | 35.34 | 2.50x
[blksweep]    5      1   1.50   1.50    136 |            6.00 |   28.4 | 35.20 | 2.49x
[blksweep]    5      1   1.50   1.50    137 |            6.00 |   27.8 | 35.91 | 2.54x
[blksweep]    5      1   1.50   1.50    138 |            4.00 |   34.1 | 29.31 | 2.07x
[blksweep]    5      1   1.50   1.50    139 |            6.00 |   29.3 | 34.09 | 2.41x
[blksweep]    5      1   1.50   1.50    140 |            6.00 |   26.7 | 37.42 | 2.65x
[blksweep]    5      1   1.50   1.50    141 |            6.00 |   28.1 | 35.62 | 2.52x
[blksweep]    5      1   1.50   1.50    142 |            5.00 |   29.7 | 33.65 | 2.38x
[blksweep]    5      1   1.50   1.50    143 |            6.00 |   31.3 | 31.96 | 2.26x
[blksweep]    5      1   1.50   1.50    144 |            6.00 |   28.4 | 35.17 | 2.49x
[blksweep]    5      1   1.50   1.50    145 |            2.67 |   48.9 | 20.44 | 1.45x
[blksweep]    5      1   1.50   1.50    146 |            6.00 |   29.2 | 34.29 | 2.43x
[blksweep]    5      1   1.50   1.50    147 |            6.00 |   28.7 | 34.86 | 2.47x
[blksweep]    5      1   1.50   1.50    148 |            6.00 |   27.7 | 36.12 | 2.56x
[blksweep]    5      1   1.50   1.50    149 |            6.00 |   29.7 | 33.67 | 2.38x
[blksweep]    5      1   1.50   1.50    150 |            6.00 |   28.2 | 35.52 | 2.51x
[blksweep]    5      1   1.50   1.50    151 |            6.00 |   27.5 | 36.32 | 2.57x
[blksweep]    5      1   1.50   1.50    152 |            6.00 |   28.2 | 35.42 | 2.51x
[blksweep]    5      1   1.50   1.50    153 |            6.00 |   29.8 | 33.53 | 2.37x
[blksweep]    5      1   1.50   1.50    154 |            6.00 |   28.3 | 35.35 | 2.50x
[blksweep]    5      1   1.50   1.50    155 |            6.00 |   28.1 | 35.57 | 2.52x
[blksweep]    5      1   1.50   1.50    156 |            6.00 |   27.5 | 36.33 | 2.57x
[blksweep]    5      1   1.50   1.50    157 |            6.00 |   27.9 | 35.78 | 2.53x
[blksweep]    5      1   1.50   1.50    158 |            6.00 |   28.4 | 35.20 | 2.49x
[blksweep]    5      1   1.50   1.50    159 |            6.00 |   29.0 | 34.47 | 2.44x
[blksweep]    5      1   1.50   1.50    160 |            6.00 |   29.7 | 33.64 | 2.38x
[blksweep]    5      1   1.50   1.50    161 |            6.00 |   29.8 | 33.57 | 2.38x
[blksweep]    5      1   1.50   1.50    162 |            3.33 |   48.6 | 20.57 | 1.46x
[blksweep]    5      1   1.50   1.50    163 |            6.00 |   27.9 | 35.86 | 2.54x
[blksweep]    5      1   1.50   1.50    164 |            5.00 |   27.0 | 37.08 | 2.62x
[blksweep]    5      1   1.50   1.50    165 |            5.00 |   42.5 | 23.52 | 1.66x
[blksweep]    5      1   1.50   1.50    166 |            6.00 |   29.3 | 34.14 | 2.42x
[blksweep]    5      1   1.50   1.50    167 |            6.00 |   28.0 | 35.73 | 2.53x
[blksweep]    5      1   1.50   1.50    168 |            6.00 |   29.1 | 34.38 | 2.43x
[blksweep]    5      1   1.50   1.50    169 |            4.00 |   34.2 | 29.24 | 2.07x
[blksweep]    5      1   1.50   1.50    170 |            4.50 |   29.2 | 34.24 | 2.42x
[blksweep]    5      1   1.50   1.50    171 |            6.00 |   28.5 | 35.10 | 2.48x
[blksweep]    5      1   1.50   1.50    172 |            2.67 |   45.1 | 22.19 | 1.57x
[blksweep]    5      1   1.50   1.50    173 |            5.00 |   29.2 | 34.26 | 2.42x
[blksweep]    5      1   1.50   1.50    174 |            6.00 |   28.0 | 35.72 | 2.53x
[blksweep]    5      1   1.50   1.50    175 |            5.00 |   33.8 | 29.59 | 2.09x
[blksweep]    5      1   1.50   1.50    176 |            6.00 |   27.5 | 36.38 | 2.57x
[blksweep]    5      1   1.50   1.50    177 |            5.50 |   31.0 | 32.27 | 2.28x
[blksweep]    5      1   1.50   1.50    178 |            5.00 |   29.8 | 33.53 | 2.37x
[blksweep]    5      1   1.50   1.50    179 |            6.00 |   29.3 | 34.18 | 2.42x
[blksweep]    5      1   1.50   1.50    180 |            6.00 |   27.9 | 35.82 | 2.54x
[blksweep]    5      1   1.50   1.50    181 |            6.00 |   26.9 | 37.22 | 2.63x
[blksweep]    5      1   1.50   1.50    182 |            6.00 |   29.4 | 34.06 | 2.41x
[blksweep]    5      1   1.50   1.50    183 |            6.00 |   28.8 | 34.74 | 2.46x
[blksweep]    5      1   1.50   1.50    184 |            6.00 |   28.3 | 35.38 | 2.50x
[blksweep]    5      1   1.50   1.50    185 |            4.50 |   28.9 | 34.65 | 2.45x
[blksweep]    5      1   1.50   1.50    186 |            6.00 |   28.2 | 35.49 | 2.51x
[blksweep]    5      1   1.50   1.50    187 |            4.33 |   28.4 | 35.16 | 2.49x
[blksweep]    5      1   1.50   1.50    188 |            6.00 |   27.6 | 36.20 | 2.56x
[blksweep]    5      1   1.50   1.50    189 |            6.00 |   28.8 | 34.67 | 2.45x
[blksweep]    5      1   1.50   1.50    190 |            5.00 |   34.2 | 29.22 | 2.07x
[blksweep]    5      1   1.50   1.50    191 |            3.33 |   49.6 | 20.18 | 1.43x
[blksweep]    5      1   1.50   1.50    192 |            6.00 |   32.2 | 31.01 | 2.20x
[blksweep]    5      1   1.50   1.50    193 |            6.00 |   29.3 | 34.10 | 2.41x
[blksweep]    5      1   1.50   1.50    194 |            6.00 |   30.1 | 33.22 | 2.35x
[blksweep]    5      1   1.50   1.50    195 |            6.00 |   28.5 | 35.15 | 2.49x
[blksweep]    5      1   1.50   1.50    196 |            2.00 |   77.3 | 12.94 | 0.92x
[blksweep]    5      1   1.50   1.50    197 |            6.00 |   30.3 | 33.02 | 2.34x
[blksweep]    5      1   1.50   1.50    198 |            6.00 |   28.7 | 34.83 | 2.46x
[blksweep]    5      1   1.50   1.50    199 |            6.00 |   29.3 | 34.08 | 2.41x
[blksweep]    5      1   1.50   1.50    200 |            4.00 |   42.3 | 23.62 | 1.67x
[blksweep]    5      1   1.50   1.50    201 |            6.00 |   28.6 | 34.97 | 2.47x
[blksweep]    5      1   1.50   1.50    202 |            5.00 |   42.7 | 23.44 | 1.66x
[blksweep]    5      1   1.50   1.50    203 |            6.00 |   28.4 | 35.21 | 2.49x
[blksweep]    5      1   1.50   1.50    204 |            6.00 |   29.6 | 33.79 | 2.39x
[blksweep]    5      1   1.50   1.50    205 |            3.00 |   72.7 | 13.76 | 0.97x
[blksweep]    5      1   1.50   1.50    206 |            6.00 |   28.3 | 35.33 | 2.50x
[blksweep]    5      1   1.50   1.50    207 |            6.00 |   28.2 | 35.49 | 2.51x
[blksweep]    5      1   1.50   1.50    208 |            6.00 |   28.6 | 35.02 | 2.48x
[blksweep]    5      1   1.50   1.50    209 |            6.00 |   29.6 | 33.79 | 2.39x
[blksweep]    5      1   1.50   1.50    210 |            6.00 |   28.3 | 35.40 | 2.51x
[blksweep]    5      1   1.50   1.50    211 |            6.00 |   29.2 | 34.27 | 2.43x
[blksweep]    5      1   1.50   1.50    212 |            6.00 |   27.0 | 36.97 | 2.62x
[blksweep]    5      1   1.50   1.50    213 |            4.00 |   43.3 | 23.09 | 1.63x
[blksweep]    5      1   1.50   1.50    214 |            6.00 |   29.8 | 33.57 | 2.38x
[blksweep]    5      1   1.50   1.50    215 |            6.00 |   28.5 | 35.06 | 2.48x
[blksweep]    5      1   1.50   1.50    216 |            6.00 |   28.3 | 35.36 | 2.50x
[blksweep]    5      1   1.50   1.50    217 |            6.00 |   29.6 | 33.81 | 2.39x
[blksweep]    5      1   1.50   1.50    218 |            2.67 |   37.6 | 26.59 | 1.88x
[blksweep]    5      1   1.50   1.50    219 |            6.00 |   29.3 | 34.19 | 2.42x
[blksweep]    5      1   1.50   1.50    220 |            6.00 |   28.6 | 34.96 | 2.47x
[blksweep]    5      1   1.50   1.50    221 |            4.00 |   43.1 | 23.22 | 1.64x
[blksweep]    5      1   1.50   1.50    222 |            6.00 |   28.2 | 35.51 | 2.51x
[blksweep]    5      1   1.50   1.50    223 |            6.00 |   28.3 | 35.35 | 2.50x
[blksweep]    5      1   1.50   1.50    224 |            6.00 |   29.7 | 33.63 | 2.38x
[blksweep]    5      1   1.50   1.50    225 |            6.00 |   29.7 | 33.66 | 2.38x
[blksweep]    5      1   1.50   1.50    226 |            4.00 |   40.9 | 24.44 | 1.73x
[blksweep]    5      1   1.50   1.50    227 |            6.00 |   29.9 | 33.46 | 2.37x
[blksweep]    5      1   1.50   1.50    228 |            6.00 |   27.9 | 35.88 | 2.54x
[blksweep]    5      1   1.50   1.50    229 |            6.00 |   28.7 | 34.79 | 2.46x
[blksweep]    5      1   1.50   1.50    230 |            6.00 |   27.8 | 35.91 | 2.54x
[blksweep]    5      1   1.50   1.50    231 |            4.00 |   41.9 | 23.85 | 1.69x
[blksweep]    5      1   1.50   1.50    232 |            6.00 |   29.4 | 33.97 | 2.40x
[blksweep]    5      1   1.50   1.50    233 |            6.00 |   29.2 | 34.27 | 2.43x
[blksweep]    5      1   1.50   1.50    234 |            6.00 |   29.6 | 33.80 | 2.39x
[blksweep]    5      1   1.50   1.50    235 |            6.00 |   28.7 | 34.87 | 2.47x
[blksweep]    5      1   1.50   1.50    236 |            6.00 |   28.4 | 35.24 | 2.49x
[blksweep]    5      1   1.50   1.50    237 |            6.00 |   28.4 | 35.22 | 2.49x
[blksweep]    5      1   1.50   1.50    238 |            1.14 |   99.0 | 10.10 | 0.72x
[blksweep]    5      1   1.50   1.50    239 |            6.00 |   29.8 | 33.58 | 2.38x
[blksweep]    5      1   1.50   1.50    240 |            6.00 |   29.0 | 34.50 | 2.44x
[blksweep]    5      1   1.50   1.50    241 |            5.00 |   29.7 | 33.65 | 2.38x
[blksweep]    5      1   1.50   1.50    242 |            6.00 |   28.2 | 35.50 | 2.51x
[blksweep]    5      1   1.50   1.50    243 |            6.00 |   28.2 | 35.51 | 2.51x
[blksweep]    5      1   1.50   1.50    244 |            6.00 |   28.5 | 35.13 | 2.49x
[blksweep]    5      1   1.50   1.50    245 |            6.00 |   28.5 | 35.03 | 2.48x
[blksweep]    5      1   1.50   1.50    246 |            5.50 |   32.9 | 30.38 | 2.15x
[blksweep]    5      1   1.50   1.50    247 |            6.00 |   29.0 | 34.45 | 2.44x
[blksweep]    5      1   1.50   1.50    248 |            6.00 |   29.1 | 34.31 | 2.43x
[blksweep]    5      1   1.50   1.50    249 |            6.00 |   29.3 | 34.13 | 2.42x
[blksweep]    5      1   1.50   1.50    250 |            1.50 |   71.9 | 13.91 | 0.98x
[blksweep]    5      1   1.50   1.50    251 |            6.00 |   27.5 | 36.41 | 2.58x
[blksweep]    5      1   1.50   1.50    252 |            6.00 |   29.1 | 34.35 | 2.43x
[blksweep]    5      1   1.50   1.50    253 |            2.67 |   49.4 | 20.24 | 1.43x
[blksweep]    5      1   1.50   1.50    254 |            2.20 |   54.0 | 18.51 | 1.31x
[blksweep]    5      1   1.50   1.50    255 |            6.00 |   29.5 | 33.90 | 2.40x
[blksweep]    5      1   1.50   1.50    256 |            2.67 |   42.3 | 23.64 | 1.67x
[blksweep]    5      1   1.50   1.50    257 |            5.50 |   30.8 | 32.46 | 2.30x
[blksweep]    5      1   1.50   1.50    258 |            6.00 |   29.8 | 33.51 | 2.37x
[blksweep]    5      1   1.50   1.50    259 |            6.00 |   29.6 | 33.84 | 2.39x
[blksweep]    5      1   1.50   1.50    260 |            6.00 |   30.8 | 32.48 | 2.30x
[blksweep]    5      1   1.50   1.50    261 |            6.00 |   29.7 | 33.62 | 2.38x
[blksweep]    5      1   1.50   1.50    262 |            6.00 |   29.7 | 33.62 | 2.38x
[blksweep]    5      1   1.50   1.50    263 |            6.00 |   28.3 | 35.38 | 2.50x
[blksweep]    5      1   1.50   1.50    264 |            4.50 |   40.8 | 24.49 | 1.73x
[blksweep]    5      1   1.50   1.50    265 |            6.00 |   28.7 | 34.82 | 2.46x
[blksweep]    5      1   1.50   1.50    266 |            4.00 |   34.1 | 29.37 | 2.08x
[blksweep]    5      1   1.50   1.50    267 |            6.00 |   28.3 | 35.31 | 2.50x
[blksweep]    5      1   1.50   1.50    268 |            6.00 |   29.3 | 34.19 | 2.42x
[blksweep]    5      1   1.50   1.50    269 |            2.00 |   52.9 | 18.91 | 1.34x
[blksweep]    5      1   1.50   1.50    270 |            6.00 |   27.1 | 36.97 | 2.62x
[blksweep]    5      1   1.50   1.50    271 |            6.00 |   27.9 | 35.80 | 2.53x
[blksweep]    5      1   1.50   1.50    272 |            4.00 |   42.1 | 23.76 | 1.68x
[blksweep]    5      1   1.50   1.50    273 |            6.00 |   28.9 | 34.66 | 2.45x
[blksweep]    5      1   1.50   1.50    274 |            4.50 |   35.6 | 28.10 | 1.99x
[blksweep]    5      1   1.50   1.50    275 |            2.67 |   50.4 | 19.84 | 1.40x
[blksweep]    5      1   1.50   1.50    276 |            6.00 |   28.3 | 35.39 | 2.50x
[blksweep]    5      1   1.50   1.50    277 |            6.00 |   29.5 | 33.92 | 2.40x
[blksweep]    5      1   1.50   1.50    278 |            6.00 |   29.1 | 34.33 | 2.43x
[blksweep]    5      1   1.50   1.50    279 |            6.00 |   28.0 | 35.71 | 2.53x
[blksweep]    5      1   1.50   1.50    280 |            6.00 |   29.4 | 34.04 | 2.41x
[blksweep]    5      1   1.50   1.50    281 |            6.00 |   29.1 | 34.33 | 2.43x
[blksweep]    5      1   1.50   1.50    282 |            6.00 |   27.5 | 36.35 | 2.57x
[blksweep]    5      1   1.50   1.50    283 |            6.00 |   28.3 | 35.34 | 2.50x
[blksweep]    5      1   1.50   1.50    284 |            6.00 |   29.8 | 33.53 | 2.37x
[blksweep]    5      1   1.50   1.50    285 |            6.00 |   27.4 | 36.49 | 2.58x
[blksweep]    5      1   1.50   1.50    286 |            6.00 |   29.3 | 34.13 | 2.42x
[blksweep]    5      1   1.50   1.50    287 |            6.00 |   29.8 | 33.51 | 2.37x
[blksweep]    5      1   1.50   1.50    288 |            1.80 |   93.2 | 10.72 | 0.76x
[blksweep]    5      1   1.50   1.50    289 |            2.00 |   56.3 | 17.77 | 1.26x
[blksweep]    5      1   1.50   1.50    290 |            6.00 |   28.1 | 35.57 | 2.52x
[blksweep]    5      1   1.50   1.50    291 |            5.50 |   30.3 | 32.98 | 2.33x
[blksweep]    5      1   1.50   1.50    292 |            6.00 |   27.8 | 35.95 | 2.54x
[blksweep]    5      1   1.50   1.50    293 |            6.00 |   28.6 | 34.96 | 2.47x
[blksweep]    5      1   1.50   1.50    294 |            6.00 |   29.4 | 34.04 | 2.41x
[blksweep]    5      1   1.50   1.50    295 |            6.00 |   29.7 | 33.65 | 2.38x
[blksweep]    5      1   1.50   1.50    296 |            6.00 |   28.5 | 35.03 | 2.48x
[blksweep]    5      1   1.50   1.50    297 |            4.50 |   29.8 | 33.52 | 2.37x
[blksweep]    5      1   1.50   1.50    298 |            5.00 |   29.4 | 33.99 | 2.41x
[blksweep]    5      1   1.50   1.50    299 |            4.50 |   30.7 | 32.53 | 2.30x
[blksweep]    5      1   1.50   1.50    300 |            6.00 |   27.1 | 36.94 | 2.61x
[blksweep]    5      1   1.50   1.50    301 |            6.00 |   29.1 | 34.32 | 2.43x
[blksweep]    5      1   1.50   1.50    302 |            6.00 |   30.1 | 33.23 | 2.35x
[blksweep]    5      1   1.50   1.50    303 |            6.00 |   29.0 | 34.47 | 2.44x
[blksweep]    5      1   1.50   1.50    304 |            6.00 |   29.4 | 34.04 | 2.41x
[blksweep]    5      1   1.50   1.50    305 |            6.00 |   29.4 | 34.02 | 2.41x
[blksweep]    5      1   1.50   1.50    306 |            6.00 |   31.3 | 31.92 | 2.26x
[blksweep]    5      1   1.50   1.50    307 |            6.00 |   28.4 | 35.19 | 2.49x
[blksweep]    5      1   1.50   1.50    308 |            6.00 |   29.1 | 34.35 | 2.43x
[blksweep]    5      1   1.50   1.50    309 |            6.00 |   26.9 | 37.13 | 2.63x
[blksweep]    5      1   1.50   1.50    310 |            6.00 |   28.0 | 35.77 | 2.53x
[blksweep]    5      1   1.50   1.50    311 |            6.00 |   29.9 | 33.40 | 2.36x
[blksweep]    5      1   1.50   1.50    312 |            6.00 |   27.9 | 35.82 | 2.54x
[blksweep]    5      1   1.50   1.50    313 |            4.00 |   33.1 | 30.22 | 2.14x
[blksweep]    5      1   1.50   1.50    314 |            1.80 |   65.5 | 15.27 | 1.08x
[blksweep]    5      1   1.50   1.50    315 |            6.00 |   29.7 | 33.65 | 2.38x
[blksweep]    5      1   1.50   1.50    316 |            6.00 |   29.8 | 33.55 | 2.37x
[blksweep]    5      1   1.50   1.50    317 |            6.00 |   28.0 | 35.65 | 2.52x
[blksweep]    5      1   1.50   1.50    318 |            6.00 |   27.5 | 36.37 | 2.57x
[blksweep]    5      1   1.50   1.50    319 |            6.00 |   28.9 | 34.64 | 2.45x
[blksweep]    5      1   1.50   1.50    320 |            6.00 |   29.8 | 33.57 | 2.38x
[blksweep]    5      1   1.50   1.50    321 |            3.00 |   45.5 | 21.99 | 1.56x
[blksweep]    5      1   1.50   1.50    322 |            6.00 |   28.4 | 35.19 | 2.49x
[blksweep]    5      1   1.50   1.50    323 |            2.25 |   70.6 | 14.16 | 1.00x
[blksweep]    5      1   1.50   1.50    324 |            6.00 |   28.6 | 34.95 | 2.47x
[blksweep]    5      1   1.50   1.50    325 |            6.00 |   29.7 | 33.66 | 2.38x
[blksweep]    5      1   1.50   1.50    326 |            5.50 |   28.5 | 35.06 | 2.48x
[blksweep]    5      1   1.50   1.50    327 |            6.00 |   28.7 | 34.81 | 2.46x
[blksweep]    5      1   1.50   1.50    328 |            2.75 |   53.5 | 18.68 | 1.32x
[blksweep]    5      1   1.50   1.50    329 |            6.00 |   27.8 | 35.96 | 2.54x
[blksweep]    5      1   1.50   1.50    330 |            1.80 |   58.0 | 17.24 | 1.22x
[blksweep]    5      1   1.50   1.50    331 |            6.00 |   29.1 | 34.33 | 2.43x
[blksweep]    5      1   1.50   1.50    332 |            6.00 |   28.8 | 34.67 | 2.45x
[blksweep]    5      1   1.50   1.50    333 |            6.00 |   27.9 | 35.80 | 2.53x
[blksweep]    5      1   1.50   1.50    334 |            6.00 |   29.4 | 33.98 | 2.41x
[blksweep]    5      1   1.50   1.50    335 |            6.00 |   29.2 | 34.27 | 2.43x
[blksweep]    5      1   1.50   1.50    336 |            6.00 |   28.3 | 35.28 | 2.50x
[blksweep]    5      1   1.50   1.50    337 |            6.00 |   29.0 | 34.45 | 2.44x
[blksweep]    5      1   1.50   1.50    338 |            6.00 |   29.5 | 33.89 | 2.40x
[blksweep]    5      1   1.50   1.50    339 |            5.50 |   27.8 | 35.99 | 2.55x
[blksweep]    5      1   1.50   1.50    340 |            5.50 |   30.2 | 33.13 | 2.34x
[blksweep]    5      1   1.50   1.50    341 |            6.00 |   29.6 | 33.80 | 2.39x
[blksweep]    5      1   1.50   1.50    342 |            5.00 |   33.9 | 29.47 | 2.09x
[blksweep]    5      1   1.50   1.50    343 |            6.00 |   29.7 | 33.65 | 2.38x
[blksweep]    5      1   1.50   1.50    344 |            6.00 |   29.7 | 33.69 | 2.38x
[blksweep]    5      1   1.50   1.50    345 |            4.00 |   44.7 | 22.39 | 1.58x
[blksweep]    5      1   1.50   1.50    346 |            6.00 |   29.0 | 34.45 | 2.44x
[blksweep]    5      1   1.50   1.50    347 |            6.00 |   27.8 | 35.94 | 2.54x
[blksweep]    5      1   1.50   1.50    348 |            6.00 |   28.5 | 35.13 | 2.49x
[blksweep]    5      1   1.50   1.50    349 |            5.00 |   37.0 | 27.00 | 1.91x
[blksweep]    5      1   1.50   1.50    350 |            6.00 |   28.5 | 35.04 | 2.48x
[blksweep]    5      1   1.50   1.50    351 |            6.00 |   31.8 | 31.48 | 2.23x
[blksweep]    5      1   1.50   1.50    352 |            6.00 |   28.4 | 35.27 | 2.50x
[blksweep]    5      1   1.50   1.50    353 |            5.00 |   29.0 | 34.43 | 2.44x
[blksweep]    5      1   1.50   1.50    354 |            4.00 |   34.5 | 28.98 | 2.05x
[blksweep]    5      1   1.50   1.50    355 |            5.50 |   30.5 | 32.76 | 2.32x
[blksweep]    5      1   1.50   1.50    356 |            6.00 |   29.3 | 34.15 | 2.42x
[blksweep]    5      1   1.50   1.50    357 |            3.67 |   44.3 | 22.55 | 1.60x
[blksweep]    5      1   1.50   1.50    358 |            6.00 |   28.4 | 35.24 | 2.49x
[blksweep]    5      1   1.50   1.50    359 |            6.00 |   28.9 | 34.58 | 2.45x
[blksweep]    5      1   1.50   1.50    360 |            6.00 |   28.4 | 35.19 | 2.49x
[blksweep]    5      1   1.50   1.50    361 |            6.00 |   29.1 | 34.38 | 2.43x
[blksweep]    5      1   1.50   1.50    362 |            4.50 |   39.3 | 25.47 | 1.80x
[blksweep]    5      1   1.50   1.50    363 |            6.00 |   28.8 | 34.70 | 2.46x
[blksweep]    5      1   1.50   1.50    364 |            6.00 |   28.9 | 34.59 | 2.45x
[blksweep]    5      1   1.50   1.50    365 |            6.00 |   29.1 | 34.40 | 2.43x
[blksweep]    5      1   1.50   1.50    366 |            6.00 |   28.0 | 35.77 | 2.53x
[blksweep]    5      1   1.50   1.50    367 |            6.00 |   30.4 | 32.95 | 2.33x
[blksweep]    5      1   1.50   1.50    368 |            4.33 |   29.0 | 34.45 | 2.44x
[blksweep]    5      1   1.50   1.50    369 |            6.00 |   28.1 | 35.57 | 2.52x
[blksweep]    5      1   1.50   1.50    370 |            3.00 |   39.5 | 25.33 | 1.79x
[blksweep]    5      1   1.50   1.50    371 |            6.00 |   28.7 | 34.79 | 2.46x
[blksweep]    5      1   1.50   1.50    372 |            6.00 |   29.2 | 34.26 | 2.42x
[blksweep]    5      1   1.50   1.50    373 |            3.67 |   39.3 | 25.42 | 1.80x
[blksweep]    5      1   1.50   1.50    374 |            4.33 |   50.5 | 19.79 | 1.40x
[blksweep]    5      1   1.50   1.50    375 |            6.00 |   27.6 | 36.19 | 2.56x
[blksweep]    5      1   1.50   1.50    376 |            6.00 |   29.8 | 33.53 | 2.37x
[blksweep]    5      1   1.50   1.50    377 |            6.00 |   28.0 | 35.69 | 2.53x
[blksweep]    5      1   1.50   1.50    378 |            6.00 |   27.9 | 35.79 | 2.53x
[blksweep]    5      1   1.50   1.50    379 |            6.00 |   28.4 | 35.20 | 2.49x
[blksweep]    5      1   1.50   1.50    380 |            4.50 |   28.4 | 35.19 | 2.49x
[blksweep]    5      1   1.50   1.50    381 |            6.00 |   27.7 | 36.14 | 2.56x
[blksweep]    5      1   1.50   1.50    382 |            2.25 |   78.7 | 12.71 | 0.90x
[blksweep]    5      1   1.50   1.50    383 |            5.50 |   30.5 | 32.76 | 2.32x
[blksweep]    5      1   1.50   1.50    384 |            6.00 |   28.3 | 35.32 | 2.50x
[blksweep]    5      1   1.50   1.50    385 |            5.00 |   29.6 | 33.73 | 2.39x
[blksweep]    5      1   1.50   1.50    386 |            6.00 |   29.3 | 34.13 | 2.42x
[blksweep]    5      1   1.50   1.50    387 |            5.50 |   28.3 | 35.33 | 2.50x
[blksweep]    5      1   1.50   1.50    388 |            6.00 |   29.4 | 34.05 | 2.41x
[blksweep]    5      1   1.50   1.50    389 |            6.00 |   28.2 | 35.44 | 2.51x
[blksweep]    5      1   1.50   1.50    390 |            5.50 |   30.6 | 32.70 | 2.31x
[blksweep]    5      1   1.50   1.50    391 |            6.00 |   28.3 | 35.32 | 2.50x
[blksweep]    5      1   1.50   1.50    392 |            6.00 |   30.0 | 33.38 | 2.36x
[blksweep]    5      1   1.50   1.50    393 |            2.25 |   61.7 | 16.21 | 1.15x
[blksweep]    5      1   1.50   1.50    394 |            6.00 |   29.3 | 34.10 | 2.41x
[blksweep]    5      1   1.50   1.50    395 |            6.00 |   29.7 | 33.72 | 2.39x
[blksweep]    5      1   1.50   1.50    396 |            6.00 |   29.2 | 34.24 | 2.42x
[blksweep]    5      1   1.50   1.50    397 |            6.00 |   27.5 | 36.34 | 2.57x
[blksweep]    5      1   1.50   1.50    398 |            6.00 |   28.8 | 34.72 | 2.46x
[blksweep]    5      1   1.50   1.50    399 |            6.00 |   27.5 | 36.35 | 2.57x
[blksweep]    5      1   1.50   1.50    400 |            6.00 |   31.3 | 31.99 | 2.26x
[blksweep]    5      1   1.50   1.50    401 |            6.00 |   28.9 | 34.65 | 2.45x
[blksweep]    5      1   1.50   1.50    402 |            3.00 |   40.9 | 24.47 | 1.73x
[blksweep]    5      1   1.50   1.50    403 |            6.00 |   28.7 | 34.89 | 2.47x
[blksweep]    5      1   1.50   1.50    404 |            6.00 |   28.4 | 35.25 | 2.49x
[blksweep]    5      1   1.50   1.50    405 |            6.00 |   27.7 | 36.06 | 2.55x
[blksweep]    5      1   1.50   1.50    406 |            6.00 |   28.4 | 35.24 | 2.49x
[blksweep]    5      1   1.50   1.50    407 |            4.00 |   31.4 | 31.83 | 2.25x
[blksweep]    5      1   1.50   1.50    408 |            6.00 |   29.0 | 34.44 | 2.44x
[blksweep]    5      1   1.50   1.50    409 |            6.00 |   29.5 | 33.88 | 2.40x
[blksweep]    5      1   1.50   1.50    410 |            2.67 |  170.1 |  5.88 | 0.42x
[blksweep]    5      1   1.50   1.50    411 |            6.00 |   29.5 | 33.87 | 2.40x
[blksweep]    5      1   1.50   1.50    412 |            4.00 |   34.2 | 29.22 | 2.07x
[blksweep]    5      1   1.50   1.50    413 |            6.00 |   29.2 | 34.24 | 2.42x
[blksweep]    5      1   1.50   1.50    414 |            4.50 |   41.2 | 24.25 | 1.72x
[blksweep]    5      1   1.50   1.50    415 |            4.00 |   33.7 | 29.65 | 2.10x
[blksweep]    5      1   1.50   1.50    416 |            6.00 |   30.9 | 32.31 | 2.29x
[blksweep]    5      1   1.50   1.50    417 |            6.00 |   27.6 | 36.17 | 2.56x
[blksweep]    5      1   1.50   1.50    418 |            6.00 |   29.7 | 33.70 | 2.39x
[blksweep]    5      1   1.50   1.50    419 |            6.00 |   29.8 | 33.55 | 2.37x
[blksweep]    5      1   1.50   1.50    420 |            4.00 |   41.8 | 23.93 | 1.69x
[blksweep]    5      1   1.50   1.50    421 |            6.00 |   28.5 | 35.12 | 2.49x
[blksweep]    5      1   1.50   1.50    422 |            6.00 |   28.7 | 34.89 | 2.47x
[blksweep]    5      1   1.50   1.50    423 |            6.00 |   29.6 | 33.74 | 2.39x
[blksweep]    5      1   1.50   1.50    424 |            6.00 |   29.2 | 34.22 | 2.42x
[blksweep]    5      1   1.50   1.50    425 |            6.00 |   28.2 | 35.52 | 2.51x
[blksweep]    5      1   1.50   1.50    426 |            6.00 |   28.9 | 34.60 | 2.45x
[blksweep]    5      1   1.50   1.50    427 |            4.50 |   34.7 | 28.85 | 2.04x
[blksweep]    5      1   1.50   1.50    428 |            4.33 |   40.2 | 24.89 | 1.76x
[blksweep]    5      1   1.50   1.50    429 |            6.00 |   28.4 | 35.25 | 2.50x
[blksweep]    5      1   1.50   1.50    430 |            6.00 |   28.1 | 35.54 | 2.52x
[blksweep]    5      1   1.50   1.50    431 |            6.00 |   29.0 | 34.50 | 2.44x
[blksweep]    5      1   1.50   1.50    432 |            6.00 |   30.7 | 32.57 | 2.31x
[blksweep]    5      1   1.50   1.50    433 |            6.00 |   28.5 | 35.06 | 2.48x
[blksweep]    5      1   1.50   1.50    434 |            4.50 |   34.5 | 28.95 | 2.05x
[blksweep]    5      1   1.50   1.50    435 |            5.00 |   34.9 | 28.67 | 2.03x
[blksweep]    5      1   1.50   1.50    436 |            5.00 |   28.8 | 34.74 | 2.46x
[blksweep]    5      1   1.50   1.50    437 |            6.00 |   29.6 | 33.76 | 2.39x
[blksweep]    5      1   1.50   1.50    438 |            6.00 |   27.9 | 35.80 | 2.53x
[blksweep]    5      1   1.50   1.50    439 |            6.00 |   28.6 | 34.99 | 2.48x
[blksweep]    5      1   1.50   1.50    440 |            6.00 |   29.9 | 33.40 | 2.36x
[blksweep]    5      1   1.50   1.50    441 |            6.00 |   26.8 | 37.28 | 2.64x
[blksweep]    5      1   1.50   1.50    442 |            6.00 |   29.7 | 33.70 | 2.39x
[blksweep]    5      1   1.50   1.50    443 |            6.00 |   29.7 | 33.71 | 2.39x
[blksweep]    5      1   1.50   1.50    444 |            6.00 |   28.7 | 34.88 | 2.47x
[blksweep]    5      1   1.50   1.50    445 |            6.00 |   30.6 | 32.68 | 2.31x
[blksweep]    5      1   1.50   1.50    446 |            6.00 |   27.6 | 36.19 | 2.56x
[blksweep]    5      1   1.50   1.50    447 |            4.00 |   41.0 | 24.38 | 1.73x
[blksweep]    5      1   1.50   1.50    448 |            5.50 |   32.4 | 30.83 | 2.18x
[blksweep]    5      1   1.50   1.50    449 |            5.00 |   38.5 | 25.98 | 1.84x
[blksweep]    5      1   1.50   1.50    450 |            6.00 |   28.6 | 34.91 | 2.47x
[blksweep]    5      1   1.50   1.50    451 |            3.00 |   48.8 | 20.49 | 1.45x
[blksweep]    5      1   1.50   1.50    452 |            6.00 |   28.5 | 35.14 | 2.49x
[blksweep]    5      1   1.50   1.50    453 |            6.00 |   28.7 | 34.83 | 2.46x
[blksweep]    5      1   1.50   1.50    454 |            6.00 |   28.1 | 35.53 | 2.51x
[blksweep]    5      1   1.50   1.50    455 |            6.00 |   30.0 | 33.33 | 2.36x
[blksweep]    5      1   1.50   1.50    456 |            6.00 |   27.1 | 36.86 | 2.61x
[blksweep]    5      1   1.50   1.50    457 |            2.67 |   55.8 | 17.93 | 1.27x
[blksweep]    5      1   1.50   1.50    458 |            1.80 |   55.1 | 18.15 | 1.28x
[blksweep]    5      1   1.50   1.50    459 |            6.00 |   29.7 | 33.63 | 2.38x
[blksweep]    5      1   1.50   1.50    460 |            6.00 |   29.8 | 33.60 | 2.38x
[blksweep]    5      1   1.50   1.50    461 |            4.50 |   35.7 | 28.03 | 1.98x
[blksweep]    5      1   1.50   1.50    462 |            4.00 |   40.7 | 24.58 | 1.74x
[blksweep]    5      1   1.50   1.50    463 |            6.00 |   27.2 | 36.83 | 2.61x
[blksweep]    5      1   1.50   1.50    464 |            6.00 |   28.6 | 34.97 | 2.48x
[blksweep]    5      1   1.50   1.50    465 |            6.00 |   27.4 | 36.49 | 2.58x
[blksweep]    5      1   1.50   1.50    466 |            6.00 |   29.0 | 34.48 | 2.44x
[blksweep]    5      1   1.50   1.50    467 |            6.00 |   28.8 | 34.68 | 2.45x
[blksweep]    5      1   1.50   1.50    468 |            6.00 |   30.0 | 33.30 | 2.36x
[blksweep]    5      1   1.50   1.50    469 |            6.00 |   27.4 | 36.48 | 2.58x
[blksweep]    5      1   1.50   1.50    470 |            6.00 |   29.3 | 34.09 | 2.41x
[blksweep]    5      1   1.50   1.50    471 |            6.00 |   27.7 | 36.05 | 2.55x
[blksweep]    5      1   1.50   1.50    472 |            5.50 |   28.7 | 34.82 | 2.46x
[blksweep]    5      1   1.50   1.50    473 |            6.00 |   29.1 | 34.34 | 2.43x
[blksweep]    5      1   1.50   1.50    474 |            6.00 |   29.5 | 33.87 | 2.40x
[blksweep]    5      1   1.50   1.50    475 |            6.00 |   30.6 | 32.67 | 2.31x
[blksweep]    5      1   1.50   1.50    476 |            6.00 |   29.5 | 33.88 | 2.40x
[blksweep]    5      1   1.50   1.50    477 |            6.00 |   28.7 | 34.88 | 2.47x
[blksweep]    5      1   1.50   1.50    478 |            6.00 |   28.8 | 34.77 | 2.46x
[blksweep]    5      1   1.50   1.50    479 |            6.00 |   27.4 | 36.48 | 2.58x
[blksweep]    5      1   1.50   1.50    480 |            6.00 |   29.3 | 34.14 | 2.42x
[blksweep]    5      1   1.50   1.50    481 |            6.00 |   29.9 | 33.49 | 2.37x
[blksweep]    5      1   1.50   1.50    482 |            5.00 |   30.6 | 32.73 | 2.32x
[blksweep]    5      1   1.50   1.50    483 |            6.00 |   26.8 | 37.32 | 2.64x
[blksweep]    5      1   1.50   1.50    484 |            4.00 |   44.9 | 22.29 | 1.58x
[blksweep]    5      1   1.50   1.50    485 |            6.00 |   29.7 | 33.63 | 2.38x
[blksweep]    5      1   1.50   1.50    486 |            6.00 |   29.5 | 33.85 | 2.40x
[blksweep]    5      1   1.50   1.50    487 |            6.00 |   27.3 | 36.60 | 2.59x
[blksweep]    5      1   1.50   1.50    488 |            6.00 |   28.3 | 35.32 | 2.50x
[blksweep]    5      1   1.50   1.50    489 |            6.00 |   29.0 | 34.52 | 2.44x
[blksweep]    5      1   1.50   1.50    490 |            6.00 |   32.3 | 31.01 | 2.19x
[blksweep]    5      1   1.50   1.50    491 |            4.00 |   28.0 | 35.70 | 2.53x
[decode] mem 121.7/122.8 GiB
