[decode] loading /home/patrickd/models/ckpt-head-s3recap-p25-b0.1 ... s=6 NDEC=8 seqmax=304
[decode] loaded 100.40 GiB, 45821 tensors  (weights in MANAGED device-preferred memory)
[decode] KV layout: fp32, 2048 B/row, 0.025 GiB for 304 rows x 43 layers
[decode] building 43 layer structs once (persistent)...
[decode] structs built. mem 107.2/122.8 GiB
[decode] prefill 5 positions...
[f32mk] tile 4x4 (DSV4_F32MK_TILE=unset)
[decode] PREFILL: 5 positions in 203.6 ms = 24.6 tok/s (40.712 ms/tok)
[decode] prefill done. caches populated. starting decode.
  step 0 pos 5 -> token 11111  (70.9 ms warmup)
  step 1 pos 6 -> token 16  (70.7 ms)
  step 2 pos 7 -> token 455  (76.9 ms)
  step 3 pos 8 -> token 6102  (70.9 ms)
  step 4 pos 9 -> token 294  (71.2 ms)
  step 5 pos 10 -> token 16603  (66.7 ms)
  step 6 pos 11 -> token 344  (74.2 ms)
  step 7 pos 12 -> token 29168  (66.7 ms)

[decode] first decoded token argmax = 11111  (expect 11111)  -> GATE PASS
[decode] generated: 11111 16 455 6102 294 16603 344 29168
[decode] WARM decode: 71.0 ms/tok = 14.08 tok/s  (M=1 steady state, 7-step avg)

[spec-verify] M=5 verify in ONE forward: 115.3 ms (= 23.1 ms/tok if all accepted vs 71.0 M=1 -> 3.08x)
[spec-verify] verify argmax: 11111 16 455 6102 294
[spec-verify] decode tokens: 11111 16 455 6102 294
[spec-verify] MATCH 5/5 -> PASS  (M=K verify == K sequential decodes; diffs = MoE-atomic near-ties)

[spec] using EMBEDDED DSpark heads from the main checkpoint (no extra memory)
[spec] NSTAGE=3 head-experts=160 BLK sweep: 4 4 4 4 4 4 4 4 4 5 5 5 5 5 5 5 5 5 6 6 6 6 6 6 6 6 6 7 7 7 7 7 7 7 7 7 8 8 8 8 8 8 8 8 8 9 9 9 9 9 9 9 9 9 10 10 10 10 10 10 10 10 10 12 12 12 12 12 12 12 12 12
[spec] head built. mem 108.2/122.8 GiB
[decode] PREFILL: 5 positions in 129.0 ms = 38.8 tok/s (25.793 ms/tok)
[spec] decoding 200 tokens (block=4, draft passes=1, adaptK=1.50, prompt=0 s=6)...
[arena] first draft: draft footprint 207.11 MB, global hwm 207.11 MB / cap 512.00 MB (40.5%), draft path = ARENA
  [margins] 1.66 1.19 0.46 0.87  K=2
  verify 1: accepted 1/1 (K=2) + correction -> +2 tokens (94.5 ms)  cpos=7
  [margins] 0.71 1.28 0.15 0.43  K=2
  verify 2: accepted 0/1 (K=2) + correction -> +1 tokens (101.6 ms)  cpos=8
  [margins] 0.78 0.97 1.11 0.03  K=2
  verify 3: accepted 1/1 (K=2) + correction -> +2 tokens (94.7 ms)  cpos=10
  [margins] 2.85 0.06 5.95 0.11  K=2
  verify 4: accepted 0/1 (K=2) + correction -> +1 tokens (95.8 ms)  cpos=11
  [margins] 6.78 0.22 0.63 1.32  K=2
  verify 5: accepted 1/1 (K=2) + correction -> +2 tokens (96.7 ms)  cpos=13
  [margins] 4.42 2.33 5.39 2.09  K=5
  verify 6: accepted 4/4 (K=5) + correction -> +5 tokens (136.9 ms)  cpos=18
  [margins] 5.28 2.38 3.19 0.69  K=4
  verify 7: accepted 1/3 (K=4) + correction -> +2 tokens (123.4 ms)  cpos=20
  [margins] 2.59 2.50 5.45 2.77  K=5
  verify 8: accepted 4/4 (K=5) + correction -> +5 tokens (138.5 ms)  cpos=25
  [margins] 6.58 2.06 3.31 2.37  K=5
  verify 9: accepted 1/4 (K=5) + correction -> +2 tokens (138.2 ms)  cpos=27
  [margins] 3.77 3.54 6.91 2.82  K=5
  verify 10: accepted 4/4 (K=5) + correction -> +5 tokens (143.9 ms)  cpos=32
  [margins] 7.31 0.51 3.76 0.90  K=2
  verify 11: accepted 1/1 (K=2) + correction -> +2 tokens (94.6 ms)  cpos=34
  [margins] 2.15 3.92 5.66 1.77  K=5
  verify 12: accepted 4/4 (K=5) + correction -> +5 tokens (138.8 ms)  cpos=39
  [margins] 4.48 0.07 5.13 2.69  K=2
  verify 13: accepted 1/1 (K=2) + correction -> +2 tokens (98.2 ms)  cpos=41
  [margins] 3.68 3.48 6.52 1.57  K=5
  verify 14: accepted 4/4 (K=5) + correction -> +5 tokens (138.2 ms)  cpos=46
  [margins] 1.79 0.51 3.95 1.55  K=2
  verify 15: accepted 1/1 (K=2) + correction -> +2 tokens (99.1 ms)  cpos=48
  [margins] 0.46 0.12 1.18 2.06  K=2
  verify 16: accepted 0/1 (K=2) + correction -> +1 tokens (95.4 ms)  cpos=49
  [margins] 6.28 4.60 3.16 5.47  K=5
  verify 17: accepted 4/4 (K=5) + correction -> +5 tokens (141.5 ms)  cpos=54
  [margins] 2.87 1.85 6.78 0.08  K=4
  verify 18: accepted 3/3 (K=4) + correction -> +4 tokens (124.6 ms)  cpos=58
  [margins] 0.88 5.23 4.69 6.50  K=5
  verify 19: accepted 0/4 (K=5) + correction -> +1 tokens (139.7 ms)  cpos=59
  [margins] 5.98 5.21 6.78 0.54  K=4
  verify 20: accepted 3/3 (K=4) + correction -> +4 tokens (127.0 ms)  cpos=63
  [margins] 0.44 0.87 6.85 0.31  K=2
  verify 21: accepted 0/1 (K=2) + correction -> +1 tokens (100.0 ms)  cpos=64
  [margins] 6.73 0.80 2.84 1.38  K=2
  verify 22: accepted 1/1 (K=2) + correction -> +2 tokens (96.2 ms)  cpos=66
  [margins] 4.66 5.48 5.16 2.67  K=5
  verify 23: accepted 4/4 (K=5) + correction -> +5 tokens (141.1 ms)  cpos=71
  [margins] 6.90 0.90 1.73 1.38  K=2
  verify 24: accepted 1/1 (K=2) + correction -> +2 tokens (100.3 ms)  cpos=73
  [margins] 5.35 6.05 6.81 3.88  K=5
  verify 25: accepted 4/4 (K=5) + correction -> +5 tokens (142.4 ms)  cpos=78
  [margins] 6.04 0.91 0.61 4.31  K=2
  verify 26: accepted 1/1 (K=2) + correction -> +2 tokens (102.0 ms)  cpos=80
  [margins] 5.27 6.33 6.23 2.87  K=5
  verify 27: accepted 4/4 (K=5) + correction -> +5 tokens (141.4 ms)  cpos=85
  [margins] 7.94 0.89 1.88 4.17  K=2
  verify 28: accepted 1/1 (K=2) + correction -> +2 tokens (97.3 ms)  cpos=87
  [margins] 6.08 4.17 7.56 1.90  K=5
  verify 29: accepted 4/4 (K=5) + correction -> +5 tokens (148.1 ms)  cpos=92
  [margins] 7.57 1.71 0.99 2.88  K=3
  verify 30: accepted 1/2 (K=3) + correction -> +2 tokens (110.1 ms)  cpos=94
  [margins] 5.02 4.66 6.25 2.91  K=5
  verify 31: accepted 4/4 (K=5) + correction -> +5 tokens (143.7 ms)  cpos=99
  [margins] 5.52 1.60 0.17 2.19  K=3
  verify 32: accepted 1/2 (K=3) + correction -> +2 tokens (116.1 ms)  cpos=101
  [margins] 6.69 5.20 6.14 0.83  K=4
  verify 33: accepted 3/3 (K=4) + correction -> +4 tokens (129.5 ms)  cpos=105
  [margins] 1.55 7.41 0.97 4.47  K=3
  verify 34: accepted 2/2 (K=3) + correction -> +3 tokens (116.2 ms)  cpos=108
  [margins] 7.07 4.19 7.55 2.97  K=5
  verify 35: accepted 4/4 (K=5) + correction -> +5 tokens (143.2 ms)  cpos=113
  [margins] 7.62 1.61 0.68 3.96  K=3
  verify 36: accepted 1/2 (K=3) + correction -> +2 tokens (114.7 ms)  cpos=115
  [margins] 3.16 2.12 7.81 1.96  K=5
  verify 37: accepted 4/4 (K=5) + correction -> +5 tokens (149.3 ms)  cpos=120
  [margins] 7.48 1.66 0.11 4.75  K=3
  verify 38: accepted 1/2 (K=3) + correction -> +2 tokens (111.3 ms)  cpos=122
  [margins] 6.19 3.28 6.55 3.99  K=5
  verify 39: accepted 4/4 (K=5) + correction -> +5 tokens (145.2 ms)  cpos=127
  [margins] 8.11 1.03 0.18 3.99  K=2
  verify 40: accepted 1/1 (K=2) + correction -> +2 tokens (118.3 ms)  cpos=129
  [margins] 8.46 6.96 9.29 1.56  K=5
  verify 41: accepted 4/4 (K=5) + correction -> +5 tokens (143.5 ms)  cpos=134
  [margins] 6.67 1.96 0.98 0.98  K=3
  verify 42: accepted 1/2 (K=3) + correction -> +2 tokens (117.6 ms)  cpos=136
  [margins] 8.46 5.44 5.32 2.00  K=5
  verify 43: accepted 4/4 (K=5) + correction -> +5 tokens (142.5 ms)  cpos=141
  [margins] 5.43 6.98 4.80 1.16  K=4
  verify 44: accepted 3/3 (K=4) + correction -> +4 tokens (130.5 ms)  cpos=145
  [margins] 5.56 5.43 7.65 2.20  K=5
  verify 45: accepted 4/4 (K=5) + correction -> +5 tokens (142.0 ms)  cpos=150
  [margins] 6.58 0.99 0.40 4.77  K=2
  verify 46: accepted 1/1 (K=2) + correction -> +2 tokens (103.4 ms)  cpos=152
  [margins] 15.04 3.06 7.62 7.12  K=5
  verify 47: accepted 1/4 (K=5) + correction -> +2 tokens (141.8 ms)  cpos=154
  [margins] 4.09 8.06 8.26 4.59  K=5
  verify 48: accepted 4/4 (K=5) + correction -> +5 tokens (142.0 ms)  cpos=159
  [margins] 3.92 0.29 0.22 1.61  K=2
  verify 49: accepted 1/1 (K=2) + correction -> +2 tokens (103.5 ms)  cpos=161
  [margins] 9.41 6.82 7.59 8.58  K=5
  verify 50: accepted 4/4 (K=5) + correction -> +5 tokens (145.0 ms)  cpos=166
  [margins] 3.33 7.31 2.20 1.38  K=4
  verify 51: accepted 3/3 (K=4) + correction -> +4 tokens (129.4 ms)  cpos=170
  [margins] 7.67 6.35 5.01 0.70  K=4
  verify 52: accepted 3/3 (K=4) + correction -> +4 tokens (129.7 ms)  cpos=174
  [margins] 3.97 1.99 0.40 4.61  K=3
  verify 53: accepted 1/2 (K=3) + correction -> +2 tokens (115.6 ms)  cpos=176
  [margins] 4.37 5.90 7.01 2.14  K=5
  verify 54: accepted 4/4 (K=5) + correction -> +5 tokens (142.2 ms)  cpos=181
  [margins] 6.39 1.69 0.93 1.66  K=3
  verify 55: accepted 1/2 (K=3) + correction -> +2 tokens (116.2 ms)  cpos=183
  [margins] 4.24 6.36 9.09 1.78  K=5
  verify 56: accepted 4/4 (K=5) + correction -> +5 tokens (149.5 ms)  cpos=188
  [margins] 1.14 0.49 1.65 0.12  K=2
  verify 57: accepted 1/1 (K=2) + correction -> +2 tokens (100.2 ms)  cpos=190
  [margins] 9.57 2.16 0.30 0.57  K=3
  verify 58: accepted 1/2 (K=3) + correction -> +2 tokens (116.6 ms)  cpos=192
  [margins] 6.61 3.08 7.11 6.85  K=5
  verify 59: accepted 4/4 (K=5) + correction -> +5 tokens (141.9 ms)  cpos=197
  [margins] 11.54 0.44 5.78 0.03  K=2
  verify 60: accepted 1/1 (K=2) + correction -> +2 tokens (100.7 ms)  cpos=199
  [margins] 3.47 0.32 1.31 1.26  K=2
  verify 61: accepted 1/1 (K=2) + correction -> +2 tokens (104.7 ms)  cpos=201
  [margins] 5.07 7.59 8.51 8.28  K=5
  verify 62: accepted 4/4 (K=5) + correction -> +5 tokens (142.7 ms)  cpos=206

[spec] generated 201 tokens over 62 verifies: mean tokens/verify = 3.24 (block=4, max 5)
[spec] tokens: 11111 16 455 6102 294 16603 344 29168 16 455 6102 294 14251 344 16235 16 455 6102 294 29585 344 76405 16 455 6102 294 25062 344 40977 16 455 6102 294 10322 344 17575 16 455 6102 294
[spec] LOSSLESS GATE: first 8 tokens match base AR -> PASS
[spec] SPEC-DECODE: 37.9 ms/tok = 26.41 tok/s  (vs base M=1 71.0 ms/tok = 14.08 tok/s -> 1.88x)
[decode] PREFILL: 34 positions in 598.9 ms = 56.8 tok/s (17.614 ms/tok)
[spec] decoding 200 tokens (block=4, draft passes=1, adaptK=1.50, prompt=1 s=35)...
  [margins] 1.77 1.83 1.79 1.41  K=4
  verify 1: accepted 0/3 (K=4) + correction -> +1 tokens (124.6 ms)  cpos=35
  [margins] 3.39 2.71 1.62 2.16  K=5
  verify 2: accepted 0/4 (K=5) + correction -> +1 tokens (141.7 ms)  cpos=36
  [margins] 1.31 1.58 0.61 3.70  K=3
  verify 3: accepted 0/2 (K=3) + correction -> +1 tokens (104.1 ms)  cpos=37
  [margins] 1.85 1.85 1.64 1.65  K=5
  verify 4: accepted 2/4 (K=5) + correction -> +3 tokens (134.0 ms)  cpos=40
  [margins] 0.92 0.21 0.86 0.28  K=2
  verify 5: accepted 0/1 (K=2) + correction -> +1 tokens (95.1 ms)  cpos=41
  [margins] 1.02 3.64 0.09 0.14  K=3
  verify 6: accepted 2/2 (K=3) + correction -> +3 tokens (110.3 ms)  cpos=44
  [margins] 0.37 6.10 9.73 2.24  K=5
  verify 7: accepted 4/4 (K=5) + correction -> +5 tokens (135.8 ms)  cpos=49
  [margins] 5.21 2.20 1.35 2.78  K=3
  verify 8: accepted 2/2 (K=3) + correction -> +3 tokens (108.3 ms)  cpos=52
  [margins] 4.58 4.95 7.29 0.13  K=4
  verify 9: accepted 3/3 (K=4) + correction -> +4 tokens (125.6 ms)  cpos=56
  [margins] 4.01 1.40 0.15 2.20  K=2
  verify 10: accepted 1/1 (K=2) + correction -> +2 tokens (100.0 ms)  cpos=58
  [margins] 1.35 1.58 1.14 1.27  K=3
  verify 11: accepted 0/2 (K=3) + correction -> +1 tokens (104.1 ms)  cpos=59
  [margins] 0.86 0.84 3.59 0.43  K=2
  verify 12: accepted 0/1 (K=2) + correction -> +1 tokens (99.9 ms)  cpos=60
  [margins] 0.86 1.76 5.01 0.92  K=4
  verify 13: accepted 0/3 (K=4) + correction -> +1 tokens (124.9 ms)  cpos=61
  [margins] 0.79 3.82 0.16 1.38  K=3
  verify 14: accepted 1/2 (K=3) + correction -> +2 tokens (112.7 ms)  cpos=63
  [margins] 2.38 4.62 0.76 0.50  K=3
  verify 15: accepted 0/2 (K=3) + correction -> +1 tokens (113.3 ms)  cpos=64
  [margins] 4.37 0.12 0.61 6.25  K=2
  verify 16: accepted 1/1 (K=2) + correction -> +2 tokens (95.2 ms)  cpos=66
  [margins] 1.22 1.47 2.62 5.80  K=2
  verify 17: accepted 1/1 (K=2) + correction -> +2 tokens (102.3 ms)  cpos=68
  [margins] 0.22 6.03 0.15 0.50  K=3
  verify 18: accepted 2/2 (K=3) + correction -> +3 tokens (109.5 ms)  cpos=71
  [margins] 2.57 1.86 1.29 5.10  K=3
  verify 19: accepted 2/2 (K=3) + correction -> +3 tokens (113.0 ms)  cpos=74
  [margins] 7.65 1.73 3.12 2.63  K=5
  verify 20: accepted 4/4 (K=5) + correction -> +5 tokens (139.1 ms)  cpos=79
  [margins] 8.40 4.78 3.90 2.86  K=5
  verify 21: accepted 4/4 (K=5) + correction -> +5 tokens (144.5 ms)  cpos=84
  [margins] 7.55 1.82 5.07 4.59  K=5
  verify 22: accepted 4/4 (K=5) + correction -> +5 tokens (141.8 ms)  cpos=89
  [margins] 8.66 6.64 6.26 8.22  K=5
  verify 23: accepted 4/4 (K=5) + correction -> +5 tokens (142.4 ms)  cpos=94
  [margins] 8.13 6.95 6.08 7.74  K=5
  verify 24: accepted 4/4 (K=5) + correction -> +5 tokens (140.7 ms)  cpos=99
  [margins] 9.03 6.45 6.70 8.21  K=5
  verify 25: accepted 4/4 (K=5) + correction -> +5 tokens (149.2 ms)  cpos=104
  [margins] 8.40 6.62 6.01 8.07  K=5
  verify 26: accepted 4/4 (K=5) + correction -> +5 tokens (141.9 ms)  cpos=109
  [margins] 9.10 6.35 5.33 6.04  K=5
  verify 27: accepted 4/4 (K=5) + correction -> +5 tokens (142.1 ms)  cpos=114
  [margins] 9.29 8.81 8.28 7.93  K=5
  verify 28: accepted 4/4 (K=5) + correction -> +5 tokens (143.4 ms)  cpos=119
  [margins] 10.45 8.00 6.84 8.84  K=5
  verify 29: accepted 4/4 (K=5) + correction -> +5 tokens (149.0 ms)  cpos=124
  [margins] 9.40 6.68 8.14 7.49  K=5
  verify 30: accepted 4/4 (K=5) + correction -> +5 tokens (158.9 ms)  cpos=129
  [margins] 8.15 8.92 7.26 6.59  K=5
  verify 31: accepted 4/4 (K=5) + correction -> +5 tokens (143.0 ms)  cpos=134
  [margins] 10.29 9.23 6.51 8.56  K=5
  verify 32: accepted 4/4 (K=5) + correction -> +5 tokens (144.4 ms)  cpos=139
  [margins] 11.22 9.57 7.45 8.44  K=5
  verify 33: accepted 4/4 (K=5) + correction -> +5 tokens (151.5 ms)  cpos=144
  [margins] 8.97 8.16 8.93 8.26  K=5
  verify 34: accepted 4/4 (K=5) + correction -> +5 tokens (145.7 ms)  cpos=149
  [margins] 8.70 10.56 7.83 7.67  K=5
  verify 35: accepted 4/4 (K=5) + correction -> +5 tokens (144.2 ms)  cpos=154
  [margins] 7.69 9.45 6.72 8.14  K=5
  verify 36: accepted 4/4 (K=5) + correction -> +5 tokens (143.7 ms)  cpos=159
  [margins] 9.96 9.91 7.17 8.70  K=5
  verify 37: accepted 4/4 (K=5) + correction -> +5 tokens (151.1 ms)  cpos=164
  [margins] 9.46 10.60 8.40 9.55  K=5
  verify 38: accepted 4/4 (K=5) + correction -> +5 tokens (145.9 ms)  cpos=169
  [margins] 7.71 10.86 8.42 6.28  K=5
  verify 39: accepted 4/4 (K=5) + correction -> +5 tokens (143.9 ms)  cpos=174
  [margins] 8.99 8.92 6.86 8.45  K=5
  verify 40: accepted 4/4 (K=5) + correction -> +5 tokens (144.0 ms)  cpos=179
  [margins] 9.59 10.19 6.86 8.66  K=5
  verify 41: accepted 4/4 (K=5) + correction -> +5 tokens (148.2 ms)  cpos=184
  [margins] 10.22 9.89 7.80 7.95  K=5
  verify 42: accepted 4/4 (K=5) + correction -> +5 tokens (144.3 ms)  cpos=189
  [margins] 10.46 10.23 7.30 8.01  K=5
  verify 43: accepted 4/4 (K=5) + correction -> +5 tokens (145.2 ms)  cpos=194
  [margins] 9.27 10.67 9.11 8.67  K=5
  verify 44: accepted 4/4 (K=5) + correction -> +5 tokens (145.8 ms)  cpos=199
  [margins] 9.28 9.55 8.04 7.85  K=5
  verify 45: accepted 4/4 (K=5) + correction -> +5 tokens (150.4 ms)  cpos=204
  [margins] 6.32 8.04 7.57 6.52  K=5
  verify 46: accepted 4/4 (K=5) + correction -> +5 tokens (144.9 ms)  cpos=209
  [margins] 9.95 7.05 7.34 8.23  K=5
  verify 47: accepted 4/4 (K=5) + correction -> +5 tokens (146.3 ms)  cpos=214
  [margins] 11.29 9.29 9.43 7.65  K=5
  verify 48: accepted 4/4 (K=5) + correction -> +5 tokens (145.1 ms)  cpos=219
  [margins] 10.67 10.24 9.31 4.66  K=5
  verify 49: accepted 4/4 (K=5) + correction -> +5 tokens (151.4 ms)  cpos=224
  [margins] 12.07 9.55 9.67 5.42  K=5
  verify 50: accepted 4/4 (K=5) + correction -> +5 tokens (145.8 ms)  cpos=229
  [margins] 11.62 9.42 8.21 6.72  K=5
  verify 51: accepted 4/4 (K=5) + correction -> +5 tokens (145.7 ms)  cpos=234

[spec] generated 200 tokens over 51 verifies: mean tokens/verify = 3.92 (block=4, max 5)
[spec] tokens: 4147 554 1926 270 4105 339 43 1114 1926 270 1178 65 50219 4105 418 270 9517 28 4593 1281 106239 3305 1 1 14 223 19 16 23 14 223 20 16 23 14 223 21 16 23 14
[spec] SPEC-DECODE: 33.6 ms/tok = 29.73 tok/s  (vs base M=1 71.0 ms/tok = 14.08 tok/s -> 2.11x)
[decode] PREFILL: 41 positions in 685.4 ms = 59.8 tok/s (16.717 ms/tok)
[spec] decoding 200 tokens (block=4, draft passes=1, adaptK=1.50, prompt=2 s=42)...
  [margins] 8.14 0.91 0.18 1.27  K=2
  verify 1: accepted 1/1 (K=2) + correction -> +2 tokens (97.3 ms)  cpos=43
  [margins] 0.02 2.46 0.85 2.80  K=3
  verify 2: accepted 0/2 (K=3) + correction -> +1 tokens (112.8 ms)  cpos=44
  [margins] 1.01 3.26 1.84 1.40  K=4
  verify 3: accepted 3/3 (K=4) + correction -> +4 tokens (113.0 ms)  cpos=48
  [margins] 3.32 3.93 0.72 1.38  K=3
  verify 4: accepted 0/2 (K=3) + correction -> +1 tokens (107.4 ms)  cpos=49
  [margins] 2.14 7.44 0.39 1.57  K=3
  verify 5: accepted 0/2 (K=3) + correction -> +1 tokens (111.9 ms)  cpos=50
  [margins] 0.04 0.27 0.01 5.30  K=2
  verify 6: accepted 0/1 (K=2) + correction -> +1 tokens (102.1 ms)  cpos=51
  [margins] 6.61 3.67 0.38 1.53  K=3
  verify 7: accepted 1/2 (K=3) + correction -> +2 tokens (107.8 ms)  cpos=53
  [margins] 0.71 4.15 5.81 0.02  K=4
  verify 8: accepted 0/3 (K=4) + correction -> +1 tokens (124.9 ms)  cpos=54
  [margins] 0.36 6.42 3.90 0.04  K=4
  verify 9: accepted 2/3 (K=4) + correction -> +3 tokens (121.4 ms)  cpos=57
  [margins] 0.52 3.82 7.29 0.36  K=4
  verify 10: accepted 0/3 (K=4) + correction -> +1 tokens (124.7 ms)  cpos=58
  [margins] 4.66 4.02 2.40 4.43  K=5
  verify 11: accepted 2/4 (K=5) + correction -> +3 tokens (131.8 ms)  cpos=61
  [margins] 3.53 5.49 6.88 2.81  K=5
  verify 12: accepted 3/4 (K=5) + correction -> +4 tokens (138.1 ms)  cpos=65
  [margins] 1.87 4.07 3.53 1.08  K=4
  verify 13: accepted 3/3 (K=4) + correction -> +4 tokens (127.1 ms)  cpos=69
  [margins] 4.58 5.78 3.22 0.70  K=4
  verify 14: accepted 2/3 (K=4) + correction -> +3 tokens (127.8 ms)  cpos=72
  [margins] 2.57 0.09 1.84 1.97  K=2
  verify 15: accepted 1/1 (K=2) + correction -> +2 tokens (95.7 ms)  cpos=74
  [margins] 2.99 5.81 3.95 1.10  K=4
  verify 16: accepted 1/3 (K=4) + correction -> +2 tokens (124.2 ms)  cpos=76
  [margins] 9.36 4.80 6.00 0.27  K=4
  verify 17: accepted 2/3 (K=4) + correction -> +3 tokens (124.2 ms)  cpos=79
  [margins] 15.93 9.31 4.48 4.95  K=5
  verify 18: accepted 4/4 (K=5) + correction -> +5 tokens (143.7 ms)  cpos=84
  [margins] 18.78 8.42 1.89 0.57  K=4
  verify 19: accepted 2/3 (K=4) + correction -> +3 tokens (128.4 ms)  cpos=87
  [margins] 11.12 14.12 12.16 3.49  K=5
  verify 20: accepted 4/4 (K=5) + correction -> +5 tokens (144.8 ms)  cpos=92
  [margins] 12.39 7.43 3.20 1.12  K=4
  verify 21: accepted 2/3 (K=4) + correction -> +3 tokens (126.5 ms)  cpos=95
  [margins] 15.67 12.56 9.66 0.54  K=4
  verify 22: accepted 3/3 (K=4) + correction -> +4 tokens (128.5 ms)  cpos=99
  [margins] 13.75 13.18 7.18 5.87  K=5
  verify 23: accepted 4/4 (K=5) + correction -> +5 tokens (146.9 ms)  cpos=104
  [margins] 15.79 10.46 1.21 1.33  K=3
  verify 24: accepted 2/2 (K=3) + correction -> +3 tokens (113.2 ms)  cpos=107
  [margins] 13.17 11.74 8.82 1.21  K=4
  verify 25: accepted 3/3 (K=4) + correction -> +4 tokens (125.8 ms)  cpos=111
  [margins] 10.76 14.40 7.43 6.89  K=5
  verify 26: accepted 3/4 (K=5) + correction -> +4 tokens (143.2 ms)  cpos=115
  [margins] 9.93 9.34 11.89 2.38  K=5
  verify 27: accepted 4/4 (K=5) + correction -> +5 tokens (146.3 ms)  cpos=120
  [margins] 7.30 11.58 8.89 0.64  K=4
  verify 28: accepted 3/3 (K=4) + correction -> +4 tokens (130.6 ms)  cpos=124
  [margins] 12.87 16.69 9.10 6.80  K=5
  verify 29: accepted 4/4 (K=5) + correction -> +5 tokens (155.3 ms)  cpos=129
  [margins] 8.64 9.16 9.17 7.61  K=5
  verify 30: accepted 4/4 (K=5) + correction -> +5 tokens (143.8 ms)  cpos=134
  [margins] 1.64 1.00 11.13 4.50  K=2
  verify 31: accepted 0/1 (K=2) + correction -> +1 tokens (107.0 ms)  cpos=135
  [margins] 15.49 9.31 3.35 5.22  K=5
  verify 32: accepted 4/4 (K=5) + correction -> +5 tokens (149.3 ms)  cpos=140
  [margins] 17.61 10.16 3.09 4.44  K=5
  verify 33: accepted 2/4 (K=5) + correction -> +3 tokens (141.9 ms)  cpos=143
  [margins] 16.39 9.73 6.01 5.76  K=5
  verify 34: accepted 4/4 (K=5) + correction -> +5 tokens (147.3 ms)  cpos=148
  [margins] 16.55 12.97 8.31 4.09  K=5
  verify 35: accepted 4/4 (K=5) + correction -> +5 tokens (144.6 ms)  cpos=153
  [margins] 1.82 9.26 11.97 7.28  K=5
  verify 36: accepted 4/4 (K=5) + correction -> +5 tokens (142.7 ms)  cpos=158
  [margins] 12.22 7.42 8.77 1.05  K=4
  verify 37: accepted 3/3 (K=4) + correction -> +4 tokens (127.6 ms)  cpos=162
  [margins] 14.58 0.98 2.05 4.21  K=2
  verify 38: accepted 1/1 (K=2) + correction -> +2 tokens (101.5 ms)  cpos=164
  [margins] 13.80 8.69 2.10 0.60  K=4
  verify 39: accepted 2/3 (K=4) + correction -> +3 tokens (130.3 ms)  cpos=167
  [margins] 9.35 11.92 10.02 6.98  K=5
  verify 40: accepted 4/4 (K=5) + correction -> +5 tokens (147.1 ms)  cpos=172
  [margins] 15.41 7.44 10.23 7.35  K=5
  verify 41: accepted 4/4 (K=5) + correction -> +5 tokens (143.1 ms)  cpos=177
  [margins] 16.16 14.69 11.22 8.88  K=5
  verify 42: accepted 4/4 (K=5) + correction -> +5 tokens (143.6 ms)  cpos=182
  [margins] 16.19 12.90 8.99 6.18  K=5
  verify 43: accepted 4/4 (K=5) + correction -> +5 tokens (144.2 ms)  cpos=187
  [margins] 10.16 12.89 8.07 6.00  K=5
  verify 44: accepted 4/4 (K=5) + correction -> +5 tokens (151.0 ms)  cpos=192
  [margins] 13.80 9.13 7.09 6.94  K=5
  verify 45: accepted 4/4 (K=5) + correction -> +5 tokens (144.4 ms)  cpos=197
  [margins] 18.06 13.36 3.61 7.17  K=5
  verify 46: accepted 4/4 (K=5) + correction -> +5 tokens (145.4 ms)  cpos=202
  [margins] 17.08 11.88 11.36 9.13  K=5
  verify 47: accepted 4/4 (K=5) + correction -> +5 tokens (145.1 ms)  cpos=207
  [margins] 10.67 6.04 7.68 4.44  K=5
  verify 48: accepted 4/4 (K=5) + correction -> +5 tokens (144.9 ms)  cpos=212
  [margins] 6.92 8.33 5.77 8.09  K=5
  verify 49: accepted 4/4 (K=5) + correction -> +5 tokens (142.4 ms)  cpos=217
  [margins] 12.17 9.71 5.35 7.99  K=5
  verify 50: accepted 4/4 (K=5) + correction -> +5 tokens (144.9 ms)  cpos=222
  [margins] 10.59 16.97 10.64 5.00  K=5
  verify 51: accepted 4/4 (K=5) + correction -> +5 tokens (146.4 ms)  cpos=227
  [margins] 12.58 20.11 9.19 4.90  K=5
  verify 52: accepted 4/4 (K=5) + correction -> +5 tokens (151.8 ms)  cpos=232
  [margins] 9.20 16.67 8.22 2.55  K=5
  verify 53: accepted 4/4 (K=5) + correction -> +5 tokens (146.8 ms)  cpos=237
  [margins] 12.12 12.91 7.33 0.53  K=4
  verify 54: accepted 3/3 (K=4) + correction -> +4 tokens (133.4 ms)  cpos=241

[spec] generated 200 tokens over 54 verifies: mean tokens/verify = 3.70 (block=4, max 5)
[spec] tokens: 1 1 1 1 1 1 50 1697 1 16 1 50 1697 16 1 50 1697 16 1 50 1697 16 1 50 1697 16 1 50 1697 16 20692 50 1697 16 791 50 1697 4394 1015 50
[spec] SPEC-DECODE: 35.5 ms/tok = 28.13 tok/s  (vs base M=1 71.0 ms/tok = 14.08 tok/s -> 2.00x)
[decode] PREFILL: 26 positions in 456.7 ms = 56.9 tok/s (17.566 ms/tok)
[spec] decoding 200 tokens (block=4, draft passes=1, adaptK=1.50, prompt=3 s=27)...
  [margins] 1.79 1.10 1.11 0.63  K=2
  verify 1: accepted 1/1 (K=2) + correction -> +2 tokens (101.3 ms)  cpos=28
  [margins] 3.84 0.68 1.47 0.83  K=2
  verify 2: accepted 1/1 (K=2) + correction -> +2 tokens (97.5 ms)  cpos=30
  [margins] 3.32 1.54 0.43 0.08  K=3
  verify 3: accepted 1/2 (K=3) + correction -> +2 tokens (107.7 ms)  cpos=32
  [margins] 2.10 1.06 1.93 0.09  K=2
  verify 4: accepted 1/1 (K=2) + correction -> +2 tokens (96.7 ms)  cpos=34
  [margins] 1.71 2.78 0.63 0.53  K=3
  verify 5: accepted 2/2 (K=3) + correction -> +3 tokens (107.6 ms)  cpos=37
  [margins] 5.11 2.71 4.34 0.67  K=4
  verify 6: accepted 3/3 (K=4) + correction -> +4 tokens (116.6 ms)  cpos=41
  [margins] 6.89 2.73 6.05 0.60  K=4
  verify 7: accepted 3/3 (K=4) + correction -> +4 tokens (117.1 ms)  cpos=45
  [margins] 7.40 2.48 6.51 0.60  K=4
  verify 8: accepted 3/3 (K=4) + correction -> +4 tokens (117.9 ms)  cpos=49
  [margins] 7.90 1.90 7.16 0.53  K=4
  verify 9: accepted 3/3 (K=4) + correction -> +4 tokens (117.0 ms)  cpos=53
  [margins] 6.78 2.15 6.62 0.91  K=4
  verify 10: accepted 3/3 (K=4) + correction -> +4 tokens (118.8 ms)  cpos=57
  [margins] 7.57 2.35 7.51 1.15  K=4
  verify 11: accepted 3/3 (K=4) + correction -> +4 tokens (118.4 ms)  cpos=61
  [margins] 7.40 1.13 6.79 1.81  K=2
  verify 12: accepted 1/1 (K=2) + correction -> +2 tokens (97.3 ms)  cpos=63
  [margins] 6.57 2.22 6.15 1.65  K=5
  verify 13: accepted 4/4 (K=5) + correction -> +5 tokens (133.5 ms)  cpos=68
  [margins] 0.40 13.44 1.96 4.97  K=5
  verify 14: accepted 0/4 (K=5) + correction -> +1 tokens (135.3 ms)  cpos=69
  [margins] 6.88 2.25 6.45 0.68  K=4
  verify 15: accepted 3/3 (K=4) + correction -> +4 tokens (117.7 ms)  cpos=73
  [margins] 7.55 0.88 6.41 1.44  K=2
  verify 16: accepted 1/1 (K=2) + correction -> +2 tokens (97.9 ms)  cpos=75
  [margins] 8.45 2.01 5.21 0.92  K=4
  verify 17: accepted 0/3 (K=4) + correction -> +1 tokens (124.3 ms)  cpos=76
  [margins] 2.14 4.84 1.10 1.42  K=3
  verify 18: accepted 0/2 (K=3) + correction -> +1 tokens (108.3 ms)  cpos=77
  [margins] 1.58 3.27 2.08 0.26  K=4
  verify 19: accepted 0/3 (K=4) + correction -> +1 tokens (123.5 ms)  cpos=78
  [margins] 1.90 2.77 1.50 2.45  K=3
  verify 20: accepted 2/2 (K=3) + correction -> +3 tokens (111.9 ms)  cpos=81
  [margins] 2.15 0.10 0.68 0.52  K=2
  verify 21: accepted 1/1 (K=2) + correction -> +2 tokens (95.7 ms)  cpos=83
  [margins] 0.71 0.45 2.16 0.53  K=2
  verify 22: accepted 1/1 (K=2) + correction -> +2 tokens (99.9 ms)  cpos=85
  [margins] 4.87 1.66 0.20 4.64  K=3
  verify 23: accepted 1/2 (K=3) + correction -> +2 tokens (110.6 ms)  cpos=87
  [margins] 3.92 3.06 0.69 2.76  K=3
  verify 24: accepted 1/2 (K=3) + correction -> +2 tokens (112.8 ms)  cpos=89
  [margins] 1.65 3.66 0.83 1.19  K=3
  verify 25: accepted 2/2 (K=3) + correction -> +3 tokens (112.0 ms)  cpos=92
  [margins] 3.96 0.74 0.07 2.39  K=2
  verify 26: accepted 1/1 (K=2) + correction -> +2 tokens (97.2 ms)  cpos=94
  [margins] 0.12 9.26 1.37 1.46  K=3
  verify 27: accepted 2/2 (K=3) + correction -> +3 tokens (111.1 ms)  cpos=97
  [margins] 1.79 2.32 0.60 0.81  K=3
  verify 28: accepted 2/2 (K=3) + correction -> +3 tokens (116.0 ms)  cpos=100
  [margins] 0.47 0.09 3.10 1.25  K=2
  verify 29: accepted 0/1 (K=2) + correction -> +1 tokens (96.7 ms)  cpos=101
  [margins] 3.94 0.96 0.24 4.47  K=2
  verify 30: accepted 1/1 (K=2) + correction -> +2 tokens (99.4 ms)  cpos=103
  [margins] 6.16 7.50 0.40 3.66  K=3
  verify 31: accepted 2/2 (K=3) + correction -> +3 tokens (110.5 ms)  cpos=106
  [margins] 7.15 5.36 0.49 6.15  K=3
  verify 32: accepted 2/2 (K=3) + correction -> +3 tokens (111.0 ms)  cpos=109
  [margins] 9.73 2.11 1.66 1.78  K=5
  verify 33: accepted 4/4 (K=5) + correction -> +5 tokens (137.0 ms)  cpos=114
  [margins] 1.06 10.36 3.36 2.75  K=5
  verify 34: accepted 2/4 (K=5) + correction -> +3 tokens (137.7 ms)  cpos=117
  [margins] 0.67 5.46 4.03 1.87  K=5
  verify 35: accepted 4/4 (K=5) + correction -> +5 tokens (141.6 ms)  cpos=122
  [margins] 4.74 11.74 14.00 8.00  K=5
  verify 36: accepted 4/4 (K=5) + correction -> +5 tokens (140.5 ms)  cpos=127
  [margins] 12.59 9.60 10.48 4.21  K=5
  verify 37: accepted 4/4 (K=5) + correction -> +5 tokens (160.4 ms)  cpos=132
  [margins] 12.24 1.55 0.28 0.15  K=3
  verify 38: accepted 2/2 (K=3) + correction -> +3 tokens (112.5 ms)  cpos=135
  [margins] 3.56 2.18 0.24 0.79  K=3
  verify 39: accepted 1/2 (K=3) + correction -> +2 tokens (112.6 ms)  cpos=137
  [margins] 0.28 2.97 1.20 0.67  K=3
  verify 40: accepted 0/2 (K=3) + correction -> +1 tokens (114.1 ms)  cpos=138
  [margins] 0.22 1.73 0.61 2.20  K=3
  verify 41: accepted 1/2 (K=3) + correction -> +2 tokens (112.8 ms)  cpos=140
  [margins] 3.72 1.52 0.18 2.71  K=3
  verify 42: accepted 0/2 (K=3) + correction -> +1 tokens (110.3 ms)  cpos=141
  [margins] 1.41 0.00 3.30 0.60  K=2
  verify 43: accepted 1/1 (K=2) + correction -> +2 tokens (97.4 ms)  cpos=143
  [margins] 0.83 0.49 1.35 1.11  K=2
  verify 44: accepted 0/1 (K=2) + correction -> +1 tokens (103.0 ms)  cpos=144
  [margins] 1.65 2.35 1.04 3.01  K=3
  verify 45: accepted 1/2 (K=3) + correction -> +2 tokens (113.8 ms)  cpos=146
  [margins] 5.94 2.65 1.76 0.22  K=4
  verify 46: accepted 1/3 (K=4) + correction -> +2 tokens (125.3 ms)  cpos=148
  [margins] 0.64 0.40 1.82 2.67  K=2
  verify 47: accepted 1/1 (K=2) + correction -> +2 tokens (96.8 ms)  cpos=150
  [margins] 1.94 0.99 1.34 2.12  K=2
  verify 48: accepted 1/1 (K=2) + correction -> +2 tokens (100.5 ms)  cpos=152
  [margins] 4.37 0.17 0.22 0.21  K=2
  verify 49: accepted 1/1 (K=2) + correction -> +2 tokens (97.9 ms)  cpos=154
  [margins] 0.58 0.80 3.21 0.26  K=2
  verify 50: accepted 1/1 (K=2) + correction -> +2 tokens (102.7 ms)  cpos=156
  [margins] 5.33 1.98 1.10 0.63  K=3
  verify 51: accepted 1/2 (K=3) + correction -> +2 tokens (108.5 ms)  cpos=158
  [margins] 3.69 1.64 1.91 0.54  K=4
  verify 52: accepted 3/3 (K=4) + correction -> +4 tokens (129.7 ms)  cpos=162
  [margins] 6.14 3.15 0.89 0.49  K=3
  verify 53: accepted 2/2 (K=3) + correction -> +3 tokens (112.4 ms)  cpos=165
  [margins] 3.18 1.98 1.31 0.19  K=3
  verify 54: accepted 2/2 (K=3) + correction -> +3 tokens (112.0 ms)  cpos=168
  [margins] 4.82 2.02 6.50 2.72  K=5
  verify 55: accepted 4/4 (K=5) + correction -> +5 tokens (142.3 ms)  cpos=173
  [margins] 0.07 7.38 0.28 0.43  K=3
  verify 56: accepted 0/2 (K=3) + correction -> +1 tokens (114.1 ms)  cpos=174
  [margins] 0.08 0.45 2.72 2.76  K=2
  verify 57: accepted 0/1 (K=2) + correction -> +1 tokens (102.8 ms)  cpos=175
  [margins] 0.41 1.62 2.04 0.06  K=4
  verify 58: accepted 1/3 (K=4) + correction -> +2 tokens (127.7 ms)  cpos=177
  [margins] 4.87 0.76 2.43 2.16  K=2
  verify 59: accepted 1/1 (K=2) + correction -> +2 tokens (98.7 ms)  cpos=179
  [margins] 3.19 2.79 2.73 1.81  K=5
  verify 60: accepted 1/4 (K=5) + correction -> +2 tokens (147.1 ms)  cpos=181
  [margins] 5.29 0.22 0.23 1.14  K=2
  verify 61: accepted 1/1 (K=2) + correction -> +2 tokens (98.0 ms)  cpos=183
  [margins] 3.10 2.45 5.03 2.50  K=5
  verify 62: accepted 2/4 (K=5) + correction -> +3 tokens (144.4 ms)  cpos=186
  [margins] 2.40 3.10 0.47 0.24  K=3
  verify 63: accepted 2/2 (K=3) + correction -> +3 tokens (116.0 ms)  cpos=189
  [margins] 3.22 1.14 0.78 0.32  K=2
  verify 64: accepted 1/1 (K=2) + correction -> +2 tokens (102.1 ms)  cpos=191
  [margins] 8.63 1.18 1.33 1.24  K=2
  verify 65: accepted 1/1 (K=2) + correction -> +2 tokens (104.0 ms)  cpos=193
  [margins] 1.09 1.13 0.68 2.02  K=2
  verify 66: accepted 1/1 (K=2) + correction -> +2 tokens (98.9 ms)  cpos=195
  [margins] 2.74 1.28 2.32 3.76  K=2
  verify 67: accepted 1/1 (K=2) + correction -> +2 tokens (102.5 ms)  cpos=197
  [margins] 0.91 0.65 6.95 1.30  K=2
  verify 68: accepted 0/1 (K=2) + correction -> +1 tokens (97.0 ms)  cpos=198
  [margins] 1.48 0.07 1.01 0.22  K=2
  verify 69: accepted 0/1 (K=2) + correction -> +1 tokens (103.1 ms)  cpos=199
  [margins] 4.02 6.32 8.00 0.29  K=4
  verify 70: accepted 0/3 (K=4) + correction -> +1 tokens (128.7 ms)  cpos=200
  [margins] 7.38 3.78 1.60 0.52  K=4
  verify 71: accepted 2/3 (K=4) + correction -> +3 tokens (130.4 ms)  cpos=203
  [margins] 5.81 1.91 2.87 1.75  K=5
  verify 72: accepted 1/4 (K=5) + correction -> +2 tokens (141.9 ms)  cpos=205
  [margins] 2.75 0.84 0.10 0.71  K=2
  verify 73: accepted 1/1 (K=2) + correction -> +2 tokens (98.2 ms)  cpos=207
  [margins] 1.28 1.54 2.13 3.32  K=5
  verify 74: accepted 0/4 (K=5) + correction -> +1 tokens (148.8 ms)  cpos=208
  [margins] 10.57 0.89 1.23 3.93  K=2
  verify 75: accepted 1/1 (K=2) + correction -> +2 tokens (100.0 ms)  cpos=210
  [margins] 2.58 5.28 1.60 1.73  K=5
  verify 76: accepted 2/4 (K=5) + correction -> +3 tokens (137.7 ms)  cpos=213
  [margins] 1.03 0.05 0.27 0.69  K=2
  verify 77: accepted 1/1 (K=2) + correction -> +2 tokens (97.3 ms)  cpos=215
  [margins] 3.34 1.58 2.96 2.14  K=5
  verify 78: accepted 4/4 (K=5) + correction -> +5 tokens (148.1 ms)  cpos=220
  [margins] 3.73 1.11 2.29 0.33  K=2
  verify 79: accepted 0/1 (K=2) + correction -> +1 tokens (99.9 ms)  cpos=221
  [margins] 11.75 3.23 1.79 0.39  K=4
  verify 80: accepted 3/3 (K=4) + correction -> +4 tokens (129.4 ms)  cpos=225
  [margins] 12.15 6.39 0.87 1.39  K=3
  verify 81: accepted 2/2 (K=3) + correction -> +3 tokens (118.6 ms)  cpos=228

[spec] generated 202 tokens over 81 verifies: mean tokens/verify = 2.49 (block=4, max 5)
[spec] tokens: 1 16 1 16 1 16 1 16 1 16 1 16 1 16 1 16 1 16 1 16 1 16 1 16 1 16 1 16 1 16 1 16 1 16 1 16 1 16 1 16
[spec] SPEC-DECODE: 46.0 ms/tok = 21.75 tok/s  (vs base M=1 71.0 ms/tok = 14.08 tok/s -> 1.55x)
[decode] PREFILL: 14 positions in 284.0 ms = 49.3 tok/s (20.286 ms/tok)
[spec] decoding 200 tokens (block=4, draft passes=1, adaptK=1.50, prompt=4 s=15)...
  [margins] 0.61 0.62 0.51 0.22  K=2
  verify 1: accepted 0/1 (K=2) + correction -> +1 tokens (100.4 ms)  cpos=15
  [margins] 0.28 2.09 0.17 0.67  K=3
  verify 2: accepted 1/2 (K=3) + correction -> +2 tokens (109.8 ms)  cpos=17
  [margins] 0.13 0.52 0.97 1.67  K=2
  verify 3: accepted 0/1 (K=2) + correction -> +1 tokens (94.0 ms)  cpos=18
  [margins] 0.84 0.63 0.09 0.66  K=2
  verify 4: accepted 1/1 (K=2) + correction -> +2 tokens (97.6 ms)  cpos=20
  [margins] 0.82 1.05 0.52 0.87  K=2
  verify 5: accepted 1/1 (K=2) + correction -> +2 tokens (92.4 ms)  cpos=22
  [margins] 1.82 0.84 1.13 1.06  K=2
  verify 6: accepted 1/1 (K=2) + correction -> +2 tokens (98.7 ms)  cpos=24
  [margins] 0.30 0.79 0.14 0.21  K=2
  verify 7: accepted 1/1 (K=2) + correction -> +2 tokens (94.5 ms)  cpos=26
  [margins] 0.17 0.12 0.94 1.04  K=2
  verify 8: accepted 0/1 (K=2) + correction -> +1 tokens (98.5 ms)  cpos=27
  [margins] 0.29 0.06 1.00 0.45  K=2
  verify 9: accepted 1/1 (K=2) + correction -> +2 tokens (101.5 ms)  cpos=29
  [margins] 3.28 2.68 0.68 3.32  K=3
  verify 10: accepted 2/2 (K=3) + correction -> +3 tokens (111.0 ms)  cpos=32
  [margins] 1.18 0.74 0.35 0.54  K=2
  verify 11: accepted 1/1 (K=2) + correction -> +2 tokens (92.7 ms)  cpos=34
  [margins] 1.75 0.38 0.37 0.77  K=2
  verify 12: accepted 1/1 (K=2) + correction -> +2 tokens (97.5 ms)  cpos=36
  [margins] 0.43 1.91 12.01 0.83  K=4
  verify 13: accepted 0/3 (K=4) + correction -> +1 tokens (121.0 ms)  cpos=37
  [margins] 0.84 3.72 0.24 0.30  K=3
  verify 14: accepted 1/2 (K=3) + correction -> +2 tokens (111.6 ms)  cpos=39
  [margins] 2.12 0.55 0.21 0.98  K=2
  verify 15: accepted 0/1 (K=2) + correction -> +1 tokens (96.9 ms)  cpos=40
  [margins] 3.59 4.01 2.62 0.08  K=4
  verify 16: accepted 1/3 (K=4) + correction -> +2 tokens (125.2 ms)  cpos=42
  [margins] 0.62 0.26 0.03 0.07  K=2
  verify 17: accepted 1/1 (K=2) + correction -> +2 tokens (99.6 ms)  cpos=44
  [margins] 2.01 8.20 0.64 1.28  K=3
  verify 18: accepted 2/2 (K=3) + correction -> +3 tokens (107.4 ms)  cpos=47
  [margins] 4.32 7.51 2.33 1.63  K=5
  verify 19: accepted 3/4 (K=5) + correction -> +4 tokens (142.2 ms)  cpos=51
  [margins] 2.70 0.27 0.30 2.53  K=2
  verify 20: accepted 0/1 (K=2) + correction -> +1 tokens (99.4 ms)  cpos=52
  [margins] 1.76 1.72 1.82 1.65  K=5
  verify 21: accepted 0/4 (K=5) + correction -> +1 tokens (135.8 ms)  cpos=53
  [margins] 7.27 3.54 0.44 0.37  K=3
  verify 22: accepted 2/2 (K=3) + correction -> +3 tokens (115.3 ms)  cpos=56
  [margins] 4.11 1.74 4.03 2.67  K=5
  verify 23: accepted 4/4 (K=5) + correction -> +5 tokens (134.6 ms)  cpos=61
  [margins] 0.98 1.27 0.36 3.06  K=2
  verify 24: accepted 0/1 (K=2) + correction -> +1 tokens (96.9 ms)  cpos=62
  [margins] 1.33 0.83 2.84 1.67  K=2
  verify 25: accepted 0/1 (K=2) + correction -> +1 tokens (98.3 ms)  cpos=63
  [margins] 1.24 1.58 0.07 0.55  K=3
  verify 26: accepted 2/2 (K=3) + correction -> +3 tokens (112.9 ms)  cpos=66
  [margins] 0.99 2.82 0.67 1.71  K=3
  verify 27: accepted 0/2 (K=3) + correction -> +1 tokens (110.5 ms)  cpos=67
  [margins] 2.39 0.68 0.42 1.19  K=2
  verify 28: accepted 1/1 (K=2) + correction -> +2 tokens (101.3 ms)  cpos=69
  [margins] 0.24 0.05 1.06 0.03  K=2
  verify 29: accepted 0/1 (K=2) + correction -> +1 tokens (97.2 ms)  cpos=70
  [margins] 1.91 0.97 0.16 1.61  K=2
  verify 30: accepted 0/1 (K=2) + correction -> +1 tokens (99.9 ms)  cpos=71
  [margins] 0.14 1.02 1.01 0.99  K=2
  verify 31: accepted 0/1 (K=2) + correction -> +1 tokens (101.0 ms)  cpos=72
  [margins] 0.48 0.55 2.17 0.06  K=2
  verify 32: accepted 0/1 (K=2) + correction -> +1 tokens (96.3 ms)  cpos=73
  [margins] 5.60 2.37 1.65 1.52  K=5
  verify 33: accepted 2/4 (K=5) + correction -> +3 tokens (133.8 ms)  cpos=76
  [margins] 1.34 3.51 2.42 0.39  K=4
  verify 34: accepted 0/3 (K=4) + correction -> +1 tokens (125.8 ms)  cpos=77
  [margins] 3.30 1.80 0.21 1.68  K=3
  verify 35: accepted 2/2 (K=3) + correction -> +3 tokens (114.2 ms)  cpos=80
  [margins] 1.89 4.16 1.29 0.87  K=3
  verify 36: accepted 2/2 (K=3) + correction -> +3 tokens (108.9 ms)  cpos=83
  [margins] 1.51 10.07 1.74 2.03  K=5
  verify 37: accepted 2/4 (K=5) + correction -> +3 tokens (147.1 ms)  cpos=86
  [margins] 1.81 4.94 3.34 1.80  K=5
  verify 38: accepted 2/4 (K=5) + correction -> +3 tokens (128.0 ms)  cpos=89
  [margins] 7.24 4.02 0.59 0.91  K=3
  verify 39: accepted 1/2 (K=3) + correction -> +2 tokens (110.6 ms)  cpos=91
  [margins] 5.68 3.63 1.71 1.77  K=5
  verify 40: accepted 1/4 (K=5) + correction -> +2 tokens (138.9 ms)  cpos=93
  [margins] 4.04 1.68 5.16 3.57  K=5
  verify 41: accepted 1/4 (K=5) + correction -> +2 tokens (133.4 ms)  cpos=95
  [margins] 3.98 1.97 6.76 3.03  K=5
  verify 42: accepted 1/4 (K=5) + correction -> +2 tokens (139.2 ms)  cpos=97
  [margins] 2.66 2.90 2.75 1.07  K=4
  verify 43: accepted 3/3 (K=4) + correction -> +4 tokens (121.1 ms)  cpos=101
  [margins] 2.01 5.42 2.67 1.63  K=5
  verify 44: accepted 4/4 (K=5) + correction -> +5 tokens (131.0 ms)  cpos=106
  [margins] 5.59 2.99 3.92 2.00  K=5
  verify 45: accepted 4/4 (K=5) + correction -> +5 tokens (130.7 ms)  cpos=111
  [margins] 3.03 5.49 2.61 1.69  K=5
  verify 46: accepted 4/4 (K=5) + correction -> +5 tokens (137.9 ms)  cpos=116
  [margins] 6.37 3.31 5.16 1.83  K=5
  verify 47: accepted 4/4 (K=5) + correction -> +5 tokens (132.3 ms)  cpos=121
  [margins] 3.75 5.75 2.86 1.78  K=5
  verify 48: accepted 4/4 (K=5) + correction -> +5 tokens (134.1 ms)  cpos=126
  [margins] 5.83 4.86 5.32 2.21  K=5
  verify 49: accepted 4/4 (K=5) + correction -> +5 tokens (146.7 ms)  cpos=131
  [margins] 1.96 6.03 4.01 2.49  K=5
  verify 50: accepted 4/4 (K=5) + correction -> +5 tokens (139.7 ms)  cpos=136
  [margins] 7.95 2.92 5.04 1.78  K=5
  verify 51: accepted 4/4 (K=5) + correction -> +5 tokens (132.7 ms)  cpos=141
  [margins] 3.43 6.63 3.88 3.73  K=5
  verify 52: accepted 4/4 (K=5) + correction -> +5 tokens (134.1 ms)  cpos=146
  [margins] 6.93 4.51 6.21 1.93  K=5
  verify 53: accepted 4/4 (K=5) + correction -> +5 tokens (134.5 ms)  cpos=151
  [margins] 3.18 7.43 4.29 3.92  K=5
  verify 54: accepted 4/4 (K=5) + correction -> +5 tokens (139.8 ms)  cpos=156
  [margins] 5.13 2.88 4.40 1.43  K=4
  verify 55: accepted 1/3 (K=4) + correction -> +2 tokens (128.2 ms)  cpos=158
  [margins] 5.45 1.61 0.88 0.49  K=3
  verify 56: accepted 0/2 (K=3) + correction -> +1 tokens (114.0 ms)  cpos=159
  [margins] 6.76 2.06 2.78 1.33  K=4
  verify 57: accepted 3/3 (K=4) + correction -> +4 tokens (125.9 ms)  cpos=163
  [margins] 10.42 2.14 1.66 1.41  K=4
  verify 58: accepted 3/3 (K=4) + correction -> +4 tokens (128.3 ms)  cpos=167
  [margins] 10.50 4.14 7.96 8.62  K=5
  verify 59: accepted 4/4 (K=5) + correction -> +5 tokens (147.6 ms)  cpos=172
  [margins] 2.43 1.00 0.56 1.14  K=2
  verify 60: accepted 1/1 (K=2) + correction -> +2 tokens (98.9 ms)  cpos=174
  [margins] 0.40 0.94 0.42 0.22  K=2
  verify 61: accepted 0/1 (K=2) + correction -> +1 tokens (104.7 ms)  cpos=175
  [margins] 7.32 9.31 1.60 0.09  K=4
  verify 62: accepted 2/3 (K=4) + correction -> +3 tokens (128.1 ms)  cpos=178
  [margins] 16.39 12.99 12.12 11.07  K=5
  verify 63: accepted 4/4 (K=5) + correction -> +5 tokens (142.9 ms)  cpos=183
  [margins] 2.51 8.37 6.65 7.37  K=5
  verify 64: accepted 4/4 (K=5) + correction -> +5 tokens (151.3 ms)  cpos=188
  [margins] 3.28 4.97 2.23 0.57  K=4
  verify 65: accepted 3/3 (K=4) + correction -> +4 tokens (129.2 ms)  cpos=192
  [margins] 6.76 9.83 3.47 6.21  K=5
  verify 66: accepted 4/4 (K=5) + correction -> +5 tokens (145.0 ms)  cpos=197
  [margins] 15.42 11.96 8.71 7.32  K=5
  verify 67: accepted 4/4 (K=5) + correction -> +5 tokens (145.7 ms)  cpos=202
  [margins] 10.83 11.63 15.86 6.34  K=5
  verify 68: accepted 4/4 (K=5) + correction -> +5 tokens (143.2 ms)  cpos=207
  [margins] 10.71 5.39 9.95 11.01  K=5
  verify 69: accepted 4/4 (K=5) + correction -> +5 tokens (150.1 ms)  cpos=212
  [margins] 19.27 14.52 11.15 10.96  K=5
  verify 70: accepted 4/4 (K=5) + correction -> +5 tokens (141.7 ms)  cpos=217

[spec] generated 203 tokens over 70 verifies: mean tokens/verify = 2.90 (block=4, max 5)
[spec] tokens: 5715 14 295 834 10175 14 8470 3939 436 344 2239 362 4197 339 35 126664 23809 16765 270 3077 305 1990 23714 538 9479 21121 35977 2184 47270 34788 14 832 851 588 366 99782 1082 20351 14319 35977
[spec] SPEC-DECODE: 41.1 ms/tok = 24.31 tok/s  (vs base M=1 71.0 ms/tok = 14.08 tok/s -> 1.73x)
[decode] PREFILL: 82 positions in 1291.5 ms = 63.5 tok/s (15.751 ms/tok)
[spec] decoding 200 tokens (block=4, draft passes=1, adaptK=1.50, prompt=5 s=83)...
  [margins] 7.90 4.62 1.50 0.50  K=4
  verify 1: accepted 1/3 (K=4) + correction -> +2 tokens (128.3 ms)  cpos=84
  [margins] 0.39 1.29 0.06 0.24  K=2
  verify 2: accepted 0/1 (K=2) + correction -> +1 tokens (98.4 ms)  cpos=85
  [margins] 1.12 0.67 0.02 0.44  K=2
  verify 3: accepted 1/1 (K=2) + correction -> +2 tokens (96.7 ms)  cpos=87
  [margins] 5.68 1.72 3.99 1.58  K=5
  verify 4: accepted 3/4 (K=5) + correction -> +4 tokens (144.7 ms)  cpos=91
  [margins] 12.32 7.13 7.38 3.52  K=5
  verify 5: accepted 4/4 (K=5) + correction -> +5 tokens (144.3 ms)  cpos=96
  [margins] 8.73 5.33 3.89 3.25  K=5
  verify 6: accepted 0/4 (K=5) + correction -> +1 tokens (136.9 ms)  cpos=97
  [margins] 9.01 6.80 2.48 0.11  K=4
  verify 7: accepted 3/3 (K=4) + correction -> +4 tokens (126.9 ms)  cpos=101
  [margins] 5.06 0.26 1.85 0.73  K=2
  verify 8: accepted 1/1 (K=2) + correction -> +2 tokens (100.5 ms)  cpos=103
  [margins] 2.38 2.06 2.71 0.14  K=4
  verify 9: accepted 3/3 (K=4) + correction -> +4 tokens (127.6 ms)  cpos=107
  [margins] 6.95 8.24 8.41 7.05  K=5
  verify 10: accepted 4/4 (K=5) + correction -> +5 tokens (146.8 ms)  cpos=112
  [margins] 4.69 6.82 10.45 2.44  K=5
  verify 11: accepted 3/4 (K=5) + correction -> +4 tokens (142.3 ms)  cpos=116
  [margins] 4.99 13.95 8.50 2.49  K=5
  verify 12: accepted 4/4 (K=5) + correction -> +5 tokens (141.1 ms)  cpos=121
  [margins] 0.18 7.99 6.68 3.39  K=5
  verify 13: accepted 0/4 (K=5) + correction -> +1 tokens (141.0 ms)  cpos=122
  [margins] 8.05 4.11 8.72 1.99  K=5
  verify 14: accepted 3/4 (K=5) + correction -> +4 tokens (142.5 ms)  cpos=126
  [margins] 11.30 5.92 4.38 11.14  K=5
  verify 15: accepted 4/4 (K=5) + correction -> +5 tokens (156.9 ms)  cpos=131
  [margins] 5.35 11.34 13.55 4.82  K=5
  verify 16: accepted 3/4 (K=5) + correction -> +4 tokens (147.2 ms)  cpos=135
  [margins] 15.64 14.86 10.49 5.71  K=5
  verify 17: accepted 4/4 (K=5) + correction -> +5 tokens (147.0 ms)  cpos=140
  [margins] 8.08 1.93 7.07 2.49  K=5
  verify 18: accepted 0/4 (K=5) + correction -> +1 tokens (135.9 ms)  cpos=141
  [margins] 7.14 5.86 3.97 0.07  K=4
  verify 19: accepted 2/3 (K=4) + correction -> +3 tokens (126.7 ms)  cpos=144
  [margins] 9.91 5.59 6.80 5.73  K=5
  verify 20: accepted 4/4 (K=5) + correction -> +5 tokens (143.5 ms)  cpos=149
  [margins] 14.14 12.13 6.07 7.52  K=5
  verify 21: accepted 4/4 (K=5) + correction -> +5 tokens (142.8 ms)  cpos=154
  [margins] 5.93 9.09 11.33 10.13  K=5
  verify 22: accepted 4/4 (K=5) + correction -> +5 tokens (139.7 ms)  cpos=159
  [margins] 2.95 5.06 1.33 7.37  K=3
  verify 23: accepted 1/2 (K=3) + correction -> +2 tokens (114.1 ms)  cpos=161
  [margins] 10.33 5.63 2.23 3.84  K=5
  verify 24: accepted 2/4 (K=5) + correction -> +3 tokens (139.1 ms)  cpos=164
  [margins] 10.18 7.77 5.34 9.15  K=5
  verify 25: accepted 4/4 (K=5) + correction -> +5 tokens (142.1 ms)  cpos=169
  [margins] 12.38 11.11 8.56 8.77  K=5
  verify 26: accepted 4/4 (K=5) + correction -> +5 tokens (143.1 ms)  cpos=174
  [margins] 8.44 8.07 13.41 10.47  K=5
  verify 27: accepted 4/4 (K=5) + correction -> +5 tokens (141.8 ms)  cpos=179
  [margins] 9.79 12.03 13.31 2.79  K=5
  verify 28: accepted 4/4 (K=5) + correction -> +5 tokens (144.7 ms)  cpos=184
  [margins] 10.56 1.73 5.93 7.57  K=5
  verify 29: accepted 4/4 (K=5) + correction -> +5 tokens (141.6 ms)  cpos=189
  [margins] 13.73 12.11 7.39 9.56  K=5
  verify 30: accepted 4/4 (K=5) + correction -> +5 tokens (143.8 ms)  cpos=194
  [margins] 10.40 5.61 13.57 9.95  K=5
  verify 31: accepted 4/4 (K=5) + correction -> +5 tokens (141.7 ms)  cpos=199
  [margins] 10.05 13.81 14.05 4.46  K=5
  verify 32: accepted 4/4 (K=5) + correction -> +5 tokens (144.8 ms)  cpos=204
  [margins] 9.33 3.38 4.38 7.46  K=5
  verify 33: accepted 4/4 (K=5) + correction -> +5 tokens (141.2 ms)  cpos=209
  [margins] 13.95 11.88 7.49 10.29  K=5
  verify 34: accepted 4/4 (K=5) + correction -> +5 tokens (142.2 ms)  cpos=214
  [margins] 10.48 6.83 13.40 10.40  K=5
  verify 35: accepted 4/4 (K=5) + correction -> +5 tokens (143.3 ms)  cpos=219
  [margins] 10.14 14.22 12.78 3.75  K=5
  verify 36: accepted 4/4 (K=5) + correction -> +5 tokens (145.4 ms)  cpos=224
  [margins] 11.12 6.52 4.11 9.60  K=5
  verify 37: accepted 4/4 (K=5) + correction -> +5 tokens (142.8 ms)  cpos=229
  [margins] 18.92 10.65 8.55 11.32  K=5
  verify 38: accepted 4/4 (K=5) + correction -> +5 tokens (146.3 ms)  cpos=234
  [margins] 11.70 3.50 9.86 6.48  K=5
  verify 39: accepted 4/4 (K=5) + correction -> +5 tokens (145.4 ms)  cpos=239
  [margins] 8.54 14.31 12.17 5.16  K=5
  verify 40: accepted 4/4 (K=5) + correction -> +5 tokens (145.4 ms)  cpos=244
  [margins] 10.55 5.49 7.41 3.93  K=5
  verify 41: accepted 4/4 (K=5) + correction -> +5 tokens (143.3 ms)  cpos=249
  [margins] 14.61 11.45 7.60 11.79  K=5
  verify 42: accepted 4/4 (K=5) + correction -> +5 tokens (143.0 ms)  cpos=254
  [margins] 12.07 7.06 13.83 6.30  K=5
  verify 43: accepted 4/4 (K=5) + correction -> +5 tokens (158.5 ms)  cpos=259
  [margins] 11.08 14.89 13.07 7.12  K=5
  verify 44: accepted 4/4 (K=5) + correction -> +5 tokens (147.5 ms)  cpos=264
  [margins] 11.00 6.44 8.81 9.48  K=5
  verify 45: accepted 4/4 (K=5) + correction -> +5 tokens (143.0 ms)  cpos=269
  [margins] 14.35 12.95 8.15 11.47  K=5
  verify 46: accepted 4/4 (K=5) + correction -> +5 tokens (145.2 ms)  cpos=274
  [margins] 12.57 5.52 14.07 8.79  K=5
  verify 47: accepted 4/4 (K=5) + correction -> +5 tokens (146.7 ms)  cpos=279
  [margins] 12.20 14.90 12.32 7.58  K=5
  verify 48: accepted 4/4 (K=5) + correction -> +5 tokens (146.6 ms)  cpos=284

[spec] generated 202 tokens over 48 verifies: mean tokens/verify = 4.21 (block=4, max 5)
[spec] tokens: 1 50 201 671 15020 4181 362 2775 14817 14922 344 223 25 22765 7975 55 15 3180 16 1 50 201 671 15020 4181 362 2775 14817 14922 344 223 25 22765 7975 55 15 3180 16 1 50
[spec] SPEC-DECODE: 32.8 ms/tok = 30.52 tok/s  (vs base M=1 71.0 ms/tok = 14.08 tok/s -> 2.17x)
[decode] PREFILL: 14 positions in 286.7 ms = 48.8 tok/s (20.478 ms/tok)
[spec] decoding 200 tokens (block=4, draft passes=1, adaptK=1.50, prompt=6 s=15)...
  [margins] 0.58 5.51 0.64 1.01  K=3
  verify 1: accepted 1/2 (K=3) + correction -> +2 tokens (112.5 ms)  cpos=16
  [margins] 2.73 0.34 0.90 1.48  K=2
  verify 2: accepted 1/1 (K=2) + correction -> +2 tokens (96.4 ms)  cpos=18
  [margins] 1.98 0.15 1.81 2.16  K=2
  verify 3: accepted 1/1 (K=2) + correction -> +2 tokens (100.4 ms)  cpos=20
  [margins] 1.68 1.28 3.63 3.13  K=2
  verify 4: accepted 1/1 (K=2) + correction -> +2 tokens (95.5 ms)  cpos=22
  [margins] 2.45 0.45 4.07 2.78  K=2
  verify 5: accepted 1/1 (K=2) + correction -> +2 tokens (99.8 ms)  cpos=24
  [margins] 2.88 1.40 1.17 1.82  K=2
  verify 6: accepted 1/1 (K=2) + correction -> +2 tokens (96.2 ms)  cpos=26
  [margins] 0.16 1.77 2.23 0.73  K=4
  verify 7: accepted 3/3 (K=4) + correction -> +4 tokens (116.9 ms)  cpos=30
  [margins] 1.49 2.46 2.90 1.03  K=4
  verify 8: accepted 0/3 (K=4) + correction -> +1 tokens (116.3 ms)  cpos=31
  [margins] 0.58 2.89 1.78 2.68  K=5
  verify 9: accepted 0/4 (K=5) + correction -> +1 tokens (135.3 ms)  cpos=32
  [margins] 7.20 0.34 3.45 1.16  K=2
  verify 10: accepted 1/1 (K=2) + correction -> +2 tokens (94.5 ms)  cpos=34
  [margins] 1.73 6.51 0.30 0.73  K=3
  verify 11: accepted 2/2 (K=3) + correction -> +3 tokens (108.6 ms)  cpos=37
  [margins] 11.73 7.07 4.12 3.30  K=5
  verify 12: accepted 4/4 (K=5) + correction -> +5 tokens (130.5 ms)  cpos=42
  [margins] 9.34 13.99 8.24 10.07  K=5
  verify 13: accepted 4/4 (K=5) + correction -> +5 tokens (134.3 ms)  cpos=47
  [margins] 9.54 11.72 11.04 9.18  K=5
  verify 14: accepted 4/4 (K=5) + correction -> +5 tokens (139.3 ms)  cpos=52
  [margins] 16.29 10.54 13.21 7.29  K=5
  verify 15: accepted 4/4 (K=5) + correction -> +5 tokens (133.4 ms)  cpos=57
  [margins] 12.58 15.37 9.60 11.00  K=5
  verify 16: accepted 4/4 (K=5) + correction -> +5 tokens (134.6 ms)  cpos=62
  [margins] 9.48 12.41 11.83 9.24  K=5
  verify 17: accepted 4/4 (K=5) + correction -> +5 tokens (135.0 ms)  cpos=67
  [margins] 17.91 10.57 9.36 9.37  K=5
  verify 18: accepted 4/4 (K=5) + correction -> +5 tokens (142.1 ms)  cpos=72
  [margins] 13.18 15.47 8.77 11.55  K=5
  verify 19: accepted 4/4 (K=5) + correction -> +5 tokens (138.3 ms)  cpos=77
  [margins] 9.63 11.61 12.69 8.90  K=5
  verify 20: accepted 4/4 (K=5) + correction -> +5 tokens (136.3 ms)  cpos=82
  [margins] 16.08 10.15 12.73 10.13  K=5
  verify 21: accepted 4/4 (K=5) + correction -> +5 tokens (136.8 ms)  cpos=87
  [margins] 14.36 15.58 9.61 11.21  K=5
  verify 22: accepted 4/4 (K=5) + correction -> +5 tokens (144.6 ms)  cpos=92
  [margins] 10.86 12.17 12.74 11.22  K=5
  verify 23: accepted 4/4 (K=5) + correction -> +5 tokens (137.9 ms)  cpos=97
  [margins] 18.04 11.20 13.90 9.16  K=5
  verify 24: accepted 4/4 (K=5) + correction -> +5 tokens (137.3 ms)  cpos=102
  [margins] 12.38 15.28 9.83 12.40  K=5
  verify 25: accepted 4/4 (K=5) + correction -> +5 tokens (139.5 ms)  cpos=107
  [margins] 10.58 13.41 14.74 11.17  K=5
  verify 26: accepted 4/4 (K=5) + correction -> +5 tokens (143.3 ms)  cpos=112
  [margins] 15.45 10.51 14.28 9.95  K=5
  verify 27: accepted 4/4 (K=5) + correction -> +5 tokens (138.1 ms)  cpos=117
  [margins] 11.04 15.74 9.39 11.31  K=5
  verify 28: accepted 4/4 (K=5) + correction -> +5 tokens (139.2 ms)  cpos=122
  [margins] 10.41 12.87 14.35 9.58  K=5
  verify 29: accepted 4/4 (K=5) + correction -> +5 tokens (138.7 ms)  cpos=127
  [margins] 17.05 10.57 13.62 10.98  K=5
  verify 30: accepted 4/4 (K=5) + correction -> +5 tokens (157.9 ms)  cpos=132
  [margins] 12.71 13.09 9.50 11.35  K=5
  verify 31: accepted 4/4 (K=5) + correction -> +5 tokens (139.7 ms)  cpos=137
  [margins] 10.13 14.20 13.46 9.36  K=5
  verify 32: accepted 4/4 (K=5) + correction -> +5 tokens (136.8 ms)  cpos=142
  [margins] 15.81 11.50 14.28 11.13  K=5
  verify 33: accepted 4/4 (K=5) + correction -> +5 tokens (136.2 ms)  cpos=147
  [margins] 13.58 12.46 8.82 11.61  K=5
  verify 34: accepted 4/4 (K=5) + correction -> +5 tokens (144.8 ms)  cpos=152
  [margins] 10.28 13.16 13.74 8.51  K=5
  verify 35: accepted 4/4 (K=5) + correction -> +5 tokens (136.6 ms)  cpos=157
  [margins] 16.04 9.41 12.84 13.81  K=5
  verify 36: accepted 4/4 (K=5) + correction -> +5 tokens (140.8 ms)  cpos=162
  [margins] 15.32 15.36 9.95 11.84  K=5
  verify 37: accepted 4/4 (K=5) + correction -> +5 tokens (141.0 ms)  cpos=167
  [margins] 10.89 12.49 12.30 9.41  K=5
  verify 38: accepted 4/4 (K=5) + correction -> +5 tokens (145.1 ms)  cpos=172
  [margins] 16.88 9.21 11.44 9.19  K=5
  verify 39: accepted 4/4 (K=5) + correction -> +5 tokens (137.8 ms)  cpos=177
  [margins] 13.82 15.22 9.53 11.89  K=5
  verify 40: accepted 4/4 (K=5) + correction -> +5 tokens (141.1 ms)  cpos=182
  [margins] 10.65 13.12 13.64 10.11  K=5
  verify 41: accepted 4/4 (K=5) + correction -> +5 tokens (141.0 ms)  cpos=187
  [margins] 17.49 10.66 13.24 12.05  K=5
  verify 42: accepted 4/4 (K=5) + correction -> +5 tokens (146.9 ms)  cpos=192
  [margins] 14.27 15.28 8.92 11.60  K=5
  verify 43: accepted 4/4 (K=5) + correction -> +5 tokens (141.9 ms)  cpos=197
  [margins] 9.98 12.24 12.92 9.02  K=5
  verify 44: accepted 4/4 (K=5) + correction -> +5 tokens (141.5 ms)  cpos=202
  [margins] 17.59 10.07 12.84 11.09  K=5
  verify 45: accepted 4/4 (K=5) + correction -> +5 tokens (137.5 ms)  cpos=207
  [margins] 14.69 14.66 8.93 11.15  K=5
  verify 46: accepted 4/4 (K=5) + correction -> +5 tokens (148.3 ms)  cpos=212
  [margins] 10.65 12.48 15.28 10.67  K=5
  verify 47: accepted 4/4 (K=5) + correction -> +5 tokens (138.7 ms)  cpos=217

[spec] generated 203 tokens over 47 verifies: mean tokens/verify = 4.32 (block=4, max 5)
[spec] tokens: 1 16 1 16 1 16 1 16 1 16 1 16 1 16 1 16 403 31310 16 403 31310 16 403 31310 16 403 31310 16 403 31310 16 403 31310 16 403 31310 16 403 31310 16
[spec] SPEC-DECODE: 30.3 ms/tok = 32.99 tok/s  (vs base M=1 71.0 ms/tok = 14.08 tok/s -> 2.34x)
[decode] PREFILL: 37 positions in 636.6 ms = 58.1 tok/s (17.204 ms/tok)
[spec] decoding 200 tokens (block=4, draft passes=1, adaptK=1.50, prompt=7 s=38)...
  [margins] 1.11 3.00 0.01 0.01  K=3
  verify 1: accepted 0/2 (K=3) + correction -> +1 tokens (114.2 ms)  cpos=38
  [margins] 0.12 0.02 0.34 2.88  K=2
  verify 2: accepted 0/1 (K=2) + correction -> +1 tokens (98.0 ms)  cpos=39
  [margins] 1.82 0.62 5.21 0.20  K=2
  verify 3: accepted 1/1 (K=2) + correction -> +2 tokens (97.5 ms)  cpos=41
  [margins] 3.11 0.30 1.39 6.18  K=2
  verify 4: accepted 1/1 (K=2) + correction -> +2 tokens (93.3 ms)  cpos=43
  [margins] 0.66 1.82 0.10 2.62  K=3
  verify 5: accepted 0/2 (K=3) + correction -> +1 tokens (109.1 ms)  cpos=44
  [margins] 0.31 0.97 0.74 0.11  K=2
  verify 6: accepted 0/1 (K=2) + correction -> +1 tokens (95.2 ms)  cpos=45
  [margins] 0.27 0.16 1.99 2.77  K=2
  verify 7: accepted 0/1 (K=2) + correction -> +1 tokens (94.1 ms)  cpos=46
  [margins] 1.05 1.58 1.76 0.25  K=4
  verify 8: accepted 0/3 (K=4) + correction -> +1 tokens (124.3 ms)  cpos=47
  [margins] 2.28 2.82 0.30 0.32  K=3
  verify 9: accepted 1/2 (K=3) + correction -> +2 tokens (111.4 ms)  cpos=49
  [margins] 8.03 6.83 6.15 2.53  K=5
  verify 10: accepted 4/4 (K=5) + correction -> +5 tokens (136.5 ms)  cpos=54
  [margins] 0.43 0.11 1.05 0.81  K=2
  verify 11: accepted 0/1 (K=2) + correction -> +1 tokens (100.3 ms)  cpos=55
  [margins] 2.01 0.79 1.72 1.10  K=2
  verify 12: accepted 1/1 (K=2) + correction -> +2 tokens (99.9 ms)  cpos=57
  [margins] 2.74 0.76 0.34 1.71  K=2
  verify 13: accepted 1/1 (K=2) + correction -> +2 tokens (95.8 ms)  cpos=59
  [margins] 4.30 2.08 0.42 0.18  K=3
  verify 14: accepted 2/2 (K=3) + correction -> +3 tokens (111.9 ms)  cpos=62
  [margins] 1.68 0.88 0.38 1.88  K=2
  verify 15: accepted 1/1 (K=2) + correction -> +2 tokens (100.1 ms)  cpos=64
  [margins] 6.12 8.79 4.12 2.96  K=5
  verify 16: accepted 3/4 (K=5) + correction -> +4 tokens (138.5 ms)  cpos=68
  [margins] 5.82 2.36 0.35 0.23  K=3
  verify 17: accepted 2/2 (K=3) + correction -> +3 tokens (106.9 ms)  cpos=71
  [margins] 2.16 1.54 3.51 0.45  K=4
  verify 18: accepted 3/3 (K=4) + correction -> +4 tokens (123.2 ms)  cpos=75
  [margins] 2.89 8.98 1.46 3.86  K=3
  verify 19: accepted 2/2 (K=3) + correction -> +3 tokens (109.8 ms)  cpos=78
  [margins] 8.64 7.95 6.22 7.37  K=5
  verify 20: accepted 4/4 (K=5) + correction -> +5 tokens (133.6 ms)  cpos=83
  [margins] 14.58 9.56 9.13 6.82  K=5
  verify 21: accepted 4/4 (K=5) + correction -> +5 tokens (147.3 ms)  cpos=88
  [margins] 10.08 6.90 6.89 3.04  K=5
  verify 22: accepted 4/4 (K=5) + correction -> +5 tokens (137.7 ms)  cpos=93
  [margins] 4.80 3.39 2.49 2.72  K=5
  verify 23: accepted 3/4 (K=5) + correction -> +4 tokens (136.0 ms)  cpos=97
  [margins] 9.84 13.13 11.01 9.66  K=5
  verify 24: accepted 4/4 (K=5) + correction -> +5 tokens (142.1 ms)  cpos=102
  [margins] 16.26 8.98 3.93 0.40  K=4
  verify 25: accepted 3/3 (K=4) + correction -> +4 tokens (129.8 ms)  cpos=106
  [margins] 9.77 8.40 7.81 6.68  K=5
  verify 26: accepted 4/4 (K=5) + correction -> +5 tokens (141.6 ms)  cpos=111
  [margins] 10.59 5.98 8.33 4.11  K=5
  verify 27: accepted 4/4 (K=5) + correction -> +5 tokens (149.1 ms)  cpos=116
  [margins] 4.71 7.50 4.93 0.42  K=4
  verify 28: accepted 3/3 (K=4) + correction -> +4 tokens (128.2 ms)  cpos=120
  [margins] 13.61 9.23 7.53 10.50  K=5
  verify 29: accepted 4/4 (K=5) + correction -> +5 tokens (141.8 ms)  cpos=125
  [margins] 6.57 8.32 2.16 7.06  K=5
  verify 30: accepted 4/4 (K=5) + correction -> +5 tokens (155.4 ms)  cpos=130
  [margins] 5.90 2.56 4.56 0.12  K=4
  verify 31: accepted 1/3 (K=4) + correction -> +2 tokens (129.0 ms)  cpos=132
  [margins] 5.49 1.91 3.79 2.15  K=5
  verify 32: accepted 4/4 (K=5) + correction -> +5 tokens (140.1 ms)  cpos=137
  [margins] 2.81 0.21 0.30 0.19  K=2
  verify 33: accepted 1/1 (K=2) + correction -> +2 tokens (100.6 ms)  cpos=139
  [margins] 5.69 1.09 5.63 6.08  K=2
  verify 34: accepted 1/1 (K=2) + correction -> +2 tokens (103.2 ms)  cpos=141
  [margins] 9.64 8.91 6.12 2.16  K=5
  verify 35: accepted 4/4 (K=5) + correction -> +5 tokens (143.3 ms)  cpos=146
  [margins] 7.77 10.25 10.32 11.47  K=5
  verify 36: accepted 4/4 (K=5) + correction -> +5 tokens (144.6 ms)  cpos=151
  [margins] 2.66 1.08 0.69 8.03  K=2
  verify 37: accepted 1/1 (K=2) + correction -> +2 tokens (107.3 ms)  cpos=153
  [margins] 1.88 2.84 2.03 0.92  K=4
  verify 38: accepted 0/3 (K=4) + correction -> +1 tokens (118.0 ms)  cpos=154
  [margins] 6.26 3.28 0.34 0.33  K=3
  verify 39: accepted 1/2 (K=3) + correction -> +2 tokens (113.3 ms)  cpos=156
  [margins] 6.12 3.58 0.49 1.89  K=3
  verify 40: accepted 1/2 (K=3) + correction -> +2 tokens (108.1 ms)  cpos=158
  [margins] 3.62 0.55 4.04 2.42  K=2
  verify 41: accepted 1/1 (K=2) + correction -> +2 tokens (104.8 ms)  cpos=160
  [margins] 3.93 2.04 3.50 1.19  K=4
  verify 42: accepted 3/3 (K=4) + correction -> +4 tokens (122.2 ms)  cpos=164
  [margins] 3.71 5.24 4.12 1.65  K=5
  verify 43: accepted 4/4 (K=5) + correction -> +5 tokens (132.9 ms)  cpos=169
  [margins] 5.77 4.81 4.20 3.67  K=5
  verify 44: accepted 4/4 (K=5) + correction -> +5 tokens (132.0 ms)  cpos=174
  [margins] 3.10 6.73 3.52 4.70  K=5
  verify 45: accepted 4/4 (K=5) + correction -> +5 tokens (132.8 ms)  cpos=179
  [margins] 6.12 4.57 5.79 3.89  K=5
  verify 46: accepted 4/4 (K=5) + correction -> +5 tokens (137.0 ms)  cpos=184
  [margins] 0.82 7.28 4.70 4.98  K=5
  verify 47: accepted 4/4 (K=5) + correction -> +5 tokens (133.5 ms)  cpos=189
  [margins] 6.69 4.84 7.43 4.13  K=5
  verify 48: accepted 4/4 (K=5) + correction -> +5 tokens (132.9 ms)  cpos=194
  [margins] 0.94 7.52 3.91 4.83  K=5
  verify 49: accepted 4/4 (K=5) + correction -> +5 tokens (133.3 ms)  cpos=199
  [margins] 8.02 4.50 6.45 4.04  K=5
  verify 50: accepted 4/4 (K=5) + correction -> +5 tokens (137.4 ms)  cpos=204
  [margins] 1.45 6.34 4.70 2.69  K=5
  verify 51: accepted 4/4 (K=5) + correction -> +5 tokens (134.1 ms)  cpos=209
  [margins] 7.57 5.05 5.95 3.72  K=5
  verify 52: accepted 4/4 (K=5) + correction -> +5 tokens (132.6 ms)  cpos=214
  [margins] 1.51 7.03 3.12 4.17  K=5
  verify 53: accepted 4/4 (K=5) + correction -> +5 tokens (133.0 ms)  cpos=219
  [margins] 6.95 5.16 6.37 3.04  K=5
  verify 54: accepted 4/4 (K=5) + correction -> +5 tokens (139.7 ms)  cpos=224
  [margins] 2.23 6.75 3.91 3.54  K=5
  verify 55: accepted 4/4 (K=5) + correction -> +5 tokens (133.0 ms)  cpos=229
  [margins] 7.17 5.01 6.27 3.68  K=5
  verify 56: accepted 1/4 (K=5) + correction -> +2 tokens (132.7 ms)  cpos=231
  [margins] 8.23 1.09 3.03 3.21  K=2
  verify 57: accepted 0/1 (K=2) + correction -> +1 tokens (103.1 ms)  cpos=232
  [margins] 5.84 2.76 7.48 1.44  K=4
  verify 58: accepted 1/3 (K=4) + correction -> +2 tokens (125.1 ms)  cpos=234
  [margins] 3.40 1.38 3.19 0.13  K=2
  verify 59: accepted 1/1 (K=2) + correction -> +2 tokens (102.2 ms)  cpos=236
  [margins] 3.45 0.61 5.64 0.45  K=2
  verify 60: accepted 0/1 (K=2) + correction -> +1 tokens (98.3 ms)  cpos=237

[spec] generated 200 tokens over 60 verifies: mean tokens/verify = 3.33 (block=4, max 5)
[spec] tokens: 343 12888 28 566 344 260 19075 3417 9508 5718 270 2753 294 270 6616 366 1512 1527 27819 13459 16 5715 270 12919 6329 1512 1527 940 223 19 27819 13459 16 455 3452 2753 344 979 7490 201
[spec] SPEC-DECODE: 36.3 ms/tok = 27.53 tok/s  (vs base M=1 71.0 ms/tok = 14.08 tok/s -> 1.96x)
[decode] PREFILL: 12 positions in 251.0 ms = 47.8 tok/s (20.913 ms/tok)
[spec] decoding 200 tokens (block=4, draft passes=1, adaptK=1.50, prompt=8 s=13)...
  [margins] 2.37 0.99 0.12 0.72  K=2
  verify 1: accepted 1/1 (K=2) + correction -> +2 tokens (96.7 ms)  cpos=14
  [margins] 0.55 5.79 1.94 0.27  K=4
  verify 2: accepted 0/3 (K=4) + correction -> +1 tokens (125.6 ms)  cpos=15
  [margins] 0.05 0.89 1.67 0.48  K=2
  verify 3: accepted 1/1 (K=2) + correction -> +2 tokens (99.5 ms)  cpos=17
  [margins] 0.94 0.09 0.86 3.03  K=2
  verify 4: accepted 1/1 (K=2) + correction -> +2 tokens (95.9 ms)  cpos=19
  [margins] 2.81 0.23 0.95 0.21  K=2
  verify 5: accepted 1/1 (K=2) + correction -> +2 tokens (99.7 ms)  cpos=21
  [margins] 2.74 0.17 3.81 0.54  K=2
  verify 6: accepted 1/1 (K=2) + correction -> +2 tokens (96.3 ms)  cpos=23
  [margins] 2.91 0.33 0.50 4.91  K=2
  verify 7: accepted 1/1 (K=2) + correction -> +2 tokens (99.6 ms)  cpos=25
  [margins] 3.95 0.40 1.10 0.05  K=2
  verify 8: accepted 1/1 (K=2) + correction -> +2 tokens (95.9 ms)  cpos=27
  [margins] 4.59 0.04 1.80 0.50  K=2
  verify 9: accepted 1/1 (K=2) + correction -> +2 tokens (100.6 ms)  cpos=29
  [margins] 5.39 0.53 1.83 0.50  K=2
  verify 10: accepted 1/1 (K=2) + correction -> +2 tokens (96.4 ms)  cpos=31
  [margins] 5.91 0.44 2.18 0.72  K=2
  verify 11: accepted 1/1 (K=2) + correction -> +2 tokens (100.1 ms)  cpos=33
  [margins] 5.76 0.26 3.65 0.51  K=2
  verify 12: accepted 1/1 (K=2) + correction -> +2 tokens (96.9 ms)  cpos=35
  [margins] 6.64 0.30 5.55 0.77  K=2
  verify 13: accepted 1/1 (K=2) + correction -> +2 tokens (100.8 ms)  cpos=37
  [margins] 5.82 0.13 5.57 0.32  K=2
  verify 14: accepted 1/1 (K=2) + correction -> +2 tokens (96.6 ms)  cpos=39
  [margins] 6.97 0.60 5.99 0.44  K=2
  verify 15: accepted 1/1 (K=2) + correction -> +2 tokens (100.9 ms)  cpos=41
  [margins] 6.41 0.14 5.42 0.88  K=2
  verify 16: accepted 1/1 (K=2) + correction -> +2 tokens (97.7 ms)  cpos=43
  [margins] 6.90 0.39 5.74 0.94  K=2
  verify 17: accepted 1/1 (K=2) + correction -> +2 tokens (100.5 ms)  cpos=45
  [margins] 6.25 0.96 4.45 1.09  K=2
  verify 18: accepted 0/1 (K=2) + correction -> +1 tokens (94.3 ms)  cpos=46
  [margins] 5.31 4.39 7.26 1.38  K=4
  verify 19: accepted 3/3 (K=4) + correction -> +4 tokens (124.3 ms)  cpos=50
  [margins] 3.01 1.67 1.16 0.42  K=3
  verify 20: accepted 2/2 (K=3) + correction -> +3 tokens (111.4 ms)  cpos=53
  [margins] 8.09 9.26 0.08 1.25  K=3
  verify 21: accepted 2/2 (K=3) + correction -> +3 tokens (109.8 ms)  cpos=56
  [margins] 2.32 0.56 3.10 1.21  K=2
  verify 22: accepted 1/1 (K=2) + correction -> +2 tokens (98.1 ms)  cpos=58
  [margins] 0.33 6.77 0.62 3.67  K=3
  verify 23: accepted 0/2 (K=3) + correction -> +1 tokens (108.9 ms)  cpos=59
  [margins] 0.83 2.77 4.05 4.88  K=5
  verify 24: accepted 0/4 (K=5) + correction -> +1 tokens (138.4 ms)  cpos=60
  [margins] 6.03 4.16 6.78 7.42  K=5
  verify 25: accepted 4/4 (K=5) + correction -> +5 tokens (136.1 ms)  cpos=65
  [margins] 6.84 4.38 10.80 11.96  K=5
  verify 26: accepted 4/4 (K=5) + correction -> +5 tokens (137.8 ms)  cpos=70
  [margins] 2.18 3.06 0.89 2.22  K=3
  verify 27: accepted 0/2 (K=3) + correction -> +1 tokens (113.1 ms)  cpos=71
  [margins] 0.70 2.95 2.52 3.51  K=5
  verify 28: accepted 0/4 (K=5) + correction -> +1 tokens (140.1 ms)  cpos=72
  [margins] 2.52 2.41 4.69 7.53  K=5
  verify 29: accepted 4/4 (K=5) + correction -> +5 tokens (137.9 ms)  cpos=77
  [margins] 6.62 3.20 8.58 11.45  K=5
  verify 30: accepted 4/4 (K=5) + correction -> +5 tokens (138.0 ms)  cpos=82
  [margins] 3.51 5.53 5.02 5.35  K=5
  verify 31: accepted 4/4 (K=5) + correction -> +5 tokens (138.2 ms)  cpos=87
  [margins] 8.80 5.05 8.10 7.76  K=5
  verify 32: accepted 4/4 (K=5) + correction -> +5 tokens (144.3 ms)  cpos=92
  [margins] 6.95 1.59 4.44 3.39  K=5
  verify 33: accepted 4/4 (K=5) + correction -> +5 tokens (138.2 ms)  cpos=97
  [margins] 7.80 7.36 8.01 2.11  K=5
  verify 34: accepted 4/4 (K=5) + correction -> +5 tokens (142.2 ms)  cpos=102
  [margins] 10.35 9.12 9.32 0.46  K=4
  verify 35: accepted 3/3 (K=4) + correction -> +4 tokens (127.5 ms)  cpos=106
  [margins] 6.10 9.02 8.69 6.81  K=5
  verify 36: accepted 4/4 (K=5) + correction -> +5 tokens (140.9 ms)  cpos=111
  [margins] 7.65 4.64 2.07 4.28  K=5
  verify 37: accepted 4/4 (K=5) + correction -> +5 tokens (145.9 ms)  cpos=116
  [margins] 12.67 3.52 7.31 8.29  K=5
  verify 38: accepted 4/4 (K=5) + correction -> +5 tokens (141.4 ms)  cpos=121
  [margins] 7.06 9.28 7.16 5.56  K=5
  verify 39: accepted 4/4 (K=5) + correction -> +5 tokens (139.7 ms)  cpos=126
  [margins] 11.13 8.44 10.54 1.67  K=5
  verify 40: accepted 4/4 (K=5) + correction -> +5 tokens (154.7 ms)  cpos=131
  [margins] 9.48 10.87 9.76 4.16  K=5
  verify 41: accepted 4/4 (K=5) + correction -> +5 tokens (148.6 ms)  cpos=136
  [margins] 7.56 9.49 6.85 8.35  K=5
  verify 42: accepted 4/4 (K=5) + correction -> +5 tokens (143.8 ms)  cpos=141
  [margins] 3.84 7.02 2.56 8.88  K=5
  verify 43: accepted 4/4 (K=5) + correction -> +5 tokens (142.6 ms)  cpos=146
  [margins] 9.02 6.41 0.40 8.96  K=3
  verify 44: accepted 2/2 (K=3) + correction -> +3 tokens (118.5 ms)  cpos=149
  [margins] 10.80 6.32 7.70 11.80  K=5
  verify 45: accepted 4/4 (K=5) + correction -> +5 tokens (143.7 ms)  cpos=154
  [margins] 6.47 9.67 10.13 7.80  K=5
  verify 46: accepted 4/4 (K=5) + correction -> +5 tokens (144.1 ms)  cpos=159
  [margins] 8.02 4.43 3.71 3.24  K=5
  verify 47: accepted 4/4 (K=5) + correction -> +5 tokens (147.2 ms)  cpos=164
  [margins] 5.69 2.45 7.34 6.08  K=5
  verify 48: accepted 4/4 (K=5) + correction -> +5 tokens (142.7 ms)  cpos=169
  [margins] 11.66 7.70 8.77 5.26  K=5
  verify 49: accepted 4/4 (K=5) + correction -> +5 tokens (141.7 ms)  cpos=174
  [margins] 12.27 11.70 10.46 1.31  K=4
  verify 50: accepted 3/3 (K=4) + correction -> +4 tokens (130.6 ms)  cpos=178
  [margins] 6.48 9.25 9.91 10.33  K=5
  verify 51: accepted 4/4 (K=5) + correction -> +5 tokens (141.6 ms)  cpos=183
  [margins] 10.52 7.01 10.34 3.96  K=5
  verify 52: accepted 4/4 (K=5) + correction -> +5 tokens (149.3 ms)  cpos=188
  [margins] 5.02 3.62 6.59 5.70  K=5
  verify 53: accepted 4/4 (K=5) + correction -> +5 tokens (141.2 ms)  cpos=193
  [margins] 10.26 11.32 8.02 3.57  K=5
  verify 54: accepted 4/4 (K=5) + correction -> +5 tokens (144.4 ms)  cpos=198
  [margins] 13.93 10.45 9.51 2.09  K=5
  verify 55: accepted 4/4 (K=5) + correction -> +5 tokens (141.4 ms)  cpos=203
  [margins] 9.99 10.77 8.09 2.16  K=5
  verify 56: accepted 4/4 (K=5) + correction -> +5 tokens (148.7 ms)  cpos=208
  [margins] 7.06 11.46 7.30 6.06  K=5
  verify 57: accepted 4/4 (K=5) + correction -> +5 tokens (142.3 ms)  cpos=213

[spec] generated 201 tokens over 57 verifies: mean tokens/verify = 3.53 (block=4, max 5)
[spec] tokens: 1 201 1 201 1 201 1 201 1 201 1 201 1 201 1 201 1 201 1 201 1 201 1 201 1 201 1 201 1 201 1 201 3085 344 270 6102 294 8760 33 9361
[spec] SPEC-DECODE: 35.3 ms/tok = 28.36 tok/s  (vs base M=1 71.0 ms/tok = 14.08 tok/s -> 2.01x)
[decode] PREFILL: 5 positions in 128.9 ms = 38.8 tok/s (25.780 ms/tok)
[spec] decoding 200 tokens (block=5, draft passes=1, adaptK=1.50, prompt=0 s=6)...
  [margins] 2.05 1.19 0.61 0.58 0.22  K=2
  verify 1: accepted 1/1 (K=2) + correction -> +2 tokens (95.7 ms)  cpos=7
  [margins] 0.60 1.60 0.04 0.44 0.35  K=3
  verify 2: accepted 0/2 (K=3) + correction -> +1 tokens (115.6 ms)  cpos=8
  [margins] 1.18 0.81 1.95 0.10 1.99  K=2
  verify 3: accepted 1/1 (K=2) + correction -> +2 tokens (96.1 ms)  cpos=10
  [margins] 2.89 0.04 4.08 0.51 1.27  K=2
  verify 4: accepted 0/1 (K=2) + correction -> +1 tokens (98.6 ms)  cpos=11
  [margins] 6.80 0.12 0.48 2.09 2.52  K=2
  verify 5: accepted 1/1 (K=2) + correction -> +2 tokens (99.3 ms)  cpos=13
  [margins] 4.24 3.20 5.22 2.06 0.47  K=5
  verify 6: accepted 4/4 (K=5) + correction -> +5 tokens (137.3 ms)  cpos=18
  [margins] 4.93 2.41 2.85 0.84 0.97  K=4
  verify 7: accepted 1/3 (K=4) + correction -> +2 tokens (125.6 ms)  cpos=20
  [margins] 2.54 2.12 5.10 2.04 1.74  K=6
  verify 8: accepted 4/5 (K=6) + correction -> +5 tokens (153.1 ms)  cpos=25
  [margins] 7.00 2.19 1.93 3.05 2.44  K=6
  verify 9: accepted 1/5 (K=6) + correction -> +2 tokens (154.9 ms)  cpos=27
  [margins] 3.58 3.38 6.04 2.45 0.02  K=5
  verify 10: accepted 4/4 (K=5) + correction -> +5 tokens (144.6 ms)  cpos=32
  [margins] 7.04 0.68 3.61 1.58 1.68  K=2
  verify 11: accepted 1/1 (K=2) + correction -> +2 tokens (96.6 ms)  cpos=34
  [margins] 2.18 3.88 5.15 1.54 0.74  K=5
  verify 12: accepted 4/4 (K=5) + correction -> +5 tokens (139.2 ms)  cpos=39
  [margins] 4.79 0.55 4.59 2.46 3.40  K=2
  verify 13: accepted 1/1 (K=2) + correction -> +2 tokens (101.0 ms)  cpos=41
  [margins] 3.53 3.69 6.21 1.58 1.31  K=5
  verify 14: accepted 4/4 (K=5) + correction -> +5 tokens (138.4 ms)  cpos=46
  [margins] 1.87 0.92 4.00 0.97 3.56  K=2
  verify 15: accepted 1/1 (K=2) + correction -> +2 tokens (100.7 ms)  cpos=48
  [margins] 0.03 0.79 1.18 0.36 3.10  K=2
  verify 16: accepted 1/1 (K=2) + correction -> +2 tokens (97.8 ms)  cpos=50
  [margins] 4.48 3.88 4.38 1.14 3.07  K=4
  verify 17: accepted 3/3 (K=4) + correction -> +4 tokens (129.5 ms)  cpos=54
  [margins] 2.83 1.75 6.72 0.25 2.60  K=4
  verify 18: accepted 3/3 (K=4) + correction -> +4 tokens (127.1 ms)  cpos=58
  [margins] 1.31 5.27 5.19 6.26 1.31  K=5
  verify 19: accepted 0/4 (K=5) + correction -> +1 tokens (140.0 ms)  cpos=59
  [margins] 5.62 5.99 6.02 0.03 4.35  K=4
  verify 20: accepted 3/3 (K=4) + correction -> +4 tokens (128.8 ms)  cpos=63
  [margins] 0.31 0.72 6.97 0.93 3.59  K=2
  verify 21: accepted 0/1 (K=2) + correction -> +1 tokens (102.1 ms)  cpos=64
  [margins] 6.56 0.71 3.24 2.43 3.60  K=2
  verify 22: accepted 1/1 (K=2) + correction -> +2 tokens (98.3 ms)  cpos=66
  [margins] 4.43 6.02 5.28 1.97 0.03  K=5
  verify 23: accepted 4/4 (K=5) + correction -> +5 tokens (140.9 ms)  cpos=71
  [margins] 6.86 1.93 2.12 1.91 1.62  K=6
  verify 24: accepted 5/5 (K=6) + correction -> +6 tokens (165.1 ms)  cpos=77
  [margins] 0.98 0.75 6.52 1.74 5.01  K=2
  verify 25: accepted 0/1 (K=2) + correction -> +1 tokens (99.5 ms)  cpos=78
  [margins] 6.19 0.44 1.78 5.11 2.83  K=2
  verify 26: accepted 1/1 (K=2) + correction -> +2 tokens (104.1 ms)  cpos=80
  [margins] 5.33 6.38 5.57 3.31 1.18  K=5
  verify 27: accepted 4/4 (K=5) + correction -> +5 tokens (141.7 ms)  cpos=85
  [margins] 7.43 0.08 1.65 3.24 4.02  K=2
  verify 28: accepted 1/1 (K=2) + correction -> +2 tokens (99.0 ms)  cpos=87
  [margins] 6.29 4.56 7.24 2.42 3.20  K=6
  verify 29: accepted 4/5 (K=6) + correction -> +5 tokens (164.9 ms)  cpos=92
  [margins] 8.03 1.15 0.71 3.20 4.77  K=2
  verify 30: accepted 1/1 (K=2) + correction -> +2 tokens (100.3 ms)  cpos=94
  [margins] 4.84 4.28 4.83 3.96 2.80  K=6
  verify 31: accepted 4/5 (K=6) + correction -> +5 tokens (166.1 ms)  cpos=99
  [margins] 6.29 1.55 0.81 3.62 4.81  K=3
  verify 32: accepted 1/2 (K=3) + correction -> +2 tokens (118.2 ms)  cpos=101
  [margins] 7.52 5.65 5.46 1.01 2.38  K=4
  verify 33: accepted 3/3 (K=4) + correction -> +4 tokens (131.6 ms)  cpos=105
  [margins] 1.67 7.95 0.81 7.12 4.46  K=3
  verify 34: accepted 2/2 (K=3) + correction -> +3 tokens (118.6 ms)  cpos=108
  [margins] 7.21 5.82 6.31 2.90 2.43  K=6
  verify 35: accepted 4/5 (K=6) + correction -> +5 tokens (162.3 ms)  cpos=113
  [margins] 7.95 1.59 0.57 3.76 2.83  K=3
  verify 36: accepted 1/2 (K=3) + correction -> +2 tokens (117.3 ms)  cpos=115
  [margins] 4.16 2.13 6.86 1.97 0.03  K=5
  verify 37: accepted 4/4 (K=5) + correction -> +5 tokens (150.2 ms)  cpos=120
  [margins] 7.72 1.12 0.61 4.91 4.33  K=2
  verify 38: accepted 1/1 (K=2) + correction -> +2 tokens (101.6 ms)  cpos=122
  [margins] 6.37 3.29 5.57 3.65 1.86  K=6
  verify 39: accepted 4/5 (K=6) + correction -> +5 tokens (183.9 ms)  cpos=127
  [margins] 8.02 0.94 1.17 4.06 5.21  K=2
  verify 40: accepted 1/1 (K=2) + correction -> +2 tokens (120.3 ms)  cpos=129
  [margins] 8.24 6.40 8.84 1.73 1.27  K=5
  verify 41: accepted 4/4 (K=5) + correction -> +5 tokens (144.1 ms)  cpos=134
  [margins] 7.28 1.58 1.56 2.49 4.36  K=6
  verify 42: accepted 1/5 (K=6) + correction -> +2 tokens (168.1 ms)  cpos=136
  [margins] 8.18 5.23 6.00 1.81 1.55  K=6
  verify 43: accepted 5/5 (K=6) + correction -> +6 tokens (162.5 ms)  cpos=142
  [margins] 9.36 9.46 2.51 2.12 5.31  K=6
  verify 44: accepted 2/5 (K=6) + correction -> +3 tokens (165.7 ms)  cpos=145
  [margins] 5.82 6.15 7.36 1.89 2.11  K=6
  verify 45: accepted 4/5 (K=6) + correction -> +5 tokens (160.5 ms)  cpos=150
  [margins] 7.07 0.93 2.14 5.72 5.18  K=2
  verify 46: accepted 1/1 (K=2) + correction -> +2 tokens (105.7 ms)  cpos=152
  [margins] 14.45 3.20 7.77 8.29 9.15  K=6
  verify 47: accepted 1/5 (K=6) + correction -> +2 tokens (162.2 ms)  cpos=154
  [margins] 4.07 8.00 7.85 4.30 2.91  K=6
  verify 48: accepted 4/5 (K=6) + correction -> +5 tokens (166.8 ms)  cpos=159
  [margins] 4.15 0.14 3.68 2.71 6.55  K=2
  verify 49: accepted 1/1 (K=2) + correction -> +2 tokens (105.5 ms)  cpos=161
  [margins] 9.72 6.61 7.89 7.57 3.35  K=6
  verify 50: accepted 5/5 (K=6) + correction -> +6 tokens (163.5 ms)  cpos=167
  [margins] 6.56 1.08 3.04 4.70 4.82  K=2
  verify 51: accepted 1/1 (K=2) + correction -> +2 tokens (105.8 ms)  cpos=169
  [margins] 2.76 4.40 6.02 3.43 2.95  K=6
  verify 52: accepted 4/5 (K=6) + correction -> +5 tokens (161.1 ms)  cpos=174
  [margins] 3.91 1.91 1.19 4.55 5.20  K=3
  verify 53: accepted 1/2 (K=3) + correction -> +2 tokens (117.7 ms)  cpos=176
  [margins] 4.48 5.63 6.55 2.62 0.58  K=5
  verify 54: accepted 4/4 (K=5) + correction -> +5 tokens (145.1 ms)  cpos=181
  [margins] 6.69 1.83 0.30 2.10 5.91  K=3
  verify 55: accepted 1/2 (K=3) + correction -> +2 tokens (118.5 ms)  cpos=183
  [margins] 4.00 5.26 8.69 2.26 1.00  K=5
  verify 56: accepted 4/4 (K=5) + correction -> +5 tokens (151.3 ms)  cpos=188
  [margins] 0.93 0.81 1.43 0.24 6.11  K=2
  verify 57: accepted 1/1 (K=2) + correction -> +2 tokens (102.7 ms)  cpos=190
  [margins] 9.52 1.80 1.13 4.33 2.97  K=3
  verify 58: accepted 1/2 (K=3) + correction -> +2 tokens (119.0 ms)  cpos=192
  [margins] 5.40 2.31 6.77 6.09 8.68  K=6
  verify 59: accepted 5/5 (K=6) + correction -> +6 tokens (163.0 ms)  cpos=198
  [margins] 1.36 6.22 0.44 1.58 3.62  K=3
  verify 60: accepted 2/2 (K=3) + correction -> +3 tokens (119.4 ms)  cpos=201
  [margins] 5.79 7.65 8.94 7.61 1.24  K=5
  verify 61: accepted 4/4 (K=5) + correction -> +5 tokens (145.4 ms)  cpos=206

[spec] generated 201 tokens over 61 verifies: mean tokens/verify = 3.30 (block=5, max 6)
[spec] tokens: 11111 16 455 6102 294 16603 344 29168 16 455 6102 294 14251 344 16235 16 455 6102 294 29585 344 76405 16 455 6102 294 25062 344 40977 16 455 6102 294 10322 344 17575 16 455 6102 294
[spec] LOSSLESS GATE: first 8 tokens match base AR -> PASS
[spec] SPEC-DECODE: 39.5 ms/tok = 25.31 tok/s  (vs base M=1 71.0 ms/tok = 14.08 tok/s -> 1.80x)
[decode] PREFILL: 34 positions in 596.5 ms = 57.0 tok/s (17.544 ms/tok)
[spec] decoding 200 tokens (block=5, draft passes=1, adaptK=1.50, prompt=1 s=35)...
  [margins] 1.87 2.62 1.63 1.76 1.55  K=6
  verify 1: accepted 0/5 (K=6) + correction -> +1 tokens (156.1 ms)  cpos=35
  [margins] 2.73 2.31 1.91 2.31 5.21  K=6
  verify 2: accepted 0/5 (K=6) + correction -> +1 tokens (159.4 ms)  cpos=36
  [margins] 1.33 1.64 0.43 3.75 0.82  K=3
  verify 3: accepted 0/2 (K=3) + correction -> +1 tokens (106.5 ms)  cpos=37
  [margins] 1.68 1.94 1.88 1.41 0.83  K=4
  verify 4: accepted 2/3 (K=4) + correction -> +3 tokens (123.1 ms)  cpos=40
  [margins] 0.74 0.54 0.88 0.15 1.23  K=2
  verify 5: accepted 0/1 (K=2) + correction -> +1 tokens (97.5 ms)  cpos=41
  [margins] 1.03 3.73 0.19 1.00 1.07  K=3
  verify 6: accepted 2/2 (K=3) + correction -> +3 tokens (112.8 ms)  cpos=44
  [margins] 0.29 6.09 9.75 2.47 0.80  K=5
  verify 7: accepted 4/4 (K=5) + correction -> +5 tokens (137.8 ms)  cpos=49
  [margins] 5.70 1.82 0.96 1.49 0.84  K=3
  verify 8: accepted 2/2 (K=3) + correction -> +3 tokens (111.4 ms)  cpos=52
  [margins] 4.83 5.61 7.76 2.10 0.53  K=5
  verify 9: accepted 3/4 (K=5) + correction -> +4 tokens (141.5 ms)  cpos=56
  [margins] 3.79 1.77 0.73 2.72 2.23  K=3
  verify 10: accepted 2/2 (K=3) + correction -> +3 tokens (108.6 ms)  cpos=59
  [margins] 0.59 0.66 3.38 0.43 2.03  K=2
  verify 11: accepted 0/1 (K=2) + correction -> +1 tokens (102.2 ms)  cpos=60
  [margins] 0.79 1.64 5.09 0.92 0.75  K=4
  verify 12: accepted 0/3 (K=4) + correction -> +1 tokens (127.0 ms)  cpos=61
  [margins] 0.73 3.49 0.57 1.46 0.12  K=3
  verify 13: accepted 1/2 (K=3) + correction -> +2 tokens (115.1 ms)  cpos=63
  [margins] 2.13 4.18 0.45 0.13 0.76  K=3
  verify 14: accepted 0/2 (K=3) + correction -> +1 tokens (115.9 ms)  cpos=64
  [margins] 4.35 0.17 0.45 6.38 2.66  K=2
  verify 15: accepted 1/1 (K=2) + correction -> +2 tokens (97.6 ms)  cpos=66
  [margins] 1.28 1.42 3.12 5.18 0.17  K=2
  verify 16: accepted 1/1 (K=2) + correction -> +2 tokens (104.9 ms)  cpos=68
  [margins] 0.28 6.20 0.10 0.38 1.08  K=3
  verify 17: accepted 2/2 (K=3) + correction -> +3 tokens (112.1 ms)  cpos=71
  [margins] 2.65 1.84 1.17 5.35 0.13  K=3
  verify 18: accepted 2/2 (K=3) + correction -> +3 tokens (115.4 ms)  cpos=74
  [margins] 7.70 1.81 3.22 2.41 3.05  K=6
  verify 19: accepted 5/5 (K=6) + correction -> +6 tokens (161.4 ms)  cpos=80
  [margins] 5.53 4.96 4.74 2.16 6.22  K=6
  verify 20: accepted 5/5 (K=6) + correction -> +6 tokens (158.9 ms)  cpos=86
  [margins] 8.18 4.23 2.66 7.50 0.23  K=5
  verify 21: accepted 4/4 (K=5) + correction -> +5 tokens (144.1 ms)  cpos=91
  [margins] 6.92 2.93 3.23 8.78 1.03  K=5
  verify 22: accepted 4/4 (K=5) + correction -> +5 tokens (147.1 ms)  cpos=96
  [margins] 8.82 5.34 3.88 8.44 3.00  K=6
  verify 23: accepted 5/5 (K=6) + correction -> +6 tokens (158.5 ms)  cpos=102
  [margins] 10.25 3.15 7.76 7.18 6.10  K=6
  verify 24: accepted 5/5 (K=6) + correction -> +6 tokens (166.2 ms)  cpos=108
  [margins] 2.42 1.08 1.03 0.27 4.20  K=2
  verify 25: accepted 0/1 (K=2) + correction -> +1 tokens (102.1 ms)  cpos=109
  [margins] 9.15 6.37 5.26 6.03 5.92  K=6
  verify 26: accepted 5/5 (K=6) + correction -> +6 tokens (160.3 ms)  cpos=115
  [margins] 9.38 8.70 9.40 3.03 7.29  K=6
  verify 27: accepted 5/5 (K=6) + correction -> +6 tokens (167.6 ms)  cpos=121
  [margins] 9.71 5.22 3.71 9.28 0.14  K=5
  verify 28: accepted 4/4 (K=5) + correction -> +5 tokens (148.1 ms)  cpos=126
  [margins] 8.92 6.87 7.15 0.45 2.55  K=4
  verify 29: accepted 3/3 (K=4) + correction -> +4 tokens (149.0 ms)  cpos=130
  [margins] 8.44 7.58 5.90 2.99 8.70  K=6
  verify 30: accepted 5/5 (K=6) + correction -> +6 tokens (167.0 ms)  cpos=136
  [margins] 7.69 5.87 6.46 8.88 2.04  K=6
  verify 31: accepted 5/5 (K=6) + correction -> +6 tokens (162.5 ms)  cpos=142
  [margins] 13.34 6.28 10.18 11.72 8.81  K=6
  verify 32: accepted 5/5 (K=6) + correction -> +6 tokens (168.8 ms)  cpos=148
  [margins] 3.10 0.60 7.60 5.15 3.57  K=2
  verify 33: accepted 0/1 (K=2) + correction -> +1 tokens (103.8 ms)  cpos=149
  [margins] 8.80 10.30 7.82 7.31 4.41  K=6
  verify 34: accepted 5/5 (K=6) + correction -> +6 tokens (161.3 ms)  cpos=155
  [margins] 10.07 8.34 8.21 2.85 8.51  K=6
  verify 35: accepted 5/5 (K=6) + correction -> +6 tokens (168.0 ms)  cpos=161
  [margins] 10.31 6.76 5.52 9.18 8.00  K=6
  verify 36: accepted 5/5 (K=6) + correction -> +6 tokens (162.3 ms)  cpos=167
  [margins] 14.30 5.71 10.55 11.28 10.76  K=6
  verify 37: accepted 5/5 (K=6) + correction -> +6 tokens (169.0 ms)  cpos=173
  [margins] 2.89 9.13 9.39 7.16 6.62  K=6
  verify 38: accepted 5/5 (K=6) + correction -> +6 tokens (160.7 ms)  cpos=179
  [margins] 9.76 10.16 7.36 8.07 5.32  K=6
  verify 39: accepted 5/5 (K=6) + correction -> +6 tokens (166.0 ms)  cpos=185
  [margins] 10.29 10.56 10.13 8.05 10.46  K=6
  verify 40: accepted 5/5 (K=6) + correction -> +6 tokens (162.1 ms)  cpos=191
  [margins] 12.38 9.61 5.61 9.00 0.17  K=5
  verify 41: accepted 4/4 (K=5) + correction -> +5 tokens (152.9 ms)  cpos=196
  [margins] 12.75 8.45 9.73 9.40 7.51  K=6
  verify 42: accepted 5/5 (K=6) + correction -> +6 tokens (163.3 ms)  cpos=202
  [margins] 14.13 6.45 8.08 7.39 6.97  K=6
  verify 43: accepted 5/5 (K=6) + correction -> +6 tokens (169.2 ms)  cpos=208
  [margins] 5.07 0.18 0.68 0.30 0.44  K=2
  verify 44: accepted 0/1 (K=2) + correction -> +1 tokens (103.9 ms)  cpos=209
  [margins] 9.65 6.74 7.61 7.77 8.57  K=6
  verify 45: accepted 5/5 (K=6) + correction -> +6 tokens (162.5 ms)  cpos=215
  [margins] 9.36 11.92 10.06 9.12 8.62  K=6
  verify 46: accepted 5/5 (K=6) + correction -> +6 tokens (169.8 ms)  cpos=221
  [margins] 11.22 4.15 9.98 9.97 0.23  K=5
  verify 47: accepted 4/4 (K=5) + correction -> +5 tokens (149.2 ms)  cpos=226
  [margins] 13.41 6.37 7.86 7.28 7.47  K=6
  verify 48: accepted 5/5 (K=6) + correction -> +6 tokens (169.1 ms)  cpos=232
  [margins] 13.79 6.37 11.11 9.68 9.13  K=6
  verify 49: accepted 5/5 (K=6) + correction -> +6 tokens (166.1 ms)  cpos=238

[spec] generated 204 tokens over 49 verifies: mean tokens/verify = 4.16 (block=5, max 6)
[spec] tokens: 4147 554 1926 270 4105 339 43 1114 1926 270 1178 65 50219 4105 418 270 9517 28 4593 1281 106239 3305 1 1 14 223 19 16 23 14 223 20 16 23 14 223 21 16 23 14
[spec] SPEC-DECODE: 33.5 ms/tok = 29.81 tok/s  (vs base M=1 71.0 ms/tok = 14.08 tok/s -> 2.12x)
[decode] PREFILL: 41 positions in 704.5 ms = 58.2 tok/s (17.182 ms/tok)
[spec] decoding 200 tokens (block=5, draft passes=1, adaptK=1.50, prompt=2 s=42)...
  [margins] 6.99 0.29 1.49 2.97 0.65  K=2
  verify 1: accepted 1/1 (K=2) + correction -> +2 tokens (100.4 ms)  cpos=43
  [margins] 0.40 3.75 1.97 1.82 0.13  K=5
  verify 2: accepted 4/4 (K=5) + correction -> +5 tokens (133.6 ms)  cpos=48
  [margins] 3.86 3.70 0.01 1.31 1.54  K=3
  verify 3: accepted 0/2 (K=3) + correction -> +1 tokens (110.4 ms)  cpos=49
  [margins] 2.26 7.15 0.51 1.47 3.11  K=3
  verify 4: accepted 0/2 (K=3) + correction -> +1 tokens (114.9 ms)  cpos=50
  [margins] 0.95 0.64 0.97 1.57 2.26  K=2
  verify 5: accepted 0/1 (K=2) + correction -> +1 tokens (95.4 ms)  cpos=51
  [margins] 6.49 3.76 0.33 0.88 2.06  K=3
  verify 6: accepted 1/2 (K=3) + correction -> +2 tokens (110.1 ms)  cpos=53
  [margins] 0.35 4.34 5.45 0.01 1.63  K=4
  verify 7: accepted 0/3 (K=4) + correction -> +1 tokens (127.3 ms)  cpos=54
  [margins] 1.20 6.26 3.23 0.61 0.04  K=4
  verify 8: accepted 2/3 (K=4) + correction -> +3 tokens (123.7 ms)  cpos=57
  [margins] 0.87 4.69 7.47 1.37 4.19  K=4
  verify 9: accepted 0/3 (K=4) + correction -> +1 tokens (127.4 ms)  cpos=58
  [margins] 4.54 3.82 0.43 3.32 0.75  K=3
  verify 10: accepted 2/2 (K=3) + correction -> +3 tokens (114.6 ms)  cpos=61
  [margins] 3.34 6.38 8.08 1.97 5.03  K=6
  verify 11: accepted 3/5 (K=6) + correction -> +4 tokens (153.4 ms)  cpos=65
  [margins] 1.88 7.60 5.31 0.34 6.16  K=4
  verify 12: accepted 3/3 (K=4) + correction -> +4 tokens (129.6 ms)  cpos=69
  [margins] 6.20 7.42 6.27 1.40 2.32  K=4
  verify 13: accepted 2/3 (K=4) + correction -> +3 tokens (129.4 ms)  cpos=72
  [margins] 3.59 0.84 1.43 2.95 0.58  K=2
  verify 14: accepted 1/1 (K=2) + correction -> +2 tokens (98.0 ms)  cpos=74
  [margins] 3.52 5.70 2.60 0.25 5.15  K=4
  verify 15: accepted 1/3 (K=4) + correction -> +2 tokens (126.5 ms)  cpos=76
  [margins] 9.64 4.96 5.76 3.60 1.23  K=5
  verify 16: accepted 2/4 (K=5) + correction -> +3 tokens (140.9 ms)  cpos=79
  [margins] 15.81 11.05 6.33 5.32 0.21  K=5
  verify 17: accepted 4/4 (K=5) + correction -> +5 tokens (145.9 ms)  cpos=84
  [margins] 19.32 9.15 2.23 0.30 10.07  K=4
  verify 18: accepted 2/3 (K=4) + correction -> +3 tokens (130.8 ms)  cpos=87
  [margins] 11.12 16.11 13.05 3.37 11.52  K=6
  verify 19: accepted 5/5 (K=6) + correction -> +6 tokens (161.9 ms)  cpos=93
  [margins] 9.36 10.67 12.22 8.95 5.20  K=6
  verify 20: accepted 4/5 (K=6) + correction -> +5 tokens (157.3 ms)  cpos=98
  [margins] 9.14 7.97 6.20 3.79 1.33  K=5
  verify 21: accepted 4/4 (K=5) + correction -> +5 tokens (141.6 ms)  cpos=103
  [margins] 15.77 15.43 10.25 2.62 1.86  K=6
  verify 22: accepted 5/5 (K=6) + correction -> +6 tokens (165.2 ms)  cpos=109
  [margins] 11.68 3.03 3.34 8.70 3.87  K=6
  verify 23: accepted 5/5 (K=6) + correction -> +6 tokens (154.9 ms)  cpos=115
  [margins] 10.41 9.14 11.31 0.64 1.40  K=4
  verify 24: accepted 3/3 (K=4) + correction -> +4 tokens (131.4 ms)  cpos=119
  [margins] 5.04 8.75 2.47 4.20 0.97  K=5
  verify 25: accepted 4/4 (K=5) + correction -> +5 tokens (149.8 ms)  cpos=124
  [margins] 13.10 15.41 10.11 9.14 0.21  K=5
  verify 26: accepted 4/4 (K=5) + correction -> +5 tokens (157.9 ms)  cpos=129
  [margins] 8.65 8.81 9.26 8.13 0.16  K=5
  verify 27: accepted 4/4 (K=5) + correction -> +5 tokens (146.4 ms)  cpos=134
  [margins] 1.61 0.94 11.13 4.49 7.83  K=2
  verify 28: accepted 0/1 (K=2) + correction -> +1 tokens (108.8 ms)  cpos=135
  [margins] 14.85 9.20 1.64 7.69 5.38  K=6
  verify 29: accepted 5/5 (K=6) + correction -> +6 tokens (166.6 ms)  cpos=141
  [margins] 14.67 12.63 13.23 13.92 3.10  K=6
  verify 30: accepted 5/5 (K=6) + correction -> +6 tokens (159.4 ms)  cpos=147
  [margins] 6.00 15.42 9.30 4.91 2.08  K=6
  verify 31: accepted 5/5 (K=6) + correction -> +6 tokens (167.4 ms)  cpos=153
  [margins] 1.86 9.44 12.10 7.51 5.37  K=6
  verify 32: accepted 4/5 (K=6) + correction -> +5 tokens (161.4 ms)  cpos=158
  [margins] 12.44 8.12 9.44 0.88 0.00  K=4
  verify 33: accepted 3/3 (K=4) + correction -> +4 tokens (129.7 ms)  cpos=162
  [margins] 14.71 1.03 2.82 4.59 2.89  K=2
  verify 34: accepted 1/1 (K=2) + correction -> +2 tokens (104.0 ms)  cpos=164
  [margins] 13.82 8.41 2.18 0.29 0.94  K=4
  verify 35: accepted 2/3 (K=4) + correction -> +3 tokens (132.6 ms)  cpos=167
  [margins] 9.48 13.05 11.56 8.47 0.51  K=5
  verify 36: accepted 4/4 (K=5) + correction -> +5 tokens (150.2 ms)  cpos=172
  [margins] 15.95 8.50 12.14 6.82 0.77  K=5
  verify 37: accepted 4/4 (K=5) + correction -> +5 tokens (145.1 ms)  cpos=177
  [margins] 16.12 14.93 14.08 9.59 4.59  K=6
  verify 38: accepted 5/5 (K=6) + correction -> +6 tokens (161.2 ms)  cpos=183
  [margins] 14.24 10.81 9.40 2.24 6.53  K=6
  verify 39: accepted 5/5 (K=6) + correction -> +6 tokens (167.1 ms)  cpos=189
  [margins] 18.12 10.86 2.50 12.57 5.58  K=6
  verify 40: accepted 5/5 (K=6) + correction -> +6 tokens (159.9 ms)  cpos=195
  [margins] 15.22 12.62 10.71 6.06 8.57  K=6
  verify 41: accepted 5/5 (K=6) + correction -> +6 tokens (169.3 ms)  cpos=201
  [margins] 8.17 11.50 3.28 8.80 0.53  K=5
  verify 42: accepted 4/4 (K=5) + correction -> +5 tokens (148.2 ms)  cpos=206
  [margins] 4.11 14.29 2.45 6.76 0.40  K=5
  verify 43: accepted 4/4 (K=5) + correction -> +5 tokens (141.2 ms)  cpos=211
  [margins] 24.84 12.95 9.93 8.33 0.29  K=5
  verify 44: accepted 4/4 (K=5) + correction -> +5 tokens (150.5 ms)  cpos=216
  [margins] 27.53 14.72 12.11 6.63 6.23  K=6
  verify 45: accepted 5/5 (K=6) + correction -> +6 tokens (161.5 ms)  cpos=222
  [margins] 12.68 17.25 11.22 5.13 9.75  K=6
  verify 46: accepted 5/5 (K=6) + correction -> +6 tokens (168.6 ms)  cpos=228
  [margins] 23.77 15.82 4.02 14.35 3.29  K=6
  verify 47: accepted 5/5 (K=6) + correction -> +6 tokens (163.7 ms)  cpos=234
  [margins] 20.02 11.07 25.28 8.58 12.51  K=6
  verify 48: accepted 5/5 (K=6) + correction -> +6 tokens (171.3 ms)  cpos=240
  [margins] 6.66 22.12 2.37 3.77 3.15  K=6
  verify 49: accepted 5/5 (K=6) + correction -> +6 tokens (164.6 ms)  cpos=246

[spec] generated 205 tokens over 49 verifies: mean tokens/verify = 4.18 (block=5, max 6)
[spec] tokens: 1 1 1 1 1 1 50 1697 1 16 1 50 1697 16 1 50 1697 16 1 50 1697 16 1 50 1697 16 1 50 1697 16 20692 50 1697 16 791 50 1697 4394 1015 50
[spec] SPEC-DECODE: 33.6 ms/tok = 29.72 tok/s  (vs base M=1 71.0 ms/tok = 14.08 tok/s -> 2.11x)
[decode] PREFILL: 26 positions in 454.1 ms = 57.3 tok/s (17.467 ms/tok)
[spec] decoding 200 tokens (block=5, draft passes=1, adaptK=1.50, prompt=3 s=27)...
  [margins] 1.84 1.32 1.83 0.59 0.95  K=2
  verify 1: accepted 1/1 (K=2) + correction -> +2 tokens (103.0 ms)  cpos=28
  [margins] 4.68 0.68 1.05 0.97 0.14  K=2
  verify 2: accepted 1/1 (K=2) + correction -> +2 tokens (99.5 ms)  cpos=30
  [margins] 3.33 0.65 0.10 0.00 0.03  K=2
  verify 3: accepted 1/1 (K=2) + correction -> +2 tokens (103.6 ms)  cpos=32
  [margins] 2.45 1.70 1.84 0.62 1.31  K=4
  verify 4: accepted 3/3 (K=4) + correction -> +4 tokens (118.7 ms)  cpos=36
  [margins] 2.42 5.03 1.31 0.87 1.23  K=3
  verify 5: accepted 2/2 (K=3) + correction -> +3 tokens (106.4 ms)  cpos=39
  [margins] 5.28 2.98 4.94 1.94 0.37  K=5
  verify 6: accepted 4/4 (K=5) + correction -> +5 tokens (135.8 ms)  cpos=44
  [margins] 0.07 12.34 2.06 4.97 2.32  K=6
  verify 7: accepted 0/5 (K=6) + correction -> +1 tokens (148.8 ms)  cpos=45
  [margins] 6.92 2.61 7.02 1.66 4.38  K=6
  verify 8: accepted 5/5 (K=6) + correction -> +6 tokens (144.4 ms)  cpos=51
  [margins] 6.55 2.28 6.99 1.83 4.00  K=6
  verify 9: accepted 5/5 (K=6) + correction -> +6 tokens (151.1 ms)  cpos=57
  [margins] 7.11 1.97 8.02 2.18 3.55  K=6
  verify 10: accepted 5/5 (K=6) + correction -> +6 tokens (145.3 ms)  cpos=63
  [margins] 5.67 2.47 6.72 3.00 3.84  K=6
  verify 11: accepted 5/5 (K=6) + correction -> +6 tokens (150.7 ms)  cpos=69
  [margins] 7.19 2.49 6.70 1.91 3.66  K=6
  verify 12: accepted 5/5 (K=6) + correction -> +6 tokens (146.2 ms)  cpos=75
  [margins] 8.87 1.73 4.90 1.69 2.72  K=6
  verify 13: accepted 0/5 (K=6) + correction -> +1 tokens (156.0 ms)  cpos=76
  [margins] 1.95 5.01 0.87 1.45 0.16  K=3
  verify 14: accepted 0/2 (K=3) + correction -> +1 tokens (110.6 ms)  cpos=77
  [margins] 1.06 2.86 2.70 1.37 1.71  K=4
  verify 15: accepted 0/3 (K=4) + correction -> +1 tokens (126.1 ms)  cpos=78
  [margins] 2.07 2.52 2.00 3.07 2.03  K=6
  verify 16: accepted 2/5 (K=6) + correction -> +3 tokens (160.7 ms)  cpos=81
  [margins] 2.05 0.03 0.64 0.61 1.08  K=2
  verify 17: accepted 1/1 (K=2) + correction -> +2 tokens (97.5 ms)  cpos=83
  [margins] 0.65 0.54 0.78 0.48 0.14  K=2
  verify 18: accepted 1/1 (K=2) + correction -> +2 tokens (101.7 ms)  cpos=85
  [margins] 4.80 1.80 0.45 0.81 1.49  K=3
  verify 19: accepted 1/2 (K=3) + correction -> +2 tokens (113.2 ms)  cpos=87
  [margins] 4.06 3.25 1.36 2.58 0.91  K=3
  verify 20: accepted 1/2 (K=3) + correction -> +2 tokens (115.5 ms)  cpos=89
  [margins] 1.68 3.68 0.53 1.37 0.46  K=3
  verify 21: accepted 2/2 (K=3) + correction -> +3 tokens (114.4 ms)  cpos=92
  [margins] 2.78 0.87 0.84 2.74 3.37  K=2
  verify 22: accepted 1/1 (K=2) + correction -> +2 tokens (99.3 ms)  cpos=94
  [margins] 0.09 8.19 0.69 1.53 2.98  K=3
  verify 23: accepted 2/2 (K=3) + correction -> +3 tokens (113.2 ms)  cpos=97
  [margins] 1.96 2.39 0.12 3.89 0.25  K=3
  verify 24: accepted 2/2 (K=3) + correction -> +3 tokens (118.7 ms)  cpos=100
  [margins] 0.05 0.36 2.87 0.49 0.56  K=2
  verify 25: accepted 1/1 (K=2) + correction -> +2 tokens (97.5 ms)  cpos=102
  [margins] 0.45 0.10 1.09 3.26 8.66  K=2
  verify 26: accepted 0/1 (K=2) + correction -> +1 tokens (102.1 ms)  cpos=103
  [margins] 6.22 7.23 1.38 4.23 7.05  K=3
  verify 27: accepted 2/2 (K=3) + correction -> +3 tokens (113.1 ms)  cpos=106
  [margins] 7.38 5.75 0.44 5.45 2.23  K=3
  verify 28: accepted 2/2 (K=3) + correction -> +3 tokens (113.0 ms)  cpos=109
  [margins] 9.62 1.91 1.73 1.46 1.79  K=4
  verify 29: accepted 3/3 (K=4) + correction -> +4 tokens (128.1 ms)  cpos=113
  [margins] 0.80 3.80 2.23 1.56 2.72  K=6
  verify 30: accepted 0/5 (K=6) + correction -> +1 tokens (156.3 ms)  cpos=114
  [margins] 0.86 10.01 2.28 2.04 2.54  K=6
  verify 31: accepted 2/5 (K=6) + correction -> +3 tokens (161.7 ms)  cpos=117
  [margins] 0.97 5.42 4.29 2.79 9.29  K=6
  verify 32: accepted 5/5 (K=6) + correction -> +6 tokens (161.7 ms)  cpos=123
  [margins] 10.15 10.95 5.23 12.02 4.51  K=6
  verify 33: accepted 5/5 (K=6) + correction -> +6 tokens (177.9 ms)  cpos=129
  [margins] 10.92 12.66 12.00 9.61 3.53  K=6
  verify 34: accepted 5/5 (K=6) + correction -> +6 tokens (160.2 ms)  cpos=135
  [margins] 3.24 1.08 0.51 0.73 3.56  K=2
  verify 35: accepted 1/1 (K=2) + correction -> +2 tokens (107.2 ms)  cpos=137
  [margins] 1.27 1.95 1.46 0.63 3.37  K=3
  verify 36: accepted 0/2 (K=3) + correction -> +1 tokens (116.6 ms)  cpos=138
  [margins] 0.62 1.50 0.38 2.67 3.92  K=3
  verify 37: accepted 1/2 (K=3) + correction -> +2 tokens (116.0 ms)  cpos=140
  [margins] 3.63 1.63 0.30 0.31 0.53  K=3
  verify 38: accepted 0/2 (K=3) + correction -> +1 tokens (113.0 ms)  cpos=141
  [margins] 1.36 0.21 0.93 0.02 0.90  K=2
  verify 39: accepted 1/1 (K=2) + correction -> +2 tokens (99.2 ms)  cpos=143
  [margins] 0.59 0.77 0.09 0.26 0.70  K=2
  verify 40: accepted 0/1 (K=2) + correction -> +1 tokens (105.6 ms)  cpos=144
  [margins] 1.59 3.16 1.43 2.97 0.01  K=3
  verify 41: accepted 1/2 (K=3) + correction -> +2 tokens (116.6 ms)  cpos=146
  [margins] 5.34 0.73 1.33 1.94 0.19  K=2
  verify 42: accepted 1/1 (K=2) + correction -> +2 tokens (103.8 ms)  cpos=148
  [margins] 0.09 1.38 2.17 0.02 0.62  K=2
  verify 43: accepted 0/1 (K=2) + correction -> +1 tokens (101.0 ms)  cpos=149
  [margins] 0.77 2.74 2.83 0.93 1.31  K=4
  verify 44: accepted 0/3 (K=4) + correction -> +1 tokens (129.0 ms)  cpos=150
  [margins] 1.77 0.66 0.41 2.16 0.03  K=2
  verify 45: accepted 1/1 (K=2) + correction -> +2 tokens (103.0 ms)  cpos=152
  [margins] 4.15 0.57 0.39 1.68 1.24  K=2
  verify 46: accepted 1/1 (K=2) + correction -> +2 tokens (99.7 ms)  cpos=154
  [margins] 0.83 0.63 3.02 0.17 0.58  K=2
  verify 47: accepted 1/1 (K=2) + correction -> +2 tokens (104.9 ms)  cpos=156
  [margins] 4.59 1.77 1.01 1.07 0.08  K=3
  verify 48: accepted 1/2 (K=3) + correction -> +2 tokens (110.3 ms)  cpos=158
  [margins] 3.51 1.79 1.82 0.65 0.87  K=4
  verify 49: accepted 3/3 (K=4) + correction -> +4 tokens (131.7 ms)  cpos=162
  [margins] 5.80 2.99 0.94 0.29 0.81  K=3
  verify 50: accepted 2/2 (K=3) + correction -> +3 tokens (115.1 ms)  cpos=165
  [margins] 3.65 1.88 2.35 0.71 2.28  K=4
  verify 51: accepted 2/3 (K=4) + correction -> +3 tokens (128.8 ms)  cpos=168
  [margins] 4.78 2.00 7.66 2.62 0.50  K=5
  verify 52: accepted 4/4 (K=5) + correction -> +5 tokens (144.4 ms)  cpos=173
  [margins] 0.31 0.45 3.16 0.57 0.07  K=2
  verify 53: accepted 0/1 (K=2) + correction -> +1 tokens (101.3 ms)  cpos=174
  [margins] 0.21 2.33 0.27 4.13 3.47  K=3
  verify 54: accepted 0/2 (K=3) + correction -> +1 tokens (118.5 ms)  cpos=175
  [margins] 0.25 1.81 1.56 0.06 0.32  K=4
  verify 55: accepted 1/3 (K=4) + correction -> +2 tokens (130.1 ms)  cpos=177
  [margins] 4.65 1.15 2.82 2.02 3.33  K=2
  verify 56: accepted 1/1 (K=2) + correction -> +2 tokens (101.1 ms)  cpos=179
  [margins] 3.64 2.98 2.40 1.98 0.85  K=5
  verify 57: accepted 1/4 (K=5) + correction -> +2 tokens (149.1 ms)  cpos=181
  [margins] 4.91 0.33 0.21 0.40 1.31  K=2
  verify 58: accepted 1/1 (K=2) + correction -> +2 tokens (100.4 ms)  cpos=183
  [margins] 2.91 4.45 5.28 3.03 3.57  K=6
  verify 59: accepted 2/5 (K=6) + correction -> +3 tokens (160.8 ms)  cpos=186
  [margins] 2.42 3.35 0.77 0.06 1.24  K=3
  verify 60: accepted 2/2 (K=3) + correction -> +3 tokens (118.0 ms)  cpos=189
  [margins] 3.32 1.23 0.27 1.84 0.24  K=2
  verify 61: accepted 1/1 (K=2) + correction -> +2 tokens (104.5 ms)  cpos=191
  [margins] 8.24 0.76 1.48 1.50 2.27  K=2
  verify 62: accepted 1/1 (K=2) + correction -> +2 tokens (106.5 ms)  cpos=193
  [margins] 0.58 1.27 1.05 1.84 1.66  K=2
  verify 63: accepted 1/1 (K=2) + correction -> +2 tokens (101.1 ms)  cpos=195
  [margins] 2.48 1.09 2.33 4.29 0.60  K=2
  verify 64: accepted 1/1 (K=2) + correction -> +2 tokens (103.8 ms)  cpos=197
  [margins] 0.97 0.58 6.75 0.96 3.33  K=2
  verify 65: accepted 0/1 (K=2) + correction -> +1 tokens (100.0 ms)  cpos=198
  [margins] 1.36 0.79 0.41 4.39 1.36  K=2
  verify 66: accepted 0/1 (K=2) + correction -> +1 tokens (106.0 ms)  cpos=199
  [margins] 3.82 6.69 7.98 2.25 5.82  K=6
  verify 67: accepted 0/5 (K=6) + correction -> +1 tokens (166.5 ms)  cpos=200
  [margins] 7.29 2.77 0.29 2.77 3.45  K=3
  verify 68: accepted 2/2 (K=3) + correction -> +3 tokens (113.1 ms)  cpos=203
  [margins] 4.37 3.27 3.24 2.47 1.33  K=5
  verify 69: accepted 1/4 (K=5) + correction -> +2 tokens (144.2 ms)  cpos=205
  [margins] 2.44 1.10 0.01 1.41 1.43  K=2
  verify 70: accepted 1/1 (K=2) + correction -> +2 tokens (100.0 ms)  cpos=207
  [margins] 0.11 1.82 1.60 3.92 4.61  K=6
  verify 71: accepted 0/5 (K=6) + correction -> +1 tokens (165.6 ms)  cpos=208
  [margins] 11.36 0.64 1.96 4.54 0.31  K=2
  verify 72: accepted 1/1 (K=2) + correction -> +2 tokens (101.4 ms)  cpos=210
  [margins] 2.98 5.85 2.25 1.83 5.40  K=6
  verify 73: accepted 2/5 (K=6) + correction -> +3 tokens (160.2 ms)  cpos=213
  [margins] 0.78 0.08 0.16 1.09 0.40  K=2
  verify 74: accepted 1/1 (K=2) + correction -> +2 tokens (99.5 ms)  cpos=215
  [margins] 3.72 2.06 5.09 4.52 2.61  K=6
  verify 75: accepted 4/5 (K=6) + correction -> +5 tokens (167.2 ms)  cpos=220
  [margins] 4.17 1.96 2.68 0.63 1.84  K=4
  verify 76: accepted 0/3 (K=4) + correction -> +1 tokens (133.2 ms)  cpos=221
  [margins] 11.70 2.40 2.92 0.75 5.34  K=4
  verify 77: accepted 3/3 (K=4) + correction -> +4 tokens (131.5 ms)  cpos=225
  [margins] 11.74 6.58 1.21 1.96 0.07  K=3
  verify 78: accepted 2/2 (K=3) + correction -> +3 tokens (120.4 ms)  cpos=228

[spec] generated 202 tokens over 78 verifies: mean tokens/verify = 2.59 (block=5, max 6)
[spec] tokens: 1 16 1 16 1 16 1 16 1 16 1 16 1 16 1 16 1 16 1 16 1 16 1 16 1 16 1 16 1 16 1 16 1 16 1 16 1 16 1 16
[spec] SPEC-DECODE: 47.5 ms/tok = 21.06 tok/s  (vs base M=1 71.0 ms/tok = 14.08 tok/s -> 1.50x)
[decode] PREFILL: 14 positions in 281.4 ms = 49.7 tok/s (20.103 ms/tok)
[spec] decoding 200 tokens (block=5, draft passes=1, adaptK=1.50, prompt=4 s=15)...
  [margins] 0.29 0.41 1.67 1.63 0.25  K=2
  verify 1: accepted 0/1 (K=2) + correction -> +1 tokens (102.5 ms)  cpos=15
  [margins] 0.09 0.07 2.91 2.91 0.81  K=2
  verify 2: accepted 0/1 (K=2) + correction -> +1 tokens (100.1 ms)  cpos=16
  [margins] 0.85 0.90 0.63 1.42 0.43  K=2
  verify 3: accepted 0/1 (K=2) + correction -> +1 tokens (97.5 ms)  cpos=17
  [margins] 0.32 0.50 0.15 1.86 1.44  K=2
  verify 4: accepted 0/1 (K=2) + correction -> +1 tokens (95.4 ms)  cpos=18
  [margins] 0.84 0.49 0.16 0.19 1.50  K=2
  verify 5: accepted 1/1 (K=2) + correction -> +2 tokens (99.4 ms)  cpos=20
  [margins] 0.76 1.06 0.58 0.59 1.44  K=2
  verify 6: accepted 1/1 (K=2) + correction -> +2 tokens (94.9 ms)  cpos=22
  [margins] 1.84 0.96 0.71 0.37 0.35  K=2
  verify 7: accepted 1/1 (K=2) + correction -> +2 tokens (101.5 ms)  cpos=24
  [margins] 0.28 0.35 0.18 0.36 3.59  K=2
  verify 8: accepted 1/1 (K=2) + correction -> +2 tokens (96.7 ms)  cpos=26
  [margins] 0.27 0.04 0.32 0.21 0.70  K=2
  verify 9: accepted 0/1 (K=2) + correction -> +1 tokens (101.1 ms)  cpos=27
  [margins] 0.24 0.04 0.32 0.86 0.15  K=2
  verify 10: accepted 1/1 (K=2) + correction -> +2 tokens (104.0 ms)  cpos=29
  [margins] 3.10 2.37 0.56 3.24 0.89  K=3
  verify 11: accepted 2/2 (K=3) + correction -> +3 tokens (113.0 ms)  cpos=32
  [margins] 1.10 1.31 0.21 0.04 1.30  K=2
  verify 12: accepted 1/1 (K=2) + correction -> +2 tokens (94.7 ms)  cpos=34
  [margins] 1.42 0.91 0.29 1.34 0.10  K=2
  verify 13: accepted 1/1 (K=2) + correction -> +2 tokens (100.3 ms)  cpos=36
  [margins] 0.46 0.04 3.31 2.09 0.11  K=2
  verify 14: accepted 1/1 (K=2) + correction -> +2 tokens (96.0 ms)  cpos=38
  [margins] 0.25 2.22 1.24 1.49 1.36  K=3
  verify 15: accepted 1/2 (K=3) + correction -> +2 tokens (111.2 ms)  cpos=40
  [margins] 3.35 3.29 2.89 0.90 0.85  K=4
  verify 16: accepted 1/3 (K=4) + correction -> +2 tokens (127.8 ms)  cpos=42
  [margins] 0.61 0.04 0.69 0.25 1.32  K=2
  verify 17: accepted 1/1 (K=2) + correction -> +2 tokens (101.5 ms)  cpos=44
  [margins] 1.75 8.28 0.77 1.66 1.84  K=3
  verify 18: accepted 2/2 (K=3) + correction -> +3 tokens (110.1 ms)  cpos=47
  [margins] 3.67 7.43 2.84 1.51 2.83  K=6
  verify 19: accepted 3/5 (K=6) + correction -> +4 tokens (161.3 ms)  cpos=51
  [margins] 2.57 0.32 0.49 2.08 0.13  K=2
  verify 20: accepted 0/1 (K=2) + correction -> +1 tokens (101.8 ms)  cpos=52
  [margins] 1.68 1.98 1.30 1.17 3.86  K=3
  verify 21: accepted 0/2 (K=3) + correction -> +1 tokens (109.1 ms)  cpos=53
  [margins] 7.66 3.20 2.17 0.89 2.44  K=4
  verify 22: accepted 2/3 (K=4) + correction -> +3 tokens (129.8 ms)  cpos=56
  [margins] 4.57 1.62 4.31 3.17 1.27  K=5
  verify 23: accepted 4/4 (K=5) + correction -> +5 tokens (136.9 ms)  cpos=61
  [margins] 1.33 1.58 0.21 1.13 0.04  K=3
  verify 24: accepted 0/2 (K=3) + correction -> +1 tokens (114.0 ms)  cpos=62
  [margins] 1.18 0.61 1.90 1.57 2.89  K=2
  verify 25: accepted 0/1 (K=2) + correction -> +1 tokens (99.6 ms)  cpos=63
  [margins] 1.26 1.57 1.06 1.37 0.26  K=3
  verify 26: accepted 2/2 (K=3) + correction -> +3 tokens (115.1 ms)  cpos=66
  [margins] 0.90 3.00 0.57 0.06 0.01  K=3
  verify 27: accepted 0/2 (K=3) + correction -> +1 tokens (113.2 ms)  cpos=67
  [margins] 2.15 0.72 0.77 2.15 1.43  K=2
  verify 28: accepted 1/1 (K=2) + correction -> +2 tokens (104.1 ms)  cpos=69
  [margins] 0.13 0.42 0.62 0.05 0.94  K=2
  verify 29: accepted 0/1 (K=2) + correction -> +1 tokens (98.9 ms)  cpos=70
  [margins] 1.86 0.99 0.79 0.56 0.43  K=2
  verify 30: accepted 0/1 (K=2) + correction -> +1 tokens (101.7 ms)  cpos=71
  [margins] 0.26 0.72 1.96 0.20 0.00  K=2
  verify 31: accepted 0/1 (K=2) + correction -> +1 tokens (103.2 ms)  cpos=72
  [margins] 0.34 0.12 2.20 0.60 0.04  K=2
  verify 32: accepted 0/1 (K=2) + correction -> +1 tokens (98.2 ms)  cpos=73
  [margins] 5.45 2.08 1.05 0.43 1.28  K=3
  verify 33: accepted 2/2 (K=3) + correction -> +3 tokens (113.0 ms)  cpos=76
  [margins] 2.30 3.95 1.90 1.08 1.43  K=4
  verify 34: accepted 0/3 (K=4) + correction -> +1 tokens (128.4 ms)  cpos=77
  [margins] 3.77 1.77 0.11 2.50 0.75  K=3
  verify 35: accepted 2/2 (K=3) + correction -> +3 tokens (116.3 ms)  cpos=80
  [margins] 1.70 5.19 1.25 2.27 8.57  K=3
  verify 36: accepted 2/2 (K=3) + correction -> +3 tokens (111.6 ms)  cpos=83
  [margins] 1.92 11.06 2.73 2.86 5.42  K=6
  verify 37: accepted 2/5 (K=6) + correction -> +3 tokens (163.0 ms)  cpos=86
  [margins] 4.76 5.08 3.62 2.21 0.39  K=5
  verify 38: accepted 2/4 (K=5) + correction -> +3 tokens (129.7 ms)  cpos=89
  [margins] 7.00 4.01 0.96 0.81 4.75  K=3
  verify 39: accepted 1/2 (K=3) + correction -> +2 tokens (112.5 ms)  cpos=91
  [margins] 4.60 3.17 1.28 1.48 3.69  K=3
  verify 40: accepted 1/2 (K=3) + correction -> +2 tokens (112.4 ms)  cpos=93
  [margins] 3.88 2.19 5.17 3.24 2.46  K=6
  verify 41: accepted 1/5 (K=6) + correction -> +2 tokens (150.7 ms)  cpos=95
  [margins] 3.93 1.64 6.55 2.88 3.76  K=6
  verify 42: accepted 1/5 (K=6) + correction -> +2 tokens (156.7 ms)  cpos=97
  [margins] 2.71 2.44 2.26 1.59 6.31  K=6
  verify 43: accepted 3/5 (K=6) + correction -> +4 tokens (151.9 ms)  cpos=101
  [margins] 2.38 4.93 2.49 1.58 3.37  K=6
  verify 44: accepted 5/5 (K=6) + correction -> +6 tokens (147.5 ms)  cpos=107
  [margins] 2.12 5.64 2.45 2.72 3.05  K=6
  verify 45: accepted 5/5 (K=6) + correction -> +6 tokens (154.4 ms)  cpos=113
  [margins] 2.68 4.65 2.43 1.74 2.67  K=6
  verify 46: accepted 5/5 (K=6) + correction -> +6 tokens (148.3 ms)  cpos=119
  [margins] 3.29 5.01 2.90 1.93 3.11  K=6
  verify 47: accepted 5/5 (K=6) + correction -> +6 tokens (156.8 ms)  cpos=125
  [margins] 3.24 4.75 3.58 0.79 3.10  K=4
  verify 48: accepted 3/3 (K=4) + correction -> +4 tokens (138.5 ms)  cpos=129
  [margins] 3.02 4.76 3.99 1.66 3.97  K=6
  verify 49: accepted 5/5 (K=6) + correction -> +6 tokens (150.9 ms)  cpos=135
  [margins] 3.34 6.17 2.59 2.87 3.69  K=6
  verify 50: accepted 5/5 (K=6) + correction -> +6 tokens (155.3 ms)  cpos=141
  [margins] 3.22 6.03 3.09 2.03 2.79  K=6
  verify 51: accepted 5/5 (K=6) + correction -> +6 tokens (150.8 ms)  cpos=147
  [margins] 4.42 5.60 2.38 0.70 2.62  K=4
  verify 52: accepted 3/3 (K=4) + correction -> +4 tokens (127.2 ms)  cpos=151
  [margins] 3.33 6.65 2.86 2.75 3.48  K=6
  verify 53: accepted 4/5 (K=6) + correction -> +5 tokens (156.7 ms)  cpos=156
  [margins] 5.36 2.38 4.10 1.63 1.26  K=5
  verify 54: accepted 1/4 (K=5) + correction -> +2 tokens (139.5 ms)  cpos=158
  [margins] 4.50 1.43 1.05 0.20 7.23  K=2
  verify 55: accepted 0/1 (K=2) + correction -> +1 tokens (104.6 ms)  cpos=159
  [margins] 7.98 0.21 0.14 1.75 0.16  K=2
  verify 56: accepted 1/1 (K=2) + correction -> +2 tokens (105.2 ms)  cpos=161
  [margins] 7.96 5.46 1.12 4.48 1.86  K=3
  verify 57: accepted 2/2 (K=3) + correction -> +3 tokens (116.7 ms)  cpos=164
  [margins] 7.77 5.28 3.26 3.80 2.22  K=6
  verify 58: accepted 2/5 (K=6) + correction -> +3 tokens (156.9 ms)  cpos=167
  [margins] 10.58 3.92 8.42 8.55 4.19  K=6
  verify 59: accepted 5/5 (K=6) + correction -> +6 tokens (166.4 ms)  cpos=173
  [margins] 5.62 0.59 0.90 0.92 0.87  K=2
  verify 60: accepted 1/1 (K=2) + correction -> +2 tokens (99.7 ms)  cpos=175
  [margins] 7.42 8.20 0.27 1.52 4.52  K=3
  verify 61: accepted 2/2 (K=3) + correction -> +3 tokens (118.8 ms)  cpos=178
  [margins] 16.47 13.13 10.55 10.02 9.22  K=6
  verify 62: accepted 5/5 (K=6) + correction -> +6 tokens (167.8 ms)  cpos=184
  [margins] 6.22 7.81 10.06 12.91 5.08  K=6
  verify 63: accepted 5/5 (K=6) + correction -> +6 tokens (162.6 ms)  cpos=190
  [margins] 10.95 5.20 9.73 7.75 12.23  K=6
  verify 64: accepted 5/5 (K=6) + correction -> +6 tokens (170.1 ms)  cpos=196
  [margins] 13.24 9.02 7.71 8.96 3.00  K=6
  verify 65: accepted 4/5 (K=6) + correction -> +5 tokens (165.3 ms)  cpos=201
  [margins] 5.83 10.10 10.99 15.46 7.52  K=6
  verify 66: accepted 5/5 (K=6) + correction -> +6 tokens (163.3 ms)  cpos=207
  [margins] 10.50 5.98 9.04 11.20 12.32  K=6
  verify 67: accepted 5/5 (K=6) + correction -> +6 tokens (168.0 ms)  cpos=213
  [margins] 12.32 15.19 12.04 9.92 3.43  K=6
  verify 68: accepted 4/5 (K=6) + correction -> +5 tokens (163.9 ms)  cpos=218

[spec] generated 204 tokens over 68 verifies: mean tokens/verify = 3.00 (block=5, max 6)
[spec] tokens: 5715 14 295 834 10175 14 8470 3939 436 344 2239 362 4197 339 35 126664 23809 16765 270 3077 305 1990 23714 538 9479 21121 35977 2184 47270 34788 14 832 851 588 366 99782 1082 20351 14319 35977
[spec] SPEC-DECODE: 41.5 ms/tok = 24.07 tok/s  (vs base M=1 71.0 ms/tok = 14.08 tok/s -> 1.71x)
[decode] PREFILL: 82 positions in 1290.9 ms = 63.5 tok/s (15.743 ms/tok)
[spec] decoding 200 tokens (block=5, draft passes=1, adaptK=1.50, prompt=5 s=83)...
  [margins] 7.79 4.69 1.65 0.12 3.01  K=4
  verify 1: accepted 1/3 (K=4) + correction -> +2 tokens (130.9 ms)  cpos=84
  [margins] 0.02 0.35 0.33 1.11 0.90  K=2
  verify 2: accepted 0/1 (K=2) + correction -> +1 tokens (99.0 ms)  cpos=85
  [margins] 0.28 0.01 0.19 0.58 1.06  K=2
  verify 3: accepted 1/1 (K=2) + correction -> +2 tokens (99.2 ms)  cpos=87
  [margins] 6.16 2.19 4.10 1.30 0.10  K=4
  verify 4: accepted 3/3 (K=4) + correction -> +4 tokens (128.8 ms)  cpos=91
  [margins] 11.91 7.31 6.91 3.86 3.69  K=6
  verify 5: accepted 5/5 (K=6) + correction -> +6 tokens (163.7 ms)  cpos=97
  [margins] 8.85 5.59 3.54 0.57 2.74  K=4
  verify 6: accepted 3/3 (K=4) + correction -> +4 tokens (129.0 ms)  cpos=101
  [margins] 4.90 0.75 2.43 0.34 0.06  K=2
  verify 7: accepted 1/1 (K=2) + correction -> +2 tokens (102.6 ms)  cpos=103
  [margins] 2.70 1.98 2.44 0.48 1.46  K=4
  verify 8: accepted 3/3 (K=4) + correction -> +4 tokens (130.0 ms)  cpos=107
  [margins] 7.35 8.07 9.98 7.46 3.32  K=6
  verify 9: accepted 5/5 (K=6) + correction -> +6 tokens (166.1 ms)  cpos=113
  [margins] 8.11 11.81 8.12 9.51 14.11  K=6
  verify 10: accepted 5/5 (K=6) + correction -> +6 tokens (159.3 ms)  cpos=119
  [margins] 4.58 2.22 0.04 1.40 5.07  K=3
  verify 11: accepted 2/2 (K=3) + correction -> +3 tokens (118.2 ms)  cpos=122
  [margins] 8.36 3.92 8.33 2.79 2.22  K=6
  verify 12: accepted 3/5 (K=6) + correction -> +4 tokens (181.4 ms)  cpos=126
  [margins] 13.05 5.46 4.64 9.82 7.69  K=6
  verify 13: accepted 5/5 (K=6) + correction -> +6 tokens (182.0 ms)  cpos=132
  [margins] 12.36 14.29 0.31 9.08 10.48  K=3
  verify 14: accepted 2/2 (K=3) + correction -> +3 tokens (115.2 ms)  cpos=135
  [margins] 13.21 15.45 10.09 7.63 0.68  K=5
  verify 15: accepted 4/4 (K=5) + correction -> +5 tokens (149.1 ms)  cpos=140
  [margins] 7.49 2.35 5.92 1.60 4.92  K=6
  verify 16: accepted 0/5 (K=6) + correction -> +1 tokens (155.8 ms)  cpos=141
  [margins] 7.00 5.91 1.69 0.60 1.10  K=4
  verify 17: accepted 2/3 (K=4) + correction -> +3 tokens (129.3 ms)  cpos=144
  [margins] 10.09 5.58 4.79 6.12 0.76  K=5
  verify 18: accepted 4/4 (K=5) + correction -> +5 tokens (145.6 ms)  cpos=149
  [margins] 13.47 11.96 5.75 5.81 11.44  K=6
  verify 19: accepted 5/5 (K=6) + correction -> +6 tokens (160.7 ms)  cpos=155
  [margins] 15.73 11.82 11.61 8.26 0.59  K=5
  verify 20: accepted 4/4 (K=5) + correction -> +5 tokens (149.1 ms)  cpos=160
  [margins] 8.56 2.17 10.45 6.32 4.86  K=6
  verify 21: accepted 0/5 (K=6) + correction -> +1 tokens (156.5 ms)  cpos=161
  [margins] 10.05 6.32 0.26 6.77 0.09  K=3
  verify 22: accepted 2/2 (K=3) + correction -> +3 tokens (117.0 ms)  cpos=164
  [margins] 10.36 7.85 4.09 8.54 7.71  K=6
  verify 23: accepted 5/5 (K=6) + correction -> +6 tokens (161.4 ms)  cpos=170
  [margins] 1.03 7.49 11.44 9.91 0.05  K=5
  verify 24: accepted 4/4 (K=5) + correction -> +5 tokens (146.2 ms)  cpos=175
  [margins] 15.57 13.29 11.19 7.43 1.69  K=6
  verify 25: accepted 4/5 (K=6) + correction -> +5 tokens (167.7 ms)  cpos=180
  [margins] 16.39 16.18 6.71 4.13 9.00  K=6
  verify 26: accepted 5/5 (K=6) + correction -> +6 tokens (160.8 ms)  cpos=186
  [margins] 5.71 9.35 3.61 6.79 2.12  K=6
  verify 27: accepted 5/5 (K=6) + correction -> +6 tokens (167.0 ms)  cpos=192
  [margins] 13.02 16.02 8.84 10.13 11.85  K=6
  verify 28: accepted 5/5 (K=6) + correction -> +6 tokens (161.7 ms)  cpos=198
  [margins] 8.75 10.62 12.35 13.49 3.14  K=6
  verify 29: accepted 5/5 (K=6) + correction -> +6 tokens (163.8 ms)  cpos=204
  [margins] 9.36 4.03 3.58 6.70 4.04  K=6
  verify 30: accepted 5/5 (K=6) + correction -> +6 tokens (161.0 ms)  cpos=210
  [margins] 9.00 8.90 8.63 9.22 0.44  K=5
  verify 31: accepted 4/4 (K=5) + correction -> +5 tokens (144.9 ms)  cpos=215
  [margins] 16.68 14.18 9.93 7.88 0.75  K=5
  verify 32: accepted 4/4 (K=5) + correction -> +5 tokens (151.2 ms)  cpos=220
  [margins] 17.34 13.13 3.34 1.87 6.64  K=6
  verify 33: accepted 5/5 (K=6) + correction -> +6 tokens (160.0 ms)  cpos=226
  [margins] 9.85 4.39 1.41 10.63 1.18  K=3
  verify 34: accepted 2/2 (K=3) + correction -> +3 tokens (120.9 ms)  cpos=229
  [margins] 18.61 10.57 8.22 10.92 10.89  K=6
  verify 35: accepted 5/5 (K=6) + correction -> +6 tokens (166.2 ms)  cpos=235
  [margins] 8.86 11.06 7.87 5.90 0.37  K=5
  verify 36: accepted 4/4 (K=5) + correction -> +5 tokens (152.6 ms)  cpos=240
  [margins] 17.85 14.64 5.60 3.33 7.27  K=6
  verify 37: accepted 5/5 (K=6) + correction -> +6 tokens (163.5 ms)  cpos=246
  [margins] 11.20 4.54 0.04 11.09 0.52  K=3
  verify 38: accepted 2/2 (K=3) + correction -> +3 tokens (121.8 ms)  cpos=249
  [margins] 14.78 12.09 7.36 12.65 11.04  K=6
  verify 39: accepted 5/5 (K=6) + correction -> +6 tokens (161.8 ms)  cpos=255
  [margins] 15.39 12.54 11.17 6.72 6.81  K=6
  verify 40: accepted 5/5 (K=6) + correction -> +6 tokens (183.7 ms)  cpos=261
  [margins] 15.10 9.57 6.60 8.14 0.20  K=5
  verify 41: accepted 4/4 (K=5) + correction -> +5 tokens (146.0 ms)  cpos=266
  [margins] 12.79 10.48 1.20 11.18 4.69  K=3
  verify 42: accepted 2/2 (K=3) + correction -> +3 tokens (120.3 ms)  cpos=269
  [margins] 14.59 13.24 7.37 12.78 9.13  K=6
  verify 43: accepted 5/5 (K=6) + correction -> +6 tokens (166.1 ms)  cpos=275
  [margins] 13.77 15.80 10.92 8.70 8.60  K=6
  verify 44: accepted 5/5 (K=6) + correction -> +6 tokens (169.0 ms)  cpos=281
  [margins] 14.68 6.75 6.35 8.40 0.40  K=5
  verify 45: accepted 4/4 (K=5) + correction -> +5 tokens (145.8 ms)  cpos=286

[spec] generated 204 tokens over 45 verifies: mean tokens/verify = 4.53 (block=5, max 6)
[spec] tokens: 1 50 201 671 15020 4181 362 2775 14817 14922 344 223 25 22765 7975 55 15 3180 16 1 50 201 671 15020 4181 362 2775 14817 14922 344 223 25 22765 7975 55 15 3180 16 1 50
[spec] SPEC-DECODE: 32.2 ms/tok = 31.07 tok/s  (vs base M=1 71.0 ms/tok = 14.08 tok/s -> 2.21x)
[decode] PREFILL: 14 positions in 283.1 ms = 49.5 tok/s (20.222 ms/tok)
[spec] decoding 200 tokens (block=5, draft passes=1, adaptK=1.50, prompt=6 s=15)...
  [margins] 0.44 5.98 0.81 0.96 0.33  K=3
  verify 1: accepted 1/2 (K=3) + correction -> +2 tokens (114.8 ms)  cpos=16
  [margins] 3.37 0.07 0.85 1.35 4.17  K=2
  verify 2: accepted 1/1 (K=2) + correction -> +2 tokens (98.6 ms)  cpos=18
  [margins] 1.75 0.62 1.76 2.15 3.91  K=2
  verify 3: accepted 1/1 (K=2) + correction -> +2 tokens (103.6 ms)  cpos=20
  [margins] 1.68 1.26 3.74 2.98 4.03  K=2
  verify 4: accepted 1/1 (K=2) + correction -> +2 tokens (98.7 ms)  cpos=22
  [margins] 3.00 0.68 4.07 3.16 3.92  K=2
  verify 5: accepted 1/1 (K=2) + correction -> +2 tokens (102.0 ms)  cpos=24
  [margins] 1.77 1.17 1.47 1.66 4.31  K=2
  verify 6: accepted 1/1 (K=2) + correction -> +2 tokens (99.1 ms)  cpos=26
  [margins] 1.94 1.14 2.31 1.17 5.37  K=2
  verify 7: accepted 1/1 (K=2) + correction -> +2 tokens (102.5 ms)  cpos=28
  [margins] 1.79 1.25 2.52 0.86 6.53  K=2
  verify 8: accepted 1/1 (K=2) + correction -> +2 tokens (98.2 ms)  cpos=30
  [margins] 1.51 2.18 2.69 0.16 7.43  K=4
  verify 9: accepted 0/3 (K=4) + correction -> +1 tokens (118.6 ms)  cpos=31
  [margins] 0.36 8.55 2.26 0.64 7.31  K=4
  verify 10: accepted 0/3 (K=4) + correction -> +1 tokens (125.4 ms)  cpos=32
  [margins] 7.07 0.17 1.61 7.74 2.07  K=2
  verify 11: accepted 1/1 (K=2) + correction -> +2 tokens (96.5 ms)  cpos=34
  [margins] 1.84 6.07 0.21 1.03 0.64  K=3
  verify 12: accepted 2/2 (K=3) + correction -> +3 tokens (110.7 ms)  cpos=37
  [margins] 12.33 7.09 4.03 3.92 6.71  K=6
  verify 13: accepted 5/5 (K=6) + correction -> +6 tokens (149.0 ms)  cpos=43
  [margins] 14.84 8.16 8.92 10.39 7.32  K=6
  verify 14: accepted 5/5 (K=6) + correction -> +6 tokens (156.3 ms)  cpos=49
  [margins] 16.51 10.08 10.84 10.01 10.41  K=6
  verify 15: accepted 5/5 (K=6) + correction -> +6 tokens (152.2 ms)  cpos=55
  [margins] 14.95 10.17 10.91 7.50 9.57  K=6
  verify 16: accepted 5/5 (K=6) + correction -> +6 tokens (155.2 ms)  cpos=61
  [margins] 18.71 10.35 12.55 9.78 10.69  K=6
  verify 17: accepted 5/5 (K=6) + correction -> +6 tokens (152.6 ms)  cpos=67
  [margins] 17.24 10.49 9.29 9.66 9.53  K=6
  verify 18: accepted 5/5 (K=6) + correction -> +6 tokens (159.5 ms)  cpos=73
  [margins] 16.06 10.60 11.92 9.02 10.50  K=6
  verify 19: accepted 5/5 (K=6) + correction -> +6 tokens (153.3 ms)  cpos=79
  [margins] 16.47 10.91 13.05 11.30 12.43  K=6
  verify 20: accepted 5/5 (K=6) + correction -> +6 tokens (158.0 ms)  cpos=85
  [margins] 16.59 10.89 10.83 11.70 9.96  K=6
  verify 21: accepted 5/5 (K=6) + correction -> +6 tokens (156.6 ms)  cpos=91
  [margins] 17.15 10.88 12.35 8.96 11.04  K=6
  verify 22: accepted 5/5 (K=6) + correction -> +6 tokens (162.4 ms)  cpos=97
  [margins] 18.14 11.52 14.10 10.76 12.14  K=6
  verify 23: accepted 5/5 (K=6) + correction -> +6 tokens (153.5 ms)  cpos=103
  [margins] 14.97 10.97 13.31 11.55 10.32  K=6
  verify 24: accepted 5/5 (K=6) + correction -> +6 tokens (162.5 ms)  cpos=109
  [margins] 17.27 10.76 13.91 10.87 10.76  K=6
  verify 25: accepted 5/5 (K=6) + correction -> +6 tokens (156.3 ms)  cpos=115
  [margins] 14.70 10.42 13.75 11.38 10.40  K=6
  verify 26: accepted 5/5 (K=6) + correction -> +6 tokens (160.6 ms)  cpos=121
  [margins] 16.55 10.81 13.15 8.58 11.41  K=6
  verify 27: accepted 5/5 (K=6) + correction -> +6 tokens (157.1 ms)  cpos=127
  [margins] 17.05 10.93 13.96 10.78 10.77  K=6
  verify 28: accepted 5/5 (K=6) + correction -> +6 tokens (176.1 ms)  cpos=133
  [margins] 16.57 9.20 12.73 7.65 9.87  K=6
  verify 29: accepted 5/5 (K=6) + correction -> +6 tokens (154.1 ms)  cpos=139
  [margins] 15.10 9.66 13.36 9.46 10.78  K=6
  verify 30: accepted 5/5 (K=6) + correction -> +6 tokens (160.8 ms)  cpos=145
  [margins] 16.90 10.03 12.96 10.83 9.70  K=6
  verify 31: accepted 5/5 (K=6) + correction -> +6 tokens (155.8 ms)  cpos=151
  [margins] 14.83 10.28 14.34 10.70 10.47  K=6
  verify 32: accepted 5/5 (K=6) + correction -> +6 tokens (160.7 ms)  cpos=157
  [margins] 16.21 9.60 12.10 12.39 10.58  K=6
  verify 33: accepted 5/5 (K=6) + correction -> +6 tokens (159.7 ms)  cpos=163
  [margins] 18.54 9.38 13.03 10.65 9.80  K=6
  verify 34: accepted 5/5 (K=6) + correction -> +6 tokens (161.5 ms)  cpos=169
  [margins] 15.89 10.59 13.07 7.85 12.17  K=6
  verify 35: accepted 5/5 (K=6) + correction -> +6 tokens (158.5 ms)  cpos=175
  [margins] 17.30 9.59 12.80 8.52 10.71  K=6
  verify 36: accepted 5/5 (K=6) + correction -> +6 tokens (162.5 ms)  cpos=181
  [margins] 18.13 10.37 12.62 8.69 10.32  K=6
  verify 37: accepted 5/5 (K=6) + correction -> +6 tokens (159.5 ms)  cpos=187
  [margins] 18.11 10.80 14.03 12.35 9.50  K=6
  verify 38: accepted 5/5 (K=6) + correction -> +6 tokens (163.8 ms)  cpos=193
  [margins] 17.53 9.79 13.56 11.00 8.84  K=6
  verify 39: accepted 5/5 (K=6) + correction -> +6 tokens (157.9 ms)  cpos=199
  [margins] 19.79 9.86 13.45 11.04 9.32  K=6
  verify 40: accepted 5/5 (K=6) + correction -> +6 tokens (163.7 ms)  cpos=205
  [margins] 17.05 10.57 13.28 11.31 10.40  K=6
  verify 41: accepted 5/5 (K=6) + correction -> +6 tokens (158.7 ms)  cpos=211
  [margins] 19.39 9.73 12.74 7.52 9.74  K=6
  verify 42: accepted 5/5 (K=6) + correction -> +6 tokens (163.9 ms)  cpos=217

[spec] generated 203 tokens over 42 verifies: mean tokens/verify = 4.83 (block=5, max 6)
[spec] tokens: 1 16 1 16 1 16 1 16 1 16 1 16 1 16 1 16 403 31310 16 403 31310 16 403 31310 16 403 31310 16 403 31310 16 403 31310 16 403 31310 16 403 31310 16
[spec] SPEC-DECODE: 29.4 ms/tok = 33.98 tok/s  (vs base M=1 71.0 ms/tok = 14.08 tok/s -> 2.41x)
[decode] PREFILL: 37 positions in 640.0 ms = 57.8 tok/s (17.297 ms/tok)
[spec] decoding 200 tokens (block=5, draft passes=1, adaptK=1.50, prompt=7 s=38)...
  [margins] 0.98 3.15 0.17 0.18 0.29  K=3
  verify 1: accepted 0/2 (K=3) + correction -> +1 tokens (116.3 ms)  cpos=38
  [margins] 0.04 6.06 0.38 1.71 0.08  K=3
  verify 2: accepted 0/2 (K=3) + correction -> +1 tokens (111.5 ms)  cpos=39
  [margins] 1.75 0.47 5.09 0.60 0.70  K=2
  verify 3: accepted 1/1 (K=2) + correction -> +2 tokens (99.5 ms)  cpos=41
  [margins] 3.00 0.30 1.07 6.03 0.53  K=2
  verify 4: accepted 1/1 (K=2) + correction -> +2 tokens (94.8 ms)  cpos=43
  [margins] 0.99 1.90 0.23 0.25 0.25  K=3
  verify 5: accepted 0/2 (K=3) + correction -> +1 tokens (112.0 ms)  cpos=44
  [margins] 0.62 0.13 0.94 0.37 0.49  K=2
  verify 6: accepted 1/1 (K=2) + correction -> +2 tokens (95.8 ms)  cpos=46
  [margins] 1.13 1.12 1.91 0.20 1.86  K=2
  verify 7: accepted 0/1 (K=2) + correction -> +1 tokens (101.0 ms)  cpos=47
  [margins] 2.20 2.68 0.15 2.05 1.09  K=3
  verify 8: accepted 1/2 (K=3) + correction -> +2 tokens (113.6 ms)  cpos=49
  [margins] 8.38 6.72 5.84 2.82 0.90  K=5
  verify 9: accepted 4/4 (K=5) + correction -> +5 tokens (138.4 ms)  cpos=54
  [margins] 0.41 0.33 1.23 0.98 3.08  K=2
  verify 10: accepted 0/1 (K=2) + correction -> +1 tokens (102.5 ms)  cpos=55
  [margins] 1.18 0.68 1.05 3.04 3.35  K=2
  verify 11: accepted 1/1 (K=2) + correction -> +2 tokens (102.6 ms)  cpos=57
  [margins] 2.96 0.56 0.60 1.65 0.16  K=2
  verify 12: accepted 1/1 (K=2) + correction -> +2 tokens (97.3 ms)  cpos=59
  [margins] 4.36 2.50 0.67 0.18 0.89  K=3
  verify 13: accepted 2/2 (K=3) + correction -> +3 tokens (113.7 ms)  cpos=62
  [margins] 1.49 0.06 2.81 1.53 3.46  K=2
  verify 14: accepted 1/1 (K=2) + correction -> +2 tokens (103.1 ms)  cpos=64
  [margins] 6.41 8.88 4.29 3.34 4.84  K=6
  verify 15: accepted 3/5 (K=6) + correction -> +4 tokens (155.8 ms)  cpos=68
  [margins] 5.74 2.84 0.62 0.36 0.77  K=3
  verify 16: accepted 2/2 (K=3) + correction -> +3 tokens (109.7 ms)  cpos=71
  [margins] 3.41 2.09 3.91 0.45 0.04  K=4
  verify 17: accepted 3/3 (K=4) + correction -> +4 tokens (125.8 ms)  cpos=75
  [margins] 2.86 8.92 0.37 3.52 3.38  K=3
  verify 18: accepted 2/2 (K=3) + correction -> +3 tokens (111.7 ms)  cpos=78
  [margins] 8.21 7.80 5.97 7.72 9.54  K=6
  verify 19: accepted 5/5 (K=6) + correction -> +6 tokens (160.9 ms)  cpos=84
  [margins] 7.61 8.53 7.24 3.85 1.11  K=5
  verify 20: accepted 4/4 (K=5) + correction -> +5 tokens (141.9 ms)  cpos=89
  [margins] 8.57 6.63 4.54 0.84 0.51  K=4
  verify 21: accepted 3/3 (K=4) + correction -> +4 tokens (128.6 ms)  cpos=93
  [margins] 4.97 3.27 2.03 1.77 0.14  K=5
  verify 22: accepted 3/4 (K=5) + correction -> +4 tokens (138.4 ms)  cpos=97
  [margins] 10.11 13.21 11.04 9.22 4.44  K=6
  verify 23: accepted 5/5 (K=6) + correction -> +6 tokens (159.7 ms)  cpos=103
  [margins] 9.91 4.52 3.55 1.38 9.39  K=4
  verify 24: accepted 3/3 (K=4) + correction -> +4 tokens (131.1 ms)  cpos=107
  [margins] 4.59 3.50 10.03 0.41 3.62  K=4
  verify 25: accepted 3/3 (K=4) + correction -> +4 tokens (131.0 ms)  cpos=111
  [margins] 10.64 6.39 8.54 4.05 7.51  K=6
  verify 26: accepted 5/5 (K=6) + correction -> +6 tokens (167.7 ms)  cpos=117
  [margins] 10.84 8.75 3.83 6.28 5.89  K=6
  verify 27: accepted 5/5 (K=6) + correction -> +6 tokens (162.2 ms)  cpos=123
  [margins] 14.08 3.75 8.48 8.62 0.33  K=5
  verify 28: accepted 4/4 (K=5) + correction -> +5 tokens (162.9 ms)  cpos=128
  [margins] 5.39 5.29 3.61 3.03 2.75  K=6
  verify 29: accepted 3/5 (K=6) + correction -> +4 tokens (160.8 ms)  cpos=132
  [margins] 5.59 2.27 4.07 1.79 0.89  K=5
  verify 30: accepted 4/4 (K=5) + correction -> +5 tokens (142.4 ms)  cpos=137
  [margins] 2.81 0.02 4.72 2.99 3.71  K=2
  verify 31: accepted 1/1 (K=2) + correction -> +2 tokens (102.3 ms)  cpos=139
  [margins] 5.89 0.87 6.36 7.94 5.74  K=2
  verify 32: accepted 1/1 (K=2) + correction -> +2 tokens (105.6 ms)  cpos=141
  [margins] 9.70 8.20 5.71 1.66 0.84  K=5
  verify 33: accepted 4/4 (K=5) + correction -> +5 tokens (145.7 ms)  cpos=146
  [margins] 7.92 10.33 11.05 11.82 1.44  K=5
  verify 34: accepted 4/4 (K=5) + correction -> +5 tokens (147.2 ms)  cpos=151
  [margins] 2.78 0.61 0.52 7.90 0.49  K=2
  verify 35: accepted 1/1 (K=2) + correction -> +2 tokens (109.5 ms)  cpos=153
  [margins] 3.04 3.05 1.01 1.23 4.13  K=3
  verify 36: accepted 0/2 (K=3) + correction -> +1 tokens (109.8 ms)  cpos=154
  [margins] 6.18 2.77 0.01 2.97 1.83  K=3
  verify 37: accepted 1/2 (K=3) + correction -> +2 tokens (115.7 ms)  cpos=156
  [margins] 6.23 2.96 0.79 2.18 1.64  K=3
  verify 38: accepted 1/2 (K=3) + correction -> +2 tokens (110.1 ms)  cpos=158
  [margins] 4.63 0.67 3.90 2.17 0.87  K=2
  verify 39: accepted 1/1 (K=2) + correction -> +2 tokens (107.9 ms)  cpos=160
  [margins] 4.03 1.64 3.13 1.23 5.07  K=4
  verify 40: accepted 3/3 (K=4) + correction -> +4 tokens (124.3 ms)  cpos=164
  [margins] 4.01 4.98 3.85 1.57 3.63  K=6
  verify 41: accepted 5/5 (K=6) + correction -> +6 tokens (149.4 ms)  cpos=170
  [margins] 3.12 6.34 3.15 3.00 3.52  K=6
  verify 42: accepted 5/5 (K=6) + correction -> +6 tokens (155.3 ms)  cpos=176
  [margins] 2.78 7.00 2.67 4.39 4.24  K=6
  verify 43: accepted 5/5 (K=6) + correction -> +6 tokens (150.3 ms)  cpos=182
  [margins] 1.79 7.10 3.55 4.95 4.65  K=6
  verify 44: accepted 5/5 (K=6) + correction -> +6 tokens (155.8 ms)  cpos=188
  [margins] 1.04 6.72 3.47 4.56 4.81  K=6
  verify 45: accepted 5/5 (K=6) + correction -> +6 tokens (150.6 ms)  cpos=194
  [margins] 0.56 6.97 3.20 4.39 4.46  K=6
  verify 46: accepted 5/5 (K=6) + correction -> +6 tokens (155.8 ms)  cpos=200
  [margins] 0.61 6.10 3.30 3.80 4.05  K=6
  verify 47: accepted 5/5 (K=6) + correction -> +6 tokens (150.8 ms)  cpos=206
  [margins] 1.74 6.41 3.04 3.37 4.34  K=6
  verify 48: accepted 5/5 (K=6) + correction -> +6 tokens (156.5 ms)  cpos=212
  [margins] 1.86 5.92 2.73 3.44 4.26  K=6
  verify 49: accepted 5/5 (K=6) + correction -> +6 tokens (149.2 ms)  cpos=218
  [margins] 1.87 6.02 3.82 2.22 4.47  K=6
  verify 50: accepted 5/5 (K=6) + correction -> +6 tokens (156.0 ms)  cpos=224
  [margins] 2.17 6.53 3.51 2.29 4.51  K=6
  verify 51: accepted 5/5 (K=6) + correction -> +6 tokens (150.2 ms)  cpos=230
  [margins] 1.96 6.28 4.35 1.47 4.68  K=4
  verify 52: accepted 0/3 (K=4) + correction -> +1 tokens (124.8 ms)  cpos=231
  [margins] 8.23 1.25 3.15 4.04 0.00  K=2
  verify 53: accepted 0/1 (K=2) + correction -> +1 tokens (104.6 ms)  cpos=232
  [margins] 5.68 3.22 7.48 1.16 1.78  K=4
  verify 54: accepted 1/3 (K=4) + correction -> +2 tokens (126.9 ms)  cpos=234
  [margins] 3.70 1.35 2.88 0.65 0.50  K=2
  verify 55: accepted 1/1 (K=2) + correction -> +2 tokens (105.0 ms)  cpos=236
  [margins] 3.42 0.74 6.13 0.48 0.85  K=2
  verify 56: accepted 0/1 (K=2) + correction -> +1 tokens (100.9 ms)  cpos=237

[spec] generated 200 tokens over 56 verifies: mean tokens/verify = 3.57 (block=5, max 6)
[spec] tokens: 343 12888 28 566 344 260 19075 3417 9508 5718 270 2753 294 270 6616 366 1512 1527 27819 13459 16 5715 270 12919 6329 1512 1527 940 223 19 27819 13459 16 455 3452 2753 344 979 7490 201
[spec] SPEC-DECODE: 35.7 ms/tok = 28.04 tok/s  (vs base M=1 71.0 ms/tok = 14.08 tok/s -> 1.99x)
[decode] PREFILL: 12 positions in 250.9 ms = 47.8 tok/s (20.910 ms/tok)
[spec] decoding 200 tokens (block=5, draft passes=1, adaptK=1.50, prompt=8 s=13)...
  [margins] 2.44 1.52 0.04 0.77 1.28  K=3
  verify 1: accepted 1/2 (K=3) + correction -> +2 tokens (111.3 ms)  cpos=14
  [margins] 0.29 4.20 3.29 0.70 5.14  K=4
  verify 2: accepted 0/3 (K=4) + correction -> +1 tokens (128.3 ms)  cpos=15
  [margins] 0.25 1.22 2.10 0.12 2.03  K=2
  verify 3: accepted 1/1 (K=2) + correction -> +2 tokens (101.8 ms)  cpos=17
  [margins] 0.67 0.11 0.19 2.77 0.22  K=2
  verify 4: accepted 1/1 (K=2) + correction -> +2 tokens (98.3 ms)  cpos=19
  [margins] 2.75 0.04 1.11 4.17 0.44  K=2
  verify 5: accepted 1/1 (K=2) + correction -> +2 tokens (103.4 ms)  cpos=21
  [margins] 2.65 0.01 0.40 4.64 0.22  K=2
  verify 6: accepted 1/1 (K=2) + correction -> +2 tokens (98.2 ms)  cpos=23
  [margins] 3.23 0.47 0.26 0.09 4.19  K=2
  verify 7: accepted 1/1 (K=2) + correction -> +2 tokens (102.5 ms)  cpos=25
  [margins] 3.85 0.34 1.23 0.08 0.34  K=2
  verify 8: accepted 1/1 (K=2) + correction -> +2 tokens (98.6 ms)  cpos=27
  [margins] 4.80 0.16 1.80 0.31 5.11  K=2
  verify 9: accepted 1/1 (K=2) + correction -> +2 tokens (102.8 ms)  cpos=29
  [margins] 5.91 0.54 2.23 0.39 4.64  K=2
  verify 10: accepted 1/1 (K=2) + correction -> +2 tokens (98.8 ms)  cpos=31
  [margins] 5.88 0.02 0.23 4.73 0.47  K=2
  verify 11: accepted 1/1 (K=2) + correction -> +2 tokens (102.9 ms)  cpos=33
  [margins] 5.77 0.26 4.23 0.50 4.10  K=2
  verify 12: accepted 1/1 (K=2) + correction -> +2 tokens (99.5 ms)  cpos=35
  [margins] 6.27 0.16 6.26 0.64 5.05  K=2
  verify 13: accepted 1/1 (K=2) + correction -> +2 tokens (102.7 ms)  cpos=37
  [margins] 5.87 0.20 5.98 0.48 4.20  K=2
  verify 14: accepted 1/1 (K=2) + correction -> +2 tokens (99.2 ms)  cpos=39
  [margins] 7.18 0.36 6.91 0.44 5.32  K=2
  verify 15: accepted 1/1 (K=2) + correction -> +2 tokens (102.7 ms)  cpos=41
  [margins] 6.17 0.25 5.47 0.70 4.26  K=2
  verify 16: accepted 1/1 (K=2) + correction -> +2 tokens (99.2 ms)  cpos=43
  [margins] 6.99 0.16 6.11 0.91 4.58  K=2
  verify 17: accepted 1/1 (K=2) + correction -> +2 tokens (103.6 ms)  cpos=45
  [margins] 6.22 1.07 4.81 0.94 3.66  K=2
  verify 18: accepted 0/1 (K=2) + correction -> +1 tokens (96.8 ms)  cpos=46
  [margins] 5.46 3.83 6.46 0.26 0.44  K=4
  verify 19: accepted 3/3 (K=4) + correction -> +4 tokens (126.5 ms)  cpos=50
  [margins] 3.10 2.18 1.22 1.44 3.51  K=3
  verify 20: accepted 2/2 (K=3) + correction -> +3 tokens (113.8 ms)  cpos=53
  [margins] 8.07 8.31 0.08 1.85 1.79  K=3
  verify 21: accepted 2/2 (K=3) + correction -> +3 tokens (112.5 ms)  cpos=56
  [margins] 2.53 0.68 3.34 1.65 1.10  K=2
  verify 22: accepted 1/1 (K=2) + correction -> +2 tokens (100.1 ms)  cpos=58
  [margins] 0.39 6.92 1.00 3.40 2.10  K=3
  verify 23: accepted 0/2 (K=3) + correction -> +1 tokens (111.2 ms)  cpos=59
  [margins] 2.48 2.61 3.86 5.46 0.06  K=5
  verify 24: accepted 0/4 (K=5) + correction -> +1 tokens (140.6 ms)  cpos=60
  [margins] 5.96 3.96 6.63 7.37 3.06  K=6
  verify 25: accepted 5/5 (K=6) + correction -> +6 tokens (154.7 ms)  cpos=66
  [margins] 6.95 11.49 7.99 1.82 1.64  K=6
  verify 26: accepted 3/5 (K=6) + correction -> +4 tokens (163.5 ms)  cpos=70
  [margins] 2.32 3.24 0.18 5.08 3.38  K=3
  verify 27: accepted 0/2 (K=3) + correction -> +1 tokens (115.6 ms)  cpos=71
  [margins] 0.74 3.67 2.71 2.81 1.92  K=6
  verify 28: accepted 0/5 (K=6) + correction -> +1 tokens (160.0 ms)  cpos=72
  [margins] 2.68 2.66 4.14 7.25 2.44  K=6
  verify 29: accepted 5/5 (K=6) + correction -> +6 tokens (156.1 ms)  cpos=78
  [margins] 6.06 7.28 4.55 0.38 2.30  K=4
  verify 30: accepted 3/3 (K=4) + correction -> +4 tokens (128.7 ms)  cpos=82
  [margins] 3.51 5.61 3.94 4.67 1.81  K=6
  verify 31: accepted 5/5 (K=6) + correction -> +6 tokens (162.7 ms)  cpos=88
  [margins] 4.23 5.80 2.42 6.25 3.07  K=6
  verify 32: accepted 5/5 (K=6) + correction -> +6 tokens (157.6 ms)  cpos=94
  [margins] 4.43 8.42 8.01 6.00 3.67  K=6
  verify 33: accepted 5/5 (K=6) + correction -> +6 tokens (165.3 ms)  cpos=100
  [margins] 4.95 7.89 5.02 7.22 3.50  K=6
  verify 34: accepted 5/5 (K=6) + correction -> +6 tokens (159.8 ms)  cpos=106
  [margins] 6.15 9.13 9.10 6.58 4.66  K=6
  verify 35: accepted 5/5 (K=6) + correction -> +6 tokens (166.4 ms)  cpos=112
  [margins] 4.21 6.38 0.19 8.24 3.77  K=3
  verify 36: accepted 2/2 (K=3) + correction -> +3 tokens (113.7 ms)  cpos=115
  [margins] 4.44 14.08 2.18 5.66 8.55  K=6
  verify 37: accepted 5/5 (K=6) + correction -> +6 tokens (166.1 ms)  cpos=121
  [margins] 7.43 9.86 6.73 5.51 8.31  K=6
  verify 38: accepted 5/5 (K=6) + correction -> +6 tokens (159.0 ms)  cpos=127
  [margins] 4.89 14.41 2.53 5.46 8.41  K=6
  verify 39: accepted 5/5 (K=6) + correction -> +6 tokens (182.6 ms)  cpos=133
  [margins] 8.73 12.42 8.24 4.11 6.61  K=6
  verify 40: accepted 5/5 (K=6) + correction -> +6 tokens (160.9 ms)  cpos=139
  [margins] 4.31 10.66 2.83 5.70 6.43  K=6
  verify 41: accepted 5/5 (K=6) + correction -> +6 tokens (167.1 ms)  cpos=145
  [margins] 10.95 11.72 8.29 1.74 7.14  K=6
  verify 42: accepted 5/5 (K=6) + correction -> +6 tokens (160.1 ms)  cpos=151
  [margins] 5.12 13.21 2.30 7.44 7.80  K=6
  verify 43: accepted 5/5 (K=6) + correction -> +6 tokens (166.5 ms)  cpos=157
  [margins] 12.23 11.57 7.75 4.38 7.57  K=6
  verify 44: accepted 5/5 (K=6) + correction -> +6 tokens (162.2 ms)  cpos=163
  [margins] 6.11 13.46 2.69 7.09 6.96  K=6
  verify 45: accepted 5/5 (K=6) + correction -> +6 tokens (166.8 ms)  cpos=169
  [margins] 11.20 7.96 8.31 5.28 2.96  K=6
  verify 46: accepted 5/5 (K=6) + correction -> +6 tokens (160.6 ms)  cpos=175
  [margins] 5.26 12.48 2.78 7.88 6.14  K=6
  verify 47: accepted 5/5 (K=6) + correction -> +6 tokens (166.0 ms)  cpos=181
  [margins] 12.07 13.01 7.48 4.19 11.50  K=6
  verify 48: accepted 5/5 (K=6) + correction -> +6 tokens (162.0 ms)  cpos=187
  [margins] 5.17 12.36 3.18 6.97 7.40  K=6
  verify 49: accepted 5/5 (K=6) + correction -> +6 tokens (166.0 ms)  cpos=193
  [margins] 10.63 11.96 8.13 3.63 8.90  K=6
  verify 50: accepted 5/5 (K=6) + correction -> +6 tokens (162.8 ms)  cpos=199
  [margins] 5.70 12.84 3.31 7.10 8.07  K=6
  verify 51: accepted 5/5 (K=6) + correction -> +6 tokens (166.4 ms)  cpos=205
  [margins] 10.57 12.38 8.12 5.53 9.04  K=6
  verify 52: accepted 5/5 (K=6) + correction -> +6 tokens (163.5 ms)  cpos=211
  [margins] 7.19 13.13 3.43 7.41 9.02  K=6
  verify 53: accepted 5/5 (K=6) + correction -> +6 tokens (167.7 ms)  cpos=217

[spec] generated 205 tokens over 53 verifies: mean tokens/verify = 3.87 (block=5, max 6)
[spec] tokens: 1 201 1 201 1 201 1 201 1 201 1 201 1 201 1 201 1 201 1 201 1 201 1 201 1 201 1 201 1 201 1 201 3085 344 270 6102 294 8760 33 9361
[spec] SPEC-DECODE: 34.8 ms/tok = 28.78 tok/s  (vs base M=1 71.0 ms/tok = 14.08 tok/s -> 2.04x)
[decode] PREFILL: 5 positions in 128.5 ms = 38.9 tok/s (25.702 ms/tok)
[spec] decoding 200 tokens (block=6, draft passes=1, adaptK=1.50, prompt=0 s=6)...
  [margins] 2.13 1.12 0.54 0.87 0.37 4.49  K=2
  verify 1: accepted 1/1 (K=2) + correction -> +2 tokens (98.6 ms)  cpos=7
  [margins] 0.55 1.08 0.77 0.35 0.17 0.13  K=2
  verify 2: accepted 0/1 (K=2) + correction -> +1 tokens (106.3 ms)  cpos=8
  [margins] 1.23 0.57 2.42 0.15 0.29 1.09  K=2
  verify 3: accepted 1/1 (K=2) + correction -> +2 tokens (98.9 ms)  cpos=10
  [margins] 2.70 0.16 3.77 0.13 1.03 0.92  K=2
  verify 4: accepted 0/1 (K=2) + correction -> +1 tokens (101.8 ms)  cpos=11
  [margins] 6.82 0.09 1.17 2.66 2.60 1.99  K=2
  verify 5: accepted 1/1 (K=2) + correction -> +2 tokens (102.2 ms)  cpos=13
  [margins] 4.02 2.27 5.16 1.90 0.65 0.14  K=5
  verify 6: accepted 4/4 (K=5) + correction -> +5 tokens (139.1 ms)  cpos=18
  [margins] 4.64 2.86 2.48 0.36 1.35 1.80  K=4
  verify 7: accepted 1/3 (K=4) + correction -> +2 tokens (128.5 ms)  cpos=20
  [margins] 2.50 2.12 4.87 1.74 1.93 0.20  K=6
  verify 8: accepted 4/5 (K=6) + correction -> +5 tokens (154.8 ms)  cpos=25
  [margins] 7.18 2.39 3.28 3.01 2.67 2.55  K=7
  verify 9: accepted 1/6 (K=7) + correction -> +2 tokens (177.8 ms)  cpos=27
  [margins] 3.41 3.36 6.08 2.23 0.37 0.54  K=5
  verify 10: accepted 4/4 (K=5) + correction -> +5 tokens (147.1 ms)  cpos=32
  [margins] 6.79 0.60 3.78 1.59 1.56 2.82  K=2
  verify 11: accepted 1/1 (K=2) + correction -> +2 tokens (99.6 ms)  cpos=34
  [margins] 1.94 4.00 5.07 1.44 0.65 0.11  K=4
  verify 12: accepted 3/3 (K=4) + correction -> +4 tokens (130.4 ms)  cpos=38
  [margins] 0.34 0.62 6.65 2.82 3.58 5.78  K=2
  verify 13: accepted 0/1 (K=2) + correction -> +1 tokens (104.1 ms)  cpos=39
  [margins] 4.79 0.15 4.45 3.09 3.78 3.40  K=2
  verify 14: accepted 1/1 (K=2) + correction -> +2 tokens (103.9 ms)  cpos=41
  [margins] 3.38 3.87 5.89 0.79 1.22 3.97  K=4
  verify 15: accepted 3/3 (K=4) + correction -> +4 tokens (129.5 ms)  cpos=45
  [margins] 3.52 0.40 7.06 1.97 4.55 3.78  K=2
  verify 16: accepted 1/1 (K=2) + correction -> +2 tokens (100.2 ms)  cpos=47
  [margins] 1.03 2.98 0.16 4.62 3.17 0.21  K=3
  verify 17: accepted 2/2 (K=3) + correction -> +3 tokens (116.0 ms)  cpos=50
  [margins] 4.26 3.49 3.73 0.91 3.55 2.91  K=4
  verify 18: accepted 3/3 (K=4) + correction -> +4 tokens (131.9 ms)  cpos=54
  [margins] 2.89 1.82 6.75 0.35 2.76 3.65  K=4
  verify 19: accepted 3/3 (K=4) + correction -> +4 tokens (129.6 ms)  cpos=58
  [margins] 1.37 5.23 5.33 6.04 0.97 4.43  K=5
  verify 20: accepted 0/4 (K=5) + correction -> +1 tokens (142.7 ms)  cpos=59
  [margins] 5.31 6.02 5.98 0.65 4.15 2.97  K=4
  verify 21: accepted 3/3 (K=4) + correction -> +4 tokens (131.8 ms)  cpos=63
  [margins] 0.51 0.91 6.98 0.66 3.85 4.57  K=2
  verify 22: accepted 0/1 (K=2) + correction -> +1 tokens (104.6 ms)  cpos=64
  [margins] 6.90 1.30 3.32 2.50 2.87 3.65  K=2
  verify 23: accepted 1/1 (K=2) + correction -> +2 tokens (100.9 ms)  cpos=66
  [margins] 4.69 5.89 5.17 1.81 0.04 4.02  K=5
  verify 24: accepted 4/4 (K=5) + correction -> +5 tokens (143.8 ms)  cpos=71
  [margins] 7.22 1.65 2.73 2.50 1.21 3.20  K=5
  verify 25: accepted 4/4 (K=5) + correction -> +5 tokens (150.9 ms)  cpos=76
  [margins] 8.58 1.66 0.15 2.80 1.95 0.24  K=3
  verify 26: accepted 1/2 (K=3) + correction -> +2 tokens (113.0 ms)  cpos=78
  [margins] 5.89 0.29 2.47 5.60 3.52 1.97  K=2
  verify 27: accepted 1/1 (K=2) + correction -> +2 tokens (106.6 ms)  cpos=80
  [margins] 5.22 5.10 5.43 3.23 1.59 0.74  K=6
  verify 28: accepted 4/5 (K=6) + correction -> +5 tokens (161.1 ms)  cpos=85
  [margins] 7.72 0.74 2.91 3.12 4.67 2.36  K=2
  verify 29: accepted 1/1 (K=2) + correction -> +2 tokens (102.4 ms)  cpos=87
  [margins] 6.16 4.00 7.24 2.91 3.44 0.36  K=6
  verify 30: accepted 4/5 (K=6) + correction -> +5 tokens (167.6 ms)  cpos=92
  [margins] 8.37 1.25 0.66 3.18 4.30 2.42  K=2
  verify 31: accepted 1/1 (K=2) + correction -> +2 tokens (103.3 ms)  cpos=94
  [margins] 5.68 5.97 4.87 3.39 3.93 1.94  K=7
  verify 32: accepted 4/6 (K=7) + correction -> +5 tokens (186.2 ms)  cpos=99
  [margins] 6.70 2.00 0.97 1.27 4.85 2.04  K=3
  verify 33: accepted 1/2 (K=3) + correction -> +2 tokens (120.9 ms)  cpos=101
  [margins] 7.21 4.96 4.81 1.21 1.51 4.54  K=4
  verify 34: accepted 3/3 (K=4) + correction -> +4 tokens (133.6 ms)  cpos=105
  [margins] 1.57 7.78 1.14 6.52 3.57 2.32  K=3
  verify 35: accepted 2/2 (K=3) + correction -> +3 tokens (121.4 ms)  cpos=108
  [margins] 7.49 4.27 6.18 3.14 3.72 0.34  K=6
  verify 36: accepted 4/5 (K=6) + correction -> +5 tokens (163.0 ms)  cpos=113
  [margins] 7.91 1.64 0.40 1.93 3.07 0.43  K=3
  verify 37: accepted 1/2 (K=3) + correction -> +2 tokens (120.0 ms)  cpos=115
  [margins] 3.89 2.14 6.51 2.20 0.30 4.34  K=5
  verify 38: accepted 4/4 (K=5) + correction -> +5 tokens (152.9 ms)  cpos=120
  [margins] 7.92 1.65 0.23 4.63 2.94 4.34  K=3
  verify 39: accepted 1/2 (K=3) + correction -> +2 tokens (116.8 ms)  cpos=122
  [margins] 6.77 2.58 4.85 3.65 1.95 3.91  K=7
  verify 40: accepted 4/6 (K=7) + correction -> +5 tokens (205.1 ms)  cpos=127
  [margins] 8.65 1.90 1.53 2.30 5.22 4.15  K=7
  verify 41: accepted 1/6 (K=7) + correction -> +2 tokens (203.2 ms)  cpos=129
  [margins] 8.12 5.80 8.32 1.53 0.25 0.02  K=5
  verify 42: accepted 4/4 (K=5) + correction -> +5 tokens (146.3 ms)  cpos=134
  [margins] 8.42 0.80 2.41 3.42 5.08 4.17  K=2
  verify 43: accepted 1/1 (K=2) + correction -> +2 tokens (109.8 ms)  cpos=136
  [margins] 7.87 4.02 5.10 2.17 3.04 0.49  K=6
  verify 44: accepted 5/5 (K=6) + correction -> +6 tokens (164.9 ms)  cpos=142
  [margins] 9.04 9.11 1.90 2.03 6.74 5.29  K=7
  verify 45: accepted 2/6 (K=7) + correction -> +3 tokens (187.4 ms)  cpos=145
  [margins] 7.14 6.49 6.54 1.80 3.55 2.22  K=7
  verify 46: accepted 4/6 (K=7) + correction -> +5 tokens (187.5 ms)  cpos=150
  [margins] 7.50 0.71 2.54 4.31 4.53 0.27  K=2
  verify 47: accepted 1/1 (K=2) + correction -> +2 tokens (108.5 ms)  cpos=152
  [margins] 14.35 2.84 7.09 8.72 10.15 3.02  K=7
  verify 48: accepted 1/6 (K=7) + correction -> +2 tokens (182.7 ms)  cpos=154
  [margins] 3.59 7.66 7.32 4.31 4.43 0.25  K=6
  verify 49: accepted 4/5 (K=6) + correction -> +5 tokens (169.2 ms)  cpos=159
  [margins] 4.52 0.24 1.89 4.28 3.11 1.96  K=2
  verify 50: accepted 1/1 (K=2) + correction -> +2 tokens (108.0 ms)  cpos=161
  [margins] 10.00 7.07 8.34 7.79 3.16 1.47  K=6
  verify 51: accepted 5/5 (K=6) + correction -> +6 tokens (166.1 ms)  cpos=167
  [margins] 6.34 1.48 3.20 4.30 2.37 0.68  K=2
  verify 52: accepted 1/1 (K=2) + correction -> +2 tokens (108.2 ms)  cpos=169
  [margins] 3.24 3.42 5.58 3.11 1.74 0.53  K=6
  verify 53: accepted 4/5 (K=6) + correction -> +5 tokens (163.8 ms)  cpos=174
  [margins] 4.33 2.06 2.54 3.52 5.56 0.13  K=6
  verify 54: accepted 1/5 (K=6) + correction -> +2 tokens (171.4 ms)  cpos=176
  [margins] 3.94 5.46 6.29 2.02 0.05 1.18  K=5
  verify 55: accepted 4/4 (K=5) + correction -> +5 tokens (147.5 ms)  cpos=181
  [margins] 6.45 2.02 1.23 4.74 4.51 0.67  K=3
  verify 56: accepted 1/2 (K=3) + correction -> +2 tokens (120.6 ms)  cpos=183
  [margins] 3.95 5.07 8.39 2.08 0.94 5.22  K=5
  verify 57: accepted 4/4 (K=5) + correction -> +5 tokens (154.6 ms)  cpos=188
  [margins] 1.35 1.64 1.14 0.06 7.31 6.25  K=3
  verify 58: accepted 1/2 (K=3) + correction -> +2 tokens (116.7 ms)  cpos=190
  [margins] 9.43 1.03 1.11 3.80 2.93 0.38  K=2
  verify 59: accepted 1/1 (K=2) + correction -> +2 tokens (108.0 ms)  cpos=192
  [margins] 5.85 1.64 6.51 5.81 8.96 0.80  K=6
  verify 60: accepted 5/5 (K=6) + correction -> +6 tokens (165.7 ms)  cpos=198
  [margins] 0.96 6.36 1.14 2.16 4.14 4.87  K=3
  verify 61: accepted 2/2 (K=3) + correction -> +3 tokens (122.3 ms)  cpos=201
  [margins] 5.98 7.32 7.91 7.18 0.56 0.62  K=5
  verify 62: accepted 4/4 (K=5) + correction -> +5 tokens (147.4 ms)  cpos=206

[spec] generated 201 tokens over 62 verifies: mean tokens/verify = 3.24 (block=6, max 7)
[spec] tokens: 11111 16 455 6102 294 16603 344 29168 16 455 6102 294 14251 344 16235 16 455 6102 294 29585 344 76405 16 455 6102 294 25062 344 40977 16 455 6102 294 10322 344 17575 16 455 6102 294
[spec] LOSSLESS GATE: first 8 tokens match base AR -> PASS
[spec] SPEC-DECODE: 41.8 ms/tok = 23.95 tok/s  (vs base M=1 71.0 ms/tok = 14.08 tok/s -> 1.70x)
[decode] PREFILL: 34 positions in 597.8 ms = 56.9 tok/s (17.583 ms/tok)
[spec] decoding 200 tokens (block=6, draft passes=1, adaptK=1.50, prompt=1 s=35)...
  [margins] 2.09 2.51 1.25 0.83 1.23 0.04  K=3
  verify 1: accepted 0/2 (K=3) + correction -> +1 tokens (118.7 ms)  cpos=35
  [margins] 2.42 2.27 2.08 2.41 5.17 0.30  K=6
  verify 2: accepted 0/5 (K=6) + correction -> +1 tokens (162.0 ms)  cpos=36
  [margins] 1.36 1.83 0.40 3.78 1.35 1.79  K=3
  verify 3: accepted 0/2 (K=3) + correction -> +1 tokens (109.1 ms)  cpos=37
  [margins] 1.87 1.71 2.36 1.20 0.56 1.26  K=4
  verify 4: accepted 2/3 (K=4) + correction -> +3 tokens (126.0 ms)  cpos=40
  [margins] 0.50 0.35 1.22 0.10 0.86 0.30  K=2
  verify 5: accepted 0/1 (K=2) + correction -> +1 tokens (99.9 ms)  cpos=41
  [margins] 1.27 3.94 0.56 0.01 0.15 1.44  K=3
  verify 6: accepted 2/2 (K=3) + correction -> +3 tokens (115.0 ms)  cpos=44
  [margins] 0.23 6.28 7.83 2.55 1.74 0.46  K=6
  verify 7: accepted 5/5 (K=6) + correction -> +6 tokens (157.2 ms)  cpos=50
  [margins] 3.99 1.94 1.10 0.64 1.91 4.01  K=3
  verify 8: accepted 1/2 (K=3) + correction -> +2 tokens (115.5 ms)  cpos=52
  [margins] 5.18 5.56 7.46 2.61 0.92 2.77  K=5
  verify 9: accepted 3/4 (K=5) + correction -> +4 tokens (144.1 ms)  cpos=56
  [margins] 3.53 1.90 1.17 2.64 2.47 0.52  K=3
  verify 10: accepted 2/2 (K=3) + correction -> +3 tokens (111.0 ms)  cpos=59
  [margins] 0.42 0.47 3.43 0.17 1.29 3.56  K=2
  verify 11: accepted 0/1 (K=2) + correction -> +1 tokens (105.2 ms)  cpos=60
  [margins] 1.11 2.03 4.97 0.32 1.27 1.06  K=4
  verify 12: accepted 0/3 (K=4) + correction -> +1 tokens (129.4 ms)  cpos=61
  [margins] 0.98 4.10 0.93 1.09 0.14 0.36  K=3
  verify 13: accepted 1/2 (K=3) + correction -> +2 tokens (117.6 ms)  cpos=63
  [margins] 1.78 4.41 0.71 0.01 0.39 0.94  K=3
  verify 14: accepted 0/2 (K=3) + correction -> +1 tokens (118.3 ms)  cpos=64
  [margins] 4.25 0.04 0.30 1.08 0.53 0.05  K=2
  verify 15: accepted 1/1 (K=2) + correction -> +2 tokens (100.4 ms)  cpos=66
  [margins] 1.07 1.25 3.60 5.30 0.51 0.45  K=2
  verify 16: accepted 1/1 (K=2) + correction -> +2 tokens (107.6 ms)  cpos=68
  [margins] 0.50 6.21 0.03 0.36 1.25 0.35  K=3
  verify 17: accepted 2/2 (K=3) + correction -> +3 tokens (114.8 ms)  cpos=71
  [margins] 2.42 1.52 1.40 5.32 0.53 1.15  K=3
  verify 18: accepted 2/2 (K=3) + correction -> +3 tokens (118.0 ms)  cpos=74
  [margins] 7.63 1.87 2.99 2.19 3.12 3.14  K=7
  verify 19: accepted 6/6 (K=7) + correction -> +7 tokens (180.2 ms)  cpos=81
  [margins] 6.09 5.65 2.25 7.42 0.85 2.56  K=5
  verify 20: accepted 4/4 (K=5) + correction -> +5 tokens (145.9 ms)  cpos=86
  [margins] 7.84 3.32 3.40 6.57 0.84 2.18  K=5
  verify 21: accepted 4/4 (K=5) + correction -> +5 tokens (146.7 ms)  cpos=91
  [margins] 6.54 0.51 3.60 9.00 0.81 2.03  K=2
  verify 22: accepted 1/1 (K=2) + correction -> +2 tokens (108.9 ms)  cpos=93
  [margins] 2.46 0.03 5.79 3.67 5.27 4.40  K=2
  verify 23: accepted 0/1 (K=2) + correction -> +1 tokens (104.3 ms)  cpos=94
  [margins] 8.16 7.32 6.52 8.50 5.78 4.07  K=7
  verify 24: accepted 6/6 (K=7) + correction -> +7 tokens (184.8 ms)  cpos=101
  [margins] 8.93 5.47 1.78 5.42 7.09 3.72  K=7
  verify 25: accepted 6/6 (K=7) + correction -> +7 tokens (184.8 ms)  cpos=108
  [margins] 2.63 1.38 1.56 0.15 4.18 3.02  K=2
  verify 26: accepted 0/1 (K=2) + correction -> +1 tokens (105.2 ms)  cpos=109
  [margins] 8.88 5.90 5.33 5.26 6.73 5.28  K=7
  verify 27: accepted 6/6 (K=7) + correction -> +7 tokens (184.6 ms)  cpos=116
  [margins] 9.14 7.63 5.10 8.14 0.42 3.99  K=5
  verify 28: accepted 4/4 (K=5) + correction -> +5 tokens (148.9 ms)  cpos=121
  [margins] 9.35 3.56 3.91 8.26 0.57 0.59  K=5
  verify 29: accepted 4/4 (K=5) + correction -> +5 tokens (150.5 ms)  cpos=126
  [margins] 7.65 6.46 6.32 0.40 7.28 0.43  K=4
  verify 30: accepted 3/3 (K=4) + correction -> +4 tokens (151.9 ms)  cpos=130
  [margins] 8.25 7.15 5.16 3.41 9.60 0.13  K=6
  verify 31: accepted 5/5 (K=6) + correction -> +6 tokens (169.5 ms)  cpos=136
  [margins] 7.42 5.24 6.92 9.34 3.32 2.71  K=7
  verify 32: accepted 6/6 (K=7) + correction -> +7 tokens (183.8 ms)  cpos=143
  [margins] 4.41 0.32 10.23 6.56 6.64 4.64  K=2
  verify 33: accepted 0/1 (K=2) + correction -> +1 tokens (110.5 ms)  cpos=144
  [margins] 8.40 8.11 9.45 7.10 8.17 5.93  K=7
  verify 34: accepted 6/6 (K=7) + correction -> +7 tokens (183.7 ms)  cpos=151
  [margins] 10.73 5.41 5.13 9.50 5.19 3.42  K=7
  verify 35: accepted 6/6 (K=7) + correction -> +7 tokens (187.2 ms)  cpos=158
  [margins] 1.50 2.01 0.34 0.45 0.79 0.42  K=3
  verify 36: accepted 0/2 (K=3) + correction -> +1 tokens (125.5 ms)  cpos=159
  [margins] 10.04 9.20 6.84 7.89 8.73 4.43  K=7
  verify 37: accepted 6/6 (K=7) + correction -> +7 tokens (189.1 ms)  cpos=166
  [margins] 11.06 9.64 8.46 8.64 3.45 4.92  K=7
  verify 38: accepted 6/6 (K=7) + correction -> +7 tokens (188.5 ms)  cpos=173
  [margins] 2.81 9.43 10.45 6.48 6.06 3.01  K=7
  verify 39: accepted 6/6 (K=7) + correction -> +7 tokens (185.9 ms)  cpos=180
  [margins] 9.68 7.66 8.83 3.53 8.80 0.60  K=6
  verify 40: accepted 5/5 (K=6) + correction -> +6 tokens (164.8 ms)  cpos=186
  [margins] 11.57 8.79 8.83 10.02 3.08 3.65  K=7
  verify 41: accepted 6/6 (K=7) + correction -> +7 tokens (188.3 ms)  cpos=193
  [margins] 4.99 0.35 9.49 6.50 3.58 2.17  K=2
  verify 42: accepted 0/1 (K=2) + correction -> +1 tokens (106.9 ms)  cpos=194
  [margins] 8.89 9.98 9.37 7.32 10.14 8.11  K=7
  verify 43: accepted 6/6 (K=7) + correction -> +7 tokens (190.2 ms)  cpos=201
  [margins] 12.72 9.46 7.08 9.95 4.16 3.88  K=7
  verify 44: accepted 6/6 (K=7) + correction -> +7 tokens (189.4 ms)  cpos=208
  [margins] 4.05 1.17 1.10 0.08 0.89 0.13  K=2
  verify 45: accepted 0/1 (K=2) + correction -> +1 tokens (106.6 ms)  cpos=209
  [margins] 9.86 6.27 7.56 7.33 8.86 5.61  K=7
  verify 46: accepted 6/6 (K=7) + correction -> +7 tokens (188.5 ms)  cpos=216
  [margins] 13.35 6.69 8.27 9.45 4.91 6.01  K=7
  verify 47: accepted 6/6 (K=7) + correction -> +7 tokens (183.4 ms)  cpos=223
  [margins] 3.46 0.12 1.45 2.59 4.68 1.70  K=2
  verify 48: accepted 0/1 (K=2) + correction -> +1 tokens (110.5 ms)  cpos=224
  [margins] 11.11 10.05 9.89 5.61 9.35 3.91  K=7
  verify 49: accepted 6/6 (K=7) + correction -> +7 tokens (184.2 ms)  cpos=231
  [margins] 8.83 7.26 10.28 7.77 2.72 1.88  K=7
  verify 50: accepted 6/6 (K=7) + correction -> +7 tokens (190.2 ms)  cpos=238

[spec] generated 204 tokens over 50 verifies: mean tokens/verify = 4.08 (block=6, max 7)
[spec] tokens: 4147 554 1926 270 4105 339 43 1114 1926 270 1178 65 50219 4105 418 270 9517 28 4593 1281 106239 3305 1 1 14 223 19 16 23 14 223 20 16 23 14 223 21 16 23 14
[spec] SPEC-DECODE: 35.3 ms/tok = 28.29 tok/s  (vs base M=1 71.0 ms/tok = 14.08 tok/s -> 2.01x)
[decode] PREFILL: 41 positions in 692.5 ms = 59.2 tok/s (16.890 ms/tok)
[spec] decoding 200 tokens (block=6, draft passes=1, adaptK=1.50, prompt=2 s=42)...
  [margins] 7.01 0.42 1.52 3.16 1.03 1.58  K=2
  verify 1: accepted 1/1 (K=2) + correction -> +2 tokens (102.8 ms)  cpos=43
  [margins] 0.56 4.20 2.06 1.38 0.32 0.16  K=4
  verify 2: accepted 3/3 (K=4) + correction -> +4 tokens (117.7 ms)  cpos=47
  [margins] 0.15 0.24 0.13 1.21 3.12 2.75  K=2
  verify 3: accepted 0/1 (K=2) + correction -> +1 tokens (108.2 ms)  cpos=48
  [margins] 3.68 3.49 0.01 0.01 2.46 1.39  K=3
  verify 4: accepted 0/2 (K=3) + correction -> +1 tokens (112.6 ms)  cpos=49
  [margins] 2.57 5.37 0.19 0.74 1.46 2.89  K=3
  verify 5: accepted 0/2 (K=3) + correction -> +1 tokens (117.5 ms)  cpos=50
  [margins] 1.25 0.61 1.00 1.49 1.83 0.90  K=2
  verify 6: accepted 0/1 (K=2) + correction -> +1 tokens (97.8 ms)  cpos=51
  [margins] 6.78 2.95 0.17 0.86 2.57 1.15  K=3
  verify 7: accepted 1/2 (K=3) + correction -> +2 tokens (112.6 ms)  cpos=53
  [margins] 1.12 4.33 0.84 0.31 2.39 2.57  K=3
  verify 8: accepted 0/2 (K=3) + correction -> +1 tokens (116.9 ms)  cpos=54
  [margins] 0.81 6.21 3.55 0.13 0.43 1.99  K=4
  verify 9: accepted 2/3 (K=4) + correction -> +3 tokens (125.7 ms)  cpos=57
  [margins] 0.38 8.26 1.07 5.00 1.87 3.29  K=3
  verify 10: accepted 0/2 (K=3) + correction -> +1 tokens (118.0 ms)  cpos=58
  [margins] 5.08 3.94 0.72 2.26 1.38 2.17  K=3
  verify 11: accepted 2/2 (K=3) + correction -> +3 tokens (116.7 ms)  cpos=61
  [margins] 1.01 6.41 8.01 2.75 4.98 1.17  K=6
  verify 12: accepted 3/5 (K=6) + correction -> +4 tokens (156.3 ms)  cpos=65
  [margins] 0.96 7.30 5.21 0.55 5.40 0.06  K=4
  verify 13: accepted 3/3 (K=4) + correction -> +4 tokens (132.2 ms)  cpos=69
  [margins] 5.47 7.04 4.55 0.82 2.35 5.04  K=4
  verify 14: accepted 2/3 (K=4) + correction -> +3 tokens (132.2 ms)  cpos=72
  [margins] 4.44 1.06 1.52 2.54 0.70 2.88  K=2
  verify 15: accepted 1/1 (K=2) + correction -> +2 tokens (101.1 ms)  cpos=74
  [margins] 3.90 5.88 1.90 0.36 4.11 0.53  K=4
  verify 16: accepted 1/3 (K=4) + correction -> +2 tokens (128.6 ms)  cpos=76
  [margins] 10.02 4.99 5.53 3.31 0.88 1.54  K=5
  verify 17: accepted 2/4 (K=5) + correction -> +3 tokens (143.9 ms)  cpos=79
  [margins] 16.27 11.64 6.41 5.62 0.49 8.39  K=5
  verify 18: accepted 4/4 (K=5) + correction -> +5 tokens (148.5 ms)  cpos=84
  [margins] 18.49 9.87 1.58 0.26 3.43 6.71  K=4
  verify 19: accepted 2/3 (K=4) + correction -> +3 tokens (133.0 ms)  cpos=87
  [margins] 11.18 16.54 14.07 4.47 13.00 13.27  K=7
  verify 20: accepted 6/6 (K=7) + correction -> +7 tokens (181.3 ms)  cpos=94
  [margins] 11.19 11.31 12.00 8.72 2.69 5.78  K=7
  verify 21: accepted 4/6 (K=7) + correction -> +5 tokens (181.4 ms)  cpos=99
  [margins] 13.37 13.64 7.51 4.57 2.40 6.88  K=7
  verify 22: accepted 4/6 (K=7) + correction -> +5 tokens (184.5 ms)  cpos=104
  [margins] 16.86 9.89 0.86 2.70 1.55 1.28  K=3
  verify 23: accepted 2/2 (K=3) + correction -> +3 tokens (117.1 ms)  cpos=107
  [margins] 13.46 11.90 9.02 3.69 0.31 0.23  K=5
  verify 24: accepted 4/4 (K=5) + correction -> +5 tokens (148.2 ms)  cpos=112
  [margins] 13.41 8.26 4.05 4.64 0.08 3.98  K=5
  verify 25: accepted 2/4 (K=5) + correction -> +3 tokens (146.5 ms)  cpos=115
  [margins] 10.90 9.08 10.62 0.89 1.74 12.53  K=4
  verify 26: accepted 3/3 (K=4) + correction -> +4 tokens (133.9 ms)  cpos=119
  [margins] 5.87 8.23 1.12 4.63 1.39 5.88  K=3
  verify 27: accepted 2/2 (K=3) + correction -> +3 tokens (119.6 ms)  cpos=122
  [margins] 14.00 3.71 4.04 10.70 2.20 5.90  K=7
  verify 28: accepted 6/6 (K=7) + correction -> +7 tokens (200.1 ms)  cpos=129
  [margins] 8.21 7.72 9.95 8.57 3.55 4.74  K=7
  verify 29: accepted 6/6 (K=7) + correction -> +7 tokens (188.2 ms)  cpos=136
  [margins] 14.38 8.72 18.32 6.10 11.47 3.51  K=7
  verify 30: accepted 6/6 (K=7) + correction -> +7 tokens (180.8 ms)  cpos=143
  [margins] 16.97 9.83 7.61 6.00 2.62 1.55  K=7
  verify 31: accepted 5/6 (K=7) + correction -> +6 tokens (187.8 ms)  cpos=149
  [margins] 12.33 8.63 8.06 0.30 4.48 6.76  K=4
  verify 32: accepted 3/3 (K=4) + correction -> +4 tokens (135.8 ms)  cpos=153
  [margins] 2.17 9.11 12.09 7.28 6.03 2.61  K=7
  verify 33: accepted 4/6 (K=7) + correction -> +5 tokens (187.2 ms)  cpos=158
  [margins] 12.55 7.46 9.58 0.70 0.07 2.80  K=4
  verify 34: accepted 3/3 (K=4) + correction -> +4 tokens (132.1 ms)  cpos=162
  [margins] 15.08 1.38 2.38 7.20 3.35 0.45  K=2
  verify 35: accepted 1/1 (K=2) + correction -> +2 tokens (106.6 ms)  cpos=164
  [margins] 13.85 8.35 1.35 0.76 2.06 7.55  K=3
  verify 36: accepted 2/2 (K=3) + correction -> +3 tokens (119.3 ms)  cpos=167
  [margins] 9.55 14.30 13.68 9.07 0.61 4.49  K=5
  verify 37: accepted 4/4 (K=5) + correction -> +5 tokens (152.9 ms)  cpos=172
  [margins] 13.20 9.16 11.67 6.48 2.57 1.59  K=7
  verify 38: accepted 6/6 (K=7) + correction -> +7 tokens (179.7 ms)  cpos=179
  [margins] 23.24 14.26 0.89 0.38 1.64 11.96  K=3
  verify 39: accepted 2/2 (K=3) + correction -> +3 tokens (123.6 ms)  cpos=182
  [margins] 14.20 12.50 11.93 6.50 2.26 4.35  K=7
  verify 40: accepted 6/6 (K=7) + correction -> +7 tokens (188.2 ms)  cpos=189
  [margins] 19.14 10.39 2.01 14.39 6.41 8.27  K=7
  verify 41: accepted 6/6 (K=7) + correction -> +7 tokens (188.4 ms)  cpos=196
  [margins] 7.65 14.01 8.34 8.58 2.24 0.11  K=6
  verify 42: accepted 5/5 (K=6) + correction -> +6 tokens (165.0 ms)  cpos=202
  [margins] 14.26 12.96 11.36 9.16 0.23 6.02  K=5
  verify 43: accepted 4/4 (K=5) + correction -> +5 tokens (149.8 ms)  cpos=207
  [margins] 11.12 8.06 7.21 4.92 5.53 5.53  K=7
  verify 44: accepted 5/6 (K=7) + correction -> +6 tokens (183.2 ms)  cpos=213
  [margins] 21.99 12.85 5.93 14.51 2.36 8.97  K=7
  verify 45: accepted 6/6 (K=7) + correction -> +7 tokens (186.6 ms)  cpos=220
  [margins] 7.19 18.76 7.58 12.77 8.43 1.05  K=6
  verify 46: accepted 5/5 (K=6) + correction -> +6 tokens (164.6 ms)  cpos=226
  [margins] 25.95 11.22 16.55 8.83 5.47 9.35  K=7
  verify 47: accepted 6/6 (K=7) + correction -> +7 tokens (187.6 ms)  cpos=233
  [margins] 20.37 13.15 5.73 13.88 9.00 6.55  K=7
  verify 48: accepted 6/6 (K=7) + correction -> +7 tokens (191.2 ms)  cpos=240
  [margins] 6.28 21.75 2.16 3.93 1.97 4.50  K=7
  verify 49: accepted 6/6 (K=7) + correction -> +7 tokens (185.8 ms)  cpos=247

[spec] generated 206 tokens over 49 verifies: mean tokens/verify = 4.20 (block=6, max 7)
[spec] tokens: 1 1 1 1 1 1 50 1697 1 16 1 50 1697 16 1 50 1697 16 1 50 1697 16 1 50 1697 16 1 50 1697 16 20692 50 1697 16 791 50 1697 4394 1015 50
[spec] SPEC-DECODE: 34.9 ms/tok = 28.67 tok/s  (vs base M=1 71.0 ms/tok = 14.08 tok/s -> 2.04x)
[decode] PREFILL: 26 positions in 457.7 ms = 56.8 tok/s (17.606 ms/tok)
[spec] decoding 200 tokens (block=6, draft passes=1, adaptK=1.50, prompt=3 s=27)...
  [margins] 0.93 1.17 1.89 0.69 0.88 3.06  K=2
  verify 1: accepted 1/1 (K=2) + correction -> +2 tokens (105.5 ms)  cpos=28
  [margins] 4.51 1.25 0.77 1.08 0.09 2.54  K=2
  verify 2: accepted 1/1 (K=2) + correction -> +2 tokens (102.9 ms)  cpos=30
  [margins] 3.21 0.33 0.12 0.02 2.22 0.07  K=2
  verify 3: accepted 1/1 (K=2) + correction -> +2 tokens (105.5 ms)  cpos=32
  [margins] 2.81 1.14 1.07 0.84 1.67 2.61  K=2
  verify 4: accepted 1/1 (K=2) + correction -> +2 tokens (101.3 ms)  cpos=34
  [margins] 1.90 2.16 0.33 1.20 3.32 2.82  K=3
  verify 5: accepted 2/2 (K=3) + correction -> +3 tokens (112.9 ms)  cpos=37
  [margins] 4.02 2.95 4.22 2.17 0.31 2.42  K=5
  verify 6: accepted 4/4 (K=5) + correction -> +5 tokens (131.5 ms)  cpos=42
  [margins] 1.21 7.16 1.10 2.68 1.33 0.17  K=3
  verify 7: accepted 2/2 (K=3) + correction -> +3 tokens (113.1 ms)  cpos=45
  [margins] 6.17 1.81 6.49 2.12 3.90 2.96  K=7
  verify 8: accepted 6/6 (K=7) + correction -> +7 tokens (166.6 ms)  cpos=52
  [margins] 0.35 12.95 1.50 4.79 2.95 1.06  K=3
  verify 9: accepted 0/2 (K=3) + correction -> +1 tokens (109.6 ms)  cpos=53
  [margins] 5.66 1.31 6.73 2.28 3.84 3.36  K=2
  verify 10: accepted 1/1 (K=2) + correction -> +2 tokens (101.8 ms)  cpos=55
  [margins] 5.72 0.94 6.46 1.95 3.84 3.59  K=2
  verify 11: accepted 1/1 (K=2) + correction -> +2 tokens (105.4 ms)  cpos=57
  [margins] 7.17 2.62 6.64 2.04 3.12 2.96  K=7
  verify 12: accepted 6/6 (K=7) + correction -> +7 tokens (167.4 ms)  cpos=64
  [margins] 0.69 13.08 2.22 3.57 3.82 0.51  K=6
  verify 13: accepted 0/5 (K=6) + correction -> +1 tokens (153.2 ms)  cpos=65
  [margins] 5.65 2.25 6.50 2.69 3.44 3.31  K=7
  verify 14: accepted 6/6 (K=7) + correction -> +7 tokens (167.3 ms)  cpos=72
  [margins] 0.94 13.14 1.47 3.97 3.39 0.25  K=3
  verify 15: accepted 0/2 (K=3) + correction -> +1 tokens (111.6 ms)  cpos=73
  [margins] 6.56 0.85 6.82 3.78 3.60 4.37  K=2
  verify 16: accepted 1/1 (K=2) + correction -> +2 tokens (102.5 ms)  cpos=75
  [margins] 8.48 1.31 4.75 1.62 1.62 1.75  K=2
  verify 17: accepted 0/1 (K=2) + correction -> +1 tokens (104.4 ms)  cpos=76
  [margins] 1.93 4.72 0.53 1.04 0.03 2.80  K=3
  verify 18: accepted 0/2 (K=3) + correction -> +1 tokens (113.0 ms)  cpos=77
  [margins] 1.09 1.94 2.38 1.58 1.60 0.40  K=6
  verify 19: accepted 0/5 (K=6) + correction -> +1 tokens (156.9 ms)  cpos=78
  [margins] 1.76 2.89 2.03 2.79 2.00 2.19  K=7
  verify 20: accepted 2/6 (K=7) + correction -> +3 tokens (178.7 ms)  cpos=81
  [margins] 1.93 0.13 0.17 0.57 1.07 0.66  K=2
  verify 21: accepted 1/1 (K=2) + correction -> +2 tokens (100.6 ms)  cpos=83
  [margins] 0.67 0.95 0.61 0.46 0.57 2.27  K=2
  verify 22: accepted 1/1 (K=2) + correction -> +2 tokens (104.3 ms)  cpos=85
  [margins] 4.67 1.72 0.97 0.94 1.71 0.03  K=3
  verify 23: accepted 1/2 (K=3) + correction -> +2 tokens (115.1 ms)  cpos=87
  [margins] 4.20 3.23 0.55 3.04 0.91 2.07  K=3
  verify 24: accepted 1/2 (K=3) + correction -> +2 tokens (118.3 ms)  cpos=89
  [margins] 1.84 1.39 0.76 1.10 0.19 0.16  K=2
  verify 25: accepted 1/1 (K=2) + correction -> +2 tokens (101.4 ms)  cpos=91
  [margins] 4.24 0.33 1.11 1.53 4.32 3.57  K=2
  verify 26: accepted 1/1 (K=2) + correction -> +2 tokens (104.6 ms)  cpos=93
  [margins] 3.24 0.17 3.52 3.02 0.36 0.42  K=2
  verify 27: accepted 1/1 (K=2) + correction -> +2 tokens (100.5 ms)  cpos=95
  [margins] 7.35 1.18 2.23 2.02 1.33 0.76  K=2
  verify 28: accepted 1/1 (K=2) + correction -> +2 tokens (104.4 ms)  cpos=97
  [margins] 1.63 2.47 0.07 3.55 0.12 0.13  K=3
  verify 29: accepted 2/2 (K=3) + correction -> +3 tokens (120.7 ms)  cpos=100
  [margins] 0.10 0.05 2.56 0.69 0.28 0.28  K=2
  verify 30: accepted 0/1 (K=2) + correction -> +1 tokens (101.2 ms)  cpos=101
  [margins] 4.76 0.54 0.72 3.35 1.51 0.06  K=2
  verify 31: accepted 1/1 (K=2) + correction -> +2 tokens (103.5 ms)  cpos=103
  [margins] 6.01 6.86 2.04 3.92 7.00 2.42  K=7
  verify 32: accepted 5/6 (K=7) + correction -> +6 tokens (180.7 ms)  cpos=109
  [margins] 9.88 1.51 1.94 1.69 1.77 2.59  K=7
  verify 33: accepted 4/6 (K=7) + correction -> +5 tokens (182.2 ms)  cpos=114
  [margins] 0.54 10.48 2.08 2.12 3.21 1.97  K=7
  verify 34: accepted 2/6 (K=7) + correction -> +3 tokens (180.5 ms)  cpos=117
  [margins] 0.94 5.52 3.84 4.27 8.85 3.55  K=7
  verify 35: accepted 6/6 (K=7) + correction -> +7 tokens (189.3 ms)  cpos=124
  [margins] 10.13 4.66 13.48 6.07 4.60 3.42  K=7
  verify 36: accepted 5/6 (K=7) + correction -> +6 tokens (194.0 ms)  cpos=130
  [margins] 12.02 9.23 14.19 1.16 0.75 3.99  K=4
  verify 37: accepted 3/3 (K=4) + correction -> +4 tokens (134.5 ms)  cpos=134
  [margins] 0.83 0.15 3.90 0.26 3.28 1.96  K=2
  verify 38: accepted 1/1 (K=2) + correction -> +2 tokens (112.0 ms)  cpos=136
  [margins] 1.89 6.93 2.07 5.39 2.25 2.59  K=7
  verify 39: accepted 0/6 (K=7) + correction -> +1 tokens (169.7 ms)  cpos=137
  [margins] 3.47 0.74 1.14 0.20 3.33 0.69  K=2
  verify 40: accepted 0/1 (K=2) + correction -> +1 tokens (103.7 ms)  cpos=138
  [margins] 0.64 1.80 0.33 1.79 4.34 0.73  K=3
  verify 41: accepted 1/2 (K=3) + correction -> +2 tokens (118.2 ms)  cpos=140
  [margins] 3.89 1.71 0.91 0.83 0.91 0.18  K=3
  verify 42: accepted 0/2 (K=3) + correction -> +1 tokens (115.7 ms)  cpos=141
  [margins] 1.60 0.14 1.26 0.27 1.33 1.19  K=2
  verify 43: accepted 1/1 (K=2) + correction -> +2 tokens (102.0 ms)  cpos=143
  [margins] 0.74 0.78 0.83 0.56 1.03 0.26  K=2
  verify 44: accepted 0/1 (K=2) + correction -> +1 tokens (108.0 ms)  cpos=144
  [margins] 1.30 2.46 1.20 2.64 0.12 1.05  K=3
  verify 45: accepted 1/2 (K=3) + correction -> +2 tokens (119.2 ms)  cpos=146
  [margins] 5.00 1.38 1.30 2.00 0.38 1.70  K=2
  verify 46: accepted 1/1 (K=2) + correction -> +2 tokens (106.6 ms)  cpos=148
  [margins] 0.15 0.26 2.37 2.94 1.79 0.50  K=2
  verify 47: accepted 1/1 (K=2) + correction -> +2 tokens (102.1 ms)  cpos=150
  [margins] 2.08 0.80 0.52 2.25 0.14 0.78  K=2
  verify 48: accepted 1/1 (K=2) + correction -> +2 tokens (105.6 ms)  cpos=152
  [margins] 3.81 0.44 0.41 0.53 1.00 0.30  K=2
  verify 49: accepted 1/1 (K=2) + correction -> +2 tokens (102.3 ms)  cpos=154
  [margins] 1.06 0.77 3.62 0.43 0.56 0.87  K=2
  verify 50: accepted 1/1 (K=2) + correction -> +2 tokens (107.7 ms)  cpos=156
  [margins] 4.38 1.46 0.99 1.00 0.09 0.05  K=2
  verify 51: accepted 1/1 (K=2) + correction -> +2 tokens (102.6 ms)  cpos=158
  [margins] 3.10 1.70 2.62 1.06 0.79 3.03  K=4
  verify 52: accepted 3/3 (K=4) + correction -> +4 tokens (133.9 ms)  cpos=162
  [margins] 5.71 2.51 1.13 0.37 1.22 1.04  K=3
  verify 53: accepted 2/2 (K=3) + correction -> +3 tokens (117.4 ms)  cpos=165
  [margins] 3.74 2.25 2.61 0.79 2.25 0.02  K=4
  verify 54: accepted 2/3 (K=4) + correction -> +3 tokens (131.9 ms)  cpos=168
  [margins] 4.74 1.68 6.64 2.83 0.28 1.48  K=5
  verify 55: accepted 4/4 (K=5) + correction -> +5 tokens (146.6 ms)  cpos=173
  [margins] 0.05 0.64 3.27 0.46 0.03 3.94  K=2
  verify 56: accepted 0/1 (K=2) + correction -> +1 tokens (104.1 ms)  cpos=174
  [margins] 0.53 2.67 0.80 3.89 3.89 1.72  K=3
  verify 57: accepted 0/2 (K=3) + correction -> +1 tokens (121.4 ms)  cpos=175
  [margins] 0.13 1.82 2.02 1.07 1.61 0.40  K=4
  verify 58: accepted 1/3 (K=4) + correction -> +2 tokens (132.6 ms)  cpos=177
  [margins] 3.22 0.84 3.44 1.88 3.99 2.45  K=2
  verify 59: accepted 1/1 (K=2) + correction -> +2 tokens (104.5 ms)  cpos=179
  [margins] 3.39 2.64 2.06 1.94 0.61 0.01  K=5
  verify 60: accepted 1/4 (K=5) + correction -> +2 tokens (151.7 ms)  cpos=181
  [margins] 4.91 1.03 0.53 1.02 1.73 5.30  K=2
  verify 61: accepted 1/1 (K=2) + correction -> +2 tokens (103.1 ms)  cpos=183
  [margins] 3.40 3.80 5.61 3.10 5.21 0.89  K=6
  verify 62: accepted 2/5 (K=6) + correction -> +3 tokens (163.3 ms)  cpos=186
  [margins] 2.47 3.10 1.12 0.35 0.68 0.68  K=3
  verify 63: accepted 2/2 (K=3) + correction -> +3 tokens (120.6 ms)  cpos=189
  [margins] 3.19 1.08 0.25 2.71 0.76 0.52  K=2
  verify 64: accepted 1/1 (K=2) + correction -> +2 tokens (107.2 ms)  cpos=191
  [margins] 6.36 1.33 1.99 1.44 1.19 1.07  K=2
  verify 65: accepted 1/1 (K=2) + correction -> +2 tokens (109.0 ms)  cpos=193
  [margins] 0.59 0.89 0.60 1.68 2.51 3.06  K=2
  verify 66: accepted 1/1 (K=2) + correction -> +2 tokens (103.4 ms)  cpos=195
  [margins] 2.14 0.92 2.24 4.09 1.83 5.72  K=2
  verify 67: accepted 1/1 (K=2) + correction -> +2 tokens (107.1 ms)  cpos=197
  [margins] 0.99 0.69 6.89 2.05 4.07 0.70  K=2
  verify 68: accepted 0/1 (K=2) + correction -> +1 tokens (102.5 ms)  cpos=198
  [margins] 1.91 1.53 0.57 4.80 1.76 0.60  K=3
  verify 69: accepted 0/2 (K=3) + correction -> +1 tokens (119.7 ms)  cpos=199
  [margins] 4.09 6.76 7.90 1.73 5.83 1.23  K=6
  verify 70: accepted 0/5 (K=6) + correction -> +1 tokens (168.9 ms)  cpos=200
  [margins] 6.86 3.38 1.79 2.52 4.00 2.00  K=7
  verify 71: accepted 4/6 (K=7) + correction -> +5 tokens (178.2 ms)  cpos=205
  [margins] 2.43 0.84 0.18 0.53 1.63 3.52  K=2
  verify 72: accepted 1/1 (K=2) + correction -> +2 tokens (102.2 ms)  cpos=207
  [margins] 1.11 2.22 2.26 4.06 5.32 2.63  K=7
  verify 73: accepted 0/6 (K=7) + correction -> +1 tokens (184.9 ms)  cpos=208
  [margins] 11.42 0.35 2.08 4.35 0.07 2.18  K=2
  verify 74: accepted 1/1 (K=2) + correction -> +2 tokens (104.1 ms)  cpos=210
  [margins] 3.20 5.55 2.74 2.08 5.94 4.38  K=7
  verify 75: accepted 2/6 (K=7) + correction -> +3 tokens (182.1 ms)  cpos=213
  [margins] 0.87 0.14 0.53 1.58 0.36 1.12  K=2
  verify 76: accepted 1/1 (K=2) + correction -> +2 tokens (102.5 ms)  cpos=215
  [margins] 3.46 2.30 6.45 4.35 1.21 1.43  K=5
  verify 77: accepted 4/4 (K=5) + correction -> +5 tokens (153.2 ms)  cpos=220
  [margins] 4.47 2.25 2.64 0.12 3.82 0.25  K=4
  verify 78: accepted 0/3 (K=4) + correction -> +1 tokens (136.4 ms)  cpos=221
  [margins] 11.56 2.57 2.93 0.60 6.25 2.35  K=4
  verify 79: accepted 3/3 (K=4) + correction -> +4 tokens (134.4 ms)  cpos=225
  [margins] 10.48 7.26 1.33 1.43 1.13 3.45  K=3
  verify 80: accepted 2/2 (K=3) + correction -> +3 tokens (123.0 ms)  cpos=228

[spec] generated 202 tokens over 80 verifies: mean tokens/verify = 2.52 (block=6, max 7)
[spec] tokens: 1 16 1 16 1 16 1 16 1 16 1 16 1 16 1 16 1 16 1 16 1 16 1 16 1 16 1 16 1 16 1 16 1 16 1 16 1 16 1 16
[spec] SPEC-DECODE: 49.8 ms/tok = 20.07 tok/s  (vs base M=1 71.0 ms/tok = 14.08 tok/s -> 1.43x)
[decode] PREFILL: 14 positions in 284.5 ms = 49.2 tok/s (20.321 ms/tok)
[spec] decoding 200 tokens (block=6, draft passes=1, adaptK=1.50, prompt=4 s=15)...
  [margins] 0.13 8.67 3.30 3.33 4.82 7.74  K=7
  verify 1: accepted 0/6 (K=7) + correction -> +1 tokens (174.6 ms)  cpos=15
  [margins] 0.06 0.22 2.46 3.16 0.32 1.59  K=2
  verify 2: accepted 0/1 (K=2) + correction -> +1 tokens (103.0 ms)  cpos=16
  [margins] 1.06 0.99 0.68 1.45 0.48 1.29  K=2
  verify 3: accepted 0/1 (K=2) + correction -> +1 tokens (100.3 ms)  cpos=17
  [margins] 0.50 0.07 0.39 2.30 1.47 0.87  K=2
  verify 4: accepted 0/1 (K=2) + correction -> +1 tokens (98.3 ms)  cpos=18
  [margins] 0.82 0.44 0.03 0.07 1.12 1.00  K=2
  verify 5: accepted 1/1 (K=2) + correction -> +2 tokens (102.0 ms)  cpos=20
  [margins] 0.85 1.04 0.38 0.91 1.17 1.83  K=2
  verify 6: accepted 1/1 (K=2) + correction -> +2 tokens (96.9 ms)  cpos=22
  [margins] 1.78 1.03 0.67 0.16 0.59 1.47  K=2
  verify 7: accepted 1/1 (K=2) + correction -> +2 tokens (104.0 ms)  cpos=24
  [margins] 0.07 0.52 0.17 0.34 3.67 0.06  K=2
  verify 8: accepted 1/1 (K=2) + correction -> +2 tokens (99.0 ms)  cpos=26
  [margins] 0.01 0.07 1.47 0.09 0.66 0.39  K=2
  verify 9: accepted 0/1 (K=2) + correction -> +1 tokens (103.7 ms)  cpos=27
  [margins] 0.26 0.79 0.37 0.91 0.00 1.46  K=2
  verify 10: accepted 1/1 (K=2) + correction -> +2 tokens (106.7 ms)  cpos=29
  [margins] 2.51 1.76 1.29 3.66 0.24 3.95  K=3
  verify 11: accepted 2/2 (K=3) + correction -> +3 tokens (115.5 ms)  cpos=32
  [margins] 1.20 1.15 0.11 0.32 1.16 0.12  K=2
  verify 12: accepted 1/1 (K=2) + correction -> +2 tokens (97.5 ms)  cpos=34
  [margins] 1.11 0.70 0.09 0.08 0.22 2.88  K=2
  verify 13: accepted 1/1 (K=2) + correction -> +2 tokens (102.8 ms)  cpos=36
  [margins] 0.55 1.50 12.34 0.89 1.55 0.14  K=4
  verify 14: accepted 0/3 (K=4) + correction -> +1 tokens (125.8 ms)  cpos=37
  [margins] 0.37 2.98 0.20 0.26 0.46 1.72  K=3
  verify 15: accepted 1/2 (K=3) + correction -> +2 tokens (115.5 ms)  cpos=39
  [margins] 3.07 1.16 0.05 1.23 1.78 0.85  K=2
  verify 16: accepted 0/1 (K=2) + correction -> +1 tokens (102.1 ms)  cpos=40
  [margins] 3.40 3.14 3.81 0.99 0.13 0.06  K=4
  verify 17: accepted 1/3 (K=4) + correction -> +2 tokens (129.9 ms)  cpos=42
  [margins] 0.33 0.11 0.48 0.53 1.55 3.15  K=2
  verify 18: accepted 1/1 (K=2) + correction -> +2 tokens (104.5 ms)  cpos=44
  [margins] 0.85 8.11 0.30 1.61 2.34 2.98  K=3
  verify 19: accepted 2/2 (K=3) + correction -> +3 tokens (112.8 ms)  cpos=47
  [margins] 3.78 6.86 3.12 1.43 2.69 0.79  K=4
  verify 20: accepted 3/3 (K=4) + correction -> +4 tokens (128.0 ms)  cpos=51
  [margins] 2.62 0.01 0.59 2.22 0.44 0.12  K=2
  verify 21: accepted 0/1 (K=2) + correction -> +1 tokens (103.9 ms)  cpos=52
  [margins] 1.56 2.24 1.52 1.57 2.90 0.25  K=6
  verify 22: accepted 0/5 (K=6) + correction -> +1 tokens (161.0 ms)  cpos=53
  [margins] 7.65 3.30 0.94 0.30 2.19 0.61  K=3
  verify 23: accepted 2/2 (K=3) + correction -> +3 tokens (119.9 ms)  cpos=56
  [margins] 4.76 1.51 3.84 3.87 1.26 0.00  K=5
  verify 24: accepted 4/4 (K=5) + correction -> +5 tokens (139.7 ms)  cpos=61
  [margins] 0.51 1.21 0.24 2.90 0.96 3.01  K=2
  verify 25: accepted 0/1 (K=2) + correction -> +1 tokens (101.1 ms)  cpos=62
  [margins] 1.29 0.41 1.57 1.55 2.95 0.48  K=2
  verify 26: accepted 0/1 (K=2) + correction -> +1 tokens (102.7 ms)  cpos=63
  [margins] 0.98 1.57 1.01 0.32 1.77 1.25  K=3
  verify 27: accepted 2/2 (K=3) + correction -> +3 tokens (117.9 ms)  cpos=66
  [margins] 1.31 2.87 0.70 0.25 0.27 0.84  K=3
  verify 28: accepted 0/2 (K=3) + correction -> +1 tokens (115.8 ms)  cpos=67
  [margins] 2.03 0.20 0.83 2.41 1.74 0.70  K=2
  verify 29: accepted 1/1 (K=2) + correction -> +2 tokens (105.5 ms)  cpos=69
  [margins] 0.06 0.35 0.04 0.36 1.09 0.16  K=2
  verify 30: accepted 0/1 (K=2) + correction -> +1 tokens (102.2 ms)  cpos=70
  [margins] 1.87 1.15 0.95 0.82 0.26 2.09  K=2
  verify 31: accepted 0/1 (K=2) + correction -> +1 tokens (104.6 ms)  cpos=71
  [margins] 0.19 1.65 1.87 0.60 0.07 0.53  K=4
  verify 32: accepted 0/3 (K=4) + correction -> +1 tokens (131.0 ms)  cpos=72
  [margins] 0.29 2.21 3.75 0.11 0.49 0.52  K=4
  verify 33: accepted 0/3 (K=4) + correction -> +1 tokens (128.5 ms)  cpos=73
  [margins] 5.27 1.99 1.17 0.28 1.09 0.58  K=3
  verify 34: accepted 2/2 (K=3) + correction -> +3 tokens (115.7 ms)  cpos=76
  [margins] 2.09 3.59 2.60 0.39 1.84 1.90  K=4
  verify 35: accepted 0/3 (K=4) + correction -> +1 tokens (132.0 ms)  cpos=77
  [margins] 4.15 1.45 0.49 0.38 0.26 0.24  K=2
  verify 36: accepted 1/1 (K=2) + correction -> +2 tokens (101.2 ms)  cpos=79
  [margins] 3.74 2.74 0.19 0.54 4.34 0.46  K=3
  verify 37: accepted 2/2 (K=3) + correction -> +3 tokens (118.6 ms)  cpos=82
  [margins] 2.72 3.18 9.63 1.66 3.62 8.73  K=7
  verify 38: accepted 3/6 (K=7) + correction -> +4 tokens (183.7 ms)  cpos=86
  [margins] 5.54 5.37 2.89 1.35 0.51 0.53  K=4
  verify 39: accepted 2/3 (K=4) + correction -> +3 tokens (120.3 ms)  cpos=89
  [margins] 8.44 3.93 1.07 0.75 4.97 0.97  K=3
  verify 40: accepted 1/2 (K=3) + correction -> +2 tokens (114.9 ms)  cpos=91
  [margins] 4.70 3.01 1.23 1.54 3.49 1.24  K=3
  verify 41: accepted 1/2 (K=3) + correction -> +2 tokens (114.5 ms)  cpos=93
  [margins] 3.66 2.38 5.20 3.98 2.00 2.24  K=7
  verify 42: accepted 1/6 (K=7) + correction -> +2 tokens (175.6 ms)  cpos=95
  [margins] 3.81 2.73 6.81 3.01 3.31 4.09  K=7
  verify 43: accepted 1/6 (K=7) + correction -> +2 tokens (175.9 ms)  cpos=97
  [margins] 2.88 2.35 1.87 1.19 6.21 2.65  K=4
  verify 44: accepted 3/3 (K=4) + correction -> +4 tokens (125.8 ms)  cpos=101
  [margins] 2.38 4.61 2.74 1.46 3.26 1.79  K=4
  verify 45: accepted 3/3 (K=4) + correction -> +4 tokens (125.1 ms)  cpos=105
  [margins] 2.37 4.55 2.61 1.78 2.58 1.54  K=7
  verify 46: accepted 5/6 (K=7) + correction -> +6 tokens (176.5 ms)  cpos=111
  [margins] 2.88 4.42 2.62 1.59 2.49 1.10  K=6
  verify 47: accepted 5/5 (K=6) + correction -> +6 tokens (156.9 ms)  cpos=117
  [margins] 2.64 3.79 2.71 2.00 3.19 0.68  K=6
  verify 48: accepted 5/5 (K=6) + correction -> +6 tokens (153.3 ms)  cpos=123
  [margins] 2.28 4.05 3.60 1.32 3.57 1.31  K=4
  verify 49: accepted 3/3 (K=4) + correction -> +4 tokens (128.1 ms)  cpos=127
  [margins] 2.11 4.68 3.30 1.90 3.88 0.58  K=6
  verify 50: accepted 5/5 (K=6) + correction -> +6 tokens (172.5 ms)  cpos=133
  [margins] 2.38 4.68 2.29 2.13 3.40 0.21  K=6
  verify 51: accepted 5/5 (K=6) + correction -> +6 tokens (153.2 ms)  cpos=139
  [margins] 3.24 4.51 2.62 0.94 2.93 1.53  K=4
  verify 52: accepted 3/3 (K=4) + correction -> +4 tokens (127.1 ms)  cpos=143
  [margins] 3.81 5.13 2.12 1.80 3.12 2.22  K=7
  verify 53: accepted 5/6 (K=7) + correction -> +6 tokens (180.0 ms)  cpos=149
  [margins] 2.26 5.68 2.67 2.86 3.58 0.66  K=6
  verify 54: accepted 5/5 (K=6) + correction -> +6 tokens (153.9 ms)  cpos=155
  [margins] 3.55 7.26 1.72 2.57 3.08 0.11  K=6
  verify 55: accepted 0/5 (K=6) + correction -> +1 tokens (160.1 ms)  cpos=156
  [margins] 6.54 2.03 3.01 1.64 2.01 5.47  K=7
  verify 56: accepted 1/6 (K=7) + correction -> +2 tokens (177.2 ms)  cpos=158
  [margins] 4.57 0.85 1.92 0.83 7.94 2.86  K=2
  verify 57: accepted 0/1 (K=2) + correction -> +1 tokens (107.3 ms)  cpos=159
  [margins] 7.73 0.99 3.34 1.62 1.53 0.65  K=2
  verify 58: accepted 1/1 (K=2) + correction -> +2 tokens (107.8 ms)  cpos=161
  [margins] 7.71 4.86 0.54 4.87 1.14 0.97  K=3
  verify 59: accepted 2/2 (K=3) + correction -> +3 tokens (119.1 ms)  cpos=164
  [margins] 8.00 5.17 3.12 3.74 1.84 0.54  K=6
  verify 60: accepted 2/5 (K=6) + correction -> +3 tokens (159.6 ms)  cpos=167
  [margins] 10.60 3.81 8.68 8.67 4.28 1.36  K=6
  verify 61: accepted 5/5 (K=6) + correction -> +6 tokens (168.7 ms)  cpos=173
  [margins] 5.34 1.15 1.16 1.08 0.78 0.38  K=2
  verify 62: accepted 1/1 (K=2) + correction -> +2 tokens (102.1 ms)  cpos=175
  [margins] 7.71 7.70 0.80 0.80 1.09 0.65  K=3
  verify 63: accepted 2/2 (K=3) + correction -> +3 tokens (121.2 ms)  cpos=178
  [margins] 16.50 13.55 10.92 10.59 8.85 1.33  K=6
  verify 64: accepted 5/5 (K=6) + correction -> +6 tokens (170.0 ms)  cpos=184
  [margins] 4.86 6.94 10.18 12.83 4.73 5.12  K=7
  verify 65: accepted 6/6 (K=7) + correction -> +7 tokens (183.5 ms)  cpos=191
  [margins] 7.08 9.39 8.53 12.65 9.92 10.76  K=7
  verify 66: accepted 6/6 (K=7) + correction -> +7 tokens (190.7 ms)  cpos=198
  [margins] 9.67 12.13 4.29 3.55 10.61 1.59  K=7
  verify 67: accepted 6/6 (K=7) + correction -> +7 tokens (190.8 ms)  cpos=205
  [margins] 6.71 4.81 7.80 5.22 2.93 8.26  K=7
  verify 68: accepted 6/6 (K=7) + correction -> +7 tokens (188.9 ms)  cpos=212
  [margins] 19.46 13.81 10.35 12.06 6.86 2.25  K=7
  verify 69: accepted 6/6 (K=7) + correction -> +7 tokens (184.0 ms)  cpos=219

[spec] generated 205 tokens over 69 verifies: mean tokens/verify = 2.97 (block=6, max 7)
[spec] tokens: 5715 14 295 834 10175 14 8470 3939 436 344 2239 362 4197 339 35 126664 23809 16765 270 3077 305 1990 23714 538 9479 21121 35977 2184 47270 34788 14 832 851 588 366 99782 1082 20351 14319 35977
[spec] SPEC-DECODE: 43.7 ms/tok = 22.88 tok/s  (vs base M=1 71.0 ms/tok = 14.08 tok/s -> 1.62x)
[decode] PREFILL: 82 positions in 1287.2 ms = 63.7 tok/s (15.697 ms/tok)
[spec] decoding 200 tokens (block=6, draft passes=1, adaptK=1.50, prompt=5 s=83)...
  [margins] 8.76 4.35 0.71 0.55 4.19 2.52  K=3
  verify 1: accepted 1/2 (K=3) + correction -> +2 tokens (121.4 ms)  cpos=84
  [margins] 0.02 0.23 1.24 1.96 0.73 0.59  K=2
  verify 2: accepted 0/1 (K=2) + correction -> +1 tokens (101.1 ms)  cpos=85
  [margins] 0.05 0.07 0.45 0.27 1.78 0.85  K=2
  verify 3: accepted 1/1 (K=2) + correction -> +2 tokens (101.5 ms)  cpos=87
  [margins] 6.21 0.99 4.12 1.29 0.09 2.63  K=2
  verify 4: accepted 1/1 (K=2) + correction -> +2 tokens (105.3 ms)  cpos=89
  [margins] 4.59 3.83 2.50 1.59 3.71 3.94  K=7
  verify 5: accepted 6/6 (K=7) + correction -> +7 tokens (183.6 ms)  cpos=96
  [margins] 9.43 5.22 4.16 2.64 0.13 1.31  K=5
  verify 6: accepted 0/4 (K=5) + correction -> +1 tokens (141.6 ms)  cpos=97
  [margins] 9.51 6.45 2.81 0.14 2.12 1.02  K=4
  verify 7: accepted 3/3 (K=4) + correction -> +4 tokens (131.8 ms)  cpos=101
  [margins] 4.87 0.53 2.55 1.01 0.11 0.23  K=2
  verify 8: accepted 1/1 (K=2) + correction -> +2 tokens (104.7 ms)  cpos=103
  [margins] 2.06 0.65 1.98 0.44 1.66 1.29  K=2
  verify 9: accepted 1/1 (K=2) + correction -> +2 tokens (107.4 ms)  cpos=105
  [margins] 8.73 7.37 5.58 2.41 1.38 5.77  K=5
  verify 10: accepted 4/4 (K=5) + correction -> +5 tokens (144.3 ms)  cpos=110
  [margins] 11.59 8.58 9.13 3.72 12.93 3.84  K=7
  verify 11: accepted 6/6 (K=7) + correction -> +7 tokens (186.2 ms)  cpos=117
  [margins] 14.40 9.88 4.17 5.19 0.10 0.04  K=5
  verify 12: accepted 4/4 (K=5) + correction -> +5 tokens (147.6 ms)  cpos=122
  [margins] 8.78 3.58 4.88 3.08 0.30 1.72  K=5
  verify 13: accepted 3/4 (K=5) + correction -> +4 tokens (146.8 ms)  cpos=126
  [margins] 12.53 6.48 3.28 9.70 6.24 2.20  K=7
  verify 14: accepted 6/6 (K=7) + correction -> +7 tokens (201.7 ms)  cpos=133
  [margins] 14.09 1.88 0.31 5.99 9.46 5.81  K=3
  verify 15: accepted 2/2 (K=3) + correction -> +3 tokens (122.1 ms)  cpos=136
  [margins] 14.26 12.89 6.44 3.65 1.98 8.24  K=7
  verify 16: accepted 3/6 (K=7) + correction -> +4 tokens (184.0 ms)  cpos=140
  [margins] 5.74 2.61 6.54 4.18 6.36 0.57  K=6
  verify 17: accepted 0/5 (K=6) + correction -> +1 tokens (159.2 ms)  cpos=141
  [margins] 6.78 6.39 2.75 1.37 1.24 0.38  K=4
  verify 18: accepted 2/3 (K=4) + correction -> +3 tokens (131.7 ms)  cpos=144
  [margins] 10.24 2.93 3.52 5.10 2.80 9.99  K=7
  verify 19: accepted 4/6 (K=7) + correction -> +5 tokens (183.0 ms)  cpos=149
  [margins] 13.80 12.34 5.58 6.73 10.01 1.37  K=6
  verify 20: accepted 5/5 (K=6) + correction -> +6 tokens (163.3 ms)  cpos=155
  [margins] 15.52 11.68 11.28 8.10 0.06 3.70  K=5
  verify 21: accepted 4/4 (K=5) + correction -> +5 tokens (151.2 ms)  cpos=160
  [margins] 6.68 2.08 10.43 7.68 5.15 5.72  K=7
  verify 22: accepted 0/6 (K=7) + correction -> +1 tokens (178.9 ms)  cpos=161
  [margins] 9.70 6.71 1.64 3.45 0.46 2.87  K=5
  verify 23: accepted 2/4 (K=5) + correction -> +3 tokens (143.9 ms)  cpos=164
  [margins] 10.32 6.36 3.47 6.45 1.95 5.09  K=7
  verify 24: accepted 6/6 (K=7) + correction -> +7 tokens (182.4 ms)  cpos=171
  [margins] 0.54 12.17 10.62 4.47 8.18 5.36  K=7
  verify 25: accepted 3/6 (K=7) + correction -> +4 tokens (187.6 ms)  cpos=175
  [margins] 16.26 12.78 10.95 7.22 0.05 0.92  K=5
  verify 26: accepted 4/4 (K=5) + correction -> +5 tokens (152.1 ms)  cpos=180
  [margins] 16.51 16.45 7.52 2.91 7.69 1.75  K=7
  verify 27: accepted 5/6 (K=7) + correction -> +6 tokens (181.3 ms)  cpos=186
  [margins] 5.14 9.21 2.21 7.59 1.56 4.46  K=7
  verify 28: accepted 6/6 (K=7) + correction -> +7 tokens (188.4 ms)  cpos=193
  [margins] 13.62 13.02 6.81 9.74 10.27 7.34  K=7
  verify 29: accepted 6/6 (K=7) + correction -> +7 tokens (186.6 ms)  cpos=200
  [margins] 15.89 14.53 3.95 2.53 5.90 0.16  K=6
  verify 30: accepted 5/5 (K=6) + correction -> +6 tokens (163.5 ms)  cpos=206
  [margins] 11.99 8.55 1.12 7.14 5.90 7.21  K=3
  verify 31: accepted 2/2 (K=3) + correction -> +3 tokens (120.9 ms)  cpos=209
  [margins] 13.66 12.12 7.11 10.29 9.12 1.96  K=7
  verify 32: accepted 6/6 (K=7) + correction -> +7 tokens (188.9 ms)  cpos=216
  [margins] 17.54 14.18 5.13 0.90 4.02 2.14  K=4
  verify 33: accepted 3/3 (K=4) + correction -> +4 tokens (136.5 ms)  cpos=220
  [margins] 18.12 13.89 5.05 0.68 6.02 0.90  K=4
  verify 34: accepted 3/3 (K=4) + correction -> +4 tokens (132.6 ms)  cpos=224
  [margins] 11.56 3.50 4.00 7.49 0.24 3.87  K=5
  verify 35: accepted 4/4 (K=5) + correction -> +5 tokens (147.5 ms)  cpos=229
  [margins] 18.83 10.81 7.03 9.58 8.45 0.67  K=6
  verify 36: accepted 5/5 (K=6) + correction -> +6 tokens (168.3 ms)  cpos=235
  [margins] 9.63 11.92 7.90 6.07 2.25 1.28  K=6
  verify 37: accepted 5/5 (K=6) + correction -> +6 tokens (171.6 ms)  cpos=241
  [margins] 16.39 9.20 4.49 6.78 0.19 8.19  K=5
  verify 38: accepted 4/4 (K=5) + correction -> +5 tokens (148.8 ms)  cpos=246
  [margins] 9.90 4.39 1.54 8.21 12.31 0.61  K=6
  verify 39: accepted 2/5 (K=6) + correction -> +3 tokens (170.8 ms)  cpos=249
  [margins] 14.77 11.62 6.86 10.82 9.81 1.58  K=7
  verify 40: accepted 6/6 (K=7) + correction -> +7 tokens (204.8 ms)  cpos=256
  [margins] 14.08 16.23 9.72 6.42 3.07 0.22  K=6
  verify 41: accepted 5/5 (K=6) + correction -> +6 tokens (163.1 ms)  cpos=262
  [margins] 10.74 4.29 3.18 0.31 5.90 5.88  K=4
  verify 42: accepted 3/3 (K=4) + correction -> +4 tokens (136.4 ms)  cpos=266
  [margins] 10.54 10.99 1.81 5.47 8.45 9.42  K=7
  verify 43: accepted 2/6 (K=7) + correction -> +3 tokens (189.0 ms)  cpos=269
  [margins] 14.55 13.00 6.56 9.87 9.13 1.62  K=7
  verify 44: accepted 6/6 (K=7) + correction -> +7 tokens (191.4 ms)  cpos=276
  [margins] 11.85 14.28 8.28 6.39 7.37 2.13  K=7
  verify 45: accepted 6/6 (K=7) + correction -> +7 tokens (184.4 ms)  cpos=283

[spec] generated 201 tokens over 45 verifies: mean tokens/verify = 4.47 (block=6, max 7)
[spec] tokens: 1 50 201 671 15020 4181 362 2775 14817 14922 344 223 25 22765 7975 55 15 3180 16 1 50 201 671 15020 4181 362 2775 14817 14922 344 223 25 22765 7975 55 15 3180 16 1 50
[spec] SPEC-DECODE: 34.8 ms/tok = 28.77 tok/s  (vs base M=1 71.0 ms/tok = 14.08 tok/s -> 2.04x)
[decode] PREFILL: 14 positions in 284.4 ms = 49.2 tok/s (20.317 ms/tok)
[spec] decoding 200 tokens (block=6, draft passes=1, adaptK=1.50, prompt=6 s=15)...
  [margins] 0.56 1.09 1.77 0.86 0.51 0.44  K=2
  verify 1: accepted 0/1 (K=2) + correction -> +1 tokens (102.1 ms)  cpos=15
  [margins] 0.35 0.28 2.89 7.64 7.07 0.42  K=2
  verify 2: accepted 0/1 (K=2) + correction -> +1 tokens (106.7 ms)  cpos=16
  [margins] 3.47 1.14 1.02 0.99 3.51 0.31  K=2
  verify 3: accepted 1/1 (K=2) + correction -> +2 tokens (101.6 ms)  cpos=18
  [margins] 1.57 1.34 1.39 1.33 3.14 0.58  K=2
  verify 4: accepted 1/1 (K=2) + correction -> +2 tokens (105.2 ms)  cpos=20
  [margins] 1.81 2.86 3.53 2.78 3.63 1.12  K=6
  verify 5: accepted 1/5 (K=6) + correction -> +2 tokens (150.7 ms)  cpos=22
  [margins] 3.23 1.66 3.87 3.11 3.66 2.33  K=7
  verify 6: accepted 1/6 (K=7) + correction -> +2 tokens (168.7 ms)  cpos=24
  [margins] 2.58 0.82 1.33 2.01 4.19 2.88  K=2
  verify 7: accepted 1/1 (K=2) + correction -> +2 tokens (101.7 ms)  cpos=26
  [margins] 1.87 1.19 2.04 0.61 5.32 2.30  K=2
  verify 8: accepted 1/1 (K=2) + correction -> +2 tokens (104.8 ms)  cpos=28
  [margins] 0.23 1.78 2.73 0.22 6.51 2.59  K=4
  verify 9: accepted 2/3 (K=4) + correction -> +3 tokens (121.6 ms)  cpos=31
  [margins] 0.13 8.55 2.04 0.45 7.03 3.22  K=4
  verify 10: accepted 0/3 (K=4) + correction -> +1 tokens (127.8 ms)  cpos=32
  [margins] 7.07 0.71 3.25 2.12 2.06 6.45  K=2
  verify 11: accepted 1/1 (K=2) + correction -> +2 tokens (99.7 ms)  cpos=34
  [margins] 2.41 6.25 0.60 0.52 0.30 1.13  K=3
  verify 12: accepted 2/2 (K=3) + correction -> +3 tokens (114.1 ms)  cpos=37
  [margins] 12.61 7.00 3.62 4.82 7.05 3.05  K=7
  verify 13: accepted 6/6 (K=7) + correction -> +7 tokens (170.3 ms)  cpos=44
  [margins] 8.67 10.04 13.06 8.37 8.81 8.20  K=7
  verify 14: accepted 6/6 (K=7) + correction -> +7 tokens (167.5 ms)  cpos=51
  [margins] 13.66 13.78 8.68 10.54 9.14 8.93  K=7
  verify 15: accepted 6/6 (K=7) + correction -> +7 tokens (174.2 ms)  cpos=58
  [margins] 16.45 9.42 12.13 7.19 11.15 8.56  K=7
  verify 16: accepted 6/6 (K=7) + correction -> +7 tokens (174.0 ms)  cpos=65
  [margins] 8.81 12.19 9.94 8.91 9.92 9.62  K=7
  verify 17: accepted 6/6 (K=7) + correction -> +7 tokens (177.7 ms)  cpos=72
  [margins] 12.22 14.06 8.65 10.13 9.70 9.32  K=7
  verify 18: accepted 6/6 (K=7) + correction -> +7 tokens (172.5 ms)  cpos=79
  [margins] 16.45 11.36 12.76 11.62 12.07 11.03  K=7
  verify 19: accepted 6/6 (K=7) + correction -> +7 tokens (177.3 ms)  cpos=86
  [margins] 10.16 13.71 12.43 9.33 9.73 8.96  K=7
  verify 20: accepted 6/6 (K=7) + correction -> +7 tokens (178.3 ms)  cpos=93
  [margins] 13.37 14.23 9.34 10.64 11.61 9.54  K=7
  verify 21: accepted 6/6 (K=7) + correction -> +7 tokens (181.2 ms)  cpos=100
  [margins] 16.30 9.91 11.77 9.81 8.96 7.93  K=7
  verify 22: accepted 6/6 (K=7) + correction -> +7 tokens (174.1 ms)  cpos=107
  [margins] 10.57 12.75 13.82 10.67 7.94 11.83  K=7
  verify 23: accepted 6/6 (K=7) + correction -> +7 tokens (181.9 ms)  cpos=114
  [margins] 12.65 17.08 9.09 11.82 9.41 8.62  K=7
  verify 24: accepted 6/6 (K=7) + correction -> +7 tokens (179.7 ms)  cpos=121
  [margins] 15.12 11.04 13.24 7.55 10.76 9.07  K=7
  verify 25: accepted 6/6 (K=7) + correction -> +7 tokens (197.6 ms)  cpos=128
  [margins] 9.99 11.94 13.44 9.69 7.73 10.55  K=7
  verify 26: accepted 6/6 (K=7) + correction -> +7 tokens (178.4 ms)  cpos=135
  [margins] 13.01 12.83 9.71 10.83 8.06 8.19  K=7
  verify 27: accepted 6/6 (K=7) + correction -> +7 tokens (179.9 ms)  cpos=142
  [margins] 14.49 12.09 13.52 11.76 11.68 9.91  K=7
  verify 28: accepted 6/6 (K=7) + correction -> +7 tokens (180.9 ms)  cpos=149
  [margins] 9.45 13.57 13.62 9.48 9.84 11.57  K=7
  verify 29: accepted 6/6 (K=7) + correction -> +7 tokens (181.0 ms)  cpos=156
  [margins] 12.32 13.49 8.63 11.11 10.45 7.06  K=7
  verify 30: accepted 6/6 (K=7) + correction -> +7 tokens (179.7 ms)  cpos=163
  [margins] 18.53 10.95 12.99 10.66 8.44 8.61  K=7
  verify 31: accepted 6/6 (K=7) + correction -> +7 tokens (181.2 ms)  cpos=170
  [margins] 11.21 12.49 9.52 10.42 9.92 11.49  K=7
  verify 32: accepted 6/6 (K=7) + correction -> +7 tokens (182.7 ms)  cpos=177
  [margins] 13.40 14.63 9.63 11.66 10.04 9.41  K=7
  verify 33: accepted 6/6 (K=7) + correction -> +7 tokens (184.0 ms)  cpos=184
  [margins] 18.11 11.62 13.03 8.04 7.39 8.21  K=7
  verify 34: accepted 6/6 (K=7) + correction -> +7 tokens (180.2 ms)  cpos=191
  [margins] 10.25 12.45 12.69 8.83 9.46 12.05  K=7
  verify 35: accepted 6/6 (K=7) + correction -> +7 tokens (183.2 ms)  cpos=198
  [margins] 13.18 15.09 8.74 10.78 13.73 8.38  K=7
  verify 36: accepted 6/6 (K=7) + correction -> +7 tokens (185.0 ms)  cpos=205
  [margins] 16.90 11.53 13.02 10.71 9.22 7.65  K=7
  verify 37: accepted 6/6 (K=7) + correction -> +7 tokens (184.8 ms)  cpos=212
  [margins] 10.92 13.11 15.60 10.32 9.08 12.74  K=7
  verify 38: accepted 6/6 (K=7) + correction -> +7 tokens (176.8 ms)  cpos=219

[spec] generated 205 tokens over 38 verifies: mean tokens/verify = 5.39 (block=6, max 7)
[spec] tokens: 1 16 1 16 1 16 1 16 1 16 1 16 1 16 1 16 403 31310 16 403 31310 16 403 31310 16 403 31310 16 403 31310 16 403 31310 16 403 31310 16 403 31310 16
[spec] SPEC-DECODE: 29.2 ms/tok = 34.19 tok/s  (vs base M=1 71.0 ms/tok = 14.08 tok/s -> 2.43x)
[decode] PREFILL: 37 positions in 633.0 ms = 58.5 tok/s (17.109 ms/tok)
[spec] decoding 200 tokens (block=6, draft passes=1, adaptK=1.50, prompt=7 s=38)...
  [margins] 0.98 2.74 0.23 0.22 0.10 1.55  K=3
  verify 1: accepted 0/2 (K=3) + correction -> +1 tokens (118.7 ms)  cpos=38
  [margins] 0.05 6.00 0.30 1.69 0.17 0.66  K=3
  verify 2: accepted 0/2 (K=3) + correction -> +1 tokens (113.5 ms)  cpos=39
  [margins] 1.58 0.40 5.04 0.55 0.57 0.22  K=2
  verify 3: accepted 1/1 (K=2) + correction -> +2 tokens (102.0 ms)  cpos=41
  [margins] 3.19 0.46 1.10 5.62 0.66 0.71  K=2
  verify 4: accepted 1/1 (K=2) + correction -> +2 tokens (97.6 ms)  cpos=43
  [margins] 0.92 1.39 0.08 0.48 0.14 0.18  K=2
  verify 5: accepted 0/1 (K=2) + correction -> +1 tokens (103.0 ms)  cpos=44
  [margins] 0.72 0.17 1.32 0.06 0.44 0.70  K=2
  verify 6: accepted 1/1 (K=2) + correction -> +2 tokens (98.5 ms)  cpos=46
  [margins] 1.18 2.23 1.77 0.01 0.09 1.46  K=4
  verify 7: accepted 0/3 (K=4) + correction -> +1 tokens (128.8 ms)  cpos=47
  [margins] 2.36 2.84 0.27 1.11 1.57 3.44  K=3
  verify 8: accepted 1/2 (K=3) + correction -> +2 tokens (115.9 ms)  cpos=49
  [margins] 9.18 6.90 5.88 3.07 0.07 1.46  K=5
  verify 9: accepted 4/4 (K=5) + correction -> +5 tokens (141.4 ms)  cpos=54
  [margins] 0.07 0.56 3.21 2.56 2.18 1.72  K=2
  verify 10: accepted 1/1 (K=2) + correction -> +2 tokens (105.0 ms)  cpos=56
  [margins] 5.37 2.73 1.22 0.14 0.38 1.24  K=3
  verify 11: accepted 2/2 (K=3) + correction -> +3 tokens (110.7 ms)  cpos=59
  [margins] 3.98 2.65 0.23 2.44 1.43 0.59  K=3
  verify 12: accepted 2/2 (K=3) + correction -> +3 tokens (116.6 ms)  cpos=62
  [margins] 1.53 0.38 2.37 1.75 3.46 0.30  K=2
  verify 13: accepted 1/1 (K=2) + correction -> +2 tokens (104.6 ms)  cpos=64
  [margins] 6.16 8.89 3.00 3.26 4.68 2.99  K=7
  verify 14: accepted 3/6 (K=7) + correction -> +4 tokens (174.6 ms)  cpos=68
  [margins] 5.87 3.03 0.34 1.75 0.44 0.52  K=3
  verify 15: accepted 2/2 (K=3) + correction -> +3 tokens (111.2 ms)  cpos=71
  [margins] 2.53 1.91 4.13 0.30 0.04 0.74  K=4
  verify 16: accepted 3/3 (K=4) + correction -> +4 tokens (127.7 ms)  cpos=75
  [margins] 2.60 8.42 0.15 3.65 0.16 4.04  K=3
  verify 17: accepted 2/2 (K=3) + correction -> +3 tokens (113.8 ms)  cpos=78
  [margins] 8.19 7.78 6.31 7.73 10.20 4.54  K=7
  verify 18: accepted 6/6 (K=7) + correction -> +7 tokens (180.0 ms)  cpos=85
  [margins] 11.56 10.87 9.92 6.63 3.81 3.97  K=7
  verify 19: accepted 6/6 (K=7) + correction -> +7 tokens (183.0 ms)  cpos=92
  [margins] 3.20 7.54 3.75 2.38 1.88 2.84  K=7
  verify 20: accepted 4/6 (K=7) + correction -> +5 tokens (174.9 ms)  cpos=97
  [margins] 10.26 12.92 10.38 9.80 3.99 4.18  K=7
  verify 21: accepted 6/6 (K=7) + correction -> +7 tokens (184.4 ms)  cpos=104
  [margins] 6.73 4.23 2.63 9.69 2.17 2.35  K=7
  verify 22: accepted 6/6 (K=7) + correction -> +7 tokens (179.1 ms)  cpos=111
  [margins] 10.13 6.66 8.08 4.22 7.20 2.08  K=7
  verify 23: accepted 6/6 (K=7) + correction -> +7 tokens (187.9 ms)  cpos=118
  [margins] 4.52 1.12 9.21 3.78 7.46 3.40  K=2
  verify 24: accepted 1/1 (K=2) + correction -> +2 tokens (109.0 ms)  cpos=120
  [margins] 13.47 9.83 6.34 9.69 0.13 0.54  K=5
  verify 25: accepted 4/4 (K=5) + correction -> +5 tokens (145.8 ms)  cpos=125
  [margins] 6.58 8.51 2.23 7.83 4.50 0.72  K=6
  verify 26: accepted 5/5 (K=6) + correction -> +6 tokens (177.3 ms)  cpos=131
  [margins] 0.44 6.03 0.21 1.14 0.03 1.92  K=3
  verify 27: accepted 2/2 (K=3) + correction -> +3 tokens (118.2 ms)  cpos=134
  [margins] 12.73 5.90 0.32 4.52 5.13 0.08  K=3
  verify 28: accepted 2/2 (K=3) + correction -> +3 tokens (121.4 ms)  cpos=137
  [margins] 3.99 0.03 0.47 1.08 1.56 3.40  K=2
  verify 29: accepted 1/1 (K=2) + correction -> +2 tokens (104.4 ms)  cpos=139
  [margins] 6.24 0.96 6.39 6.78 5.18 1.75  K=2
  verify 30: accepted 1/1 (K=2) + correction -> +2 tokens (107.0 ms)  cpos=141
  [margins] 9.59 8.65 5.77 1.49 0.04 3.23  K=4
  verify 31: accepted 3/3 (K=4) + correction -> +4 tokens (135.8 ms)  cpos=145
  [margins] 2.52 3.58 2.70 1.29 4.69 1.43  K=4
  verify 32: accepted 0/3 (K=4) + correction -> +1 tokens (136.6 ms)  cpos=146
  [margins] 6.96 9.95 11.35 11.73 1.17 1.95  K=5
  verify 33: accepted 4/4 (K=5) + correction -> +5 tokens (149.2 ms)  cpos=151
  [margins] 2.72 1.39 0.98 7.69 0.00 3.24  K=2
  verify 34: accepted 1/1 (K=2) + correction -> +2 tokens (112.3 ms)  cpos=153
  [margins] 2.93 2.23 0.62 0.79 4.03 1.76  K=3
  verify 35: accepted 0/2 (K=3) + correction -> +1 tokens (112.4 ms)  cpos=154
  [margins] 6.29 1.66 0.49 3.10 1.54 3.83  K=3
  verify 36: accepted 1/2 (K=3) + correction -> +2 tokens (118.3 ms)  cpos=156
  [margins] 6.03 2.30 0.05 2.18 1.78 2.06  K=3
  verify 37: accepted 1/2 (K=3) + correction -> +2 tokens (112.9 ms)  cpos=158
  [margins] 4.70 0.60 4.03 2.47 1.17 2.04  K=2
  verify 38: accepted 1/1 (K=2) + correction -> +2 tokens (110.2 ms)  cpos=160
  [margins] 3.81 1.67 3.01 1.82 5.06 2.33  K=7
  verify 39: accepted 3/6 (K=7) + correction -> +4 tokens (172.3 ms)  cpos=164
  [margins] 3.85 4.94 3.65 1.40 3.74 0.52  K=4
  verify 40: accepted 3/3 (K=4) + correction -> +4 tokens (126.9 ms)  cpos=168
  [margins] 2.64 3.74 3.66 1.24 3.64 0.09  K=4
  verify 41: accepted 3/3 (K=4) + correction -> +4 tokens (126.7 ms)  cpos=172
  [margins] 1.98 5.56 1.97 3.03 3.94 0.65  K=6
  verify 42: accepted 5/5 (K=6) + correction -> +6 tokens (152.6 ms)  cpos=178
  [margins] 2.03 6.50 2.23 3.62 4.11 1.88  K=7
  verify 43: accepted 6/6 (K=7) + correction -> +7 tokens (175.1 ms)  cpos=185
  [margins] 5.25 3.96 4.88 4.48 2.43 4.39  K=7
  verify 44: accepted 6/6 (K=7) + correction -> +7 tokens (175.1 ms)  cpos=192
  [margins] 1.36 5.16 4.44 2.74 4.77 1.86  K=7
  verify 45: accepted 6/6 (K=7) + correction -> +7 tokens (170.0 ms)  cpos=199
  [margins] 6.36 4.58 5.47 5.42 2.49 4.50  K=7
  verify 46: accepted 6/6 (K=7) + correction -> +7 tokens (175.8 ms)  cpos=206
  [margins] 1.59 6.30 2.30 2.64 4.47 2.35  K=7
  verify 47: accepted 6/6 (K=7) + correction -> +7 tokens (176.4 ms)  cpos=213
  [margins] 6.22 4.64 5.15 4.74 2.12 4.10  K=7
  verify 48: accepted 6/6 (K=7) + correction -> +7 tokens (175.1 ms)  cpos=220
  [margins] 1.98 6.25 3.09 1.79 4.79 1.66  K=7
  verify 49: accepted 6/6 (K=7) + correction -> +7 tokens (170.9 ms)  cpos=227
  [margins] 6.93 4.97 5.28 5.07 0.98 4.70  K=5
  verify 50: accepted 3/4 (K=5) + correction -> +4 tokens (143.7 ms)  cpos=231
  [margins] 8.10 0.97 1.93 4.95 0.37 6.71  K=2
  verify 51: accepted 0/1 (K=2) + correction -> +1 tokens (107.1 ms)  cpos=232
  [margins] 5.59 3.42 7.75 1.61 2.11 6.62  K=7
  verify 52: accepted 1/6 (K=7) + correction -> +2 tokens (178.4 ms)  cpos=234
  [margins] 4.49 1.69 3.15 0.11 10.14 2.08  K=4
  verify 53: accepted 1/3 (K=4) + correction -> +2 tokens (128.9 ms)  cpos=236
  [margins] 3.61 0.54 6.05 0.08 11.10 0.92  K=2
  verify 54: accepted 0/1 (K=2) + correction -> +1 tokens (103.1 ms)  cpos=237

[spec] generated 200 tokens over 54 verifies: mean tokens/verify = 3.70 (block=6, max 7)
[spec] tokens: 343 12888 28 566 344 260 19075 3417 9508 5718 270 2753 294 270 6616 366 1512 1527 27819 13459 16 5715 270 12919 6329 1512 1527 940 223 19 27819 13459 16 455 3452 2753 344 979 7490 201
[spec] SPEC-DECODE: 36.6 ms/tok = 27.32 tok/s  (vs base M=1 71.0 ms/tok = 14.08 tok/s -> 1.94x)
[decode] PREFILL: 12 positions in 252.1 ms = 47.6 tok/s (21.012 ms/tok)
[spec] decoding 200 tokens (block=6, draft passes=1, adaptK=1.50, prompt=8 s=13)...
  [margins] 2.50 2.63 0.16 7.80 3.19 0.17  K=3
  verify 1: accepted 1/2 (K=3) + correction -> +2 tokens (113.9 ms)  cpos=14
  [margins] 0.18 4.34 3.16 0.85 4.29 1.94  K=4
  verify 2: accepted 0/3 (K=4) + correction -> +1 tokens (130.1 ms)  cpos=15
  [margins] 2.54 1.68 2.13 1.61 0.17 1.33  K=5
  verify 3: accepted 0/4 (K=5) + correction -> +1 tokens (142.0 ms)  cpos=16
  [margins] 1.56 1.72 0.89 1.11 2.87 2.79  K=3
  verify 4: accepted 0/2 (K=3) + correction -> +1 tokens (105.7 ms)  cpos=17
  [margins] 0.27 0.19 1.69 0.76 0.26 0.09  K=2
  verify 5: accepted 1/1 (K=2) + correction -> +2 tokens (100.6 ms)  cpos=19
  [margins] 2.45 0.08 3.66 0.04 1.23 2.70  K=2
  verify 6: accepted 1/1 (K=2) + correction -> +2 tokens (104.6 ms)  cpos=21
  [margins] 2.69 0.39 4.68 0.38 3.88 0.38  K=2
  verify 7: accepted 1/1 (K=2) + correction -> +2 tokens (100.9 ms)  cpos=23
  [margins] 2.89 0.28 0.22 0.12 0.04 3.97  K=2
  verify 8: accepted 1/1 (K=2) + correction -> +2 tokens (105.3 ms)  cpos=25
  [margins] 3.76 0.02 1.35 0.26 0.26 4.40  K=2
  verify 9: accepted 1/1 (K=2) + correction -> +2 tokens (100.9 ms)  cpos=27
  [margins] 4.73 0.23 5.32 0.04 5.31 0.28  K=2
  verify 10: accepted 1/1 (K=2) + correction -> +2 tokens (105.8 ms)  cpos=29
  [margins] 5.68 0.09 5.17 0.07 4.69 0.25  K=2
  verify 11: accepted 1/1 (K=2) + correction -> +2 tokens (101.3 ms)  cpos=31
  [margins] 5.73 0.13 4.99 0.41 4.55 0.02  K=2
  verify 12: accepted 1/1 (K=2) + correction -> +2 tokens (105.8 ms)  cpos=33
  [margins] 5.55 0.06 4.55 0.26 3.98 0.18  K=2
  verify 13: accepted 1/1 (K=2) + correction -> +2 tokens (101.3 ms)  cpos=35
  [margins] 6.36 0.19 5.72 0.53 4.98 0.25  K=2
  verify 14: accepted 1/1 (K=2) + correction -> +2 tokens (105.7 ms)  cpos=37
  [margins] 5.85 0.01 5.08 0.43 4.30 0.22  K=2
  verify 15: accepted 1/1 (K=2) + correction -> +2 tokens (101.6 ms)  cpos=39
  [margins] 7.14 0.09 7.24 0.10 5.11 0.36  K=2
  verify 16: accepted 1/1 (K=2) + correction -> +2 tokens (105.0 ms)  cpos=41
  [margins] 6.60 0.59 5.59 0.47 4.37 0.02  K=2
  verify 17: accepted 1/1 (K=2) + correction -> +2 tokens (102.2 ms)  cpos=43
  [margins] 6.96 0.72 6.20 0.84 4.83 0.27  K=2
  verify 18: accepted 1/1 (K=2) + correction -> +2 tokens (105.7 ms)  cpos=45
  [margins] 6.31 1.31 4.74 1.02 3.98 0.17  K=2
  verify 19: accepted 0/1 (K=2) + correction -> +1 tokens (99.4 ms)  cpos=46
  [margins] 5.47 3.55 5.67 0.86 0.75 0.31  K=4
  verify 20: accepted 3/3 (K=4) + correction -> +4 tokens (128.8 ms)  cpos=50
  [margins] 3.06 2.25 0.50 1.98 3.06 0.60  K=3
  verify 21: accepted 2/2 (K=3) + correction -> +3 tokens (116.3 ms)  cpos=53
  [margins] 7.79 8.53 0.02 0.02 2.01 0.45  K=3
  verify 22: accepted 2/2 (K=3) + correction -> +3 tokens (114.8 ms)  cpos=56
  [margins] 1.65 0.03 3.13 1.86 1.13 0.20  K=2
  verify 23: accepted 1/1 (K=2) + correction -> +2 tokens (102.9 ms)  cpos=58
  [margins] 0.06 7.26 0.82 2.84 2.52 0.38  K=3
  verify 24: accepted 0/2 (K=3) + correction -> +1 tokens (113.5 ms)  cpos=59
  [margins] 3.40 1.47 0.71 5.99 0.38 0.46  K=2
  verify 25: accepted 0/1 (K=2) + correction -> +1 tokens (104.6 ms)  cpos=60
  [margins] 5.86 4.26 6.46 7.50 2.59 6.13  K=7
  verify 26: accepted 6/6 (K=7) + correction -> +7 tokens (173.6 ms)  cpos=67
  [margins] 7.13 10.65 0.12 1.43 2.94 2.00  K=3
  verify 27: accepted 2/2 (K=3) + correction -> +3 tokens (117.4 ms)  cpos=70
  [margins] 2.37 2.53 0.42 4.33 2.19 1.72  K=3
  verify 28: accepted 0/2 (K=3) + correction -> +1 tokens (118.1 ms)  cpos=71
  [margins] 0.00 5.01 1.47 1.65 3.80 5.50  K=3
  verify 29: accepted 0/2 (K=3) + correction -> +1 tokens (119.2 ms)  cpos=72
  [margins] 2.02 2.85 3.71 7.05 3.19 6.20  K=7
  verify 30: accepted 6/6 (K=7) + correction -> +7 tokens (175.4 ms)  cpos=79
  [margins] 4.31 9.81 0.67 0.71 3.12 1.91  K=3
  verify 31: accepted 2/2 (K=3) + correction -> +3 tokens (118.9 ms)  cpos=82
  [margins] 3.29 6.02 2.85 5.15 1.62 2.82  K=7
  verify 32: accepted 5/6 (K=7) + correction -> +6 tokens (182.0 ms)  cpos=88
  [margins] 3.71 5.81 1.04 5.58 0.44 1.10  K=3
  verify 33: accepted 2/2 (K=3) + correction -> +3 tokens (115.5 ms)  cpos=91
  [margins] 4.51 13.79 0.89 3.00 5.24 4.34  K=3
  verify 34: accepted 2/2 (K=3) + correction -> +3 tokens (118.3 ms)  cpos=94
  [margins] 4.64 8.48 7.18 5.76 3.43 2.13  K=7
  verify 35: accepted 6/6 (K=7) + correction -> +7 tokens (185.1 ms)  cpos=101
  [margins] 10.09 6.32 11.63 11.39 2.84 2.92  K=7
  verify 36: accepted 4/6 (K=7) + correction -> +5 tokens (184.0 ms)  cpos=106
  [margins] 6.31 8.68 8.41 6.62 5.44 7.38  K=7
  verify 37: accepted 6/6 (K=7) + correction -> +7 tokens (186.4 ms)  cpos=113
  [margins] 10.83 7.22 8.47 10.11 1.79 5.76  K=7
  verify 38: accepted 6/6 (K=7) + correction -> +7 tokens (185.5 ms)  cpos=120
  [margins] 4.33 8.05 8.98 8.92 4.19 8.94  K=7
  verify 39: accepted 6/6 (K=7) + correction -> +7 tokens (179.2 ms)  cpos=127
  [margins] 6.04 14.30 2.79 5.90 8.31 6.29  K=7
  verify 40: accepted 6/6 (K=7) + correction -> +7 tokens (202.7 ms)  cpos=134
  [margins] 9.70 3.73 1.24 0.74 4.16 3.22  K=3
  verify 41: accepted 2/2 (K=3) + correction -> +3 tokens (123.6 ms)  cpos=137
  [margins] 11.02 7.63 8.00 10.73 0.09 3.54  K=5
  verify 42: accepted 4/4 (K=5) + correction -> +5 tokens (147.7 ms)  cpos=142
  [margins] 7.45 8.52 9.27 8.02 3.58 5.65  K=7
  verify 43: accepted 6/6 (K=7) + correction -> +7 tokens (187.9 ms)  cpos=149
  [margins] 11.60 6.26 8.02 11.42 0.05 3.93  K=5
  verify 44: accepted 4/4 (K=5) + correction -> +5 tokens (148.2 ms)  cpos=154
  [margins] 6.72 9.02 9.87 6.90 5.62 3.39  K=7
  verify 45: accepted 6/6 (K=7) + correction -> +7 tokens (189.1 ms)  cpos=161
  [margins] 10.30 4.40 8.61 11.97 1.88 4.15  K=7
  verify 46: accepted 6/6 (K=7) + correction -> +7 tokens (186.4 ms)  cpos=168
  [margins] 5.71 10.38 8.75 8.90 6.30 9.19  K=7
  verify 47: accepted 6/6 (K=7) + correction -> +7 tokens (182.5 ms)  cpos=175
  [margins] 5.04 12.60 3.37 8.32 7.42 7.39  K=7
  verify 48: accepted 6/6 (K=7) + correction -> +7 tokens (187.4 ms)  cpos=182
  [margins] 12.15 5.28 0.33 4.88 5.69 1.67  K=3
  verify 49: accepted 2/2 (K=3) + correction -> +3 tokens (122.3 ms)  cpos=185
  [margins] 10.13 7.01 8.67 11.37 2.50 6.39  K=7
  verify 50: accepted 6/6 (K=7) + correction -> +7 tokens (188.3 ms)  cpos=192
  [margins] 6.68 10.77 9.49 9.03 3.61 5.86  K=7
  verify 51: accepted 6/6 (K=7) + correction -> +7 tokens (183.9 ms)  cpos=199
  [margins] 6.44 13.43 3.66 7.48 8.11 8.53  K=7
  verify 52: accepted 6/6 (K=7) + correction -> +7 tokens (188.4 ms)  cpos=206
  [margins] 11.70 4.43 2.26 1.05 2.13 3.04  K=4
  verify 53: accepted 3/3 (K=4) + correction -> +4 tokens (136.0 ms)  cpos=210
  [margins] 11.07 11.26 8.19 2.42 4.37 4.60  K=7
  verify 54: accepted 6/6 (K=7) + correction -> +7 tokens (188.7 ms)  cpos=217

[spec] generated 205 tokens over 54 verifies: mean tokens/verify = 3.80 (block=6, max 7)
[spec] tokens: 1 201 1 201 1 201 1 201 1 201 1 201 1 201 1 201 1 201 1 201 1 201 1 201 1 201 1 201 1 201 1 201 3085 344 270 6102 294 8760 33 9361
[spec] SPEC-DECODE: 36.1 ms/tok = 27.71 tok/s  (vs base M=1 71.0 ms/tok = 14.08 tok/s -> 1.97x)
[decode] PREFILL: 5 positions in 130.1 ms = 38.4 tok/s (26.013 ms/tok)
[spec] decoding 200 tokens (block=7, draft passes=1, adaptK=1.50, prompt=0 s=6)...
  [margins] 2.23 0.89 0.40 0.62 0.61 4.83 1.28  K=2
  verify 1: accepted 1/1 (K=2) + correction -> +2 tokens (100.5 ms)  cpos=7
  [margins] 0.36 1.21 0.26 0.66 0.04 0.18 1.25  K=2
  verify 2: accepted 0/1 (K=2) + correction -> +1 tokens (108.7 ms)  cpos=8
  [margins] 1.29 0.68 2.97 0.21 0.33 0.80 0.25  K=2
  verify 3: accepted 1/1 (K=2) + correction -> +2 tokens (101.4 ms)  cpos=10
  [margins] 2.93 0.07 3.65 0.24 2.21 1.45 0.15  K=2
  verify 4: accepted 0/1 (K=2) + correction -> +1 tokens (103.4 ms)  cpos=11
  [margins] 6.83 0.37 1.52 2.31 2.36 1.46 1.57  K=2
  verify 5: accepted 1/1 (K=2) + correction -> +2 tokens (103.8 ms)  cpos=13
  [margins] 3.95 2.33 4.74 1.94 2.58 0.95 0.35  K=6
  verify 6: accepted 4/5 (K=6) + correction -> +5 tokens (157.8 ms)  cpos=18
  [margins] 4.17 2.93 2.57 0.23 1.58 0.93 1.52  K=4
  verify 7: accepted 1/3 (K=4) + correction -> +2 tokens (130.6 ms)  cpos=20
  [margins] 2.49 2.35 4.59 2.11 1.54 0.52 0.35  K=6
  verify 8: accepted 4/5 (K=6) + correction -> +5 tokens (157.5 ms)  cpos=25
  [margins] 7.06 2.58 2.45 2.56 3.08 1.48 1.42  K=6
  verify 9: accepted 1/5 (K=6) + correction -> +2 tokens (159.5 ms)  cpos=27
  [margins] 3.46 3.37 4.96 2.15 0.82 0.68 3.72  K=5
  verify 10: accepted 4/4 (K=5) + correction -> +5 tokens (149.7 ms)  cpos=32
  [margins] 6.73 0.66 3.59 2.05 1.65 2.30 2.01  K=2
  verify 11: accepted 1/1 (K=2) + correction -> +2 tokens (101.7 ms)  cpos=34
  [margins] 2.03 4.21 4.89 1.34 0.81 0.17 2.05  K=4
  verify 12: accepted 3/3 (K=4) + correction -> +4 tokens (132.4 ms)  cpos=38
  [margins] 0.76 0.75 6.88 2.92 3.45 6.01 2.54  K=2
  verify 13: accepted 0/1 (K=2) + correction -> +1 tokens (106.6 ms)  cpos=39
  [margins] 4.35 0.31 4.97 3.34 3.17 3.84 1.85  K=2
  verify 14: accepted 1/1 (K=2) + correction -> +2 tokens (105.9 ms)  cpos=41
  [margins] 3.32 3.73 5.55 0.65 0.38 0.23 2.51  K=4
  verify 15: accepted 3/3 (K=4) + correction -> +4 tokens (132.0 ms)  cpos=45
  [margins] 3.82 0.38 6.95 1.50 4.32 3.15 3.14  K=2
  verify 16: accepted 1/1 (K=2) + correction -> +2 tokens (102.9 ms)  cpos=47
  [margins] 0.52 2.60 0.27 1.47 3.05 3.01 2.11  K=3
  verify 17: accepted 2/2 (K=3) + correction -> +3 tokens (117.6 ms)  cpos=50
  [margins] 4.26 3.85 3.50 0.47 3.52 0.41 1.22  K=4
  verify 18: accepted 3/3 (K=4) + correction -> +4 tokens (134.1 ms)  cpos=54
  [margins] 3.05 1.46 6.63 0.38 2.43 3.63 3.66  K=2
  verify 19: accepted 1/1 (K=2) + correction -> +2 tokens (107.2 ms)  cpos=56
  [margins] 8.64 0.20 3.62 3.22 0.34 0.20 4.19  K=2
  verify 20: accepted 1/1 (K=2) + correction -> +2 tokens (102.6 ms)  cpos=58
  [margins] 1.52 5.29 5.08 6.01 1.59 4.66 2.63  K=8
  verify 21: accepted 0/7 (K=8) + correction -> +1 tokens (197.2 ms)  cpos=59
  [margins] 5.14 6.04 6.21 0.33 3.65 3.10 1.15  K=4
  verify 22: accepted 3/3 (K=4) + correction -> +4 tokens (134.5 ms)  cpos=63
  [margins] 0.90 0.85 7.16 0.29 2.97 4.38 1.79  K=2
  verify 23: accepted 0/1 (K=2) + correction -> +1 tokens (107.2 ms)  cpos=64
  [margins] 7.09 0.92 3.36 2.09 2.51 1.25 0.99  K=2
  verify 24: accepted 1/1 (K=2) + correction -> +2 tokens (103.5 ms)  cpos=66
  [margins] 4.19 5.01 4.31 1.88 1.30 2.57 2.25  K=5
  verify 25: accepted 4/4 (K=5) + correction -> +5 tokens (146.5 ms)  cpos=71
  [margins] 6.51 1.50 3.02 2.32 1.21 1.09 1.58  K=5
  verify 26: accepted 4/4 (K=5) + correction -> +5 tokens (152.9 ms)  cpos=76
  [margins] 8.56 1.62 0.39 3.26 2.39 1.51 0.28  K=3
  verify 27: accepted 1/2 (K=3) + correction -> +2 tokens (115.8 ms)  cpos=78
  [margins] 5.79 0.15 0.70 5.01 3.08 1.07 2.62  K=2
  verify 28: accepted 1/1 (K=2) + correction -> +2 tokens (109.1 ms)  cpos=80
  [margins] 5.25 4.43 5.36 3.97 2.52 1.36 2.12  K=6
  verify 29: accepted 4/5 (K=6) + correction -> +5 tokens (163.8 ms)  cpos=85
  [margins] 7.83 0.05 0.06 3.27 4.71 1.32 1.16  K=2
  verify 30: accepted 1/1 (K=2) + correction -> +2 tokens (104.4 ms)  cpos=87
  [margins] 6.00 2.87 7.00 3.26 2.99 0.70 0.56  K=6
  verify 31: accepted 4/5 (K=6) + correction -> +5 tokens (170.2 ms)  cpos=92
  [margins] 8.14 1.65 1.40 0.49 5.07 0.62 1.09  K=3
  verify 32: accepted 1/2 (K=3) + correction -> +2 tokens (118.0 ms)  cpos=94
  [margins] 5.81 5.58 4.38 3.37 3.61 0.60 2.98  K=6
  verify 33: accepted 4/5 (K=6) + correction -> +5 tokens (171.0 ms)  cpos=99
  [margins] 7.48 1.70 1.81 1.33 5.50 2.54 3.67  K=4
  verify 34: accepted 1/3 (K=4) + correction -> +2 tokens (135.8 ms)  cpos=101
  [margins] 7.71 5.71 4.97 2.94 1.21 5.61 1.09  K=5
  verify 35: accepted 4/4 (K=5) + correction -> +5 tokens (147.6 ms)  cpos=106
  [margins] 7.38 2.55 0.67 1.18 3.43 1.48 4.95  K=3
  verify 36: accepted 1/2 (K=3) + correction -> +2 tokens (122.3 ms)  cpos=108
  [margins] 7.71 2.51 5.00 2.78 3.16 1.00 1.94  K=6
  verify 37: accepted 4/5 (K=6) + correction -> +5 tokens (165.8 ms)  cpos=113
  [margins] 7.66 1.68 1.37 1.62 5.40 4.56 2.21  K=3
  verify 38: accepted 1/2 (K=3) + correction -> +2 tokens (122.4 ms)  cpos=115
  [margins] 4.03 1.73 5.39 2.34 0.56 4.08 1.43  K=5
  verify 39: accepted 4/4 (K=5) + correction -> +5 tokens (155.8 ms)  cpos=120
  [margins] 7.92 2.10 1.41 1.35 5.79 6.39 3.69  K=3
  verify 40: accepted 1/2 (K=3) + correction -> +2 tokens (118.7 ms)  cpos=122
  [margins] 6.92 1.50 4.69 2.78 1.73 2.73 0.60  K=7
  verify 41: accepted 4/6 (K=7) + correction -> +5 tokens (206.0 ms)  cpos=127
  [margins] 8.57 2.14 1.16 1.84 3.21 1.53 0.86  K=3
  verify 42: accepted 1/2 (K=3) + correction -> +2 tokens (137.5 ms)  cpos=129
  [margins] 8.11 5.04 8.66 0.92 1.60 0.32 0.49  K=4
  verify 43: accepted 3/3 (K=4) + correction -> +4 tokens (138.3 ms)  cpos=133
  [margins] 1.03 3.86 4.04 0.70 0.15 9.92 4.67  K=4
  verify 44: accepted 0/3 (K=4) + correction -> +1 tokens (137.4 ms)  cpos=134
  [margins] 7.63 0.82 1.06 1.54 3.95 3.82 1.72  K=2
  verify 45: accepted 1/1 (K=2) + correction -> +2 tokens (112.8 ms)  cpos=136
  [margins] 7.45 3.50 2.98 0.87 2.68 0.15 1.28  K=4
  verify 46: accepted 3/3 (K=4) + correction -> +4 tokens (139.1 ms)  cpos=140
  [margins] 0.43 5.02 6.14 2.01 1.54 10.22 5.22  K=8
  verify 47: accepted 3/7 (K=8) + correction -> +4 tokens (206.4 ms)  cpos=144
  [margins] 3.86 2.40 8.24 4.90 1.60 1.70 1.19  K=7
  verify 48: accepted 5/6 (K=7) + correction -> +6 tokens (185.5 ms)  cpos=150
  [margins] 6.83 0.64 2.05 2.75 3.95 1.08 5.37  K=2
  verify 49: accepted 1/1 (K=2) + correction -> +2 tokens (112.4 ms)  cpos=152
  [margins] 13.87 2.11 6.94 8.70 9.90 3.00 2.66  K=8
  verify 50: accepted 1/7 (K=8) + correction -> +2 tokens (204.9 ms)  cpos=154
  [margins] 4.00 7.12 7.36 4.01 4.33 0.36 1.40  K=6
  verify 51: accepted 4/5 (K=6) + correction -> +5 tokens (172.0 ms)  cpos=159
  [margins] 4.84 0.12 1.98 3.37 1.40 4.39 6.47  K=2
  verify 52: accepted 1/1 (K=2) + correction -> +2 tokens (110.9 ms)  cpos=161
  [margins] 10.18 6.80 8.28 7.48 2.99 1.25 0.32  K=6
  verify 53: accepted 5/5 (K=6) + correction -> +6 tokens (168.9 ms)  cpos=167
  [margins] 6.73 1.80 3.38 2.47 1.71 2.67 6.12  K=8
  verify 54: accepted 1/7 (K=8) + correction -> +2 tokens (205.5 ms)  cpos=169
  [margins] 3.48 2.27 5.28 2.33 0.43 1.50 0.85  K=5
  verify 55: accepted 4/4 (K=5) + correction -> +5 tokens (149.3 ms)  cpos=174
  [margins] 4.15 2.10 1.32 2.32 5.07 1.77 5.86  K=3
  verify 56: accepted 1/2 (K=3) + correction -> +2 tokens (122.5 ms)  cpos=176
  [margins] 3.59 4.04 4.97 1.77 0.62 0.02 2.07  K=5
  verify 57: accepted 4/4 (K=5) + correction -> +5 tokens (150.2 ms)  cpos=181
  [margins] 6.47 2.12 0.76 4.53 4.24 2.36 3.05  K=3
  verify 58: accepted 1/2 (K=3) + correction -> +2 tokens (123.7 ms)  cpos=183
  [margins] 3.98 4.29 8.31 1.87 1.21 1.26 0.38  K=5
  verify 59: accepted 4/4 (K=5) + correction -> +5 tokens (156.6 ms)  cpos=188
  [margins] 1.89 1.71 2.62 0.52 1.01 6.32 1.90  K=4
  verify 60: accepted 1/3 (K=4) + correction -> +2 tokens (136.8 ms)  cpos=190
  [margins] 9.07 1.71 0.45 3.28 1.68 2.09 6.87  K=3
  verify 61: accepted 1/2 (K=3) + correction -> +2 tokens (124.5 ms)  cpos=192
  [margins] 5.71 1.86 6.41 6.28 8.67 0.75 1.24  K=6
  verify 62: accepted 5/5 (K=6) + correction -> +6 tokens (167.9 ms)  cpos=198
  [margins] 0.53 6.13 1.01 1.56 3.93 3.45 1.07  K=3
  verify 63: accepted 2/2 (K=3) + correction -> +3 tokens (125.1 ms)  cpos=201
  [margins] 6.79 6.65 7.42 7.04 0.50 0.33 0.41  K=5
  verify 64: accepted 4/4 (K=5) + correction -> +5 tokens (150.8 ms)  cpos=206

[spec] generated 201 tokens over 64 verifies: mean tokens/verify = 3.14 (block=7, max 8)
[spec] tokens: 11111 16 455 6102 294 16603 344 29168 16 455 6102 294 14251 344 16235 16 455 6102 294 29585 344 76405 16 455 6102 294 25062 344 40977 16 455 6102 294 10322 344 17575 16 455 6102 294
[spec] LOSSLESS GATE: first 8 tokens match base AR -> PASS
[spec] SPEC-DECODE: 43.8 ms/tok = 22.81 tok/s  (vs base M=1 71.0 ms/tok = 14.08 tok/s -> 1.62x)
[decode] PREFILL: 34 positions in 600.4 ms = 56.6 tok/s (17.658 ms/tok)
[spec] decoding 200 tokens (block=7, draft passes=1, adaptK=1.50, prompt=1 s=35)...
  [margins] 1.86 2.57 1.08 1.14 1.30 0.24 1.20  K=3
  verify 1: accepted 0/2 (K=3) + correction -> +1 tokens (121.1 ms)  cpos=35
  [margins] 1.95 1.80 1.81 1.93 5.31 0.50 1.96  K=6
  verify 2: accepted 0/5 (K=6) + correction -> +1 tokens (164.2 ms)  cpos=36
  [margins] 1.52 1.72 0.43 3.43 1.36 2.00 1.07  K=3
  verify 3: accepted 0/2 (K=3) + correction -> +1 tokens (112.1 ms)  cpos=37
  [margins] 2.06 1.55 2.63 1.21 0.20 1.34 1.14  K=4
  verify 4: accepted 2/3 (K=4) + correction -> +3 tokens (128.2 ms)  cpos=40
  [margins] 0.13 0.40 1.44 0.22 0.48 0.47 0.04  K=2
  verify 5: accepted 0/1 (K=2) + correction -> +1 tokens (102.3 ms)  cpos=41
  [margins] 0.73 3.96 0.64 1.46 0.51 1.81 0.36  K=3
  verify 6: accepted 2/2 (K=3) + correction -> +3 tokens (117.6 ms)  cpos=44
  [margins] 0.09 1.12 3.51 10.34 0.42 2.91 0.35  K=2
  verify 7: accepted 0/1 (K=2) + correction -> +1 tokens (103.5 ms)  cpos=45
  [margins] 5.96 13.21 3.85 3.37 1.96 0.13 0.12  K=6
  verify 8: accepted 4/5 (K=6) + correction -> +5 tokens (159.5 ms)  cpos=50
  [margins] 3.85 2.21 0.21 0.52 1.56 3.80 1.28  K=3
  verify 9: accepted 1/2 (K=3) + correction -> +2 tokens (118.3 ms)  cpos=52
  [margins] 5.02 5.59 7.01 2.48 0.18 2.23 1.12  K=5
  verify 10: accepted 3/4 (K=5) + correction -> +4 tokens (146.2 ms)  cpos=56
  [margins] 3.64 2.61 0.38 2.49 2.20 0.16 0.61  K=3
  verify 11: accepted 2/2 (K=3) + correction -> +3 tokens (113.8 ms)  cpos=59
  [margins] 0.57 0.48 3.15 0.12 0.80 3.50 0.39  K=2
  verify 12: accepted 0/1 (K=2) + correction -> +1 tokens (107.2 ms)  cpos=60
  [margins] 1.16 1.78 5.64 0.74 1.03 0.85 3.49  K=4
  verify 13: accepted 0/3 (K=4) + correction -> +1 tokens (132.3 ms)  cpos=61
  [margins] 1.13 4.37 1.64 1.05 0.15 0.29 1.68  K=4
  verify 14: accepted 1/3 (K=4) + correction -> +2 tokens (133.5 ms)  cpos=63
  [margins] 1.86 4.91 0.15 0.47 0.32 0.50 2.76  K=3
  verify 15: accepted 0/2 (K=3) + correction -> +1 tokens (120.6 ms)  cpos=64
  [margins] 4.68 0.01 0.33 0.98 0.39 1.02 5.58  K=2
  verify 16: accepted 1/1 (K=2) + correction -> +2 tokens (103.4 ms)  cpos=66
  [margins] 1.17 1.70 3.22 4.49 0.44 0.13 2.36  K=5
  verify 17: accepted 4/4 (K=5) + correction -> +5 tokens (144.8 ms)  cpos=71
  [margins] 2.32 1.51 1.44 5.26 0.63 0.94 1.08  K=3
  verify 18: accepted 2/2 (K=3) + correction -> +3 tokens (120.0 ms)  cpos=74
  [margins] 7.64 1.80 2.80 1.92 2.93 3.06 0.51  K=7
  verify 19: accepted 6/6 (K=7) + correction -> +7 tokens (182.8 ms)  cpos=81
  [margins] 5.73 5.68 2.46 7.29 0.34 2.73 3.74  K=5
  verify 20: accepted 4/4 (K=5) + correction -> +5 tokens (148.5 ms)  cpos=86
  [margins] 7.87 2.28 3.88 5.35 1.03 2.23 2.99  K=5
  verify 21: accepted 4/4 (K=5) + correction -> +5 tokens (149.3 ms)  cpos=91
  [margins] 6.36 0.67 3.89 8.71 1.54 2.04 4.27  K=2
  verify 22: accepted 1/1 (K=2) + correction -> +2 tokens (111.6 ms)  cpos=93
  [margins] 2.36 0.30 5.58 2.46 5.10 3.42 3.35  K=2
  verify 23: accepted 0/1 (K=2) + correction -> +1 tokens (106.6 ms)  cpos=94
  [margins] 8.11 7.39 6.37 7.55 6.40 3.07 0.53  K=7
  verify 24: accepted 6/6 (K=7) + correction -> +7 tokens (187.4 ms)  cpos=101
  [margins] 8.81 5.33 2.06 5.36 7.32 3.72 4.58  K=8
  verify 25: accepted 7/7 (K=8) + correction -> +8 tokens (200.7 ms)  cpos=109
  [margins] 8.64 6.11 5.26 5.02 6.29 4.71 3.06  K=8
  verify 26: accepted 6/7 (K=8) + correction -> +7 tokens (201.6 ms)  cpos=116
  [margins] 8.74 7.97 5.15 8.50 0.56 4.83 5.26  K=5
  verify 27: accepted 4/4 (K=5) + correction -> +5 tokens (151.1 ms)  cpos=121
  [margins] 8.53 2.36 6.70 8.39 0.95 0.81 3.02  K=5
  verify 28: accepted 4/4 (K=5) + correction -> +5 tokens (153.2 ms)  cpos=126
  [margins] 7.55 6.46 5.65 0.43 1.08 0.94 2.43  K=4
  verify 29: accepted 3/3 (K=4) + correction -> +4 tokens (154.0 ms)  cpos=130
  [margins] 8.32 6.94 5.64 3.57 9.50 0.05 2.19  K=6
  verify 30: accepted 5/5 (K=6) + correction -> +6 tokens (172.9 ms)  cpos=136
  [margins] 7.25 5.63 6.83 9.72 2.84 3.01 5.34  K=8
  verify 31: accepted 7/7 (K=8) + correction -> +8 tokens (205.6 ms)  cpos=144
  [margins] 8.00 7.89 9.19 6.47 8.80 4.60 0.14  K=7
  verify 32: accepted 6/6 (K=7) + correction -> +7 tokens (186.4 ms)  cpos=151
  [margins] 10.37 6.06 5.65 9.48 5.73 3.23 3.80  K=8
  verify 33: accepted 7/7 (K=8) + correction -> +8 tokens (204.1 ms)  cpos=159
  [margins] 9.85 9.58 6.79 7.16 7.73 3.65 5.49  K=8
  verify 34: accepted 6/7 (K=8) + correction -> +7 tokens (206.6 ms)  cpos=166
  [margins] 10.89 9.63 9.24 8.62 3.37 4.54 4.75  K=8
  verify 35: accepted 7/7 (K=8) + correction -> +8 tokens (205.1 ms)  cpos=174
  [margins] 8.64 8.82 7.12 7.37 5.20 5.79 0.66  K=7
  verify 36: accepted 6/6 (K=7) + correction -> +7 tokens (189.2 ms)  cpos=181
  [margins] 6.10 7.22 3.61 8.26 1.07 3.90 2.72  K=5
  verify 37: accepted 4/4 (K=5) + correction -> +5 tokens (151.6 ms)  cpos=186
  [margins] 11.52 10.03 9.02 10.18 3.19 3.99 5.35  K=8
  verify 38: accepted 7/7 (K=8) + correction -> +8 tokens (205.1 ms)  cpos=194
  [margins] 9.14 9.81 9.02 6.59 11.81 7.01 4.54  K=8
  verify 39: accepted 6/7 (K=8) + correction -> +7 tokens (207.9 ms)  cpos=201
  [margins] 12.16 8.93 7.78 9.48 3.55 4.17 4.67  K=8
  verify 40: accepted 7/7 (K=8) + correction -> +8 tokens (205.8 ms)  cpos=209
  [margins] 9.53 5.63 7.11 7.01 8.61 4.33 4.72  K=8
  verify 41: accepted 6/7 (K=8) + correction -> +7 tokens (205.7 ms)  cpos=216
  [margins] 12.53 5.60 8.44 8.91 5.55 5.22 5.14  K=8
  verify 42: accepted 7/7 (K=8) + correction -> +8 tokens (204.4 ms)  cpos=224
  [margins] 11.10 10.00 9.75 5.00 9.73 3.57 3.00  K=8
  verify 43: accepted 6/7 (K=8) + correction -> +7 tokens (207.6 ms)  cpos=231
  [margins] 8.24 6.55 9.95 8.42 3.38 2.39 3.58  K=8
  verify 44: accepted 7/7 (K=8) + correction -> +8 tokens (206.6 ms)  cpos=239

[spec] generated 205 tokens over 44 verifies: mean tokens/verify = 4.66 (block=7, max 8)
[spec] tokens: 4147 554 1926 270 4105 339 43 1114 1926 270 1178 65 50219 4105 418 270 9517 28 4593 1281 106239 3305 1 1 14 223 19 16 23 14 223 20 16 23 14 223 21 16 23 14
[spec] SPEC-DECODE: 33.5 ms/tok = 29.83 tok/s  (vs base M=1 71.0 ms/tok = 14.08 tok/s -> 2.12x)
[decode] PREFILL: 41 positions in 691.6 ms = 59.3 tok/s (16.869 ms/tok)
[spec] decoding 200 tokens (block=7, draft passes=1, adaptK=1.50, prompt=2 s=42)...
  [margins] 6.72 0.41 0.80 1.83 3.19 0.38 1.39  K=2
  verify 1: accepted 1/1 (K=2) + correction -> +2 tokens (105.2 ms)  cpos=43
  [margins] 2.07 4.26 2.07 0.88 1.00 0.18 0.25  K=4
  verify 2: accepted 3/3 (K=4) + correction -> +4 tokens (121.0 ms)  cpos=47
  [margins] 0.39 0.96 0.06 1.41 1.27 2.19 1.53  K=2
  verify 3: accepted 0/1 (K=2) + correction -> +1 tokens (110.4 ms)  cpos=48
  [margins] 3.61 3.27 0.06 1.26 1.26 1.07 2.92  K=3
  verify 4: accepted 0/2 (K=3) + correction -> +1 tokens (114.8 ms)  cpos=49
  [margins] 2.41 4.70 0.27 1.72 1.95 0.60 1.29  K=3
  verify 5: accepted 0/2 (K=3) + correction -> +1 tokens (119.7 ms)  cpos=50
  [margins] 1.07 0.08 0.98 1.59 1.91 1.08 0.65  K=2
  verify 6: accepted 0/1 (K=2) + correction -> +1 tokens (100.0 ms)  cpos=51
  [margins] 6.44 2.32 0.08 1.06 1.85 1.13 0.89  K=3
  verify 7: accepted 1/2 (K=3) + correction -> +2 tokens (115.3 ms)  cpos=53
  [margins] 2.20 3.51 0.65 0.11 2.51 2.31 0.40  K=3
  verify 8: accepted 0/2 (K=3) + correction -> +1 tokens (119.9 ms)  cpos=54
  [margins] 2.63 6.32 1.54 0.22 0.94 2.11 2.96  K=4
  verify 9: accepted 2/3 (K=4) + correction -> +3 tokens (128.2 ms)  cpos=57
  [margins] 1.46 8.26 0.19 4.84 1.46 3.39 3.25  K=3
  verify 10: accepted 0/2 (K=3) + correction -> +1 tokens (120.8 ms)  cpos=58
  [margins] 5.36 4.37 0.20 2.10 1.51 1.88 3.01  K=3
  verify 11: accepted 2/2 (K=3) + correction -> +3 tokens (119.9 ms)  cpos=61
  [margins] 0.44 6.91 7.83 2.09 5.91 1.06 6.21  K=6
  verify 12: accepted 3/5 (K=6) + correction -> +4 tokens (158.5 ms)  cpos=65
  [margins] 0.84 6.91 5.99 0.71 5.77 0.11 6.96  K=4
  verify 13: accepted 3/3 (K=4) + correction -> +4 tokens (134.4 ms)  cpos=69
  [margins] 4.97 7.36 6.38 0.49 2.71 4.88 0.64  K=4
  verify 14: accepted 2/3 (K=4) + correction -> +3 tokens (135.0 ms)  cpos=72
  [margins] 4.07 1.73 1.06 2.64 0.12 2.93 5.11  K=3
  verify 15: accepted 2/2 (K=3) + correction -> +3 tokens (114.9 ms)  cpos=75
  [margins] 1.95 10.09 1.61 5.43 2.19 1.74 0.25  K=7
  verify 16: accepted 3/6 (K=7) + correction -> +4 tokens (183.6 ms)  cpos=79
  [margins] 17.22 12.17 6.50 5.78 0.33 8.07 1.07  K=5
  verify 17: accepted 4/4 (K=5) + correction -> +5 tokens (151.0 ms)  cpos=84
  [margins] 18.31 10.25 0.58 3.88 2.20 13.30 1.00  K=3
  verify 18: accepted 2/2 (K=3) + correction -> +3 tokens (119.4 ms)  cpos=87
  [margins] 11.65 16.01 14.02 4.75 12.67 13.43 4.90  K=8
  verify 19: accepted 7/7 (K=8) + correction -> +8 tokens (197.1 ms)  cpos=95
  [margins] 16.86 14.60 10.66 0.67 1.29 7.28 2.97  K=4
  verify 20: accepted 3/3 (K=4) + correction -> +4 tokens (135.9 ms)  cpos=99
  [margins] 13.85 14.11 7.60 4.43 2.15 7.55 0.54  K=7
  verify 21: accepted 4/6 (K=7) + correction -> +5 tokens (187.5 ms)  cpos=104
  [margins] 15.94 9.77 0.05 1.72 2.66 2.97 3.53  K=3
  verify 22: accepted 2/2 (K=3) + correction -> +3 tokens (119.8 ms)  cpos=107
  [margins] 11.85 11.35 7.49 3.95 0.59 9.37 1.53  K=5
  verify 23: accepted 4/4 (K=5) + correction -> +5 tokens (150.8 ms)  cpos=112
  [margins] 13.84 8.68 3.18 4.75 0.28 0.47 6.87  K=5
  verify 24: accepted 2/4 (K=5) + correction -> +3 tokens (149.0 ms)  cpos=115
  [margins] 11.14 9.41 10.66 1.58 1.31 12.04 4.65  K=5
  verify 25: accepted 4/4 (K=5) + correction -> +5 tokens (154.0 ms)  cpos=120
  [margins] 8.61 14.13 11.13 0.68 4.93 5.45 2.58  K=4
  verify 26: accepted 3/3 (K=4) + correction -> +4 tokens (137.6 ms)  cpos=124
  [margins] 11.62 13.10 10.50 9.08 0.53 3.31 7.43  K=5
  verify 27: accepted 4/4 (K=5) + correction -> +5 tokens (162.6 ms)  cpos=129
  [margins] 7.95 8.15 10.33 8.84 3.87 4.88 4.22  K=8
  verify 28: accepted 7/7 (K=8) + correction -> +8 tokens (205.5 ms)  cpos=137
  [margins] 8.75 15.96 2.53 10.87 6.98 0.33 5.28  K=6
  verify 29: accepted 5/5 (K=6) + correction -> +6 tokens (164.1 ms)  cpos=143
  [margins] 16.06 9.81 6.90 5.47 1.98 2.93 3.60  K=8
  verify 30: accepted 5/7 (K=8) + correction -> +6 tokens (205.1 ms)  cpos=149
  [margins] 12.20 10.41 8.59 1.23 5.18 7.73 5.72  K=4
  verify 31: accepted 3/3 (K=4) + correction -> +4 tokens (139.5 ms)  cpos=153
  [margins] 2.49 9.46 12.24 7.72 5.96 5.72 4.39  K=8
  verify 32: accepted 4/7 (K=8) + correction -> +5 tokens (203.6 ms)  cpos=158
  [margins] 11.88 7.92 9.58 1.18 0.28 3.94 0.35  K=4
  verify 33: accepted 3/3 (K=4) + correction -> +4 tokens (134.9 ms)  cpos=162
  [margins] 16.06 0.73 0.14 2.73 1.44 0.80 3.40  K=2
  verify 34: accepted 1/1 (K=2) + correction -> +2 tokens (108.9 ms)  cpos=164
  [margins] 13.34 8.49 1.39 0.82 0.67 8.12 1.94  K=3
  verify 35: accepted 2/2 (K=3) + correction -> +3 tokens (121.8 ms)  cpos=167
  [margins] 11.45 14.72 12.47 9.11 0.81 5.24 9.75  K=5
  verify 36: accepted 4/4 (K=5) + correction -> +5 tokens (155.2 ms)  cpos=172
  [margins] 15.89 7.95 9.49 6.62 0.33 3.32 10.64  K=5
  verify 37: accepted 4/4 (K=5) + correction -> +5 tokens (151.3 ms)  cpos=177
  [margins] 14.36 14.07 13.90 9.23 7.21 6.55 3.06  K=8
  verify 38: accepted 6/7 (K=8) + correction -> +7 tokens (203.2 ms)  cpos=184
  [margins] 19.42 11.95 2.27 10.79 3.74 8.95 5.83  K=8
  verify 39: accepted 7/7 (K=8) + correction -> +8 tokens (204.5 ms)  cpos=192
  [margins] 13.27 7.76 4.77 6.99 2.38 1.32 4.07  K=6
  verify 40: accepted 5/5 (K=6) + correction -> +6 tokens (168.5 ms)  cpos=198
  [margins] 13.09 8.63 7.81 3.41 4.27 4.97 2.87  K=8
  verify 41: accepted 5/7 (K=8) + correction -> +6 tokens (203.8 ms)  cpos=204
  [margins] 22.96 11.02 1.23 0.55 5.46 4.88 4.28  K=3
  verify 42: accepted 2/2 (K=3) + correction -> +3 tokens (122.7 ms)  cpos=207
  [margins] 11.20 7.68 4.94 4.24 3.58 5.44 2.40  K=8
  verify 43: accepted 5/7 (K=8) + correction -> +6 tokens (200.2 ms)  cpos=213
  [margins] 21.28 13.41 5.07 13.70 0.66 3.80 2.00  K=5
  verify 44: accepted 4/4 (K=5) + correction -> +5 tokens (149.9 ms)  cpos=218
  [margins] 24.46 13.03 9.56 14.53 0.13 1.95 5.06  K=5
  verify 45: accepted 4/4 (K=5) + correction -> +5 tokens (152.3 ms)  cpos=223
  [margins] 22.76 15.31 9.76 13.22 3.03 1.57 6.41  K=8
  verify 46: accepted 4/7 (K=8) + correction -> +5 tokens (206.6 ms)  cpos=228
  [margins] 23.15 15.05 1.86 11.12 2.77 8.21 4.79  K=8
  verify 47: accepted 7/7 (K=8) + correction -> +8 tokens (206.1 ms)  cpos=236
  [margins] 23.27 12.26 7.86 4.80 5.65 15.29 7.41  K=8
  verify 48: accepted 6/7 (K=8) + correction -> +7 tokens (207.3 ms)  cpos=243

[spec] generated 202 tokens over 48 verifies: mean tokens/verify = 4.21 (block=7, max 8)
[spec] tokens: 1 1 1 1 1 1 50 1697 1 16 1 50 1697 16 1 50 1697 16 1 50 1697 16 1 50 1697 16 1 50 1697 16 20692 50 1697 16 791 50 1697 4394 1015 50
[spec] SPEC-DECODE: 35.9 ms/tok = 27.87 tok/s  (vs base M=1 71.0 ms/tok = 14.08 tok/s -> 1.98x)
[decode] PREFILL: 26 positions in 456.0 ms = 57.0 tok/s (17.539 ms/tok)
[spec] decoding 200 tokens (block=7, draft passes=1, adaptK=1.50, prompt=3 s=27)...
  [margins] 0.76 0.45 0.10 0.72 1.05 3.23 0.22  K=2
  verify 1: accepted 1/1 (K=2) + correction -> +2 tokens (108.0 ms)  cpos=28
  [margins] 4.26 2.27 0.40 1.03 0.13 0.65 1.33  K=3
  verify 2: accepted 1/2 (K=3) + correction -> +2 tokens (115.3 ms)  cpos=30
  [margins] 3.21 0.05 1.07 2.94 0.29 2.31 0.12  K=2
  verify 3: accepted 1/1 (K=2) + correction -> +2 tokens (108.5 ms)  cpos=32
  [margins] 2.61 1.19 1.54 1.42 1.48 2.12 0.92  K=2
  verify 4: accepted 1/1 (K=2) + correction -> +2 tokens (103.6 ms)  cpos=34
  [margins] 2.06 2.22 0.46 1.56 3.26 2.30 0.17  K=3
  verify 5: accepted 2/2 (K=3) + correction -> +3 tokens (115.0 ms)  cpos=37
  [margins] 3.30 3.59 3.46 2.94 0.01 5.32 3.08  K=5
  verify 6: accepted 4/4 (K=5) + correction -> +5 tokens (134.4 ms)  cpos=42
  [margins] 1.92 6.48 1.72 2.22 1.66 0.36 7.33  K=6
  verify 7: accepted 5/5 (K=6) + correction -> +6 tokens (154.2 ms)  cpos=48
  [margins] 0.59 12.72 1.96 5.29 3.10 1.36 2.80  K=6
  verify 8: accepted 0/5 (K=6) + correction -> +1 tokens (153.9 ms)  cpos=49
  [margins] 6.11 2.39 5.70 2.14 3.22 2.56 0.33  K=7
  verify 9: accepted 6/6 (K=7) + correction -> +7 tokens (168.4 ms)  cpos=56
  [margins] 1.53 12.90 0.67 4.36 3.00 1.32 3.16  K=3
  verify 10: accepted 0/2 (K=3) + correction -> +1 tokens (113.0 ms)  cpos=57
  [margins] 6.37 3.23 6.30 2.07 3.26 2.80 0.11  K=7
  verify 11: accepted 6/6 (K=7) + correction -> +7 tokens (169.6 ms)  cpos=64
  [margins] 0.59 13.18 1.50 4.25 3.60 0.89 3.50  K=3
  verify 12: accepted 0/2 (K=3) + correction -> +1 tokens (113.5 ms)  cpos=65
  [margins] 4.98 3.21 6.34 2.82 3.55 3.33 0.79  K=7
  verify 13: accepted 6/6 (K=7) + correction -> +7 tokens (170.1 ms)  cpos=72
  [margins] 0.38 13.23 1.13 3.81 3.35 0.66 4.09  K=3
  verify 14: accepted 0/2 (K=3) + correction -> +1 tokens (113.7 ms)  cpos=73
  [margins] 5.77 1.28 6.11 3.55 3.15 4.09 0.68  K=2
  verify 15: accepted 1/1 (K=2) + correction -> +2 tokens (104.7 ms)  cpos=75
  [margins] 8.60 1.41 4.45 1.51 1.36 1.70 1.05  K=2
  verify 16: accepted 0/1 (K=2) + correction -> +1 tokens (106.6 ms)  cpos=76
  [margins] 1.73 5.36 0.13 1.22 2.01 0.91 1.05  K=3
  verify 17: accepted 0/2 (K=3) + correction -> +1 tokens (115.2 ms)  cpos=77
  [margins] 1.68 1.83 2.03 1.24 1.79 0.12 1.16  K=4
  verify 18: accepted 0/3 (K=4) + correction -> +1 tokens (130.8 ms)  cpos=78
  [margins] 1.69 3.28 2.03 2.77 1.90 1.81 3.06  K=8
  verify 19: accepted 2/7 (K=8) + correction -> +3 tokens (196.3 ms)  cpos=81
  [margins] 1.51 0.01 0.31 0.49 1.12 0.58 0.22  K=2
  verify 20: accepted 1/1 (K=2) + correction -> +2 tokens (102.6 ms)  cpos=83
  [margins] 1.00 0.35 0.39 0.42 0.17 2.47 0.23  K=2
  verify 21: accepted 1/1 (K=2) + correction -> +2 tokens (106.8 ms)  cpos=85
  [margins] 4.60 1.66 0.72 1.14 1.39 0.02 3.82  K=3
  verify 22: accepted 1/2 (K=3) + correction -> +2 tokens (117.3 ms)  cpos=87
  [margins] 4.13 3.61 0.36 3.35 0.89 1.96 1.24  K=3
  verify 23: accepted 1/2 (K=3) + correction -> +2 tokens (121.0 ms)  cpos=89
  [margins] 1.85 3.18 0.79 1.38 0.62 0.44 0.19  K=3
  verify 24: accepted 2/2 (K=3) + correction -> +3 tokens (118.9 ms)  cpos=92
  [margins] 3.54 1.30 0.47 3.44 3.30 0.95 0.91  K=2
  verify 25: accepted 1/1 (K=2) + correction -> +2 tokens (104.8 ms)  cpos=94
  [margins] 0.15 8.70 1.46 1.13 3.18 0.57 2.26  K=3
  verify 26: accepted 2/2 (K=3) + correction -> +3 tokens (118.6 ms)  cpos=97
  [margins] 1.93 2.43 0.30 3.17 1.51 0.32 0.09  K=3
  verify 27: accepted 2/2 (K=3) + correction -> +3 tokens (123.3 ms)  cpos=100
  [margins] 0.07 0.03 2.31 0.64 0.41 0.47 0.67  K=2
  verify 28: accepted 1/1 (K=2) + correction -> +2 tokens (103.1 ms)  cpos=102
  [margins] 0.69 0.60 0.95 3.26 8.75 0.03 6.84  K=2
  verify 29: accepted 0/1 (K=2) + correction -> +1 tokens (107.2 ms)  cpos=103
  [margins] 5.88 5.98 2.28 3.95 6.78 2.07 1.36  K=7
  verify 30: accepted 5/6 (K=7) + correction -> +6 tokens (183.3 ms)  cpos=109
  [margins] 10.02 1.41 2.33 1.67 1.47 3.45 2.65  K=2
  verify 31: accepted 1/1 (K=2) + correction -> +2 tokens (104.0 ms)  cpos=111
  [margins] 1.73 7.65 0.97 1.21 1.92 1.04 2.84  K=3
  verify 32: accepted 2/2 (K=3) + correction -> +3 tokens (121.3 ms)  cpos=114
  [margins] 0.50 10.63 2.01 3.18 3.11 2.10 4.48  K=8
  verify 33: accepted 2/7 (K=8) + correction -> +3 tokens (197.6 ms)  cpos=117
  [margins] 0.87 6.11 4.24 4.24 9.64 3.00 1.02  K=7
  verify 34: accepted 6/6 (K=7) + correction -> +7 tokens (191.7 ms)  cpos=124
  [margins] 10.14 5.15 13.05 6.21 3.24 2.75 1.62  K=8
  verify 35: accepted 5/7 (K=8) + correction -> +6 tokens (216.0 ms)  cpos=130
  [margins] 12.08 9.15 13.41 1.92 1.16 5.18 0.88  K=5
  verify 36: accepted 3/4 (K=5) + correction -> +4 tokens (149.5 ms)  cpos=134
  [margins] 0.80 0.54 0.55 0.21 2.58 2.02 1.04  K=2
  verify 37: accepted 1/1 (K=2) + correction -> +2 tokens (114.9 ms)  cpos=136
  [margins] 1.38 6.40 2.00 4.94 2.28 1.88 3.51  K=8
  verify 38: accepted 0/7 (K=8) + correction -> +1 tokens (190.3 ms)  cpos=137
  [margins] 4.87 0.59 0.17 0.38 3.45 0.91 1.66  K=2
  verify 39: accepted 0/1 (K=2) + correction -> +1 tokens (106.3 ms)  cpos=138
  [margins] 0.81 2.48 0.20 1.06 0.34 0.53 0.58  K=3
  verify 40: accepted 1/2 (K=3) + correction -> +2 tokens (120.5 ms)  cpos=140
  [margins] 4.22 2.68 0.82 0.69 0.96 0.15 1.35  K=3
  verify 41: accepted 0/2 (K=3) + correction -> +1 tokens (118.3 ms)  cpos=141
  [margins] 1.79 0.21 1.50 0.01 2.11 1.79 0.95  K=2
  verify 42: accepted 1/1 (K=2) + correction -> +2 tokens (105.3 ms)  cpos=143
  [margins] 0.75 0.56 0.53 0.17 1.38 0.32 0.20  K=2
  verify 43: accepted 0/1 (K=2) + correction -> +1 tokens (110.4 ms)  cpos=144
  [margins] 1.20 1.81 1.42 2.55 0.08 0.89 1.41  K=3
  verify 44: accepted 1/2 (K=3) + correction -> +2 tokens (121.0 ms)  cpos=146
  [margins] 4.68 0.32 1.47 2.14 0.78 2.19 0.14  K=2
  verify 45: accepted 1/1 (K=2) + correction -> +2 tokens (109.4 ms)  cpos=148
  [margins] 0.09 0.56 2.55 3.14 1.68 0.31 0.81  K=2
  verify 46: accepted 1/1 (K=2) + correction -> +2 tokens (104.7 ms)  cpos=150
  [margins] 1.79 0.97 0.23 1.93 0.09 2.19 0.92  K=2
  verify 47: accepted 1/1 (K=2) + correction -> +2 tokens (107.7 ms)  cpos=152
  [margins] 3.71 0.05 0.02 0.63 0.55 0.51 0.56  K=2
  verify 48: accepted 1/1 (K=2) + correction -> +2 tokens (104.9 ms)  cpos=154
  [margins] 1.25 0.82 3.95 0.20 1.08 0.84 1.95  K=2
  verify 49: accepted 1/1 (K=2) + correction -> +2 tokens (110.5 ms)  cpos=156
  [margins] 4.38 0.77 0.75 0.85 0.80 0.45 2.06  K=2
  verify 50: accepted 1/1 (K=2) + correction -> +2 tokens (105.0 ms)  cpos=158
  [margins] 2.80 1.83 2.67 1.10 0.97 3.62 1.49  K=4
  verify 51: accepted 3/3 (K=4) + correction -> +4 tokens (137.6 ms)  cpos=162
  [margins] 4.88 1.58 1.07 0.39 1.31 0.82 0.74  K=3
  verify 52: accepted 2/2 (K=3) + correction -> +3 tokens (119.9 ms)  cpos=165
  [margins] 3.74 2.25 3.19 0.91 1.88 0.35 3.16  K=4
  verify 53: accepted 2/3 (K=4) + correction -> +3 tokens (134.3 ms)  cpos=168
  [margins] 4.74 1.78 5.04 3.49 0.88 1.71 2.04  K=5
  verify 54: accepted 4/4 (K=5) + correction -> +5 tokens (149.3 ms)  cpos=173
  [margins] 0.11 6.54 0.52 0.30 0.24 0.98 3.76  K=3
  verify 55: accepted 0/2 (K=3) + correction -> +1 tokens (121.5 ms)  cpos=174
  [margins] 0.37 2.89 0.56 3.63 4.47 0.86 2.26  K=3
  verify 56: accepted 0/2 (K=3) + correction -> +1 tokens (124.3 ms)  cpos=175
  [margins] 0.31 1.31 0.90 0.60 2.15 0.88 2.40  K=2
  verify 57: accepted 1/1 (K=2) + correction -> +2 tokens (112.2 ms)  cpos=177
  [margins] 2.82 0.41 2.89 3.54 1.43 0.99 2.19  K=2
  verify 58: accepted 1/1 (K=2) + correction -> +2 tokens (106.9 ms)  cpos=179
  [margins] 3.42 2.50 1.66 1.76 0.69 0.51 0.65  K=5
  verify 59: accepted 1/4 (K=5) + correction -> +2 tokens (154.3 ms)  cpos=181
  [margins] 4.86 0.25 0.22 1.39 1.65 6.95 1.46  K=2
  verify 60: accepted 1/1 (K=2) + correction -> +2 tokens (105.0 ms)  cpos=183
  [margins] 4.28 3.75 5.89 2.19 6.36 1.76 0.41  K=7
  verify 61: accepted 2/6 (K=7) + correction -> +3 tokens (185.1 ms)  cpos=186
  [margins] 2.59 2.70 1.23 0.24 0.72 1.83 1.80  K=3
  verify 62: accepted 2/2 (K=3) + correction -> +3 tokens (122.9 ms)  cpos=189
  [margins] 3.26 1.26 1.80 3.92 0.64 0.64 0.99  K=2
  verify 63: accepted 1/1 (K=2) + correction -> +2 tokens (109.7 ms)  cpos=191
  [margins] 5.60 2.26 1.48 2.58 2.15 0.80 1.83  K=3
  verify 64: accepted 1/2 (K=3) + correction -> +2 tokens (123.1 ms)  cpos=193
  [margins] 0.71 0.31 0.31 1.79 2.98 3.00 0.58  K=2
  verify 65: accepted 1/1 (K=2) + correction -> +2 tokens (106.0 ms)  cpos=195
  [margins] 2.45 0.91 1.63 4.38 1.60 6.09 0.83  K=2
  verify 66: accepted 1/1 (K=2) + correction -> +2 tokens (109.4 ms)  cpos=197
  [margins] 0.99 0.67 6.74 1.19 4.09 0.95 1.99  K=2
  verify 67: accepted 0/1 (K=2) + correction -> +1 tokens (105.5 ms)  cpos=198
  [margins] 1.10 1.66 0.39 5.17 1.92 1.90 2.02  K=3
  verify 68: accepted 0/2 (K=3) + correction -> +1 tokens (122.1 ms)  cpos=199
  [margins] 4.08 6.28 7.66 1.59 5.43 1.36 2.54  K=6
  verify 69: accepted 0/5 (K=6) + correction -> +1 tokens (171.6 ms)  cpos=200
  [margins] 6.82 3.19 2.43 1.90 4.76 2.15 2.19  K=8
  verify 70: accepted 4/7 (K=8) + correction -> +5 tokens (199.1 ms)  cpos=205
  [margins] 2.80 0.43 0.04 2.16 1.32 3.63 0.91  K=2
  verify 71: accepted 1/1 (K=2) + correction -> +2 tokens (104.9 ms)  cpos=207
  [margins] 2.59 2.70 2.33 3.59 5.55 2.57 5.13  K=8
  verify 72: accepted 0/7 (K=8) + correction -> +1 tokens (200.7 ms)  cpos=208
  [margins] 11.35 0.46 1.45 3.79 0.85 1.19 4.22  K=2
  verify 73: accepted 1/1 (K=2) + correction -> +2 tokens (106.7 ms)  cpos=210
  [margins] 3.01 5.13 3.36 2.35 6.64 4.42 0.36  K=7
  verify 74: accepted 2/6 (K=7) + correction -> +3 tokens (184.4 ms)  cpos=213
  [margins] 0.88 0.33 0.66 1.60 0.19 0.72 3.92  K=2
  verify 75: accepted 1/1 (K=2) + correction -> +2 tokens (105.2 ms)  cpos=215
  [margins] 3.49 2.15 6.09 2.57 1.47 0.71 4.36  K=5
  verify 76: accepted 4/4 (K=5) + correction -> +5 tokens (155.7 ms)  cpos=220
  [margins] 4.40 2.53 3.01 0.36 2.46 3.22 6.20  K=4
  verify 77: accepted 0/3 (K=4) + correction -> +1 tokens (139.0 ms)  cpos=221
  [margins] 11.70 2.57 2.66 0.06 1.55 2.40 4.65  K=4
  verify 78: accepted 3/3 (K=4) + correction -> +4 tokens (136.7 ms)  cpos=225
  [margins] 9.50 6.76 1.02 1.16 0.09 4.28 0.17  K=3
  verify 79: accepted 2/2 (K=3) + correction -> +3 tokens (125.5 ms)  cpos=228

[spec] generated 202 tokens over 79 verifies: mean tokens/verify = 2.56 (block=7, max 8)
[spec] tokens: 1 16 1 16 1 16 1 16 1 16 1 16 1 16 1 16 1 16 1 16 1 16 1 16 1 16 1 16 1 16 1 16 1 16 1 16 1 16 1 16
[spec] SPEC-DECODE: 50.9 ms/tok = 19.64 tok/s  (vs base M=1 71.0 ms/tok = 14.08 tok/s -> 1.40x)
[decode] PREFILL: 14 positions in 282.5 ms = 49.6 tok/s (20.176 ms/tok)
[spec] decoding 200 tokens (block=7, draft passes=1, adaptK=1.50, prompt=4 s=15)...
  [margins] 0.49 8.78 4.30 3.83 5.33 7.63 1.58  K=8
  verify 1: accepted 0/7 (K=8) + correction -> +1 tokens (190.8 ms)  cpos=15
  [margins] 0.26 0.14 1.13 2.87 3.21 0.21 1.79  K=2
  verify 2: accepted 0/1 (K=2) + correction -> +1 tokens (105.2 ms)  cpos=16
  [margins] 0.95 0.86 0.85 1.55 0.34 1.56 0.95  K=2
  verify 3: accepted 0/1 (K=2) + correction -> +1 tokens (103.0 ms)  cpos=17
  [margins] 0.06 0.07 0.73 2.73 1.58 0.90 2.95  K=2
  verify 4: accepted 0/1 (K=2) + correction -> +1 tokens (100.5 ms)  cpos=18
  [margins] 0.74 0.40 0.22 0.45 0.38 0.35 0.45  K=2
  verify 5: accepted 1/1 (K=2) + correction -> +2 tokens (104.5 ms)  cpos=20
  [margins] 0.89 1.02 0.52 1.07 1.28 1.94 0.95  K=2
  verify 6: accepted 1/1 (K=2) + correction -> +2 tokens (99.3 ms)  cpos=22
  [margins] 1.89 1.30 0.11 0.34 0.65 1.76 1.83  K=2
  verify 7: accepted 1/1 (K=2) + correction -> +2 tokens (105.7 ms)  cpos=24
  [margins] 0.46 1.22 0.13 0.38 3.85 0.08 0.37  K=2
  verify 8: accepted 0/1 (K=2) + correction -> +1 tokens (101.7 ms)  cpos=25
  [margins] 0.42 0.75 0.07 0.17 0.62 0.82 0.91  K=2
  verify 9: accepted 1/1 (K=2) + correction -> +2 tokens (101.5 ms)  cpos=27
  [margins] 0.20 0.71 0.01 0.26 1.30 0.14 1.08  K=2
  verify 10: accepted 1/1 (K=2) + correction -> +2 tokens (108.4 ms)  cpos=29
  [margins] 3.62 3.20 0.54 0.45 2.72 5.17 0.65  K=3
  verify 11: accepted 2/2 (K=3) + correction -> +3 tokens (118.5 ms)  cpos=32
  [margins] 1.59 0.98 0.45 0.47 1.56 0.62 0.25  K=2
  verify 12: accepted 1/1 (K=2) + correction -> +2 tokens (99.8 ms)  cpos=34
  [margins] 2.06 1.30 0.13 0.21 0.54 2.82 0.89  K=2
  verify 13: accepted 1/1 (K=2) + correction -> +2 tokens (105.3 ms)  cpos=36
  [margins] 0.53 1.33 12.09 0.55 1.18 0.09 0.07  K=2
  verify 14: accepted 0/1 (K=2) + correction -> +1 tokens (101.4 ms)  cpos=37
  [margins] 0.64 2.76 1.70 0.16 2.27 0.80 0.05  K=4
  verify 15: accepted 1/3 (K=4) + correction -> +2 tokens (130.9 ms)  cpos=39
  [margins] 2.53 1.20 0.40 1.30 1.87 1.05 1.41  K=2
  verify 16: accepted 0/1 (K=2) + correction -> +1 tokens (104.5 ms)  cpos=40
  [margins] 3.19 3.11 2.67 0.55 0.00 3.11 0.67  K=4
  verify 17: accepted 1/3 (K=4) + correction -> +2 tokens (132.6 ms)  cpos=42
  [margins] 0.47 0.42 0.49 0.25 1.30 3.36 1.46  K=2
  verify 18: accepted 1/1 (K=2) + correction -> +2 tokens (106.1 ms)  cpos=44
  [margins] 0.96 7.99 0.00 1.30 2.67 2.96 1.14  K=3
  verify 19: accepted 2/2 (K=3) + correction -> +3 tokens (114.7 ms)  cpos=47
  [margins] 3.48 5.93 3.23 1.53 2.45 1.07 0.99  K=6
  verify 20: accepted 3/5 (K=6) + correction -> +4 tokens (166.4 ms)  cpos=51
  [margins] 2.73 0.13 0.87 0.28 0.37 3.48 1.66  K=2
  verify 21: accepted 0/1 (K=2) + correction -> +1 tokens (106.9 ms)  cpos=52
  [margins] 1.27 2.72 1.42 1.36 2.72 0.57 0.99  K=3
  verify 22: accepted 0/2 (K=3) + correction -> +1 tokens (113.7 ms)  cpos=53
  [margins] 7.57 3.34 0.15 0.14 0.80 1.34 0.02  K=3
  verify 23: accepted 2/2 (K=3) + correction -> +3 tokens (122.0 ms)  cpos=56
  [margins] 4.54 1.40 4.71 3.97 1.42 0.06 1.47  K=2
  verify 24: accepted 1/1 (K=2) + correction -> +2 tokens (103.1 ms)  cpos=58
  [margins] 5.35 10.46 2.60 0.11 0.42 0.88 0.00  K=4
  verify 25: accepted 2/3 (K=4) + correction -> +3 tokens (129.0 ms)  cpos=61
  [margins] 1.19 1.01 0.44 3.01 0.77 2.76 0.41  K=2
  verify 26: accepted 0/1 (K=2) + correction -> +1 tokens (104.0 ms)  cpos=62
  [margins] 1.63 0.23 2.40 1.56 3.09 0.36 0.50  K=2
  verify 27: accepted 0/1 (K=2) + correction -> +1 tokens (105.0 ms)  cpos=63
  [margins] 1.25 1.54 1.18 0.02 0.24 0.43 1.25  K=3
  verify 28: accepted 2/2 (K=3) + correction -> +3 tokens (119.0 ms)  cpos=66
  [margins] 2.11 2.05 0.67 0.06 0.11 0.48 0.43  K=3
  verify 29: accepted 0/2 (K=3) + correction -> +1 tokens (117.9 ms)  cpos=67
  [margins] 1.44 0.49 3.77 2.04 0.35 1.76 1.65  K=2
  verify 30: accepted 1/1 (K=2) + correction -> +2 tokens (108.7 ms)  cpos=69
  [margins] 0.41 0.55 0.12 0.33 1.21 0.76 0.10  K=2
  verify 31: accepted 0/1 (K=2) + correction -> +1 tokens (104.3 ms)  cpos=70
  [margins] 2.27 1.18 1.47 0.38 0.10 1.63 1.71  K=2
  verify 32: accepted 0/1 (K=2) + correction -> +1 tokens (106.9 ms)  cpos=71
  [margins] 1.57 0.60 0.15 0.59 0.94 0.57 0.24  K=2
  verify 33: accepted 0/1 (K=2) + correction -> +1 tokens (108.2 ms)  cpos=72
  [margins] 0.72 1.54 0.44 0.12 0.57 0.66 1.16  K=3
  verify 34: accepted 0/2 (K=3) + correction -> +1 tokens (113.9 ms)  cpos=73
  [margins] 5.25 1.86 1.41 0.17 1.32 0.75 0.44  K=3
  verify 35: accepted 2/2 (K=3) + correction -> +3 tokens (119.0 ms)  cpos=76
  [margins] 0.67 2.85 2.44 0.10 0.30 0.10 4.58  K=4
  verify 36: accepted 0/3 (K=4) + correction -> +1 tokens (133.3 ms)  cpos=77
  [margins] 4.04 1.42 0.49 0.12 0.33 1.10 8.22  K=2
  verify 37: accepted 1/1 (K=2) + correction -> +2 tokens (103.2 ms)  cpos=79
  [margins] 4.43 2.67 0.44 0.89 4.24 0.80 3.97  K=3
  verify 38: accepted 2/2 (K=3) + correction -> +3 tokens (121.5 ms)  cpos=82
  [margins] 3.22 2.92 9.25 2.03 3.52 8.67 2.26  K=8
  verify 39: accepted 3/7 (K=8) + correction -> +4 tokens (200.8 ms)  cpos=86
  [margins] 5.81 5.27 3.54 0.61 1.04 0.49 1.13  K=4
  verify 40: accepted 2/3 (K=4) + correction -> +3 tokens (122.3 ms)  cpos=89
  [margins] 7.92 4.08 0.41 1.26 0.72 4.67 0.23  K=3
  verify 41: accepted 1/2 (K=3) + correction -> +2 tokens (117.9 ms)  cpos=91
  [margins] 5.35 2.74 1.17 1.81 3.68 1.22 1.56  K=3
  verify 42: accepted 1/2 (K=3) + correction -> +2 tokens (117.3 ms)  cpos=93
  [margins] 3.84 2.62 5.30 3.50 2.21 2.40 4.06  K=8
  verify 43: accepted 1/7 (K=8) + correction -> +2 tokens (191.8 ms)  cpos=95
  [margins] 4.18 3.03 6.70 3.03 3.33 4.03 4.12  K=8
  verify 44: accepted 1/7 (K=8) + correction -> +2 tokens (192.1 ms)  cpos=97
  [margins] 2.77 2.47 2.39 1.05 6.22 3.03 1.12  K=4
  verify 45: accepted 3/3 (K=4) + correction -> +4 tokens (129.0 ms)  cpos=101
  [margins] 2.56 4.18 2.88 0.79 3.67 2.01 6.50  K=4
  verify 46: accepted 3/3 (K=4) + correction -> +4 tokens (127.7 ms)  cpos=105
  [margins] 2.74 4.34 2.75 1.74 3.24 2.06 6.48  K=8
  verify 47: accepted 5/7 (K=8) + correction -> +6 tokens (192.8 ms)  cpos=111
  [margins] 2.67 4.36 2.71 1.63 2.64 1.71 6.71  K=8
  verify 48: accepted 5/7 (K=8) + correction -> +6 tokens (193.7 ms)  cpos=117
  [margins] 2.88 3.62 2.71 1.89 2.83 1.13 6.59  K=6
  verify 49: accepted 5/5 (K=6) + correction -> +6 tokens (155.9 ms)  cpos=123
  [margins] 2.55 3.82 3.58 1.01 3.36 1.41 6.05  K=4
  verify 50: accepted 3/3 (K=4) + correction -> +4 tokens (130.7 ms)  cpos=127
  [margins] 1.99 4.09 3.20 1.28 3.95 1.74 6.03  K=4
  verify 51: accepted 3/3 (K=4) + correction -> +4 tokens (143.3 ms)  cpos=131
  [margins] 1.95 3.60 3.42 1.13 3.63 1.69 5.45  K=4
  verify 52: accepted 3/3 (K=4) + correction -> +4 tokens (130.3 ms)  cpos=135
  [margins] 2.66 5.35 2.28 1.56 3.24 0.46 5.80  K=6
  verify 53: accepted 5/5 (K=6) + correction -> +6 tokens (160.5 ms)  cpos=141
  [margins] 3.42 4.59 2.83 1.35 3.27 2.46 5.12  K=4
  verify 54: accepted 3/3 (K=4) + correction -> +4 tokens (130.8 ms)  cpos=145
  [margins] 3.08 4.74 2.10 0.92 3.07 2.42 5.16  K=4
  verify 55: accepted 3/3 (K=4) + correction -> +4 tokens (132.4 ms)  cpos=149
  [margins] 2.37 5.68 2.31 2.34 3.12 0.97 5.94  K=6
  verify 56: accepted 5/5 (K=6) + correction -> +6 tokens (156.7 ms)  cpos=155
  [margins] 3.39 6.96 1.71 1.56 2.64 1.66 5.76  K=8
  verify 57: accepted 0/7 (K=8) + correction -> +1 tokens (197.5 ms)  cpos=156
  [margins] 6.18 1.83 1.76 1.59 2.65 5.21 2.50  K=8
  verify 58: accepted 1/7 (K=8) + correction -> +2 tokens (198.8 ms)  cpos=158
  [margins] 4.08 1.83 1.22 0.19 7.89 3.15 1.78  K=3
  verify 59: accepted 0/2 (K=3) + correction -> +1 tokens (121.8 ms)  cpos=159
  [margins] 7.83 0.80 3.04 2.08 1.43 0.66 0.19  K=2
  verify 60: accepted 1/1 (K=2) + correction -> +2 tokens (110.6 ms)  cpos=161
  [margins] 7.55 4.48 0.77 2.24 0.68 0.20 0.83  K=3
  verify 61: accepted 2/2 (K=3) + correction -> +3 tokens (121.7 ms)  cpos=164
  [margins] 8.03 6.59 3.23 4.57 2.53 1.87 3.21  K=8
  verify 62: accepted 2/7 (K=8) + correction -> +3 tokens (198.6 ms)  cpos=167
  [margins] 10.61 3.39 7.63 8.15 4.55 1.32 1.13  K=6
  verify 63: accepted 5/5 (K=6) + correction -> +6 tokens (171.5 ms)  cpos=173
  [margins] 5.45 0.93 0.45 4.56 0.93 0.01 0.78  K=2
  verify 64: accepted 1/1 (K=2) + correction -> +2 tokens (104.7 ms)  cpos=175
  [margins] 7.92 7.47 4.20 2.76 0.74 0.05 0.67  K=5
  verify 65: accepted 2/4 (K=5) + correction -> +3 tokens (152.0 ms)  cpos=178
  [margins] 16.09 12.92 7.66 10.40 5.96 0.48 1.64  K=6
  verify 66: accepted 5/5 (K=6) + correction -> +6 tokens (173.1 ms)  cpos=184
  [margins] 5.18 7.06 10.01 12.85 4.82 4.28 0.33  K=7
  verify 67: accepted 6/6 (K=7) + correction -> +7 tokens (186.2 ms)  cpos=191
  [margins] 6.57 10.57 7.97 13.10 7.31 9.72 6.35  K=8
  verify 68: accepted 7/7 (K=8) + correction -> +8 tokens (207.1 ms)  cpos=199
  [margins] 11.38 0.87 9.92 11.84 12.73 4.09 6.46  K=2
  verify 69: accepted 1/1 (K=2) + correction -> +2 tokens (113.7 ms)  cpos=201
  [margins] 2.45 9.98 9.02 14.77 7.29 7.36 6.66  K=8
  verify 70: accepted 7/7 (K=8) + correction -> +8 tokens (205.5 ms)  cpos=209
  [margins] 5.50 8.11 12.61 12.55 5.18 4.44 2.83  K=8
  verify 71: accepted 2/7 (K=8) + correction -> +3 tokens (203.3 ms)  cpos=212
  [margins] 18.46 14.23 7.00 9.21 4.42 0.82 2.88  K=6
  verify 72: accepted 5/5 (K=6) + correction -> +6 tokens (168.7 ms)  cpos=218

[spec] generated 204 tokens over 72 verifies: mean tokens/verify = 2.83 (block=7, max 8)
[spec] tokens: 5715 14 295 834 10175 14 8470 3939 436 344 2239 362 4197 339 35 126664 23809 16765 270 3077 305 1990 23714 538 9479 21121 35977 2184 47270 34788 14 832 851 588 366 99782 1082 20351 14319 35977
[spec] SPEC-DECODE: 46.8 ms/tok = 21.34 tok/s  (vs base M=1 71.0 ms/tok = 14.08 tok/s -> 1.52x)
[decode] PREFILL: 82 positions in 1289.0 ms = 63.6 tok/s (15.720 ms/tok)
[spec] decoding 200 tokens (block=7, draft passes=1, adaptK=1.50, prompt=5 s=83)...
  [margins] 7.68 3.08 1.18 0.03 4.15 2.41 0.16  K=3
  verify 1: accepted 1/2 (K=3) + correction -> +2 tokens (123.3 ms)  cpos=84
  [margins] 0.41 0.74 0.19 0.07 0.63 0.07 0.53  K=2
  verify 2: accepted 0/1 (K=2) + correction -> +1 tokens (106.0 ms)  cpos=85
  [margins] 0.20 0.29 2.26 0.04 2.12 0.38 1.01  K=2
  verify 3: accepted 0/1 (K=2) + correction -> +1 tokens (102.6 ms)  cpos=86
  [margins] 2.23 2.34 0.52 1.70 2.36 0.91 0.28  K=3
  verify 4: accepted 2/2 (K=3) + correction -> +3 tokens (120.5 ms)  cpos=89
  [margins] 4.40 3.27 2.14 2.26 2.82 3.85 0.31  K=7
  verify 5: accepted 6/6 (K=7) + correction -> +7 tokens (185.6 ms)  cpos=96
  [margins] 8.77 4.84 6.10 2.62 0.38 1.00 0.06  K=5
  verify 6: accepted 0/4 (K=5) + correction -> +1 tokens (144.3 ms)  cpos=97
  [margins] 9.33 5.34 3.75 0.07 1.55 1.05 2.85  K=4
  verify 7: accepted 3/3 (K=4) + correction -> +4 tokens (134.2 ms)  cpos=101
  [margins] 4.87 0.44 2.43 2.01 0.67 0.36 2.29  K=2
  verify 8: accepted 1/1 (K=2) + correction -> +2 tokens (107.9 ms)  cpos=103
  [margins] 2.79 0.80 1.89 1.52 1.15 2.53 2.21  K=2
  verify 9: accepted 1/1 (K=2) + correction -> +2 tokens (109.3 ms)  cpos=105
  [margins] 8.89 6.50 4.61 1.22 2.25 2.50 2.44  K=4
  verify 10: accepted 3/3 (K=4) + correction -> +4 tokens (134.8 ms)  cpos=109
  [margins] 9.95 6.33 4.24 4.77 4.16 5.24 2.93  K=8
  verify 11: accepted 6/7 (K=8) + correction -> +7 tokens (204.9 ms)  cpos=116
  [margins] 10.90 15.62 7.12 1.40 1.46 1.36 0.86  K=4
  verify 12: accepted 3/3 (K=4) + correction -> +4 tokens (137.0 ms)  cpos=120
  [margins] 3.32 1.06 2.49 0.15 5.15 0.49 0.94  K=2
  verify 13: accepted 1/1 (K=2) + correction -> +2 tokens (109.0 ms)  cpos=122
  [margins] 8.85 2.42 3.40 2.85 1.41 1.63 0.97  K=5
  verify 14: accepted 3/4 (K=5) + correction -> +4 tokens (149.2 ms)  cpos=126
  [margins] 10.85 6.60 1.44 12.12 3.36 8.54 5.74  K=3
  verify 15: accepted 2/2 (K=3) + correction -> +3 tokens (138.6 ms)  cpos=129
  [margins] 13.04 12.57 9.25 5.97 9.36 1.69 5.40  K=8
  verify 16: accepted 5/7 (K=8) + correction -> +6 tokens (205.6 ms)  cpos=135
  [margins] 16.07 15.99 8.85 5.18 1.58 0.28 11.31  K=6
  verify 17: accepted 4/5 (K=6) + correction -> +5 tokens (173.1 ms)  cpos=140
  [margins] 4.68 2.11 6.27 8.48 6.68 4.05 3.89  K=8
  verify 18: accepted 0/7 (K=8) + correction -> +1 tokens (202.4 ms)  cpos=141
  [margins] 6.51 6.41 4.22 4.15 2.98 2.22 4.64  K=8
  verify 19: accepted 2/7 (K=8) + correction -> +3 tokens (202.1 ms)  cpos=144
  [margins] 10.28 2.43 1.23 4.13 0.28 10.72 8.44  K=3
  verify 20: accepted 2/2 (K=3) + correction -> +3 tokens (119.8 ms)  cpos=147
  [margins] 7.62 8.58 6.08 0.04 8.25 10.06 11.73  K=4
  verify 21: accepted 3/3 (K=4) + correction -> +4 tokens (140.4 ms)  cpos=151
  [margins] 6.33 11.19 6.58 3.13 9.61 0.54 4.94  K=6
  verify 22: accepted 3/5 (K=6) + correction -> +4 tokens (169.3 ms)  cpos=155
  [margins] 17.79 12.17 11.42 6.90 0.84 1.83 10.04  K=5
  verify 23: accepted 4/4 (K=5) + correction -> +5 tokens (154.5 ms)  cpos=160
  [margins] 6.90 0.42 11.41 9.71 4.20 7.57 0.03  K=2
  verify 24: accepted 0/1 (K=2) + correction -> +1 tokens (106.5 ms)  cpos=161
  [margins] 10.06 6.91 3.68 2.90 1.27 1.79 3.07  K=5
  verify 25: accepted 2/4 (K=5) + correction -> +3 tokens (146.6 ms)  cpos=164
  [margins] 10.45 5.73 3.30 3.92 0.78 7.48 9.71  K=5
  verify 26: accepted 4/4 (K=5) + correction -> +5 tokens (149.5 ms)  cpos=169
  [margins] 11.81 11.87 6.71 8.46 8.63 2.15 4.06  K=8
  verify 27: accepted 5/7 (K=8) + correction -> +6 tokens (206.7 ms)  cpos=175
  [margins] 16.24 12.07 10.78 7.15 0.12 0.92 6.95  K=5
  verify 28: accepted 4/4 (K=5) + correction -> +5 tokens (155.0 ms)  cpos=180
  [margins] 16.80 17.26 6.21 2.19 1.97 7.20 2.16  K=8
  verify 29: accepted 3/7 (K=8) + correction -> +4 tokens (201.3 ms)  cpos=184
  [margins] 10.25 0.89 8.47 10.19 8.38 7.96 10.00  K=2
  verify 30: accepted 1/1 (K=2) + correction -> +2 tokens (107.5 ms)  cpos=186
  [margins] 3.91 9.28 1.15 7.25 0.96 5.33 5.22  K=3
  verify 31: accepted 2/2 (K=3) + correction -> +3 tokens (124.9 ms)  cpos=189
  [margins] 13.04 12.89 5.23 9.36 8.22 1.21 5.10  K=6
  verify 32: accepted 5/5 (K=6) + correction -> +6 tokens (168.3 ms)  cpos=195
  [margins] 16.20 13.10 11.34 6.90 0.38 3.46 1.80  K=5
  verify 33: accepted 4/4 (K=5) + correction -> +5 tokens (154.8 ms)  cpos=200
  [margins] 16.23 15.32 4.51 0.17 2.80 7.65 5.28  K=4
  verify 34: accepted 3/3 (K=4) + correction -> +4 tokens (135.2 ms)  cpos=204
  [margins] 8.90 1.12 1.81 5.39 0.32 5.84 10.00  K=2
  verify 35: accepted 1/1 (K=2) + correction -> +2 tokens (108.8 ms)  cpos=206
  [margins] 11.03 8.01 2.63 9.48 9.07 6.82 4.41  K=8
  verify 36: accepted 2/7 (K=8) + correction -> +3 tokens (204.6 ms)  cpos=209
  [margins] 13.33 11.71 5.81 8.29 6.90 0.82 6.04  K=6
  verify 37: accepted 5/5 (K=6) + correction -> +6 tokens (166.9 ms)  cpos=215
  [margins] 16.99 12.77 11.43 8.17 1.21 2.16 0.23  K=5
  verify 38: accepted 4/4 (K=5) + correction -> +5 tokens (156.5 ms)  cpos=220
  [margins] 18.11 13.46 2.84 0.12 0.06 2.17 1.41  K=4
  verify 39: accepted 3/3 (K=4) + correction -> +4 tokens (135.1 ms)  cpos=224
  [margins] 11.62 2.31 3.42 6.29 0.46 6.14 10.97  K=5
  verify 40: accepted 4/4 (K=5) + correction -> +5 tokens (150.4 ms)  cpos=229
  [margins] 18.51 10.74 5.76 8.78 6.24 0.75 3.92  K=6
  verify 41: accepted 5/5 (K=6) + correction -> +6 tokens (171.3 ms)  cpos=235
  [margins] 10.50 11.85 9.02 6.54 1.30 1.64 3.79  K=5
  verify 42: accepted 4/4 (K=5) + correction -> +5 tokens (156.9 ms)  cpos=240
  [margins] 19.65 14.53 7.93 2.16 5.40 1.08 7.51  K=6
  verify 43: accepted 5/5 (K=6) + correction -> +6 tokens (167.8 ms)  cpos=246
  [margins] 7.67 3.71 0.59 9.42 11.59 0.11 4.68  K=3
  verify 44: accepted 2/2 (K=3) + correction -> +3 tokens (126.7 ms)  cpos=249
  [margins] 14.37 11.50 5.78 10.00 7.31 0.75 7.82  K=6
  verify 45: accepted 5/5 (K=6) + correction -> +6 tokens (166.8 ms)  cpos=255
  [margins] 16.03 12.23 11.50 7.22 7.75 3.89 2.77  K=8
  verify 46: accepted 7/7 (K=8) + correction -> +8 tokens (222.2 ms)  cpos=263
  [margins] 3.38 8.26 2.38 5.26 1.74 3.87 2.76  K=8
  verify 47: accepted 4/7 (K=8) + correction -> +5 tokens (207.2 ms)  cpos=268
  [margins] 11.08 16.19 8.66 3.55 5.48 7.45 4.06  K=8
  verify 48: accepted 6/7 (K=8) + correction -> +7 tokens (211.5 ms)  cpos=275
  [margins] 16.43 16.06 12.32 10.78 8.01 0.51 1.39  K=6
  verify 49: accepted 5/5 (K=6) + correction -> +6 tokens (174.1 ms)  cpos=281
  [margins] 15.68 6.98 3.89 4.38 0.34 5.55 5.23  K=5
  verify 50: accepted 4/4 (K=5) + correction -> +5 tokens (150.9 ms)  cpos=286

[spec] generated 204 tokens over 50 verifies: mean tokens/verify = 4.08 (block=7, max 8)
[spec] tokens: 1 50 201 671 15020 4181 362 2775 14817 14922 344 223 25 22765 7975 55 15 3180 16 1 50 201 671 15020 4181 362 2775 14817 14922 344 223 25 22765 7975 55 15 3180 16 1 50
[spec] SPEC-DECODE: 37.5 ms/tok = 26.63 tok/s  (vs base M=1 71.0 ms/tok = 14.08 tok/s -> 1.89x)
[decode] PREFILL: 14 positions in 284.6 ms = 49.2 tok/s (20.328 ms/tok)
[spec] decoding 200 tokens (block=7, draft passes=1, adaptK=1.50, prompt=6 s=15)...
  [margins] 0.48 1.24 1.76 1.07 0.13 0.07 0.45  K=2
  verify 1: accepted 0/1 (K=2) + correction -> +1 tokens (105.2 ms)  cpos=15
  [margins] 0.75 0.29 0.70 2.54 2.49 0.15 0.02  K=2
  verify 2: accepted 0/1 (K=2) + correction -> +1 tokens (108.0 ms)  cpos=16
  [margins] 2.55 1.66 1.05 0.96 4.20 0.50 0.22  K=3
  verify 3: accepted 1/2 (K=3) + correction -> +2 tokens (115.5 ms)  cpos=18
  [margins] 1.96 1.44 1.47 1.66 3.25 0.73 1.28  K=2
  verify 4: accepted 1/1 (K=2) + correction -> +2 tokens (108.1 ms)  cpos=20
  [margins] 2.04 2.23 3.52 2.75 3.50 1.67 2.69  K=8
  verify 5: accepted 1/7 (K=8) + correction -> +2 tokens (184.4 ms)  cpos=22
  [margins] 3.29 1.40 3.95 3.00 3.55 2.46 3.11  K=2
  verify 6: accepted 1/1 (K=2) + correction -> +2 tokens (107.3 ms)  cpos=24
  [margins] 2.55 0.82 1.34 2.28 4.17 2.19 1.95  K=2
  verify 7: accepted 1/1 (K=2) + correction -> +2 tokens (104.2 ms)  cpos=26
  [margins] 1.04 1.61 2.22 1.18 5.14 2.32 0.83  K=4
  verify 8: accepted 3/3 (K=4) + correction -> +4 tokens (123.8 ms)  cpos=30
  [margins] 0.77 2.52 2.48 0.40 3.02 1.36 6.59  K=4
  verify 9: accepted 0/3 (K=4) + correction -> +1 tokens (123.9 ms)  cpos=31
  [margins] 0.33 1.67 0.23 7.99 3.29 1.66 6.24  K=3
  verify 10: accepted 0/2 (K=3) + correction -> +1 tokens (117.2 ms)  cpos=32
  [margins] 7.34 1.40 3.87 1.52 2.19 6.56 2.38  K=2
  verify 11: accepted 1/1 (K=2) + correction -> +2 tokens (101.5 ms)  cpos=34
  [margins] 2.33 6.14 1.48 0.26 0.53 1.02 5.57  K=3
  verify 12: accepted 2/2 (K=3) + correction -> +3 tokens (116.6 ms)  cpos=37
  [margins] 12.14 6.71 3.66 4.61 6.72 2.89 0.54  K=7
  verify 13: accepted 6/6 (K=7) + correction -> +7 tokens (172.9 ms)  cpos=44
  [margins] 8.61 10.56 13.48 8.77 9.27 7.93 8.46  K=8
  verify 14: accepted 7/7 (K=8) + correction -> +8 tokens (188.9 ms)  cpos=52
  [margins] 15.44 10.99 12.89 10.77 11.76 9.70 4.53  K=8
  verify 15: accepted 7/7 (K=8) + correction -> +8 tokens (189.9 ms)  cpos=60
  [margins] 10.20 14.20 9.66 11.15 10.21 8.22 10.05  K=8
  verify 16: accepted 7/7 (K=8) + correction -> +8 tokens (191.9 ms)  cpos=68
  [margins] 9.79 12.20 10.31 10.50 7.95 8.54 9.76  K=8
  verify 17: accepted 7/7 (K=8) + correction -> +8 tokens (193.3 ms)  cpos=76
  [margins] 15.16 10.22 9.86 7.15 10.38 7.22 4.01  K=8
  verify 18: accepted 7/7 (K=8) + correction -> +8 tokens (193.5 ms)  cpos=84
  [margins] 12.56 13.37 9.26 12.16 11.92 9.19 8.37  K=8
  verify 19: accepted 7/7 (K=8) + correction -> +8 tokens (197.4 ms)  cpos=92
  [margins] 11.39 12.38 11.62 11.40 7.19 10.84 10.19  K=8
  verify 20: accepted 7/7 (K=8) + correction -> +8 tokens (196.7 ms)  cpos=100
  [margins] 15.82 9.99 10.48 7.39 8.10 6.90 4.47  K=8
  verify 21: accepted 7/7 (K=8) + correction -> +8 tokens (195.8 ms)  cpos=108
  [margins] 13.39 16.22 8.99 12.35 10.21 8.19 8.25  K=8
  verify 22: accepted 7/7 (K=8) + correction -> +8 tokens (198.4 ms)  cpos=116
  [margins] 9.21 12.87 13.55 11.05 10.38 11.98 9.55  K=8
  verify 23: accepted 7/7 (K=8) + correction -> +8 tokens (198.3 ms)  cpos=124
  [margins] 16.37 12.45 12.32 10.77 10.31 6.80 4.90  K=8
  verify 24: accepted 7/7 (K=8) + correction -> +8 tokens (212.5 ms)  cpos=132
  [margins] 11.96 13.30 8.88 12.04 10.10 8.25 9.50  K=8
  verify 25: accepted 7/7 (K=8) + correction -> +8 tokens (197.2 ms)  cpos=140
  [margins] 10.22 14.20 12.32 10.58 8.51 11.82 10.20  K=8
  verify 26: accepted 7/7 (K=8) + correction -> +8 tokens (198.4 ms)  cpos=148
  [margins] 15.24 11.77 13.58 8.71 8.31 9.84 5.21  K=8
  verify 27: accepted 7/7 (K=8) + correction -> +8 tokens (196.8 ms)  cpos=156
  [margins] 12.28 13.84 8.00 11.11 10.95 6.79 8.25  K=8
  verify 28: accepted 7/7 (K=8) + correction -> +8 tokens (202.1 ms)  cpos=164
  [margins] 10.50 11.65 13.60 8.91 7.56 12.62 9.51  K=8
  verify 29: accepted 7/7 (K=8) + correction -> +8 tokens (197.9 ms)  cpos=172
  [margins] 15.92 10.60 11.12 6.19 7.02 6.95 6.89  K=8
  verify 30: accepted 7/7 (K=8) + correction -> +8 tokens (198.8 ms)  cpos=180
  [margins] 11.34 16.02 9.07 11.37 10.24 8.06 8.38  K=8
  verify 31: accepted 7/7 (K=8) + correction -> +8 tokens (201.8 ms)  cpos=188
  [margins] 10.72 14.28 10.15 9.71 9.95 10.01 9.59  K=8
  verify 32: accepted 7/7 (K=8) + correction -> +8 tokens (200.7 ms)  cpos=196
  [margins] 16.94 11.91 12.87 6.70 7.95 9.29 4.45  K=8
  verify 33: accepted 7/7 (K=8) + correction -> +8 tokens (200.4 ms)  cpos=204
  [margins] 12.59 13.78 8.90 11.64 12.57 8.83 9.88  K=8
  verify 34: accepted 7/7 (K=8) + correction -> +8 tokens (201.1 ms)  cpos=212
  [margins] 10.69 13.06 15.82 10.17 7.83 11.86 9.82  K=8
  verify 35: accepted 7/7 (K=8) + correction -> +8 tokens (198.6 ms)  cpos=220

[spec] generated 206 tokens over 35 verifies: mean tokens/verify = 5.89 (block=7, max 8)
[spec] tokens: 1 16 1 16 1 16 1 16 1 16 1 16 1 16 1 16 403 31310 16 403 31310 16 403 31310 16 403 31310 16 403 31310 16 403 31310 16 403 31310 16 403 31310 16
[spec] SPEC-DECODE: 28.5 ms/tok = 35.14 tok/s  (vs base M=1 71.0 ms/tok = 14.08 tok/s -> 2.50x)
[decode] PREFILL: 37 positions in 634.9 ms = 58.3 tok/s (17.159 ms/tok)
[spec] decoding 200 tokens (block=7, draft passes=1, adaptK=1.50, prompt=7 s=38)...
  [margins] 0.72 2.76 0.52 0.23 0.02 0.17 0.78  K=3
  verify 1: accepted 0/2 (K=3) + correction -> +1 tokens (121.5 ms)  cpos=38
  [margins] 0.29 0.42 0.45 0.46 0.33 0.66 0.13  K=2
  verify 2: accepted 0/1 (K=2) + correction -> +1 tokens (105.4 ms)  cpos=39
  [margins] 1.54 0.15 5.02 0.61 0.85 0.48 0.83  K=2
  verify 3: accepted 1/1 (K=2) + correction -> +2 tokens (104.9 ms)  cpos=41
  [margins] 3.29 0.69 0.64 5.63 0.48 0.65 0.27  K=2
  verify 4: accepted 1/1 (K=2) + correction -> +2 tokens (100.5 ms)  cpos=43
  [margins] 0.78 1.32 0.23 0.51 0.27 0.12 0.74  K=2
  verify 5: accepted 0/1 (K=2) + correction -> +1 tokens (105.3 ms)  cpos=44
  [margins] 0.42 0.32 1.52 0.01 0.48 0.93 0.65  K=2
  verify 6: accepted 1/1 (K=2) + correction -> +2 tokens (100.8 ms)  cpos=46
  [margins] 1.34 2.18 1.86 0.00 0.51 1.57 0.29  K=4
  verify 7: accepted 0/3 (K=4) + correction -> +1 tokens (131.7 ms)  cpos=47
  [margins] 2.14 3.51 0.22 1.26 1.64 3.27 1.08  K=3
  verify 8: accepted 1/2 (K=3) + correction -> +2 tokens (119.0 ms)  cpos=49
  [margins] 9.38 6.42 5.41 2.54 0.11 2.39 0.91  K=5
  verify 9: accepted 4/4 (K=5) + correction -> +5 tokens (143.5 ms)  cpos=54
  [margins] 0.07 0.47 1.08 1.00 2.50 1.82 6.12  K=2
  verify 10: accepted 0/1 (K=2) + correction -> +1 tokens (107.9 ms)  cpos=55
  [margins] 2.04 0.04 1.94 0.84 0.44 2.87 2.51  K=2
  verify 11: accepted 1/1 (K=2) + correction -> +2 tokens (106.9 ms)  cpos=57
  [margins] 3.12 0.36 0.79 2.80 3.85 2.27 0.80  K=2
  verify 12: accepted 1/1 (K=2) + correction -> +2 tokens (102.7 ms)  cpos=59
  [margins] 3.83 3.05 0.26 0.06 1.09 0.28 2.12  K=3
  verify 13: accepted 2/2 (K=3) + correction -> +3 tokens (119.1 ms)  cpos=62
  [margins] 1.54 0.30 2.84 2.14 4.09 0.95 0.11  K=2
  verify 14: accepted 1/1 (K=2) + correction -> +2 tokens (107.2 ms)  cpos=64
  [margins] 6.07 9.19 3.00 1.70 3.17 2.50 0.49  K=7
  verify 15: accepted 3/6 (K=7) + correction -> +4 tokens (176.9 ms)  cpos=68
  [margins] 5.75 2.82 0.03 0.27 0.94 0.90 0.63  K=3
  verify 16: accepted 2/2 (K=3) + correction -> +3 tokens (114.2 ms)  cpos=71
  [margins] 2.56 1.42 3.97 0.68 5.06 7.65 0.07  K=2
  verify 17: accepted 1/1 (K=2) + correction -> +2 tokens (106.8 ms)  cpos=73
  [margins] 6.49 1.93 0.65 0.68 0.06 3.96 0.70  K=3
  verify 18: accepted 2/2 (K=3) + correction -> +3 tokens (120.2 ms)  cpos=76
  [margins] 11.30 2.19 0.99 0.21 3.04 1.57 3.85  K=3
  verify 19: accepted 2/2 (K=3) + correction -> +3 tokens (115.0 ms)  cpos=79
  [margins] 10.77 9.28 9.02 6.56 6.75 5.97 4.11  K=8
  verify 20: accepted 7/7 (K=8) + correction -> +8 tokens (200.0 ms)  cpos=87
  [margins] 6.09 7.32 4.99 6.69 3.93 1.99 0.93  K=7
  verify 21: accepted 5/6 (K=7) + correction -> +6 tokens (187.0 ms)  cpos=93
  [margins] 4.66 2.70 1.85 1.15 1.46 0.52 3.66  K=4
  verify 22: accepted 3/3 (K=4) + correction -> +4 tokens (131.8 ms)  cpos=97
  [margins] 10.25 12.98 10.16 10.09 4.39 4.86 1.95  K=8
  verify 23: accepted 7/7 (K=8) + correction -> +8 tokens (203.2 ms)  cpos=105
  [margins] 3.38 7.36 7.38 3.93 3.68 3.05 1.99  K=8
  verify 24: accepted 7/7 (K=8) + correction -> +8 tokens (203.7 ms)  cpos=113
  [margins] 15.86 3.51 5.95 6.03 2.91 9.79 1.24  K=7
  verify 25: accepted 6/6 (K=7) + correction -> +7 tokens (188.8 ms)  cpos=120
  [margins] 12.79 9.72 5.90 9.54 0.17 1.21 0.64  K=5
  verify 26: accepted 4/4 (K=5) + correction -> +5 tokens (149.2 ms)  cpos=125
  [margins] 6.45 8.53 2.40 8.07 4.31 0.52 1.48  K=6
  verify 27: accepted 5/5 (K=6) + correction -> +6 tokens (180.0 ms)  cpos=131
  [margins] 0.14 5.66 0.01 2.67 1.41 0.09 2.07  K=3
  verify 28: accepted 2/2 (K=3) + correction -> +3 tokens (120.7 ms)  cpos=134
  [margins] 12.77 5.67 0.42 4.88 4.82 0.23 3.29  K=3
  verify 29: accepted 2/2 (K=3) + correction -> +3 tokens (124.0 ms)  cpos=137
  [margins] 4.08 0.26 0.92 0.98 2.49 2.85 1.94  K=2
  verify 30: accepted 1/1 (K=2) + correction -> +2 tokens (107.3 ms)  cpos=139
  [margins] 6.63 1.03 6.50 6.44 5.12 1.01 1.03  K=2
  verify 31: accepted 1/1 (K=2) + correction -> +2 tokens (110.9 ms)  cpos=141
  [margins] 9.39 8.68 5.60 1.93 0.78 3.21 3.26  K=5
  verify 32: accepted 4/4 (K=5) + correction -> +5 tokens (151.1 ms)  cpos=146
  [margins] 6.76 9.87 11.16 12.04 0.94 2.92 2.32  K=5
  verify 33: accepted 4/4 (K=5) + correction -> +5 tokens (151.9 ms)  cpos=151
  [margins] 2.72 1.10 0.15 7.96 0.03 0.97 0.46  K=2
  verify 34: accepted 1/1 (K=2) + correction -> +2 tokens (115.4 ms)  cpos=153
  [margins] 3.06 2.29 0.77 1.20 4.11 1.80 3.77  K=3
  verify 35: accepted 0/2 (K=3) + correction -> +1 tokens (114.7 ms)  cpos=154
  [margins] 6.22 1.57 0.15 3.08 1.56 3.84 5.91  K=3
  verify 36: accepted 1/2 (K=3) + correction -> +2 tokens (121.3 ms)  cpos=156
  [margins] 6.12 2.27 0.13 1.77 1.86 1.97 3.51  K=3
  verify 37: accepted 1/2 (K=3) + correction -> +2 tokens (116.7 ms)  cpos=158
  [margins] 3.37 0.75 4.09 2.37 1.45 1.78 4.14  K=2
  verify 38: accepted 1/1 (K=2) + correction -> +2 tokens (114.1 ms)  cpos=160
  [margins] 3.93 1.48 3.17 2.09 4.92 2.39 1.03  K=2
  verify 39: accepted 1/1 (K=2) + correction -> +2 tokens (117.1 ms)  cpos=162
  [margins] 3.91 1.43 3.56 1.52 5.16 2.89 0.32  K=2
  verify 40: accepted 1/1 (K=2) + correction -> +2 tokens (116.4 ms)  cpos=164
  [margins] 3.93 4.91 3.82 1.03 4.25 1.32 5.89  K=4
  verify 41: accepted 3/3 (K=4) + correction -> +4 tokens (135.2 ms)  cpos=168
  [margins] 2.38 3.58 3.27 0.68 4.01 1.11 5.34  K=4
  verify 42: accepted 3/3 (K=4) + correction -> +4 tokens (134.0 ms)  cpos=172
  [margins] 1.03 5.40 1.85 2.38 4.14 0.47 6.46  K=6
  verify 43: accepted 5/5 (K=6) + correction -> +6 tokens (161.8 ms)  cpos=178
  [margins] 2.01 6.23 2.05 3.21 4.24 1.06 4.07  K=6
  verify 44: accepted 5/5 (K=6) + correction -> +6 tokens (165.2 ms)  cpos=184
  [margins] 1.38 5.70 3.56 3.11 4.33 1.29 4.94  K=6
  verify 45: accepted 5/5 (K=6) + correction -> +6 tokens (160.6 ms)  cpos=190
  [margins] 1.28 5.69 3.52 2.77 4.47 0.66 4.85  K=6
  verify 46: accepted 5/5 (K=6) + correction -> +6 tokens (166.3 ms)  cpos=196
  [margins] 1.30 5.82 2.37 3.39 4.62 1.25 4.44  K=6
  verify 47: accepted 5/5 (K=6) + correction -> +6 tokens (161.0 ms)  cpos=202
  [margins] 1.11 5.47 3.64 1.74 4.68 1.02 4.98  K=6
  verify 48: accepted 5/5 (K=6) + correction -> +6 tokens (167.9 ms)  cpos=208
  [margins] 1.84 4.99 2.55 2.05 4.98 0.94 4.80  K=6
  verify 49: accepted 5/5 (K=6) + correction -> +6 tokens (157.7 ms)  cpos=214
  [margins] 1.40 5.25 2.73 1.87 4.87 0.62 4.94  K=6
  verify 50: accepted 5/5 (K=6) + correction -> +6 tokens (165.0 ms)  cpos=220
  [margins] 1.98 5.80 3.03 1.26 4.71 0.98 5.00  K=4
  verify 51: accepted 3/3 (K=4) + correction -> +4 tokens (132.2 ms)  cpos=224
  [margins] 2.15 5.72 2.68 1.82 4.51 0.84 5.53  K=6
  verify 52: accepted 5/5 (K=6) + correction -> +6 tokens (155.3 ms)  cpos=230
  [margins] 2.26 5.11 3.74 1.00 4.92 0.46 5.66  K=4
  verify 53: accepted 0/3 (K=4) + correction -> +1 tokens (129.9 ms)  cpos=231
  [margins] 7.98 0.57 1.91 4.59 0.68 6.71 4.62  K=2
  verify 54: accepted 0/1 (K=2) + correction -> +1 tokens (110.3 ms)  cpos=232
  [margins] 6.12 3.33 7.82 2.17 1.86 6.21 3.01  K=8
  verify 55: accepted 1/7 (K=8) + correction -> +2 tokens (200.3 ms)  cpos=234
  [margins] 4.36 1.76 3.00 0.19 0.42 5.70 2.86  K=4
  verify 56: accepted 1/3 (K=4) + correction -> +2 tokens (131.9 ms)  cpos=236
  [margins] 5.10 0.99 6.70 0.01 10.92 0.61 1.06  K=2
  verify 57: accepted 0/1 (K=2) + correction -> +1 tokens (106.3 ms)  cpos=237

[spec] generated 200 tokens over 57 verifies: mean tokens/verify = 3.51 (block=7, max 8)
[spec] tokens: 343 12888 28 566 344 260 19075 3417 9508 5718 270 2753 294 270 6616 366 1512 1527 27819 13459 16 5715 270 12919 6329 1512 1527 940 223 19 27819 13459 16 455 3452 2753 344 979 7490 201
[spec] SPEC-DECODE: 38.5 ms/tok = 26.00 tok/s  (vs base M=1 71.0 ms/tok = 14.08 tok/s -> 1.85x)
[decode] PREFILL: 12 positions in 255.2 ms = 47.0 tok/s (21.265 ms/tok)
[spec] decoding 200 tokens (block=7, draft passes=1, adaptK=1.50, prompt=8 s=13)...
  [margins] 2.03 2.37 0.08 8.17 3.58 0.24 0.29  K=3
  verify 1: accepted 1/2 (K=3) + correction -> +2 tokens (116.0 ms)  cpos=14
  [margins] 0.34 4.38 2.80 0.80 3.51 2.08 1.14  K=4
  verify 2: accepted 0/3 (K=4) + correction -> +1 tokens (132.3 ms)  cpos=15
  [margins] 3.20 0.55 1.45 1.40 0.34 0.99 5.02  K=2
  verify 3: accepted 0/1 (K=2) + correction -> +1 tokens (99.6 ms)  cpos=16
  [margins] 1.52 1.86 0.33 0.96 2.65 2.55 1.80  K=3
  verify 4: accepted 0/2 (K=3) + correction -> +1 tokens (108.6 ms)  cpos=17
  [margins] 0.74 0.23 1.84 1.03 0.55 0.32 0.23  K=2
  verify 5: accepted 0/1 (K=2) + correction -> +1 tokens (94.8 ms)  cpos=18
  [margins] 1.31 0.71 1.95 0.15 0.11 3.08 3.04  K=2
  verify 6: accepted 0/1 (K=2) + correction -> +1 tokens (105.0 ms)  cpos=19
  [margins] 2.21 0.56 0.50 1.17 4.30 0.43 0.43  K=2
  verify 7: accepted 1/1 (K=2) + correction -> +2 tokens (107.0 ms)  cpos=21
  [margins] 2.32 0.64 4.73 0.51 4.01 0.27 0.27  K=2
  verify 8: accepted 1/1 (K=2) + correction -> +2 tokens (103.5 ms)  cpos=23
  [margins] 2.89 0.10 5.43 0.14 4.02 0.12 0.05  K=2
  verify 9: accepted 1/1 (K=2) + correction -> +2 tokens (107.4 ms)  cpos=25
  [margins] 3.82 0.31 5.30 0.21 0.03 4.88 0.07  K=2
  verify 10: accepted 1/1 (K=2) + correction -> +2 tokens (104.0 ms)  cpos=27
  [margins] 4.77 0.53 5.36 0.08 5.28 0.19 4.14  K=2
  verify 11: accepted 1/1 (K=2) + correction -> +2 tokens (108.6 ms)  cpos=29
  [margins] 5.42 0.34 5.20 0.18 4.55 0.06 4.11  K=2
  verify 12: accepted 1/1 (K=2) + correction -> +2 tokens (104.4 ms)  cpos=31
  [margins] 5.65 0.37 5.20 0.44 4.47 0.22 3.93  K=2
  verify 13: accepted 1/1 (K=2) + correction -> +2 tokens (108.3 ms)  cpos=33
  [margins] 5.64 0.08 3.94 0.30 3.92 0.10 3.55  K=2
  verify 14: accepted 1/1 (K=2) + correction -> +2 tokens (103.6 ms)  cpos=35
  [margins] 6.28 0.17 6.02 0.59 5.26 0.23 4.44  K=2
  verify 15: accepted 1/1 (K=2) + correction -> +2 tokens (108.3 ms)  cpos=37
  [margins] 5.90 0.15 5.17 0.54 4.25 0.10 3.85  K=2
  verify 16: accepted 1/1 (K=2) + correction -> +2 tokens (104.1 ms)  cpos=39
  [margins] 6.78 0.05 6.24 0.43 5.44 0.01 2.14  K=2
  verify 17: accepted 1/1 (K=2) + correction -> +2 tokens (110.2 ms)  cpos=41
  [margins] 6.38 0.52 5.59 0.59 4.59 0.25 4.37  K=2
  verify 18: accepted 1/1 (K=2) + correction -> +2 tokens (104.5 ms)  cpos=43
  [margins] 7.03 0.86 6.30 1.12 5.01 0.34 4.66  K=2
  verify 19: accepted 1/1 (K=2) + correction -> +2 tokens (108.5 ms)  cpos=45
  [margins] 6.48 1.47 4.86 1.38 4.18 0.32 3.42  K=2
  verify 20: accepted 0/1 (K=2) + correction -> +1 tokens (102.0 ms)  cpos=46
  [margins] 4.39 3.11 4.25 0.53 0.86 0.25 3.88  K=4
  verify 21: accepted 3/3 (K=4) + correction -> +4 tokens (131.7 ms)  cpos=50
  [margins] 2.97 1.95 0.56 2.44 2.69 0.46 4.12  K=3
  verify 22: accepted 2/2 (K=3) + correction -> +3 tokens (118.8 ms)  cpos=53
  [margins] 7.46 8.06 0.06 0.54 2.55 0.01 0.29  K=3
  verify 23: accepted 2/2 (K=3) + correction -> +3 tokens (118.0 ms)  cpos=56
  [margins] 2.62 0.90 3.14 1.57 1.67 0.94 0.71  K=2
  verify 24: accepted 1/1 (K=2) + correction -> +2 tokens (105.5 ms)  cpos=58
  [margins] 0.21 7.35 1.27 2.78 2.89 0.34 0.19  K=3
  verify 25: accepted 0/2 (K=3) + correction -> +1 tokens (116.2 ms)  cpos=59
  [margins] 5.32 1.79 1.99 6.92 0.17 0.32 3.83  K=5
  verify 26: accepted 0/4 (K=5) + correction -> +1 tokens (145.2 ms)  cpos=60
  [margins] 5.34 4.74 5.52 6.97 2.38 5.26 0.84  K=7
  verify 27: accepted 6/6 (K=7) + correction -> +7 tokens (177.5 ms)  cpos=67
  [margins] 6.82 9.82 0.24 1.39 2.75 2.00 0.34  K=3
  verify 28: accepted 2/2 (K=3) + correction -> +3 tokens (119.9 ms)  cpos=70
  [margins] 2.15 1.78 0.32 2.93 1.45 1.69 2.23  K=3
  verify 29: accepted 0/2 (K=3) + correction -> +1 tokens (121.0 ms)  cpos=71
  [margins] 0.17 4.52 0.70 2.16 4.83 5.61 4.14  K=3
  verify 30: accepted 0/2 (K=3) + correction -> +1 tokens (121.6 ms)  cpos=72
  [margins] 2.04 3.15 3.10 5.30 2.76 7.19 1.37  K=7
  verify 31: accepted 6/6 (K=7) + correction -> +7 tokens (178.0 ms)  cpos=79
  [margins] 6.27 9.59 0.79 0.92 3.07 0.96 2.88  K=3
  verify 32: accepted 2/2 (K=3) + correction -> +3 tokens (121.8 ms)  cpos=82
  [margins] 3.25 5.51 1.44 4.44 2.52 2.18 3.58  K=3
  verify 33: accepted 2/2 (K=3) + correction -> +3 tokens (120.6 ms)  cpos=85
  [margins] 7.16 6.66 0.61 5.55 5.20 5.62 4.99  K=3
  verify 34: accepted 2/2 (K=3) + correction -> +3 tokens (121.8 ms)  cpos=88
  [margins] 3.71 4.84 1.20 1.06 7.52 8.06 0.32  K=3
  verify 35: accepted 2/2 (K=3) + correction -> +3 tokens (117.8 ms)  cpos=91
  [margins] 6.00 12.79 1.06 2.93 5.51 4.01 5.78  K=3
  verify 36: accepted 2/2 (K=3) + correction -> +3 tokens (121.4 ms)  cpos=94
  [margins] 4.71 8.56 6.58 5.10 1.80 3.56 0.38  K=7
  verify 37: accepted 6/6 (K=7) + correction -> +7 tokens (188.6 ms)  cpos=101
  [margins] 10.71 4.82 11.07 10.79 3.49 3.11 3.76  K=8
  verify 38: accepted 4/7 (K=8) + correction -> +5 tokens (201.9 ms)  cpos=106
  [margins] 6.57 8.82 7.85 6.78 5.64 6.83 1.25  K=7
  verify 39: accepted 6/6 (K=7) + correction -> +7 tokens (190.4 ms)  cpos=113
  [margins] 10.77 7.55 9.58 9.44 0.01 2.84 3.46  K=5
  verify 40: accepted 4/4 (K=5) + correction -> +5 tokens (149.8 ms)  cpos=118
  [margins] 6.70 8.98 7.46 6.89 2.95 6.21 1.10  K=7
  verify 41: accepted 6/6 (K=7) + correction -> +7 tokens (188.2 ms)  cpos=125
  [margins] 10.41 5.02 6.43 11.32 2.83 6.11 5.55  K=8
  verify 42: accepted 7/7 (K=8) + correction -> +8 tokens (221.4 ms)  cpos=133
  [margins] 10.51 11.46 7.60 4.40 5.06 3.06 4.49  K=8
  verify 43: accepted 5/7 (K=8) + correction -> +6 tokens (205.4 ms)  cpos=139
  [margins] 3.20 11.29 3.48 5.92 8.22 4.42 4.51  K=8
  verify 44: accepted 7/7 (K=8) + correction -> +8 tokens (205.8 ms)  cpos=147
  [margins] 10.03 3.79 5.88 1.32 5.59 3.88 0.74  K=4
  verify 45: accepted 3/3 (K=4) + correction -> +4 tokens (138.1 ms)  cpos=151
  [margins] 7.05 13.10 2.57 7.56 8.12 6.84 5.84  K=8
  verify 46: accepted 7/7 (K=8) + correction -> +8 tokens (208.1 ms)  cpos=159
  [margins] 6.70 4.96 2.10 1.19 7.18 2.67 2.28  K=4
  verify 47: accepted 3/3 (K=4) + correction -> +4 tokens (137.1 ms)  cpos=163
  [margins] 6.28 12.80 2.93 7.16 6.01 4.42 5.35  K=8
  verify 48: accepted 7/7 (K=8) + correction -> +8 tokens (205.8 ms)  cpos=171
  [margins] 9.33 5.82 6.51 6.02 10.18 5.51 2.46  K=8
  verify 49: accepted 6/7 (K=8) + correction -> +7 tokens (206.6 ms)  cpos=178
  [margins] 6.72 8.06 8.95 8.99 5.23 1.55 1.31  K=7
  verify 50: accepted 6/6 (K=7) + correction -> +7 tokens (190.7 ms)  cpos=185
  [margins] 10.31 6.68 8.81 11.15 0.36 6.72 5.09  K=5
  verify 51: accepted 4/4 (K=5) + correction -> +5 tokens (150.7 ms)  cpos=190
  [margins] 7.01 9.28 9.07 7.51 3.96 2.67 1.78  K=8
  verify 52: accepted 7/7 (K=8) + correction -> +8 tokens (206.5 ms)  cpos=198
  [margins] 11.24 11.97 10.13 3.06 5.80 4.39 2.13  K=8
  verify 53: accepted 7/7 (K=8) + correction -> +8 tokens (206.3 ms)  cpos=206
  [margins] 10.31 4.09 2.38 1.50 2.75 1.29 4.01  K=6
  verify 54: accepted 3/5 (K=6) + correction -> +4 tokens (172.6 ms)  cpos=210
  [margins] 10.81 11.26 8.37 1.81 4.20 5.04 1.99  K=8
  verify 55: accepted 7/7 (K=8) + correction -> +8 tokens (206.7 ms)  cpos=218

[spec] generated 206 tokens over 55 verifies: mean tokens/verify = 3.75 (block=7, max 8)
[spec] tokens: 1 201 1 201 1 201 1 201 1 201 1 201 1 201 1 201 1 201 1 201 1 201 1 201 1 201 1 201 1 201 1 201 3085 344 270 6102 294 8760 33 9361
[spec] SPEC-DECODE: 37.6 ms/tok = 26.63 tok/s  (vs base M=1 71.0 ms/tok = 14.08 tok/s -> 1.89x)
[decode] PREFILL: 5 positions in 130.1 ms = 38.4 tok/s (26.017 ms/tok)
[spec] decoding 200 tokens (block=8, draft passes=1, adaptK=1.50, prompt=0 s=6)...
  [margins] 2.44 0.96 0.16 0.80 0.34 5.06 1.12 0.18  K=2
  verify 1: accepted 1/1 (K=2) + correction -> +2 tokens (103.2 ms)  cpos=7
  [margins] 0.40 1.18 0.04 0.16 0.76 0.21 2.84 0.29  K=2
  verify 2: accepted 0/1 (K=2) + correction -> +1 tokens (110.6 ms)  cpos=8
  [margins] 1.63 0.10 3.47 0.04 0.30 1.02 0.18 0.44  K=2
  verify 3: accepted 1/1 (K=2) + correction -> +2 tokens (103.8 ms)  cpos=10
  [margins] 2.90 0.06 5.78 0.35 1.21 2.22 0.05 1.74  K=2
  verify 4: accepted 0/1 (K=2) + correction -> +1 tokens (106.2 ms)  cpos=11
  [margins] 6.54 0.29 1.73 2.36 1.83 0.19 0.67 3.42  K=2
  verify 5: accepted 1/1 (K=2) + correction -> +2 tokens (108.1 ms)  cpos=13
  [margins] 4.10 2.20 5.70 1.36 1.30 3.68 0.70 1.51  K=4
  verify 6: accepted 3/3 (K=4) + correction -> +4 tokens (132.9 ms)  cpos=17
  [margins] 0.24 0.48 4.43 0.43 0.18 1.56 2.21 3.43  K=2
  verify 7: accepted 0/1 (K=2) + correction -> +1 tokens (103.4 ms)  cpos=18
  [margins] 3.99 3.35 0.24 0.54 0.27 0.62 1.53 2.33  K=3
  verify 8: accepted 1/2 (K=3) + correction -> +2 tokens (119.6 ms)  cpos=20
  [margins] 2.47 2.48 4.59 2.48 1.13 1.94 0.28 0.99  K=5
  verify 9: accepted 4/4 (K=5) + correction -> +5 tokens (144.9 ms)  cpos=25
  [margins] 7.16 2.11 2.21 2.75 2.72 0.06 1.33 1.90  K=6
  verify 10: accepted 1/5 (K=6) + correction -> +2 tokens (164.2 ms)  cpos=27
  [margins] 3.31 3.42 5.30 1.88 0.67 1.17 1.10 0.62  K=5
  verify 11: accepted 4/4 (K=5) + correction -> +5 tokens (151.9 ms)  cpos=32
  [margins] 6.10 0.71 3.93 2.29 0.19 0.83 2.60 1.75  K=2
  verify 12: accepted 1/1 (K=2) + correction -> +2 tokens (104.0 ms)  cpos=34
  [margins] 2.01 3.90 5.78 1.16 1.38 0.10 0.34 0.25  K=4
  verify 13: accepted 3/3 (K=4) + correction -> +4 tokens (135.0 ms)  cpos=38
  [margins] 1.27 0.84 7.05 3.31 3.85 4.96 2.50 1.44  K=2
  verify 14: accepted 0/1 (K=2) + correction -> +1 tokens (109.0 ms)  cpos=39
  [margins] 4.28 0.06 5.39 3.58 3.76 2.93 1.95 1.31  K=2
  verify 15: accepted 1/1 (K=2) + correction -> +2 tokens (107.8 ms)  cpos=41
  [margins] 3.25 3.86 6.06 0.43 1.06 1.95 2.29 1.52  K=4
  verify 16: accepted 3/3 (K=4) + correction -> +4 tokens (134.7 ms)  cpos=45
  [margins] 3.75 0.21 7.37 1.14 3.89 0.92 2.51 1.69  K=2
  verify 17: accepted 1/1 (K=2) + correction -> +2 tokens (104.9 ms)  cpos=47
  [margins] 0.26 2.82 0.54 3.59 2.53 0.55 1.01 3.06  K=3
  verify 18: accepted 2/2 (K=3) + correction -> +3 tokens (120.2 ms)  cpos=50
  [margins] 4.19 3.56 3.62 0.61 4.24 3.80 1.59 2.97  K=4
  verify 19: accepted 3/3 (K=4) + correction -> +4 tokens (136.9 ms)  cpos=54
  [margins] 3.10 1.48 6.97 0.17 2.77 3.72 2.81 1.97  K=2
  verify 20: accepted 1/1 (K=2) + correction -> +2 tokens (109.4 ms)  cpos=56
  [margins] 8.40 1.17 2.59 1.96 0.20 2.50 4.23 2.31  K=2
  verify 21: accepted 1/1 (K=2) + correction -> +2 tokens (105.5 ms)  cpos=58
  [margins] 1.55 5.22 6.27 6.34 1.61 3.43 2.94 1.21  K=8
  verify 22: accepted 0/7 (K=8) + correction -> +1 tokens (199.1 ms)  cpos=59
  [margins] 5.14 5.93 6.69 0.58 2.83 5.37 0.85 4.68  K=4
  verify 23: accepted 3/3 (K=4) + correction -> +4 tokens (136.4 ms)  cpos=63
  [margins] 0.88 1.02 7.47 0.37 2.25 4.18 0.69 0.69  K=2
  verify 24: accepted 0/1 (K=2) + correction -> +1 tokens (110.3 ms)  cpos=64
  [margins] 6.92 1.19 3.29 0.86 1.97 0.68 5.00 3.32  K=2
  verify 25: accepted 1/1 (K=2) + correction -> +2 tokens (106.1 ms)  cpos=66
  [margins] 4.38 5.03 3.83 2.42 0.41 3.45 2.29 2.54  K=5
  verify 26: accepted 4/4 (K=5) + correction -> +5 tokens (148.5 ms)  cpos=71
  [margins] 6.10 1.50 2.15 2.47 0.82 3.64 4.84 0.30  K=2
  verify 27: accepted 1/1 (K=2) + correction -> +2 tokens (110.7 ms)  cpos=73
  [margins] 4.80 6.60 4.37 3.98 0.54 2.94 2.40 1.73  K=5
  verify 28: accepted 4/4 (K=5) + correction -> +5 tokens (150.6 ms)  cpos=78
  [margins] 5.61 0.33 1.56 0.08 5.36 3.77 1.69 0.20  K=2
  verify 29: accepted 1/1 (K=2) + correction -> +2 tokens (111.5 ms)  cpos=80
  [margins] 5.51 3.31 5.83 3.77 2.19 0.47 3.23 0.98  K=6
  verify 30: accepted 4/5 (K=6) + correction -> +5 tokens (166.2 ms)  cpos=85
  [margins] 7.17 0.74 1.98 1.06 3.33 3.04 2.96 0.86  K=2
  verify 31: accepted 1/1 (K=2) + correction -> +2 tokens (107.3 ms)  cpos=87
  [margins] 6.34 2.33 7.07 3.34 1.78 0.03 0.23 3.67  K=6
  verify 32: accepted 4/5 (K=6) + correction -> +5 tokens (172.8 ms)  cpos=92
  [margins] 7.71 1.73 3.42 0.52 4.70 2.67 1.50 0.76  K=4
  verify 33: accepted 1/3 (K=4) + correction -> +2 tokens (136.4 ms)  cpos=94
  [margins] 5.65 4.40 3.95 3.62 3.28 2.42 1.98 0.83  K=8
  verify 34: accepted 4/7 (K=8) + correction -> +5 tokens (206.9 ms)  cpos=99
  [margins] 6.61 1.37 4.04 1.83 4.41 1.89 2.78 0.62  K=2
  verify 35: accepted 1/1 (K=2) + correction -> +2 tokens (114.1 ms)  cpos=101
  [margins] 7.87 4.96 4.48 1.93 0.09 0.89 3.24 0.22  K=5
  verify 36: accepted 4/4 (K=5) + correction -> +5 tokens (150.0 ms)  cpos=106
  [margins] 7.19 2.90 1.64 1.05 4.91 3.49 3.13 0.43  K=4
  verify 37: accepted 1/3 (K=4) + correction -> +2 tokens (136.3 ms)  cpos=108
  [margins] 7.52 1.68 3.10 2.70 1.16 2.48 1.24 0.88  K=5
  verify 38: accepted 4/4 (K=5) + correction -> +5 tokens (151.2 ms)  cpos=113
  [margins] 6.76 1.72 3.40 0.57 4.02 3.68 1.42 1.06  K=4
  verify 39: accepted 1/3 (K=4) + correction -> +2 tokens (137.1 ms)  cpos=115
  [margins] 3.45 1.45 5.66 1.88 0.20 0.87 1.66 1.06  K=2
  verify 40: accepted 1/1 (K=2) + correction -> +2 tokens (115.7 ms)  cpos=117
  [margins] 9.62 5.77 1.35 4.19 0.84 5.97 0.88 3.79  K=3
  verify 41: accepted 2/2 (K=3) + correction -> +3 tokens (124.2 ms)  cpos=120
  [margins] 7.00 2.00 4.89 0.87 4.04 5.63 4.45 1.12  K=4
  verify 42: accepted 1/3 (K=4) + correction -> +2 tokens (138.7 ms)  cpos=122
  [margins] 6.96 1.74 5.19 3.06 0.30 0.02 0.42 0.87  K=5
  verify 43: accepted 4/4 (K=5) + correction -> +5 tokens (153.4 ms)  cpos=127
  [margins] 8.11 2.67 1.67 0.87 5.55 5.01 2.12 0.45  K=4
  verify 44: accepted 1/3 (K=4) + correction -> +2 tokens (152.4 ms)  cpos=129
  [margins] 7.79 5.73 7.33 0.90 0.25 1.43 0.80 1.11  K=4
  verify 45: accepted 3/3 (K=4) + correction -> +4 tokens (140.6 ms)  cpos=133
  [margins] 1.05 4.09 4.04 1.71 1.49 11.01 3.93 3.06  K=5
  verify 46: accepted 0/4 (K=5) + correction -> +1 tokens (151.2 ms)  cpos=134
  [margins] 6.72 1.34 0.19 1.21 2.97 2.68 3.51 2.24  K=2
  verify 47: accepted 1/1 (K=2) + correction -> +2 tokens (115.4 ms)  cpos=136
  [margins] 7.80 3.47 5.22 0.05 1.16 0.68 2.27 1.28  K=4
  verify 48: accepted 3/3 (K=4) + correction -> +4 tokens (141.3 ms)  cpos=140
  [margins] 0.25 4.80 5.43 0.82 1.31 10.61 5.52 5.48  K=4
  verify 49: accepted 3/3 (K=4) + correction -> +4 tokens (140.3 ms)  cpos=144
  [margins] 3.92 2.90 7.76 4.37 1.50 1.44 1.74 2.14  K=6
  verify 50: accepted 5/5 (K=6) + correction -> +6 tokens (169.3 ms)  cpos=150
  [margins] 6.21 1.02 1.89 0.96 5.28 5.34 2.98 0.32  K=2
  verify 51: accepted 1/1 (K=2) + correction -> +2 tokens (113.6 ms)  cpos=152
  [margins] 13.98 2.38 6.94 8.51 9.86 1.57 0.87 1.12  K=7
  verify 52: accepted 1/6 (K=7) + correction -> +2 tokens (187.8 ms)  cpos=154
  [margins] 3.98 7.07 7.46 3.83 4.13 0.10 7.20 3.77  K=6
  verify 53: accepted 4/5 (K=6) + correction -> +5 tokens (173.9 ms)  cpos=159
  [margins] 4.32 0.35 0.97 0.75 5.44 3.74 0.88 2.79  K=2
  verify 54: accepted 1/1 (K=2) + correction -> +2 tokens (114.1 ms)  cpos=161
  [margins] 10.40 6.70 7.80 6.03 2.21 1.17 1.38 1.68  K=6
  verify 55: accepted 5/5 (K=6) + correction -> +6 tokens (171.1 ms)  cpos=167
  [margins] 5.88 2.26 1.23 2.12 0.18 2.38 4.28 1.48  K=3
  verify 56: accepted 1/2 (K=3) + correction -> +2 tokens (124.7 ms)  cpos=169
  [margins] 3.77 1.73 4.96 1.08 0.03 0.24 0.48 1.30  K=4
  verify 57: accepted 3/3 (K=4) + correction -> +4 tokens (140.2 ms)  cpos=173
  [margins] 1.87 5.12 1.37 1.43 1.61 4.46 0.29 5.15  K=3
  verify 58: accepted 2/2 (K=3) + correction -> +3 tokens (127.0 ms)  cpos=176
  [margins] 3.63 4.88 6.60 1.25 0.42 2.38 0.92 1.30  K=4
  verify 59: accepted 3/3 (K=4) + correction -> +4 tokens (141.9 ms)  cpos=180
  [margins] 1.06 6.49 0.51 2.95 5.16 4.76 2.87 1.18  K=3
  verify 60: accepted 2/2 (K=3) + correction -> +3 tokens (122.5 ms)  cpos=183
  [margins] 4.33 4.33 8.38 1.61 2.14 1.17 0.36 1.42  K=6
  verify 61: accepted 4/5 (K=6) + correction -> +5 tokens (177.0 ms)  cpos=188
  [margins] 2.29 1.93 2.29 0.27 1.79 6.51 4.95 4.07  K=4
  verify 62: accepted 1/3 (K=4) + correction -> +2 tokens (139.3 ms)  cpos=190
  [margins] 9.00 1.19 0.43 2.99 0.41 7.13 6.68 6.39  K=2
  verify 63: accepted 1/1 (K=2) + correction -> +2 tokens (113.4 ms)  cpos=192
  [margins] 5.85 1.53 6.79 5.75 8.47 0.17 1.82 1.34  K=6
  verify 64: accepted 5/5 (K=6) + correction -> +6 tokens (170.1 ms)  cpos=198
  [margins] 0.31 5.63 0.94 0.10 3.19 1.44 0.32 5.27  K=3
  verify 65: accepted 2/2 (K=3) + correction -> +3 tokens (127.6 ms)  cpos=201
  [margins] 6.83 6.77 7.37 6.70 0.13 0.81 0.29 0.80  K=5
  verify 66: accepted 4/4 (K=5) + correction -> +5 tokens (152.9 ms)  cpos=206

[spec] generated 201 tokens over 66 verifies: mean tokens/verify = 3.05 (block=8, max 9)
[spec] tokens: 11111 16 455 6102 294 16603 344 29168 16 455 6102 294 14251 344 16235 16 455 6102 294 29585 344 76405 16 455 6102 294 25062 344 40977 16 455 6102 294 10322 344 17575 16 455 6102 294
[spec] LOSSLESS GATE: first 8 tokens match base AR -> PASS
[spec] SPEC-DECODE: 44.2 ms/tok = 22.60 tok/s  (vs base M=1 71.0 ms/tok = 14.08 tok/s -> 1.61x)
[decode] PREFILL: 34 positions in 597.0 ms = 56.9 tok/s (17.559 ms/tok)
[spec] decoding 200 tokens (block=8, draft passes=1, adaptK=1.50, prompt=1 s=35)...
  [margins] 2.03 2.40 1.23 1.41 0.67 0.24 0.36 1.10  K=3
  verify 1: accepted 0/2 (K=3) + correction -> +1 tokens (123.4 ms)  cpos=35
  [margins] 2.10 1.61 1.70 1.76 5.17 0.31 2.05 0.15  K=6
  verify 2: accepted 0/5 (K=6) + correction -> +1 tokens (166.2 ms)  cpos=36
  [margins] 1.55 1.80 0.22 3.45 1.24 1.64 0.59 1.30  K=3
  verify 3: accepted 0/2 (K=3) + correction -> +1 tokens (114.2 ms)  cpos=37
  [margins] 1.99 1.10 3.04 1.41 0.31 2.02 1.32 2.46  K=2
  verify 4: accepted 1/1 (K=2) + correction -> +2 tokens (102.4 ms)  cpos=39
  [margins] 0.02 0.15 0.14 0.24 2.28 0.49 2.37 0.04  K=2
  verify 5: accepted 1/1 (K=2) + correction -> +2 tokens (110.0 ms)  cpos=41
  [margins] 1.21 4.02 0.17 1.81 1.19 2.16 0.74 1.01  K=3
  verify 6: accepted 2/2 (K=3) + correction -> +3 tokens (120.5 ms)  cpos=44
  [margins] 0.02 5.89 10.04 3.04 0.98 0.07 0.67 3.17  K=5
  verify 7: accepted 4/4 (K=5) + correction -> +5 tokens (145.7 ms)  cpos=49
  [margins] 5.67 1.81 0.83 1.78 0.81 0.76 2.85 0.34  K=3
  verify 8: accepted 2/2 (K=3) + correction -> +3 tokens (118.3 ms)  cpos=52
  [margins] 5.11 5.47 7.00 1.55 0.34 2.22 0.43 0.22  K=5
  verify 9: accepted 3/4 (K=5) + correction -> +4 tokens (148.9 ms)  cpos=56
  [margins] 3.56 2.43 0.39 2.52 1.78 0.19 0.26 0.51  K=3
  verify 10: accepted 2/2 (K=3) + correction -> +3 tokens (115.6 ms)  cpos=59
  [margins] 0.56 0.39 2.92 0.22 0.69 3.11 0.10 0.83  K=2
  verify 11: accepted 0/1 (K=2) + correction -> +1 tokens (110.0 ms)  cpos=60
  [margins] 1.16 1.98 5.62 1.05 0.56 0.51 3.54 0.13  K=4
  verify 12: accepted 0/3 (K=4) + correction -> +1 tokens (134.2 ms)  cpos=61
  [margins] 1.35 4.51 1.45 0.94 0.13 0.34 2.73 0.05  K=3
  verify 13: accepted 1/2 (K=3) + correction -> +2 tokens (122.1 ms)  cpos=63
  [margins] 1.52 5.02 0.04 4.46 0.50 0.22 5.40 0.78  K=3
  verify 14: accepted 0/2 (K=3) + correction -> +1 tokens (123.3 ms)  cpos=64
  [margins] 4.68 0.05 0.72 1.30 0.19 0.96 5.89 0.87  K=2
  verify 15: accepted 1/1 (K=2) + correction -> +2 tokens (104.9 ms)  cpos=66
  [margins] 1.29 2.09 2.58 4.72 0.42 0.32 2.64 0.70  K=5
  verify 16: accepted 4/4 (K=5) + correction -> +5 tokens (147.3 ms)  cpos=71
  [margins] 2.26 1.60 1.34 5.25 0.60 1.36 0.22 1.25  K=3
  verify 17: accepted 2/2 (K=3) + correction -> +3 tokens (122.7 ms)  cpos=74
  [margins] 7.82 1.75 2.60 1.55 2.94 3.06 0.27 1.21  K=7
  verify 18: accepted 6/6 (K=7) + correction -> +7 tokens (185.1 ms)  cpos=81
  [margins] 5.69 5.49 2.29 7.64 0.48 2.65 4.21 2.70  K=5
  verify 19: accepted 4/4 (K=5) + correction -> +5 tokens (151.6 ms)  cpos=86
  [margins] 7.30 2.00 3.70 3.91 1.07 2.13 3.73 2.57  K=5
  verify 20: accepted 4/4 (K=5) + correction -> +5 tokens (151.3 ms)  cpos=91
  [margins] 6.21 3.55 3.65 9.11 0.61 2.40 4.88 5.00  K=5
  verify 21: accepted 4/4 (K=5) + correction -> +5 tokens (154.5 ms)  cpos=96
  [margins] 8.24 3.41 4.31 9.01 3.06 3.23 5.58 5.04  K=9
  verify 22: accepted 8/8 (K=9) + correction -> +9 tokens (218.6 ms)  cpos=105
  [margins] 6.92 4.97 6.78 1.32 6.43 0.76 0.67 4.73  K=4
  verify 23: accepted 3/3 (K=4) + correction -> +4 tokens (139.0 ms)  cpos=109
  [margins] 8.50 6.10 5.08 5.15 6.42 4.59 4.31 4.94  K=9
  verify 24: accepted 6/8 (K=9) + correction -> +7 tokens (220.8 ms)  cpos=116
  [margins] 8.77 9.39 5.13 8.51 2.25 5.40 5.90 5.58  K=9
  verify 25: accepted 8/8 (K=9) + correction -> +9 tokens (221.5 ms)  cpos=125
  [margins] 8.61 8.30 9.14 7.32 9.20 0.35 1.62 5.96  K=6
  verify 26: accepted 5/5 (K=6) + correction -> +6 tokens (186.6 ms)  cpos=131
  [margins] 2.74 3.35 5.86 0.64 0.21 1.71 1.71 2.16  K=4
  verify 27: accepted 3/3 (K=4) + correction -> +4 tokens (140.2 ms)  cpos=135
  [margins] 8.86 6.98 7.78 7.59 7.41 4.86 0.84 4.89  K=7
  verify 28: accepted 6/6 (K=7) + correction -> +7 tokens (194.1 ms)  cpos=142
  [margins] 13.17 5.09 10.49 10.43 9.01 8.41 7.21 5.77  K=9
  verify 29: accepted 8/8 (K=9) + correction -> +9 tokens (224.3 ms)  cpos=151
  [margins] 10.09 5.96 5.20 8.20 5.09 2.82 4.62 5.40  K=9
  verify 30: accepted 8/8 (K=9) + correction -> +9 tokens (226.9 ms)  cpos=160
  [margins] 9.79 8.79 9.55 7.69 9.30 7.59 1.75 4.29  K=9
  verify 31: accepted 8/8 (K=9) + correction -> +9 tokens (223.6 ms)  cpos=169
  [margins] 6.65 10.52 5.80 3.86 7.40 4.85 4.33 8.13  K=9
  verify 32: accepted 6/8 (K=9) + correction -> +7 tokens (223.8 ms)  cpos=176
  [margins] 7.04 8.94 6.24 10.43 3.37 3.53 5.83 6.52  K=9
  verify 33: accepted 8/8 (K=9) + correction -> +9 tokens (219.1 ms)  cpos=185
  [margins] 10.04 9.76 10.15 10.14 11.12 6.97 5.15 6.77  K=9
  verify 34: accepted 8/8 (K=9) + correction -> +9 tokens (221.6 ms)  cpos=194
  [margins] 9.25 9.64 9.30 6.62 12.07 6.97 5.88 4.37  K=9
  verify 35: accepted 6/8 (K=9) + correction -> +7 tokens (224.9 ms)  cpos=201
  [margins] 11.01 8.04 6.87 8.65 3.29 4.48 5.19 5.98  K=9
  verify 36: accepted 8/8 (K=9) + correction -> +9 tokens (222.4 ms)  cpos=210
  [margins] 8.62 9.14 8.75 8.72 9.01 8.85 3.88 4.91  K=9
  verify 37: accepted 8/8 (K=9) + correction -> +9 tokens (222.9 ms)  cpos=219
  [margins] 11.49 9.61 9.07 5.92 10.99 6.69 3.00 4.22  K=9
  verify 38: accepted 6/8 (K=9) + correction -> +7 tokens (229.9 ms)  cpos=226
  [margins] 12.15 7.40 9.86 6.51 6.95 4.41 6.35 6.92  K=9
  verify 39: accepted 8/8 (K=9) + correction -> +9 tokens (223.9 ms)  cpos=235

[spec] generated 201 tokens over 39 verifies: mean tokens/verify = 5.15 (block=8, max 9)
[spec] tokens: 4147 554 1926 270 4105 339 43 1114 1926 270 1178 65 50219 4105 418 270 9517 28 4593 1281 106239 3305 1 1 14 223 19 16 23 14 223 20 16 23 14 223 21 16 23 14
[spec] SPEC-DECODE: 32.2 ms/tok = 31.09 tok/s  (vs base M=1 71.0 ms/tok = 14.08 tok/s -> 2.21x)
[decode] PREFILL: 41 positions in 685.8 ms = 59.8 tok/s (16.726 ms/tok)
[spec] decoding 200 tokens (block=8, draft passes=1, adaptK=1.50, prompt=2 s=42)...
  [margins] 6.42 0.78 0.64 1.85 3.62 0.44 1.61 3.52  K=2
  verify 1: accepted 1/1 (K=2) + correction -> +2 tokens (107.2 ms)  cpos=43
  [margins] 1.91 4.82 2.26 1.62 0.59 0.07 1.10 0.05  K=5
  verify 2: accepted 4/4 (K=5) + correction -> +5 tokens (141.1 ms)  cpos=48
  [margins] 3.72 3.32 0.08 1.14 1.69 1.46 0.62 3.09  K=3
  verify 3: accepted 0/2 (K=3) + correction -> +1 tokens (117.4 ms)  cpos=49
  [margins] 2.44 5.85 1.14 0.57 1.52 2.08 0.24 1.59  K=3
  verify 4: accepted 0/2 (K=3) + correction -> +1 tokens (122.1 ms)  cpos=50
  [margins] 1.32 0.52 0.59 1.83 0.57 0.57 2.09 0.72  K=2
  verify 5: accepted 0/1 (K=2) + correction -> +1 tokens (102.5 ms)  cpos=51
  [margins] 6.29 3.06 0.33 1.19 2.35 1.23 1.24 3.87  K=3
  verify 6: accepted 1/2 (K=3) + correction -> +2 tokens (117.6 ms)  cpos=53
  [margins] 2.22 3.16 0.37 0.23 1.27 2.02 2.62 0.47  K=3
  verify 7: accepted 0/2 (K=3) + correction -> +1 tokens (121.8 ms)  cpos=54
  [margins] 3.03 7.06 3.88 0.38 0.99 2.41 2.66 0.04  K=4
  verify 8: accepted 2/3 (K=4) + correction -> +3 tokens (130.3 ms)  cpos=57
  [margins] 1.74 8.43 0.18 4.23 1.54 3.50 3.32 0.94  K=3
  verify 9: accepted 0/2 (K=3) + correction -> +1 tokens (123.4 ms)  cpos=58
  [margins] 5.32 4.75 1.03 2.03 1.85 1.95 3.20 0.63  K=3
  verify 10: accepted 2/2 (K=3) + correction -> +3 tokens (122.0 ms)  cpos=61
  [margins] 0.13 6.90 0.08 9.19 4.90 0.87 6.55 5.51  K=3
  verify 11: accepted 0/2 (K=3) + correction -> +1 tokens (124.9 ms)  cpos=62
  [margins] 0.68 6.23 7.26 0.74 5.27 0.12 5.17 5.97  K=4
  verify 12: accepted 0/3 (K=4) + correction -> +1 tokens (135.0 ms)  cpos=63
  [margins] 3.50 1.40 3.72 5.82 6.90 0.25 3.36 6.53  K=2
  verify 13: accepted 1/1 (K=2) + correction -> +2 tokens (111.7 ms)  cpos=65
  [margins] 0.06 0.13 9.39 7.18 0.38 7.05 6.02 0.04  K=2
  verify 14: accepted 0/1 (K=2) + correction -> +1 tokens (108.5 ms)  cpos=66
  [margins] 0.73 9.32 6.71 2.00 6.86 5.95 0.58 7.01  K=7
  verify 15: accepted 0/6 (K=7) + correction -> +1 tokens (179.7 ms)  cpos=67
  [margins] 3.53 0.56 5.29 5.91 4.75 0.28 0.58 6.41  K=2
  verify 16: accepted 1/1 (K=2) + correction -> +2 tokens (112.0 ms)  cpos=69
  [margins] 4.69 7.74 5.03 0.38 0.68 7.44 5.09 0.90  K=4
  verify 17: accepted 2/3 (K=4) + correction -> +3 tokens (136.9 ms)  cpos=72
  [margins] 4.85 2.10 0.99 2.72 0.13 5.28 1.10 4.20  K=3
  verify 18: accepted 2/2 (K=3) + correction -> +3 tokens (117.6 ms)  cpos=75
  [margins] 2.28 9.43 1.69 5.58 2.90 1.99 0.37 4.57  K=7
  verify 19: accepted 3/6 (K=7) + correction -> +4 tokens (185.8 ms)  cpos=79
  [margins] 16.95 13.13 5.13 5.76 1.63 8.00 0.53 4.10  K=7
  verify 20: accepted 6/6 (K=7) + correction -> +7 tokens (186.3 ms)  cpos=86
  [margins] 8.17 6.43 10.00 10.20 0.90 0.69 0.77 4.36  K=5
  verify 21: accepted 4/4 (K=5) + correction -> +5 tokens (147.1 ms)  cpos=91
  [margins] 16.87 13.50 6.29 7.28 15.14 6.81 8.67 0.60  K=8
  verify 22: accepted 6/7 (K=8) + correction -> +7 tokens (200.8 ms)  cpos=98
  [margins] 12.73 8.87 7.62 5.41 3.17 6.38 1.54 0.21  K=8
  verify 23: accepted 4/7 (K=8) + correction -> +5 tokens (203.7 ms)  cpos=103
  [margins] 15.98 14.88 10.04 3.25 4.36 4.87 0.65 1.57  K=7
  verify 24: accepted 6/6 (K=7) + correction -> +7 tokens (189.0 ms)  cpos=110
  [margins] 5.63 12.81 10.78 8.02 2.14 1.60 0.57 1.29  K=7
  verify 25: accepted 4/6 (K=7) + correction -> +5 tokens (188.3 ms)  cpos=115
  [margins] 11.73 10.34 10.62 2.73 1.75 14.92 4.56 0.25  K=8
  verify 26: accepted 7/7 (K=8) + correction -> +8 tokens (205.2 ms)  cpos=123
  [margins] 7.68 6.80 12.12 1.95 0.87 4.53 3.89 2.08  K=5
  verify 27: accepted 3/4 (K=5) + correction -> +4 tokens (170.2 ms)  cpos=127
  [margins] 16.94 12.48 9.86 8.65 11.71 4.34 2.40 4.73  K=9
  verify 28: accepted 6/8 (K=9) + correction -> +7 tokens (242.1 ms)  cpos=134
  [margins] 0.31 1.37 12.50 6.22 7.04 8.51 7.52 4.80  K=2
  verify 29: accepted 0/1 (K=2) + correction -> +1 tokens (116.3 ms)  cpos=135
  [margins] 13.49 7.11 1.29 8.68 7.53 6.41 0.12 0.15  K=3
  verify 30: accepted 2/2 (K=3) + correction -> +3 tokens (127.4 ms)  cpos=138
  [margins] 17.37 11.54 12.83 8.76 1.71 1.39 5.10 1.12  K=6
  verify 31: accepted 5/5 (K=6) + correction -> +6 tokens (173.5 ms)  cpos=144
  [margins] 11.98 10.75 8.11 2.11 7.80 0.45 7.05 2.35  K=6
  verify 32: accepted 4/5 (K=6) + correction -> +5 tokens (169.6 ms)  cpos=149
  [margins] 12.44 10.36 8.40 0.50 2.40 6.20 6.48 1.51  K=4
  verify 33: accepted 3/3 (K=4) + correction -> +4 tokens (141.0 ms)  cpos=153
  [margins] 2.92 8.73 12.28 7.66 6.17 4.31 5.13 0.01  K=8
  verify 34: accepted 4/7 (K=8) + correction -> +5 tokens (206.1 ms)  cpos=158
  [margins] 11.22 9.59 9.16 0.99 0.22 5.62 0.18 1.76  K=4
  verify 35: accepted 3/3 (K=4) + correction -> +4 tokens (137.7 ms)  cpos=162
  [margins] 16.34 0.34 8.95 7.07 0.04 0.58 3.00 3.80  K=2
  verify 36: accepted 1/1 (K=2) + correction -> +2 tokens (111.8 ms)  cpos=164
  [margins] 13.85 8.85 0.82 0.37 4.69 3.06 0.82 0.80  K=3
  verify 37: accepted 2/2 (K=3) + correction -> +3 tokens (124.2 ms)  cpos=167
  [margins] 12.00 14.27 11.81 8.54 0.62 6.09 9.41 6.98  K=5
  verify 38: accepted 4/4 (K=5) + correction -> +5 tokens (157.9 ms)  cpos=172
  [margins] 17.02 7.60 9.01 6.82 0.15 5.58 9.36 6.09  K=5
  verify 39: accepted 4/4 (K=5) + correction -> +5 tokens (153.0 ms)  cpos=177
  [margins] 15.97 13.85 12.95 9.07 6.87 7.71 4.59 5.47  K=9
  verify 40: accepted 6/8 (K=9) + correction -> +7 tokens (219.9 ms)  cpos=184
  [margins] 18.72 11.76 3.62 13.79 5.97 11.41 6.59 1.96  K=9
  verify 41: accepted 7/8 (K=9) + correction -> +8 tokens (222.9 ms)  cpos=192
  [margins] 15.67 8.23 2.95 6.69 1.48 3.05 2.35 3.73  K=5
  verify 42: accepted 4/4 (K=5) + correction -> +5 tokens (154.8 ms)  cpos=197
  [margins] 15.53 12.16 2.79 7.70 6.69 0.10 1.63 0.67  K=6
  verify 43: accepted 5/5 (K=6) + correction -> +6 tokens (169.5 ms)  cpos=203
  [margins] 13.25 7.95 7.28 0.05 7.39 7.24 3.55 0.90  K=4
  verify 44: accepted 3/3 (K=4) + correction -> +4 tokens (142.6 ms)  cpos=207
  [margins] 11.13 7.78 6.08 4.16 2.40 4.16 1.56 0.57  K=8
  verify 45: accepted 5/7 (K=8) + correction -> +6 tokens (202.9 ms)  cpos=213
  [margins] 21.25 14.22 7.77 12.64 0.73 8.66 2.72 0.46  K=5
  verify 46: accepted 4/4 (K=5) + correction -> +5 tokens (152.4 ms)  cpos=218
  [margins] 24.99 13.32 10.35 15.74 1.73 2.11 7.07 1.26  K=8
  verify 47: accepted 4/7 (K=8) + correction -> +5 tokens (207.5 ms)  cpos=223
  [margins] 22.55 15.16 10.50 15.44 5.30 2.44 8.07 0.51  K=8
  verify 48: accepted 4/7 (K=8) + correction -> +5 tokens (209.4 ms)  cpos=228
  [margins] 22.23 14.63 3.39 12.74 2.35 7.90 3.64 0.96  K=8
  verify 49: accepted 7/7 (K=8) + correction -> +8 tokens (209.1 ms)  cpos=236
  [margins] 24.17 12.34 7.08 4.39 5.52 14.01 4.26 3.18  K=9
  verify 50: accepted 6/8 (K=9) + correction -> +7 tokens (226.4 ms)  cpos=243

[spec] generated 202 tokens over 50 verifies: mean tokens/verify = 4.04 (block=8, max 9)
[spec] tokens: 1 1 1 1 1 1 50 1697 1 16 1 50 1697 16 1 50 1697 16 1 50 1697 16 1 50 1697 16 1 50 1697 16 20692 50 1697 16 791 50 1697 4394 1015 50
[spec] SPEC-DECODE: 38.9 ms/tok = 25.71 tok/s  (vs base M=1 71.0 ms/tok = 14.08 tok/s -> 1.83x)
[decode] PREFILL: 26 positions in 458.1 ms = 56.8 tok/s (17.618 ms/tok)
[spec] decoding 200 tokens (block=8, draft passes=1, adaptK=1.50, prompt=3 s=27)...
  [margins] 1.02 0.31 0.11 0.26 0.29 0.79 2.58 0.53  K=2
  verify 1: accepted 1/1 (K=2) + correction -> +2 tokens (110.1 ms)  cpos=28
  [margins] 4.68 0.78 0.21 0.87 0.34 0.96 1.32 0.04  K=2
  verify 2: accepted 1/1 (K=2) + correction -> +2 tokens (107.0 ms)  cpos=30
  [margins] 3.09 0.22 0.80 2.93 0.43 2.08 0.98 0.79  K=2
  verify 3: accepted 1/1 (K=2) + correction -> +2 tokens (110.8 ms)  cpos=32
  [margins] 2.50 0.73 2.14 1.22 1.57 2.94 0.00 2.04  K=2
  verify 4: accepted 1/1 (K=2) + correction -> +2 tokens (105.8 ms)  cpos=34
  [margins] 2.42 2.42 1.18 0.83 3.62 2.98 0.25 3.12  K=3
  verify 5: accepted 2/2 (K=3) + correction -> +3 tokens (117.7 ms)  cpos=37
  [margins] 2.68 3.75 3.27 3.17 0.30 2.66 0.88 5.39  K=5
  verify 6: accepted 4/4 (K=5) + correction -> +5 tokens (136.4 ms)  cpos=42
  [margins] 1.91 6.42 1.99 2.37 2.10 0.99 7.28 2.13  K=6
  verify 7: accepted 5/5 (K=6) + correction -> +6 tokens (156.8 ms)  cpos=48
  [margins] 1.56 12.89 1.00 5.07 2.84 0.84 3.50 0.06  K=3
  verify 8: accepted 0/2 (K=3) + correction -> +1 tokens (114.5 ms)  cpos=49
  [margins] 5.96 2.94 5.64 2.11 2.95 2.33 0.64 7.94  K=7
  verify 9: accepted 6/6 (K=7) + correction -> +7 tokens (171.2 ms)  cpos=56
  [margins] 1.53 13.06 0.56 4.35 2.84 0.20 3.62 0.16  K=3
  verify 10: accepted 0/2 (K=3) + correction -> +1 tokens (115.4 ms)  cpos=57
  [margins] 6.29 3.61 5.81 1.96 2.91 2.12 0.79 8.10  K=7
  verify 11: accepted 6/6 (K=7) + correction -> +7 tokens (172.5 ms)  cpos=64
  [margins] 0.96 13.01 1.70 3.78 3.63 0.54 4.19 0.47  K=6
  verify 12: accepted 0/5 (K=6) + correction -> +1 tokens (157.5 ms)  cpos=65
  [margins] 5.34 3.73 6.19 3.15 3.08 2.82 0.47 3.24  K=7
  verify 13: accepted 6/6 (K=7) + correction -> +7 tokens (172.9 ms)  cpos=72
  [margins] 0.79 13.33 0.82 3.07 3.27 0.02 8.05 4.82  K=3
  verify 14: accepted 0/2 (K=3) + correction -> +1 tokens (116.6 ms)  cpos=73
  [margins] 6.18 2.58 6.47 3.95 2.76 3.87 0.06 3.58  K=7
  verify 15: accepted 1/6 (K=7) + correction -> +2 tokens (174.8 ms)  cpos=75
  [margins] 8.23 1.56 3.86 1.59 0.75 1.73 0.29 7.46  K=5
  verify 16: accepted 0/4 (K=5) + correction -> +1 tokens (148.5 ms)  cpos=76
  [margins] 1.37 5.39 0.63 1.46 2.05 0.75 1.38 1.38  K=3
  verify 17: accepted 0/2 (K=3) + correction -> +1 tokens (118.1 ms)  cpos=77
  [margins] 1.04 1.71 2.01 0.70 1.93 0.04 0.29 1.77  K=4
  verify 18: accepted 0/3 (K=4) + correction -> +1 tokens (133.5 ms)  cpos=78
  [margins] 1.40 3.01 1.60 2.55 1.89 1.64 3.36 0.36  K=8
  verify 19: accepted 2/7 (K=8) + correction -> +3 tokens (198.8 ms)  cpos=81
  [margins] 1.19 0.14 1.70 2.09 2.29 0.38 1.10 0.22  K=2
  verify 20: accepted 1/1 (K=2) + correction -> +2 tokens (105.3 ms)  cpos=83
  [margins] 1.18 0.43 0.53 0.27 0.62 3.03 0.04 0.48  K=2
  verify 21: accepted 1/1 (K=2) + correction -> +2 tokens (108.9 ms)  cpos=85
  [margins] 4.59 1.50 0.96 1.59 1.08 0.58 3.48 0.29  K=3
  verify 22: accepted 1/2 (K=3) + correction -> +2 tokens (120.2 ms)  cpos=87
  [margins] 4.61 3.54 0.07 3.65 1.07 2.09 1.23 0.76  K=3
  verify 23: accepted 1/2 (K=3) + correction -> +2 tokens (123.1 ms)  cpos=89
  [margins] 1.71 3.18 0.43 0.71 0.25 0.19 0.08 0.45  K=3
  verify 24: accepted 2/2 (K=3) + correction -> +3 tokens (121.9 ms)  cpos=92
  [margins] 3.70 1.47 0.45 3.17 3.29 0.16 0.40 1.32  K=2
  verify 25: accepted 1/1 (K=2) + correction -> +2 tokens (107.2 ms)  cpos=94
  [margins] 0.05 8.21 1.88 1.31 3.12 0.56 2.03 0.17  K=4
  verify 26: accepted 3/3 (K=4) + correction -> +4 tokens (133.4 ms)  cpos=98
  [margins] 2.22 1.31 3.67 0.77 0.05 0.29 0.21 0.92  K=2
  verify 27: accepted 1/1 (K=2) + correction -> +2 tokens (113.5 ms)  cpos=100
  [margins] 0.18 0.00 0.09 2.30 0.31 3.15 1.03 0.73  K=2
  verify 28: accepted 1/1 (K=2) + correction -> +2 tokens (105.1 ms)  cpos=102
  [margins] 1.02 0.24 0.66 3.23 8.42 0.06 0.09 5.30  K=2
  verify 29: accepted 0/1 (K=2) + correction -> +1 tokens (110.0 ms)  cpos=103
  [margins] 5.69 5.76 2.44 3.82 6.35 2.39 1.30 6.68  K=7
  verify 30: accepted 5/6 (K=7) + correction -> +6 tokens (185.5 ms)  cpos=109
  [margins] 9.51 1.34 2.36 2.09 1.12 3.65 2.73 0.06  K=2
  verify 31: accepted 1/1 (K=2) + correction -> +2 tokens (106.8 ms)  cpos=111
  [margins] 1.63 8.28 0.91 0.89 1.24 1.31 3.53 0.54  K=3
  verify 32: accepted 2/2 (K=3) + correction -> +3 tokens (124.1 ms)  cpos=114
  [margins] 0.31 10.44 1.44 3.21 4.10 1.41 4.78 3.71  K=3
  verify 33: accepted 2/2 (K=3) + correction -> +3 tokens (122.1 ms)  cpos=117
  [margins] 0.86 5.81 3.97 3.92 9.57 3.47 1.20 7.88  K=7
  verify 34: accepted 6/6 (K=7) + correction -> +7 tokens (193.8 ms)  cpos=124
  [margins] 10.10 5.41 12.56 6.22 3.87 1.37 1.35 2.38  K=6
  verify 35: accepted 5/5 (K=6) + correction -> +6 tokens (179.4 ms)  cpos=130
  [margins] 12.07 9.41 13.03 1.25 1.35 4.40 0.67 0.00  K=4
  verify 36: accepted 3/3 (K=4) + correction -> +4 tokens (140.0 ms)  cpos=134
  [margins] 0.46 0.42 0.87 0.31 0.89 0.65 1.41 0.64  K=2
  verify 37: accepted 1/1 (K=2) + correction -> +2 tokens (117.2 ms)  cpos=136
  [margins] 1.22 6.51 2.49 4.37 2.86 0.82 3.71 0.14  K=6
  verify 38: accepted 0/5 (K=6) + correction -> +1 tokens (157.0 ms)  cpos=137
  [margins] 3.41 0.80 0.66 0.26 3.51 1.06 0.26 3.41  K=2
  verify 39: accepted 0/1 (K=2) + correction -> +1 tokens (109.1 ms)  cpos=138
  [margins] 0.80 2.64 0.06 1.92 0.56 0.32 0.44 0.39  K=3
  verify 40: accepted 1/2 (K=3) + correction -> +2 tokens (122.9 ms)  cpos=140
  [margins] 4.37 3.17 0.89 0.07 1.04 0.62 2.08 1.71  K=3
  verify 41: accepted 0/2 (K=3) + correction -> +1 tokens (120.8 ms)  cpos=141
  [margins] 1.68 0.16 1.82 0.01 2.30 1.63 0.93 0.32  K=2
  verify 42: accepted 1/1 (K=2) + correction -> +2 tokens (107.5 ms)  cpos=143
  [margins] 0.70 0.68 0.91 0.58 1.58 4.18 1.17 0.27  K=2
  verify 43: accepted 0/1 (K=2) + correction -> +1 tokens (112.7 ms)  cpos=144
  [margins] 1.14 2.02 1.40 2.97 0.77 0.67 0.25 1.01  K=3
  verify 44: accepted 1/2 (K=3) + correction -> +2 tokens (124.2 ms)  cpos=146
  [margins] 5.01 0.11 1.33 2.30 0.16 2.94 0.78 0.28  K=2
  verify 45: accepted 1/1 (K=2) + correction -> +2 tokens (111.7 ms)  cpos=148
  [margins] 0.13 0.78 2.71 3.33 1.49 0.04 0.95 0.36  K=2
  verify 46: accepted 1/1 (K=2) + correction -> +2 tokens (106.6 ms)  cpos=150
  [margins] 1.29 0.33 0.06 1.88 0.50 2.35 1.38 0.74  K=2
  verify 47: accepted 1/1 (K=2) + correction -> +2 tokens (110.8 ms)  cpos=152
  [margins] 3.68 0.01 0.71 0.20 2.77 0.46 0.64 0.37  K=2
  verify 48: accepted 1/1 (K=2) + correction -> +2 tokens (106.7 ms)  cpos=154
  [margins] 1.45 0.63 4.38 0.10 1.50 1.01 2.17 0.57  K=2
  verify 49: accepted 1/1 (K=2) + correction -> +2 tokens (112.7 ms)  cpos=156
  [margins] 4.43 0.52 0.72 0.52 0.59 0.58 0.95 0.01  K=2
  verify 50: accepted 1/1 (K=2) + correction -> +2 tokens (108.0 ms)  cpos=158
  [margins] 2.80 1.68 2.48 0.89 0.61 3.59 1.76 0.56  K=4
  verify 51: accepted 3/3 (K=4) + correction -> +4 tokens (139.8 ms)  cpos=162
  [margins] 4.75 1.33 1.07 0.10 0.96 0.45 1.03 0.20  K=2
  verify 52: accepted 1/1 (K=2) + correction -> +2 tokens (111.8 ms)  cpos=164
  [margins] 0.29 0.49 2.83 0.99 1.53 1.21 0.72 1.21  K=2
  verify 53: accepted 0/1 (K=2) + correction -> +1 tokens (109.5 ms)  cpos=165
  [margins] 4.00 2.21 3.20 0.44 6.15 2.24 0.44 0.84  K=4
  verify 54: accepted 2/3 (K=4) + correction -> +3 tokens (136.9 ms)  cpos=168
  [margins] 4.92 1.80 6.52 3.32 0.41 2.30 2.18 2.83  K=5
  verify 55: accepted 4/4 (K=5) + correction -> +5 tokens (151.6 ms)  cpos=173
  [margins] 0.07 6.23 0.02 0.64 1.05 2.99 0.32 3.34  K=3
  verify 56: accepted 0/2 (K=3) + correction -> +1 tokens (124.0 ms)  cpos=174
  [margins] 0.71 3.04 0.08 3.30 4.41 0.58 2.29 2.57  K=3
  verify 57: accepted 0/2 (K=3) + correction -> +1 tokens (126.2 ms)  cpos=175
  [margins] 0.31 1.56 2.74 0.55 1.90 2.17 2.08 1.04  K=4
  verify 58: accepted 1/3 (K=4) + correction -> +2 tokens (137.3 ms)  cpos=177
  [margins] 2.74 0.23 2.20 3.21 2.39 0.95 2.30 2.48  K=2
  verify 59: accepted 1/1 (K=2) + correction -> +2 tokens (109.1 ms)  cpos=179
  [margins] 3.38 2.59 0.43 1.25 0.43 0.05 0.42 2.33  K=3
  verify 60: accepted 1/2 (K=3) + correction -> +2 tokens (125.4 ms)  cpos=181
  [margins] 4.84 0.13 1.87 2.43 1.13 4.74 1.68 5.49  K=2
  verify 61: accepted 1/1 (K=2) + correction -> +2 tokens (108.2 ms)  cpos=183
  [margins] 4.75 4.57 6.08 2.55 7.19 1.97 0.90 0.93  K=7
  verify 62: accepted 2/6 (K=7) + correction -> +3 tokens (187.1 ms)  cpos=186
  [margins] 2.77 2.70 1.60 0.54 1.00 2.17 1.45 0.08  K=4
  verify 63: accepted 3/3 (K=4) + correction -> +4 tokens (138.2 ms)  cpos=190
  [margins] 2.49 2.00 4.36 0.70 3.64 0.44 2.46 0.97  K=4
  verify 64: accepted 2/3 (K=4) + correction -> +3 tokens (137.1 ms)  cpos=193
  [margins] 0.56 0.03 0.40 2.06 2.79 2.97 0.90 0.73  K=2
  verify 65: accepted 1/1 (K=2) + correction -> +2 tokens (108.0 ms)  cpos=195
  [margins] 2.59 1.33 2.24 4.59 1.07 5.09 1.59 0.46  K=2
  verify 66: accepted 1/1 (K=2) + correction -> +2 tokens (111.8 ms)  cpos=197
  [margins] 0.97 0.62 7.02 1.33 3.31 1.11 1.40 0.44  K=2
  verify 67: accepted 0/1 (K=2) + correction -> +1 tokens (107.4 ms)  cpos=198
  [margins] 0.83 1.50 0.00 5.16 1.18 1.57 1.99 0.40  K=2
  verify 68: accepted 0/1 (K=2) + correction -> +1 tokens (113.1 ms)  cpos=199
  [margins] 4.08 5.18 7.57 1.89 4.37 3.71 2.71 3.03  K=9
  verify 69: accepted 0/8 (K=9) + correction -> +1 tokens (225.6 ms)  cpos=200
  [margins] 5.52 3.25 2.64 1.84 4.77 2.40 2.58 2.00  K=9
  verify 70: accepted 4/8 (K=9) + correction -> +5 tokens (216.4 ms)  cpos=205
  [margins] 2.70 0.74 0.08 1.70 1.43 4.03 0.59 2.16  K=2
  verify 71: accepted 1/1 (K=2) + correction -> +2 tokens (107.5 ms)  cpos=207
  [margins] 3.66 2.68 2.03 3.81 6.24 2.23 4.80 3.82  K=9
  verify 72: accepted 0/8 (K=9) + correction -> +1 tokens (224.3 ms)  cpos=208
  [margins] 10.78 0.24 1.32 3.71 2.00 0.88 4.11 1.35  K=2
  verify 73: accepted 1/1 (K=2) + correction -> +2 tokens (109.2 ms)  cpos=210
  [margins] 3.26 4.47 3.53 1.63 6.49 3.55 0.32 1.20  K=7
  verify 74: accepted 2/6 (K=7) + correction -> +3 tokens (186.8 ms)  cpos=213
  [margins] 0.78 0.27 1.22 1.39 0.51 0.21 1.01 4.57  K=2
  verify 75: accepted 1/1 (K=2) + correction -> +2 tokens (108.1 ms)  cpos=215
  [margins] 3.52 2.02 4.87 1.76 1.46 0.89 4.45 0.19  K=5
  verify 76: accepted 4/4 (K=5) + correction -> +5 tokens (157.7 ms)  cpos=220
  [margins] 4.37 2.21 2.77 1.17 2.31 2.82 7.02 1.45  K=4
  verify 77: accepted 0/3 (K=4) + correction -> +1 tokens (140.8 ms)  cpos=221
  [margins] 11.47 3.15 2.67 0.30 1.92 2.12 4.38 0.21  K=4
  verify 78: accepted 3/3 (K=4) + correction -> +4 tokens (138.9 ms)  cpos=225
  [margins] 10.49 7.01 1.20 0.86 1.10 2.63 1.03 0.32  K=3
  verify 79: accepted 2/2 (K=3) + correction -> +3 tokens (127.6 ms)  cpos=228

[spec] generated 202 tokens over 79 verifies: mean tokens/verify = 2.56 (block=8, max 9)
[spec] tokens: 1 16 1 16 1 16 1 16 1 16 1 16 1 16 1 16 1 16 1 16 1 16 1 16 1 16 1 16 1 16 1 16 1 16 1 16 1 16 1 16
[spec] SPEC-DECODE: 51.9 ms/tok = 19.26 tok/s  (vs base M=1 71.0 ms/tok = 14.08 tok/s -> 1.37x)
[decode] PREFILL: 14 positions in 284.0 ms = 49.3 tok/s (20.286 ms/tok)
[spec] decoding 200 tokens (block=8, draft passes=1, adaptK=1.50, prompt=4 s=15)...
  [margins] 0.51 8.78 4.57 4.25 5.02 7.57 1.13 6.82  K=7
  verify 1: accepted 0/6 (K=7) + correction -> +1 tokens (179.2 ms)  cpos=15
  [margins] 0.32 0.08 1.10 2.43 3.25 0.10 0.46 1.43  K=2
  verify 2: accepted 0/1 (K=2) + correction -> +1 tokens (107.7 ms)  cpos=16
  [margins] 1.32 0.88 0.76 1.83 0.10 1.61 0.90 0.39  K=2
  verify 3: accepted 0/1 (K=2) + correction -> +1 tokens (104.9 ms)  cpos=17
  [margins] 0.11 0.12 0.79 2.44 1.51 0.45 3.08 0.18  K=2
  verify 4: accepted 0/1 (K=2) + correction -> +1 tokens (102.8 ms)  cpos=18
  [margins] 0.72 0.30 0.38 0.37 0.56 0.33 0.57 0.55  K=2
  verify 5: accepted 1/1 (K=2) + correction -> +2 tokens (106.9 ms)  cpos=20
  [margins] 0.94 0.98 0.30 0.81 1.27 2.30 1.33 0.10  K=2
  verify 6: accepted 1/1 (K=2) + correction -> +2 tokens (101.6 ms)  cpos=22
  [margins] 1.78 1.10 0.13 0.71 0.46 1.64 1.90 0.07  K=2
  verify 7: accepted 1/1 (K=2) + correction -> +2 tokens (108.5 ms)  cpos=24
  [margins] 0.50 1.16 0.23 0.34 3.84 0.18 0.13 0.60  K=2
  verify 8: accepted 0/1 (K=2) + correction -> +1 tokens (103.3 ms)  cpos=25
  [margins] 0.22 0.63 0.23 0.47 0.84 0.45 0.86 0.31  K=2
  verify 9: accepted 1/1 (K=2) + correction -> +2 tokens (103.8 ms)  cpos=27
  [margins] 0.32 0.75 0.03 0.29 0.13 1.62 0.00 0.01  K=2
  verify 10: accepted 1/1 (K=2) + correction -> +2 tokens (111.7 ms)  cpos=29
  [margins] 4.28 2.91 0.59 0.75 3.05 4.50 0.46 1.51  K=3
  verify 11: accepted 2/2 (K=3) + correction -> +3 tokens (120.8 ms)  cpos=32
  [margins] 1.66 1.41 0.74 0.14 1.11 0.71 0.28 2.53  K=2
  verify 12: accepted 1/1 (K=2) + correction -> +2 tokens (102.4 ms)  cpos=34
  [margins] 2.02 0.72 0.75 1.17 0.59 1.61 0.77 0.41  K=2
  verify 13: accepted 1/1 (K=2) + correction -> +2 tokens (107.0 ms)  cpos=36
  [margins] 0.04 0.91 12.64 0.16 1.34 0.19 0.67 1.50  K=2
  verify 14: accepted 0/1 (K=2) + correction -> +1 tokens (102.8 ms)  cpos=37
  [margins] 0.51 2.75 1.99 0.81 1.88 1.24 0.75 2.34  K=4
  verify 15: accepted 1/3 (K=4) + correction -> +2 tokens (133.8 ms)  cpos=39
  [margins] 0.14 1.07 0.86 1.23 2.19 1.21 1.09 3.81  K=2
  verify 16: accepted 0/1 (K=2) + correction -> +1 tokens (106.8 ms)  cpos=40
  [margins] 3.17 2.87 3.33 0.38 0.80 3.49 0.70 1.06  K=4
  verify 17: accepted 1/3 (K=4) + correction -> +2 tokens (135.0 ms)  cpos=42
  [margins] 0.17 0.71 0.24 0.77 1.19 3.24 1.31 0.15  K=2
  verify 18: accepted 1/1 (K=2) + correction -> +2 tokens (109.3 ms)  cpos=44
  [margins] 0.66 7.93 0.11 2.00 1.04 0.95 0.51 0.82  K=3
  verify 19: accepted 2/2 (K=3) + correction -> +3 tokens (117.7 ms)  cpos=47
  [margins] 3.27 5.39 3.18 1.67 2.91 1.18 0.30 4.17  K=6
  verify 20: accepted 3/5 (K=6) + correction -> +4 tokens (168.5 ms)  cpos=51
  [margins] 2.88 0.31 1.48 0.29 0.10 1.15 2.08 0.09  K=2
  verify 21: accepted 0/1 (K=2) + correction -> +1 tokens (109.0 ms)  cpos=52
  [margins] 1.43 2.41 1.57 1.14 2.93 0.63 0.77 0.14  K=4
  verify 22: accepted 0/3 (K=4) + correction -> +1 tokens (133.0 ms)  cpos=53
  [margins] 7.38 3.13 0.01 4.61 1.98 0.05 1.21 0.67  K=3
  verify 23: accepted 2/2 (K=3) + correction -> +3 tokens (124.4 ms)  cpos=56
  [margins] 4.26 0.56 4.43 4.51 1.58 0.27 2.68 1.96  K=2
  verify 24: accepted 1/1 (K=2) + correction -> +2 tokens (105.8 ms)  cpos=58
  [margins] 4.94 10.37 2.64 0.61 0.40 0.24 0.71 0.71  K=4
  verify 25: accepted 2/3 (K=4) + correction -> +3 tokens (131.6 ms)  cpos=61
  [margins] 1.60 1.01 0.34 3.09 1.01 1.89 0.67 2.09  K=2
  verify 26: accepted 0/1 (K=2) + correction -> +1 tokens (106.5 ms)  cpos=62
  [margins] 2.04 0.10 2.09 0.12 1.89 3.33 0.10 2.33  K=2
  verify 27: accepted 0/1 (K=2) + correction -> +1 tokens (107.6 ms)  cpos=63
  [margins] 1.27 1.87 1.14 0.35 0.28 0.32 1.49 0.76  K=3
  verify 28: accepted 2/2 (K=3) + correction -> +3 tokens (122.2 ms)  cpos=66
  [margins] 1.43 2.03 0.60 0.31 0.00 0.43 0.30 0.68  K=3
  verify 29: accepted 0/2 (K=3) + correction -> +1 tokens (120.8 ms)  cpos=67
  [margins] 0.97 0.70 3.87 2.04 0.13 0.80 1.84 1.06  K=2
  verify 30: accepted 1/1 (K=2) + correction -> +2 tokens (111.4 ms)  cpos=69
  [margins] 0.22 0.19 0.96 0.27 0.67 0.22 1.61 0.99  K=2
  verify 31: accepted 0/1 (K=2) + correction -> +1 tokens (106.6 ms)  cpos=70
  [margins] 1.90 0.92 1.79 0.63 1.15 1.92 1.97 0.63  K=2
  verify 32: accepted 0/1 (K=2) + correction -> +1 tokens (109.3 ms)  cpos=71
  [margins] 1.50 0.65 0.00 0.47 2.21 0.63 1.06 0.36  K=2
  verify 33: accepted 0/1 (K=2) + correction -> +1 tokens (110.7 ms)  cpos=72
  [margins] 0.31 1.29 0.66 2.49 0.05 1.07 0.09 0.40  K=2
  verify 34: accepted 0/1 (K=2) + correction -> +1 tokens (105.9 ms)  cpos=73
  [margins] 5.27 1.62 1.45 0.01 0.89 0.41 0.36 0.51  K=3
  verify 35: accepted 2/2 (K=3) + correction -> +3 tokens (120.8 ms)  cpos=76
  [margins] 1.48 2.91 2.59 0.46 0.23 0.18 8.13 1.77  K=4
  verify 36: accepted 0/3 (K=4) + correction -> +1 tokens (136.0 ms)  cpos=77
  [margins] 3.59 1.28 0.25 0.54 0.45 1.31 8.66 1.39  K=2
  verify 37: accepted 1/1 (K=2) + correction -> +2 tokens (105.8 ms)  cpos=79
  [margins] 4.12 2.79 0.37 0.74 4.31 1.01 3.59 2.66  K=3
  verify 38: accepted 2/2 (K=3) + correction -> +3 tokens (123.7 ms)  cpos=82
  [margins] 3.30 2.83 9.84 2.13 3.58 9.15 2.21 0.30  K=8
  verify 39: accepted 3/7 (K=8) + correction -> +4 tokens (203.3 ms)  cpos=86
  [margins] 5.48 5.32 4.04 0.87 0.87 0.17 0.89 1.65  K=4
  verify 40: accepted 2/3 (K=4) + correction -> +3 tokens (124.7 ms)  cpos=89
  [margins] 7.88 3.98 0.46 2.00 1.01 4.90 0.26 2.76  K=3
  verify 41: accepted 1/2 (K=3) + correction -> +2 tokens (120.0 ms)  cpos=91
  [margins] 5.17 2.72 0.56 1.98 3.86 0.11 1.39 5.43  K=3
  verify 42: accepted 1/2 (K=3) + correction -> +2 tokens (119.6 ms)  cpos=93
  [margins] 3.79 2.93 5.24 4.10 2.28 2.52 4.39 0.44  K=8
  verify 43: accepted 1/7 (K=8) + correction -> +2 tokens (193.9 ms)  cpos=95
  [margins] 4.10 3.06 6.49 3.55 3.45 4.25 3.92 1.49  K=8
  verify 44: accepted 1/7 (K=8) + correction -> +2 tokens (194.3 ms)  cpos=97
  [margins] 2.92 2.33 3.39 1.53 6.14 2.79 1.08 5.38  K=7
  verify 45: accepted 3/6 (K=7) + correction -> +4 tokens (180.5 ms)  cpos=101
  [margins] 2.53 3.96 3.65 1.21 3.83 2.66 6.27 3.70  K=4
  verify 46: accepted 3/3 (K=4) + correction -> +4 tokens (129.8 ms)  cpos=105
  [margins] 2.62 4.18 3.13 1.25 3.03 2.63 6.14 3.35  K=4
  verify 47: accepted 3/3 (K=4) + correction -> +4 tokens (131.2 ms)  cpos=109
  [margins] 2.49 4.55 3.50 1.59 2.90 1.43 6.27 3.85  K=6
  verify 48: accepted 5/5 (K=6) + correction -> +6 tokens (156.1 ms)  cpos=115
  [margins] 1.84 3.72 3.11 1.80 3.12 1.77 6.68 3.88  K=9
  verify 49: accepted 5/8 (K=9) + correction -> +6 tokens (218.0 ms)  cpos=121
  [margins] 3.52 3.64 3.09 0.14 3.20 2.05 6.00 4.31  K=4
  verify 50: accepted 3/3 (K=4) + correction -> +4 tokens (132.4 ms)  cpos=125
  [margins] 3.40 3.29 3.07 0.79 3.35 1.82 6.15 4.31  K=4
  verify 51: accepted 3/3 (K=4) + correction -> +4 tokens (145.8 ms)  cpos=129
  [margins] 2.80 3.25 3.50 0.49 3.83 1.61 5.65 4.96  K=4
  verify 52: accepted 3/3 (K=4) + correction -> +4 tokens (132.5 ms)  cpos=133
  [margins] 1.80 3.98 2.54 1.41 3.04 1.46 5.51 4.62  K=4
  verify 53: accepted 3/3 (K=4) + correction -> +4 tokens (133.1 ms)  cpos=137
  [margins] 3.37 3.70 2.54 0.49 3.57 1.78 5.37 4.23  K=4
  verify 54: accepted 3/3 (K=4) + correction -> +4 tokens (132.0 ms)  cpos=141
  [margins] 3.27 4.19 2.71 0.77 3.38 2.32 5.37 4.15  K=4
  verify 55: accepted 3/3 (K=4) + correction -> +4 tokens (132.9 ms)  cpos=145
  [margins] 3.21 4.37 2.31 0.41 3.24 2.32 5.15 4.16  K=4
  verify 56: accepted 3/3 (K=4) + correction -> +4 tokens (134.4 ms)  cpos=149
  [margins] 2.44 5.03 2.32 2.34 3.21 1.44 5.96 3.27  K=6
  verify 57: accepted 5/5 (K=6) + correction -> +6 tokens (159.0 ms)  cpos=155
  [margins] 3.29 6.56 1.63 1.43 3.31 1.81 5.86 3.95  K=4
  verify 58: accepted 0/3 (K=4) + correction -> +1 tokens (133.1 ms)  cpos=156
  [margins] 6.11 2.11 1.67 1.71 2.68 4.85 2.74 1.06  K=8
  verify 59: accepted 1/7 (K=8) + correction -> +2 tokens (201.0 ms)  cpos=158
  [margins] 3.75 1.85 0.87 0.53 8.43 2.27 1.57 0.69  K=3
  verify 60: accepted 0/2 (K=3) + correction -> +1 tokens (123.7 ms)  cpos=159
  [margins] 7.18 0.36 2.51 0.13 0.39 0.04 0.34 0.05  K=2
  verify 61: accepted 1/1 (K=2) + correction -> +2 tokens (112.5 ms)  cpos=161
  [margins] 7.73 4.47 0.38 1.18 0.35 9.56 1.90 0.86  K=3
  verify 62: accepted 2/2 (K=3) + correction -> +3 tokens (124.1 ms)  cpos=164
  [margins] 7.69 6.79 3.97 3.99 3.06 1.63 3.85 2.90  K=9
  verify 63: accepted 2/8 (K=9) + correction -> +3 tokens (216.1 ms)  cpos=167
  [margins] 10.29 3.04 7.68 8.37 4.52 1.43 1.60 1.23  K=6
  verify 64: accepted 5/5 (K=6) + correction -> +6 tokens (174.1 ms)  cpos=173
  [margins] 6.32 1.35 0.40 5.27 0.19 0.04 5.46 0.55  K=2
  verify 65: accepted 1/1 (K=2) + correction -> +2 tokens (107.0 ms)  cpos=175
  [margins] 7.49 5.57 3.76 6.29 0.62 2.22 3.21 0.61  K=5
  verify 66: accepted 2/4 (K=5) + correction -> +3 tokens (154.6 ms)  cpos=178
  [margins] 15.65 12.67 6.72 8.27 3.58 1.79 1.50 0.67  K=7
  verify 67: accepted 5/6 (K=7) + correction -> +6 tokens (193.4 ms)  cpos=184
  [margins] 4.65 7.26 9.66 11.99 4.85 3.66 0.23 7.45  K=7
  verify 68: accepted 6/6 (K=7) + correction -> +7 tokens (188.7 ms)  cpos=191
  [margins] 6.69 10.58 7.56 13.80 5.44 6.93 5.33 4.07  K=9
  verify 69: accepted 7/8 (K=9) + correction -> +8 tokens (231.3 ms)  cpos=199
  [margins] 12.03 0.66 9.91 11.84 12.56 4.90 8.85 7.68  K=2
  verify 70: accepted 1/1 (K=2) + correction -> +2 tokens (116.0 ms)  cpos=201
  [margins] 2.15 10.23 9.83 15.65 7.86 7.47 6.60 3.32  K=9
  verify 71: accepted 8/8 (K=9) + correction -> +9 tokens (224.5 ms)  cpos=210
  [margins] 13.19 9.13 15.78 11.57 6.71 1.86 7.80 9.89  K=9
  verify 72: accepted 7/8 (K=9) + correction -> +8 tokens (225.1 ms)  cpos=218

[spec] generated 204 tokens over 72 verifies: mean tokens/verify = 2.83 (block=8, max 9)
[spec] tokens: 5715 14 295 834 10175 14 8470 3939 436 344 2239 362 4197 339 35 126664 23809 16765 270 3077 305 1990 23714 538 9479 21121 35977 2184 47270 34788 14 832 851 588 366 99782 1082 20351 14319 35977
[spec] SPEC-DECODE: 47.5 ms/tok = 21.05 tok/s  (vs base M=1 71.0 ms/tok = 14.08 tok/s -> 1.50x)
[decode] PREFILL: 82 positions in 1291.5 ms = 63.5 tok/s (15.750 ms/tok)
[spec] decoding 200 tokens (block=8, draft passes=1, adaptK=1.50, prompt=5 s=83)...
  [margins] 7.70 2.01 0.72 0.20 5.02 2.18 0.01 0.09  K=3
  verify 1: accepted 1/2 (K=3) + correction -> +2 tokens (125.8 ms)  cpos=84
  [margins] 0.54 0.62 0.02 2.56 1.23 0.31 0.45 0.43  K=2
  verify 2: accepted 0/1 (K=2) + correction -> +1 tokens (108.6 ms)  cpos=85
  [margins] 0.04 1.13 1.36 0.12 0.01 1.03 0.01 0.88  K=2
  verify 3: accepted 0/1 (K=2) + correction -> +1 tokens (104.9 ms)  cpos=86
  [margins] 2.16 2.32 1.90 1.66 0.38 0.67 0.08 0.85  K=5
  verify 4: accepted 2/4 (K=5) + correction -> +3 tokens (148.1 ms)  cpos=89
  [margins] 4.26 3.24 2.72 2.67 2.73 2.90 1.12 6.12  K=7
  verify 5: accepted 6/6 (K=7) + correction -> +7 tokens (188.1 ms)  cpos=96
  [margins] 10.51 6.95 6.04 3.63 0.53 2.10 0.02 1.09  K=5
  verify 6: accepted 0/4 (K=5) + correction -> +1 tokens (146.9 ms)  cpos=97
  [margins] 10.49 2.34 4.01 0.22 3.57 0.76 1.96 4.73  K=4
  verify 7: accepted 3/3 (K=4) + correction -> +4 tokens (136.7 ms)  cpos=101
  [margins] 4.55 0.45 2.53 1.95 0.43 0.91 1.10 1.85  K=2
  verify 8: accepted 1/1 (K=2) + correction -> +2 tokens (110.5 ms)  cpos=103
  [margins] 2.94 0.47 1.68 2.48 0.69 2.23 2.23 0.24  K=2
  verify 9: accepted 1/1 (K=2) + correction -> +2 tokens (112.1 ms)  cpos=105
  [margins] 9.07 5.99 4.00 0.78 2.27 0.58 3.85 0.48  K=4
  verify 10: accepted 3/3 (K=4) + correction -> +4 tokens (137.1 ms)  cpos=109
  [margins] 10.19 6.08 3.28 4.23 3.53 5.18 3.45 12.26  K=9
  verify 11: accepted 6/8 (K=9) + correction -> +7 tokens (221.8 ms)  cpos=116
  [margins] 10.33 14.86 6.81 1.45 2.57 0.52 1.25 2.14  K=4
  verify 12: accepted 3/3 (K=4) + correction -> +4 tokens (139.6 ms)  cpos=120
  [margins] 3.48 1.31 1.20 0.43 5.72 1.60 2.81 0.36  K=2
  verify 13: accepted 1/1 (K=2) + correction -> +2 tokens (111.0 ms)  cpos=122
  [margins] 8.73 1.76 3.32 1.36 1.14 1.20 1.83 5.41  K=4
  verify 14: accepted 3/3 (K=4) + correction -> +4 tokens (139.9 ms)  cpos=126
  [margins] 10.60 6.57 1.43 12.57 4.78 8.14 5.43 6.30  K=3
  verify 15: accepted 2/2 (K=3) + correction -> +3 tokens (141.3 ms)  cpos=129
  [margins] 12.68 11.74 8.23 5.27 6.63 0.79 3.32 1.61  K=6
  verify 16: accepted 5/5 (K=6) + correction -> +6 tokens (168.9 ms)  cpos=135
  [margins] 15.36 16.28 9.09 3.75 1.69 2.05 10.30 2.31  K=9
  verify 17: accepted 4/8 (K=9) + correction -> +5 tokens (231.3 ms)  cpos=140
  [margins] 4.83 0.03 2.42 1.12 7.25 0.83 1.06 2.40  K=2
  verify 18: accepted 0/1 (K=2) + correction -> +1 tokens (108.0 ms)  cpos=141
  [margins] 6.19 6.24 4.40 4.75 3.09 3.86 3.77 2.33  K=9
  verify 19: accepted 2/8 (K=9) + correction -> +3 tokens (221.2 ms)  cpos=144
  [margins] 9.90 2.16 2.51 2.31 0.55 10.75 8.43 2.46  K=5
  verify 20: accepted 4/4 (K=5) + correction -> +5 tokens (153.0 ms)  cpos=149
  [margins] 13.35 12.17 4.42 5.22 8.64 0.95 3.28 3.89  K=6
  verify 21: accepted 5/5 (K=6) + correction -> +6 tokens (168.6 ms)  cpos=155
  [margins] 17.96 12.03 11.37 7.16 0.77 0.66 4.37 0.05  K=5
  verify 22: accepted 4/4 (K=5) + correction -> +5 tokens (156.5 ms)  cpos=160
  [margins] 7.22 0.33 12.38 8.10 3.26 6.79 0.72 0.29  K=2
  verify 23: accepted 0/1 (K=2) + correction -> +1 tokens (109.2 ms)  cpos=161
  [margins] 9.69 6.72 4.51 0.23 6.29 3.62 5.03 2.97  K=4
  verify 24: accepted 2/3 (K=4) + correction -> +3 tokens (135.7 ms)  cpos=164
  [margins] 9.96 5.80 2.85 4.45 0.17 7.82 9.07 0.06  K=5
  verify 25: accepted 4/4 (K=5) + correction -> +5 tokens (152.0 ms)  cpos=169
  [margins] 11.41 10.35 5.62 7.99 7.45 4.11 2.63 4.84  K=9
  verify 26: accepted 5/8 (K=9) + correction -> +6 tokens (224.6 ms)  cpos=175
  [margins] 16.93 11.39 10.86 6.58 0.07 4.96 0.40 4.03  K=5
  verify 27: accepted 4/4 (K=5) + correction -> +5 tokens (157.3 ms)  cpos=180
  [margins] 16.27 16.64 5.46 3.01 3.21 5.84 8.52 2.27  K=9
  verify 28: accepted 3/8 (K=9) + correction -> +4 tokens (220.1 ms)  cpos=184
  [margins] 10.34 0.94 9.08 10.27 9.01 7.72 9.53 0.35  K=2
  verify 29: accepted 1/1 (K=2) + correction -> +2 tokens (109.7 ms)  cpos=186
  [margins] 4.39 8.77 2.51 7.10 0.33 5.03 5.99 0.67  K=5
  verify 30: accepted 4/4 (K=5) + correction -> +5 tokens (153.2 ms)  cpos=191
  [margins] 3.67 12.77 9.19 3.36 12.18 2.51 0.77 1.80  K=7
  verify 31: accepted 3/6 (K=7) + correction -> +4 tokens (193.0 ms)  cpos=195
  [margins] 15.50 12.67 11.53 6.76 0.21 6.02 4.95 2.61  K=5
  verify 32: accepted 4/4 (K=5) + correction -> +5 tokens (157.2 ms)  cpos=200
  [margins] 16.06 15.47 3.36 0.98 4.20 7.34 9.55 2.94  K=4
  verify 33: accepted 3/3 (K=4) + correction -> +4 tokens (136.9 ms)  cpos=204
  [margins] 8.79 0.05 1.37 3.85 0.82 8.25 0.05 1.06  K=2
  verify 34: accepted 1/1 (K=2) + correction -> +2 tokens (111.0 ms)  cpos=206
  [margins] 11.75 9.48 1.64 10.40 8.87 5.67 4.20 7.02  K=9
  verify 35: accepted 2/8 (K=9) + correction -> +3 tokens (222.5 ms)  cpos=209
  [margins] 13.19 11.32 5.10 8.08 6.33 3.89 5.27 4.73  K=9
  verify 36: accepted 5/8 (K=9) + correction -> +6 tokens (222.8 ms)  cpos=215
  [margins] 16.74 12.89 11.47 7.97 1.32 2.82 0.25 0.34  K=5
  verify 37: accepted 4/4 (K=5) + correction -> +5 tokens (158.7 ms)  cpos=220
  [margins] 18.41 12.94 6.64 1.24 6.12 7.09 9.35 5.84  K=4
  verify 38: accepted 3/3 (K=4) + correction -> +4 tokens (137.6 ms)  cpos=224
  [margins] 11.41 2.51 2.07 5.71 1.13 8.75 11.38 3.32  K=5
  verify 39: accepted 4/4 (K=5) + correction -> +5 tokens (152.7 ms)  cpos=229
  [margins] 18.56 10.23 5.28 8.25 4.87 1.19 1.81 1.46  K=6
  verify 40: accepted 5/5 (K=6) + correction -> +6 tokens (173.6 ms)  cpos=235
  [margins] 9.68 12.25 9.35 6.97 0.53 1.81 5.23 3.45  K=5
  verify 41: accepted 4/4 (K=5) + correction -> +5 tokens (159.5 ms)  cpos=240
  [margins] 19.67 12.87 8.23 1.15 4.20 0.38 9.28 1.59  K=4
  verify 42: accepted 3/3 (K=4) + correction -> +4 tokens (138.0 ms)  cpos=244
  [margins] 9.28 3.73 3.94 2.52 0.96 6.72 7.46 3.96  K=5
  verify 43: accepted 4/4 (K=5) + correction -> +5 tokens (152.7 ms)  cpos=249
  [margins] 14.43 10.86 5.04 9.59 6.56 2.78 7.70 3.62  K=9
  verify 44: accepted 5/8 (K=9) + correction -> +6 tokens (239.3 ms)  cpos=255
  [margins] 15.84 11.48 11.47 8.50 8.11 0.17 3.73 0.24  K=6
  verify 45: accepted 5/5 (K=6) + correction -> +6 tokens (189.3 ms)  cpos=261
  [margins] 16.15 10.03 5.18 4.22 0.59 5.27 6.67 3.48  K=5
  verify 46: accepted 4/4 (K=5) + correction -> +5 tokens (153.4 ms)  cpos=266
  [margins] 9.85 10.67 2.99 6.07 10.69 6.95 3.78 6.47  K=9
  verify 47: accepted 2/8 (K=9) + correction -> +3 tokens (225.1 ms)  cpos=269
  [margins] 14.29 13.19 4.83 8.75 7.88 1.31 6.33 3.07  K=6
  verify 48: accepted 5/5 (K=6) + correction -> +6 tokens (173.5 ms)  cpos=275
  [margins] 14.70 16.26 11.85 12.00 7.48 4.49 0.85 1.23  K=7
  verify 49: accepted 5/6 (K=7) + correction -> +6 tokens (194.8 ms)  cpos=281
  [margins] 15.93 7.63 4.07 3.06 0.37 4.57 6.08 0.52  K=5
  verify 50: accepted 4/4 (K=5) + correction -> +5 tokens (153.6 ms)  cpos=286

[spec] generated 204 tokens over 50 verifies: mean tokens/verify = 4.08 (block=8, max 9)
[spec] tokens: 1 50 201 671 15020 4181 362 2775 14817 14922 344 223 25 22765 7975 55 15 3180 16 1 50 201 671 15020 4181 362 2775 14817 14922 344 223 25 22765 7975 55 15 3180 16 1 50
[spec] SPEC-DECODE: 38.9 ms/tok = 25.70 tok/s  (vs base M=1 71.0 ms/tok = 14.08 tok/s -> 1.83x)
[decode] PREFILL: 14 positions in 284.6 ms = 49.2 tok/s (20.332 ms/tok)
[spec] decoding 200 tokens (block=8, draft passes=1, adaptK=1.50, prompt=6 s=15)...
  [margins] 0.56 1.26 1.48 1.30 0.15 0.16 0.06 0.33  K=2
  verify 1: accepted 0/1 (K=2) + correction -> +1 tokens (107.8 ms)  cpos=15
  [margins] 0.72 0.34 6.56 5.31 0.47 3.00 0.18 0.38  K=2
  verify 2: accepted 0/1 (K=2) + correction -> +1 tokens (111.6 ms)  cpos=16
  [margins] 2.65 1.83 1.10 1.14 3.52 0.52 0.88 3.77  K=3
  verify 3: accepted 1/2 (K=3) + correction -> +2 tokens (118.1 ms)  cpos=18
  [margins] 1.95 1.63 1.62 1.76 2.91 0.94 1.87 2.73  K=6
  verify 4: accepted 1/5 (K=6) + correction -> +2 tokens (160.5 ms)  cpos=20
  [margins] 2.40 2.25 3.76 2.74 3.80 2.04 3.16 2.91  K=9
  verify 5: accepted 1/8 (K=9) + correction -> +2 tokens (201.7 ms)  cpos=22
  [margins] 3.18 1.07 3.90 2.99 3.87 2.73 3.79 2.43  K=2
  verify 6: accepted 1/1 (K=2) + correction -> +2 tokens (109.3 ms)  cpos=24
  [margins] 2.76 0.85 1.82 2.63 4.17 2.59 1.82 3.51  K=2
  verify 7: accepted 1/1 (K=2) + correction -> +2 tokens (106.7 ms)  cpos=26
  [margins] 1.27 1.32 3.02 1.47 5.34 2.72 0.82 5.02  K=2
  verify 8: accepted 1/1 (K=2) + correction -> +2 tokens (109.5 ms)  cpos=28
  [margins] 1.35 0.81 3.08 0.61 6.26 2.75 0.66 5.91  K=2
  verify 9: accepted 1/1 (K=2) + correction -> +2 tokens (105.9 ms)  cpos=30
  [margins] 0.75 2.00 2.51 0.21 3.39 2.01 6.49 2.34  K=4
  verify 10: accepted 0/3 (K=4) + correction -> +1 tokens (126.1 ms)  cpos=31
  [margins] 0.39 2.14 0.87 2.71 1.19 6.27 2.47 1.01  K=3
  verify 11: accepted 0/2 (K=3) + correction -> +1 tokens (119.7 ms)  cpos=32
  [margins] 6.96 1.40 4.09 1.63 2.93 6.61 2.51 0.78  K=2
  verify 12: accepted 1/1 (K=2) + correction -> +2 tokens (104.2 ms)  cpos=34
  [margins] 2.22 6.08 2.41 0.04 4.75 0.08 0.51 0.43  K=4
  verify 13: accepted 3/3 (K=4) + correction -> +4 tokens (129.2 ms)  cpos=38
  [margins] 5.47 8.17 10.68 6.99 6.68 8.03 6.42 3.75  K=9
  verify 14: accepted 8/8 (K=9) + correction -> +9 tokens (205.1 ms)  cpos=47
  [margins] 8.82 12.29 11.30 9.87 9.45 7.13 8.69 8.18  K=9
  verify 15: accepted 8/8 (K=9) + correction -> +9 tokens (212.9 ms)  cpos=56
  [margins] 9.49 13.19 10.52 9.51 10.80 9.05 9.01 8.82  K=9
  verify 16: accepted 8/8 (K=9) + correction -> +9 tokens (207.0 ms)  cpos=65
  [margins] 8.39 12.27 10.85 9.12 10.73 9.31 7.72 7.07  K=9
  verify 17: accepted 8/8 (K=9) + correction -> +9 tokens (212.1 ms)  cpos=74
  [margins] 9.84 12.54 14.31 9.94 9.43 10.26 10.09 8.53  K=9
  verify 18: accepted 8/8 (K=9) + correction -> +9 tokens (210.3 ms)  cpos=83
  [margins] 9.27 12.32 11.20 9.58 8.93 10.14 7.09 5.42  K=9
  verify 19: accepted 8/8 (K=9) + correction -> +9 tokens (220.3 ms)  cpos=92
  [margins] 11.43 12.16 11.68 11.08 7.24 10.19 9.84 6.61  K=9
  verify 20: accepted 8/8 (K=9) + correction -> +9 tokens (214.5 ms)  cpos=101
  [margins] 8.74 12.46 12.24 8.96 8.56 10.95 8.61 6.81  K=9
  verify 21: accepted 8/8 (K=9) + correction -> +9 tokens (214.7 ms)  cpos=110
  [margins] 11.00 13.68 13.98 11.51 8.21 10.37 10.81 7.88  K=9
  verify 22: accepted 8/8 (K=9) + correction -> +9 tokens (215.4 ms)  cpos=119
  [margins] 9.89 12.88 12.22 9.95 7.14 10.63 9.52 8.09  K=9
  verify 23: accepted 8/8 (K=9) + correction -> +9 tokens (237.6 ms)  cpos=128
  [margins] 9.71 12.14 13.62 10.45 8.48 11.24 9.28 7.43  K=9
  verify 24: accepted 8/8 (K=9) + correction -> +9 tokens (217.5 ms)  cpos=137
  [margins] 10.58 13.62 12.72 10.79 10.00 11.70 10.29 8.98  K=9
  verify 25: accepted 8/8 (K=9) + correction -> +9 tokens (215.4 ms)  cpos=146
  [margins] 9.90 13.05 13.59 9.72 10.18 11.68 9.46 9.64  K=9
  verify 26: accepted 8/8 (K=9) + correction -> +9 tokens (215.0 ms)  cpos=155
  [margins] 10.75 12.80 14.48 10.01 11.29 14.17 10.04 9.68  K=9
  verify 27: accepted 8/8 (K=9) + correction -> +9 tokens (225.1 ms)  cpos=164
  [margins] 10.62 11.54 14.00 9.68 7.81 13.29 9.05 9.08  K=9
  verify 28: accepted 8/8 (K=9) + correction -> +9 tokens (216.1 ms)  cpos=173
  [margins] 10.32 11.54 12.86 9.91 9.71 10.60 9.48 8.50  K=9
  verify 29: accepted 8/8 (K=9) + correction -> +9 tokens (217.1 ms)  cpos=182
  [margins] 10.24 12.76 14.52 10.61 6.91 11.94 10.71 9.54  K=9
  verify 30: accepted 8/8 (K=9) + correction -> +9 tokens (218.6 ms)  cpos=191
  [margins] 10.65 12.98 11.87 10.01 9.74 12.30 7.95 9.24  K=9
  verify 31: accepted 8/8 (K=9) + correction -> +9 tokens (223.6 ms)  cpos=200
  [margins] 11.29 14.04 13.41 10.25 8.36 12.85 10.64 9.29  K=9
  verify 32: accepted 8/8 (K=9) + correction -> +9 tokens (219.1 ms)  cpos=209
  [margins] 9.23 13.03 13.33 9.81 10.29 10.77 8.84 9.64  K=9
  verify 33: accepted 8/8 (K=9) + correction -> +9 tokens (219.3 ms)  cpos=218

[spec] generated 204 tokens over 33 verifies: mean tokens/verify = 6.18 (block=8, max 9)
[spec] tokens: 1 16 1 16 1 16 1 16 1 16 1 16 1 16 1 16 403 31310 16 403 31310 16 403 31310 16 403 31310 16 403 31310 16 403 31310 16 403 31310 16 403 31310 16
[spec] SPEC-DECODE: 28.8 ms/tok = 34.77 tok/s  (vs base M=1 71.0 ms/tok = 14.08 tok/s -> 2.47x)
[decode] PREFILL: 37 positions in 633.5 ms = 58.4 tok/s (17.121 ms/tok)
[spec] decoding 200 tokens (block=8, draft passes=1, adaptK=1.50, prompt=7 s=38)...
  [margins] 0.85 2.70 0.64 0.29 0.40 0.72 0.97 0.75  K=3
  verify 1: accepted 0/2 (K=3) + correction -> +1 tokens (124.0 ms)  cpos=38
  [margins] 0.34 0.38 0.35 0.64 0.60 0.49 0.19 0.78  K=2
  verify 2: accepted 0/1 (K=2) + correction -> +1 tokens (107.9 ms)  cpos=39
  [margins] 1.96 0.08 5.14 0.43 1.47 0.48 0.41 0.12  K=2
  verify 3: accepted 1/1 (K=2) + correction -> +2 tokens (107.0 ms)  cpos=41
  [margins] 3.45 0.65 0.78 5.54 0.48 0.03 0.51 0.47  K=2
  verify 4: accepted 1/1 (K=2) + correction -> +2 tokens (102.7 ms)  cpos=43
  [margins] 0.96 1.19 0.05 0.44 0.32 0.01 0.31 0.17  K=2
  verify 5: accepted 0/1 (K=2) + correction -> +1 tokens (107.4 ms)  cpos=44
  [margins] 0.10 0.33 1.44 0.21 0.69 0.88 0.49 0.17  K=2
  verify 6: accepted 1/1 (K=2) + correction -> +2 tokens (102.9 ms)  cpos=46
  [margins] 1.64 0.54 2.15 0.06 0.74 1.55 0.15 0.51  K=2
  verify 7: accepted 0/1 (K=2) + correction -> +1 tokens (108.7 ms)  cpos=47
  [margins] 2.12 3.58 0.02 0.91 1.86 3.19 0.98 1.10  K=3
  verify 8: accepted 1/2 (K=3) + correction -> +2 tokens (121.4 ms)  cpos=49
  [margins] 9.13 6.29 4.90 1.87 0.80 1.91 0.09 3.11  K=5
  verify 9: accepted 4/4 (K=5) + correction -> +5 tokens (145.8 ms)  cpos=54
  [margins] 0.77 1.39 0.03 0.77 0.57 1.94 1.77 5.40  K=2
  verify 10: accepted 0/1 (K=2) + correction -> +1 tokens (110.0 ms)  cpos=55
  [margins] 1.90 0.86 0.39 1.68 0.46 0.82 4.61 1.53  K=2
  verify 11: accepted 1/1 (K=2) + correction -> +2 tokens (109.4 ms)  cpos=57
  [margins] 2.87 0.21 0.26 2.61 4.70 1.49 0.01 1.07  K=2
  verify 12: accepted 1/1 (K=2) + correction -> +2 tokens (104.6 ms)  cpos=59
  [margins] 3.91 2.76 0.23 0.13 2.35 3.78 0.63 0.10  K=3
  verify 13: accepted 2/2 (K=3) + correction -> +3 tokens (121.4 ms)  cpos=62
  [margins] 1.57 0.71 1.30 2.73 3.82 1.38 0.06 0.41  K=2
  verify 14: accepted 1/1 (K=2) + correction -> +2 tokens (110.1 ms)  cpos=64
  [margins] 5.37 8.42 2.74 1.12 1.42 2.28 0.07 3.53  K=4
  verify 15: accepted 3/3 (K=4) + correction -> +4 tokens (135.1 ms)  cpos=68
  [margins] 5.36 3.02 0.76 2.03 0.66 0.63 7.11 3.21  K=3
  verify 16: accepted 2/2 (K=3) + correction -> +3 tokens (116.4 ms)  cpos=71
  [margins] 2.38 1.27 3.83 1.39 2.05 7.20 0.18 7.44  K=2
  verify 17: accepted 1/1 (K=2) + correction -> +2 tokens (109.1 ms)  cpos=73
  [margins] 6.55 1.91 0.15 0.86 0.42 4.24 1.59 8.03  K=3
  verify 18: accepted 2/2 (K=3) + correction -> +3 tokens (122.7 ms)  cpos=76
  [margins] 11.42 1.17 0.11 1.47 2.45 3.49 2.33 2.60  K=2
  verify 19: accepted 1/1 (K=2) + correction -> +2 tokens (104.0 ms)  cpos=78
  [margins] 8.04 7.56 6.28 8.01 8.99 3.73 1.47 0.50  K=7
  verify 20: accepted 6/6 (K=7) + correction -> +7 tokens (184.9 ms)  cpos=85
  [margins] 11.47 10.77 9.11 6.52 4.28 2.87 1.43 1.66  K=7
  verify 21: accepted 6/6 (K=7) + correction -> +7 tokens (187.6 ms)  cpos=92
  [margins] 3.41 7.47 2.03 1.09 3.72 0.77 0.17 1.21  K=4
  verify 22: accepted 3/3 (K=4) + correction -> +4 tokens (136.0 ms)  cpos=96
  [margins] 9.03 9.26 9.57 7.59 10.44 3.42 6.01 2.17  K=9
  verify 23: accepted 8/8 (K=9) + correction -> +9 tokens (220.5 ms)  cpos=105
  [margins] 3.42 6.60 7.48 3.59 1.28 0.39 1.28 3.59  K=5
  verify 24: accepted 4/4 (K=5) + correction -> +5 tokens (149.9 ms)  cpos=110
  [margins] 11.60 10.48 6.70 8.60 2.04 1.25 3.62 0.67  K=6
  verify 25: accepted 5/5 (K=6) + correction -> +6 tokens (174.7 ms)  cpos=116
  [margins] 5.39 8.01 6.01 1.50 4.25 0.15 0.05 0.07  K=4
  verify 26: accepted 3/3 (K=4) + correction -> +4 tokens (137.8 ms)  cpos=120
  [margins] 12.75 9.40 6.15 9.52 0.80 1.49 1.40 1.85  K=5
  verify 27: accepted 4/4 (K=5) + correction -> +5 tokens (151.4 ms)  cpos=125
  [margins] 6.49 8.49 2.15 7.94 3.82 2.25 1.74 3.15  K=9
  verify 28: accepted 5/8 (K=9) + correction -> +6 tokens (237.5 ms)  cpos=131
  [margins] 0.18 5.71 0.50 6.29 2.02 0.23 1.99 0.22  K=3
  verify 29: accepted 2/2 (K=3) + correction -> +3 tokens (123.3 ms)  cpos=134
  [margins] 12.32 5.67 0.69 4.68 4.59 0.31 2.18 0.75  K=3
  verify 30: accepted 2/2 (K=3) + correction -> +3 tokens (126.6 ms)  cpos=137
  [margins] 3.88 0.00 0.11 1.36 0.00 1.11 2.66 1.15  K=2
  verify 31: accepted 1/1 (K=2) + correction -> +2 tokens (109.8 ms)  cpos=139
  [margins] 7.23 1.20 6.68 6.01 4.69 0.07 0.20 4.23  K=2
  verify 32: accepted 1/1 (K=2) + correction -> +2 tokens (113.0 ms)  cpos=141
  [margins] 9.15 8.87 5.86 1.81 1.21 2.61 2.77 1.14  K=5
  verify 33: accepted 4/4 (K=5) + correction -> +5 tokens (153.6 ms)  cpos=146
  [margins] 6.92 9.93 11.03 11.94 1.52 3.62 1.02 1.68  K=7
  verify 34: accepted 4/6 (K=7) + correction -> +5 tokens (194.3 ms)  cpos=151
  [margins] 2.53 0.98 0.34 0.19 1.22 1.44 2.61 0.14  K=2
  verify 35: accepted 1/1 (K=2) + correction -> +2 tokens (117.8 ms)  cpos=153
  [margins] 2.08 2.16 1.00 0.39 3.27 1.66 3.63 6.34  K=3
  verify 36: accepted 0/2 (K=3) + correction -> +1 tokens (117.4 ms)  cpos=154
  [margins] 6.22 1.63 0.06 2.01 1.55 3.75 5.62 0.08  K=3
  verify 37: accepted 1/2 (K=3) + correction -> +2 tokens (123.5 ms)  cpos=156
  [margins] 6.28 2.08 0.02 1.37 2.09 2.16 3.50 6.05  K=3
  verify 38: accepted 1/2 (K=3) + correction -> +2 tokens (118.2 ms)  cpos=158
  [margins] 3.62 0.79 3.91 2.45 1.31 1.78 3.47 1.13  K=2
  verify 39: accepted 1/1 (K=2) + correction -> +2 tokens (115.6 ms)  cpos=160
  [margins] 3.98 1.05 3.54 2.19 5.07 2.47 0.69 4.36  K=2
  verify 40: accepted 1/1 (K=2) + correction -> +2 tokens (110.8 ms)  cpos=162
  [margins] 3.99 1.54 3.38 1.67 5.34 2.93 0.51 5.03  K=7
  verify 41: accepted 3/6 (K=7) + correction -> +4 tokens (182.6 ms)  cpos=166
  [margins] 2.17 4.02 3.84 0.54 4.56 1.98 5.58 4.60  K=4
  verify 42: accepted 3/3 (K=4) + correction -> +4 tokens (132.6 ms)  cpos=170
  [margins] 2.17 5.22 1.58 1.65 4.63 0.86 6.72 4.53  K=6
  verify 43: accepted 5/5 (K=6) + correction -> +6 tokens (162.6 ms)  cpos=176
  [margins] 2.03 6.39 1.29 3.22 4.95 0.13 4.39 0.73  K=3
  verify 44: accepted 2/2 (K=3) + correction -> +3 tokens (120.1 ms)  cpos=179
  [margins] 3.72 4.18 3.92 4.21 0.70 3.86 0.04 5.49  K=5
  verify 45: accepted 4/4 (K=5) + correction -> +5 tokens (146.9 ms)  cpos=184
  [margins] 0.67 5.23 3.51 2.59 4.97 0.50 5.12 1.10  K=6
  verify 46: accepted 5/5 (K=6) + correction -> +6 tokens (158.9 ms)  cpos=190
  [margins] 1.30 5.08 2.97 2.28 4.83 0.09 5.84 5.95  K=6
  verify 47: accepted 5/5 (K=6) + correction -> +6 tokens (163.1 ms)  cpos=196
  [margins] 1.28 5.13 2.34 3.21 4.40 0.32 6.36 5.64  K=6
  verify 48: accepted 5/5 (K=6) + correction -> +6 tokens (157.2 ms)  cpos=202
  [margins] 0.83 5.07 3.75 1.13 4.87 0.39 6.27 6.28  K=4
  verify 49: accepted 3/3 (K=4) + correction -> +4 tokens (133.9 ms)  cpos=206
  [margins] 1.24 5.14 1.62 2.01 4.92 0.68 6.89 5.92  K=6
  verify 50: accepted 5/5 (K=6) + correction -> +6 tokens (164.0 ms)  cpos=212
  [margins] 1.79 5.08 2.83 1.71 5.44 0.67 6.73 6.24  K=6
  verify 51: accepted 5/5 (K=6) + correction -> +6 tokens (156.8 ms)  cpos=218
  [margins] 1.05 4.57 3.35 0.82 4.95 0.54 6.23 6.22  K=4
  verify 52: accepted 3/3 (K=4) + correction -> +4 tokens (133.6 ms)  cpos=222
  [margins] 1.48 5.11 3.73 0.48 4.84 0.53 6.01 6.06  K=4
  verify 53: accepted 3/3 (K=4) + correction -> +4 tokens (132.7 ms)  cpos=226
  [margins] 2.10 5.79 3.80 0.91 5.10 0.82 6.43 6.50  K=4
  verify 54: accepted 3/3 (K=4) + correction -> +4 tokens (132.7 ms)  cpos=230
  [margins] 1.12 4.72 3.78 0.57 5.32 0.66 6.52 6.58  K=4
  verify 55: accepted 0/3 (K=4) + correction -> +1 tokens (132.0 ms)  cpos=231
  [margins] 8.18 0.87 2.27 5.15 0.80 6.59 5.52 0.09  K=2
  verify 56: accepted 0/1 (K=2) + correction -> +1 tokens (112.3 ms)  cpos=232
  [margins] 6.34 3.50 8.00 2.24 2.04 6.23 2.45 0.40  K=8
  verify 57: accepted 1/7 (K=8) + correction -> +2 tokens (200.9 ms)  cpos=234
  [margins] 4.81 2.15 3.72 0.96 0.11 5.60 2.83 0.10  K=4
  verify 58: accepted 1/3 (K=4) + correction -> +2 tokens (134.0 ms)  cpos=236
  [margins] 5.27 0.84 6.64 0.13 1.25 5.92 1.64 1.04  K=2
  verify 59: accepted 0/1 (K=2) + correction -> +1 tokens (108.6 ms)  cpos=237

[spec] generated 200 tokens over 59 verifies: mean tokens/verify = 3.39 (block=8, max 9)
[spec] tokens: 343 12888 28 566 344 260 19075 3417 9508 5718 270 2753 294 270 6616 366 1512 1527 27819 13459 16 5715 270 12919 6329 1512 1527 940 223 19 27819 13459 16 455 3452 2753 344 979 7490 201
[spec] SPEC-DECODE: 39.8 ms/tok = 25.14 tok/s  (vs base M=1 71.0 ms/tok = 14.08 tok/s -> 1.79x)
[decode] PREFILL: 12 positions in 251.0 ms = 47.8 tok/s (20.918 ms/tok)
[spec] decoding 200 tokens (block=8, draft passes=1, adaptK=1.50, prompt=8 s=13)...
  [margins] 1.64 1.89 0.28 7.72 3.32 0.12 5.59 2.13  K=3
  verify 1: accepted 1/2 (K=3) + correction -> +2 tokens (118.5 ms)  cpos=14
  [margins] 0.46 4.60 2.55 0.73 4.20 1.78 1.34 5.24  K=4
  verify 2: accepted 0/3 (K=4) + correction -> +1 tokens (134.8 ms)  cpos=15
  [margins] 3.14 1.01 1.05 0.86 0.15 1.24 0.58 7.39  K=2
  verify 3: accepted 0/1 (K=2) + correction -> +1 tokens (101.3 ms)  cpos=16
  [margins] 1.31 1.98 0.41 0.13 0.23 0.94 0.30 1.49  K=3
  verify 4: accepted 0/2 (K=3) + correction -> +1 tokens (111.1 ms)  cpos=17
  [margins] 0.93 0.40 1.00 1.11 0.41 0.55 0.26 0.09  K=2
  verify 5: accepted 0/1 (K=2) + correction -> +1 tokens (96.6 ms)  cpos=18
  [margins] 1.36 0.93 2.17 0.33 0.44 2.88 3.04 0.94  K=2
  verify 6: accepted 0/1 (K=2) + correction -> +1 tokens (106.5 ms)  cpos=19
  [margins] 1.80 0.43 0.83 1.23 4.05 0.47 0.52 0.97  K=2
  verify 7: accepted 1/1 (K=2) + correction -> +2 tokens (109.6 ms)  cpos=21
  [margins] 2.30 0.61 4.18 0.36 3.77 0.41 0.21 1.41  K=2
  verify 8: accepted 1/1 (K=2) + correction -> +2 tokens (105.3 ms)  cpos=23
  [margins] 2.89 0.25 4.46 0.02 0.36 3.74 0.64 0.60  K=2
  verify 9: accepted 1/1 (K=2) + correction -> +2 tokens (109.7 ms)  cpos=25
  [margins] 3.62 0.02 0.69 0.05 0.23 4.75 0.48 0.23  K=2
  verify 10: accepted 1/1 (K=2) + correction -> +2 tokens (105.4 ms)  cpos=27
  [margins] 4.84 0.40 5.66 0.07 5.08 0.14 0.18 4.14  K=2
  verify 11: accepted 1/1 (K=2) + correction -> +2 tokens (109.8 ms)  cpos=29
  [margins] 5.21 0.16 5.02 0.25 4.55 0.10 0.11 1.24  K=2
  verify 12: accepted 1/1 (K=2) + correction -> +2 tokens (106.4 ms)  cpos=31
  [margins] 5.11 0.43 5.28 0.52 4.21 0.20 3.94 0.05  K=2
  verify 13: accepted 1/1 (K=2) + correction -> +2 tokens (110.2 ms)  cpos=33
  [margins] 5.10 0.26 4.75 0.21 3.95 0.20 3.72 0.38  K=2
  verify 14: accepted 1/1 (K=2) + correction -> +2 tokens (106.0 ms)  cpos=35
  [margins] 6.09 0.26 5.92 0.32 5.00 0.15 4.50 0.21  K=2
  verify 15: accepted 1/1 (K=2) + correction -> +2 tokens (109.5 ms)  cpos=37
  [margins] 5.70 0.21 5.42 0.47 4.28 0.18 3.87 0.35  K=2
  verify 16: accepted 1/1 (K=2) + correction -> +2 tokens (106.6 ms)  cpos=39
  [margins] 6.63 0.06 6.33 0.45 5.38 0.20 1.86 0.15  K=2
  verify 17: accepted 1/1 (K=2) + correction -> +2 tokens (109.8 ms)  cpos=41
  [margins] 6.06 0.69 5.81 0.92 4.78 0.27 4.21 0.38  K=2
  verify 18: accepted 1/1 (K=2) + correction -> +2 tokens (106.2 ms)  cpos=43
  [margins] 6.51 1.02 6.46 1.18 5.06 0.83 4.49 0.05  K=2
  verify 19: accepted 1/1 (K=2) + correction -> +2 tokens (110.3 ms)  cpos=45
  [margins] 5.95 1.37 4.69 1.21 3.95 0.58 3.34 0.59  K=2
  verify 20: accepted 0/1 (K=2) + correction -> +1 tokens (104.4 ms)  cpos=46
  [margins] 4.71 3.87 4.19 1.07 1.34 0.12 1.30 0.10  K=4
  verify 21: accepted 3/3 (K=4) + correction -> +4 tokens (133.8 ms)  cpos=50
  [margins] 2.86 1.95 0.11 0.13 4.50 4.63 0.44 0.52  K=3
  verify 22: accepted 2/2 (K=3) + correction -> +3 tokens (121.3 ms)  cpos=53
  [margins] 7.60 8.09 0.12 4.57 0.33 0.36 1.15 1.28  K=3
  verify 23: accepted 2/2 (K=3) + correction -> +3 tokens (119.8 ms)  cpos=56
  [margins] 2.69 0.96 3.03 1.68 2.51 0.33 0.08 1.80  K=2
  verify 24: accepted 1/1 (K=2) + correction -> +2 tokens (107.4 ms)  cpos=58
  [margins] 0.08 7.32 1.28 3.08 1.45 0.93 0.64 0.76  K=3
  verify 25: accepted 0/2 (K=3) + correction -> +1 tokens (118.3 ms)  cpos=59
  [margins] 4.81 0.81 1.60 1.10 7.49 0.97 3.43 0.28  K=2
  verify 26: accepted 0/1 (K=2) + correction -> +1 tokens (109.5 ms)  cpos=60
  [margins] 5.91 6.12 5.19 7.14 2.46 2.97 3.39 6.80  K=9
  verify 27: accepted 6/8 (K=9) + correction -> +7 tokens (213.3 ms)  cpos=67
  [margins] 6.60 9.32 0.20 2.24 2.27 1.81 0.50 3.39  K=3
  verify 28: accepted 2/2 (K=3) + correction -> +3 tokens (122.4 ms)  cpos=70
  [margins] 2.68 1.97 1.22 1.44 3.22 5.16 7.06 4.26  K=3
  verify 29: accepted 0/2 (K=3) + correction -> +1 tokens (122.8 ms)  cpos=71
  [margins] 0.03 4.83 0.78 1.62 7.01 5.88 3.38 2.80  K=3
  verify 30: accepted 0/2 (K=3) + correction -> +1 tokens (124.1 ms)  cpos=72
  [margins] 1.51 3.10 3.20 6.34 3.29 6.88 0.00 1.31  K=7
  verify 31: accepted 6/6 (K=7) + correction -> +7 tokens (179.7 ms)  cpos=79
  [margins] 6.50 9.03 0.68 0.85 2.34 0.31 2.41 0.90  K=3
  verify 32: accepted 2/2 (K=3) + correction -> +3 tokens (123.7 ms)  cpos=82
  [margins] 3.44 5.22 0.27 4.51 4.43 3.09 0.59 0.28  K=3
  verify 33: accepted 2/2 (K=3) + correction -> +3 tokens (122.3 ms)  cpos=85
  [margins] 7.16 6.66 2.54 5.29 4.95 7.89 2.66 1.29  K=8
  verify 34: accepted 2/7 (K=8) + correction -> +3 tokens (203.3 ms)  cpos=88
  [margins] 3.82 4.00 2.78 0.64 1.52 4.05 8.46 0.26  K=4
  verify 35: accepted 2/3 (K=4) + correction -> +3 tokens (135.8 ms)  cpos=91
  [margins] 5.92 12.85 1.03 2.56 4.78 4.32 5.09 2.58  K=3
  verify 36: accepted 2/2 (K=3) + correction -> +3 tokens (123.6 ms)  cpos=94
  [margins] 4.79 8.35 6.34 4.97 1.98 4.53 0.07 0.78  K=7
  verify 37: accepted 6/6 (K=7) + correction -> +7 tokens (190.1 ms)  cpos=101
  [margins] 10.81 4.68 12.00 11.07 1.44 3.29 3.50 3.00  K=5
  verify 38: accepted 4/4 (K=5) + correction -> +5 tokens (150.6 ms)  cpos=106
  [margins] 6.54 8.90 7.80 6.77 4.68 6.65 0.38 0.47  K=7
  verify 39: accepted 6/6 (K=7) + correction -> +7 tokens (191.5 ms)  cpos=113
  [margins] 11.03 6.96 10.31 10.12 0.35 6.73 5.38 0.23  K=5
  verify 40: accepted 4/4 (K=5) + correction -> +5 tokens (151.2 ms)  cpos=118
  [margins] 6.49 8.85 8.59 6.81 2.14 4.40 0.55 2.00  K=7
  verify 41: accepted 6/6 (K=7) + correction -> +7 tokens (190.2 ms)  cpos=125
  [margins] 10.21 5.67 6.20 11.47 3.26 6.71 6.04 0.25  K=8
  verify 42: accepted 7/7 (K=8) + correction -> +8 tokens (223.6 ms)  cpos=133
  [margins] 10.17 11.22 7.80 4.72 4.48 2.32 5.04 3.12  K=9
  verify 43: accepted 5/8 (K=9) + correction -> +6 tokens (223.0 ms)  cpos=139
  [margins] 3.22 11.29 3.64 5.10 8.54 4.46 3.73 0.52  K=8
  verify 44: accepted 7/7 (K=8) + correction -> +8 tokens (208.3 ms)  cpos=147
  [margins] 9.67 3.42 5.24 0.11 1.42 4.19 3.70 3.44  K=4
  verify 45: accepted 3/3 (K=4) + correction -> +4 tokens (140.3 ms)  cpos=151
  [margins] 7.55 12.94 2.57 6.86 7.15 6.29 5.04 0.42  K=8
  verify 46: accepted 7/7 (K=8) + correction -> +8 tokens (208.8 ms)  cpos=159
  [margins] 6.66 4.79 2.36 1.32 7.29 1.39 3.39 3.78  K=4
  verify 47: accepted 3/3 (K=4) + correction -> +4 tokens (139.6 ms)  cpos=163
  [margins] 6.27 12.67 2.96 6.89 5.05 3.89 4.74 0.04  K=8
  verify 48: accepted 7/7 (K=8) + correction -> +8 tokens (208.0 ms)  cpos=171
  [margins] 10.29 6.10 9.12 6.47 10.06 1.34 4.90 7.39  K=6
  verify 49: accepted 5/5 (K=6) + correction -> +6 tokens (176.0 ms)  cpos=177
  [margins] 4.74 5.28 3.61 5.72 6.18 2.06 2.96 5.14  K=9
  verify 50: accepted 6/8 (K=9) + correction -> +7 tokens (221.7 ms)  cpos=184
  [margins] 5.16 7.82 0.47 7.93 1.41 4.18 7.86 1.18  K=3
  verify 51: accepted 2/2 (K=3) + correction -> +3 tokens (123.5 ms)  cpos=187
  [margins] 7.05 11.64 3.77 8.04 6.95 7.82 6.31 0.67  K=8
  verify 52: accepted 7/7 (K=8) + correction -> +8 tokens (207.5 ms)  cpos=195
  [margins] 10.19 6.51 11.64 8.29 7.12 1.70 1.83 2.11  K=9
  verify 53: accepted 6/8 (K=9) + correction -> +7 tokens (229.2 ms)  cpos=202
  [margins] 7.51 9.29 9.66 7.33 4.55 5.71 2.04 2.86  K=9
  verify 54: accepted 7/8 (K=9) + correction -> +8 tokens (223.6 ms)  cpos=210
  [margins] 10.78 11.45 9.72 3.24 4.97 4.77 2.19 1.19  K=8
  verify 55: accepted 7/7 (K=8) + correction -> +8 tokens (208.7 ms)  cpos=218

[spec] generated 206 tokens over 55 verifies: mean tokens/verify = 3.75 (block=8, max 9)
[spec] tokens: 1 201 1 201 1 201 1 201 1 201 1 201 1 201 1 201 1 201 1 201 1 201 1 201 1 201 1 201 1 201 1 201 3085 344 270 6102 294 8760 33 9361
[spec] SPEC-DECODE: 38.5 ms/tok = 25.97 tok/s  (vs base M=1 71.0 ms/tok = 14.08 tok/s -> 1.84x)
[decode] PREFILL: 5 positions in 128.8 ms = 38.8 tok/s (25.762 ms/tok)
[spec] decoding 200 tokens (block=9, draft passes=1, adaptK=1.50, prompt=0 s=6)...
  [margins] 2.32 0.77 0.11 0.86 0.56 5.16 1.06 0.04 1.38  K=2
  verify 1: accepted 1/1 (K=2) + correction -> +2 tokens (105.2 ms)  cpos=7
  [margins] 0.33 0.94 0.07 0.63 0.30 1.73 0.52 0.03 0.79  K=2
  verify 2: accepted 0/1 (K=2) + correction -> +1 tokens (112.8 ms)  cpos=8
  [margins] 1.32 0.16 3.44 0.13 1.78 1.18 0.12 0.16 1.00  K=2
  verify 3: accepted 1/1 (K=2) + correction -> +2 tokens (106.0 ms)  cpos=10
  [margins] 3.01 0.15 3.49 0.11 0.41 1.44 0.38 0.04 0.41  K=2
  verify 4: accepted 0/1 (K=2) + correction -> +1 tokens (108.0 ms)  cpos=11
  [margins] 6.25 0.35 1.43 2.07 2.49 0.30 0.52 2.21 0.98  K=2
  verify 5: accepted 1/1 (K=2) + correction -> +2 tokens (109.0 ms)  cpos=13
  [margins] 4.22 1.90 5.11 1.75 1.29 4.86 0.74 0.48 2.59  K=5
  verify 6: accepted 4/4 (K=5) + correction -> +5 tokens (147.1 ms)  cpos=18
  [margins] 4.13 3.89 1.28 1.86 2.14 1.54 2.60 3.51 1.47  K=3
  verify 7: accepted 1/2 (K=3) + correction -> +2 tokens (121.7 ms)  cpos=20
  [margins] 2.51 2.41 5.45 2.38 0.42 3.38 1.38 1.65 1.72  K=5
  verify 8: accepted 4/4 (K=5) + correction -> +5 tokens (147.3 ms)  cpos=25
  [margins] 6.72 2.17 0.26 4.53 3.24 3.83 2.49 1.10 2.32  K=3
  verify 9: accepted 1/2 (K=3) + correction -> +2 tokens (121.5 ms)  cpos=27
  [margins] 3.53 3.73 6.27 2.26 0.75 2.94 1.27 0.35 0.49  K=5
  verify 10: accepted 4/4 (K=5) + correction -> +5 tokens (154.1 ms)  cpos=32
  [margins] 5.24 0.67 3.69 2.32 0.22 1.48 2.74 2.82 2.58  K=2
  verify 11: accepted 1/1 (K=2) + correction -> +2 tokens (106.7 ms)  cpos=34
  [margins] 2.12 3.89 6.08 1.57 1.84 2.42 0.25 0.21 0.94  K=7
  verify 12: accepted 4/6 (K=7) + correction -> +5 tokens (184.9 ms)  cpos=39
  [margins] 3.96 0.05 4.34 4.28 3.29 2.65 2.06 1.91 3.78  K=2
  verify 13: accepted 1/1 (K=2) + correction -> +2 tokens (110.9 ms)  cpos=41
  [margins] 3.17 3.90 5.97 0.15 0.81 4.97 0.20 1.83 1.24  K=4
  verify 14: accepted 3/3 (K=4) + correction -> +4 tokens (136.9 ms)  cpos=45
  [margins] 3.75 0.01 7.38 0.54 3.51 1.52 0.14 2.23 2.45  K=2
  verify 15: accepted 1/1 (K=2) + correction -> +2 tokens (107.3 ms)  cpos=47
  [margins] 0.35 2.42 0.77 2.96 2.43 0.87 2.04 2.72 0.27  K=3
  verify 16: accepted 2/2 (K=3) + correction -> +3 tokens (122.4 ms)  cpos=50
  [margins] 4.35 3.45 3.48 0.99 4.54 5.70 0.18 1.57 0.23  K=4
  verify 17: accepted 3/3 (K=4) + correction -> +4 tokens (139.5 ms)  cpos=54
  [margins] 3.36 1.28 6.92 0.02 2.88 3.62 2.34 0.28 3.50  K=2
  verify 18: accepted 1/1 (K=2) + correction -> +2 tokens (111.3 ms)  cpos=56
  [margins] 7.87 1.16 1.87 2.10 0.95 3.19 4.23 1.25 0.25  K=2
  verify 19: accepted 1/1 (K=2) + correction -> +2 tokens (108.0 ms)  cpos=58
  [margins] 1.57 5.33 5.91 6.66 1.34 2.43 5.32 0.06 3.12  K=5
  verify 20: accepted 0/4 (K=5) + correction -> +1 tokens (149.8 ms)  cpos=59
  [margins] 4.93 5.78 7.28 0.48 2.57 6.02 0.59 2.94 3.35  K=4
  verify 21: accepted 3/3 (K=4) + correction -> +4 tokens (139.5 ms)  cpos=63
  [margins] 0.75 1.19 7.48 0.42 2.35 3.38 0.87 4.79 4.37  K=2
  verify 22: accepted 0/1 (K=2) + correction -> +1 tokens (112.3 ms)  cpos=64
  [margins] 6.90 1.19 1.95 0.12 1.29 2.18 5.41 4.11 3.09  K=2
  verify 23: accepted 1/1 (K=2) + correction -> +2 tokens (108.2 ms)  cpos=66
  [margins] 4.54 5.04 4.28 1.70 0.63 1.22 0.09 2.28 1.40  K=5
  verify 24: accepted 4/4 (K=5) + correction -> +5 tokens (151.4 ms)  cpos=71
  [margins] 5.93 1.16 0.28 1.53 2.41 4.52 4.38 1.76 2.95  K=2
  verify 25: accepted 1/1 (K=2) + correction -> +2 tokens (113.0 ms)  cpos=73
  [margins] 4.32 6.46 5.62 3.38 0.10 4.89 1.33 0.12 1.62  K=5
  verify 26: accepted 4/4 (K=5) + correction -> +5 tokens (152.5 ms)  cpos=78
  [margins] 5.27 0.10 3.47 0.14 4.32 0.02 0.40 4.52 0.88  K=2
  verify 27: accepted 1/1 (K=2) + correction -> +2 tokens (113.8 ms)  cpos=80
  [margins] 5.32 3.69 5.69 2.92 1.01 3.99 0.81 0.56 1.27  K=5
  verify 28: accepted 4/4 (K=5) + correction -> +5 tokens (151.7 ms)  cpos=85
  [margins] 7.17 0.39 2.06 0.65 1.07 2.34 2.94 0.15 1.37  K=2
  verify 29: accepted 1/1 (K=2) + correction -> +2 tokens (110.2 ms)  cpos=87
  [margins] 6.32 2.65 7.19 3.47 1.22 3.01 1.02 1.24 0.40  K=5
  verify 30: accepted 4/4 (K=5) + correction -> +5 tokens (158.3 ms)  cpos=92
  [margins] 7.66 1.45 3.59 0.18 1.54 2.89 4.80 0.06 1.50  K=2
  verify 31: accepted 1/1 (K=2) + correction -> +2 tokens (110.6 ms)  cpos=94
  [margins] 5.63 4.52 4.22 3.48 1.85 3.73 1.48 1.90 1.10  K=7
  verify 32: accepted 4/6 (K=7) + correction -> +5 tokens (194.5 ms)  cpos=99
  [margins] 6.37 1.09 3.32 2.99 3.56 0.44 1.98 0.40 1.30  K=2
  verify 33: accepted 1/1 (K=2) + correction -> +2 tokens (117.0 ms)  cpos=101
  [margins] 7.33 4.64 5.48 1.89 0.01 6.11 1.99 0.98 0.15  K=5
  verify 34: accepted 4/4 (K=5) + correction -> +5 tokens (152.6 ms)  cpos=106
  [margins] 7.66 2.80 2.36 0.74 3.51 2.66 2.27 0.25 0.57  K=4
  verify 35: accepted 1/3 (K=4) + correction -> +2 tokens (139.5 ms)  cpos=108
  [margins] 7.55 0.37 2.62 1.00 0.01 5.26 0.08 1.47 2.80  K=2
  verify 36: accepted 1/1 (K=2) + correction -> +2 tokens (111.4 ms)  cpos=110
  [margins] 7.82 6.64 0.49 0.17 2.23 4.71 0.02 1.72 0.03  K=3
  verify 37: accepted 2/2 (K=3) + correction -> +3 tokens (128.7 ms)  cpos=113
  [margins] 7.25 1.75 4.32 0.27 5.27 4.07 1.86 2.06 0.61  K=4
  verify 38: accepted 1/3 (K=4) + correction -> +2 tokens (139.3 ms)  cpos=115
  [margins] 3.41 1.77 6.28 1.50 0.67 0.50 0.87 1.70 2.86  K=5
  verify 39: accepted 4/4 (K=5) + correction -> +5 tokens (160.3 ms)  cpos=120
  [margins] 6.85 2.43 5.78 0.37 5.05 2.80 2.80 2.94 1.85  K=4
  verify 40: accepted 1/3 (K=4) + correction -> +2 tokens (140.6 ms)  cpos=122
  [margins] 6.68 1.10 5.67 3.48 0.03 6.91 0.25 0.91 1.98  K=2
  verify 41: accepted 1/1 (K=2) + correction -> +2 tokens (118.8 ms)  cpos=124
  [margins] 8.99 8.66 0.76 0.01 5.93 4.29 0.84 0.95 5.21  K=3
  verify 42: accepted 2/2 (K=3) + correction -> +3 tokens (125.3 ms)  cpos=127
  [margins] 7.90 2.71 3.32 0.75 5.06 0.32 0.31 5.37 0.10  K=4
  verify 43: accepted 1/3 (K=4) + correction -> +2 tokens (154.8 ms)  cpos=129
  [margins] 8.10 5.25 7.98 0.85 0.08 1.54 1.75 0.95 0.29  K=4
  verify 44: accepted 3/3 (K=4) + correction -> +4 tokens (143.1 ms)  cpos=133
  [margins] 1.00 3.92 3.62 1.55 1.90 10.86 4.54 4.78 1.36  K=9
  verify 45: accepted 0/8 (K=9) + correction -> +1 tokens (225.2 ms)  cpos=134
  [margins] 6.57 1.55 0.05 1.29 3.69 3.29 1.93 5.05 0.10  K=3
  verify 46: accepted 1/2 (K=3) + correction -> +2 tokens (130.3 ms)  cpos=136
  [margins] 7.85 3.56 6.08 0.41 4.76 0.19 2.11 0.26 0.19  K=4
  verify 47: accepted 3/3 (K=4) + correction -> +4 tokens (143.9 ms)  cpos=140
  [margins] 0.28 4.85 5.24 0.75 1.20 9.44 5.35 4.37 1.17  K=4
  verify 48: accepted 3/3 (K=4) + correction -> +4 tokens (143.3 ms)  cpos=144
  [margins] 4.24 2.87 7.96 5.45 2.02 1.36 2.22 0.14 0.81  K=6
  verify 49: accepted 5/5 (K=6) + correction -> +6 tokens (171.8 ms)  cpos=150
  [margins] 6.27 0.91 3.00 1.43 4.46 1.15 1.46 5.80 0.27  K=2
  verify 50: accepted 1/1 (K=2) + correction -> +2 tokens (116.4 ms)  cpos=152
  [margins] 14.07 2.08 7.19 8.78 9.98 1.60 2.52 0.84 9.94  K=8
  verify 51: accepted 1/7 (K=8) + correction -> +2 tokens (209.9 ms)  cpos=154
  [margins] 3.86 6.87 7.43 4.33 4.81 1.38 1.06 5.15 1.82  K=6
  verify 52: accepted 4/5 (K=6) + correction -> +5 tokens (176.9 ms)  cpos=159
  [margins] 3.86 1.08 1.67 0.23 5.11 1.55 2.21 5.83 0.56  K=2
  verify 53: accepted 1/1 (K=2) + correction -> +2 tokens (115.6 ms)  cpos=161
  [margins] 10.39 6.64 7.88 6.41 1.97 2.45 1.31 0.14 1.79  K=7
  verify 54: accepted 5/6 (K=7) + correction -> +6 tokens (197.9 ms)  cpos=167
  [margins] 5.60 2.26 1.27 1.84 3.00 2.17 2.19 2.85 0.22  K=3
  verify 55: accepted 1/2 (K=3) + correction -> +2 tokens (127.4 ms)  cpos=169
  [margins] 3.75 1.65 5.25 1.00 0.39 0.82 0.16 0.06 0.84  K=4
  verify 56: accepted 3/3 (K=4) + correction -> +4 tokens (142.7 ms)  cpos=173
  [margins] 1.86 4.73 1.38 1.49 1.75 4.42 1.44 5.95 2.75  K=3
  verify 57: accepted 2/2 (K=3) + correction -> +3 tokens (129.8 ms)  cpos=176
  [margins] 3.26 4.35 6.56 1.02 0.05 5.43 0.48 1.45 1.15  K=4
  verify 58: accepted 3/3 (K=4) + correction -> +4 tokens (144.2 ms)  cpos=180
  [margins] 1.00 6.11 0.63 1.68 4.32 3.37 0.68 0.74 0.26  K=3
  verify 59: accepted 2/2 (K=3) + correction -> +3 tokens (124.9 ms)  cpos=183
  [margins] 4.44 3.99 8.33 1.52 1.41 1.19 0.09 4.62 1.19  K=5
  verify 60: accepted 4/4 (K=5) + correction -> +5 tokens (161.3 ms)  cpos=188
  [margins] 1.98 1.41 2.05 0.05 1.65 6.67 4.38 3.03 0.78  K=2
  verify 61: accepted 1/1 (K=2) + correction -> +2 tokens (113.0 ms)  cpos=190
  [margins] 9.19 1.13 0.47 0.26 0.30 4.77 5.92 6.64 1.29  K=2
  verify 62: accepted 1/1 (K=2) + correction -> +2 tokens (116.2 ms)  cpos=192
  [margins] 5.21 1.12 7.45 6.51 7.29 1.31 1.06 0.11 1.42  K=2
  verify 63: accepted 1/1 (K=2) + correction -> +2 tokens (111.7 ms)  cpos=194
  [margins] 2.17 4.37 6.59 1.58 1.10 0.97 0.51 0.02 0.59  K=5
  verify 64: accepted 4/4 (K=5) + correction -> +5 tokens (156.3 ms)  cpos=199
  [margins] 3.07 1.22 2.85 1.32 0.66 1.57 5.99 3.19 1.39  K=2
  verify 65: accepted 1/1 (K=2) + correction -> +2 tokens (116.9 ms)  cpos=201
  [margins] 6.68 7.36 7.09 6.71 0.35 0.89 0.63 1.43 0.74  K=5
  verify 66: accepted 4/4 (K=5) + correction -> +5 tokens (155.1 ms)  cpos=206

[spec] generated 201 tokens over 66 verifies: mean tokens/verify = 3.05 (block=9, max 10)
[spec] tokens: 11111 16 455 6102 294 16603 344 29168 16 455 6102 294 14251 344 16235 16 455 6102 294 29585 344 76405 16 455 6102 294 25062 344 40977 16 455 6102 294 10322 344 17575 16 455 6102 294
[spec] LOSSLESS GATE: first 8 tokens match base AR -> PASS
[spec] SPEC-DECODE: 44.6 ms/tok = 22.40 tok/s  (vs base M=1 71.0 ms/tok = 14.08 tok/s -> 1.59x)
[decode] PREFILL: 34 positions in 598.8 ms = 56.8 tok/s (17.613 ms/tok)
[spec] decoding 200 tokens (block=9, draft passes=1, adaptK=1.50, prompt=1 s=35)...
  [margins] 2.02 2.40 1.41 1.71 1.53 0.04 0.69 0.18 0.96  K=3
  verify 1: accepted 0/2 (K=3) + correction -> +1 tokens (126.3 ms)  cpos=35
  [margins] 2.02 1.62 1.55 1.37 5.12 0.34 2.46 1.09 0.05  K=4
  verify 2: accepted 0/3 (K=4) + correction -> +1 tokens (134.4 ms)  cpos=36
  [margins] 1.60 1.86 0.10 3.66 1.07 1.30 0.39 1.40 2.98  K=3
  verify 3: accepted 0/2 (K=3) + correction -> +1 tokens (116.5 ms)  cpos=37
  [margins] 1.90 1.30 2.56 1.50 0.00 1.14 0.96 2.68 2.31  K=2
  verify 4: accepted 1/1 (K=2) + correction -> +2 tokens (104.9 ms)  cpos=39
  [margins] 0.09 0.76 0.22 0.42 0.19 0.21 1.06 0.22 0.30  K=2
  verify 5: accepted 0/1 (K=2) + correction -> +1 tokens (110.8 ms)  cpos=40
  [margins] 0.62 0.65 2.24 0.28 1.10 0.82 0.08 2.54 0.14  K=2
  verify 6: accepted 0/1 (K=2) + correction -> +1 tokens (106.9 ms)  cpos=41
  [margins] 1.27 3.94 0.32 2.30 1.40 2.71 0.43 0.86 1.46  K=3
  verify 7: accepted 2/2 (K=3) + correction -> +3 tokens (123.0 ms)  cpos=44
  [margins] 0.24 0.71 2.81 9.81 0.29 2.66 0.09 2.42 0.55  K=2
  verify 8: accepted 0/1 (K=2) + correction -> +1 tokens (108.3 ms)  cpos=45
  [margins] 6.16 13.52 4.00 3.42 0.97 0.19 0.18 0.66 0.47  K=5
  verify 9: accepted 4/4 (K=5) + correction -> +5 tokens (147.7 ms)  cpos=50
  [margins] 3.76 2.22 1.17 3.02 1.81 4.01 0.90 0.54 3.00  K=3
  verify 10: accepted 1/2 (K=3) + correction -> +2 tokens (122.9 ms)  cpos=52
  [margins] 5.14 5.00 7.00 1.86 1.36 2.15 0.99 1.57 0.00  K=5
  verify 11: accepted 3/4 (K=5) + correction -> +4 tokens (150.7 ms)  cpos=56
  [margins] 3.50 3.29 0.05 1.49 1.92 2.06 2.78 0.41 5.16  K=3
  verify 12: accepted 2/2 (K=3) + correction -> +3 tokens (118.2 ms)  cpos=59
  [margins] 0.46 0.08 3.02 0.48 0.35 2.99 0.18 0.49 3.75  K=2
  verify 13: accepted 0/1 (K=2) + correction -> +1 tokens (112.0 ms)  cpos=60
  [margins] 1.10 2.08 5.77 0.83 0.40 0.14 3.15 0.11 1.14  K=4
  verify 14: accepted 0/3 (K=4) + correction -> +1 tokens (136.7 ms)  cpos=61
  [margins] 1.30 5.03 1.14 0.76 0.19 0.06 0.60 1.99 7.31  K=3
  verify 15: accepted 1/2 (K=3) + correction -> +2 tokens (124.7 ms)  cpos=63
  [margins] 1.21 5.35 0.11 4.89 0.41 0.44 5.79 1.06 0.21  K=3
  verify 16: accepted 0/2 (K=3) + correction -> +1 tokens (125.1 ms)  cpos=64
  [margins] 3.44 0.41 0.89 0.95 0.14 0.13 1.15 0.32 1.18  K=2
  verify 17: accepted 1/1 (K=2) + correction -> +2 tokens (108.1 ms)  cpos=66
  [margins] 1.35 2.34 2.75 4.92 0.39 0.13 3.92 0.67 1.84  K=5
  verify 18: accepted 4/4 (K=5) + correction -> +5 tokens (149.5 ms)  cpos=71
  [margins] 2.25 1.61 1.33 4.85 0.49 1.02 0.27 0.60 0.25  K=3
  verify 19: accepted 2/2 (K=3) + correction -> +3 tokens (124.9 ms)  cpos=74
  [margins] 7.61 1.81 2.80 1.83 2.15 3.32 0.17 0.14 1.42  K=7
  verify 20: accepted 6/6 (K=7) + correction -> +7 tokens (187.2 ms)  cpos=81
  [margins] 5.42 5.59 2.58 7.17 0.04 2.63 4.04 1.39 3.86  K=5
  verify 21: accepted 4/4 (K=5) + correction -> +5 tokens (153.0 ms)  cpos=86
  [margins] 7.17 2.43 3.66 3.19 1.19 1.78 3.38 2.23 3.64  K=5
  verify 22: accepted 4/4 (K=5) + correction -> +5 tokens (153.4 ms)  cpos=91
  [margins] 6.04 3.94 3.78 8.78 0.12 1.38 4.40 4.05 5.22  K=5
  verify 23: accepted 4/4 (K=5) + correction -> +5 tokens (156.8 ms)  cpos=96
  [margins] 8.13 3.76 4.24 9.35 1.95 2.39 5.87 3.62 5.92  K=10
  verify 24: accepted 9/9 (K=10) + correction -> +10 tokens (242.6 ms)  cpos=106
  [margins] 5.80 5.60 1.26 7.89 1.55 2.91 4.81 1.82 2.52  K=3
  verify 25: accepted 2/2 (K=3) + correction -> +3 tokens (126.7 ms)  cpos=109
  [margins] 8.61 6.07 4.94 5.64 6.24 4.91 3.41 2.48 4.88  K=10
  verify 26: accepted 6/9 (K=10) + correction -> +7 tokens (243.9 ms)  cpos=116
  [margins] 8.88 9.25 5.38 8.16 1.67 4.78 5.92 4.97 6.21  K=10
  verify 27: accepted 9/9 (K=10) + correction -> +10 tokens (246.1 ms)  cpos=126
  [margins] 6.93 6.63 6.32 1.77 8.20 1.58 3.72 3.09 5.43  K=10
  verify 28: accepted 3/9 (K=10) + correction -> +4 tokens (269.9 ms)  cpos=130
  [margins] 8.12 6.66 4.91 3.66 9.37 0.52 2.56 7.03 6.13  K=6
  verify 29: accepted 5/5 (K=6) + correction -> +6 tokens (177.3 ms)  cpos=136
  [margins] 7.00 5.86 7.12 9.13 1.45 3.01 5.09 7.39 3.42  K=5
  verify 30: accepted 4/4 (K=5) + correction -> +5 tokens (158.0 ms)  cpos=141
  [margins] 8.81 7.71 5.08 6.05 0.21 2.97 4.71 4.50 4.63  K=5
  verify 31: accepted 4/4 (K=5) + correction -> +5 tokens (156.6 ms)  cpos=146
  [margins] 7.60 5.66 9.15 6.54 5.41 3.32 6.21 8.04 5.42  K=10
  verify 32: accepted 9/9 (K=10) + correction -> +10 tokens (251.0 ms)  cpos=156
  [margins] 8.33 5.56 4.58 8.36 0.92 4.05 5.15 5.01 4.56  K=5
  verify 33: accepted 4/4 (K=5) + correction -> +5 tokens (156.9 ms)  cpos=161
  [margins] 9.05 7.76 5.39 8.76 5.56 3.04 6.37 6.74 4.49  K=10
  verify 34: accepted 9/9 (K=10) + correction -> +10 tokens (245.9 ms)  cpos=171
  [margins] 7.85 3.10 5.22 8.98 2.94 4.08 4.61 8.49 5.09  K=10
  verify 35: accepted 9/9 (K=10) + correction -> +10 tokens (249.7 ms)  cpos=181
  [margins] 5.80 7.35 3.67 8.92 1.60 3.51 4.36 5.77 5.35  K=10
  verify 36: accepted 9/9 (K=10) + correction -> +10 tokens (243.2 ms)  cpos=191
  [margins] 9.71 9.95 6.39 7.94 1.54 3.11 4.87 2.96 3.89  K=10
  verify 37: accepted 9/9 (K=10) + correction -> +10 tokens (252.1 ms)  cpos=201
  [margins] 11.15 8.85 7.93 8.76 2.86 4.23 4.03 4.21 4.33  K=10
  verify 38: accepted 9/9 (K=10) + correction -> +10 tokens (245.6 ms)  cpos=211
  [margins] 9.85 7.60 8.42 8.99 4.79 3.39 4.06 5.17 4.37  K=10
  verify 39: accepted 9/9 (K=10) + correction -> +10 tokens (251.5 ms)  cpos=221
  [margins] 9.28 2.88 10.42 8.57 0.59 3.04 6.00 6.24 3.88  K=5
  verify 40: accepted 4/4 (K=5) + correction -> +5 tokens (159.0 ms)  cpos=226
  [margins] 12.40 7.70 9.76 6.85 6.98 3.65 5.41 5.45 2.88  K=10
  verify 41: accepted 9/9 (K=10) + correction -> +10 tokens (253.2 ms)  cpos=236

[spec] generated 202 tokens over 41 verifies: mean tokens/verify = 4.93 (block=9, max 10)
[spec] tokens: 4147 554 1926 270 4105 339 43 1114 1926 270 1178 65 50219 4105 418 270 9517 28 4593 1281 106239 3305 1 1 14 223 19 16 23 14 223 20 16 23 14 223 21 16 23 14
[spec] SPEC-DECODE: 33.9 ms/tok = 29.54 tok/s  (vs base M=1 71.0 ms/tok = 14.08 tok/s -> 2.10x)
[decode] PREFILL: 41 positions in 689.9 ms = 59.4 tok/s (16.826 ms/tok)
[spec] decoding 200 tokens (block=9, draft passes=1, adaptK=1.50, prompt=2 s=42)...
  [margins] 6.31 0.52 0.18 2.00 3.84 1.72 1.22 3.24 0.94  K=2
  verify 1: accepted 1/1 (K=2) + correction -> +2 tokens (109.9 ms)  cpos=43
  [margins] 0.32 4.81 2.78 1.77 0.21 0.77 3.35 1.29 2.30  K=5
  verify 2: accepted 4/4 (K=5) + correction -> +5 tokens (143.4 ms)  cpos=48
  [margins] 3.66 3.23 0.42 1.08 1.45 1.29 1.11 3.59 0.73  K=3
  verify 3: accepted 0/2 (K=3) + correction -> +1 tokens (119.4 ms)  cpos=49
  [margins] 2.18 6.45 0.95 0.24 1.33 1.89 0.03 1.02 3.54  K=3
  verify 4: accepted 0/2 (K=3) + correction -> +1 tokens (124.6 ms)  cpos=50
  [margins] 1.71 0.51 0.26 1.84 0.59 0.69 1.66 0.67 1.11  K=2
  verify 5: accepted 0/1 (K=2) + correction -> +1 tokens (104.8 ms)  cpos=51
  [margins] 6.29 2.38 0.29 1.11 2.39 0.78 1.08 4.15 0.28  K=3
  verify 6: accepted 1/2 (K=3) + correction -> +2 tokens (120.1 ms)  cpos=53
  [margins] 2.32 4.18 0.08 0.28 0.83 2.29 2.56 0.37 2.37  K=3
  verify 7: accepted 0/2 (K=3) + correction -> +1 tokens (124.6 ms)  cpos=54
  [margins] 2.85 5.99 3.75 0.23 0.60 2.83 0.07 2.58 3.58  K=4
  verify 8: accepted 2/3 (K=4) + correction -> +3 tokens (133.8 ms)  cpos=57
  [margins] 1.58 8.45 0.88 4.09 0.90 4.11 3.15 0.65 3.92  K=3
  verify 9: accepted 0/2 (K=3) + correction -> +1 tokens (125.7 ms)  cpos=58
  [margins] 5.46 4.97 1.08 2.18 1.15 3.23 3.06 0.34 3.05  K=3
  verify 10: accepted 2/2 (K=3) + correction -> +3 tokens (124.6 ms)  cpos=61
  [margins] 0.01 7.13 0.05 8.81 4.61 1.00 7.06 5.44 0.86  K=3
  verify 11: accepted 0/2 (K=3) + correction -> +1 tokens (127.0 ms)  cpos=62
  [margins] 2.13 5.89 7.27 0.73 5.44 0.06 4.87 5.98 0.01  K=4
  verify 12: accepted 0/3 (K=4) + correction -> +1 tokens (137.8 ms)  cpos=63
  [margins] 3.35 1.43 2.96 5.60 6.88 0.12 6.41 6.68 0.57  K=2
  verify 13: accepted 1/1 (K=2) + correction -> +2 tokens (114.7 ms)  cpos=65
  [margins] 0.86 4.26 3.68 7.31 1.67 7.72 5.44 0.61 6.19  K=8
  verify 14: accepted 0/7 (K=8) + correction -> +1 tokens (197.0 ms)  cpos=66
  [margins] 0.43 9.06 6.11 2.74 7.02 5.94 0.87 6.87 6.08  K=7
  verify 15: accepted 0/6 (K=7) + correction -> +1 tokens (182.5 ms)  cpos=67
  [margins] 4.34 0.42 0.33 3.94 0.39 7.05 4.94 0.52 0.34  K=2
  verify 16: accepted 1/1 (K=2) + correction -> +2 tokens (114.2 ms)  cpos=69
  [margins] 5.13 7.58 4.52 0.37 2.88 4.72 0.07 7.82 7.28  K=4
  verify 17: accepted 2/3 (K=4) + correction -> +3 tokens (139.3 ms)  cpos=72
  [margins] 3.96 1.87 0.57 2.75 0.29 3.60 0.12 3.99 4.75  K=3
  verify 18: accepted 2/2 (K=3) + correction -> +3 tokens (119.9 ms)  cpos=75
  [margins] 2.03 9.53 1.79 5.55 2.31 1.98 0.13 4.20 0.37  K=7
  verify 19: accepted 3/6 (K=7) + correction -> +4 tokens (188.1 ms)  cpos=79
  [margins] 16.68 13.45 6.23 5.76 3.10 5.31 0.10 4.46 1.79  K=7
  verify 20: accepted 6/6 (K=7) + correction -> +7 tokens (188.7 ms)  cpos=86
  [margins] 7.90 6.37 10.50 9.28 0.97 0.85 0.43 1.23 2.15  K=5
  verify 21: accepted 4/4 (K=5) + correction -> +5 tokens (149.2 ms)  cpos=91
  [margins] 17.05 13.64 5.05 7.11 14.63 4.00 9.12 1.50 6.25  K=8
  verify 22: accepted 6/7 (K=8) + correction -> +7 tokens (203.7 ms)  cpos=98
  [margins] 12.11 8.49 8.48 4.97 4.24 5.14 0.07 2.82 5.09  K=7
  verify 23: accepted 4/6 (K=7) + correction -> +5 tokens (191.5 ms)  cpos=103
  [margins] 15.20 15.34 10.24 3.77 4.22 2.76 0.41 0.89 0.05  K=7
  verify 24: accepted 6/6 (K=7) + correction -> +7 tokens (191.8 ms)  cpos=110
  [margins] 5.97 12.38 11.05 7.56 2.72 2.63 0.93 1.08 3.94  K=7
  verify 25: accepted 4/6 (K=7) + correction -> +5 tokens (190.9 ms)  cpos=115
  [margins] 11.97 10.61 10.31 3.21 1.62 15.05 4.31 0.67 0.22  K=8
  verify 26: accepted 7/7 (K=8) + correction -> +8 tokens (207.9 ms)  cpos=123
  [margins] 6.96 6.76 11.96 0.51 4.46 0.29 1.82 4.88 1.32  K=4
  verify 27: accepted 3/3 (K=4) + correction -> +4 tokens (140.7 ms)  cpos=127
  [margins] 15.16 13.39 10.10 7.88 11.81 4.26 2.71 2.36 1.10  K=9
  verify 28: accepted 6/8 (K=9) + correction -> +7 tokens (244.7 ms)  cpos=134
  [margins] 0.06 4.76 2.85 1.25 3.95 9.38 9.26 5.63 0.55  K=4
  verify 29: accepted 3/3 (K=4) + correction -> +4 tokens (143.2 ms)  cpos=138
  [margins] 17.37 11.86 13.81 8.99 2.54 1.40 5.23 0.93 0.48  K=6
  verify 30: accepted 5/5 (K=6) + correction -> +6 tokens (176.3 ms)  cpos=144
  [margins] 12.10 10.47 8.31 1.62 7.06 0.02 7.35 1.10 0.30  K=6
  verify 31: accepted 4/5 (K=6) + correction -> +5 tokens (172.0 ms)  cpos=149
  [margins] 12.25 11.68 8.93 0.48 0.72 6.36 7.01 1.56 0.17  K=4
  verify 32: accepted 3/3 (K=4) + correction -> +4 tokens (143.5 ms)  cpos=153
  [margins] 2.83 9.33 12.00 7.33 5.60 4.71 7.29 0.18 2.25  K=8
  verify 33: accepted 4/7 (K=8) + correction -> +5 tokens (209.1 ms)  cpos=158
  [margins] 11.95 9.83 9.27 0.65 0.27 2.63 0.28 1.30 3.15  K=4
  verify 34: accepted 3/3 (K=4) + correction -> +4 tokens (139.6 ms)  cpos=162
  [margins] 15.83 0.37 9.52 7.31 0.98 0.77 0.18 2.36 0.03  K=2
  verify 35: accepted 1/1 (K=2) + correction -> +2 tokens (114.4 ms)  cpos=164
  [margins] 13.79 8.71 0.24 0.13 7.19 0.49 1.56 3.66 0.13  K=3
  verify 36: accepted 2/2 (K=3) + correction -> +3 tokens (127.1 ms)  cpos=167
  [margins] 12.37 13.86 11.72 8.26 0.11 2.66 0.85 6.68 0.07  K=5
  verify 37: accepted 4/4 (K=5) + correction -> +5 tokens (160.6 ms)  cpos=172
  [margins] 17.95 7.58 8.52 7.23 0.21 2.09 2.48 5.09 2.27  K=5
  verify 38: accepted 4/4 (K=5) + correction -> +5 tokens (155.1 ms)  cpos=177
  [margins] 15.93 14.23 12.55 9.04 7.69 8.67 2.31 2.33 0.72  K=9
  verify 39: accepted 6/8 (K=9) + correction -> +7 tokens (222.5 ms)  cpos=184
  [margins] 18.79 11.78 3.48 13.84 7.48 11.22 4.64 1.91 0.07  K=9
  verify 40: accepted 7/8 (K=9) + correction -> +8 tokens (225.4 ms)  cpos=192
  [margins] 14.32 7.64 0.52 5.28 3.50 3.84 0.91 1.34 2.96  K=3
  verify 41: accepted 2/2 (K=3) + correction -> +3 tokens (126.0 ms)  cpos=195
  [margins] 14.48 10.08 8.57 7.38 6.75 0.40 1.80 0.99 1.19  K=6
  verify 42: accepted 5/5 (K=6) + correction -> +6 tokens (179.6 ms)  cpos=201
  [margins] 7.93 13.22 2.25 9.80 3.11 0.44 1.94 0.95 7.71  K=6
  verify 43: accepted 4/5 (K=6) + correction -> +5 tokens (176.0 ms)  cpos=206
  [margins] 3.87 13.18 1.66 7.07 2.69 4.19 1.09 5.29 4.34  K=7
  verify 44: accepted 4/6 (K=7) + correction -> +5 tokens (191.0 ms)  cpos=211
  [margins] 24.14 11.51 7.10 6.54 2.55 8.31 4.05 3.50 1.66  K=10
  verify 45: accepted 6/9 (K=10) + correction -> +7 tokens (249.6 ms)  cpos=218
  [margins] 24.82 14.56 10.27 16.03 1.21 3.27 6.81 0.19 8.15  K=5
  verify 46: accepted 4/4 (K=5) + correction -> +5 tokens (157.7 ms)  cpos=223
  [margins] 22.36 15.75 9.68 16.11 4.03 4.57 11.24 0.84 5.03  K=8
  verify 47: accepted 4/7 (K=8) + correction -> +5 tokens (212.0 ms)  cpos=228
  [margins] 21.97 14.90 3.36 14.78 5.14 5.49 2.50 0.97 5.48  K=8
  verify 48: accepted 7/7 (K=8) + correction -> +8 tokens (211.1 ms)  cpos=236
  [margins] 22.55 12.60 7.89 4.76 6.20 12.95 1.60 3.98 3.24  K=10
  verify 49: accepted 6/9 (K=10) + correction -> +7 tokens (248.5 ms)  cpos=243

[spec] generated 202 tokens over 49 verifies: mean tokens/verify = 4.12 (block=9, max 10)
[spec] tokens: 1 1 1 1 1 1 50 1697 1 16 1 50 1697 16 1 50 1697 16 1 50 1697 16 1 50 1697 16 1 50 1697 16 20692 50 1697 16 791 50 1697 4394 1015 50
[spec] SPEC-DECODE: 39.5 ms/tok = 25.35 tok/s  (vs base M=1 71.0 ms/tok = 14.08 tok/s -> 1.80x)
[decode] PREFILL: 26 positions in 456.6 ms = 56.9 tok/s (17.563 ms/tok)
[spec] decoding 200 tokens (block=9, draft passes=1, adaptK=1.50, prompt=3 s=27)...
  [margins] 1.03 0.38 2.75 0.44 1.27 3.20 0.61 0.96 2.74  K=2
  verify 1: accepted 1/1 (K=2) + correction -> +2 tokens (112.8 ms)  cpos=28
  [margins] 4.85 0.05 3.55 0.23 0.94 0.08 0.83 0.18 0.18  K=2
  verify 2: accepted 1/1 (K=2) + correction -> +2 tokens (109.2 ms)  cpos=30
  [margins] 2.96 0.16 0.63 3.01 0.35 1.99 0.05 1.03 2.99  K=2
  verify 3: accepted 1/1 (K=2) + correction -> +2 tokens (112.8 ms)  cpos=32
  [margins] 2.82 0.17 2.75 0.40 1.92 2.76 0.19 1.99 4.05  K=2
  verify 4: accepted 1/1 (K=2) + correction -> +2 tokens (108.2 ms)  cpos=34
  [margins] 2.56 1.64 1.47 0.89 3.76 2.55 0.46 3.49 3.77  K=3
  verify 5: accepted 2/2 (K=3) + correction -> +3 tokens (120.4 ms)  cpos=37
  [margins] 2.74 4.13 3.46 3.52 0.04 5.98 2.21 0.53 5.64  K=5
  verify 6: accepted 4/4 (K=5) + correction -> +5 tokens (138.8 ms)  cpos=42
  [margins] 1.29 5.72 2.28 1.75 2.01 0.66 7.65 2.07 0.01  K=6
  verify 7: accepted 5/5 (K=6) + correction -> +6 tokens (159.3 ms)  cpos=48
  [margins] 0.51 12.74 1.26 4.94 2.59 1.07 2.79 0.12 8.64  K=3
  verify 8: accepted 0/2 (K=3) + correction -> +1 tokens (117.5 ms)  cpos=49
  [margins] 5.87 3.20 5.39 2.28 2.66 1.98 0.46 7.37 3.14  K=7
  verify 9: accepted 6/6 (K=7) + correction -> +7 tokens (173.2 ms)  cpos=56
  [margins] 1.59 12.99 0.49 4.69 3.09 0.20 3.12 0.08 3.69  K=3
  verify 10: accepted 0/2 (K=3) + correction -> +1 tokens (118.2 ms)  cpos=57
  [margins] 6.41 3.76 6.35 3.02 2.68 2.17 0.88 7.61 3.30  K=7
  verify 11: accepted 6/6 (K=7) + correction -> +7 tokens (174.7 ms)  cpos=64
  [margins] 1.10 13.02 1.28 3.48 3.68 0.12 9.19 3.95 0.32  K=3
  verify 12: accepted 0/2 (K=3) + correction -> +1 tokens (118.4 ms)  cpos=65
  [margins] 5.60 4.10 5.70 3.50 2.73 2.66 0.14 7.14 3.85  K=7
  verify 13: accepted 6/6 (K=7) + correction -> +7 tokens (175.2 ms)  cpos=72
  [margins] 0.37 13.09 1.12 3.32 3.54 0.05 8.73 4.69 1.22  K=3
  verify 14: accepted 0/2 (K=3) + correction -> +1 tokens (119.2 ms)  cpos=73
  [margins] 6.03 3.11 5.98 3.21 2.76 3.21 0.18 3.48 0.74  K=7
  verify 15: accepted 1/6 (K=7) + correction -> +2 tokens (177.7 ms)  cpos=75
  [margins] 7.90 2.10 3.57 1.81 0.76 1.49 0.20 6.89 4.23  K=5
  verify 16: accepted 0/4 (K=5) + correction -> +1 tokens (150.8 ms)  cpos=76
  [margins] 1.36 5.48 0.70 1.60 2.07 0.71 1.65 1.15 0.90  K=3
  verify 17: accepted 0/2 (K=3) + correction -> +1 tokens (120.4 ms)  cpos=77
  [margins] 0.43 1.42 2.07 0.90 1.67 0.08 0.91 0.78 0.03  K=2
  verify 18: accepted 0/1 (K=2) + correction -> +1 tokens (108.6 ms)  cpos=78
  [margins] 1.18 3.05 1.04 2.26 1.73 1.09 3.56 0.77 1.69  K=3
  verify 19: accepted 2/2 (K=3) + correction -> +3 tokens (123.5 ms)  cpos=81
  [margins] 0.97 0.09 1.77 2.01 2.41 0.33 0.85 0.21 0.75  K=2
  verify 20: accepted 1/1 (K=2) + correction -> +2 tokens (107.9 ms)  cpos=83
  [margins] 1.09 0.06 0.64 0.24 0.49 3.81 0.03 0.77 0.32  K=2
  verify 21: accepted 1/1 (K=2) + correction -> +2 tokens (111.0 ms)  cpos=85
  [margins] 4.86 1.30 1.36 1.58 1.58 0.21 0.23 0.64 3.09  K=2
  verify 22: accepted 1/1 (K=2) + correction -> +2 tokens (108.2 ms)  cpos=87
  [margins] 4.35 3.42 0.09 3.33 0.96 2.21 1.39 0.52 1.72  K=3
  verify 23: accepted 1/2 (K=3) + correction -> +2 tokens (125.8 ms)  cpos=89
  [margins] 1.85 3.04 0.27 0.88 0.10 0.24 0.32 0.81 2.18  K=3
  verify 24: accepted 2/2 (K=3) + correction -> +3 tokens (124.3 ms)  cpos=92
  [margins] 3.78 1.70 0.35 2.74 3.34 0.14 0.34 4.42 1.91  K=3
  verify 25: accepted 2/2 (K=3) + correction -> +3 tokens (120.1 ms)  cpos=95
  [margins] 6.62 1.50 2.23 1.53 1.51 0.06 3.89 4.41 0.04  K=6
  verify 26: accepted 5/5 (K=6) + correction -> +6 tokens (174.1 ms)  cpos=101
  [margins] 4.28 0.93 0.21 1.11 1.64 0.75 2.67 0.60 0.74  K=2
  verify 27: accepted 1/1 (K=2) + correction -> +2 tokens (111.1 ms)  cpos=103
  [margins] 5.79 6.01 2.56 4.17 6.59 2.41 0.94 7.49 1.25  K=7
  verify 28: accepted 5/6 (K=7) + correction -> +6 tokens (188.1 ms)  cpos=109
  [margins] 9.84 1.52 2.28 2.08 1.21 3.87 3.14 1.35 3.56  K=5
  verify 29: accepted 4/4 (K=5) + correction -> +5 tokens (149.0 ms)  cpos=114
  [margins] 0.38 9.87 1.21 2.75 4.40 0.73 3.12 4.32 0.53  K=3
  verify 30: accepted 2/2 (K=3) + correction -> +3 tokens (124.8 ms)  cpos=117
  [margins] 0.60 5.75 3.58 2.74 9.07 3.77 1.00 6.30 0.34  K=7
  verify 31: accepted 6/6 (K=7) + correction -> +7 tokens (196.6 ms)  cpos=124
  [margins] 9.69 5.74 12.38 6.52 4.03 1.60 1.40 1.80 9.20  K=7
  verify 32: accepted 5/6 (K=7) + correction -> +6 tokens (201.3 ms)  cpos=130
  [margins] 12.02 9.51 12.99 1.47 0.31 4.16 0.21 0.24 0.40  K=4
  verify 33: accepted 3/3 (K=4) + correction -> +4 tokens (142.2 ms)  cpos=134
  [margins] 0.42 0.18 0.85 0.06 0.27 0.66 1.22 0.20 0.23  K=2
  verify 34: accepted 1/1 (K=2) + correction -> +2 tokens (119.7 ms)  cpos=136
  [margins] 1.24 6.17 2.66 5.40 2.90 0.71 4.00 1.37 3.41  K=6
  verify 35: accepted 0/5 (K=6) + correction -> +1 tokens (159.5 ms)  cpos=137
  [margins] 2.23 0.71 0.37 0.30 1.29 5.32 1.93 0.16 2.54  K=2
  verify 36: accepted 0/1 (K=2) + correction -> +1 tokens (111.2 ms)  cpos=138
  [margins] 0.85 2.67 0.26 1.14 0.53 0.31 0.91 0.01 3.38  K=3
  verify 37: accepted 1/2 (K=3) + correction -> +2 tokens (125.6 ms)  cpos=140
  [margins] 4.48 3.03 1.00 0.11 0.08 1.35 0.59 0.13 1.50  K=3
  verify 38: accepted 0/2 (K=3) + correction -> +1 tokens (123.2 ms)  cpos=141
  [margins] 2.03 0.48 1.33 0.15 1.13 0.68 0.14 1.63 0.03  K=2
  verify 39: accepted 1/1 (K=2) + correction -> +2 tokens (109.9 ms)  cpos=143
  [margins] 0.76 0.85 1.59 0.35 0.45 1.52 0.27 0.04 1.23  K=2
  verify 40: accepted 0/1 (K=2) + correction -> +1 tokens (115.7 ms)  cpos=144
  [margins] 1.05 2.34 1.81 2.31 0.88 0.01 0.83 0.43 0.73  K=5
  verify 41: accepted 1/4 (K=5) + correction -> +2 tokens (151.6 ms)  cpos=146
  [margins] 5.07 0.39 1.52 0.61 3.82 0.72 0.29 1.90 0.45  K=2
  verify 42: accepted 1/1 (K=2) + correction -> +2 tokens (114.0 ms)  cpos=148
  [margins] 0.29 0.80 2.80 3.69 1.53 0.17 0.45 0.99 1.39  K=2
  verify 43: accepted 1/1 (K=2) + correction -> +2 tokens (109.8 ms)  cpos=150
  [margins] 1.05 0.50 0.04 0.13 0.75 4.10 0.69 1.11 0.38  K=2
  verify 44: accepted 1/1 (K=2) + correction -> +2 tokens (112.4 ms)  cpos=152
  [margins] 3.53 0.25 0.24 0.53 0.33 0.01 1.01 0.49 2.57  K=2
  verify 45: accepted 1/1 (K=2) + correction -> +2 tokens (109.7 ms)  cpos=154
  [margins] 1.66 0.59 4.17 0.49 0.19 1.62 0.20 0.03 1.85  K=2
  verify 46: accepted 1/1 (K=2) + correction -> +2 tokens (115.3 ms)  cpos=156
  [margins] 4.53 0.53 0.80 0.44 0.59 0.47 1.39 0.30 0.32  K=2
  verify 47: accepted 1/1 (K=2) + correction -> +2 tokens (110.1 ms)  cpos=158
  [margins] 2.89 1.85 2.26 1.10 0.87 3.35 1.09 0.01 1.73  K=4
  verify 48: accepted 3/3 (K=4) + correction -> +4 tokens (141.6 ms)  cpos=162
  [margins] 4.84 1.62 0.25 0.29 1.36 0.20 1.77 0.59 0.41  K=3
  verify 49: accepted 2/2 (K=3) + correction -> +3 tokens (125.0 ms)  cpos=165
  [margins] 3.85 2.40 3.21 0.17 2.47 0.08 0.17 1.08 0.20  K=4
  verify 50: accepted 2/3 (K=4) + correction -> +3 tokens (139.3 ms)  cpos=168
  [margins] 5.09 1.60 5.71 3.34 0.04 1.39 1.27 3.10 0.08  K=5
  verify 51: accepted 4/4 (K=5) + correction -> +5 tokens (154.2 ms)  cpos=173
  [margins] 0.55 6.12 0.80 0.83 0.86 2.97 0.01 2.52 1.80  K=3
  verify 52: accepted 0/2 (K=3) + correction -> +1 tokens (126.0 ms)  cpos=174
  [margins] 0.43 2.91 0.01 3.31 4.03 0.13 3.13 2.56 0.44  K=3
  verify 53: accepted 0/2 (K=3) + correction -> +1 tokens (128.9 ms)  cpos=175
  [margins] 0.37 1.79 2.74 0.07 1.34 0.94 0.34 3.00 3.01  K=4
  verify 54: accepted 1/3 (K=4) + correction -> +2 tokens (140.1 ms)  cpos=177
  [margins] 4.00 0.03 2.78 1.62 4.21 2.60 0.68 2.23 3.37  K=2
  verify 55: accepted 1/1 (K=2) + correction -> +2 tokens (111.2 ms)  cpos=179
  [margins] 3.73 2.52 0.09 0.83 0.22 0.49 0.11 2.38 1.78  K=3
  verify 56: accepted 1/2 (K=3) + correction -> +2 tokens (127.8 ms)  cpos=181
  [margins] 4.86 0.45 0.71 3.10 0.12 1.65 4.73 1.69 1.94  K=2
  verify 57: accepted 1/1 (K=2) + correction -> +2 tokens (110.5 ms)  cpos=183
  [margins] 4.88 5.19 5.73 2.37 6.74 1.59 1.63 0.33 3.64  K=8
  verify 58: accepted 2/7 (K=8) + correction -> +3 tokens (204.8 ms)  cpos=186
  [margins] 2.95 2.92 1.71 0.33 0.85 3.66 1.28 0.18 3.73  K=4
  verify 59: accepted 3/3 (K=4) + correction -> +4 tokens (141.1 ms)  cpos=190
  [margins] 2.53 0.85 4.51 0.37 3.37 0.41 1.20 2.44 2.41  K=2
  verify 60: accepted 1/1 (K=2) + correction -> +2 tokens (115.1 ms)  cpos=192
  [margins] 5.61 0.18 1.27 1.80 0.57 2.31 1.13 0.50 0.61  K=2
  verify 61: accepted 1/1 (K=2) + correction -> +2 tokens (110.2 ms)  cpos=194
  [margins] 0.80 1.83 3.20 0.31 0.56 2.27 0.55 1.12 1.60  K=4
  verify 62: accepted 0/3 (K=4) + correction -> +1 tokens (142.1 ms)  cpos=195
  [margins] 2.09 0.57 2.56 4.63 0.61 5.48 2.45 1.01 0.39  K=2
  verify 63: accepted 1/1 (K=2) + correction -> +2 tokens (114.6 ms)  cpos=197
  [margins] 0.82 0.65 7.15 0.79 2.55 2.68 0.49 0.98 4.71  K=2
  verify 64: accepted 0/1 (K=2) + correction -> +1 tokens (110.2 ms)  cpos=198
  [margins] 0.80 1.63 0.15 5.42 0.66 1.62 2.38 0.08 1.56  K=3
  verify 65: accepted 0/2 (K=3) + correction -> +1 tokens (128.1 ms)  cpos=199
  [margins] 3.62 4.80 7.79 1.93 2.79 5.57 2.60 2.84 3.60  K=10
  verify 66: accepted 0/9 (K=10) + correction -> +1 tokens (247.8 ms)  cpos=200
  [margins] 5.85 3.36 2.45 2.03 4.59 1.72 2.96 1.88 2.75  K=10
  verify 67: accepted 4/9 (K=10) + correction -> +5 tokens (239.3 ms)  cpos=205
  [margins] 2.64 0.29 0.00 1.46 1.32 4.01 0.08 0.44 1.53  K=2
  verify 68: accepted 1/1 (K=2) + correction -> +2 tokens (109.5 ms)  cpos=207
  [margins] 2.99 2.73 2.02 2.95 5.95 1.81 4.57 3.78 0.10  K=9
  verify 69: accepted 0/8 (K=9) + correction -> +1 tokens (226.9 ms)  cpos=208
  [margins] 11.11 0.31 1.00 3.18 3.02 1.13 4.46 0.59 0.83  K=2
  verify 70: accepted 1/1 (K=2) + correction -> +2 tokens (111.4 ms)  cpos=210
  [margins] 3.18 3.51 3.60 1.32 6.01 0.23 0.01 0.78 3.36  K=4
  verify 71: accepted 2/3 (K=4) + correction -> +3 tokens (140.5 ms)  cpos=213
  [margins] 0.65 0.20 1.58 0.95 0.87 0.65 0.20 4.57 0.07  K=2
  verify 72: accepted 1/1 (K=2) + correction -> +2 tokens (110.2 ms)  cpos=215
  [margins] 3.69 2.10 5.40 0.67 1.33 1.73 3.35 1.01 0.07  K=4
  verify 73: accepted 3/3 (K=4) + correction -> +4 tokens (143.4 ms)  cpos=219
  [margins] 1.70 0.03 1.14 1.32 2.03 3.92 0.71 1.58 0.90  K=2
  verify 74: accepted 1/1 (K=2) + correction -> +2 tokens (116.7 ms)  cpos=221
  [margins] 11.43 2.75 2.73 0.93 2.59 0.69 4.36 1.11 0.90  K=4
  verify 75: accepted 3/3 (K=4) + correction -> +4 tokens (142.1 ms)  cpos=225
  [margins] 10.51 6.66 1.52 0.37 0.70 2.86 1.50 0.34 3.95  K=4
  verify 76: accepted 2/3 (K=4) + correction -> +3 tokens (143.5 ms)  cpos=228

[spec] generated 202 tokens over 76 verifies: mean tokens/verify = 2.66 (block=9, max 10)
[spec] tokens: 1 16 1 16 1 16 1 16 1 16 1 16 1 16 1 16 1 16 1 16 1 16 1 16 1 16 1 16 1 16 1 16 1 16 1 16 1 16 1 16
[spec] SPEC-DECODE: 51.0 ms/tok = 19.61 tok/s  (vs base M=1 71.0 ms/tok = 14.08 tok/s -> 1.39x)
[decode] PREFILL: 14 positions in 283.2 ms = 49.4 tok/s (20.231 ms/tok)
[spec] decoding 200 tokens (block=9, draft passes=1, adaptK=1.50, prompt=4 s=15)...
  [margins] 0.78 8.80 4.75 4.20 4.44 7.53 1.54 6.64 4.48  K=10
  verify 1: accepted 0/9 (K=10) + correction -> +1 tokens (236.3 ms)  cpos=15
  [margins] 0.42 0.10 1.05 2.17 2.79 0.15 0.54 1.28 0.56  K=2
  verify 2: accepted 0/1 (K=2) + correction -> +1 tokens (110.1 ms)  cpos=16
  [margins] 1.16 0.98 0.87 1.81 0.18 1.91 0.84 0.29 0.84  K=2
  verify 3: accepted 0/1 (K=2) + correction -> +1 tokens (107.5 ms)  cpos=17
  [margins] 0.67 0.26 0.64 2.79 1.44 0.05 0.14 1.02 0.59  K=2
  verify 4: accepted 0/1 (K=2) + correction -> +1 tokens (105.2 ms)  cpos=18
  [margins] 1.30 0.26 0.47 0.35 0.40 0.25 0.01 0.13 0.39  K=2
  verify 5: accepted 1/1 (K=2) + correction -> +2 tokens (109.3 ms)  cpos=20
  [margins] 0.94 1.04 0.14 0.85 1.18 1.98 1.33 0.08 1.53  K=2
  verify 6: accepted 1/1 (K=2) + correction -> +2 tokens (104.4 ms)  cpos=22
  [margins] 1.90 1.20 0.13 0.09 3.20 0.02 0.23 1.48 0.59  K=2
  verify 7: accepted 1/1 (K=2) + correction -> +2 tokens (111.0 ms)  cpos=24
  [margins] 0.49 1.20 0.54 0.58 3.94 0.40 0.30 1.04 1.04  K=2
  verify 8: accepted 0/1 (K=2) + correction -> +1 tokens (105.7 ms)  cpos=25
  [margins] 0.22 0.81 0.11 0.78 0.94 0.10 1.24 0.41 0.79  K=2
  verify 9: accepted 1/1 (K=2) + correction -> +2 tokens (106.3 ms)  cpos=27
  [margins] 0.34 0.73 0.19 0.21 1.67 1.44 0.85 1.13 0.09  K=2
  verify 10: accepted 1/1 (K=2) + correction -> +2 tokens (113.7 ms)  cpos=29
  [margins] 4.21 3.73 0.89 1.24 2.53 2.88 1.10 1.04 0.23  K=3
  verify 11: accepted 2/2 (K=3) + correction -> +3 tokens (123.1 ms)  cpos=32
  [margins] 1.35 1.70 0.80 0.25 2.30 0.32 0.03 0.03 0.30  K=3
  verify 12: accepted 1/2 (K=3) + correction -> +2 tokens (117.2 ms)  cpos=34
  [margins] 2.06 0.70 0.76 0.77 0.01 1.77 0.03 0.90 1.38  K=2
  verify 13: accepted 1/1 (K=2) + correction -> +2 tokens (109.5 ms)  cpos=36
  [margins] 0.06 1.05 12.40 0.12 2.36 1.36 0.75 1.53 1.52  K=2
  verify 14: accepted 0/1 (K=2) + correction -> +1 tokens (104.9 ms)  cpos=37
  [margins] 0.58 2.93 1.72 0.49 1.92 1.86 1.53 2.55 0.62  K=4
  verify 15: accepted 1/3 (K=4) + correction -> +2 tokens (135.8 ms)  cpos=39
  [margins] 2.12 0.86 0.79 1.27 2.18 1.31 0.82 3.31 0.60  K=2
  verify 16: accepted 0/1 (K=2) + correction -> +1 tokens (109.5 ms)  cpos=40
  [margins] 3.13 2.72 2.81 0.44 1.16 3.26 1.20 1.63 0.10  K=4
  verify 17: accepted 1/3 (K=4) + correction -> +2 tokens (137.2 ms)  cpos=42
  [margins] 0.01 0.92 0.02 3.48 0.41 0.73 1.62 0.98 0.54  K=2
  verify 18: accepted 1/1 (K=2) + correction -> +2 tokens (111.6 ms)  cpos=44
  [margins] 0.62 7.93 0.48 1.71 0.31 0.82 0.63 0.43 0.83  K=3
  verify 19: accepted 2/2 (K=3) + correction -> +3 tokens (119.8 ms)  cpos=47
  [margins] 3.06 5.91 3.26 1.77 3.01 1.14 1.19 4.32 1.49  K=6
  verify 20: accepted 3/5 (K=6) + correction -> +4 tokens (171.3 ms)  cpos=51
  [margins] 2.88 0.02 1.11 0.17 0.07 0.73 0.28 2.98 1.13  K=2
  verify 21: accepted 0/1 (K=2) + correction -> +1 tokens (111.4 ms)  cpos=52
  [margins] 1.62 2.74 1.42 0.29 2.67 0.62 2.27 0.56 0.41  K=3
  verify 22: accepted 0/2 (K=3) + correction -> +1 tokens (118.2 ms)  cpos=53
  [margins] 7.11 3.09 0.25 0.11 0.96 1.86 0.45 0.84 0.14  K=3
  verify 23: accepted 2/2 (K=3) + correction -> +3 tokens (127.1 ms)  cpos=56
  [margins] 4.23 0.42 4.24 4.44 1.63 0.21 2.36 1.56 1.99  K=2
  verify 24: accepted 1/1 (K=2) + correction -> +2 tokens (108.2 ms)  cpos=58
  [margins] 4.96 10.82 2.63 0.24 0.34 1.77 0.37 0.24 1.07  K=4
  verify 25: accepted 2/3 (K=4) + correction -> +3 tokens (133.8 ms)  cpos=61
  [margins] 1.82 1.08 0.47 2.96 1.26 1.71 0.75 1.91 2.60  K=2
  verify 26: accepted 0/1 (K=2) + correction -> +1 tokens (109.2 ms)  cpos=62
  [margins] 1.83 0.07 2.30 1.59 2.93 0.23 1.02 0.08 1.39  K=2
  verify 27: accepted 0/1 (K=2) + correction -> +1 tokens (110.2 ms)  cpos=63
  [margins] 1.24 1.97 1.29 0.55 0.23 1.39 0.95 1.05 0.13  K=3
  verify 28: accepted 2/2 (K=3) + correction -> +3 tokens (124.6 ms)  cpos=66
  [margins] 1.37 2.35 0.42 0.39 0.11 1.91 1.94 0.56 0.78  K=3
  verify 29: accepted 0/2 (K=3) + correction -> +1 tokens (123.3 ms)  cpos=67
  [margins] 0.86 0.97 3.99 1.92 0.05 0.31 1.08 1.32 1.02  K=2
  verify 30: accepted 1/1 (K=2) + correction -> +2 tokens (113.2 ms)  cpos=69
  [margins] 0.22 0.08 0.53 0.11 0.83 0.68 1.55 0.04 0.31  K=2
  verify 31: accepted 0/1 (K=2) + correction -> +1 tokens (108.9 ms)  cpos=70
  [margins] 3.02 0.80 1.56 1.08 1.47 2.02 1.42 0.94 1.61  K=2
  verify 32: accepted 0/1 (K=2) + correction -> +1 tokens (111.7 ms)  cpos=71
  [margins] 1.55 0.63 0.44 0.82 0.39 0.72 0.04 0.46 0.54  K=2
  verify 33: accepted 0/1 (K=2) + correction -> +1 tokens (112.5 ms)  cpos=72
  [margins] 0.53 1.29 0.43 2.30 0.33 1.12 0.13 0.13 0.61  K=2
  verify 34: accepted 0/1 (K=2) + correction -> +1 tokens (108.4 ms)  cpos=73
  [margins] 5.07 1.73 1.37 0.22 0.65 0.02 1.22 0.89 1.09  K=3
  verify 35: accepted 2/2 (K=3) + correction -> +3 tokens (123.7 ms)  cpos=76
  [margins] 1.25 2.88 2.45 0.09 0.40 0.08 3.97 1.56 0.41  K=4
  verify 36: accepted 0/3 (K=4) + correction -> +1 tokens (137.9 ms)  cpos=77
  [margins] 3.41 1.37 0.19 0.59 0.02 0.02 8.28 1.39 0.36  K=2
  verify 37: accepted 1/1 (K=2) + correction -> +2 tokens (108.0 ms)  cpos=79
  [margins] 4.16 2.75 1.23 0.43 0.05 9.05 1.95 2.15 8.74  K=3
  verify 38: accepted 2/2 (K=3) + correction -> +3 tokens (126.5 ms)  cpos=82
  [margins] 3.41 3.00 9.00 1.98 3.99 9.78 1.98 0.89 9.32  K=8
  verify 39: accepted 3/7 (K=8) + correction -> +4 tokens (205.2 ms)  cpos=86
  [margins] 5.36 5.12 4.31 1.45 0.95 0.01 0.70 1.17 0.46  K=4
  verify 40: accepted 2/3 (K=4) + correction -> +3 tokens (127.8 ms)  cpos=89
  [margins] 7.90 4.02 0.35 1.99 0.95 4.46 0.15 2.88 0.87  K=3
  verify 41: accepted 1/2 (K=3) + correction -> +2 tokens (122.7 ms)  cpos=91
  [margins] 5.54 2.72 0.41 1.74 3.79 0.46 1.73 5.75 0.85  K=3
  verify 42: accepted 1/2 (K=3) + correction -> +2 tokens (121.8 ms)  cpos=93
  [margins] 3.91 2.31 5.37 4.19 2.56 3.10 4.17 0.44 2.95  K=8
  verify 43: accepted 1/7 (K=8) + correction -> +2 tokens (196.5 ms)  cpos=95
  [margins] 3.91 3.02 6.24 3.45 3.31 4.51 3.88 1.26 4.31  K=8
  verify 44: accepted 1/7 (K=8) + correction -> +2 tokens (196.7 ms)  cpos=97
  [margins] 3.54 2.09 3.12 1.16 6.52 2.57 0.69 5.33 4.45  K=4
  verify 45: accepted 3/3 (K=4) + correction -> +4 tokens (133.3 ms)  cpos=101
  [margins] 2.68 3.61 3.44 0.96 3.35 2.49 6.30 3.80 0.31  K=4
  verify 46: accepted 3/3 (K=4) + correction -> +4 tokens (131.9 ms)  cpos=105
  [margins] 2.35 3.94 3.45 1.18 3.02 2.58 6.36 3.54 0.74  K=4
  verify 47: accepted 3/3 (K=4) + correction -> +4 tokens (134.6 ms)  cpos=109
  [margins] 2.25 4.42 3.43 1.70 2.76 1.61 6.36 3.79 0.33  K=9
  verify 48: accepted 5/8 (K=9) + correction -> +6 tokens (212.3 ms)  cpos=115
  [margins] 1.95 3.39 2.88 1.54 2.85 1.87 6.94 3.82 0.45  K=9
  verify 49: accepted 5/8 (K=9) + correction -> +6 tokens (220.8 ms)  cpos=121
  [margins] 3.23 2.91 3.55 0.11 3.68 1.72 6.55 3.96 1.41  K=4
  verify 50: accepted 3/3 (K=4) + correction -> +4 tokens (134.4 ms)  cpos=125
  [margins] 3.26 2.61 3.46 0.31 3.49 1.62 6.37 4.13 1.56  K=4
  verify 51: accepted 3/3 (K=4) + correction -> +4 tokens (148.3 ms)  cpos=129
  [margins] 2.79 2.94 3.82 0.95 3.92 1.88 6.24 4.26 1.58  K=4
  verify 52: accepted 3/3 (K=4) + correction -> +4 tokens (135.5 ms)  cpos=133
  [margins] 2.20 3.99 3.04 1.25 3.44 1.92 6.30 3.65 0.84  K=4
  verify 53: accepted 3/3 (K=4) + correction -> +4 tokens (135.4 ms)  cpos=137
  [margins] 2.95 3.52 3.10 0.68 3.41 2.18 5.88 4.30 2.95  K=4
  verify 54: accepted 3/3 (K=4) + correction -> +4 tokens (135.2 ms)  cpos=141
  [margins] 2.92 3.71 3.09 1.19 3.40 2.45 5.87 5.10 2.83  K=4
  verify 55: accepted 3/3 (K=4) + correction -> +4 tokens (135.1 ms)  cpos=145
  [margins] 3.68 4.31 2.75 1.08 3.33 2.61 5.77 3.96 1.85  K=4
  verify 56: accepted 3/3 (K=4) + correction -> +4 tokens (137.0 ms)  cpos=149
  [margins] 2.53 4.98 2.92 2.38 3.43 1.78 6.23 3.50 1.59  K=10
  verify 57: accepted 5/9 (K=10) + correction -> +6 tokens (237.1 ms)  cpos=155
  [margins] 3.02 6.21 1.94 1.72 3.09 2.04 6.26 3.99 1.77  K=10
  verify 58: accepted 0/9 (K=10) + correction -> +1 tokens (243.8 ms)  cpos=156
  [margins] 5.80 2.37 0.87 1.70 2.05 5.09 2.69 1.14 5.37  K=3
  verify 59: accepted 1/2 (K=3) + correction -> +2 tokens (126.0 ms)  cpos=158
  [margins] 3.90 2.17 0.19 0.68 8.60 2.01 1.11 0.49 2.52  K=3
  verify 60: accepted 0/2 (K=3) + correction -> +1 tokens (126.7 ms)  cpos=159
  [margins] 7.31 1.31 1.69 2.47 3.27 0.42 0.07 0.07 7.16  K=2
  verify 61: accepted 1/1 (K=2) + correction -> +2 tokens (115.6 ms)  cpos=161
  [margins] 7.61 3.65 1.33 3.50 0.02 1.01 4.08 0.24 7.88  K=3
  verify 62: accepted 2/2 (K=3) + correction -> +3 tokens (126.6 ms)  cpos=164
  [margins] 7.84 6.55 4.69 4.19 2.91 1.72 3.71 3.39 3.55  K=10
  verify 63: accepted 2/9 (K=10) + correction -> +3 tokens (239.5 ms)  cpos=167
  [margins] 10.16 2.88 7.23 7.88 4.41 1.39 2.10 0.69 0.29  K=6
  verify 64: accepted 5/5 (K=6) + correction -> +6 tokens (176.5 ms)  cpos=173
  [margins] 6.08 1.06 0.53 4.86 0.48 0.27 5.53 0.29 0.60  K=2
  verify 65: accepted 1/1 (K=2) + correction -> +2 tokens (109.5 ms)  cpos=175
  [margins] 8.24 7.47 3.05 2.63 2.00 1.71 3.87 0.15 6.74  K=8
  verify 66: accepted 2/7 (K=8) + correction -> +3 tokens (206.2 ms)  cpos=178
  [margins] 15.87 12.79 7.84 7.97 1.97 4.40 11.20 0.55 0.02  K=8
  verify 67: accepted 5/7 (K=8) + correction -> +6 tokens (209.8 ms)  cpos=184
  [margins] 5.07 7.35 9.99 12.28 4.98 3.86 0.07 7.25 0.52  K=7
  verify 68: accepted 6/6 (K=7) + correction -> +7 tokens (191.3 ms)  cpos=191
  [margins] 6.49 9.93 8.06 14.16 5.81 5.97 0.77 3.50 1.12  K=7
  verify 69: accepted 6/6 (K=7) + correction -> +7 tokens (198.1 ms)  cpos=198
  [margins] 9.01 10.60 3.43 3.42 10.52 2.59 9.79 2.23 8.03  K=10
  verify 70: accepted 5/9 (K=10) + correction -> +6 tokens (254.0 ms)  cpos=204
  [margins] 19.66 7.27 5.12 8.54 5.99 1.11 5.41 6.18 0.61  K=6
  verify 71: accepted 5/5 (K=6) + correction -> +6 tokens (169.9 ms)  cpos=210
  [margins] 12.78 9.40 15.84 11.65 7.85 6.99 3.64 10.36 0.03  K=9
  verify 72: accepted 7/8 (K=9) + correction -> +8 tokens (227.9 ms)  cpos=218

[spec] generated 204 tokens over 72 verifies: mean tokens/verify = 2.83 (block=9, max 10)
[spec] tokens: 5715 14 295 834 10175 14 8470 3939 436 344 2239 362 4197 339 35 126664 23809 16765 270 3077 305 1990 23714 538 9479 21121 35977 2184 47270 34788 14 832 851 588 366 99782 1082 20351 14319 35977
[spec] SPEC-DECODE: 49.5 ms/tok = 20.19 tok/s  (vs base M=1 71.0 ms/tok = 14.08 tok/s -> 1.43x)
[decode] PREFILL: 82 positions in 1294.9 ms = 63.3 tok/s (15.792 ms/tok)
[spec] decoding 200 tokens (block=9, draft passes=1, adaptK=1.50, prompt=5 s=83)...
  [margins] 7.83 1.85 0.43 0.46 2.24 0.74 0.34 4.79 2.28  K=3
  verify 1: accepted 1/2 (K=3) + correction -> +2 tokens (128.0 ms)  cpos=84
  [margins] 0.00 0.04 1.72 2.88 1.23 0.53 0.54 0.97 1.13  K=2
  verify 2: accepted 0/1 (K=2) + correction -> +1 tokens (108.7 ms)  cpos=85
  [margins] 0.33 0.79 0.68 0.07 0.21 1.21 0.37 0.21 0.09  K=2
  verify 3: accepted 0/1 (K=2) + correction -> +1 tokens (108.4 ms)  cpos=86
  [margins] 1.51 1.86 1.89 2.41 0.46 1.45 1.56 0.92 0.44  K=5
  verify 4: accepted 2/4 (K=5) + correction -> +3 tokens (150.6 ms)  cpos=89
  [margins] 4.28 3.70 2.40 2.90 2.84 3.15 2.78 5.99 4.04  K=10
  verify 5: accepted 6/9 (K=10) + correction -> +7 tokens (239.7 ms)  cpos=96
  [margins] 10.22 5.03 6.02 0.28 0.15 0.18 4.39 1.18 0.73  K=4
  verify 6: accepted 0/3 (K=4) + correction -> +1 tokens (136.8 ms)  cpos=97
  [margins] 10.10 3.08 4.61 0.04 0.27 0.08 1.78 5.52 1.25  K=4
  verify 7: accepted 3/3 (K=4) + correction -> +4 tokens (139.1 ms)  cpos=101
  [margins] 4.33 0.45 2.57 1.97 0.12 0.71 0.57 2.14 1.54  K=2
  verify 8: accepted 1/1 (K=2) + correction -> +2 tokens (112.5 ms)  cpos=103
  [margins] 2.84 2.12 1.62 2.45 0.15 1.84 2.41 1.10 2.24  K=5
  verify 9: accepted 1/4 (K=5) + correction -> +2 tokens (152.7 ms)  cpos=105
  [margins] 9.09 6.01 3.96 0.03 5.19 3.35 2.80 2.03 1.91  K=4
  verify 10: accepted 3/3 (K=4) + correction -> +4 tokens (139.6 ms)  cpos=109
  [margins] 10.39 6.08 2.95 3.99 3.58 4.88 3.72 12.41 0.11  K=9
  verify 11: accepted 6/8 (K=9) + correction -> +7 tokens (223.9 ms)  cpos=116
  [margins] 10.75 14.88 7.17 1.75 2.62 0.19 1.26 2.77 3.08  K=6
  verify 12: accepted 5/5 (K=6) + correction -> +6 tokens (172.6 ms)  cpos=122
  [margins] 8.45 1.15 0.04 0.55 1.26 3.21 4.67 1.95 1.12  K=2
  verify 13: accepted 1/1 (K=2) + correction -> +2 tokens (115.3 ms)  cpos=124
  [margins] 11.46 3.49 3.65 0.92 6.13 3.00 0.05 4.59 1.70  K=4
  verify 14: accepted 3/3 (K=4) + correction -> +4 tokens (157.2 ms)  cpos=128
  [margins] 10.85 6.98 1.95 0.07 5.33 5.92 2.43 8.70 0.52  K=4
  verify 15: accepted 3/3 (K=4) + correction -> +4 tokens (141.9 ms)  cpos=132
  [margins] 12.02 14.71 4.50 1.77 4.99 11.54 6.22 2.58 2.34  K=10
  verify 16: accepted 2/9 (K=10) + correction -> +3 tokens (247.4 ms)  cpos=135
  [margins] 15.23 16.51 8.60 1.12 0.27 5.85 1.14 7.58 0.20  K=4
  verify 17: accepted 3/3 (K=4) + correction -> +4 tokens (141.9 ms)  cpos=139
  [margins] 1.70 0.77 3.73 6.04 3.00 7.50 1.06 7.21 0.88  K=2
  verify 18: accepted 0/1 (K=2) + correction -> +1 tokens (117.6 ms)  cpos=140
  [margins] 4.86 0.03 2.35 0.02 3.77 1.32 1.05 1.88 1.86  K=2
  verify 19: accepted 0/1 (K=2) + correction -> +1 tokens (111.1 ms)  cpos=141
  [margins] 6.43 6.41 4.15 5.14 3.95 4.20 1.08 0.25 1.51  K=7
  verify 20: accepted 2/6 (K=7) + correction -> +3 tokens (191.8 ms)  cpos=144
  [margins] 9.49 1.22 2.52 1.77 0.50 9.50 7.19 2.05 0.54  K=2
  verify 21: accepted 1/1 (K=2) + correction -> +2 tokens (113.3 ms)  cpos=146
  [margins] 5.66 6.75 2.66 7.08 0.67 12.05 6.39 6.99 1.87  K=5
  verify 22: accepted 4/4 (K=5) + correction -> +5 tokens (156.5 ms)  cpos=151
  [margins] 6.23 12.01 6.17 3.13 10.69 3.21 2.88 0.17 2.38  K=8
  verify 23: accepted 3/7 (K=8) + correction -> +4 tokens (206.4 ms)  cpos=155
  [margins] 17.17 12.05 11.36 6.59 1.36 0.60 1.78 0.20 3.16  K=5
  verify 24: accepted 4/4 (K=5) + correction -> +5 tokens (158.9 ms)  cpos=160
  [margins] 7.48 0.44 12.65 8.65 2.45 5.75 0.25 4.03 2.62  K=2
  verify 25: accepted 0/1 (K=2) + correction -> +1 tokens (111.1 ms)  cpos=161
  [margins] 9.49 6.92 3.76 2.59 6.10 7.71 0.25 3.36 1.20  K=7
  verify 26: accepted 2/6 (K=7) + correction -> +3 tokens (191.2 ms)  cpos=164
  [margins] 10.10 4.88 1.77 3.43 0.05 7.50 7.43 1.04 0.87  K=5
  verify 27: accepted 4/4 (K=5) + correction -> +5 tokens (154.6 ms)  cpos=169
  [margins] 11.10 11.36 5.65 7.31 5.82 1.78 0.10 4.66 1.26  K=7
  verify 28: accepted 5/6 (K=7) + correction -> +6 tokens (197.2 ms)  cpos=175
  [margins] 17.92 10.64 10.32 6.47 0.37 5.01 3.19 3.61 0.38  K=5
  verify 29: accepted 4/4 (K=5) + correction -> +5 tokens (159.7 ms)  cpos=180
  [margins] 16.12 16.27 4.74 3.31 4.52 8.28 9.02 1.45 2.78  K=8
  verify 30: accepted 3/7 (K=8) + correction -> +4 tokens (206.0 ms)  cpos=184
  [margins] 10.14 0.77 9.59 10.48 8.11 7.03 10.13 0.29 6.47  K=2
  verify 31: accepted 1/1 (K=2) + correction -> +2 tokens (112.4 ms)  cpos=186
  [margins] 4.34 8.69 3.31 5.64 0.48 6.15 5.73 8.62 3.52  K=5
  verify 32: accepted 4/4 (K=5) + correction -> +5 tokens (155.5 ms)  cpos=191
  [margins] 3.64 12.80 9.13 3.23 12.01 2.20 0.35 1.26 7.45  K=7
  verify 33: accepted 3/6 (K=7) + correction -> +4 tokens (195.7 ms)  cpos=195
  [margins] 16.45 12.81 10.95 6.82 0.24 3.33 1.50 2.56 1.16  K=5
  verify 34: accepted 4/4 (K=5) + correction -> +5 tokens (159.5 ms)  cpos=200
  [margins] 15.77 13.55 2.85 1.20 3.05 9.42 7.34 2.43 0.47  K=4
  verify 35: accepted 3/3 (K=4) + correction -> +4 tokens (139.9 ms)  cpos=204
  [margins] 8.91 2.49 1.40 3.29 1.06 8.32 1.02 2.21 5.98  K=3
  verify 36: accepted 2/2 (K=3) + correction -> +3 tokens (124.4 ms)  cpos=207
  [margins] 11.15 7.13 8.98 3.84 0.68 7.07 5.14 4.58 8.30  K=5
  verify 37: accepted 4/4 (K=5) + correction -> +5 tokens (161.1 ms)  cpos=212
  [margins] 13.17 15.82 3.89 3.59 11.73 12.60 4.51 5.10 6.15  K=10
  verify 38: accepted 9/9 (K=10) + correction -> +10 tokens (247.2 ms)  cpos=222
  [margins] 9.75 3.19 3.79 0.35 5.73 1.96 3.61 0.53 1.49  K=4
  verify 39: accepted 3/3 (K=4) + correction -> +4 tokens (141.5 ms)  cpos=226
  [margins] 6.60 3.55 0.71 7.84 0.10 6.64 5.45 7.87 0.06  K=3
  verify 40: accepted 2/2 (K=3) + correction -> +3 tokens (130.5 ms)  cpos=229
  [margins] 18.51 10.32 5.02 6.80 4.20 0.17 2.82 5.29 0.23  K=6
  verify 41: accepted 5/5 (K=6) + correction -> +6 tokens (176.1 ms)  cpos=235
  [margins] 10.12 12.20 10.31 7.35 1.57 1.81 8.11 0.48 3.65  K=8
  verify 42: accepted 5/7 (K=8) + correction -> +6 tokens (210.3 ms)  cpos=241
  [margins] 16.10 9.90 4.53 5.86 0.83 1.91 5.94 2.37 6.19  K=5
  verify 43: accepted 4/4 (K=5) + correction -> +5 tokens (156.3 ms)  cpos=246
  [margins] 6.50 2.76 0.57 11.32 9.71 1.41 6.44 5.23 3.18  K=3
  verify 44: accepted 2/2 (K=3) + correction -> +3 tokens (132.0 ms)  cpos=249
  [margins] 13.81 10.24 4.08 9.03 4.79 2.60 4.69 1.40 2.72  K=8
  verify 45: accepted 5/7 (K=8) + correction -> +6 tokens (224.7 ms)  cpos=255
  [margins] 16.25 11.90 11.24 7.83 8.08 2.69 4.17 0.80 0.47  K=8
  verify 46: accepted 5/7 (K=8) + correction -> +6 tokens (223.5 ms)  cpos=261
  [margins] 15.81 9.78 4.68 4.27 0.71 4.28 4.80 0.00 1.17  K=5
  verify 47: accepted 4/4 (K=5) + correction -> +5 tokens (155.9 ms)  cpos=266
  [margins] 10.22 10.46 1.37 6.41 10.85 7.71 2.84 7.03 1.32  K=3
  verify 48: accepted 2/2 (K=3) + correction -> +3 tokens (130.5 ms)  cpos=269
  [margins] 14.48 12.81 4.19 8.56 6.84 0.23 2.61 0.86 0.47  K=6
  verify 49: accepted 5/5 (K=6) + correction -> +6 tokens (176.0 ms)  cpos=275
  [margins] 15.51 16.29 12.18 12.01 7.65 6.14 2.73 0.00 0.64  K=8
  verify 50: accepted 5/7 (K=8) + correction -> +6 tokens (211.0 ms)  cpos=281
  [margins] 15.55 7.58 4.19 5.48 0.24 0.43 0.26 0.72 2.58  K=5
  verify 51: accepted 4/4 (K=5) + correction -> +5 tokens (155.7 ms)  cpos=286

[spec] generated 204 tokens over 51 verifies: mean tokens/verify = 4.00 (block=9, max 10)
[spec] tokens: 1 50 201 671 15020 4181 362 2775 14817 14922 344 223 25 22765 7975 55 15 3180 16 1 50 201 671 15020 4181 362 2775 14817 14922 344 223 25 22765 7975 55 15 3180 16 1 50
[spec] SPEC-DECODE: 40.0 ms/tok = 24.99 tok/s  (vs base M=1 71.0 ms/tok = 14.08 tok/s -> 1.78x)
[decode] PREFILL: 14 positions in 286.6 ms = 48.8 tok/s (20.471 ms/tok)
[spec] decoding 200 tokens (block=9, draft passes=1, adaptK=1.50, prompt=6 s=15)...
  [margins] 0.37 1.16 1.49 0.87 0.22 0.54 0.30 0.55 0.91  K=2
  verify 1: accepted 0/1 (K=2) + correction -> +1 tokens (110.0 ms)  cpos=15
  [margins] 0.58 0.36 6.61 5.27 0.57 2.98 0.12 0.95 3.50  K=2
  verify 2: accepted 0/1 (K=2) + correction -> +1 tokens (113.1 ms)  cpos=16
  [margins] 2.84 1.64 0.85 1.52 3.87 0.79 1.13 3.13 0.69  K=3
  verify 3: accepted 1/2 (K=3) + correction -> +2 tokens (120.3 ms)  cpos=18
  [margins] 2.09 1.57 1.78 2.22 3.13 1.39 2.05 2.72 1.29  K=6
  verify 4: accepted 1/5 (K=6) + correction -> +2 tokens (163.2 ms)  cpos=20
  [margins] 2.32 2.22 3.74 2.64 3.38 2.54 2.98 2.58 2.34  K=10
  verify 5: accepted 1/9 (K=10) + correction -> +2 tokens (225.1 ms)  cpos=22
  [margins] 3.46 1.72 3.94 2.80 3.48 3.00 3.40 2.46 2.83  K=10
  verify 6: accepted 1/9 (K=10) + correction -> +2 tokens (230.5 ms)  cpos=24
  [margins] 2.55 0.13 2.05 2.42 4.39 2.10 1.25 3.52 3.39  K=2
  verify 7: accepted 1/1 (K=2) + correction -> +2 tokens (109.1 ms)  cpos=26
  [margins] 1.46 1.06 2.75 1.30 5.71 2.55 0.23 4.93 3.18  K=2
  verify 8: accepted 1/1 (K=2) + correction -> +2 tokens (112.5 ms)  cpos=28
  [margins] 0.67 1.23 3.07 0.36 6.60 2.81 0.26 5.73 2.71  K=2
  verify 9: accepted 1/1 (K=2) + correction -> +2 tokens (108.0 ms)  cpos=30
  [margins] 0.95 1.52 2.45 0.31 3.37 1.79 6.28 2.58 0.29  K=4
  verify 10: accepted 0/3 (K=4) + correction -> +1 tokens (128.3 ms)  cpos=31
  [margins] 0.05 2.32 0.21 3.41 1.30 6.43 2.66 0.59 6.04  K=3
  verify 11: accepted 0/2 (K=3) + correction -> +1 tokens (122.1 ms)  cpos=32
  [margins] 6.93 1.67 4.20 1.77 2.70 7.12 1.55 0.76 6.22  K=8
  verify 12: accepted 2/7 (K=8) + correction -> +3 tokens (193.7 ms)  cpos=35
  [margins] 4.18 5.00 3.65 6.11 1.73 1.87 5.42 0.01 1.27  K=8
  verify 13: accepted 7/7 (K=8) + correction -> +8 tokens (193.1 ms)  cpos=43
  [margins] 14.87 8.04 9.41 8.42 6.57 5.15 0.20 5.90 2.60  K=7
  verify 14: accepted 6/6 (K=7) + correction -> +7 tokens (180.3 ms)  cpos=50
  [margins] 9.91 13.19 11.66 11.14 9.83 7.82 9.88 9.59 10.50  K=10
  verify 15: accepted 9/9 (K=10) + correction -> +10 tokens (236.6 ms)  cpos=60
  [margins] 11.75 13.34 9.47 11.18 8.39 8.24 10.12 8.15 8.30  K=10
  verify 16: accepted 9/9 (K=10) + correction -> +10 tokens (232.3 ms)  cpos=70
  [margins] 13.51 11.01 10.96 7.63 9.17 9.91 3.69 8.86 9.21  K=10
  verify 17: accepted 9/9 (K=10) + correction -> +10 tokens (241.0 ms)  cpos=80
  [margins] 9.72 13.78 14.06 11.00 12.50 13.39 9.26 5.67 10.29  K=10
  verify 18: accepted 9/9 (K=10) + correction -> +10 tokens (236.3 ms)  cpos=90
  [margins] 11.56 15.44 8.74 12.14 10.04 8.39 6.30 7.55 9.46  K=10
  verify 19: accepted 9/9 (K=10) + correction -> +10 tokens (244.7 ms)  cpos=100
  [margins] 15.01 9.81 9.91 7.69 8.61 7.16 4.16 7.92 9.33  K=10
  verify 20: accepted 9/9 (K=10) + correction -> +10 tokens (236.7 ms)  cpos=110
  [margins] 11.04 13.43 13.45 11.85 9.06 10.30 10.77 9.50 8.10  K=10
  verify 21: accepted 9/9 (K=10) + correction -> +10 tokens (244.4 ms)  cpos=120
  [margins] 11.76 13.72 8.53 11.13 9.50 7.01 8.38 7.19 8.94  K=10
  verify 22: accepted 9/9 (K=10) + correction -> +10 tokens (254.5 ms)  cpos=130
  [margins] 15.46 11.95 10.32 6.48 9.43 9.09 5.63 8.44 9.10  K=10
  verify 23: accepted 9/9 (K=10) + correction -> +10 tokens (243.8 ms)  cpos=140
  [margins] 10.10 13.68 13.55 10.81 9.29 11.44 11.02 9.64 9.86  K=10
  verify 24: accepted 9/9 (K=10) + correction -> +10 tokens (239.0 ms)  cpos=150
  [margins] 12.58 13.18 7.76 10.50 8.29 6.42 9.16 6.22 8.89  K=10
  verify 25: accepted 9/9 (K=10) + correction -> +10 tokens (245.9 ms)  cpos=160
  [margins] 18.92 12.01 11.90 11.14 9.70 7.48 8.15 8.16 10.08  K=10
  verify 26: accepted 9/9 (K=10) + correction -> +10 tokens (238.5 ms)  cpos=170
  [margins] 12.11 12.34 9.98 11.41 9.33 11.46 9.24 9.09 9.29  K=10
  verify 27: accepted 9/9 (K=10) + correction -> +10 tokens (245.9 ms)  cpos=180
  [margins] 11.22 15.75 8.84 10.21 8.72 6.34 7.67 4.87 8.30  K=10
  verify 28: accepted 9/9 (K=10) + correction -> +10 tokens (240.8 ms)  cpos=190
  [margins] 17.34 11.29 13.34 6.96 6.66 7.90 8.17 8.53 10.75  K=10
  verify 29: accepted 9/9 (K=10) + correction -> +10 tokens (246.6 ms)  cpos=200
  [margins] 11.46 13.43 13.88 10.40 9.64 13.46 10.60 9.47 9.34  K=10
  verify 30: accepted 9/9 (K=10) + correction -> +10 tokens (241.7 ms)  cpos=210
  [margins] 12.43 14.54 8.23 9.64 10.10 5.80 9.44 6.16 8.09  K=10
  verify 31: accepted 9/9 (K=10) + correction -> +10 tokens (247.0 ms)  cpos=220

[spec] generated 206 tokens over 31 verifies: mean tokens/verify = 6.65 (block=9, max 10)
[spec] tokens: 1 16 1 16 1 16 1 16 1 16 1 16 1 16 1 16 403 31310 16 403 31310 16 403 31310 16 403 31310 16 403 31310 16 403 31310 16 403 31310 16 403 31310 16
[spec] SPEC-DECODE: 29.8 ms/tok = 33.53 tok/s  (vs base M=1 71.0 ms/tok = 14.08 tok/s -> 2.38x)
[decode] PREFILL: 37 positions in 634.2 ms = 58.3 tok/s (17.141 ms/tok)
[spec] decoding 200 tokens (block=9, draft passes=1, adaptK=1.50, prompt=7 s=38)...
  [margins] 1.09 2.93 0.74 0.43 0.56 0.84 0.50 1.53 1.66  K=3
  verify 1: accepted 0/2 (K=3) + correction -> +1 tokens (126.4 ms)  cpos=38
  [margins] 0.34 5.89 0.11 2.05 0.67 0.49 0.13 0.87 1.89  K=3
  verify 2: accepted 0/2 (K=3) + correction -> +1 tokens (121.0 ms)  cpos=39
  [margins] 1.94 0.28 0.73 0.00 0.28 1.10 0.14 0.35 0.36  K=2
  verify 3: accepted 1/1 (K=2) + correction -> +2 tokens (109.3 ms)  cpos=41
  [margins] 3.41 0.76 0.90 5.39 0.58 0.98 0.49 1.08 2.24  K=2
  verify 4: accepted 1/1 (K=2) + correction -> +2 tokens (105.5 ms)  cpos=43
  [margins] 0.93 0.90 0.03 0.65 0.34 0.09 0.02 0.14 1.21  K=2
  verify 5: accepted 0/1 (K=2) + correction -> +1 tokens (109.6 ms)  cpos=44
  [margins] 0.58 1.92 0.16 0.27 0.98 1.24 0.20 0.08 0.47  K=3
  verify 6: accepted 0/2 (K=3) + correction -> +1 tokens (119.1 ms)  cpos=45
  [margins] 0.01 0.61 3.23 2.42 1.14 0.96 2.13 0.80 0.24  K=2
  verify 7: accepted 1/1 (K=2) + correction -> +2 tokens (109.5 ms)  cpos=47
  [margins] 1.91 3.45 0.44 0.97 2.06 2.86 0.92 0.43 1.14  K=3
  verify 8: accepted 1/2 (K=3) + correction -> +2 tokens (123.6 ms)  cpos=49
  [margins] 9.25 6.49 4.84 1.97 0.95 1.64 0.73 2.69 2.28  K=5
  verify 9: accepted 4/4 (K=5) + correction -> +5 tokens (148.2 ms)  cpos=54
  [margins] 0.66 1.41 0.09 1.25 1.26 1.82 5.53 1.68 2.48  K=2
  verify 10: accepted 0/1 (K=2) + correction -> +1 tokens (112.5 ms)  cpos=55
  [margins] 1.72 0.86 0.51 0.90 1.05 0.37 4.53 2.67 2.79  K=2
  verify 11: accepted 1/1 (K=2) + correction -> +2 tokens (111.9 ms)  cpos=57
  [margins] 2.70 0.25 6.25 0.44 1.14 0.55 1.78 0.20 2.32  K=2
  verify 12: accepted 1/1 (K=2) + correction -> +2 tokens (107.1 ms)  cpos=59
  [margins] 3.93 2.55 0.16 0.05 2.11 3.14 0.75 0.43 1.26  K=3
  verify 13: accepted 2/2 (K=3) + correction -> +3 tokens (123.9 ms)  cpos=62
  [margins] 1.31 0.54 1.42 2.55 3.17 1.66 0.07 0.77 0.08  K=2
  verify 14: accepted 1/1 (K=2) + correction -> +2 tokens (112.6 ms)  cpos=64
  [margins] 5.13 8.56 3.36 0.78 0.60 2.63 0.08 0.71 0.49  K=4
  verify 15: accepted 3/3 (K=4) + correction -> +4 tokens (137.6 ms)  cpos=68
  [margins] 5.20 3.16 0.00 0.07 1.37 0.66 3.03 7.33 2.44  K=3
  verify 16: accepted 2/2 (K=3) + correction -> +3 tokens (118.7 ms)  cpos=71
  [margins] 2.54 1.15 3.62 1.92 1.14 6.95 0.26 7.43 0.93  K=2
  verify 17: accepted 1/1 (K=2) + correction -> +2 tokens (111.2 ms)  cpos=73
  [margins] 6.55 1.98 0.71 2.01 0.67 4.67 0.24 7.74 0.22  K=3
  verify 18: accepted 2/2 (K=3) + correction -> +3 tokens (125.2 ms)  cpos=76
  [margins] 11.33 2.05 0.55 0.01 2.43 2.56 2.73 2.29 2.24  K=3
  verify 19: accepted 2/2 (K=3) + correction -> +3 tokens (119.7 ms)  cpos=79
  [margins] 10.57 9.81 8.41 7.28 6.41 6.64 2.47 5.08 3.41  K=10
  verify 20: accepted 9/9 (K=10) + correction -> +10 tokens (247.9 ms)  cpos=89
  [margins] 8.03 6.39 4.85 0.10 0.66 5.71 10.38 1.85 11.98  K=4
  verify 21: accepted 3/3 (K=4) + correction -> +4 tokens (138.6 ms)  cpos=93
  [margins] 5.35 2.01 1.70 2.71 1.31 0.78 0.36 0.56 2.57  K=5
  verify 22: accepted 3/4 (K=5) + correction -> +4 tokens (148.0 ms)  cpos=97
  [margins] 10.10 12.12 11.19 10.95 4.88 4.53 0.98 3.67 1.79  K=7
  verify 23: accepted 6/6 (K=7) + correction -> +7 tokens (192.7 ms)  cpos=104
  [margins] 5.66 4.50 2.81 9.66 2.78 1.20 0.97 3.69 1.38  K=6
  verify 24: accepted 5/5 (K=6) + correction -> +6 tokens (168.6 ms)  cpos=110
  [margins] 11.48 10.53 6.08 8.99 1.05 0.17 0.85 1.16 7.24  K=5
  verify 25: accepted 4/4 (K=5) + correction -> +5 tokens (154.5 ms)  cpos=115
  [margins] 5.30 7.99 2.39 8.68 0.74 0.49 1.13 2.04 3.34  K=5
  verify 26: accepted 4/4 (K=5) + correction -> +5 tokens (158.6 ms)  cpos=120
  [margins] 12.75 9.06 6.32 9.29 1.02 0.93 0.36 0.28 5.62  K=5
  verify 27: accepted 4/4 (K=5) + correction -> +5 tokens (153.5 ms)  cpos=125
  [margins] 6.41 7.78 1.79 8.06 3.98 1.97 2.56 4.20 0.16  K=9
  verify 28: accepted 5/8 (K=9) + correction -> +6 tokens (238.8 ms)  cpos=131
  [margins] 0.39 5.59 0.56 6.50 1.68 0.65 1.12 1.15 0.89  K=3
  verify 29: accepted 2/2 (K=3) + correction -> +3 tokens (125.8 ms)  cpos=134
  [margins] 12.53 5.57 0.59 4.44 4.07 1.31 1.58 1.04 0.26  K=3
  verify 30: accepted 2/2 (K=3) + correction -> +3 tokens (128.6 ms)  cpos=137
  [margins] 3.81 0.02 0.07 1.35 0.12 0.79 1.06 0.15 0.14  K=2
  verify 31: accepted 1/1 (K=2) + correction -> +2 tokens (112.0 ms)  cpos=139
  [margins] 7.60 1.21 6.80 5.22 2.61 0.95 0.17 2.29 0.82  K=2
  verify 32: accepted 1/1 (K=2) + correction -> +2 tokens (114.8 ms)  cpos=141
  [margins] 9.10 8.70 6.22 1.48 0.57 2.12 2.68 0.54 0.38  K=4
  verify 33: accepted 3/3 (K=4) + correction -> +4 tokens (143.0 ms)  cpos=145
  [margins] 1.83 4.10 1.80 2.51 5.32 3.18 2.73 0.21 0.89  K=8
  verify 34: accepted 0/7 (K=8) + correction -> +1 tokens (215.2 ms)  cpos=146
  [margins] 6.72 9.80 11.08 12.15 1.70 4.26 2.11 2.86 2.05  K=10
  verify 35: accepted 4/9 (K=10) + correction -> +5 tokens (254.6 ms)  cpos=151
  [margins] 2.46 0.74 0.10 0.27 0.98 1.00 1.20 1.48 3.32  K=2
  verify 36: accepted 1/1 (K=2) + correction -> +2 tokens (120.5 ms)  cpos=153
  [margins] 3.87 3.47 1.23 0.43 2.72 1.36 3.48 6.15 0.41  K=3
  verify 37: accepted 0/2 (K=3) + correction -> +1 tokens (119.8 ms)  cpos=154
  [margins] 5.96 2.01 0.12 0.05 1.66 1.36 3.74 5.50 0.32  K=3
  verify 38: accepted 1/2 (K=3) + correction -> +2 tokens (125.7 ms)  cpos=156
  [margins] 5.29 2.49 0.00 2.40 2.08 3.19 4.21 1.81 2.86  K=3
  verify 39: accepted 1/2 (K=3) + correction -> +2 tokens (120.6 ms)  cpos=158
  [margins] 3.63 0.70 3.97 2.32 1.49 2.14 2.48 0.33 0.90  K=2
  verify 40: accepted 1/1 (K=2) + correction -> +2 tokens (117.9 ms)  cpos=160
  [margins] 4.25 0.65 3.49 1.68 5.11 2.40 0.32 4.34 4.65  K=2
  verify 41: accepted 1/1 (K=2) + correction -> +2 tokens (113.9 ms)  cpos=162
  [margins] 3.93 0.85 4.12 1.56 5.77 2.86 0.39 4.79 5.52  K=2
  verify 42: accepted 1/1 (K=2) + correction -> +2 tokens (118.2 ms)  cpos=164
  [margins] 3.72 4.32 4.23 0.71 4.03 1.60 6.03 3.95 0.18  K=4
  verify 43: accepted 3/3 (K=4) + correction -> +4 tokens (134.4 ms)  cpos=168
  [margins] 1.89 3.14 3.08 1.03 3.65 1.28 5.98 3.51 0.39  K=4
  verify 44: accepted 3/3 (K=4) + correction -> +4 tokens (133.9 ms)  cpos=172
  [margins] 0.98 4.69 1.09 2.60 4.09 0.98 7.26 3.73 1.97  K=3
  verify 45: accepted 2/2 (K=3) + correction -> +3 tokens (123.1 ms)  cpos=175
  [margins] 4.62 4.74 4.51 4.47 0.74 3.65 0.23 5.40 3.92  K=5
  verify 46: accepted 4/4 (K=5) + correction -> +5 tokens (150.6 ms)  cpos=180
  [margins] 0.73 4.75 2.24 3.16 4.84 0.64 6.79 4.59 0.47  K=6
  verify 47: accepted 5/5 (K=6) + correction -> +6 tokens (160.0 ms)  cpos=186
  [margins] 1.61 4.81 3.15 3.14 4.52 0.02 4.27 0.43 5.94  K=6
  verify 48: accepted 5/5 (K=6) + correction -> +6 tokens (165.6 ms)  cpos=192
  [margins] 0.94 3.36 4.26 2.49 4.47 0.54 6.26 5.50 0.05  K=6
  verify 49: accepted 5/5 (K=6) + correction -> +6 tokens (159.7 ms)  cpos=198
  [margins] 0.96 3.68 3.06 2.41 4.54 0.95 6.93 5.59 0.71  K=6
  verify 50: accepted 5/5 (K=6) + correction -> +6 tokens (165.1 ms)  cpos=204
  [margins] 1.10 3.90 3.87 1.19 4.83 0.86 6.02 5.97 0.95  K=4
  verify 51: accepted 3/3 (K=4) + correction -> +4 tokens (134.2 ms)  cpos=208
  [margins] 1.40 4.14 3.08 2.14 4.88 0.77 7.37 5.81 0.47  K=6
  verify 52: accepted 5/5 (K=6) + correction -> +6 tokens (161.4 ms)  cpos=214
  [margins] 1.62 4.29 2.92 1.87 4.92 1.43 6.70 5.63 0.95  K=6
  verify 53: accepted 5/5 (K=6) + correction -> +6 tokens (165.6 ms)  cpos=220
  [margins] 1.28 4.57 2.83 1.39 4.99 1.03 6.24 5.51 0.26  K=4
  verify 54: accepted 3/3 (K=4) + correction -> +4 tokens (136.1 ms)  cpos=224
  [margins] 1.83 4.68 3.36 1.65 5.29 0.98 6.95 6.20 0.42  K=6
  verify 55: accepted 5/5 (K=6) + correction -> +6 tokens (160.0 ms)  cpos=230
  [margins] 1.12 3.80 3.54 1.41 5.58 1.02 6.82 6.60 0.06  K=4
  verify 56: accepted 0/3 (K=4) + correction -> +1 tokens (134.8 ms)  cpos=231
  [margins] 8.46 1.27 2.00 5.10 0.50 6.98 5.13 0.10 6.25  K=2
  verify 57: accepted 0/1 (K=2) + correction -> +1 tokens (114.5 ms)  cpos=232
  [margins] 6.06 3.55 8.17 1.93 2.56 6.59 2.19 0.63 6.51  K=8
  verify 58: accepted 1/7 (K=8) + correction -> +2 tokens (203.7 ms)  cpos=234
  [margins] 4.92 2.28 3.65 0.28 0.40 5.77 2.26 0.41 5.61  K=4
  verify 59: accepted 1/3 (K=4) + correction -> +2 tokens (136.3 ms)  cpos=236
  [margins] 5.41 0.80 6.53 0.04 11.05 0.38 4.46 1.68 1.26  K=2
  verify 60: accepted 0/1 (K=2) + correction -> +1 tokens (110.2 ms)  cpos=237

[spec] generated 200 tokens over 60 verifies: mean tokens/verify = 3.33 (block=9, max 10)
[spec] tokens: 343 12888 28 566 344 260 19075 3417 9508 5718 270 2753 294 270 6616 366 1512 1527 27819 13459 16 5715 270 12919 6329 1512 1527 940 223 19 27819 13459 16 455 3452 2753 344 979 7490 201
[spec] SPEC-DECODE: 41.7 ms/tok = 23.96 tok/s  (vs base M=1 71.0 ms/tok = 14.08 tok/s -> 1.70x)
[decode] PREFILL: 12 positions in 251.5 ms = 47.7 tok/s (20.957 ms/tok)
[spec] decoding 200 tokens (block=9, draft passes=1, adaptK=1.50, prompt=8 s=13)...
  [margins] 1.79 1.52 0.60 8.47 2.83 1.04 5.36 2.18 2.58  K=3
  verify 1: accepted 1/2 (K=3) + correction -> +2 tokens (120.5 ms)  cpos=14
  [margins] 0.23 4.71 2.26 0.58 4.03 0.89 1.60 5.64 3.21  K=4
  verify 2: accepted 0/3 (K=4) + correction -> +1 tokens (137.5 ms)  cpos=15
  [margins] 3.63 1.00 0.69 0.42 0.98 0.82 0.30 7.07 2.56  K=2
  verify 3: accepted 0/1 (K=2) + correction -> +1 tokens (103.4 ms)  cpos=16
  [margins] 1.14 1.87 0.40 0.15 2.76 2.27 1.09 0.32 4.79  K=3
  verify 4: accepted 0/2 (K=3) + correction -> +1 tokens (113.5 ms)  cpos=17
  [margins] 1.42 0.33 0.95 0.86 1.01 0.38 2.65 4.57 1.79  K=2
  verify 5: accepted 0/1 (K=2) + correction -> +1 tokens (99.4 ms)  cpos=18
  [margins] 1.30 0.90 2.10 0.04 0.67 0.87 0.19 0.99 1.49  K=2
  verify 6: accepted 0/1 (K=2) + correction -> +1 tokens (108.6 ms)  cpos=19
  [margins] 1.99 0.57 1.69 1.09 4.23 0.98 0.42 1.04 5.69  K=2
  verify 7: accepted 1/1 (K=2) + correction -> +2 tokens (112.0 ms)  cpos=21
  [margins] 2.22 0.05 0.12 1.07 4.30 1.04 0.39 1.05 6.79  K=2
  verify 8: accepted 1/1 (K=2) + correction -> +2 tokens (108.3 ms)  cpos=23
  [margins] 2.50 0.03 0.13 0.09 0.36 3.52 0.88 0.15 0.74  K=2
  verify 9: accepted 1/1 (K=2) + correction -> +2 tokens (111.5 ms)  cpos=25
  [margins] 3.26 0.01 0.51 0.23 0.23 4.74 0.77 0.39 0.22  K=2
  verify 10: accepted 1/1 (K=2) + correction -> +2 tokens (108.4 ms)  cpos=27
  [margins] 4.43 0.24 5.57 0.03 5.05 0.07 0.23 0.53 0.10  K=2
  verify 11: accepted 1/1 (K=2) + correction -> +2 tokens (112.4 ms)  cpos=29
  [margins] 5.01 0.29 5.14 0.03 4.59 0.03 0.07 3.87 0.00  K=2
  verify 12: accepted 1/1 (K=2) + correction -> +2 tokens (107.8 ms)  cpos=31
  [margins] 5.33 0.18 5.37 0.58 4.24 0.10 4.06 0.14 0.13  K=2
  verify 13: accepted 1/1 (K=2) + correction -> +2 tokens (111.9 ms)  cpos=33
  [margins] 4.81 0.20 4.91 0.25 3.70 0.07 0.03 3.03 0.33  K=2
  verify 14: accepted 1/1 (K=2) + correction -> +2 tokens (109.1 ms)  cpos=35
  [margins] 5.76 0.34 6.12 0.40 4.78 0.20 4.63 0.11 1.00  K=2
  verify 15: accepted 1/1 (K=2) + correction -> +2 tokens (111.8 ms)  cpos=37
  [margins] 5.23 0.21 5.42 0.31 3.96 0.17 0.65 0.14 0.22  K=2
  verify 16: accepted 1/1 (K=2) + correction -> +2 tokens (108.7 ms)  cpos=39
  [margins] 6.01 0.16 7.39 0.26 5.01 0.08 1.14 0.25 0.36  K=2
  verify 17: accepted 1/1 (K=2) + correction -> +2 tokens (112.9 ms)  cpos=41
  [margins] 6.01 0.55 5.94 0.58 4.52 0.55 4.25 0.65 3.50  K=2
  verify 18: accepted 1/1 (K=2) + correction -> +2 tokens (108.9 ms)  cpos=43
  [margins] 6.41 0.99 6.61 0.73 4.98 0.56 4.66 0.48 3.44  K=2
  verify 19: accepted 1/1 (K=2) + correction -> +2 tokens (112.8 ms)  cpos=45
  [margins] 5.62 1.49 4.70 1.48 4.03 0.84 3.56 0.85 2.97  K=2
  verify 20: accepted 0/1 (K=2) + correction -> +1 tokens (106.4 ms)  cpos=46
  [margins] 5.11 3.63 3.97 1.50 1.44 0.30 0.26 0.03 3.98  K=4
  verify 21: accepted 3/3 (K=4) + correction -> +4 tokens (136.2 ms)  cpos=50
  [margins] 2.90 0.41 0.16 0.20 3.39 4.67 0.07 2.21 0.68  K=2
  verify 22: accepted 1/1 (K=2) + correction -> +2 tokens (111.0 ms)  cpos=52
  [margins] 4.14 7.48 3.62 0.63 6.57 0.02 0.92 0.08 2.10  K=4
  verify 23: accepted 3/3 (K=4) + correction -> +4 tokens (134.7 ms)  cpos=56
  [margins] 2.70 0.13 3.22 2.20 2.24 0.05 1.09 1.98 0.38  K=2
  verify 24: accepted 1/1 (K=2) + correction -> +2 tokens (109.4 ms)  cpos=58
  [margins] 0.43 6.94 1.17 3.04 0.53 1.86 0.42 0.49 8.56  K=3
  verify 25: accepted 0/2 (K=3) + correction -> +1 tokens (120.8 ms)  cpos=59
  [margins] 3.89 0.65 0.07 1.26 7.18 1.92 4.02 0.68 5.64  K=2
  verify 26: accepted 0/1 (K=2) + correction -> +1 tokens (112.0 ms)  cpos=60
  [margins] 6.04 6.54 5.80 7.19 2.53 1.91 4.79 6.82 3.16  K=10
  verify 27: accepted 6/9 (K=10) + correction -> +7 tokens (235.6 ms)  cpos=67
  [margins] 6.41 9.65 0.27 2.26 1.04 0.31 1.68 2.16 2.54  K=3
  verify 28: accepted 2/2 (K=3) + correction -> +3 tokens (124.8 ms)  cpos=70
  [margins] 2.27 1.04 1.83 1.64 3.71 6.69 6.52 0.89 1.35  K=2
  verify 29: accepted 0/1 (K=2) + correction -> +1 tokens (114.4 ms)  cpos=71
  [margins] 0.79 0.72 0.67 1.45 2.28 4.94 5.86 3.58 3.81  K=2
  verify 30: accepted 0/1 (K=2) + correction -> +1 tokens (112.3 ms)  cpos=72
  [margins] 1.62 3.71 3.13 5.01 3.47 7.07 0.21 0.04 0.07  K=7
  verify 31: accepted 6/6 (K=7) + correction -> +7 tokens (182.3 ms)  cpos=79
  [margins] 6.28 10.22 0.81 0.39 3.09 0.44 3.13 0.24 2.14  K=3
  verify 32: accepted 2/2 (K=3) + correction -> +3 tokens (125.3 ms)  cpos=82
  [margins] 3.73 4.92 0.25 1.78 1.52 0.85 2.92 0.08 0.10  K=3
  verify 33: accepted 2/2 (K=3) + correction -> +3 tokens (125.0 ms)  cpos=85
  [margins] 6.98 5.86 2.67 4.55 4.61 7.43 1.61 5.48 3.64  K=10
  verify 34: accepted 2/9 (K=10) + correction -> +3 tokens (238.6 ms)  cpos=88
  [margins] 3.64 3.35 3.02 1.37 1.06 4.81 2.40 1.32 10.90  K=4
  verify 35: accepted 2/3 (K=4) + correction -> +3 tokens (138.5 ms)  cpos=91
  [margins] 5.92 12.65 0.88 2.62 4.85 2.65 3.36 1.45 4.01  K=3
  verify 36: accepted 2/2 (K=3) + correction -> +3 tokens (125.8 ms)  cpos=94
  [margins] 5.34 8.47 5.89 4.61 2.01 4.46 0.63 1.05 8.63  K=7
  verify 37: accepted 6/6 (K=7) + correction -> +7 tokens (192.6 ms)  cpos=101
  [margins] 10.59 4.15 10.70 11.22 1.55 3.35 4.62 1.06 0.03  K=8
  verify 38: accepted 4/7 (K=8) + correction -> +5 tokens (206.3 ms)  cpos=106
  [margins] 6.31 8.77 7.24 7.55 5.28 4.46 0.36 1.07 5.97  K=7
  verify 39: accepted 6/6 (K=7) + correction -> +7 tokens (193.8 ms)  cpos=113
  [margins] 10.89 7.20 10.17 10.32 0.28 6.91 4.31 0.10 1.36  K=5
  verify 40: accepted 4/4 (K=5) + correction -> +5 tokens (153.4 ms)  cpos=118
  [margins] 6.79 8.79 7.85 6.59 2.22 3.44 1.14 2.21 6.05  K=7
  verify 41: accepted 6/6 (K=7) + correction -> +7 tokens (192.7 ms)  cpos=125
  [margins] 10.36 4.34 7.45 11.65 2.90 7.05 5.22 1.21 1.30  K=8
  verify 42: accepted 7/7 (K=8) + correction -> +8 tokens (225.6 ms)  cpos=133
  [margins] 9.85 11.06 8.00 4.80 3.97 3.02 4.73 3.71 1.35  K=9
  verify 43: accepted 5/8 (K=9) + correction -> +6 tokens (225.2 ms)  cpos=139
  [margins] 5.94 10.88 3.50 5.35 8.17 2.91 2.25 0.41 0.03  K=8
  verify 44: accepted 7/7 (K=8) + correction -> +8 tokens (210.8 ms)  cpos=147
  [margins] 9.88 2.45 4.29 0.15 1.56 3.66 2.54 3.59 4.38  K=4
  verify 45: accepted 3/3 (K=4) + correction -> +4 tokens (142.5 ms)  cpos=151
  [margins] 7.28 13.18 2.57 6.77 7.22 6.33 4.48 1.09 0.95  K=8
  verify 46: accepted 7/7 (K=8) + correction -> +8 tokens (211.3 ms)  cpos=159
  [margins] 6.74 4.74 1.43 1.43 7.26 3.97 5.09 0.30 3.08  K=3
  verify 47: accepted 2/2 (K=3) + correction -> +3 tokens (128.3 ms)  cpos=162
  [margins] 9.46 6.28 12.83 2.70 4.61 3.06 0.25 1.63 7.31  K=7
  verify 48: accepted 6/6 (K=7) + correction -> +7 tokens (196.0 ms)  cpos=169
  [margins] 10.70 7.61 7.98 5.14 6.10 4.74 1.74 0.54 1.54  K=8
  verify 49: accepted 7/7 (K=8) + correction -> +8 tokens (211.5 ms)  cpos=177
  [margins] 4.82 5.54 4.87 5.91 6.64 0.96 4.50 4.39 0.31  K=6
  verify 50: accepted 5/5 (K=6) + correction -> +6 tokens (170.4 ms)  cpos=183
  [margins] 10.12 7.05 9.81 4.42 7.85 0.29 2.51 6.74 0.91  K=6
  verify 51: accepted 5/5 (K=6) + correction -> +6 tokens (179.0 ms)  cpos=189
  [margins] 4.47 6.41 7.81 7.14 6.11 3.17 1.67 6.03 0.84  K=9
  verify 52: accepted 6/8 (K=9) + correction -> +7 tokens (226.1 ms)  cpos=196
  [margins] 6.96 8.36 4.68 7.47 0.55 6.08 3.06 6.06 0.17  K=5
  verify 53: accepted 4/4 (K=5) + correction -> +5 tokens (155.1 ms)  cpos=201
  [margins] 4.52 5.93 4.61 5.39 2.78 0.98 3.69 3.23 0.42  K=6
  verify 54: accepted 5/5 (K=6) + correction -> +6 tokens (171.8 ms)  cpos=207
  [margins] 10.92 6.28 9.90 6.34 6.03 3.38 6.40 1.10 0.48  K=8
  verify 55: accepted 5/7 (K=8) + correction -> +6 tokens (209.8 ms)  cpos=213

[spec] generated 201 tokens over 55 verifies: mean tokens/verify = 3.65 (block=9, max 10)
[spec] tokens: 1 201 1 201 1 201 1 201 1 201 1 201 1 201 1 201 1 201 1 201 1 201 1 201 1 201 1 201 1 201 1 201 3085 344 270 6102 294 8760 33 9361
[spec] SPEC-DECODE: 40.0 ms/tok = 25.02 tok/s  (vs base M=1 71.0 ms/tok = 14.08 tok/s -> 1.78x)
[decode] PREFILL: 5 positions in 128.2 ms = 39.0 tok/s (25.649 ms/tok)
[spec] decoding 200 tokens (block=10, draft passes=1, adaptK=1.50, prompt=0 s=6)...
  [margins] 2.13 0.98 0.11 1.06 0.74 4.93 1.39 0.02 1.73 0.48  K=2
  verify 1: accepted 1/1 (K=2) + correction -> +2 tokens (108.7 ms)  cpos=7
  [margins] 0.35 1.46 0.03 0.62 0.52 1.82 0.85 0.35 1.29 0.88  K=2
  verify 2: accepted 0/1 (K=2) + correction -> +1 tokens (115.1 ms)  cpos=8
  [margins] 1.73 0.60 3.13 0.02 2.19 1.04 0.09 0.03 0.60 0.56  K=2
  verify 3: accepted 1/1 (K=2) + correction -> +2 tokens (108.2 ms)  cpos=10
  [margins] 2.85 0.04 3.16 0.15 0.83 0.13 0.90 0.12 1.20 0.69  K=2
  verify 4: accepted 0/1 (K=2) + correction -> +1 tokens (111.0 ms)  cpos=11
  [margins] 5.90 0.00 1.76 2.21 2.65 0.40 0.67 2.90 2.29 1.65  K=2
  verify 5: accepted 1/1 (K=2) + correction -> +2 tokens (111.8 ms)  cpos=13
  [margins] 4.23 1.81 5.52 1.54 0.09 4.64 0.29 0.53 4.21 0.55  K=5
  verify 6: accepted 4/4 (K=5) + correction -> +5 tokens (149.2 ms)  cpos=18
  [margins] 4.24 4.11 1.10 0.85 2.62 1.65 1.57 2.74 1.45 1.99  K=3
  verify 7: accepted 1/2 (K=3) + correction -> +2 tokens (124.0 ms)  cpos=20
  [margins] 2.59 2.63 5.46 2.28 0.71 0.98 0.77 1.47 0.99 2.67  K=5
  verify 8: accepted 4/4 (K=5) + correction -> +5 tokens (149.4 ms)  cpos=25
  [margins] 6.68 2.18 0.18 1.53 1.72 1.01 2.31 3.86 3.23 0.25  K=3
  verify 9: accepted 1/2 (K=3) + correction -> +2 tokens (124.4 ms)  cpos=27
  [margins] 3.71 3.74 6.11 2.06 0.82 3.05 1.34 0.22 2.46 0.36  K=5
  verify 10: accepted 4/4 (K=5) + correction -> +5 tokens (156.5 ms)  cpos=32
  [margins] 5.30 0.45 4.30 2.23 0.30 0.87 3.09 2.29 2.22 0.21  K=2
  verify 11: accepted 1/1 (K=2) + correction -> +2 tokens (108.6 ms)  cpos=34
  [margins] 2.19 3.93 6.45 1.63 0.82 3.36 0.91 0.97 2.96 1.26  K=5
  verify 12: accepted 4/4 (K=5) + correction -> +5 tokens (151.3 ms)  cpos=39
  [margins] 3.61 0.27 4.37 4.68 2.28 1.57 2.91 3.55 3.66 0.03  K=2
  verify 13: accepted 1/1 (K=2) + correction -> +2 tokens (112.6 ms)  cpos=41
  [margins] 3.26 4.19 6.16 0.15 0.11 6.33 0.91 0.45 3.38 1.73  K=4
  verify 14: accepted 3/3 (K=4) + correction -> +4 tokens (139.4 ms)  cpos=45
  [margins] 3.68 0.04 2.13 1.71 3.29 2.61 1.43 4.62 4.09 0.81  K=2
  verify 15: accepted 1/1 (K=2) + correction -> +2 tokens (109.7 ms)  cpos=47
  [margins] 0.08 3.64 0.95 2.73 2.45 0.52 1.61 2.35 0.30 0.05  K=3
  verify 16: accepted 0/2 (K=3) + correction -> +1 tokens (124.6 ms)  cpos=48
  [margins] 0.42 0.06 1.45 1.84 0.74 3.20 2.23 0.10 1.35 1.39  K=2
  verify 17: accepted 0/1 (K=2) + correction -> +1 tokens (110.5 ms)  cpos=49
  [margins] 5.03 4.67 2.47 3.50 1.74 3.97 3.25 0.39 0.58 0.16  K=8
  verify 18: accepted 6/7 (K=8) + correction -> +7 tokens (205.2 ms)  cpos=56
  [margins] 8.04 1.30 2.38 2.02 0.61 3.30 4.34 0.57 2.92 4.25  K=2
  verify 19: accepted 1/1 (K=2) + correction -> +2 tokens (109.9 ms)  cpos=58
  [margins] 1.70 5.35 5.82 6.86 1.45 1.77 4.78 1.70 3.11 2.73  K=5
  verify 20: accepted 0/4 (K=5) + correction -> +1 tokens (152.5 ms)  cpos=59
  [margins] 4.89 6.45 6.85 0.85 2.47 5.65 0.19 2.97 4.18 0.52  K=4
  verify 21: accepted 3/3 (K=4) + correction -> +4 tokens (141.0 ms)  cpos=63
  [margins] 0.70 1.25 7.59 0.12 2.34 3.62 1.17 4.80 3.48 0.51  K=2
  verify 22: accepted 0/1 (K=2) + correction -> +1 tokens (114.6 ms)  cpos=64
  [margins] 6.78 1.38 2.21 0.32 0.46 1.27 5.17 2.11 1.86 1.64  K=2
  verify 23: accepted 1/1 (K=2) + correction -> +2 tokens (110.7 ms)  cpos=66
  [margins] 4.49 5.40 3.92 1.04 0.96 0.95 0.24 1.22 0.29 6.07  K=4
  verify 24: accepted 3/3 (K=4) + correction -> +4 tokens (142.1 ms)  cpos=70
  [margins] 1.49 5.42 0.06 3.28 2.69 1.98 2.43 4.96 3.50 0.91  K=3
  verify 25: accepted 2/2 (K=3) + correction -> +3 tokens (128.7 ms)  cpos=73
  [margins] 4.57 6.22 5.58 3.54 1.04 0.28 1.74 2.58 1.38 3.21  K=5
  verify 26: accepted 4/4 (K=5) + correction -> +5 tokens (155.3 ms)  cpos=78
  [margins] 5.49 0.16 2.45 0.26 5.12 0.46 1.78 4.31 1.53 0.98  K=2
  verify 27: accepted 1/1 (K=2) + correction -> +2 tokens (116.1 ms)  cpos=80
  [margins] 5.34 3.27 5.45 2.48 1.13 2.96 0.12 0.38 4.87 3.48  K=5
  verify 28: accepted 4/4 (K=5) + correction -> +5 tokens (154.7 ms)  cpos=85
  [margins] 7.09 0.12 1.20 0.58 1.07 1.44 2.07 0.09 0.79 4.71  K=2
  verify 29: accepted 1/1 (K=2) + correction -> +2 tokens (112.0 ms)  cpos=87
  [margins] 6.24 3.11 7.25 2.75 0.90 2.15 0.40 1.77 3.48 2.79  K=5
  verify 30: accepted 4/4 (K=5) + correction -> +5 tokens (160.8 ms)  cpos=92
  [margins] 7.22 1.35 2.61 0.71 3.97 0.47 0.49 5.19 0.12 0.26  K=2
  verify 31: accepted 1/1 (K=2) + correction -> +2 tokens (112.9 ms)  cpos=94
  [margins] 5.82 4.76 4.45 3.42 0.97 4.47 1.01 2.89 1.91 0.93  K=5
  verify 32: accepted 4/4 (K=5) + correction -> +5 tokens (156.2 ms)  cpos=99
  [margins] 6.73 1.02 2.60 3.09 3.81 1.43 0.25 0.71 0.73 0.29  K=2
  verify 33: accepted 1/1 (K=2) + correction -> +2 tokens (119.1 ms)  cpos=101
  [margins] 7.62 3.30 4.35 1.73 0.63 3.21 0.91 1.15 3.95 2.25  K=5
  verify 34: accepted 4/4 (K=5) + correction -> +5 tokens (154.3 ms)  cpos=106
  [margins] 7.64 2.55 2.59 0.97 2.78 2.87 0.78 0.43 0.53 0.71  K=4
  verify 35: accepted 1/3 (K=4) + correction -> +2 tokens (141.7 ms)  cpos=108
  [margins] 7.48 1.52 4.30 2.55 0.84 1.15 0.81 2.54 0.54 3.65  K=5
  verify 36: accepted 4/4 (K=5) + correction -> +5 tokens (156.1 ms)  cpos=113
  [margins] 6.80 1.74 4.10 0.14 3.37 0.26 4.37 3.76 1.67 3.81  K=4
  verify 37: accepted 1/3 (K=4) + correction -> +2 tokens (141.7 ms)  cpos=115
  [margins] 3.04 2.37 6.48 0.10 1.09 0.49 0.87 1.87 1.51 5.59  K=4
  verify 38: accepted 3/3 (K=4) + correction -> +4 tokens (146.2 ms)  cpos=119
  [margins] 2.27 8.16 0.85 3.30 4.28 4.11 1.09 4.04 3.31 1.78  K=3
  verify 39: accepted 2/2 (K=3) + correction -> +3 tokens (131.4 ms)  cpos=122
  [margins] 6.96 0.99 7.30 3.17 0.31 0.03 0.72 4.03 2.51 0.78  K=2
  verify 40: accepted 1/1 (K=2) + correction -> +2 tokens (120.9 ms)  cpos=124
  [margins] 8.99 8.85 0.13 0.39 6.47 3.63 1.01 5.27 5.39 0.42  K=3
  verify 41: accepted 2/2 (K=3) + correction -> +3 tokens (127.1 ms)  cpos=127
  [margins] 7.74 2.29 2.35 1.04 5.59 0.81 0.21 5.09 0.23 2.81  K=4
  verify 42: accepted 1/3 (K=4) + correction -> +2 tokens (157.1 ms)  cpos=129
  [margins] 7.87 5.18 8.55 0.99 0.08 2.00 1.60 4.95 1.43 1.01  K=4
  verify 43: accepted 3/3 (K=4) + correction -> +4 tokens (145.3 ms)  cpos=133
  [margins] 0.89 3.90 3.59 1.69 1.87 9.93 4.30 1.50 0.65 1.33  K=9
  verify 44: accepted 0/8 (K=9) + correction -> +1 tokens (227.6 ms)  cpos=134
  [margins] 7.06 1.38 0.25 0.95 2.11 4.87 3.10 0.01 0.03 1.37  K=2
  verify 45: accepted 1/1 (K=2) + correction -> +2 tokens (120.0 ms)  cpos=136
  [margins] 8.16 4.65 5.64 0.01 1.13 1.20 0.50 0.14 0.77 2.48  K=4
  verify 46: accepted 3/3 (K=4) + correction -> +4 tokens (146.1 ms)  cpos=140
  [margins] 0.06 4.64 5.44 0.31 0.72 9.10 4.77 3.77 1.62 1.07  K=4
  verify 47: accepted 3/3 (K=4) + correction -> +4 tokens (145.0 ms)  cpos=144
  [margins] 4.40 3.00 8.11 5.12 2.36 1.62 1.67 2.24 0.66 0.99  K=9
  verify 48: accepted 5/8 (K=9) + correction -> +6 tokens (228.0 ms)  cpos=150
  [margins] 6.28 0.99 3.18 0.95 4.61 0.96 3.43 3.77 0.18 3.37  K=2
  verify 49: accepted 1/1 (K=2) + correction -> +2 tokens (118.6 ms)  cpos=152
  [margins] 14.45 2.06 7.18 8.48 9.97 1.79 2.76 2.64 0.55 1.73  K=9
  verify 50: accepted 1/8 (K=9) + correction -> +2 tokens (228.0 ms)  cpos=154
  [margins] 3.95 7.95 7.43 3.95 3.92 0.41 3.74 4.47 5.83 2.32  K=6
  verify 51: accepted 4/5 (K=6) + correction -> +5 tokens (179.3 ms)  cpos=159
  [margins] 3.43 0.96 1.92 0.88 5.32 0.57 2.92 4.78 0.05 6.53  K=2
  verify 52: accepted 1/1 (K=2) + correction -> +2 tokens (118.6 ms)  cpos=161
  [margins] 9.75 6.77 7.59 6.91 1.15 2.56 0.06 1.71 5.58 0.99  K=5
  verify 53: accepted 4/4 (K=5) + correction -> +5 tokens (159.6 ms)  cpos=166
  [margins] 3.10 6.91 0.42 1.17 1.08 1.52 5.41 0.75 0.06 0.45  K=3
  verify 54: accepted 2/2 (K=3) + correction -> +3 tokens (130.8 ms)  cpos=169
  [margins] 3.90 1.94 5.56 0.72 0.71 0.31 2.49 0.26 3.55 3.72  K=4
  verify 55: accepted 3/3 (K=4) + correction -> +4 tokens (145.2 ms)  cpos=173
  [margins] 1.80 4.68 1.65 1.65 3.06 3.46 1.39 5.52 3.14 2.05  K=7
  verify 56: accepted 2/6 (K=7) + correction -> +3 tokens (200.1 ms)  cpos=176
  [margins] 2.99 4.21 6.93 1.26 0.48 0.32 0.36 1.94 1.82 0.70  K=4
  verify 57: accepted 3/3 (K=4) + correction -> +4 tokens (146.8 ms)  cpos=180
  [margins] 0.88 6.34 0.81 1.39 4.99 3.09 0.72 5.36 3.61 2.81  K=3
  verify 58: accepted 2/2 (K=3) + correction -> +3 tokens (128.0 ms)  cpos=183
  [margins] 4.45 3.70 8.00 1.67 1.62 1.02 0.90 1.39 1.92 0.83  K=6
  verify 59: accepted 4/5 (K=6) + correction -> +5 tokens (181.9 ms)  cpos=188
  [margins] 1.51 1.07 2.37 0.37 1.94 6.91 5.75 2.52 0.24 0.75  K=2
  verify 60: accepted 1/1 (K=2) + correction -> +2 tokens (115.4 ms)  cpos=190
  [margins] 9.15 1.12 0.48 1.09 0.24 4.00 5.76 4.76 1.72 0.27  K=2
  verify 61: accepted 1/1 (K=2) + correction -> +2 tokens (118.1 ms)  cpos=192
  [margins] 5.10 1.39 7.68 7.44 6.92 1.35 1.36 1.02 0.32 1.94  K=2
  verify 62: accepted 1/1 (K=2) + correction -> +2 tokens (114.3 ms)  cpos=194
  [margins] 2.29 4.52 6.82 1.28 1.06 0.93 0.75 4.58 0.86 0.82  K=4
  verify 63: accepted 3/3 (K=4) + correction -> +4 tokens (147.2 ms)  cpos=198
  [margins] 0.12 0.14 3.11 0.33 0.22 1.98 4.81 1.77 0.22 1.62  K=2
  verify 64: accepted 0/1 (K=2) + correction -> +1 tokens (118.5 ms)  cpos=199
  [margins] 3.41 0.52 3.02 1.45 0.57 1.46 5.23 0.88 0.53 5.39  K=2
  verify 65: accepted 1/1 (K=2) + correction -> +2 tokens (120.4 ms)  cpos=201
  [margins] 7.14 6.58 6.81 6.46 0.31 1.49 1.21 0.80 1.08 0.52  K=5
  verify 66: accepted 4/4 (K=5) + correction -> +5 tokens (157.7 ms)  cpos=206

[spec] generated 201 tokens over 66 verifies: mean tokens/verify = 3.05 (block=10, max 11)
[spec] tokens: 11111 16 455 6102 294 16603 344 29168 16 455 6102 294 14251 344 16235 16 455 6102 294 29585 344 76405 16 455 6102 294 25062 344 40977 16 455 6102 294 10322 344 17575 16 455 6102 294
[spec] LOSSLESS GATE: first 8 tokens match base AR -> PASS
[spec] SPEC-DECODE: 45.8 ms/tok = 21.83 tok/s  (vs base M=1 71.0 ms/tok = 14.08 tok/s -> 1.55x)
[decode] PREFILL: 34 positions in 599.1 ms = 56.7 tok/s (17.621 ms/tok)
[spec] decoding 200 tokens (block=10, draft passes=1, adaptK=1.50, prompt=1 s=35)...
  [margins] 2.27 2.12 1.30 2.39 0.86 0.11 0.31 0.20 3.12 0.66  K=3
  verify 1: accepted 0/2 (K=3) + correction -> +1 tokens (128.9 ms)  cpos=35
  [margins] 1.68 1.50 1.24 1.55 4.87 0.38 2.05 2.00 0.37 2.85  K=2
  verify 2: accepted 0/1 (K=2) + correction -> +1 tokens (112.6 ms)  cpos=36
  [margins] 1.71 1.94 0.21 0.68 1.59 2.10 1.23 2.51 2.62 1.74  K=3
  verify 3: accepted 0/2 (K=3) + correction -> +1 tokens (118.5 ms)  cpos=37
  [margins] 1.60 1.09 2.94 1.70 0.46 1.30 1.48 3.18 1.38 2.18  K=2
  verify 4: accepted 1/1 (K=2) + correction -> +2 tokens (107.4 ms)  cpos=39
  [margins] 0.12 0.62 0.41 0.32 0.03 1.66 0.19 4.34 1.67 1.44  K=2
  verify 5: accepted 0/1 (K=2) + correction -> +1 tokens (113.3 ms)  cpos=40
  [margins] 0.45 0.37 2.43 0.01 0.01 1.11 3.66 0.12 2.92 0.22  K=2
  verify 6: accepted 0/1 (K=2) + correction -> +1 tokens (109.4 ms)  cpos=41
  [margins] 1.66 4.00 0.35 2.18 0.88 3.27 0.78 1.17 0.24 0.20  K=3
  verify 7: accepted 2/2 (K=3) + correction -> +3 tokens (125.0 ms)  cpos=44
  [margins] 0.44 0.71 3.02 9.50 0.47 5.62 0.13 5.12 1.01 0.45  K=2
  verify 8: accepted 0/1 (K=2) + correction -> +1 tokens (110.8 ms)  cpos=45
  [margins] 6.27 13.32 4.02 3.44 1.01 0.34 0.12 3.56 2.05 0.15  K=5
  verify 9: accepted 4/4 (K=5) + correction -> +5 tokens (150.0 ms)  cpos=50
  [margins] 3.94 1.93 1.06 3.09 1.50 4.39 0.80 0.52 3.09 0.15  K=3
  verify 10: accepted 1/2 (K=3) + correction -> +2 tokens (125.5 ms)  cpos=52
  [margins] 5.29 4.83 6.22 1.62 0.25 2.01 0.55 0.66 0.97 0.14  K=5
  verify 11: accepted 3/4 (K=5) + correction -> +4 tokens (153.5 ms)  cpos=56
  [margins] 3.40 3.02 0.04 2.76 1.39 1.54 0.09 0.28 0.38 4.87  K=3
  verify 12: accepted 2/2 (K=3) + correction -> +3 tokens (120.9 ms)  cpos=59
  [margins] 0.44 0.19 0.06 1.27 0.16 2.71 0.11 6.57 1.46 0.52  K=2
  verify 13: accepted 0/1 (K=2) + correction -> +1 tokens (114.9 ms)  cpos=60
  [margins] 1.06 1.94 5.45 0.74 0.07 0.12 0.96 0.12 3.18 0.63  K=4
  verify 14: accepted 0/3 (K=4) + correction -> +1 tokens (139.3 ms)  cpos=61
  [margins] 1.33 4.61 1.06 0.92 0.35 0.29 2.41 0.13 6.72 0.85  K=3
  verify 15: accepted 1/2 (K=3) + correction -> +2 tokens (127.5 ms)  cpos=63
  [margins] 1.18 5.28 0.37 4.88 0.31 0.43 5.41 0.76 0.29 0.71  K=3
  verify 16: accepted 0/2 (K=3) + correction -> +1 tokens (128.4 ms)  cpos=64
  [margins] 3.61 0.15 0.98 0.99 0.13 0.03 1.10 0.59 1.31 6.23  K=2
  verify 17: accepted 1/1 (K=2) + correction -> +2 tokens (109.9 ms)  cpos=66
  [margins] 1.29 2.18 2.90 4.46 0.43 0.29 4.13 0.50 1.78 1.07  K=5
  verify 18: accepted 4/4 (K=5) + correction -> +5 tokens (152.2 ms)  cpos=71
  [margins] 2.24 1.83 1.57 5.27 0.93 0.81 0.17 0.95 0.43 0.06  K=5
  verify 19: accepted 4/4 (K=5) + correction -> +5 tokens (159.3 ms)  cpos=76
  [margins] 4.21 3.92 1.95 7.12 2.03 1.29 2.66 2.45 4.24 1.84  K=6
  verify 20: accepted 5/5 (K=6) + correction -> +6 tokens (167.6 ms)  cpos=82
  [margins] 7.79 1.78 7.71 0.29 2.81 1.75 2.56 3.03 2.13 0.45  K=4
  verify 21: accepted 3/3 (K=4) + correction -> +4 tokens (144.7 ms)  cpos=86
  [margins] 6.99 3.54 2.50 1.70 1.31 1.06 1.96 1.10 3.83 2.10  K=5
  verify 22: accepted 4/4 (K=5) + correction -> +5 tokens (156.0 ms)  cpos=91
  [margins] 5.49 4.40 3.93 8.69 0.18 1.05 2.73 4.19 5.92 1.35  K=5
  verify 23: accepted 4/4 (K=5) + correction -> +5 tokens (159.4 ms)  cpos=96
  [margins] 8.04 4.42 4.23 9.08 2.00 1.93 4.65 4.93 6.10 0.77  K=10
  verify 24: accepted 9/9 (K=10) + correction -> +10 tokens (244.0 ms)  cpos=106
  [margins] 5.49 5.48 1.52 8.07 1.21 1.92 3.60 0.34 3.46 1.13  K=5
  verify 25: accepted 4/4 (K=5) + correction -> +5 tokens (155.9 ms)  cpos=111
  [margins] 6.33 4.88 4.28 8.67 0.04 2.83 6.91 5.58 6.44 2.88  K=5
  verify 26: accepted 4/4 (K=5) + correction -> +5 tokens (161.7 ms)  cpos=116
  [margins] 8.41 9.75 3.67 8.04 0.29 4.78 6.00 3.54 5.72 1.69  K=5
  verify 27: accepted 4/4 (K=5) + correction -> +5 tokens (158.8 ms)  cpos=121
  [margins] 6.29 4.59 6.46 6.74 0.39 2.14 4.44 2.64 4.09 0.99  K=5
  verify 28: accepted 4/4 (K=5) + correction -> +5 tokens (160.1 ms)  cpos=126
  [margins] 6.34 7.18 7.15 1.91 7.69 0.68 2.41 2.36 5.14 2.35  K=6
  verify 29: accepted 3/5 (K=6) + correction -> +4 tokens (197.0 ms)  cpos=130
  [margins] 8.64 5.77 5.10 3.95 9.02 0.32 1.68 5.85 4.93 3.96  K=6
  verify 30: accepted 5/5 (K=6) + correction -> +6 tokens (179.6 ms)  cpos=136
  [margins] 6.75 5.59 6.87 9.05 0.56 2.71 4.85 5.72 3.52 2.86  K=5
  verify 31: accepted 4/4 (K=5) + correction -> +5 tokens (160.2 ms)  cpos=141
  [margins] 8.32 8.03 6.86 5.47 0.25 2.90 3.82 2.83 4.72 2.04  K=5
  verify 32: accepted 4/4 (K=5) + correction -> +5 tokens (158.8 ms)  cpos=146
  [margins] 7.42 5.99 9.54 6.36 5.63 3.35 5.36 5.41 4.50 1.90  K=11
  verify 33: accepted 9/10 (K=11) + correction -> +10 tokens (270.1 ms)  cpos=156
  [margins] 8.04 5.94 4.20 8.11 0.23 3.33 4.50 3.01 3.75 1.42  K=5
  verify 34: accepted 4/4 (K=5) + correction -> +5 tokens (159.0 ms)  cpos=161
  [margins] 9.18 8.51 5.21 8.99 5.55 3.04 5.08 6.20 5.24 2.13  K=11
  verify 35: accepted 9/10 (K=11) + correction -> +10 tokens (268.0 ms)  cpos=171
  [margins] 7.95 2.56 5.14 8.75 2.94 3.20 3.91 6.02 5.10 2.50  K=11
  verify 36: accepted 9/10 (K=11) + correction -> +10 tokens (265.6 ms)  cpos=181
  [margins] 5.26 7.22 5.57 8.84 1.56 2.56 5.07 4.98 4.79 2.11  K=11
  verify 37: accepted 9/10 (K=11) + correction -> +10 tokens (265.4 ms)  cpos=191
  [margins] 8.85 10.16 6.25 7.26 0.43 2.78 4.17 0.78 4.30 3.94  K=5
  verify 38: accepted 4/4 (K=5) + correction -> +5 tokens (164.9 ms)  cpos=196
  [margins] 11.48 9.07 10.38 8.38 7.32 3.67 5.90 9.08 5.96 3.47  K=11
  verify 39: accepted 9/10 (K=11) + correction -> +10 tokens (261.2 ms)  cpos=206
  [margins] 8.47 8.94 3.73 2.87 0.61 1.84 5.91 0.27 2.82 0.26  K=5
  verify 40: accepted 4/4 (K=5) + correction -> +5 tokens (160.1 ms)  cpos=211
  [margins] 9.25 8.10 8.28 8.18 4.62 3.03 2.50 1.50 5.06 0.61  K=8
  verify 41: accepted 7/7 (K=8) + correction -> +8 tokens (213.3 ms)  cpos=219
  [margins] 11.31 9.89 9.25 6.22 11.24 4.43 1.43 4.29 6.02 3.28  K=7
  verify 42: accepted 6/6 (K=7) + correction -> +7 tokens (199.3 ms)  cpos=226
  [margins] 11.47 8.32 10.01 7.72 7.06 3.69 5.36 3.00 3.19 2.38  K=11
  verify 43: accepted 9/10 (K=11) + correction -> +10 tokens (268.7 ms)  cpos=236

[spec] generated 202 tokens over 43 verifies: mean tokens/verify = 4.70 (block=10, max 11)
[spec] tokens: 4147 554 1926 270 4105 339 43 1114 1926 270 1178 65 50219 4105 418 270 9517 28 4593 1281 106239 3305 1 1 14 223 19 16 23 14 223 20 16 23 14 223 21 16 23 14
[spec] SPEC-DECODE: 34.7 ms/tok = 28.81 tok/s  (vs base M=1 71.0 ms/tok = 14.08 tok/s -> 2.05x)
[decode] PREFILL: 41 positions in 698.9 ms = 58.7 tok/s (17.046 ms/tok)
[spec] decoding 200 tokens (block=10, draft passes=1, adaptK=1.50, prompt=2 s=42)...
  [margins] 6.23 0.57 0.57 1.86 3.88 1.81 1.32 3.30 0.15 1.52  K=2
  verify 1: accepted 1/1 (K=2) + correction -> +2 tokens (112.0 ms)  cpos=43
  [margins] 0.46 4.88 3.32 1.57 0.08 0.89 4.02 0.44 2.14 5.24  K=5
  verify 2: accepted 4/4 (K=5) + correction -> +5 tokens (145.7 ms)  cpos=48
  [margins] 3.48 3.32 0.48 1.09 1.86 1.25 1.12 3.36 0.56 1.43  K=3
  verify 3: accepted 0/2 (K=3) + correction -> +1 tokens (122.3 ms)  cpos=49
  [margins] 2.48 6.22 1.00 0.39 0.52 1.04 2.48 0.16 2.30 3.55  K=3
  verify 4: accepted 0/2 (K=3) + correction -> +1 tokens (126.8 ms)  cpos=50
  [margins] 1.36 0.16 0.20 2.19 0.33 0.81 1.92 0.69 1.26 3.04  K=2
  verify 5: accepted 0/1 (K=2) + correction -> +1 tokens (107.3 ms)  cpos=51
  [margins] 5.92 2.11 0.45 0.98 2.10 0.62 1.18 3.58 1.03 1.25  K=3
  verify 6: accepted 1/2 (K=3) + correction -> +2 tokens (122.5 ms)  cpos=53
  [margins] 2.34 3.94 0.13 0.62 0.75 2.31 2.47 0.06 0.49 0.10  K=3
  verify 7: accepted 0/2 (K=3) + correction -> +1 tokens (127.0 ms)  cpos=54
  [margins] 2.81 5.60 1.51 0.83 0.62 2.81 0.04 6.38 3.55 0.10  K=4
  verify 8: accepted 2/3 (K=4) + correction -> +3 tokens (135.2 ms)  cpos=57
  [margins] 2.76 7.79 0.61 4.29 1.18 4.52 3.09 1.08 4.35 3.56  K=3
  verify 9: accepted 0/2 (K=3) + correction -> +1 tokens (128.4 ms)  cpos=58
  [margins] 5.35 4.77 0.16 2.27 1.73 3.64 2.64 0.50 3.93 3.10  K=3
  verify 10: accepted 2/2 (K=3) + correction -> +3 tokens (126.9 ms)  cpos=61
  [margins] 0.15 7.31 0.23 7.39 5.19 0.88 7.77 5.19 0.86 5.71  K=3
  verify 11: accepted 0/2 (K=3) + correction -> +1 tokens (129.8 ms)  cpos=62
  [margins] 1.32 5.87 7.20 0.42 5.79 0.28 5.81 5.31 0.23 5.29  K=4
  verify 12: accepted 0/3 (K=4) + correction -> +1 tokens (140.2 ms)  cpos=63
  [margins] 3.46 0.72 2.29 5.94 6.46 0.31 4.64 6.28 0.68 5.29  K=2
  verify 13: accepted 1/1 (K=2) + correction -> +2 tokens (116.5 ms)  cpos=65
  [margins] 1.83 4.38 3.30 7.35 1.83 8.25 5.61 0.55 5.97 6.75  K=8
  verify 14: accepted 0/7 (K=8) + correction -> +1 tokens (200.0 ms)  cpos=66
  [margins] 0.77 7.91 5.80 3.06 7.07 6.16 0.11 7.24 5.46 0.42  K=7
  verify 15: accepted 0/6 (K=7) + correction -> +1 tokens (184.8 ms)  cpos=67
  [margins] 4.66 0.41 1.32 4.04 0.15 0.55 5.07 2.20 0.78 5.73  K=2
  verify 16: accepted 1/1 (K=2) + correction -> +2 tokens (116.9 ms)  cpos=69
  [margins] 3.77 7.40 4.17 0.53 1.20 4.57 0.20 7.56 7.32 0.32  K=4
  verify 17: accepted 2/3 (K=4) + correction -> +3 tokens (142.0 ms)  cpos=72
  [margins] 3.94 0.94 0.18 3.25 0.61 4.42 0.98 5.58 4.46 0.07  K=2
  verify 18: accepted 1/1 (K=2) + correction -> +2 tokens (110.8 ms)  cpos=74
  [margins] 3.65 5.00 2.37 2.79 2.55 0.49 6.35 3.32 0.55 6.38  K=6
  verify 19: accepted 1/5 (K=6) + correction -> +2 tokens (174.4 ms)  cpos=76
  [margins] 9.10 5.38 5.02 3.48 0.34 4.27 5.00 0.43 4.93 6.86  K=5
  verify 20: accepted 2/4 (K=5) + correction -> +3 tokens (153.9 ms)  cpos=79
  [margins] 17.29 13.28 6.04 5.98 2.23 6.76 3.64 4.03 1.12 2.98  K=9
  verify 21: accepted 6/8 (K=9) + correction -> +7 tokens (229.4 ms)  cpos=86
  [margins] 7.88 6.48 10.58 9.10 0.45 0.89 0.06 1.90 1.38 1.95  K=5
  verify 22: accepted 4/4 (K=5) + correction -> +5 tokens (151.8 ms)  cpos=91
  [margins] 16.02 13.68 5.92 7.33 13.07 2.42 9.83 1.32 2.20 1.38  K=8
  verify 23: accepted 6/7 (K=8) + correction -> +7 tokens (205.9 ms)  cpos=98
  [margins] 9.88 7.92 7.87 4.74 5.70 4.03 0.01 1.09 6.46 5.61  K=7
  verify 24: accepted 4/6 (K=7) + correction -> +5 tokens (193.7 ms)  cpos=103
  [margins] 14.62 14.40 10.45 3.82 2.59 2.80 1.03 1.17 4.80 2.32  K=7
  verify 25: accepted 6/6 (K=7) + correction -> +7 tokens (193.7 ms)  cpos=110
  [margins] 5.87 12.17 11.12 6.33 1.03 0.30 0.48 0.57 1.49 2.06  K=5
  verify 26: accepted 4/4 (K=5) + correction -> +5 tokens (152.4 ms)  cpos=115
  [margins] 11.86 10.20 9.78 3.48 0.26 2.30 4.24 0.28 1.20 5.12  K=5
  verify 27: accepted 4/4 (K=5) + correction -> +5 tokens (161.0 ms)  cpos=120
  [margins] 7.67 13.35 11.22 0.55 4.52 7.98 3.68 5.51 5.99 1.58  K=4
  verify 28: accepted 3/3 (K=4) + correction -> +4 tokens (145.3 ms)  cpos=124
  [margins] 11.49 13.00 9.87 7.77 0.62 1.86 6.29 5.22 0.03 3.39  K=5
  verify 29: accepted 4/4 (K=5) + correction -> +5 tokens (170.1 ms)  cpos=129
  [margins] 8.96 7.42 10.05 7.78 5.43 3.67 1.18 3.01 7.87 2.10  K=7
  verify 30: accepted 6/6 (K=7) + correction -> +7 tokens (197.9 ms)  cpos=136
  [margins] 12.52 8.95 17.55 2.35 11.71 4.88 3.98 4.04 5.85 4.29  K=11
  verify 31: accepted 7/10 (K=11) + correction -> +8 tokens (260.2 ms)  cpos=144
  [margins] 12.28 11.01 7.95 1.29 7.49 1.77 6.34 1.54 0.34 0.00  K=4
  verify 32: accepted 3/3 (K=4) + correction -> +4 tokens (144.7 ms)  cpos=148
  [margins] 15.77 13.53 9.44 4.25 6.50 1.84 7.98 5.31 1.94 0.98  K=10
  verify 33: accepted 8/9 (K=10) + correction -> +9 tokens (248.8 ms)  cpos=157
  [margins] 6.45 7.86 6.60 6.26 2.51 3.10 1.39 0.09 8.86 0.06  K=7
  verify 34: accepted 4/6 (K=7) + correction -> +5 tokens (193.7 ms)  cpos=162
  [margins] 15.89 1.53 0.55 3.70 3.73 0.17 0.13 4.81 0.66 4.90  K=3
  verify 35: accepted 1/2 (K=3) + correction -> +2 tokens (131.1 ms)  cpos=164
  [margins] 13.54 9.02 1.02 0.24 3.84 3.86 0.55 1.38 0.58 3.26  K=3
  verify 36: accepted 2/2 (K=3) + correction -> +3 tokens (129.1 ms)  cpos=167
  [margins] 13.84 12.19 9.66 9.53 0.56 4.29 9.10 5.15 2.41 0.95  K=5
  verify 37: accepted 4/4 (K=5) + correction -> +5 tokens (162.5 ms)  cpos=172
  [margins] 18.05 6.49 7.05 6.64 0.78 3.43 4.14 2.49 2.99 2.55  K=5
  verify 38: accepted 4/4 (K=5) + correction -> +5 tokens (158.1 ms)  cpos=177
  [margins] 14.36 13.85 11.55 9.42 3.40 4.48 1.43 0.91 0.54 1.46  K=7
  verify 39: accepted 6/6 (K=7) + correction -> +7 tokens (195.8 ms)  cpos=184
  [margins] 19.60 11.40 3.66 15.05 7.61 10.63 6.87 2.88 0.32 3.21  K=9
  verify 40: accepted 7/8 (K=9) + correction -> +8 tokens (228.2 ms)  cpos=192
  [margins] 14.82 6.84 1.41 5.23 1.34 4.30 3.34 0.62 0.83 0.59  K=3
  verify 41: accepted 2/2 (K=3) + correction -> +3 tokens (128.0 ms)  cpos=195
  [margins] 14.27 10.38 7.79 7.57 4.75 0.73 0.15 1.32 0.86 5.71  K=6
  verify 42: accepted 5/5 (K=6) + correction -> +6 tokens (182.0 ms)  cpos=201
  [margins] 8.25 13.04 1.81 9.46 5.07 1.81 0.01 1.75 5.29 4.18  K=7
  verify 43: accepted 4/6 (K=7) + correction -> +5 tokens (200.9 ms)  cpos=206
  [margins] 3.81 12.94 1.81 6.53 0.25 5.53 1.43 9.54 3.21 3.01  K=5
  verify 44: accepted 4/4 (K=5) + correction -> +5 tokens (153.3 ms)  cpos=211
  [margins] 23.79 10.64 7.19 5.81 2.08 8.58 5.45 0.05 0.81 0.17  K=8
  verify 45: accepted 6/7 (K=8) + correction -> +7 tokens (209.0 ms)  cpos=218
  [margins] 23.38 14.09 9.96 16.63 2.79 3.06 0.13 3.55 0.31 3.31  K=7
  verify 46: accepted 6/6 (K=7) + correction -> +7 tokens (200.2 ms)  cpos=225
  [margins] 8.94 23.52 8.19 13.99 7.08 5.66 9.55 3.01 3.29 0.00  K=10
  verify 47: accepted 7/9 (K=10) + correction -> +8 tokens (248.8 ms)  cpos=233
  [margins] 15.57 13.69 8.65 12.67 9.50 0.73 2.02 3.34 4.20 2.23  K=6
  verify 48: accepted 5/5 (K=6) + correction -> +6 tokens (177.0 ms)  cpos=239
  [margins] 18.61 7.97 18.08 5.69 3.95 1.43 7.64 9.82 3.11 4.56  K=6
  verify 49: accepted 5/5 (K=6) + correction -> +6 tokens (185.3 ms)  cpos=245

[spec] generated 204 tokens over 49 verifies: mean tokens/verify = 4.16 (block=10, max 11)
[spec] tokens: 1 1 1 1 1 1 50 1697 1 16 1 50 1697 16 1 50 1697 16 1 50 1697 16 1 50 1697 16 1 50 1697 16 20692 50 1697 16 791 50 1697 4394 1015 50
[spec] SPEC-DECODE: 39.4 ms/tok = 25.41 tok/s  (vs base M=1 71.0 ms/tok = 14.08 tok/s -> 1.80x)
[decode] PREFILL: 26 positions in 458.0 ms = 56.8 tok/s (17.614 ms/tok)
[spec] decoding 200 tokens (block=10, draft passes=1, adaptK=1.50, prompt=3 s=27)...
  [margins] 1.24 0.91 2.57 0.38 1.19 3.36 0.36 0.80 2.99 0.57  K=2
  verify 1: accepted 1/1 (K=2) + correction -> +2 tokens (115.2 ms)  cpos=28
  [margins] 5.01 0.06 2.95 0.26 0.70 0.30 0.10 1.17 0.73 0.81  K=2
  verify 2: accepted 1/1 (K=2) + correction -> +2 tokens (111.7 ms)  cpos=30
  [margins] 3.01 1.51 0.25 0.24 2.75 0.01 3.23 3.06 0.14 1.48  K=3
  verify 3: accepted 1/2 (K=3) + correction -> +2 tokens (121.1 ms)  cpos=32
  [margins] 3.04 0.02 2.33 0.21 0.83 1.93 3.51 0.29 2.85 3.55  K=2
  verify 4: accepted 1/1 (K=2) + correction -> +2 tokens (111.1 ms)  cpos=34
  [margins] 2.47 1.29 2.04 1.05 4.02 2.85 0.57 3.68 3.97 0.05  K=2
  verify 5: accepted 1/1 (K=2) + correction -> +2 tokens (115.1 ms)  cpos=36
  [margins] 2.51 3.52 2.30 0.64 2.75 0.48 5.78 2.51 0.20 0.82  K=4
  verify 6: accepted 3/3 (K=4) + correction -> +4 tokens (130.2 ms)  cpos=40
  [margins] 1.78 5.14 2.85 2.58 2.53 0.69 2.15 0.06 7.10 3.11  K=6
  verify 7: accepted 5/5 (K=6) + correction -> +6 tokens (156.8 ms)  cpos=46
  [margins] 0.08 12.16 2.71 3.82 2.22 0.61 2.07 0.01 8.51 3.07  K=6
  verify 8: accepted 0/5 (K=6) + correction -> +1 tokens (166.1 ms)  cpos=47
  [margins] 5.91 3.82 5.50 3.12 2.53 2.54 0.15 3.15 0.12 7.87  K=7
  verify 9: accepted 6/6 (K=7) + correction -> +7 tokens (176.0 ms)  cpos=54
  [margins] 1.47 12.71 0.42 4.27 3.65 0.77 2.85 0.15 8.56 3.65  K=3
  verify 10: accepted 0/2 (K=3) + correction -> +1 tokens (124.3 ms)  cpos=55
  [margins] 6.00 3.97 5.84 3.55 2.91 3.04 0.35 8.10 3.66 1.12  K=7
  verify 11: accepted 6/6 (K=7) + correction -> +7 tokens (178.2 ms)  cpos=62
  [margins] 2.17 13.06 1.07 3.71 3.47 0.55 2.85 0.57 9.09 4.28  K=3
  verify 12: accepted 0/2 (K=3) + correction -> +1 tokens (124.1 ms)  cpos=63
  [margins] 5.67 4.27 5.76 3.62 2.68 3.38 0.19 8.19 3.28 1.31  K=7
  verify 13: accepted 6/6 (K=7) + correction -> +7 tokens (176.6 ms)  cpos=70
  [margins] 0.56 11.70 0.74 3.71 3.72 0.20 3.52 0.59 8.15 4.64  K=3
  verify 14: accepted 0/2 (K=3) + correction -> +1 tokens (125.2 ms)  cpos=71
  [margins] 6.14 2.79 5.31 2.75 2.68 3.51 0.52 7.00 3.24 1.86  K=7
  verify 15: accepted 3/6 (K=7) + correction -> +4 tokens (178.5 ms)  cpos=75
  [margins] 7.67 2.58 3.29 2.21 0.95 2.28 0.47 7.47 3.48 0.73  K=5
  verify 16: accepted 0/4 (K=5) + correction -> +1 tokens (153.6 ms)  cpos=76
  [margins] 1.09 5.69 0.81 1.74 2.39 0.48 1.67 1.21 0.54 4.19  K=3
  verify 17: accepted 0/2 (K=3) + correction -> +1 tokens (122.8 ms)  cpos=77
  [margins] 0.33 3.11 0.43 0.72 0.10 0.02 0.11 1.65 1.75 0.68  K=3
  verify 18: accepted 2/2 (K=3) + correction -> +3 tokens (125.9 ms)  cpos=80
  [margins] 1.00 2.10 2.23 3.50 0.90 1.61 3.44 0.57 2.26 3.04  K=5
  verify 19: accepted 0/4 (K=5) + correction -> +1 tokens (149.4 ms)  cpos=81
  [margins] 0.89 0.13 1.87 2.08 2.94 0.21 0.90 0.11 0.50 0.24  K=2
  verify 20: accepted 1/1 (K=2) + correction -> +2 tokens (110.1 ms)  cpos=83
  [margins] 1.46 0.66 0.62 0.17 0.30 3.89 0.21 0.68 0.31 0.12  K=2
  verify 21: accepted 1/1 (K=2) + correction -> +2 tokens (113.4 ms)  cpos=85
  [margins] 4.81 1.05 0.93 1.72 2.08 0.53 0.07 1.49 1.06 3.75  K=2
  verify 22: accepted 1/1 (K=2) + correction -> +2 tokens (110.6 ms)  cpos=87
  [margins] 4.21 3.15 0.03 2.26 1.26 1.80 1.88 0.57 1.45 0.16  K=3
  verify 23: accepted 1/2 (K=3) + correction -> +2 tokens (127.6 ms)  cpos=89
  [margins] 1.82 2.82 0.23 0.86 0.37 0.51 0.34 2.29 1.64 2.67  K=3
  verify 24: accepted 2/2 (K=3) + correction -> +3 tokens (126.3 ms)  cpos=92
  [margins] 3.83 1.80 0.21 2.71 4.00 0.06 0.92 4.11 2.10 0.01  K=3
  verify 25: accepted 2/2 (K=3) + correction -> +3 tokens (122.6 ms)  cpos=95
  [margins] 6.59 1.57 2.20 1.55 1.29 0.46 3.73 4.65 0.07 3.46  K=5
  verify 26: accepted 4/4 (K=5) + correction -> +5 tokens (158.8 ms)  cpos=100
  [margins] 0.61 0.34 2.52 0.50 0.45 1.81 0.62 1.04 2.65 1.26  K=2
  verify 27: accepted 1/1 (K=2) + correction -> +2 tokens (109.5 ms)  cpos=102
  [margins] 0.19 0.49 0.21 2.81 7.99 1.74 0.23 6.13 1.69 0.15  K=2
  verify 28: accepted 0/1 (K=2) + correction -> +1 tokens (114.2 ms)  cpos=103
  [margins] 5.44 6.29 2.50 3.94 6.59 2.10 0.25 7.33 1.04 2.18  K=7
  verify 29: accepted 5/6 (K=7) + correction -> +6 tokens (190.3 ms)  cpos=109
  [margins] 9.79 1.68 2.39 2.02 1.14 4.14 2.76 0.61 3.58 4.17  K=5
  verify 30: accepted 4/4 (K=5) + correction -> +5 tokens (151.2 ms)  cpos=114
  [margins] 0.51 10.07 0.87 2.78 5.38 0.76 3.14 5.43 0.85 0.57  K=3
  verify 31: accepted 2/2 (K=3) + correction -> +3 tokens (127.2 ms)  cpos=117
  [margins] 0.11 1.72 0.74 7.22 0.22 2.17 7.68 1.66 0.12 6.65  K=3
  verify 32: accepted 0/2 (K=3) + correction -> +1 tokens (129.0 ms)  cpos=118
  [margins] 6.32 8.73 0.97 4.56 4.59 0.02 4.35 0.20 0.20 5.62  K=3
  verify 33: accepted 2/2 (K=3) + correction -> +3 tokens (130.7 ms)  cpos=121
  [margins] 10.31 3.86 9.09 12.13 7.88 5.69 5.56 6.60 0.68 6.28  K=9
  verify 34: accepted 8/8 (K=9) + correction -> +9 tokens (236.8 ms)  cpos=130
  [margins] 11.64 9.97 13.37 1.68 1.15 4.12 0.05 4.06 8.68 2.05  K=5
  verify 35: accepted 3/4 (K=5) + correction -> +4 tokens (156.5 ms)  cpos=134
  [margins] 1.06 0.12 1.76 1.33 0.64 0.12 0.15 1.02 0.97 0.68  K=2
  verify 36: accepted 1/1 (K=2) + correction -> +2 tokens (122.1 ms)  cpos=136
  [margins] 1.36 5.39 2.33 5.05 2.56 2.25 3.60 2.55 4.16 1.23  K=10
  verify 37: accepted 0/9 (K=10) + correction -> +1 tokens (235.3 ms)  cpos=137
  [margins] 1.39 0.51 0.14 6.99 0.25 1.89 4.96 3.37 0.22 2.92  K=2
  verify 38: accepted 0/1 (K=2) + correction -> +1 tokens (113.7 ms)  cpos=138
  [margins] 0.71 2.89 0.19 1.12 0.80 0.08 0.28 0.13 3.19 1.71  K=3
  verify 39: accepted 1/2 (K=3) + correction -> +2 tokens (128.4 ms)  cpos=140
  [margins] 4.85 2.98 0.89 0.29 0.01 1.34 0.29 0.14 2.40 1.83  K=3
  verify 40: accepted 0/2 (K=3) + correction -> +1 tokens (124.7 ms)  cpos=141
  [margins] 2.24 0.51 0.65 0.02 2.33 1.54 0.33 1.92 1.39 0.03  K=2
  verify 41: accepted 1/1 (K=2) + correction -> +2 tokens (111.8 ms)  cpos=143
  [margins] 1.03 1.00 1.66 0.15 0.16 3.50 1.24 0.08 1.86 0.55  K=2
  verify 42: accepted 0/1 (K=2) + correction -> +1 tokens (117.2 ms)  cpos=144
  [margins] 0.82 2.05 2.06 1.79 0.97 0.31 2.20 1.60 0.82 0.68  K=5
  verify 43: accepted 1/4 (K=5) + correction -> +2 tokens (153.7 ms)  cpos=146
  [margins] 5.69 0.85 1.44 0.12 4.15 0.59 0.19 1.26 0.12 0.31  K=2
  verify 44: accepted 1/1 (K=2) + correction -> +2 tokens (116.9 ms)  cpos=148
  [margins] 0.10 0.74 2.42 3.47 1.63 0.23 1.13 1.70 0.51 1.31  K=2
  verify 45: accepted 1/1 (K=2) + correction -> +2 tokens (111.9 ms)  cpos=150
  [margins] 1.28 0.51 0.05 2.16 1.19 2.18 0.97 1.16 0.47 0.31  K=2
  verify 46: accepted 1/1 (K=2) + correction -> +2 tokens (115.1 ms)  cpos=152
  [margins] 3.36 0.19 0.12 2.55 0.03 2.75 0.25 1.47 0.79 0.46  K=2
  verify 47: accepted 1/1 (K=2) + correction -> +2 tokens (112.0 ms)  cpos=154
  [margins] 1.40 0.27 3.98 0.42 1.10 1.29 0.28 0.06 1.74 1.60  K=2
  verify 48: accepted 1/1 (K=2) + correction -> +2 tokens (117.4 ms)  cpos=156
  [margins] 4.71 0.67 0.94 0.61 0.60 0.16 1.32 0.85 0.32 0.24  K=2
  verify 49: accepted 1/1 (K=2) + correction -> +2 tokens (112.5 ms)  cpos=158
  [margins] 2.85 1.89 1.91 1.20 0.98 2.88 1.26 0.41 2.39 0.28  K=4
  verify 50: accepted 3/3 (K=4) + correction -> +4 tokens (144.7 ms)  cpos=162
  [margins] 5.87 1.09 0.50 0.32 1.51 0.03 0.28 0.95 0.47 1.20  K=2
  verify 51: accepted 1/1 (K=2) + correction -> +2 tokens (117.2 ms)  cpos=164
  [margins] 0.10 0.53 2.92 0.65 1.48 0.93 0.74 1.18 0.29 1.36  K=2
  verify 52: accepted 0/1 (K=2) + correction -> +1 tokens (114.0 ms)  cpos=165
  [margins] 3.95 2.28 3.28 0.18 2.28 0.43 3.95 1.48 0.04 0.43  K=4
  verify 53: accepted 2/3 (K=4) + correction -> +3 tokens (141.6 ms)  cpos=168
  [margins] 5.14 1.71 4.99 3.83 0.28 1.23 1.64 2.88 0.64 3.42  K=5
  verify 54: accepted 4/4 (K=5) + correction -> +5 tokens (156.6 ms)  cpos=173
  [margins] 0.28 6.86 0.62 0.37 0.58 2.11 0.06 2.33 1.66 0.37  K=3
  verify 55: accepted 0/2 (K=3) + correction -> +1 tokens (128.6 ms)  cpos=174
  [margins] 0.12 3.00 0.25 1.28 0.65 0.55 0.80 0.31 0.10 0.40  K=3
  verify 56: accepted 0/2 (K=3) + correction -> +1 tokens (130.8 ms)  cpos=175
  [margins] 0.49 1.35 2.73 0.60 0.23 0.67 0.79 2.29 2.82 0.17  K=2
  verify 57: accepted 1/1 (K=2) + correction -> +2 tokens (119.1 ms)  cpos=177
  [margins] 4.83 0.88 2.07 3.33 2.36 1.06 2.76 2.74 2.08 2.44  K=2
  verify 58: accepted 1/1 (K=2) + correction -> +2 tokens (113.3 ms)  cpos=179
  [margins] 3.68 2.63 0.09 0.51 1.35 1.20 0.11 4.07 1.34 2.58  K=3
  verify 59: accepted 1/2 (K=3) + correction -> +2 tokens (130.7 ms)  cpos=181
  [margins] 5.00 0.60 0.55 2.36 0.24 0.96 1.39 0.67 1.43 0.14  K=2
  verify 60: accepted 1/1 (K=2) + correction -> +2 tokens (113.1 ms)  cpos=183
  [margins] 5.51 5.49 5.73 2.56 7.37 1.21 1.41 0.84 6.27 0.74  K=6
  verify 61: accepted 2/5 (K=6) + correction -> +3 tokens (172.9 ms)  cpos=186
  [margins] 2.82 2.04 1.60 0.32 1.04 3.48 1.12 0.06 4.07 0.11  K=4
  verify 62: accepted 3/3 (K=4) + correction -> +4 tokens (143.4 ms)  cpos=190
  [margins] 2.38 0.83 4.06 0.28 3.96 0.97 0.70 3.12 2.79 1.71  K=2
  verify 63: accepted 1/1 (K=2) + correction -> +2 tokens (117.6 ms)  cpos=192
  [margins] 5.52 0.30 0.47 2.23 2.23 1.86 0.95 0.51 0.67 2.23  K=2
  verify 64: accepted 1/1 (K=2) + correction -> +2 tokens (112.4 ms)  cpos=194
  [margins] 0.66 1.43 3.03 0.09 1.55 2.50 1.47 0.44 2.28 0.88  K=2
  verify 65: accepted 0/1 (K=2) + correction -> +1 tokens (119.3 ms)  cpos=195
  [margins] 2.01 0.41 2.71 4.55 0.41 3.28 4.41 0.83 0.18 0.71  K=2
  verify 66: accepted 1/1 (K=2) + correction -> +2 tokens (116.5 ms)  cpos=197
  [margins] 0.94 1.36 7.29 0.97 2.74 3.33 0.34 1.38 4.78 0.11  K=2
  verify 67: accepted 0/1 (K=2) + correction -> +1 tokens (112.1 ms)  cpos=198
  [margins] 0.62 2.20 0.75 5.50 1.52 1.23 3.27 0.03 2.08 0.05  K=3
  verify 68: accepted 0/2 (K=3) + correction -> +1 tokens (129.8 ms)  cpos=199
  [margins] 3.51 4.16 7.85 1.17 3.97 4.77 2.40 3.17 3.46 2.29  K=4
  verify 69: accepted 0/3 (K=4) + correction -> +1 tokens (143.6 ms)  cpos=200
  [margins] 5.99 3.32 2.64 2.36 4.72 1.22 3.55 0.78 2.45 1.67  K=6
  verify 70: accepted 4/5 (K=6) + correction -> +5 tokens (171.2 ms)  cpos=205
  [margins] 2.48 0.25 0.07 1.45 1.56 4.17 0.15 1.54 2.03 1.43  K=2
  verify 71: accepted 1/1 (K=2) + correction -> +2 tokens (112.7 ms)  cpos=207
  [margins] 3.12 2.85 1.95 3.21 5.61 1.42 4.22 4.44 0.06 0.59  K=6
  verify 72: accepted 0/5 (K=6) + correction -> +1 tokens (178.2 ms)  cpos=208
  [margins] 9.92 0.00 0.74 3.76 1.56 4.33 1.35 0.03 1.93 3.09  K=2
  verify 73: accepted 1/1 (K=2) + correction -> +2 tokens (114.1 ms)  cpos=210
  [margins] 3.14 3.10 3.47 1.44 6.18 0.23 1.89 3.05 1.30 0.86  K=4
  verify 74: accepted 2/3 (K=4) + correction -> +3 tokens (142.7 ms)  cpos=213
  [margins] 0.76 0.31 1.83 0.62 0.95 0.34 0.02 0.09 1.03 2.96  K=2
  verify 75: accepted 1/1 (K=2) + correction -> +2 tokens (112.3 ms)  cpos=215
  [margins] 3.69 1.97 5.18 0.39 0.70 1.76 1.54 1.97 0.07 1.81  K=4
  verify 76: accepted 3/3 (K=4) + correction -> +4 tokens (145.6 ms)  cpos=219
  [margins] 1.76 0.28 0.87 1.63 2.11 0.29 0.24 4.63 1.17 2.23  K=2
  verify 77: accepted 1/1 (K=2) + correction -> +2 tokens (119.0 ms)  cpos=221
  [margins] 10.88 2.67 2.70 0.42 2.34 0.63 4.71 1.96 1.04 0.94  K=4
  verify 78: accepted 3/3 (K=4) + correction -> +4 tokens (144.2 ms)  cpos=225
  [margins] 10.30 6.14 1.71 0.81 0.19 1.68 0.86 1.09 3.89 2.89  K=4
  verify 79: accepted 2/3 (K=4) + correction -> +3 tokens (146.0 ms)  cpos=228

[spec] generated 202 tokens over 79 verifies: mean tokens/verify = 2.56 (block=10, max 11)
[spec] tokens: 1 16 1 16 1 16 1 16 1 16 1 16 1 16 1 16 1 16 1 16 1 16 1 16 1 16 1 16 1 16 1 16 1 16 1 16 1 16 1 16
[spec] SPEC-DECODE: 52.6 ms/tok = 19.02 tok/s  (vs base M=1 71.0 ms/tok = 14.08 tok/s -> 1.35x)
[decode] PREFILL: 14 positions in 282.9 ms = 49.5 tok/s (20.205 ms/tok)
[spec] decoding 200 tokens (block=10, draft passes=1, adaptK=1.50, prompt=4 s=15)...
  [margins] 0.83 8.89 4.98 4.06 4.43 7.54 0.47 6.53 4.42 7.68  K=7
  verify 1: accepted 0/6 (K=7) + correction -> +1 tokens (184.3 ms)  cpos=15
  [margins] 0.57 0.01 1.05 1.96 2.78 0.24 0.53 1.27 0.92 0.66  K=2
  verify 2: accepted 0/1 (K=2) + correction -> +1 tokens (113.0 ms)  cpos=16
  [margins] 1.32 0.93 1.00 1.93 0.14 1.55 1.09 0.05 0.26 1.71  K=2
  verify 3: accepted 0/1 (K=2) + correction -> +1 tokens (109.8 ms)  cpos=17
  [margins] 0.59 0.15 0.75 2.72 1.22 0.11 0.11 0.94 0.95 0.18  K=2
  verify 4: accepted 0/1 (K=2) + correction -> +1 tokens (107.8 ms)  cpos=18
  [margins] 1.34 0.35 0.38 0.14 0.27 0.37 0.19 0.30 1.00 0.33  K=2
  verify 5: accepted 1/1 (K=2) + correction -> +2 tokens (111.7 ms)  cpos=20
  [margins] 0.99 0.99 0.22 0.41 0.93 2.12 1.29 0.19 2.12 0.83  K=2
  verify 6: accepted 1/1 (K=2) + correction -> +2 tokens (107.1 ms)  cpos=22
  [margins] 1.95 1.03 0.35 0.01 3.20 0.08 2.80 0.49 0.17 1.18  K=2
  verify 7: accepted 1/1 (K=2) + correction -> +2 tokens (113.3 ms)  cpos=24
  [margins] 0.44 1.05 0.58 0.90 4.02 0.98 0.81 0.89 0.99 0.14  K=2
  verify 8: accepted 0/1 (K=2) + correction -> +1 tokens (108.8 ms)  cpos=25
  [margins] 0.34 0.65 0.27 0.15 0.57 1.15 0.48 0.33 1.15 0.98  K=2
  verify 9: accepted 1/1 (K=2) + correction -> +2 tokens (108.5 ms)  cpos=27
  [margins] 0.31 0.85 0.21 0.04 0.79 0.17 0.10 1.19 0.37 0.00  K=2
  verify 10: accepted 1/1 (K=2) + correction -> +2 tokens (116.4 ms)  cpos=29
  [margins] 4.37 2.89 0.47 1.56 2.39 3.36 0.97 1.22 0.53 1.04  K=3
  verify 11: accepted 2/2 (K=3) + correction -> +3 tokens (125.7 ms)  cpos=32
  [margins] 1.52 1.60 0.94 0.39 2.55 0.03 1.77 0.17 0.68 0.35  K=3
  verify 12: accepted 1/2 (K=3) + correction -> +2 tokens (119.4 ms)  cpos=34
  [margins] 1.35 0.92 1.45 1.65 0.04 1.29 0.09 0.33 0.35 0.62  K=2
  verify 13: accepted 1/1 (K=2) + correction -> +2 tokens (112.6 ms)  cpos=36
  [margins] 0.14 1.02 12.78 0.04 2.77 0.57 0.30 1.75 0.90 1.32  K=2
  verify 14: accepted 0/1 (K=2) + correction -> +1 tokens (108.1 ms)  cpos=37
  [margins] 0.49 3.17 2.02 0.41 2.05 1.46 1.53 2.30 0.62 1.72  K=4
  verify 15: accepted 1/3 (K=4) + correction -> +2 tokens (138.5 ms)  cpos=39
  [margins] 2.91 0.92 0.89 1.45 0.87 0.95 0.70 3.52 0.21 0.87  K=2
  verify 16: accepted 0/1 (K=2) + correction -> +1 tokens (112.1 ms)  cpos=40
  [margins] 2.93 2.69 2.39 0.54 0.93 2.96 0.84 1.57 0.22 2.98  K=4
  verify 17: accepted 1/3 (K=4) + correction -> +2 tokens (139.6 ms)  cpos=42
  [margins] 0.47 0.38 0.05 3.45 0.38 0.92 1.27 0.61 0.05 0.60  K=2
  verify 18: accepted 0/1 (K=2) + correction -> +1 tokens (114.1 ms)  cpos=43
  [margins] 2.40 0.40 6.77 0.10 0.48 0.50 0.31 1.50 0.98 0.46  K=2
  verify 19: accepted 1/1 (K=2) + correction -> +2 tokens (114.2 ms)  cpos=45
  [margins] 2.85 0.88 0.94 1.82 1.07 0.51 0.90 0.18 0.21 1.53  K=2
  verify 20: accepted 1/1 (K=2) + correction -> +2 tokens (110.3 ms)  cpos=47
  [margins] 2.67 5.76 3.27 1.72 3.16 1.05 1.58 5.23 1.77 0.72  K=6
  verify 21: accepted 3/5 (K=6) + correction -> +4 tokens (173.7 ms)  cpos=51
  [margins] 2.78 0.23 1.34 2.51 0.19 5.88 1.36 1.03 1.13 3.09  K=2
  verify 22: accepted 0/1 (K=2) + correction -> +1 tokens (113.8 ms)  cpos=52
  [margins] 1.47 2.41 1.34 0.17 2.63 1.02 2.43 0.65 0.25 2.77  K=3
  verify 23: accepted 0/2 (K=3) + correction -> +1 tokens (120.8 ms)  cpos=53
  [margins] 6.97 3.17 0.22 0.36 0.72 0.53 0.23 2.94 0.02 0.26  K=3
  verify 24: accepted 2/2 (K=3) + correction -> +3 tokens (129.1 ms)  cpos=56
  [margins] 4.22 0.44 4.36 4.72 1.54 0.41 2.32 1.53 1.57 0.06  K=2
  verify 25: accepted 1/1 (K=2) + correction -> +2 tokens (110.5 ms)  cpos=58
  [margins] 4.73 10.86 2.47 0.28 0.47 0.11 0.79 0.67 1.42 0.81  K=4
  verify 26: accepted 2/3 (K=4) + correction -> +3 tokens (136.2 ms)  cpos=61
  [margins] 1.48 1.05 0.32 2.72 0.96 1.59 0.53 0.84 2.33 0.66  K=2
  verify 27: accepted 0/1 (K=2) + correction -> +1 tokens (111.4 ms)  cpos=62
  [margins] 2.07 0.09 2.27 0.47 0.03 2.85 0.69 1.00 0.09 0.83  K=2
  verify 28: accepted 0/1 (K=2) + correction -> +1 tokens (112.3 ms)  cpos=63
  [margins] 1.22 1.78 1.29 0.84 0.76 1.26 1.34 0.79 0.53 2.12  K=3
  verify 29: accepted 2/2 (K=3) + correction -> +3 tokens (127.0 ms)  cpos=66
  [margins] 1.61 2.17 0.29 0.27 0.46 1.78 2.41 1.05 0.07 0.74  K=3
  verify 30: accepted 0/2 (K=3) + correction -> +1 tokens (125.3 ms)  cpos=67
  [margins] 0.95 0.59 3.93 1.88 0.25 0.64 0.68 1.85 0.62 0.09  K=2
  verify 31: accepted 1/1 (K=2) + correction -> +2 tokens (116.0 ms)  cpos=69
  [margins] 0.43 0.02 4.16 0.01 1.04 0.22 1.18 0.40 2.43 0.30  K=2
  verify 32: accepted 0/1 (K=2) + correction -> +1 tokens (111.8 ms)  cpos=70
  [margins] 2.92 0.18 1.37 1.37 1.43 1.69 1.44 0.42 1.61 1.15  K=2
  verify 33: accepted 0/1 (K=2) + correction -> +1 tokens (114.4 ms)  cpos=71
  [margins] 1.40 0.71 0.41 0.78 0.39 0.99 0.66 0.58 0.45 0.38  K=2
  verify 34: accepted 0/1 (K=2) + correction -> +1 tokens (115.3 ms)  cpos=72
  [margins] 0.84 1.06 0.37 3.98 0.83 0.65 0.41 0.31 0.73 2.08  K=2
  verify 35: accepted 0/1 (K=2) + correction -> +1 tokens (110.9 ms)  cpos=73
  [margins] 4.86 2.19 1.44 0.36 0.29 0.04 1.48 2.88 0.39 1.76  K=3
  verify 36: accepted 2/2 (K=3) + correction -> +3 tokens (125.7 ms)  cpos=76
  [margins] 1.10 2.57 1.95 0.03 0.31 0.22 6.50 1.15 0.54 6.60  K=4
  verify 37: accepted 0/3 (K=4) + correction -> +1 tokens (140.6 ms)  cpos=77
  [margins] 3.29 1.35 0.44 0.43 0.09 0.18 3.77 1.58 3.10 1.63  K=2
  verify 38: accepted 1/1 (K=2) + correction -> +2 tokens (111.5 ms)  cpos=79
  [margins] 4.37 2.75 0.67 0.27 0.32 9.47 1.78 1.26 8.25 1.57  K=3
  verify 39: accepted 2/2 (K=3) + correction -> +3 tokens (128.1 ms)  cpos=82
  [margins] 3.27 3.01 10.40 2.69 3.43 10.02 3.00 2.53 9.31 2.78  K=11
  verify 40: accepted 3/10 (K=11) + correction -> +4 tokens (259.9 ms)  cpos=86
  [margins] 5.60 4.68 3.76 1.23 0.79 0.10 5.66 0.36 0.88 0.33  K=4
  verify 41: accepted 2/3 (K=4) + correction -> +3 tokens (129.9 ms)  cpos=89
  [margins] 7.83 3.24 0.25 0.80 0.76 4.39 0.66 2.66 1.09 0.74  K=3
  verify 42: accepted 1/2 (K=3) + correction -> +2 tokens (125.0 ms)  cpos=91
  [margins] 5.45 2.69 0.00 1.46 1.71 3.48 0.52 1.63 0.15 0.49  K=3
  verify 43: accepted 1/2 (K=3) + correction -> +2 tokens (124.6 ms)  cpos=93
  [margins] 3.85 2.38 5.13 4.26 1.75 3.22 4.13 1.08 2.93 5.12  K=8
  verify 44: accepted 1/7 (K=8) + correction -> +2 tokens (198.8 ms)  cpos=95
  [margins] 3.88 2.75 6.36 3.92 2.72 4.75 3.49 1.45 4.48 5.07  K=8
  verify 45: accepted 1/7 (K=8) + correction -> +2 tokens (199.0 ms)  cpos=97
  [margins] 3.54 1.82 3.54 1.58 6.73 3.24 0.37 5.33 4.49 0.37  K=7
  verify 46: accepted 3/6 (K=7) + correction -> +4 tokens (185.6 ms)  cpos=101
  [margins] 2.55 3.40 4.17 0.75 3.58 2.43 6.82 3.35 0.16 6.08  K=4
  verify 47: accepted 3/3 (K=4) + correction -> +4 tokens (134.8 ms)  cpos=105
  [margins] 2.69 3.37 3.52 1.43 2.76 2.27 6.73 3.18 0.64 6.11  K=4
  verify 48: accepted 3/3 (K=4) + correction -> +4 tokens (136.4 ms)  cpos=109
  [margins] 2.38 3.95 3.20 1.60 2.99 1.57 6.87 3.30 0.37 6.46  K=9
  verify 49: accepted 5/8 (K=9) + correction -> +6 tokens (214.9 ms)  cpos=115
  [margins] 2.26 2.86 2.80 1.23 3.58 1.36 7.22 3.39 0.72 6.69  K=4
  verify 50: accepted 3/3 (K=4) + correction -> +4 tokens (135.7 ms)  cpos=119
  [margins] 3.10 2.74 3.91 0.96 3.44 1.57 6.86 3.78 1.59 6.58  K=4
  verify 51: accepted 3/3 (K=4) + correction -> +4 tokens (138.7 ms)  cpos=123
  [margins] 2.61 2.85 4.23 0.83 4.32 1.66 6.81 3.94 1.47 6.60  K=4
  verify 52: accepted 3/3 (K=4) + correction -> +4 tokens (137.8 ms)  cpos=127
  [margins] 1.76 2.89 4.17 0.89 4.14 1.92 6.87 4.63 1.07 6.53  K=4
  verify 53: accepted 3/3 (K=4) + correction -> +4 tokens (151.0 ms)  cpos=131
  [margins] 2.44 3.09 4.12 0.93 4.16 1.18 6.39 3.51 0.51 6.09  K=4
  verify 54: accepted 3/3 (K=4) + correction -> +4 tokens (137.5 ms)  cpos=135
  [margins] 2.80 3.97 2.90 1.13 3.77 1.86 6.78 4.01 1.25 5.99  K=4
  verify 55: accepted 3/3 (K=4) + correction -> +4 tokens (136.7 ms)  cpos=139
  [margins] 3.22 2.61 2.78 0.71 3.38 2.67 6.79 4.39 3.10 5.49  K=4
  verify 56: accepted 3/3 (K=4) + correction -> +4 tokens (136.9 ms)  cpos=143
  [margins] 2.87 3.36 3.01 0.57 3.86 1.93 6.29 4.43 2.49 5.69  K=4
  verify 57: accepted 3/3 (K=4) + correction -> +4 tokens (138.2 ms)  cpos=147
  [margins] 3.51 3.42 2.55 0.03 6.74 2.58 2.75 5.41 4.76 2.27  K=4
  verify 58: accepted 3/3 (K=4) + correction -> +4 tokens (139.1 ms)  cpos=151
  [margins] 3.62 4.93 2.98 1.28 3.89 1.54 6.71 3.98 1.48 5.90  K=4
  verify 59: accepted 3/3 (K=4) + correction -> +4 tokens (138.1 ms)  cpos=155
  [margins] 3.33 5.83 2.41 1.59 3.04 1.88 6.73 3.84 2.51 6.40  K=11
  verify 60: accepted 0/10 (K=11) + correction -> +1 tokens (258.5 ms)  cpos=156
  [margins] 5.71 2.24 0.20 1.57 1.92 5.84 2.40 1.34 5.21 2.64  K=3
  verify 61: accepted 1/2 (K=3) + correction -> +2 tokens (127.8 ms)  cpos=158
  [margins] 4.35 2.34 0.21 2.22 1.69 0.24 4.11 2.04 1.50 1.84  K=3
  verify 62: accepted 0/2 (K=3) + correction -> +1 tokens (128.8 ms)  cpos=159
  [margins] 8.68 0.47 1.29 0.79 3.21 1.02 0.61 0.19 6.89 0.29  K=2
  verify 63: accepted 1/1 (K=2) + correction -> +2 tokens (117.0 ms)  cpos=161
  [margins] 7.73 3.24 2.11 3.40 0.15 9.84 0.81 0.98 7.45 2.24  K=5
  verify 64: accepted 4/4 (K=5) + correction -> +5 tokens (152.8 ms)  cpos=166
  [margins] 1.27 3.59 1.35 1.05 1.95 0.18 1.11 0.06 0.68 0.58  K=3
  verify 65: accepted 0/2 (K=3) + correction -> +1 tokens (130.6 ms)  cpos=167
  [margins] 9.88 3.65 7.23 7.01 4.60 1.11 2.12 0.91 1.23 1.07  K=6
  verify 66: accepted 5/5 (K=6) + correction -> +6 tokens (178.5 ms)  cpos=173
  [margins] 6.25 0.64 0.62 2.71 0.08 2.28 3.38 0.26 0.53 2.12  K=2
  verify 67: accepted 1/1 (K=2) + correction -> +2 tokens (112.0 ms)  cpos=175
  [margins] 7.42 6.18 1.96 0.77 1.13 1.35 2.73 0.79 6.56 1.63  K=4
  verify 68: accepted 2/3 (K=4) + correction -> +3 tokens (142.7 ms)  cpos=178
  [margins] 14.58 12.47 7.50 8.89 2.15 6.49 8.81 0.55 9.14 2.22  K=8
  verify 69: accepted 5/7 (K=8) + correction -> +6 tokens (211.9 ms)  cpos=184
  [margins] 4.91 7.68 9.77 11.43 4.93 4.38 0.51 0.34 4.11 2.64  K=7
  verify 70: accepted 6/6 (K=7) + correction -> +7 tokens (193.6 ms)  cpos=191
  [margins] 6.45 9.80 7.94 14.32 3.87 7.91 1.10 9.86 0.53 0.60  K=7
  verify 71: accepted 6/6 (K=7) + correction -> +7 tokens (200.3 ms)  cpos=198
  [margins] 6.99 7.75 4.51 3.04 11.41 1.81 10.50 0.38 0.82 2.78  K=8
  verify 72: accepted 5/7 (K=8) + correction -> +6 tokens (215.2 ms)  cpos=204
  [margins] 18.83 7.39 5.58 8.81 6.38 0.69 3.51 2.14 0.26 5.54  K=6
  verify 73: accepted 5/5 (K=6) + correction -> +6 tokens (172.9 ms)  cpos=210
  [margins] 13.41 9.88 16.14 9.59 9.91 10.90 3.83 11.33 1.01 8.29  K=9
  verify 74: accepted 7/8 (K=9) + correction -> +8 tokens (229.5 ms)  cpos=218

[spec] generated 204 tokens over 74 verifies: mean tokens/verify = 2.76 (block=10, max 11)
[spec] tokens: 5715 14 295 834 10175 14 8470 3939 436 344 2239 362 4197 339 35 126664 23809 16765 270 3077 305 1990 23714 538 9479 21121 35977 2184 47270 34788 14 832 851 588 366 99782 1082 20351 14319 35977
[spec] SPEC-DECODE: 50.2 ms/tok = 19.91 tok/s  (vs base M=1 71.0 ms/tok = 14.08 tok/s -> 1.41x)
[decode] PREFILL: 82 positions in 1291.2 ms = 63.5 tok/s (15.746 ms/tok)
[spec] decoding 200 tokens (block=10, draft passes=1, adaptK=1.50, prompt=5 s=83)...
  [margins] 9.23 2.87 0.35 0.32 3.71 0.15 0.22 1.23 4.62 0.78  K=3
  verify 1: accepted 1/2 (K=3) + correction -> +2 tokens (130.1 ms)  cpos=84
  [margins] 0.20 0.67 0.29 2.16 1.33 0.29 0.79 1.05 1.23 1.01  K=2
  verify 2: accepted 0/1 (K=2) + correction -> +1 tokens (112.5 ms)  cpos=85
  [margins] 0.46 1.19 0.71 0.28 0.47 0.72 0.83 0.33 0.17 0.54  K=2
  verify 3: accepted 0/1 (K=2) + correction -> +1 tokens (110.1 ms)  cpos=86
  [margins] 2.01 1.66 1.91 1.48 0.11 0.32 1.49 0.84 1.37 1.59  K=4
  verify 4: accepted 2/3 (K=4) + correction -> +3 tokens (140.1 ms)  cpos=89
  [margins] 4.29 2.62 1.42 1.87 2.61 3.42 3.00 7.55 5.57 6.69  K=3
  verify 5: accepted 2/2 (K=3) + correction -> +3 tokens (128.3 ms)  cpos=92
  [margins] 6.72 7.16 4.26 0.23 3.27 0.77 0.58 0.34 0.32 0.33  K=4
  verify 6: accepted 3/3 (K=4) + correction -> +4 tokens (141.8 ms)  cpos=96
  [margins] 9.10 3.15 7.31 0.12 0.11 1.65 4.17 1.48 0.47 5.41  K=4
  verify 7: accepted 0/3 (K=4) + correction -> +1 tokens (138.4 ms)  cpos=97
  [margins] 10.39 3.12 5.54 0.26 0.09 3.93 1.60 5.46 0.15 0.30  K=4
  verify 8: accepted 3/3 (K=4) + correction -> +4 tokens (141.1 ms)  cpos=101
  [margins] 4.50 0.61 2.86 1.58 0.19 1.00 0.55 1.13 0.56 0.85  K=2
  verify 9: accepted 1/1 (K=2) + correction -> +2 tokens (115.1 ms)  cpos=103
  [margins] 2.88 2.52 2.28 2.34 0.09 2.26 2.24 1.23 1.18 2.09  K=5
  verify 10: accepted 1/4 (K=5) + correction -> +2 tokens (155.7 ms)  cpos=105
  [margins] 9.23 6.39 4.09 0.38 6.29 2.72 3.38 3.24 0.16 0.77  K=4
  verify 11: accepted 3/3 (K=4) + correction -> +4 tokens (141.7 ms)  cpos=109
  [margins] 10.22 5.50 2.07 4.04 3.88 4.75 2.25 10.17 2.14 7.73  K=11
  verify 12: accepted 6/10 (K=11) + correction -> +7 tokens (265.4 ms)  cpos=116
  [margins] 11.85 14.84 7.41 2.15 2.79 0.53 0.99 2.12 0.13 2.36  K=6
  verify 13: accepted 5/5 (K=6) + correction -> +6 tokens (174.8 ms)  cpos=122
  [margins] 8.36 0.28 0.47 0.97 2.31 3.78 4.66 2.87 0.42 0.53  K=2
  verify 14: accepted 1/1 (K=2) + correction -> +2 tokens (117.8 ms)  cpos=124
  [margins] 12.64 3.64 3.06 0.58 6.03 1.77 3.00 3.91 2.44 3.59  K=4
  verify 15: accepted 3/3 (K=4) + correction -> +4 tokens (159.5 ms)  cpos=128
  [margins] 10.69 6.82 1.66 0.36 5.22 5.09 3.16 7.39 2.96 5.52  K=4
  verify 16: accepted 3/3 (K=4) + correction -> +4 tokens (144.4 ms)  cpos=132
  [margins] 12.19 14.71 3.42 0.58 0.27 9.66 7.80 5.04 1.28 3.10  K=4
  verify 17: accepted 2/3 (K=4) + correction -> +3 tokens (144.1 ms)  cpos=135
  [margins] 15.24 15.91 8.42 4.16 0.89 5.35 0.87 7.37 1.05 0.76  K=5
  verify 18: accepted 4/4 (K=5) + correction -> +5 tokens (161.9 ms)  cpos=140
  [margins] 5.63 0.33 1.97 0.00 4.07 1.37 1.97 1.48 1.33 0.33  K=2
  verify 19: accepted 0/1 (K=2) + correction -> +1 tokens (112.8 ms)  cpos=141
  [margins] 6.47 6.40 4.34 5.15 3.99 5.37 0.35 3.03 3.92 0.13  K=7
  verify 20: accepted 2/6 (K=7) + correction -> +3 tokens (194.4 ms)  cpos=144
  [margins] 9.99 1.53 1.94 2.13 1.12 8.97 4.61 1.16 0.65 2.40  K=5
  verify 21: accepted 4/4 (K=5) + correction -> +5 tokens (157.8 ms)  cpos=149
  [margins] 12.58 10.88 3.78 5.03 8.71 0.55 7.06 0.11 1.22 0.70  K=6
  verify 22: accepted 5/5 (K=6) + correction -> +6 tokens (173.4 ms)  cpos=155
  [margins] 16.50 10.93 10.81 6.10 1.20 0.35 0.62 0.17 3.76 1.58  K=5
  verify 23: accepted 4/4 (K=5) + correction -> +5 tokens (161.5 ms)  cpos=160
  [margins] 7.36 1.60 11.65 9.01 1.38 5.79 2.93 2.86 3.73 1.83  K=5
  verify 24: accepted 0/4 (K=5) + correction -> +1 tokens (151.6 ms)  cpos=161
  [margins] 8.61 6.77 3.85 1.51 4.58 5.35 0.99 4.60 3.02 7.57  K=7
  verify 25: accepted 2/6 (K=7) + correction -> +3 tokens (193.6 ms)  cpos=164
  [margins] 10.05 7.01 1.24 2.47 1.33 3.06 0.20 0.10 0.08 1.69  K=3
  verify 26: accepted 2/2 (K=3) + correction -> +3 tokens (128.2 ms)  cpos=167
  [margins] 8.74 4.65 3.79 0.73 7.73 6.41 9.62 8.94 1.09 4.38  K=4
  verify 27: accepted 3/3 (K=4) + correction -> +4 tokens (145.8 ms)  cpos=171
  [margins] 1.08 11.76 10.13 1.79 7.83 6.13 8.49 3.33 1.92 1.53  K=11
  verify 28: accepted 3/10 (K=11) + correction -> +4 tokens (269.2 ms)  cpos=175
  [margins] 16.50 10.37 10.39 6.08 0.26 4.71 3.24 2.59 1.11 0.56  K=5
  verify 29: accepted 4/4 (K=5) + correction -> +5 tokens (162.0 ms)  cpos=180
  [margins] 16.05 16.11 4.70 3.39 5.06 7.74 7.54 0.78 7.51 2.74  K=8
  verify 30: accepted 3/7 (K=8) + correction -> +4 tokens (209.0 ms)  cpos=184
  [margins] 10.48 1.88 9.11 9.89 7.03 6.77 5.56 2.90 3.73 4.36  K=11
  verify 31: accepted 1/10 (K=11) + correction -> +2 tokens (259.9 ms)  cpos=186
  [margins] 4.27 8.29 3.14 4.97 0.51 7.11 5.29 8.45 3.23 0.23  K=5
  verify 32: accepted 4/4 (K=5) + correction -> +5 tokens (158.3 ms)  cpos=191
  [margins] 3.70 12.79 9.26 4.33 10.14 2.03 1.01 1.26 4.87 0.22  K=7
  verify 33: accepted 3/6 (K=7) + correction -> +4 tokens (198.1 ms)  cpos=195
  [margins] 16.25 12.72 11.03 7.07 0.74 4.26 2.50 1.75 0.55 3.02  K=5
  verify 34: accepted 4/4 (K=5) + correction -> +5 tokens (162.2 ms)  cpos=200
  [margins] 15.64 12.32 2.38 0.79 1.72 9.34 6.12 1.15 9.01 2.86  K=4
  verify 35: accepted 3/3 (K=4) + correction -> +4 tokens (141.7 ms)  cpos=204
  [margins] 9.35 2.01 1.30 3.67 2.26 6.57 0.06 0.87 6.60 1.90  K=3
  verify 36: accepted 2/2 (K=3) + correction -> +3 tokens (127.2 ms)  cpos=207
  [margins] 10.90 6.06 7.37 4.06 0.91 7.80 4.77 4.64 8.32 0.14  K=5
  verify 37: accepted 4/4 (K=5) + correction -> +5 tokens (163.3 ms)  cpos=212
  [margins] 13.04 16.01 4.22 3.21 11.76 10.47 5.92 4.00 3.87 9.06  K=11
  verify 38: accepted 10/10 (K=11) + correction -> +11 tokens (263.0 ms)  cpos=223
  [margins] 3.52 7.24 2.16 4.31 3.10 4.08 3.28 2.43 3.04 4.87  K=11
  verify 39: accepted 4/10 (K=11) + correction -> +5 tokens (267.6 ms)  cpos=228
  [margins] 8.38 10.01 3.16 1.59 4.80 3.37 6.39 7.16 7.41 0.42  K=10
  verify 40: accepted 5/9 (K=10) + correction -> +6 tokens (252.0 ms)  cpos=234
  [margins] 12.95 4.97 10.23 9.29 6.60 3.55 4.84 4.77 2.65 2.45  K=11
  verify 41: accepted 6/10 (K=11) + correction -> +7 tokens (269.0 ms)  cpos=241
  [margins] 14.90 10.28 4.50 6.58 0.08 0.51 1.80 5.30 1.30 2.63  K=5
  verify 42: accepted 4/4 (K=5) + correction -> +5 tokens (158.5 ms)  cpos=246
  [margins] 6.89 4.45 1.45 11.61 8.49 0.49 6.94 5.11 4.73 1.95  K=3
  verify 43: accepted 2/2 (K=3) + correction -> +3 tokens (134.4 ms)  cpos=249
  [margins] 14.25 10.62 3.70 8.93 5.61 3.46 0.80 8.80 0.69 5.80  K=7
  verify 44: accepted 5/6 (K=7) + correction -> +6 tokens (213.2 ms)  cpos=255
  [margins] 15.83 11.49 10.70 7.75 7.68 0.75 5.03 3.76 0.02 0.39  K=6
  verify 45: accepted 5/5 (K=6) + correction -> +6 tokens (194.1 ms)  cpos=261
  [margins] 14.75 10.10 4.73 4.92 0.88 0.81 1.52 3.87 0.15 5.33  K=5
  verify 46: accepted 4/4 (K=5) + correction -> +5 tokens (158.4 ms)  cpos=266
  [margins] 9.67 10.45 0.36 6.82 8.87 10.65 2.33 7.13 3.26 1.80  K=3
  verify 47: accepted 2/2 (K=3) + correction -> +3 tokens (133.1 ms)  cpos=269
  [margins] 14.31 12.68 4.07 8.03 7.26 0.24 1.58 6.88 0.09 4.52  K=6
  verify 48: accepted 5/5 (K=6) + correction -> +6 tokens (178.4 ms)  cpos=275
  [margins] 16.13 16.11 11.25 11.28 6.79 4.70 2.83 0.57 2.66 0.45  K=8
  verify 49: accepted 5/7 (K=8) + correction -> +6 tokens (213.6 ms)  cpos=281
  [margins] 14.08 7.91 4.41 4.29 0.87 0.19 0.62 5.03 3.32 1.10  K=5
  verify 50: accepted 4/4 (K=5) + correction -> +5 tokens (157.9 ms)  cpos=286

[spec] generated 204 tokens over 50 verifies: mean tokens/verify = 4.08 (block=10, max 11)
[spec] tokens: 1 50 201 671 15020 4181 362 2775 14817 14922 344 223 25 22765 7975 55 15 3180 16 1 50 201 671 15020 4181 362 2775 14817 14922 344 223 25 22765 7975 55 15 3180 16 1 50
[spec] SPEC-DECODE: 41.4 ms/tok = 24.18 tok/s  (vs base M=1 71.0 ms/tok = 14.08 tok/s -> 1.72x)
[decode] PREFILL: 14 positions in 285.8 ms = 49.0 tok/s (20.414 ms/tok)
[spec] decoding 200 tokens (block=10, draft passes=1, adaptK=1.50, prompt=6 s=15)...
  [margins] 0.34 0.96 1.36 1.04 0.27 0.29 0.23 0.44 0.72 0.15  K=2
  verify 1: accepted 0/1 (K=2) + correction -> +1 tokens (112.3 ms)  cpos=15
  [margins] 0.38 0.14 0.51 0.10 0.13 0.25 0.98 1.29 0.63 1.26  K=2
  verify 2: accepted 0/1 (K=2) + correction -> +1 tokens (114.4 ms)  cpos=16
  [margins] 2.90 1.58 0.51 1.81 4.10 1.04 0.90 3.17 0.99 1.55  K=3
  verify 3: accepted 1/2 (K=3) + correction -> +2 tokens (122.3 ms)  cpos=18
  [margins] 1.88 1.34 1.72 2.50 3.20 1.29 1.49 2.55 1.37 2.60  K=2
  verify 4: accepted 1/1 (K=2) + correction -> +2 tokens (115.1 ms)  cpos=20
  [margins] 2.38 2.85 3.89 3.05 3.39 2.71 2.96 2.47 2.35 3.78  K=11
  verify 5: accepted 1/10 (K=11) + correction -> +2 tokens (239.6 ms)  cpos=22
  [margins] 3.24 2.07 4.05 3.30 3.10 3.35 3.17 2.29 2.64 3.68  K=11
  verify 6: accepted 1/10 (K=11) + correction -> +2 tokens (245.2 ms)  cpos=24
  [margins] 2.86 0.45 5.35 2.99 1.90 4.34 2.81 1.03 3.64 3.80  K=2
  verify 7: accepted 1/1 (K=2) + correction -> +2 tokens (111.5 ms)  cpos=26
  [margins] 1.02 0.74 2.95 1.28 5.83 2.63 0.18 4.73 3.05 0.01  K=2
  verify 8: accepted 1/1 (K=2) + correction -> +2 tokens (114.3 ms)  cpos=28
  [margins] 0.93 0.92 3.21 0.15 6.93 2.74 0.14 5.97 3.08 0.74  K=2
  verify 9: accepted 1/1 (K=2) + correction -> +2 tokens (110.6 ms)  cpos=30
  [margins] 0.88 1.05 2.32 0.75 3.64 0.83 6.53 2.65 0.04 6.31  K=2
  verify 10: accepted 0/1 (K=2) + correction -> +1 tokens (114.4 ms)  cpos=31
  [margins] 0.25 7.96 2.27 1.29 7.27 2.24 0.29 5.86 2.25 0.17  K=4
  verify 11: accepted 0/3 (K=4) + correction -> +1 tokens (137.8 ms)  cpos=32
  [margins] 6.84 1.03 4.48 2.02 2.11 7.02 1.80 1.33 6.34 1.58  K=2
  verify 12: accepted 1/1 (K=2) + correction -> +2 tokens (109.4 ms)  cpos=34
  [margins] 2.36 5.83 2.11 0.71 0.79 0.40 4.87 1.13 0.06 5.22  K=4
  verify 13: accepted 3/3 (K=4) + correction -> +4 tokens (133.9 ms)  cpos=38
  [margins] 5.55 8.64 10.55 7.11 7.55 8.41 7.37 5.68 3.95 6.42  K=11
  verify 14: accepted 10/10 (K=11) + correction -> +11 tokens (249.1 ms)  cpos=49
  [margins] 16.07 10.07 9.23 9.72 8.55 8.22 3.12 8.19 9.39 9.33  K=11
  verify 15: accepted 10/10 (K=11) + correction -> +11 tokens (251.0 ms)  cpos=60
  [margins] 11.75 13.62 9.38 11.20 8.14 8.86 10.60 8.75 8.38 8.69  K=11
  verify 16: accepted 10/10 (K=11) + correction -> +11 tokens (247.7 ms)  cpos=71
  [margins] 8.42 13.60 14.22 8.82 9.85 8.92 9.63 8.46 11.77 7.98  K=11
  verify 17: accepted 10/10 (K=11) + correction -> +11 tokens (255.8 ms)  cpos=82
  [margins] 14.82 10.81 10.01 10.32 9.81 6.93 3.54 6.75 8.40 10.18  K=11
  verify 18: accepted 10/10 (K=11) + correction -> +11 tokens (258.3 ms)  cpos=93
  [margins] 12.40 13.58 8.02 10.48 8.64 8.22 8.44 8.93 7.74 8.12  K=11
  verify 19: accepted 10/10 (K=11) + correction -> +11 tokens (259.3 ms)  cpos=104
  [margins] 10.13 13.30 11.63 8.97 10.31 7.59 10.31 8.88 10.27 8.85  K=11
  verify 20: accepted 10/10 (K=11) + correction -> +11 tokens (253.8 ms)  cpos=115
  [margins] 17.35 12.10 11.82 9.12 9.78 8.55 4.76 9.07 8.85 12.56  K=11
  verify 21: accepted 10/10 (K=11) + correction -> +11 tokens (259.8 ms)  cpos=126
  [margins] 12.55 14.19 8.38 12.00 10.68 8.92 7.78 10.35 8.17 8.16  K=11
  verify 22: accepted 10/10 (K=11) + correction -> +11 tokens (276.3 ms)  cpos=137
  [margins] 10.18 13.54 14.06 10.94 10.33 12.04 10.66 9.85 11.18 9.39  K=11
  verify 23: accepted 10/10 (K=11) + correction -> +11 tokens (259.7 ms)  cpos=148
  [margins] 15.03 11.50 12.29 9.40 7.01 9.48 3.63 9.17 9.96 6.67  K=11
  verify 24: accepted 10/10 (K=11) + correction -> +11 tokens (253.0 ms)  cpos=159
  [margins] 12.21 14.98 9.52 12.07 10.30 7.22 9.07 8.71 9.95 10.34  K=11
  verify 25: accepted 10/10 (K=11) + correction -> +11 tokens (260.7 ms)  cpos=170
  [margins] 12.04 12.62 10.17 10.92 8.68 10.14 8.36 9.30 9.71 10.05  K=11
  verify 26: accepted 10/10 (K=11) + correction -> +11 tokens (261.0 ms)  cpos=181
  [margins] 18.36 11.31 12.38 5.71 8.34 6.41 1.45 8.16 11.36 5.92  K=7
  verify 27: accepted 6/6 (K=7) + correction -> +7 tokens (194.9 ms)  cpos=188
  [margins] 11.27 13.71 10.02 10.05 10.87 8.43 8.39 9.74 10.86 7.99  K=11
  verify 28: accepted 10/10 (K=11) + correction -> +11 tokens (255.3 ms)  cpos=199
  [margins] 19.16 11.39 11.72 5.26 8.12 10.72 4.98 7.15 10.94 6.52  K=11
  verify 29: accepted 10/10 (K=11) + correction -> +11 tokens (262.6 ms)  cpos=210
  [margins] 12.70 13.77 7.59 9.69 11.65 6.00 10.56 7.18 8.75 10.55  K=11
  verify 30: accepted 10/10 (K=11) + correction -> +11 tokens (262.6 ms)  cpos=221

[spec] generated 207 tokens over 30 verifies: mean tokens/verify = 6.90 (block=10, max 11)
[spec] tokens: 1 16 1 16 1 16 1 16 1 16 1 16 1 16 1 16 403 31310 16 403 31310 16 403 31310 16 403 31310 16 403 31310 16 403 31310 16 403 31310 16 403 31310 16
[spec] SPEC-DECODE: 29.1 ms/tok = 34.39 tok/s  (vs base M=1 71.0 ms/tok = 14.08 tok/s -> 2.44x)
[decode] PREFILL: 37 positions in 638.7 ms = 57.9 tok/s (17.261 ms/tok)
[spec] decoding 200 tokens (block=10, draft passes=1, adaptK=1.50, prompt=7 s=38)...
  [margins] 0.45 2.74 0.76 0.27 1.77 1.19 0.46 2.61 1.50 0.08  K=3
  verify 1: accepted 0/2 (K=3) + correction -> +1 tokens (128.8 ms)  cpos=38
  [margins] 0.44 5.73 0.07 2.05 0.65 0.64 0.08 0.33 0.37 0.80  K=3
  verify 2: accepted 0/2 (K=3) + correction -> +1 tokens (123.7 ms)  cpos=39
  [margins] 1.85 0.51 0.67 0.28 0.41 1.97 0.43 0.01 1.21 0.21  K=2
  verify 3: accepted 1/1 (K=2) + correction -> +2 tokens (112.2 ms)  cpos=41
  [margins] 3.61 0.74 1.17 5.43 0.41 1.22 0.59 1.26 2.27 0.20  K=2
  verify 4: accepted 1/1 (K=2) + correction -> +2 tokens (107.6 ms)  cpos=43
  [margins] 0.84 0.70 0.04 2.85 0.69 0.56 0.41 0.75 0.03 0.05  K=2
  verify 5: accepted 0/1 (K=2) + correction -> +1 tokens (112.1 ms)  cpos=44
  [margins] 0.74 0.17 1.45 0.57 0.48 1.21 0.60 0.11 0.57 0.12  K=2
  verify 6: accepted 1/1 (K=2) + correction -> +2 tokens (108.3 ms)  cpos=46
  [margins] 1.54 1.30 2.92 0.21 1.57 1.41 0.94 0.44 1.36 1.70  K=2
  verify 7: accepted 0/1 (K=2) + correction -> +1 tokens (113.0 ms)  cpos=47
  [margins] 2.27 3.41 0.14 0.71 2.01 2.74 0.78 0.29 1.52 0.13  K=3
  verify 8: accepted 1/2 (K=3) + correction -> +2 tokens (126.0 ms)  cpos=49
  [margins] 9.26 6.38 5.38 1.96 1.25 0.82 0.44 2.87 2.38 1.54  K=5
  verify 9: accepted 4/4 (K=5) + correction -> +5 tokens (151.3 ms)  cpos=54
  [margins] 0.50 1.77 0.85 1.01 1.32 2.62 6.09 2.73 1.73 4.21  K=3
  verify 10: accepted 0/2 (K=3) + correction -> +1 tokens (124.7 ms)  cpos=55
  [margins] 1.54 1.76 0.17 0.01 3.50 2.01 0.34 3.42 2.11 1.73  K=3
  verify 11: accepted 2/2 (K=3) + correction -> +3 tokens (125.9 ms)  cpos=58
  [margins] 0.45 6.65 1.05 0.95 1.15 0.16 0.52 1.14 2.52 1.49  K=3
  verify 12: accepted 0/2 (K=3) + correction -> +1 tokens (124.9 ms)  cpos=59
  [margins] 4.29 3.04 0.27 1.13 0.48 2.99 1.18 1.08 0.98 1.22  K=3
  verify 13: accepted 2/2 (K=3) + correction -> +3 tokens (126.1 ms)  cpos=62
  [margins] 1.17 0.55 1.32 0.59 3.64 1.74 0.46 0.13 0.41 0.97  K=2
  verify 14: accepted 1/1 (K=2) + correction -> +2 tokens (114.9 ms)  cpos=64
  [margins] 5.36 8.03 3.08 0.91 0.94 1.03 0.15 2.60 0.59 1.57  K=4
  verify 15: accepted 3/3 (K=4) + correction -> +4 tokens (140.1 ms)  cpos=68
  [margins] 5.44 3.09 0.23 0.10 1.87 1.20 3.59 7.19 1.64 0.55  K=3
  verify 16: accepted 2/2 (K=3) + correction -> +3 tokens (121.5 ms)  cpos=71
  [margins] 2.37 1.03 3.87 1.93 1.30 6.52 0.96 7.52 1.22 1.82  K=2
  verify 17: accepted 1/1 (K=2) + correction -> +2 tokens (114.1 ms)  cpos=73
  [margins] 6.61 1.68 0.28 6.69 0.89 2.87 1.38 0.36 3.09 2.72  K=3
  verify 18: accepted 2/2 (K=3) + correction -> +3 tokens (127.4 ms)  cpos=76
  [margins] 11.28 2.43 0.95 1.39 2.40 2.78 2.02 2.06 1.09 0.73  K=3
  verify 19: accepted 2/2 (K=3) + correction -> +3 tokens (122.2 ms)  cpos=79
  [margins] 10.51 8.82 8.75 7.55 5.91 6.43 2.68 5.04 1.79 0.97  K=10
  verify 20: accepted 9/9 (K=10) + correction -> +10 tokens (250.0 ms)  cpos=89
  [margins] 8.00 6.37 4.77 0.27 0.85 5.74 11.85 1.60 12.14 1.10  K=4
  verify 21: accepted 3/3 (K=4) + correction -> +4 tokens (141.3 ms)  cpos=93
  [margins] 6.07 2.32 0.66 2.35 2.85 0.13 0.80 0.69 1.04 0.33  K=3
  verify 22: accepted 2/2 (K=3) + correction -> +3 tokens (126.5 ms)  cpos=96
  [margins] 8.46 7.43 8.94 7.81 9.91 3.62 2.30 0.50 2.33 0.46  K=8
  verify 23: accepted 7/7 (K=8) + correction -> +8 tokens (209.7 ms)  cpos=104
  [margins] 5.97 4.96 3.00 9.61 4.38 2.95 0.97 4.68 0.39 0.05  K=7
  verify 24: accepted 6/6 (K=7) + correction -> +7 tokens (189.0 ms)  cpos=111
  [margins] 10.22 6.08 8.39 4.42 6.51 0.93 4.17 11.80 0.47 2.46  K=6
  verify 25: accepted 5/5 (K=6) + correction -> +6 tokens (180.2 ms)  cpos=117
  [margins] 10.69 9.61 1.55 7.21 3.07 1.27 6.53 4.53 2.24 1.67  K=6
  verify 26: accepted 5/5 (K=6) + correction -> +6 tokens (174.0 ms)  cpos=123
  [margins] 13.30 3.91 8.45 7.47 1.29 3.24 2.92 0.21 3.16 1.26  K=5
  verify 27: accepted 4/4 (K=5) + correction -> +5 tokens (175.1 ms)  cpos=128
  [margins] 6.12 4.88 3.01 0.99 3.04 0.40 0.09 2.12 2.51 1.36  K=4
  verify 28: accepted 3/3 (K=4) + correction -> +4 tokens (143.3 ms)  cpos=132
  [margins] 5.58 1.58 4.62 1.10 0.23 2.68 3.73 0.05 2.28 0.44  K=4
  verify 29: accepted 3/3 (K=4) + correction -> +4 tokens (143.2 ms)  cpos=136
  [margins] 1.70 6.34 0.92 0.35 0.33 0.72 0.04 3.25 0.70 1.89  K=3
  verify 30: accepted 2/2 (K=3) + correction -> +3 tokens (126.0 ms)  cpos=139
  [margins] 7.64 1.24 6.29 4.59 2.62 0.26 0.40 0.20 2.65 0.01  K=2
  verify 31: accepted 1/1 (K=2) + correction -> +2 tokens (117.2 ms)  cpos=141
  [margins] 8.62 8.73 6.25 1.34 0.48 2.61 2.57 1.02 0.62 0.00  K=4
  verify 32: accepted 3/3 (K=4) + correction -> +4 tokens (145.8 ms)  cpos=145
  [margins] 1.71 3.71 2.47 2.39 5.44 3.62 0.45 0.13 3.66 0.15  K=7
  verify 33: accepted 0/6 (K=7) + correction -> +1 tokens (201.3 ms)  cpos=146
  [margins] 6.91 9.55 11.28 11.87 1.97 4.35 3.53 3.22 2.35 2.24  K=11
  verify 34: accepted 4/10 (K=11) + correction -> +5 tokens (271.4 ms)  cpos=151
  [margins] 2.46 0.86 0.16 0.42 0.96 0.57 1.39 0.47 2.94 0.13  K=2
  verify 35: accepted 1/1 (K=2) + correction -> +2 tokens (122.5 ms)  cpos=153
  [margins] 3.50 3.03 1.42 0.32 2.45 0.69 3.71 5.48 0.80 1.35  K=3
  verify 36: accepted 0/2 (K=3) + correction -> +1 tokens (122.2 ms)  cpos=154
  [margins] 6.04 1.85 0.00 0.83 0.02 0.28 0.75 1.85 1.94 1.47  K=3
  verify 37: accepted 1/2 (K=3) + correction -> +2 tokens (128.4 ms)  cpos=156
  [margins] 6.22 3.07 0.27 1.30 1.50 1.33 3.49 4.29 1.14 2.16  K=3
  verify 38: accepted 1/2 (K=3) + correction -> +2 tokens (122.3 ms)  cpos=158
  [margins] 3.51 0.93 4.07 2.41 1.46 2.12 2.66 0.09 2.47 6.05  K=2
  verify 39: accepted 1/1 (K=2) + correction -> +2 tokens (120.5 ms)  cpos=160
  [margins] 4.12 0.61 3.78 1.38 5.18 2.39 0.03 4.53 4.17 0.67  K=2
  verify 40: accepted 1/1 (K=2) + correction -> +2 tokens (116.2 ms)  cpos=162
  [margins] 3.99 1.12 4.33 1.31 6.11 3.42 0.59 4.76 4.45 0.15  K=2
  verify 41: accepted 1/1 (K=2) + correction -> +2 tokens (120.0 ms)  cpos=164
  [margins] 3.73 4.56 4.28 1.14 4.20 1.00 6.20 3.64 0.67 4.74  K=4
  verify 42: accepted 3/3 (K=4) + correction -> +4 tokens (137.0 ms)  cpos=168
  [margins] 2.20 2.95 3.13 1.11 4.06 0.88 6.31 3.40 0.43 4.29  K=4
  verify 43: accepted 3/3 (K=4) + correction -> +4 tokens (136.3 ms)  cpos=172
  [margins] 1.31 4.43 0.89 2.61 4.32 0.27 7.52 3.22 0.99 4.52  K=3
  verify 44: accepted 2/2 (K=3) + correction -> +3 tokens (125.2 ms)  cpos=175
  [margins] 4.06 4.59 4.50 3.39 1.09 3.27 0.38 5.36 3.41 0.42  K=5
  verify 45: accepted 4/4 (K=5) + correction -> +5 tokens (153.7 ms)  cpos=180
  [margins] 1.39 4.40 2.52 2.88 4.86 0.31 3.53 0.69 5.67 5.71  K=6
  verify 46: accepted 5/5 (K=6) + correction -> +6 tokens (162.0 ms)  cpos=186
  [margins] 1.37 4.29 3.21 2.85 5.04 0.24 3.89 0.19 5.00 6.39  K=6
  verify 47: accepted 5/5 (K=6) + correction -> +6 tokens (168.0 ms)  cpos=192
  [margins] 1.69 3.47 3.84 2.30 5.31 0.37 4.74 0.10 5.36 1.31  K=6
  verify 48: accepted 5/5 (K=6) + correction -> +6 tokens (162.0 ms)  cpos=198
  [margins] 1.90 3.47 2.87 2.35 4.66 1.27 7.38 4.97 0.32 6.99  K=6
  verify 49: accepted 5/5 (K=6) + correction -> +6 tokens (167.5 ms)  cpos=204
  [margins] 1.37 3.15 4.02 1.38 5.07 0.31 7.06 5.18 0.06 4.63  K=4
  verify 50: accepted 3/3 (K=4) + correction -> +4 tokens (136.8 ms)  cpos=208
  [margins] 1.59 3.59 3.44 2.04 4.91 0.83 7.45 5.02 1.03 5.05  K=6
  verify 51: accepted 5/5 (K=6) + correction -> +6 tokens (163.6 ms)  cpos=214
  [margins] 0.66 3.75 3.00 1.57 4.97 1.30 7.07 5.44 0.58 6.73  K=6
  verify 52: accepted 5/5 (K=6) + correction -> +6 tokens (167.7 ms)  cpos=220
  [margins] 1.44 4.24 2.99 1.49 5.38 0.57 6.88 5.08 0.45 6.35  K=4
  verify 53: accepted 3/3 (K=4) + correction -> +4 tokens (138.6 ms)  cpos=224
  [margins] 2.01 3.95 3.37 1.50 5.42 1.06 7.12 5.72 0.24 6.78  K=4
  verify 54: accepted 3/3 (K=4) + correction -> +4 tokens (136.4 ms)  cpos=228
  [margins] 2.20 4.11 4.52 1.11 5.36 0.70 6.82 6.06 0.64 6.14  K=4
  verify 55: accepted 2/3 (K=4) + correction -> +3 tokens (137.9 ms)  cpos=231
  [margins] 8.52 1.81 1.33 4.92 0.02 4.49 0.88 6.28 5.08 0.24  K=3
  verify 56: accepted 0/2 (K=3) + correction -> +1 tokens (130.2 ms)  cpos=232
  [margins] 6.06 3.39 8.07 2.02 1.99 7.21 1.97 1.06 6.27 4.07  K=8
  verify 57: accepted 1/7 (K=8) + correction -> +2 tokens (206.1 ms)  cpos=234
  [margins] 4.58 2.35 3.52 0.04 10.57 0.46 0.20 5.63 2.69 0.05  K=4
  verify 58: accepted 1/3 (K=4) + correction -> +2 tokens (139.5 ms)  cpos=236
  [margins] 5.43 0.83 6.75 0.13 11.38 0.30 3.85 0.57 1.91 5.78  K=2
  verify 59: accepted 0/1 (K=2) + correction -> +1 tokens (113.8 ms)  cpos=237

[spec] generated 200 tokens over 59 verifies: mean tokens/verify = 3.39 (block=10, max 11)
[spec] tokens: 343 12888 28 566 344 260 19075 3417 9508 5718 270 2753 294 270 6616 366 1512 1527 27819 13459 16 5715 270 12919 6329 1512 1527 940 223 19 27819 13459 16 455 3452 2753 344 979 7490 201
[spec] SPEC-DECODE: 41.8 ms/tok = 23.91 tok/s  (vs base M=1 71.0 ms/tok = 14.08 tok/s -> 1.70x)
[decode] PREFILL: 12 positions in 252.7 ms = 47.5 tok/s (21.059 ms/tok)
[spec] decoding 200 tokens (block=10, draft passes=1, adaptK=1.50, prompt=8 s=13)...
  [margins] 1.83 1.85 0.66 8.43 2.84 1.17 5.34 2.08 2.78 5.44  K=3
  verify 1: accepted 1/2 (K=3) + correction -> +2 tokens (123.2 ms)  cpos=14
  [margins] 0.11 7.92 2.08 0.39 4.33 0.72 0.97 5.86 2.99 2.13  K=4
  verify 2: accepted 0/3 (K=4) + correction -> +1 tokens (139.9 ms)  cpos=15
  [margins] 2.42 2.11 0.75 0.28 2.22 1.31 0.02 0.20 7.49 1.66  K=3
  verify 3: accepted 0/2 (K=3) + correction -> +1 tokens (115.3 ms)  cpos=16
  [margins] 1.18 2.62 0.86 0.57 0.47 0.01 1.38 2.27 4.01 4.65  K=3
  verify 4: accepted 0/2 (K=3) + correction -> +1 tokens (116.2 ms)  cpos=17
  [margins] 1.05 0.04 1.58 2.06 0.16 2.39 4.79 1.25 0.17 1.60  K=2
  verify 5: accepted 0/1 (K=2) + correction -> +1 tokens (101.9 ms)  cpos=18
  [margins] 1.46 0.91 1.98 0.21 0.63 0.83 0.17 1.46 1.37 2.82  K=2
  verify 6: accepted 0/1 (K=2) + correction -> +1 tokens (111.2 ms)  cpos=19
  [margins] 1.80 0.06 1.31 0.63 3.98 1.23 0.45 1.44 5.30 0.43  K=2
  verify 7: accepted 1/1 (K=2) + correction -> +2 tokens (114.8 ms)  cpos=21
  [margins] 2.10 0.39 0.31 1.02 4.39 1.20 0.29 1.23 6.66 0.22  K=2
  verify 8: accepted 1/1 (K=2) + correction -> +2 tokens (110.3 ms)  cpos=23
  [margins] 2.34 0.03 0.21 4.70 0.28 0.61 0.17 1.43 6.93 0.99  K=2
  verify 9: accepted 1/1 (K=2) + correction -> +2 tokens (114.4 ms)  cpos=25
  [margins] 3.28 0.21 0.50 0.31 0.05 4.63 0.91 0.39 0.16 0.69  K=2
  verify 10: accepted 1/1 (K=2) + correction -> +2 tokens (111.0 ms)  cpos=27
  [margins] 4.23 0.04 5.60 0.03 0.31 0.29 0.49 4.38 0.16 0.62  K=2
  verify 11: accepted 1/1 (K=2) + correction -> +2 tokens (114.9 ms)  cpos=29
  [margins] 5.19 0.12 5.12 0.11 4.44 0.37 0.02 3.77 0.48 0.05  K=2
  verify 12: accepted 1/1 (K=2) + correction -> +2 tokens (110.8 ms)  cpos=31
  [margins] 5.45 0.29 5.06 0.49 4.34 0.27 0.22 3.71 0.14 0.27  K=2
  verify 13: accepted 1/1 (K=2) + correction -> +2 tokens (114.8 ms)  cpos=33
  [margins] 4.95 0.01 4.82 0.26 3.84 0.44 0.15 3.55 0.14 0.36  K=2
  verify 14: accepted 1/1 (K=2) + correction -> +2 tokens (110.9 ms)  cpos=35
  [margins] 5.89 0.10 6.11 0.05 4.76 0.01 0.76 0.11 0.61 1.57  K=2
  verify 15: accepted 1/1 (K=2) + correction -> +2 tokens (115.2 ms)  cpos=37
  [margins] 5.61 0.13 5.33 0.22 4.15 0.12 1.16 0.31 0.34 0.26  K=2
  verify 16: accepted 1/1 (K=2) + correction -> +2 tokens (110.8 ms)  cpos=39
  [margins] 6.25 0.05 7.58 0.32 4.94 0.33 1.09 0.35 0.49 0.26  K=2
  verify 17: accepted 1/1 (K=2) + correction -> +2 tokens (114.6 ms)  cpos=41
  [margins] 6.02 0.49 5.89 0.58 4.49 0.15 4.10 0.25 3.24 0.12  K=2
  verify 18: accepted 1/1 (K=2) + correction -> +2 tokens (111.5 ms)  cpos=43
  [margins] 6.15 0.65 6.39 0.63 4.92 0.52 4.36 0.55 3.36 0.03  K=2
  verify 19: accepted 1/1 (K=2) + correction -> +2 tokens (116.1 ms)  cpos=45
  [margins] 5.57 1.50 4.51 0.87 4.11 0.71 3.44 0.53 3.06 0.17  K=4
  verify 20: accepted 0/3 (K=4) + correction -> +1 tokens (134.9 ms)  cpos=46
  [margins] 5.32 4.19 3.76 1.26 1.05 0.18 3.05 1.18 2.04 0.12  K=4
  verify 21: accepted 3/3 (K=4) + correction -> +4 tokens (138.8 ms)  cpos=50
  [margins] 2.90 0.34 0.02 0.52 2.10 5.46 1.18 1.79 1.74 3.18  K=2
  verify 22: accepted 1/1 (K=2) + correction -> +2 tokens (113.5 ms)  cpos=52
  [margins] 4.12 7.45 3.47 0.39 8.00 1.88 1.83 1.30 3.43 2.18  K=4
  verify 23: accepted 3/3 (K=4) + correction -> +4 tokens (137.1 ms)  cpos=56
  [margins] 2.38 0.51 3.19 2.75 2.12 0.42 1.80 2.49 0.20 2.25  K=2
  verify 24: accepted 1/1 (K=2) + correction -> +2 tokens (112.7 ms)  cpos=58
  [margins] 0.57 7.05 0.88 2.88 0.67 2.46 0.14 0.74 2.26 7.02  K=3
  verify 25: accepted 0/2 (K=3) + correction -> +1 tokens (122.7 ms)  cpos=59
  [margins] 1.15 0.66 0.53 0.60 6.49 2.11 3.78 1.25 1.64 2.13  K=2
  verify 26: accepted 0/1 (K=2) + correction -> +1 tokens (114.0 ms)  cpos=60
  [margins] 5.97 6.65 5.87 6.76 2.25 0.65 0.03 5.85 2.78 0.79  K=6
  verify 27: accepted 5/5 (K=6) + correction -> +6 tokens (167.2 ms)  cpos=66
  [margins] 6.30 9.99 6.57 0.60 0.68 4.02 2.19 0.12 0.57 3.00  K=4
  verify 28: accepted 3/3 (K=4) + correction -> +4 tokens (140.4 ms)  cpos=70
  [margins] 2.18 1.74 1.26 1.48 3.40 6.35 4.28 2.48 0.75 2.79  K=3
  verify 29: accepted 0/2 (K=3) + correction -> +1 tokens (127.9 ms)  cpos=71
  [margins] 2.00 0.30 0.01 1.69 1.83 4.83 4.40 1.93 1.43 1.25  K=2
  verify 30: accepted 0/1 (K=2) + correction -> +1 tokens (114.8 ms)  cpos=72
  [margins] 1.70 3.72 2.57 4.09 3.61 7.48 0.37 5.04 0.19 2.61  K=7
  verify 31: accepted 6/6 (K=7) + correction -> +7 tokens (184.6 ms)  cpos=79
  [margins] 5.50 10.04 0.70 0.34 0.79 2.27 0.08 3.74 2.75 0.56  K=3
  verify 32: accepted 2/2 (K=3) + correction -> +3 tokens (128.5 ms)  cpos=82
  [margins] 3.65 4.05 0.49 1.98 1.38 0.64 4.44 0.49 1.03 1.33  K=3
  verify 33: accepted 2/2 (K=3) + correction -> +3 tokens (127.0 ms)  cpos=85
  [margins] 6.94 5.26 2.77 4.66 4.84 5.33 0.00 3.44 3.95 3.59  K=7
  verify 34: accepted 2/6 (K=7) + correction -> +3 tokens (193.3 ms)  cpos=88
  [margins] 3.43 3.08 3.08 0.37 3.04 5.54 0.97 9.51 5.60 9.55  K=4
  verify 35: accepted 2/3 (K=4) + correction -> +3 tokens (141.0 ms)  cpos=91
  [margins] 6.39 12.41 1.01 1.83 4.81 2.41 2.43 0.09 2.46 2.44  K=3
  verify 36: accepted 2/2 (K=3) + correction -> +3 tokens (128.6 ms)  cpos=94
  [margins] 5.37 7.65 6.02 4.31 3.41 4.50 0.20 0.50 9.11 2.81  K=7
  verify 37: accepted 6/6 (K=7) + correction -> +7 tokens (194.8 ms)  cpos=101
  [margins] 10.36 4.05 10.44 10.55 0.65 4.13 5.16 2.16 0.71 6.43  K=5
  verify 38: accepted 4/4 (K=5) + correction -> +5 tokens (155.5 ms)  cpos=106
  [margins] 6.45 8.54 6.51 7.49 5.33 4.39 0.00 2.15 5.31 1.99  K=7
  verify 39: accepted 6/6 (K=7) + correction -> +7 tokens (195.9 ms)  cpos=113
  [margins] 10.53 6.78 10.67 9.22 1.21 7.55 4.33 0.32 0.48 0.65  K=5
  verify 40: accepted 4/4 (K=5) + correction -> +5 tokens (156.0 ms)  cpos=118
  [margins] 6.85 8.52 8.12 5.87 1.10 5.15 1.75 1.75 6.08 4.42  K=5
  verify 41: accepted 4/4 (K=5) + correction -> +5 tokens (154.7 ms)  cpos=123
  [margins] 11.92 4.52 6.54 2.71 6.70 2.32 6.17 0.06 5.07 5.16  K=8
  verify 42: accepted 5/7 (K=8) + correction -> +6 tokens (224.8 ms)  cpos=129
  [margins] 3.86 4.97 7.69 6.19 4.39 2.87 0.40 1.96 0.76 0.27  K=7
  verify 43: accepted 6/6 (K=7) + correction -> +7 tokens (198.2 ms)  cpos=136
  [margins] 7.11 10.24 0.98 4.30 4.65 7.97 2.98 6.94 0.29 3.21  K=3
  verify 44: accepted 2/2 (K=3) + correction -> +3 tokens (129.5 ms)  cpos=139
  [margins] 3.95 11.11 3.48 4.76 8.26 2.96 0.46 0.93 0.22 2.83  K=7
  verify 45: accepted 6/6 (K=7) + correction -> +7 tokens (197.7 ms)  cpos=146
  [margins] 9.11 2.70 0.89 3.40 3.73 1.83 0.89 0.79 0.97 0.20  K=3
  verify 46: accepted 2/2 (K=3) + correction -> +3 tokens (133.2 ms)  cpos=149
  [margins] 11.58 4.78 9.38 12.09 2.27 7.38 3.74 0.49 4.51 1.23  K=8
  verify 47: accepted 7/7 (K=8) + correction -> +8 tokens (212.8 ms)  cpos=157
  [margins] 11.41 10.47 6.99 2.60 1.38 5.03 7.16 4.34 3.89 1.41  K=5
  verify 48: accepted 4/4 (K=5) + correction -> +5 tokens (157.5 ms)  cpos=162
  [margins] 8.89 6.13 12.43 2.44 5.01 3.28 0.18 5.98 0.10 3.26  K=7
  verify 49: accepted 6/6 (K=7) + correction -> +7 tokens (198.5 ms)  cpos=169
  [margins] 9.63 6.98 8.29 4.95 5.05 3.71 1.32 2.00 0.09 1.15  K=7
  verify 50: accepted 6/6 (K=7) + correction -> +7 tokens (198.5 ms)  cpos=176
  [margins] 12.66 3.85 7.91 8.17 5.59 4.69 0.22 4.21 4.74 0.77  K=7
  verify 51: accepted 6/6 (K=7) + correction -> +7 tokens (192.7 ms)  cpos=183
  [margins] 9.36 6.39 9.16 2.43 8.10 2.27 1.17 2.41 1.33 0.38  K=7
  verify 52: accepted 6/6 (K=7) + correction -> +7 tokens (199.2 ms)  cpos=190
  [margins] 7.23 10.26 8.58 6.09 4.33 7.09 1.36 2.50 7.41 0.01  K=7
  verify 53: accepted 6/6 (K=7) + correction -> +7 tokens (198.5 ms)  cpos=197
  [margins] 12.05 7.71 8.04 9.64 3.76 7.82 2.99 2.06 3.21 2.95  K=11
  verify 54: accepted 7/10 (K=11) + correction -> +8 tokens (266.6 ms)  cpos=205
  [margins] 9.88 10.52 7.76 3.84 7.70 0.08 2.32 0.62 4.39 2.40  K=6
  verify 55: accepted 5/5 (K=6) + correction -> +6 tokens (175.8 ms)  cpos=211
  [margins] 8.53 12.73 3.93 7.80 8.97 6.17 0.78 0.65 2.20 4.72  K=7
  verify 56: accepted 6/6 (K=7) + correction -> +7 tokens (199.4 ms)  cpos=218

[spec] generated 206 tokens over 56 verifies: mean tokens/verify = 3.68 (block=10, max 11)
[spec] tokens: 1 201 1 201 1 201 1 201 1 201 1 201 1 201 1 201 1 201 1 201 1 201 1 201 1 201 1 201 1 201 1 201 3085 344 270 6102 294 8760 33 9361
[spec] SPEC-DECODE: 39.8 ms/tok = 25.12 tok/s  (vs base M=1 71.0 ms/tok = 14.08 tok/s -> 1.78x)
[decode] PREFILL: 5 positions in 128.7 ms = 38.8 tok/s (25.741 ms/tok)
[spec] decoding 200 tokens (block=12, draft passes=1, adaptK=1.50, prompt=0 s=6)...
  [margins] 1.48 0.76 0.14 1.28 0.35 5.01 1.79 0.18 0.40 0.11 0.14 0.93  K=2
  verify 1: accepted 1/1 (K=2) + correction -> +2 tokens (114.0 ms)  cpos=7
  [margins] 0.43 0.23 0.37 0.89 0.48 1.62 0.67 0.08 1.21 1.02 0.20 0.48  K=2
  verify 2: accepted 0/1 (K=2) + correction -> +1 tokens (121.3 ms)  cpos=8
  [margins] 2.02 0.62 2.88 0.15 0.53 0.83 0.22 1.45 2.65 0.54 1.42 0.15  K=2
  verify 3: accepted 1/1 (K=2) + correction -> +2 tokens (114.2 ms)  cpos=10
  [margins] 2.23 0.24 5.05 0.04 0.79 0.80 2.25 0.20 3.14 1.18 1.16 0.55  K=2
  verify 4: accepted 0/1 (K=2) + correction -> +1 tokens (116.3 ms)  cpos=11
  [margins] 5.83 0.01 1.79 2.21 2.26 0.97 0.47 3.51 0.01 1.67 1.63 0.96  K=2
  verify 5: accepted 1/1 (K=2) + correction -> +2 tokens (116.9 ms)  cpos=13
  [margins] 4.11 2.17 5.07 1.65 0.32 4.80 0.25 0.88 3.22 0.15 0.61 1.09  K=5
  verify 6: accepted 4/4 (K=5) + correction -> +5 tokens (154.6 ms)  cpos=18
  [margins] 4.03 4.20 0.69 0.81 3.39 3.49 2.15 2.65 0.15 1.35 1.65 0.69  K=3
  verify 7: accepted 1/2 (K=3) + correction -> +2 tokens (129.1 ms)  cpos=20
  [margins] 2.53 3.42 4.96 2.34 0.97 0.84 1.25 1.15 0.98 5.36 2.03 1.52  K=5
  verify 8: accepted 4/4 (K=5) + correction -> +5 tokens (155.2 ms)  cpos=25
  [margins] 7.40 2.11 0.35 1.78 1.68 1.64 2.66 2.20 2.20 0.44 0.49 1.85  K=3
  verify 9: accepted 1/2 (K=3) + correction -> +2 tokens (129.2 ms)  cpos=27
  [margins] 4.00 3.93 6.37 2.85 0.49 3.04 1.12 1.03 1.40 1.39 2.29 1.54  K=5
  verify 10: accepted 4/4 (K=5) + correction -> +5 tokens (162.3 ms)  cpos=32
  [margins] 5.12 0.42 4.48 2.01 0.04 1.00 3.18 0.48 0.22 3.11 5.11 1.37  K=2
  verify 11: accepted 1/1 (K=2) + correction -> +2 tokens (113.9 ms)  cpos=34
  [margins] 2.27 4.02 6.07 1.73 0.16 3.94 0.80 0.57 1.17 1.90 1.22 0.35  K=5
  verify 12: accepted 4/4 (K=5) + correction -> +5 tokens (157.0 ms)  cpos=39
  [margins] 3.83 0.68 4.73 4.60 2.15 0.05 2.96 2.58 2.14 2.09 1.12 1.52  K=2
  verify 13: accepted 1/1 (K=2) + correction -> +2 tokens (118.8 ms)  cpos=41
  [margins] 3.45 3.37 6.34 0.01 0.05 1.26 0.33 5.70 0.32 2.24 1.84 1.69  K=4
  verify 14: accepted 3/3 (K=4) + correction -> +4 tokens (145.0 ms)  cpos=45
  [margins] 3.86 0.18 2.15 2.04 3.31 3.04 0.97 1.69 3.24 0.61 0.23 4.77  K=2
  verify 15: accepted 1/1 (K=2) + correction -> +2 tokens (115.6 ms)  cpos=47
  [margins] 0.44 2.54 0.32 4.22 2.03 0.11 1.64 1.92 0.31 1.85 3.52 1.86  K=3
  verify 16: accepted 2/2 (K=3) + correction -> +3 tokens (130.8 ms)  cpos=50
  [margins] 4.66 2.26 2.37 0.98 3.64 5.11 1.32 2.99 3.19 0.70 1.38 0.99  K=4
  verify 17: accepted 3/3 (K=4) + correction -> +4 tokens (147.4 ms)  cpos=54
  [margins] 3.46 1.24 7.25 0.14 3.63 2.52 2.79 1.17 2.90 2.29 1.28 3.85  K=2
  verify 18: accepted 1/1 (K=2) + correction -> +2 tokens (119.1 ms)  cpos=56
  [margins] 8.00 1.42 2.64 2.20 0.08 3.89 3.34 0.48 3.74 5.31 0.87 4.04  K=2
  verify 19: accepted 1/1 (K=2) + correction -> +2 tokens (115.9 ms)  cpos=58
  [margins] 1.19 5.98 5.61 7.32 1.39 1.41 3.89 1.15 2.30 1.98 0.46 2.19  K=5
  verify 20: accepted 0/4 (K=5) + correction -> +1 tokens (157.9 ms)  cpos=59
  [margins] 4.92 6.80 6.49 1.52 2.14 4.64 0.23 4.71 4.04 1.25 1.78 4.56  K=7
  verify 21: accepted 4/6 (K=7) + correction -> +5 tokens (195.6 ms)  cpos=64
  [margins] 7.10 1.92 2.59 0.16 4.84 3.82 0.01 2.72 0.81 2.49 1.61 3.54  K=4
  verify 22: accepted 1/3 (K=4) + correction -> +2 tokens (147.1 ms)  cpos=66
  [margins] 5.06 5.58 2.79 1.26 0.52 0.14 0.51 2.80 3.78 4.40 1.02 2.91  K=4
  verify 23: accepted 3/3 (K=4) + correction -> +4 tokens (147.7 ms)  cpos=70
  [margins] 1.66 5.99 0.10 3.58 2.79 2.70 0.58 1.15 1.06 0.57 0.12 4.51  K=3
  verify 24: accepted 2/2 (K=3) + correction -> +3 tokens (134.2 ms)  cpos=73
  [margins] 5.12 5.33 5.69 3.15 0.79 0.57 1.48 2.37 0.43 7.40 4.17 0.31  K=5
  verify 25: accepted 4/4 (K=5) + correction -> +5 tokens (160.4 ms)  cpos=78
  [margins] 5.81 0.24 0.33 0.81 5.47 1.89 0.51 2.05 4.42 4.86 3.49 0.28  K=2
  verify 26: accepted 1/1 (K=2) + correction -> +2 tokens (121.5 ms)  cpos=80
  [margins] 4.78 2.80 5.59 2.90 0.35 3.54 0.55 0.07 6.74 1.56 0.62 1.37  K=5
  verify 27: accepted 4/4 (K=5) + correction -> +5 tokens (159.7 ms)  cpos=85
  [margins] 8.28 0.11 0.61 0.35 1.30 1.40 0.71 2.19 3.46 4.26 4.84 1.57  K=2
  verify 28: accepted 1/1 (K=2) + correction -> +2 tokens (117.3 ms)  cpos=87
  [margins] 6.02 1.87 7.40 2.94 1.02 3.84 0.96 1.55 3.19 4.20 1.80 1.83  K=5
  verify 29: accepted 4/4 (K=5) + correction -> +5 tokens (165.9 ms)  cpos=92
  [margins] 8.39 1.25 1.20 0.90 2.81 0.26 1.69 4.27 0.77 3.69 4.76 3.83  K=2
  verify 30: accepted 1/1 (K=2) + correction -> +2 tokens (118.5 ms)  cpos=94
  [margins] 5.22 2.84 4.19 2.85 2.14 4.81 0.66 1.36 2.29 1.44 3.20 2.01  K=7
  verify 31: accepted 4/6 (K=7) + correction -> +5 tokens (201.6 ms)  cpos=99
  [margins] 7.05 0.31 1.96 3.02 3.55 1.47 1.74 0.19 0.51 3.22 4.25 2.62  K=2
  verify 32: accepted 1/1 (K=2) + correction -> +2 tokens (124.6 ms)  cpos=101
  [margins] 6.86 2.60 3.80 1.57 0.02 4.12 0.99 1.78 4.69 0.03 2.69 2.33  K=5
  verify 33: accepted 4/4 (K=5) + correction -> +5 tokens (160.3 ms)  cpos=106
  [margins] 8.25 2.41 0.20 0.55 1.30 2.45 3.47 1.13 3.68 3.37 0.15 1.91  K=3
  verify 34: accepted 1/2 (K=3) + correction -> +2 tokens (134.9 ms)  cpos=108
  [margins] 7.21 0.26 2.88 1.66 0.58 2.12 1.10 1.12 3.23 5.08 0.26 2.39  K=2
  verify 35: accepted 1/1 (K=2) + correction -> +2 tokens (119.0 ms)  cpos=110
  [margins] 7.52 7.14 1.65 0.44 1.08 3.84 0.26 1.29 0.80 1.50 0.94 0.92  K=4
  verify 36: accepted 2/3 (K=4) + correction -> +3 tokens (149.7 ms)  cpos=113
  [margins] 6.95 1.47 2.56 0.36 3.99 4.86 0.39 3.12 1.30 5.02 3.92 1.59  K=2
  verify 37: accepted 1/1 (K=2) + correction -> +2 tokens (119.8 ms)  cpos=115
  [margins] 2.96 1.42 5.42 0.58 1.67 0.06 2.04 0.49 1.14 1.51 0.78 4.70  K=2
  verify 38: accepted 1/1 (K=2) + correction -> +2 tokens (125.7 ms)  cpos=117
  [margins] 8.84 3.94 2.20 5.53 0.77 6.86 0.92 0.34 0.13 1.08 1.30 0.45  K=5
  verify 39: accepted 4/4 (K=5) + correction -> +5 tokens (161.8 ms)  cpos=122
  [margins] 6.94 1.25 6.94 3.20 0.02 0.58 0.48 0.50 5.93 8.44 2.20 0.16  K=2
  verify 40: accepted 1/1 (K=2) + correction -> +2 tokens (126.7 ms)  cpos=124
  [margins] 9.43 6.50 0.88 0.39 6.12 2.88 1.38 1.75 3.13 1.67 0.67 3.84  K=3
  verify 41: accepted 2/2 (K=3) + correction -> +3 tokens (133.4 ms)  cpos=127
  [margins] 7.96 2.61 1.18 1.32 5.67 2.20 1.07 0.39 1.60 4.78 1.32 0.64  K=3
  verify 42: accepted 1/2 (K=3) + correction -> +2 tokens (151.0 ms)  cpos=129
  [margins] 7.50 4.74 7.54 0.78 0.61 1.91 1.31 2.05 1.60 1.76 6.00 0.07  K=4
  verify 43: accepted 3/3 (K=4) + correction -> +4 tokens (150.7 ms)  cpos=133
  [margins] 0.49 3.78 3.23 1.67 1.98 10.88 2.93 1.22 1.61 0.79 0.54 2.33  K=8
  verify 44: accepted 0/7 (K=8) + correction -> +1 tokens (217.2 ms)  cpos=134
  [margins] 7.48 0.75 1.43 0.69 4.05 3.34 1.36 1.90 0.20 3.39 4.26 0.11  K=2
  verify 45: accepted 1/1 (K=2) + correction -> +2 tokens (125.4 ms)  cpos=136
  [margins] 8.46 4.10 6.57 2.02 0.20 2.84 3.17 1.00 1.37 0.98 0.53 0.99  K=5
  verify 46: accepted 4/4 (K=5) + correction -> +5 tokens (163.5 ms)  cpos=141
  [margins] 5.21 5.63 3.40 2.52 2.42 2.36 3.24 0.51 5.09 3.99 0.81 0.17  K=8
  verify 47: accepted 3/7 (K=8) + correction -> +4 tokens (217.6 ms)  cpos=145
  [margins] 8.34 3.52 6.55 0.34 0.93 3.37 0.85 3.43 2.10 0.14 2.86 0.56  K=4
  verify 48: accepted 3/3 (K=4) + correction -> +4 tokens (151.5 ms)  cpos=149
  [margins] 1.77 2.03 1.37 1.84 0.63 8.43 3.47 0.46 0.71 4.36 0.35 4.66  K=3
  verify 49: accepted 0/2 (K=3) + correction -> +1 tokens (136.0 ms)  cpos=150
  [margins] 6.29 1.11 2.01 1.21 4.14 0.72 1.97 3.67 0.33 3.73 0.73 0.24  K=2
  verify 50: accepted 1/1 (K=2) + correction -> +2 tokens (123.5 ms)  cpos=152
  [margins] 14.94 1.41 7.41 8.39 9.63 1.81 0.80 0.34 0.23 3.90 0.75 0.85  K=2
  verify 51: accepted 1/1 (K=2) + correction -> +2 tokens (119.1 ms)  cpos=154
  [margins] 3.87 7.23 7.69 3.73 3.44 3.75 0.88 0.59 3.51 2.84 3.77 0.52  K=7
  verify 52: accepted 4/6 (K=7) + correction -> +5 tokens (202.7 ms)  cpos=159
  [margins] 4.55 0.20 1.73 1.07 4.53 0.71 1.10 2.81 1.27 8.23 2.71 1.81  K=2
  verify 53: accepted 1/1 (K=2) + correction -> +2 tokens (124.6 ms)  cpos=161
  [margins] 10.13 6.21 7.95 7.85 1.21 2.69 1.61 0.09 0.95 6.34 3.28 3.98  K=5
  verify 54: accepted 4/4 (K=5) + correction -> +5 tokens (165.5 ms)  cpos=166
  [margins] 2.92 7.01 0.35 1.55 1.60 0.22 1.28 1.82 0.30 1.09 0.78 3.15  K=3
  verify 55: accepted 2/2 (K=3) + correction -> +3 tokens (136.8 ms)  cpos=169
  [margins] 3.90 1.74 5.29 1.35 0.95 0.18 2.10 0.08 4.70 8.11 2.24 1.20  K=4
  verify 56: accepted 3/3 (K=4) + correction -> +4 tokens (150.5 ms)  cpos=173
  [margins] 1.71 4.36 1.29 1.32 3.11 4.41 0.59 4.42 1.74 0.44 0.33 1.87  K=3
  verify 57: accepted 2/2 (K=3) + correction -> +3 tokens (137.2 ms)  cpos=176
  [margins] 3.35 4.03 6.44 1.22 0.63 0.52 1.47 8.99 4.55 2.42 0.98 1.51  K=4
  verify 58: accepted 3/3 (K=4) + correction -> +4 tokens (152.2 ms)  cpos=180
  [margins] 1.13 5.38 0.90 1.99 5.69 2.44 0.64 4.69 3.51 1.23 0.87 0.29  K=3
  verify 59: accepted 2/2 (K=3) + correction -> +3 tokens (132.7 ms)  cpos=183
  [margins] 4.68 2.56 6.18 1.59 1.83 0.58 0.27 3.77 2.86 0.83 2.29 0.33  K=6
  verify 60: accepted 4/5 (K=6) + correction -> +5 tokens (187.6 ms)  cpos=188
  [margins] 1.14 0.70 2.19 0.30 5.58 4.63 2.30 2.04 3.43 0.80 1.05 0.66  K=2
  verify 61: accepted 1/1 (K=2) + correction -> +2 tokens (120.9 ms)  cpos=190
  [margins] 9.12 0.51 0.12 1.20 0.26 5.16 4.47 2.77 1.03 3.25 1.92 1.75  K=2
  verify 62: accepted 1/1 (K=2) + correction -> +2 tokens (124.1 ms)  cpos=192
  [margins] 4.65 2.12 7.83 7.44 6.60 1.06 1.43 0.75 1.17 0.97 4.10 0.44  K=6
  verify 63: accepted 5/5 (K=6) + correction -> +6 tokens (180.7 ms)  cpos=198
  [margins] 0.10 5.82 0.81 2.19 0.88 4.55 0.79 1.14 3.93 1.05 0.19 4.82  K=3
  verify 64: accepted 2/2 (K=3) + correction -> +3 tokens (137.7 ms)  cpos=201
  [margins] 7.90 6.24 4.81 6.41 0.86 2.02 0.12 0.75 0.64 0.17 2.35 2.11  K=5
  verify 65: accepted 4/4 (K=5) + correction -> +5 tokens (163.7 ms)  cpos=206

[spec] generated 201 tokens over 65 verifies: mean tokens/verify = 3.09 (block=12, max 13)
[spec] tokens: 11111 16 455 6102 294 16603 344 29168 16 455 6102 294 14251 344 16235 16 455 6102 294 29585 344 76405 16 455 6102 294 25062 344 40977 16 455 6102 294 10322 344 17575 16 455 6102 294
[spec] LOSSLESS GATE: first 8 tokens match base AR -> PASS
[spec] SPEC-DECODE: 46.3 ms/tok = 21.59 tok/s  (vs base M=1 71.0 ms/tok = 14.08 tok/s -> 1.53x)
[decode] PREFILL: 34 positions in 597.4 ms = 56.9 tok/s (17.571 ms/tok)
[spec] decoding 200 tokens (block=12, draft passes=1, adaptK=1.50, prompt=1 s=35)...
  [margins] 2.41 1.79 1.59 2.47 0.73 0.39 0.31 0.20 1.12 3.00 1.12 0.05  K=5
  verify 1: accepted 0/4 (K=5) + correction -> +1 tokens (152.9 ms)  cpos=35
  [margins] 0.71 2.18 1.36 1.31 4.84 0.23 0.28 3.62 0.85 3.85 1.23 0.81  K=3
  verify 2: accepted 0/2 (K=3) + correction -> +1 tokens (130.7 ms)  cpos=36
  [margins] 1.72 1.61 0.17 0.63 1.80 1.41 1.06 2.67 1.83 1.59 3.04 1.41  K=3
  verify 3: accepted 0/2 (K=3) + correction -> +1 tokens (124.9 ms)  cpos=37
  [margins] 1.39 1.02 2.88 1.75 1.11 1.44 1.29 3.71 1.05 2.06 2.73 1.51  K=2
  verify 4: accepted 1/1 (K=2) + correction -> +2 tokens (113.0 ms)  cpos=39
  [margins] 0.22 0.52 0.44 0.75 0.02 0.22 5.01 1.96 1.04 3.89 1.78 0.56  K=2
  verify 5: accepted 0/1 (K=2) + correction -> +1 tokens (118.9 ms)  cpos=40
  [margins] 0.65 0.84 0.22 2.01 2.79 0.37 0.42 3.34 0.03 3.06 0.06 1.06  K=2
  verify 6: accepted 0/1 (K=2) + correction -> +1 tokens (115.1 ms)  cpos=41
  [margins] 0.99 3.19 0.90 2.19 0.60 2.96 0.32 1.53 0.00 0.54 0.22 2.02  K=3
  verify 7: accepted 2/2 (K=3) + correction -> +3 tokens (130.3 ms)  cpos=44
  [margins] 0.79 1.28 3.45 7.77 1.55 0.79 2.26 1.13 2.06 0.15 0.89 0.77  K=2
  verify 8: accepted 0/1 (K=2) + correction -> +1 tokens (116.9 ms)  cpos=45
  [margins] 6.65 12.66 3.93 3.59 0.31 0.27 0.14 3.78 2.26 0.85 0.33 0.26  K=5
  verify 9: accepted 4/4 (K=5) + correction -> +5 tokens (155.5 ms)  cpos=50
  [margins] 3.49 1.43 0.19 1.69 3.13 4.32 0.36 1.59 1.12 3.91 0.62 0.44  K=2
  verify 10: accepted 1/1 (K=2) + correction -> +2 tokens (119.2 ms)  cpos=52
  [margins] 4.82 4.54 4.37 0.70 1.26 2.25 0.05 1.12 0.63 0.07 1.45 1.22  K=4
  verify 11: accepted 3/3 (K=4) + correction -> +4 tokens (146.1 ms)  cpos=56
  [margins] 3.59 3.18 0.26 0.88 2.14 0.30 2.48 1.10 2.04 0.54 5.15 1.20  K=3
  verify 12: accepted 2/2 (K=3) + correction -> +3 tokens (126.1 ms)  cpos=59
  [margins] 0.29 0.49 0.19 1.41 0.51 2.67 0.01 0.11 2.71 0.74 6.17 0.99  K=2
  verify 13: accepted 0/1 (K=2) + correction -> +1 tokens (120.6 ms)  cpos=60
  [margins] 0.95 1.83 5.91 1.06 0.57 1.16 0.43 0.30 1.06 0.66 0.19 7.70  K=4
  verify 14: accepted 0/3 (K=4) + correction -> +1 tokens (144.5 ms)  cpos=61
  [margins] 1.16 6.06 0.74 0.83 0.20 0.02 1.77 0.06 7.65 1.01 0.31 7.76  K=3
  verify 15: accepted 1/2 (K=3) + correction -> +2 tokens (133.1 ms)  cpos=63
  [margins] 1.16 5.42 0.60 4.62 0.02 0.68 5.10 0.17 4.35 1.01 2.41 7.10  K=3
  verify 16: accepted 0/2 (K=3) + correction -> +1 tokens (133.6 ms)  cpos=64
  [margins] 3.77 0.11 0.95 0.84 0.07 0.20 0.70 0.50 0.82 5.73 0.31 0.16  K=2
  verify 17: accepted 1/1 (K=2) + correction -> +2 tokens (115.3 ms)  cpos=66
  [margins] 1.25 1.36 2.68 4.72 0.49 0.23 3.15 0.54 1.92 1.45 0.10 0.45  K=2
  verify 18: accepted 1/1 (K=2) + correction -> +2 tokens (122.2 ms)  cpos=68
  [margins] 0.73 5.60 0.17 0.09 1.52 0.05 0.48 2.13 0.08 0.83 3.19 1.24  K=3
  verify 19: accepted 2/2 (K=3) + correction -> +3 tokens (129.9 ms)  cpos=71
  [margins] 2.16 2.05 1.48 5.43 0.85 0.39 0.94 0.91 0.89 0.34 0.61 3.71  K=3
  verify 20: accepted 2/2 (K=3) + correction -> +3 tokens (132.6 ms)  cpos=74
  [margins] 7.91 1.47 1.99 0.70 1.99 1.85 0.02 0.08 2.01 1.34 0.16 1.65  K=2
  verify 21: accepted 1/1 (K=2) + correction -> +2 tokens (122.7 ms)  cpos=76
  [margins] 4.13 4.59 2.08 7.08 1.31 0.60 2.70 2.63 4.76 1.77 0.09 1.62  K=5
  verify 22: accepted 4/4 (K=5) + correction -> +5 tokens (158.8 ms)  cpos=81
  [margins] 5.62 6.01 2.91 7.17 0.01 0.92 2.43 0.57 3.16 2.97 0.80 1.05  K=5
  verify 23: accepted 4/4 (K=5) + correction -> +5 tokens (161.5 ms)  cpos=86
  [margins] 6.96 3.21 3.44 2.62 1.51 0.55 0.73 0.77 3.37 2.89 0.62 0.63  K=6
  verify 24: accepted 4/5 (K=6) + correction -> +5 tokens (182.6 ms)  cpos=91
  [margins] 5.63 4.60 4.50 8.59 0.31 1.17 4.59 0.44 3.45 5.65 1.80 1.25  K=5
  verify 25: accepted 4/4 (K=5) + correction -> +5 tokens (165.1 ms)  cpos=96
  [margins] 7.64 4.62 4.70 9.44 1.78 1.18 4.18 4.03 5.32 2.26 2.61 5.99  K=6
  verify 26: accepted 5/5 (K=6) + correction -> +6 tokens (177.1 ms)  cpos=102
  [margins] 10.24 3.62 7.96 8.30 5.96 3.35 3.94 5.39 1.03 2.79 4.44 1.56  K=9
  verify 27: accepted 8/8 (K=9) + correction -> +9 tokens (228.3 ms)  cpos=111
  [margins] 6.06 6.30 4.53 9.14 0.84 2.22 6.95 4.92 7.00 2.89 1.75 3.00  K=5
  verify 28: accepted 4/4 (K=5) + correction -> +5 tokens (166.7 ms)  cpos=116
  [margins] 8.08 8.88 5.17 8.73 0.01 3.95 6.32 2.99 7.16 1.85 3.74 4.34  K=5
  verify 29: accepted 4/4 (K=5) + correction -> +5 tokens (164.5 ms)  cpos=121
  [margins] 5.81 3.80 6.96 6.90 0.33 1.83 4.03 1.81 4.30 2.06 1.82 2.15  K=5
  verify 30: accepted 4/4 (K=5) + correction -> +5 tokens (166.0 ms)  cpos=126
  [margins] 6.28 7.10 7.88 1.01 6.77 1.17 1.64 3.63 4.67 2.13 2.18 0.21  K=4
  verify 31: accepted 3/3 (K=4) + correction -> +4 tokens (166.9 ms)  cpos=130
  [margins] 8.37 4.60 5.52 3.99 7.77 0.66 1.38 3.38 3.67 6.15 5.11 2.07  K=6
  verify 32: accepted 5/5 (K=6) + correction -> +6 tokens (185.0 ms)  cpos=136
  [margins] 6.19 4.98 6.34 9.67 1.06 1.57 5.06 6.24 5.66 1.90 4.05 4.48  K=5
  verify 33: accepted 4/4 (K=5) + correction -> +5 tokens (165.4 ms)  cpos=141
  [margins] 7.54 7.05 6.24 6.53 0.04 1.47 4.96 2.19 4.78 1.11 1.52 3.05  K=5
  verify 34: accepted 4/4 (K=5) + correction -> +5 tokens (164.3 ms)  cpos=146
  [margins] 5.71 3.12 9.37 6.74 5.85 2.18 5.27 5.70 4.57 0.04 1.18 4.49  K=10
  verify 35: accepted 9/9 (K=10) + correction -> +10 tokens (258.8 ms)  cpos=156
  [margins] 6.27 6.36 3.59 8.28 0.08 3.65 5.08 3.98 4.05 1.07 1.72 3.42  K=5
  verify 36: accepted 4/4 (K=5) + correction -> +5 tokens (164.9 ms)  cpos=161
  [margins] 8.06 8.55 4.81 8.61 5.09 1.69 5.22 5.77 4.45 1.83 2.51 3.96  K=13
  verify 37: accepted 9/12 (K=13) + correction -> +10 tokens (315.0 ms)  cpos=171
  [margins] 7.09 4.45 4.87 9.07 3.26 3.59 4.78 5.36 4.86 0.98 0.04 5.46  K=10
  verify 38: accepted 9/9 (K=10) + correction -> +10 tokens (258.0 ms)  cpos=181
  [margins] 4.34 5.93 5.82 9.33 1.93 2.34 5.01 5.66 5.77 1.66 2.62 4.35  K=13
  verify 39: accepted 9/12 (K=13) + correction -> +10 tokens (310.5 ms)  cpos=191
  [margins] 7.77 9.05 5.82 7.75 0.01 3.14 5.66 1.49 3.82 3.90 0.85 3.86  K=5
  verify 40: accepted 4/4 (K=5) + correction -> +5 tokens (171.0 ms)  cpos=196
  [margins] 9.08 8.13 9.81 8.81 6.60 1.89 4.82 8.54 5.49 1.94 3.22 4.21  K=13
  verify 41: accepted 9/12 (K=13) + correction -> +10 tokens (311.5 ms)  cpos=206
  [margins] 7.43 8.18 4.23 1.80 0.35 2.01 6.29 0.37 1.91 0.24 0.69 2.77  K=5
  verify 42: accepted 4/4 (K=5) + correction -> +5 tokens (166.1 ms)  cpos=211
  [margins] 8.76 9.73 8.11 8.68 2.41 2.85 4.06 3.93 5.34 0.14 0.74 6.14  K=10
  verify 43: accepted 9/9 (K=10) + correction -> +10 tokens (259.6 ms)  cpos=221
  [margins] 7.53 5.48 10.20 9.46 1.30 0.50 5.77 5.65 2.45 2.78 1.54 3.27  K=5
  verify 44: accepted 4/4 (K=5) + correction -> +5 tokens (167.1 ms)  cpos=226
  [margins] 11.17 8.48 9.86 6.86 6.14 2.33 5.11 3.81 4.09 1.61 2.61 5.04  K=13
  verify 45: accepted 9/12 (K=13) + correction -> +10 tokens (314.0 ms)  cpos=236

[spec] generated 202 tokens over 45 verifies: mean tokens/verify = 4.49 (block=12, max 13)
[spec] tokens: 4147 554 1926 270 4105 339 43 1114 1926 270 1178 65 50219 4105 418 270 9517 28 4593 1281 106239 3305 1 1 14 223 19 16 23 14 223 20 16 23 14 223 21 16 23 14
[spec] SPEC-DECODE: 37.3 ms/tok = 26.80 tok/s  (vs base M=1 71.0 ms/tok = 14.08 tok/s -> 1.90x)
[decode] PREFILL: 41 positions in 686.4 ms = 59.7 tok/s (16.742 ms/tok)
[spec] decoding 200 tokens (block=12, draft passes=1, adaptK=1.50, prompt=2 s=42)...
  [margins] 7.45 0.05 1.47 4.19 1.82 1.34 3.45 1.62 1.65 3.68 0.36 1.45  K=2
  verify 1: accepted 1/1 (K=2) + correction -> +2 tokens (118.1 ms)  cpos=43
  [margins] 1.14 4.75 2.82 2.14 0.05 0.20 3.17 1.14 4.82 5.26 1.94 0.20  K=5
  verify 2: accepted 4/4 (K=5) + correction -> +5 tokens (151.4 ms)  cpos=48
  [margins] 2.99 4.75 0.91 0.95 1.66 1.02 0.43 3.32 0.69 1.85 3.66 0.65  K=3
  verify 3: accepted 0/2 (K=3) + correction -> +1 tokens (127.9 ms)  cpos=49
  [margins] 2.46 6.24 1.36 0.91 0.56 0.76 3.15 1.19 2.08 3.68 0.46 7.24  K=3
  verify 4: accepted 0/2 (K=3) + correction -> +1 tokens (132.7 ms)  cpos=50
  [margins] 0.29 0.19 0.56 1.04 1.79 0.40 0.56 2.36 0.02 1.09 3.00 0.52  K=2
  verify 5: accepted 0/1 (K=2) + correction -> +1 tokens (112.9 ms)  cpos=51
  [margins] 5.73 2.06 1.06 0.89 2.16 1.30 0.78 3.57 0.02 1.19 1.33 3.76  K=3
  verify 6: accepted 1/2 (K=3) + correction -> +2 tokens (127.9 ms)  cpos=53
  [margins] 1.84 4.54 0.44 3.03 3.15 1.04 1.42 3.22 0.10 0.15 2.33 3.25  K=3
  verify 7: accepted 0/2 (K=3) + correction -> +1 tokens (132.6 ms)  cpos=54
  [margins] 2.45 4.67 1.21 0.63 0.86 2.71 0.04 2.32 3.62 0.29 1.14 0.13  K=3
  verify 8: accepted 2/2 (K=3) + correction -> +3 tokens (131.8 ms)  cpos=57
  [margins] 2.51 7.08 0.28 4.36 1.84 4.58 3.84 0.52 4.45 4.12 0.03 2.04  K=3
  verify 9: accepted 0/2 (K=3) + correction -> +1 tokens (134.0 ms)  cpos=58
  [margins] 5.14 4.70 0.43 4.85 2.87 0.16 3.67 4.48 0.75 3.72 3.20 0.27  K=3
  verify 10: accepted 2/2 (K=3) + correction -> +3 tokens (132.4 ms)  cpos=61
  [margins] 1.36 6.46 0.32 3.89 5.46 1.31 8.26 5.45 0.86 6.39 6.96 0.48  K=3
  verify 11: accepted 0/2 (K=3) + correction -> +1 tokens (135.1 ms)  cpos=62
  [margins] 0.55 7.02 7.03 0.58 6.37 1.35 4.84 5.79 0.16 5.99 4.86 0.37  K=4
  verify 12: accepted 0/3 (K=4) + correction -> +1 tokens (145.8 ms)  cpos=63
  [margins] 4.53 0.63 0.25 1.91 8.22 6.41 0.83 5.55 6.79 0.84 5.09 7.63  K=2
  verify 13: accepted 1/1 (K=2) + correction -> +2 tokens (122.0 ms)  cpos=65
  [margins] 1.88 4.33 3.73 7.52 1.71 8.63 4.79 0.49 6.69 6.50 0.04 5.27  K=8
  verify 14: accepted 0/7 (K=8) + correction -> +1 tokens (205.6 ms)  cpos=66
  [margins] 0.25 4.55 1.76 5.95 1.61 7.53 6.75 0.79 6.98 6.68 0.12 1.90  K=8
  verify 15: accepted 2/7 (K=8) + correction -> +3 tokens (203.5 ms)  cpos=69
  [margins] 1.96 7.49 3.91 0.35 3.49 4.22 0.31 8.43 5.97 0.20 6.16 7.25  K=4
  verify 16: accepted 2/3 (K=4) + correction -> +3 tokens (147.6 ms)  cpos=72
  [margins] 2.82 1.05 0.30 2.92 0.31 4.90 0.63 6.07 4.47 0.52 0.20 7.87  K=2
  verify 17: accepted 1/1 (K=2) + correction -> +2 tokens (115.7 ms)  cpos=74
  [margins] 3.45 4.68 2.43 2.73 2.15 0.01 7.80 1.99 0.29 5.69 6.22 0.13  K=6
  verify 18: accepted 1/5 (K=6) + correction -> +2 tokens (179.9 ms)  cpos=76
  [margins] 9.15 4.49 5.19 0.85 0.12 0.39 2.27 0.82 4.75 5.99 0.23 6.95  K=4
  verify 19: accepted 2/3 (K=4) + correction -> +3 tokens (144.1 ms)  cpos=79
  [margins] 17.54 13.43 7.54 6.15 1.97 7.26 0.12 2.01 2.41 1.32 1.43 7.53  K=7
  verify 20: accepted 4/6 (K=7) + correction -> +5 tokens (196.5 ms)  cpos=84
  [margins] 16.78 10.74 0.26 1.60 1.06 1.70 2.91 3.27 2.21 7.20 2.24 3.71  K=3
  verify 21: accepted 2/2 (K=3) + correction -> +3 tokens (131.1 ms)  cpos=87
  [margins] 10.81 15.33 13.06 4.10 10.06 9.94 8.88 3.94 8.11 0.05 0.91 0.48  K=10
  verify 22: accepted 7/9 (K=10) + correction -> +8 tokens (252.2 ms)  cpos=95
  [margins] 16.05 12.66 9.53 1.42 1.24 7.26 2.54 1.39 4.34 1.58 4.62 1.82  K=4
  verify 23: accepted 3/3 (K=4) + correction -> +4 tokens (148.7 ms)  cpos=99
  [margins] 13.06 14.82 8.42 5.06 0.41 2.34 8.42 1.57 1.21 5.59 0.66 0.04  K=5
  verify 24: accepted 4/4 (K=5) + correction -> +5 tokens (167.1 ms)  cpos=104
  [margins] 14.28 8.21 1.74 0.19 3.28 0.19 2.69 0.98 1.15 2.68 0.89 1.36  K=4
  verify 25: accepted 2/3 (K=4) + correction -> +3 tokens (149.4 ms)  cpos=107
  [margins] 11.80 12.39 6.53 3.37 1.24 8.98 1.58 1.28 1.81 0.80 0.23 5.93  K=5
  verify 26: accepted 4/4 (K=5) + correction -> +5 tokens (163.2 ms)  cpos=112
  [margins] 13.72 7.74 4.24 6.47 0.15 0.34 9.99 0.43 1.89 1.12 1.27 0.20  K=5
  verify 27: accepted 2/4 (K=5) + correction -> +3 tokens (161.8 ms)  cpos=115
  [margins] 10.90 10.49 9.11 4.44 0.87 3.18 6.45 2.92 2.44 1.27 2.95 0.88  K=5
  verify 28: accepted 4/4 (K=5) + correction -> +5 tokens (166.2 ms)  cpos=120
  [margins] 9.29 13.26 11.19 0.60 1.93 1.95 5.53 2.61 8.02 0.17 0.95 2.57  K=4
  verify 29: accepted 3/3 (K=4) + correction -> +4 tokens (150.7 ms)  cpos=124
  [margins] 13.06 14.94 9.67 8.11 2.04 5.44 4.93 7.29 5.47 0.07 3.10 0.87  K=10
  verify 30: accepted 4/9 (K=10) + correction -> +5 tokens (263.4 ms)  cpos=129
  [margins] 8.91 8.68 9.87 7.54 3.31 3.41 6.04 1.69 0.96 3.75 1.07 2.16  K=9
  verify 31: accepted 8/8 (K=9) + correction -> +9 tokens (232.6 ms)  cpos=138
  [margins] 17.28 10.55 12.48 7.48 2.21 0.34 2.14 0.45 0.89 2.97 2.02 0.01  K=6
  verify 32: accepted 5/5 (K=6) + correction -> +6 tokens (184.2 ms)  cpos=144
  [margins] 12.34 11.15 7.95 0.45 0.73 1.52 1.31 0.30 2.98 1.40 3.03 0.97  K=4
  verify 33: accepted 3/3 (K=4) + correction -> +4 tokens (150.0 ms)  cpos=148
  [margins] 15.33 14.74 9.55 3.72 7.40 2.98 5.81 5.16 2.00 1.32 2.48 0.75  K=10
  verify 34: accepted 8/9 (K=10) + correction -> +9 tokens (254.8 ms)  cpos=157
  [margins] 6.58 8.97 4.83 7.44 1.26 2.46 1.82 0.88 3.96 1.68 3.49 1.22  K=5
  verify 35: accepted 4/4 (K=5) + correction -> +5 tokens (158.8 ms)  cpos=162
  [margins] 16.63 4.26 2.34 2.49 5.22 0.53 0.17 0.28 6.63 4.23 2.78 3.55  K=6
  verify 36: accepted 1/5 (K=6) + correction -> +2 tokens (182.1 ms)  cpos=164
  [margins] 13.46 8.77 0.16 0.24 1.03 6.41 3.11 2.37 0.63 4.03 5.86 2.47  K=3
  verify 37: accepted 2/2 (K=3) + correction -> +3 tokens (134.9 ms)  cpos=167
  [margins] 14.67 12.25 10.84 8.38 2.20 4.23 10.21 6.67 2.84 0.56 1.71 3.57  K=10
  verify 38: accepted 4/9 (K=10) + correction -> +5 tokens (257.9 ms)  cpos=172
  [margins] 17.83 6.25 7.47 6.40 1.39 0.22 0.47 1.04 1.04 1.12 4.49 5.00  K=5
  verify 39: accepted 4/4 (K=5) + correction -> +5 tokens (163.9 ms)  cpos=177
  [margins] 15.24 13.11 10.41 8.96 4.54 2.06 3.51 0.76 2.32 0.46 0.13 0.30  K=8
  verify 40: accepted 6/7 (K=8) + correction -> +7 tokens (216.5 ms)  cpos=184
  [margins] 18.85 11.14 3.09 13.75 5.05 8.75 4.48 0.27 0.66 4.07 3.42 2.29  K=8
  verify 41: accepted 7/7 (K=8) + correction -> +8 tokens (217.7 ms)  cpos=192
  [margins] 15.55 3.35 1.85 5.34 0.73 0.57 2.40 1.73 0.45 1.82 0.68 1.11  K=5
  verify 42: accepted 4/4 (K=5) + correction -> +5 tokens (165.1 ms)  cpos=197
  [margins] 12.79 11.33 3.90 6.39 3.23 3.75 5.35 1.36 2.19 0.17 6.36 1.08  K=8
  verify 43: accepted 6/7 (K=8) + correction -> +7 tokens (217.5 ms)  cpos=204
  [margins] 21.50 9.09 1.32 0.37 2.37 1.75 1.12 1.30 1.18 2.69 3.45 2.07  K=3
  verify 44: accepted 2/2 (K=3) + correction -> +3 tokens (135.5 ms)  cpos=207
  [margins] 10.61 7.40 6.06 4.08 5.08 3.51 3.65 0.43 1.26 0.49 0.96 3.33  K=8
  verify 45: accepted 5/7 (K=8) + correction -> +6 tokens (213.6 ms)  cpos=213
  [margins] 18.36 14.42 8.97 13.93 0.12 4.80 8.29 2.59 3.00 6.30 4.57 1.14  K=5
  verify 46: accepted 4/4 (K=5) + correction -> +5 tokens (162.5 ms)  cpos=218
  [margins] 23.50 12.68 10.35 14.57 0.16 2.10 0.10 3.69 1.22 4.55 1.35 1.46  K=5
  verify 47: accepted 4/4 (K=5) + correction -> +5 tokens (165.6 ms)  cpos=223
  [margins] 21.94 15.75 9.71 15.46 2.67 1.98 5.34 2.96 3.71 14.45 3.55 1.87  K=13
  verify 48: accepted 4/12 (K=13) + correction -> +5 tokens (317.4 ms)  cpos=228
  [margins] 20.88 15.77 5.63 13.48 4.66 4.90 1.08 5.17 2.89 0.95 6.13 4.78  K=7
  verify 49: accepted 6/6 (K=7) + correction -> +7 tokens (201.1 ms)  cpos=235
  [margins] 9.87 21.87 6.53 3.89 2.47 2.20 1.55 0.10 0.04 1.75 2.76 3.31  K=8
  verify 50: accepted 4/7 (K=8) + correction -> +5 tokens (223.1 ms)  cpos=240
  [margins] 6.48 21.65 2.26 0.21 2.68 1.17 0.32 14.29 1.32 1.24 2.47 4.30  K=4
  verify 51: accepted 2/3 (K=4) + correction -> +3 tokens (153.7 ms)  cpos=243

[spec] generated 202 tokens over 51 verifies: mean tokens/verify = 3.96 (block=12, max 13)
[spec] tokens: 1 1 1 1 1 1 50 1697 1 16 1 50 1697 16 1 50 1697 16 1 50 1697 16 1 50 1697 16 1 50 1697 16 20692 50 1697 16 791 50 1697 4394 1015 50
[spec] SPEC-DECODE: 43.2 ms/tok = 23.14 tok/s  (vs base M=1 71.0 ms/tok = 14.08 tok/s -> 1.64x)
[decode] PREFILL: 26 positions in 455.7 ms = 57.1 tok/s (17.526 ms/tok)
[spec] decoding 200 tokens (block=12, draft passes=1, adaptK=1.50, prompt=3 s=27)...
  [margins] 1.34 1.01 2.04 0.21 0.88 3.78 0.16 0.63 2.85 0.42 0.39 2.88  K=2
  verify 1: accepted 1/1 (K=2) + correction -> +2 tokens (120.9 ms)  cpos=28
  [margins] 5.79 0.22 2.96 0.12 0.63 0.63 0.62 1.28 0.66 3.40 1.73 0.04  K=2
  verify 2: accepted 1/1 (K=2) + correction -> +2 tokens (117.5 ms)  cpos=30
  [margins] 2.86 1.13 0.05 0.13 2.29 0.75 0.00 3.89 0.14 4.01 2.46 0.33  K=2
  verify 3: accepted 1/1 (K=2) + correction -> +2 tokens (121.0 ms)  cpos=32
  [margins] 2.27 0.68 0.70 3.36 0.68 2.07 4.02 0.35 2.58 3.52 0.23 5.15  K=2
  verify 4: accepted 1/1 (K=2) + correction -> +2 tokens (117.0 ms)  cpos=34
  [margins] 3.27 0.15 4.23 2.90 0.61 3.78 4.16 0.18 3.91 4.10 0.03 2.31  K=2
  verify 5: accepted 1/1 (K=2) + correction -> +2 tokens (120.9 ms)  cpos=36
  [margins] 2.88 2.61 2.62 0.84 2.39 1.05 6.11 3.24 0.31 5.45 4.32 0.26  K=4
  verify 6: accepted 3/3 (K=4) + correction -> +4 tokens (136.3 ms)  cpos=40
  [margins] 2.20 4.15 2.81 3.33 3.05 0.71 3.24 0.32 7.09 3.65 0.50 5.51  K=6
  verify 7: accepted 5/5 (K=6) + correction -> +6 tokens (161.6 ms)  cpos=46
  [margins] 0.39 5.38 3.20 4.06 2.54 0.37 2.80 0.35 8.21 3.26 0.19 7.99  K=6
  verify 8: accepted 5/5 (K=6) + correction -> +6 tokens (167.7 ms)  cpos=52
  [margins] 0.89 12.35 1.07 4.28 3.01 0.68 3.17 0.19 8.93 3.30 0.07 8.17  K=3
  verify 9: accepted 0/2 (K=3) + correction -> +1 tokens (125.3 ms)  cpos=53
  [margins] 5.15 4.07 4.58 3.03 1.91 3.36 0.16 8.65 3.50 0.69 6.96 2.84  K=7
  verify 10: accepted 6/6 (K=7) + correction -> +7 tokens (183.3 ms)  cpos=60
  [margins] 1.24 12.22 1.25 3.76 3.63 0.02 9.70 3.73 0.14 9.69 4.61 0.44  K=3
  verify 11: accepted 0/2 (K=3) + correction -> +1 tokens (126.2 ms)  cpos=61
  [margins] 5.09 4.80 5.09 3.67 1.99 3.74 1.03 9.00 3.16 0.05 8.16 4.31  K=7
  verify 12: accepted 6/6 (K=7) + correction -> +7 tokens (182.3 ms)  cpos=68
  [margins] 0.44 12.57 2.05 3.36 3.48 0.50 9.04 4.93 0.40 8.38 5.30 0.35  K=6
  verify 13: accepted 0/5 (K=6) + correction -> +1 tokens (168.0 ms)  cpos=69
  [margins] 5.87 4.58 5.35 3.17 1.68 3.96 0.38 7.41 3.06 1.38 7.18 4.68  K=7
  verify 14: accepted 5/6 (K=7) + correction -> +6 tokens (184.5 ms)  cpos=75
  [margins] 7.69 2.40 3.01 2.38 0.54 2.77 0.25 7.27 2.92 0.09 7.77 3.78  K=5
  verify 15: accepted 0/4 (K=5) + correction -> +1 tokens (158.9 ms)  cpos=76
  [margins] 1.03 4.61 0.24 0.55 0.14 0.80 1.07 0.25 0.82 2.47 1.58 0.26  K=3
  verify 16: accepted 0/2 (K=3) + correction -> +1 tokens (128.6 ms)  cpos=77
  [margins] 1.16 3.26 0.09 1.52 0.00 1.62 0.25 1.21 1.17 0.85 0.61 4.50  K=3
  verify 17: accepted 2/2 (K=3) + correction -> +3 tokens (131.8 ms)  cpos=80
  [margins] 0.93 2.09 1.84 3.51 0.67 2.07 3.30 1.76 2.14 3.82 1.58 1.82  K=5
  verify 18: accepted 0/4 (K=5) + correction -> +1 tokens (155.0 ms)  cpos=81
  [margins] 1.01 0.40 1.81 1.84 2.95 0.39 0.48 0.10 0.04 0.37 0.71 0.46  K=2
  verify 19: accepted 1/1 (K=2) + correction -> +2 tokens (116.4 ms)  cpos=83
  [margins] 1.44 1.19 0.80 0.26 0.30 0.42 0.16 1.03 1.98 0.66 0.83 1.51  K=2
  verify 20: accepted 1/1 (K=2) + correction -> +2 tokens (119.5 ms)  cpos=85
  [margins] 4.64 0.94 0.96 2.06 1.81 0.03 5.44 0.64 0.87 0.16 2.37 1.09  K=2
  verify 21: accepted 1/1 (K=2) + correction -> +2 tokens (116.3 ms)  cpos=87
  [margins] 3.67 3.14 0.34 1.97 1.29 1.52 3.55 0.74 1.47 0.56 3.11 0.88  K=3
  verify 22: accepted 1/2 (K=3) + correction -> +2 tokens (133.4 ms)  cpos=89
  [margins] 1.11 2.94 0.05 0.78 0.02 0.28 0.31 0.46 2.92 1.03 2.35 2.38  K=3
  verify 23: accepted 2/2 (K=3) + correction -> +3 tokens (132.3 ms)  cpos=92
  [margins] 3.74 1.94 0.15 2.75 4.01 0.09 0.32 3.00 2.18 0.31 1.36 1.93  K=3
  verify 24: accepted 2/2 (K=3) + correction -> +3 tokens (128.4 ms)  cpos=95
  [margins] 7.13 2.03 2.68 1.71 0.15 1.55 4.36 5.02 1.46 2.50 2.42 0.99  K=5
  verify 25: accepted 4/4 (K=5) + correction -> +5 tokens (164.5 ms)  cpos=100
  [margins] 0.97 0.09 0.01 2.93 0.24 3.06 0.03 2.14 0.73 3.45 1.15 0.58  K=2
  verify 26: accepted 1/1 (K=2) + correction -> +2 tokens (115.3 ms)  cpos=102
  [margins] 0.17 1.75 2.52 0.73 2.46 7.34 1.94 0.19 5.34 1.38 1.02 5.58  K=4
  verify 27: accepted 3/3 (K=4) + correction -> +4 tokens (143.9 ms)  cpos=106
  [margins] 7.84 5.53 1.82 6.38 2.71 2.14 1.29 4.73 3.91 3.33 2.55 3.33  K=7
  verify 28: accepted 6/6 (K=7) + correction -> +7 tokens (194.4 ms)  cpos=113
  [margins] 0.13 4.06 4.98 0.61 5.04 4.84 1.25 1.33 3.39 3.11 0.95 2.10  K=4
  verify 29: accepted 0/3 (K=4) + correction -> +1 tokens (145.9 ms)  cpos=114
  [margins] 0.69 9.58 0.48 3.02 5.92 2.96 3.16 4.36 1.74 4.02 4.13 1.71  K=3
  verify 30: accepted 2/2 (K=3) + correction -> +3 tokens (132.8 ms)  cpos=117
  [margins] 0.34 1.65 0.54 6.89 1.25 1.03 7.40 1.01 0.67 6.27 2.77 0.92  K=3
  verify 31: accepted 0/2 (K=3) + correction -> +1 tokens (135.1 ms)  cpos=118
  [margins] 6.64 8.68 1.60 5.16 5.47 0.80 3.19 0.36 1.94 6.05 5.32 1.00  K=6
  verify 32: accepted 5/5 (K=6) + correction -> +6 tokens (186.6 ms)  cpos=124
  [margins] 8.53 6.64 12.25 6.25 2.88 0.03 1.21 5.14 8.30 0.44 2.14 0.19  K=6
  verify 33: accepted 5/5 (K=6) + correction -> +6 tokens (189.7 ms)  cpos=130
  [margins] 10.75 9.97 12.70 1.07 1.17 5.33 0.82 3.87 8.63 1.56 1.68 1.19  K=4
  verify 34: accepted 3/3 (K=4) + correction -> +4 tokens (150.2 ms)  cpos=134
  [margins] 0.90 0.77 2.00 1.01 0.72 0.25 1.20 0.73 0.43 0.24 1.34 0.37  K=2
  verify 35: accepted 1/1 (K=2) + correction -> +2 tokens (127.4 ms)  cpos=136
  [margins] 2.07 4.93 2.26 4.05 1.68 1.65 3.12 1.90 3.76 0.10 1.11 0.42  K=10
  verify 36: accepted 0/9 (K=10) + correction -> +1 tokens (240.9 ms)  cpos=137
  [margins] 0.19 0.83 6.91 0.13 2.94 0.62 0.85 5.27 3.35 0.45 4.31 1.43  K=2
  verify 37: accepted 0/1 (K=2) + correction -> +1 tokens (118.8 ms)  cpos=138
  [margins] 1.35 3.06 0.20 1.27 3.22 0.28 1.41 0.20 1.72 1.77 1.01 0.12  K=3
  verify 38: accepted 1/2 (K=3) + correction -> +2 tokens (133.6 ms)  cpos=140
  [margins] 4.76 2.89 0.93 0.06 0.63 2.44 1.72 0.43 0.15 2.11 1.70 0.55  K=3
  verify 39: accepted 0/2 (K=3) + correction -> +1 tokens (131.2 ms)  cpos=141
  [margins] 2.56 0.59 1.43 0.47 1.06 0.37 0.83 1.56 0.44 0.07 1.04 0.12  K=2
  verify 40: accepted 1/1 (K=2) + correction -> +2 tokens (117.9 ms)  cpos=143
  [margins] 0.88 0.83 1.28 0.59 1.01 4.21 0.15 1.20 2.19 0.03 0.56 0.48  K=2
  verify 41: accepted 0/1 (K=2) + correction -> +1 tokens (123.3 ms)  cpos=144
  [margins] 0.84 2.16 1.55 1.68 0.81 0.58 2.20 1.81 0.24 0.06 1.26 1.62  K=5
  verify 42: accepted 1/4 (K=5) + correction -> +2 tokens (159.4 ms)  cpos=146
  [margins] 5.92 1.08 1.68 0.43 2.63 0.92 1.58 0.08 0.54 0.00 1.21 1.54  K=2
  verify 43: accepted 1/1 (K=2) + correction -> +2 tokens (122.9 ms)  cpos=148
  [margins] 0.38 1.02 2.75 2.79 1.67 0.48 0.10 1.76 1.08 0.48 0.99 0.39  K=2
  verify 44: accepted 1/1 (K=2) + correction -> +2 tokens (117.0 ms)  cpos=150
  [margins] 1.40 0.79 0.24 2.22 0.30 3.52 1.82 0.87 0.10 0.37 2.40 0.02  K=2
  verify 45: accepted 1/1 (K=2) + correction -> +2 tokens (120.4 ms)  cpos=152
  [margins] 3.41 0.13 0.33 1.76 0.04 0.16 2.01 0.20 2.39 1.05 0.71 1.54  K=2
  verify 46: accepted 1/1 (K=2) + correction -> +2 tokens (118.1 ms)  cpos=154
  [margins] 1.06 0.13 3.04 0.14 1.79 0.47 0.14 0.31 2.30 1.51 3.67 0.62  K=2
  verify 47: accepted 1/1 (K=2) + correction -> +2 tokens (122.8 ms)  cpos=156
  [margins] 5.27 0.69 0.95 0.71 0.98 0.58 0.79 1.14 0.22 0.10 0.13 0.27  K=2
  verify 48: accepted 1/1 (K=2) + correction -> +2 tokens (118.3 ms)  cpos=158
  [margins] 3.11 2.20 1.83 0.98 1.32 2.57 0.02 0.65 0.97 0.74 2.23 0.12  K=4
  verify 49: accepted 3/3 (K=4) + correction -> +4 tokens (150.4 ms)  cpos=162
  [margins] 6.34 1.44 0.43 0.12 1.24 0.09 2.76 0.19 0.18 1.11 0.62 4.95  K=2
  verify 50: accepted 1/1 (K=2) + correction -> +2 tokens (122.1 ms)  cpos=164
  [margins] 0.24 0.53 2.63 0.92 0.59 1.40 0.55 0.73 1.51 1.25 0.54 4.73  K=2
  verify 51: accepted 0/1 (K=2) + correction -> +1 tokens (119.8 ms)  cpos=165
  [margins] 4.13 2.02 2.80 0.56 1.82 0.78 1.80 2.21 0.06 1.52 0.86 2.54  K=4
  verify 52: accepted 2/3 (K=4) + correction -> +3 tokens (147.2 ms)  cpos=168
  [margins] 5.13 2.24 6.10 4.33 0.85 0.47 0.89 2.30 0.39 2.50 1.62 3.18  K=5
  verify 53: accepted 4/4 (K=5) + correction -> +5 tokens (162.5 ms)  cpos=173
  [margins] 0.42 6.47 1.06 0.29 0.70 2.35 0.92 1.24 1.34 2.02 0.47 1.90  K=3
  verify 54: accepted 0/2 (K=3) + correction -> +1 tokens (134.4 ms)  cpos=174
  [margins] 0.19 2.96 0.20 3.39 3.87 0.72 3.22 2.90 0.87 0.97 0.54 2.69  K=3
  verify 55: accepted 0/2 (K=3) + correction -> +1 tokens (137.1 ms)  cpos=175
  [margins] 0.67 0.70 2.63 0.83 0.39 0.81 0.80 1.71 1.91 0.52 0.01 4.27  K=2
  verify 56: accepted 1/1 (K=2) + correction -> +2 tokens (125.4 ms)  cpos=177
  [margins] 5.32 1.48 1.50 3.33 2.41 1.69 2.14 2.63 0.78 2.31 4.93 0.07  K=2
  verify 57: accepted 1/1 (K=2) + correction -> +2 tokens (119.0 ms)  cpos=179
  [margins] 3.56 2.67 0.10 0.42 0.07 0.61 0.96 2.39 0.68 2.68 4.13 1.99  K=3
  verify 58: accepted 1/2 (K=3) + correction -> +2 tokens (136.5 ms)  cpos=181
  [margins] 4.93 1.12 0.37 1.87 0.06 2.42 1.27 3.08 3.09 0.30 0.26 4.99  K=2
  verify 59: accepted 1/1 (K=2) + correction -> +2 tokens (118.4 ms)  cpos=183
  [margins] 5.78 4.99 5.73 2.75 8.23 1.89 0.41 1.18 6.10 0.01 3.75 0.71  K=7
  verify 60: accepted 2/6 (K=7) + correction -> +3 tokens (197.7 ms)  cpos=186
  [margins] 3.20 2.80 2.33 0.48 0.99 1.91 1.72 0.59 4.42 0.82 1.95 3.88  K=4
  verify 61: accepted 3/3 (K=4) + correction -> +4 tokens (149.2 ms)  cpos=190
  [margins] 2.16 0.58 4.51 0.14 4.77 0.43 0.01 2.90 4.14 1.22 3.65 3.96  K=2
  verify 62: accepted 1/1 (K=2) + correction -> +2 tokens (123.6 ms)  cpos=192
  [margins] 6.04 0.18 1.31 2.11 2.75 1.55 0.65 1.30 0.84 1.62 3.69 3.66  K=2
  verify 63: accepted 1/1 (K=2) + correction -> +2 tokens (118.1 ms)  cpos=194
  [margins] 0.26 2.22 3.04 0.02 3.02 2.29 2.06 1.22 0.75 2.28 1.70 2.81  K=4
  verify 64: accepted 0/3 (K=4) + correction -> +1 tokens (149.5 ms)  cpos=195
  [margins] 1.20 0.15 0.09 0.36 2.07 0.55 2.35 3.25 0.39 1.00 0.60 1.41  K=2
  verify 65: accepted 1/1 (K=2) + correction -> +2 tokens (122.7 ms)  cpos=197
  [margins] 0.71 1.43 7.33 1.68 4.58 2.34 1.17 0.28 4.67 0.14 1.51 4.64  K=2
  verify 66: accepted 0/1 (K=2) + correction -> +1 tokens (118.7 ms)  cpos=198
  [margins] 0.00 1.53 0.56 0.23 4.70 1.71 0.01 2.78 0.15 2.25 0.19 1.25  K=3
  verify 67: accepted 1/2 (K=3) + correction -> +2 tokens (134.8 ms)  cpos=200
  [margins] 6.84 4.32 2.48 3.07 4.03 2.10 3.10 0.18 0.65 1.36 4.05 0.89  K=8
  verify 68: accepted 4/7 (K=8) + correction -> +5 tokens (211.9 ms)  cpos=205
  [margins] 1.97 0.44 0.48 1.96 1.69 4.54 1.33 1.55 1.72 2.60 3.09 2.89  K=2
  verify 69: accepted 1/1 (K=2) + correction -> +2 tokens (118.0 ms)  cpos=207
  [margins] 2.65 2.96 1.83 2.98 5.30 1.20 4.53 4.11 0.36 0.96 0.05 0.44  K=6
  verify 70: accepted 0/5 (K=6) + correction -> +1 tokens (184.0 ms)  cpos=208
  [margins] 10.02 0.23 0.72 1.08 1.29 1.87 5.87 2.39 0.41 0.11 2.23 0.34  K=2
  verify 71: accepted 1/1 (K=2) + correction -> +2 tokens (119.4 ms)  cpos=210
  [margins] 2.97 2.43 4.63 1.89 7.08 1.50 0.98 0.16 5.73 0.26 1.53 4.14  K=7
  verify 72: accepted 2/6 (K=7) + correction -> +3 tokens (197.6 ms)  cpos=213
  [margins] 0.64 0.12 1.15 1.03 0.95 0.08 1.47 4.00 1.65 2.11 0.70 1.85  K=2
  verify 73: accepted 1/1 (K=2) + correction -> +2 tokens (117.8 ms)  cpos=215
  [margins] 3.81 1.08 3.36 0.35 0.11 2.49 1.10 2.73 1.32 3.22 0.90 5.90  K=2
  verify 74: accepted 1/1 (K=2) + correction -> +2 tokens (125.5 ms)  cpos=217
  [margins] 11.73 3.25 0.41 0.12 2.07 0.34 1.31 1.71 1.71 2.39 0.65 1.18  K=3
  verify 75: accepted 2/2 (K=3) + correction -> +3 tokens (136.3 ms)  cpos=220
  [margins] 4.51 2.83 2.54 1.20 1.83 0.73 3.18 1.75 0.23 0.72 1.55 0.29  K=4
  verify 76: accepted 0/3 (K=4) + correction -> +1 tokens (151.2 ms)  cpos=221
  [margins] 10.32 3.19 2.43 0.54 1.53 0.06 1.13 0.52 0.47 3.10 0.51 4.10  K=4
  verify 77: accepted 3/3 (K=4) + correction -> +4 tokens (149.8 ms)  cpos=225
  [margins] 11.86 5.16 1.50 1.20 1.21 2.08 0.96 1.15 5.37 3.23 0.73 0.58  K=4
  verify 78: accepted 2/3 (K=4) + correction -> +3 tokens (151.4 ms)  cpos=228

[spec] generated 202 tokens over 78 verifies: mean tokens/verify = 2.59 (block=12, max 13)
[spec] tokens: 1 16 1 16 1 16 1 16 1 16 1 16 1 16 1 16 1 16 1 16 1 16 1 16 1 16 1 16 1 16 1 16 1 16 1 16 1 16 1 16
[spec] SPEC-DECODE: 54.6 ms/tok = 18.33 tok/s  (vs base M=1 71.0 ms/tok = 14.08 tok/s -> 1.30x)
[decode] PREFILL: 14 positions in 283.7 ms = 49.3 tok/s (20.266 ms/tok)
[spec] decoding 200 tokens (block=12, draft passes=1, adaptK=1.50, prompt=4 s=15)...
  [margins] 0.51 9.12 4.64 3.72 4.09 7.20 0.70 4.99 3.79 7.36 0.41 5.42  K=7
  verify 1: accepted 0/6 (K=7) + correction -> +1 tokens (189.3 ms)  cpos=15
  [margins] 0.01 2.10 0.22 1.02 0.36 0.92 1.93 0.38 2.04 0.46 2.09 0.68  K=3
  verify 2: accepted 1/2 (K=3) + correction -> +2 tokens (129.4 ms)  cpos=17
  [margins] 0.85 0.20 0.73 2.68 1.18 0.22 1.67 0.40 0.74 0.97 0.37 0.55  K=2
  verify 3: accepted 0/1 (K=2) + correction -> +1 tokens (113.5 ms)  cpos=18
  [margins] 1.54 0.30 0.16 0.26 0.45 0.19 0.25 2.00 0.19 0.19 2.54 1.97  K=2
  verify 4: accepted 1/1 (K=2) + correction -> +2 tokens (117.0 ms)  cpos=20
  [margins] 0.89 1.05 0.12 1.01 0.60 0.28 0.94 0.26 0.04 1.36 1.27 0.70  K=2
  verify 5: accepted 1/1 (K=2) + correction -> +2 tokens (112.0 ms)  cpos=22
  [margins] 2.00 1.24 0.42 0.25 0.00 0.99 0.87 0.36 2.06 0.34 0.21 0.28  K=2
  verify 6: accepted 1/1 (K=2) + correction -> +2 tokens (119.0 ms)  cpos=24
  [margins] 0.35 0.82 0.29 0.52 4.07 0.73 1.04 0.87 0.60 0.21 0.19 0.06  K=2
  verify 7: accepted 0/1 (K=2) + correction -> +1 tokens (114.3 ms)  cpos=25
  [margins] 0.45 0.59 0.16 0.24 1.04 0.52 0.28 0.30 0.47 0.21 0.19 0.29  K=2
  verify 8: accepted 1/1 (K=2) + correction -> +2 tokens (113.9 ms)  cpos=27
  [margins] 0.50 0.95 0.42 0.10 0.82 0.15 0.11 0.95 0.74 0.92 0.69 1.30  K=2
  verify 9: accepted 1/1 (K=2) + correction -> +2 tokens (122.1 ms)  cpos=29
  [margins] 4.68 3.56 0.51 1.78 1.45 3.58 1.94 0.01 0.82 1.50 2.84 0.13  K=3
  verify 10: accepted 2/2 (K=3) + correction -> +3 tokens (130.8 ms)  cpos=32
  [margins] 1.93 0.53 0.94 0.77 2.63 0.19 0.96 0.20 3.96 0.05 0.15 0.10  K=2
  verify 11: accepted 1/1 (K=2) + correction -> +2 tokens (112.7 ms)  cpos=34
  [margins] 1.35 1.07 1.66 1.06 0.01 1.37 0.80 0.50 1.48 0.16 0.28 1.73  K=2
  verify 12: accepted 1/1 (K=2) + correction -> +2 tokens (117.6 ms)  cpos=36
  [margins] 0.44 0.40 10.89 0.14 1.07 0.85 0.03 0.71 1.17 1.83 0.37 0.76  K=2
  verify 13: accepted 0/1 (K=2) + correction -> +1 tokens (113.6 ms)  cpos=37
  [margins] 0.49 3.37 2.19 0.22 2.19 1.58 1.01 2.22 0.56 0.08 2.89 1.89  K=4
  verify 14: accepted 1/3 (K=4) + correction -> +2 tokens (144.0 ms)  cpos=39
  [margins] 2.66 0.96 0.65 1.04 0.87 1.48 0.21 1.26 1.43 1.94 0.01 0.29  K=2
  verify 15: accepted 0/1 (K=2) + correction -> +1 tokens (117.9 ms)  cpos=40
  [margins] 2.65 2.66 2.43 0.05 1.09 0.09 1.18 0.38 0.15 0.97 0.60 0.57  K=4
  verify 16: accepted 1/3 (K=4) + correction -> +2 tokens (145.0 ms)  cpos=42
  [margins] 0.61 0.96 0.33 2.94 0.29 0.22 0.17 0.17 1.49 0.47 0.77 4.18  K=2
  verify 17: accepted 0/1 (K=2) + correction -> +1 tokens (120.1 ms)  cpos=43
  [margins] 2.54 0.80 6.54 0.16 0.68 1.71 0.27 0.44 0.28 3.89 0.95 0.73  K=2
  verify 18: accepted 1/1 (K=2) + correction -> +2 tokens (119.7 ms)  cpos=45
  [margins] 2.40 1.12 0.66 1.33 0.80 0.17 0.84 1.16 0.73 1.31 1.37 0.05  K=2
  verify 19: accepted 1/1 (K=2) + correction -> +2 tokens (116.1 ms)  cpos=47
  [margins] 2.26 5.48 3.62 1.76 3.19 1.09 1.64 6.07 2.48 1.18 4.31 1.37  K=6
  verify 20: accepted 3/5 (K=6) + correction -> +4 tokens (179.4 ms)  cpos=51
  [margins] 2.65 0.18 1.78 0.11 0.31 0.51 1.15 4.04 0.63 0.73 2.43 0.02  K=2
  verify 21: accepted 0/1 (K=2) + correction -> +1 tokens (119.0 ms)  cpos=52
  [margins] 0.59 2.08 1.82 0.01 1.08 2.83 0.85 3.46 1.22 0.83 2.97 0.78  K=4
  verify 22: accepted 0/3 (K=4) + correction -> +1 tokens (143.7 ms)  cpos=53
  [margins] 7.29 3.53 0.24 0.11 0.47 2.43 0.03 2.52 0.28 0.79 0.80 0.44  K=3
  verify 23: accepted 2/2 (K=3) + correction -> +3 tokens (135.2 ms)  cpos=56
  [margins] 3.75 0.37 3.70 4.44 1.43 0.33 1.70 0.50 0.27 0.08 0.51 1.17  K=2
  verify 24: accepted 1/1 (K=2) + correction -> +2 tokens (115.6 ms)  cpos=58
  [margins] 4.04 10.53 2.57 0.10 2.39 0.57 0.62 1.16 1.86 0.13 0.51 1.02  K=4
  verify 25: accepted 2/3 (K=4) + correction -> +3 tokens (141.9 ms)  cpos=61
  [margins] 0.87 0.94 0.72 2.31 0.61 1.36 0.26 0.13 1.76 0.75 2.68 1.63  K=2
  verify 26: accepted 0/1 (K=2) + correction -> +1 tokens (116.5 ms)  cpos=62
  [margins] 2.03 0.26 1.89 0.79 3.42 0.43 0.29 3.53 0.05 2.35 2.33 0.26  K=2
  verify 27: accepted 0/1 (K=2) + correction -> +1 tokens (118.4 ms)  cpos=63
  [margins] 1.41 1.88 1.06 0.42 0.15 0.79 0.76 0.33 0.56 2.42 0.87 1.77  K=3
  verify 28: accepted 2/2 (K=3) + correction -> +3 tokens (133.0 ms)  cpos=66
  [margins] 1.35 2.11 0.29 0.21 0.62 1.38 1.83 0.57 0.64 0.08 0.02 0.91  K=3
  verify 29: accepted 0/2 (K=3) + correction -> +1 tokens (131.0 ms)  cpos=67
  [margins] 0.93 0.94 3.97 1.73 0.70 0.89 0.35 0.99 0.58 0.86 0.89 0.78  K=2
  verify 30: accepted 1/1 (K=2) + correction -> +2 tokens (121.7 ms)  cpos=69
  [margins] 0.69 0.38 4.32 0.30 0.72 0.29 0.79 0.30 1.32 1.33 2.47 1.14  K=2
  verify 31: accepted 0/1 (K=2) + correction -> +1 tokens (117.6 ms)  cpos=70
  [margins] 2.46 0.29 1.08 1.06 2.31 1.79 2.01 0.20 1.56 1.53 0.23 0.26  K=2
  verify 32: accepted 0/1 (K=2) + correction -> +1 tokens (119.9 ms)  cpos=71
  [margins] 0.57 0.85 0.47 0.88 0.01 1.42 0.60 0.53 0.43 0.10 0.53 0.21  K=2
  verify 33: accepted 0/1 (K=2) + correction -> +1 tokens (121.1 ms)  cpos=72
  [margins] 0.53 0.44 0.13 4.10 0.75 0.40 0.41 0.79 0.59 2.96 0.21 0.05  K=2
  verify 34: accepted 0/1 (K=2) + correction -> +1 tokens (115.9 ms)  cpos=73
  [margins] 4.77 1.89 1.42 1.04 0.56 0.14 1.64 1.33 0.58 0.24 0.21 0.64  K=3
  verify 35: accepted 2/2 (K=3) + correction -> +3 tokens (131.2 ms)  cpos=76
  [margins] 0.77 2.65 2.40 0.16 0.57 0.02 2.82 1.11 0.50 0.75 1.77 0.51  K=4
  verify 36: accepted 0/3 (K=4) + correction -> +1 tokens (145.9 ms)  cpos=77
  [margins] 2.80 1.53 0.18 1.26 0.06 1.74 7.17 0.17 0.03 6.56 1.40 0.53  K=3
  verify 37: accepted 2/2 (K=3) + correction -> +3 tokens (133.3 ms)  cpos=80
  [margins] 1.70 4.32 1.44 2.02 9.40 4.36 1.93 8.92 3.02 2.87 8.30 1.15  K=3
  verify 38: accepted 2/2 (K=3) + correction -> +3 tokens (129.1 ms)  cpos=83
  [margins] 2.64 9.78 2.00 2.89 7.16 2.20 2.04 10.61 3.28 2.21 8.21 0.81  K=12
  verify 39: accepted 2/11 (K=12) + correction -> +3 tokens (279.1 ms)  cpos=86
  [margins] 5.64 3.83 3.07 1.67 0.50 0.36 5.58 0.24 0.75 8.30 1.55 0.42  K=5
  verify 40: accepted 2/4 (K=5) + correction -> +3 tokens (147.9 ms)  cpos=89
  [margins] 7.85 3.30 0.87 0.53 1.09 4.75 0.23 2.97 0.78 0.39 4.00 6.36  K=3
  verify 41: accepted 1/2 (K=3) + correction -> +2 tokens (130.4 ms)  cpos=91
  [margins] 5.96 3.12 0.22 1.40 2.16 3.94 0.27 2.22 6.20 0.68 0.99 0.26  K=3
  verify 42: accepted 1/2 (K=3) + correction -> +2 tokens (129.9 ms)  cpos=93
  [margins] 3.67 2.01 5.31 4.39 1.95 3.54 4.38 1.01 3.20 5.24 0.04 2.03  K=8
  verify 43: accepted 1/7 (K=8) + correction -> +2 tokens (204.3 ms)  cpos=95
  [margins] 4.45 2.58 6.41 3.84 2.69 5.14 4.27 1.49 4.75 5.29 1.74 2.48  K=8
  verify 44: accepted 1/7 (K=8) + correction -> +2 tokens (205.0 ms)  cpos=97
  [margins] 3.92 0.46 4.11 1.92 6.78 2.91 0.80 5.56 4.25 0.19 5.06 5.39  K=2
  verify 45: accepted 1/1 (K=2) + correction -> +2 tokens (120.0 ms)  cpos=99
  [margins] 3.43 0.70 4.32 1.70 7.04 3.14 0.89 5.74 4.22 0.53 4.68 5.52  K=2
  verify 46: accepted 1/1 (K=2) + correction -> +2 tokens (124.0 ms)  cpos=101
  [margins] 2.85 2.14 4.23 0.56 3.50 1.74 6.90 3.33 0.38 6.05 4.28 1.53  K=4
  verify 47: accepted 3/3 (K=4) + correction -> +4 tokens (140.3 ms)  cpos=105
  [margins] 2.47 2.65 3.70 1.41 3.14 2.31 6.98 3.69 1.03 5.62 5.12 1.73  K=4
  verify 48: accepted 3/3 (K=4) + correction -> +4 tokens (142.8 ms)  cpos=109
  [margins] 2.38 2.91 3.49 1.23 3.50 1.89 7.15 2.93 0.73 5.99 4.50 1.59  K=4
  verify 49: accepted 3/3 (K=4) + correction -> +4 tokens (141.3 ms)  cpos=113
  [margins] 2.11 1.66 3.39 0.83 3.40 1.42 7.15 3.38 0.64 6.48 4.41 1.88  K=4
  verify 50: accepted 3/3 (K=4) + correction -> +4 tokens (141.4 ms)  cpos=117
  [margins] 2.56 1.67 4.04 1.00 3.56 1.55 6.77 4.00 1.29 6.25 5.05 1.90  K=4
  verify 51: accepted 3/3 (K=4) + correction -> +4 tokens (142.7 ms)  cpos=121
  [margins] 3.29 1.77 4.04 0.26 3.88 2.08 6.68 4.34 1.77 6.39 4.31 2.18  K=4
  verify 52: accepted 3/3 (K=4) + correction -> +4 tokens (142.4 ms)  cpos=125
  [margins] 3.22 1.61 4.12 0.78 4.06 1.95 6.18 4.63 1.32 6.09 4.92 1.50  K=4
  verify 53: accepted 3/3 (K=4) + correction -> +4 tokens (156.5 ms)  cpos=129
  [margins] 2.99 1.64 4.11 0.58 4.79 1.90 6.22 4.10 0.79 5.29 3.88 1.29  K=4
  verify 54: accepted 3/3 (K=4) + correction -> +4 tokens (143.4 ms)  cpos=133
  [margins] 2.24 3.02 3.21 1.72 3.98 1.48 6.21 2.55 0.30 5.31 4.11 1.10  K=6
  verify 55: accepted 5/5 (K=6) + correction -> +6 tokens (168.9 ms)  cpos=139
  [margins] 2.22 1.47 3.18 0.75 3.74 2.77 6.06 4.13 2.31 5.29 4.29 2.83  K=2
  verify 56: accepted 1/1 (K=2) + correction -> +2 tokens (125.4 ms)  cpos=141
  [margins] 2.76 2.66 3.22 1.07 3.87 2.21 6.35 3.88 1.25 5.32 4.44 0.73  K=4
  verify 57: accepted 3/3 (K=4) + correction -> +4 tokens (143.2 ms)  cpos=145
  [margins] 3.51 2.92 2.87 0.88 3.28 2.08 6.11 3.03 2.20 5.47 4.16 1.70  K=4
  verify 58: accepted 3/3 (K=4) + correction -> +4 tokens (145.0 ms)  cpos=149
  [margins] 3.06 3.54 3.06 2.12 3.81 1.50 6.69 3.51 0.50 5.46 3.90 1.58  K=6
  verify 59: accepted 5/5 (K=6) + correction -> +6 tokens (169.5 ms)  cpos=155
  [margins] 3.75 4.52 2.48 2.02 3.53 0.94 6.47 2.52 1.06 5.77 4.51 0.43  K=6
  verify 60: accepted 0/5 (K=6) + correction -> +1 tokens (175.4 ms)  cpos=156
  [margins] 5.31 3.51 0.17 1.84 1.40 5.79 1.83 1.54 5.25 2.44 0.46 4.69  K=3
  verify 61: accepted 1/2 (K=3) + correction -> +2 tokens (133.4 ms)  cpos=158
  [margins] 6.14 2.62 0.21 1.94 1.06 0.41 3.67 1.05 0.92 0.10 2.13 0.86  K=3
  verify 62: accepted 0/2 (K=3) + correction -> +1 tokens (134.2 ms)  cpos=159
  [margins] 7.82 1.75 2.35 1.17 0.18 0.55 0.09 6.88 0.20 4.53 4.30 0.40  K=4
  verify 63: accepted 1/3 (K=4) + correction -> +2 tokens (145.2 ms)  cpos=161
  [margins] 7.29 3.68 0.58 2.16 0.20 9.14 1.87 1.08 9.33 1.70 1.56 2.68  K=3
  verify 64: accepted 2/2 (K=3) + correction -> +3 tokens (134.9 ms)  cpos=164
  [margins] 5.96 6.20 5.77 4.20 4.39 2.08 4.34 2.06 2.94 0.08 0.10 1.99  K=10
  verify 65: accepted 2/9 (K=10) + correction -> +3 tokens (247.6 ms)  cpos=167
  [margins] 8.94 3.25 7.11 5.40 4.94 0.75 1.60 0.22 0.09 2.74 0.74 0.08  K=6
  verify 66: accepted 5/5 (K=6) + correction -> +6 tokens (185.6 ms)  cpos=173
  [margins] 6.06 0.16 0.33 3.24 0.05 1.95 3.71 1.62 1.52 2.58 1.94 0.13  K=2
  verify 67: accepted 1/1 (K=2) + correction -> +2 tokens (117.8 ms)  cpos=175
  [margins] 3.28 2.09 0.43 1.83 0.11 1.59 1.50 0.01 2.13 1.61 0.82 2.74  K=3
  verify 68: accepted 2/2 (K=3) + correction -> +3 tokens (137.0 ms)  cpos=178
  [margins] 13.40 11.72 7.14 9.77 2.51 5.62 9.06 3.37 7.72 1.33 0.29 4.04  K=10
  verify 69: accepted 5/9 (K=10) + correction -> +6 tokens (258.3 ms)  cpos=184
  [margins] 3.89 7.20 9.10 10.70 4.98 4.13 0.11 0.03 2.19 1.58 0.67 0.15  K=7
  verify 70: accepted 6/6 (K=7) + correction -> +7 tokens (199.1 ms)  cpos=191
  [margins] 5.22 8.66 6.56 12.30 7.23 8.77 3.66 6.87 0.72 0.44 0.62 0.64  K=9
  verify 71: accepted 6/8 (K=9) + correction -> +7 tokens (241.7 ms)  cpos=198
  [margins] 7.09 8.38 4.27 3.96 12.27 2.17 8.97 0.47 5.30 3.46 0.99 0.84  K=8
  verify 72: accepted 5/7 (K=8) + correction -> +6 tokens (221.4 ms)  cpos=204
  [margins] 16.96 7.22 6.09 9.45 5.73 4.33 5.46 5.63 2.62 2.62 1.18 0.83  K=11
  verify 73: accepted 5/10 (K=11) + correction -> +6 tokens (263.4 ms)  cpos=210
  [margins] 13.97 9.52 14.62 7.19 7.75 10.35 4.57 5.82 0.34 5.18 1.13 0.05  K=9
  verify 74: accepted 7/8 (K=9) + correction -> +8 tokens (235.9 ms)  cpos=218

[spec] generated 204 tokens over 74 verifies: mean tokens/verify = 2.76 (block=12, max 13)
[spec] tokens: 5715 14 295 834 10175 14 8470 3939 436 344 2239 362 4197 339 35 126664 23809 16765 270 3077 305 1990 23714 538 9479 21121 35977 2184 47270 34788 14 832 851 588 366 99782 1082 20351 14319 35977
[spec] SPEC-DECODE: 52.8 ms/tok = 18.93 tok/s  (vs base M=1 71.0 ms/tok = 14.08 tok/s -> 1.34x)
[decode] PREFILL: 82 positions in 1294.1 ms = 63.4 tok/s (15.781 ms/tok)
[spec] decoding 200 tokens (block=12, draft passes=1, adaptK=1.50, prompt=5 s=83)...
  [margins] 8.85 2.09 0.46 3.30 2.19 0.46 3.23 0.01 0.46 0.75 1.26 0.24  K=3
  verify 1: accepted 1/2 (K=3) + correction -> +2 tokens (136.0 ms)  cpos=84
  [margins] 0.73 1.51 2.17 0.33 0.59 1.04 1.18 0.52 0.93 1.23 1.80 0.72  K=4
  verify 2: accepted 0/3 (K=4) + correction -> +1 tokens (145.3 ms)  cpos=85
  [margins] 0.22 0.56 2.11 0.94 0.55 0.32 0.04 0.14 0.07 1.24 1.39 0.82  K=2
  verify 3: accepted 0/1 (K=2) + correction -> +1 tokens (115.7 ms)  cpos=86
  [margins] 3.03 1.22 1.57 0.78 0.08 0.23 0.13 0.25 0.15 0.45 1.45 1.00  K=2
  verify 4: accepted 1/1 (K=2) + correction -> +2 tokens (121.0 ms)  cpos=88
  [margins] 5.82 5.88 1.11 0.16 2.51 7.12 1.80 5.94 5.12 4.02 3.19 2.28  K=3
  verify 5: accepted 2/2 (K=3) + correction -> +3 tokens (130.5 ms)  cpos=91
  [margins] 11.61 5.98 5.29 4.32 0.69 1.55 8.03 0.13 1.51 2.50 4.50 1.08  K=5
  verify 6: accepted 4/4 (K=5) + correction -> +5 tokens (164.5 ms)  cpos=96
  [margins] 7.64 1.29 4.71 3.65 0.42 2.23 1.68 0.52 0.92 0.39 4.53 0.57  K=2
  verify 7: accepted 0/1 (K=2) + correction -> +1 tokens (115.8 ms)  cpos=97
  [margins] 10.94 3.47 5.46 0.40 0.54 0.35 0.82 2.83 0.29 0.70 1.02 0.31  K=4
  verify 8: accepted 3/3 (K=4) + correction -> +4 tokens (146.7 ms)  cpos=101
  [margins] 4.68 0.31 0.75 3.10 0.01 0.86 1.44 0.66 0.01 0.53 2.23 0.15  K=2
  verify 9: accepted 1/1 (K=2) + correction -> +2 tokens (120.9 ms)  cpos=103
  [margins] 2.94 3.49 2.53 2.12 0.39 1.58 3.24 0.04 0.09 0.77 1.33 1.58  K=5
  verify 10: accepted 1/4 (K=5) + correction -> +2 tokens (160.8 ms)  cpos=105
  [margins] 9.90 6.10 3.85 0.19 1.54 0.85 4.18 1.11 1.20 0.49 1.90 4.56  K=4
  verify 11: accepted 3/3 (K=4) + correction -> +4 tokens (147.4 ms)  cpos=109
  [margins] 9.67 4.98 2.63 4.44 3.81 4.85 2.37 8.63 1.31 6.65 0.23 2.01  K=9
  verify 12: accepted 6/8 (K=9) + correction -> +7 tokens (232.3 ms)  cpos=116
  [margins] 9.67 14.37 6.95 3.25 1.88 1.01 4.41 1.17 0.36 2.25 1.64 2.73  K=6
  verify 13: accepted 5/5 (K=6) + correction -> +6 tokens (180.3 ms)  cpos=122
  [margins] 8.05 0.82 6.20 0.92 3.04 3.90 4.75 0.15 2.09 0.60 1.15 0.90  K=2
  verify 14: accepted 1/1 (K=2) + correction -> +2 tokens (123.6 ms)  cpos=124
  [margins] 13.00 4.77 3.16 1.40 3.07 3.55 5.65 0.45 5.76 2.59 3.35 2.05  K=4
  verify 15: accepted 3/3 (K=4) + correction -> +4 tokens (165.2 ms)  cpos=128
  [margins] 11.11 7.13 1.25 0.54 5.33 4.40 1.88 5.23 3.87 5.35 0.23 3.12  K=3
  verify 16: accepted 2/2 (K=3) + correction -> +3 tokens (132.8 ms)  cpos=131
  [margins] 4.33 9.99 10.56 5.39 8.76 3.21 0.76 4.06 0.61 5.16 0.50 0.50  K=7
  verify 17: accepted 3/6 (K=7) + correction -> +4 tokens (201.8 ms)  cpos=135
  [margins] 12.91 14.66 8.03 4.48 1.51 6.39 2.26 5.92 2.39 0.30 6.07 3.23  K=10
  verify 18: accepted 4/9 (K=10) + correction -> +5 tokens (258.0 ms)  cpos=140
  [margins] 4.80 1.57 6.92 5.22 4.71 4.46 0.94 0.71 1.94 4.43 6.14 3.52  K=7
  verify 19: accepted 0/6 (K=7) + correction -> +1 tokens (194.1 ms)  cpos=141
  [margins] 6.28 6.56 4.54 3.66 4.22 6.04 0.59 3.22 3.04 1.97 2.75 0.40  K=7
  verify 20: accepted 2/6 (K=7) + correction -> +3 tokens (199.6 ms)  cpos=144
  [margins] 9.64 1.44 1.61 3.43 3.38 5.30 1.31 3.78 0.88 5.43 0.18 0.03  K=2
  verify 21: accepted 1/1 (K=2) + correction -> +2 tokens (121.5 ms)  cpos=146
  [margins] 5.13 5.76 6.57 7.97 1.01 12.82 6.01 6.03 0.21 0.08 2.03 1.23  K=5
  verify 22: accepted 4/4 (K=5) + correction -> +5 tokens (164.2 ms)  cpos=151
  [margins] 4.20 11.13 5.54 5.24 11.46 2.08 0.57 0.58 3.67 1.05 2.79 1.64  K=7
  verify 23: accepted 3/6 (K=7) + correction -> +4 tokens (200.3 ms)  cpos=155
  [margins] 13.32 11.27 10.16 5.92 2.05 0.35 1.70 1.23 3.11 5.66 0.87 3.89  K=6
  verify 24: accepted 4/5 (K=6) + correction -> +5 tokens (185.4 ms)  cpos=160
  [margins] 6.53 2.46 11.48 8.70 0.60 5.68 0.67 0.32 5.54 1.28 0.13 0.07  K=5
  verify 25: accepted 0/4 (K=5) + correction -> +1 tokens (157.5 ms)  cpos=161
  [margins] 8.82 7.43 6.49 2.30 5.18 6.95 0.16 2.16 4.76 0.93 0.40 2.39  K=7
  verify 26: accepted 2/6 (K=7) + correction -> +3 tokens (198.9 ms)  cpos=164
  [margins] 9.15 5.05 0.38 1.29 1.44 5.77 1.08 1.30 0.07 1.11 1.77 0.12  K=3
  verify 27: accepted 2/2 (K=3) + correction -> +3 tokens (133.4 ms)  cpos=167
  [margins] 8.00 3.33 3.77 0.99 6.19 6.78 10.21 5.96 1.91 3.90 0.22 0.78  K=4
  verify 28: accepted 3/3 (K=4) + correction -> +4 tokens (151.2 ms)  cpos=171
  [margins] 1.44 11.92 10.63 0.33 7.02 4.53 3.02 0.31 2.03 2.53 1.73 2.25  K=4
  verify 29: accepted 3/3 (K=4) + correction -> +4 tokens (151.3 ms)  cpos=175
  [margins] 13.15 10.11 10.20 6.92 0.73 2.09 0.67 1.41 3.04 0.10 0.67 0.36  K=5
  verify 30: accepted 4/4 (K=5) + correction -> +5 tokens (167.5 ms)  cpos=180
  [margins] 15.65 16.59 4.68 2.68 3.08 6.26 7.67 0.84 5.74 1.93 5.68 4.11  K=8
  verify 31: accepted 3/7 (K=8) + correction -> +4 tokens (213.8 ms)  cpos=184
  [margins] 10.52 0.79 2.49 3.05 0.12 6.46 1.72 0.02 0.67 3.92 1.21 0.08  K=2
  verify 32: accepted 1/1 (K=2) + correction -> +2 tokens (120.0 ms)  cpos=186
  [margins] 3.67 7.31 2.41 4.69 0.82 4.61 4.71 6.61 1.54 0.21 4.66 0.61  K=5
  verify 33: accepted 4/4 (K=5) + correction -> +5 tokens (163.2 ms)  cpos=191
  [margins] 4.26 11.29 7.57 4.96 10.27 1.07 1.59 2.06 0.21 4.45 0.86 3.63  K=6
  verify 34: accepted 3/5 (K=6) + correction -> +4 tokens (185.2 ms)  cpos=195
  [margins] 14.21 10.57 9.30 6.87 0.67 2.88 3.34 1.64 0.36 2.05 0.82 2.32  K=5
  verify 35: accepted 4/4 (K=5) + correction -> +5 tokens (167.2 ms)  cpos=200
  [margins] 15.87 11.27 0.25 1.08 0.10 4.14 1.68 7.26 5.18 0.76 4.72 0.39  K=3
  verify 36: accepted 2/2 (K=3) + correction -> +3 tokens (130.6 ms)  cpos=203
  [margins] 2.76 4.24 0.35 6.38 4.32 0.68 0.66 5.33 2.92 1.72 2.59 0.20  K=3
  verify 37: accepted 2/2 (K=3) + correction -> +3 tokens (137.3 ms)  cpos=206
  [margins] 9.30 7.29 0.97 8.39 8.20 6.55 4.37 5.12 5.73 6.21 5.92 0.29  K=3
  verify 38: accepted 2/2 (K=3) + correction -> +3 tokens (136.7 ms)  cpos=209
  [margins] 12.05 11.15 5.13 7.49 4.92 1.33 0.97 5.13 1.33 10.18 1.84 4.79  K=6
  verify 39: accepted 5/5 (K=6) + correction -> +6 tokens (179.5 ms)  cpos=215
  [margins] 14.35 10.62 9.19 7.15 1.73 1.90 0.57 0.55 0.33 0.10 0.02 0.15  K=7
  verify 40: accepted 5/6 (K=7) + correction -> +6 tokens (204.4 ms)  cpos=221
  [margins] 12.94 9.75 1.42 6.91 1.15 5.37 0.73 1.53 5.07 0.38 4.45 1.94  K=3
  verify 41: accepted 2/2 (K=3) + correction -> +3 tokens (135.5 ms)  cpos=224
  [margins] 10.86 0.38 1.90 1.64 0.80 1.60 1.58 0.54 3.79 3.94 4.60 2.05  K=2
  verify 42: accepted 1/1 (K=2) + correction -> +2 tokens (118.5 ms)  cpos=226
  [margins] 5.06 4.05 1.29 8.46 1.17 5.14 5.55 7.82 2.00 0.33 3.29 0.93  K=3
  verify 43: accepted 2/2 (K=3) + correction -> +3 tokens (138.9 ms)  cpos=229
  [margins] 16.56 10.59 4.94 7.49 1.83 2.35 13.99 2.10 3.92 4.74 0.40 5.83  K=11
  verify 44: accepted 5/10 (K=11) + correction -> +6 tokens (276.2 ms)  cpos=235
  [margins] 9.28 10.35 9.61 6.72 2.49 3.59 5.99 0.86 1.28 1.70 2.03 1.73  K=8
  verify 45: accepted 5/7 (K=8) + correction -> +6 tokens (218.8 ms)  cpos=241
  [margins] 12.66 10.52 4.48 5.45 0.67 2.48 1.03 6.16 7.35 0.87 2.87 0.98  K=5
  verify 46: accepted 4/4 (K=5) + correction -> +5 tokens (164.4 ms)  cpos=246
  [margins] 6.27 4.72 2.02 7.59 2.64 2.81 0.69 5.78 2.56 0.00 1.54 3.90  K=7
  verify 47: accepted 4/6 (K=7) + correction -> +5 tokens (204.0 ms)  cpos=251
  [margins] 2.58 9.72 7.39 2.91 5.57 0.07 1.65 2.31 0.61 3.64 3.76 5.89  K=6
  verify 48: accepted 3/5 (K=6) + correction -> +4 tokens (198.1 ms)  cpos=255
  [margins] 12.38 9.85 10.47 7.69 7.43 0.69 2.57 1.49 0.09 1.07 0.16 2.38  K=6
  verify 49: accepted 5/5 (K=6) + correction -> +6 tokens (199.6 ms)  cpos=261
  [margins] 12.69 11.36 4.16 5.07 0.94 2.26 5.89 8.68 2.05 2.21 1.90 5.41  K=5
  verify 50: accepted 4/4 (K=5) + correction -> +5 tokens (164.2 ms)  cpos=266
  [margins] 7.83 10.04 0.47 10.99 0.40 0.39 0.24 5.37 11.28 2.32 1.19 1.99  K=3
  verify 51: accepted 2/2 (K=3) + correction -> +3 tokens (139.4 ms)  cpos=269
  [margins] 13.60 12.51 3.34 8.07 6.83 3.20 11.18 0.79 0.85 0.46 4.30 5.17  K=8
  verify 52: accepted 5/7 (K=8) + correction -> +6 tokens (222.1 ms)  cpos=275
  [margins] 14.53 12.65 10.36 11.12 6.68 3.43 1.46 0.89 0.38 2.98 1.86 3.70  K=7
  verify 53: accepted 5/6 (K=7) + correction -> +6 tokens (205.6 ms)  cpos=281
  [margins] 12.86 8.34 3.35 4.13 0.75 2.80 1.99 3.61 2.95 2.18 5.77 2.40  K=5
  verify 54: accepted 4/4 (K=5) + correction -> +5 tokens (163.8 ms)  cpos=286

[spec] generated 204 tokens over 54 verifies: mean tokens/verify = 3.78 (block=12, max 13)
[spec] tokens: 1 50 201 671 15020 4181 362 2775 14817 14922 344 223 25 22765 7975 55 15 3180 16 1 50 201 671 15020 4181 362 2775 14817 14922 344 223 25 22765 7975 55 15 3180 16 1 50
[spec] SPEC-DECODE: 43.9 ms/tok = 22.76 tok/s  (vs base M=1 71.0 ms/tok = 14.08 tok/s -> 1.62x)
[decode] PREFILL: 14 positions in 286.2 ms = 48.9 tok/s (20.440 ms/tok)
[spec] decoding 200 tokens (block=12, draft passes=1, adaptK=1.50, prompt=6 s=15)...
  [margins] 0.22 0.34 1.29 1.60 0.12 0.18 0.15 1.31 0.84 0.18 1.37 1.22  K=2
  verify 1: accepted 0/1 (K=2) + correction -> +1 tokens (117.7 ms)  cpos=15
  [margins] 1.20 0.32 0.52 0.40 0.02 4.18 8.62 5.71 3.10 0.63 3.46 2.36  K=2
  verify 2: accepted 0/1 (K=2) + correction -> +1 tokens (120.0 ms)  cpos=16
  [margins] 3.31 1.14 0.40 2.08 4.54 0.51 1.30 4.10 1.13 1.43 3.02 0.01  K=2
  verify 3: accepted 1/1 (K=2) + correction -> +2 tokens (116.5 ms)  cpos=18
  [margins] 2.18 1.22 1.78 2.00 3.50 1.10 1.54 3.61 1.33 2.33 3.11 0.25  K=2
  verify 4: accepted 1/1 (K=2) + correction -> +2 tokens (120.5 ms)  cpos=20
  [margins] 2.62 2.85 4.04 3.06 3.41 3.13 2.35 3.38 2.63 3.51 2.63 0.10  K=12
  verify 5: accepted 1/11 (K=12) + correction -> +2 tokens (267.6 ms)  cpos=22
  [margins] 3.26 2.93 4.35 2.97 3.17 3.98 3.39 2.86 3.04 3.06 2.82 0.49  K=12
  verify 6: accepted 1/11 (K=12) + correction -> +2 tokens (267.1 ms)  cpos=24
  [margins] 3.31 1.36 5.26 2.70 2.28 5.12 3.19 1.80 3.99 3.52 2.30 1.71  K=2
  verify 7: accepted 1/1 (K=2) + correction -> +2 tokens (116.9 ms)  cpos=26
  [margins] 1.48 0.24 6.96 3.04 1.71 6.44 2.60 0.57 5.40 3.33 0.42 3.80  K=2
  verify 8: accepted 1/1 (K=2) + correction -> +2 tokens (120.5 ms)  cpos=28
  [margins] 1.26 0.14 3.71 0.23 7.28 3.13 0.76 6.21 2.69 0.55 5.04 3.38  K=2
  verify 9: accepted 1/1 (K=2) + correction -> +2 tokens (116.1 ms)  cpos=30
  [margins] 0.75 0.53 3.00 0.52 3.42 0.55 7.25 2.36 0.26 5.78 2.57 1.57  K=2
  verify 10: accepted 0/1 (K=2) + correction -> +1 tokens (121.0 ms)  cpos=31
  [margins] 0.12 7.81 3.03 0.84 7.57 2.64 0.17 6.49 2.53 0.53 5.29 2.90  K=4
  verify 11: accepted 0/3 (K=4) + correction -> +1 tokens (143.7 ms)  cpos=32
  [margins] 6.75 0.98 4.11 1.97 1.81 7.37 1.91 0.51 6.25 2.72 0.80 5.77  K=2
  verify 12: accepted 1/1 (K=2) + correction -> +2 tokens (114.2 ms)  cpos=34
  [margins] 3.76 5.59 2.14 0.54 1.29 0.18 5.62 2.01 0.39 4.64 0.79 2.23  K=4
  verify 13: accepted 3/3 (K=4) + correction -> +4 tokens (139.4 ms)  cpos=38
  [margins] 5.76 9.37 10.59 7.19 7.56 9.21 7.93 7.21 4.79 6.38 3.16 3.28  K=13
  verify 14: accepted 12/12 (K=13) + correction -> +13 tokens (289.1 ms)  cpos=51
  [margins] 12.52 11.45 8.19 11.33 10.66 8.63 8.53 8.25 9.44 8.35 8.88 7.75  K=13
  verify 15: accepted 12/12 (K=13) + correction -> +13 tokens (298.0 ms)  cpos=64
  [margins] 15.29 10.40 11.89 7.15 8.94 10.04 3.99 8.99 9.51 9.57 8.09 8.49  K=13
  verify 16: accepted 12/12 (K=13) + correction -> +13 tokens (297.3 ms)  cpos=77
  [margins] 9.76 11.55 12.98 9.88 11.13 12.05 9.47 6.98 6.59 8.42 3.94 6.75  K=13
  verify 17: accepted 12/12 (K=13) + correction -> +13 tokens (299.3 ms)  cpos=90
  [margins] 11.97 14.91 8.87 12.53 11.10 7.26 8.92 6.57 9.68 9.51 13.08 8.16  K=13
  verify 18: accepted 12/12 (K=13) + correction -> +13 tokens (302.1 ms)  cpos=103
  [margins] 15.93 11.38 11.88 10.02 7.18 7.69 6.06 9.95 7.93 10.99 8.80 9.48  K=13
  verify 19: accepted 12/12 (K=13) + correction -> +13 tokens (309.9 ms)  cpos=116
  [margins] 10.57 12.49 15.21 10.50 10.68 11.85 10.66 7.59 11.35 7.26 7.40 9.50  K=13
  verify 20: accepted 12/12 (K=13) + correction -> +13 tokens (320.2 ms)  cpos=129
  [margins] 14.46 12.70 9.23 12.25 10.42 8.08 8.70 8.13 9.83 8.98 7.74 10.39  K=13
  verify 21: accepted 12/12 (K=13) + correction -> +13 tokens (305.4 ms)  cpos=142
  [margins] 15.49 11.69 11.89 11.34 8.66 10.87 2.77 12.21 10.83 9.12 11.62 8.94  K=13
  verify 22: accepted 12/12 (K=13) + correction -> +13 tokens (304.1 ms)  cpos=155
  [margins] 10.38 13.58 15.17 11.16 11.43 14.28 9.97 10.35 12.47 9.35 7.15 5.52  K=13
  verify 23: accepted 12/12 (K=13) + correction -> +13 tokens (313.3 ms)  cpos=168
  [margins] 14.72 10.69 8.53 11.31 9.28 7.22 8.36 5.93 8.63 9.52 4.09 10.18  K=13
  verify 24: accepted 12/12 (K=13) + correction -> +13 tokens (305.5 ms)  cpos=181
  [margins] 18.63 11.13 11.77 7.40 7.66 8.53 3.15 8.55 11.05 7.90 8.57 10.57  K=13
  verify 25: accepted 12/12 (K=13) + correction -> +13 tokens (308.5 ms)  cpos=194
  [margins] 10.43 12.53 13.96 9.32 8.49 13.37 10.21 8.29 9.06 9.71 8.14 5.31  K=13
  verify 26: accepted 12/12 (K=13) + correction -> +13 tokens (305.9 ms)  cpos=207
  [margins] 13.42 10.77 7.87 9.85 11.22 5.83 9.63 7.00 7.56 9.69 6.20 10.90  K=13
  verify 27: accepted 12/12 (K=13) + correction -> +13 tokens (314.3 ms)  cpos=220

[spec] generated 206 tokens over 27 verifies: mean tokens/verify = 7.63 (block=12, max 13)
[spec] tokens: 1 16 1 16 1 16 1 16 1 16 1 16 1 16 1 16 403 31310 16 403 31310 16 403 31310 16 403 31310 16 403 31310 16 403 31310 16 403 31310 16 403 31310 16
[spec] SPEC-DECODE: 29.4 ms/tok = 33.96 tok/s  (vs base M=1 71.0 ms/tok = 14.08 tok/s -> 2.41x)
[decode] PREFILL: 37 positions in 645.7 ms = 57.3 tok/s (17.451 ms/tok)
[spec] decoding 200 tokens (block=12, draft passes=1, adaptK=1.50, prompt=7 s=38)...
  [margins] 1.14 2.83 0.70 0.12 2.32 0.47 0.63 2.69 2.38 0.20 0.25 1.82  K=3
  verify 1: accepted 0/2 (K=3) + correction -> +1 tokens (135.2 ms)  cpos=38
  [margins] 0.08 5.56 0.60 0.30 1.39 0.24 0.54 0.14 0.62 1.01 0.19 0.04  K=3
  verify 2: accepted 0/2 (K=3) + correction -> +1 tokens (129.8 ms)  cpos=39
  [margins] 2.15 0.68 0.59 0.58 0.37 2.28 0.83 0.68 1.46 0.24 0.25 0.07  K=2
  verify 3: accepted 1/1 (K=2) + correction -> +2 tokens (117.9 ms)  cpos=41
  [margins] 3.66 0.72 0.79 5.54 0.05 1.28 0.52 0.49 2.27 0.22 0.90 1.23  K=2
  verify 4: accepted 1/1 (K=2) + correction -> +2 tokens (113.7 ms)  cpos=43
  [margins] 1.06 1.61 0.03 2.49 0.59 0.16 1.23 0.12 0.24 0.36 0.04 0.37  K=3
  verify 5: accepted 0/2 (K=3) + correction -> +1 tokens (130.2 ms)  cpos=44
  [margins] 0.17 1.63 0.74 0.09 1.74 0.06 2.03 0.14 0.68 0.50 0.01 0.08  K=3
  verify 6: accepted 0/2 (K=3) + correction -> +1 tokens (127.6 ms)  cpos=45
  [margins] 0.03 0.01 1.59 2.68 2.53 0.17 0.01 0.78 1.20 0.16 2.38 2.43  K=2
  verify 7: accepted 0/1 (K=2) + correction -> +1 tokens (114.6 ms)  cpos=46
  [margins] 2.17 0.79 2.61 0.31 1.13 1.61 0.42 0.47 1.54 1.51 1.22 1.46  K=2
  verify 8: accepted 0/1 (K=2) + correction -> +1 tokens (118.6 ms)  cpos=47
  [margins] 1.97 2.66 0.72 0.99 2.11 2.53 0.69 0.12 1.63 1.10 1.46 3.38  K=3
  verify 9: accepted 1/2 (K=3) + correction -> +2 tokens (131.9 ms)  cpos=49
  [margins] 9.29 6.58 5.46 2.12 1.83 1.52 0.34 1.86 2.89 2.24 1.06 2.83  K=7
  verify 10: accepted 4/6 (K=7) + correction -> +5 tokens (193.8 ms)  cpos=54
  [margins] 0.93 1.98 0.80 0.71 1.08 2.88 5.37 0.68 0.07 0.38 4.61 2.25  K=3
  verify 11: accepted 0/2 (K=3) + correction -> +1 tokens (130.3 ms)  cpos=55
  [margins] 1.48 0.93 0.11 1.06 0.53 0.20 1.03 0.13 0.07 1.26 3.42 2.69  K=2
  verify 12: accepted 1/1 (K=2) + correction -> +2 tokens (119.9 ms)  cpos=57
  [margins] 2.30 0.51 5.01 0.37 0.37 0.22 1.66 1.63 1.34 0.41 5.44 2.10  K=2
  verify 13: accepted 1/1 (K=2) + correction -> +2 tokens (115.6 ms)  cpos=59
  [margins] 4.00 3.45 0.46 2.64 0.86 1.57 0.24 3.02 0.11 1.82 2.55 1.82  K=3
  verify 14: accepted 2/2 (K=3) + correction -> +3 tokens (131.9 ms)  cpos=62
  [margins] 2.65 0.71 0.87 2.12 3.88 1.52 0.81 0.85 0.71 0.55 2.71 2.56  K=2
  verify 15: accepted 1/1 (K=2) + correction -> +2 tokens (120.2 ms)  cpos=64
  [margins] 5.31 7.91 3.65 2.78 0.56 1.23 0.68 2.40 1.92 1.23 0.86 0.57  K=5
  verify 16: accepted 3/4 (K=5) + correction -> +4 tokens (158.3 ms)  cpos=68
  [margins] 4.50 2.83 1.20 1.34 4.66 6.12 0.02 0.08 2.64 0.25 0.52 1.42  K=3
  verify 17: accepted 2/2 (K=3) + correction -> +3 tokens (126.4 ms)  cpos=71
  [margins] 2.45 1.07 4.08 1.46 1.33 6.27 0.07 4.28 0.59 0.35 1.01 1.48  K=2
  verify 18: accepted 1/1 (K=2) + correction -> +2 tokens (119.7 ms)  cpos=73
  [margins] 6.75 1.41 2.78 6.12 1.47 7.61 0.10 0.73 0.12 2.89 1.02 0.49  K=2
  verify 19: accepted 1/1 (K=2) + correction -> +2 tokens (115.7 ms)  cpos=75
  [margins] 3.58 7.36 2.30 7.50 0.04 8.44 2.79 2.65 2.00 1.47 2.10 1.25  K=5
  verify 20: accepted 2/4 (K=5) + correction -> +3 tokens (158.4 ms)  cpos=78
  [margins] 7.57 5.04 5.98 7.59 7.84 2.04 1.64 2.86 1.32 2.26 4.06 5.44  K=9
  verify 21: accepted 7/8 (K=9) + correction -> +8 tokens (226.6 ms)  cpos=86
  [margins] 9.34 5.81 4.87 3.80 2.30 1.01 0.54 12.59 1.40 1.82 12.14 2.08  K=6
  verify 22: accepted 5/5 (K=6) + correction -> +6 tokens (181.9 ms)  cpos=92
  [margins] 3.24 7.90 1.09 0.31 4.75 9.41 1.68 0.76 1.39 5.12 0.42 1.01  K=3
  verify 23: accepted 2/2 (K=3) + correction -> +3 tokens (128.1 ms)  cpos=95
  [margins] 9.20 3.98 7.56 0.28 1.11 8.47 0.33 1.88 2.67 0.70 1.14 0.20  K=4
  verify 24: accepted 3/3 (K=4) + correction -> +4 tokens (148.1 ms)  cpos=99
  [margins] 8.07 10.74 6.27 7.07 4.32 1.35 1.40 1.71 3.38 0.36 3.51 0.43  K=6
  verify 25: accepted 5/5 (K=6) + correction -> +6 tokens (183.1 ms)  cpos=105
  [margins] 4.35 4.88 8.26 4.84 2.83 0.43 3.98 4.65 0.85 0.97 2.45 4.67  K=6
  verify 26: accepted 5/5 (K=6) + correction -> +6 tokens (176.6 ms)  cpos=111
  [margins] 10.31 5.84 7.86 4.22 7.29 2.09 4.74 11.24 1.26 9.88 0.64 2.95  K=9
  verify 27: accepted 8/8 (K=9) + correction -> +9 tokens (239.5 ms)  cpos=120
  [margins] 11.05 8.71 6.05 8.34 0.92 0.10 2.48 2.77 4.72 3.90 5.14 0.75  K=5
  verify 28: accepted 4/4 (K=5) + correction -> +5 tokens (162.0 ms)  cpos=125
  [margins] 6.03 5.97 1.47 7.06 4.15 1.14 3.32 1.38 2.35 3.16 0.27 2.52  K=3
  verify 29: accepted 2/2 (K=3) + correction -> +3 tokens (149.2 ms)  cpos=128
  [margins] 6.67 5.17 2.82 1.95 3.62 1.99 0.27 2.02 2.90 0.28 0.02 0.64  K=7
  verify 30: accepted 3/6 (K=7) + correction -> +4 tokens (197.1 ms)  cpos=132
  [margins] 5.54 1.80 4.90 1.82 0.37 1.23 3.95 0.67 2.20 5.35 2.43 2.64  K=5
  verify 31: accepted 4/4 (K=5) + correction -> +5 tokens (160.6 ms)  cpos=137
  [margins] 3.97 0.36 1.48 1.01 0.27 0.93 1.43 0.09 0.95 0.04 0.01 0.35  K=2
  verify 32: accepted 1/1 (K=2) + correction -> +2 tokens (120.2 ms)  cpos=139
  [margins] 7.55 1.17 5.42 4.28 3.19 2.26 0.38 0.73 0.57 0.39 0.33 0.53  K=2
  verify 33: accepted 1/1 (K=2) + correction -> +2 tokens (123.2 ms)  cpos=141
  [margins] 8.96 8.83 5.88 0.87 0.71 2.09 1.57 3.57 2.72 0.41 1.82 4.41  K=4
  verify 34: accepted 3/3 (K=4) + correction -> +4 tokens (151.6 ms)  cpos=145
  [margins] 1.49 4.66 4.27 1.09 5.35 3.77 0.29 0.25 3.35 4.00 0.19 0.26  K=4
  verify 35: accepted 0/3 (K=4) + correction -> +1 tokens (152.5 ms)  cpos=146
  [margins] 6.27 9.19 10.05 11.35 2.70 3.88 3.03 1.87 3.44 2.02 0.17 1.65  K=11
  verify 36: accepted 4/10 (K=11) + correction -> +5 tokens (277.4 ms)  cpos=151
  [margins] 2.70 0.82 0.49 0.49 0.23 0.28 0.03 2.36 5.38 0.24 1.04 0.78  K=2
  verify 37: accepted 1/1 (K=2) + correction -> +2 tokens (128.1 ms)  cpos=153
  [margins] 3.19 3.17 1.00 0.37 1.89 0.34 3.10 4.89 1.09 0.78 2.76 0.97  K=3
  verify 38: accepted 0/2 (K=3) + correction -> +1 tokens (127.4 ms)  cpos=154
  [margins] 6.06 2.01 0.29 0.17 1.17 0.26 2.36 0.67 1.16 1.82 2.15 2.26  K=3
  verify 39: accepted 1/2 (K=3) + correction -> +2 tokens (133.3 ms)  cpos=156
  [margins] 7.19 2.75 0.51 0.66 1.05 0.57 3.50 4.66 0.24 1.42 2.67 0.38  K=3
  verify 40: accepted 1/2 (K=3) + correction -> +2 tokens (128.5 ms)  cpos=158
  [margins] 5.16 1.08 4.18 2.60 1.92 2.75 4.00 0.08 0.93 0.11 0.37 0.47  K=2
  verify 41: accepted 1/1 (K=2) + correction -> +2 tokens (125.8 ms)  cpos=160
  [margins] 4.49 0.22 3.82 1.72 5.86 3.55 0.22 4.27 4.22 0.02 0.32 1.18  K=2
  verify 42: accepted 1/1 (K=2) + correction -> +2 tokens (122.3 ms)  cpos=162
  [margins] 4.38 0.53 4.39 1.44 6.46 4.19 0.30 4.89 3.83 0.27 0.78 6.43  K=2
  verify 43: accepted 1/1 (K=2) + correction -> +2 tokens (125.8 ms)  cpos=164
  [margins] 3.70 3.06 5.04 1.03 4.74 0.63 6.55 4.30 0.31 4.78 5.08 1.21  K=4
  verify 44: accepted 3/3 (K=4) + correction -> +4 tokens (142.9 ms)  cpos=168
  [margins] 3.08 1.38 4.04 0.75 3.83 0.19 6.21 3.47 0.65 4.44 4.95 0.24  K=2
  verify 45: accepted 1/1 (K=2) + correction -> +2 tokens (121.8 ms)  cpos=170
  [margins] 2.87 2.85 3.20 2.30 4.55 0.38 3.60 0.15 6.40 3.72 0.26 3.36  K=6
  verify 46: accepted 5/5 (K=6) + correction -> +6 tokens (173.3 ms)  cpos=176
  [margins] 2.30 4.70 1.81 3.80 4.27 1.42 3.25 0.10 5.38 3.00 0.04 3.80  K=6
  verify 47: accepted 5/5 (K=6) + correction -> +6 tokens (168.8 ms)  cpos=182
  [margins] 1.76 3.85 3.26 3.20 4.63 0.84 4.37 0.19 5.52 4.36 0.51 2.63  K=6
  verify 48: accepted 5/5 (K=6) + correction -> +6 tokens (174.0 ms)  cpos=188
  [margins] 1.83 3.37 3.39 2.89 4.85 0.90 4.59 0.36 6.22 4.41 0.58 4.46  K=6
  verify 49: accepted 5/5 (K=6) + correction -> +6 tokens (169.9 ms)  cpos=194
  [margins] 1.40 2.10 3.99 2.84 5.25 0.11 4.17 0.76 6.53 4.09 0.84 3.63  K=6
  verify 50: accepted 5/5 (K=6) + correction -> +6 tokens (173.7 ms)  cpos=200
  [margins] 0.82 3.28 4.25 2.37 5.33 0.15 4.15 0.63 6.03 4.88 0.45 4.09  K=6
  verify 51: accepted 5/5 (K=6) + correction -> +6 tokens (168.9 ms)  cpos=206
  [margins] 1.31 3.26 3.77 2.07 5.24 0.38 7.60 5.15 0.38 5.13 5.97 1.64  K=6
  verify 52: accepted 5/5 (K=6) + correction -> +6 tokens (174.8 ms)  cpos=212
  [margins] 2.05 1.56 3.77 1.66 5.65 0.09 7.20 5.17 0.17 5.76 6.25 1.56  K=6
  verify 53: accepted 5/5 (K=6) + correction -> +6 tokens (167.6 ms)  cpos=218
  [margins] 1.17 3.35 4.25 1.14 5.06 0.11 4.50 1.10 6.45 5.67 1.17 4.88  K=4
  verify 54: accepted 3/3 (K=4) + correction -> +4 tokens (144.3 ms)  cpos=222
  [margins] 1.12 3.50 3.97 0.51 5.50 0.21 6.60 5.59 0.13 5.87 5.96 2.15  K=4
  verify 55: accepted 3/3 (K=4) + correction -> +4 tokens (143.7 ms)  cpos=226
  [margins] 1.68 3.82 3.91 0.31 5.65 0.08 5.81 1.12 6.37 5.72 1.00 5.08  K=4
  verify 56: accepted 3/3 (K=4) + correction -> +4 tokens (143.6 ms)  cpos=230
  [margins] 1.90 2.92 3.94 0.77 5.37 0.39 7.28 5.59 0.11 6.00 6.00 0.29  K=4
  verify 57: accepted 0/3 (K=4) + correction -> +1 tokens (143.1 ms)  cpos=231
  [margins] 8.40 2.74 1.36 4.84 0.35 7.02 4.92 0.36 6.79 4.30 0.70 4.68  K=3
  verify 58: accepted 0/2 (K=3) + correction -> +1 tokens (136.0 ms)  cpos=232
  [margins] 6.44 3.44 8.31 1.94 1.58 7.33 3.06 0.87 6.41 3.41 0.99 5.36  K=8
  verify 59: accepted 1/7 (K=8) + correction -> +2 tokens (211.9 ms)  cpos=234
  [margins] 4.66 2.36 4.01 0.11 10.65 1.27 0.18 5.40 1.96 0.21 5.67 2.08  K=4
  verify 60: accepted 1/3 (K=4) + correction -> +2 tokens (145.0 ms)  cpos=236
  [margins] 5.36 0.74 6.69 0.29 11.46 0.81 1.70 5.54 0.89 1.22 5.47 3.49  K=2
  verify 61: accepted 0/1 (K=2) + correction -> +1 tokens (118.7 ms)  cpos=237

[spec] generated 200 tokens over 61 verifies: mean tokens/verify = 3.28 (block=12, max 13)
[spec] tokens: 343 12888 28 566 344 260 19075 3417 9508 5718 270 2753 294 270 6616 366 1512 1527 27819 13459 16 5715 270 12919 6329 1512 1527 940 223 19 27819 13459 16 455 3452 2753 344 979 7490 201
[spec] SPEC-DECODE: 45.1 ms/tok = 22.20 tok/s  (vs base M=1 71.0 ms/tok = 14.08 tok/s -> 1.58x)
[decode] PREFILL: 12 positions in 251.8 ms = 47.7 tok/s (20.981 ms/tok)
[spec] decoding 200 tokens (block=12, draft passes=1, adaptK=1.50, prompt=8 s=13)...
  [margins] 3.81 1.94 0.94 9.30 2.20 1.70 6.33 1.53 1.52 6.23 2.65 1.79  K=3
  verify 1: accepted 1/2 (K=3) + correction -> +2 tokens (128.9 ms)  cpos=14
  [margins] 0.32 8.44 2.60 0.37 4.34 1.41 0.49 5.73 2.67 1.87 5.28 2.12  K=4
  verify 2: accepted 0/3 (K=4) + correction -> +1 tokens (145.6 ms)  cpos=15
  [margins] 2.61 0.33 1.48 0.40 1.59 0.98 0.27 1.43 0.06 0.09 0.06 1.54  K=2
  verify 3: accepted 0/1 (K=2) + correction -> +1 tokens (111.4 ms)  cpos=16
  [margins] 1.22 1.82 1.21 0.29 0.09 0.79 0.71 0.57 0.15 0.51 0.28 0.26  K=3
  verify 4: accepted 0/2 (K=3) + correction -> +1 tokens (121.9 ms)  cpos=17
  [margins] 1.77 0.64 1.07 2.66 0.63 2.37 4.79 0.22 0.17 2.54 1.20 3.03  K=2
  verify 5: accepted 0/1 (K=2) + correction -> +1 tokens (107.4 ms)  cpos=18
  [margins] 1.57 0.85 2.42 0.77 0.94 1.25 0.06 0.44 0.95 0.18 0.14 0.45  K=2
  verify 6: accepted 0/1 (K=2) + correction -> +1 tokens (117.1 ms)  cpos=19
  [margins] 1.25 0.53 1.86 0.97 4.22 0.68 0.17 2.30 5.97 0.30 2.27 1.88  K=2
  verify 7: accepted 1/1 (K=2) + correction -> +2 tokens (120.6 ms)  cpos=21
  [margins] 1.76 0.32 1.74 0.93 4.50 0.70 0.33 2.25 7.17 0.50 2.80 1.57  K=2
  verify 8: accepted 1/1 (K=2) + correction -> +2 tokens (116.0 ms)  cpos=23
  [margins] 2.09 0.13 0.25 4.74 0.05 0.28 0.09 1.72 7.03 0.18 2.90 1.26  K=2
  verify 9: accepted 1/1 (K=2) + correction -> +2 tokens (120.1 ms)  cpos=25
  [margins] 2.83 0.02 0.26 0.14 0.37 4.36 0.17 0.65 0.22 0.58 5.63 0.36  K=2
  verify 10: accepted 1/1 (K=2) + correction -> +2 tokens (116.9 ms)  cpos=27
  [margins] 3.91 0.13 4.81 0.26 4.34 0.29 0.66 4.10 0.65 0.81 0.10 0.69  K=2
  verify 11: accepted 1/1 (K=2) + correction -> +2 tokens (120.4 ms)  cpos=29
  [margins] 4.71 0.29 5.13 0.21 4.44 0.14 0.36 3.67 0.67 1.54 0.33 0.67  K=2
  verify 12: accepted 1/1 (K=2) + correction -> +2 tokens (116.6 ms)  cpos=31
  [margins] 4.98 0.56 5.04 0.75 4.51 0.12 0.33 3.46 0.39 0.08 0.49 0.82  K=2
  verify 13: accepted 1/1 (K=2) + correction -> +2 tokens (120.6 ms)  cpos=33
  [margins] 5.08 0.41 4.59 0.41 4.09 0.32 0.31 3.11 0.05 0.07 1.10 1.03  K=2
  verify 14: accepted 1/1 (K=2) + correction -> +2 tokens (116.5 ms)  cpos=35
  [margins] 5.85 0.31 5.77 0.49 4.70 0.04 1.07 0.65 0.15 0.22 0.83 0.11  K=2
  verify 15: accepted 1/1 (K=2) + correction -> +2 tokens (121.2 ms)  cpos=37
  [margins] 5.52 0.44 5.04 0.66 4.24 0.14 0.96 0.04 2.29 0.34 0.87 0.17  K=2
  verify 16: accepted 1/1 (K=2) + correction -> +2 tokens (116.9 ms)  cpos=39
  [margins] 6.24 0.29 5.88 0.44 4.66 0.40 1.66 0.34 1.16 0.11 0.80 0.54  K=2
  verify 17: accepted 1/1 (K=2) + correction -> +2 tokens (120.2 ms)  cpos=41
  [margins] 6.14 0.75 5.86 0.71 4.57 0.08 2.59 0.22 3.16 0.21 1.15 0.05  K=2
  verify 18: accepted 1/1 (K=2) + correction -> +2 tokens (118.4 ms)  cpos=43
  [margins] 6.23 0.71 6.11 0.84 4.85 0.16 4.23 0.39 3.27 0.10 0.35 1.05  K=2
  verify 19: accepted 1/1 (K=2) + correction -> +2 tokens (121.5 ms)  cpos=45
  [margins] 5.37 1.52 3.93 0.97 4.14 0.73 3.12 0.69 3.17 0.13 3.56 0.06  K=4
  verify 20: accepted 0/3 (K=4) + correction -> +1 tokens (140.5 ms)  cpos=46
  [margins] 5.15 4.35 3.83 0.52 1.20 0.52 3.60 0.89 1.21 0.13 1.72 5.34  K=4
  verify 21: accepted 3/3 (K=4) + correction -> +4 tokens (144.1 ms)  cpos=50
  [margins] 3.27 0.84 0.34 4.44 0.38 1.88 4.89 0.07 1.90 6.32 0.06 0.10  K=2
  verify 22: accepted 1/1 (K=2) + correction -> +2 tokens (119.7 ms)  cpos=52
  [margins] 4.25 7.52 3.67 1.06 7.07 0.43 3.28 2.13 2.15 0.39 1.98 3.40  K=4
  verify 23: accepted 3/3 (K=4) + correction -> +4 tokens (142.8 ms)  cpos=56
  [margins] 1.78 2.21 2.99 2.88 2.28 0.95 2.41 1.68 1.39 1.36 0.92 0.86  K=6
  verify 24: accepted 1/5 (K=6) + correction -> +2 tokens (173.6 ms)  cpos=58
  [margins] 1.11 6.60 0.08 1.03 0.42 4.09 0.12 0.71 2.69 7.61 0.13 0.52  K=3
  verify 25: accepted 0/2 (K=3) + correction -> +1 tokens (128.1 ms)  cpos=59
  [margins] 0.99 7.36 0.56 4.91 0.91 4.58 1.31 3.75 0.48 2.47 5.40 0.09  K=3
  verify 26: accepted 1/2 (K=3) + correction -> +2 tokens (131.6 ms)  cpos=61
  [margins] 6.26 7.54 5.92 3.61 3.75 5.00 4.54 3.64 6.84 4.24 4.58 2.01  K=13
  verify 27: accepted 5/12 (K=13) + correction -> +6 tokens (297.7 ms)  cpos=67
  [margins] 6.74 10.31 0.50 4.03 1.15 0.21 4.10 0.74 0.20 0.52 0.85 1.63  K=3
  verify 28: accepted 2/2 (K=3) + correction -> +3 tokens (132.8 ms)  cpos=70
  [margins] 2.41 1.51 1.44 0.15 3.21 0.07 3.21 5.34 0.39 3.80 1.45 4.02  K=3
  verify 29: accepted 0/2 (K=3) + correction -> +1 tokens (133.6 ms)  cpos=71
  [margins] 2.89 0.93 6.53 2.09 5.97 2.56 3.87 0.15 0.29 0.35 4.18 2.03  K=2
  verify 30: accepted 0/1 (K=2) + correction -> +1 tokens (120.2 ms)  cpos=72
  [margins] 2.02 4.63 3.15 5.31 4.11 5.46 0.01 0.31 2.98 2.49 2.24 0.31  K=7
  verify 31: accepted 6/6 (K=7) + correction -> +7 tokens (190.4 ms)  cpos=79
  [margins] 6.42 9.15 0.80 1.29 0.03 2.62 0.64 5.31 1.22 0.05 0.73 2.10  K=3
  verify 32: accepted 2/2 (K=3) + correction -> +3 tokens (134.1 ms)  cpos=82
  [margins] 2.90 4.28 1.17 2.39 1.72 0.35 3.74 1.68 0.78 3.29 3.47 0.46  K=3
  verify 33: accepted 2/2 (K=3) + correction -> +3 tokens (133.2 ms)  cpos=85
  [margins] 7.11 4.63 2.58 4.12 4.65 4.60 0.98 1.01 0.43 5.88 6.16 1.68  K=7
  verify 34: accepted 2/6 (K=7) + correction -> +3 tokens (199.4 ms)  cpos=88
  [margins] 3.31 4.04 3.43 0.33 4.52 4.13 0.17 6.73 8.02 8.37 8.16 3.99  K=4
  verify 35: accepted 2/3 (K=4) + correction -> +3 tokens (146.5 ms)  cpos=91
  [margins] 6.52 12.89 1.19 1.25 5.07 0.35 0.27 1.41 1.68 2.98 1.30 1.83  K=3
  verify 36: accepted 2/2 (K=3) + correction -> +3 tokens (133.8 ms)  cpos=94
  [margins] 4.96 7.43 4.32 5.03 3.17 3.86 0.72 0.97 6.99 2.42 1.42 0.29  K=7
  verify 37: accepted 6/6 (K=7) + correction -> +7 tokens (200.7 ms)  cpos=101
  [margins] 9.51 2.91 9.28 11.13 0.19 2.67 4.26 0.41 0.51 3.79 0.47 1.45  K=5
  verify 38: accepted 4/4 (K=5) + correction -> +5 tokens (161.1 ms)  cpos=106
  [margins] 6.14 8.48 5.72 7.54 4.81 3.81 1.55 0.88 4.37 0.92 0.03 1.48  K=8
  verify 39: accepted 7/7 (K=8) + correction -> +8 tokens (216.5 ms)  cpos=114
  [margins] 9.41 8.40 8.57 0.39 2.62 2.66 2.00 2.14 0.67 0.02 0.98 0.35  K=4
  verify 40: accepted 3/3 (K=4) + correction -> +4 tokens (148.8 ms)  cpos=118
  [margins] 6.60 8.57 7.08 5.80 0.36 4.59 1.10 2.55 5.60 2.49 3.29 0.51  K=5
  verify 41: accepted 4/4 (K=5) + correction -> +5 tokens (160.5 ms)  cpos=123
  [margins] 12.03 4.92 6.26 3.16 6.45 2.42 4.35 0.61 2.96 2.21 2.71 1.90  K=8
  verify 42: accepted 5/7 (K=8) + correction -> +6 tokens (230.4 ms)  cpos=129
  [margins] 3.42 4.78 6.00 5.78 4.02 1.52 0.98 2.65 2.27 5.93 1.25 3.08  K=7
  verify 43: accepted 6/6 (K=7) + correction -> +7 tokens (203.4 ms)  cpos=136
  [margins] 6.58 8.90 0.61 0.69 7.83 3.28 4.27 2.87 3.67 3.76 3.15 4.38  K=3
  verify 44: accepted 2/2 (K=3) + correction -> +3 tokens (135.4 ms)  cpos=139
  [margins] 4.18 8.47 3.64 4.14 7.33 1.51 0.87 1.78 1.36 4.89 0.71 1.68  K=7
  verify 45: accepted 6/6 (K=7) + correction -> +7 tokens (203.2 ms)  cpos=146
  [margins] 8.19 4.46 1.92 2.92 2.93 1.40 3.39 5.88 2.43 2.08 2.52 1.38  K=6
  verify 46: accepted 3/5 (K=6) + correction -> +4 tokens (185.0 ms)  cpos=150
  [margins] 8.87 7.61 10.22 2.56 2.33 3.02 0.28 2.24 5.83 0.80 0.40 2.88  K=7
  verify 47: accepted 6/6 (K=7) + correction -> +7 tokens (203.1 ms)  cpos=157
  [margins] 10.00 8.95 7.21 2.44 0.65 4.80 4.48 0.75 7.15 1.87 0.19 4.20  K=5
  verify 48: accepted 4/4 (K=5) + correction -> +5 tokens (162.9 ms)  cpos=162
  [margins] 7.84 5.00 10.19 2.87 4.27 3.54 0.24 6.09 0.58 0.99 3.53 0.32  K=7
  verify 49: accepted 6/6 (K=7) + correction -> +7 tokens (204.1 ms)  cpos=169
  [margins] 7.83 6.17 8.53 4.44 4.08 5.22 0.45 2.27 0.48 1.66 2.92 3.70  K=7
  verify 50: accepted 6/6 (K=7) + correction -> +7 tokens (203.8 ms)  cpos=176
  [margins] 12.17 4.06 7.82 8.62 4.73 1.85 0.39 3.97 3.71 0.07 2.59 0.39  K=7
  verify 51: accepted 6/6 (K=7) + correction -> +7 tokens (198.2 ms)  cpos=183
  [margins] 10.60 6.26 9.50 3.63 7.31 3.51 1.12 4.42 3.52 0.63 1.56 0.58  K=7
  verify 52: accepted 6/6 (K=7) + correction -> +7 tokens (205.0 ms)  cpos=190
  [margins] 7.64 9.25 6.79 5.16 3.61 6.21 1.53 2.09 6.13 1.83 1.39 0.62  K=11
  verify 53: accepted 7/10 (K=11) + correction -> +8 tokens (272.6 ms)  cpos=198
  [margins] 8.58 9.58 9.55 4.07 6.85 4.24 1.64 1.07 4.42 2.00 3.97 3.28  K=8
  verify 54: accepted 6/7 (K=8) + correction -> +7 tokens (217.6 ms)  cpos=205
  [margins] 8.85 7.98 7.92 3.88 6.49 0.30 0.23 2.97 6.74 2.88 2.25 3.24  K=6
  verify 55: accepted 5/5 (K=6) + correction -> +6 tokens (181.3 ms)  cpos=211
  [margins] 8.57 12.22 4.08 6.82 8.91 3.14 1.15 2.46 5.41 3.15 1.99 3.09  K=7
  verify 56: accepted 6/6 (K=7) + correction -> +7 tokens (205.1 ms)  cpos=218

[spec] generated 206 tokens over 56 verifies: mean tokens/verify = 3.68 (block=12, max 13)
[spec] tokens: 1 201 1 201 1 201 1 201 1 201 1 201 1 201 1 201 1 201 1 201 1 201 1 201 1 201 1 201 1 201 1 201 3085 344 270 6102 294 8760 33 9361
[spec] SPEC-DECODE: 42.4 ms/tok = 23.58 tok/s  (vs base M=1 71.0 ms/tok = 14.08 tok/s -> 1.68x)

[blksweep]  BLK passes adaptK->eff prompt | mean tok/verify | ms/tok | tok/s | vs base 14.08 tok/s
[blksweep]    4      1   1.50   1.50      0 |            3.24 |   37.9 | 26.41 | 1.88x
[blksweep]    4      1   1.50   1.50      1 |            3.92 |   33.6 | 29.73 | 2.11x
[blksweep]    4      1   1.50   1.50      2 |            3.70 |   35.5 | 28.13 | 2.00x
[blksweep]    4      1   1.50   1.50      3 |            2.49 |   46.0 | 21.75 | 1.55x
[blksweep]    4      1   1.50   1.50      4 |            2.90 |   41.1 | 24.31 | 1.73x
[blksweep]    4      1   1.50   1.50      5 |            4.21 |   32.8 | 30.52 | 2.17x
[blksweep]    4      1   1.50   1.50      6 |            4.32 |   30.3 | 32.99 | 2.34x
[blksweep]    4      1   1.50   1.50      7 |            3.33 |   36.3 | 27.53 | 1.96x
[blksweep]    4      1   1.50   1.50      8 |            3.53 |   35.3 | 28.36 | 2.01x
[blksweep]    5      1   1.50   1.50      0 |            3.30 |   39.5 | 25.31 | 1.80x
[blksweep]    5      1   1.50   1.50      1 |            4.16 |   33.5 | 29.81 | 2.12x
[blksweep]    5      1   1.50   1.50      2 |            4.18 |   33.6 | 29.72 | 2.11x
[blksweep]    5      1   1.50   1.50      3 |            2.59 |   47.5 | 21.06 | 1.50x
[blksweep]    5      1   1.50   1.50      4 |            3.00 |   41.5 | 24.07 | 1.71x
[blksweep]    5      1   1.50   1.50      5 |            4.53 |   32.2 | 31.07 | 2.21x
[blksweep]    5      1   1.50   1.50      6 |            4.83 |   29.4 | 33.98 | 2.41x
[blksweep]    5      1   1.50   1.50      7 |            3.57 |   35.7 | 28.04 | 1.99x
[blksweep]    5      1   1.50   1.50      8 |            3.87 |   34.8 | 28.78 | 2.04x
[blksweep]    6      1   1.50   1.50      0 |            3.24 |   41.8 | 23.95 | 1.70x
[blksweep]    6      1   1.50   1.50      1 |            4.08 |   35.3 | 28.29 | 2.01x
[blksweep]    6      1   1.50   1.50      2 |            4.20 |   34.9 | 28.67 | 2.04x
[blksweep]    6      1   1.50   1.50      3 |            2.52 |   49.8 | 20.07 | 1.43x
[blksweep]    6      1   1.50   1.50      4 |            2.97 |   43.7 | 22.88 | 1.62x
[blksweep]    6      1   1.50   1.50      5 |            4.47 |   34.8 | 28.77 | 2.04x
[blksweep]    6      1   1.50   1.50      6 |            5.39 |   29.2 | 34.19 | 2.43x
[blksweep]    6      1   1.50   1.50      7 |            3.70 |   36.6 | 27.32 | 1.94x
[blksweep]    6      1   1.50   1.50      8 |            3.80 |   36.1 | 27.71 | 1.97x
[blksweep]    7      1   1.50   1.50      0 |            3.14 |   43.8 | 22.81 | 1.62x
[blksweep]    7      1   1.50   1.50      1 |            4.66 |   33.5 | 29.83 | 2.12x
[blksweep]    7      1   1.50   1.50      2 |            4.21 |   35.9 | 27.87 | 1.98x
[blksweep]    7      1   1.50   1.50      3 |            2.56 |   50.9 | 19.64 | 1.40x
[blksweep]    7      1   1.50   1.50      4 |            2.83 |   46.8 | 21.34 | 1.52x
[blksweep]    7      1   1.50   1.50      5 |            4.08 |   37.5 | 26.63 | 1.89x
[blksweep]    7      1   1.50   1.50      6 |            5.89 |   28.5 | 35.14 | 2.50x
[blksweep]    7      1   1.50   1.50      7 |            3.51 |   38.5 | 26.00 | 1.85x
[blksweep]    7      1   1.50   1.50      8 |            3.75 |   37.6 | 26.63 | 1.89x
[blksweep]    8      1   1.50   1.50      0 |            3.05 |   44.2 | 22.60 | 1.61x
[blksweep]    8      1   1.50   1.50      1 |            5.15 |   32.2 | 31.09 | 2.21x
[blksweep]    8      1   1.50   1.50      2 |            4.04 |   38.9 | 25.71 | 1.83x
[blksweep]    8      1   1.50   1.50      3 |            2.56 |   51.9 | 19.26 | 1.37x
[blksweep]    8      1   1.50   1.50      4 |            2.83 |   47.5 | 21.05 | 1.50x
[blksweep]    8      1   1.50   1.50      5 |            4.08 |   38.9 | 25.70 | 1.83x
[blksweep]    8      1   1.50   1.50      6 |            6.18 |   28.8 | 34.77 | 2.47x
[blksweep]    8      1   1.50   1.50      7 |            3.39 |   39.8 | 25.14 | 1.79x
[blksweep]    8      1   1.50   1.50      8 |            3.75 |   38.5 | 25.97 | 1.84x
[blksweep]    9      1   1.50   1.50      0 |            3.05 |   44.6 | 22.40 | 1.59x
[blksweep]    9      1   1.50   1.50      1 |            4.93 |   33.9 | 29.54 | 2.10x
[blksweep]    9      1   1.50   1.50      2 |            4.12 |   39.5 | 25.35 | 1.80x
[blksweep]    9      1   1.50   1.50      3 |            2.66 |   51.0 | 19.61 | 1.39x
[blksweep]    9      1   1.50   1.50      4 |            2.83 |   49.5 | 20.19 | 1.43x
[blksweep]    9      1   1.50   1.50      5 |            4.00 |   40.0 | 24.99 | 1.78x
[blksweep]    9      1   1.50   1.50      6 |            6.65 |   29.8 | 33.53 | 2.38x
[blksweep]    9      1   1.50   1.50      7 |            3.33 |   41.7 | 23.96 | 1.70x
[blksweep]    9      1   1.50   1.50      8 |            3.65 |   40.0 | 25.02 | 1.78x
[blksweep]   10      1   1.50   1.50      0 |            3.05 |   45.8 | 21.83 | 1.55x
[blksweep]   10      1   1.50   1.50      1 |            4.70 |   34.7 | 28.81 | 2.05x
[blksweep]   10      1   1.50   1.50      2 |            4.16 |   39.4 | 25.41 | 1.80x
[blksweep]   10      1   1.50   1.50      3 |            2.56 |   52.6 | 19.02 | 1.35x
[blksweep]   10      1   1.50   1.50      4 |            2.76 |   50.2 | 19.91 | 1.41x
[blksweep]   10      1   1.50   1.50      5 |            4.08 |   41.4 | 24.18 | 1.72x
[blksweep]   10      1   1.50   1.50      6 |            6.90 |   29.1 | 34.39 | 2.44x
[blksweep]   10      1   1.50   1.50      7 |            3.39 |   41.8 | 23.91 | 1.70x
[blksweep]   10      1   1.50   1.50      8 |            3.68 |   39.8 | 25.12 | 1.78x
[blksweep]   12      1   1.50   1.50      0 |            3.09 |   46.3 | 21.59 | 1.53x
[blksweep]   12      1   1.50   1.50      1 |            4.49 |   37.3 | 26.80 | 1.90x
[blksweep]   12      1   1.50   1.50      2 |            3.96 |   43.2 | 23.14 | 1.64x
[blksweep]   12      1   1.50   1.50      3 |            2.59 |   54.6 | 18.33 | 1.30x
[blksweep]   12      1   1.50   1.50      4 |            2.76 |   52.8 | 18.93 | 1.34x
[blksweep]   12      1   1.50   1.50      5 |            3.78 |   43.9 | 22.76 | 1.62x
[blksweep]   12      1   1.50   1.50      6 |            7.63 |   29.4 | 33.96 | 2.41x
[blksweep]   12      1   1.50   1.50      7 |            3.28 |   45.1 | 22.20 | 1.58x
[blksweep]   12      1   1.50   1.50      8 |            3.68 |   42.4 | 23.58 | 1.68x
[decode] mem 107.8/122.8 GiB
