[parse] DSV4_PROMPTS_FILE /home/patrickd/s5-capture/s2/c0/gen.txt -> 472 prompt(s)
[decode] loading /home/patrickd/models/DeepSeek-V4-Flash-0731-REAP ... s=6 NDEC=8 seqmax=1822
[decode] loaded 100.40 GiB, 45821 tensors  (weights in MANAGED device-preferred memory)
[decode] building 43 layer structs once (persistent)...
[decode] structs built. mem 109.7/122.8 GiB
[decode] prefill 5 positions...
[decode] PREFILL: 5 positions in 210.0 ms = 23.8 tok/s (42.006 ms/tok)
[decode] prefill done. caches populated. starting decode.
  step 0 pos 5 -> token 11111  (66.2 ms warmup)
  step 1 pos 6 -> token 16  (66.4 ms)
  step 2 pos 7 -> token 455  (75.1 ms)
  step 3 pos 8 -> token 6102  (67.3 ms)
  step 4 pos 9 -> token 294  (66.4 ms)
  step 5 pos 10 -> token 16603  (66.4 ms)
  step 6 pos 11 -> token 344  (74.8 ms)
  step 7 pos 12 -> token 29168  (67.6 ms)

[decode] first decoded token argmax = 11111  (expect 11111)  -> GATE PASS
[decode] generated: 11111 16 455 6102 294 16603 344 29168
[decode] WARM decode: 69.1 ms/tok = 14.46 tok/s  (M=1 steady state, 7-step avg)

[spec-verify] M=5 verify in ONE forward: 118.4 ms (= 23.7 ms/tok if all accepted vs 69.1 M=1 -> 2.92x)
[spec-verify] verify argmax: 11111 16 455 6102 294
[spec-verify] decode tokens: 11111 16 455 6102 294
[spec-verify] MATCH 5/5 -> PASS  (M=K verify == K sequential decodes; diffs = MoE-atomic near-ties)

[spec] using EMBEDDED DSpark heads from the main checkpoint (no extra memory)
[spec] NSTAGE=3 head-experts=160 BLK sweep: 6 6 6 6 6 6 6 6 6 6 6 6 6 6 6 6 6 6 6 6 6 6 6 6 6 6 6 6 6 6 6 6 6 6 6 6 6 6 6 6 6 6 6 6 6 6 6 6 6 6 6 6 6 6 6 6 6 6 6 6 6 6 6 6 6 6 6 6 6 6 6 6 6 6 6 6 6 6 6 6 6 6 6 6 6 6 6 6 6 6 6 6 6 6 6 6 6 6 6 6 6 6 6 6 6 6 6 6 6 6 6 6 6 6 6 6 6 6 6 6 6 6 6 6 6 6 6 6 6 6 6 6 6 6 6 6 6 6 6 6 6 6 6 6 6 6 6 6 6 6 6 6 6 6 6 6 6 6 6 6 6 6 6 6 6 6 6 6 6 6 6 6 6 6 6 6 6 6 6 6 6 6 6 6 6 6 6 6 6 6 6 6 6 6 6 6 6 6 6 6 6 6 6 6 6 6 6 6 6 6 6 6 6 6 6 6 6 6 6 6 6 6 6 6 6 6 6 6 6 6 6 6 6 6 6 6 6 6 6 6 6 6 6 6 6 6 6 6 6 6 6 6 6 6 6 6 6 6 6 6 6 6 6 6 6 6 6 6 6 6 6 6 6 6 6 6 6 6 6 6 6 6 6 6 6 6 6 6 6 6 6 6 6 6 6 6 6 6 6 6 6 6 6 6 6 6 6 6 6 6 6 6 6 6 6 6 6 6 6 6 6 6 6 6 6 6 6 6 6 6 6 6 6 6 6 6 6 6 6 6 6 6 6 6 6 6 6 6 6 6 6 6 6 6 6 6 6 6 6 6 6 6 6 6 6 6 6 6 6 6 6 6 6 6 6 6 6 6 6 6 6 6 6 6 6 6 6 6 6 6 6 6 6 6 6 6 6 6 6 6 6 6 6 6 6 6 6 6 6 6 6 6 6 6 6 6 6 6 6 6 6 6 6 6 6 6 6 6 6 6 6 6 6 6 6 6 6 6 6 6 6 6 6 6 6 6 6 6 6 6 6 6 6 6 6 6 6 6 6 6 6 6 6 6 6 6 6 6 6 6 6 6
[spec] head built. mem 114.2/122.8 GiB
[decode] PREFILL: 540 positions in 9744.3 ms = 55.4 tok/s (18.045 ms/tok)
[capture] wrote /home/patrickd/s5-capture/s2/c0/cap/shard_p01_s000540.dspc  540 tok x (3 taps + 1 lm_in) x 4096 = 16.9 MB (32.0 KB/tok)
[probe] wrote 16 draft probes (block=6) to /home/patrickd/s5-capture/s2/c0/cap/drafts_p01_s000540.txt
[spec] decoding 8 tokens (block=6, draft passes=1, adaptK=1.50, prompt=1 s=541)...
[arena] first draft: draft footprint 215.05 MB, global hwm 419.87 MB / cap 4110.00 MB (10.2%), draft path = ARENA
  [margins] 15.91 17.04 25.31 11.57 11.16 8.53  K=7
  verify 1: accepted 6/6 (K=7) + correction -> +7 tokens (205.6 ms)  cpos=547
  [margins] 18.42 10.95 13.91 10.68 14.32 10.80  K=7
  verify 2: accepted 6/6 (K=7) + correction -> +7 tokens (209.9 ms)  cpos=554

[spec] generated 14 tokens over 2 verifies: mean tokens/verify = 7.00 (block=6, max 7)
[spec] tokens: 82 1461 284 11892 455 14364 344 295 270 7515 905 82 1461 284
[spec] SPEC-DECODE: 30.0 ms/tok = 33.35 tok/s  (vs base M=1 69.1 ms/tok = 14.46 tok/s -> 2.31x)
[decode] PREFILL: 1011 positions in 18974.8 ms = 53.3 tok/s (18.768 ms/tok)
[capture] wrote /home/patrickd/s5-capture/s2/c0/cap/shard_p02_s001011.dspc  1011 tok x (3 taps + 1 lm_in) x 4096 = 31.6 MB (32.0 KB/tok)
[probe] wrote 16 draft probes (block=6) to /home/patrickd/s5-capture/s2/c0/cap/drafts_p02_s001011.txt
[spec] decoding 8 tokens (block=6, draft passes=1, adaptK=1.50, prompt=2 s=1012)...
  [margins] 10.83 12.41 16.72 16.69 11.17 8.36  K=7
  verify 1: accepted 6/6 (K=7) + correction -> +7 tokens (230.6 ms)  cpos=1018
  [margins] 16.77 14.34 12.73 16.22 15.12 1.67  K=7
  verify 2: accepted 6/6 (K=7) + correction -> +7 tokens (267.6 ms)  cpos=1025

[spec] generated 14 tokens over 2 verifies: mean tokens/verify = 7.00 (block=6, max 7)
[spec] tokens: 305 65236 223 2315 304 223 6207 336 343 19 16 27 304 223
[spec] SPEC-DECODE: 38.2 ms/tok = 26.15 tok/s  (vs base M=1 69.1 ms/tok = 14.46 tok/s -> 1.81x)
[decode] PREFILL: 568 positions in 10280.3 ms = 55.3 tok/s (18.099 ms/tok)
[capture] wrote /home/patrickd/s5-capture/s2/c0/cap/shard_p03_s000568.dspc  568 tok x (3 taps + 1 lm_in) x 4096 = 17.8 MB (32.0 KB/tok)
[probe] wrote 16 draft probes (block=6) to /home/patrickd/s5-capture/s2/c0/cap/drafts_p03_s000568.txt
[spec] decoding 8 tokens (block=6, draft passes=1, adaptK=1.50, prompt=3 s=569)...
  [margins] 5.64 10.13 17.98 0.33 0.88 2.53  K=4
  verify 1: accepted 3/3 (K=4) + correction -> +4 tokens (147.9 ms)  cpos=572
  [margins] 12.56 12.89 8.29 0.86 2.16 2.65  K=4
  verify 2: accepted 3/3 (K=4) + correction -> +4 tokens (148.8 ms)  cpos=576

[spec] generated 8 tokens over 2 verifies: mean tokens/verify = 4.00 (block=6, max 7)
[spec] tokens: 90 69463 650 94570 17907 56 19 22740
[spec] SPEC-DECODE: 37.2 ms/tok = 26.89 tok/s  (vs base M=1 69.1 ms/tok = 14.46 tok/s -> 1.86x)
[decode] PREFILL: 621 positions in 11253.5 ms = 55.2 tok/s (18.122 ms/tok)
[capture] wrote /home/patrickd/s5-capture/s2/c0/cap/shard_p04_s000621.dspc  621 tok x (3 taps + 1 lm_in) x 4096 = 19.4 MB (32.0 KB/tok)
[probe] wrote 16 draft probes (block=6) to /home/patrickd/s5-capture/s2/c0/cap/drafts_p04_s000621.txt
[spec] decoding 8 tokens (block=6, draft passes=1, adaptK=1.50, prompt=4 s=622)...
  [margins] 9.73 11.99 9.71 14.34 14.23 13.99  K=7
  verify 1: accepted 6/6 (K=7) + correction -> +7 tokens (212.0 ms)  cpos=628
  [margins] 16.03 12.69 8.61 10.02 9.13 8.89  K=7
  verify 2: accepted 6/6 (K=7) + correction -> +7 tokens (206.6 ms)  cpos=635

[spec] generated 14 tokens over 2 verifies: mean tokens/verify = 7.00 (block=6, max 7)
[spec] tokens: 14 270 14904 2231 366 9045 270 6684 4496 16 721 602 14 270
[spec] SPEC-DECODE: 29.5 ms/tok = 33.88 tok/s  (vs base M=1 69.1 ms/tok = 14.46 tok/s -> 2.34x)
[decode] PREFILL: 542 positions in 9761.1 ms = 55.5 tok/s (18.009 ms/tok)
[capture] wrote /home/patrickd/s5-capture/s2/c0/cap/shard_p05_s000542.dspc  542 tok x (3 taps + 1 lm_in) x 4096 = 16.9 MB (32.0 KB/tok)
[probe] wrote 16 draft probes (block=6) to /home/patrickd/s5-capture/s2/c0/cap/drafts_p05_s000542.txt
[spec] decoding 8 tokens (block=6, draft passes=1, adaptK=1.50, prompt=5 s=543)...
  [margins] 13.79 4.67 13.39 6.60 9.33 9.22  K=7
  verify 1: accepted 6/6 (K=7) + correction -> +7 tokens (208.9 ms)  cpos=549
  [margins] 14.66 14.04 7.56 11.72 9.61 8.20  K=7
  verify 2: accepted 6/6 (K=7) + correction -> +7 tokens (210.4 ms)  cpos=556

[spec] generated 14 tokens over 2 verifies: mean tokens/verify = 7.00 (block=6, max 7)
[spec] tokens: 294 270 37157 4 565 582 671 25455 294 270 14438 4 565 582
[spec] SPEC-DECODE: 30.1 ms/tok = 33.27 tok/s  (vs base M=1 69.1 ms/tok = 14.46 tok/s -> 2.30x)
[decode] PREFILL: 608 positions in 11006.6 ms = 55.2 tok/s (18.103 ms/tok)
[capture] wrote /home/patrickd/s5-capture/s2/c0/cap/shard_p06_s000608.dspc  608 tok x (3 taps + 1 lm_in) x 4096 = 19.0 MB (32.0 KB/tok)
[probe] wrote 16 draft probes (block=6) to /home/patrickd/s5-capture/s2/c0/cap/drafts_p06_s000608.txt
[spec] decoding 8 tokens (block=6, draft passes=1, adaptK=1.50, prompt=6 s=609)...
  [margins] 14.86 11.46 9.20 9.01 2.31 1.00  K=6
  verify 1: accepted 5/5 (K=6) + correction -> +6 tokens (183.8 ms)  cpos=614
  [margins] 12.93 12.07 14.81 7.87 9.96 0.75  K=6
  verify 2: accepted 5/5 (K=6) + correction -> +6 tokens (188.0 ms)  cpos=620

[spec] generated 12 tokens over 2 verifies: mean tokens/verify = 6.00 (block=6, max 7)
[spec] tokens: 1117 6704 16 494 1874 50 14 696 554 1926 1117 6704
[spec] SPEC-DECODE: 31.3 ms/tok = 31.92 tok/s  (vs base M=1 69.1 ms/tok = 14.46 tok/s -> 2.21x)
[decode] PREFILL: 532 positions in 9593.5 ms = 55.5 tok/s (18.033 ms/tok)
[capture] wrote /home/patrickd/s5-capture/s2/c0/cap/shard_p07_s000532.dspc  532 tok x (3 taps + 1 lm_in) x 4096 = 16.6 MB (32.0 KB/tok)
[probe] wrote 16 draft probes (block=6) to /home/patrickd/s5-capture/s2/c0/cap/drafts_p07_s000532.txt
[spec] decoding 8 tokens (block=6, draft passes=1, adaptK=1.50, prompt=7 s=533)...
  [margins] 17.49 12.33 10.60 12.08 6.03 11.09  K=7
  verify 1: accepted 6/6 (K=7) + correction -> +7 tokens (204.4 ms)  cpos=539
  [margins] 8.98 14.57 10.30 5.88 4.86 9.12  K=7
  verify 2: accepted 6/6 (K=7) + correction -> +7 tokens (210.8 ms)  cpos=546

[spec] generated 14 tokens over 2 verifies: mean tokens/verify = 7.00 (block=6, max 7)
[spec] tokens: 38701 362 270 3917 16 9085 3394 270 4087 8472 305 270 75842 734
[spec] SPEC-DECODE: 30.1 ms/tok = 33.20 tok/s  (vs base M=1 69.1 ms/tok = 14.46 tok/s -> 2.30x)
[decode] PREFILL: 674 positions in 12301.9 ms = 54.8 tok/s (18.252 ms/tok)
[capture] wrote /home/patrickd/s5-capture/s2/c0/cap/shard_p08_s000674.dspc  674 tok x (3 taps + 1 lm_in) x 4096 = 21.1 MB (32.0 KB/tok)
[probe] wrote 16 draft probes (block=6) to /home/patrickd/s5-capture/s2/c0/cap/drafts_p08_s000674.txt
[spec] decoding 8 tokens (block=6, draft passes=1, adaptK=1.50, prompt=8 s=675)...
  [margins] 3.68 0.79 2.59 3.66 0.48 2.42  K=2
  verify 1: accepted 0/1 (K=2) + correction -> +1 tokens (123.3 ms)  cpos=675
  [margins] 2.11 3.38 0.63 0.06 2.06 1.36  K=3
  verify 2: accepted 2/2 (K=3) + correction -> +3 tokens (139.3 ms)  cpos=678
  [margins] 1.48 0.05 1.36 1.82 1.12 1.09  K=2
  verify 3: accepted 1/1 (K=2) + correction -> +2 tokens (123.7 ms)  cpos=680
  [margins] 5.70 5.81 0.48 0.59 2.57 1.22  K=3
  verify 4: accepted 2/2 (K=3) + correction -> +3 tokens (132.9 ms)  cpos=683

[spec] generated 9 tokens over 4 verifies: mean tokens/verify = 2.25 (block=6, max 7)
[spec] tokens: 223 736 6394 305 223 22 32138 513 1141
[spec] SPEC-DECODE: 49.5 ms/tok = 20.21 tok/s  (vs base M=1 69.1 ms/tok = 14.46 tok/s -> 1.40x)
[decode] PREFILL: 595 positions in 10780.2 ms = 55.2 tok/s (18.118 ms/tok)
[capture] wrote /home/patrickd/s5-capture/s2/c0/cap/shard_p09_s000595.dspc  595 tok x (3 taps + 1 lm_in) x 4096 = 18.6 MB (32.0 KB/tok)
[probe] wrote 16 draft probes (block=6) to /home/patrickd/s5-capture/s2/c0/cap/drafts_p09_s000595.txt
[spec] decoding 8 tokens (block=6, draft passes=1, adaptK=1.50, prompt=9 s=596)...
  [margins] 14.51 18.21 14.72 18.07 11.53 10.23  K=7
  verify 1: accepted 6/6 (K=7) + correction -> +7 tokens (212.4 ms)  cpos=602
  [margins] 11.54 14.97 12.09 11.58 9.88 6.81  K=7
  verify 2: accepted 6/6 (K=7) + correction -> +7 tokens (210.4 ms)  cpos=609

[spec] generated 14 tokens over 2 verifies: mean tokens/verify = 7.00 (block=6, max 7)
[spec] tokens: 305 1353 855 260 438 274 16 539 671 15398 344 396 270 5664
[spec] SPEC-DECODE: 30.1 ms/tok = 33.28 tok/s  (vs base M=1 69.1 ms/tok = 14.46 tok/s -> 2.30x)
[decode] PREFILL: 672 positions in 12249.7 ms = 54.9 tok/s (18.229 ms/tok)
[capture] wrote /home/patrickd/s5-capture/s2/c0/cap/shard_p10_s000672.dspc  672 tok x (3 taps + 1 lm_in) x 4096 = 21.0 MB (32.0 KB/tok)
[probe] wrote 16 draft probes (block=6) to /home/patrickd/s5-capture/s2/c0/cap/drafts_p10_s000672.txt
[spec] decoding 8 tokens (block=6, draft passes=1, adaptK=1.50, prompt=10 s=673)...
  [margins] 13.47 6.93 11.16 2.61 11.15 8.64  K=7
  verify 1: accepted 6/6 (K=7) + correction -> +7 tokens (199.2 ms)  cpos=679
  [margins] 4.39 11.18 7.96 13.24 7.31 10.95  K=7
  verify 2: accepted 6/6 (K=7) + correction -> +7 tokens (204.2 ms)  cpos=686

[spec] generated 14 tokens over 2 verifies: mean tokens/verify = 7.00 (block=6, max 7)
[spec] tokens: 3749 11 3749 11 3749 11 3749 11 3749 11 3749 11 3749 11
[spec] SPEC-DECODE: 29.2 ms/tok = 34.27 tok/s  (vs base M=1 69.1 ms/tok = 14.46 tok/s -> 2.37x)
[decode] PREFILL: 531 positions in 9571.7 ms = 55.5 tok/s (18.026 ms/tok)
[capture] wrote /home/patrickd/s5-capture/s2/c0/cap/shard_p11_s000531.dspc  531 tok x (3 taps + 1 lm_in) x 4096 = 16.6 MB (32.0 KB/tok)
[probe] wrote 16 draft probes (block=6) to /home/patrickd/s5-capture/s2/c0/cap/drafts_p11_s000531.txt
[spec] decoding 8 tokens (block=6, draft passes=1, adaptK=1.50, prompt=11 s=532)...
  [margins] 11.55 8.58 9.38 9.33 10.69 9.91  K=7
  verify 1: accepted 6/6 (K=7) + correction -> +7 tokens (200.6 ms)  cpos=538
  [margins] 15.42 15.75 12.96 2.69 8.99 11.96  K=7
  verify 2: accepted 6/6 (K=7) + correction -> +7 tokens (200.9 ms)  cpos=545

[spec] generated 14 tokens over 2 verifies: mean tokens/verify = 7.00 (block=6, max 7)
[spec] tokens: 11 3749 11 3749 11 3749 11 3749 11 3749 11 3749 11 3749
[spec] SPEC-DECODE: 28.7 ms/tok = 34.85 tok/s  (vs base M=1 69.1 ms/tok = 14.46 tok/s -> 2.41x)
[decode] PREFILL: 672 positions in 12258.0 ms = 54.8 tok/s (18.241 ms/tok)
[capture] wrote /home/patrickd/s5-capture/s2/c0/cap/shard_p12_s000672.dspc  672 tok x (3 taps + 1 lm_in) x 4096 = 21.0 MB (32.0 KB/tok)
[probe] wrote 16 draft probes (block=6) to /home/patrickd/s5-capture/s2/c0/cap/drafts_p12_s000672.txt
[spec] decoding 8 tokens (block=6, draft passes=1, adaptK=1.50, prompt=12 s=673)...
  [margins] 11.56 11.71 16.10 5.42 4.84 1.20  K=6
  verify 1: accepted 5/5 (K=6) + correction -> +6 tokens (177.4 ms)  cpos=678
  [margins] 14.38 8.57 7.59 6.32 3.98 2.04  K=7
  verify 2: accepted 5/6 (K=7) + correction -> +6 tokens (210.8 ms)  cpos=684

[spec] generated 12 tokens over 2 verifies: mean tokens/verify = 6.00 (block=6, max 7)
[spec] tokens: 26 84 54 18 91 55 20 82544 22 82 53 24
[spec] SPEC-DECODE: 35.1 ms/tok = 28.46 tok/s  (vs base M=1 69.1 ms/tok = 14.46 tok/s -> 1.97x)
[decode] PREFILL: 608 positions in 11005.2 ms = 55.2 tok/s (18.101 ms/tok)
[capture] wrote /home/patrickd/s5-capture/s2/c0/cap/shard_p13_s000608.dspc  608 tok x (3 taps + 1 lm_in) x 4096 = 19.0 MB (32.0 KB/tok)
[probe] wrote 16 draft probes (block=6) to /home/patrickd/s5-capture/s2/c0/cap/drafts_p13_s000608.txt
[spec] decoding 8 tokens (block=6, draft passes=1, adaptK=1.50, prompt=13 s=609)...
  [margins] 12.00 1.02 5.54 9.35 5.88 1.29  K=2
  verify 1: accepted 1/1 (K=2) + correction -> +2 tokens (113.9 ms)  cpos=610
  [margins] 7.27 9.73 10.79 7.99 2.65 4.13  K=7
  verify 2: accepted 6/6 (K=7) + correction -> +7 tokens (215.6 ms)  cpos=617

[spec] generated 9 tokens over 2 verifies: mean tokens/verify = 4.50 (block=6, max 7)
[spec] tokens: 16 2281 14 696 554 5300 1926 270 4105
[spec] SPEC-DECODE: 30.8 ms/tok = 32.47 tok/s  (vs base M=1 69.1 ms/tok = 14.46 tok/s -> 2.25x)
[decode] PREFILL: 529 positions in 9547.5 ms = 55.4 tok/s (18.048 ms/tok)
[capture] wrote /home/patrickd/s5-capture/s2/c0/cap/shard_p14_s000529.dspc  529 tok x (3 taps + 1 lm_in) x 4096 = 16.5 MB (32.0 KB/tok)
[probe] wrote 16 draft probes (block=6) to /home/patrickd/s5-capture/s2/c0/cap/drafts_p14_s000529.txt
[spec] decoding 8 tokens (block=6, draft passes=1, adaptK=1.50, prompt=14 s=530)...
  [margins] 9.28 1.94 7.58 1.79 0.78 0.71  K=5
  verify 1: accepted 1/4 (K=5) + correction -> +2 tokens (159.6 ms)  cpos=531
  [margins] 7.48 0.30 1.23 0.95 1.93 0.16  K=2
  verify 2: accepted 1/1 (K=2) + correction -> +2 tokens (121.7 ms)  cpos=533
  [margins] 10.72 7.37 5.46 0.63 4.67 1.75  K=4
  verify 3: accepted 3/3 (K=4) + correction -> +4 tokens (145.6 ms)  cpos=537

[spec] generated 8 tokens over 3 verifies: mean tokens/verify = 2.67 (block=6, max 7)
[spec] tokens: 305 19041 16 455 7703 1531 990 366
[spec] SPEC-DECODE: 44.6 ms/tok = 22.45 tok/s  (vs base M=1 69.1 ms/tok = 14.46 tok/s -> 1.55x)
[decode] PREFILL: 672 positions in 12250.6 ms = 54.9 tok/s (18.230 ms/tok)
[capture] wrote /home/patrickd/s5-capture/s2/c0/cap/shard_p15_s000672.dspc  672 tok x (3 taps + 1 lm_in) x 4096 = 21.0 MB (32.0 KB/tok)
[probe] wrote 16 draft probes (block=6) to /home/patrickd/s5-capture/s2/c0/cap/drafts_p15_s000672.txt
[spec] decoding 8 tokens (block=6, draft passes=1, adaptK=1.50, prompt=15 s=673)...
  [margins] 9.93 14.81 10.91 13.99 10.75 11.15  K=7
  verify 1: accepted 6/6 (K=7) + correction -> +7 tokens (198.9 ms)  cpos=679
  [margins] 13.57 10.75 14.63 11.22 12.92 9.09  K=7
  verify 2: accepted 6/6 (K=7) + correction -> +7 tokens (206.0 ms)  cpos=686

[spec] generated 14 tokens over 2 verifies: mean tokens/verify = 7.00 (block=6, max 7)
[spec] tokens: 16 10634 16 10634 16 10634 16 10634 16 10634 16 10634 16 10634
[spec] SPEC-DECODE: 29.4 ms/tok = 33.99 tok/s  (vs base M=1 69.1 ms/tok = 14.46 tok/s -> 2.35x)
[decode] PREFILL: 561 positions in 10152.8 ms = 55.3 tok/s (18.098 ms/tok)
[capture] wrote /home/patrickd/s5-capture/s2/c0/cap/shard_p16_s000561.dspc  561 tok x (3 taps + 1 lm_in) x 4096 = 17.5 MB (32.0 KB/tok)
[probe] wrote 16 draft probes (block=6) to /home/patrickd/s5-capture/s2/c0/cap/drafts_p16_s000561.txt
[spec] decoding 8 tokens (block=6, draft passes=1, adaptK=1.50, prompt=16 s=562)...
  [margins] 11.88 13.86 14.69 14.19 7.09 3.95  K=7
  verify 1: accepted 6/6 (K=7) + correction -> +7 tokens (204.3 ms)  cpos=568
  [margins] 10.67 12.74 15.28 11.98 9.90 0.28  K=6
  verify 2: accepted 5/5 (K=6) + correction -> +6 tokens (176.7 ms)  cpos=574

[spec] generated 13 tokens over 2 verifies: mean tokens/verify = 6.50 (block=6, max 7)
[spec] tokens: 15750 28 7697 1400 349 271 81744 1051 41662 64627 343 63584 76221
[spec] SPEC-DECODE: 29.5 ms/tok = 33.95 tok/s  (vs base M=1 69.1 ms/tok = 14.46 tok/s -> 2.35x)
[decode] PREFILL: 557 positions in 10055.8 ms = 55.4 tok/s (18.054 ms/tok)
[capture] wrote /home/patrickd/s5-capture/s2/c0/cap/shard_p17_s000557.dspc  557 tok x (3 taps + 1 lm_in) x 4096 = 17.4 MB (32.0 KB/tok)
[probe] wrote 16 draft probes (block=6) to /home/patrickd/s5-capture/s2/c0/cap/drafts_p17_s000557.txt
[spec] decoding 8 tokens (block=6, draft passes=1, adaptK=1.50, prompt=17 s=558)...
  [margins] 11.88 16.64 16.01 12.82 11.91 7.49  K=7
  verify 1: accepted 6/6 (K=7) + correction -> +7 tokens (209.4 ms)  cpos=564
  [margins] 13.52 17.11 13.09 14.42 14.22 16.88  K=7
  verify 2: accepted 6/6 (K=7) + correction -> +7 tokens (201.5 ms)  cpos=571

[spec] generated 14 tokens over 2 verifies: mean tokens/verify = 7.00 (block=6, max 7)
[spec] tokens: 103838 438 223 20 5949 16 262 20 12 21 438 223 24 22864
[spec] SPEC-DECODE: 28.8 ms/tok = 34.74 tok/s  (vs base M=1 69.1 ms/tok = 14.46 tok/s -> 2.40x)
[decode] PREFILL: 672 positions in 12257.7 ms = 54.8 tok/s (18.241 ms/tok)
[capture] wrote /home/patrickd/s5-capture/s2/c0/cap/shard_p18_s000672.dspc  672 tok x (3 taps + 1 lm_in) x 4096 = 21.0 MB (32.0 KB/tok)
[probe] wrote 16 draft probes (block=6) to /home/patrickd/s5-capture/s2/c0/cap/drafts_p18_s000672.txt
[spec] decoding 8 tokens (block=6, draft passes=1, adaptK=1.50, prompt=18 s=673)...
  [margins] 2.75 7.18 0.32 0.11 0.88 0.73  K=3
  verify 1: accepted 1/2 (K=3) + correction -> +2 tokens (130.8 ms)  cpos=674
  [margins] 0.07 3.75 0.17 2.16 0.66 1.08  K=3
  verify 2: accepted 0/2 (K=3) + correction -> +1 tokens (138.1 ms)  cpos=675
  [margins] 3.66 3.62 3.52 2.83 2.51 4.32  K=7
  verify 3: accepted 0/6 (K=7) + correction -> +1 tokens (206.8 ms)  cpos=676
  [margins] 0.68 2.50 3.03 0.80 0.04 0.40  K=4
  verify 4: accepted 0/3 (K=4) + correction -> +1 tokens (148.9 ms)  cpos=677
  [margins] 1.85 3.88 2.64 1.99 2.43 4.30  K=7
  verify 5: accepted 0/6 (K=7) + correction -> +1 tokens (201.7 ms)  cpos=678
  [margins] 0.53 1.40 4.29 0.29 0.14 4.15  K=2
  verify 6: accepted 0/1 (K=2) + correction -> +1 tokens (125.9 ms)  cpos=679
  [margins] 2.24 3.68 1.82 2.04 2.33 4.82  K=7
  verify 7: accepted 0/6 (K=7) + correction -> +1 tokens (202.2 ms)  cpos=680

[spec] generated 8 tokens over 7 verifies: mean tokens/verify = 1.14 (block=6, max 7)
[spec] tokens: 1 16 1 16 1 16 1 16
[spec] SPEC-DECODE: 170.6 ms/tok = 5.86 tok/s  (vs base M=1 69.1 ms/tok = 14.46 tok/s -> 0.41x)
[decode] PREFILL: 527 positions in 9487.3 ms = 55.5 tok/s (18.002 ms/tok)
[capture] wrote /home/patrickd/s5-capture/s2/c0/cap/shard_p19_s000527.dspc  527 tok x (3 taps + 1 lm_in) x 4096 = 16.5 MB (32.0 KB/tok)
[probe] wrote 16 draft probes (block=6) to /home/patrickd/s5-capture/s2/c0/cap/drafts_p19_s000527.txt
[spec] decoding 8 tokens (block=6, draft passes=1, adaptK=1.50, prompt=19 s=528)...
  [margins] 3.24 5.31 1.01 0.69 3.54 1.02  K=3
  verify 1: accepted 2/2 (K=3) + correction -> +3 tokens (132.6 ms)  cpos=530
  [margins] 0.06 0.55 0.07 0.57 2.02 0.35  K=2
  verify 2: accepted 0/1 (K=2) + correction -> +1 tokens (120.2 ms)  cpos=531
  [margins] 8.86 3.79 9.94 9.29 7.10 2.99  K=7
  verify 3: accepted 1/6 (K=7) + correction -> +2 tokens (206.0 ms)  cpos=533
  [margins] 11.03 12.22 7.67 5.87 7.71 0.98  K=6
  verify 4: accepted 5/5 (K=6) + correction -> +6 tokens (172.4 ms)  cpos=539

[spec] generated 12 tokens over 4 verifies: mean tokens/verify = 3.00 (block=6, max 7)
[spec] tokens: 2155 16 1004 7805 28 343 19 11 223 939 19 16
[spec] SPEC-DECODE: 55.4 ms/tok = 18.05 tok/s  (vs base M=1 69.1 ms/tok = 14.46 tok/s -> 1.25x)
[decode] PREFILL: 540 positions in 9728.4 ms = 55.5 tok/s (18.016 ms/tok)
[capture] wrote /home/patrickd/s5-capture/s2/c0/cap/shard_p20_s000540.dspc  540 tok x (3 taps + 1 lm_in) x 4096 = 16.9 MB (32.0 KB/tok)
[probe] wrote 16 draft probes (block=6) to /home/patrickd/s5-capture/s2/c0/cap/drafts_p20_s000540.txt
[spec] decoding 8 tokens (block=6, draft passes=1, adaptK=1.50, prompt=20 s=541)...
  [margins] 10.46 12.73 1.94 2.72 6.82 0.11  K=6
  verify 1: accepted 5/5 (K=6) + correction -> +6 tokens (180.1 ms)  cpos=546
  [margins] 13.39 4.17 8.49 10.48 9.18 3.23  K=7
  verify 2: accepted 6/6 (K=7) + correction -> +7 tokens (212.1 ms)  cpos=553

[spec] generated 13 tokens over 2 verifies: mean tokens/verify = 6.50 (block=6, max 7)
[spec] tokens: 477 990 1669 295 1093 5873 5407 16 455 3851 3687 477 990
[spec] SPEC-DECODE: 30.3 ms/tok = 33.01 tok/s  (vs base M=1 69.1 ms/tok = 14.46 tok/s -> 2.28x)
[decode] PREFILL: 676 positions in 12355.3 ms = 54.7 tok/s (18.277 ms/tok)
[capture] wrote /home/patrickd/s5-capture/s2/c0/cap/shard_p21_s000676.dspc  676 tok x (3 taps + 1 lm_in) x 4096 = 21.1 MB (32.0 KB/tok)
[probe] wrote 16 draft probes (block=6) to /home/patrickd/s5-capture/s2/c0/cap/drafts_p21_s000676.txt
[spec] decoding 8 tokens (block=6, draft passes=1, adaptK=1.50, prompt=21 s=677)...
  [margins] 10.35 10.69 13.81 9.82 15.88 6.09  K=7
  verify 1: accepted 6/6 (K=7) + correction -> +7 tokens (210.4 ms)  cpos=683
  [margins] 11.73 5.22 14.79 10.24 4.16 0.32  K=6
  verify 2: accepted 5/5 (K=6) + correction -> +6 tokens (192.7 ms)  cpos=689

[spec] generated 13 tokens over 2 verifies: mean tokens/verify = 6.50 (block=6, max 7)
[spec] tokens: 3549 3194 4863 1499 362 12449 6401 295 270 3076 21928 305 10370
[spec] SPEC-DECODE: 32.1 ms/tok = 31.14 tok/s  (vs base M=1 69.1 ms/tok = 14.46 tok/s -> 2.15x)
[decode] PREFILL: 540 positions in 9727.1 ms = 55.5 tok/s (18.013 ms/tok)
[capture] wrote /home/patrickd/s5-capture/s2/c0/cap/shard_p22_s000540.dspc  540 tok x (3 taps + 1 lm_in) x 4096 = 16.9 MB (32.0 KB/tok)
[probe] wrote 16 draft probes (block=6) to /home/patrickd/s5-capture/s2/c0/cap/drafts_p22_s000540.txt
[spec] decoding 8 tokens (block=6, draft passes=1, adaptK=1.50, prompt=22 s=541)...
  [margins] 20.09 15.94 12.05 11.57 4.06 0.53  K=6
  verify 1: accepted 5/5 (K=6) + correction -> +6 tokens (177.5 ms)  cpos=546
  [margins] 8.22 5.66 8.06 10.50 3.60 1.78  K=7
  verify 2: accepted 6/6 (K=7) + correction -> +7 tokens (205.9 ms)  cpos=553

[spec] generated 13 tokens over 2 verifies: mean tokens/verify = 6.50 (block=6, max 7)
[spec] tokens: 126705 14 3418 5203 9854 16 15361 270 15255 2019 16 9909 1353
[spec] SPEC-DECODE: 29.4 ms/tok = 34.00 tok/s  (vs base M=1 69.1 ms/tok = 14.46 tok/s -> 2.35x)
[decode] PREFILL: 954 positions in 17803.3 ms = 53.6 tok/s (18.662 ms/tok)
[capture] wrote /home/patrickd/s5-capture/s2/c0/cap/shard_p23_s000954.dspc  954 tok x (3 taps + 1 lm_in) x 4096 = 29.8 MB (32.0 KB/tok)
[probe] wrote 16 draft probes (block=6) to /home/patrickd/s5-capture/s2/c0/cap/drafts_p23_s000954.txt
[spec] decoding 8 tokens (block=6, draft passes=1, adaptK=1.50, prompt=23 s=955)...
  [margins] 17.20 16.62 13.10 14.22 9.65 9.72  K=7
  verify 1: accepted 6/6 (K=7) + correction -> +7 tokens (226.8 ms)  cpos=961
  [margins] 13.77 9.27 10.76 4.83 0.04 0.54  K=5
  verify 2: accepted 4/4 (K=5) + correction -> +5 tokens (169.6 ms)  cpos=966

[spec] generated 12 tokens over 2 verifies: mean tokens/verify = 6.00 (block=6, max 7)
[spec] tokens: 1347 294 53219 89501 11368 339 32111 377 270 14108 3554 28
[spec] SPEC-DECODE: 33.9 ms/tok = 29.48 tok/s  (vs base M=1 69.1 ms/tok = 14.46 tok/s -> 2.04x)
[decode] PREFILL: 532 positions in 9601.8 ms = 55.4 tok/s (18.048 ms/tok)
[capture] wrote /home/patrickd/s5-capture/s2/c0/cap/shard_p24_s000532.dspc  532 tok x (3 taps + 1 lm_in) x 4096 = 16.6 MB (32.0 KB/tok)
[probe] wrote 16 draft probes (block=6) to /home/patrickd/s5-capture/s2/c0/cap/drafts_p24_s000532.txt
[spec] decoding 8 tokens (block=6, draft passes=1, adaptK=1.50, prompt=24 s=533)...
  [margins] 12.38 23.11 3.74 14.15 8.28 10.23  K=7
  verify 1: accepted 6/6 (K=7) + correction -> +7 tokens (203.6 ms)  cpos=539
  [margins] 17.24 15.14 15.70 3.89 11.01 8.06  K=7
  verify 2: accepted 6/6 (K=7) + correction -> +7 tokens (213.4 ms)  cpos=546

[spec] generated 14 tokens over 2 verifies: mean tokens/verify = 7.00 (block=6, max 7)
[spec] tokens: 52361 350 13175 515 3667 304 57003 295 223 1357 25 16 455 1257
[spec] SPEC-DECODE: 30.5 ms/tok = 32.81 tok/s  (vs base M=1 69.1 ms/tok = 14.46 tok/s -> 2.27x)
[decode] PREFILL: 532 positions in 9596.7 ms = 55.4 tok/s (18.039 ms/tok)
[capture] wrote /home/patrickd/s5-capture/s2/c0/cap/shard_p25_s000532.dspc  532 tok x (3 taps + 1 lm_in) x 4096 = 16.6 MB (32.0 KB/tok)
[probe] wrote 16 draft probes (block=6) to /home/patrickd/s5-capture/s2/c0/cap/drafts_p25_s000532.txt
[spec] decoding 8 tokens (block=6, draft passes=1, adaptK=1.50, prompt=25 s=533)...
  [margins] 15.29 6.89 13.95 11.99 6.79 12.37  K=7
  verify 1: accepted 6/6 (K=7) + correction -> +7 tokens (195.1 ms)  cpos=539
  [margins] 7.87 13.20 11.24 5.43 13.07 9.84  K=7
  verify 2: accepted 6/6 (K=7) + correction -> +7 tokens (199.9 ms)  cpos=546

[spec] generated 14 tokens over 2 verifies: mean tokens/verify = 7.00 (block=6, max 7)
[spec] tokens: 86 16 11628 86 16 11628 86 16 11628 86 16 11628 86 16
[spec] SPEC-DECODE: 28.6 ms/tok = 35.02 tok/s  (vs base M=1 69.1 ms/tok = 14.46 tok/s -> 2.42x)
[decode] PREFILL: 606 positions in 10981.2 ms = 55.2 tok/s (18.121 ms/tok)
[capture] wrote /home/patrickd/s5-capture/s2/c0/cap/shard_p26_s000606.dspc  606 tok x (3 taps + 1 lm_in) x 4096 = 18.9 MB (32.0 KB/tok)
[probe] wrote 16 draft probes (block=6) to /home/patrickd/s5-capture/s2/c0/cap/drafts_p26_s000606.txt
[spec] decoding 8 tokens (block=6, draft passes=1, adaptK=1.50, prompt=26 s=607)...
  [margins] 4.34 4.03 10.39 8.38 7.55 4.56  K=7
  verify 1: accepted 6/6 (K=7) + correction -> +7 tokens (212.4 ms)  cpos=613
  [margins] 12.41 19.41 3.85 4.11 9.81 7.64  K=7
  verify 2: accepted 3/6 (K=7) + correction -> +4 tokens (212.5 ms)  cpos=617

[spec] generated 11 tokens over 2 verifies: mean tokens/verify = 5.50 (block=6, max 7)
[spec] tokens: 401 20706 14 270 4105 344 2496 5598 1138 16 5629
[spec] SPEC-DECODE: 53.1 ms/tok = 18.82 tok/s  (vs base M=1 69.1 ms/tok = 14.46 tok/s -> 1.30x)
[decode] PREFILL: 532 positions in 9591.9 ms = 55.5 tok/s (18.030 ms/tok)
[capture] wrote /home/patrickd/s5-capture/s2/c0/cap/shard_p27_s000532.dspc  532 tok x (3 taps + 1 lm_in) x 4096 = 16.6 MB (32.0 KB/tok)
[probe] wrote 16 draft probes (block=6) to /home/patrickd/s5-capture/s2/c0/cap/drafts_p27_s000532.txt
[spec] decoding 8 tokens (block=6, draft passes=1, adaptK=1.50, prompt=27 s=533)...
  [margins] 4.37 6.07 8.69 10.78 6.34 8.39  K=7
  verify 1: accepted 6/6 (K=7) + correction -> +7 tokens (202.6 ms)  cpos=539
  [margins] 13.95 13.80 15.77 9.23 8.47 3.96  K=7
  verify 2: accepted 6/6 (K=7) + correction -> +7 tokens (209.0 ms)  cpos=546

[spec] generated 14 tokens over 2 verifies: mean tokens/verify = 7.00 (block=6, max 7)
[spec] tokens: 33 565 342 4571 260 5594 20694 295 1499 6262 305 30265 14 305
[spec] SPEC-DECODE: 29.9 ms/tok = 33.49 tok/s  (vs base M=1 69.1 ms/tok = 14.46 tok/s -> 2.32x)
[decode] PREFILL: 545 positions in 9851.6 ms = 55.3 tok/s (18.076 ms/tok)
[capture] wrote /home/patrickd/s5-capture/s2/c0/cap/shard_p28_s000545.dspc  545 tok x (3 taps + 1 lm_in) x 4096 = 17.0 MB (32.0 KB/tok)
[probe] wrote 16 draft probes (block=6) to /home/patrickd/s5-capture/s2/c0/cap/drafts_p28_s000545.txt
[spec] decoding 8 tokens (block=6, draft passes=1, adaptK=1.50, prompt=28 s=546)...
  [margins] 2.90 4.45 1.54 1.85 2.01 1.35  K=6
  verify 1: accepted 0/5 (K=6) + correction -> +1 tokens (172.6 ms)  cpos=546
  [margins] 14.55 5.57 4.90 3.81 2.47 2.45  K=7
  verify 2: accepted 2/6 (K=7) + correction -> +3 tokens (202.4 ms)  cpos=549
  [margins] 0.30 0.16 1.91 0.09 1.65 0.33  K=2
  verify 3: accepted 0/1 (K=2) + correction -> +1 tokens (112.7 ms)  cpos=550
  [margins] 3.13 3.35 0.93 1.75 1.04 0.43  K=3
  verify 4: accepted 0/2 (K=3) + correction -> +1 tokens (131.2 ms)  cpos=551
  [margins] 3.86 0.74 0.20 0.32 1.36 3.01  K=2
  verify 5: accepted 0/1 (K=2) + correction -> +1 tokens (120.0 ms)  cpos=552
  [margins] 10.22 9.40 2.53 1.22 2.27 4.00  K=4
  verify 6: accepted 2/3 (K=4) + correction -> +3 tokens (143.3 ms)  cpos=555

[spec] generated 10 tokens over 6 verifies: mean tokens/verify = 1.67 (block=6, max 7)
[spec] tokens: 1912 505 16 90860 89812 80325 4705 458 434 20775
[spec] SPEC-DECODE: 78.8 ms/tok = 12.68 tok/s  (vs base M=1 69.1 ms/tok = 14.46 tok/s -> 0.88x)
[decode] PREFILL: 534 positions in 9627.7 ms = 55.5 tok/s (18.029 ms/tok)
[capture] wrote /home/patrickd/s5-capture/s2/c0/cap/shard_p29_s000534.dspc  534 tok x (3 taps + 1 lm_in) x 4096 = 16.7 MB (32.0 KB/tok)
[probe] wrote 16 draft probes (block=6) to /home/patrickd/s5-capture/s2/c0/cap/drafts_p29_s000534.txt
[spec] decoding 8 tokens (block=6, draft passes=1, adaptK=1.50, prompt=29 s=535)...
  [margins] 19.89 10.98 8.52 5.84 10.64 0.58  K=6
  verify 1: accepted 5/5 (K=6) + correction -> +6 tokens (181.2 ms)  cpos=540
  [margins] 15.13 5.07 4.33 7.01 1.68 2.93  K=7
  verify 2: accepted 4/6 (K=7) + correction -> +5 tokens (196.8 ms)  cpos=545

[spec] generated 11 tokens over 2 verifies: mean tokens/verify = 5.50 (block=6, max 7)
[spec] tokens: 65 5136 1537 10 223 53050 223 1900 88 10 1204
[spec] SPEC-DECODE: 39.4 ms/tok = 25.41 tok/s  (vs base M=1 69.1 ms/tok = 14.46 tok/s -> 1.76x)
[decode] PREFILL: 672 positions in 12270.6 ms = 54.8 tok/s (18.260 ms/tok)
[capture] wrote /home/patrickd/s5-capture/s2/c0/cap/shard_p30_s000672.dspc  672 tok x (3 taps + 1 lm_in) x 4096 = 21.0 MB (32.0 KB/tok)
[probe] wrote 16 draft probes (block=6) to /home/patrickd/s5-capture/s2/c0/cap/drafts_p30_s000672.txt
[spec] decoding 8 tokens (block=6, draft passes=1, adaptK=1.50, prompt=30 s=673)...
  [margins] 1.92 0.74 7.93 4.28 2.66 1.57  K=2
  verify 1: accepted 1/1 (K=2) + correction -> +2 tokens (118.4 ms)  cpos=674
  [margins] 15.92 16.12 1.31 1.97 1.95 0.96  K=3
  verify 2: accepted 2/2 (K=3) + correction -> +3 tokens (140.7 ms)  cpos=677
  [margins] 1.35 5.84 5.36 3.07 3.12 0.75  K=6
  verify 3: accepted 0/5 (K=6) + correction -> +1 tokens (184.5 ms)  cpos=678
  [margins] 15.88 6.57 2.73 3.24 2.93 2.51  K=7
  verify 4: accepted 5/6 (K=7) + correction -> +6 tokens (212.4 ms)  cpos=684

[spec] generated 12 tokens over 4 verifies: mean tokens/verify = 3.00 (block=6, max 7)
[spec] tokens: 343 75 4987 1042 554 3504 304 11226 5610 754 270 5731
[spec] SPEC-DECODE: 53.8 ms/tok = 18.60 tok/s  (vs base M=1 69.1 ms/tok = 14.46 tok/s -> 1.29x)
[decode] PREFILL: 535 positions in 9642.0 ms = 55.5 tok/s (18.023 ms/tok)
[capture] wrote /home/patrickd/s5-capture/s2/c0/cap/shard_p31_s000535.dspc  535 tok x (3 taps + 1 lm_in) x 4096 = 16.7 MB (32.0 KB/tok)
[probe] wrote 16 draft probes (block=6) to /home/patrickd/s5-capture/s2/c0/cap/drafts_p31_s000535.txt
[spec] decoding 8 tokens (block=6, draft passes=1, adaptK=1.50, prompt=31 s=536)...
  [margins] 8.92 12.48 11.63 10.08 10.14 9.42  K=7
  verify 1: accepted 6/6 (K=7) + correction -> +7 tokens (201.8 ms)  cpos=542
  [margins] 14.74 11.02 9.31 13.56 9.90 9.42  K=7
  verify 2: accepted 6/6 (K=7) + correction -> +7 tokens (199.9 ms)  cpos=549

[spec] generated 14 tokens over 2 verifies: mean tokens/verify = 7.00 (block=6, max 7)
[spec] tokens: 16 316 2585 16 316 2585 16 316 2585 16 316 2585 16 316
[spec] SPEC-DECODE: 28.6 ms/tok = 35.02 tok/s  (vs base M=1 69.1 ms/tok = 14.46 tok/s -> 2.42x)
[decode] PREFILL: 672 positions in 12244.9 ms = 54.9 tok/s (18.222 ms/tok)
[capture] wrote /home/patrickd/s5-capture/s2/c0/cap/shard_p32_s000672.dspc  672 tok x (3 taps + 1 lm_in) x 4096 = 21.0 MB (32.0 KB/tok)
[probe] wrote 16 draft probes (block=6) to /home/patrickd/s5-capture/s2/c0/cap/drafts_p32_s000672.txt
[spec] decoding 8 tokens (block=6, draft passes=1, adaptK=1.50, prompt=32 s=673)...
  [margins] 14.17 17.15 8.10 12.81 7.19 8.47  K=7
  verify 1: accepted 6/6 (K=7) + correction -> +7 tokens (204.5 ms)  cpos=679
  [margins] 12.40 8.65 2.60 5.25 3.19 5.01  K=7
  verify 2: accepted 5/6 (K=7) + correction -> +6 tokens (212.0 ms)  cpos=685

[spec] generated 13 tokens over 2 verifies: mean tokens/verify = 6.50 (block=6, max 7)
[spec] tokens: 14 7081 14726 85 39003 32725 2755 88031 28 1653 15387 11718 14
[spec] SPEC-DECODE: 35.3 ms/tok = 28.31 tok/s  (vs base M=1 69.1 ms/tok = 14.46 tok/s -> 1.96x)
[decode] PREFILL: 599 positions in 10839.2 ms = 55.3 tok/s (18.096 ms/tok)
[capture] wrote /home/patrickd/s5-capture/s2/c0/cap/shard_p33_s000599.dspc  599 tok x (3 taps + 1 lm_in) x 4096 = 18.7 MB (32.0 KB/tok)
[probe] wrote 16 draft probes (block=6) to /home/patrickd/s5-capture/s2/c0/cap/drafts_p33_s000599.txt
[spec] decoding 8 tokens (block=6, draft passes=1, adaptK=1.50, prompt=33 s=600)...
  [margins] 19.06 15.55 15.88 19.13 9.97 1.57  K=7
  verify 1: accepted 6/6 (K=7) + correction -> +7 tokens (214.7 ms)  cpos=606
  [margins] 10.05 13.06 14.98 17.37 12.66 14.70  K=7
  verify 2: accepted 6/6 (K=7) + correction -> +7 tokens (213.9 ms)  cpos=613

[spec] generated 14 tokens over 2 verifies: mean tokens/verify = 7.00 (block=6, max 7)
[spec] tokens: 28 223 21 82 64901 1615 3749 455 3287 344 28 223 21 82
[spec] SPEC-DECODE: 30.6 ms/tok = 32.73 tok/s  (vs base M=1 69.1 ms/tok = 14.46 tok/s -> 2.26x)
[decode] PREFILL: 672 positions in 12252.3 ms = 54.8 tok/s (18.233 ms/tok)
[capture] wrote /home/patrickd/s5-capture/s2/c0/cap/shard_p34_s000672.dspc  672 tok x (3 taps + 1 lm_in) x 4096 = 21.0 MB (32.0 KB/tok)
[probe] wrote 16 draft probes (block=6) to /home/patrickd/s5-capture/s2/c0/cap/drafts_p34_s000672.txt
[spec] decoding 8 tokens (block=6, draft passes=1, adaptK=1.50, prompt=34 s=673)...
  [margins] 14.51 10.82 15.99 14.59 10.96 11.49  K=7
  verify 1: accepted 6/6 (K=7) + correction -> +7 tokens (206.8 ms)  cpos=679
  [margins] 15.61 16.20 13.05 14.35 12.99 11.06  K=7
  verify 2: accepted 6/6 (K=7) + correction -> +7 tokens (211.7 ms)  cpos=686

[spec] generated 14 tokens over 2 verifies: mean tokens/verify = 7.00 (block=6, max 7)
[spec] tokens: 223 24 14 223 25 14 223 26 14 223 27 14 223 553
[spec] SPEC-DECODE: 30.2 ms/tok = 33.07 tok/s  (vs base M=1 69.1 ms/tok = 14.46 tok/s -> 2.29x)
[decode] PREFILL: 672 positions in 12253.6 ms = 54.8 tok/s (18.235 ms/tok)
[capture] wrote /home/patrickd/s5-capture/s2/c0/cap/shard_p35_s000672.dspc  672 tok x (3 taps + 1 lm_in) x 4096 = 21.0 MB (32.0 KB/tok)
[probe] wrote 16 draft probes (block=6) to /home/patrickd/s5-capture/s2/c0/cap/drafts_p35_s000672.txt
[spec] decoding 8 tokens (block=6, draft passes=1, adaptK=1.50, prompt=35 s=673)...
  [margins] 6.65 13.78 12.98 6.70 11.36 6.84  K=7
  verify 1: accepted 6/6 (K=7) + correction -> +7 tokens (201.2 ms)  cpos=679
  [margins] 14.40 14.08 6.01 14.65 12.52 5.90  K=7
  verify 2: accepted 6/6 (K=7) + correction -> +7 tokens (208.8 ms)  cpos=686

[spec] generated 14 tokens over 2 verifies: mean tokens/verify = 7.00 (block=6, max 7)
[spec] tokens: 16 4617 272 16 4617 272 16 4617 272 16 4617 272 16 4617
[spec] SPEC-DECODE: 29.8 ms/tok = 33.52 tok/s  (vs base M=1 69.1 ms/tok = 14.46 tok/s -> 2.32x)
[decode] PREFILL: 542 positions in 9763.6 ms = 55.5 tok/s (18.014 ms/tok)
[capture] wrote /home/patrickd/s5-capture/s2/c0/cap/shard_p36_s000542.dspc  542 tok x (3 taps + 1 lm_in) x 4096 = 16.9 MB (32.0 KB/tok)
[probe] wrote 16 draft probes (block=6) to /home/patrickd/s5-capture/s2/c0/cap/drafts_p36_s000542.txt
[spec] decoding 8 tokens (block=6, draft passes=1, adaptK=1.50, prompt=36 s=543)...
  [margins] 5.54 10.37 7.16 9.74 5.67 6.86  K=7
  verify 1: accepted 0/6 (K=7) + correction -> +1 tokens (208.6 ms)  cpos=543
  [margins] 13.20 12.40 9.71 11.94 8.74 5.87  K=7
  verify 2: accepted 6/6 (K=7) + correction -> +7 tokens (207.0 ms)  cpos=550

[spec] generated 8 tokens over 2 verifies: mean tokens/verify = 4.00 (block=6, max 7)
[spec] tokens: 438 764 27 14 223 21 14 223
[spec] SPEC-DECODE: 29.6 ms/tok = 33.81 tok/s  (vs base M=1 69.1 ms/tok = 14.46 tok/s -> 2.34x)
[decode] PREFILL: 597 positions in 10821.4 ms = 55.2 tok/s (18.126 ms/tok)
[capture] wrote /home/patrickd/s5-capture/s2/c0/cap/shard_p37_s000597.dspc  597 tok x (3 taps + 1 lm_in) x 4096 = 18.7 MB (32.0 KB/tok)
[probe] wrote 16 draft probes (block=6) to /home/patrickd/s5-capture/s2/c0/cap/drafts_p37_s000597.txt
[spec] decoding 8 tokens (block=6, draft passes=1, adaptK=1.50, prompt=37 s=598)...
  [margins] 14.86 9.14 13.46 11.23 8.13 13.81  K=7
  verify 1: accepted 6/6 (K=7) + correction -> +7 tokens (206.6 ms)  cpos=604
  [margins] 7.81 11.87 9.80 6.19 11.76 10.48  K=7
  verify 2: accepted 6/6 (K=7) + correction -> +7 tokens (197.6 ms)  cpos=611

[spec] generated 14 tokens over 2 verifies: mean tokens/verify = 7.00 (block=6, max 7)
[spec] tokens: 86 16 11628 86 16 11628 86 16 11628 86 16 11628 86 16
[spec] SPEC-DECODE: 28.2 ms/tok = 35.42 tok/s  (vs base M=1 69.1 ms/tok = 14.46 tok/s -> 2.45x)
[decode] PREFILL: 524 positions in 9440.0 ms = 55.5 tok/s (18.015 ms/tok)
[capture] wrote /home/patrickd/s5-capture/s2/c0/cap/shard_p38_s000524.dspc  524 tok x (3 taps + 1 lm_in) x 4096 = 16.4 MB (32.0 KB/tok)
[probe] wrote 16 draft probes (block=6) to /home/patrickd/s5-capture/s2/c0/cap/drafts_p38_s000524.txt
[spec] decoding 8 tokens (block=6, draft passes=1, adaptK=1.50, prompt=38 s=525)...
  [margins] 4.73 3.01 7.83 5.42 2.80 5.90  K=7
  verify 1: accepted 6/6 (K=7) + correction -> +7 tokens (199.5 ms)  cpos=531
  [margins] 17.09 4.63 8.50 3.91 6.43 0.89  K=6
  verify 2: accepted 5/5 (K=6) + correction -> +6 tokens (185.8 ms)  cpos=537

[spec] generated 13 tokens over 2 verifies: mean tokens/verify = 6.50 (block=6, max 7)
[spec] tokens: 377 1132 2310 344 582 671 60707 3063 4 343 792 27 754
[spec] SPEC-DECODE: 31.0 ms/tok = 32.30 tok/s  (vs base M=1 69.1 ms/tok = 14.46 tok/s -> 2.23x)
[decode] PREFILL: 546 positions in 9859.2 ms = 55.4 tok/s (18.057 ms/tok)
[capture] wrote /home/patrickd/s5-capture/s2/c0/cap/shard_p39_s000546.dspc  546 tok x (3 taps + 1 lm_in) x 4096 = 17.1 MB (32.0 KB/tok)
[probe] wrote 16 draft probes (block=6) to /home/patrickd/s5-capture/s2/c0/cap/drafts_p39_s000546.txt
[spec] decoding 8 tokens (block=6, draft passes=1, adaptK=1.50, prompt=39 s=547)...
  [margins] 15.66 13.80 16.52 13.42 16.11 10.01  K=7
  verify 1: accepted 6/6 (K=7) + correction -> +7 tokens (210.3 ms)  cpos=553
  [margins] 16.30 13.37 16.61 13.04 16.68 11.12  K=7
  verify 2: accepted 6/6 (K=7) + correction -> +7 tokens (209.7 ms)  cpos=560

[spec] generated 14 tokens over 2 verifies: mean tokens/verify = 7.00 (block=6, max 7)
[spec] tokens: 223 18 16 19 82 1461 3749 223 18 16 19 82 1461 3749
[spec] SPEC-DECODE: 30.0 ms/tok = 33.38 tok/s  (vs base M=1 69.1 ms/tok = 14.46 tok/s -> 2.31x)
[decode] PREFILL: 613 positions in 11094.7 ms = 55.3 tok/s (18.099 ms/tok)
[capture] wrote /home/patrickd/s5-capture/s2/c0/cap/shard_p40_s000613.dspc  613 tok x (3 taps + 1 lm_in) x 4096 = 19.2 MB (32.0 KB/tok)
[probe] wrote 16 draft probes (block=6) to /home/patrickd/s5-capture/s2/c0/cap/drafts_p40_s000613.txt
[spec] decoding 8 tokens (block=6, draft passes=1, adaptK=1.50, prompt=40 s=614)...
  [margins] 18.88 8.33 10.50 15.33 7.26 6.16  K=7
  verify 1: accepted 6/6 (K=7) + correction -> +7 tokens (205.8 ms)  cpos=620
  [margins] 9.12 12.15 18.79 8.24 9.70 4.07  K=7
  verify 2: accepted 6/6 (K=7) + correction -> +7 tokens (196.8 ms)  cpos=627

[spec] generated 14 tokens over 2 verifies: mean tokens/verify = 7.00 (block=6, max 7)
[spec] tokens: 34344 16 4100 34344 16 4100 34344 16 4100 34344 16 4100 34344 16
[spec] SPEC-DECODE: 28.1 ms/tok = 35.57 tok/s  (vs base M=1 69.1 ms/tok = 14.46 tok/s -> 2.46x)
[decode] PREFILL: 557 positions in 10053.5 ms = 55.4 tok/s (18.049 ms/tok)
[capture] wrote /home/patrickd/s5-capture/s2/c0/cap/shard_p41_s000557.dspc  557 tok x (3 taps + 1 lm_in) x 4096 = 17.4 MB (32.0 KB/tok)
[probe] wrote 16 draft probes (block=6) to /home/patrickd/s5-capture/s2/c0/cap/drafts_p41_s000557.txt
[spec] decoding 8 tokens (block=6, draft passes=1, adaptK=1.50, prompt=41 s=558)...
  [margins] 10.59 12.46 11.07 7.87 6.44 3.38  K=7
  verify 1: accepted 6/6 (K=7) + correction -> +7 tokens (207.2 ms)  cpos=564
  [margins] 12.28 13.53 11.15 6.20 6.82 2.54  K=7
  verify 2: accepted 5/6 (K=7) + correction -> +6 tokens (198.0 ms)  cpos=570

[spec] generated 13 tokens over 2 verifies: mean tokens/verify = 6.50 (block=6, max 7)
[spec] tokens: 271 12602 699 44134 1884 8507 11845 57449 271 12602 699 44134 1884
[spec] SPEC-DECODE: 33.0 ms/tok = 30.30 tok/s  (vs base M=1 69.1 ms/tok = 14.46 tok/s -> 2.10x)
[decode] PREFILL: 528 positions in 9503.6 ms = 55.6 tok/s (17.999 ms/tok)
[capture] wrote /home/patrickd/s5-capture/s2/c0/cap/shard_p42_s000528.dspc  528 tok x (3 taps + 1 lm_in) x 4096 = 16.5 MB (32.0 KB/tok)
[probe] wrote 16 draft probes (block=6) to /home/patrickd/s5-capture/s2/c0/cap/drafts_p42_s000528.txt
[spec] decoding 8 tokens (block=6, draft passes=1, adaptK=1.50, prompt=42 s=529)...
  [margins] 13.22 16.09 15.63 10.11 10.54 10.68  K=7
  verify 1: accepted 6/6 (K=7) + correction -> +7 tokens (206.0 ms)  cpos=535
  [margins] 16.43 15.99 19.81 14.51 15.68 13.40  K=7
  verify 2: accepted 6/6 (K=7) + correction -> +7 tokens (211.1 ms)  cpos=542

[spec] generated 14 tokens over 2 verifies: mean tokens/verify = 7.00 (block=6, max 7)
[spec] tokens: 682 15 489 5638 284 12122 201 15 11187 35381 201 15 28541 35381
[spec] SPEC-DECODE: 30.2 ms/tok = 33.16 tok/s  (vs base M=1 69.1 ms/tok = 14.46 tok/s -> 2.29x)
[decode] PREFILL: 595 positions in 10782.5 ms = 55.2 tok/s (18.122 ms/tok)
[capture] wrote /home/patrickd/s5-capture/s2/c0/cap/shard_p43_s000595.dspc  595 tok x (3 taps + 1 lm_in) x 4096 = 18.6 MB (32.0 KB/tok)
[probe] wrote 16 draft probes (block=6) to /home/patrickd/s5-capture/s2/c0/cap/drafts_p43_s000595.txt
[spec] decoding 8 tokens (block=6, draft passes=1, adaptK=1.50, prompt=43 s=596)...
  [margins] 7.86 1.79 2.47 0.33 8.60 0.01  K=4
  verify 1: accepted 0/3 (K=4) + correction -> +1 tokens (144.4 ms)  cpos=596
  [margins] 8.04 3.13 0.24 7.16 1.25 8.56  K=3
  verify 2: accepted 1/2 (K=3) + correction -> +2 tokens (126.5 ms)  cpos=598
  [margins] 4.96 1.94 4.48 0.24 8.86 0.09  K=4
  verify 3: accepted 1/3 (K=4) + correction -> +2 tokens (144.6 ms)  cpos=600
  [margins] 2.00 0.72 2.62 3.14 0.15 7.83  K=2
  verify 4: accepted 0/1 (K=2) + correction -> +1 tokens (114.2 ms)  cpos=601
  [margins] 5.73 0.26 2.03 6.66 0.80 6.57  K=2
  verify 5: accepted 1/1 (K=2) + correction -> +2 tokens (114.5 ms)  cpos=603

[spec] generated 8 tokens over 5 verifies: mean tokens/verify = 1.60 (block=6, max 7)
[spec] tokens: 52 8835 5249 54 17698 5903 17698 19
[spec] SPEC-DECODE: 71.4 ms/tok = 14.01 tok/s  (vs base M=1 69.1 ms/tok = 14.46 tok/s -> 0.97x)
[decode] PREFILL: 555 positions in 10017.5 ms = 55.4 tok/s (18.050 ms/tok)
[capture] wrote /home/patrickd/s5-capture/s2/c0/cap/shard_p44_s000555.dspc  555 tok x (3 taps + 1 lm_in) x 4096 = 17.3 MB (32.0 KB/tok)
[probe] wrote 16 draft probes (block=6) to /home/patrickd/s5-capture/s2/c0/cap/drafts_p44_s000555.txt
[spec] decoding 8 tokens (block=6, draft passes=1, adaptK=1.50, prompt=44 s=556)...
  [margins] 14.13 9.03 10.38 10.30 10.46 9.70  K=7
  verify 1: accepted 6/6 (K=7) + correction -> +7 tokens (201.7 ms)  cpos=562
  [margins] 11.03 13.26 10.74 11.30 10.94 10.15  K=7
  verify 2: accepted 6/6 (K=7) + correction -> +7 tokens (200.0 ms)  cpos=569

[spec] generated 14 tokens over 2 verifies: mean tokens/verify = 7.00 (block=6, max 7)
[spec] tokens: 16448 16 16448 16 16448 16 16448 16 16448 16 16448 16 16448 16
[spec] SPEC-DECODE: 28.6 ms/tok = 35.01 tok/s  (vs base M=1 69.1 ms/tok = 14.46 tok/s -> 2.42x)
[decode] PREFILL: 538 positions in 9683.5 ms = 55.6 tok/s (17.999 ms/tok)
[capture] wrote /home/patrickd/s5-capture/s2/c0/cap/shard_p45_s000538.dspc  538 tok x (3 taps + 1 lm_in) x 4096 = 16.8 MB (32.0 KB/tok)
[probe] wrote 16 draft probes (block=6) to /home/patrickd/s5-capture/s2/c0/cap/drafts_p45_s000538.txt
[spec] decoding 8 tokens (block=6, draft passes=1, adaptK=1.50, prompt=45 s=539)...
  [margins] 9.81 13.43 18.21 10.40 12.36 4.84  K=7
  verify 1: accepted 6/6 (K=7) + correction -> +7 tokens (200.3 ms)  cpos=545
  [margins] 12.80 19.17 12.33 12.30 14.43 2.54  K=7
  verify 2: accepted 6/6 (K=7) + correction -> +7 tokens (199.6 ms)  cpos=552

[spec] generated 14 tokens over 2 verifies: mean tokens/verify = 7.00 (block=6, max 7)
[spec] tokens: 16 359 11170 16 359 11170 16 359 11170 16 359 11170 16 359
[spec] SPEC-DECODE: 28.5 ms/tok = 35.08 tok/s  (vs base M=1 69.1 ms/tok = 14.46 tok/s -> 2.43x)
[decode] PREFILL: 611 positions in 11073.7 ms = 55.2 tok/s (18.124 ms/tok)
[capture] wrote /home/patrickd/s5-capture/s2/c0/cap/shard_p46_s000611.dspc  611 tok x (3 taps + 1 lm_in) x 4096 = 19.1 MB (32.0 KB/tok)
[probe] wrote 16 draft probes (block=6) to /home/patrickd/s5-capture/s2/c0/cap/drafts_p46_s000611.txt
[spec] decoding 8 tokens (block=6, draft passes=1, adaptK=1.50, prompt=46 s=612)...
  [margins] 17.11 15.67 17.91 15.03 14.19 6.76  K=7
  verify 1: accepted 6/6 (K=7) + correction -> +7 tokens (214.0 ms)  cpos=618
  [margins] 18.19 15.99 16.72 18.63 14.70 10.20  K=7
  verify 2: accepted 6/6 (K=7) + correction -> +7 tokens (214.2 ms)  cpos=625

[spec] generated 14 tokens over 2 verifies: mean tokens/verify = 7.00 (block=6, max 7)
[spec] tokens: 14 27548 19 31 22 16 5361 14 6059 20 31 2170 16 5361
[spec] SPEC-DECODE: 30.6 ms/tok = 32.69 tok/s  (vs base M=1 69.1 ms/tok = 14.46 tok/s -> 2.26x)
[decode] PREFILL: 538 positions in 9694.8 ms = 55.5 tok/s (18.020 ms/tok)
[capture] wrote /home/patrickd/s5-capture/s2/c0/cap/shard_p47_s000538.dspc  538 tok x (3 taps + 1 lm_in) x 4096 = 16.8 MB (32.0 KB/tok)
[probe] wrote 16 draft probes (block=6) to /home/patrickd/s5-capture/s2/c0/cap/drafts_p47_s000538.txt
[spec] decoding 8 tokens (block=6, draft passes=1, adaptK=1.50, prompt=47 s=539)...
  [margins] 0.42 0.02 2.67 0.81 0.34 0.16  K=2
  verify 1: accepted 1/1 (K=2) + correction -> +2 tokens (121.1 ms)  cpos=540
  [margins] 9.63 3.13 0.18 2.03 0.28 0.91  K=3
  verify 2: accepted 1/2 (K=3) + correction -> +2 tokens (124.1 ms)  cpos=542
  [margins] 0.54 4.21 3.87 5.32 1.01 1.24  K=5
  verify 3: accepted 1/4 (K=5) + correction -> +2 tokens (156.0 ms)  cpos=544
  [margins] 3.73 2.76 1.39 0.02 0.73 0.27  K=3
  verify 4: accepted 2/2 (K=3) + correction -> +3 tokens (127.1 ms)  cpos=547

[spec] generated 9 tokens over 4 verifies: mean tokens/verify = 2.25 (block=6, max 7)
[spec] tokens: 14 1345 412 8828 469 6345 14 778 588
[spec] SPEC-DECODE: 58.2 ms/tok = 17.19 tok/s  (vs base M=1 69.1 ms/tok = 14.46 tok/s -> 1.19x)
[decode] PREFILL: 538 positions in 9703.1 ms = 55.4 tok/s (18.036 ms/tok)
[capture] wrote /home/patrickd/s5-capture/s2/c0/cap/shard_p48_s000538.dspc  538 tok x (3 taps + 1 lm_in) x 4096 = 16.8 MB (32.0 KB/tok)
[probe] wrote 16 draft probes (block=6) to /home/patrickd/s5-capture/s2/c0/cap/drafts_p48_s000538.txt
[spec] decoding 8 tokens (block=6, draft passes=1, adaptK=1.50, prompt=48 s=539)...
  [margins] 7.78 1.56 7.44 12.63 0.40 1.28  K=5
  verify 1: accepted 4/4 (K=5) + correction -> +5 tokens (156.6 ms)  cpos=543
  [margins] 2.33 2.85 4.32 1.71 4.66 0.63  K=6
  verify 2: accepted 3/5 (K=6) + correction -> +4 tokens (182.6 ms)  cpos=547

[spec] generated 9 tokens over 2 verifies: mean tokens/verify = 4.50 (block=6, max 7)
[spec] tokens: 23 305 223 4460 16 455 2595 294 1345
[spec] SPEC-DECODE: 45.6 ms/tok = 21.91 tok/s  (vs base M=1 69.1 ms/tok = 14.46 tok/s -> 1.52x)
[decode] PREFILL: 618 positions in 11191.3 ms = 55.2 tok/s (18.109 ms/tok)
[capture] wrote /home/patrickd/s5-capture/s2/c0/cap/shard_p49_s000618.dspc  618 tok x (3 taps + 1 lm_in) x 4096 = 19.3 MB (32.0 KB/tok)
[probe] wrote 16 draft probes (block=6) to /home/patrickd/s5-capture/s2/c0/cap/drafts_p49_s000618.txt
[spec] decoding 8 tokens (block=6, draft passes=1, adaptK=1.50, prompt=49 s=619)...
  [margins] 13.97 10.19 11.83 14.32 6.78 2.41  K=7
  verify 1: accepted 5/6 (K=7) + correction -> +6 tokens (212.3 ms)  cpos=624
  [margins] 10.84 10.37 13.07 13.81 4.92 7.67  K=7
  verify 2: accepted 6/6 (K=7) + correction -> +7 tokens (206.7 ms)  cpos=631

[spec] generated 13 tokens over 2 verifies: mean tokens/verify = 6.50 (block=6, max 7)
[spec] tokens: 1354 270 37370 2019 16 4256 3465 344 7302 264 4214 10993 6538
[spec] SPEC-DECODE: 29.5 ms/tok = 33.86 tok/s  (vs base M=1 69.1 ms/tok = 14.46 tok/s -> 2.34x)
[decode] PREFILL: 656 positions in 11961.9 ms = 54.8 tok/s (18.235 ms/tok)
[capture] wrote /home/patrickd/s5-capture/s2/c0/cap/shard_p50_s000656.dspc  656 tok x (3 taps + 1 lm_in) x 4096 = 20.5 MB (32.0 KB/tok)
[probe] wrote 16 draft probes (block=6) to /home/patrickd/s5-capture/s2/c0/cap/drafts_p50_s000656.txt
[spec] decoding 8 tokens (block=6, draft passes=1, adaptK=1.50, prompt=50 s=657)...
  [margins] 10.39 2.21 0.12 0.86 0.54 1.46  K=3
  verify 1: accepted 2/2 (K=3) + correction -> +3 tokens (128.5 ms)  cpos=659
  [margins] 9.49 5.05 3.26 0.87 2.31 0.11  K=4
  verify 2: accepted 0/3 (K=4) + correction -> +1 tokens (149.8 ms)  cpos=660
  [margins] 6.60 5.48 3.13 2.50 3.39 0.06  K=6
  verify 3: accepted 3/5 (K=6) + correction -> +4 tokens (178.1 ms)  cpos=664

[spec] generated 8 tokens over 3 verifies: mean tokens/verify = 2.67 (block=6, max 7)
[spec] tokens: 22254 305 48766 646 14753 14 304 4819
[spec] SPEC-DECODE: 65.6 ms/tok = 15.24 tok/s  (vs base M=1 69.1 ms/tok = 14.46 tok/s -> 1.05x)
[decode] PREFILL: 538 positions in 9687.2 ms = 55.5 tok/s (18.006 ms/tok)
[capture] wrote /home/patrickd/s5-capture/s2/c0/cap/shard_p51_s000538.dspc  538 tok x (3 taps + 1 lm_in) x 4096 = 16.8 MB (32.0 KB/tok)
[probe] wrote 16 draft probes (block=6) to /home/patrickd/s5-capture/s2/c0/cap/drafts_p51_s000538.txt
[spec] decoding 8 tokens (block=6, draft passes=1, adaptK=1.50, prompt=51 s=539)...
  [margins] 18.25 6.73 16.23 10.64 9.44 7.60  K=7
  verify 1: accepted 6/6 (K=7) + correction -> +7 tokens (210.8 ms)  cpos=545
  [margins] 18.70 14.97 17.31 8.08 3.52 1.36  K=6
  verify 2: accepted 5/5 (K=6) + correction -> +6 tokens (178.3 ms)  cpos=551

[spec] generated 13 tokens over 2 verifies: mean tokens/verify = 6.50 (block=6, max 7)
[spec] tokens: 1354 270 2595 294 18543 2333 294 313 4095 3737 16 3749 455
[spec] SPEC-DECODE: 29.7 ms/tok = 33.66 tok/s  (vs base M=1 69.1 ms/tok = 14.46 tok/s -> 2.33x)
[decode] PREFILL: 531 positions in 9562.4 ms = 55.5 tok/s (18.008 ms/tok)
[capture] wrote /home/patrickd/s5-capture/s2/c0/cap/shard_p52_s000531.dspc  531 tok x (3 taps + 1 lm_in) x 4096 = 16.6 MB (32.0 KB/tok)
[probe] wrote 16 draft probes (block=6) to /home/patrickd/s5-capture/s2/c0/cap/drafts_p52_s000531.txt
[spec] decoding 8 tokens (block=6, draft passes=1, adaptK=1.50, prompt=52 s=532)...
  [margins] 8.35 12.53 8.36 12.13 8.94 9.91  K=7
  verify 1: accepted 6/6 (K=7) + correction -> +7 tokens (198.4 ms)  cpos=538
  [margins] 14.40 8.26 12.21 8.74 12.13 8.14  K=7
  verify 2: accepted 6/6 (K=7) + correction -> +7 tokens (200.8 ms)  cpos=545

[spec] generated 14 tokens over 2 verifies: mean tokens/verify = 7.00 (block=6, max 7)
[spec] tokens: 16 16448 16 16448 16 16448 16 16448 16 16448 16 16448 16 16448
[spec] SPEC-DECODE: 28.7 ms/tok = 34.87 tok/s  (vs base M=1 69.1 ms/tok = 14.46 tok/s -> 2.41x)
[decode] PREFILL: 1559 positions in 30509.1 ms = 51.1 tok/s (19.570 ms/tok)
[capture] wrote /home/patrickd/s5-capture/s2/c0/cap/shard_p53_s001559.dspc  1559 tok x (3 taps + 1 lm_in) x 4096 = 48.7 MB (32.0 KB/tok)
[probe] wrote 16 draft probes (block=6) to /home/patrickd/s5-capture/s2/c0/cap/drafts_p53_s001559.txt
[spec] decoding 8 tokens (block=6, draft passes=1, adaptK=1.50, prompt=53 s=1560)...
  [margins] 16.73 13.50 15.39 12.77 14.18 12.86  K=7
  verify 1: accepted 6/6 (K=7) + correction -> +7 tokens (259.9 ms)  cpos=1566
  [margins] 9.79 13.43 13.20 14.44 12.46 11.77  K=7
  verify 2: accepted 6/6 (K=7) + correction -> +7 tokens (255.9 ms)  cpos=1573

[spec] generated 14 tokens over 2 verifies: mean tokens/verify = 7.00 (block=6, max 7)
[spec] tokens: 7353 14 223 19 344 4813 16 3753 49722 14 223 19 344 4813
[spec] SPEC-DECODE: 36.6 ms/tok = 27.35 tok/s  (vs base M=1 69.1 ms/tok = 14.46 tok/s -> 1.89x)
[decode] PREFILL: 674 positions in 12319.3 ms = 54.7 tok/s (18.278 ms/tok)
[capture] wrote /home/patrickd/s5-capture/s2/c0/cap/shard_p54_s000674.dspc  674 tok x (3 taps + 1 lm_in) x 4096 = 21.1 MB (32.0 KB/tok)
[probe] wrote 16 draft probes (block=6) to /home/patrickd/s5-capture/s2/c0/cap/drafts_p54_s000674.txt
[spec] decoding 8 tokens (block=6, draft passes=1, adaptK=1.50, prompt=54 s=675)...
  [margins] 1.17 2.57 0.40 1.32 0.82 4.61  K=3
  verify 1: accepted 0/2 (K=3) + correction -> +1 tokens (140.7 ms)  cpos=675
  [margins] 9.53 0.56 0.87 1.80 0.05 2.10  K=2
  verify 2: accepted 1/1 (K=2) + correction -> +2 tokens (126.0 ms)  cpos=677
  [margins] 15.25 17.16 7.67 9.71 0.49 0.93  K=5
  verify 3: accepted 4/4 (K=5) + correction -> +5 tokens (162.5 ms)  cpos=682

[spec] generated 8 tokens over 3 verifies: mean tokens/verify = 2.67 (block=6, max 7)
[spec] tokens: 9 1812 39627 4941 481 9181 1381 47509
[spec] SPEC-DECODE: 41.2 ms/tok = 24.26 tok/s  (vs base M=1 69.1 ms/tok = 14.46 tok/s -> 1.68x)
[decode] PREFILL: 601 positions in 10891.1 ms = 55.2 tok/s (18.122 ms/tok)
[capture] wrote /home/patrickd/s5-capture/s2/c0/cap/shard_p55_s000601.dspc  601 tok x (3 taps + 1 lm_in) x 4096 = 18.8 MB (32.0 KB/tok)
[probe] wrote 16 draft probes (block=6) to /home/patrickd/s5-capture/s2/c0/cap/drafts_p55_s000601.txt
[spec] decoding 8 tokens (block=6, draft passes=1, adaptK=1.50, prompt=55 s=602)...
  [margins] 18.64 21.55 15.09 7.83 1.21 4.66  K=5
  verify 1: accepted 4/4 (K=5) + correction -> +5 tokens (164.3 ms)  cpos=606
  [margins] 11.62 5.23 15.61 14.94 7.05 3.00  K=7
  verify 2: accepted 5/6 (K=7) + correction -> +6 tokens (213.3 ms)  cpos=612

[spec] generated 11 tokens over 2 verifies: mean tokens/verify = 5.50 (block=6, max 7)
[spec] tokens: 1119 915 3051 16 32725 14 270 4105 1926 5231 14
[spec] SPEC-DECODE: 35.6 ms/tok = 28.12 tok/s  (vs base M=1 69.1 ms/tok = 14.46 tok/s -> 1.94x)
[decode] PREFILL: 573 positions in 10351.2 ms = 55.4 tok/s (18.065 ms/tok)
[capture] wrote /home/patrickd/s5-capture/s2/c0/cap/shard_p56_s000573.dspc  573 tok x (3 taps + 1 lm_in) x 4096 = 17.9 MB (32.0 KB/tok)
[probe] wrote 16 draft probes (block=6) to /home/patrickd/s5-capture/s2/c0/cap/drafts_p56_s000573.txt
[spec] decoding 8 tokens (block=6, draft passes=1, adaptK=1.50, prompt=56 s=574)...
  [margins] 16.36 16.94 3.22 0.36 5.44 1.93  K=4
  verify 1: accepted 3/3 (K=4) + correction -> +4 tokens (149.8 ms)  cpos=577
  [margins] 5.25 10.38 6.28 10.69 6.67 0.14  K=6
  verify 2: accepted 5/5 (K=6) + correction -> +6 tokens (179.6 ms)  cpos=583

[spec] generated 10 tokens over 2 verifies: mean tokens/verify = 5.00 (block=6, max 7)
[spec] tokens: 13009 13030 339 671 47784 4086 223 1484 42250 294
[spec] SPEC-DECODE: 29.9 ms/tok = 33.41 tok/s  (vs base M=1 69.1 ms/tok = 14.46 tok/s -> 2.31x)
[decode] PREFILL: 553 positions in 9974.4 ms = 55.4 tok/s (18.037 ms/tok)
[capture] wrote /home/patrickd/s5-capture/s2/c0/cap/shard_p57_s000553.dspc  553 tok x (3 taps + 1 lm_in) x 4096 = 17.3 MB (32.0 KB/tok)
[probe] wrote 16 draft probes (block=6) to /home/patrickd/s5-capture/s2/c0/cap/drafts_p57_s000553.txt
[spec] decoding 8 tokens (block=6, draft passes=1, adaptK=1.50, prompt=57 s=554)...
  [margins] 11.09 14.20 9.81 11.59 13.14 6.61  K=7
  verify 1: accepted 6/6 (K=7) + correction -> +7 tokens (201.9 ms)  cpos=560
  [margins] 14.76 10.22 16.09 7.93 9.67 2.97  K=7
  verify 2: accepted 6/6 (K=7) + correction -> +7 tokens (196.1 ms)  cpos=567

[spec] generated 14 tokens over 2 verifies: mean tokens/verify = 7.00 (block=6, max 7)
[spec] tokens: 82 13397 17 1613 82 13397 17 1613 82 13397 17 1613 82 13397
[spec] SPEC-DECODE: 28.0 ms/tok = 35.70 tok/s  (vs base M=1 69.1 ms/tok = 14.46 tok/s -> 2.47x)
[decode] PREFILL: 1795 positions in 35757.7 ms = 50.2 tok/s (19.921 ms/tok)
[capture] wrote /home/patrickd/s5-capture/s2/c0/cap/shard_p58_s001795.dspc  1795 tok x (3 taps + 1 lm_in) x 4096 = 56.1 MB (32.0 KB/tok)
[probe] wrote 16 draft probes (block=6) to /home/patrickd/s5-capture/s2/c0/cap/drafts_p58_s001795.txt
[spec] decoding 8 tokens (block=6, draft passes=1, adaptK=1.50, prompt=58 s=1796)...
  [margins] 6.89 9.15 12.96 10.74 8.94 0.85  K=6
  verify 1: accepted 5/5 (K=6) + correction -> +6 tokens (239.3 ms)  cpos=1801
  [margins] 9.70 12.31 7.58 2.65 10.83 4.30  K=7
  verify 2: accepted 6/6 (K=7) + correction -> +7 tokens (271.5 ms)  cpos=1808

[spec] generated 13 tokens over 2 verifies: mean tokens/verify = 6.50 (block=6, max 7)
[spec] tokens: 10463 294 28877 39860 32591 8264 305 77510 295 270 532 71 294
[spec] SPEC-DECODE: 38.8 ms/tok = 25.79 tok/s  (vs base M=1 69.1 ms/tok = 14.46 tok/s -> 1.78x)
[decode] PREFILL: 535 positions in 9636.9 ms = 55.5 tok/s (18.013 ms/tok)
[capture] wrote /home/patrickd/s5-capture/s2/c0/cap/shard_p59_s000535.dspc  535 tok x (3 taps + 1 lm_in) x 4096 = 16.7 MB (32.0 KB/tok)
[probe] wrote 16 draft probes (block=6) to /home/patrickd/s5-capture/s2/c0/cap/drafts_p59_s000535.txt
[spec] decoding 8 tokens (block=6, draft passes=1, adaptK=1.50, prompt=59 s=536)...
  [margins] 17.62 11.65 16.72 14.59 13.62 5.09  K=7
  verify 1: accepted 6/6 (K=7) + correction -> +7 tokens (211.1 ms)  cpos=542
  [margins] 19.15 12.74 14.55 15.71 12.32 10.77  K=7
  verify 2: accepted 6/6 (K=7) + correction -> +7 tokens (210.1 ms)  cpos=549

[spec] generated 14 tokens over 2 verifies: mean tokens/verify = 7.00 (block=6, max 7)
[spec] tokens: 2019 1531 366 9306 22804 4731 53359 81142 16 455 2019 1531 2188 1234
[spec] SPEC-DECODE: 30.0 ms/tok = 33.32 tok/s  (vs base M=1 69.1 ms/tok = 14.46 tok/s -> 2.30x)
[decode] PREFILL: 541 positions in 9736.4 ms = 55.6 tok/s (17.997 ms/tok)
[capture] wrote /home/patrickd/s5-capture/s2/c0/cap/shard_p60_s000541.dspc  541 tok x (3 taps + 1 lm_in) x 4096 = 16.9 MB (32.0 KB/tok)
[probe] wrote 16 draft probes (block=6) to /home/patrickd/s5-capture/s2/c0/cap/drafts_p60_s000541.txt
[spec] decoding 8 tokens (block=6, draft passes=1, adaptK=1.50, prompt=60 s=542)...
  [margins] 13.32 11.27 15.19 10.51 14.49 8.65  K=7
  verify 1: accepted 6/6 (K=7) + correction -> +7 tokens (202.0 ms)  cpos=548
  [margins] 10.36 15.39 9.33 14.19 9.32 12.69  K=7
  verify 2: accepted 6/6 (K=7) + correction -> +7 tokens (190.3 ms)  cpos=555

[spec] generated 14 tokens over 2 verifies: mean tokens/verify = 7.00 (block=6, max 7)
[spec] tokens: 61561 16 61561 16 61561 16 61561 16 61561 16 61561 16 61561 16
[spec] SPEC-DECODE: 27.2 ms/tok = 36.78 tok/s  (vs base M=1 69.1 ms/tok = 14.46 tok/s -> 2.54x)
[decode] PREFILL: 674 positions in 12316.3 ms = 54.7 tok/s (18.273 ms/tok)
[capture] wrote /home/patrickd/s5-capture/s2/c0/cap/shard_p61_s000674.dspc  674 tok x (3 taps + 1 lm_in) x 4096 = 21.1 MB (32.0 KB/tok)
[probe] wrote 16 draft probes (block=6) to /home/patrickd/s5-capture/s2/c0/cap/drafts_p61_s000674.txt
[spec] decoding 8 tokens (block=6, draft passes=1, adaptK=1.50, prompt=61 s=675)...
  [margins] 2.00 0.40 3.79 0.22 0.29 1.46  K=2
  verify 1: accepted 0/1 (K=2) + correction -> +1 tokens (124.7 ms)  cpos=675
  [margins] 0.35 4.49 0.19 5.48 4.76 1.96  K=3
  verify 2: accepted 0/2 (K=3) + correction -> +1 tokens (136.5 ms)  cpos=676
  [margins] 0.95 7.27 1.13 4.33 6.47 2.41  K=3
  verify 3: accepted 2/2 (K=3) + correction -> +3 tokens (129.8 ms)  cpos=679
  [margins] 1.22 8.30 7.00 1.86 0.26 2.38  K=5
  verify 4: accepted 3/4 (K=5) + correction -> +4 tokens (170.2 ms)  cpos=683

[spec] generated 9 tokens over 4 verifies: mean tokens/verify = 2.25 (block=6, max 7)
[spec] tokens: 46657 14 11180 127007 679 682 15 2619 10749
[spec] SPEC-DECODE: 54.6 ms/tok = 18.33 tok/s  (vs base M=1 69.1 ms/tok = 14.46 tok/s -> 1.27x)
[decode] PREFILL: 673 positions in 12302.5 ms = 54.7 tok/s (18.280 ms/tok)
[capture] wrote /home/patrickd/s5-capture/s2/c0/cap/shard_p62_s000673.dspc  673 tok x (3 taps + 1 lm_in) x 4096 = 21.0 MB (32.0 KB/tok)
[probe] wrote 16 draft probes (block=6) to /home/patrickd/s5-capture/s2/c0/cap/drafts_p62_s000673.txt
[spec] decoding 8 tokens (block=6, draft passes=1, adaptK=1.50, prompt=62 s=674)...
  [margins] 1.25 1.02 1.37 1.50 0.63 1.18  K=2
  verify 1: accepted 1/1 (K=2) + correction -> +2 tokens (118.1 ms)  cpos=675
  [margins] 1.75 6.26 1.99 1.41 4.43 2.54  K=4
  verify 2: accepted 0/3 (K=4) + correction -> +1 tokens (152.2 ms)  cpos=676
  [margins] 13.05 2.57 6.10 2.85 7.82 4.53  K=7
  verify 3: accepted 6/6 (K=7) + correction -> +7 tokens (210.2 ms)  cpos=683

[spec] generated 10 tokens over 3 verifies: mean tokens/verify = 3.33 (block=6, max 7)
[spec] tokens: 17663 6492 1988 17873 603 20 16 2619 101966 28
[spec] SPEC-DECODE: 45.3 ms/tok = 22.08 tok/s  (vs base M=1 69.1 ms/tok = 14.46 tok/s -> 1.53x)
[decode] PREFILL: 541 positions in 9758.9 ms = 55.4 tok/s (18.039 ms/tok)
[capture] wrote /home/patrickd/s5-capture/s2/c0/cap/shard_p63_s000541.dspc  541 tok x (3 taps + 1 lm_in) x 4096 = 16.9 MB (32.0 KB/tok)
[probe] wrote 16 draft probes (block=6) to /home/patrickd/s5-capture/s2/c0/cap/drafts_p63_s000541.txt
[spec] decoding 8 tokens (block=6, draft passes=1, adaptK=1.50, prompt=63 s=542)...
  [margins] 13.33 11.78 12.95 9.25 6.82 4.92  K=7
  verify 1: accepted 6/6 (K=7) + correction -> +7 tokens (214.0 ms)  cpos=548
  [margins] 25.44 7.90 13.11 11.93 11.28 2.80  K=7
  verify 2: accepted 6/6 (K=7) + correction -> +7 tokens (204.9 ms)  cpos=555

[spec] generated 14 tokens over 2 verifies: mean tokens/verify = 7.00 (block=6, max 7)
[spec] tokens: 2237 14 1277 260 1669 39561 41267 19548 469 7023 5175 321 603 15
[spec] SPEC-DECODE: 29.3 ms/tok = 34.17 tok/s  (vs base M=1 69.1 ms/tok = 14.46 tok/s -> 2.36x)
[decode] PREFILL: 578 positions in 10460.0 ms = 55.3 tok/s (18.097 ms/tok)
[capture] wrote /home/patrickd/s5-capture/s2/c0/cap/shard_p64_s000578.dspc  578 tok x (3 taps + 1 lm_in) x 4096 = 18.1 MB (32.0 KB/tok)
[probe] wrote 16 draft probes (block=6) to /home/patrickd/s5-capture/s2/c0/cap/drafts_p64_s000578.txt
[spec] decoding 8 tokens (block=6, draft passes=1, adaptK=1.50, prompt=64 s=579)...
  [margins] 14.05 14.97 12.48 15.15 10.04 7.98  K=7
  verify 1: accepted 6/6 (K=7) + correction -> +7 tokens (211.3 ms)  cpos=585
  [margins] 24.92 13.87 12.04 14.35 12.11 3.05  K=7
  verify 2: accepted 6/6 (K=7) + correction -> +7 tokens (211.4 ms)  cpos=592

[spec] generated 14 tokens over 2 verifies: mean tokens/verify = 7.00 (block=6, max 7)
[spec] tokens: 1531 366 979 3465 9150 24224 463 59090 25256 19 14 462 2605 204
[spec] SPEC-DECODE: 30.2 ms/tok = 33.11 tok/s  (vs base M=1 69.1 ms/tok = 14.46 tok/s -> 2.29x)
[decode] PREFILL: 659 positions in 12025.5 ms = 54.8 tok/s (18.248 ms/tok)
[capture] wrote /home/patrickd/s5-capture/s2/c0/cap/shard_p65_s000659.dspc  659 tok x (3 taps + 1 lm_in) x 4096 = 20.6 MB (32.0 KB/tok)
[probe] wrote 16 draft probes (block=6) to /home/patrickd/s5-capture/s2/c0/cap/drafts_p65_s000659.txt
[spec] decoding 8 tokens (block=6, draft passes=1, adaptK=1.50, prompt=65 s=660)...
  [margins] 12.64 5.31 8.53 7.64 3.84 2.05  K=7
  verify 1: accepted 6/6 (K=7) + correction -> +7 tokens (212.1 ms)  cpos=666
  [margins] 6.44 4.43 7.60 7.28 4.80 0.64  K=6
  verify 2: accepted 5/5 (K=6) + correction -> +6 tokens (189.3 ms)  cpos=672

[spec] generated 13 tokens over 2 verifies: mean tokens/verify = 6.50 (block=6, max 7)
[spec] tokens: 611 603 6756 28 1999 344 270 2430 64996 294 270 109938 1836
[spec] SPEC-DECODE: 31.6 ms/tok = 31.69 tok/s  (vs base M=1 69.1 ms/tok = 14.46 tok/s -> 2.19x)
[decode] PREFILL: 636 positions in 11531.9 ms = 55.2 tok/s (18.132 ms/tok)
[capture] wrote /home/patrickd/s5-capture/s2/c0/cap/shard_p66_s000636.dspc  636 tok x (3 taps + 1 lm_in) x 4096 = 19.9 MB (32.0 KB/tok)
[probe] wrote 16 draft probes (block=6) to /home/patrickd/s5-capture/s2/c0/cap/drafts_p66_s000636.txt
[spec] decoding 8 tokens (block=6, draft passes=1, adaptK=1.50, prompt=66 s=637)...
  [margins] 0.38 3.14 4.24 2.60 4.87 0.77  K=6
  verify 1: accepted 2/5 (K=6) + correction -> +3 tokens (216.5 ms)  cpos=639
  [margins] 0.22 5.42 4.09 2.28 6.54 1.74  K=7
  verify 2: accepted 0/6 (K=7) + correction -> +1 tokens (247.5 ms)  cpos=640
  [margins] 9.15 10.83 2.00 5.26 0.86 6.91  K=5
  verify 3: accepted 4/4 (K=5) + correction -> +5 tokens (159.1 ms)  cpos=645

[spec] generated 9 tokens over 3 verifies: mean tokens/verify = 3.00 (block=6, max 7)
[spec] tokens: 260 88256 469 1888 1312 14 305 270 1312
[spec] SPEC-DECODE: 67.8 ms/tok = 14.75 tok/s  (vs base M=1 69.1 ms/tok = 14.46 tok/s -> 1.02x)
[decode] PREFILL: 580 positions in 10501.4 ms = 55.2 tok/s (18.106 ms/tok)
[capture] wrote /home/patrickd/s5-capture/s2/c0/cap/shard_p67_s000580.dspc  580 tok x (3 taps + 1 lm_in) x 4096 = 18.1 MB (32.0 KB/tok)
[probe] wrote 16 draft probes (block=6) to /home/patrickd/s5-capture/s2/c0/cap/drafts_p67_s000580.txt
[spec] decoding 8 tokens (block=6, draft passes=1, adaptK=1.50, prompt=67 s=581)...
  [margins] 15.99 14.57 11.85 19.20 7.45 10.02  K=7
  verify 1: accepted 6/6 (K=7) + correction -> +7 tokens (199.4 ms)  cpos=587
  [margins] 16.16 12.13 18.52 7.63 11.55 7.79  K=7
  verify 2: accepted 6/6 (K=7) + correction -> +7 tokens (209.6 ms)  cpos=594

[spec] generated 14 tokens over 2 verifies: mean tokens/verify = 7.00 (block=6, max 7)
[spec] tokens: 56 306 1854 638 16 539 56 306 1854 638 16 539 56 306
[spec] SPEC-DECODE: 29.9 ms/tok = 33.40 tok/s  (vs base M=1 69.1 ms/tok = 14.46 tok/s -> 2.31x)
[decode] PREFILL: 540 positions in 9724.4 ms = 55.5 tok/s (18.008 ms/tok)
[capture] wrote /home/patrickd/s5-capture/s2/c0/cap/shard_p68_s000540.dspc  540 tok x (3 taps + 1 lm_in) x 4096 = 16.9 MB (32.0 KB/tok)
[probe] wrote 16 draft probes (block=6) to /home/patrickd/s5-capture/s2/c0/cap/drafts_p68_s000540.txt
[spec] decoding 8 tokens (block=6, draft passes=1, adaptK=1.50, prompt=68 s=541)...
  [margins] 11.10 13.60 12.33 4.82 4.04 7.79  K=7
  verify 1: accepted 3/6 (K=7) + correction -> +4 tokens (193.0 ms)  cpos=544
  [margins] 11.55 12.27 11.34 3.56 2.91 8.12  K=7
  verify 2: accepted 3/6 (K=7) + correction -> +4 tokens (193.6 ms)  cpos=548

[spec] generated 8 tokens over 2 verifies: mean tokens/verify = 4.00 (block=6, max 7)
[spec] tokens: 3749 11 3749 11 3749 11 3749 11
[spec] SPEC-DECODE: 48.4 ms/tok = 20.66 tok/s  (vs base M=1 69.1 ms/tok = 14.46 tok/s -> 1.43x)
[decode] PREFILL: 1036 positions in 19499.1 ms = 53.1 tok/s (18.821 ms/tok)
[capture] wrote /home/patrickd/s5-capture/s2/c0/cap/shard_p69_s001036.dspc  1036 tok x (3 taps + 1 lm_in) x 4096 = 32.4 MB (32.0 KB/tok)
[probe] wrote 16 draft probes (block=6) to /home/patrickd/s5-capture/s2/c0/cap/drafts_p69_s001036.txt
[spec] decoding 8 tokens (block=6, draft passes=1, adaptK=1.50, prompt=69 s=1037)...
  [margins] 20.72 20.29 18.81 7.17 0.23 8.49  K=5
  verify 1: accepted 4/4 (K=5) + correction -> +5 tokens (179.7 ms)  cpos=1041
  [margins] 10.49 5.80 9.15 3.88 5.57 3.95  K=7
  verify 2: accepted 6/6 (K=7) + correction -> +7 tokens (235.1 ms)  cpos=1048

[spec] generated 12 tokens over 2 verifies: mean tokens/verify = 6.00 (block=6, max 7)
[spec] tokens: 30 19995 864 1018 122921 21150 201 1718 19995 864 4697 30
[spec] SPEC-DECODE: 33.6 ms/tok = 29.77 tok/s  (vs base M=1 69.1 ms/tok = 14.46 tok/s -> 2.06x)
[decode] PREFILL: 574 positions in 10375.8 ms = 55.3 tok/s (18.076 ms/tok)
[capture] wrote /home/patrickd/s5-capture/s2/c0/cap/shard_p70_s000574.dspc  574 tok x (3 taps + 1 lm_in) x 4096 = 17.9 MB (32.0 KB/tok)
[probe] wrote 16 draft probes (block=6) to /home/patrickd/s5-capture/s2/c0/cap/drafts_p70_s000574.txt
[spec] decoding 8 tokens (block=6, draft passes=1, adaptK=1.50, prompt=70 s=575)...
  [margins] 11.25 0.22 0.63 3.69 1.93 0.19  K=2
  verify 1: accepted 1/1 (K=2) + correction -> +2 tokens (122.7 ms)  cpos=576
  [margins] 8.60 3.35 0.62 0.80 2.85 0.08  K=3
  verify 2: accepted 2/2 (K=3) + correction -> +3 tokens (124.4 ms)  cpos=579
  [margins] 0.62 3.34 4.73 0.69 5.60 0.18  K=4
  verify 3: accepted 0/3 (K=4) + correction -> +1 tokens (144.4 ms)  cpos=580
  [margins] 1.30 0.12 4.24 0.13 0.23 3.88  K=2
  verify 4: accepted 0/1 (K=2) + correction -> +1 tokens (113.1 ms)  cpos=581
  [margins] 1.06 2.66 0.86 0.18 0.70 2.87  K=3
  verify 5: accepted 0/2 (K=3) + correction -> +1 tokens (131.6 ms)  cpos=582

[spec] generated 8 tokens over 5 verifies: mean tokens/verify = 1.60 (block=6, max 7)
[spec] tokens: 1461 264 121571 16 13079 66545 31798 16484
[spec] SPEC-DECODE: 85.6 ms/tok = 11.68 tok/s  (vs base M=1 69.1 ms/tok = 14.46 tok/s -> 0.81x)
[decode] PREFILL: 585 positions in 10579.4 ms = 55.3 tok/s (18.084 ms/tok)
[capture] wrote /home/patrickd/s5-capture/s2/c0/cap/shard_p71_s000585.dspc  585 tok x (3 taps + 1 lm_in) x 4096 = 18.3 MB (32.0 KB/tok)
[probe] wrote 16 draft probes (block=6) to /home/patrickd/s5-capture/s2/c0/cap/drafts_p71_s000585.txt
[spec] decoding 8 tokens (block=6, draft passes=1, adaptK=1.50, prompt=71 s=586)...
  [margins] 10.56 11.56 13.62 8.04 9.82 9.48  K=7
  verify 1: accepted 6/6 (K=7) + correction -> +7 tokens (209.6 ms)  cpos=592
  [margins] 11.60 14.20 9.97 14.71 14.35 9.54  K=7
  verify 2: accepted 6/6 (K=7) + correction -> +7 tokens (200.8 ms)  cpos=599

[spec] generated 14 tokens over 2 verifies: mean tokens/verify = 7.00 (block=6, max 7)
[spec] tokens: 16 455 3287 344 223 16259 16 455 3287 344 223 16259 16 455
[spec] SPEC-DECODE: 28.7 ms/tok = 34.85 tok/s  (vs base M=1 69.1 ms/tok = 14.46 tok/s -> 2.41x)
[decode] PREFILL: 548 positions in 9892.3 ms = 55.4 tok/s (18.052 ms/tok)
[capture] wrote /home/patrickd/s5-capture/s2/c0/cap/shard_p72_s000548.dspc  548 tok x (3 taps + 1 lm_in) x 4096 = 17.1 MB (32.0 KB/tok)
[probe] wrote 16 draft probes (block=6) to /home/patrickd/s5-capture/s2/c0/cap/drafts_p72_s000548.txt
[spec] decoding 8 tokens (block=6, draft passes=1, adaptK=1.50, prompt=72 s=549)...
  [margins] 13.84 12.15 10.52 8.73 10.41 13.71  K=7
  verify 1: accepted 6/6 (K=7) + correction -> +7 tokens (203.0 ms)  cpos=555
  [margins] 3.89 3.03 7.77 8.88 15.65 0.70  K=6
  verify 2: accepted 5/5 (K=6) + correction -> +6 tokens (187.5 ms)  cpos=561

[spec] generated 13 tokens over 2 verifies: mean tokens/verify = 6.50 (block=6, max 7)
[spec] tokens: 10 36552 14 1528 32289 85 11 88 16 75558 20006 2154 65
[spec] SPEC-DECODE: 31.3 ms/tok = 32.00 tok/s  (vs base M=1 69.1 ms/tok = 14.46 tok/s -> 2.21x)
[decode] PREFILL: 654 positions in 11917.4 ms = 54.9 tok/s (18.222 ms/tok)
[capture] wrote /home/patrickd/s5-capture/s2/c0/cap/shard_p73_s000654.dspc  654 tok x (3 taps + 1 lm_in) x 4096 = 20.4 MB (32.0 KB/tok)
[probe] wrote 16 draft probes (block=6) to /home/patrickd/s5-capture/s2/c0/cap/drafts_p73_s000654.txt
[spec] decoding 8 tokens (block=6, draft passes=1, adaptK=1.50, prompt=73 s=655)...
  [margins] 13.15 11.25 10.76 5.37 11.83 5.40  K=7
  verify 1: accepted 6/6 (K=7) + correction -> +7 tokens (201.7 ms)  cpos=661
  [margins] 15.02 12.21 6.63 10.92 5.55 11.66  K=7
  verify 2: accepted 6/6 (K=7) + correction -> +7 tokens (203.1 ms)  cpos=668

[spec] generated 14 tokens over 2 verifies: mean tokens/verify = 7.00 (block=6, max 7)
[spec] tokens: 40294 15205 40294 15205 40294 15205 40294 15205 40294 15205 40294 15205 40294 15205
[spec] SPEC-DECODE: 29.0 ms/tok = 34.47 tok/s  (vs base M=1 69.1 ms/tok = 14.46 tok/s -> 2.38x)
[decode] PREFILL: 545 positions in 9847.4 ms = 55.3 tok/s (18.069 ms/tok)
[capture] wrote /home/patrickd/s5-capture/s2/c0/cap/shard_p74_s000545.dspc  545 tok x (3 taps + 1 lm_in) x 4096 = 17.0 MB (32.0 KB/tok)
[probe] wrote 16 draft probes (block=6) to /home/patrickd/s5-capture/s2/c0/cap/drafts_p74_s000545.txt
[spec] decoding 8 tokens (block=6, draft passes=1, adaptK=1.50, prompt=74 s=546)...
  [margins] 7.96 14.78 12.04 8.65 6.14 2.61  K=7
  verify 1: accepted 5/6 (K=7) + correction -> +6 tokens (211.2 ms)  cpos=551
  [margins] 12.89 9.60 9.54 4.57 10.91 5.94  K=7
  verify 2: accepted 6/6 (K=7) + correction -> +7 tokens (215.0 ms)  cpos=558

[spec] generated 13 tokens over 2 verifies: mean tokens/verify = 6.50 (block=6, max 7)
[spec] tokens: 515 51253 362 223 1671 70009 25813 14 16609 223 2111 16 455
[spec] SPEC-DECODE: 30.7 ms/tok = 32.56 tok/s  (vs base M=1 69.1 ms/tok = 14.46 tok/s -> 2.25x)
[decode] PREFILL: 675 positions in 12329.8 ms = 54.7 tok/s (18.266 ms/tok)
[capture] wrote /home/patrickd/s5-capture/s2/c0/cap/shard_p75_s000675.dspc  675 tok x (3 taps + 1 lm_in) x 4096 = 21.1 MB (32.0 KB/tok)
[probe] wrote 16 draft probes (block=6) to /home/patrickd/s5-capture/s2/c0/cap/drafts_p75_s000675.txt
[spec] decoding 8 tokens (block=6, draft passes=1, adaptK=1.50, prompt=75 s=676)...
  [margins] 15.12 11.66 11.19 9.40 4.32 0.81  K=6
  verify 1: accepted 4/5 (K=6) + correction -> +5 tokens (190.5 ms)  cpos=680
  [margins] 19.98 13.79 13.70 8.51 3.13 7.21  K=7
  verify 2: accepted 6/6 (K=7) + correction -> +7 tokens (321.8 ms)  cpos=687

[spec] generated 12 tokens over 2 verifies: mean tokens/verify = 6.00 (block=6, max 7)
[spec] tokens: 8032 69773 8032 115025 8032 21768 438 223 553 510 361 25985
[spec] SPEC-DECODE: 46.0 ms/tok = 21.75 tok/s  (vs base M=1 69.1 ms/tok = 14.46 tok/s -> 1.50x)
[decode] PREFILL: 580 positions in 10499.3 ms = 55.2 tok/s (18.102 ms/tok)
[capture] wrote /home/patrickd/s5-capture/s2/c0/cap/shard_p76_s000580.dspc  580 tok x (3 taps + 1 lm_in) x 4096 = 18.1 MB (32.0 KB/tok)
[probe] wrote 16 draft probes (block=6) to /home/patrickd/s5-capture/s2/c0/cap/drafts_p76_s000580.txt
[spec] decoding 8 tokens (block=6, draft passes=1, adaptK=1.50, prompt=76 s=581)...
  [margins] 12.17 20.91 6.57 7.41 11.56 13.00  K=7
  verify 1: accepted 6/6 (K=7) + correction -> +7 tokens (201.0 ms)  cpos=587
  [margins] 6.51 7.05 10.36 12.70 17.06 6.64  K=7
  verify 2: accepted 6/6 (K=7) + correction -> +7 tokens (205.1 ms)  cpos=594

[spec] generated 14 tokens over 2 verifies: mean tokens/verify = 7.00 (block=6, max 7)
[spec] tokens: 17125 1836 16 30750 16 17125 1836 16 30750 16 17125 1836 16 30750
[spec] SPEC-DECODE: 29.3 ms/tok = 34.14 tok/s  (vs base M=1 69.1 ms/tok = 14.46 tok/s -> 2.36x)
[decode] PREFILL: 602 positions in 10899.4 ms = 55.2 tok/s (18.105 ms/tok)
[capture] wrote /home/patrickd/s5-capture/s2/c0/cap/shard_p77_s000602.dspc  602 tok x (3 taps + 1 lm_in) x 4096 = 18.8 MB (32.0 KB/tok)
[probe] wrote 16 draft probes (block=6) to /home/patrickd/s5-capture/s2/c0/cap/drafts_p77_s000602.txt
[spec] decoding 8 tokens (block=6, draft passes=1, adaptK=1.50, prompt=77 s=603)...
  [margins] 18.88 16.60 17.55 14.27 13.58 5.72  K=7
  verify 1: accepted 6/6 (K=7) + correction -> +7 tokens (214.7 ms)  cpos=609
  [margins] 12.98 16.11 12.72 10.79 7.59 8.08  K=7
  verify 2: accepted 6/6 (K=7) + correction -> +7 tokens (214.2 ms)  cpos=616

[spec] generated 14 tokens over 2 verifies: mean tokens/verify = 7.00 (block=6, max 7)
[spec] tokens: 754 343 19 14 21 57684 455 56197 344 260 18908 14 832 270
[spec] SPEC-DECODE: 30.6 ms/tok = 32.68 tok/s  (vs base M=1 69.1 ms/tok = 14.46 tok/s -> 2.26x)
[decode] PREFILL: 535 positions in 9643.4 ms = 55.5 tok/s (18.025 ms/tok)
[capture] wrote /home/patrickd/s5-capture/s2/c0/cap/shard_p78_s000535.dspc  535 tok x (3 taps + 1 lm_in) x 4096 = 16.7 MB (32.0 KB/tok)
[probe] wrote 16 draft probes (block=6) to /home/patrickd/s5-capture/s2/c0/cap/drafts_p78_s000535.txt
[spec] decoding 8 tokens (block=6, draft passes=1, adaptK=1.50, prompt=78 s=536)...
  [margins] 2.17 1.49 0.13 7.55 1.27 1.27  K=2
  verify 1: accepted 1/1 (K=2) + correction -> +2 tokens (121.2 ms)  cpos=537
  [margins] 12.92 0.26 5.21 0.28 1.26 8.70  K=2
  verify 2: accepted 1/1 (K=2) + correction -> +2 tokens (114.3 ms)  cpos=539
  [margins] 13.08 1.03 9.58 10.48 6.83 7.65  K=2
  verify 3: accepted 1/1 (K=2) + correction -> +2 tokens (119.3 ms)  cpos=541
  [margins] 10.23 10.44 9.28 7.76 3.13 0.22  K=6
  verify 4: accepted 5/5 (K=6) + correction -> +6 tokens (179.4 ms)  cpos=547

[spec] generated 12 tokens over 4 verifies: mean tokens/verify = 3.00 (block=6, max 7)
[spec] tokens: 305 1918 554 611 1117 12123 16 455 2019 344 260 1894
[spec] SPEC-DECODE: 41.3 ms/tok = 24.21 tok/s  (vs base M=1 69.1 ms/tok = 14.46 tok/s -> 1.67x)
[decode] PREFILL: 621 positions in 11245.3 ms = 55.2 tok/s (18.108 ms/tok)
[capture] wrote /home/patrickd/s5-capture/s2/c0/cap/shard_p79_s000621.dspc  621 tok x (3 taps + 1 lm_in) x 4096 = 19.4 MB (32.0 KB/tok)
[probe] wrote 16 draft probes (block=6) to /home/patrickd/s5-capture/s2/c0/cap/drafts_p79_s000621.txt
[spec] decoding 8 tokens (block=6, draft passes=1, adaptK=1.50, prompt=79 s=622)...
  [margins] 15.83 12.24 13.87 10.68 13.40 11.23  K=7
  verify 1: accepted 6/6 (K=7) + correction -> +7 tokens (212.0 ms)  cpos=628
  [margins] 11.97 13.10 10.48 12.49 9.25 8.83  K=7
  verify 2: accepted 6/6 (K=7) + correction -> +7 tokens (205.4 ms)  cpos=635

[spec] generated 14 tokens over 2 verifies: mean tokens/verify = 7.00 (block=6, max 7)
[spec] tokens: 90 14 223 19 16 18 91 14 223 19 16 18 92 14
[spec] SPEC-DECODE: 29.3 ms/tok = 34.08 tok/s  (vs base M=1 69.1 ms/tok = 14.46 tok/s -> 2.36x)
[decode] PREFILL: 540 positions in 9723.7 ms = 55.5 tok/s (18.007 ms/tok)
[capture] wrote /home/patrickd/s5-capture/s2/c0/cap/shard_p80_s000540.dspc  540 tok x (3 taps + 1 lm_in) x 4096 = 16.9 MB (32.0 KB/tok)
[probe] wrote 16 draft probes (block=6) to /home/patrickd/s5-capture/s2/c0/cap/drafts_p80_s000540.txt
[spec] decoding 8 tokens (block=6, draft passes=1, adaptK=1.50, prompt=80 s=541)...
  [margins] 15.91 14.73 10.18 13.17 13.39 8.17  K=7
  verify 1: accepted 6/6 (K=7) + correction -> +7 tokens (196.3 ms)  cpos=547
  [margins] 16.35 11.01 13.82 15.39 10.37 12.17  K=7
  verify 2: accepted 6/6 (K=7) + correction -> +7 tokens (205.8 ms)  cpos=554

[spec] generated 14 tokens over 2 verifies: mean tokens/verify = 7.00 (block=6, max 7)
[spec] tokens: 6000 22138 16 6000 22138 16 6000 22138 16 6000 22138 16 6000 22138
[spec] SPEC-DECODE: 29.4 ms/tok = 34.02 tok/s  (vs base M=1 69.1 ms/tok = 14.46 tok/s -> 2.35x)
[decode] PREFILL: 1795 positions in 35738.1 ms = 50.2 tok/s (19.910 ms/tok)
[capture] wrote /home/patrickd/s5-capture/s2/c0/cap/shard_p81_s001795.dspc  1795 tok x (3 taps + 1 lm_in) x 4096 = 56.1 MB (32.0 KB/tok)
[probe] wrote 16 draft probes (block=6) to /home/patrickd/s5-capture/s2/c0/cap/drafts_p81_s001795.txt
[spec] decoding 8 tokens (block=6, draft passes=1, adaptK=1.50, prompt=81 s=1796)...
  [margins] 6.34 5.41 5.38 4.51 12.26 0.04  K=6
  verify 1: accepted 3/5 (K=6) + correction -> +4 tokens (235.9 ms)  cpos=1799
  [margins] 4.07 0.41 2.00 1.87 0.79 1.49  K=2
  verify 2: accepted 1/1 (K=2) + correction -> +2 tokens (167.8 ms)  cpos=1801
  [margins] 2.30 1.22 9.32 1.41 0.25 0.29  K=2
  verify 3: accepted 1/1 (K=2) + correction -> +2 tokens (162.8 ms)  cpos=1803

[spec] generated 8 tokens over 3 verifies: mean tokens/verify = 2.67 (block=6, max 7)
[spec] tokens: 939 20 28 20870 304 1179 201 40
[spec] SPEC-DECODE: 82.6 ms/tok = 12.10 tok/s  (vs base M=1 69.1 ms/tok = 14.46 tok/s -> 0.84x)
[decode] PREFILL: 621 positions in 11251.7 ms = 55.2 tok/s (18.119 ms/tok)
[capture] wrote /home/patrickd/s5-capture/s2/c0/cap/shard_p82_s000621.dspc  621 tok x (3 taps + 1 lm_in) x 4096 = 19.4 MB (32.0 KB/tok)
[probe] wrote 16 draft probes (block=6) to /home/patrickd/s5-capture/s2/c0/cap/drafts_p82_s000621.txt
[spec] decoding 8 tokens (block=6, draft passes=1, adaptK=1.50, prompt=82 s=622)...
  [margins] 10.20 6.90 11.71 7.46 9.36 2.75  K=7
  verify 1: accepted 6/6 (K=7) + correction -> +7 tokens (204.5 ms)  cpos=628
  [margins] 9.72 12.12 8.76 9.97 5.40 8.79  K=7
  verify 2: accepted 6/6 (K=7) + correction -> +7 tokens (197.5 ms)  cpos=635

[spec] generated 14 tokens over 2 verifies: mean tokens/verify = 7.00 (block=6, max 7)
[spec] tokens: 455 16 455 16 455 16 455 16 455 16 455 16 455 16
[spec] SPEC-DECODE: 28.2 ms/tok = 35.45 tok/s  (vs base M=1 69.1 ms/tok = 14.46 tok/s -> 2.45x)
[decode] PREFILL: 530 positions in 9556.9 ms = 55.5 tok/s (18.032 ms/tok)
[capture] wrote /home/patrickd/s5-capture/s2/c0/cap/shard_p83_s000530.dspc  530 tok x (3 taps + 1 lm_in) x 4096 = 16.6 MB (32.0 KB/tok)
[probe] wrote 16 draft probes (block=6) to /home/patrickd/s5-capture/s2/c0/cap/drafts_p83_s000530.txt
[spec] decoding 8 tokens (block=6, draft passes=1, adaptK=1.50, prompt=83 s=531)...
  [margins] 18.52 11.13 13.36 3.92 3.91 0.20  K=6
  verify 1: accepted 5/5 (K=6) + correction -> +6 tokens (185.1 ms)  cpos=536
  [margins] 9.40 13.71 13.78 15.30 9.37 8.73  K=7
  verify 2: accepted 6/6 (K=7) + correction -> +7 tokens (201.2 ms)  cpos=543

[spec] generated 13 tokens over 2 verifies: mean tokens/verify = 6.50 (block=6, max 7)
[spec] tokens: 1192 304 4181 305 5345 6460 16 342 4002 1664 1904 20255 3514
[spec] SPEC-DECODE: 28.7 ms/tok = 34.80 tok/s  (vs base M=1 69.1 ms/tok = 14.46 tok/s -> 2.41x)
[decode] PREFILL: 529 positions in 9554.2 ms = 55.4 tok/s (18.061 ms/tok)
[capture] wrote /home/patrickd/s5-capture/s2/c0/cap/shard_p84_s000529.dspc  529 tok x (3 taps + 1 lm_in) x 4096 = 16.5 MB (32.0 KB/tok)
[probe] wrote 16 draft probes (block=6) to /home/patrickd/s5-capture/s2/c0/cap/drafts_p84_s000529.txt
[spec] decoding 8 tokens (block=6, draft passes=1, adaptK=1.50, prompt=84 s=530)...
  [margins] 18.88 10.48 14.07 15.52 9.30 11.02  K=7
  verify 1: accepted 6/6 (K=7) + correction -> +7 tokens (200.1 ms)  cpos=536
  [margins] 8.07 14.14 15.72 9.03 10.89 12.56  K=7
  verify 2: accepted 6/6 (K=7) + correction -> +7 tokens (193.2 ms)  cpos=543

[spec] generated 14 tokens over 2 verifies: mean tokens/verify = 7.00 (block=6, max 7)
[spec] tokens: 15643 16 4493 15643 16 4493 15643 16 4493 15643 16 4493 15643 16
[spec] SPEC-DECODE: 27.6 ms/tok = 36.24 tok/s  (vs base M=1 69.1 ms/tok = 14.46 tok/s -> 2.51x)
[decode] PREFILL: 535 positions in 9649.3 ms = 55.4 tok/s (18.036 ms/tok)
[capture] wrote /home/patrickd/s5-capture/s2/c0/cap/shard_p85_s000535.dspc  535 tok x (3 taps + 1 lm_in) x 4096 = 16.7 MB (32.0 KB/tok)
[probe] wrote 16 draft probes (block=6) to /home/patrickd/s5-capture/s2/c0/cap/drafts_p85_s000535.txt
[spec] decoding 8 tokens (block=6, draft passes=1, adaptK=1.50, prompt=85 s=536)...
  [margins] 8.90 14.35 7.14 13.71 7.41 15.13  K=7
  verify 1: accepted 6/6 (K=7) + correction -> +7 tokens (201.1 ms)  cpos=542
  [margins] 11.73 13.26 15.13 4.47 9.80 9.17  K=7
  verify 2: accepted 6/6 (K=7) + correction -> +7 tokens (204.6 ms)  cpos=549

[spec] generated 14 tokens over 2 verifies: mean tokens/verify = 7.00 (block=6, max 7)
[spec] tokens: 11 3749 11 3749 11 3749 11 3749 11 3749 11 3749 11 3749
[spec] SPEC-DECODE: 29.2 ms/tok = 34.21 tok/s  (vs base M=1 69.1 ms/tok = 14.46 tok/s -> 2.37x)
[decode] PREFILL: 672 positions in 12260.4 ms = 54.8 tok/s (18.245 ms/tok)
[capture] wrote /home/patrickd/s5-capture/s2/c0/cap/shard_p86_s000672.dspc  672 tok x (3 taps + 1 lm_in) x 4096 = 21.0 MB (32.0 KB/tok)
[probe] wrote 16 draft probes (block=6) to /home/patrickd/s5-capture/s2/c0/cap/drafts_p86_s000672.txt
[spec] decoding 8 tokens (block=6, draft passes=1, adaptK=1.50, prompt=86 s=673)...
  [margins] 0.07 1.22 4.48 0.95 0.60 0.69  K=2
  verify 1: accepted 0/1 (K=2) + correction -> +1 tokens (118.8 ms)  cpos=673
  [margins] 0.25 0.74 4.79 0.84 0.60 0.78  K=2
  verify 2: accepted 0/1 (K=2) + correction -> +1 tokens (117.7 ms)  cpos=674
  [margins] 1.53 0.92 4.74 0.74 0.37 0.81  K=2
  verify 3: accepted 0/1 (K=2) + correction -> +1 tokens (125.3 ms)  cpos=675
  [margins] 4.74 0.15 1.79 0.39 0.14 0.71  K=2
  verify 4: accepted 0/1 (K=2) + correction -> +1 tokens (126.4 ms)  cpos=676
  [margins] 4.95 0.04 3.83 0.41 0.45 1.10  K=2
  verify 5: accepted 0/1 (K=2) + correction -> +1 tokens (118.6 ms)  cpos=677
  [margins] 2.57 0.96 0.00 1.48 1.37 0.03  K=2
  verify 6: accepted 1/1 (K=2) + correction -> +2 tokens (119.3 ms)  cpos=679
  [margins] 2.89 0.51 0.53 1.87 0.53 0.04  K=2
  verify 7: accepted 1/1 (K=2) + correction -> +2 tokens (126.3 ms)  cpos=681

[spec] generated 9 tokens over 7 verifies: mean tokens/verify = 1.29 (block=6, max 7)
[spec] tokens: 1 1 1 1 16 1 16 1 16
[spec] SPEC-DECODE: 91.7 ms/tok = 10.91 tok/s  (vs base M=1 69.1 ms/tok = 14.46 tok/s -> 0.75x)
[decode] PREFILL: 544 positions in 9806.1 ms = 55.5 tok/s (18.026 ms/tok)
[capture] wrote /home/patrickd/s5-capture/s2/c0/cap/shard_p87_s000544.dspc  544 tok x (3 taps + 1 lm_in) x 4096 = 17.0 MB (32.0 KB/tok)
[probe] wrote 16 draft probes (block=6) to /home/patrickd/s5-capture/s2/c0/cap/drafts_p87_s000544.txt
[spec] decoding 8 tokens (block=6, draft passes=1, adaptK=1.50, prompt=87 s=545)...
  [margins] 19.90 17.86 16.88 14.57 14.51 16.38  K=7
  verify 1: accepted 6/6 (K=7) + correction -> +7 tokens (202.7 ms)  cpos=551
  [margins] 20.10 15.71 12.03 14.83 9.80 1.95  K=7
  verify 2: accepted 5/6 (K=7) + correction -> +6 tokens (209.1 ms)  cpos=557

[spec] generated 13 tokens over 2 verifies: mean tokens/verify = 6.50 (block=6, max 7)
[spec] tokens: 223 397 15876 16 2052 223 1484 7 294 270 15876 13211 61813
[spec] SPEC-DECODE: 34.9 ms/tok = 28.69 tok/s  (vs base M=1 69.1 ms/tok = 14.46 tok/s -> 1.98x)
[decode] PREFILL: 625 positions in 11347.1 ms = 55.1 tok/s (18.155 ms/tok)
[capture] wrote /home/patrickd/s5-capture/s2/c0/cap/shard_p88_s000625.dspc  625 tok x (3 taps + 1 lm_in) x 4096 = 19.5 MB (32.0 KB/tok)
[probe] wrote 16 draft probes (block=6) to /home/patrickd/s5-capture/s2/c0/cap/drafts_p88_s000625.txt
[spec] decoding 8 tokens (block=6, draft passes=1, adaptK=1.50, prompt=88 s=626)...
  [margins] 10.16 19.75 8.43 12.58 11.19 8.81  K=7
  verify 1: accepted 6/6 (K=7) + correction -> +7 tokens (210.3 ms)  cpos=632
  [margins] 20.52 6.10 11.52 12.75 14.37 5.42  K=7
  verify 2: accepted 6/6 (K=7) + correction -> +7 tokens (206.3 ms)  cpos=639

[spec] generated 14 tokens over 2 verifies: mean tokens/verify = 7.00 (block=6, max 7)
[spec] tokens: 270 4105 16 4147 554 1926 270 4105 16 4147 554 1926 270 4105
[spec] SPEC-DECODE: 29.5 ms/tok = 33.93 tok/s  (vs base M=1 69.1 ms/tok = 14.46 tok/s -> 2.35x)
[decode] PREFILL: 901 positions in 16774.3 ms = 53.7 tok/s (18.617 ms/tok)
[capture] wrote /home/patrickd/s5-capture/s2/c0/cap/shard_p89_s000901.dspc  901 tok x (3 taps + 1 lm_in) x 4096 = 28.2 MB (32.0 KB/tok)
[probe] wrote 16 draft probes (block=6) to /home/patrickd/s5-capture/s2/c0/cap/drafts_p89_s000901.txt
[spec] decoding 8 tokens (block=6, draft passes=1, adaptK=1.50, prompt=89 s=902)...
  [margins] 16.42 7.79 11.37 15.72 10.08 10.17  K=7
  verify 1: accepted 6/6 (K=7) + correction -> +7 tokens (222.2 ms)  cpos=908
  [margins] 18.48 8.00 7.57 8.09 7.80 9.33  K=7
  verify 2: accepted 6/6 (K=7) + correction -> +7 tokens (214.0 ms)  cpos=915

[spec] generated 14 tokens over 2 verifies: mean tokens/verify = 7.00 (block=6, max 7)
[spec] tokens: 5045 344 223 397 5899 223 643 27 16 455 6805 8029 5045 344
[spec] SPEC-DECODE: 30.6 ms/tok = 32.71 tok/s  (vs base M=1 69.1 ms/tok = 14.46 tok/s -> 2.26x)
[decode] PREFILL: 542 positions in 9769.1 ms = 55.5 tok/s (18.024 ms/tok)
[capture] wrote /home/patrickd/s5-capture/s2/c0/cap/shard_p90_s000542.dspc  542 tok x (3 taps + 1 lm_in) x 4096 = 16.9 MB (32.0 KB/tok)
[probe] wrote 16 draft probes (block=6) to /home/patrickd/s5-capture/s2/c0/cap/drafts_p90_s000542.txt
[spec] decoding 8 tokens (block=6, draft passes=1, adaptK=1.50, prompt=90 s=543)...
  [margins] 10.23 15.01 15.87 11.32 9.24 0.16  K=6
  verify 1: accepted 5/5 (K=6) + correction -> +6 tokens (187.3 ms)  cpos=548
  [margins] 17.59 15.34 17.24 14.68 10.96 7.68  K=7
  verify 2: accepted 6/6 (K=7) + correction -> +7 tokens (202.1 ms)  cpos=555

[spec] generated 13 tokens over 2 verifies: mean tokens/verify = 6.50 (block=6, max 7)
[spec] tokens: 455 2019 10340 270 1529 14 778 344 270 2336 3609 294 270
[spec] SPEC-DECODE: 28.9 ms/tok = 34.63 tok/s  (vs base M=1 69.1 ms/tok = 14.46 tok/s -> 2.39x)
[decode] PREFILL: 532 positions in 9603.5 ms = 55.4 tok/s (18.052 ms/tok)
[capture] wrote /home/patrickd/s5-capture/s2/c0/cap/shard_p91_s000532.dspc  532 tok x (3 taps + 1 lm_in) x 4096 = 16.6 MB (32.0 KB/tok)
[probe] wrote 16 draft probes (block=6) to /home/patrickd/s5-capture/s2/c0/cap/drafts_p91_s000532.txt
[spec] decoding 8 tokens (block=6, draft passes=1, adaptK=1.50, prompt=91 s=533)...
  [margins] 16.17 12.42 12.94 6.05 8.61 5.39  K=7
  verify 1: accepted 6/6 (K=7) + correction -> +7 tokens (202.1 ms)  cpos=539
  [margins] 18.89 12.35 12.94 9.93 8.88 5.07  K=7
  verify 2: accepted 6/6 (K=7) + correction -> +7 tokens (209.5 ms)  cpos=546

[spec] generated 14 tokens over 2 verifies: mean tokens/verify = 7.00 (block=6, max 7)
[spec] tokens: 45 1613 56 77 45 51 81 45 1613 56 77 45 51 81
[spec] SPEC-DECODE: 29.9 ms/tok = 33.42 tok/s  (vs base M=1 69.1 ms/tok = 14.46 tok/s -> 2.31x)
[decode] PREFILL: 542 positions in 9761.2 ms = 55.5 tok/s (18.010 ms/tok)
[capture] wrote /home/patrickd/s5-capture/s2/c0/cap/shard_p92_s000542.dspc  542 tok x (3 taps + 1 lm_in) x 4096 = 16.9 MB (32.0 KB/tok)
[probe] wrote 16 draft probes (block=6) to /home/patrickd/s5-capture/s2/c0/cap/drafts_p92_s000542.txt
[spec] decoding 8 tokens (block=6, draft passes=1, adaptK=1.50, prompt=92 s=543)...
  [margins] 10.40 11.19 7.98 8.95 6.92 5.77  K=7
  verify 1: accepted 6/6 (K=7) + correction -> +7 tokens (198.5 ms)  cpos=549
  [margins] 11.88 11.20 11.30 8.82 9.43 5.69  K=7
  verify 2: accepted 6/6 (K=7) + correction -> +7 tokens (197.6 ms)  cpos=556

[spec] generated 14 tokens over 2 verifies: mean tokens/verify = 7.00 (block=6, max 7)
[spec] tokens: 271 82 271 82 271 82 271 82 271 82 271 82 271 82
[spec] SPEC-DECODE: 28.2 ms/tok = 35.42 tok/s  (vs base M=1 69.1 ms/tok = 14.46 tok/s -> 2.45x)
[decode] PREFILL: 672 positions in 12261.2 ms = 54.8 tok/s (18.246 ms/tok)
[capture] wrote /home/patrickd/s5-capture/s2/c0/cap/shard_p93_s000672.dspc  672 tok x (3 taps + 1 lm_in) x 4096 = 21.0 MB (32.0 KB/tok)
[probe] wrote 16 draft probes (block=6) to /home/patrickd/s5-capture/s2/c0/cap/drafts_p93_s000672.txt
[spec] decoding 8 tokens (block=6, draft passes=1, adaptK=1.50, prompt=93 s=673)...
  [margins] 2.10 5.04 0.29 2.43 5.27 0.38  K=3
  verify 1: accepted 0/2 (K=3) + correction -> +1 tokens (130.8 ms)  cpos=673
  [margins] 0.00 1.04 5.64 0.05 7.27 1.07  K=2
  verify 2: accepted 0/1 (K=2) + correction -> +1 tokens (117.7 ms)  cpos=674
  [margins] 2.08 5.73 0.05 2.31 5.61 0.25  K=3
  verify 3: accepted 0/2 (K=3) + correction -> +1 tokens (137.6 ms)  cpos=675
  [margins] 0.25 1.18 5.64 0.41 0.97 6.62  K=2
  verify 4: accepted 0/1 (K=2) + correction -> +1 tokens (126.1 ms)  cpos=676
  [margins] 2.06 5.77 0.14 4.19 0.37 4.10  K=3
  verify 5: accepted 0/2 (K=3) + correction -> +1 tokens (130.7 ms)  cpos=677
  [margins] 0.95 1.00 5.90 0.47 0.86 6.55  K=2
  verify 6: accepted 0/1 (K=2) + correction -> +1 tokens (117.8 ms)  cpos=678
  [margins] 1.78 5.35 0.05 1.91 5.95 0.17  K=3
  verify 7: accepted 0/2 (K=3) + correction -> +1 tokens (138.1 ms)  cpos=679
  [margins] 0.82 1.45 5.84 0.23 0.93 6.46  K=2
  verify 8: accepted 0/1 (K=2) + correction -> +1 tokens (124.8 ms)  cpos=680

[spec] generated 8 tokens over 8 verifies: mean tokens/verify = 1.00 (block=6, max 7)
[spec] tokens: 16 1 16 1 16 1 16 1
[spec] SPEC-DECODE: 127.5 ms/tok = 7.84 tok/s  (vs base M=1 69.1 ms/tok = 14.46 tok/s -> 0.54x)
[decode] PREFILL: 609 positions in 11052.0 ms = 55.1 tok/s (18.148 ms/tok)
[capture] wrote /home/patrickd/s5-capture/s2/c0/cap/shard_p94_s000609.dspc  609 tok x (3 taps + 1 lm_in) x 4096 = 19.0 MB (32.0 KB/tok)
[probe] wrote 16 draft probes (block=6) to /home/patrickd/s5-capture/s2/c0/cap/drafts_p94_s000609.txt
[spec] decoding 8 tokens (block=6, draft passes=1, adaptK=1.50, prompt=94 s=610)...
  [margins] 15.37 19.61 10.46 13.99 14.41 9.06  K=7
  verify 1: accepted 6/6 (K=7) + correction -> +7 tokens (212.0 ms)  cpos=616
  [margins] 15.63 20.03 16.79 12.71 12.86 2.90  K=7
  verify 2: accepted 6/6 (K=7) + correction -> +7 tokens (203.9 ms)  cpos=623

[spec] generated 14 tokens over 2 verifies: mean tokens/verify = 7.00 (block=6, max 7)
[spec] tokens: 9352 107739 18486 14 778 6026 6069 65 75153 14 21228 14 305 1014
[spec] SPEC-DECODE: 29.1 ms/tok = 34.33 tok/s  (vs base M=1 69.1 ms/tok = 14.46 tok/s -> 2.37x)
[decode] PREFILL: 544 positions in 9800.1 ms = 55.5 tok/s (18.015 ms/tok)
[capture] wrote /home/patrickd/s5-capture/s2/c0/cap/shard_p95_s000544.dspc  544 tok x (3 taps + 1 lm_in) x 4096 = 17.0 MB (32.0 KB/tok)
[probe] wrote 16 draft probes (block=6) to /home/patrickd/s5-capture/s2/c0/cap/drafts_p95_s000544.txt
[spec] decoding 8 tokens (block=6, draft passes=1, adaptK=1.50, prompt=95 s=545)...
  [margins] 14.43 11.48 14.76 3.52 8.28 10.73  K=7
  verify 1: accepted 6/6 (K=7) + correction -> +7 tokens (202.5 ms)  cpos=551
  [margins] 14.16 11.39 5.68 12.48 14.69 6.07  K=7
  verify 2: accepted 6/6 (K=7) + correction -> +7 tokens (208.8 ms)  cpos=558

[spec] generated 14 tokens over 2 verifies: mean tokens/verify = 7.00 (block=6, max 7)
[spec] tokens: 27 13525 1606 16 455 3150 344 8728 509 270 47997 1752 294 270
[spec] SPEC-DECODE: 29.8 ms/tok = 33.52 tok/s  (vs base M=1 69.1 ms/tok = 14.46 tok/s -> 2.32x)
[decode] PREFILL: 648 positions in 11821.1 ms = 54.8 tok/s (18.242 ms/tok)
[capture] wrote /home/patrickd/s5-capture/s2/c0/cap/shard_p96_s000648.dspc  648 tok x (3 taps + 1 lm_in) x 4096 = 20.3 MB (32.0 KB/tok)
[probe] wrote 16 draft probes (block=6) to /home/patrickd/s5-capture/s2/c0/cap/drafts_p96_s000648.txt
[spec] decoding 8 tokens (block=6, draft passes=1, adaptK=1.50, prompt=96 s=649)...
  [margins] 7.87 10.64 10.89 4.60 9.39 4.81  K=7
  verify 1: accepted 6/6 (K=7) + correction -> +7 tokens (197.6 ms)  cpos=655
  [margins] 8.54 13.05 7.61 11.17 11.78 5.22  K=7
  verify 2: accepted 6/6 (K=7) + correction -> +7 tokens (206.8 ms)  cpos=662

[spec] generated 14 tokens over 2 verifies: mean tokens/verify = 7.00 (block=6, max 7)
[spec] tokens: 16 3011 11394 16 3011 11394 16 3011 11394 16 3011 11394 16 3011
[spec] SPEC-DECODE: 29.5 ms/tok = 33.85 tok/s  (vs base M=1 69.1 ms/tok = 14.46 tok/s -> 2.34x)
[decode] PREFILL: 677 positions in 12352.8 ms = 54.8 tok/s (18.246 ms/tok)
[capture] wrote /home/patrickd/s5-capture/s2/c0/cap/shard_p97_s000677.dspc  677 tok x (3 taps + 1 lm_in) x 4096 = 21.2 MB (32.0 KB/tok)
[probe] wrote 16 draft probes (block=6) to /home/patrickd/s5-capture/s2/c0/cap/drafts_p97_s000677.txt
[spec] decoding 8 tokens (block=6, draft passes=1, adaptK=1.50, prompt=97 s=678)...
  [margins] 13.27 10.89 5.02 8.44 8.45 6.78  K=7
  verify 1: accepted 6/6 (K=7) + correction -> +7 tokens (216.2 ms)  cpos=684
  [margins] 9.75 18.65 10.89 8.65 7.25 2.77  K=7
  verify 2: accepted 5/6 (K=7) + correction -> +6 tokens (208.6 ms)  cpos=690

[spec] generated 13 tokens over 2 verifies: mean tokens/verify = 6.50 (block=6, max 7)
[spec] tokens: 270 7425 16 455 3817 734 9624 294 43068 305 4227 2968 477
[spec] SPEC-DECODE: 34.8 ms/tok = 28.76 tok/s  (vs base M=1 69.1 ms/tok = 14.46 tok/s -> 1.99x)
[decode] PREFILL: 529 positions in 9545.5 ms = 55.4 tok/s (18.044 ms/tok)
[capture] wrote /home/patrickd/s5-capture/s2/c0/cap/shard_p98_s000529.dspc  529 tok x (3 taps + 1 lm_in) x 4096 = 16.5 MB (32.0 KB/tok)
[probe] wrote 16 draft probes (block=6) to /home/patrickd/s5-capture/s2/c0/cap/drafts_p98_s000529.txt
[spec] decoding 8 tokens (block=6, draft passes=1, adaptK=1.50, prompt=98 s=530)...
  [margins] 9.22 0.16 4.24 9.38 9.10 7.00  K=2
  verify 1: accepted 1/1 (K=2) + correction -> +2 tokens (113.6 ms)  cpos=531
  [margins] 4.44 10.17 8.53 13.74 3.88 2.05  K=7
  verify 2: accepted 5/6 (K=7) + correction -> +6 tokens (206.7 ms)  cpos=537

[spec] generated 8 tokens over 2 verifies: mean tokens/verify = 4.00 (block=6, max 7)
[spec] tokens: 11859 3317 28 582 15480 22116 81723 9359
[spec] SPEC-DECODE: 34.5 ms/tok = 29.02 tok/s  (vs base M=1 69.1 ms/tok = 14.46 tok/s -> 2.01x)
[decode] PREFILL: 676 positions in 12338.3 ms = 54.8 tok/s (18.252 ms/tok)
[capture] wrote /home/patrickd/s5-capture/s2/c0/cap/shard_p99_s000676.dspc  676 tok x (3 taps + 1 lm_in) x 4096 = 21.1 MB (32.0 KB/tok)
[probe] wrote 16 draft probes (block=6) to /home/patrickd/s5-capture/s2/c0/cap/drafts_p99_s000676.txt
[spec] decoding 8 tokens (block=6, draft passes=1, adaptK=1.50, prompt=99 s=677)...
  [margins] 10.37 8.49 13.73 8.14 12.32 7.91  K=7
  verify 1: accepted 6/6 (K=7) + correction -> +7 tokens (198.2 ms)  cpos=683
  [margins] 9.00 13.58 8.88 12.90 7.20 10.61  K=7
  verify 2: accepted 6/6 (K=7) + correction -> +7 tokens (204.0 ms)  cpos=690

[spec] generated 14 tokens over 2 verifies: mean tokens/verify = 7.00 (block=6, max 7)
[spec] tokens: 70404 16 70404 16 70404 16 70404 16 70404 16 70404 16 70404 16
[spec] SPEC-DECODE: 29.1 ms/tok = 34.32 tok/s  (vs base M=1 69.1 ms/tok = 14.46 tok/s -> 2.37x)
[decode] PREFILL: 530 positions in 9561.1 ms = 55.4 tok/s (18.040 ms/tok)
[capture] wrote /home/patrickd/s5-capture/s2/c0/cap/shard_p100_s000530.dspc  530 tok x (3 taps + 1 lm_in) x 4096 = 16.6 MB (32.0 KB/tok)
[probe] wrote 16 draft probes (block=6) to /home/patrickd/s5-capture/s2/c0/cap/drafts_p100_s000530.txt
[spec] decoding 8 tokens (block=6, draft passes=1, adaptK=1.50, prompt=100 s=531)...
  [margins] 0.19 2.45 4.23 2.07 2.39 1.07  K=6
  verify 1: accepted 0/5 (K=6) + correction -> +1 tokens (183.3 ms)  cpos=531
  [margins] 0.22 4.73 0.13 0.06 0.17 0.61  K=3
  verify 2: accepted 2/2 (K=3) + correction -> +3 tokens (133.9 ms)  cpos=534
  [margins] 1.67 1.50 0.02 0.07 0.14 0.96  K=2
  verify 3: accepted 1/1 (K=2) + correction -> +2 tokens (122.0 ms)  cpos=536
  [margins] 1.95 0.26 0.05 0.80 0.08 0.77  K=2
  verify 4: accepted 0/1 (K=2) + correction -> +1 tokens (114.4 ms)  cpos=537
  [margins] 0.27 1.69 0.34 1.34 2.13 0.78  K=3
  verify 5: accepted 1/2 (K=3) + correction -> +2 tokens (131.9 ms)  cpos=539

[spec] generated 9 tokens over 5 verifies: mean tokens/verify = 1.80 (block=6, max 7)
[spec] tokens: 8937 14 305 342 16818 786 2845 2334 3072
[spec] SPEC-DECODE: 62.8 ms/tok = 15.93 tok/s  (vs base M=1 69.1 ms/tok = 14.46 tok/s -> 1.10x)
[decode] PREFILL: 532 positions in 9580.5 ms = 55.5 tok/s (18.008 ms/tok)
[capture] wrote /home/patrickd/s5-capture/s2/c0/cap/shard_p101_s000532.dspc  532 tok x (3 taps + 1 lm_in) x 4096 = 16.6 MB (32.0 KB/tok)
[probe] wrote 16 draft probes (block=6) to /home/patrickd/s5-capture/s2/c0/cap/drafts_p101_s000532.txt
[spec] decoding 8 tokens (block=6, draft passes=1, adaptK=1.50, prompt=101 s=533)...
  [margins] 18.86 17.08 10.08 9.27 8.56 10.10  K=7
  verify 1: accepted 6/6 (K=7) + correction -> +7 tokens (201.0 ms)  cpos=539
  [margins] 14.89 16.33 15.10 10.46 9.73 0.35  K=6
  verify 2: accepted 5/5 (K=6) + correction -> +6 tokens (184.2 ms)  cpos=545

[spec] generated 13 tokens over 2 verifies: mean tokens/verify = 6.50 (block=6, max 7)
[spec] tokens: 9909 1353 16 15361 270 15255 2019 16 9909 1353 16 15361 270
[spec] SPEC-DECODE: 30.7 ms/tok = 32.58 tok/s  (vs base M=1 69.1 ms/tok = 14.46 tok/s -> 2.25x)
[decode] PREFILL: 621 positions in 11245.9 ms = 55.2 tok/s (18.109 ms/tok)
[capture] wrote /home/patrickd/s5-capture/s2/c0/cap/shard_p102_s000621.dspc  621 tok x (3 taps + 1 lm_in) x 4096 = 19.4 MB (32.0 KB/tok)
[probe] wrote 16 draft probes (block=6) to /home/patrickd/s5-capture/s2/c0/cap/drafts_p102_s000621.txt
[spec] decoding 8 tokens (block=6, draft passes=1, adaptK=1.50, prompt=102 s=622)...
  [margins] 11.97 14.48 15.64 9.39 7.92 7.63  K=7
  verify 1: accepted 5/6 (K=7) + correction -> +6 tokens (212.5 ms)  cpos=627
  [margins] 12.09 14.25 15.71 8.11 8.69 5.10  K=7
  verify 2: accepted 5/6 (K=7) + correction -> +6 tokens (212.4 ms)  cpos=633

[spec] generated 12 tokens over 2 verifies: mean tokens/verify = 6.00 (block=6, max 7)
[spec] tokens: 14 1119 11394 16 721 118599 14 1119 11394 16 721 118599
[spec] SPEC-DECODE: 35.4 ms/tok = 28.25 tok/s  (vs base M=1 69.1 ms/tok = 14.46 tok/s -> 1.95x)
[decode] PREFILL: 629 positions in 11531.9 ms = 54.5 tok/s (18.334 ms/tok)
[capture] wrote /home/patrickd/s5-capture/s2/c0/cap/shard_p103_s000629.dspc  629 tok x (3 taps + 1 lm_in) x 4096 = 19.7 MB (32.0 KB/tok)
[probe] wrote 16 draft probes (block=6) to /home/patrickd/s5-capture/s2/c0/cap/drafts_p103_s000629.txt
[spec] decoding 8 tokens (block=6, draft passes=1, adaptK=1.50, prompt=103 s=630)...
  [margins] 15.58 15.00 13.21 16.80 16.09 5.34  K=7
  verify 1: accepted 6/6 (K=7) + correction -> +7 tokens (213.9 ms)  cpos=636
  [margins] 19.31 21.12 20.54 16.88 14.53 14.63  K=7
  verify 2: accepted 6/6 (K=7) + correction -> +7 tokens (246.2 ms)  cpos=643

[spec] generated 14 tokens over 2 verifies: mean tokens/verify = 7.00 (block=6, max 7)
[spec] tokens: 3510 28 1178 13088 1355 49163 26374 13088 1355 7907 14 1781 5864 363
[spec] SPEC-DECODE: 35.2 ms/tok = 28.44 tok/s  (vs base M=1 69.1 ms/tok = 14.46 tok/s -> 1.97x)
[decode] PREFILL: 611 positions in 11063.9 ms = 55.2 tok/s (18.108 ms/tok)
[capture] wrote /home/patrickd/s5-capture/s2/c0/cap/shard_p104_s000611.dspc  611 tok x (3 taps + 1 lm_in) x 4096 = 19.1 MB (32.0 KB/tok)
[probe] wrote 16 draft probes (block=6) to /home/patrickd/s5-capture/s2/c0/cap/drafts_p104_s000611.txt
[spec] decoding 8 tokens (block=6, draft passes=1, adaptK=1.50, prompt=104 s=612)...
  [margins] 14.52 9.24 12.04 9.77 12.71 9.30  K=7
  verify 1: accepted 6/6 (K=7) + correction -> +7 tokens (204.0 ms)  cpos=618
  [margins] 8.41 11.22 8.30 11.91 8.91 9.37  K=7
  verify 2: accepted 6/6 (K=7) + correction -> +7 tokens (201.6 ms)  cpos=625

[spec] generated 14 tokens over 2 verifies: mean tokens/verify = 7.00 (block=6, max 7)
[spec] tokens: 16448 16 16448 16 16448 16 16448 16 16448 16 16448 16 16448 16
[spec] SPEC-DECODE: 28.8 ms/tok = 34.73 tok/s  (vs base M=1 69.1 ms/tok = 14.46 tok/s -> 2.40x)
[decode] PREFILL: 540 positions in 9731.8 ms = 55.5 tok/s (18.022 ms/tok)
[capture] wrote /home/patrickd/s5-capture/s2/c0/cap/shard_p105_s000540.dspc  540 tok x (3 taps + 1 lm_in) x 4096 = 16.9 MB (32.0 KB/tok)
[probe] wrote 16 draft probes (block=6) to /home/patrickd/s5-capture/s2/c0/cap/drafts_p105_s000540.txt
[spec] decoding 8 tokens (block=6, draft passes=1, adaptK=1.50, prompt=105 s=541)...
  [margins] 4.10 5.91 10.60 1.92 8.54 9.18  K=7
  verify 1: accepted 6/6 (K=7) + correction -> +7 tokens (203.0 ms)  cpos=547
  [margins] 12.10 13.62 17.18 10.67 15.61 11.08  K=7
  verify 2: accepted 6/6 (K=7) + correction -> +7 tokens (211.6 ms)  cpos=554

[spec] generated 14 tokens over 2 verifies: mean tokens/verify = 7.00 (block=6, max 7)
[spec] tokens: 10562 438 3065 97861 10 17315 11 2777 10 1408 97861 10 17315 2542
[spec] SPEC-DECODE: 30.2 ms/tok = 33.08 tok/s  (vs base M=1 69.1 ms/tok = 14.46 tok/s -> 2.29x)
[decode] PREFILL: 677 positions in 12354.2 ms = 54.8 tok/s (18.248 ms/tok)
[capture] wrote /home/patrickd/s5-capture/s2/c0/cap/shard_p106_s000677.dspc  677 tok x (3 taps + 1 lm_in) x 4096 = 21.2 MB (32.0 KB/tok)
[probe] wrote 16 draft probes (block=6) to /home/patrickd/s5-capture/s2/c0/cap/drafts_p106_s000677.txt
[spec] decoding 8 tokens (block=6, draft passes=1, adaptK=1.50, prompt=106 s=678)...
  [margins] 9.20 7.96 9.63 7.77 9.04 3.47  K=7
  verify 1: accepted 6/6 (K=7) + correction -> +7 tokens (205.4 ms)  cpos=684
  [margins] 10.36 10.84 8.63 9.75 5.02 8.79  K=7
  verify 2: accepted 6/6 (K=7) + correction -> +7 tokens (196.8 ms)  cpos=691

[spec] generated 14 tokens over 2 verifies: mean tokens/verify = 7.00 (block=6, max 7)
[spec] tokens: 455 16 455 16 455 16 455 16 455 16 455 16 455 16
[spec] SPEC-DECODE: 28.1 ms/tok = 35.56 tok/s  (vs base M=1 69.1 ms/tok = 14.46 tok/s -> 2.46x)
[decode] PREFILL: 538 positions in 9685.4 ms = 55.5 tok/s (18.003 ms/tok)
[capture] wrote /home/patrickd/s5-capture/s2/c0/cap/shard_p107_s000538.dspc  538 tok x (3 taps + 1 lm_in) x 4096 = 16.8 MB (32.0 KB/tok)
[probe] wrote 16 draft probes (block=6) to /home/patrickd/s5-capture/s2/c0/cap/drafts_p107_s000538.txt
[spec] decoding 8 tokens (block=6, draft passes=1, adaptK=1.50, prompt=107 s=539)...
  [margins] 7.89 6.48 7.05 6.23 4.58 4.95  K=7
  verify 1: accepted 6/6 (K=7) + correction -> +7 tokens (199.7 ms)  cpos=545
  [margins] 6.50 7.98 7.87 6.84 5.47 5.27  K=7
  verify 2: accepted 6/6 (K=7) + correction -> +7 tokens (199.2 ms)  cpos=552

[spec] generated 14 tokens over 2 verifies: mean tokens/verify = 7.00 (block=6, max 7)
[spec] tokens: 3749 3749 3749 3749 3749 3749 3749 3749 3749 3749 3749 3749 3749 3749
[spec] SPEC-DECODE: 28.5 ms/tok = 35.14 tok/s  (vs base M=1 69.1 ms/tok = 14.46 tok/s -> 2.43x)
[decode] PREFILL: 1718 positions in 34046.6 ms = 50.5 tok/s (19.818 ms/tok)
[capture] wrote /home/patrickd/s5-capture/s2/c0/cap/shard_p108_s001718.dspc  1718 tok x (3 taps + 1 lm_in) x 4096 = 53.7 MB (32.0 KB/tok)
[probe] wrote 16 draft probes (block=6) to /home/patrickd/s5-capture/s2/c0/cap/drafts_p108_s001718.txt
[spec] decoding 8 tokens (block=6, draft passes=1, adaptK=1.50, prompt=108 s=1719)...
  [margins] 14.28 18.44 14.86 11.26 10.03 10.28  K=7
  verify 1: accepted 6/6 (K=7) + correction -> +7 tokens (265.0 ms)  cpos=1725
  [margins] 17.83 14.46 16.72 12.64 10.27 11.14  K=7
  verify 2: accepted 6/6 (K=7) + correction -> +7 tokens (263.6 ms)  cpos=1732

[spec] generated 14 tokens over 2 verifies: mean tokens/verify = 7.00 (block=6, max 7)
[spec] tokens: 223 29152 3646 16 455 3287 344 28 223 29152 3646 16 455 3287
[spec] SPEC-DECODE: 37.7 ms/tok = 26.55 tok/s  (vs base M=1 69.1 ms/tok = 14.46 tok/s -> 1.84x)
[decode] PREFILL: 540 positions in 9746.2 ms = 55.4 tok/s (18.049 ms/tok)
[capture] wrote /home/patrickd/s5-capture/s2/c0/cap/shard_p109_s000540.dspc  540 tok x (3 taps + 1 lm_in) x 4096 = 16.9 MB (32.0 KB/tok)
[probe] wrote 16 draft probes (block=6) to /home/patrickd/s5-capture/s2/c0/cap/drafts_p109_s000540.txt
[spec] decoding 8 tokens (block=6, draft passes=1, adaptK=1.50, prompt=109 s=541)...
  [margins] 8.03 1.59 0.14 0.94 7.14 2.21  K=3
  verify 1: accepted 1/2 (K=3) + correction -> +2 tokens (123.6 ms)  cpos=542
  [margins] 10.86 5.95 10.74 0.17 4.39 2.20  K=4
  verify 2: accepted 3/3 (K=4) + correction -> +4 tokens (145.1 ms)  cpos=546
  [margins] 8.95 14.41 8.98 7.32 0.16 0.27  K=5
  verify 3: accepted 4/4 (K=5) + correction -> +5 tokens (155.7 ms)  cpos=551

[spec] generated 11 tokens over 3 verifies: mean tokens/verify = 3.67 (block=6, max 7)
[spec] tokens: 5099 47678 76 16 19110 19110 16 862 862 3420 87789
[spec] SPEC-DECODE: 33.4 ms/tok = 29.91 tok/s  (vs base M=1 69.1 ms/tok = 14.46 tok/s -> 2.07x)
[decode] PREFILL: 524 positions in 9440.7 ms = 55.5 tok/s (18.017 ms/tok)
[capture] wrote /home/patrickd/s5-capture/s2/c0/cap/shard_p110_s000524.dspc  524 tok x (3 taps + 1 lm_in) x 4096 = 16.4 MB (32.0 KB/tok)
[probe] wrote 16 draft probes (block=6) to /home/patrickd/s5-capture/s2/c0/cap/drafts_p110_s000524.txt
[spec] decoding 8 tokens (block=6, draft passes=1, adaptK=1.50, prompt=110 s=525)...
  [margins] 13.41 2.36 4.11 0.16 0.00 0.05  K=4
  verify 1: accepted 1/3 (K=4) + correction -> +2 tokens (143.0 ms)  cpos=526
  [margins] 1.86 0.58 0.11 3.75 0.78 0.26  K=2
  verify 2: accepted 1/1 (K=2) + correction -> +2 tokens (120.2 ms)  cpos=528
  [margins] 2.47 3.38 0.24 0.34 1.34 0.74  K=3
  verify 3: accepted 0/2 (K=3) + correction -> +1 tokens (124.5 ms)  cpos=529
  [margins] 2.32 0.22 2.07 0.53 7.61 0.25  K=2
  verify 4: accepted 0/1 (K=2) + correction -> +1 tokens (111.3 ms)  cpos=530
  [margins] 8.36 0.28 0.94 0.63 1.28 2.81  K=2
  verify 5: accepted 1/1 (K=2) + correction -> +2 tokens (120.3 ms)  cpos=532

[spec] generated 8 tokens over 5 verifies: mean tokens/verify = 1.60 (block=6, max 7)
[spec] tokens: 114141 9523 16 698 278 4394 272 316
[spec] SPEC-DECODE: 79.4 ms/tok = 12.60 tok/s  (vs base M=1 69.1 ms/tok = 14.46 tok/s -> 0.87x)
[decode] PREFILL: 672 positions in 12265.2 ms = 54.8 tok/s (18.252 ms/tok)
[capture] wrote /home/patrickd/s5-capture/s2/c0/cap/shard_p111_s000672.dspc  672 tok x (3 taps + 1 lm_in) x 4096 = 21.0 MB (32.0 KB/tok)
[probe] wrote 16 draft probes (block=6) to /home/patrickd/s5-capture/s2/c0/cap/drafts_p111_s000672.txt
[spec] decoding 8 tokens (block=6, draft passes=1, adaptK=1.50, prompt=111 s=673)...
  [margins] 9.97 4.19 8.00 8.33 1.98 2.70  K=7
  verify 1: accepted 5/6 (K=7) + correction -> +6 tokens (205.2 ms)  cpos=678
  [margins] 3.89 1.80 0.13 0.87 0.03 0.21  K=3
  verify 2: accepted 2/2 (K=3) + correction -> +3 tokens (134.4 ms)  cpos=681

[spec] generated 9 tokens over 2 verifies: mean tokens/verify = 4.50 (block=6, max 7)
[spec] tokens: 14 305 30112 22808 16 4480 436 10434 362
[spec] SPEC-DECODE: 44.8 ms/tok = 22.33 tok/s  (vs base M=1 69.1 ms/tok = 14.46 tok/s -> 1.54x)
[decode] PREFILL: 526 positions in 9467.5 ms = 55.6 tok/s (17.999 ms/tok)
[capture] wrote /home/patrickd/s5-capture/s2/c0/cap/shard_p112_s000526.dspc  526 tok x (3 taps + 1 lm_in) x 4096 = 16.4 MB (32.0 KB/tok)
[probe] wrote 16 draft probes (block=6) to /home/patrickd/s5-capture/s2/c0/cap/drafts_p112_s000526.txt
[spec] decoding 8 tokens (block=6, draft passes=1, adaptK=1.50, prompt=112 s=527)...
  [margins] 13.82 15.52 14.91 13.51 9.50 10.40  K=7
  verify 1: accepted 6/6 (K=7) + correction -> +7 tokens (207.1 ms)  cpos=533
  [margins] 14.82 19.24 12.50 15.41 11.56 15.99  K=7
  verify 2: accepted 6/6 (K=7) + correction -> +7 tokens (210.0 ms)  cpos=540

[spec] generated 14 tokens over 2 verifies: mean tokens/verify = 7.00 (block=6, max 7)
[spec] tokens: 344 260 15000 418 260 20087 294 1623 11273 14 1901 260 280 23418
[spec] SPEC-DECODE: 30.0 ms/tok = 33.33 tok/s  (vs base M=1 69.1 ms/tok = 14.46 tok/s -> 2.30x)
[decode] PREFILL: 539 positions in 9712.3 ms = 55.5 tok/s (18.019 ms/tok)
[capture] wrote /home/patrickd/s5-capture/s2/c0/cap/shard_p113_s000539.dspc  539 tok x (3 taps + 1 lm_in) x 4096 = 16.8 MB (32.0 KB/tok)
[probe] wrote 16 draft probes (block=6) to /home/patrickd/s5-capture/s2/c0/cap/drafts_p113_s000539.txt
[spec] decoding 8 tokens (block=6, draft passes=1, adaptK=1.50, prompt=113 s=540)...
  [margins] 11.75 12.47 10.96 9.56 7.04 2.29  K=7
  verify 1: accepted 6/6 (K=7) + correction -> +7 tokens (201.5 ms)  cpos=546
  [margins] 20.15 12.49 7.64 8.37 0.51 1.94  K=5
  verify 2: accepted 4/4 (K=5) + correction -> +5 tokens (156.2 ms)  cpos=551

[spec] generated 12 tokens over 2 verifies: mean tokens/verify = 6.00 (block=6, max 7)
[spec] tokens: 1925 84 50 1925 84 50 1925 84 50 1925 84 50
[spec] SPEC-DECODE: 31.2 ms/tok = 32.00 tok/s  (vs base M=1 69.1 ms/tok = 14.46 tok/s -> 2.21x)
[decode] PREFILL: 1573 positions in 30817.3 ms = 51.0 tok/s (19.591 ms/tok)
[capture] wrote /home/patrickd/s5-capture/s2/c0/cap/shard_p114_s001573.dspc  1573 tok x (3 taps + 1 lm_in) x 4096 = 49.2 MB (32.0 KB/tok)
[probe] wrote 16 draft probes (block=6) to /home/patrickd/s5-capture/s2/c0/cap/drafts_p114_s001573.txt
[spec] decoding 8 tokens (block=6, draft passes=1, adaptK=1.50, prompt=114 s=1574)...
  [margins] 13.97 7.17 10.22 8.23 0.84 0.14  K=5
  verify 1: accepted 4/4 (K=5) + correction -> +5 tokens (201.4 ms)  cpos=1578
  [margins] 13.33 10.69 8.61 3.25 4.69 9.47  K=7
  verify 2: accepted 6/6 (K=7) + correction -> +7 tokens (260.1 ms)  cpos=1585

[spec] generated 12 tokens over 2 verifies: mean tokens/verify = 6.00 (block=6, max 7)
[spec] tokens: 14 412 1585 412 8235 19000 16 2899 1305 1225 2231 7580
[spec] SPEC-DECODE: 37.2 ms/tok = 26.91 tok/s  (vs base M=1 69.1 ms/tok = 14.46 tok/s -> 1.86x)
[decode] PREFILL: 642 positions in 11730.2 ms = 54.7 tok/s (18.271 ms/tok)
[capture] wrote /home/patrickd/s5-capture/s2/c0/cap/shard_p115_s000642.dspc  642 tok x (3 taps + 1 lm_in) x 4096 = 20.1 MB (32.0 KB/tok)
[probe] wrote 16 draft probes (block=6) to /home/patrickd/s5-capture/s2/c0/cap/drafts_p115_s000642.txt
[spec] decoding 8 tokens (block=6, draft passes=1, adaptK=1.50, prompt=115 s=643)...
  [margins] 4.70 0.31 4.05 0.11 0.11 0.48  K=2
  verify 1: accepted 0/1 (K=2) + correction -> +1 tokens (122.6 ms)  cpos=643
  [margins] 18.09 1.59 1.56 1.28 8.45 1.29  K=4
  verify 2: accepted 1/3 (K=4) + correction -> +2 tokens (146.6 ms)  cpos=645
  [margins] 8.50 2.95 0.58 0.68 2.30 7.99  K=3
  verify 3: accepted 2/2 (K=3) + correction -> +3 tokens (136.1 ms)  cpos=648
  [margins] 0.98 3.90 0.29 0.34 0.82 1.38  K=3
  verify 4: accepted 0/2 (K=3) + correction -> +1 tokens (129.5 ms)  cpos=649
  [margins] 10.17 4.64 0.07 0.56 5.06 0.69  K=3
  verify 5: accepted 2/2 (K=3) + correction -> +3 tokens (136.1 ms)  cpos=652

[spec] generated 10 tokens over 5 verifies: mean tokens/verify = 2.00 (block=6, max 7)
[spec] tokens: 115402 6070 4228 78068 18586 46780 12920 55374 418 13734
[spec] SPEC-DECODE: 60.9 ms/tok = 16.42 tok/s  (vs base M=1 69.1 ms/tok = 14.46 tok/s -> 1.14x)
[decode] PREFILL: 674 positions in 12300.2 ms = 54.8 tok/s (18.250 ms/tok)
[capture] wrote /home/patrickd/s5-capture/s2/c0/cap/shard_p116_s000674.dspc  674 tok x (3 taps + 1 lm_in) x 4096 = 21.1 MB (32.0 KB/tok)
[probe] wrote 16 draft probes (block=6) to /home/patrickd/s5-capture/s2/c0/cap/drafts_p116_s000674.txt
[spec] decoding 8 tokens (block=6, draft passes=1, adaptK=1.50, prompt=116 s=675)...
  [margins] 15.64 14.26 16.64 8.54 10.56 7.48  K=7
  verify 1: accepted 6/6 (K=7) + correction -> +7 tokens (212.7 ms)  cpos=681
  [margins] 14.09 6.41 11.20 12.07 12.74 10.57  K=7
  verify 2: accepted 6/6 (K=7) + correction -> +7 tokens (210.8 ms)  cpos=688

[spec] generated 14 tokens over 2 verifies: mean tokens/verify = 7.00 (block=6, max 7)
[spec] tokens: 28 223 19 16 41647 28 223 19 16 41647 28 223 19 16
[spec] SPEC-DECODE: 30.1 ms/tok = 33.21 tok/s  (vs base M=1 69.1 ms/tok = 14.46 tok/s -> 2.30x)
[decode] PREFILL: 554 positions in 9990.4 ms = 55.5 tok/s (18.033 ms/tok)
[capture] wrote /home/patrickd/s5-capture/s2/c0/cap/shard_p117_s000554.dspc  554 tok x (3 taps + 1 lm_in) x 4096 = 17.3 MB (32.0 KB/tok)
[probe] wrote 16 draft probes (block=6) to /home/patrickd/s5-capture/s2/c0/cap/drafts_p117_s000554.txt
[spec] decoding 8 tokens (block=6, draft passes=1, adaptK=1.50, prompt=117 s=555)...
  [margins] 11.36 10.57 8.11 12.28 8.31 9.44  K=7
  verify 1: accepted 6/6 (K=7) + correction -> +7 tokens (196.9 ms)  cpos=561
  [margins] 15.25 12.22 13.68 1.40 9.12 9.42  K=4
  verify 2: accepted 3/3 (K=4) + correction -> +4 tokens (140.5 ms)  cpos=565

[spec] generated 11 tokens over 2 verifies: mean tokens/verify = 5.50 (block=6, max 7)
[spec] tokens: 11 3749 11 3749 11 3749 11 3749 11 3749 11
[spec] SPEC-DECODE: 35.1 ms/tok = 28.48 tok/s  (vs base M=1 69.1 ms/tok = 14.46 tok/s -> 1.97x)
[decode] PREFILL: 1185 positions in 22513.7 ms = 52.6 tok/s (18.999 ms/tok)
[capture] wrote /home/patrickd/s5-capture/s2/c0/cap/shard_p118_s001185.dspc  1185 tok x (3 taps + 1 lm_in) x 4096 = 37.0 MB (32.0 KB/tok)
[probe] wrote 16 draft probes (block=6) to /home/patrickd/s5-capture/s2/c0/cap/drafts_p118_s001185.txt
[spec] decoding 8 tokens (block=6, draft passes=1, adaptK=1.50, prompt=118 s=1186)...
  [margins] 17.53 6.33 11.31 5.69 2.08 3.79  K=7
  verify 1: accepted 4/6 (K=7) + correction -> +5 tokens (237.5 ms)  cpos=1190
  [margins] 15.72 15.32 6.17 16.31 10.10 0.16  K=6
  verify 2: accepted 5/5 (K=6) + correction -> +6 tokens (211.1 ms)  cpos=1196

[spec] generated 11 tokens over 2 verifies: mean tokens/verify = 5.50 (block=6, max 7)
[spec] tokens: 71757 14 305 3859 295 223 4215 24 14 13799 22064
[spec] SPEC-DECODE: 35.2 ms/tok = 28.42 tok/s  (vs base M=1 69.1 ms/tok = 14.46 tok/s -> 1.97x)
[decode] PREFILL: 598 positions in 10843.6 ms = 55.1 tok/s (18.133 ms/tok)
[capture] wrote /home/patrickd/s5-capture/s2/c0/cap/shard_p119_s000598.dspc  598 tok x (3 taps + 1 lm_in) x 4096 = 18.7 MB (32.0 KB/tok)
[probe] wrote 16 draft probes (block=6) to /home/patrickd/s5-capture/s2/c0/cap/drafts_p119_s000598.txt
[spec] decoding 8 tokens (block=6, draft passes=1, adaptK=1.50, prompt=119 s=599)...
  [margins] 7.49 10.56 8.63 3.71 1.66 5.37  K=7
  verify 1: accepted 5/6 (K=7) + correction -> +6 tokens (212.9 ms)  cpos=604
  [margins] 10.09 17.80 10.55 2.90 8.86 7.04  K=7
  verify 2: accepted 6/6 (K=7) + correction -> +7 tokens (204.1 ms)  cpos=611

[spec] generated 13 tokens over 2 verifies: mean tokens/verify = 6.50 (block=6, max 7)
[spec] tokens: 260 4105 16 292 50 14 270 3967 14 344 554 260 4105
[spec] SPEC-DECODE: 29.2 ms/tok = 34.30 tok/s  (vs base M=1 69.1 ms/tok = 14.46 tok/s -> 2.37x)
[decode] PREFILL: 531 positions in 9566.1 ms = 55.5 tok/s (18.015 ms/tok)
[capture] wrote /home/patrickd/s5-capture/s2/c0/cap/shard_p120_s000531.dspc  531 tok x (3 taps + 1 lm_in) x 4096 = 16.6 MB (32.0 KB/tok)
[probe] wrote 16 draft probes (block=6) to /home/patrickd/s5-capture/s2/c0/cap/drafts_p120_s000531.txt
[spec] decoding 8 tokens (block=6, draft passes=1, adaptK=1.50, prompt=120 s=532)...
  [margins] 11.28 9.92 7.39 11.21 2.97 8.12  K=7
  verify 1: accepted 5/6 (K=7) + correction -> +6 tokens (205.6 ms)  cpos=537
  [margins] 12.93 10.27 10.59 13.81 5.95 5.80  K=7
  verify 2: accepted 5/6 (K=7) + correction -> +6 tokens (201.6 ms)  cpos=543

[spec] generated 12 tokens over 2 verifies: mean tokens/verify = 6.00 (block=6, max 7)
[spec] tokens: 16 16448 50 16 16448 50 16 16448 50 16 16448 50
[spec] SPEC-DECODE: 33.6 ms/tok = 29.76 tok/s  (vs base M=1 69.1 ms/tok = 14.46 tok/s -> 2.06x)
[decode] PREFILL: 982 positions in 18385.6 ms = 53.4 tok/s (18.723 ms/tok)
[capture] wrote /home/patrickd/s5-capture/s2/c0/cap/shard_p121_s000982.dspc  982 tok x (3 taps + 1 lm_in) x 4096 = 30.7 MB (32.0 KB/tok)
[probe] wrote 16 draft probes (block=6) to /home/patrickd/s5-capture/s2/c0/cap/drafts_p121_s000982.txt
[spec] decoding 8 tokens (block=6, draft passes=1, adaptK=1.50, prompt=121 s=983)...
  [margins] 19.27 9.36 8.50 3.39 2.32 2.47  K=7
  verify 1: accepted 4/6 (K=7) + correction -> +5 tokens (225.6 ms)  cpos=987
  [margins] 9.12 10.53 8.46 6.66 5.51 6.01  K=7
  verify 2: accepted 5/6 (K=7) + correction -> +6 tokens (229.1 ms)  cpos=993

[spec] generated 11 tokens over 2 verifies: mean tokens/verify = 5.50 (block=6, max 7)
[spec] tokens: 5485 16 280 39235 27658 223 792 20 3707 75166 5485
[spec] SPEC-DECODE: 38.2 ms/tok = 26.19 tok/s  (vs base M=1 69.1 ms/tok = 14.46 tok/s -> 1.81x)
[decode] PREFILL: 529 positions in 9552.4 ms = 55.4 tok/s (18.058 ms/tok)
[capture] wrote /home/patrickd/s5-capture/s2/c0/cap/shard_p122_s000529.dspc  529 tok x (3 taps + 1 lm_in) x 4096 = 16.5 MB (32.0 KB/tok)
[probe] wrote 16 draft probes (block=6) to /home/patrickd/s5-capture/s2/c0/cap/drafts_p122_s000529.txt
[spec] decoding 8 tokens (block=6, draft passes=1, adaptK=1.50, prompt=122 s=530)...
  [margins] 13.70 1.55 0.78 0.45 0.11 0.14  K=3
  verify 1: accepted 1/2 (K=3) + correction -> +2 tokens (131.2 ms)  cpos=531
  [margins] 1.23 0.61 3.92 11.42 10.36 0.07  K=2
  verify 2: accepted 0/1 (K=2) + correction -> +1 tokens (121.3 ms)  cpos=532
  [margins] 0.21 2.61 10.50 11.29 0.08 0.73  K=5
  verify 3: accepted 0/4 (K=5) + correction -> +1 tokens (160.4 ms)  cpos=533
  [margins] 1.78 2.45 2.08 0.16 0.06 0.96  K=4
  verify 4: accepted 1/3 (K=4) + correction -> +2 tokens (145.0 ms)  cpos=535
  [margins] 1.10 0.59 2.50 1.20 1.14 0.94  K=2
  verify 5: accepted 0/1 (K=2) + correction -> +1 tokens (119.8 ms)  cpos=536
  [margins] 2.35 4.63 0.09 4.18 1.17 1.87  K=3
  verify 6: accepted 0/2 (K=3) + correction -> +1 tokens (126.1 ms)  cpos=537

[spec] generated 8 tokens over 6 verifies: mean tokens/verify = 1.33 (block=6, max 7)
[spec] tokens: 377 12120 41506 14 3607 304 13413 260
[spec] SPEC-DECODE: 112.1 ms/tok = 8.92 tok/s  (vs base M=1 69.1 ms/tok = 14.46 tok/s -> 0.62x)
[decode] PREFILL: 629 positions in 11415.9 ms = 55.1 tok/s (18.149 ms/tok)
[capture] wrote /home/patrickd/s5-capture/s2/c0/cap/shard_p123_s000629.dspc  629 tok x (3 taps + 1 lm_in) x 4096 = 19.7 MB (32.0 KB/tok)
[probe] wrote 16 draft probes (block=6) to /home/patrickd/s5-capture/s2/c0/cap/drafts_p123_s000629.txt
[spec] decoding 8 tokens (block=6, draft passes=1, adaptK=1.50, prompt=123 s=630)...
  [margins] 14.55 13.09 11.86 15.89 10.98 7.17  K=7
  verify 1: accepted 6/6 (K=7) + correction -> +7 tokens (214.6 ms)  cpos=636
  [margins] 11.10 13.49 14.30 10.02 12.25 1.19  K=6
  verify 2: accepted 5/5 (K=6) + correction -> +6 tokens (224.3 ms)  cpos=642

[spec] generated 13 tokens over 2 verifies: mean tokens/verify = 6.50 (block=6, max 7)
[spec] tokens: 14 2090 1664 42544 304 7561 798 16 15315 260 2405 2173 3
[spec] SPEC-DECODE: 37.4 ms/tok = 26.75 tok/s  (vs base M=1 69.1 ms/tok = 14.46 tok/s -> 1.85x)
[decode] PREFILL: 526 positions in 9473.7 ms = 55.5 tok/s (18.011 ms/tok)
[capture] wrote /home/patrickd/s5-capture/s2/c0/cap/shard_p124_s000526.dspc  526 tok x (3 taps + 1 lm_in) x 4096 = 16.4 MB (32.0 KB/tok)
[probe] wrote 16 draft probes (block=6) to /home/patrickd/s5-capture/s2/c0/cap/drafts_p124_s000526.txt
[spec] decoding 8 tokens (block=6, draft passes=1, adaptK=1.50, prompt=124 s=527)...
  [margins] 5.64 11.46 8.74 10.64 9.51 1.76  K=7
  verify 1: accepted 5/6 (K=7) + correction -> +6 tokens (211.8 ms)  cpos=532
  [margins] 16.89 6.53 6.33 9.76 4.54 5.50  K=7
  verify 2: accepted 6/6 (K=7) + correction -> +7 tokens (204.3 ms)  cpos=539

[spec] generated 13 tokens over 2 verifies: mean tokens/verify = 6.50 (block=6, max 7)
[spec] tokens: 455 3287 344 3880 433 14020 82 32 455 3287 344 3880 433
[spec] SPEC-DECODE: 29.2 ms/tok = 34.26 tok/s  (vs base M=1 69.1 ms/tok = 14.46 tok/s -> 2.37x)
[decode] PREFILL: 618 positions in 11187.2 ms = 55.2 tok/s (18.102 ms/tok)
[capture] wrote /home/patrickd/s5-capture/s2/c0/cap/shard_p125_s000618.dspc  618 tok x (3 taps + 1 lm_in) x 4096 = 19.3 MB (32.0 KB/tok)
[probe] wrote 16 draft probes (block=6) to /home/patrickd/s5-capture/s2/c0/cap/drafts_p125_s000618.txt
[spec] decoding 8 tokens (block=6, draft passes=1, adaptK=1.50, prompt=125 s=619)...
  [margins] 15.35 13.87 9.30 11.87 9.28 9.24  K=7
  verify 1: accepted 6/6 (K=7) + correction -> +7 tokens (213.1 ms)  cpos=625
  [margins] 19.31 18.21 13.25 17.58 9.60 12.15  K=7
  verify 2: accepted 6/6 (K=7) + correction -> +7 tokens (213.1 ms)  cpos=632

[spec] generated 14 tokens over 2 verifies: mean tokens/verify = 7.00 (block=6, max 7)
[spec] tokens: 204 201 4564 200 40148 19687 7004 223 19 204 201 5562 1276 19687
[spec] SPEC-DECODE: 30.4 ms/tok = 32.85 tok/s  (vs base M=1 69.1 ms/tok = 14.46 tok/s -> 2.27x)
[decode] PREFILL: 534 positions in 9631.1 ms = 55.4 tok/s (18.036 ms/tok)
[capture] wrote /home/patrickd/s5-capture/s2/c0/cap/shard_p126_s000534.dspc  534 tok x (3 taps + 1 lm_in) x 4096 = 16.7 MB (32.0 KB/tok)
[probe] wrote 16 draft probes (block=6) to /home/patrickd/s5-capture/s2/c0/cap/drafts_p126_s000534.txt
[spec] decoding 8 tokens (block=6, draft passes=1, adaptK=1.50, prompt=126 s=535)...
  [margins] 1.14 3.79 3.78 8.25 0.47 2.85  K=5
  verify 1: accepted 4/4 (K=5) + correction -> +5 tokens (161.3 ms)  cpos=539
  [margins] 2.64 5.54 6.63 2.83 6.20 0.44  K=6
  verify 2: accepted 5/5 (K=6) + correction -> +6 tokens (189.0 ms)  cpos=545

[spec] generated 11 tokens over 2 verifies: mean tokens/verify = 5.50 (block=6, max 7)
[spec] tokens: 51932 295 223 643 20 14 260 3676 339 3508 7973
[spec] SPEC-DECODE: 31.5 ms/tok = 31.75 tok/s  (vs base M=1 69.1 ms/tok = 14.46 tok/s -> 2.20x)
[decode] PREFILL: 535 positions in 9631.6 ms = 55.5 tok/s (18.003 ms/tok)
[capture] wrote /home/patrickd/s5-capture/s2/c0/cap/shard_p127_s000535.dspc  535 tok x (3 taps + 1 lm_in) x 4096 = 16.7 MB (32.0 KB/tok)
[probe] wrote 16 draft probes (block=6) to /home/patrickd/s5-capture/s2/c0/cap/drafts_p127_s000535.txt
[spec] decoding 8 tokens (block=6, draft passes=1, adaptK=1.50, prompt=127 s=536)...
  [margins] 15.45 13.57 13.35 13.85 13.57 11.59  K=7
  verify 1: accepted 6/6 (K=7) + correction -> +7 tokens (206.2 ms)  cpos=542
  [margins] 16.07 13.35 13.49 13.10 10.54 10.67  K=7
  verify 2: accepted 6/6 (K=7) + correction -> +7 tokens (206.7 ms)  cpos=549

[spec] generated 14 tokens over 2 verifies: mean tokens/verify = 7.00 (block=6, max 7)
[spec] tokens: 877 50 36521 56 27 46 318 877 50 36521 56 27 46 318
[spec] SPEC-DECODE: 29.5 ms/tok = 33.86 tok/s  (vs base M=1 69.1 ms/tok = 14.46 tok/s -> 2.34x)
[decode] PREFILL: 567 positions in 10252.7 ms = 55.3 tok/s (18.082 ms/tok)
[capture] wrote /home/patrickd/s5-capture/s2/c0/cap/shard_p128_s000567.dspc  567 tok x (3 taps + 1 lm_in) x 4096 = 17.7 MB (32.0 KB/tok)
[probe] wrote 16 draft probes (block=6) to /home/patrickd/s5-capture/s2/c0/cap/drafts_p128_s000567.txt
[spec] decoding 8 tokens (block=6, draft passes=1, adaptK=1.50, prompt=128 s=568)...
  [margins] 13.59 9.02 4.78 8.74 9.07 0.22  K=6
  verify 1: accepted 5/5 (K=6) + correction -> +6 tokens (186.0 ms)  cpos=573
  [margins] 14.43 17.28 12.97 16.57 12.82 3.53  K=7
  verify 2: accepted 6/6 (K=7) + correction -> +7 tokens (209.7 ms)  cpos=580

[spec] generated 13 tokens over 2 verifies: mean tokens/verify = 6.50 (block=6, max 7)
[spec] tokens: 4748 1839 671 1257 3132 295 15473 5076 2184 411 14471 344 304
[spec] SPEC-DECODE: 30.0 ms/tok = 33.38 tok/s  (vs base M=1 69.1 ms/tok = 14.46 tok/s -> 2.31x)
[decode] PREFILL: 1430 positions in 27693.8 ms = 51.6 tok/s (19.366 ms/tok)
[capture] wrote /home/patrickd/s5-capture/s2/c0/cap/shard_p129_s001430.dspc  1430 tok x (3 taps + 1 lm_in) x 4096 = 44.7 MB (32.0 KB/tok)
[probe] wrote 16 draft probes (block=6) to /home/patrickd/s5-capture/s2/c0/cap/drafts_p129_s001430.txt
[spec] decoding 8 tokens (block=6, draft passes=1, adaptK=1.50, prompt=129 s=1431)...
  [margins] 16.47 15.59 12.98 13.45 12.23 10.17  K=7
  verify 1: accepted 6/6 (K=7) + correction -> +7 tokens (247.7 ms)  cpos=1437
  [margins] 21.29 13.62 16.54 11.90 10.28 10.52  K=7
  verify 2: accepted 6/6 (K=7) + correction -> +7 tokens (246.6 ms)  cpos=1444

[spec] generated 14 tokens over 2 verifies: mean tokens/verify = 7.00 (block=6, max 7)
[spec] tokens: 14108 3554 28 2355 21142 260 1894 2445 304 1627 12520 33 9361 295
[spec] SPEC-DECODE: 35.2 ms/tok = 28.38 tok/s  (vs base M=1 69.1 ms/tok = 14.46 tok/s -> 1.96x)
[decode] PREFILL: 672 positions in 12259.3 ms = 54.8 tok/s (18.243 ms/tok)
[capture] wrote /home/patrickd/s5-capture/s2/c0/cap/shard_p130_s000672.dspc  672 tok x (3 taps + 1 lm_in) x 4096 = 21.0 MB (32.0 KB/tok)
[probe] wrote 16 draft probes (block=6) to /home/patrickd/s5-capture/s2/c0/cap/drafts_p130_s000672.txt
[spec] decoding 8 tokens (block=6, draft passes=1, adaptK=1.50, prompt=130 s=673)...
  [margins] 15.27 12.28 12.78 14.49 2.13 1.91  K=7
  verify 1: accepted 4/6 (K=7) + correction -> +5 tokens (211.0 ms)  cpos=677
  [margins] 18.76 11.74 4.23 11.32 6.87 1.09  K=6
  verify 2: accepted 5/5 (K=6) + correction -> +6 tokens (182.0 ms)  cpos=683

[spec] generated 11 tokens over 2 verifies: mean tokens/verify = 5.50 (block=6, max 7)
[spec] tokens: 1440 377 270 1801 10313 554 2151 21167 1066 7728 1754
[spec] SPEC-DECODE: 30.3 ms/tok = 32.97 tok/s  (vs base M=1 69.1 ms/tok = 14.46 tok/s -> 2.28x)
[decode] PREFILL: 1798 positions in 35796.4 ms = 50.2 tok/s (19.909 ms/tok)
[capture] wrote /home/patrickd/s5-capture/s2/c0/cap/shard_p131_s001798.dspc  1798 tok x (3 taps + 1 lm_in) x 4096 = 56.2 MB (32.0 KB/tok)
[probe] wrote 16 draft probes (block=6) to /home/patrickd/s5-capture/s2/c0/cap/drafts_p131_s001798.txt
[spec] decoding 8 tokens (block=6, draft passes=1, adaptK=1.50, prompt=131 s=1799)...
  [margins] 16.76 14.14 10.12 14.61 11.75 12.38  K=7
  verify 1: accepted 6/6 (K=7) + correction -> +7 tokens (268.5 ms)  cpos=1805
  [margins] 15.35 14.74 10.04 9.00 2.04 9.87  K=7
  verify 2: accepted 4/6 (K=7) + correction -> +5 tokens (266.7 ms)  cpos=1810

[spec] generated 12 tokens over 2 verifies: mean tokens/verify = 6.00 (block=6, max 7)
[spec] tokens: 1226 201 95580 37804 201 1805 12556 201 449 386 201 16825
[spec] SPEC-DECODE: 53.3 ms/tok = 18.75 tok/s  (vs base M=1 69.1 ms/tok = 14.46 tok/s -> 1.30x)
[decode] PREFILL: 611 positions in 11074.7 ms = 55.2 tok/s (18.126 ms/tok)
[capture] wrote /home/patrickd/s5-capture/s2/c0/cap/shard_p132_s000611.dspc  611 tok x (3 taps + 1 lm_in) x 4096 = 19.1 MB (32.0 KB/tok)
[probe] wrote 16 draft probes (block=6) to /home/patrickd/s5-capture/s2/c0/cap/drafts_p132_s000611.txt
[spec] decoding 8 tokens (block=6, draft passes=1, adaptK=1.50, prompt=132 s=612)...
  [margins] 8.44 7.17 13.17 9.01 0.57 4.36  K=5
  verify 1: accepted 4/4 (K=5) + correction -> +5 tokens (170.8 ms)  cpos=616
  [margins] 4.82 9.73 8.94 6.84 5.71 9.69  K=7
  verify 2: accepted 6/6 (K=7) + correction -> +7 tokens (204.1 ms)  cpos=623

[spec] generated 12 tokens over 2 verifies: mean tokens/verify = 6.00 (block=6, max 7)
[spec] tokens: 1926 270 4105 16 8824 14 696 554 1926 270 4105 16
[spec] SPEC-DECODE: 29.2 ms/tok = 34.29 tok/s  (vs base M=1 69.1 ms/tok = 14.46 tok/s -> 2.37x)
[decode] PREFILL: 667 positions in 12171.0 ms = 54.8 tok/s (18.247 ms/tok)
[capture] wrote /home/patrickd/s5-capture/s2/c0/cap/shard_p133_s000667.dspc  667 tok x (3 taps + 1 lm_in) x 4096 = 20.8 MB (32.0 KB/tok)
[probe] wrote 16 draft probes (block=6) to /home/patrickd/s5-capture/s2/c0/cap/drafts_p133_s000667.txt
[spec] decoding 8 tokens (block=6, draft passes=1, adaptK=1.50, prompt=133 s=668)...
  [margins] 11.45 3.44 7.23 0.69 2.92 2.41  K=4
  verify 1: accepted 2/3 (K=4) + correction -> +3 tokens (148.8 ms)  cpos=670
  [margins] 12.85 5.55 1.67 0.83 1.12 1.87  K=4
  verify 2: accepted 2/3 (K=4) + correction -> +3 tokens (148.5 ms)  cpos=673
  [margins] 10.98 0.36 3.85 3.43 0.42 10.37  K=2
  verify 3: accepted 1/1 (K=2) + correction -> +2 tokens (117.8 ms)  cpos=675

[spec] generated 8 tokens over 3 verifies: mean tokens/verify = 2.67 (block=6, max 7)
[spec] tokens: 3749 11 23553 3749 11 2304 3749 11
[spec] SPEC-DECODE: 53.3 ms/tok = 18.78 tok/s  (vs base M=1 69.1 ms/tok = 14.46 tok/s -> 1.30x)
[decode] PREFILL: 655 positions in 11938.4 ms = 54.9 tok/s (18.227 ms/tok)
[capture] wrote /home/patrickd/s5-capture/s2/c0/cap/shard_p134_s000655.dspc  655 tok x (3 taps + 1 lm_in) x 4096 = 20.5 MB (32.0 KB/tok)
[probe] wrote 16 draft probes (block=6) to /home/patrickd/s5-capture/s2/c0/cap/drafts_p134_s000655.txt
[spec] decoding 8 tokens (block=6, draft passes=1, adaptK=1.50, prompt=134 s=656)...
  [margins] 16.05 15.55 16.70 8.77 10.61 11.60  K=7
  verify 1: accepted 6/6 (K=7) + correction -> +7 tokens (212.7 ms)  cpos=662
  [margins] 11.84 5.81 12.48 0.34 9.24 8.90  K=4
  verify 2: accepted 3/3 (K=4) + correction -> +4 tokens (144.7 ms)  cpos=666

[spec] generated 11 tokens over 2 verifies: mean tokens/verify = 5.50 (block=6, max 7)
[spec] tokens: 344 223 4364 16 5241 82 271 372 539 372 271
[spec] SPEC-DECODE: 36.2 ms/tok = 27.64 tok/s  (vs base M=1 69.1 ms/tok = 14.46 tok/s -> 1.91x)
[decode] PREFILL: 1303 positions in 25013.0 ms = 52.1 tok/s (19.196 ms/tok)
[capture] wrote /home/patrickd/s5-capture/s2/c0/cap/shard_p135_s001303.dspc  1303 tok x (3 taps + 1 lm_in) x 4096 = 40.7 MB (32.0 KB/tok)
[probe] wrote 16 draft probes (block=6) to /home/patrickd/s5-capture/s2/c0/cap/drafts_p135_s001303.txt
[spec] decoding 8 tokens (block=6, draft passes=1, adaptK=1.50, prompt=135 s=1304)...
  [margins] 12.50 11.87 14.13 9.41 4.61 5.47  K=7
  verify 1: accepted 6/6 (K=7) + correction -> +7 tokens (244.3 ms)  cpos=1310
  [margins] 9.19 12.14 13.43 11.77 9.56 2.14  K=7
  verify 2: accepted 5/6 (K=7) + correction -> +6 tokens (242.8 ms)  cpos=1316

[spec] generated 13 tokens over 2 verifies: mean tokens/verify = 6.50 (block=6, max 7)
[spec] tokens: 14 305 1009 9960 304 915 102423 14 2622 260 14110 35401 3252
[spec] SPEC-DECODE: 40.5 ms/tok = 24.71 tok/s  (vs base M=1 69.1 ms/tok = 14.46 tok/s -> 1.71x)
[decode] PREFILL: 532 positions in 9602.0 ms = 55.4 tok/s (18.049 ms/tok)
[capture] wrote /home/patrickd/s5-capture/s2/c0/cap/shard_p136_s000532.dspc  532 tok x (3 taps + 1 lm_in) x 4096 = 16.6 MB (32.0 KB/tok)
[probe] wrote 16 draft probes (block=6) to /home/patrickd/s5-capture/s2/c0/cap/drafts_p136_s000532.txt
[spec] decoding 8 tokens (block=6, draft passes=1, adaptK=1.50, prompt=136 s=533)...
  [margins] 17.57 17.47 8.15 3.74 5.79 6.62  K=7
  verify 1: accepted 6/6 (K=7) + correction -> +7 tokens (204.5 ms)  cpos=539
  [margins] 19.33 12.98 9.42 2.15 1.15 1.39  K=5
  verify 2: accepted 3/4 (K=5) + correction -> +4 tokens (172.2 ms)  cpos=543

[spec] generated 11 tokens over 2 verifies: mean tokens/verify = 5.50 (block=6, max 7)
[spec] tokens: 4815 1277 223 15525 305 223 17998 14 344 270 1473
[spec] SPEC-DECODE: 43.1 ms/tok = 23.22 tok/s  (vs base M=1 69.1 ms/tok = 14.46 tok/s -> 1.61x)
[decode] PREFILL: 605 positions in 10964.1 ms = 55.2 tok/s (18.123 ms/tok)
[capture] wrote /home/patrickd/s5-capture/s2/c0/cap/shard_p137_s000605.dspc  605 tok x (3 taps + 1 lm_in) x 4096 = 18.9 MB (32.0 KB/tok)
[probe] wrote 16 draft probes (block=6) to /home/patrickd/s5-capture/s2/c0/cap/drafts_p137_s000605.txt
[spec] decoding 8 tokens (block=6, draft passes=1, adaptK=1.50, prompt=137 s=606)...
  [margins] 12.09 3.09 0.91 6.17 0.12 1.71  K=3
  verify 1: accepted 1/2 (K=3) + correction -> +2 tokens (138.3 ms)  cpos=607
  [margins] 11.30 14.15 5.07 8.85 3.72 1.15  K=6
  verify 2: accepted 5/5 (K=6) + correction -> +6 tokens (187.9 ms)  cpos=613

[spec] generated 8 tokens over 2 verifies: mean tokens/verify = 4.00 (block=6, max 7)
[spec] tokens: 16 3841 734 3939 342 3518 566 3295
[spec] SPEC-DECODE: 31.3 ms/tok = 31.92 tok/s  (vs base M=1 69.1 ms/tok = 14.46 tok/s -> 2.21x)
[decode] PREFILL: 661 positions in 12075.5 ms = 54.7 tok/s (18.269 ms/tok)
[capture] wrote /home/patrickd/s5-capture/s2/c0/cap/shard_p138_s000661.dspc  661 tok x (3 taps + 1 lm_in) x 4096 = 20.7 MB (32.0 KB/tok)
[probe] wrote 16 draft probes (block=6) to /home/patrickd/s5-capture/s2/c0/cap/drafts_p138_s000661.txt
[spec] decoding 8 tokens (block=6, draft passes=1, adaptK=1.50, prompt=138 s=662)...
  [margins] 2.27 5.65 3.07 0.76 1.67 0.77  K=4
  verify 1: accepted 0/3 (K=4) + correction -> +1 tokens (145.9 ms)  cpos=662
  [margins] 12.46 10.51 3.04 7.23 2.48 1.58  K=7
  verify 2: accepted 3/6 (K=7) + correction -> +4 tokens (206.9 ms)  cpos=666
  [margins] 3.36 0.89 2.95 2.67 0.48 1.38  K=2
  verify 3: accepted 1/1 (K=2) + correction -> +2 tokens (124.4 ms)  cpos=668
  [margins] 8.60 2.96 9.32 8.72 6.52 0.94  K=6
  verify 4: accepted 5/5 (K=6) + correction -> +6 tokens (179.7 ms)  cpos=674

[spec] generated 13 tokens over 4 verifies: mean tokens/verify = 3.25 (block=6, max 7)
[spec] tokens: 13638 11 438 473 1267 292 16781 1479 3608 79 66 344 270
[spec] SPEC-DECODE: 42.6 ms/tok = 23.48 tok/s  (vs base M=1 69.1 ms/tok = 14.46 tok/s -> 1.62x)
[decode] PREFILL: 618 positions in 11193.0 ms = 55.2 tok/s (18.112 ms/tok)
[capture] wrote /home/patrickd/s5-capture/s2/c0/cap/shard_p139_s000618.dspc  618 tok x (3 taps + 1 lm_in) x 4096 = 19.3 MB (32.0 KB/tok)
[probe] wrote 16 draft probes (block=6) to /home/patrickd/s5-capture/s2/c0/cap/drafts_p139_s000618.txt
[spec] decoding 8 tokens (block=6, draft passes=1, adaptK=1.50, prompt=139 s=619)...
  [margins] 4.02 0.19 0.54 2.72 3.77 5.14  K=2
  verify 1: accepted 1/1 (K=2) + correction -> +2 tokens (121.1 ms)  cpos=620
  [margins] 6.15 8.00 9.20 13.06 5.73 8.95  K=7
  verify 2: accepted 6/6 (K=7) + correction -> +7 tokens (203.5 ms)  cpos=627

[spec] generated 9 tokens over 2 verifies: mean tokens/verify = 4.50 (block=6, max 7)
[spec] tokens: 16 721 3473 270 4105 1926 16 5715 14
[spec] SPEC-DECODE: 29.1 ms/tok = 34.40 tok/s  (vs base M=1 69.1 ms/tok = 14.46 tok/s -> 2.38x)
[decode] PREFILL: 596 positions in 10802.4 ms = 55.2 tok/s (18.125 ms/tok)
[capture] wrote /home/patrickd/s5-capture/s2/c0/cap/shard_p140_s000596.dspc  596 tok x (3 taps + 1 lm_in) x 4096 = 18.6 MB (32.0 KB/tok)
[probe] wrote 16 draft probes (block=6) to /home/patrickd/s5-capture/s2/c0/cap/drafts_p140_s000596.txt
[spec] decoding 8 tokens (block=6, draft passes=1, adaptK=1.50, prompt=140 s=597)...
  [margins] 13.51 14.18 10.83 8.70 4.81 8.91  K=7
  verify 1: accepted 6/6 (K=7) + correction -> +7 tokens (204.4 ms)  cpos=603
  [margins] 17.34 14.18 13.47 9.83 9.94 6.79  K=7
  verify 2: accepted 6/6 (K=7) + correction -> +7 tokens (210.9 ms)  cpos=610

[spec] generated 14 tokens over 2 verifies: mean tokens/verify = 7.00 (block=6, max 7)
[spec] tokens: 16 342 5922 18664 28 1438 2501 436 16 342 5922 18664 28 1438
[spec] SPEC-DECODE: 30.1 ms/tok = 33.20 tok/s  (vs base M=1 69.1 ms/tok = 14.46 tok/s -> 2.30x)
[decode] PREFILL: 584 positions in 10562.7 ms = 55.3 tok/s (18.087 ms/tok)
[capture] wrote /home/patrickd/s5-capture/s2/c0/cap/shard_p141_s000584.dspc  584 tok x (3 taps + 1 lm_in) x 4096 = 18.3 MB (32.0 KB/tok)
[probe] wrote 16 draft probes (block=6) to /home/patrickd/s5-capture/s2/c0/cap/drafts_p141_s000584.txt
[spec] decoding 8 tokens (block=6, draft passes=1, adaptK=1.50, prompt=141 s=585)...
  [margins] 9.54 12.07 9.42 12.05 9.48 8.96  K=7
  verify 1: accepted 6/6 (K=7) + correction -> +7 tokens (191.5 ms)  cpos=591
  [margins] 13.50 9.02 11.60 9.20 12.00 9.01  K=7
  verify 2: accepted 6/6 (K=7) + correction -> +7 tokens (202.4 ms)  cpos=598

[spec] generated 14 tokens over 2 verifies: mean tokens/verify = 7.00 (block=6, max 7)
[spec] tokens: 16 16448 16 16448 16 16448 16 16448 16 16448 16 16448 16 16448
[spec] SPEC-DECODE: 28.9 ms/tok = 34.59 tok/s  (vs base M=1 69.1 ms/tok = 14.46 tok/s -> 2.39x)
[decode] PREFILL: 534 positions in 9632.5 ms = 55.4 tok/s (18.038 ms/tok)
[capture] wrote /home/patrickd/s5-capture/s2/c0/cap/shard_p142_s000534.dspc  534 tok x (3 taps + 1 lm_in) x 4096 = 16.7 MB (32.0 KB/tok)
[probe] wrote 16 draft probes (block=6) to /home/patrickd/s5-capture/s2/c0/cap/drafts_p142_s000534.txt
[spec] decoding 8 tokens (block=6, draft passes=1, adaptK=1.50, prompt=142 s=535)...
  [margins] 1.12 0.13 0.16 0.11 3.83 0.35  K=2
  verify 1: accepted 0/1 (K=2) + correction -> +1 tokens (119.8 ms)  cpos=535
  [margins] 6.58 4.89 4.33 0.07 0.67 3.47  K=4
  verify 2: accepted 2/3 (K=4) + correction -> +3 tokens (145.9 ms)  cpos=538
  [margins] 5.26 3.51 1.82 4.52 4.41 0.83  K=6
  verify 3: accepted 2/5 (K=6) + correction -> +3 tokens (183.3 ms)  cpos=541
  [margins] 10.09 0.01 0.24 6.82 6.04 1.12  K=2
  verify 4: accepted 1/1 (K=2) + correction -> +2 tokens (113.6 ms)  cpos=543

[spec] generated 9 tokens over 4 verifies: mean tokens/verify = 2.25 (block=6, max 7)
[spec] tokens: 9327 90498 82519 14 9338 343 2167 1238 120608
[spec] SPEC-DECODE: 55.3 ms/tok = 18.07 tok/s  (vs base M=1 69.1 ms/tok = 14.46 tok/s -> 1.25x)
[decode] PREFILL: 552 positions in 9965.7 ms = 55.4 tok/s (18.054 ms/tok)
[capture] wrote /home/patrickd/s5-capture/s2/c0/cap/shard_p143_s000552.dspc  552 tok x (3 taps + 1 lm_in) x 4096 = 17.3 MB (32.0 KB/tok)
[probe] wrote 16 draft probes (block=6) to /home/patrickd/s5-capture/s2/c0/cap/drafts_p143_s000552.txt
[spec] decoding 8 tokens (block=6, draft passes=1, adaptK=1.50, prompt=143 s=553)...
  [margins] 17.79 13.76 11.85 11.50 16.63 15.01  K=7
  verify 1: accepted 6/6 (K=7) + correction -> +7 tokens (199.1 ms)  cpos=559
  [margins] 11.00 11.80 16.96 17.72 11.87 12.12  K=7
  verify 2: accepted 6/6 (K=7) + correction -> +7 tokens (205.9 ms)  cpos=566

[spec] generated 14 tokens over 2 verifies: mean tokens/verify = 7.00 (block=6, max 7)
[spec] tokens: 56 19 16 1789 463 56 19 16 1789 463 56 19 16 1789
[spec] SPEC-DECODE: 29.4 ms/tok = 33.99 tok/s  (vs base M=1 69.1 ms/tok = 14.46 tok/s -> 2.35x)
[decode] PREFILL: 616 positions in 11160.5 ms = 55.2 tok/s (18.118 ms/tok)
[capture] wrote /home/patrickd/s5-capture/s2/c0/cap/shard_p144_s000616.dspc  616 tok x (3 taps + 1 lm_in) x 4096 = 19.3 MB (32.0 KB/tok)
[probe] wrote 16 draft probes (block=6) to /home/patrickd/s5-capture/s2/c0/cap/drafts_p144_s000616.txt
[spec] decoding 8 tokens (block=6, draft passes=1, adaptK=1.50, prompt=144 s=617)...
  [margins] 11.82 15.35 15.93 10.59 14.76 8.63  K=7
  verify 1: accepted 6/6 (K=7) + correction -> +7 tokens (203.1 ms)  cpos=623
  [margins] 17.55 16.17 12.40 16.23 10.00 8.18  K=7
  verify 2: accepted 6/6 (K=7) + correction -> +7 tokens (210.1 ms)  cpos=630

[spec] generated 14 tokens over 2 verifies: mean tokens/verify = 7.00 (block=6, max 7)
[spec] tokens: 4147 554 1926 270 4105 16 4147 554 1926 270 4105 16 4147 554
[spec] SPEC-DECODE: 30.0 ms/tok = 33.31 tok/s  (vs base M=1 69.1 ms/tok = 14.46 tok/s -> 2.30x)
[decode] PREFILL: 673 positions in 12295.7 ms = 54.7 tok/s (18.270 ms/tok)
[capture] wrote /home/patrickd/s5-capture/s2/c0/cap/shard_p145_s000673.dspc  673 tok x (3 taps + 1 lm_in) x 4096 = 21.0 MB (32.0 KB/tok)
[probe] wrote 16 draft probes (block=6) to /home/patrickd/s5-capture/s2/c0/cap/drafts_p145_s000673.txt
[spec] decoding 8 tokens (block=6, draft passes=1, adaptK=1.50, prompt=145 s=674)...
  [margins] 3.35 3.33 1.53 2.23 3.35 3.86  K=7
  verify 1: accepted 6/6 (K=7) + correction -> +7 tokens (213.6 ms)  cpos=680
  [margins] 0.81 2.45 0.06 1.06 1.42 1.10  K=3
  verify 2: accepted 2/2 (K=3) + correction -> +3 tokens (127.4 ms)  cpos=683

[spec] generated 10 tokens over 2 verifies: mean tokens/verify = 5.00 (block=6, max 7)
[spec] tokens: 8029 538 270 223 20 289 33 48837 14 579
[spec] SPEC-DECODE: 42.5 ms/tok = 23.55 tok/s  (vs base M=1 69.1 ms/tok = 14.46 tok/s -> 1.63x)
[decode] PREFILL: 536 positions in 9646.8 ms = 55.6 tok/s (17.998 ms/tok)
[capture] wrote /home/patrickd/s5-capture/s2/c0/cap/shard_p146_s000536.dspc  536 tok x (3 taps + 1 lm_in) x 4096 = 16.8 MB (32.0 KB/tok)
[probe] wrote 16 draft probes (block=6) to /home/patrickd/s5-capture/s2/c0/cap/drafts_p146_s000536.txt
[spec] decoding 8 tokens (block=6, draft passes=1, adaptK=1.50, prompt=146 s=537)...
  [margins] 13.48 15.19 13.94 9.14 3.36 7.65  K=7
  verify 1: accepted 3/6 (K=7) + correction -> +4 tokens (192.6 ms)  cpos=540
  [margins] 13.41 14.37 14.33 8.70 3.97 6.78  K=7
  verify 2: accepted 3/6 (K=7) + correction -> +4 tokens (191.3 ms)  cpos=544

[spec] generated 8 tokens over 2 verifies: mean tokens/verify = 4.00 (block=6, max 7)
[spec] tokens: 3749 11 3749 11 3749 11 3749 11
[spec] SPEC-DECODE: 47.8 ms/tok = 20.91 tok/s  (vs base M=1 69.1 ms/tok = 14.46 tok/s -> 1.45x)
[decode] PREFILL: 607 positions in 10985.5 ms = 55.3 tok/s (18.098 ms/tok)
[capture] wrote /home/patrickd/s5-capture/s2/c0/cap/shard_p147_s000607.dspc  607 tok x (3 taps + 1 lm_in) x 4096 = 19.0 MB (32.0 KB/tok)
[probe] wrote 16 draft probes (block=6) to /home/patrickd/s5-capture/s2/c0/cap/drafts_p147_s000607.txt
[spec] decoding 8 tokens (block=6, draft passes=1, adaptK=1.50, prompt=147 s=608)...
  [margins] 15.42 14.73 13.44 11.72 9.41 11.82  K=7
  verify 1: accepted 6/6 (K=7) + correction -> +7 tokens (214.5 ms)  cpos=614
  [margins] 9.40 15.25 11.65 8.61 12.81 9.66  K=7
  verify 2: accepted 6/6 (K=7) + correction -> +7 tokens (216.0 ms)  cpos=621

[spec] generated 14 tokens over 2 verifies: mean tokens/verify = 7.00 (block=6, max 7)
[spec] tokens: 25517 10 39384 10064 21 11 1173 4085 106750 14360 25517 10 39384 10064
[spec] SPEC-DECODE: 30.9 ms/tok = 32.41 tok/s  (vs base M=1 69.1 ms/tok = 14.46 tok/s -> 2.24x)
[decode] PREFILL: 633 positions in 11475.4 ms = 55.2 tok/s (18.129 ms/tok)
[capture] wrote /home/patrickd/s5-capture/s2/c0/cap/shard_p148_s000633.dspc  633 tok x (3 taps + 1 lm_in) x 4096 = 19.8 MB (32.0 KB/tok)
[probe] wrote 16 draft probes (block=6) to /home/patrickd/s5-capture/s2/c0/cap/drafts_p148_s000633.txt
[spec] decoding 8 tokens (block=6, draft passes=1, adaptK=1.50, prompt=148 s=634)...
  [margins] 9.21 11.68 14.85 10.65 4.86 2.90  K=7
  verify 1: accepted 4/6 (K=7) + correction -> +5 tokens (253.2 ms)  cpos=638
  [margins] 13.38 14.25 12.50 8.45 6.48 10.11  K=7
  verify 2: accepted 6/6 (K=7) + correction -> +7 tokens (255.5 ms)  cpos=645

[spec] generated 12 tokens over 2 verifies: mean tokens/verify = 6.00 (block=6, max 7)
[spec] tokens: 16 4480 678 3475 440 260 4813 2511 1137 671 330 77
[spec] SPEC-DECODE: 36.5 ms/tok = 27.40 tok/s  (vs base M=1 69.1 ms/tok = 14.46 tok/s -> 1.89x)
[decode] PREFILL: 675 positions in 12320.8 ms = 54.8 tok/s (18.253 ms/tok)
[capture] wrote /home/patrickd/s5-capture/s2/c0/cap/shard_p149_s000675.dspc  675 tok x (3 taps + 1 lm_in) x 4096 = 21.1 MB (32.0 KB/tok)
[probe] wrote 16 draft probes (block=6) to /home/patrickd/s5-capture/s2/c0/cap/drafts_p149_s000675.txt
[spec] decoding 8 tokens (block=6, draft passes=1, adaptK=1.50, prompt=149 s=676)...
  [margins] 14.96 14.92 0.97 4.24 8.15 2.73  K=3
  verify 1: accepted 2/2 (K=3) + correction -> +3 tokens (139.7 ms)  cpos=678
  [margins] 16.14 13.64 6.99 3.93 1.24 1.49  K=5
  verify 2: accepted 4/4 (K=5) + correction -> +5 tokens (171.5 ms)  cpos=683

[spec] generated 8 tokens over 2 verifies: mean tokens/verify = 4.00 (block=6, max 7)
[spec] tokens: 260 4654 3317 17089 14 122674 102978 418
[spec] SPEC-DECODE: 34.3 ms/tok = 29.15 tok/s  (vs base M=1 69.1 ms/tok = 14.46 tok/s -> 2.02x)
[decode] PREFILL: 599 positions in 10832.9 ms = 55.3 tok/s (18.085 ms/tok)
[capture] wrote /home/patrickd/s5-capture/s2/c0/cap/shard_p150_s000599.dspc  599 tok x (3 taps + 1 lm_in) x 4096 = 18.7 MB (32.0 KB/tok)
[probe] wrote 16 draft probes (block=6) to /home/patrickd/s5-capture/s2/c0/cap/drafts_p150_s000599.txt
[spec] decoding 8 tokens (block=6, draft passes=1, adaptK=1.50, prompt=150 s=600)...
  [margins] 13.58 13.34 10.89 7.23 4.91 5.41  K=7
  verify 1: accepted 3/6 (K=7) + correction -> +4 tokens (200.5 ms)  cpos=603
  [margins] 12.92 15.30 13.32 5.64 3.96 5.54  K=7
  verify 2: accepted 3/6 (K=7) + correction -> +4 tokens (201.5 ms)  cpos=607

[spec] generated 8 tokens over 2 verifies: mean tokens/verify = 4.00 (block=6, max 7)
[spec] tokens: 3749 11 3749 11 3749 11 3749 11
[spec] SPEC-DECODE: 50.4 ms/tok = 19.85 tok/s  (vs base M=1 69.1 ms/tok = 14.46 tok/s -> 1.37x)
[decode] PREFILL: 1014 positions in 19033.2 ms = 53.3 tok/s (18.770 ms/tok)
[capture] wrote /home/patrickd/s5-capture/s2/c0/cap/shard_p151_s001014.dspc  1014 tok x (3 taps + 1 lm_in) x 4096 = 31.7 MB (32.0 KB/tok)
[probe] wrote 16 draft probes (block=6) to /home/patrickd/s5-capture/s2/c0/cap/drafts_p151_s001014.txt
[spec] decoding 8 tokens (block=6, draft passes=1, adaptK=1.50, prompt=151 s=1015)...
  [margins] 19.11 15.59 5.61 0.45 2.73 0.52  K=4
  verify 1: accepted 3/3 (K=4) + correction -> +4 tokens (164.5 ms)  cpos=1018
  [margins] 14.43 10.06 2.97 1.21 1.81 0.14  K=4
  verify 2: accepted 3/3 (K=4) + correction -> +4 tokens (162.4 ms)  cpos=1022

[spec] generated 8 tokens over 2 verifies: mean tokens/verify = 4.00 (block=6, max 7)
[spec] tokens: 1660 2173 14 18160 1009 27419 1014 4851
[spec] SPEC-DECODE: 40.6 ms/tok = 24.63 tok/s  (vs base M=1 69.1 ms/tok = 14.46 tok/s -> 1.70x)
[decode] PREFILL: 532 positions in 9596.2 ms = 55.4 tok/s (18.038 ms/tok)
[capture] wrote /home/patrickd/s5-capture/s2/c0/cap/shard_p152_s000532.dspc  532 tok x (3 taps + 1 lm_in) x 4096 = 16.6 MB (32.0 KB/tok)
[probe] wrote 16 draft probes (block=6) to /home/patrickd/s5-capture/s2/c0/cap/drafts_p152_s000532.txt
[spec] decoding 8 tokens (block=6, draft passes=1, adaptK=1.50, prompt=152 s=533)...
  [margins] 16.36 18.90 14.35 14.33 15.69 8.28  K=7
  verify 1: accepted 6/6 (K=7) + correction -> +7 tokens (204.5 ms)  cpos=539
  [margins] 16.22 12.77 7.26 13.26 11.54 1.52  K=7
  verify 2: accepted 5/6 (K=7) + correction -> +6 tokens (212.2 ms)  cpos=545

[spec] generated 13 tokens over 2 verifies: mean tokens/verify = 6.50 (block=6, max 7)
[spec] tokens: 710 29193 295 5029 2038 16 343 6439 11 7558 7173 1200 617
[spec] SPEC-DECODE: 35.4 ms/tok = 28.27 tok/s  (vs base M=1 69.1 ms/tok = 14.46 tok/s -> 1.95x)
[decode] PREFILL: 553 positions in 9980.4 ms = 55.4 tok/s (18.048 ms/tok)
[capture] wrote /home/patrickd/s5-capture/s2/c0/cap/shard_p153_s000553.dspc  553 tok x (3 taps + 1 lm_in) x 4096 = 17.3 MB (32.0 KB/tok)
[probe] wrote 16 draft probes (block=6) to /home/patrickd/s5-capture/s2/c0/cap/drafts_p153_s000553.txt
[spec] decoding 8 tokens (block=6, draft passes=1, adaptK=1.50, prompt=153 s=554)...
  [margins] 15.98 16.79 13.53 12.17 6.78 7.27  K=7
  verify 1: accepted 6/6 (K=7) + correction -> +7 tokens (209.5 ms)  cpos=560
  [margins] 15.23 16.96 15.56 11.26 5.14 5.24  K=7
  verify 2: accepted 6/6 (K=7) + correction -> +7 tokens (203.7 ms)  cpos=567

[spec] generated 14 tokens over 2 verifies: mean tokens/verify = 7.00 (block=6, max 7)
[spec] tokens: 1531 366 295 15255 16 455 4181 1531 366 295 15255 16 455 4181
[spec] SPEC-DECODE: 29.1 ms/tok = 34.37 tok/s  (vs base M=1 69.1 ms/tok = 14.46 tok/s -> 2.38x)
[decode] PREFILL: 529 positions in 9550.9 ms = 55.4 tok/s (18.055 ms/tok)
[capture] wrote /home/patrickd/s5-capture/s2/c0/cap/shard_p154_s000529.dspc  529 tok x (3 taps + 1 lm_in) x 4096 = 16.5 MB (32.0 KB/tok)
[probe] wrote 16 draft probes (block=6) to /home/patrickd/s5-capture/s2/c0/cap/drafts_p154_s000529.txt
[spec] decoding 8 tokens (block=6, draft passes=1, adaptK=1.50, prompt=154 s=530)...
  [margins] 9.60 6.97 12.08 1.93 6.69 8.98  K=7
  verify 1: accepted 6/6 (K=7) + correction -> +7 tokens (209.0 ms)  cpos=536
  [margins] 4.60 9.65 11.52 8.46 9.85 6.66  K=7
  verify 2: accepted 6/6 (K=7) + correction -> +7 tokens (201.4 ms)  cpos=543

[spec] generated 14 tokens over 2 verifies: mean tokens/verify = 7.00 (block=6, max 7)
[spec] tokens: 317 304 10920 270 291 2673 47037 16 342 1030 1812 260 11167 15497
[spec] SPEC-DECODE: 28.8 ms/tok = 34.76 tok/s  (vs base M=1 69.1 ms/tok = 14.46 tok/s -> 2.40x)
[decode] PREFILL: 584 positions in 10570.3 ms = 55.2 tok/s (18.100 ms/tok)
[capture] wrote /home/patrickd/s5-capture/s2/c0/cap/shard_p155_s000584.dspc  584 tok x (3 taps + 1 lm_in) x 4096 = 18.3 MB (32.0 KB/tok)
[probe] wrote 16 draft probes (block=6) to /home/patrickd/s5-capture/s2/c0/cap/drafts_p155_s000584.txt
[spec] decoding 8 tokens (block=6, draft passes=1, adaptK=1.50, prompt=155 s=585)...
  [margins] 18.36 15.83 11.01 11.53 13.63 6.26  K=7
  verify 1: accepted 6/6 (K=7) + correction -> +7 tokens (201.4 ms)  cpos=591
  [margins] 16.52 12.89 13.27 12.23 10.47 9.43  K=7
  verify 2: accepted 6/6 (K=7) + correction -> +7 tokens (209.1 ms)  cpos=598

[spec] generated 14 tokens over 2 verifies: mean tokens/verify = 7.00 (block=6, max 7)
[spec] tokens: 260 4824 294 270 1990 294 270 48974 16 455 48974 344 957 1683
[spec] SPEC-DECODE: 29.9 ms/tok = 33.48 tok/s  (vs base M=1 69.1 ms/tok = 14.46 tok/s -> 2.32x)
[decode] PREFILL: 572 positions in 10339.7 ms = 55.3 tok/s (18.076 ms/tok)
[capture] wrote /home/patrickd/s5-capture/s2/c0/cap/shard_p156_s000572.dspc  572 tok x (3 taps + 1 lm_in) x 4096 = 17.9 MB (32.0 KB/tok)
[probe] wrote 16 draft probes (block=6) to /home/patrickd/s5-capture/s2/c0/cap/drafts_p156_s000572.txt
[spec] decoding 8 tokens (block=6, draft passes=1, adaptK=1.50, prompt=156 s=573)...
  [margins] 14.38 13.83 4.70 6.64 11.68 8.07  K=7
  verify 1: accepted 6/6 (K=7) + correction -> +7 tokens (201.3 ms)  cpos=579
  [margins] 14.03 16.82 18.84 14.18 5.10 5.04  K=7
  verify 2: accepted 6/6 (K=7) + correction -> +7 tokens (208.4 ms)  cpos=586

[spec] generated 14 tokens over 2 verifies: mean tokens/verify = 7.00 (block=6, max 7)
[spec] tokens: 4571 19054 16 455 4813 30799 344 19737 28887 113702 33 3011 16 342
[spec] SPEC-DECODE: 29.8 ms/tok = 33.59 tok/s  (vs base M=1 69.1 ms/tok = 14.46 tok/s -> 2.32x)
[decode] PREFILL: 542 positions in 9761.0 ms = 55.5 tok/s (18.009 ms/tok)
[capture] wrote /home/patrickd/s5-capture/s2/c0/cap/shard_p157_s000542.dspc  542 tok x (3 taps + 1 lm_in) x 4096 = 16.9 MB (32.0 KB/tok)
[probe] wrote 16 draft probes (block=6) to /home/patrickd/s5-capture/s2/c0/cap/drafts_p157_s000542.txt
[spec] decoding 8 tokens (block=6, draft passes=1, adaptK=1.50, prompt=157 s=543)...
  [margins] 11.99 12.75 9.48 12.66 2.47 6.28  K=7
  verify 1: accepted 5/6 (K=7) + correction -> +6 tokens (211.8 ms)  cpos=548
  [margins] 7.77 7.61 2.08 7.94 8.26 8.90  K=7
  verify 2: accepted 2/6 (K=7) + correction -> +3 tokens (205.4 ms)  cpos=551

[spec] generated 9 tokens over 2 verifies: mean tokens/verify = 4.50 (block=6, max 7)
[spec] tokens: 943 52756 19858 362 260 3549 1167 294 88883
[spec] SPEC-DECODE: 68.5 ms/tok = 14.61 tok/s  (vs base M=1 69.1 ms/tok = 14.46 tok/s -> 1.01x)
[decode] PREFILL: 533 positions in 9616.4 ms = 55.4 tok/s (18.042 ms/tok)
[capture] wrote /home/patrickd/s5-capture/s2/c0/cap/shard_p158_s000533.dspc  533 tok x (3 taps + 1 lm_in) x 4096 = 16.7 MB (32.0 KB/tok)
[probe] wrote 16 draft probes (block=6) to /home/patrickd/s5-capture/s2/c0/cap/drafts_p158_s000533.txt
[spec] decoding 8 tokens (block=6, draft passes=1, adaptK=1.50, prompt=158 s=534)...
  [margins] 15.24 12.48 11.43 9.32 8.22 1.16  K=6
  verify 1: accepted 5/5 (K=6) + correction -> +6 tokens (179.4 ms)  cpos=539
  [margins] 10.81 5.00 0.46 8.21 5.08 0.62  K=3
  verify 2: accepted 2/2 (K=3) + correction -> +3 tokens (132.1 ms)  cpos=542

[spec] generated 9 tokens over 2 verifies: mean tokens/verify = 4.50 (block=6, max 7)
[spec] tokens: 14 5508 2605 1823 5375 4181 2155 698 1095
[spec] SPEC-DECODE: 44.0 ms/tok = 22.71 tok/s  (vs base M=1 69.1 ms/tok = 14.46 tok/s -> 1.57x)
[decode] PREFILL: 545 positions in 9836.5 ms = 55.4 tok/s (18.049 ms/tok)
[capture] wrote /home/patrickd/s5-capture/s2/c0/cap/shard_p159_s000545.dspc  545 tok x (3 taps + 1 lm_in) x 4096 = 17.0 MB (32.0 KB/tok)
[probe] wrote 16 draft probes (block=6) to /home/patrickd/s5-capture/s2/c0/cap/drafts_p159_s000545.txt
[spec] decoding 8 tokens (block=6, draft passes=1, adaptK=1.50, prompt=159 s=546)...
  [margins] 10.16 13.82 9.14 13.36 13.55 9.81  K=7
  verify 1: accepted 6/6 (K=7) + correction -> +7 tokens (208.2 ms)  cpos=552
  [margins] 17.45 16.38 11.80 5.93 12.12 6.21  K=7
  verify 2: accepted 6/6 (K=7) + correction -> +7 tokens (202.9 ms)  cpos=559

[spec] generated 14 tokens over 2 verifies: mean tokens/verify = 7.00 (block=6, max 7)
[spec] tokens: 16 698 3332 14638 15 26 68 61417 19566 16 1004 64419 28 223
[spec] SPEC-DECODE: 29.0 ms/tok = 34.50 tok/s  (vs base M=1 69.1 ms/tok = 14.46 tok/s -> 2.39x)
[decode] PREFILL: 534 positions in 9633.1 ms = 55.4 tok/s (18.040 ms/tok)
[capture] wrote /home/patrickd/s5-capture/s2/c0/cap/shard_p160_s000534.dspc  534 tok x (3 taps + 1 lm_in) x 4096 = 16.7 MB (32.0 KB/tok)
[probe] wrote 16 draft probes (block=6) to /home/patrickd/s5-capture/s2/c0/cap/drafts_p160_s000534.txt
[spec] decoding 8 tokens (block=6, draft passes=1, adaptK=1.50, prompt=160 s=535)...
  [margins] 3.20 9.92 12.78 4.76 2.68 0.77  K=6
  verify 1: accepted 5/5 (K=6) + correction -> +6 tokens (185.9 ms)  cpos=540
  [margins] 13.89 1.51 3.09 0.14 3.12 2.14  K=4
  verify 2: accepted 2/3 (K=4) + correction -> +3 tokens (147.8 ms)  cpos=543

[spec] generated 9 tokens over 2 verifies: mean tokens/verify = 4.50 (block=6, max 7)
[spec] tokens: 412 892 294 270 106875 42368 2923 14 1749
[spec] SPEC-DECODE: 49.3 ms/tok = 20.30 tok/s  (vs base M=1 69.1 ms/tok = 14.46 tok/s -> 1.40x)
[decode] PREFILL: 539 positions in 9709.2 ms = 55.5 tok/s (18.013 ms/tok)
[capture] wrote /home/patrickd/s5-capture/s2/c0/cap/shard_p161_s000539.dspc  539 tok x (3 taps + 1 lm_in) x 4096 = 16.8 MB (32.0 KB/tok)
[probe] wrote 16 draft probes (block=6) to /home/patrickd/s5-capture/s2/c0/cap/drafts_p161_s000539.txt
[spec] decoding 8 tokens (block=6, draft passes=1, adaptK=1.50, prompt=161 s=540)...
  [margins] 16.66 6.06 13.24 12.10 14.06 12.29  K=7
  verify 1: accepted 6/6 (K=7) + correction -> +7 tokens (210.7 ms)  cpos=546
  [margins] 8.87 12.05 16.38 16.07 13.47 5.02  K=7
  verify 2: accepted 6/6 (K=7) + correction -> +7 tokens (211.1 ms)  cpos=553

[spec] generated 14 tokens over 2 verifies: mean tokens/verify = 7.00 (block=6, max 7)
[spec] tokens: 295 270 223 397 463 6683 16 455 969 4565 78886 36516 78019 12492
[spec] SPEC-DECODE: 30.2 ms/tok = 33.16 tok/s  (vs base M=1 69.1 ms/tok = 14.46 tok/s -> 2.29x)
[decode] PREFILL: 540 positions in 9734.1 ms = 55.5 tok/s (18.026 ms/tok)
[capture] wrote /home/patrickd/s5-capture/s2/c0/cap/shard_p162_s000540.dspc  540 tok x (3 taps + 1 lm_in) x 4096 = 16.9 MB (32.0 KB/tok)
[probe] wrote 16 draft probes (block=6) to /home/patrickd/s5-capture/s2/c0/cap/drafts_p162_s000540.txt
[spec] decoding 8 tokens (block=6, draft passes=1, adaptK=1.50, prompt=162 s=541)...
  [margins] 15.20 14.91 14.70 14.35 13.65 7.76  K=7
  verify 1: accepted 6/6 (K=7) + correction -> +7 tokens (202.0 ms)  cpos=547
  [margins] 23.73 17.66 19.94 18.12 15.72 14.38  K=7
  verify 2: accepted 6/6 (K=7) + correction -> +7 tokens (211.9 ms)  cpos=554

[spec] generated 14 tokens over 2 verifies: mean tokens/verify = 7.00 (block=6, max 7)
[spec] tokens: 764 86735 2852 8201 905 32372 1780 905 14888 8201 223 23 16 23
[spec] SPEC-DECODE: 30.3 ms/tok = 33.03 tok/s  (vs base M=1 69.1 ms/tok = 14.46 tok/s -> 2.28x)
[decode] PREFILL: 567 positions in 10245.8 ms = 55.3 tok/s (18.070 ms/tok)
[capture] wrote /home/patrickd/s5-capture/s2/c0/cap/shard_p163_s000567.dspc  567 tok x (3 taps + 1 lm_in) x 4096 = 17.7 MB (32.0 KB/tok)
[probe] wrote 16 draft probes (block=6) to /home/patrickd/s5-capture/s2/c0/cap/drafts_p163_s000567.txt
[spec] decoding 8 tokens (block=6, draft passes=1, adaptK=1.50, prompt=163 s=568)...
  [margins] 10.77 7.89 9.50 7.18 9.15 2.69  K=7
  verify 1: accepted 6/6 (K=7) + correction -> +7 tokens (200.3 ms)  cpos=574
  [margins] 8.41 10.67 6.89 8.41 6.71 7.80  K=7
  verify 2: accepted 6/6 (K=7) + correction -> +7 tokens (198.2 ms)  cpos=581

[spec] generated 14 tokens over 2 verifies: mean tokens/verify = 7.00 (block=6, max 7)
[spec] tokens: 201 34132 201 34132 201 34132 201 34132 201 34132 201 34132 201 34132
[spec] SPEC-DECODE: 28.3 ms/tok = 35.31 tok/s  (vs base M=1 69.1 ms/tok = 14.46 tok/s -> 2.44x)
[decode] PREFILL: 603 positions in 10906.7 ms = 55.3 tok/s (18.087 ms/tok)
[capture] wrote /home/patrickd/s5-capture/s2/c0/cap/shard_p164_s000603.dspc  603 tok x (3 taps + 1 lm_in) x 4096 = 18.8 MB (32.0 KB/tok)
[probe] wrote 16 draft probes (block=6) to /home/patrickd/s5-capture/s2/c0/cap/drafts_p164_s000603.txt
[spec] decoding 8 tokens (block=6, draft passes=1, adaptK=1.50, prompt=164 s=604)...
  [margins] 15.95 7.53 13.53 10.02 7.61 7.68  K=7
  verify 1: accepted 6/6 (K=7) + correction -> +7 tokens (203.7 ms)  cpos=610
  [margins] 8.29 13.32 12.84 7.66 9.85 4.57  K=7
  verify 2: accepted 6/6 (K=7) + correction -> +7 tokens (205.4 ms)  cpos=617

[spec] generated 14 tokens over 2 verifies: mean tokens/verify = 7.00 (block=6, max 7)
[spec] tokens: 45 16 1653 45 16 1653 45 16 1653 45 16 1653 45 16
[spec] SPEC-DECODE: 29.3 ms/tok = 34.08 tok/s  (vs base M=1 69.1 ms/tok = 14.46 tok/s -> 2.36x)
[decode] PREFILL: 675 positions in 12319.5 ms = 54.8 tok/s (18.251 ms/tok)
[capture] wrote /home/patrickd/s5-capture/s2/c0/cap/shard_p165_s000675.dspc  675 tok x (3 taps + 1 lm_in) x 4096 = 21.1 MB (32.0 KB/tok)
[probe] wrote 16 draft probes (block=6) to /home/patrickd/s5-capture/s2/c0/cap/drafts_p165_s000675.txt
[spec] decoding 8 tokens (block=6, draft passes=1, adaptK=1.50, prompt=165 s=676)...
  [margins] 7.66 9.40 11.92 1.46 3.92 11.26  K=4
  verify 1: accepted 3/3 (K=4) + correction -> +4 tokens (151.5 ms)  cpos=679
  [margins] 8.37 9.70 12.46 1.15 10.57 3.09  K=4
  verify 2: accepted 3/3 (K=4) + correction -> +4 tokens (153.2 ms)  cpos=683

[spec] generated 8 tokens over 2 verifies: mean tokens/verify = 4.00 (block=6, max 7)
[spec] tokens: 223 204 201 16 223 204 201 16
[spec] SPEC-DECODE: 38.3 ms/tok = 26.11 tok/s  (vs base M=1 69.1 ms/tok = 14.46 tok/s -> 1.81x)
[decode] PREFILL: 585 positions in 10589.7 ms = 55.2 tok/s (18.102 ms/tok)
[capture] wrote /home/patrickd/s5-capture/s2/c0/cap/shard_p166_s000585.dspc  585 tok x (3 taps + 1 lm_in) x 4096 = 18.3 MB (32.0 KB/tok)
[probe] wrote 16 draft probes (block=6) to /home/patrickd/s5-capture/s2/c0/cap/drafts_p166_s000585.txt
[spec] decoding 8 tokens (block=6, draft passes=1, adaptK=1.50, prompt=166 s=586)...
  [margins] 10.81 3.51 5.96 7.77 8.27 6.92  K=7
  verify 1: accepted 6/6 (K=7) + correction -> +7 tokens (210.6 ms)  cpos=592
  [margins] 29.08 14.96 15.19 13.91 15.66 10.35  K=7
  verify 2: accepted 6/6 (K=7) + correction -> +7 tokens (206.5 ms)  cpos=599

[spec] generated 14 tokens over 2 verifies: mean tokens/verify = 7.00 (block=6, max 7)
[spec] tokens: 6420 16 1166 344 260 1748 30188 284 8469 418 260 223 22 48465
[spec] SPEC-DECODE: 29.5 ms/tok = 33.89 tok/s  (vs base M=1 69.1 ms/tok = 14.46 tok/s -> 2.34x)
[decode] PREFILL: 672 positions in 12261.9 ms = 54.8 tok/s (18.247 ms/tok)
[capture] wrote /home/patrickd/s5-capture/s2/c0/cap/shard_p167_s000672.dspc  672 tok x (3 taps + 1 lm_in) x 4096 = 21.0 MB (32.0 KB/tok)
[probe] wrote 16 draft probes (block=6) to /home/patrickd/s5-capture/s2/c0/cap/drafts_p167_s000672.txt
[spec] decoding 8 tokens (block=6, draft passes=1, adaptK=1.50, prompt=167 s=673)...
  [margins] 10.12 4.11 0.35 3.83 4.18 0.76  K=3
  verify 1: accepted 2/2 (K=3) + correction -> +3 tokens (126.5 ms)  cpos=675
  [margins] 1.30 0.67 0.15 4.20 3.63 0.56  K=2
  verify 2: accepted 1/1 (K=2) + correction -> +2 tokens (123.9 ms)  cpos=677
  [margins] 5.03 0.96 1.72 3.69 0.54 0.20  K=2
  verify 3: accepted 1/1 (K=2) + correction -> +2 tokens (115.0 ms)  cpos=679
  [margins] 1.38 4.61 0.31 1.07 0.51 1.73  K=3
  verify 4: accepted 0/2 (K=3) + correction -> +1 tokens (138.5 ms)  cpos=680

[spec] generated 8 tokens over 4 verifies: mean tokens/verify = 2.00 (block=6, max 7)
[spec] tokens: 412 260 31521 14 554 260 40021 294
[spec] SPEC-DECODE: 75.5 ms/tok = 13.25 tok/s  (vs base M=1 69.1 ms/tok = 14.46 tok/s -> 0.92x)
[decode] PREFILL: 1107 positions in 20896.6 ms = 53.0 tok/s (18.877 ms/tok)
[capture] wrote /home/patrickd/s5-capture/s2/c0/cap/shard_p168_s001107.dspc  1107 tok x (3 taps + 1 lm_in) x 4096 = 34.6 MB (32.0 KB/tok)
[probe] wrote 16 draft probes (block=6) to /home/patrickd/s5-capture/s2/c0/cap/drafts_p168_s001107.txt
[spec] decoding 8 tokens (block=6, draft passes=1, adaptK=1.50, prompt=168 s=1108)...
  [margins] 14.67 14.17 13.12 1.84 10.57 10.99  K=7
  verify 1: accepted 6/6 (K=7) + correction -> +7 tokens (223.9 ms)  cpos=1114
  [margins] 12.03 9.45 11.24 11.00 9.69 10.29  K=7
  verify 2: accepted 6/6 (K=7) + correction -> +7 tokens (219.4 ms)  cpos=1121

[spec] generated 14 tokens over 2 verifies: mean tokens/verify = 7.00 (block=6, max 7)
[spec] tokens: 3749 11 3749 11 3749 11 3749 11 3749 11 3749 11 3749 11
[spec] SPEC-DECODE: 31.3 ms/tok = 31.90 tok/s  (vs base M=1 69.1 ms/tok = 14.46 tok/s -> 2.21x)
[decode] PREFILL: 625 positions in 11350.9 ms = 55.1 tok/s (18.161 ms/tok)
[capture] wrote /home/patrickd/s5-capture/s2/c0/cap/shard_p169_s000625.dspc  625 tok x (3 taps + 1 lm_in) x 4096 = 19.5 MB (32.0 KB/tok)
[probe] wrote 16 draft probes (block=6) to /home/patrickd/s5-capture/s2/c0/cap/drafts_p169_s000625.txt
[spec] decoding 8 tokens (block=6, draft passes=1, adaptK=1.50, prompt=169 s=626)...
  [margins] 9.82 11.95 13.61 6.03 10.11 4.89  K=7
  verify 1: accepted 6/6 (K=7) + correction -> +7 tokens (209.9 ms)  cpos=632
  [margins] 18.03 15.57 7.26 1.77 1.03 9.33  K=5
  verify 2: accepted 4/4 (K=5) + correction -> +5 tokens (158.9 ms)  cpos=637

[spec] generated 12 tokens over 2 verifies: mean tokens/verify = 6.00 (block=6, max 7)
[spec] tokens: 9000 50 1697 4437 26797 24049 9000 50 1697 4437 49224 13511
[spec] SPEC-DECODE: 31.8 ms/tok = 31.46 tok/s  (vs base M=1 69.1 ms/tok = 14.46 tok/s -> 2.18x)
[decode] PREFILL: 569 positions in 10295.4 ms = 55.3 tok/s (18.094 ms/tok)
[capture] wrote /home/patrickd/s5-capture/s2/c0/cap/shard_p170_s000569.dspc  569 tok x (3 taps + 1 lm_in) x 4096 = 17.8 MB (32.0 KB/tok)
[probe] wrote 16 draft probes (block=6) to /home/patrickd/s5-capture/s2/c0/cap/drafts_p170_s000569.txt
[spec] decoding 8 tokens (block=6, draft passes=1, adaptK=1.50, prompt=170 s=570)...
  [margins] 1.22 0.60 0.86 3.44 1.24 1.42  K=2
  verify 1: accepted 1/1 (K=2) + correction -> +2 tokens (113.1 ms)  cpos=571
  [margins] 2.10 0.55 1.06 0.01 1.60 0.91  K=2
  verify 2: accepted 1/1 (K=2) + correction -> +2 tokens (125.6 ms)  cpos=573
  [margins] 1.40 0.71 4.10 2.79 4.68 1.39  K=2
  verify 3: accepted 1/1 (K=2) + correction -> +2 tokens (113.6 ms)  cpos=575
  [margins] 6.52 5.66 4.97 2.44 7.41 1.13  K=6
  verify 4: accepted 5/5 (K=6) + correction -> +6 tokens (182.5 ms)  cpos=581

[spec] generated 12 tokens over 4 verifies: mean tokens/verify = 3.00 (block=6, max 7)
[spec] tokens: 270 3452 33 4480 734 1762 28 223 25 17 553 294
[spec] SPEC-DECODE: 42.2 ms/tok = 23.71 tok/s  (vs base M=1 69.1 ms/tok = 14.46 tok/s -> 1.64x)
[decode] PREFILL: 539 positions in 9704.1 ms = 55.5 tok/s (18.004 ms/tok)
[capture] wrote /home/patrickd/s5-capture/s2/c0/cap/shard_p171_s000539.dspc  539 tok x (3 taps + 1 lm_in) x 4096 = 16.8 MB (32.0 KB/tok)
[probe] wrote 16 draft probes (block=6) to /home/patrickd/s5-capture/s2/c0/cap/drafts_p171_s000539.txt
[spec] decoding 8 tokens (block=6, draft passes=1, adaptK=1.50, prompt=171 s=540)...
  [margins] 14.72 16.92 8.73 11.20 7.05 13.24  K=7
  verify 1: accepted 6/6 (K=7) + correction -> +7 tokens (208.8 ms)  cpos=546
  [margins] 12.03 11.70 13.67 9.85 13.58 7.76  K=7
  verify 2: accepted 6/6 (K=7) + correction -> +7 tokens (208.5 ms)  cpos=553

[spec] generated 14 tokens over 2 verifies: mean tokens/verify = 7.00 (block=6, max 7)
[spec] tokens: 344 4813 305 18445 270 16381 16 3749 455 4181 344 4813 305 18445
[spec] SPEC-DECODE: 29.8 ms/tok = 33.57 tok/s  (vs base M=1 69.1 ms/tok = 14.46 tok/s -> 2.32x)
[decode] PREFILL: 537 positions in 9682.9 ms = 55.5 tok/s (18.031 ms/tok)
[capture] wrote /home/patrickd/s5-capture/s2/c0/cap/shard_p172_s000537.dspc  537 tok x (3 taps + 1 lm_in) x 4096 = 16.8 MB (32.0 KB/tok)
[probe] wrote 16 draft probes (block=6) to /home/patrickd/s5-capture/s2/c0/cap/drafts_p172_s000537.txt
[spec] decoding 8 tokens (block=6, draft passes=1, adaptK=1.50, prompt=172 s=538)...
  [margins] 12.81 14.25 15.25 3.86 9.50 6.10  K=7
  verify 1: accepted 6/6 (K=7) + correction -> +7 tokens (207.0 ms)  cpos=544
  [margins] 18.07 11.55 14.23 8.05 4.97 4.21  K=7
  verify 2: accepted 6/6 (K=7) + correction -> +7 tokens (197.2 ms)  cpos=551

[spec] generated 14 tokens over 2 verifies: mean tokens/verify = 7.00 (block=6, max 7)
[spec] tokens: 538 260 2310 16 15361 270 15255 2019 16 9909 1353 339 9854 36490
[spec] SPEC-DECODE: 28.2 ms/tok = 35.50 tok/s  (vs base M=1 69.1 ms/tok = 14.46 tok/s -> 2.45x)
[decode] PREFILL: 552 positions in 9972.6 ms = 55.4 tok/s (18.066 ms/tok)
[capture] wrote /home/patrickd/s5-capture/s2/c0/cap/shard_p173_s000552.dspc  552 tok x (3 taps + 1 lm_in) x 4096 = 17.3 MB (32.0 KB/tok)
[probe] wrote 16 draft probes (block=6) to /home/patrickd/s5-capture/s2/c0/cap/drafts_p173_s000552.txt
[spec] decoding 8 tokens (block=6, draft passes=1, adaptK=1.50, prompt=173 s=553)...
  [margins] 14.94 12.05 10.15 11.49 19.07 12.88  K=7
  verify 1: accepted 6/6 (K=7) + correction -> +7 tokens (199.7 ms)  cpos=559
  [margins] 9.25 12.81 22.46 16.44 11.96 10.49  K=7
  verify 2: accepted 6/6 (K=7) + correction -> +7 tokens (209.4 ms)  cpos=566

[spec] generated 14 tokens over 2 verifies: mean tokens/verify = 7.00 (block=6, max 7)
[spec] tokens: 50 14204 16 18239 80 50 14204 16 18239 80 50 14204 16 18239
[spec] SPEC-DECODE: 29.9 ms/tok = 33.44 tok/s  (vs base M=1 69.1 ms/tok = 14.46 tok/s -> 2.31x)
[decode] PREFILL: 1793 positions in 35713.4 ms = 50.2 tok/s (19.918 ms/tok)
[capture] wrote /home/patrickd/s5-capture/s2/c0/cap/shard_p174_s001793.dspc  1793 tok x (3 taps + 1 lm_in) x 4096 = 56.0 MB (32.0 KB/tok)
[probe] wrote 16 draft probes (block=6) to /home/patrickd/s5-capture/s2/c0/cap/drafts_p174_s001793.txt
[spec] decoding 8 tokens (block=6, draft passes=1, adaptK=1.50, prompt=174 s=1794)...
  [margins] 13.58 12.78 14.16 7.70 4.48 8.98  K=7
  verify 1: accepted 6/6 (K=7) + correction -> +7 tokens (270.8 ms)  cpos=1800
  [margins] 13.37 12.26 15.07 9.47 9.53 11.91  K=7
  verify 2: accepted 6/6 (K=7) + correction -> +7 tokens (262.2 ms)  cpos=1807

[spec] generated 14 tokens over 2 verifies: mean tokens/verify = 7.00 (block=6, max 7)
[spec] tokens: 304 270 3609 294 628 2396 16 7502 32284 362 270 2501 294 26240
[spec] SPEC-DECODE: 37.5 ms/tok = 26.69 tok/s  (vs base M=1 69.1 ms/tok = 14.46 tok/s -> 1.85x)
[decode] PREFILL: 649 positions in 11844.9 ms = 54.8 tok/s (18.251 ms/tok)
[capture] wrote /home/patrickd/s5-capture/s2/c0/cap/shard_p175_s000649.dspc  649 tok x (3 taps + 1 lm_in) x 4096 = 20.3 MB (32.0 KB/tok)
[probe] wrote 16 draft probes (block=6) to /home/patrickd/s5-capture/s2/c0/cap/drafts_p175_s000649.txt
[spec] decoding 8 tokens (block=6, draft passes=1, adaptK=1.50, prompt=175 s=650)...
  [margins] 0.18 0.12 6.40 0.97 1.94 6.37  K=2
  verify 1: accepted 0/1 (K=2) + correction -> +1 tokens (117.6 ms)  cpos=650
  [margins] 1.85 4.38 0.43 3.91 0.18 1.25  K=3
  verify 2: accepted 0/2 (K=3) + correction -> +1 tokens (136.2 ms)  cpos=651
  [margins] 0.03 1.30 4.22 0.59 2.27 6.21  K=2
  verify 3: accepted 0/1 (K=2) + correction -> +1 tokens (124.9 ms)  cpos=652
  [margins] 2.84 4.98 0.05 5.00 0.16 5.12  K=3
  verify 4: accepted 0/2 (K=3) + correction -> +1 tokens (129.1 ms)  cpos=653
  [margins] 0.03 0.30 1.09 2.96 6.04 0.94  K=2
  verify 5: accepted 0/1 (K=2) + correction -> +1 tokens (117.3 ms)  cpos=654
  [margins] 3.63 4.63 0.11 3.29 1.62 5.03  K=3
  verify 6: accepted 0/2 (K=3) + correction -> +1 tokens (136.2 ms)  cpos=655
  [margins] 0.03 0.70 4.75 1.16 2.97 6.07  K=2
  verify 7: accepted 0/1 (K=2) + correction -> +1 tokens (125.3 ms)  cpos=656
  [margins] 2.71 4.51 0.55 4.93 0.85 4.32  K=3
  verify 8: accepted 0/2 (K=3) + correction -> +1 tokens (129.3 ms)  cpos=657

[spec] generated 8 tokens over 8 verifies: mean tokens/verify = 1.00 (block=6, max 7)
[spec] tokens: 1 16 1 16 1 16 1 16
[spec] SPEC-DECODE: 128.3 ms/tok = 7.79 tok/s  (vs base M=1 69.1 ms/tok = 14.46 tok/s -> 0.54x)
[decode] PREFILL: 542 positions in 9756.8 ms = 55.6 tok/s (18.001 ms/tok)
[capture] wrote /home/patrickd/s5-capture/s2/c0/cap/shard_p176_s000542.dspc  542 tok x (3 taps + 1 lm_in) x 4096 = 16.9 MB (32.0 KB/tok)
[probe] wrote 16 draft probes (block=6) to /home/patrickd/s5-capture/s2/c0/cap/drafts_p176_s000542.txt
[spec] decoding 8 tokens (block=6, draft passes=1, adaptK=1.50, prompt=176 s=543)...
  [margins] 21.74 24.93 18.16 4.49 6.35 3.36  K=7
  verify 1: accepted 6/6 (K=7) + correction -> +7 tokens (209.2 ms)  cpos=549
  [margins] 12.75 13.62 12.87 13.40 10.23 9.15  K=7
  verify 2: accepted 6/6 (K=7) + correction -> +7 tokens (208.6 ms)  cpos=556

[spec] generated 14 tokens over 2 verifies: mean tokens/verify = 7.00 (block=6, max 7)
[spec] tokens: 108477 50374 13027 65593 12 1780 269 2542 3749 1354 12270 35088 108477 50374
[spec] SPEC-DECODE: 29.8 ms/tok = 33.56 tok/s  (vs base M=1 69.1 ms/tok = 14.46 tok/s -> 2.32x)
[decode] PREFILL: 672 positions in 12261.2 ms = 54.8 tok/s (18.246 ms/tok)
[capture] wrote /home/patrickd/s5-capture/s2/c0/cap/shard_p177_s000672.dspc  672 tok x (3 taps + 1 lm_in) x 4096 = 21.0 MB (32.0 KB/tok)
[probe] wrote 16 draft probes (block=6) to /home/patrickd/s5-capture/s2/c0/cap/drafts_p177_s000672.txt
[spec] decoding 8 tokens (block=6, draft passes=1, adaptK=1.50, prompt=177 s=673)...
  [margins] 1.63 5.00 0.28 5.22 0.47 5.28  K=3
  verify 1: accepted 0/2 (K=3) + correction -> +1 tokens (130.9 ms)  cpos=673
  [margins] 0.02 0.64 5.97 0.53 0.67 5.86  K=2
  verify 2: accepted 0/1 (K=2) + correction -> +1 tokens (118.3 ms)  cpos=674
  [margins] 2.10 5.18 0.15 2.67 0.69 4.33  K=3
  verify 3: accepted 0/2 (K=3) + correction -> +1 tokens (137.8 ms)  cpos=675
  [margins] 0.10 1.55 0.42 9.38 0.01 2.68  K=3
  verify 4: accepted 0/2 (K=3) + correction -> +1 tokens (135.5 ms)  cpos=676
  [margins] 1.41 5.08 0.15 0.40 4.83 0.97  K=3
  verify 5: accepted 0/2 (K=3) + correction -> +1 tokens (130.6 ms)  cpos=677
  [margins] 0.27 1.70 0.02 0.36 0.30 6.11  K=3
  verify 6: accepted 0/2 (K=3) + correction -> +1 tokens (136.3 ms)  cpos=678
  [margins] 0.38 2.66 2.60 0.72 2.37 0.83  K=4
  verify 7: accepted 0/3 (K=4) + correction -> +1 tokens (143.6 ms)  cpos=679
  [margins] 2.34 2.13 3.33 4.84 0.12 1.51  K=5
  verify 8: accepted 0/4 (K=5) + correction -> +1 tokens (163.4 ms)  cpos=680

[spec] generated 8 tokens over 8 verifies: mean tokens/verify = 1.00 (block=6, max 7)
[spec] tokens: 16 1 16 1 16 7684 82 9636
[spec] SPEC-DECODE: 137.9 ms/tok = 7.25 tok/s  (vs base M=1 69.1 ms/tok = 14.46 tok/s -> 0.50x)
[decode] PREFILL: 537 positions in 9688.0 ms = 55.4 tok/s (18.041 ms/tok)
[capture] wrote /home/patrickd/s5-capture/s2/c0/cap/shard_p178_s000537.dspc  537 tok x (3 taps + 1 lm_in) x 4096 = 16.8 MB (32.0 KB/tok)
[probe] wrote 16 draft probes (block=6) to /home/patrickd/s5-capture/s2/c0/cap/drafts_p178_s000537.txt
[spec] decoding 8 tokens (block=6, draft passes=1, adaptK=1.50, prompt=178 s=538)...
  [margins] 11.55 16.32 5.36 4.91 2.06 2.87  K=7
  verify 1: accepted 3/6 (K=7) + correction -> +4 tokens (204.2 ms)  cpos=541
  [margins] 11.09 15.97 4.91 2.27 4.98 3.00  K=7
  verify 2: accepted 3/6 (K=7) + correction -> +4 tokens (204.5 ms)  cpos=545

[spec] generated 8 tokens over 2 verifies: mean tokens/verify = 4.00 (block=6, max 7)
[spec] tokens: 3749 11 88 34980 3749 11 88 3103
[spec] SPEC-DECODE: 51.1 ms/tok = 19.56 tok/s  (vs base M=1 69.1 ms/tok = 14.46 tok/s -> 1.35x)
[decode] PREFILL: 532 positions in 9583.5 ms = 55.5 tok/s (18.014 ms/tok)
[capture] wrote /home/patrickd/s5-capture/s2/c0/cap/shard_p179_s000532.dspc  532 tok x (3 taps + 1 lm_in) x 4096 = 16.6 MB (32.0 KB/tok)
[probe] wrote 16 draft probes (block=6) to /home/patrickd/s5-capture/s2/c0/cap/drafts_p179_s000532.txt
[spec] decoding 8 tokens (block=6, draft passes=1, adaptK=1.50, prompt=179 s=533)...
  [margins] 13.07 11.83 6.40 10.90 9.70 7.43  K=7
  verify 1: accepted 6/6 (K=7) + correction -> +7 tokens (192.5 ms)  cpos=539
  [margins] 12.61 11.86 10.95 9.35 10.00 8.80  K=7
  verify 2: accepted 6/6 (K=7) + correction -> +7 tokens (198.7 ms)  cpos=546

[spec] generated 14 tokens over 2 verifies: mean tokens/verify = 7.00 (block=6, max 7)
[spec] tokens: 88 50 88 50 88 50 88 50 88 50 88 50 88 50
[spec] SPEC-DECODE: 28.4 ms/tok = 35.22 tok/s  (vs base M=1 69.1 ms/tok = 14.46 tok/s -> 2.44x)
[decode] PREFILL: 546 positions in 9851.6 ms = 55.4 tok/s (18.043 ms/tok)
[capture] wrote /home/patrickd/s5-capture/s2/c0/cap/shard_p180_s000546.dspc  546 tok x (3 taps + 1 lm_in) x 4096 = 17.1 MB (32.0 KB/tok)
[probe] wrote 16 draft probes (block=6) to /home/patrickd/s5-capture/s2/c0/cap/drafts_p180_s000546.txt
[spec] decoding 8 tokens (block=6, draft passes=1, adaptK=1.50, prompt=180 s=547)...
  [margins] 17.80 19.20 16.51 12.69 12.39 13.51  K=7
  verify 1: accepted 6/6 (K=7) + correction -> +7 tokens (212.3 ms)  cpos=553
  [margins] 19.55 17.33 14.92 10.54 11.22 2.95  K=7
  verify 2: accepted 6/6 (K=7) + correction -> +7 tokens (211.4 ms)  cpos=560

[spec] generated 14 tokens over 2 verifies: mean tokens/verify = 7.00 (block=6, max 7)
[spec] tokens: 15 2616 9 54775 17511 641 11432 65 14940 113122 56582 2992 223 553
[spec] SPEC-DECODE: 30.2 ms/tok = 33.11 tok/s  (vs base M=1 69.1 ms/tok = 14.46 tok/s -> 2.29x)
[decode] PREFILL: 531 positions in 9575.1 ms = 55.5 tok/s (18.032 ms/tok)
[capture] wrote /home/patrickd/s5-capture/s2/c0/cap/shard_p181_s000531.dspc  531 tok x (3 taps + 1 lm_in) x 4096 = 16.6 MB (32.0 KB/tok)
[probe] wrote 16 draft probes (block=6) to /home/patrickd/s5-capture/s2/c0/cap/drafts_p181_s000531.txt
[spec] decoding 8 tokens (block=6, draft passes=1, adaptK=1.50, prompt=181 s=532)...
  [margins] 0.63 6.48 0.22 0.30 6.36 0.27  K=3
  verify 1: accepted 2/2 (K=3) + correction -> +3 tokens (135.4 ms)  cpos=534
  [margins] 6.74 12.82 1.03 2.05 6.87 10.67  K=3
  verify 2: accepted 2/2 (K=3) + correction -> +3 tokens (134.9 ms)  cpos=537
  [margins] 2.25 6.18 14.67 4.89 7.50 2.43  K=7
  verify 3: accepted 5/6 (K=7) + correction -> +6 tokens (209.3 ms)  cpos=543

[spec] generated 12 tokens over 3 verifies: mean tokens/verify = 4.00 (block=6, max 7)
[spec] tokens: 69797 343 9265 20 1127 11508 18 22604 1256 3947 45817 995
[spec] SPEC-DECODE: 38.2 ms/tok = 26.15 tok/s  (vs base M=1 69.1 ms/tok = 14.46 tok/s -> 1.81x)
[decode] PREFILL: 542 positions in 9763.6 ms = 55.5 tok/s (18.014 ms/tok)
[capture] wrote /home/patrickd/s5-capture/s2/c0/cap/shard_p182_s000542.dspc  542 tok x (3 taps + 1 lm_in) x 4096 = 16.9 MB (32.0 KB/tok)
[probe] wrote 16 draft probes (block=6) to /home/patrickd/s5-capture/s2/c0/cap/drafts_p182_s000542.txt
[spec] decoding 8 tokens (block=6, draft passes=1, adaptK=1.50, prompt=182 s=543)...
  [margins] 12.87 14.39 11.69 4.71 11.34 1.60  K=7
  verify 1: accepted 5/6 (K=7) + correction -> +6 tokens (204.9 ms)  cpos=548
  [margins] 17.03 9.66 11.55 7.86 13.35 7.49  K=7
  verify 2: accepted 6/6 (K=7) + correction -> +7 tokens (199.9 ms)  cpos=555

[spec] generated 13 tokens over 2 verifies: mean tokens/verify = 6.50 (block=6, max 7)
[spec] tokens: 21498 16 10634 7812 3389 10558 791 16 458 115496 76942 10676 13098
[spec] SPEC-DECODE: 28.6 ms/tok = 35.01 tok/s  (vs base M=1 69.1 ms/tok = 14.46 tok/s -> 2.42x)
[decode] PREFILL: 558 positions in 10080.1 ms = 55.4 tok/s (18.065 ms/tok)
[capture] wrote /home/patrickd/s5-capture/s2/c0/cap/shard_p183_s000558.dspc  558 tok x (3 taps + 1 lm_in) x 4096 = 17.4 MB (32.0 KB/tok)
[probe] wrote 16 draft probes (block=6) to /home/patrickd/s5-capture/s2/c0/cap/drafts_p183_s000558.txt
[spec] decoding 8 tokens (block=6, draft passes=1, adaptK=1.50, prompt=183 s=559)...
  [margins] 17.86 11.08 15.74 9.97 0.88 0.58  K=5
  verify 1: accepted 4/4 (K=5) + correction -> +5 tokens (162.0 ms)  cpos=563
  [margins] 16.68 15.80 10.62 19.85 14.60 7.58  K=7
  verify 2: accepted 6/6 (K=7) + correction -> +7 tokens (210.0 ms)  cpos=570

[spec] generated 12 tokens over 2 verifies: mean tokens/verify = 6.00 (block=6, max 7)
[spec] tokens: 345 16 223 929 14 5126 420 16 223 9775 14 1320
[spec] SPEC-DECODE: 30.0 ms/tok = 33.34 tok/s  (vs base M=1 69.1 ms/tok = 14.46 tok/s -> 2.31x)
[decode] PREFILL: 576 positions in 10411.0 ms = 55.3 tok/s (18.075 ms/tok)
[capture] wrote /home/patrickd/s5-capture/s2/c0/cap/shard_p184_s000576.dspc  576 tok x (3 taps + 1 lm_in) x 4096 = 18.0 MB (32.0 KB/tok)
[probe] wrote 16 draft probes (block=6) to /home/patrickd/s5-capture/s2/c0/cap/drafts_p184_s000576.txt
[spec] decoding 8 tokens (block=6, draft passes=1, adaptK=1.50, prompt=184 s=577)...
  [margins] 4.32 8.60 7.00 2.83 0.67 8.67  K=5
  verify 1: accepted 3/4 (K=5) + correction -> +4 tokens (159.5 ms)  cpos=580
  [margins] 13.03 4.12 8.38 6.12 2.25 2.49  K=7
  verify 2: accepted 3/6 (K=7) + correction -> +4 tokens (196.2 ms)  cpos=584

[spec] generated 8 tokens over 2 verifies: mean tokens/verify = 4.00 (block=6, max 7)
[spec] tokens: 282 47 19468 5903 46119 47 19468 2396
[spec] SPEC-DECODE: 49.0 ms/tok = 20.39 tok/s  (vs base M=1 69.1 ms/tok = 14.46 tok/s -> 1.41x)
[decode] PREFILL: 631 positions in 11431.7 ms = 55.2 tok/s (18.117 ms/tok)
[capture] wrote /home/patrickd/s5-capture/s2/c0/cap/shard_p185_s000631.dspc  631 tok x (3 taps + 1 lm_in) x 4096 = 19.7 MB (32.0 KB/tok)
[probe] wrote 16 draft probes (block=6) to /home/patrickd/s5-capture/s2/c0/cap/drafts_p185_s000631.txt
[spec] decoding 8 tokens (block=6, draft passes=1, adaptK=1.50, prompt=185 s=632)...
  [margins] 10.74 8.38 10.74 7.57 9.09 3.03  K=7
  verify 1: accepted 6/6 (K=7) + correction -> +7 tokens (202.6 ms)  cpos=638
  [margins] 9.66 11.64 8.20 9.48 4.99 9.13  K=7
  verify 2: accepted 6/6 (K=7) + correction -> +7 tokens (243.1 ms)  cpos=645

[spec] generated 14 tokens over 2 verifies: mean tokens/verify = 7.00 (block=6, max 7)
[spec] tokens: 455 16 455 16 455 16 455 16 455 16 455 16 455 16
[spec] SPEC-DECODE: 34.7 ms/tok = 28.79 tok/s  (vs base M=1 69.1 ms/tok = 14.46 tok/s -> 1.99x)
[decode] PREFILL: 551 positions in 9944.2 ms = 55.4 tok/s (18.048 ms/tok)
[capture] wrote /home/patrickd/s5-capture/s2/c0/cap/shard_p186_s000551.dspc  551 tok x (3 taps + 1 lm_in) x 4096 = 17.2 MB (32.0 KB/tok)
[probe] wrote 16 draft probes (block=6) to /home/patrickd/s5-capture/s2/c0/cap/drafts_p186_s000551.txt
[spec] decoding 8 tokens (block=6, draft passes=1, adaptK=1.50, prompt=186 s=552)...
  [margins] 8.35 6.83 11.25 9.86 5.37 3.21  K=7
  verify 1: accepted 5/6 (K=7) + correction -> +6 tokens (207.6 ms)  cpos=557
  [margins] 13.64 9.65 14.30 10.43 4.48 3.22  K=7
  verify 2: accepted 5/6 (K=7) + correction -> +6 tokens (207.7 ms)  cpos=563

[spec] generated 12 tokens over 2 verifies: mean tokens/verify = 6.00 (block=6, max 7)
[spec] tokens: 769 270 4813 3287 16 8145 769 270 4813 3287 16 40480
[spec] SPEC-DECODE: 34.6 ms/tok = 28.89 tok/s  (vs base M=1 69.1 ms/tok = 14.46 tok/s -> 2.00x)
[decode] PREFILL: 529 positions in 9547.2 ms = 55.4 tok/s (18.048 ms/tok)
[capture] wrote /home/patrickd/s5-capture/s2/c0/cap/shard_p187_s000529.dspc  529 tok x (3 taps + 1 lm_in) x 4096 = 16.5 MB (32.0 KB/tok)
[probe] wrote 16 draft probes (block=6) to /home/patrickd/s5-capture/s2/c0/cap/drafts_p187_s000529.txt
[spec] decoding 8 tokens (block=6, draft passes=1, adaptK=1.50, prompt=187 s=530)...
  [margins] 15.39 12.24 11.72 11.92 11.90 3.45  K=7
  verify 1: accepted 6/6 (K=7) + correction -> +7 tokens (209.8 ms)  cpos=536
  [margins] 2.11 5.97 6.92 1.57 4.57 2.54  K=7
  verify 2: accepted 0/6 (K=7) + correction -> +1 tokens (199.8 ms)  cpos=537

[spec] generated 8 tokens over 2 verifies: mean tokens/verify = 4.00 (block=6, max 7)
[spec] tokens: 13533 270 1473 28403 5029 16 5241 82
[spec] SPEC-DECODE: 199.8 ms/tok = 5.00 tok/s  (vs base M=1 69.1 ms/tok = 14.46 tok/s -> 0.35x)
[decode] PREFILL: 658 positions in 12020.8 ms = 54.7 tok/s (18.269 ms/tok)
[capture] wrote /home/patrickd/s5-capture/s2/c0/cap/shard_p188_s000658.dspc  658 tok x (3 taps + 1 lm_in) x 4096 = 20.6 MB (32.0 KB/tok)
[probe] wrote 16 draft probes (block=6) to /home/patrickd/s5-capture/s2/c0/cap/drafts_p188_s000658.txt
[spec] decoding 8 tokens (block=6, draft passes=1, adaptK=1.50, prompt=188 s=659)...
  [margins] 11.13 11.23 11.36 8.64 4.23 3.06  K=7
  verify 1: accepted 6/6 (K=7) + correction -> +7 tokens (215.4 ms)  cpos=665
  [margins] 17.80 13.05 14.10 12.81 9.06 0.88  K=6
  verify 2: accepted 5/5 (K=6) + correction -> +6 tokens (182.4 ms)  cpos=671

[spec] generated 13 tokens over 2 verifies: mean tokens/verify = 6.50 (block=6, max 7)
[spec] tokens: 1926 270 4105 16 12979 14 696 554 1926 270 4105 16 46917
[spec] SPEC-DECODE: 30.4 ms/tok = 32.90 tok/s  (vs base M=1 69.1 ms/tok = 14.46 tok/s -> 2.27x)
[decode] PREFILL: 600 positions in 10865.5 ms = 55.2 tok/s (18.109 ms/tok)
[capture] wrote /home/patrickd/s5-capture/s2/c0/cap/shard_p189_s000600.dspc  600 tok x (3 taps + 1 lm_in) x 4096 = 18.8 MB (32.0 KB/tok)
[probe] wrote 16 draft probes (block=6) to /home/patrickd/s5-capture/s2/c0/cap/drafts_p189_s000600.txt
[spec] decoding 8 tokens (block=6, draft passes=1, adaptK=1.50, prompt=189 s=601)...
  [margins] 10.55 13.90 16.94 10.17 0.08 1.30  K=5
  verify 1: accepted 4/4 (K=5) + correction -> +5 tokens (160.9 ms)  cpos=605
  [margins] 7.17 4.75 7.17 6.92 0.46 1.92  K=5
  verify 2: accepted 4/4 (K=5) + correction -> +5 tokens (157.3 ms)  cpos=610

[spec] generated 10 tokens over 2 verifies: mean tokens/verify = 5.00 (block=6, max 7)
[spec] tokens: 979 14540 1400 1325 271 12602 699 32108 271 81744
[spec] SPEC-DECODE: 31.5 ms/tok = 31.78 tok/s  (vs base M=1 69.1 ms/tok = 14.46 tok/s -> 2.20x)
[decode] PREFILL: 630 positions in 11425.3 ms = 55.1 tok/s (18.135 ms/tok)
[capture] wrote /home/patrickd/s5-capture/s2/c0/cap/shard_p190_s000630.dspc  630 tok x (3 taps + 1 lm_in) x 4096 = 19.7 MB (32.0 KB/tok)
[probe] wrote 16 draft probes (block=6) to /home/patrickd/s5-capture/s2/c0/cap/drafts_p190_s000630.txt
[spec] decoding 8 tokens (block=6, draft passes=1, adaptK=1.50, prompt=190 s=631)...
  [margins] 12.12 11.38 10.97 13.60 5.77 7.82  K=7
  verify 1: accepted 6/6 (K=7) + correction -> +7 tokens (212.3 ms)  cpos=637
  [margins] 13.52 17.19 14.37 8.48 8.56 11.24  K=7
  verify 2: accepted 6/6 (K=7) + correction -> +7 tokens (253.4 ms)  cpos=644

[spec] generated 14 tokens over 2 verifies: mean tokens/verify = 7.00 (block=6, max 7)
[spec] tokens: 1353 270 37370 2019 16 455 5238 1531 366 1353 270 37370 2019 16
[spec] SPEC-DECODE: 36.2 ms/tok = 27.62 tok/s  (vs base M=1 69.1 ms/tok = 14.46 tok/s -> 1.91x)
[decode] PREFILL: 623 positions in 11277.2 ms = 55.2 tok/s (18.101 ms/tok)
[capture] wrote /home/patrickd/s5-capture/s2/c0/cap/shard_p191_s000623.dspc  623 tok x (3 taps + 1 lm_in) x 4096 = 19.5 MB (32.0 KB/tok)
[probe] wrote 16 draft probes (block=6) to /home/patrickd/s5-capture/s2/c0/cap/drafts_p191_s000623.txt
[spec] decoding 8 tokens (block=6, draft passes=1, adaptK=1.50, prompt=191 s=624)...
  [margins] 6.72 5.01 11.87 8.35 0.57 2.81  K=5
  verify 1: accepted 4/4 (K=5) + correction -> +5 tokens (168.9 ms)  cpos=628
  [margins] 10.70 11.28 12.06 7.33 1.43 1.91  K=5
  verify 2: accepted 4/4 (K=5) + correction -> +5 tokens (161.4 ms)  cpos=633

[spec] generated 10 tokens over 2 verifies: mean tokens/verify = 5.00 (block=6, max 7)
[spec] tokens: 43 5922 1347 270 9548 52562 2719 4105 418 1527
[spec] SPEC-DECODE: 32.3 ms/tok = 30.98 tok/s  (vs base M=1 69.1 ms/tok = 14.46 tok/s -> 2.14x)
[decode] PREFILL: 975 positions in 18265.2 ms = 53.4 tok/s (18.734 ms/tok)
[capture] wrote /home/patrickd/s5-capture/s2/c0/cap/shard_p192_s000975.dspc  975 tok x (3 taps + 1 lm_in) x 4096 = 30.5 MB (32.0 KB/tok)
[probe] wrote 16 draft probes (block=6) to /home/patrickd/s5-capture/s2/c0/cap/drafts_p192_s000975.txt
[spec] decoding 8 tokens (block=6, draft passes=1, adaptK=1.50, prompt=192 s=976)...
  [margins] 7.25 11.49 9.45 10.43 12.95 9.29  K=7
  verify 1: accepted 6/6 (K=7) + correction -> +7 tokens (227.5 ms)  cpos=982
  [margins] 17.73 6.03 8.36 10.15 8.47 6.98  K=7
  verify 2: accepted 6/6 (K=7) + correction -> +7 tokens (223.7 ms)  cpos=989

[spec] generated 14 tokens over 2 verifies: mean tokens/verify = 7.00 (block=6, max 7)
[spec] tokens: 455 3287 344 406 16 223 779 1737 16 455 3287 344 406 16
[spec] SPEC-DECODE: 32.0 ms/tok = 31.29 tok/s  (vs base M=1 69.1 ms/tok = 14.46 tok/s -> 2.16x)
[decode] PREFILL: 581 positions in 10514.1 ms = 55.3 tok/s (18.097 ms/tok)
[capture] wrote /home/patrickd/s5-capture/s2/c0/cap/shard_p193_s000581.dspc  581 tok x (3 taps + 1 lm_in) x 4096 = 18.2 MB (32.0 KB/tok)
[probe] wrote 16 draft probes (block=6) to /home/patrickd/s5-capture/s2/c0/cap/drafts_p193_s000581.txt
[spec] decoding 8 tokens (block=6, draft passes=1, adaptK=1.50, prompt=193 s=582)...
  [margins] 7.82 13.75 5.06 9.01 7.82 0.10  K=6
  verify 1: accepted 5/5 (K=6) + correction -> +6 tokens (173.3 ms)  cpos=587
  [margins] 8.35 14.12 5.46 9.83 8.87 0.97  K=6
  verify 2: accepted 5/5 (K=6) + correction -> +6 tokens (179.8 ms)  cpos=593

[spec] generated 12 tokens over 2 verifies: mean tokens/verify = 6.00 (block=6, max 7)
[spec] tokens: 16 4100 574 16 4100 574 16 4100 574 16 4100 574
[spec] SPEC-DECODE: 30.0 ms/tok = 33.37 tok/s  (vs base M=1 69.1 ms/tok = 14.46 tok/s -> 2.31x)
[decode] PREFILL: 529 positions in 9548.4 ms = 55.4 tok/s (18.050 ms/tok)
[capture] wrote /home/patrickd/s5-capture/s2/c0/cap/shard_p194_s000529.dspc  529 tok x (3 taps + 1 lm_in) x 4096 = 16.5 MB (32.0 KB/tok)
[probe] wrote 16 draft probes (block=6) to /home/patrickd/s5-capture/s2/c0/cap/drafts_p194_s000529.txt
[spec] decoding 8 tokens (block=6, draft passes=1, adaptK=1.50, prompt=194 s=530)...
  [margins] 0.85 1.18 0.61 1.31 0.37 2.36  K=2
  verify 1: accepted 0/1 (K=2) + correction -> +1 tokens (115.4 ms)  cpos=530
  [margins] 9.87 2.56 1.29 1.53 0.29 0.42  K=3
  verify 2: accepted 1/2 (K=3) + correction -> +2 tokens (133.5 ms)  cpos=532
  [margins] 2.79 6.15 0.84 0.06 0.20 3.18  K=3
  verify 3: accepted 2/2 (K=3) + correction -> +3 tokens (127.1 ms)  cpos=535
  [margins] 1.46 3.53 1.60 1.29 0.45 0.43  K=4
  verify 4: accepted 1/3 (K=4) + correction -> +2 tokens (147.2 ms)  cpos=537

[spec] generated 8 tokens over 4 verifies: mean tokens/verify = 2.00 (block=6, max 7)
[spec] tokens: 25779 284 295 270 25509 14 14342 270
[spec] SPEC-DECODE: 58.3 ms/tok = 17.17 tok/s  (vs base M=1 69.1 ms/tok = 14.46 tok/s -> 1.19x)
[decode] PREFILL: 672 positions in 12260.2 ms = 54.8 tok/s (18.244 ms/tok)
[capture] wrote /home/patrickd/s5-capture/s2/c0/cap/shard_p195_s000672.dspc  672 tok x (3 taps + 1 lm_in) x 4096 = 21.0 MB (32.0 KB/tok)
[probe] wrote 16 draft probes (block=6) to /home/patrickd/s5-capture/s2/c0/cap/drafts_p195_s000672.txt
[spec] decoding 8 tokens (block=6, draft passes=1, adaptK=1.50, prompt=195 s=673)...
  [margins] 12.76 7.87 13.24 3.68 12.44 5.88  K=7
  verify 1: accepted 6/6 (K=7) + correction -> +7 tokens (201.4 ms)  cpos=679
  [margins] 8.51 11.54 7.36 14.48 5.43 12.02  K=7
  verify 2: accepted 6/6 (K=7) + correction -> +7 tokens (202.7 ms)  cpos=686

[spec] generated 14 tokens over 2 verifies: mean tokens/verify = 7.00 (block=6, max 7)
[spec] tokens: 3749 11 3749 11 3749 11 3749 11 3749 11 3749 11 3749 11
[spec] SPEC-DECODE: 29.0 ms/tok = 34.53 tok/s  (vs base M=1 69.1 ms/tok = 14.46 tok/s -> 2.39x)
[decode] PREFILL: 1048 positions in 19751.0 ms = 53.1 tok/s (18.846 ms/tok)
[capture] wrote /home/patrickd/s5-capture/s2/c0/cap/shard_p196_s001048.dspc  1048 tok x (3 taps + 1 lm_in) x 4096 = 32.8 MB (32.0 KB/tok)
[probe] wrote 16 draft probes (block=6) to /home/patrickd/s5-capture/s2/c0/cap/drafts_p196_s001048.txt
[spec] decoding 8 tokens (block=6, draft passes=1, adaptK=1.50, prompt=196 s=1049)...
  [margins] 9.75 9.01 7.77 8.51 8.82 7.55  K=7
  verify 1: accepted 6/6 (K=7) + correction -> +7 tokens (215.3 ms)  cpos=1055
  [margins] 15.91 11.03 10.58 6.51 10.55 7.33  K=7
  verify 2: accepted 6/6 (K=7) + correction -> +7 tokens (219.9 ms)  cpos=1062

[spec] generated 14 tokens over 2 verifies: mean tokens/verify = 7.00 (block=6, max 7)
[spec] tokens: 11 3749 11 3749 11 3749 11 3749 11 3749 11 3749 11 3749
[spec] SPEC-DECODE: 31.4 ms/tok = 31.83 tok/s  (vs base M=1 69.1 ms/tok = 14.46 tok/s -> 2.20x)
[decode] PREFILL: 675 positions in 12329.5 ms = 54.7 tok/s (18.266 ms/tok)
[capture] wrote /home/patrickd/s5-capture/s2/c0/cap/shard_p197_s000675.dspc  675 tok x (3 taps + 1 lm_in) x 4096 = 21.1 MB (32.0 KB/tok)
[probe] wrote 16 draft probes (block=6) to /home/patrickd/s5-capture/s2/c0/cap/drafts_p197_s000675.txt
[spec] decoding 8 tokens (block=6, draft passes=1, adaptK=1.50, prompt=197 s=676)...
  [margins] 12.32 12.74 8.17 9.96 3.82 7.86  K=7
  verify 1: accepted 6/6 (K=7) + correction -> +7 tokens (218.2 ms)  cpos=682
  [margins] 12.60 15.64 12.68 8.87 12.46 9.27  K=7
  verify 2: accepted 6/6 (K=7) + correction -> +7 tokens (216.7 ms)  cpos=689

[spec] generated 14 tokens over 2 verifies: mean tokens/verify = 7.00 (block=6, max 7)
[spec] tokens: 294 4682 5403 24197 201 15 223 19 17 22 24437 294 4682 5159
[spec] SPEC-DECODE: 31.0 ms/tok = 32.30 tok/s  (vs base M=1 69.1 ms/tok = 14.46 tok/s -> 2.23x)
[decode] PREFILL: 673 positions in 12299.1 ms = 54.7 tok/s (18.275 ms/tok)
[capture] wrote /home/patrickd/s5-capture/s2/c0/cap/shard_p198_s000673.dspc  673 tok x (3 taps + 1 lm_in) x 4096 = 21.0 MB (32.0 KB/tok)
[probe] wrote 16 draft probes (block=6) to /home/patrickd/s5-capture/s2/c0/cap/drafts_p198_s000673.txt
[spec] decoding 8 tokens (block=6, draft passes=1, adaptK=1.50, prompt=198 s=674)...
  [margins] 9.96 11.76 12.70 5.15 8.52 5.86  K=7
  verify 1: accepted 5/6 (K=7) + correction -> +6 tokens (209.3 ms)  cpos=679
  [margins] 9.33 12.15 13.60 10.22 8.74 4.22  K=7
  verify 2: accepted 5/6 (K=7) + correction -> +6 tokens (209.3 ms)  cpos=685

[spec] generated 12 tokens over 2 verifies: mean tokens/verify = 6.00 (block=6, max 7)
[spec] tokens: 50 863 88113 50 863 88113 50 863 88113 50 863 88113
[spec] SPEC-DECODE: 34.9 ms/tok = 28.67 tok/s  (vs base M=1 69.1 ms/tok = 14.46 tok/s -> 1.98x)
[decode] PREFILL: 1340 positions in 25742.8 ms = 52.1 tok/s (19.211 ms/tok)
[capture] wrote /home/patrickd/s5-capture/s2/c0/cap/shard_p199_s001340.dspc  1340 tok x (3 taps + 1 lm_in) x 4096 = 41.9 MB (32.0 KB/tok)
[probe] wrote 16 draft probes (block=6) to /home/patrickd/s5-capture/s2/c0/cap/drafts_p199_s001340.txt
[spec] decoding 8 tokens (block=6, draft passes=1, adaptK=1.50, prompt=199 s=1341)...
  [margins] 14.88 14.75 16.32 4.91 3.29 7.39  K=7
  verify 1: accepted 6/6 (K=7) + correction -> +7 tokens (236.1 ms)  cpos=1347
  [margins] 6.68 7.52 10.18 5.72 6.09 1.05  K=6
  verify 2: accepted 5/5 (K=6) + correction -> +6 tokens (214.1 ms)  cpos=1353

[spec] generated 13 tokens over 2 verifies: mean tokens/verify = 6.50 (block=6, max 7)
[spec] tokens: 554 3394 1117 9616 396 477 554 295 270 3051 16 4147 554
[spec] SPEC-DECODE: 35.7 ms/tok = 28.03 tok/s  (vs base M=1 69.1 ms/tok = 14.46 tok/s -> 1.94x)
[decode] PREFILL: 539 positions in 9714.2 ms = 55.5 tok/s (18.023 ms/tok)
[capture] wrote /home/patrickd/s5-capture/s2/c0/cap/shard_p200_s000539.dspc  539 tok x (3 taps + 1 lm_in) x 4096 = 16.8 MB (32.0 KB/tok)
[probe] wrote 16 draft probes (block=6) to /home/patrickd/s5-capture/s2/c0/cap/drafts_p200_s000539.txt
[spec] decoding 8 tokens (block=6, draft passes=1, adaptK=1.50, prompt=200 s=540)...
  [margins] 4.84 1.53 5.03 7.18 0.01 1.26  K=5
  verify 1: accepted 1/4 (K=5) + correction -> +2 tokens (165.6 ms)  cpos=541
  [margins] 14.63 13.36 12.77 0.66 2.09 8.81  K=4
  verify 2: accepted 3/3 (K=4) + correction -> +4 tokens (145.9 ms)  cpos=545
  [margins] 2.47 11.60 14.34 11.25 0.89 0.47  K=5
  verify 3: accepted 4/4 (K=5) + correction -> +5 tokens (155.5 ms)  cpos=550

[spec] generated 11 tokens over 3 verifies: mean tokens/verify = 3.67 (block=6, max 7)
[spec] tokens: 9259 59 3749 11 88 15569 3579 3749 11 88 42
[spec] SPEC-DECODE: 33.5 ms/tok = 29.86 tok/s  (vs base M=1 69.1 ms/tok = 14.46 tok/s -> 2.06x)
[decode] PREFILL: 546 positions in 9861.9 ms = 55.4 tok/s (18.062 ms/tok)
[capture] wrote /home/patrickd/s5-capture/s2/c0/cap/shard_p201_s000546.dspc  546 tok x (3 taps + 1 lm_in) x 4096 = 17.1 MB (32.0 KB/tok)
[probe] wrote 16 draft probes (block=6) to /home/patrickd/s5-capture/s2/c0/cap/drafts_p201_s000546.txt
[spec] decoding 8 tokens (block=6, draft passes=1, adaptK=1.50, prompt=201 s=547)...
  [margins] 12.88 8.33 12.84 12.54 7.99 9.77  K=7
  verify 1: accepted 6/6 (K=7) + correction -> +7 tokens (206.3 ms)  cpos=553
  [margins] 16.00 11.99 7.16 11.88 11.08 7.94  K=7
  verify 2: accepted 6/6 (K=7) + correction -> +7 tokens (205.6 ms)  cpos=560

[spec] generated 14 tokens over 2 verifies: mean tokens/verify = 7.00 (block=6, max 7)
[spec] tokens: 1387 16 4617 272 1387 16 4617 272 1387 16 4617 272 1387 16
[spec] SPEC-DECODE: 29.4 ms/tok = 34.05 tok/s  (vs base M=1 69.1 ms/tok = 14.46 tok/s -> 2.35x)
[decode] PREFILL: 673 positions in 12284.4 ms = 54.8 tok/s (18.253 ms/tok)
[capture] wrote /home/patrickd/s5-capture/s2/c0/cap/shard_p202_s000673.dspc  673 tok x (3 taps + 1 lm_in) x 4096 = 21.0 MB (32.0 KB/tok)
[probe] wrote 16 draft probes (block=6) to /home/patrickd/s5-capture/s2/c0/cap/drafts_p202_s000673.txt
[spec] decoding 8 tokens (block=6, draft passes=1, adaptK=1.50, prompt=202 s=674)...
  [margins] 0.54 1.98 0.15 0.10 1.53 0.29  K=3
  verify 1: accepted 1/2 (K=3) + correction -> +2 tokens (142.2 ms)  cpos=675
  [margins] 2.97 1.53 0.39 0.38 0.15 0.09  K=3
  verify 2: accepted 1/2 (K=3) + correction -> +2 tokens (136.2 ms)  cpos=677
  [margins] 3.59 3.81 1.11 0.09 0.10 0.41  K=3
  verify 3: accepted 1/2 (K=3) + correction -> +2 tokens (135.3 ms)  cpos=679
  [margins] 5.39 0.65 2.60 2.59 5.22 0.65  K=2
  verify 4: accepted 1/1 (K=2) + correction -> +2 tokens (123.1 ms)  cpos=681

[spec] generated 8 tokens over 4 verifies: mean tokens/verify = 2.00 (block=6, max 7)
[spec] tokens: 16 2566 515 1119 5827 1438 260 4047
[spec] SPEC-DECODE: 65.8 ms/tok = 15.20 tok/s  (vs base M=1 69.1 ms/tok = 14.46 tok/s -> 1.05x)
[decode] PREFILL: 528 positions in 9501.0 ms = 55.6 tok/s (17.994 ms/tok)
[capture] wrote /home/patrickd/s5-capture/s2/c0/cap/shard_p203_s000528.dspc  528 tok x (3 taps + 1 lm_in) x 4096 = 16.5 MB (32.0 KB/tok)
[probe] wrote 16 draft probes (block=6) to /home/patrickd/s5-capture/s2/c0/cap/drafts_p203_s000528.txt
[spec] decoding 8 tokens (block=6, draft passes=1, adaptK=1.50, prompt=203 s=529)...
  [margins] 14.81 12.14 11.44 5.16 5.00 10.48  K=7
  verify 1: accepted 3/6 (K=7) + correction -> +4 tokens (194.2 ms)  cpos=532
  [margins] 14.75 12.21 11.20 4.79 5.89 9.80  K=7
  verify 2: accepted 3/6 (K=7) + correction -> +4 tokens (195.8 ms)  cpos=536

[spec] generated 8 tokens over 2 verifies: mean tokens/verify = 4.00 (block=6, max 7)
[spec] tokens: 3749 11 3749 11 3749 11 3749 11
[spec] SPEC-DECODE: 48.9 ms/tok = 20.43 tok/s  (vs base M=1 69.1 ms/tok = 14.46 tok/s -> 1.41x)
[decode] PREFILL: 560 positions in 10108.4 ms = 55.4 tok/s (18.051 ms/tok)
[capture] wrote /home/patrickd/s5-capture/s2/c0/cap/shard_p204_s000560.dspc  560 tok x (3 taps + 1 lm_in) x 4096 = 17.5 MB (32.0 KB/tok)
[probe] wrote 16 draft probes (block=6) to /home/patrickd/s5-capture/s2/c0/cap/drafts_p204_s000560.txt
[spec] decoding 8 tokens (block=6, draft passes=1, adaptK=1.50, prompt=204 s=561)...
  [margins] 15.29 16.73 18.31 13.43 14.99 11.38  K=7
  verify 1: accepted 6/6 (K=7) + correction -> +7 tokens (202.9 ms)  cpos=567
  [margins] 17.41 9.12 12.02 9.31 3.44 9.51  K=7
  verify 2: accepted 6/6 (K=7) + correction -> +7 tokens (210.8 ms)  cpos=574

[spec] generated 14 tokens over 2 verifies: mean tokens/verify = 7.00 (block=6, max 7)
[spec] tokens: 305 905 5234 18 9 344 905 5822 19 11892 3749 1048 671 2595
[spec] SPEC-DECODE: 30.1 ms/tok = 33.20 tok/s  (vs base M=1 69.1 ms/tok = 14.46 tok/s -> 2.30x)
[decode] PREFILL: 549 positions in 9910.9 ms = 55.4 tok/s (18.053 ms/tok)
[capture] wrote /home/patrickd/s5-capture/s2/c0/cap/shard_p205_s000549.dspc  549 tok x (3 taps + 1 lm_in) x 4096 = 17.2 MB (32.0 KB/tok)
[probe] wrote 16 draft probes (block=6) to /home/patrickd/s5-capture/s2/c0/cap/drafts_p205_s000549.txt
[spec] decoding 8 tokens (block=6, draft passes=1, adaptK=1.50, prompt=205 s=550)...
  [margins] 11.67 4.61 10.89 14.99 13.69 14.25  K=7
  verify 1: accepted 6/6 (K=7) + correction -> +7 tokens (210.8 ms)  cpos=556
  [margins] 15.65 14.16 11.15 15.32 14.82 11.08  K=7
  verify 2: accepted 6/6 (K=7) + correction -> +7 tokens (202.0 ms)  cpos=563

[spec] generated 14 tokens over 2 verifies: mean tokens/verify = 7.00 (block=6, max 7)
[spec] tokens: 6806 50 4705 51 17136 3533 81 3973 16 4130 86951 16 27585 924
[spec] SPEC-DECODE: 28.9 ms/tok = 34.66 tok/s  (vs base M=1 69.1 ms/tok = 14.46 tok/s -> 2.40x)
[decode] PREFILL: 546 positions in 9855.1 ms = 55.4 tok/s (18.050 ms/tok)
[capture] wrote /home/patrickd/s5-capture/s2/c0/cap/shard_p206_s000546.dspc  546 tok x (3 taps + 1 lm_in) x 4096 = 17.1 MB (32.0 KB/tok)
[probe] wrote 16 draft probes (block=6) to /home/patrickd/s5-capture/s2/c0/cap/drafts_p206_s000546.txt
[spec] decoding 8 tokens (block=6, draft passes=1, adaptK=1.50, prompt=206 s=547)...
  [margins] 4.84 1.28 1.53 2.43 1.03 3.11  K=2
  verify 1: accepted 1/1 (K=2) + correction -> +2 tokens (119.8 ms)  cpos=548
  [margins] 0.08 0.73 2.13 1.64 0.73 1.88  K=2
  verify 2: accepted 1/1 (K=2) + correction -> +2 tokens (113.9 ms)  cpos=550
  [margins] 6.43 0.11 8.43 8.87 2.22 6.48  K=2
  verify 3: accepted 1/1 (K=2) + correction -> +2 tokens (119.2 ms)  cpos=552
  [margins] 1.22 5.39 0.08 5.47 1.43 0.85  K=3
  verify 4: accepted 0/2 (K=3) + correction -> +1 tokens (123.9 ms)  cpos=553
  [margins] 6.65 2.81 4.42 5.02 8.78 6.52  K=7
  verify 5: accepted 6/6 (K=7) + correction -> +7 tokens (202.1 ms)  cpos=560

[spec] generated 14 tokens over 5 verifies: mean tokens/verify = 2.80 (block=6, max 7)
[spec] tokens: 979 671 5793 223 24 24106 223 20 10 20 13 19 11 344
[spec] SPEC-DECODE: 46.6 ms/tok = 21.46 tok/s  (vs base M=1 69.1 ms/tok = 14.46 tok/s -> 1.48x)
[decode] PREFILL: 528 positions in 9502.5 ms = 55.6 tok/s (17.997 ms/tok)
[capture] wrote /home/patrickd/s5-capture/s2/c0/cap/shard_p207_s000528.dspc  528 tok x (3 taps + 1 lm_in) x 4096 = 16.5 MB (32.0 KB/tok)
[probe] wrote 16 draft probes (block=6) to /home/patrickd/s5-capture/s2/c0/cap/drafts_p207_s000528.txt
[spec] decoding 8 tokens (block=6, draft passes=1, adaptK=1.50, prompt=207 s=529)...
  [margins] 3.76 8.77 2.07 1.97 1.88 0.04  K=6
  verify 1: accepted 4/5 (K=6) + correction -> +5 tokens (174.8 ms)  cpos=533
  [margins] 0.58 1.04 0.19 2.61 1.76 1.34  K=2
  verify 2: accepted 0/1 (K=2) + correction -> +1 tokens (113.2 ms)  cpos=534
  [margins] 4.39 1.92 3.99 2.71 1.62 2.50  K=7
  verify 3: accepted 3/6 (K=7) + correction -> +4 tokens (203.7 ms)  cpos=538

[spec] generated 10 tokens over 3 verifies: mean tokens/verify = 3.33 (block=6, max 7)
[spec] tokens: 223 926 14 790 270 8572 304 260 3530 12789
[spec] SPEC-DECODE: 63.4 ms/tok = 15.78 tok/s  (vs base M=1 69.1 ms/tok = 14.46 tok/s -> 1.09x)
[decode] PREFILL: 672 positions in 12252.1 ms = 54.8 tok/s (18.232 ms/tok)
[capture] wrote /home/patrickd/s5-capture/s2/c0/cap/shard_p208_s000672.dspc  672 tok x (3 taps + 1 lm_in) x 4096 = 21.0 MB (32.0 KB/tok)
[probe] wrote 16 draft probes (block=6) to /home/patrickd/s5-capture/s2/c0/cap/drafts_p208_s000672.txt
[spec] decoding 8 tokens (block=6, draft passes=1, adaptK=1.50, prompt=208 s=673)...
  [margins] 9.12 0.08 3.87 0.39 0.40 0.69  K=2
  verify 1: accepted 1/1 (K=2) + correction -> +2 tokens (115.2 ms)  cpos=674
  [margins] 8.81 6.27 0.58 0.28 0.50 0.34  K=3
  verify 2: accepted 2/2 (K=3) + correction -> +3 tokens (137.5 ms)  cpos=677
  [margins] 4.40 1.40 3.60 0.30 0.19 0.20  K=2
  verify 3: accepted 1/1 (K=2) + correction -> +2 tokens (120.5 ms)  cpos=679
  [margins] 10.78 2.30 0.32 0.65 2.15 0.69  K=3
  verify 4: accepted 2/2 (K=3) + correction -> +3 tokens (135.9 ms)  cpos=682

[spec] generated 10 tokens over 4 verifies: mean tokens/verify = 2.50 (block=6, max 7)
[spec] tokens: 305 270 4200 344 16609 603 93343 14 270 4200
[spec] SPEC-DECODE: 49.2 ms/tok = 20.31 tok/s  (vs base M=1 69.1 ms/tok = 14.46 tok/s -> 1.40x)
[decode] PREFILL: 620 positions in 11235.8 ms = 55.2 tok/s (18.122 ms/tok)
[capture] wrote /home/patrickd/s5-capture/s2/c0/cap/shard_p209_s000620.dspc  620 tok x (3 taps + 1 lm_in) x 4096 = 19.4 MB (32.0 KB/tok)
[probe] wrote 16 draft probes (block=6) to /home/patrickd/s5-capture/s2/c0/cap/drafts_p209_s000620.txt
[spec] decoding 8 tokens (block=6, draft passes=1, adaptK=1.50, prompt=209 s=621)...
  [margins] 16.30 7.66 12.13 2.28 8.40 3.44  K=7
  verify 1: accepted 5/6 (K=7) + correction -> +6 tokens (206.4 ms)  cpos=626
  [margins] 12.15 6.34 10.10 1.11 7.02 1.92  K=4
  verify 2: accepted 3/3 (K=4) + correction -> +4 tokens (152.9 ms)  cpos=630

[spec] generated 10 tokens over 2 verifies: mean tokens/verify = 5.00 (block=6, max 7)
[spec] tokens: 3287 344 4654 16 721 1072 14 270 3287 344
[spec] SPEC-DECODE: 38.2 ms/tok = 26.16 tok/s  (vs base M=1 69.1 ms/tok = 14.46 tok/s -> 1.81x)
[decode] PREFILL: 537 positions in 9662.0 ms = 55.6 tok/s (17.993 ms/tok)
[capture] wrote /home/patrickd/s5-capture/s2/c0/cap/shard_p210_s000537.dspc  537 tok x (3 taps + 1 lm_in) x 4096 = 16.8 MB (32.0 KB/tok)
[probe] wrote 16 draft probes (block=6) to /home/patrickd/s5-capture/s2/c0/cap/drafts_p210_s000537.txt
[spec] decoding 8 tokens (block=6, draft passes=1, adaptK=1.50, prompt=210 s=538)...
  [margins] 20.08 10.73 13.90 12.94 12.26 9.80  K=7
  verify 1: accepted 6/6 (K=7) + correction -> +7 tokens (208.8 ms)  cpos=544
  [margins] 15.35 12.15 14.05 15.11 9.69 15.92  K=7
  verify 2: accepted 6/6 (K=7) + correction -> +7 tokens (199.6 ms)  cpos=551

[spec] generated 14 tokens over 2 verifies: mean tokens/verify = 7.00 (block=6, max 7)
[spec] tokens: 1783 270 5004 294 260 2310 16 15361 270 15255 2019 16 9909 1353
[spec] SPEC-DECODE: 28.5 ms/tok = 35.07 tok/s  (vs base M=1 69.1 ms/tok = 14.46 tok/s -> 2.43x)
[decode] PREFILL: 590 positions in 10671.6 ms = 55.3 tok/s (18.087 ms/tok)
[capture] wrote /home/patrickd/s5-capture/s2/c0/cap/shard_p211_s000590.dspc  590 tok x (3 taps + 1 lm_in) x 4096 = 18.4 MB (32.0 KB/tok)
[probe] wrote 16 draft probes (block=6) to /home/patrickd/s5-capture/s2/c0/cap/drafts_p211_s000590.txt
[spec] decoding 8 tokens (block=6, draft passes=1, adaptK=1.50, prompt=211 s=591)...
  [margins] 14.07 12.88 5.98 16.73 8.93 1.50  K=7
  verify 1: accepted 5/6 (K=7) + correction -> +6 tokens (209.9 ms)  cpos=596
  [margins] 17.16 9.05 7.62 11.28 1.07 0.18  K=5
  verify 2: accepted 4/4 (K=5) + correction -> +5 tokens (161.4 ms)  cpos=601

[spec] generated 11 tokens over 2 verifies: mean tokens/verify = 5.50 (block=6, max 7)
[spec] tokens: 1354 1529 223 204 201 204 201 3465 126498 26365 2382
[spec] SPEC-DECODE: 32.3 ms/tok = 30.97 tok/s  (vs base M=1 69.1 ms/tok = 14.46 tok/s -> 2.14x)
[decode] PREFILL: 877 positions in 16234.6 ms = 54.0 tok/s (18.511 ms/tok)
[capture] wrote /home/patrickd/s5-capture/s2/c0/cap/shard_p212_s000877.dspc  877 tok x (3 taps + 1 lm_in) x 4096 = 27.4 MB (32.0 KB/tok)
[probe] wrote 16 draft probes (block=6) to /home/patrickd/s5-capture/s2/c0/cap/drafts_p212_s000877.txt
[spec] decoding 8 tokens (block=6, draft passes=1, adaptK=1.50, prompt=212 s=878)...
  [margins] 14.86 8.72 8.80 6.42 4.87 4.89  K=7
  verify 1: accepted 6/6 (K=7) + correction -> +7 tokens (225.6 ms)  cpos=884
  [margins] 7.08 14.62 11.57 7.77 10.66 5.66  K=7
  verify 2: accepted 6/6 (K=7) + correction -> +7 tokens (217.7 ms)  cpos=891

[spec] generated 14 tokens over 2 verifies: mean tokens/verify = 7.00 (block=6, max 7)
[spec] tokens: 554 1960 1528 3514 223 792 20 14 305 362 270 59383 62471 295
[spec] SPEC-DECODE: 31.1 ms/tok = 32.15 tok/s  (vs base M=1 69.1 ms/tok = 14.46 tok/s -> 2.22x)
[decode] PREFILL: 1794 positions in 35747.2 ms = 50.2 tok/s (19.926 ms/tok)
[capture] wrote /home/patrickd/s5-capture/s2/c0/cap/shard_p213_s001794.dspc  1794 tok x (3 taps + 1 lm_in) x 4096 = 56.1 MB (32.0 KB/tok)
[probe] wrote 16 draft probes (block=6) to /home/patrickd/s5-capture/s2/c0/cap/drafts_p213_s001794.txt
[spec] decoding 8 tokens (block=6, draft passes=1, adaptK=1.50, prompt=213 s=1795)...
  [margins] 12.23 4.28 7.31 10.85 18.90 8.33  K=7
  verify 1: accepted 6/6 (K=7) + correction -> +7 tokens (269.1 ms)  cpos=1801
  [margins] 14.62 12.27 13.72 13.19 10.45 0.11  K=6
  verify 2: accepted 5/5 (K=6) + correction -> +6 tokens (232.6 ms)  cpos=1807

[spec] generated 13 tokens over 2 verifies: mean tokens/verify = 6.50 (block=6, max 7)
[spec] tokens: 643 19 14 51278 6870 305 39450 1811 418 2009 96974 19678 305
[spec] SPEC-DECODE: 38.8 ms/tok = 25.79 tok/s  (vs base M=1 69.1 ms/tok = 14.46 tok/s -> 1.78x)
[decode] PREFILL: 663 positions in 12094.3 ms = 54.8 tok/s (18.242 ms/tok)
[capture] wrote /home/patrickd/s5-capture/s2/c0/cap/shard_p214_s000663.dspc  663 tok x (3 taps + 1 lm_in) x 4096 = 20.7 MB (32.0 KB/tok)
[probe] wrote 16 draft probes (block=6) to /home/patrickd/s5-capture/s2/c0/cap/drafts_p214_s000663.txt
[spec] decoding 8 tokens (block=6, draft passes=1, adaptK=1.50, prompt=214 s=664)...
  [margins] 3.23 1.35 7.08 2.50 0.51 4.54  K=2
  verify 1: accepted 1/1 (K=2) + correction -> +2 tokens (123.4 ms)  cpos=665
  [margins] 8.61 9.59 1.51 4.32 1.63 0.89  K=6
  verify 2: accepted 4/5 (K=6) + correction -> +5 tokens (183.8 ms)  cpos=670
  [margins] 4.21 6.03 5.31 2.34 1.76 0.30  K=6
  verify 3: accepted 1/5 (K=6) + correction -> +2 tokens (186.0 ms)  cpos=672

[spec] generated 9 tokens over 3 verifies: mean tokens/verify = 3.00 (block=6, max 7)
[spec] tokens: 1114 3644 7627 47 339 795 7961 343 51268
[spec] SPEC-DECODE: 52.8 ms/tok = 18.93 tok/s  (vs base M=1 69.1 ms/tok = 14.46 tok/s -> 1.31x)
[decode] PREFILL: 536 positions in 9659.8 ms = 55.5 tok/s (18.022 ms/tok)
[capture] wrote /home/patrickd/s5-capture/s2/c0/cap/shard_p215_s000536.dspc  536 tok x (3 taps + 1 lm_in) x 4096 = 16.8 MB (32.0 KB/tok)
[probe] wrote 16 draft probes (block=6) to /home/patrickd/s5-capture/s2/c0/cap/drafts_p215_s000536.txt
[spec] decoding 8 tokens (block=6, draft passes=1, adaptK=1.50, prompt=215 s=537)...
  [margins] 3.51 6.32 7.74 5.89 10.12 8.11  K=7
  verify 1: accepted 0/6 (K=7) + correction -> +1 tokens (203.2 ms)  cpos=537
  [margins] 14.42 13.75 13.34 12.93 0.23 8.11  K=5
  verify 2: accepted 4/4 (K=5) + correction -> +5 tokens (163.2 ms)  cpos=542
  [margins] 17.11 12.75 14.56 7.83 1.52 0.53  K=6
  verify 3: accepted 4/5 (K=6) + correction -> +5 tokens (187.3 ms)  cpos=547

[spec] generated 11 tokens over 3 verifies: mean tokens/verify = 3.67 (block=6, max 7)
[spec] tokens: 28 1351 1178 85708 7164 2605 1354 2310 7164 11 1
[spec] SPEC-DECODE: 35.1 ms/tok = 28.53 tok/s  (vs base M=1 69.1 ms/tok = 14.46 tok/s -> 1.97x)
[decode] PREFILL: 536 positions in 9671.7 ms = 55.4 tok/s (18.044 ms/tok)
[capture] wrote /home/patrickd/s5-capture/s2/c0/cap/shard_p216_s000536.dspc  536 tok x (3 taps + 1 lm_in) x 4096 = 16.8 MB (32.0 KB/tok)
[probe] wrote 16 draft probes (block=6) to /home/patrickd/s5-capture/s2/c0/cap/drafts_p216_s000536.txt
[spec] decoding 8 tokens (block=6, draft passes=1, adaptK=1.50, prompt=216 s=537)...
  [margins] 12.14 16.42 10.93 7.56 8.22 7.94  K=7
  verify 1: accepted 6/6 (K=7) + correction -> +7 tokens (204.0 ms)  cpos=543
  [margins] 15.29 15.22 16.54 16.87 13.60 6.68  K=7
  verify 2: accepted 6/6 (K=7) + correction -> +7 tokens (211.8 ms)  cpos=550

[spec] generated 14 tokens over 2 verifies: mean tokens/verify = 7.00 (block=6, max 7)
[spec] tokens: 295 260 6219 305 57600 5392 16 455 2019 344 8281 305 1918 554
[spec] SPEC-DECODE: 30.3 ms/tok = 33.05 tok/s  (vs base M=1 69.1 ms/tok = 14.46 tok/s -> 2.29x)
[decode] PREFILL: 672 positions in 12253.6 ms = 54.8 tok/s (18.235 ms/tok)
[capture] wrote /home/patrickd/s5-capture/s2/c0/cap/shard_p217_s000672.dspc  672 tok x (3 taps + 1 lm_in) x 4096 = 21.0 MB (32.0 KB/tok)
[probe] wrote 16 draft probes (block=6) to /home/patrickd/s5-capture/s2/c0/cap/drafts_p217_s000672.txt
[spec] decoding 8 tokens (block=6, draft passes=1, adaptK=1.50, prompt=217 s=673)...
  [margins] 18.74 12.03 15.63 4.76 11.16 8.76  K=7
  verify 1: accepted 6/6 (K=7) + correction -> +7 tokens (206.0 ms)  cpos=679
  [margins] 10.72 19.37 11.83 15.56 11.80 9.31  K=7
  verify 2: accepted 6/6 (K=7) + correction -> +7 tokens (212.6 ms)  cpos=686

[spec] generated 14 tokens over 2 verifies: mean tokens/verify = 7.00 (block=6, max 7)
[spec] tokens: 5891 10558 5258 16 61561 85 16 9205 5317 16 12521 5348 61096 7584
[spec] SPEC-DECODE: 30.4 ms/tok = 32.92 tok/s  (vs base M=1 69.1 ms/tok = 14.46 tok/s -> 2.28x)
[decode] PREFILL: 673 positions in 12301.8 ms = 54.7 tok/s (18.279 ms/tok)
[capture] wrote /home/patrickd/s5-capture/s2/c0/cap/shard_p218_s000673.dspc  673 tok x (3 taps + 1 lm_in) x 4096 = 21.0 MB (32.0 KB/tok)
[probe] wrote 16 draft probes (block=6) to /home/patrickd/s5-capture/s2/c0/cap/drafts_p218_s000673.txt
[spec] decoding 8 tokens (block=6, draft passes=1, adaptK=1.50, prompt=218 s=674)...
  [margins] 0.79 0.06 3.44 6.92 0.72 0.65  K=2
  verify 1: accepted 0/1 (K=2) + correction -> +1 tokens (114.3 ms)  cpos=674
  [margins] 2.38 9.54 0.69 4.00 1.35 2.99  K=3
  verify 2: accepted 2/2 (K=3) + correction -> +3 tokens (135.8 ms)  cpos=677
  [margins] 5.51 5.57 0.99 6.50 0.85 2.65  K=3
  verify 3: accepted 2/2 (K=3) + correction -> +3 tokens (136.3 ms)  cpos=680
  [margins] 8.13 1.01 3.86 1.11 6.25 0.47  K=2
  verify 4: accepted 1/1 (K=2) + correction -> +2 tokens (118.6 ms)  cpos=682

[spec] generated 9 tokens over 4 verifies: mean tokens/verify = 2.25 (block=6, max 7)
[spec] tokens: 32658 7769 2757 305 5831 3525 4474 16 2359
[spec] SPEC-DECODE: 48.8 ms/tok = 20.48 tok/s  (vs base M=1 69.1 ms/tok = 14.46 tok/s -> 1.42x)
[decode] PREFILL: 1355 positions in 26063.0 ms = 52.0 tok/s (19.235 ms/tok)
[capture] wrote /home/patrickd/s5-capture/s2/c0/cap/shard_p219_s001355.dspc  1355 tok x (3 taps + 1 lm_in) x 4096 = 42.3 MB (32.0 KB/tok)
[probe] wrote 16 draft probes (block=6) to /home/patrickd/s5-capture/s2/c0/cap/drafts_p219_s001355.txt
[spec] decoding 8 tokens (block=6, draft passes=1, adaptK=1.50, prompt=219 s=1356)...
  [margins] 13.37 8.78 14.64 8.13 14.03 7.03  K=7
  verify 1: accepted 6/6 (K=7) + correction -> +7 tokens (235.5 ms)  cpos=1362
  [margins] 9.16 15.13 8.65 14.46 8.02 13.84  K=7
  verify 2: accepted 6/6 (K=7) + correction -> +7 tokens (234.2 ms)  cpos=1369

[spec] generated 14 tokens over 2 verifies: mean tokens/verify = 7.00 (block=6, max 7)
[spec] tokens: 61561 16 61561 16 61561 16 61561 16 61561 16 61561 16 61561 16
[spec] SPEC-DECODE: 33.5 ms/tok = 29.89 tok/s  (vs base M=1 69.1 ms/tok = 14.46 tok/s -> 2.07x)
[decode] PREFILL: 528 positions in 9505.8 ms = 55.5 tok/s (18.003 ms/tok)
[capture] wrote /home/patrickd/s5-capture/s2/c0/cap/shard_p220_s000528.dspc  528 tok x (3 taps + 1 lm_in) x 4096 = 16.5 MB (32.0 KB/tok)
[probe] wrote 16 draft probes (block=6) to /home/patrickd/s5-capture/s2/c0/cap/drafts_p220_s000528.txt
[spec] decoding 8 tokens (block=6, draft passes=1, adaptK=1.50, prompt=220 s=529)...
  [margins] 13.39 9.31 3.30 2.46 0.97 1.59  K=5
  verify 1: accepted 4/4 (K=5) + correction -> +5 tokens (161.3 ms)  cpos=533
  [margins] 6.51 10.57 13.28 9.93 0.57 5.86  K=5
  verify 2: accepted 4/4 (K=5) + correction -> +5 tokens (162.4 ms)  cpos=538

[spec] generated 10 tokens over 2 verifies: mean tokens/verify = 5.00 (block=6, max 7)
[spec] tokens: 18586 3109 477 2405 362 260 57259 21289 305 611
[spec] SPEC-DECODE: 32.5 ms/tok = 30.79 tok/s  (vs base M=1 69.1 ms/tok = 14.46 tok/s -> 2.13x)
[decode] PREFILL: 526 positions in 9470.4 ms = 55.5 tok/s (18.004 ms/tok)
[capture] wrote /home/patrickd/s5-capture/s2/c0/cap/shard_p221_s000526.dspc  526 tok x (3 taps + 1 lm_in) x 4096 = 16.4 MB (32.0 KB/tok)
[probe] wrote 16 draft probes (block=6) to /home/patrickd/s5-capture/s2/c0/cap/drafts_p221_s000526.txt
[spec] decoding 8 tokens (block=6, draft passes=1, adaptK=1.50, prompt=221 s=527)...
  [margins] 11.12 3.46 5.81 2.07 0.62 0.84  K=5
  verify 1: accepted 4/4 (K=5) + correction -> +5 tokens (160.9 ms)  cpos=531
  [margins] 0.03 6.38 4.44 0.09 3.38 2.69  K=4
  verify 2: accepted 3/3 (K=4) + correction -> +4 tokens (141.8 ms)  cpos=535

[spec] generated 9 tokens over 2 verifies: mean tokens/verify = 4.50 (block=6, max 7)
[spec] tokens: 16 455 27736 2231 3287 509 3396 223 1683
[spec] SPEC-DECODE: 35.5 ms/tok = 28.20 tok/s  (vs base M=1 69.1 ms/tok = 14.46 tok/s -> 1.95x)
[decode] PREFILL: 674 positions in 12310.5 ms = 54.7 tok/s (18.265 ms/tok)
[capture] wrote /home/patrickd/s5-capture/s2/c0/cap/shard_p222_s000674.dspc  674 tok x (3 taps + 1 lm_in) x 4096 = 21.1 MB (32.0 KB/tok)
[probe] wrote 16 draft probes (block=6) to /home/patrickd/s5-capture/s2/c0/cap/drafts_p222_s000674.txt
[spec] decoding 8 tokens (block=6, draft passes=1, adaptK=1.50, prompt=222 s=675)...
  [margins] 17.95 17.80 12.77 13.51 7.98 8.41  K=7
  verify 1: accepted 6/6 (K=7) + correction -> +7 tokens (214.8 ms)  cpos=681
  [margins] 15.27 12.85 7.26 11.12 12.93 9.72  K=7
  verify 2: accepted 6/6 (K=7) + correction -> +7 tokens (213.4 ms)  cpos=688

[spec] generated 14 tokens over 2 verifies: mean tokens/verify = 7.00 (block=6, max 7)
[spec] tokens: 710 995 6033 1440 16 223 18 16 23 29 468 515 260 3292
[spec] SPEC-DECODE: 30.5 ms/tok = 32.80 tok/s  (vs base M=1 69.1 ms/tok = 14.46 tok/s -> 2.27x)
[decode] PREFILL: 534 positions in 9628.0 ms = 55.5 tok/s (18.030 ms/tok)
[capture] wrote /home/patrickd/s5-capture/s2/c0/cap/shard_p223_s000534.dspc  534 tok x (3 taps + 1 lm_in) x 4096 = 16.7 MB (32.0 KB/tok)
[probe] wrote 16 draft probes (block=6) to /home/patrickd/s5-capture/s2/c0/cap/drafts_p223_s000534.txt
[spec] decoding 8 tokens (block=6, draft passes=1, adaptK=1.50, prompt=223 s=535)...
  [margins] 20.70 12.64 17.36 18.87 10.89 11.66  K=7
  verify 1: accepted 6/6 (K=7) + correction -> +7 tokens (207.7 ms)  cpos=541
  [margins] 18.86 10.28 9.49 18.67 14.84 14.21  K=7
  verify 2: accepted 6/6 (K=7) + correction -> +7 tokens (204.1 ms)  cpos=548

[spec] generated 14 tokens over 2 verifies: mean tokens/verify = 7.00 (block=6, max 7)
[spec] tokens: 82 9636 77 19 16 1366 7562 67 16 7684 82 9636 84 19
[spec] SPEC-DECODE: 29.2 ms/tok = 34.30 tok/s  (vs base M=1 69.1 ms/tok = 14.46 tok/s -> 2.37x)
[decode] PREFILL: 561 positions in 10146.6 ms = 55.3 tok/s (18.087 ms/tok)
[capture] wrote /home/patrickd/s5-capture/s2/c0/cap/shard_p224_s000561.dspc  561 tok x (3 taps + 1 lm_in) x 4096 = 17.5 MB (32.0 KB/tok)
[probe] wrote 16 draft probes (block=6) to /home/patrickd/s5-capture/s2/c0/cap/drafts_p224_s000561.txt
[spec] decoding 8 tokens (block=6, draft passes=1, adaptK=1.50, prompt=224 s=562)...
  [margins] 15.25 10.76 10.09 13.08 5.36 14.54  K=7
  verify 1: accepted 6/6 (K=7) + correction -> +7 tokens (205.8 ms)  cpos=568
  [margins] 14.62 17.08 7.43 14.20 13.12 6.59  K=7
  verify 2: accepted 6/6 (K=7) + correction -> +7 tokens (199.3 ms)  cpos=575

[spec] generated 14 tokens over 2 verifies: mean tokens/verify = 7.00 (block=6, max 7)
[spec] tokens: 4707 4 11082 70 95 4707 4 11082 70 95 4707 4 11082 70
[spec] SPEC-DECODE: 28.5 ms/tok = 35.12 tok/s  (vs base M=1 69.1 ms/tok = 14.46 tok/s -> 2.43x)
[decode] PREFILL: 630 positions in 11434.7 ms = 55.1 tok/s (18.150 ms/tok)
[capture] wrote /home/patrickd/s5-capture/s2/c0/cap/shard_p225_s000630.dspc  630 tok x (3 taps + 1 lm_in) x 4096 = 19.7 MB (32.0 KB/tok)
[probe] wrote 16 draft probes (block=6) to /home/patrickd/s5-capture/s2/c0/cap/drafts_p225_s000630.txt
[spec] decoding 8 tokens (block=6, draft passes=1, adaptK=1.50, prompt=225 s=631)...
  [margins] 13.65 9.02 2.96 1.09 3.36 1.36  K=4
  verify 1: accepted 2/3 (K=4) + correction -> +3 tokens (149.9 ms)  cpos=633
  [margins] 16.08 6.79 14.14 8.35 3.09 0.49  K=6
  verify 2: accepted 4/5 (K=6) + correction -> +5 tokens (179.5 ms)  cpos=638

[spec] generated 8 tokens over 2 verifies: mean tokens/verify = 4.00 (block=6, max 7)
[spec] tokens: 9045 778 4105 440 1114 1926 305 418
[spec] SPEC-DECODE: 35.9 ms/tok = 27.86 tok/s  (vs base M=1 69.1 ms/tok = 14.46 tok/s -> 1.93x)
[decode] PREFILL: 672 positions in 12253.9 ms = 54.8 tok/s (18.235 ms/tok)
[capture] wrote /home/patrickd/s5-capture/s2/c0/cap/shard_p226_s000672.dspc  672 tok x (3 taps + 1 lm_in) x 4096 = 21.0 MB (32.0 KB/tok)
[probe] wrote 16 draft probes (block=6) to /home/patrickd/s5-capture/s2/c0/cap/drafts_p226_s000672.txt
[spec] decoding 8 tokens (block=6, draft passes=1, adaptK=1.50, prompt=226 s=673)...
  [margins] 5.88 8.51 2.55 2.97 0.93 0.11  K=5
  verify 1: accepted 2/4 (K=5) + correction -> +3 tokens (160.1 ms)  cpos=675
  [margins] 3.38 2.13 2.55 0.48 1.34 0.09  K=4
  verify 2: accepted 0/3 (K=4) + correction -> +1 tokens (146.3 ms)  cpos=676
  [margins] 6.25 1.21 0.36 0.89 0.90 0.93  K=2
  verify 3: accepted 1/1 (K=2) + correction -> +2 tokens (117.6 ms)  cpos=678
  [margins] 2.84 2.78 1.69 1.39 3.84 3.57  K=4
  verify 4: accepted 0/3 (K=4) + correction -> +1 tokens (148.2 ms)  cpos=679
  [margins] 0.19 6.29 1.42 1.22 0.23 0.45  K=3
  verify 5: accepted 0/2 (K=3) + correction -> +1 tokens (137.8 ms)  cpos=680

[spec] generated 8 tokens over 5 verifies: mean tokens/verify = 1.60 (block=6, max 7)
[spec] tokens: 6033 396 566 14115 515 554 260 49743
[spec] SPEC-DECODE: 110.0 ms/tok = 9.09 tok/s  (vs base M=1 69.1 ms/tok = 14.46 tok/s -> 0.63x)
[decode] PREFILL: 605 positions in 10952.6 ms = 55.2 tok/s (18.103 ms/tok)
[capture] wrote /home/patrickd/s5-capture/s2/c0/cap/shard_p227_s000605.dspc  605 tok x (3 taps + 1 lm_in) x 4096 = 18.9 MB (32.0 KB/tok)
[probe] wrote 16 draft probes (block=6) to /home/patrickd/s5-capture/s2/c0/cap/drafts_p227_s000605.txt
[spec] decoding 8 tokens (block=6, draft passes=1, adaptK=1.50, prompt=227 s=606)...
  [margins] 0.48 3.62 0.12 0.95 0.70 2.40  K=3
  verify 1: accepted 0/2 (K=3) + correction -> +1 tokens (136.5 ms)  cpos=606
  [margins] 0.07 0.99 6.68 5.29 5.48 5.30  K=2
  verify 2: accepted 1/1 (K=2) + correction -> +2 tokens (122.1 ms)  cpos=608
  [margins] 0.92 5.38 8.85 5.68 9.33 5.50  K=7
  verify 3: accepted 6/6 (K=7) + correction -> +7 tokens (208.2 ms)  cpos=615

[spec] generated 10 tokens over 3 verifies: mean tokens/verify = 3.33 (block=6, max 7)
[spec] tokens: 5118 344 554 10166 16 342 759 2501 396 270
[spec] SPEC-DECODE: 36.7 ms/tok = 27.25 tok/s  (vs base M=1 69.1 ms/tok = 14.46 tok/s -> 1.88x)
[decode] PREFILL: 525 positions in 9444.4 ms = 55.6 tok/s (17.989 ms/tok)
[capture] wrote /home/patrickd/s5-capture/s2/c0/cap/shard_p228_s000525.dspc  525 tok x (3 taps + 1 lm_in) x 4096 = 16.4 MB (32.0 KB/tok)
[probe] wrote 16 draft probes (block=6) to /home/patrickd/s5-capture/s2/c0/cap/drafts_p228_s000525.txt
[spec] decoding 8 tokens (block=6, draft passes=1, adaptK=1.50, prompt=228 s=526)...
  [margins] 11.84 13.98 16.99 9.17 4.00 4.19  K=7
  verify 1: accepted 5/6 (K=7) + correction -> +6 tokens (210.8 ms)  cpos=531
  [margins] 16.25 13.82 7.67 12.93 7.69 0.88  K=6
  verify 2: accepted 5/5 (K=6) + correction -> +6 tokens (185.9 ms)  cpos=537

[spec] generated 12 tokens over 2 verifies: mean tokens/verify = 6.00 (block=6, max 7)
[spec] tokens: 112203 4936 294 35006 14 14191 11548 14 7537 14 305 13394
[spec] SPEC-DECODE: 31.0 ms/tok = 32.27 tok/s  (vs base M=1 69.1 ms/tok = 14.46 tok/s -> 2.23x)
[decode] PREFILL: 672 positions in 12265.0 ms = 54.8 tok/s (18.252 ms/tok)
[capture] wrote /home/patrickd/s5-capture/s2/c0/cap/shard_p229_s000672.dspc  672 tok x (3 taps + 1 lm_in) x 4096 = 21.0 MB (32.0 KB/tok)
[probe] wrote 16 draft probes (block=6) to /home/patrickd/s5-capture/s2/c0/cap/drafts_p229_s000672.txt
[spec] decoding 8 tokens (block=6, draft passes=1, adaptK=1.50, prompt=229 s=673)...
  [margins] 1.07 1.81 1.59 3.64 1.44 0.38  K=5
  verify 1: accepted 0/4 (K=5) + correction -> +1 tokens (160.7 ms)  cpos=673
  [margins] 7.80 3.10 0.99 3.74 0.28 0.29  K=3
  verify 2: accepted 1/2 (K=3) + correction -> +2 tokens (137.9 ms)  cpos=675
  [margins] 1.53 0.65 1.10 2.42 1.51 5.55  K=2
  verify 3: accepted 1/1 (K=2) + correction -> +2 tokens (123.6 ms)  cpos=677
  [margins] 4.88 5.00 3.84 5.10 4.43 4.37  K=7
  verify 4: accepted 6/6 (K=7) + correction -> +7 tokens (214.6 ms)  cpos=684

[spec] generated 12 tokens over 4 verifies: mean tokens/verify = 3.00 (block=6, max 7)
[spec] tokens: 14 790 579 5922 1178 1407 566 3672 603 78594 28 343
[spec] SPEC-DECODE: 43.3 ms/tok = 23.10 tok/s  (vs base M=1 69.1 ms/tok = 14.46 tok/s -> 1.60x)
[decode] PREFILL: 539 positions in 9716.7 ms = 55.5 tok/s (18.027 ms/tok)
[capture] wrote /home/patrickd/s5-capture/s2/c0/cap/shard_p230_s000539.dspc  539 tok x (3 taps + 1 lm_in) x 4096 = 16.8 MB (32.0 KB/tok)
[probe] wrote 16 draft probes (block=6) to /home/patrickd/s5-capture/s2/c0/cap/drafts_p230_s000539.txt
[spec] decoding 8 tokens (block=6, draft passes=1, adaptK=1.50, prompt=230 s=540)...
  [margins] 3.11 6.78 1.32 1.53 0.34 0.32  K=3
  verify 1: accepted 2/2 (K=3) + correction -> +3 tokens (131.0 ms)  cpos=542
  [margins] 10.07 4.69 5.73 0.30 1.03 4.25  K=4
  verify 2: accepted 2/3 (K=4) + correction -> +3 tokens (143.9 ms)  cpos=545
  [margins] 4.55 0.11 0.77 0.21 0.19 0.15  K=2
  verify 3: accepted 0/1 (K=2) + correction -> +1 tokens (112.0 ms)  cpos=546
  [margins] 2.10 2.19 0.32 0.33 2.14 1.50  K=3
  verify 4: accepted 0/2 (K=3) + correction -> +1 tokens (130.6 ms)  cpos=547

[spec] generated 8 tokens over 4 verifies: mean tokens/verify = 2.00 (block=6, max 7)
[spec] tokens: 5903 11819 15855 16 119521 44898 33606 5497
[spec] SPEC-DECODE: 77.3 ms/tok = 12.93 tok/s  (vs base M=1 69.1 ms/tok = 14.46 tok/s -> 0.89x)
[decode] PREFILL: 672 positions in 12256.8 ms = 54.8 tok/s (18.239 ms/tok)
[capture] wrote /home/patrickd/s5-capture/s2/c0/cap/shard_p231_s000672.dspc  672 tok x (3 taps + 1 lm_in) x 4096 = 21.0 MB (32.0 KB/tok)
[probe] wrote 16 draft probes (block=6) to /home/patrickd/s5-capture/s2/c0/cap/drafts_p231_s000672.txt
[spec] decoding 8 tokens (block=6, draft passes=1, adaptK=1.50, prompt=231 s=673)...
  [margins] 7.48 1.00 0.09 2.62 1.03 0.30  K=2
  verify 1: accepted 1/1 (K=2) + correction -> +2 tokens (119.6 ms)  cpos=674
  [margins] 0.05 0.33 1.96 0.88 0.90 4.73  K=2
  verify 2: accepted 1/1 (K=2) + correction -> +2 tokens (124.3 ms)  cpos=676
  [margins] 0.59 8.58 7.25 2.98 0.12 1.62  K=5
  verify 3: accepted 4/4 (K=5) + correction -> +5 tokens (160.4 ms)  cpos=681

[spec] generated 9 tokens over 3 verifies: mean tokens/verify = 3.00 (block=6, max 7)
[spec] tokens: 440 16 342 4571 6440 9234 295 270 11730
[spec] SPEC-DECODE: 40.7 ms/tok = 24.59 tok/s  (vs base M=1 69.1 ms/tok = 14.46 tok/s -> 1.70x)
[decode] PREFILL: 584 positions in 10568.6 ms = 55.3 tok/s (18.097 ms/tok)
[capture] wrote /home/patrickd/s5-capture/s2/c0/cap/shard_p232_s000584.dspc  584 tok x (3 taps + 1 lm_in) x 4096 = 18.3 MB (32.0 KB/tok)
[probe] wrote 16 draft probes (block=6) to /home/patrickd/s5-capture/s2/c0/cap/drafts_p232_s000584.txt
[spec] decoding 8 tokens (block=6, draft passes=1, adaptK=1.50, prompt=232 s=585)...
  [margins] 16.16 10.38 13.22 14.52 11.03 15.30  K=7
  verify 1: accepted 6/6 (K=7) + correction -> +7 tokens (195.2 ms)  cpos=591
  [margins] 10.29 12.98 15.37 10.78 14.40 1.91  K=7
  verify 2: accepted 6/6 (K=7) + correction -> +7 tokens (200.7 ms)  cpos=598

[spec] generated 14 tokens over 2 verifies: mean tokens/verify = 7.00 (block=6, max 7)
[spec] tokens: 88 16 16374 88 16 16374 88 16 16374 88 16 16374 88 16
[spec] SPEC-DECODE: 28.7 ms/tok = 34.88 tok/s  (vs base M=1 69.1 ms/tok = 14.46 tok/s -> 2.41x)
[decode] PREFILL: 529 positions in 9537.0 ms = 55.5 tok/s (18.028 ms/tok)
[capture] wrote /home/patrickd/s5-capture/s2/c0/cap/shard_p233_s000529.dspc  529 tok x (3 taps + 1 lm_in) x 4096 = 16.5 MB (32.0 KB/tok)
[probe] wrote 16 draft probes (block=6) to /home/patrickd/s5-capture/s2/c0/cap/drafts_p233_s000529.txt
[spec] decoding 8 tokens (block=6, draft passes=1, adaptK=1.50, prompt=233 s=530)...
  [margins] 5.98 11.25 8.77 8.22 10.41 1.89  K=7
  verify 1: accepted 5/6 (K=7) + correction -> +6 tokens (209.2 ms)  cpos=535
  [margins] 16.05 14.89 14.12 12.01 11.36 1.66  K=7
  verify 2: accepted 6/6 (K=7) + correction -> +7 tokens (210.0 ms)  cpos=542

[spec] generated 13 tokens over 2 verifies: mean tokens/verify = 6.50 (block=6, max 7)
[spec] tokens: 2755 11687 696 579 1277 304 12767 2900 63053 20193 295 270 8012
[spec] SPEC-DECODE: 30.0 ms/tok = 33.34 tok/s  (vs base M=1 69.1 ms/tok = 14.46 tok/s -> 2.31x)
[decode] PREFILL: 528 positions in 9497.7 ms = 55.6 tok/s (17.988 ms/tok)
[capture] wrote /home/patrickd/s5-capture/s2/c0/cap/shard_p234_s000528.dspc  528 tok x (3 taps + 1 lm_in) x 4096 = 16.5 MB (32.0 KB/tok)
[probe] wrote 16 draft probes (block=6) to /home/patrickd/s5-capture/s2/c0/cap/drafts_p234_s000528.txt
[spec] decoding 8 tokens (block=6, draft passes=1, adaptK=1.50, prompt=234 s=529)...
  [margins] 14.15 18.28 14.26 16.50 14.66 13.15  K=7
  verify 1: accepted 6/6 (K=7) + correction -> +7 tokens (197.8 ms)  cpos=535
  [margins] 17.18 13.72 15.42 15.93 13.54 0.32  K=6
  verify 2: accepted 5/5 (K=6) + correction -> +6 tokens (183.6 ms)  cpos=541

[spec] generated 13 tokens over 2 verifies: mean tokens/verify = 6.50 (block=6, max 7)
[spec] tokens: 10862 201 81 11249 201 81 10969 201 81 6970 201 81 10410
[spec] SPEC-DECODE: 30.6 ms/tok = 32.68 tok/s  (vs base M=1 69.1 ms/tok = 14.46 tok/s -> 2.26x)
[decode] PREFILL: 1023 positions in 19180.8 ms = 53.3 tok/s (18.750 ms/tok)
[capture] wrote /home/patrickd/s5-capture/s2/c0/cap/shard_p235_s001023.dspc  1023 tok x (3 taps + 1 lm_in) x 4096 = 32.0 MB (32.0 KB/tok)
[probe] wrote 16 draft probes (block=6) to /home/patrickd/s5-capture/s2/c0/cap/drafts_p235_s001023.txt
[spec] decoding 8 tokens (block=6, draft passes=1, adaptK=1.50, prompt=235 s=1024)...
  [margins] 13.99 7.63 8.11 11.20 1.43 0.12  K=5
  verify 1: accepted 4/4 (K=5) + correction -> +5 tokens (225.4 ms)  cpos=1028
  [margins] 8.93 7.70 10.10 0.82 0.79 4.88  K=4
  verify 2: accepted 3/3 (K=4) + correction -> +4 tokens (163.5 ms)  cpos=1032

[spec] generated 9 tokens over 2 verifies: mean tokens/verify = 4.50 (block=6, max 7)
[spec] tokens: 56444 339 36 28 455 12047 344 1353 14996
[spec] SPEC-DECODE: 40.9 ms/tok = 24.46 tok/s  (vs base M=1 69.1 ms/tok = 14.46 tok/s -> 1.69x)
[decode] PREFILL: 569 positions in 10280.4 ms = 55.3 tok/s (18.067 ms/tok)
[capture] wrote /home/patrickd/s5-capture/s2/c0/cap/shard_p236_s000569.dspc  569 tok x (3 taps + 1 lm_in) x 4096 = 17.8 MB (32.0 KB/tok)
[probe] wrote 16 draft probes (block=6) to /home/patrickd/s5-capture/s2/c0/cap/drafts_p236_s000569.txt
[spec] decoding 8 tokens (block=6, draft passes=1, adaptK=1.50, prompt=236 s=570)...
  [margins] 14.63 10.18 8.84 8.75 5.35 7.54  K=7
  verify 1: accepted 6/6 (K=7) + correction -> +7 tokens (209.3 ms)  cpos=576
  [margins] 8.07 11.50 7.79 6.83 4.14 5.68  K=7
  verify 2: accepted 6/6 (K=7) + correction -> +7 tokens (205.9 ms)  cpos=583

[spec] generated 14 tokens over 2 verifies: mean tokens/verify = 7.00 (block=6, max 7)
[spec] tokens: 2052 270 3452 8572 6026 223 22 4343 14 1205 344 270 3452 6520
[spec] SPEC-DECODE: 29.4 ms/tok = 34.00 tok/s  (vs base M=1 69.1 ms/tok = 14.46 tok/s -> 2.35x)
[decode] PREFILL: 605 positions in 10943.8 ms = 55.3 tok/s (18.089 ms/tok)
[capture] wrote /home/patrickd/s5-capture/s2/c0/cap/shard_p237_s000605.dspc  605 tok x (3 taps + 1 lm_in) x 4096 = 18.9 MB (32.0 KB/tok)
[probe] wrote 16 draft probes (block=6) to /home/patrickd/s5-capture/s2/c0/cap/drafts_p237_s000605.txt
[spec] decoding 8 tokens (block=6, draft passes=1, adaptK=1.50, prompt=237 s=606)...
  [margins] 11.74 13.30 8.73 11.36 8.11 10.64  K=7
  verify 1: accepted 6/6 (K=7) + correction -> +7 tokens (205.4 ms)  cpos=612
  [margins] 10.29 6.52 12.62 7.43 10.45 6.47  K=7
  verify 2: accepted 6/6 (K=7) + correction -> +7 tokens (194.9 ms)  cpos=619

[spec] generated 14 tokens over 2 verifies: mean tokens/verify = 7.00 (block=6, max 7)
[spec] tokens: 8 16 8 16 8 16 8 16 8 16 8 16 8 16
[spec] SPEC-DECODE: 27.8 ms/tok = 35.92 tok/s  (vs base M=1 69.1 ms/tok = 14.46 tok/s -> 2.48x)
[decode] PREFILL: 524 positions in 9442.5 ms = 55.5 tok/s (18.020 ms/tok)
[capture] wrote /home/patrickd/s5-capture/s2/c0/cap/shard_p238_s000524.dspc  524 tok x (3 taps + 1 lm_in) x 4096 = 16.4 MB (32.0 KB/tok)
[probe] wrote 16 draft probes (block=6) to /home/patrickd/s5-capture/s2/c0/cap/drafts_p238_s000524.txt
[spec] decoding 8 tokens (block=6, draft passes=1, adaptK=1.50, prompt=238 s=525)...
  [margins] 10.28 22.34 11.29 9.15 12.23 20.15  K=7
  verify 1: accepted 6/6 (K=7) + correction -> +7 tokens (192.8 ms)  cpos=531
  [margins] 9.93 12.60 19.87 10.22 10.22 4.37  K=7
  verify 2: accepted 6/6 (K=7) + correction -> +7 tokens (200.5 ms)  cpos=538

[spec] generated 14 tokens over 2 verifies: mean tokens/verify = 7.00 (block=6, max 7)
[spec] tokens: 18239 80 5142 16 18239 80 5142 16 18239 80 5142 16 18239 80
[spec] SPEC-DECODE: 28.6 ms/tok = 34.91 tok/s  (vs base M=1 69.1 ms/tok = 14.46 tok/s -> 2.41x)
[decode] PREFILL: 565 positions in 10222.6 ms = 55.3 tok/s (18.093 ms/tok)
[capture] wrote /home/patrickd/s5-capture/s2/c0/cap/shard_p239_s000565.dspc  565 tok x (3 taps + 1 lm_in) x 4096 = 17.7 MB (32.0 KB/tok)
[probe] wrote 16 draft probes (block=6) to /home/patrickd/s5-capture/s2/c0/cap/drafts_p239_s000565.txt
[spec] decoding 8 tokens (block=6, draft passes=1, adaptK=1.50, prompt=239 s=566)...
  [margins] 17.32 15.52 16.36 11.78 3.43 11.18  K=7
  verify 1: accepted 6/6 (K=7) + correction -> +7 tokens (208.3 ms)  cpos=572
  [margins] 13.08 16.69 14.52 13.34 9.71 6.85  K=7
  verify 2: accepted 6/6 (K=7) + correction -> +7 tokens (201.7 ms)  cpos=579

[spec] generated 14 tokens over 2 verifies: mean tokens/verify = 7.00 (block=6, max 7)
[spec] tokens: 14 1205 6276 362 270 11499 1014 33 9361 28 223 20 3179 73672
[spec] SPEC-DECODE: 28.8 ms/tok = 34.71 tok/s  (vs base M=1 69.1 ms/tok = 14.46 tok/s -> 2.40x)
[decode] PREFILL: 672 positions in 12267.2 ms = 54.8 tok/s (18.255 ms/tok)
[capture] wrote /home/patrickd/s5-capture/s2/c0/cap/shard_p240_s000672.dspc  672 tok x (3 taps + 1 lm_in) x 4096 = 21.0 MB (32.0 KB/tok)
[probe] wrote 16 draft probes (block=6) to /home/patrickd/s5-capture/s2/c0/cap/drafts_p240_s000672.txt
[spec] decoding 8 tokens (block=6, draft passes=1, adaptK=1.50, prompt=240 s=673)...
  [margins] 10.48 8.20 4.16 3.80 8.94 3.34  K=7
  verify 1: accepted 6/6 (K=7) + correction -> +7 tokens (203.0 ms)  cpos=679
  [margins] 8.85 1.23 0.18 5.99 6.25 6.65  K=2
  verify 2: accepted 1/1 (K=2) + correction -> +2 tokens (124.2 ms)  cpos=681

[spec] generated 9 tokens over 2 verifies: mean tokens/verify = 4.50 (block=6, max 7)
[spec] tokens: 1099 957 553 201 262 565 957 553 565
[spec] SPEC-DECODE: 62.1 ms/tok = 16.10 tok/s  (vs base M=1 69.1 ms/tok = 14.46 tok/s -> 1.11x)
[decode] PREFILL: 673 positions in 12296.8 ms = 54.7 tok/s (18.272 ms/tok)
[capture] wrote /home/patrickd/s5-capture/s2/c0/cap/shard_p241_s000673.dspc  673 tok x (3 taps + 1 lm_in) x 4096 = 21.0 MB (32.0 KB/tok)
[probe] wrote 16 draft probes (block=6) to /home/patrickd/s5-capture/s2/c0/cap/drafts_p241_s000673.txt
[spec] decoding 8 tokens (block=6, draft passes=1, adaptK=1.50, prompt=241 s=674)...
  [margins] 1.85 0.16 0.21 1.32 0.15 0.48  K=2
  verify 1: accepted 1/1 (K=2) + correction -> +2 tokens (117.5 ms)  cpos=675
  [margins] 0.42 1.51 0.02 0.86 0.10 0.05  K=3
  verify 2: accepted 0/2 (K=3) + correction -> +1 tokens (138.7 ms)  cpos=676
  [margins] 4.92 1.00 0.90 0.69 3.46 0.15  K=2
  verify 3: accepted 1/1 (K=2) + correction -> +2 tokens (117.2 ms)  cpos=678
  [margins] 1.86 0.00 2.84 1.34 2.32 0.22  K=2
  verify 4: accepted 0/1 (K=2) + correction -> +1 tokens (123.4 ms)  cpos=679
  [margins] 9.44 3.85 2.78 0.19 0.05 0.60  K=4
  verify 5: accepted 1/3 (K=4) + correction -> +2 tokens (146.4 ms)  cpos=681

[spec] generated 8 tokens over 5 verifies: mean tokens/verify = 1.60 (block=6, max 7)
[spec] tokens: 304 6687 6317 16 455 21048 294 6687
[spec] SPEC-DECODE: 87.6 ms/tok = 11.41 tok/s  (vs base M=1 69.1 ms/tok = 14.46 tok/s -> 0.79x)
[decode] PREFILL: 1797 positions in 35811.9 ms = 50.2 tok/s (19.929 ms/tok)
[capture] wrote /home/patrickd/s5-capture/s2/c0/cap/shard_p242_s001797.dspc  1797 tok x (3 taps + 1 lm_in) x 4096 = 56.2 MB (32.0 KB/tok)
[probe] wrote 16 draft probes (block=6) to /home/patrickd/s5-capture/s2/c0/cap/drafts_p242_s001797.txt
[spec] decoding 8 tokens (block=6, draft passes=1, adaptK=1.50, prompt=242 s=1798)...
  [margins] 9.43 16.89 11.46 3.33 8.93 3.17  K=7
  verify 1: accepted 6/6 (K=7) + correction -> +7 tokens (270.4 ms)  cpos=1804
  [margins] 14.37 13.75 12.93 13.02 7.51 7.02  K=7
  verify 2: accepted 6/6 (K=7) + correction -> +7 tokens (263.1 ms)  cpos=1811

[spec] generated 14 tokens over 2 verifies: mean tokens/verify = 7.00 (block=6, max 7)
[spec] tokens: 1114 366 1812 270 4183 294 270 3817 582 38 25617 12970 4 362
[spec] SPEC-DECODE: 37.6 ms/tok = 26.61 tok/s  (vs base M=1 69.1 ms/tok = 14.46 tok/s -> 1.84x)
[decode] PREFILL: 529 positions in 9548.1 ms = 55.4 tok/s (18.049 ms/tok)
[capture] wrote /home/patrickd/s5-capture/s2/c0/cap/shard_p243_s000529.dspc  529 tok x (3 taps + 1 lm_in) x 4096 = 16.5 MB (32.0 KB/tok)
[probe] wrote 16 draft probes (block=6) to /home/patrickd/s5-capture/s2/c0/cap/drafts_p243_s000529.txt
[spec] decoding 8 tokens (block=6, draft passes=1, adaptK=1.50, prompt=243 s=530)...
  [margins] 1.53 0.52 0.52 1.10 3.05 0.07  K=2
  verify 1: accepted 1/1 (K=2) + correction -> +2 tokens (112.6 ms)  cpos=531
  [margins] 13.80 0.19 1.78 4.49 2.43 2.89  K=2
  verify 2: accepted 1/1 (K=2) + correction -> +2 tokens (119.2 ms)  cpos=533
  [margins] 3.86 1.36 5.32 1.19 1.61 2.97  K=2
  verify 3: accepted 0/1 (K=2) + correction -> +1 tokens (113.6 ms)  cpos=534
  [margins] 5.10 0.24 0.89 0.45 0.75 2.13  K=2
  verify 4: accepted 1/1 (K=2) + correction -> +2 tokens (120.6 ms)  cpos=536
  [margins] 3.36 0.12 0.46 2.32 1.41 2.57  K=2
  verify 5: accepted 1/1 (K=2) + correction -> +2 tokens (115.1 ms)  cpos=538

[spec] generated 9 tokens over 5 verifies: mean tokens/verify = 1.80 (block=6, max 7)
[spec] tokens: 270 7176 294 13696 21176 305 57415 3611 68116
[spec] SPEC-DECODE: 66.9 ms/tok = 14.94 tok/s  (vs base M=1 69.1 ms/tok = 14.46 tok/s -> 1.03x)
[decode] PREFILL: 534 positions in 9621.4 ms = 55.5 tok/s (18.018 ms/tok)
[capture] wrote /home/patrickd/s5-capture/s2/c0/cap/shard_p244_s000534.dspc  534 tok x (3 taps + 1 lm_in) x 4096 = 16.7 MB (32.0 KB/tok)
[probe] wrote 16 draft probes (block=6) to /home/patrickd/s5-capture/s2/c0/cap/drafts_p244_s000534.txt
[spec] decoding 8 tokens (block=6, draft passes=1, adaptK=1.50, prompt=244 s=535)...
  [margins] 10.86 16.56 13.13 18.59 15.71 10.50  K=7
  verify 1: accepted 6/6 (K=7) + correction -> +7 tokens (211.0 ms)  cpos=541
  [margins] 15.97 19.56 14.06 13.81 13.80 10.80  K=7
  verify 2: accepted 6/6 (K=7) + correction -> +7 tokens (208.0 ms)  cpos=548

[spec] generated 14 tokens over 2 verifies: mean tokens/verify = 7.00 (block=6, max 7)
[spec] tokens: 16 342 1030 554 43999 16 342 1030 554 40988 16 342 1030 554
[spec] SPEC-DECODE: 29.7 ms/tok = 33.66 tok/s  (vs base M=1 69.1 ms/tok = 14.46 tok/s -> 2.33x)
[decode] PREFILL: 526 positions in 9468.0 ms = 55.6 tok/s (18.000 ms/tok)
[capture] wrote /home/patrickd/s5-capture/s2/c0/cap/shard_p245_s000526.dspc  526 tok x (3 taps + 1 lm_in) x 4096 = 16.4 MB (32.0 KB/tok)
[probe] wrote 16 draft probes (block=6) to /home/patrickd/s5-capture/s2/c0/cap/drafts_p245_s000526.txt
[spec] decoding 8 tokens (block=6, draft passes=1, adaptK=1.50, prompt=245 s=527)...
  [margins] 1.54 7.33 6.30 7.75 2.27 6.47  K=7
  verify 1: accepted 6/6 (K=7) + correction -> +7 tokens (211.2 ms)  cpos=533
  [margins] 15.27 8.38 7.64 14.59 9.06 2.86  K=7
  verify 2: accepted 6/6 (K=7) + correction -> +7 tokens (208.2 ms)  cpos=540

[spec] generated 14 tokens over 2 verifies: mean tokens/verify = 7.00 (block=6, max 7)
[spec] tokens: 1499 16 3749 455 5351 3083 696 554 6731 823 403 9563 26737 16
[spec] SPEC-DECODE: 29.7 ms/tok = 33.61 tok/s  (vs base M=1 69.1 ms/tok = 14.46 tok/s -> 2.32x)
[decode] PREFILL: 525 positions in 9454.5 ms = 55.5 tok/s (18.009 ms/tok)
[capture] wrote /home/patrickd/s5-capture/s2/c0/cap/shard_p246_s000525.dspc  525 tok x (3 taps + 1 lm_in) x 4096 = 16.4 MB (32.0 KB/tok)
[probe] wrote 16 draft probes (block=6) to /home/patrickd/s5-capture/s2/c0/cap/drafts_p246_s000525.txt
[spec] decoding 8 tokens (block=6, draft passes=1, adaptK=1.50, prompt=246 s=526)...
  [margins] 8.27 14.87 11.56 13.23 15.15 10.47  K=7
  verify 1: accepted 6/6 (K=7) + correction -> +7 tokens (208.1 ms)  cpos=532
  [margins] 16.10 13.81 10.91 12.52 7.54 7.93  K=7
  verify 2: accepted 6/6 (K=7) + correction -> +7 tokens (203.9 ms)  cpos=539

[spec] generated 14 tokens over 2 verifies: mean tokens/verify = 7.00 (block=6, max 7)
[spec] tokens: 2755 15 12742 223 1069 201 3085 344 270 1840 45187 294 1812 12613
[spec] SPEC-DECODE: 29.1 ms/tok = 34.34 tok/s  (vs base M=1 69.1 ms/tok = 14.46 tok/s -> 2.37x)
[decode] PREFILL: 588 positions in 10633.1 ms = 55.3 tok/s (18.083 ms/tok)
[capture] wrote /home/patrickd/s5-capture/s2/c0/cap/shard_p247_s000588.dspc  588 tok x (3 taps + 1 lm_in) x 4096 = 18.4 MB (32.0 KB/tok)
[probe] wrote 16 draft probes (block=6) to /home/patrickd/s5-capture/s2/c0/cap/drafts_p247_s000588.txt
[spec] decoding 8 tokens (block=6, draft passes=1, adaptK=1.50, prompt=247 s=589)...
  [margins] 12.94 9.40 13.35 10.13 11.90 9.17  K=7
  verify 1: accepted 6/6 (K=7) + correction -> +7 tokens (193.2 ms)  cpos=595
  [margins] 8.67 11.51 9.61 9.85 9.44 10.72  K=7
  verify 2: accepted 6/6 (K=7) + correction -> +7 tokens (198.9 ms)  cpos=602

[spec] generated 14 tokens over 2 verifies: mean tokens/verify = 7.00 (block=6, max 7)
[spec] tokens: 20237 16 20237 16 20237 16 20237 16 20237 16 20237 16 20237 16
[spec] SPEC-DECODE: 28.4 ms/tok = 35.19 tok/s  (vs base M=1 69.1 ms/tok = 14.46 tok/s -> 2.43x)
[decode] PREFILL: 624 positions in 11296.6 ms = 55.2 tok/s (18.104 ms/tok)
[capture] wrote /home/patrickd/s5-capture/s2/c0/cap/shard_p248_s000624.dspc  624 tok x (3 taps + 1 lm_in) x 4096 = 19.5 MB (32.0 KB/tok)
[probe] wrote 16 draft probes (block=6) to /home/patrickd/s5-capture/s2/c0/cap/drafts_p248_s000624.txt
[spec] decoding 8 tokens (block=6, draft passes=1, adaptK=1.50, prompt=248 s=625)...
  [margins] 14.67 17.65 14.95 11.17 9.79 12.46  K=7
  verify 1: accepted 6/6 (K=7) + correction -> +7 tokens (207.1 ms)  cpos=631
  [margins] 21.05 18.22 18.71 12.43 17.96 11.62  K=7
  verify 2: accepted 6/6 (K=7) + correction -> +7 tokens (213.0 ms)  cpos=638

[spec] generated 14 tokens over 2 verifies: mean tokens/verify = 7.00 (block=6, max 7)
[spec] tokens: 305 12955 23 14 223 24 3031 764 25 14 223 26 63660 455
[spec] SPEC-DECODE: 30.4 ms/tok = 32.86 tok/s  (vs base M=1 69.1 ms/tok = 14.46 tok/s -> 2.27x)
[decode] PREFILL: 535 positions in 9634.7 ms = 55.5 tok/s (18.009 ms/tok)
[capture] wrote /home/patrickd/s5-capture/s2/c0/cap/shard_p249_s000535.dspc  535 tok x (3 taps + 1 lm_in) x 4096 = 16.7 MB (32.0 KB/tok)
[probe] wrote 16 draft probes (block=6) to /home/patrickd/s5-capture/s2/c0/cap/drafts_p249_s000535.txt
[spec] decoding 8 tokens (block=6, draft passes=1, adaptK=1.50, prompt=249 s=536)...
  [margins] 13.04 17.24 16.31 11.41 8.00 0.51  K=6
  verify 1: accepted 5/5 (K=6) + correction -> +6 tokens (185.2 ms)  cpos=541
  [margins] 4.34 5.97 6.37 5.53 6.89 10.62  K=7
  verify 2: accepted 0/6 (K=7) + correction -> +1 tokens (208.5 ms)  cpos=542
  [margins] 14.81 16.18 13.89 14.34 15.94 10.09  K=7
  verify 3: accepted 6/6 (K=7) + correction -> +7 tokens (207.1 ms)  cpos=549

[spec] generated 14 tokens over 3 verifies: mean tokens/verify = 4.67 (block=6, max 7)
[spec] tokens: 78 50899 2292 65 6528 1 28 1351 304 4731 100695 78392 3982 2605
[spec] SPEC-DECODE: 51.9 ms/tok = 19.25 tok/s  (vs base M=1 69.1 ms/tok = 14.46 tok/s -> 1.33x)
[decode] PREFILL: 535 positions in 9644.1 ms = 55.5 tok/s (18.026 ms/tok)
[capture] wrote /home/patrickd/s5-capture/s2/c0/cap/shard_p250_s000535.dspc  535 tok x (3 taps + 1 lm_in) x 4096 = 16.7 MB (32.0 KB/tok)
[probe] wrote 16 draft probes (block=6) to /home/patrickd/s5-capture/s2/c0/cap/drafts_p250_s000535.txt
[spec] decoding 8 tokens (block=6, draft passes=1, adaptK=1.50, prompt=250 s=536)...
  [margins] 10.29 12.07 9.07 12.87 7.19 9.55  K=7
  verify 1: accepted 6/6 (K=7) + correction -> +7 tokens (210.2 ms)  cpos=542
  [margins] 14.10 16.33 14.16 10.28 14.00 5.00  K=7
  verify 2: accepted 6/6 (K=7) + correction -> +7 tokens (211.6 ms)  cpos=549

[spec] generated 14 tokens over 2 verifies: mean tokens/verify = 7.00 (block=6, max 7)
[spec] tokens: 5217 16 455 2019 1531 554 611 2408 19060 16 455 2019 1531 554
[spec] SPEC-DECODE: 30.2 ms/tok = 33.08 tok/s  (vs base M=1 69.1 ms/tok = 14.46 tok/s -> 2.29x)
[decode] PREFILL: 672 positions in 12262.5 ms = 54.8 tok/s (18.248 ms/tok)
[capture] wrote /home/patrickd/s5-capture/s2/c0/cap/shard_p251_s000672.dspc  672 tok x (3 taps + 1 lm_in) x 4096 = 21.0 MB (32.0 KB/tok)
[probe] wrote 16 draft probes (block=6) to /home/patrickd/s5-capture/s2/c0/cap/drafts_p251_s000672.txt
[spec] decoding 8 tokens (block=6, draft passes=1, adaptK=1.50, prompt=251 s=673)...
  [margins] 12.41 11.41 8.81 9.60 10.08 5.89  K=7
  verify 1: accepted 6/6 (K=7) + correction -> +7 tokens (205.6 ms)  cpos=679
  [margins] 14.61 10.39 10.89 13.35 2.32 2.46  K=7
  verify 2: accepted 5/6 (K=7) + correction -> +6 tokens (212.9 ms)  cpos=685

[spec] generated 13 tokens over 2 verifies: mean tokens/verify = 6.50 (block=6, max 7)
[spec] tokens: 7335 41 16 5234 41 16 5822 41 16 7534 41 16 8302
[spec] SPEC-DECODE: 35.5 ms/tok = 28.19 tok/s  (vs base M=1 69.1 ms/tok = 14.46 tok/s -> 1.95x)
[decode] PREFILL: 672 positions in 12258.6 ms = 54.8 tok/s (18.242 ms/tok)
[capture] wrote /home/patrickd/s5-capture/s2/c0/cap/shard_p252_s000672.dspc  672 tok x (3 taps + 1 lm_in) x 4096 = 21.0 MB (32.0 KB/tok)
[probe] wrote 16 draft probes (block=6) to /home/patrickd/s5-capture/s2/c0/cap/drafts_p252_s000672.txt
[spec] decoding 8 tokens (block=6, draft passes=1, adaptK=1.50, prompt=252 s=673)...
  [margins] 12.81 11.14 13.87 14.88 4.55 8.71  K=7
  verify 1: accepted 6/6 (K=7) + correction -> +7 tokens (208.2 ms)  cpos=679
  [margins] 6.80 16.34 9.84 6.86 7.36 1.86  K=7
  verify 2: accepted 5/6 (K=7) + correction -> +6 tokens (216.4 ms)  cpos=685

[spec] generated 13 tokens over 2 verifies: mean tokens/verify = 6.50 (block=6, max 7)
[spec] tokens: 1960 513 35317 11288 418 20052 50129 305 2237 14 1901 1688 6862
[spec] SPEC-DECODE: 36.1 ms/tok = 27.73 tok/s  (vs base M=1 69.1 ms/tok = 14.46 tok/s -> 1.92x)
[decode] PREFILL: 591 positions in 10683.6 ms = 55.3 tok/s (18.077 ms/tok)
[capture] wrote /home/patrickd/s5-capture/s2/c0/cap/shard_p253_s000591.dspc  591 tok x (3 taps + 1 lm_in) x 4096 = 18.5 MB (32.0 KB/tok)
[probe] wrote 16 draft probes (block=6) to /home/patrickd/s5-capture/s2/c0/cap/drafts_p253_s000591.txt
[spec] decoding 8 tokens (block=6, draft passes=1, adaptK=1.50, prompt=253 s=592)...
  [margins] 19.68 12.04 18.64 6.80 1.47 1.29  K=5
  verify 1: accepted 3/4 (K=5) + correction -> +4 tokens (170.3 ms)  cpos=595
  [margins] 8.80 14.20 11.46 14.41 2.34 9.04  K=7
  verify 2: accepted 5/6 (K=7) + correction -> +6 tokens (207.8 ms)  cpos=601

[spec] generated 10 tokens over 2 verifies: mean tokens/verify = 5.00 (block=6, max 7)
[spec] tokens: 50 88 50 16 25270 50 88 50 31912 82
[spec] SPEC-DECODE: 34.6 ms/tok = 28.88 tok/s  (vs base M=1 69.1 ms/tok = 14.46 tok/s -> 2.00x)
[decode] PREFILL: 527 positions in 9478.9 ms = 55.6 tok/s (17.987 ms/tok)
[capture] wrote /home/patrickd/s5-capture/s2/c0/cap/shard_p254_s000527.dspc  527 tok x (3 taps + 1 lm_in) x 4096 = 16.5 MB (32.0 KB/tok)
[probe] wrote 16 draft probes (block=6) to /home/patrickd/s5-capture/s2/c0/cap/drafts_p254_s000527.txt
[spec] decoding 8 tokens (block=6, draft passes=1, adaptK=1.50, prompt=254 s=528)...
  [margins] 14.17 11.39 1.53 1.22 5.06 8.34  K=4
  verify 1: accepted 3/3 (K=4) + correction -> +4 tokens (151.5 ms)  cpos=531
  [margins] 17.07 7.49 13.89 9.98 10.04 6.81  K=7
  verify 2: accepted 6/6 (K=7) + correction -> +7 tokens (212.5 ms)  cpos=538

[spec] generated 11 tokens over 2 verifies: mean tokens/verify = 5.50 (block=6, max 7)
[spec] tokens: 88794 49427 469 49427 1341 201 1883 16 334 32478 304
[spec] SPEC-DECODE: 30.4 ms/tok = 32.94 tok/s  (vs base M=1 69.1 ms/tok = 14.46 tok/s -> 2.28x)
[decode] PREFILL: 535 positions in 9643.3 ms = 55.5 tok/s (18.025 ms/tok)
[capture] wrote /home/patrickd/s5-capture/s2/c0/cap/shard_p255_s000535.dspc  535 tok x (3 taps + 1 lm_in) x 4096 = 16.7 MB (32.0 KB/tok)
[probe] wrote 16 draft probes (block=6) to /home/patrickd/s5-capture/s2/c0/cap/drafts_p255_s000535.txt
[spec] decoding 8 tokens (block=6, draft passes=1, adaptK=1.50, prompt=255 s=536)...
  [margins] 13.89 17.21 15.29 14.14 9.92 0.79  K=6
  verify 1: accepted 5/5 (K=6) + correction -> +6 tokens (188.8 ms)  cpos=541
  [margins] 12.91 14.60 18.51 12.33 8.54 14.57  K=7
  verify 2: accepted 6/6 (K=7) + correction -> +7 tokens (210.9 ms)  cpos=548

[spec] generated 13 tokens over 2 verifies: mean tokens/verify = 6.50 (block=6, max 7)
[spec] tokens: 39880 344 223 16046 7797 362 10902 305 2845 1060 223 22 1737
[spec] SPEC-DECODE: 30.1 ms/tok = 33.20 tok/s  (vs base M=1 69.1 ms/tok = 14.46 tok/s -> 2.30x)
[decode] PREFILL: 673 positions in 12294.5 ms = 54.7 tok/s (18.268 ms/tok)
[capture] wrote /home/patrickd/s5-capture/s2/c0/cap/shard_p256_s000673.dspc  673 tok x (3 taps + 1 lm_in) x 4096 = 21.0 MB (32.0 KB/tok)
[probe] wrote 16 draft probes (block=6) to /home/patrickd/s5-capture/s2/c0/cap/drafts_p256_s000673.txt
[spec] decoding 8 tokens (block=6, draft passes=1, adaptK=1.50, prompt=256 s=674)...
  [margins] 8.37 5.04 0.11 3.80 8.66 3.59  K=3
  verify 1: accepted 2/2 (K=3) + correction -> +3 tokens (136.0 ms)  cpos=676
  [margins] 9.29 7.12 4.27 2.96 5.38 0.08  K=6
  verify 2: accepted 2/5 (K=6) + correction -> +3 tokens (176.2 ms)  cpos=679
  [margins] 13.23 11.09 8.73 0.92 10.31 8.88  K=4
  verify 3: accepted 3/3 (K=4) + correction -> +4 tokens (150.0 ms)  cpos=683

[spec] generated 10 tokens over 3 verifies: mean tokens/verify = 3.33 (block=6, max 7)
[spec] tokens: 3749 11 67629 3749 11 27797 10939 3749 11 2704
[spec] SPEC-DECODE: 46.6 ms/tok = 21.46 tok/s  (vs base M=1 69.1 ms/tok = 14.46 tok/s -> 1.48x)
[decode] PREFILL: 527 positions in 9483.9 ms = 55.6 tok/s (17.996 ms/tok)
[capture] wrote /home/patrickd/s5-capture/s2/c0/cap/shard_p257_s000527.dspc  527 tok x (3 taps + 1 lm_in) x 4096 = 16.5 MB (32.0 KB/tok)
[probe] wrote 16 draft probes (block=6) to /home/patrickd/s5-capture/s2/c0/cap/drafts_p257_s000527.txt
[spec] decoding 8 tokens (block=6, draft passes=1, adaptK=1.50, prompt=257 s=528)...
  [margins] 11.77 15.25 17.17 11.74 15.90 1.96  K=7
  verify 1: accepted 6/6 (K=7) + correction -> +7 tokens (201.6 ms)  cpos=534
  [margins] 13.39 14.36 11.24 12.98 14.47 9.39  K=7
  verify 2: accepted 6/6 (K=7) + correction -> +7 tokens (201.8 ms)  cpos=541

[spec] generated 14 tokens over 2 verifies: mean tokens/verify = 7.00 (block=6, max 7)
[spec] tokens: 16 16374 88 16 16374 88 16 16374 88 16 16374 88 16 16374
[spec] SPEC-DECODE: 28.8 ms/tok = 34.69 tok/s  (vs base M=1 69.1 ms/tok = 14.46 tok/s -> 2.40x)
[decode] PREFILL: 574 positions in 10375.3 ms = 55.3 tok/s (18.075 ms/tok)
[capture] wrote /home/patrickd/s5-capture/s2/c0/cap/shard_p258_s000574.dspc  574 tok x (3 taps + 1 lm_in) x 4096 = 17.9 MB (32.0 KB/tok)
[probe] wrote 16 draft probes (block=6) to /home/patrickd/s5-capture/s2/c0/cap/drafts_p258_s000574.txt
[spec] decoding 8 tokens (block=6, draft passes=1, adaptK=1.50, prompt=258 s=575)...
  [margins] 12.89 12.89 11.18 7.90 0.45 0.41  K=5
  verify 1: accepted 4/4 (K=5) + correction -> +5 tokens (163.1 ms)  cpos=579
  [margins] 15.90 8.63 0.85 0.13 0.33 7.66  K=3
  verify 2: accepted 2/2 (K=3) + correction -> +3 tokens (135.5 ms)  cpos=582

[spec] generated 8 tokens over 2 verifies: mean tokens/verify = 4.00 (block=6, max 7)
[spec] tokens: 14 696 554 1926 270 6704 16 1341
[spec] SPEC-DECODE: 45.2 ms/tok = 22.14 tok/s  (vs base M=1 69.1 ms/tok = 14.46 tok/s -> 1.53x)
[decode] PREFILL: 527 positions in 9482.3 ms = 55.6 tok/s (17.993 ms/tok)
[capture] wrote /home/patrickd/s5-capture/s2/c0/cap/shard_p259_s000527.dspc  527 tok x (3 taps + 1 lm_in) x 4096 = 16.5 MB (32.0 KB/tok)
[probe] wrote 16 draft probes (block=6) to /home/patrickd/s5-capture/s2/c0/cap/drafts_p259_s000527.txt
[spec] decoding 8 tokens (block=6, draft passes=1, adaptK=1.50, prompt=259 s=528)...
  [margins] 2.97 0.62 3.30 2.54 2.78 2.80  K=2
  verify 1: accepted 0/1 (K=2) + correction -> +1 tokens (119.1 ms)  cpos=528
  [margins] 5.19 4.13 0.95 3.67 2.32 2.02  K=3
  verify 2: accepted 2/2 (K=3) + correction -> +3 tokens (127.0 ms)  cpos=531
  [margins] 2.10 1.89 0.21 2.92 0.99 1.84  K=3
  verify 3: accepted 2/2 (K=3) + correction -> +3 tokens (130.8 ms)  cpos=534
  [margins] 0.93 3.95 0.03 4.37 1.96 0.37  K=3
  verify 4: accepted 0/2 (K=3) + correction -> +1 tokens (132.7 ms)  cpos=535

[spec] generated 8 tokens over 4 verifies: mean tokens/verify = 2.00 (block=6, max 7)
[spec] tokens: 17117 3431 16 983 769 260 3226 4181
[spec] SPEC-DECODE: 55.8 ms/tok = 17.93 tok/s  (vs base M=1 69.1 ms/tok = 14.46 tok/s -> 1.24x)
[decode] PREFILL: 1362 positions in 26229.6 ms = 51.9 tok/s (19.258 ms/tok)
[capture] wrote /home/patrickd/s5-capture/s2/c0/cap/shard_p260_s001362.dspc  1362 tok x (3 taps + 1 lm_in) x 4096 = 42.6 MB (32.0 KB/tok)
[probe] wrote 16 draft probes (block=6) to /home/patrickd/s5-capture/s2/c0/cap/drafts_p260_s001362.txt
[spec] decoding 8 tokens (block=6, draft passes=1, adaptK=1.50, prompt=260 s=1363)...
  [margins] 15.17 12.20 7.76 3.96 2.46 6.60  K=7
  verify 1: accepted 6/6 (K=7) + correction -> +7 tokens (245.5 ms)  cpos=1369
  [margins] 15.34 6.53 0.05 0.46 0.43 0.11  K=3
  verify 2: accepted 2/2 (K=3) + correction -> +3 tokens (165.4 ms)  cpos=1372

[spec] generated 10 tokens over 2 verifies: mean tokens/verify = 5.00 (block=6, max 7)
[spec] tokens: 270 12920 8753 1082 260 3277 25137 9306 83081 536
[spec] SPEC-DECODE: 55.1 ms/tok = 18.13 tok/s  (vs base M=1 69.1 ms/tok = 14.46 tok/s -> 1.25x)
[decode] PREFILL: 622 positions in 11263.6 ms = 55.2 tok/s (18.109 ms/tok)
[capture] wrote /home/patrickd/s5-capture/s2/c0/cap/shard_p261_s000622.dspc  622 tok x (3 taps + 1 lm_in) x 4096 = 19.4 MB (32.0 KB/tok)
[probe] wrote 16 draft probes (block=6) to /home/patrickd/s5-capture/s2/c0/cap/drafts_p261_s000622.txt
[spec] decoding 8 tokens (block=6, draft passes=1, adaptK=1.50, prompt=261 s=623)...
  [margins] 16.90 17.76 15.31 12.55 17.83 10.89  K=7
  verify 1: accepted 6/6 (K=7) + correction -> +7 tokens (210.0 ms)  cpos=629
  [margins] 19.07 9.17 10.49 10.31 10.45 10.92  K=7
  verify 2: accepted 6/6 (K=7) + correction -> +7 tokens (211.3 ms)  cpos=636

[spec] generated 14 tokens over 2 verifies: mean tokens/verify = 7.00 (block=6, max 7)
[spec] tokens: 736 438 223 8717 16 24 292 2283 16 455 3287 344 223 8717
[spec] SPEC-DECODE: 30.2 ms/tok = 33.14 tok/s  (vs base M=1 69.1 ms/tok = 14.46 tok/s -> 2.29x)
[decode] PREFILL: 538 positions in 9680.4 ms = 55.6 tok/s (17.993 ms/tok)
[capture] wrote /home/patrickd/s5-capture/s2/c0/cap/shard_p262_s000538.dspc  538 tok x (3 taps + 1 lm_in) x 4096 = 16.8 MB (32.0 KB/tok)
[probe] wrote 16 draft probes (block=6) to /home/patrickd/s5-capture/s2/c0/cap/drafts_p262_s000538.txt
[spec] decoding 8 tokens (block=6, draft passes=1, adaptK=1.50, prompt=262 s=539)...
  [margins] 16.86 15.69 15.71 14.92 14.07 6.17  K=7
  verify 1: accepted 6/6 (K=7) + correction -> +7 tokens (205.4 ms)  cpos=545
  [margins] 19.68 15.37 13.53 8.61 8.59 2.71  K=7
  verify 2: accepted 6/6 (K=7) + correction -> +7 tokens (208.4 ms)  cpos=552

[spec] generated 14 tokens over 2 verifies: mean tokens/verify = 7.00 (block=6, max 7)
[spec] tokens: 2019 16 9909 1353 16 1351 2595 30549 18561 2605 3452 438 223 18
[spec] SPEC-DECODE: 29.8 ms/tok = 33.59 tok/s  (vs base M=1 69.1 ms/tok = 14.46 tok/s -> 2.32x)
[decode] PREFILL: 1019 positions in 19098.8 ms = 53.4 tok/s (18.743 ms/tok)
[capture] wrote /home/patrickd/s5-capture/s2/c0/cap/shard_p263_s001019.dspc  1019 tok x (3 taps + 1 lm_in) x 4096 = 31.8 MB (32.0 KB/tok)
[probe] wrote 16 draft probes (block=6) to /home/patrickd/s5-capture/s2/c0/cap/drafts_p263_s001019.txt
[spec] decoding 8 tokens (block=6, draft passes=1, adaptK=1.50, prompt=263 s=1020)...
  [margins] 16.15 14.54 12.67 8.17 12.31 5.57  K=7
  verify 1: accepted 6/6 (K=7) + correction -> +7 tokens (272.7 ms)  cpos=1026
  [margins] 20.36 14.68 15.38 13.23 15.23 3.36  K=7
  verify 2: accepted 6/6 (K=7) + correction -> +7 tokens (225.7 ms)  cpos=1033

[spec] generated 14 tokens over 2 verifies: mean tokens/verify = 7.00 (block=6, max 7)
[spec] tokens: 17988 566 15363 943 82042 14 1192 1623 91707 9388 33 9361 270 3417
[spec] SPEC-DECODE: 32.2 ms/tok = 31.01 tok/s  (vs base M=1 69.1 ms/tok = 14.46 tok/s -> 2.14x)
[decode] PREFILL: 561 positions in 10145.7 ms = 55.3 tok/s (18.085 ms/tok)
[capture] wrote /home/patrickd/s5-capture/s2/c0/cap/shard_p264_s000561.dspc  561 tok x (3 taps + 1 lm_in) x 4096 = 17.5 MB (32.0 KB/tok)
[probe] wrote 16 draft probes (block=6) to /home/patrickd/s5-capture/s2/c0/cap/drafts_p264_s000561.txt
[spec] decoding 8 tokens (block=6, draft passes=1, adaptK=1.50, prompt=264 s=562)...
  [margins] 17.70 19.37 12.97 8.74 5.75 8.26  K=7
  verify 1: accepted 6/6 (K=7) + correction -> +7 tokens (209.5 ms)  cpos=568
  [margins] 19.10 9.95 12.52 3.68 3.32 6.25  K=7
  verify 2: accepted 6/6 (K=7) + correction -> +7 tokens (204.2 ms)  cpos=575

[spec] generated 14 tokens over 2 verifies: mean tokens/verify = 7.00 (block=6, max 7)
[spec] tokens: 1623 21325 33677 1687 114106 14 126948 14 305 37436 4379 304 4863 295
[spec] SPEC-DECODE: 29.2 ms/tok = 34.27 tok/s  (vs base M=1 69.1 ms/tok = 14.46 tok/s -> 2.37x)
[decode] PREFILL: 622 positions in 11262.6 ms = 55.2 tok/s (18.107 ms/tok)
[capture] wrote /home/patrickd/s5-capture/s2/c0/cap/shard_p265_s000622.dspc  622 tok x (3 taps + 1 lm_in) x 4096 = 19.4 MB (32.0 KB/tok)
[probe] wrote 16 draft probes (block=6) to /home/patrickd/s5-capture/s2/c0/cap/drafts_p265_s000622.txt
[spec] decoding 8 tokens (block=6, draft passes=1, adaptK=1.50, prompt=265 s=623)...
  [margins] 10.74 13.04 9.03 6.94 10.39 8.50  K=7
  verify 1: accepted 6/6 (K=7) + correction -> +7 tokens (204.8 ms)  cpos=629
  [margins] 13.08 12.95 8.76 13.82 11.34 8.72  K=7
  verify 2: accepted 6/6 (K=7) + correction -> +7 tokens (205.6 ms)  cpos=636

[spec] generated 14 tokens over 2 verifies: mean tokens/verify = 7.00 (block=6, max 7)
[spec] tokens: 3749 4087 3287 3749 4087 3287 3749 4087 3287 3749 4087 3287 3749 4087
[spec] SPEC-DECODE: 29.4 ms/tok = 34.05 tok/s  (vs base M=1 69.1 ms/tok = 14.46 tok/s -> 2.35x)
[decode] PREFILL: 594 positions in 10754.8 ms = 55.2 tok/s (18.106 ms/tok)
[capture] wrote /home/patrickd/s5-capture/s2/c0/cap/shard_p266_s000594.dspc  594 tok x (3 taps + 1 lm_in) x 4096 = 18.6 MB (32.0 KB/tok)
[probe] wrote 16 draft probes (block=6) to /home/patrickd/s5-capture/s2/c0/cap/drafts_p266_s000594.txt
[spec] decoding 8 tokens (block=6, draft passes=1, adaptK=1.50, prompt=266 s=595)...
  [margins] 8.71 7.07 7.00 4.84 8.32 5.70  K=7
  verify 1: accepted 6/6 (K=7) + correction -> +7 tokens (203.0 ms)  cpos=601
  [margins] 9.52 6.38 4.83 9.76 6.71 7.42  K=7
  verify 2: accepted 6/6 (K=7) + correction -> +7 tokens (201.2 ms)  cpos=608

[spec] generated 14 tokens over 2 verifies: mean tokens/verify = 7.00 (block=6, max 7)
[spec] tokens: 539 16 539 16 539 16 539 16 539 16 539 16 539 16
[spec] SPEC-DECODE: 28.7 ms/tok = 34.79 tok/s  (vs base M=1 69.1 ms/tok = 14.46 tok/s -> 2.41x)
[decode] PREFILL: 654 positions in 11913.1 ms = 54.9 tok/s (18.216 ms/tok)
[capture] wrote /home/patrickd/s5-capture/s2/c0/cap/shard_p267_s000654.dspc  654 tok x (3 taps + 1 lm_in) x 4096 = 20.4 MB (32.0 KB/tok)
[probe] wrote 16 draft probes (block=6) to /home/patrickd/s5-capture/s2/c0/cap/drafts_p267_s000654.txt
[spec] decoding 8 tokens (block=6, draft passes=1, adaptK=1.50, prompt=267 s=655)...
  [margins] 9.36 5.71 5.81 12.09 9.65 6.06  K=7
  verify 1: accepted 6/6 (K=7) + correction -> +7 tokens (216.6 ms)  cpos=661
  [margins] 16.94 15.70 8.98 11.98 15.74 8.74  K=7
  verify 2: accepted 6/6 (K=7) + correction -> +7 tokens (216.5 ms)  cpos=668

[spec] generated 14 tokens over 2 verifies: mean tokens/verify = 7.00 (block=6, max 7)
[spec] tokens: 7010 1137 40371 764 11067 44012 17 47026 5637 10736 43 6345 566 7010
[spec] SPEC-DECODE: 30.9 ms/tok = 32.33 tok/s  (vs base M=1 69.1 ms/tok = 14.46 tok/s -> 2.24x)
[decode] PREFILL: 643 positions in 11732.2 ms = 54.8 tok/s (18.246 ms/tok)
[capture] wrote /home/patrickd/s5-capture/s2/c0/cap/shard_p268_s000643.dspc  643 tok x (3 taps + 1 lm_in) x 4096 = 20.1 MB (32.0 KB/tok)
[probe] wrote 16 draft probes (block=6) to /home/patrickd/s5-capture/s2/c0/cap/drafts_p268_s000643.txt
[spec] decoding 8 tokens (block=6, draft passes=1, adaptK=1.50, prompt=268 s=644)...
  [margins] 17.23 21.26 17.27 20.92 18.10 13.73  K=7
  verify 1: accepted 6/6 (K=7) + correction -> +7 tokens (215.0 ms)  cpos=650
  [margins] 21.92 18.32 16.95 16.12 16.07 5.29  K=7
  verify 2: accepted 6/6 (K=7) + correction -> +7 tokens (209.7 ms)  cpos=657

[spec] generated 14 tokens over 2 verifies: mean tokens/verify = 7.00 (block=6, max 7)
[spec] tokens: 1602 14 223 3186 14 223 736 14 223 1349 14 223 3354 121892
[spec] SPEC-DECODE: 30.0 ms/tok = 33.38 tok/s  (vs base M=1 69.1 ms/tok = 14.46 tok/s -> 2.31x)
[decode] PREFILL: 672 positions in 12251.2 ms = 54.9 tok/s (18.231 ms/tok)
[capture] wrote /home/patrickd/s5-capture/s2/c0/cap/shard_p269_s000672.dspc  672 tok x (3 taps + 1 lm_in) x 4096 = 21.0 MB (32.0 KB/tok)
[probe] wrote 16 draft probes (block=6) to /home/patrickd/s5-capture/s2/c0/cap/drafts_p269_s000672.txt
[spec] decoding 8 tokens (block=6, draft passes=1, adaptK=1.50, prompt=269 s=673)...
  [margins] 8.71 13.23 11.58 13.79 0.91 10.65  K=5
  verify 1: accepted 4/4 (K=5) + correction -> +5 tokens (165.4 ms)  cpos=677
  [margins] 9.27 13.09 11.45 13.57 1.89 10.46  K=7
  verify 2: accepted 4/6 (K=7) + correction -> +5 tokens (211.0 ms)  cpos=682

[spec] generated 10 tokens over 2 verifies: mean tokens/verify = 5.00 (block=6, max 7)
[spec] tokens: 863 88113 3749 11 50 863 88113 3749 11 50
[spec] SPEC-DECODE: 42.2 ms/tok = 23.69 tok/s  (vs base M=1 69.1 ms/tok = 14.46 tok/s -> 1.64x)
[decode] PREFILL: 639 positions in 11570.7 ms = 55.2 tok/s (18.107 ms/tok)
[capture] wrote /home/patrickd/s5-capture/s2/c0/cap/shard_p270_s000639.dspc  639 tok x (3 taps + 1 lm_in) x 4096 = 20.0 MB (32.0 KB/tok)
[probe] wrote 16 draft probes (block=6) to /home/patrickd/s5-capture/s2/c0/cap/drafts_p270_s000639.txt
[spec] decoding 8 tokens (block=6, draft passes=1, adaptK=1.50, prompt=270 s=640)...
  [margins] 15.52 14.59 15.14 6.78 1.78 6.81  K=7
  verify 1: accepted 5/6 (K=7) + correction -> +6 tokens (254.0 ms)  cpos=645
  [margins] 13.66 11.21 18.43 14.01 9.16 1.92  K=7
  verify 2: accepted 6/6 (K=7) + correction -> +7 tokens (209.8 ms)  cpos=652

[spec] generated 13 tokens over 2 verifies: mean tokens/verify = 6.50 (block=6, max 7)
[spec] tokens: 16 19 9 37419 1 50 14 696 554 1926 1117 6704 16
[spec] SPEC-DECODE: 30.0 ms/tok = 33.36 tok/s  (vs base M=1 69.1 ms/tok = 14.46 tok/s -> 2.31x)
[decode] PREFILL: 533 positions in 9610.5 ms = 55.5 tok/s (18.031 ms/tok)
[capture] wrote /home/patrickd/s5-capture/s2/c0/cap/shard_p271_s000533.dspc  533 tok x (3 taps + 1 lm_in) x 4096 = 16.7 MB (32.0 KB/tok)
[probe] wrote 16 draft probes (block=6) to /home/patrickd/s5-capture/s2/c0/cap/drafts_p271_s000533.txt
[spec] decoding 8 tokens (block=6, draft passes=1, adaptK=1.50, prompt=271 s=534)...
  [margins] 14.55 11.05 14.13 1.14 9.09 7.47  K=4
  verify 1: accepted 3/3 (K=4) + correction -> +4 tokens (144.2 ms)  cpos=537
  [margins] 15.01 10.46 12.80 1.64 4.84 6.19  K=7
  verify 2: accepted 3/6 (K=7) + correction -> +4 tokens (201.3 ms)  cpos=541

[spec] generated 8 tokens over 2 verifies: mean tokens/verify = 4.00 (block=6, max 7)
[spec] tokens: 3749 11 3749 11 3749 11 3749 11
[spec] SPEC-DECODE: 50.3 ms/tok = 19.87 tok/s  (vs base M=1 69.1 ms/tok = 14.46 tok/s -> 1.37x)
[decode] PREFILL: 576 positions in 10405.3 ms = 55.4 tok/s (18.065 ms/tok)
[capture] wrote /home/patrickd/s5-capture/s2/c0/cap/shard_p272_s000576.dspc  576 tok x (3 taps + 1 lm_in) x 4096 = 18.0 MB (32.0 KB/tok)
[probe] wrote 16 draft probes (block=6) to /home/patrickd/s5-capture/s2/c0/cap/drafts_p272_s000576.txt
[spec] decoding 8 tokens (block=6, draft passes=1, adaptK=1.50, prompt=272 s=577)...
  [margins] 16.55 13.67 7.55 9.51 9.78 8.88  K=7
  verify 1: accepted 6/6 (K=7) + correction -> +7 tokens (205.0 ms)  cpos=583
  [margins] 17.64 16.43 11.61 9.82 10.41 11.44  K=7
  verify 2: accepted 6/6 (K=7) + correction -> +7 tokens (210.6 ms)  cpos=590

[spec] generated 14 tokens over 2 verifies: mean tokens/verify = 7.00 (block=6, max 7)
[spec] tokens: 4031 5793 16 455 2019 1531 366 260 43727 2019 16 455 2019 1531
[spec] SPEC-DECODE: 30.1 ms/tok = 33.23 tok/s  (vs base M=1 69.1 ms/tok = 14.46 tok/s -> 2.30x)
[decode] PREFILL: 872 positions in 16158.9 ms = 54.0 tok/s (18.531 ms/tok)
[capture] wrote /home/patrickd/s5-capture/s2/c0/cap/shard_p273_s000872.dspc  872 tok x (3 taps + 1 lm_in) x 4096 = 27.3 MB (32.0 KB/tok)
[probe] wrote 16 draft probes (block=6) to /home/patrickd/s5-capture/s2/c0/cap/drafts_p273_s000872.txt
[spec] decoding 8 tokens (block=6, draft passes=1, adaptK=1.50, prompt=273 s=873)...
  [margins] 12.82 10.92 12.53 10.78 11.45 5.04  K=7
  verify 1: accepted 6/6 (K=7) + correction -> +7 tokens (216.3 ms)  cpos=879
  [margins] 17.17 14.15 17.48 17.33 11.42 11.52  K=7
  verify 2: accepted 6/6 (K=7) + correction -> +7 tokens (222.3 ms)  cpos=886

[spec] generated 14 tokens over 2 verifies: mean tokens/verify = 7.00 (block=6, max 7)
[spec] tokens: 2887 304 807 418 396 16 455 4813 3287 344 28 2899 294 270
[spec] SPEC-DECODE: 31.8 ms/tok = 31.49 tok/s  (vs base M=1 69.1 ms/tok = 14.46 tok/s -> 2.18x)
[decode] PREFILL: 543 positions in 9772.0 ms = 55.6 tok/s (17.996 ms/tok)
[capture] wrote /home/patrickd/s5-capture/s2/c0/cap/shard_p274_s000543.dspc  543 tok x (3 taps + 1 lm_in) x 4096 = 17.0 MB (32.0 KB/tok)
[probe] wrote 16 draft probes (block=6) to /home/patrickd/s5-capture/s2/c0/cap/drafts_p274_s000543.txt
[spec] decoding 8 tokens (block=6, draft passes=1, adaptK=1.50, prompt=274 s=544)...
  [margins] 16.55 13.73 6.13 9.83 10.13 7.18  K=7
  verify 1: accepted 6/6 (K=7) + correction -> +7 tokens (208.5 ms)  cpos=550
  [margins] 18.71 11.72 14.51 12.98 10.37 0.92  K=6
  verify 2: accepted 5/5 (K=6) + correction -> +6 tokens (182.9 ms)  cpos=556

[spec] generated 13 tokens over 2 verifies: mean tokens/verify = 6.50 (block=6, max 7)
[spec] tokens: 3522 68909 17218 1904 438 6431 940 223 19 1354 223 18 3749
[spec] SPEC-DECODE: 30.5 ms/tok = 32.80 tok/s  (vs base M=1 69.1 ms/tok = 14.46 tok/s -> 2.27x)
[decode] PREFILL: 560 positions in 10116.4 ms = 55.4 tok/s (18.065 ms/tok)
[capture] wrote /home/patrickd/s5-capture/s2/c0/cap/shard_p275_s000560.dspc  560 tok x (3 taps + 1 lm_in) x 4096 = 17.5 MB (32.0 KB/tok)
[probe] wrote 16 draft probes (block=6) to /home/patrickd/s5-capture/s2/c0/cap/drafts_p275_s000560.txt
[spec] decoding 8 tokens (block=6, draft passes=1, adaptK=1.50, prompt=275 s=561)...
  [margins] 5.25 13.20 7.19 7.79 7.98 1.01  K=6
  verify 1: accepted 5/5 (K=6) + correction -> +6 tokens (174.5 ms)  cpos=566
  [margins] 2.77 10.32 6.59 7.34 2.01 0.65  K=6
  verify 2: accepted 5/5 (K=6) + correction -> +6 tokens (182.6 ms)  cpos=572

[spec] generated 12 tokens over 2 verifies: mean tokens/verify = 6.00 (block=6, max 7)
[spec] tokens: 223 18 16 504 14 77199 223 18 16 504 339 3870
[spec] SPEC-DECODE: 30.4 ms/tok = 32.87 tok/s  (vs base M=1 69.1 ms/tok = 14.46 tok/s -> 2.27x)
[decode] PREFILL: 892 positions in 16539.2 ms = 53.9 tok/s (18.542 ms/tok)
[capture] wrote /home/patrickd/s5-capture/s2/c0/cap/shard_p276_s000892.dspc  892 tok x (3 taps + 1 lm_in) x 4096 = 27.9 MB (32.0 KB/tok)
[probe] wrote 16 draft probes (block=6) to /home/patrickd/s5-capture/s2/c0/cap/drafts_p276_s000892.txt
[spec] decoding 8 tokens (block=6, draft passes=1, adaptK=1.50, prompt=276 s=893)...
  [margins] 0.88 0.16 1.17 2.81 0.41 0.04  K=2
  verify 1: accepted 0/1 (K=2) + correction -> +1 tokens (123.6 ms)  cpos=893
  [margins] 8.01 0.18 1.12 2.45 1.56 3.01  K=2
  verify 2: accepted 1/1 (K=2) + correction -> +2 tokens (124.0 ms)  cpos=895
  [margins] 4.62 6.85 0.75 0.89 0.01 0.10  K=3
  verify 3: accepted 2/2 (K=3) + correction -> +3 tokens (183.1 ms)  cpos=898
  [margins] 3.97 0.13 0.08 0.50 0.89 0.59  K=2
  verify 4: accepted 0/1 (K=2) + correction -> +1 tokens (129.8 ms)  cpos=899
  [margins] 5.15 0.23 3.23 1.96 0.40 0.60  K=2
  verify 5: accepted 1/1 (K=2) + correction -> +2 tokens (133.4 ms)  cpos=901

[spec] generated 9 tokens over 5 verifies: mean tokens/verify = 1.80 (block=6, max 7)
[spec] tokens: 5249 340 681 70895 92377 110118 2396 755 287
[spec] SPEC-DECODE: 71.3 ms/tok = 14.03 tok/s  (vs base M=1 69.1 ms/tok = 14.46 tok/s -> 0.97x)
[decode] PREFILL: 546 positions in 9860.3 ms = 55.4 tok/s (18.059 ms/tok)
[capture] wrote /home/patrickd/s5-capture/s2/c0/cap/shard_p277_s000546.dspc  546 tok x (3 taps + 1 lm_in) x 4096 = 17.1 MB (32.0 KB/tok)
[probe] wrote 16 draft probes (block=6) to /home/patrickd/s5-capture/s2/c0/cap/drafts_p277_s000546.txt
[spec] decoding 8 tokens (block=6, draft passes=1, adaptK=1.50, prompt=277 s=547)...
  [margins] 1.14 2.13 0.32 2.05 0.69 0.37  K=3
  verify 1: accepted 0/2 (K=3) + correction -> +1 tokens (132.3 ms)  cpos=547
  [margins] 0.49 1.30 0.82 0.33 0.70 1.47  K=2
  verify 2: accepted 1/1 (K=2) + correction -> +2 tokens (119.8 ms)  cpos=549
  [margins] 0.48 0.46 0.39 0.23 1.64 0.08  K=2
  verify 3: accepted 0/1 (K=2) + correction -> +1 tokens (113.8 ms)  cpos=550
  [margins] 4.45 0.21 0.27 2.98 1.28 0.44  K=2
  verify 4: accepted 1/1 (K=2) + correction -> +2 tokens (123.4 ms)  cpos=552
  [margins] 5.89 1.70 0.21 1.10 0.42 1.05  K=3
  verify 5: accepted 1/2 (K=3) + correction -> +2 tokens (126.4 ms)  cpos=554

[spec] generated 8 tokens over 5 verifies: mean tokens/verify = 1.60 (block=6, max 7)
[spec] tokens: 4500 14 31484 8295 16 342 515 21600
[spec] SPEC-DECODE: 69.0 ms/tok = 14.48 tok/s  (vs base M=1 69.1 ms/tok = 14.46 tok/s -> 1.00x)
[decode] PREFILL: 528 positions in 9493.6 ms = 55.6 tok/s (17.980 ms/tok)
[capture] wrote /home/patrickd/s5-capture/s2/c0/cap/shard_p278_s000528.dspc  528 tok x (3 taps + 1 lm_in) x 4096 = 16.5 MB (32.0 KB/tok)
[probe] wrote 16 draft probes (block=6) to /home/patrickd/s5-capture/s2/c0/cap/drafts_p278_s000528.txt
[spec] decoding 8 tokens (block=6, draft passes=1, adaptK=1.50, prompt=278 s=529)...
  [margins] 8.47 10.77 8.89 11.43 8.63 11.17  K=7
  verify 1: accepted 6/6 (K=7) + correction -> +7 tokens (191.6 ms)  cpos=535
  [margins] 12.39 10.14 11.34 10.11 12.21 8.38  K=7
  verify 2: accepted 6/6 (K=7) + correction -> +7 tokens (201.1 ms)  cpos=542

[spec] generated 14 tokens over 2 verifies: mean tokens/verify = 7.00 (block=6, max 7)
[spec] tokens: 33 50 33 50 33 50 33 50 33 50 33 50 33 50
[spec] SPEC-DECODE: 28.7 ms/tok = 34.82 tok/s  (vs base M=1 69.1 ms/tok = 14.46 tok/s -> 2.41x)
[decode] PREFILL: 539 positions in 9703.1 ms = 55.5 tok/s (18.002 ms/tok)
[capture] wrote /home/patrickd/s5-capture/s2/c0/cap/shard_p279_s000539.dspc  539 tok x (3 taps + 1 lm_in) x 4096 = 16.8 MB (32.0 KB/tok)
[probe] wrote 16 draft probes (block=6) to /home/patrickd/s5-capture/s2/c0/cap/drafts_p279_s000539.txt
[spec] decoding 8 tokens (block=6, draft passes=1, adaptK=1.50, prompt=279 s=540)...
  [margins] 14.24 14.09 13.31 7.63 10.86 9.18  K=7
  verify 1: accepted 6/6 (K=7) + correction -> +7 tokens (210.6 ms)  cpos=546
  [margins] 9.91 8.34 7.71 7.60 7.52 6.94  K=7
  verify 2: accepted 6/6 (K=7) + correction -> +7 tokens (208.4 ms)  cpos=553

[spec] generated 14 tokens over 2 verifies: mean tokens/verify = 7.00 (block=6, max 7)
[spec] tokens: 295 260 16312 339 15 223 7013 15202 271 35 16312 344 223 553
[spec] SPEC-DECODE: 29.8 ms/tok = 33.60 tok/s  (vs base M=1 69.1 ms/tok = 14.46 tok/s -> 2.32x)
[decode] PREFILL: 672 positions in 12258.9 ms = 54.8 tok/s (18.242 ms/tok)
[capture] wrote /home/patrickd/s5-capture/s2/c0/cap/shard_p280_s000672.dspc  672 tok x (3 taps + 1 lm_in) x 4096 = 21.0 MB (32.0 KB/tok)
[probe] wrote 16 draft probes (block=6) to /home/patrickd/s5-capture/s2/c0/cap/drafts_p280_s000672.txt
[spec] decoding 8 tokens (block=6, draft passes=1, adaptK=1.50, prompt=280 s=673)...
  [margins] 2.76 2.58 1.24 0.99 3.43 2.77  K=3
  verify 1: accepted 2/2 (K=3) + correction -> +3 tokens (128.8 ms)  cpos=675
  [margins] 1.45 1.04 1.67 1.91 0.82 2.60  K=2
  verify 2: accepted 0/1 (K=2) + correction -> +1 tokens (123.2 ms)  cpos=676
  [margins] 1.23 1.10 4.23 2.30 4.98 3.28  K=2
  verify 3: accepted 0/1 (K=2) + correction -> +1 tokens (118.5 ms)  cpos=677
  [margins] 8.42 10.30 11.29 3.83 4.27 2.92  K=7
  verify 4: accepted 5/6 (K=7) + correction -> +6 tokens (210.5 ms)  cpos=683

[spec] generated 11 tokens over 4 verifies: mean tokens/verify = 2.75 (block=6, max 7)
[spec] tokens: 342 611 710 270 45526 305 44628 85 14 342 442
[spec] SPEC-DECODE: 56.5 ms/tok = 17.69 tok/s  (vs base M=1 69.1 ms/tok = 14.46 tok/s -> 1.22x)
[decode] PREFILL: 621 positions in 11253.9 ms = 55.2 tok/s (18.122 ms/tok)
[capture] wrote /home/patrickd/s5-capture/s2/c0/cap/shard_p281_s000621.dspc  621 tok x (3 taps + 1 lm_in) x 4096 = 19.4 MB (32.0 KB/tok)
[probe] wrote 16 draft probes (block=6) to /home/patrickd/s5-capture/s2/c0/cap/drafts_p281_s000621.txt
[spec] decoding 8 tokens (block=6, draft passes=1, adaptK=1.50, prompt=281 s=622)...
  [margins] 14.97 7.27 0.17 6.60 6.23 6.03  K=3
  verify 1: accepted 2/2 (K=3) + correction -> +3 tokens (136.0 ms)  cpos=624
  [margins] 5.44 6.96 5.70 4.47 4.87 7.78  K=7
  verify 2: accepted 0/6 (K=7) + correction -> +1 tokens (203.1 ms)  cpos=625
  [margins] 16.24 14.48 6.86 12.48 6.92 5.93  K=7
  verify 3: accepted 6/6 (K=7) + correction -> +7 tokens (211.9 ms)  cpos=632

[spec] generated 11 tokens over 3 verifies: mean tokens/verify = 3.67 (block=6, max 7)
[spec] tokens: 1529 16 1 14 1539 1926 270 4105 305 2777 270
[spec] SPEC-DECODE: 51.9 ms/tok = 19.28 tok/s  (vs base M=1 69.1 ms/tok = 14.46 tok/s -> 1.33x)
[decode] PREFILL: 672 positions in 12256.7 ms = 54.8 tok/s (18.239 ms/tok)
[capture] wrote /home/patrickd/s5-capture/s2/c0/cap/shard_p282_s000672.dspc  672 tok x (3 taps + 1 lm_in) x 4096 = 21.0 MB (32.0 KB/tok)
[probe] wrote 16 draft probes (block=6) to /home/patrickd/s5-capture/s2/c0/cap/drafts_p282_s000672.txt
[spec] decoding 8 tokens (block=6, draft passes=1, adaptK=1.50, prompt=282 s=673)...
  [margins] 12.70 11.17 0.69 0.39 10.97 0.05  K=3
  verify 1: accepted 2/2 (K=3) + correction -> +3 tokens (127.6 ms)  cpos=675
  [margins] 2.04 9.36 1.36 3.46 3.87 0.82  K=3
  verify 2: accepted 2/2 (K=3) + correction -> +3 tokens (135.7 ms)  cpos=678
  [margins] 7.17 9.01 0.26 3.79 9.06 0.08  K=3
  verify 3: accepted 2/2 (K=3) + correction -> +3 tokens (135.1 ms)  cpos=681

[spec] generated 9 tokens over 3 verifies: mean tokens/verify = 3.00 (block=6, max 7)
[spec] tokens: 8748 201 261 21911 201 3248 20706 201 31861
[spec] SPEC-DECODE: 45.1 ms/tok = 22.16 tok/s  (vs base M=1 69.1 ms/tok = 14.46 tok/s -> 1.53x)
[decode] PREFILL: 613 positions in 11115.5 ms = 55.1 tok/s (18.133 ms/tok)
[capture] wrote /home/patrickd/s5-capture/s2/c0/cap/shard_p283_s000613.dspc  613 tok x (3 taps + 1 lm_in) x 4096 = 19.2 MB (32.0 KB/tok)
[probe] wrote 16 draft probes (block=6) to /home/patrickd/s5-capture/s2/c0/cap/drafts_p283_s000613.txt
[spec] decoding 8 tokens (block=6, draft passes=1, adaptK=1.50, prompt=283 s=614)...
  [margins] 17.10 20.87 14.73 19.65 15.93 13.98  K=7
  verify 1: accepted 6/6 (K=7) + correction -> +7 tokens (213.4 ms)  cpos=620
  [margins] 11.49 11.49 11.14 11.96 15.47 10.88  K=7
  verify 2: accepted 6/6 (K=7) + correction -> +7 tokens (209.2 ms)  cpos=627

[spec] generated 14 tokens over 2 verifies: mean tokens/verify = 7.00 (block=6, max 7)
[spec] tokens: 83772 3362 875 361 582 67 3362 223 4610 989 361 582 68 3362
[spec] SPEC-DECODE: 29.9 ms/tok = 33.46 tok/s  (vs base M=1 69.1 ms/tok = 14.46 tok/s -> 2.31x)
[decode] PREFILL: 607 positions in 10979.5 ms = 55.3 tok/s (18.088 ms/tok)
[capture] wrote /home/patrickd/s5-capture/s2/c0/cap/shard_p284_s000607.dspc  607 tok x (3 taps + 1 lm_in) x 4096 = 19.0 MB (32.0 KB/tok)
[probe] wrote 16 draft probes (block=6) to /home/patrickd/s5-capture/s2/c0/cap/drafts_p284_s000607.txt
[spec] decoding 8 tokens (block=6, draft passes=1, adaptK=1.50, prompt=284 s=608)...
  [margins] 14.07 16.32 9.36 10.65 11.54 11.23  K=7
  verify 1: accepted 6/6 (K=7) + correction -> +7 tokens (212.5 ms)  cpos=614
  [margins] 14.13 17.34 9.20 10.69 10.87 13.59  K=7
  verify 2: accepted 6/6 (K=7) + correction -> +7 tokens (211.7 ms)  cpos=621

[spec] generated 14 tokens over 2 verifies: mean tokens/verify = 7.00 (block=6, max 7)
[spec] tokens: 15660 409 16 14026 92 50 66655 15660 409 16 14026 92 50 66655
[spec] SPEC-DECODE: 30.2 ms/tok = 33.07 tok/s  (vs base M=1 69.1 ms/tok = 14.46 tok/s -> 2.29x)
[decode] PREFILL: 673 positions in 12296.6 ms = 54.7 tok/s (18.271 ms/tok)
[capture] wrote /home/patrickd/s5-capture/s2/c0/cap/shard_p285_s000673.dspc  673 tok x (3 taps + 1 lm_in) x 4096 = 21.0 MB (32.0 KB/tok)
[probe] wrote 16 draft probes (block=6) to /home/patrickd/s5-capture/s2/c0/cap/drafts_p285_s000673.txt
[spec] decoding 8 tokens (block=6, draft passes=1, adaptK=1.50, prompt=285 s=674)...
  [margins] 0.76 2.01 1.02 2.56 0.94 0.48  K=3
  verify 1: accepted 2/2 (K=3) + correction -> +3 tokens (136.8 ms)  cpos=676
  [margins] 2.72 6.11 4.00 3.36 7.14 0.65  K=6
  verify 2: accepted 5/5 (K=6) + correction -> +6 tokens (182.2 ms)  cpos=682

[spec] generated 9 tokens over 2 verifies: mean tokens/verify = 4.50 (block=6, max 7)
[spec] tokens: 4321 436 304 18722 716 14368 30418 16 342
[spec] SPEC-DECODE: 30.4 ms/tok = 32.93 tok/s  (vs base M=1 69.1 ms/tok = 14.46 tok/s -> 2.28x)
[decode] PREFILL: 533 positions in 9619.0 ms = 55.4 tok/s (18.047 ms/tok)
[capture] wrote /home/patrickd/s5-capture/s2/c0/cap/shard_p286_s000533.dspc  533 tok x (3 taps + 1 lm_in) x 4096 = 16.7 MB (32.0 KB/tok)
[probe] wrote 16 draft probes (block=6) to /home/patrickd/s5-capture/s2/c0/cap/drafts_p286_s000533.txt
[spec] decoding 8 tokens (block=6, draft passes=1, adaptK=1.50, prompt=286 s=534)...
  [margins] 15.09 8.67 12.51 12.65 9.27 11.50  K=7
  verify 1: accepted 6/6 (K=7) + correction -> +7 tokens (204.7 ms)  cpos=540
  [margins] 7.29 10.50 13.38 6.19 11.72 7.39  K=7
  verify 2: accepted 6/6 (K=7) + correction -> +7 tokens (195.1 ms)  cpos=547

[spec] generated 14 tokens over 2 verifies: mean tokens/verify = 7.00 (block=6, max 7)
[spec] tokens: 86 16 11628 86 16 11628 86 16 11628 86 16 11628 86 16
[spec] SPEC-DECODE: 27.9 ms/tok = 35.88 tok/s  (vs base M=1 69.1 ms/tok = 14.46 tok/s -> 2.48x)
[decode] PREFILL: 525 positions in 9454.4 ms = 55.5 tok/s (18.008 ms/tok)
[capture] wrote /home/patrickd/s5-capture/s2/c0/cap/shard_p287_s000525.dspc  525 tok x (3 taps + 1 lm_in) x 4096 = 16.4 MB (32.0 KB/tok)
[probe] wrote 16 draft probes (block=6) to /home/patrickd/s5-capture/s2/c0/cap/drafts_p287_s000525.txt
[spec] decoding 8 tokens (block=6, draft passes=1, adaptK=1.50, prompt=287 s=526)...
  [margins] 13.88 15.93 14.36 3.75 13.02 9.40  K=7
  verify 1: accepted 6/6 (K=7) + correction -> +7 tokens (213.8 ms)  cpos=532
  [margins] 12.36 15.63 11.59 4.31 14.42 1.58  K=7
  verify 2: accepted 5/6 (K=7) + correction -> +6 tokens (206.5 ms)  cpos=538

[spec] generated 13 tokens over 2 verifies: mean tokens/verify = 6.50 (block=6, max 7)
[spec] tokens: 38504 2883 12967 2148 983 43375 582 1805 40077 362 21460 43 344
[spec] SPEC-DECODE: 34.4 ms/tok = 29.05 tok/s  (vs base M=1 69.1 ms/tok = 14.46 tok/s -> 2.01x)
[decode] PREFILL: 524 positions in 9437.5 ms = 55.5 tok/s (18.010 ms/tok)
[capture] wrote /home/patrickd/s5-capture/s2/c0/cap/shard_p288_s000524.dspc  524 tok x (3 taps + 1 lm_in) x 4096 = 16.4 MB (32.0 KB/tok)
[probe] wrote 16 draft probes (block=6) to /home/patrickd/s5-capture/s2/c0/cap/drafts_p288_s000524.txt
[spec] decoding 8 tokens (block=6, draft passes=1, adaptK=1.50, prompt=288 s=525)...
  [margins] 13.38 5.41 1.51 1.78 0.30 0.20  K=5
  verify 1: accepted 3/4 (K=5) + correction -> +4 tokens (159.1 ms)  cpos=528
  [margins] 14.48 16.78 5.37 6.94 9.79 3.10  K=7
  verify 2: accepted 6/6 (K=7) + correction -> +7 tokens (198.5 ms)  cpos=535

[spec] generated 11 tokens over 2 verifies: mean tokens/verify = 5.50 (block=6, max 7)
[spec] tokens: 14 72766 611 579 26075 6302 305 11316 7147 14 1901
[spec] SPEC-DECODE: 28.4 ms/tok = 35.26 tok/s  (vs base M=1 69.1 ms/tok = 14.46 tok/s -> 2.44x)
[decode] PREFILL: 525 positions in 9445.7 ms = 55.6 tok/s (17.992 ms/tok)
[capture] wrote /home/patrickd/s5-capture/s2/c0/cap/shard_p289_s000525.dspc  525 tok x (3 taps + 1 lm_in) x 4096 = 16.4 MB (32.0 KB/tok)
[probe] wrote 16 draft probes (block=6) to /home/patrickd/s5-capture/s2/c0/cap/drafts_p289_s000525.txt
[spec] decoding 8 tokens (block=6, draft passes=1, adaptK=1.50, prompt=289 s=526)...
  [margins] 29.56 13.24 0.00 4.74 1.02 0.56  K=3
  verify 1: accepted 2/2 (K=3) + correction -> +3 tokens (133.5 ms)  cpos=528
  [margins] 12.59 8.55 12.39 1.25 1.43 1.36  K=4
  verify 2: accepted 3/3 (K=4) + correction -> +4 tokens (149.5 ms)  cpos=532
  [margins] 14.23 11.84 12.28 8.75 0.51 0.15  K=5
  verify 3: accepted 4/4 (K=5) + correction -> +5 tokens (164.6 ms)  cpos=537

[spec] generated 12 tokens over 3 verifies: mean tokens/verify = 4.00 (block=6, max 7)
[spec] tokens: 31180 14 13831 344 77545 418 3707 20624 14 1345 412 42164
[spec] SPEC-DECODE: 34.9 ms/tok = 28.65 tok/s  (vs base M=1 69.1 ms/tok = 14.46 tok/s -> 1.98x)
[decode] PREFILL: 546 positions in 9863.8 ms = 55.4 tok/s (18.066 ms/tok)
[capture] wrote /home/patrickd/s5-capture/s2/c0/cap/shard_p290_s000546.dspc  546 tok x (3 taps + 1 lm_in) x 4096 = 17.1 MB (32.0 KB/tok)
[probe] wrote 16 draft probes (block=6) to /home/patrickd/s5-capture/s2/c0/cap/drafts_p290_s000546.txt
[spec] decoding 8 tokens (block=6, draft passes=1, adaptK=1.50, prompt=290 s=547)...
  [margins] 12.08 12.76 11.02 9.98 10.84 9.79  K=7
  verify 1: accepted 6/6 (K=7) + correction -> +7 tokens (210.3 ms)  cpos=553
  [margins] 13.42 10.92 10.23 12.99 9.52 4.36  K=7
  verify 2: accepted 6/6 (K=7) + correction -> +7 tokens (209.2 ms)  cpos=560

[spec] generated 14 tokens over 2 verifies: mean tokens/verify = 7.00 (block=6, max 7)
[spec] tokens: 16 3749 455 2019 344 3989 16 3749 455 2019 344 4087 16 3749
[spec] SPEC-DECODE: 29.9 ms/tok = 33.46 tok/s  (vs base M=1 69.1 ms/tok = 14.46 tok/s -> 2.31x)
[decode] PREFILL: 604 positions in 10927.7 ms = 55.3 tok/s (18.092 ms/tok)
[capture] wrote /home/patrickd/s5-capture/s2/c0/cap/shard_p291_s000604.dspc  604 tok x (3 taps + 1 lm_in) x 4096 = 18.9 MB (32.0 KB/tok)
[probe] wrote 16 draft probes (block=6) to /home/patrickd/s5-capture/s2/c0/cap/drafts_p291_s000604.txt
[spec] decoding 8 tokens (block=6, draft passes=1, adaptK=1.50, prompt=291 s=605)...
  [margins] 13.62 14.05 12.64 10.79 10.37 5.02  K=7
  verify 1: accepted 6/6 (K=7) + correction -> +7 tokens (205.0 ms)  cpos=611
  [margins] 22.00 15.18 14.17 14.33 10.98 15.13  K=7
  verify 2: accepted 6/6 (K=7) + correction -> +7 tokens (217.3 ms)  cpos=618

[spec] generated 14 tokens over 2 verifies: mean tokens/verify = 7.00 (block=6, max 7)
[spec] tokens: 313 982 313 940 223 19 14 223 20 5203 361 1008 438 223
[spec] SPEC-DECODE: 31.0 ms/tok = 32.21 tok/s  (vs base M=1 69.1 ms/tok = 14.46 tok/s -> 2.23x)
[decode] PREFILL: 528 positions in 9507.4 ms = 55.5 tok/s (18.007 ms/tok)
[capture] wrote /home/patrickd/s5-capture/s2/c0/cap/shard_p292_s000528.dspc  528 tok x (3 taps + 1 lm_in) x 4096 = 16.5 MB (32.0 KB/tok)
[probe] wrote 16 draft probes (block=6) to /home/patrickd/s5-capture/s2/c0/cap/drafts_p292_s000528.txt
[spec] decoding 8 tokens (block=6, draft passes=1, adaptK=1.50, prompt=292 s=529)...
  [margins] 13.72 16.06 14.65 14.60 13.03 13.68  K=7
  verify 1: accepted 6/6 (K=7) + correction -> +7 tokens (203.6 ms)  cpos=535
  [margins] 11.35 9.40 12.21 6.87 8.81 5.94  K=7
  verify 2: accepted 6/6 (K=7) + correction -> +7 tokens (209.3 ms)  cpos=542

[spec] generated 14 tokens over 2 verifies: mean tokens/verify = 7.00 (block=6, max 7)
[spec] tokens: 907 54 779 28 2240 28 736 60 939 22 15 3130 15 907
[spec] SPEC-DECODE: 29.9 ms/tok = 33.45 tok/s  (vs base M=1 69.1 ms/tok = 14.46 tok/s -> 2.31x)
[decode] PREFILL: 533 positions in 9616.8 ms = 55.4 tok/s (18.043 ms/tok)
[capture] wrote /home/patrickd/s5-capture/s2/c0/cap/shard_p293_s000533.dspc  533 tok x (3 taps + 1 lm_in) x 4096 = 16.7 MB (32.0 KB/tok)
[probe] wrote 16 draft probes (block=6) to /home/patrickd/s5-capture/s2/c0/cap/drafts_p293_s000533.txt
[spec] decoding 8 tokens (block=6, draft passes=1, adaptK=1.50, prompt=293 s=534)...
  [margins] 14.20 16.26 10.75 9.80 1.38 2.70  K=5
  verify 1: accepted 4/4 (K=5) + correction -> +5 tokens (163.4 ms)  cpos=538
  [margins] 12.39 14.09 7.57 1.49 0.29 1.63  K=4
  verify 2: accepted 3/3 (K=4) + correction -> +4 tokens (150.1 ms)  cpos=542

[spec] generated 9 tokens over 2 verifies: mean tokens/verify = 4.50 (block=6, max 7)
[spec] tokens: 12619 538 260 18310 2631 909 469 270 11707
[spec] SPEC-DECODE: 37.5 ms/tok = 26.64 tok/s  (vs base M=1 69.1 ms/tok = 14.46 tok/s -> 1.84x)
[decode] PREFILL: 545 positions in 9850.0 ms = 55.3 tok/s (18.073 ms/tok)
[capture] wrote /home/patrickd/s5-capture/s2/c0/cap/shard_p294_s000545.dspc  545 tok x (3 taps + 1 lm_in) x 4096 = 17.0 MB (32.0 KB/tok)
[probe] wrote 16 draft probes (block=6) to /home/patrickd/s5-capture/s2/c0/cap/drafts_p294_s000545.txt
[spec] decoding 8 tokens (block=6, draft passes=1, adaptK=1.50, prompt=294 s=546)...
  [margins] 16.53 14.22 17.69 12.59 13.36 4.42  K=7
  verify 1: accepted 6/6 (K=7) + correction -> +7 tokens (209.8 ms)  cpos=552
  [margins] 17.84 14.95 12.26 10.17 5.41 9.35  K=7
  verify 2: accepted 6/6 (K=7) + correction -> +7 tokens (204.8 ms)  cpos=559

[spec] generated 14 tokens over 2 verifies: mean tokens/verify = 7.00 (block=6, max 7)
[spec] tokens: 396 515 80003 1561 260 41658 17824 305 13190 377 270 4545 23216 294
[spec] SPEC-DECODE: 29.3 ms/tok = 34.18 tok/s  (vs base M=1 69.1 ms/tok = 14.46 tok/s -> 2.36x)
[decode] PREFILL: 591 positions in 10688.2 ms = 55.3 tok/s (18.085 ms/tok)
[capture] wrote /home/patrickd/s5-capture/s2/c0/cap/shard_p295_s000591.dspc  591 tok x (3 taps + 1 lm_in) x 4096 = 18.5 MB (32.0 KB/tok)
[probe] wrote 16 draft probes (block=6) to /home/patrickd/s5-capture/s2/c0/cap/drafts_p295_s000591.txt
[spec] decoding 8 tokens (block=6, draft passes=1, adaptK=1.50, prompt=295 s=592)...
  [margins] 8.12 2.66 7.79 8.56 8.23 0.62  K=6
  verify 1: accepted 5/5 (K=6) + correction -> +6 tokens (187.0 ms)  cpos=597
  [margins] 18.46 14.63 13.21 7.21 0.16 9.01  K=5
  verify 2: accepted 4/4 (K=5) + correction -> +5 tokens (164.2 ms)  cpos=602

[spec] generated 11 tokens over 2 verifies: mean tokens/verify = 5.50 (block=6, max 7)
[spec] tokens: 16 23335 270 4105 1926 295 260 4181 5603 16 26024
[spec] SPEC-DECODE: 32.8 ms/tok = 30.46 tok/s  (vs base M=1 69.1 ms/tok = 14.46 tok/s -> 2.11x)
[decode] PREFILL: 990 positions in 18517.0 ms = 53.5 tok/s (18.704 ms/tok)
[capture] wrote /home/patrickd/s5-capture/s2/c0/cap/shard_p296_s000990.dspc  990 tok x (3 taps + 1 lm_in) x 4096 = 30.9 MB (32.0 KB/tok)
[probe] wrote 16 draft probes (block=6) to /home/patrickd/s5-capture/s2/c0/cap/drafts_p296_s000990.txt
[spec] decoding 8 tokens (block=6, draft passes=1, adaptK=1.50, prompt=296 s=991)...
  [margins] 17.06 9.27 14.09 11.48 6.49 9.88  K=7
  verify 1: accepted 6/6 (K=7) + correction -> +7 tokens (230.7 ms)  cpos=997
  [margins] 13.33 12.96 0.83 3.41 9.44 11.39  K=3
  verify 2: accepted 2/2 (K=3) + correction -> +3 tokens (150.8 ms)  cpos=1000

[spec] generated 10 tokens over 2 verifies: mean tokens/verify = 5.00 (block=6, max 7)
[spec] tokens: 1257 79029 13925 14864 3917 33 3245 515 270 1257
[spec] SPEC-DECODE: 50.3 ms/tok = 19.89 tok/s  (vs base M=1 69.1 ms/tok = 14.46 tok/s -> 1.38x)
[decode] PREFILL: 605 positions in 10959.3 ms = 55.2 tok/s (18.115 ms/tok)
[capture] wrote /home/patrickd/s5-capture/s2/c0/cap/shard_p297_s000605.dspc  605 tok x (3 taps + 1 lm_in) x 4096 = 18.9 MB (32.0 KB/tok)
[probe] wrote 16 draft probes (block=6) to /home/patrickd/s5-capture/s2/c0/cap/drafts_p297_s000605.txt
[spec] decoding 8 tokens (block=6, draft passes=1, adaptK=1.50, prompt=297 s=606)...
  [margins] 17.59 14.28 13.52 14.03 13.32 14.10  K=7
  verify 1: accepted 6/6 (K=7) + correction -> +7 tokens (212.7 ms)  cpos=612
  [margins] 4.60 1.35 4.94 5.10 6.68 1.73  K=2
  verify 2: accepted 1/1 (K=2) + correction -> +2 tokens (114.2 ms)  cpos=614

[spec] generated 9 tokens over 2 verifies: mean tokens/verify = 4.50 (block=6, max 7)
[spec] tokens: 832 3394 710 14904 295 782 3287 16 455
[spec] SPEC-DECODE: 57.1 ms/tok = 17.51 tok/s  (vs base M=1 69.1 ms/tok = 14.46 tok/s -> 1.21x)
[decode] PREFILL: 1219 positions in 23165.5 ms = 52.6 tok/s (19.004 ms/tok)
[capture] wrote /home/patrickd/s5-capture/s2/c0/cap/shard_p298_s001219.dspc  1219 tok x (3 taps + 1 lm_in) x 4096 = 38.1 MB (32.0 KB/tok)
[probe] wrote 16 draft probes (block=6) to /home/patrickd/s5-capture/s2/c0/cap/drafts_p298_s001219.txt
[spec] decoding 8 tokens (block=6, draft passes=1, adaptK=1.50, prompt=298 s=1220)...
  [margins] 16.86 14.93 14.27 9.06 9.81 5.04  K=7
  verify 1: accepted 6/6 (K=7) + correction -> +7 tokens (239.4 ms)  cpos=1226
  [margins] 16.85 14.34 15.53 16.07 10.30 10.22  K=7
  verify 2: accepted 6/6 (K=7) + correction -> +7 tokens (239.0 ms)  cpos=1233

[spec] generated 14 tokens over 2 verifies: mean tokens/verify = 7.00 (block=6, max 7)
[spec] tokens: 565 223 939 19 3749 455 5443 806 565 223 939 19 3749 455
[spec] SPEC-DECODE: 34.1 ms/tok = 29.29 tok/s  (vs base M=1 69.1 ms/tok = 14.46 tok/s -> 2.03x)
[decode] PREFILL: 541 positions in 9740.5 ms = 55.5 tok/s (18.005 ms/tok)
[capture] wrote /home/patrickd/s5-capture/s2/c0/cap/shard_p299_s000541.dspc  541 tok x (3 taps + 1 lm_in) x 4096 = 16.9 MB (32.0 KB/tok)
[probe] wrote 16 draft probes (block=6) to /home/patrickd/s5-capture/s2/c0/cap/drafts_p299_s000541.txt
[spec] decoding 8 tokens (block=6, draft passes=1, adaptK=1.50, prompt=299 s=542)...
  [margins] 12.53 10.19 14.54 7.47 9.94 2.25  K=7
  verify 1: accepted 5/6 (K=7) + correction -> +6 tokens (212.9 ms)  cpos=547
  [margins] 16.67 3.93 3.83 0.45 1.83 0.46  K=4
  verify 2: accepted 3/3 (K=4) + correction -> +4 tokens (152.0 ms)  cpos=551

[spec] generated 10 tokens over 2 verifies: mean tokens/verify = 5.00 (block=6, max 7)
[spec] tokens: 270 2004 582 306 4 9045 4387 16 6948 270
[spec] SPEC-DECODE: 38.0 ms/tok = 26.31 tok/s  (vs base M=1 69.1 ms/tok = 14.46 tok/s -> 1.82x)
[decode] PREFILL: 556 positions in 10045.5 ms = 55.3 tok/s (18.067 ms/tok)
[capture] wrote /home/patrickd/s5-capture/s2/c0/cap/shard_p300_s000556.dspc  556 tok x (3 taps + 1 lm_in) x 4096 = 17.4 MB (32.0 KB/tok)
[probe] wrote 16 draft probes (block=6) to /home/patrickd/s5-capture/s2/c0/cap/drafts_p300_s000556.txt
[spec] decoding 8 tokens (block=6, draft passes=1, adaptK=1.50, prompt=300 s=557)...
  [margins] 11.72 16.00 8.25 6.01 6.94 10.00  K=7
  verify 1: accepted 6/6 (K=7) + correction -> +7 tokens (203.0 ms)  cpos=563
  [margins] 0.15 5.28 8.33 7.60 6.93 4.64  K=7
  verify 2: accepted 0/6 (K=7) + correction -> +1 tokens (206.3 ms)  cpos=564

[spec] generated 8 tokens over 2 verifies: mean tokens/verify = 4.00 (block=6, max 7)
[spec] tokens: 671 4813 3287 344 223 1683 16 1522
[spec] SPEC-DECODE: 206.3 ms/tok = 4.85 tok/s  (vs base M=1 69.1 ms/tok = 14.46 tok/s -> 0.34x)
[decode] PREFILL: 536 positions in 9670.9 ms = 55.4 tok/s (18.043 ms/tok)
[capture] wrote /home/patrickd/s5-capture/s2/c0/cap/shard_p301_s000536.dspc  536 tok x (3 taps + 1 lm_in) x 4096 = 16.8 MB (32.0 KB/tok)
[probe] wrote 16 draft probes (block=6) to /home/patrickd/s5-capture/s2/c0/cap/drafts_p301_s000536.txt
[spec] decoding 8 tokens (block=6, draft passes=1, adaptK=1.50, prompt=301 s=537)...
  [margins] 14.03 11.79 13.19 15.04 21.03 8.63  K=7
  verify 1: accepted 6/6 (K=7) + correction -> +7 tokens (201.8 ms)  cpos=543
  [margins] 19.58 15.13 12.09 9.08 10.51 8.41  K=7
  verify 2: accepted 6/6 (K=7) + correction -> +7 tokens (211.4 ms)  cpos=550

[spec] generated 14 tokens over 2 verifies: mean tokens/verify = 7.00 (block=6, max 7)
[spec] tokens: 343 125143 10496 65177 272 11 1114 366 2993 16 455 26869 588 366
[spec] SPEC-DECODE: 30.2 ms/tok = 33.12 tok/s  (vs base M=1 69.1 ms/tok = 14.46 tok/s -> 2.29x)
[decode] PREFILL: 527 positions in 9478.9 ms = 55.6 tok/s (17.987 ms/tok)
[capture] wrote /home/patrickd/s5-capture/s2/c0/cap/shard_p302_s000527.dspc  527 tok x (3 taps + 1 lm_in) x 4096 = 16.5 MB (32.0 KB/tok)
[probe] wrote 16 draft probes (block=6) to /home/patrickd/s5-capture/s2/c0/cap/drafts_p302_s000527.txt
[spec] decoding 8 tokens (block=6, draft passes=1, adaptK=1.50, prompt=302 s=528)...
  [margins] 20.18 14.58 10.71 15.52 0.36 0.31  K=5
  verify 1: accepted 4/4 (K=5) + correction -> +5 tokens (170.3 ms)  cpos=532
  [margins] 1.71 8.22 2.82 1.20 1.54 2.77  K=4
  verify 2: accepted 0/3 (K=4) + correction -> +1 tokens (148.9 ms)  cpos=533
  [margins] 6.90 5.96 7.83 10.70 6.26 9.55  K=7
  verify 3: accepted 6/6 (K=7) + correction -> +7 tokens (208.4 ms)  cpos=540

[spec] generated 13 tokens over 3 verifies: mean tokens/verify = 4.33 (block=6, max 7)
[spec] tokens: 710 1014 33 565 5146 33809 565 223 3019 15 736 15 939
[spec] SPEC-DECODE: 44.7 ms/tok = 22.39 tok/s  (vs base M=1 69.1 ms/tok = 14.46 tok/s -> 1.55x)
[decode] PREFILL: 932 positions in 17393.8 ms = 53.6 tok/s (18.663 ms/tok)
[capture] wrote /home/patrickd/s5-capture/s2/c0/cap/shard_p303_s000932.dspc  932 tok x (3 taps + 1 lm_in) x 4096 = 29.1 MB (32.0 KB/tok)
[probe] wrote 16 draft probes (block=6) to /home/patrickd/s5-capture/s2/c0/cap/drafts_p303_s000932.txt
[spec] decoding 8 tokens (block=6, draft passes=1, adaptK=1.50, prompt=303 s=933)...
  [margins] 0.24 0.60 4.06 0.04 1.18 2.35  K=2
  verify 1: accepted 0/1 (K=2) + correction -> +1 tokens (124.0 ms)  cpos=933
  [margins] 6.36 2.45 2.81 0.05 1.77 4.06  K=4
  verify 2: accepted 1/3 (K=4) + correction -> +2 tokens (155.0 ms)  cpos=935
  [margins] 4.55 1.50 6.31 1.41 4.04 1.12  K=2
  verify 3: accepted 1/1 (K=2) + correction -> +2 tokens (132.5 ms)  cpos=937
  [margins] 2.25 5.71 0.19 1.49 1.18 3.32  K=3
  verify 4: accepted 2/2 (K=3) + correction -> +3 tokens (142.5 ms)  cpos=940

[spec] generated 8 tokens over 4 verifies: mean tokens/verify = 2.00 (block=6, max 7)
[spec] tokens: 61096 2739 20775 1580 62108 16 61561 16
[spec] SPEC-DECODE: 61.4 ms/tok = 16.28 tok/s  (vs base M=1 69.1 ms/tok = 14.46 tok/s -> 1.13x)
[decode] PREFILL: 528 positions in 9504.4 ms = 55.6 tok/s (18.001 ms/tok)
[capture] wrote /home/patrickd/s5-capture/s2/c0/cap/shard_p304_s000528.dspc  528 tok x (3 taps + 1 lm_in) x 4096 = 16.5 MB (32.0 KB/tok)
[probe] wrote 16 draft probes (block=6) to /home/patrickd/s5-capture/s2/c0/cap/drafts_p304_s000528.txt
[spec] decoding 8 tokens (block=6, draft passes=1, adaptK=1.50, prompt=304 s=529)...
  [margins] 3.26 4.38 1.77 3.30 3.43 1.24  K=6
  verify 1: accepted 0/5 (K=6) + correction -> +1 tokens (176.6 ms)  cpos=529
  [margins] 10.80 2.94 3.94 1.96 1.64 0.57  K=6
  verify 2: accepted 5/5 (K=6) + correction -> +6 tokens (179.3 ms)  cpos=535
  [margins] 2.57 0.05 2.63 0.89 1.12 0.09  K=2
  verify 3: accepted 0/1 (K=2) + correction -> +1 tokens (122.9 ms)  cpos=536

[spec] generated 8 tokens over 3 verifies: mean tokens/verify = 2.67 (block=6, max 7)
[spec] tokens: 7918 995 10662 436 16 1 1 1
[spec] SPEC-DECODE: 43.2 ms/tok = 23.16 tok/s  (vs base M=1 69.1 ms/tok = 14.46 tok/s -> 1.60x)
[decode] PREFILL: 1083 positions in 20409.5 ms = 53.1 tok/s (18.845 ms/tok)
[capture] wrote /home/patrickd/s5-capture/s2/c0/cap/shard_p305_s001083.dspc  1083 tok x (3 taps + 1 lm_in) x 4096 = 33.8 MB (32.0 KB/tok)
[probe] wrote 16 draft probes (block=6) to /home/patrickd/s5-capture/s2/c0/cap/drafts_p305_s001083.txt
[spec] decoding 8 tokens (block=6, draft passes=1, adaptK=1.50, prompt=305 s=1084)...
  [margins] 15.50 16.86 16.52 8.11 8.01 12.18  K=7
  verify 1: accepted 6/6 (K=7) + correction -> +7 tokens (230.3 ms)  cpos=1090
  [margins] 8.92 15.96 10.24 11.17 9.92 7.76  K=7
  verify 2: accepted 6/6 (K=7) + correction -> +7 tokens (229.0 ms)  cpos=1097

[spec] generated 14 tokens over 2 verifies: mean tokens/verify = 7.00 (block=6, max 7)
[spec] tokens: 305 46106 15673 16 455 14108 16893 270 3818 3631 57885 295 85377 28
[spec] SPEC-DECODE: 32.7 ms/tok = 30.57 tok/s  (vs base M=1 69.1 ms/tok = 14.46 tok/s -> 2.11x)
[decode] PREFILL: 537 positions in 9681.3 ms = 55.5 tok/s (18.028 ms/tok)
[capture] wrote /home/patrickd/s5-capture/s2/c0/cap/shard_p306_s000537.dspc  537 tok x (3 taps + 1 lm_in) x 4096 = 16.8 MB (32.0 KB/tok)
[probe] wrote 16 draft probes (block=6) to /home/patrickd/s5-capture/s2/c0/cap/drafts_p306_s000537.txt
[spec] decoding 8 tokens (block=6, draft passes=1, adaptK=1.50, prompt=306 s=538)...
  [margins] 14.60 9.37 13.41 3.65 5.17 6.47  K=7
  verify 1: accepted 3/6 (K=7) + correction -> +4 tokens (201.4 ms)  cpos=541
  [margins] 14.94 12.61 14.21 1.60 6.16 6.67  K=7
  verify 2: accepted 3/6 (K=7) + correction -> +4 tokens (201.6 ms)  cpos=545

[spec] generated 8 tokens over 2 verifies: mean tokens/verify = 4.00 (block=6, max 7)
[spec] tokens: 3749 11 3749 11 3749 11 3749 11
[spec] SPEC-DECODE: 50.4 ms/tok = 19.84 tok/s  (vs base M=1 69.1 ms/tok = 14.46 tok/s -> 1.37x)
[decode] PREFILL: 600 positions in 10862.6 ms = 55.2 tok/s (18.104 ms/tok)
[capture] wrote /home/patrickd/s5-capture/s2/c0/cap/shard_p307_s000600.dspc  600 tok x (3 taps + 1 lm_in) x 4096 = 18.8 MB (32.0 KB/tok)
[probe] wrote 16 draft probes (block=6) to /home/patrickd/s5-capture/s2/c0/cap/drafts_p307_s000600.txt
[spec] decoding 8 tokens (block=6, draft passes=1, adaptK=1.50, prompt=307 s=601)...
  [margins] 14.71 17.55 7.03 9.59 12.59 11.04  K=7
  verify 1: accepted 6/6 (K=7) + correction -> +7 tokens (205.0 ms)  cpos=607
  [margins] 14.71 11.37 10.64 15.35 6.39 8.71  K=7
  verify 2: accepted 6/6 (K=7) + correction -> +7 tokens (210.8 ms)  cpos=614

[spec] generated 14 tokens over 2 verifies: mean tokens/verify = 7.00 (block=6, max 7)
[spec] tokens: 37370 2019 16 455 5238 1531 366 1353 270 37370 2019 16 455 5238
[spec] SPEC-DECODE: 30.1 ms/tok = 33.20 tok/s  (vs base M=1 69.1 ms/tok = 14.46 tok/s -> 2.30x)
[decode] PREFILL: 1483 positions in 28812.9 ms = 51.5 tok/s (19.429 ms/tok)
[capture] wrote /home/patrickd/s5-capture/s2/c0/cap/shard_p308_s001483.dspc  1483 tok x (3 taps + 1 lm_in) x 4096 = 46.3 MB (32.0 KB/tok)
[probe] wrote 16 draft probes (block=6) to /home/patrickd/s5-capture/s2/c0/cap/drafts_p308_s001483.txt
[spec] decoding 8 tokens (block=6, draft passes=1, adaptK=1.50, prompt=308 s=1484)...
  [margins] 8.58 8.81 10.29 10.73 8.78 1.65  K=7
  verify 1: accepted 6/6 (K=7) + correction -> +7 tokens (251.6 ms)  cpos=1490
  [margins] 12.73 10.28 14.29 10.31 5.22 0.81  K=6
  verify 2: accepted 5/5 (K=6) + correction -> +6 tokens (220.1 ms)  cpos=1496

[spec] generated 13 tokens over 2 verifies: mean tokens/verify = 6.50 (block=6, max 7)
[spec] tokens: 3749 455 8334 17084 124876 28838 2968 734 53071 477 25526 305 15201
[spec] SPEC-DECODE: 36.7 ms/tok = 27.26 tok/s  (vs base M=1 69.1 ms/tok = 14.46 tok/s -> 1.88x)
[decode] PREFILL: 538 positions in 9704.6 ms = 55.4 tok/s (18.038 ms/tok)
[capture] wrote /home/patrickd/s5-capture/s2/c0/cap/shard_p309_s000538.dspc  538 tok x (3 taps + 1 lm_in) x 4096 = 16.8 MB (32.0 KB/tok)
[probe] wrote 16 draft probes (block=6) to /home/patrickd/s5-capture/s2/c0/cap/drafts_p309_s000538.txt
[spec] decoding 8 tokens (block=6, draft passes=1, adaptK=1.50, prompt=309 s=539)...
  [margins] 13.31 12.76 12.15 0.85 0.47 0.20  K=4
  verify 1: accepted 3/3 (K=4) + correction -> +4 tokens (150.5 ms)  cpos=542
  [margins] 12.00 12.02 13.26 1.23 2.21 4.88  K=4
  verify 2: accepted 3/3 (K=4) + correction -> +4 tokens (149.4 ms)  cpos=546

[spec] generated 8 tokens over 2 verifies: mean tokens/verify = 4.00 (block=6, max 7)
[spec] tokens: 91 15311 2396 24875 91 14905 2396 24875
[spec] SPEC-DECODE: 37.3 ms/tok = 26.78 tok/s  (vs base M=1 69.1 ms/tok = 14.46 tok/s -> 1.85x)
[decode] PREFILL: 883 positions in 16386.7 ms = 53.9 tok/s (18.558 ms/tok)
[capture] wrote /home/patrickd/s5-capture/s2/c0/cap/shard_p310_s000883.dspc  883 tok x (3 taps + 1 lm_in) x 4096 = 27.6 MB (32.0 KB/tok)
[probe] wrote 16 draft probes (block=6) to /home/patrickd/s5-capture/s2/c0/cap/drafts_p310_s000883.txt
[spec] decoding 8 tokens (block=6, draft passes=1, adaptK=1.50, prompt=310 s=884)...
  [margins] 14.15 13.80 4.61 14.74 7.15 7.71  K=7
  verify 1: accepted 6/6 (K=7) + correction -> +7 tokens (224.5 ms)  cpos=890
  [margins] 10.40 9.80 12.81 12.64 14.13 10.08  K=7
  verify 2: accepted 6/6 (K=7) + correction -> +7 tokens (264.3 ms)  cpos=897

[spec] generated 14 tokens over 2 verifies: mean tokens/verify = 7.00 (block=6, max 7)
[spec] tokens: 6272 294 270 84545 16 983 344 270 118228 38073 396 270 76881 38089
[spec] SPEC-DECODE: 37.8 ms/tok = 26.48 tok/s  (vs base M=1 69.1 ms/tok = 14.46 tok/s -> 1.83x)
[decode] PREFILL: 611 positions in 11076.1 ms = 55.2 tok/s (18.128 ms/tok)
[capture] wrote /home/patrickd/s5-capture/s2/c0/cap/shard_p311_s000611.dspc  611 tok x (3 taps + 1 lm_in) x 4096 = 19.1 MB (32.0 KB/tok)
[probe] wrote 16 draft probes (block=6) to /home/patrickd/s5-capture/s2/c0/cap/drafts_p311_s000611.txt
[spec] decoding 8 tokens (block=6, draft passes=1, adaptK=1.50, prompt=311 s=612)...
  [margins] 6.62 7.06 4.71 4.27 8.31 3.60  K=7
  verify 1: accepted 0/6 (K=7) + correction -> +1 tokens (212.1 ms)  cpos=612
  [margins] 10.11 11.41 13.72 7.99 7.10 14.02  K=7
  verify 2: accepted 6/6 (K=7) + correction -> +7 tokens (205.5 ms)  cpos=619

[spec] generated 8 tokens over 2 verifies: mean tokens/verify = 4.00 (block=6, max 7)
[spec] tokens: 14 270 4105 1926 759 554 366 20739
[spec] SPEC-DECODE: 29.4 ms/tok = 34.06 tok/s  (vs base M=1 69.1 ms/tok = 14.46 tok/s -> 2.36x)
[decode] PREFILL: 535 positions in 9635.2 ms = 55.5 tok/s (18.010 ms/tok)
[capture] wrote /home/patrickd/s5-capture/s2/c0/cap/shard_p312_s000535.dspc  535 tok x (3 taps + 1 lm_in) x 4096 = 16.7 MB (32.0 KB/tok)
[probe] wrote 16 draft probes (block=6) to /home/patrickd/s5-capture/s2/c0/cap/drafts_p312_s000535.txt
[spec] decoding 8 tokens (block=6, draft passes=1, adaptK=1.50, prompt=312 s=536)...
  [margins] 13.80 12.74 12.51 12.72 12.76 12.47  K=7
  verify 1: accepted 6/6 (K=7) + correction -> +7 tokens (199.7 ms)  cpos=542
  [margins] 11.78 12.45 12.78 11.44 13.46 10.64  K=7
  verify 2: accepted 6/6 (K=7) + correction -> +7 tokens (196.6 ms)  cpos=549

[spec] generated 14 tokens over 2 verifies: mean tokens/verify = 7.00 (block=6, max 7)
[spec] tokens: 16448 16 16448 16 16448 16 16448 16 16448 16 16448 16 16448 16
[spec] SPEC-DECODE: 28.1 ms/tok = 35.61 tok/s  (vs base M=1 69.1 ms/tok = 14.46 tok/s -> 2.46x)
[decode] PREFILL: 951 positions in 17761.0 ms = 53.5 tok/s (18.676 ms/tok)
[capture] wrote /home/patrickd/s5-capture/s2/c0/cap/shard_p313_s000951.dspc  951 tok x (3 taps + 1 lm_in) x 4096 = 29.7 MB (32.0 KB/tok)
[probe] wrote 16 draft probes (block=6) to /home/patrickd/s5-capture/s2/c0/cap/drafts_p313_s000951.txt
[spec] decoding 8 tokens (block=6, draft passes=1, adaptK=1.50, prompt=313 s=952)...
  [margins] 7.05 9.37 8.63 11.08 11.87 8.91  K=7
  verify 1: accepted 6/6 (K=7) + correction -> +7 tokens (223.0 ms)  cpos=958
  [margins] 12.66 13.48 10.49 11.46 10.31 8.35  K=7
  verify 2: accepted 6/6 (K=7) + correction -> +7 tokens (225.3 ms)  cpos=965

[spec] generated 14 tokens over 2 verifies: mean tokens/verify = 7.00 (block=6, max 7)
[spec] tokens: 16 280 271 671 4813 3287 344 334 28 455 6129 294 270 4388
[spec] SPEC-DECODE: 32.2 ms/tok = 31.07 tok/s  (vs base M=1 69.1 ms/tok = 14.46 tok/s -> 2.15x)
[decode] PREFILL: 530 positions in 9564.3 ms = 55.4 tok/s (18.046 ms/tok)
[capture] wrote /home/patrickd/s5-capture/s2/c0/cap/shard_p314_s000530.dspc  530 tok x (3 taps + 1 lm_in) x 4096 = 16.6 MB (32.0 KB/tok)
[probe] wrote 16 draft probes (block=6) to /home/patrickd/s5-capture/s2/c0/cap/drafts_p314_s000530.txt
[spec] decoding 8 tokens (block=6, draft passes=1, adaptK=1.50, prompt=314 s=531)...
  [margins] 8.89 10.94 17.29 10.05 11.27 12.37  K=7
  verify 1: accepted 6/6 (K=7) + correction -> +7 tokens (202.0 ms)  cpos=537
  [margins] 11.08 16.49 9.19 11.49 16.25 9.99  K=7
  verify 2: accepted 6/6 (K=7) + correction -> +7 tokens (200.1 ms)  cpos=544

[spec] generated 14 tokens over 2 verifies: mean tokens/verify = 7.00 (block=6, max 7)
[spec] tokens: 16 44171 8308 16 44171 8308 16 44171 8308 16 44171 8308 16 44171
[spec] SPEC-DECODE: 28.6 ms/tok = 34.97 tok/s  (vs base M=1 69.1 ms/tok = 14.46 tok/s -> 2.42x)
[decode] PREFILL: 673 positions in 12282.4 ms = 54.8 tok/s (18.250 ms/tok)
[capture] wrote /home/patrickd/s5-capture/s2/c0/cap/shard_p315_s000673.dspc  673 tok x (3 taps + 1 lm_in) x 4096 = 21.0 MB (32.0 KB/tok)
[probe] wrote 16 draft probes (block=6) to /home/patrickd/s5-capture/s2/c0/cap/drafts_p315_s000673.txt
[spec] decoding 8 tokens (block=6, draft passes=1, adaptK=1.50, prompt=315 s=674)...
  [margins] 4.67 11.85 10.43 5.44 0.16 1.16  K=5
  verify 1: accepted 4/4 (K=5) + correction -> +5 tokens (162.5 ms)  cpos=678
  [margins] 10.10 11.01 2.49 3.35 1.19 1.71  K=5
  verify 2: accepted 4/4 (K=5) + correction -> +5 tokens (167.5 ms)  cpos=683

[spec] generated 10 tokens over 2 verifies: mean tokens/verify = 5.00 (block=6, max 7)
[spec] tokens: 223 19 16 1417 9609 469 21417 396 4491 270
[spec] SPEC-DECODE: 33.5 ms/tok = 29.86 tok/s  (vs base M=1 69.1 ms/tok = 14.46 tok/s -> 2.06x)
[decode] PREFILL: 652 positions in 11898.2 ms = 54.8 tok/s (18.249 ms/tok)
[capture] wrote /home/patrickd/s5-capture/s2/c0/cap/shard_p316_s000652.dspc  652 tok x (3 taps + 1 lm_in) x 4096 = 20.4 MB (32.0 KB/tok)
[probe] wrote 16 draft probes (block=6) to /home/patrickd/s5-capture/s2/c0/cap/drafts_p316_s000652.txt
[spec] decoding 8 tokens (block=6, draft passes=1, adaptK=1.50, prompt=316 s=653)...
  [margins] 3.51 9.06 4.29 1.46 1.14 0.11  K=4
  verify 1: accepted 3/3 (K=4) + correction -> +4 tokens (149.6 ms)  cpos=656
  [margins] 2.79 0.49 3.58 1.33 2.93 0.04  K=2
  verify 2: accepted 1/1 (K=2) + correction -> +2 tokens (114.8 ms)  cpos=658
  [margins] 10.97 2.73 0.09 1.43 4.07 0.46  K=3
  verify 3: accepted 2/2 (K=3) + correction -> +3 tokens (137.0 ms)  cpos=661

[spec] generated 9 tokens over 3 verifies: mean tokens/verify = 3.00 (block=6, max 7)
[spec] tokens: 59437 418 260 8954 14 47709 18298 14 1345
[spec] SPEC-DECODE: 50.4 ms/tok = 19.86 tok/s  (vs base M=1 69.1 ms/tok = 14.46 tok/s -> 1.37x)
[decode] PREFILL: 531 positions in 9580.9 ms = 55.4 tok/s (18.043 ms/tok)
[capture] wrote /home/patrickd/s5-capture/s2/c0/cap/shard_p317_s000531.dspc  531 tok x (3 taps + 1 lm_in) x 4096 = 16.6 MB (32.0 KB/tok)
[probe] wrote 16 draft probes (block=6) to /home/patrickd/s5-capture/s2/c0/cap/drafts_p317_s000531.txt
[spec] decoding 8 tokens (block=6, draft passes=1, adaptK=1.50, prompt=317 s=532)...
  [margins] 3.03 0.61 9.33 1.29 2.37 3.00  K=2
  verify 1: accepted 1/1 (K=2) + correction -> +2 tokens (120.8 ms)  cpos=533
  [margins] 11.78 2.64 0.33 3.51 2.16 1.00  K=3
  verify 2: accepted 2/2 (K=3) + correction -> +3 tokens (134.3 ms)  cpos=536
  [margins] 6.75 4.25 7.31 4.28 0.73 2.59  K=5
  verify 3: accepted 4/4 (K=5) + correction -> +5 tokens (157.7 ms)  cpos=541

[spec] generated 10 tokens over 3 verifies: mean tokens/verify = 3.33 (block=6, max 7)
[spec] tokens: 334 37458 5485 396 344 260 32781 377 270 2333
[spec] SPEC-DECODE: 36.5 ms/tok = 27.41 tok/s  (vs base M=1 69.1 ms/tok = 14.46 tok/s -> 1.90x)
[decode] PREFILL: 676 positions in 12345.1 ms = 54.8 tok/s (18.262 ms/tok)
[capture] wrote /home/patrickd/s5-capture/s2/c0/cap/shard_p318_s000676.dspc  676 tok x (3 taps + 1 lm_in) x 4096 = 21.1 MB (32.0 KB/tok)
[probe] wrote 16 draft probes (block=6) to /home/patrickd/s5-capture/s2/c0/cap/drafts_p318_s000676.txt
[spec] decoding 8 tokens (block=6, draft passes=1, adaptK=1.50, prompt=318 s=677)...
  [margins] 4.92 3.93 0.16 0.34 0.86 0.89  K=3
  verify 1: accepted 1/2 (K=3) + correction -> +2 tokens (129.9 ms)  cpos=678
  [margins] 3.81 11.30 7.75 2.09 3.22 5.17  K=7
  verify 2: accepted 6/6 (K=7) + correction -> +7 tokens (215.0 ms)  cpos=685

[spec] generated 9 tokens over 2 verifies: mean tokens/verify = 4.50 (block=6, max 7)
[spec] tokens: 15 84299 3591 106850 343 856 4786 11 5866
[spec] SPEC-DECODE: 30.7 ms/tok = 32.56 tok/s  (vs base M=1 69.1 ms/tok = 14.46 tok/s -> 2.25x)
[decode] PREFILL: 535 positions in 9639.8 ms = 55.5 tok/s (18.018 ms/tok)
[capture] wrote /home/patrickd/s5-capture/s2/c0/cap/shard_p319_s000535.dspc  535 tok x (3 taps + 1 lm_in) x 4096 = 16.7 MB (32.0 KB/tok)
[probe] wrote 16 draft probes (block=6) to /home/patrickd/s5-capture/s2/c0/cap/drafts_p319_s000535.txt
[spec] decoding 8 tokens (block=6, draft passes=1, adaptK=1.50, prompt=319 s=536)...
  [margins] 11.39 19.39 16.12 14.64 10.71 8.56  K=7
  verify 1: accepted 6/6 (K=7) + correction -> +7 tokens (211.0 ms)  cpos=542
  [margins] 15.90 16.46 15.26 3.20 7.27 6.34  K=7
  verify 2: accepted 6/6 (K=7) + correction -> +7 tokens (211.0 ms)  cpos=549

[spec] generated 14 tokens over 2 verifies: mean tokens/verify = 7.00 (block=6, max 7)
[spec] tokens: 305 14432 14 995 344 270 28100 294 7419 6247 25560 803 69344 82
[spec] SPEC-DECODE: 30.1 ms/tok = 33.17 tok/s  (vs base M=1 69.1 ms/tok = 14.46 tok/s -> 2.29x)
[decode] PREFILL: 673 positions in 12290.5 ms = 54.8 tok/s (18.262 ms/tok)
[capture] wrote /home/patrickd/s5-capture/s2/c0/cap/shard_p320_s000673.dspc  673 tok x (3 taps + 1 lm_in) x 4096 = 21.0 MB (32.0 KB/tok)
[probe] wrote 16 draft probes (block=6) to /home/patrickd/s5-capture/s2/c0/cap/drafts_p320_s000673.txt
[spec] decoding 8 tokens (block=6, draft passes=1, adaptK=1.50, prompt=320 s=674)...
  [margins] 7.14 3.53 6.04 5.99 0.06 0.27  K=5
  verify 1: accepted 4/4 (K=5) + correction -> +5 tokens (166.4 ms)  cpos=678
  [margins] 0.61 0.19 1.55 6.09 1.09 3.03  K=2
  verify 2: accepted 0/1 (K=2) + correction -> +1 tokens (122.4 ms)  cpos=679
  [margins] 0.84 12.04 7.43 0.77 4.04 0.39  K=4
  verify 3: accepted 0/3 (K=4) + correction -> +1 tokens (148.1 ms)  cpos=680
  [margins] 8.14 6.86 1.91 7.52 1.47 3.39  K=5
  verify 4: accepted 2/4 (K=5) + correction -> +3 tokens (159.3 ms)  cpos=683

[spec] generated 10 tokens over 4 verifies: mean tokens/verify = 2.50 (block=6, max 7)
[spec] tokens: 270 49485 9117 344 260 3077 24451 294 270 3924
[spec] SPEC-DECODE: 86.0 ms/tok = 11.63 tok/s  (vs base M=1 69.1 ms/tok = 14.46 tok/s -> 0.80x)
[decode] PREFILL: 535 positions in 9634.5 ms = 55.5 tok/s (18.008 ms/tok)
[capture] wrote /home/patrickd/s5-capture/s2/c0/cap/shard_p321_s000535.dspc  535 tok x (3 taps + 1 lm_in) x 4096 = 16.7 MB (32.0 KB/tok)
[probe] wrote 16 draft probes (block=6) to /home/patrickd/s5-capture/s2/c0/cap/drafts_p321_s000535.txt
[spec] decoding 8 tokens (block=6, draft passes=1, adaptK=1.50, prompt=321 s=536)...
  [margins] 13.18 10.86 10.42 11.97 8.40 8.28  K=7
  verify 1: accepted 6/6 (K=7) + correction -> +7 tokens (204.5 ms)  cpos=542
  [margins] 11.31 11.45 12.29 9.20 7.94 9.33  K=7
  verify 2: accepted 6/6 (K=7) + correction -> +7 tokens (201.6 ms)  cpos=549

[spec] generated 14 tokens over 2 verifies: mean tokens/verify = 7.00 (block=6, max 7)
[spec] tokens: 1823 31152 29 1823 31152 29 1823 31152 29 1823 31152 29 1823 31152
[spec] SPEC-DECODE: 28.8 ms/tok = 34.72 tok/s  (vs base M=1 69.1 ms/tok = 14.46 tok/s -> 2.40x)
[decode] PREFILL: 535 positions in 9647.6 ms = 55.5 tok/s (18.033 ms/tok)
[capture] wrote /home/patrickd/s5-capture/s2/c0/cap/shard_p322_s000535.dspc  535 tok x (3 taps + 1 lm_in) x 4096 = 16.7 MB (32.0 KB/tok)
[probe] wrote 16 draft probes (block=6) to /home/patrickd/s5-capture/s2/c0/cap/drafts_p322_s000535.txt
[spec] decoding 8 tokens (block=6, draft passes=1, adaptK=1.50, prompt=322 s=536)...
  [margins] 4.29 0.09 3.17 3.46 3.61 8.19  K=2
  verify 1: accepted 0/1 (K=2) + correction -> +1 tokens (121.2 ms)  cpos=536
  [margins] 14.81 2.88 4.95 12.36 10.36 10.80  K=7
  verify 2: accepted 6/6 (K=7) + correction -> +7 tokens (204.6 ms)  cpos=543

[spec] generated 8 tokens over 2 verifies: mean tokens/verify = 4.00 (block=6, max 7)
[spec] tokens: 10670 3847 13442 201 15 2619 46 2245
[spec] SPEC-DECODE: 29.2 ms/tok = 34.21 tok/s  (vs base M=1 69.1 ms/tok = 14.46 tok/s -> 2.37x)
[decode] PREFILL: 677 positions in 12359.2 ms = 54.8 tok/s (18.256 ms/tok)
[capture] wrote /home/patrickd/s5-capture/s2/c0/cap/shard_p323_s000677.dspc  677 tok x (3 taps + 1 lm_in) x 4096 = 21.2 MB (32.0 KB/tok)
[probe] wrote 16 draft probes (block=6) to /home/patrickd/s5-capture/s2/c0/cap/drafts_p323_s000677.txt
[spec] decoding 8 tokens (block=6, draft passes=1, adaptK=1.50, prompt=323 s=678)...
  [margins] 17.15 16.83 15.66 12.54 12.07 2.00  K=7
  verify 1: accepted 6/6 (K=7) + correction -> +7 tokens (214.4 ms)  cpos=684
  [margins] 15.75 14.27 14.95 12.08 11.90 6.86  K=7
  verify 2: accepted 6/6 (K=7) + correction -> +7 tokens (208.0 ms)  cpos=691

[spec] generated 14 tokens over 2 verifies: mean tokens/verify = 7.00 (block=6, max 7)
[spec] tokens: 88 779 16 23 3749 11 88 779 16 24 3749 11 88 779
[spec] SPEC-DECODE: 29.7 ms/tok = 33.65 tok/s  (vs base M=1 69.1 ms/tok = 14.46 tok/s -> 2.33x)
[decode] PREFILL: 925 positions in 17232.0 ms = 53.7 tok/s (18.629 ms/tok)
[capture] wrote /home/patrickd/s5-capture/s2/c0/cap/shard_p324_s000925.dspc  925 tok x (3 taps + 1 lm_in) x 4096 = 28.9 MB (32.0 KB/tok)
[probe] wrote 16 draft probes (block=6) to /home/patrickd/s5-capture/s2/c0/cap/drafts_p324_s000925.txt
[spec] decoding 8 tokens (block=6, draft passes=1, adaptK=1.50, prompt=324 s=926)...
  [margins] 13.51 15.87 13.30 9.93 10.07 6.93  K=7
  verify 1: accepted 6/6 (K=7) + correction -> +7 tokens (227.2 ms)  cpos=932
  [margins] 15.71 19.00 6.80 8.56 9.14 9.05  K=7
  verify 2: accepted 6/6 (K=7) + correction -> +7 tokens (217.1 ms)  cpos=939

[spec] generated 14 tokens over 2 verifies: mean tokens/verify = 7.00 (block=6, max 7)
[spec] tokens: 793 21689 305 270 8361 1347 294 793 17281 16 455 1840 10158 344
[spec] SPEC-DECODE: 31.0 ms/tok = 32.24 tok/s  (vs base M=1 69.1 ms/tok = 14.46 tok/s -> 2.23x)
[decode] PREFILL: 533 positions in 9622.0 ms = 55.4 tok/s (18.053 ms/tok)
[capture] wrote /home/patrickd/s5-capture/s2/c0/cap/shard_p325_s000533.dspc  533 tok x (3 taps + 1 lm_in) x 4096 = 16.7 MB (32.0 KB/tok)
[probe] wrote 16 draft probes (block=6) to /home/patrickd/s5-capture/s2/c0/cap/drafts_p325_s000533.txt
[spec] decoding 8 tokens (block=6, draft passes=1, adaptK=1.50, prompt=325 s=534)...
  [margins] 10.59 15.70 12.18 2.32 0.10 1.33  K=5
  verify 1: accepted 3/4 (K=5) + correction -> +4 tokens (160.0 ms)  cpos=537
  [margins] 12.56 13.17 9.00 9.99 9.75 2.52  K=7
  verify 2: accepted 5/6 (K=7) + correction -> +6 tokens (211.7 ms)  cpos=543

[spec] generated 10 tokens over 2 verifies: mean tokens/verify = 5.00 (block=6, max 7)
[spec] tokens: 3480 9609 14 436 19972 295 260 3549 6315 16
[spec] SPEC-DECODE: 35.3 ms/tok = 28.34 tok/s  (vs base M=1 69.1 ms/tok = 14.46 tok/s -> 1.96x)
[decode] PREFILL: 670 positions in 12228.7 ms = 54.8 tok/s (18.252 ms/tok)
[capture] wrote /home/patrickd/s5-capture/s2/c0/cap/shard_p326_s000670.dspc  670 tok x (3 taps + 1 lm_in) x 4096 = 20.9 MB (32.0 KB/tok)
[probe] wrote 16 draft probes (block=6) to /home/patrickd/s5-capture/s2/c0/cap/drafts_p326_s000670.txt
[spec] decoding 8 tokens (block=6, draft passes=1, adaptK=1.50, prompt=326 s=671)...
  [margins] 3.47 8.67 3.30 9.20 9.95 3.81  K=7
  verify 1: accepted 0/6 (K=7) + correction -> +1 tokens (214.7 ms)  cpos=671
  [margins] 6.49 8.14 10.26 3.95 2.44 3.27  K=7
  verify 2: accepted 6/6 (K=7) + correction -> +7 tokens (214.7 ms)  cpos=678

[spec] generated 8 tokens over 2 verifies: mean tokens/verify = 4.00 (block=6, max 7)
[spec] tokens: 3840 7181 270 2019 2329 305 8252 16
[spec] SPEC-DECODE: 30.7 ms/tok = 32.61 tok/s  (vs base M=1 69.1 ms/tok = 14.46 tok/s -> 2.25x)
[decode] PREFILL: 531 positions in 9574.1 ms = 55.5 tok/s (18.030 ms/tok)
[capture] wrote /home/patrickd/s5-capture/s2/c0/cap/shard_p327_s000531.dspc  531 tok x (3 taps + 1 lm_in) x 4096 = 16.6 MB (32.0 KB/tok)
[probe] wrote 16 draft probes (block=6) to /home/patrickd/s5-capture/s2/c0/cap/drafts_p327_s000531.txt
[spec] decoding 8 tokens (block=6, draft passes=1, adaptK=1.50, prompt=327 s=532)...
  [margins] 12.84 12.58 14.12 1.89 7.13 6.89  K=7
  verify 1: accepted 3/6 (K=7) + correction -> +4 tokens (201.9 ms)  cpos=535
  [margins] 14.83 13.48 15.38 0.14 8.80 8.75  K=4
  verify 2: accepted 3/3 (K=4) + correction -> +4 tokens (144.1 ms)  cpos=539

[spec] generated 8 tokens over 2 verifies: mean tokens/verify = 4.00 (block=6, max 7)
[spec] tokens: 3749 11 3749 11 3749 11 3749 11
[spec] SPEC-DECODE: 36.0 ms/tok = 27.77 tok/s  (vs base M=1 69.1 ms/tok = 14.46 tok/s -> 1.92x)
[decode] PREFILL: 630 positions in 11435.1 ms = 55.1 tok/s (18.151 ms/tok)
[capture] wrote /home/patrickd/s5-capture/s2/c0/cap/shard_p328_s000630.dspc  630 tok x (3 taps + 1 lm_in) x 4096 = 19.7 MB (32.0 KB/tok)
[probe] wrote 16 draft probes (block=6) to /home/patrickd/s5-capture/s2/c0/cap/drafts_p328_s000630.txt
[spec] decoding 8 tokens (block=6, draft passes=1, adaptK=1.50, prompt=328 s=631)...
  [margins] 15.78 16.68 9.83 1.73 7.11 0.13  K=6
  verify 1: accepted 5/5 (K=6) + correction -> +6 tokens (187.0 ms)  cpos=636
  [margins] 5.14 10.76 13.09 8.58 5.31 2.94  K=7
  verify 2: accepted 5/6 (K=7) + correction -> +6 tokens (246.5 ms)  cpos=642

[spec] generated 12 tokens over 2 verifies: mean tokens/verify = 6.00 (block=6, max 7)
[spec] tokens: 294 22249 16 4480 678 1926 270 1178 20035 65 16448 26374
[spec] SPEC-DECODE: 41.1 ms/tok = 24.34 tok/s  (vs base M=1 69.1 ms/tok = 14.46 tok/s -> 1.68x)
[decode] PREFILL: 543 positions in 9777.8 ms = 55.5 tok/s (18.007 ms/tok)
[capture] wrote /home/patrickd/s5-capture/s2/c0/cap/shard_p329_s000543.dspc  543 tok x (3 taps + 1 lm_in) x 4096 = 17.0 MB (32.0 KB/tok)
[probe] wrote 16 draft probes (block=6) to /home/patrickd/s5-capture/s2/c0/cap/drafts_p329_s000543.txt
[spec] decoding 8 tokens (block=6, draft passes=1, adaptK=1.50, prompt=329 s=544)...
  [margins] 15.68 14.53 12.79 9.54 13.12 11.91  K=7
  verify 1: accepted 6/6 (K=7) + correction -> +7 tokens (207.2 ms)  cpos=550
  [margins] 13.74 14.31 10.61 6.59 8.32 6.21  K=7
  verify 2: accepted 6/6 (K=7) + correction -> +7 tokens (210.2 ms)  cpos=557

[spec] generated 14 tokens over 2 verifies: mean tokens/verify = 7.00 (block=6, max 7)
[spec] tokens: 7001 13796 412 1949 14 832 436 6329 957 25544 16 34488 1305 1234
[spec] SPEC-DECODE: 30.0 ms/tok = 33.30 tok/s  (vs base M=1 69.1 ms/tok = 14.46 tok/s -> 2.30x)
[decode] PREFILL: 1060 positions in 19993.0 ms = 53.0 tok/s (18.861 ms/tok)
[capture] wrote /home/patrickd/s5-capture/s2/c0/cap/shard_p330_s001060.dspc  1060 tok x (3 taps + 1 lm_in) x 4096 = 33.1 MB (32.0 KB/tok)
[probe] wrote 16 draft probes (block=6) to /home/patrickd/s5-capture/s2/c0/cap/drafts_p330_s001060.txt
[spec] decoding 8 tokens (block=6, draft passes=1, adaptK=1.50, prompt=330 s=1061)...
  [margins] 13.77 10.87 8.38 10.53 5.36 5.62  K=7
  verify 1: accepted 6/6 (K=7) + correction -> +7 tokens (225.5 ms)  cpos=1067
  [margins] 17.90 18.10 14.11 4.15 7.69 4.69  K=7
  verify 2: accepted 3/6 (K=7) + correction -> +4 tokens (227.9 ms)  cpos=1071

[spec] generated 11 tokens over 2 verifies: mean tokens/verify = 5.50 (block=6, max 7)
[spec] tokens: 71404 108480 22688 295 270 2894 223 1328 1737 344 223
[spec] SPEC-DECODE: 57.0 ms/tok = 17.55 tok/s  (vs base M=1 69.1 ms/tok = 14.46 tok/s -> 1.21x)
[decode] PREFILL: 532 positions in 9595.5 ms = 55.4 tok/s (18.037 ms/tok)
[capture] wrote /home/patrickd/s5-capture/s2/c0/cap/shard_p331_s000532.dspc  532 tok x (3 taps + 1 lm_in) x 4096 = 16.6 MB (32.0 KB/tok)
[probe] wrote 16 draft probes (block=6) to /home/patrickd/s5-capture/s2/c0/cap/drafts_p331_s000532.txt
[spec] decoding 8 tokens (block=6, draft passes=1, adaptK=1.50, prompt=331 s=533)...
  [margins] 12.37 18.65 11.40 10.82 11.51 9.11  K=7
  verify 1: accepted 6/6 (K=7) + correction -> +7 tokens (196.0 ms)  cpos=539
  [margins] 21.09 11.76 13.94 13.05 11.55 8.50  K=7
  verify 2: accepted 6/6 (K=7) + correction -> +7 tokens (202.3 ms)  cpos=546

[spec] generated 14 tokens over 2 verifies: mean tokens/verify = 7.00 (block=6, max 7)
[spec] tokens: 16374 88 16 16374 88 16 16374 88 16 16374 88 16 16374 88
[spec] SPEC-DECODE: 28.9 ms/tok = 34.60 tok/s  (vs base M=1 69.1 ms/tok = 14.46 tok/s -> 2.39x)
[decode] PREFILL: 553 positions in 9990.7 ms = 55.4 tok/s (18.066 ms/tok)
[capture] wrote /home/patrickd/s5-capture/s2/c0/cap/shard_p332_s000553.dspc  553 tok x (3 taps + 1 lm_in) x 4096 = 17.3 MB (32.0 KB/tok)
[probe] wrote 16 draft probes (block=6) to /home/patrickd/s5-capture/s2/c0/cap/drafts_p332_s000553.txt
[spec] decoding 8 tokens (block=6, draft passes=1, adaptK=1.50, prompt=332 s=554)...
  [margins] 13.44 12.38 16.40 11.24 5.47 2.61  K=7
  verify 1: accepted 6/6 (K=7) + correction -> +7 tokens (210.5 ms)  cpos=560
  [margins] 6.98 9.26 10.10 9.46 9.58 1.66  K=7
  verify 2: accepted 6/6 (K=7) + correction -> +7 tokens (201.9 ms)  cpos=567

[spec] generated 14 tokens over 2 verifies: mean tokens/verify = 7.00 (block=6, max 7)
[spec] tokens: 362 1660 12121 16 455 2753 294 7513 51 28 334 3817 769 223
[spec] SPEC-DECODE: 28.8 ms/tok = 34.66 tok/s  (vs base M=1 69.1 ms/tok = 14.46 tok/s -> 2.40x)
[decode] PREFILL: 526 positions in 9466.2 ms = 55.6 tok/s (17.997 ms/tok)
[capture] wrote /home/patrickd/s5-capture/s2/c0/cap/shard_p333_s000526.dspc  526 tok x (3 taps + 1 lm_in) x 4096 = 16.4 MB (32.0 KB/tok)
[probe] wrote 16 draft probes (block=6) to /home/patrickd/s5-capture/s2/c0/cap/drafts_p333_s000526.txt
[spec] decoding 8 tokens (block=6, draft passes=1, adaptK=1.50, prompt=333 s=527)...
  [margins] 11.04 5.28 1.20 3.51 0.13 0.45  K=3
  verify 1: accepted 1/2 (K=3) + correction -> +2 tokens (131.8 ms)  cpos=528
  [margins] 10.36 11.66 1.82 0.30 8.19 4.57  K=4
  verify 2: accepted 3/3 (K=4) + correction -> +4 tokens (143.5 ms)  cpos=532
  [margins] 11.73 4.07 1.40 8.22 5.77 2.83  K=3
  verify 3: accepted 1/2 (K=3) + correction -> +2 tokens (124.2 ms)  cpos=534

[spec] generated 8 tokens over 3 verifies: mean tokens/verify = 2.67 (block=6, max 7)
[spec] tokens: 4111 8146 8548 4111 16 20850 4111 4001
[spec] SPEC-DECODE: 44.6 ms/tok = 22.41 tok/s  (vs base M=1 69.1 ms/tok = 14.46 tok/s -> 1.55x)
[decode] PREFILL: 591 positions in 10697.4 ms = 55.2 tok/s (18.100 ms/tok)
[capture] wrote /home/patrickd/s5-capture/s2/c0/cap/shard_p334_s000591.dspc  591 tok x (3 taps + 1 lm_in) x 4096 = 18.5 MB (32.0 KB/tok)
[probe] wrote 16 draft probes (block=6) to /home/patrickd/s5-capture/s2/c0/cap/drafts_p334_s000591.txt
[spec] decoding 8 tokens (block=6, draft passes=1, adaptK=1.50, prompt=334 s=592)...
  [margins] 13.44 4.02 0.37 1.41 0.19 2.07  K=3
  verify 1: accepted 2/2 (K=3) + correction -> +3 tokens (136.0 ms)  cpos=594
  [margins] 3.44 1.43 1.26 0.36 1.76 1.02  K=2
  verify 2: accepted 1/1 (K=2) + correction -> +2 tokens (125.0 ms)  cpos=596
  [margins] 1.50 1.04 1.78 0.82 0.89 5.41  K=2
  verify 3: accepted 1/1 (K=2) + correction -> +2 tokens (116.5 ms)  cpos=598
  [margins] 0.53 1.54 0.47 6.16 2.07 1.64  K=3
  verify 4: accepted 0/2 (K=3) + correction -> +1 tokens (135.2 ms)  cpos=599

[spec] generated 8 tokens over 4 verifies: mean tokens/verify = 2.00 (block=6, max 7)
[spec] tokens: 68480 344 260 4829 16 455 4105 759
[spec] SPEC-DECODE: 75.3 ms/tok = 13.27 tok/s  (vs base M=1 69.1 ms/tok = 14.46 tok/s -> 0.92x)
[decode] PREFILL: 581 positions in 10517.6 ms = 55.2 tok/s (18.103 ms/tok)
[capture] wrote /home/patrickd/s5-capture/s2/c0/cap/shard_p335_s000581.dspc  581 tok x (3 taps + 1 lm_in) x 4096 = 18.2 MB (32.0 KB/tok)
[probe] wrote 16 draft probes (block=6) to /home/patrickd/s5-capture/s2/c0/cap/drafts_p335_s000581.txt
[spec] decoding 8 tokens (block=6, draft passes=1, adaptK=1.50, prompt=335 s=582)...
  [margins] 11.95 15.08 15.99 16.00 4.91 12.22  K=7
  verify 1: accepted 6/6 (K=7) + correction -> +7 tokens (212.4 ms)  cpos=588
  [margins] 10.24 14.65 14.62 15.48 5.43 8.96  K=7
  verify 2: accepted 6/6 (K=7) + correction -> +7 tokens (203.6 ms)  cpos=595

[spec] generated 14 tokens over 2 verifies: mean tokens/verify = 7.00 (block=6, max 7)
[spec] tokens: 16 5241 82 50 19 51 2402 16 5241 82 50 19 51 4307
[spec] SPEC-DECODE: 29.1 ms/tok = 34.38 tok/s  (vs base M=1 69.1 ms/tok = 14.46 tok/s -> 2.38x)
[decode] PREFILL: 572 positions in 10329.0 ms = 55.4 tok/s (18.058 ms/tok)
[capture] wrote /home/patrickd/s5-capture/s2/c0/cap/shard_p336_s000572.dspc  572 tok x (3 taps + 1 lm_in) x 4096 = 17.9 MB (32.0 KB/tok)
[probe] wrote 16 draft probes (block=6) to /home/patrickd/s5-capture/s2/c0/cap/drafts_p336_s000572.txt
[spec] decoding 8 tokens (block=6, draft passes=1, adaptK=1.50, prompt=336 s=573)...
  [margins] 9.40 12.00 9.84 14.46 5.86 9.74  K=7
  verify 1: accepted 6/6 (K=7) + correction -> +7 tokens (192.2 ms)  cpos=579
  [margins] 14.71 12.89 15.50 0.05 10.77 8.02  K=4
  verify 2: accepted 3/3 (K=4) + correction -> +4 tokens (144.7 ms)  cpos=583

[spec] generated 11 tokens over 2 verifies: mean tokens/verify = 5.50 (block=6, max 7)
[spec] tokens: 11 3749 11 3749 11 3749 11 3749 11 3749 11
[spec] SPEC-DECODE: 36.2 ms/tok = 27.64 tok/s  (vs base M=1 69.1 ms/tok = 14.46 tok/s -> 1.91x)
[decode] PREFILL: 638 positions in 11545.7 ms = 55.3 tok/s (18.097 ms/tok)
[capture] wrote /home/patrickd/s5-capture/s2/c0/cap/shard_p337_s000638.dspc  638 tok x (3 taps + 1 lm_in) x 4096 = 19.9 MB (32.0 KB/tok)
[probe] wrote 16 draft probes (block=6) to /home/patrickd/s5-capture/s2/c0/cap/drafts_p337_s000638.txt
[spec] decoding 8 tokens (block=6, draft passes=1, adaptK=1.50, prompt=337 s=639)...
  [margins] 8.39 9.21 13.23 5.72 5.77 4.67  K=7
  verify 1: accepted 6/6 (K=7) + correction -> +7 tokens (253.3 ms)  cpos=645
  [margins] 6.87 10.43 7.62 8.85 12.22 0.33  K=6
  verify 2: accepted 5/5 (K=6) + correction -> +6 tokens (181.1 ms)  cpos=651

[spec] generated 13 tokens over 2 verifies: mean tokens/verify = 6.50 (block=6, max 7)
[spec] tokens: 270 6319 1975 2019 2329 305 8252 16 6948 270 6319 1975 2019
[spec] SPEC-DECODE: 30.2 ms/tok = 33.13 tok/s  (vs base M=1 69.1 ms/tok = 14.46 tok/s -> 2.29x)
[decode] PREFILL: 536 positions in 9654.9 ms = 55.5 tok/s (18.013 ms/tok)
[capture] wrote /home/patrickd/s5-capture/s2/c0/cap/shard_p338_s000536.dspc  536 tok x (3 taps + 1 lm_in) x 4096 = 16.8 MB (32.0 KB/tok)
[probe] wrote 16 draft probes (block=6) to /home/patrickd/s5-capture/s2/c0/cap/drafts_p338_s000536.txt
[spec] decoding 8 tokens (block=6, draft passes=1, adaptK=1.50, prompt=338 s=537)...
  [margins] 10.96 12.99 16.13 12.83 11.40 7.97  K=7
  verify 1: accepted 6/6 (K=7) + correction -> +7 tokens (200.6 ms)  cpos=543
  [margins] 17.09 13.54 13.45 13.98 7.89 12.78  K=7
  verify 2: accepted 6/6 (K=7) + correction -> +7 tokens (208.6 ms)  cpos=550

[spec] generated 14 tokens over 2 verifies: mean tokens/verify = 7.00 (block=6, max 7)
[spec] tokens: 1895 108656 19869 3913 2605 1895 438 223 18 362 1008 295 3291 10
[spec] SPEC-DECODE: 29.8 ms/tok = 33.56 tok/s  (vs base M=1 69.1 ms/tok = 14.46 tok/s -> 2.32x)
[decode] PREFILL: 1571 positions in 30767.1 ms = 51.1 tok/s (19.584 ms/tok)
[capture] wrote /home/patrickd/s5-capture/s2/c0/cap/shard_p339_s001571.dspc  1571 tok x (3 taps + 1 lm_in) x 4096 = 49.1 MB (32.0 KB/tok)
[probe] wrote 16 draft probes (block=6) to /home/patrickd/s5-capture/s2/c0/cap/drafts_p339_s001571.txt
[spec] decoding 8 tokens (block=6, draft passes=1, adaptK=1.50, prompt=339 s=1572)...
  [margins] 10.21 11.20 9.00 10.64 8.49 8.92  K=7
  verify 1: accepted 6/6 (K=7) + correction -> +7 tokens (246.0 ms)  cpos=1578
  [margins] 13.51 9.99 13.32 9.81 10.09 7.50  K=7
  verify 2: accepted 6/6 (K=7) + correction -> +7 tokens (248.8 ms)  cpos=1585

[spec] generated 14 tokens over 2 verifies: mean tokens/verify = 7.00 (block=6, max 7)
[spec] tokens: 33 82 33 82 33 82 33 82 33 82 33 82 33 82
[spec] SPEC-DECODE: 35.5 ms/tok = 28.14 tok/s  (vs base M=1 69.1 ms/tok = 14.46 tok/s -> 1.95x)
[decode] PREFILL: 677 positions in 12360.7 ms = 54.8 tok/s (18.258 ms/tok)
[capture] wrote /home/patrickd/s5-capture/s2/c0/cap/shard_p340_s000677.dspc  677 tok x (3 taps + 1 lm_in) x 4096 = 21.2 MB (32.0 KB/tok)
[probe] wrote 16 draft probes (block=6) to /home/patrickd/s5-capture/s2/c0/cap/drafts_p340_s000677.txt
[spec] decoding 8 tokens (block=6, draft passes=1, adaptK=1.50, prompt=340 s=678)...
  [margins] 9.22 12.24 13.41 14.96 8.91 4.87  K=7
  verify 1: accepted 6/6 (K=7) + correction -> +7 tokens (218.0 ms)  cpos=684
  [margins] 12.37 16.97 14.33 13.67 11.53 4.67  K=7
  verify 2: accepted 6/6 (K=7) + correction -> +7 tokens (211.2 ms)  cpos=691

[spec] generated 14 tokens over 2 verifies: mean tokens/verify = 7.00 (block=6, max 7)
[spec] tokens: 603 4414 16 6948 270 4087 4619 304 3551 260 11127 6217 603 4364
[spec] SPEC-DECODE: 30.2 ms/tok = 33.15 tok/s  (vs base M=1 69.1 ms/tok = 14.46 tok/s -> 2.29x)
[decode] PREFILL: 1103 positions in 20806.7 ms = 53.0 tok/s (18.864 ms/tok)
[capture] wrote /home/patrickd/s5-capture/s2/c0/cap/shard_p341_s001103.dspc  1103 tok x (3 taps + 1 lm_in) x 4096 = 34.5 MB (32.0 KB/tok)
[probe] wrote 16 draft probes (block=6) to /home/patrickd/s5-capture/s2/c0/cap/drafts_p341_s001103.txt
[spec] decoding 8 tokens (block=6, draft passes=1, adaptK=1.50, prompt=341 s=1104)...
  [margins] 15.84 9.15 11.68 12.19 9.73 12.24  K=7
  verify 1: accepted 6/6 (K=7) + correction -> +7 tokens (226.7 ms)  cpos=1110
  [margins] 9.15 10.87 12.47 7.92 12.27 8.26  K=7
  verify 2: accepted 6/6 (K=7) + correction -> +7 tokens (226.2 ms)  cpos=1117

[spec] generated 14 tokens over 2 verifies: mean tokens/verify = 7.00 (block=6, max 7)
[spec] tokens: 86 16 11628 86 16 11628 86 16 11628 86 16 11628 86 16
[spec] SPEC-DECODE: 32.3 ms/tok = 30.95 tok/s  (vs base M=1 69.1 ms/tok = 14.46 tok/s -> 2.14x)
[decode] PREFILL: 674 positions in 12311.5 ms = 54.7 tok/s (18.266 ms/tok)
[capture] wrote /home/patrickd/s5-capture/s2/c0/cap/shard_p342_s000674.dspc  674 tok x (3 taps + 1 lm_in) x 4096 = 21.1 MB (32.0 KB/tok)
[probe] wrote 16 draft probes (block=6) to /home/patrickd/s5-capture/s2/c0/cap/drafts_p342_s000674.txt
[spec] decoding 8 tokens (block=6, draft passes=1, adaptK=1.50, prompt=342 s=675)...
  [margins] 2.13 0.63 2.85 0.74 0.52 0.02  K=2
  verify 1: accepted 1/1 (K=2) + correction -> +2 tokens (123.9 ms)  cpos=676
  [margins] 6.59 2.50 0.14 3.42 0.67 0.96  K=3
  verify 2: accepted 2/2 (K=3) + correction -> +3 tokens (127.8 ms)  cpos=679
  [margins] 3.94 3.59 3.38 1.82 0.47 0.76  K=5
  verify 3: accepted 3/4 (K=5) + correction -> +4 tokens (166.5 ms)  cpos=683

[spec] generated 9 tokens over 3 verifies: mean tokens/verify = 3.00 (block=6, max 7)
[spec] tokens: 396 6179 304 366 11602 362 969 304 82285
[spec] SPEC-DECODE: 42.0 ms/tok = 23.79 tok/s  (vs base M=1 69.1 ms/tok = 14.46 tok/s -> 1.64x)
[decode] PREFILL: 620 positions in 11226.2 ms = 55.2 tok/s (18.107 ms/tok)
[capture] wrote /home/patrickd/s5-capture/s2/c0/cap/shard_p343_s000620.dspc  620 tok x (3 taps + 1 lm_in) x 4096 = 19.4 MB (32.0 KB/tok)
[probe] wrote 16 draft probes (block=6) to /home/patrickd/s5-capture/s2/c0/cap/drafts_p343_s000620.txt
[spec] decoding 8 tokens (block=6, draft passes=1, adaptK=1.50, prompt=343 s=621)...
  [margins] 14.82 15.18 12.90 12.71 9.50 16.10  K=7
  verify 1: accepted 6/6 (K=7) + correction -> +7 tokens (204.6 ms)  cpos=627
  [margins] 22.75 11.53 10.72 19.74 11.91 8.26  K=7
  verify 2: accepted 6/6 (K=7) + correction -> +7 tokens (209.2 ms)  cpos=634

[spec] generated 14 tokens over 2 verifies: mean tokens/verify = 7.00 (block=6, max 7)
[spec] tokens: 58 264 7893 201 59 57417 8915 7893 201 60 264 7893 201 35
[spec] SPEC-DECODE: 29.9 ms/tok = 33.46 tok/s  (vs base M=1 69.1 ms/tok = 14.46 tok/s -> 2.31x)
[decode] PREFILL: 561 positions in 10144.0 ms = 55.3 tok/s (18.082 ms/tok)
[capture] wrote /home/patrickd/s5-capture/s2/c0/cap/shard_p344_s000561.dspc  561 tok x (3 taps + 1 lm_in) x 4096 = 17.5 MB (32.0 KB/tok)
[probe] wrote 16 draft probes (block=6) to /home/patrickd/s5-capture/s2/c0/cap/drafts_p344_s000561.txt
[spec] decoding 8 tokens (block=6, draft passes=1, adaptK=1.50, prompt=344 s=562)...
  [margins] 15.79 16.08 14.11 11.93 7.65 2.25  K=7
  verify 1: accepted 5/6 (K=7) + correction -> +6 tokens (211.3 ms)  cpos=567
  [margins] 16.37 16.20 13.14 12.49 8.02 2.02  K=7
  verify 2: accepted 5/6 (K=7) + correction -> +6 tokens (211.5 ms)  cpos=573

[spec] generated 12 tokens over 2 verifies: mean tokens/verify = 6.00 (block=6, max 7)
[spec] tokens: 6593 18407 50 51754 42639 16 6593 18407 50 51754 42639 16
[spec] SPEC-DECODE: 35.2 ms/tok = 28.37 tok/s  (vs base M=1 69.1 ms/tok = 14.46 tok/s -> 1.96x)
[decode] PREFILL: 544 positions in 9807.4 ms = 55.5 tok/s (18.028 ms/tok)
[capture] wrote /home/patrickd/s5-capture/s2/c0/cap/shard_p345_s000544.dspc  544 tok x (3 taps + 1 lm_in) x 4096 = 17.0 MB (32.0 KB/tok)
[probe] wrote 16 draft probes (block=6) to /home/patrickd/s5-capture/s2/c0/cap/drafts_p345_s000544.txt
[spec] decoding 8 tokens (block=6, draft passes=1, adaptK=1.50, prompt=345 s=545)...
  [margins] 17.91 15.88 13.10 21.18 15.69 14.76  K=7
  verify 1: accepted 6/6 (K=7) + correction -> +7 tokens (206.6 ms)  cpos=551
  [margins] 18.24 15.56 14.69 10.91 9.09 0.39  K=6
  verify 2: accepted 5/5 (K=6) + correction -> +6 tokens (188.3 ms)  cpos=557

[spec] generated 13 tokens over 2 verifies: mean tokens/verify = 6.50 (block=6, max 7)
[spec] tokens: 104540 3681 4925 592 8051 8988 261 343 6588 41 19632 344 9306
[spec] SPEC-DECODE: 31.4 ms/tok = 31.86 tok/s  (vs base M=1 69.1 ms/tok = 14.46 tok/s -> 2.20x)
[decode] PREFILL: 847 positions in 15644.9 ms = 54.1 tok/s (18.471 ms/tok)
[capture] wrote /home/patrickd/s5-capture/s2/c0/cap/shard_p346_s000847.dspc  847 tok x (3 taps + 1 lm_in) x 4096 = 26.5 MB (32.0 KB/tok)
[probe] wrote 16 draft probes (block=6) to /home/patrickd/s5-capture/s2/c0/cap/drafts_p346_s000847.txt
[spec] decoding 8 tokens (block=6, draft passes=1, adaptK=1.50, prompt=346 s=848)...
  [margins] 14.36 9.71 2.24 6.38 0.19 0.71  K=5
  verify 1: accepted 2/4 (K=5) + correction -> +3 tokens (172.0 ms)  cpos=850
  [margins] 1.10 9.26 1.69 1.26 1.39 2.66  K=4
  verify 2: accepted 0/3 (K=4) + correction -> +1 tokens (151.0 ms)  cpos=851
  [margins] 1.94 0.71 0.13 0.22 2.94 0.28  K=2
  verify 3: accepted 0/1 (K=2) + correction -> +1 tokens (128.4 ms)  cpos=852
  [margins] 0.22 0.06 1.01 2.28 0.71 1.25  K=2
  verify 4: accepted 0/1 (K=2) + correction -> +1 tokens (120.9 ms)  cpos=853
  [margins] 6.77 10.87 8.86 0.88 0.67 3.15  K=4
  verify 5: accepted 3/3 (K=4) + correction -> +4 tokens (151.6 ms)  cpos=857

[spec] generated 10 tokens over 5 verifies: mean tokens/verify = 2.00 (block=6, max 7)
[spec] tokens: 540 5460 16 3346 90162 5497 521 810 288 2396
[spec] SPEC-DECODE: 78.8 ms/tok = 12.68 tok/s  (vs base M=1 69.1 ms/tok = 14.46 tok/s -> 0.88x)
[decode] PREFILL: 628 positions in 11390.2 ms = 55.1 tok/s (18.137 ms/tok)
[capture] wrote /home/patrickd/s5-capture/s2/c0/cap/shard_p347_s000628.dspc  628 tok x (3 taps + 1 lm_in) x 4096 = 19.6 MB (32.0 KB/tok)
[probe] wrote 16 draft probes (block=6) to /home/patrickd/s5-capture/s2/c0/cap/drafts_p347_s000628.txt
[spec] decoding 8 tokens (block=6, draft passes=1, adaptK=1.50, prompt=347 s=629)...
  [margins] 11.89 12.66 12.55 10.41 9.99 6.31  K=7
  verify 1: accepted 6/6 (K=7) + correction -> +7 tokens (199.8 ms)  cpos=635
  [margins] 12.46 11.17 10.83 11.40 9.48 8.02  K=7
  verify 2: accepted 6/6 (K=7) + correction -> +7 tokens (246.3 ms)  cpos=642

[spec] generated 14 tokens over 2 verifies: mean tokens/verify = 7.00 (block=6, max 7)
[spec] tokens: 1835 16 971 1835 16 971 1835 16 971 1835 16 971 1835 16
[spec] SPEC-DECODE: 35.2 ms/tok = 28.42 tok/s  (vs base M=1 69.1 ms/tok = 14.46 tok/s -> 1.97x)
[decode] PREFILL: 672 positions in 12269.2 ms = 54.8 tok/s (18.258 ms/tok)
[capture] wrote /home/patrickd/s5-capture/s2/c0/cap/shard_p348_s000672.dspc  672 tok x (3 taps + 1 lm_in) x 4096 = 21.0 MB (32.0 KB/tok)
[probe] wrote 16 draft probes (block=6) to /home/patrickd/s5-capture/s2/c0/cap/drafts_p348_s000672.txt
[spec] decoding 8 tokens (block=6, draft passes=1, adaptK=1.50, prompt=348 s=673)...
  [margins] 1.46 8.00 12.93 12.53 2.25 8.16  K=7
  verify 1: accepted 6/6 (K=7) + correction -> +7 tokens (208.4 ms)  cpos=679
  [margins] 15.09 6.24 8.65 10.44 7.21 1.20  K=6
  verify 2: accepted 5/5 (K=6) + correction -> +6 tokens (192.4 ms)  cpos=685

[spec] generated 13 tokens over 2 verifies: mean tokens/verify = 6.50 (block=6, max 7)
[spec] tokens: 25913 201 3098 38849 6994 56949 401 22726 10 939 24 2542 11646
[spec] SPEC-DECODE: 32.1 ms/tok = 31.18 tok/s  (vs base M=1 69.1 ms/tok = 14.46 tok/s -> 2.16x)
[decode] PREFILL: 536 positions in 9667.3 ms = 55.4 tok/s (18.036 ms/tok)
[capture] wrote /home/patrickd/s5-capture/s2/c0/cap/shard_p349_s000536.dspc  536 tok x (3 taps + 1 lm_in) x 4096 = 16.8 MB (32.0 KB/tok)
[probe] wrote 16 draft probes (block=6) to /home/patrickd/s5-capture/s2/c0/cap/drafts_p349_s000536.txt
[spec] decoding 8 tokens (block=6, draft passes=1, adaptK=1.50, prompt=349 s=537)...
  [margins] 10.73 6.02 11.59 8.19 12.24 4.98  K=7
  verify 1: accepted 6/6 (K=7) + correction -> +7 tokens (203.0 ms)  cpos=543
  [margins] 0.69 10.74 7.13 10.82 8.65 12.35  K=7
  verify 2: accepted 0/6 (K=7) + correction -> +1 tokens (211.3 ms)  cpos=544

[spec] generated 8 tokens over 2 verifies: mean tokens/verify = 4.00 (block=6, max 7)
[spec] tokens: 16 455 2019 1531 366 5418 304 6360
[spec] SPEC-DECODE: 211.3 ms/tok = 4.73 tok/s  (vs base M=1 69.1 ms/tok = 14.46 tok/s -> 0.33x)
[decode] PREFILL: 536 positions in 9663.9 ms = 55.5 tok/s (18.030 ms/tok)
[capture] wrote /home/patrickd/s5-capture/s2/c0/cap/shard_p350_s000536.dspc  536 tok x (3 taps + 1 lm_in) x 4096 = 16.8 MB (32.0 KB/tok)
[probe] wrote 16 draft probes (block=6) to /home/patrickd/s5-capture/s2/c0/cap/drafts_p350_s000536.txt
[spec] decoding 8 tokens (block=6, draft passes=1, adaptK=1.50, prompt=350 s=537)...
  [margins] 12.01 10.00 12.68 10.20 11.69 7.38  K=7
  verify 1: accepted 6/6 (K=7) + correction -> +7 tokens (193.0 ms)  cpos=543
  [margins] 11.60 12.98 10.93 12.31 6.94 9.00  K=7
  verify 2: accepted 6/6 (K=7) + correction -> +7 tokens (199.0 ms)  cpos=550

[spec] generated 14 tokens over 2 verifies: mean tokens/verify = 7.00 (block=6, max 7)
[spec] tokens: 13894 50 13894 50 13894 50 13894 50 13894 50 13894 50 13894 50
[spec] SPEC-DECODE: 28.4 ms/tok = 35.17 tok/s  (vs base M=1 69.1 ms/tok = 14.46 tok/s -> 2.43x)
[decode] PREFILL: 526 positions in 9462.9 ms = 55.6 tok/s (17.990 ms/tok)
[capture] wrote /home/patrickd/s5-capture/s2/c0/cap/shard_p351_s000526.dspc  526 tok x (3 taps + 1 lm_in) x 4096 = 16.4 MB (32.0 KB/tok)
[probe] wrote 16 draft probes (block=6) to /home/patrickd/s5-capture/s2/c0/cap/drafts_p351_s000526.txt
[spec] decoding 8 tokens (block=6, draft passes=1, adaptK=1.50, prompt=351 s=527)...
  [margins] 17.22 18.72 12.22 14.16 1.26 10.15  K=5
  verify 1: accepted 4/4 (K=5) + correction -> +5 tokens (164.0 ms)  cpos=531
  [margins] 14.03 11.29 4.53 8.54 3.30 3.61  K=7
  verify 2: accepted 4/6 (K=7) + correction -> +5 tokens (210.4 ms)  cpos=536

[spec] generated 10 tokens over 2 verifies: mean tokens/verify = 5.00 (block=6, max 7)
[spec] tokens: 25106 76665 95328 2193 78941 17 7335 5395 2272 1822
[spec] SPEC-DECODE: 42.1 ms/tok = 23.77 tok/s  (vs base M=1 69.1 ms/tok = 14.46 tok/s -> 1.64x)
[decode] PREFILL: 576 positions in 10403.1 ms = 55.4 tok/s (18.061 ms/tok)
[capture] wrote /home/patrickd/s5-capture/s2/c0/cap/shard_p352_s000576.dspc  576 tok x (3 taps + 1 lm_in) x 4096 = 18.0 MB (32.0 KB/tok)
[probe] wrote 16 draft probes (block=6) to /home/patrickd/s5-capture/s2/c0/cap/drafts_p352_s000576.txt
[spec] decoding 8 tokens (block=6, draft passes=1, adaptK=1.50, prompt=352 s=577)...
  [margins] 12.03 15.12 12.28 6.45 12.62 1.10  K=6
  verify 1: accepted 5/5 (K=6) + correction -> +6 tokens (180.0 ms)  cpos=582
  [margins] 14.26 14.53 13.79 12.37 9.45 7.70  K=7
  verify 2: accepted 6/6 (K=7) + correction -> +7 tokens (211.8 ms)  cpos=589

[spec] generated 13 tokens over 2 verifies: mean tokens/verify = 6.50 (block=6, max 7)
[spec] tokens: 16 5183 294 270 915 3631 10555 3394 3947 14 99007 14 34413
[spec] SPEC-DECODE: 30.3 ms/tok = 33.05 tok/s  (vs base M=1 69.1 ms/tok = 14.46 tok/s -> 2.29x)
[decode] PREFILL: 554 positions in 10006.9 ms = 55.4 tok/s (18.063 ms/tok)
[capture] wrote /home/patrickd/s5-capture/s2/c0/cap/shard_p353_s000554.dspc  554 tok x (3 taps + 1 lm_in) x 4096 = 17.3 MB (32.0 KB/tok)
[probe] wrote 16 draft probes (block=6) to /home/patrickd/s5-capture/s2/c0/cap/drafts_p353_s000554.txt
[spec] decoding 8 tokens (block=6, draft passes=1, adaptK=1.50, prompt=353 s=555)...
  [margins] 13.73 11.95 13.44 6.55 6.12 1.28  K=6
  verify 1: accepted 5/5 (K=6) + correction -> +6 tokens (187.3 ms)  cpos=560
  [margins] 7.67 11.55 4.52 6.29 5.41 0.63  K=6
  verify 2: accepted 5/5 (K=6) + correction -> +6 tokens (179.7 ms)  cpos=566

[spec] generated 12 tokens over 2 verifies: mean tokens/verify = 6.00 (block=6, max 7)
[spec] tokens: 294 786 16922 344 223 1872 14 305 270 2595 294 786
[spec] SPEC-DECODE: 29.9 ms/tok = 33.39 tok/s  (vs base M=1 69.1 ms/tok = 14.46 tok/s -> 2.31x)
[decode] PREFILL: 532 positions in 9599.7 ms = 55.4 tok/s (18.045 ms/tok)
[capture] wrote /home/patrickd/s5-capture/s2/c0/cap/shard_p354_s000532.dspc  532 tok x (3 taps + 1 lm_in) x 4096 = 16.6 MB (32.0 KB/tok)
[probe] wrote 16 draft probes (block=6) to /home/patrickd/s5-capture/s2/c0/cap/drafts_p354_s000532.txt
[spec] decoding 8 tokens (block=6, draft passes=1, adaptK=1.50, prompt=354 s=533)...
  [margins] 18.40 14.30 13.88 10.07 2.42 10.16  K=7
  verify 1: accepted 6/6 (K=7) + correction -> +7 tokens (200.6 ms)  cpos=539
  [margins] 15.30 17.67 7.94 9.67 9.46 12.42  K=7
  verify 2: accepted 6/6 (K=7) + correction -> +7 tokens (211.0 ms)  cpos=546

[spec] generated 14 tokens over 2 verifies: mean tokens/verify = 7.00 (block=6, max 7)
[spec] tokens: 7147 344 2727 12220 304 18848 295 8214 15053 16 3749 786 7147 344
[spec] SPEC-DECODE: 30.1 ms/tok = 33.18 tok/s  (vs base M=1 69.1 ms/tok = 14.46 tok/s -> 2.29x)
[decode] PREFILL: 1014 positions in 19030.4 ms = 53.3 tok/s (18.768 ms/tok)
[capture] wrote /home/patrickd/s5-capture/s2/c0/cap/shard_p355_s001014.dspc  1014 tok x (3 taps + 1 lm_in) x 4096 = 31.7 MB (32.0 KB/tok)
[probe] wrote 16 draft probes (block=6) to /home/patrickd/s5-capture/s2/c0/cap/drafts_p355_s001014.txt
[spec] decoding 8 tokens (block=6, draft passes=1, adaptK=1.50, prompt=355 s=1015)...
  [margins] 5.76 2.60 8.62 1.55 1.11 2.75  K=5
  verify 1: accepted 1/4 (K=5) + correction -> +2 tokens (174.9 ms)  cpos=1016
  [margins] 14.87 7.80 3.36 6.79 3.18 1.09  K=6
  verify 2: accepted 3/5 (K=6) + correction -> +4 tokens (193.8 ms)  cpos=1020
  [margins] 11.21 13.12 13.88 12.67 0.77 0.46  K=5
  verify 3: accepted 4/4 (K=5) + correction -> +5 tokens (213.3 ms)  cpos=1025

[spec] generated 11 tokens over 3 verifies: mean tokens/verify = 3.67 (block=6, max 7)
[spec] tokens: 7562 4731 50960 32 1 56 82 27 85 43 1718
[spec] SPEC-DECODE: 45.2 ms/tok = 22.11 tok/s  (vs base M=1 69.1 ms/tok = 14.46 tok/s -> 1.53x)
[decode] PREFILL: 531 positions in 9571.7 ms = 55.5 tok/s (18.026 ms/tok)
[capture] wrote /home/patrickd/s5-capture/s2/c0/cap/shard_p356_s000531.dspc  531 tok x (3 taps + 1 lm_in) x 4096 = 16.6 MB (32.0 KB/tok)
[probe] wrote 16 draft probes (block=6) to /home/patrickd/s5-capture/s2/c0/cap/drafts_p356_s000531.txt
[spec] decoding 8 tokens (block=6, draft passes=1, adaptK=1.50, prompt=356 s=532)...
  [margins] 12.03 3.48 5.58 11.52 2.56 4.53  K=7
  verify 1: accepted 6/6 (K=7) + correction -> +7 tokens (205.5 ms)  cpos=538
  [margins] 1.63 3.86 5.88 1.07 3.04 4.98  K=4
  verify 2: accepted 3/3 (K=4) + correction -> +4 tokens (145.7 ms)  cpos=542

[spec] generated 11 tokens over 2 verifies: mean tokens/verify = 5.50 (block=6, max 7)
[spec] tokens: 3287 16 1162 344 270 4813 3287 16 1162 344 270
[spec] SPEC-DECODE: 36.4 ms/tok = 27.45 tok/s  (vs base M=1 69.1 ms/tok = 14.46 tok/s -> 1.90x)
[decode] PREFILL: 677 positions in 12357.3 ms = 54.8 tok/s (18.253 ms/tok)
[capture] wrote /home/patrickd/s5-capture/s2/c0/cap/shard_p357_s000677.dspc  677 tok x (3 taps + 1 lm_in) x 4096 = 21.2 MB (32.0 KB/tok)
[probe] wrote 16 draft probes (block=6) to /home/patrickd/s5-capture/s2/c0/cap/drafts_p357_s000677.txt
[spec] decoding 8 tokens (block=6, draft passes=1, adaptK=1.50, prompt=357 s=678)...
  [margins] 15.22 13.64 4.86 0.41 0.15 2.36  K=4
  verify 1: accepted 3/3 (K=4) + correction -> +4 tokens (153.1 ms)  cpos=681
  [margins] 13.12 12.29 16.04 6.92 5.43 1.05  K=6
  verify 2: accepted 5/5 (K=6) + correction -> +6 tokens (186.7 ms)  cpos=687

[spec] generated 10 tokens over 2 verifies: mean tokens/verify = 5.00 (block=6, max 7)
[spec] tokens: 515 29618 13058 1099 851 1494 5002 16 455 59262
[spec] SPEC-DECODE: 31.1 ms/tok = 32.13 tok/s  (vs base M=1 69.1 ms/tok = 14.46 tok/s -> 2.22x)
[decode] PREFILL: 1205 positions in 22938.6 ms = 52.5 tok/s (19.036 ms/tok)
[capture] wrote /home/patrickd/s5-capture/s2/c0/cap/shard_p358_s001205.dspc  1205 tok x (3 taps + 1 lm_in) x 4096 = 37.7 MB (32.0 KB/tok)
[probe] wrote 16 draft probes (block=6) to /home/patrickd/s5-capture/s2/c0/cap/drafts_p358_s001205.txt
[spec] decoding 8 tokens (block=6, draft passes=1, adaptK=1.50, prompt=358 s=1206)...
  [margins] 14.00 6.49 11.37 12.09 8.32 7.35  K=7
  verify 1: accepted 6/6 (K=7) + correction -> +7 tokens (237.0 ms)  cpos=1212
  [margins] 10.39 13.10 9.94 8.82 10.42 8.87  K=7
  verify 2: accepted 6/6 (K=7) + correction -> +7 tokens (230.8 ms)  cpos=1219

[spec] generated 14 tokens over 2 verifies: mean tokens/verify = 7.00 (block=6, max 7)
[spec] tokens: 3783 33 1999 344 270 1840 1752 294 566 3783 33 1999 344 270
[spec] SPEC-DECODE: 33.0 ms/tok = 30.33 tok/s  (vs base M=1 69.1 ms/tok = 14.46 tok/s -> 2.10x)
[decode] PREFILL: 618 positions in 11192.8 ms = 55.2 tok/s (18.111 ms/tok)
[capture] wrote /home/patrickd/s5-capture/s2/c0/cap/shard_p359_s000618.dspc  618 tok x (3 taps + 1 lm_in) x 4096 = 19.3 MB (32.0 KB/tok)
[probe] wrote 16 draft probes (block=6) to /home/patrickd/s5-capture/s2/c0/cap/drafts_p359_s000618.txt
[spec] decoding 8 tokens (block=6, draft passes=1, adaptK=1.50, prompt=359 s=619)...
  [margins] 15.26 15.44 10.55 11.13 13.55 2.10  K=7
  verify 1: accepted 5/6 (K=7) + correction -> +6 tokens (207.4 ms)  cpos=624
  [margins] 12.32 14.01 12.00 11.02 7.57 6.99  K=7
  verify 2: accepted 6/6 (K=7) + correction -> +7 tokens (198.9 ms)  cpos=631

[spec] generated 13 tokens over 2 verifies: mean tokens/verify = 6.50 (block=6, max 7)
[spec] tokens: 50 92 50 88 50 92 56 77 50 92 50 88 50
[spec] SPEC-DECODE: 28.4 ms/tok = 35.20 tok/s  (vs base M=1 69.1 ms/tok = 14.46 tok/s -> 2.43x)
[decode] PREFILL: 654 positions in 11914.3 ms = 54.9 tok/s (18.218 ms/tok)
[capture] wrote /home/patrickd/s5-capture/s2/c0/cap/shard_p360_s000654.dspc  654 tok x (3 taps + 1 lm_in) x 4096 = 20.4 MB (32.0 KB/tok)
[probe] wrote 16 draft probes (block=6) to /home/patrickd/s5-capture/s2/c0/cap/drafts_p360_s000654.txt
[spec] decoding 8 tokens (block=6, draft passes=1, adaptK=1.50, prompt=360 s=655)...
  [margins] 1.38 18.77 0.32 2.93 0.23 1.21  K=3
  verify 1: accepted 2/2 (K=3) + correction -> +3 tokens (138.2 ms)  cpos=657
  [margins] 1.60 1.32 3.56 0.07 3.39 0.04  K=2
  verify 2: accepted 0/1 (K=2) + correction -> +1 tokens (115.1 ms)  cpos=658
  [margins] 5.09 6.49 3.61 2.07 3.74 1.30  K=6
  verify 3: accepted 0/5 (K=6) + correction -> +1 tokens (181.5 ms)  cpos=659
  [margins] 1.37 1.09 0.36 0.44 0.87 0.31  K=2
  verify 4: accepted 0/1 (K=2) + correction -> +1 tokens (123.6 ms)  cpos=660
  [margins] 3.09 0.62 1.36 1.69 0.35 1.16  K=2
  verify 5: accepted 0/1 (K=2) + correction -> +1 tokens (117.4 ms)  cpos=661
  [margins] 1.62 3.46 0.29 0.31 0.03 1.52  K=3
  verify 6: accepted 1/2 (K=3) + correction -> +2 tokens (135.9 ms)  cpos=663

[spec] generated 9 tokens over 6 verifies: mean tokens/verify = 1.50 (block=6, max 7)
[spec] tokens: 568 13727 515 2915 260 36370 20062 469 13360
[spec] SPEC-DECODE: 112.2 ms/tok = 8.91 tok/s  (vs base M=1 69.1 ms/tok = 14.46 tok/s -> 0.62x)
[decode] PREFILL: 615 positions in 11125.4 ms = 55.3 tok/s (18.090 ms/tok)
[capture] wrote /home/patrickd/s5-capture/s2/c0/cap/shard_p361_s000615.dspc  615 tok x (3 taps + 1 lm_in) x 4096 = 19.2 MB (32.0 KB/tok)
[probe] wrote 16 draft probes (block=6) to /home/patrickd/s5-capture/s2/c0/cap/drafts_p361_s000615.txt
[spec] decoding 8 tokens (block=6, draft passes=1, adaptK=1.50, prompt=361 s=616)...
  [margins] 12.59 9.31 12.93 14.29 8.47 11.12  K=7
  verify 1: accepted 6/6 (K=7) + correction -> +7 tokens (210.2 ms)  cpos=622
  [margins] 15.69 15.14 13.93 9.23 7.68 14.94  K=7
  verify 2: accepted 6/6 (K=7) + correction -> +7 tokens (213.0 ms)  cpos=629

[spec] generated 14 tokens over 2 verifies: mean tokens/verify = 7.00 (block=6, max 7)
[spec] tokens: 16 7853 10107 16 16858 10107 16 3239 17673 16 35963 16 10610 16
[spec] SPEC-DECODE: 30.4 ms/tok = 32.87 tok/s  (vs base M=1 69.1 ms/tok = 14.46 tok/s -> 2.27x)
[decode] PREFILL: 541 positions in 9747.7 ms = 55.5 tok/s (18.018 ms/tok)
[capture] wrote /home/patrickd/s5-capture/s2/c0/cap/shard_p362_s000541.dspc  541 tok x (3 taps + 1 lm_in) x 4096 = 16.9 MB (32.0 KB/tok)
[probe] wrote 16 draft probes (block=6) to /home/patrickd/s5-capture/s2/c0/cap/drafts_p362_s000541.txt
[spec] decoding 8 tokens (block=6, draft passes=1, adaptK=1.50, prompt=362 s=542)...
  [margins] 16.38 12.64 14.09 12.04 13.07 10.38  K=7
  verify 1: accepted 6/6 (K=7) + correction -> +7 tokens (209.4 ms)  cpos=548
  [margins] 19.51 11.88 18.66 3.24 4.32 11.85  K=7
  verify 2: accepted 6/6 (K=7) + correction -> +7 tokens (202.9 ms)  cpos=555

[spec] generated 14 tokens over 2 verifies: mean tokens/verify = 7.00 (block=6, max 7)
[spec] tokens: 11025 7231 16 342 759 3052 270 4181 412 21361 16 455 3967 734
[spec] SPEC-DECODE: 29.0 ms/tok = 34.50 tok/s  (vs base M=1 69.1 ms/tok = 14.46 tok/s -> 2.39x)
[decode] PREFILL: 567 positions in 10251.8 ms = 55.3 tok/s (18.081 ms/tok)
[capture] wrote /home/patrickd/s5-capture/s2/c0/cap/shard_p363_s000567.dspc  567 tok x (3 taps + 1 lm_in) x 4096 = 17.7 MB (32.0 KB/tok)
[probe] wrote 16 draft probes (block=6) to /home/patrickd/s5-capture/s2/c0/cap/drafts_p363_s000567.txt
[spec] decoding 8 tokens (block=6, draft passes=1, adaptK=1.50, prompt=363 s=568)...
  [margins] 10.50 9.70 10.91 8.31 10.32 4.91  K=7
  verify 1: accepted 6/6 (K=7) + correction -> +7 tokens (200.6 ms)  cpos=574
  [margins] 10.58 12.23 10.30 9.31 7.83 9.19  K=7
  verify 2: accepted 6/6 (K=7) + correction -> +7 tokens (202.1 ms)  cpos=581

[spec] generated 14 tokens over 2 verifies: mean tokens/verify = 7.00 (block=6, max 7)
[spec] tokens: 455 16 455 16 455 16 455 16 455 16 455 16 455 16
[spec] SPEC-DECODE: 28.9 ms/tok = 34.63 tok/s  (vs base M=1 69.1 ms/tok = 14.46 tok/s -> 2.39x)
[decode] PREFILL: 653 positions in 11906.6 ms = 54.8 tok/s (18.234 ms/tok)
[capture] wrote /home/patrickd/s5-capture/s2/c0/cap/shard_p364_s000653.dspc  653 tok x (3 taps + 1 lm_in) x 4096 = 20.4 MB (32.0 KB/tok)
[probe] wrote 16 draft probes (block=6) to /home/patrickd/s5-capture/s2/c0/cap/drafts_p364_s000653.txt
[spec] decoding 8 tokens (block=6, draft passes=1, adaptK=1.50, prompt=364 s=654)...
  [margins] 3.05 1.66 0.07 1.10 0.18 0.22  K=3
  verify 1: accepted 1/2 (K=3) + correction -> +2 tokens (136.3 ms)  cpos=655
  [margins] 6.41 4.42 5.35 0.86 0.45 2.70  K=4
  verify 2: accepted 3/3 (K=4) + correction -> +4 tokens (148.8 ms)  cpos=659
  [margins] 4.10 4.37 7.07 6.65 7.21 4.98  K=7
  verify 3: accepted 6/6 (K=7) + correction -> +7 tokens (215.4 ms)  cpos=666

[spec] generated 13 tokens over 3 verifies: mean tokens/verify = 4.33 (block=6, max 7)
[spec] tokens: 8156 396 769 1047 2448 2918 270 223 511 463 6683 16 983
[spec] SPEC-DECODE: 33.1 ms/tok = 30.20 tok/s  (vs base M=1 69.1 ms/tok = 14.46 tok/s -> 2.09x)
[decode] PREFILL: 532 positions in 9602.6 ms = 55.4 tok/s (18.050 ms/tok)
[capture] wrote /home/patrickd/s5-capture/s2/c0/cap/shard_p365_s000532.dspc  532 tok x (3 taps + 1 lm_in) x 4096 = 16.6 MB (32.0 KB/tok)
[probe] wrote 16 draft probes (block=6) to /home/patrickd/s5-capture/s2/c0/cap/drafts_p365_s000532.txt
[spec] decoding 8 tokens (block=6, draft passes=1, adaptK=1.50, prompt=365 s=533)...
  [margins] 17.12 12.96 9.89 1.51 4.66 0.98  K=6
  verify 1: accepted 3/5 (K=6) + correction -> +4 tokens (180.9 ms)  cpos=536
  [margins] 10.77 11.23 14.52 7.79 11.50 0.22  K=6
  verify 2: accepted 5/5 (K=6) + correction -> +6 tokens (182.4 ms)  cpos=542

[spec] generated 10 tokens over 2 verifies: mean tokens/verify = 5.00 (block=6, max 7)
[spec] tokens: 22257 1407 270 50573 16 1166 734 260 29474 396
[spec] SPEC-DECODE: 30.4 ms/tok = 32.89 tok/s  (vs base M=1 69.1 ms/tok = 14.46 tok/s -> 2.27x)
[decode] PREFILL: 543 positions in 9780.6 ms = 55.5 tok/s (18.012 ms/tok)
[capture] wrote /home/patrickd/s5-capture/s2/c0/cap/shard_p366_s000543.dspc  543 tok x (3 taps + 1 lm_in) x 4096 = 17.0 MB (32.0 KB/tok)
[probe] wrote 16 draft probes (block=6) to /home/patrickd/s5-capture/s2/c0/cap/drafts_p366_s000543.txt
[spec] decoding 8 tokens (block=6, draft passes=1, adaptK=1.50, prompt=366 s=544)...
  [margins] 14.50 8.79 13.37 6.13 4.80 7.21  K=7
  verify 1: accepted 3/6 (K=7) + correction -> +4 tokens (201.1 ms)  cpos=547
  [margins] 14.15 9.59 12.74 6.13 6.00 7.80  K=7
  verify 2: accepted 3/6 (K=7) + correction -> +4 tokens (202.8 ms)  cpos=551

[spec] generated 8 tokens over 2 verifies: mean tokens/verify = 4.00 (block=6, max 7)
[spec] tokens: 3749 11 3749 11 3749 11 3749 11
[spec] SPEC-DECODE: 50.7 ms/tok = 19.73 tok/s  (vs base M=1 69.1 ms/tok = 14.46 tok/s -> 1.36x)
[decode] PREFILL: 565 positions in 10214.0 ms = 55.3 tok/s (18.078 ms/tok)
[capture] wrote /home/patrickd/s5-capture/s2/c0/cap/shard_p367_s000565.dspc  565 tok x (3 taps + 1 lm_in) x 4096 = 17.7 MB (32.0 KB/tok)
[probe] wrote 16 draft probes (block=6) to /home/patrickd/s5-capture/s2/c0/cap/drafts_p367_s000565.txt
[spec] decoding 8 tokens (block=6, draft passes=1, adaptK=1.50, prompt=367 s=566)...
  [margins] 15.86 15.16 7.60 4.61 6.04 3.16  K=7
  verify 1: accepted 6/6 (K=7) + correction -> +7 tokens (210.2 ms)  cpos=572
  [margins] 16.12 17.23 10.82 14.76 14.48 8.60  K=7
  verify 2: accepted 6/6 (K=7) + correction -> +7 tokens (203.3 ms)  cpos=579

[spec] generated 14 tokens over 2 verifies: mean tokens/verify = 7.00 (block=6, max 7)
[spec] tokens: 16 12742 201 35 1666 34797 223 1059 5157 377 260 37636 294 5606
[spec] SPEC-DECODE: 29.0 ms/tok = 34.42 tok/s  (vs base M=1 69.1 ms/tok = 14.46 tok/s -> 2.38x)
[decode] PREFILL: 528 positions in 9490.7 ms = 55.6 tok/s (17.975 ms/tok)
[capture] wrote /home/patrickd/s5-capture/s2/c0/cap/shard_p368_s000528.dspc  528 tok x (3 taps + 1 lm_in) x 4096 = 16.5 MB (32.0 KB/tok)
[probe] wrote 16 draft probes (block=6) to /home/patrickd/s5-capture/s2/c0/cap/drafts_p368_s000528.txt
[spec] decoding 8 tokens (block=6, draft passes=1, adaptK=1.50, prompt=368 s=529)...
  [margins] 10.41 8.44 9.78 12.16 14.85 7.40  K=7
  verify 1: accepted 6/6 (K=7) + correction -> +7 tokens (201.9 ms)  cpos=535
  [margins] 16.60 13.29 11.05 12.30 10.94 5.76  K=7
  verify 2: accepted 6/6 (K=7) + correction -> +7 tokens (206.9 ms)  cpos=542

[spec] generated 14 tokens over 2 verifies: mean tokens/verify = 7.00 (block=6, max 7)
[spec] tokens: 1313 455 223 4774 7795 103727 25813 27566 515 5607 509 778 2445 33
[spec] SPEC-DECODE: 29.6 ms/tok = 33.84 tok/s  (vs base M=1 69.1 ms/tok = 14.46 tok/s -> 2.34x)
[decode] PREFILL: 1007 positions in 18866.1 ms = 53.4 tok/s (18.735 ms/tok)
[capture] wrote /home/patrickd/s5-capture/s2/c0/cap/shard_p369_s001007.dspc  1007 tok x (3 taps + 1 lm_in) x 4096 = 31.5 MB (32.0 KB/tok)
[probe] wrote 16 draft probes (block=6) to /home/patrickd/s5-capture/s2/c0/cap/drafts_p369_s001007.txt
[spec] decoding 8 tokens (block=6, draft passes=1, adaptK=1.50, prompt=369 s=1008)...
  [margins] 1.31 0.60 0.84 6.08 1.06 0.02  K=2
  verify 1: accepted 0/1 (K=2) + correction -> +1 tokens (134.7 ms)  cpos=1008
  [margins] 0.70 2.57 0.45 0.08 1.36 1.71  K=3
  verify 2: accepted 0/2 (K=3) + correction -> +1 tokens (139.9 ms)  cpos=1009
  [margins] 0.10 1.32 0.43 2.37 0.97 0.69  K=2
  verify 3: accepted 1/1 (K=2) + correction -> +2 tokens (129.1 ms)  cpos=1011
  [margins] 9.68 1.26 0.92 3.55 0.32 0.55  K=2
  verify 4: accepted 1/1 (K=2) + correction -> +2 tokens (134.2 ms)  cpos=1013
  [margins] 4.15 11.96 0.75 2.22 5.56 0.93  K=3
  verify 5: accepted 2/2 (K=3) + correction -> +3 tokens (145.1 ms)  cpos=1016

[spec] generated 9 tokens over 5 verifies: mean tokens/verify = 1.80 (block=6, max 7)
[spec] tokens: 65312 16 3346 1355 387 5903 328 387 6851
[spec] SPEC-DECODE: 68.5 ms/tok = 14.59 tok/s  (vs base M=1 69.1 ms/tok = 14.46 tok/s -> 1.01x)
[decode] PREFILL: 601 positions in 10895.5 ms = 55.2 tok/s (18.129 ms/tok)
[capture] wrote /home/patrickd/s5-capture/s2/c0/cap/shard_p370_s000601.dspc  601 tok x (3 taps + 1 lm_in) x 4096 = 18.8 MB (32.0 KB/tok)
[probe] wrote 16 draft probes (block=6) to /home/patrickd/s5-capture/s2/c0/cap/drafts_p370_s000601.txt
[spec] decoding 8 tokens (block=6, draft passes=1, adaptK=1.50, prompt=370 s=602)...
  [margins] 22.89 18.36 17.44 14.09 15.20 16.77  K=7
  verify 1: accepted 6/6 (K=7) + correction -> +7 tokens (212.3 ms)  cpos=608
  [margins] 7.79 10.68 14.72 12.42 8.92 11.11  K=7
  verify 2: accepted 6/6 (K=7) + correction -> +7 tokens (201.6 ms)  cpos=615

[spec] generated 14 tokens over 2 verifies: mean tokens/verify = 7.00 (block=6, max 7)
[spec] tokens: 582 48 12973 58 1760 582 36 49739 35043 223 1554 1778 1718 19995
[spec] SPEC-DECODE: 28.8 ms/tok = 34.73 tok/s  (vs base M=1 69.1 ms/tok = 14.46 tok/s -> 2.40x)
[decode] PREFILL: 538 positions in 9690.5 ms = 55.5 tok/s (18.012 ms/tok)
[capture] wrote /home/patrickd/s5-capture/s2/c0/cap/shard_p371_s000538.dspc  538 tok x (3 taps + 1 lm_in) x 4096 = 16.8 MB (32.0 KB/tok)
[probe] wrote 16 draft probes (block=6) to /home/patrickd/s5-capture/s2/c0/cap/drafts_p371_s000538.txt
[spec] decoding 8 tokens (block=6, draft passes=1, adaptK=1.50, prompt=371 s=539)...
  [margins] 16.15 11.55 10.35 14.09 11.62 12.26  K=7
  verify 1: accepted 6/6 (K=7) + correction -> +7 tokens (203.3 ms)  cpos=545
  [margins] 12.10 12.69 16.34 10.90 13.02 1.31  K=6
  verify 2: accepted 5/5 (K=6) + correction -> +6 tokens (172.8 ms)  cpos=551

[spec] generated 13 tokens over 2 verifies: mean tokens/verify = 6.50 (block=6, max 7)
[spec] tokens: 88 16 16374 88 16 16374 88 16 16374 88 16 16374 88
[spec] SPEC-DECODE: 28.8 ms/tok = 34.72 tok/s  (vs base M=1 69.1 ms/tok = 14.46 tok/s -> 2.40x)
[decode] PREFILL: 648 positions in 11823.9 ms = 54.8 tok/s (18.247 ms/tok)
[capture] wrote /home/patrickd/s5-capture/s2/c0/cap/shard_p372_s000648.dspc  648 tok x (3 taps + 1 lm_in) x 4096 = 20.3 MB (32.0 KB/tok)
[probe] wrote 16 draft probes (block=6) to /home/patrickd/s5-capture/s2/c0/cap/drafts_p372_s000648.txt
[spec] decoding 8 tokens (block=6, draft passes=1, adaptK=1.50, prompt=372 s=649)...
  [margins] 15.73 16.15 10.57 12.23 12.24 3.21  K=7
  verify 1: accepted 6/6 (K=7) + correction -> +7 tokens (204.3 ms)  cpos=655
  [margins] 10.81 12.64 12.46 12.21 12.66 12.93  K=7
  verify 2: accepted 6/6 (K=7) + correction -> +7 tokens (211.7 ms)  cpos=662

[spec] generated 14 tokens over 2 verifies: mean tokens/verify = 7.00 (block=6, max 7)
[spec] tokens: 223 19 82 17237 565 223 19 82 17237 565 223 19 82 17237
[spec] SPEC-DECODE: 30.2 ms/tok = 33.07 tok/s  (vs base M=1 69.1 ms/tok = 14.46 tok/s -> 2.29x)
[decode] PREFILL: 607 positions in 10984.1 ms = 55.3 tok/s (18.096 ms/tok)
[capture] wrote /home/patrickd/s5-capture/s2/c0/cap/shard_p373_s000607.dspc  607 tok x (3 taps + 1 lm_in) x 4096 = 19.0 MB (32.0 KB/tok)
[probe] wrote 16 draft probes (block=6) to /home/patrickd/s5-capture/s2/c0/cap/drafts_p373_s000607.txt
[spec] decoding 8 tokens (block=6, draft passes=1, adaptK=1.50, prompt=373 s=608)...
  [margins] 0.55 8.88 9.90 2.48 9.84 7.31  K=7
  verify 1: accepted 0/6 (K=7) + correction -> +1 tokens (212.0 ms)  cpos=608
  [margins] 11.30 10.85 6.86 11.93 10.75 1.70  K=7
  verify 2: accepted 6/6 (K=7) + correction -> +7 tokens (203.8 ms)  cpos=615

[spec] generated 8 tokens over 2 verifies: mean tokens/verify = 4.00 (block=6, max 7)
[spec] tokens: 82932 14 1539 270 1529 344 12955 511
[spec] SPEC-DECODE: 29.1 ms/tok = 34.35 tok/s  (vs base M=1 69.1 ms/tok = 14.46 tok/s -> 2.38x)
[decode] PREFILL: 526 positions in 9464.0 ms = 55.6 tok/s (17.992 ms/tok)
[capture] wrote /home/patrickd/s5-capture/s2/c0/cap/shard_p374_s000526.dspc  526 tok x (3 taps + 1 lm_in) x 4096 = 16.4 MB (32.0 KB/tok)
[probe] wrote 16 draft probes (block=6) to /home/patrickd/s5-capture/s2/c0/cap/drafts_p374_s000526.txt
[spec] decoding 8 tokens (block=6, draft passes=1, adaptK=1.50, prompt=374 s=527)...
  [margins] 10.36 7.36 2.94 0.12 2.06 0.89  K=4
  verify 1: accepted 3/3 (K=4) + correction -> +4 tokens (144.0 ms)  cpos=530
  [margins] 3.59 1.08 0.55 4.69 1.33 0.53  K=2
  verify 2: accepted 1/1 (K=2) + correction -> +2 tokens (118.8 ms)  cpos=532
  [margins] 5.23 5.77 0.43 0.17 0.68 1.77  K=3
  verify 3: accepted 0/2 (K=3) + correction -> +1 tokens (125.2 ms)  cpos=533
  [margins] 6.33 2.66 1.15 5.26 2.78 2.51  K=3
  verify 4: accepted 2/2 (K=3) + correction -> +3 tokens (131.3 ms)  cpos=536

[spec] generated 10 tokens over 4 verifies: mean tokens/verify = 2.50 (block=6, max 7)
[spec] tokens: 440 588 1762 1192 782 5024 6299 344 10046 1060
[spec] SPEC-DECODE: 62.5 ms/tok = 15.99 tok/s  (vs base M=1 69.1 ms/tok = 14.46 tok/s -> 1.11x)
[decode] PREFILL: 527 positions in 9481.3 ms = 55.6 tok/s (17.991 ms/tok)
[capture] wrote /home/patrickd/s5-capture/s2/c0/cap/shard_p375_s000527.dspc  527 tok x (3 taps + 1 lm_in) x 4096 = 16.5 MB (32.0 KB/tok)
[probe] wrote 16 draft probes (block=6) to /home/patrickd/s5-capture/s2/c0/cap/drafts_p375_s000527.txt
[spec] decoding 8 tokens (block=6, draft passes=1, adaptK=1.50, prompt=375 s=528)...
  [margins] 3.67 0.74 3.36 0.10 3.97 1.37  K=2
  verify 1: accepted 0/1 (K=2) + correction -> +1 tokens (119.1 ms)  cpos=528
  [margins] 5.57 1.82 3.35 0.12 4.24 2.22  K=4
  verify 2: accepted 0/3 (K=4) + correction -> +1 tokens (140.4 ms)  cpos=529
  [margins] 7.02 4.19 1.48 0.52 2.48 0.71  K=3
  verify 3: accepted 2/2 (K=3) + correction -> +3 tokens (130.7 ms)  cpos=532
  [margins] 5.63 9.79 1.33 3.07 2.05 1.51  K=3
  verify 4: accepted 2/2 (K=3) + correction -> +3 tokens (123.7 ms)  cpos=535

[spec] generated 8 tokens over 4 verifies: mean tokens/verify = 2.00 (block=6, max 7)
[spec] tokens: 39740 4584 519 3253 4705 265 3253 6851
[spec] SPEC-DECODE: 56.4 ms/tok = 17.73 tok/s  (vs base M=1 69.1 ms/tok = 14.46 tok/s -> 1.23x)
[decode] PREFILL: 1179 positions in 22487.9 ms = 52.4 tok/s (19.074 ms/tok)
[capture] wrote /home/patrickd/s5-capture/s2/c0/cap/shard_p376_s001179.dspc  1179 tok x (3 taps + 1 lm_in) x 4096 = 36.8 MB (32.0 KB/tok)
[probe] wrote 16 draft probes (block=6) to /home/patrickd/s5-capture/s2/c0/cap/drafts_p376_s001179.txt
[spec] decoding 8 tokens (block=6, draft passes=1, adaptK=1.50, prompt=376 s=1180)...
  [margins] 5.22 9.84 10.80 0.81 3.65 3.15  K=4
  verify 1: accepted 3/3 (K=4) + correction -> +4 tokens (171.0 ms)  cpos=1183
  [margins] 10.96 12.86 2.18 8.94 3.63 9.59  K=7
  verify 2: accepted 4/6 (K=7) + correction -> +5 tokens (232.5 ms)  cpos=1188

[spec] generated 9 tokens over 2 verifies: mean tokens/verify = 4.50 (block=6, max 7)
[spec] tokens: 82 3749 11 82 3749 11 82 3749 11
[spec] SPEC-DECODE: 46.5 ms/tok = 21.50 tok/s  (vs base M=1 69.1 ms/tok = 14.46 tok/s -> 1.49x)
[decode] PREFILL: 546 positions in 9852.9 ms = 55.4 tok/s (18.046 ms/tok)
[capture] wrote /home/patrickd/s5-capture/s2/c0/cap/shard_p377_s000546.dspc  546 tok x (3 taps + 1 lm_in) x 4096 = 17.1 MB (32.0 KB/tok)
[probe] wrote 16 draft probes (block=6) to /home/patrickd/s5-capture/s2/c0/cap/drafts_p377_s000546.txt
[spec] decoding 8 tokens (block=6, draft passes=1, adaptK=1.50, prompt=377 s=547)...
  [margins] 14.79 12.67 12.68 11.75 10.35 14.39  K=7
  verify 1: accepted 6/6 (K=7) + correction -> +7 tokens (209.8 ms)  cpos=553
  [margins] 20.15 13.13 15.28 11.48 8.81 10.25  K=7
  verify 2: accepted 6/6 (K=7) + correction -> +7 tokens (211.0 ms)  cpos=560

[spec] generated 14 tokens over 2 verifies: mean tokens/verify = 7.00 (block=6, max 7)
[spec] tokens: 294 270 18908 344 223 20 30007 295 14 832 223 20 40218 7377
[spec] SPEC-DECODE: 30.1 ms/tok = 33.18 tok/s  (vs base M=1 69.1 ms/tok = 14.46 tok/s -> 2.29x)
[decode] PREFILL: 543 positions in 9767.9 ms = 55.6 tok/s (17.989 ms/tok)
[capture] wrote /home/patrickd/s5-capture/s2/c0/cap/shard_p378_s000543.dspc  543 tok x (3 taps + 1 lm_in) x 4096 = 17.0 MB (32.0 KB/tok)
[probe] wrote 16 draft probes (block=6) to /home/patrickd/s5-capture/s2/c0/cap/drafts_p378_s000543.txt
[spec] decoding 8 tokens (block=6, draft passes=1, adaptK=1.50, prompt=378 s=544)...
  [margins] 15.47 15.69 13.18 10.32 9.71 3.78  K=7
  verify 1: accepted 6/6 (K=7) + correction -> +7 tokens (210.1 ms)  cpos=550
  [margins] 14.77 11.78 9.18 5.57 6.71 3.49  K=7
  verify 2: accepted 6/6 (K=7) + correction -> +7 tokens (206.5 ms)  cpos=557

[spec] generated 14 tokens over 2 verifies: mean tokens/verify = 7.00 (block=6, max 7)
[spec] tokens: 2753 418 793 8809 16 223 1730 1949 1687 3880 10201 3353 33 223
[spec] SPEC-DECODE: 29.5 ms/tok = 33.91 tok/s  (vs base M=1 69.1 ms/tok = 14.46 tok/s -> 2.34x)
[decode] PREFILL: 612 positions in 11080.8 ms = 55.2 tok/s (18.106 ms/tok)
[capture] wrote /home/patrickd/s5-capture/s2/c0/cap/shard_p379_s000612.dspc  612 tok x (3 taps + 1 lm_in) x 4096 = 19.1 MB (32.0 KB/tok)
[probe] wrote 16 draft probes (block=6) to /home/patrickd/s5-capture/s2/c0/cap/drafts_p379_s000612.txt
[spec] decoding 8 tokens (block=6, draft passes=1, adaptK=1.50, prompt=379 s=613)...
  [margins] 6.57 9.06 11.44 6.52 7.46 2.70  K=7
  verify 1: accepted 6/6 (K=7) + correction -> +7 tokens (196.8 ms)  cpos=619
  [margins] 8.16 12.08 5.31 8.07 6.27 2.35  K=7
  verify 2: accepted 6/6 (K=7) + correction -> +7 tokens (204.6 ms)  cpos=626

[spec] generated 14 tokens over 2 verifies: mean tokens/verify = 7.00 (block=6, max 7)
[spec] tokens: 574 16 4100 574 16 4100 574 16 4100 574 16 4100 574 16
[spec] SPEC-DECODE: 29.2 ms/tok = 34.22 tok/s  (vs base M=1 69.1 ms/tok = 14.46 tok/s -> 2.37x)
[decode] PREFILL: 1629 positions in 32057.6 ms = 50.8 tok/s (19.679 ms/tok)
[capture] wrote /home/patrickd/s5-capture/s2/c0/cap/shard_p380_s001629.dspc  1629 tok x (3 taps + 1 lm_in) x 4096 = 50.9 MB (32.0 KB/tok)
[probe] wrote 16 draft probes (block=6) to /home/patrickd/s5-capture/s2/c0/cap/drafts_p380_s001629.txt
[spec] decoding 8 tokens (block=6, draft passes=1, adaptK=1.50, prompt=380 s=1630)...
  [margins] 15.33 11.03 7.36 3.00 1.59 0.67  K=6
  verify 1: accepted 3/5 (K=6) + correction -> +4 tokens (223.6 ms)  cpos=1633
  [margins] 19.59 20.78 4.96 13.93 7.76 5.65  K=7
  verify 2: accepted 6/6 (K=7) + correction -> +7 tokens (263.5 ms)  cpos=1640

[spec] generated 11 tokens over 2 verifies: mean tokens/verify = 5.50 (block=6, max 7)
[spec] tokens: 1353 1951 2910 377 260 10815 5351 344 396 270 4216
[spec] SPEC-DECODE: 37.6 ms/tok = 26.56 tok/s  (vs base M=1 69.1 ms/tok = 14.46 tok/s -> 1.84x)
[decode] PREFILL: 595 positions in 10772.8 ms = 55.2 tok/s (18.106 ms/tok)
[capture] wrote /home/patrickd/s5-capture/s2/c0/cap/shard_p381_s000595.dspc  595 tok x (3 taps + 1 lm_in) x 4096 = 18.6 MB (32.0 KB/tok)
[probe] wrote 16 draft probes (block=6) to /home/patrickd/s5-capture/s2/c0/cap/drafts_p381_s000595.txt
[spec] decoding 8 tokens (block=6, draft passes=1, adaptK=1.50, prompt=381 s=596)...
  [margins] 15.11 15.09 11.34 13.07 13.49 9.68  K=7
  verify 1: accepted 6/6 (K=7) + correction -> +7 tokens (208.7 ms)  cpos=602
  [margins] 16.74 11.46 13.97 12.92 11.63 12.31  K=7
  verify 2: accepted 6/6 (K=7) + correction -> +7 tokens (206.8 ms)  cpos=609

[spec] generated 14 tokens over 2 verifies: mean tokens/verify = 7.00 (block=6, max 7)
[spec] tokens: 223 10969 16 223 6970 16 223 10410 16 223 10669 16 223 9265
[spec] SPEC-DECODE: 29.5 ms/tok = 33.84 tok/s  (vs base M=1 69.1 ms/tok = 14.46 tok/s -> 2.34x)
[decode] PREFILL: 583 positions in 10546.3 ms = 55.3 tok/s (18.090 ms/tok)
[capture] wrote /home/patrickd/s5-capture/s2/c0/cap/shard_p382_s000583.dspc  583 tok x (3 taps + 1 lm_in) x 4096 = 18.2 MB (32.0 KB/tok)
[probe] wrote 16 draft probes (block=6) to /home/patrickd/s5-capture/s2/c0/cap/drafts_p382_s000583.txt
[spec] decoding 8 tokens (block=6, draft passes=1, adaptK=1.50, prompt=382 s=584)...
  [margins] 15.11 11.94 11.51 12.42 12.29 9.63  K=7
  verify 1: accepted 6/6 (K=7) + correction -> +7 tokens (206.0 ms)  cpos=590
  [margins] 13.16 12.71 13.22 10.44 11.95 11.20  K=7
  verify 2: accepted 6/6 (K=7) + correction -> +7 tokens (208.4 ms)  cpos=597

[spec] generated 14 tokens over 2 verifies: mean tokens/verify = 7.00 (block=6, max 7)
[spec] tokens: 1461 28 223 19 50 1461 28 223 19 50 1461 28 223 19
[spec] SPEC-DECODE: 29.8 ms/tok = 33.59 tok/s  (vs base M=1 69.1 ms/tok = 14.46 tok/s -> 2.32x)
[decode] PREFILL: 548 positions in 9894.2 ms = 55.4 tok/s (18.055 ms/tok)
[capture] wrote /home/patrickd/s5-capture/s2/c0/cap/shard_p383_s000548.dspc  548 tok x (3 taps + 1 lm_in) x 4096 = 17.1 MB (32.0 KB/tok)
[probe] wrote 16 draft probes (block=6) to /home/patrickd/s5-capture/s2/c0/cap/drafts_p383_s000548.txt
[spec] decoding 8 tokens (block=6, draft passes=1, adaptK=1.50, prompt=383 s=549)...
  [margins] 15.64 6.93 7.12 13.43 9.60 9.54  K=7
  verify 1: accepted 6/6 (K=7) + correction -> +7 tokens (202.7 ms)  cpos=555
  [margins] 16.90 16.30 9.33 15.30 0.03 9.32  K=5
  verify 2: accepted 4/4 (K=5) + correction -> +5 tokens (168.1 ms)  cpos=560

[spec] generated 12 tokens over 2 verifies: mean tokens/verify = 6.00 (block=6, max 7)
[spec] tokens: 23571 16 455 2019 1531 554 1347 1117 915 7379 4767 6177
[spec] SPEC-DECODE: 33.6 ms/tok = 29.75 tok/s  (vs base M=1 69.1 ms/tok = 14.46 tok/s -> 2.06x)
[decode] PREFILL: 536 positions in 9646.9 ms = 55.6 tok/s (17.998 ms/tok)
[capture] wrote /home/patrickd/s5-capture/s2/c0/cap/shard_p384_s000536.dspc  536 tok x (3 taps + 1 lm_in) x 4096 = 16.8 MB (32.0 KB/tok)
[probe] wrote 16 draft probes (block=6) to /home/patrickd/s5-capture/s2/c0/cap/drafts_p384_s000536.txt
[spec] decoding 8 tokens (block=6, draft passes=1, adaptK=1.50, prompt=384 s=537)...
  [margins] 7.11 12.08 11.89 6.93 12.07 1.43  K=6
  verify 1: accepted 5/5 (K=6) + correction -> +6 tokens (172.9 ms)  cpos=542
  [margins] 7.63 11.94 11.92 7.52 13.70 0.43  K=6
  verify 2: accepted 5/5 (K=6) + correction -> +6 tokens (180.3 ms)  cpos=548

[spec] generated 12 tokens over 2 verifies: mean tokens/verify = 6.00 (block=6, max 7)
[spec] tokens: 16 9909 1353 16 9909 1353 16 9909 1353 16 9909 1353
[spec] SPEC-DECODE: 30.1 ms/tok = 33.28 tok/s  (vs base M=1 69.1 ms/tok = 14.46 tok/s -> 2.30x)
[decode] PREFILL: 1747 positions in 34661.6 ms = 50.4 tok/s (19.841 ms/tok)
[capture] wrote /home/patrickd/s5-capture/s2/c0/cap/shard_p385_s001747.dspc  1747 tok x (3 taps + 1 lm_in) x 4096 = 54.6 MB (32.0 KB/tok)
[probe] wrote 16 draft probes (block=6) to /home/patrickd/s5-capture/s2/c0/cap/drafts_p385_s001747.txt
[spec] decoding 8 tokens (block=6, draft passes=1, adaptK=1.50, prompt=385 s=1748)...
  [margins] 9.76 13.07 12.00 13.82 18.15 3.49  K=7
  verify 1: accepted 6/6 (K=7) + correction -> +7 tokens (267.6 ms)  cpos=1754
  [margins] 12.82 16.81 11.32 7.08 8.22 8.20  K=7
  verify 2: accepted 6/6 (K=7) + correction -> +7 tokens (265.6 ms)  cpos=1761

[spec] generated 14 tokens over 2 verifies: mean tokens/verify = 7.00 (block=6, max 7)
[spec] tokens: 1353 14 223 1002 463 305 223 864 463 17841 1353 16 1353 14
[spec] SPEC-DECODE: 37.9 ms/tok = 26.35 tok/s  (vs base M=1 69.1 ms/tok = 14.46 tok/s -> 1.82x)
[decode] PREFILL: 532 positions in 9608.8 ms = 55.4 tok/s (18.062 ms/tok)
[capture] wrote /home/patrickd/s5-capture/s2/c0/cap/shard_p386_s000532.dspc  532 tok x (3 taps + 1 lm_in) x 4096 = 16.6 MB (32.0 KB/tok)
[probe] wrote 16 draft probes (block=6) to /home/patrickd/s5-capture/s2/c0/cap/drafts_p386_s000532.txt
[spec] decoding 8 tokens (block=6, draft passes=1, adaptK=1.50, prompt=386 s=533)...
  [margins] 11.31 10.03 8.45 10.50 9.56 7.23  K=7
  verify 1: accepted 6/6 (K=7) + correction -> +7 tokens (203.0 ms)  cpos=539
  [margins] 15.57 10.63 15.78 20.11 7.75 8.15  K=7
  verify 2: accepted 6/6 (K=7) + correction -> +7 tokens (209.1 ms)  cpos=546

[spec] generated 14 tokens over 2 verifies: mean tokens/verify = 7.00 (block=6, max 7)
[spec] tokens: 17686 16 7684 82 9636 77 19 16 1366 7562 67 7812 17640 16
[spec] SPEC-DECODE: 29.9 ms/tok = 33.48 tok/s  (vs base M=1 69.1 ms/tok = 14.46 tok/s -> 2.31x)
[decode] PREFILL: 562 positions in 10170.4 ms = 55.3 tok/s (18.097 ms/tok)
[capture] wrote /home/patrickd/s5-capture/s2/c0/cap/shard_p387_s000562.dspc  562 tok x (3 taps + 1 lm_in) x 4096 = 17.6 MB (32.0 KB/tok)
[probe] wrote 16 draft probes (block=6) to /home/patrickd/s5-capture/s2/c0/cap/drafts_p387_s000562.txt
[spec] decoding 8 tokens (block=6, draft passes=1, adaptK=1.50, prompt=387 s=563)...
  [margins] 16.79 16.71 9.49 10.87 11.99 11.47  K=7
  verify 1: accepted 6/6 (K=7) + correction -> +7 tokens (209.0 ms)  cpos=569
  [margins] 16.09 9.10 11.72 12.63 12.25 9.01  K=7
  verify 2: accepted 6/6 (K=7) + correction -> +7 tokens (207.8 ms)  cpos=576

[spec] generated 14 tokens over 2 verifies: mean tokens/verify = 7.00 (block=6, max 7)
[spec] tokens: 223 2116 16 455 3287 344 223 2116 16 455 3287 344 223 2116
[spec] SPEC-DECODE: 29.7 ms/tok = 33.69 tok/s  (vs base M=1 69.1 ms/tok = 14.46 tok/s -> 2.33x)
[decode] PREFILL: 595 positions in 10770.5 ms = 55.2 tok/s (18.102 ms/tok)
[capture] wrote /home/patrickd/s5-capture/s2/c0/cap/shard_p388_s000595.dspc  595 tok x (3 taps + 1 lm_in) x 4096 = 18.6 MB (32.0 KB/tok)
[probe] wrote 16 draft probes (block=6) to /home/patrickd/s5-capture/s2/c0/cap/drafts_p388_s000595.txt
[spec] decoding 8 tokens (block=6, draft passes=1, adaptK=1.50, prompt=388 s=596)...
  [margins] 16.07 8.91 12.63 12.09 7.90 13.13  K=7
  verify 1: accepted 6/6 (K=7) + correction -> +7 tokens (206.1 ms)  cpos=602
  [margins] 7.41 11.03 10.31 6.54 11.93 9.79  K=7
  verify 2: accepted 6/6 (K=7) + correction -> +7 tokens (203.3 ms)  cpos=609

[spec] generated 14 tokens over 2 verifies: mean tokens/verify = 7.00 (block=6, max 7)
[spec] tokens: 86 16 11628 86 16 11628 86 16 11628 86 16 11628 86 16
[spec] SPEC-DECODE: 29.0 ms/tok = 34.43 tok/s  (vs base M=1 69.1 ms/tok = 14.46 tok/s -> 2.38x)
[decode] PREFILL: 534 positions in 9623.5 ms = 55.5 tok/s (18.021 ms/tok)
[capture] wrote /home/patrickd/s5-capture/s2/c0/cap/shard_p389_s000534.dspc  534 tok x (3 taps + 1 lm_in) x 4096 = 16.7 MB (32.0 KB/tok)
[probe] wrote 16 draft probes (block=6) to /home/patrickd/s5-capture/s2/c0/cap/drafts_p389_s000534.txt
[spec] decoding 8 tokens (block=6, draft passes=1, adaptK=1.50, prompt=389 s=535)...
  [margins] 10.00 16.86 11.12 16.40 12.30 11.96  K=7
  verify 1: accepted 6/6 (K=7) + correction -> +7 tokens (200.6 ms)  cpos=541
  [margins] 16.90 11.10 16.24 11.23 15.30 10.21  K=7
  verify 2: accepted 6/6 (K=7) + correction -> +7 tokens (202.2 ms)  cpos=548

[spec] generated 14 tokens over 2 verifies: mean tokens/verify = 7.00 (block=6, max 7)
[spec] tokens: 16 3541 16 3541 16 3541 16 3541 16 3541 16 3541 16 3541
[spec] SPEC-DECODE: 28.9 ms/tok = 34.63 tok/s  (vs base M=1 69.1 ms/tok = 14.46 tok/s -> 2.39x)
[decode] PREFILL: 989 positions in 18509.2 ms = 53.4 tok/s (18.715 ms/tok)
[capture] wrote /home/patrickd/s5-capture/s2/c0/cap/shard_p390_s000989.dspc  989 tok x (3 taps + 1 lm_in) x 4096 = 30.9 MB (32.0 KB/tok)
[probe] wrote 16 draft probes (block=6) to /home/patrickd/s5-capture/s2/c0/cap/drafts_p390_s000989.txt
[spec] decoding 8 tokens (block=6, draft passes=1, adaptK=1.50, prompt=390 s=990)...
  [margins] 8.45 7.58 13.17 6.64 11.11 6.66  K=7
  verify 1: accepted 6/6 (K=7) + correction -> +7 tokens (219.9 ms)  cpos=996
  [margins] 8.46 14.06 7.85 12.79 6.74 11.42  K=7
  verify 2: accepted 6/6 (K=7) + correction -> +7 tokens (210.2 ms)  cpos=1003

[spec] generated 14 tokens over 2 verifies: mean tokens/verify = 7.00 (block=6, max 7)
[spec] tokens: 70404 16 70404 16 70404 16 70404 16 70404 16 70404 16 70404 16
[spec] SPEC-DECODE: 30.0 ms/tok = 33.30 tok/s  (vs base M=1 69.1 ms/tok = 14.46 tok/s -> 2.30x)
[decode] PREFILL: 593 positions in 10746.5 ms = 55.2 tok/s (18.122 ms/tok)
[capture] wrote /home/patrickd/s5-capture/s2/c0/cap/shard_p391_s000593.dspc  593 tok x (3 taps + 1 lm_in) x 4096 = 18.5 MB (32.0 KB/tok)
[probe] wrote 16 draft probes (block=6) to /home/patrickd/s5-capture/s2/c0/cap/drafts_p391_s000593.txt
[spec] decoding 8 tokens (block=6, draft passes=1, adaptK=1.50, prompt=391 s=594)...
  [margins] 17.27 14.94 15.23 15.13 9.41 7.48  K=7
  verify 1: accepted 6/6 (K=7) + correction -> +7 tokens (209.3 ms)  cpos=600
  [margins] 13.00 13.51 17.01 9.49 10.21 7.45  K=7
  verify 2: accepted 6/6 (K=7) + correction -> +7 tokens (202.0 ms)  cpos=607

[spec] generated 14 tokens over 2 verifies: mean tokens/verify = 7.00 (block=6, max 7)
[spec] tokens: 554 1926 270 4105 16 4147 554 1926 270 4105 16 4147 554 1926
[spec] SPEC-DECODE: 28.9 ms/tok = 34.66 tok/s  (vs base M=1 69.1 ms/tok = 14.46 tok/s -> 2.40x)
[decode] PREFILL: 1051 positions in 19796.3 ms = 53.1 tok/s (18.836 ms/tok)
[capture] wrote /home/patrickd/s5-capture/s2/c0/cap/shard_p392_s001051.dspc  1051 tok x (3 taps + 1 lm_in) x 4096 = 32.8 MB (32.0 KB/tok)
[probe] wrote 16 draft probes (block=6) to /home/patrickd/s5-capture/s2/c0/cap/drafts_p392_s001051.txt
[spec] decoding 8 tokens (block=6, draft passes=1, adaptK=1.50, prompt=392 s=1052)...
  [margins] 11.18 9.41 13.14 12.20 8.13 10.97  K=7
  verify 1: accepted 6/6 (K=7) + correction -> +7 tokens (225.9 ms)  cpos=1058
  [margins] 7.95 13.66 13.23 8.33 12.15 2.27  K=7
  verify 2: accepted 6/6 (K=7) + correction -> +7 tokens (224.7 ms)  cpos=1065

[spec] generated 14 tokens over 2 verifies: mean tokens/verify = 7.00 (block=6, max 7)
[spec] tokens: 1874 16 5241 1874 16 5241 1874 16 5241 1874 16 5241 1874 16
[spec] SPEC-DECODE: 32.1 ms/tok = 31.15 tok/s  (vs base M=1 69.1 ms/tok = 14.46 tok/s -> 2.15x)
[decode] PREFILL: 539 positions in 9713.1 ms = 55.5 tok/s (18.021 ms/tok)
[capture] wrote /home/patrickd/s5-capture/s2/c0/cap/shard_p393_s000539.dspc  539 tok x (3 taps + 1 lm_in) x 4096 = 16.8 MB (32.0 KB/tok)
[probe] wrote 16 draft probes (block=6) to /home/patrickd/s5-capture/s2/c0/cap/drafts_p393_s000539.txt
[spec] decoding 8 tokens (block=6, draft passes=1, adaptK=1.50, prompt=393 s=540)...
  [margins] 18.87 10.40 13.82 11.80 10.90 5.85  K=7
  verify 1: accepted 6/6 (K=7) + correction -> +7 tokens (205.0 ms)  cpos=546
  [margins] 10.36 14.39 11.19 11.61 12.24 6.78  K=7
  verify 2: accepted 6/6 (K=7) + correction -> +7 tokens (203.6 ms)  cpos=553

[spec] generated 14 tokens over 2 verifies: mean tokens/verify = 7.00 (block=6, max 7)
[spec] tokens: 435 16 4617 435 16 4617 435 16 4617 435 16 4617 435 16
[spec] SPEC-DECODE: 29.1 ms/tok = 34.38 tok/s  (vs base M=1 69.1 ms/tok = 14.46 tok/s -> 2.38x)
[decode] PREFILL: 919 positions in 17114.5 ms = 53.7 tok/s (18.623 ms/tok)
[capture] wrote /home/patrickd/s5-capture/s2/c0/cap/shard_p394_s000919.dspc  919 tok x (3 taps + 1 lm_in) x 4096 = 28.7 MB (32.0 KB/tok)
[probe] wrote 16 draft probes (block=6) to /home/patrickd/s5-capture/s2/c0/cap/drafts_p394_s000919.txt
[spec] decoding 8 tokens (block=6, draft passes=1, adaptK=1.50, prompt=394 s=920)...
  [margins] 9.85 12.14 10.25 12.72 16.35 5.01  K=7
  verify 1: accepted 6/6 (K=7) + correction -> +7 tokens (221.8 ms)  cpos=926
  [margins] 12.48 11.86 12.58 4.93 6.76 7.30  K=7
  verify 2: accepted 6/6 (K=7) + correction -> +7 tokens (224.7 ms)  cpos=933

[spec] generated 14 tokens over 2 verifies: mean tokens/verify = 7.00 (block=6, max 7)
[spec] tokens: 4800 3052 270 6319 1141 2951 377 270 2910 1951 16 342 4571 19054
[spec] SPEC-DECODE: 32.1 ms/tok = 31.16 tok/s  (vs base M=1 69.1 ms/tok = 14.46 tok/s -> 2.15x)
[decode] PREFILL: 675 positions in 12326.4 ms = 54.8 tok/s (18.261 ms/tok)
[capture] wrote /home/patrickd/s5-capture/s2/c0/cap/shard_p395_s000675.dspc  675 tok x (3 taps + 1 lm_in) x 4096 = 21.1 MB (32.0 KB/tok)
[probe] wrote 16 draft probes (block=6) to /home/patrickd/s5-capture/s2/c0/cap/drafts_p395_s000675.txt
[spec] decoding 8 tokens (block=6, draft passes=1, adaptK=1.50, prompt=395 s=676)...
  [margins] 16.23 16.86 16.20 10.60 1.28 12.72  K=5
  verify 1: accepted 4/4 (K=5) + correction -> +5 tokens (173.0 ms)  cpos=680
  [margins] 19.77 9.65 9.38 12.34 10.58 0.05  K=6
  verify 2: accepted 5/5 (K=6) + correction -> +6 tokens (183.5 ms)  cpos=686

[spec] generated 11 tokens over 2 verifies: mean tokens/verify = 5.50 (block=6, max 7)
[spec] tokens: 2019 1918 554 9495 270 2352 1082 270 31939 6242 6464
[spec] SPEC-DECODE: 30.6 ms/tok = 32.69 tok/s  (vs base M=1 69.1 ms/tok = 14.46 tok/s -> 2.26x)
[decode] PREFILL: 537 positions in 9673.2 ms = 55.5 tok/s (18.013 ms/tok)
[capture] wrote /home/patrickd/s5-capture/s2/c0/cap/shard_p396_s000537.dspc  537 tok x (3 taps + 1 lm_in) x 4096 = 16.8 MB (32.0 KB/tok)
[probe] wrote 16 draft probes (block=6) to /home/patrickd/s5-capture/s2/c0/cap/drafts_p396_s000537.txt
[spec] decoding 8 tokens (block=6, draft passes=1, adaptK=1.50, prompt=396 s=538)...
  [margins] 18.24 13.82 15.67 16.51 13.29 8.93  K=7
  verify 1: accepted 6/6 (K=7) + correction -> +7 tokens (209.7 ms)  cpos=544
  [margins] 12.06 14.82 17.41 2.95 14.73 10.03  K=7
  verify 2: accepted 6/6 (K=7) + correction -> +7 tokens (197.9 ms)  cpos=551

[spec] generated 14 tokens over 2 verifies: mean tokens/verify = 7.00 (block=6, max 7)
[spec] tokens: 3737 538 260 11168 2310 16 15361 270 15255 2019 16 9909 1353 16
[spec] SPEC-DECODE: 28.3 ms/tok = 35.38 tok/s  (vs base M=1 69.1 ms/tok = 14.46 tok/s -> 2.45x)
[decode] PREFILL: 586 positions in 10599.3 ms = 55.3 tok/s (18.087 ms/tok)
[capture] wrote /home/patrickd/s5-capture/s2/c0/cap/shard_p397_s000586.dspc  586 tok x (3 taps + 1 lm_in) x 4096 = 18.3 MB (32.0 KB/tok)
[probe] wrote 16 draft probes (block=6) to /home/patrickd/s5-capture/s2/c0/cap/drafts_p397_s000586.txt
[spec] decoding 8 tokens (block=6, draft passes=1, adaptK=1.50, prompt=397 s=587)...
  [margins] 18.61 15.03 9.43 13.34 16.65 1.02  K=6
  verify 1: accepted 5/5 (K=6) + correction -> +6 tokens (185.9 ms)  cpos=592
  [margins] 10.80 13.07 18.00 10.38 9.11 6.52  K=7
  verify 2: accepted 6/6 (K=7) + correction -> +7 tokens (196.8 ms)  cpos=599

[spec] generated 13 tokens over 2 verifies: mean tokens/verify = 6.50 (block=6, max 7)
[spec] tokens: 79 3373 16 4617 79 3373 16 4617 79 3373 16 4617 79
[spec] SPEC-DECODE: 28.1 ms/tok = 35.57 tok/s  (vs base M=1 69.1 ms/tok = 14.46 tok/s -> 2.46x)
[decode] PREFILL: 528 positions in 9505.0 ms = 55.5 tok/s (18.002 ms/tok)
[capture] wrote /home/patrickd/s5-capture/s2/c0/cap/shard_p398_s000528.dspc  528 tok x (3 taps + 1 lm_in) x 4096 = 16.5 MB (32.0 KB/tok)
[probe] wrote 16 draft probes (block=6) to /home/patrickd/s5-capture/s2/c0/cap/drafts_p398_s000528.txt
[spec] decoding 8 tokens (block=6, draft passes=1, adaptK=1.50, prompt=398 s=529)...
  [margins] 5.75 6.38 4.78 0.94 1.14 4.37  K=4
  verify 1: accepted 3/3 (K=4) + correction -> +4 tokens (146.6 ms)  cpos=532
  [margins] 11.78 5.63 7.22 8.39 2.77 3.37  K=7
  verify 2: accepted 6/6 (K=7) + correction -> +7 tokens (201.3 ms)  cpos=539

[spec] generated 11 tokens over 2 verifies: mean tokens/verify = 5.50 (block=6, max 7)
[spec] tokens: 3749 455 103323 4496 477 50040 304 270 3417 943 582
[spec] SPEC-DECODE: 28.8 ms/tok = 34.77 tok/s  (vs base M=1 69.1 ms/tok = 14.46 tok/s -> 2.40x)
[decode] PREFILL: 563 positions in 10182.1 ms = 55.3 tok/s (18.085 ms/tok)
[capture] wrote /home/patrickd/s5-capture/s2/c0/cap/shard_p399_s000563.dspc  563 tok x (3 taps + 1 lm_in) x 4096 = 17.6 MB (32.0 KB/tok)
[probe] wrote 16 draft probes (block=6) to /home/patrickd/s5-capture/s2/c0/cap/drafts_p399_s000563.txt
[spec] decoding 8 tokens (block=6, draft passes=1, adaptK=1.50, prompt=399 s=564)...
  [margins] 10.60 13.23 14.12 11.71 11.72 9.26  K=7
  verify 1: accepted 6/6 (K=7) + correction -> +7 tokens (210.2 ms)  cpos=570
  [margins] 8.43 9.88 10.82 12.19 10.87 9.25  K=7
  verify 2: accepted 6/6 (K=7) + correction -> +7 tokens (208.1 ms)  cpos=577

[spec] generated 14 tokens over 2 verifies: mean tokens/verify = 7.00 (block=6, max 7)
[spec] tokens: 455 4087 3287 344 223 5895 16 455 3287 344 223 5895 16 455
[spec] SPEC-DECODE: 29.7 ms/tok = 33.64 tok/s  (vs base M=1 69.1 ms/tok = 14.46 tok/s -> 2.33x)
[decode] PREFILL: 577 positions in 10450.0 ms = 55.2 tok/s (18.111 ms/tok)
[capture] wrote /home/patrickd/s5-capture/s2/c0/cap/shard_p400_s000577.dspc  577 tok x (3 taps + 1 lm_in) x 4096 = 18.0 MB (32.0 KB/tok)
[probe] wrote 16 draft probes (block=6) to /home/patrickd/s5-capture/s2/c0/cap/drafts_p400_s000577.txt
[spec] decoding 8 tokens (block=6, draft passes=1, adaptK=1.50, prompt=400 s=578)...
  [margins] 1.25 8.62 11.50 0.72 0.57 0.82  K=4
  verify 1: accepted 3/3 (K=4) + correction -> +4 tokens (148.9 ms)  cpos=581
  [margins] 11.38 1.97 0.33 1.87 4.85 8.10  K=3
  verify 2: accepted 1/2 (K=3) + correction -> +2 tokens (131.9 ms)  cpos=583
  [margins] 14.69 2.05 6.21 5.34 10.58 0.08  K=6
  verify 3: accepted 5/5 (K=6) + correction -> +6 tokens (184.0 ms)  cpos=589

[spec] generated 12 tokens over 3 verifies: mean tokens/verify = 4.00 (block=6, max 7)
[spec] tokens: 201 24480 850 943 201 50 4282 22249 201 24480 850 943
[spec] SPEC-DECODE: 39.5 ms/tok = 25.33 tok/s  (vs base M=1 69.1 ms/tok = 14.46 tok/s -> 1.75x)
[decode] PREFILL: 566 positions in 10229.3 ms = 55.3 tok/s (18.073 ms/tok)
[capture] wrote /home/patrickd/s5-capture/s2/c0/cap/shard_p401_s000566.dspc  566 tok x (3 taps + 1 lm_in) x 4096 = 17.7 MB (32.0 KB/tok)
[probe] wrote 16 draft probes (block=6) to /home/patrickd/s5-capture/s2/c0/cap/drafts_p401_s000566.txt
[spec] decoding 8 tokens (block=6, draft passes=1, adaptK=1.50, prompt=401 s=567)...
  [margins] 11.83 14.19 15.33 9.55 9.55 10.98  K=7
  verify 1: accepted 6/6 (K=7) + correction -> +7 tokens (213.7 ms)  cpos=573
  [margins] 9.77 9.38 14.41 12.08 5.50 3.49  K=7
  verify 2: accepted 5/6 (K=7) + correction -> +6 tokens (211.4 ms)  cpos=579

[spec] generated 13 tokens over 2 verifies: mean tokens/verify = 6.50 (block=6, max 7)
[spec] tokens: 4689 1225 588 5831 969 3197 4609 33 1999 477 1093 294 270
[spec] SPEC-DECODE: 35.2 ms/tok = 28.38 tok/s  (vs base M=1 69.1 ms/tok = 14.46 tok/s -> 1.96x)
[decode] PREFILL: 545 positions in 9846.5 ms = 55.3 tok/s (18.067 ms/tok)
[capture] wrote /home/patrickd/s5-capture/s2/c0/cap/shard_p402_s000545.dspc  545 tok x (3 taps + 1 lm_in) x 4096 = 17.0 MB (32.0 KB/tok)
[probe] wrote 16 draft probes (block=6) to /home/patrickd/s5-capture/s2/c0/cap/drafts_p402_s000545.txt
[spec] decoding 8 tokens (block=6, draft passes=1, adaptK=1.50, prompt=402 s=546)...
  [margins] 16.29 15.90 12.40 10.79 10.10 5.24  K=7
  verify 1: accepted 6/6 (K=7) + correction -> +7 tokens (208.6 ms)  cpos=552
  [margins] 17.02 17.91 16.16 8.09 12.74 13.09  K=7
  verify 2: accepted 6/6 (K=7) + correction -> +7 tokens (198.9 ms)  cpos=559

[spec] generated 14 tokens over 2 verifies: mean tokens/verify = 7.00 (block=6, max 7)
[spec] tokens: 14841 14 305 8697 477 7165 294 28 16714 834 28 260 16 30347
[spec] SPEC-DECODE: 28.4 ms/tok = 35.19 tok/s  (vs base M=1 69.1 ms/tok = 14.46 tok/s -> 2.43x)
[decode] PREFILL: 1166 positions in 22102.0 ms = 52.8 tok/s (18.955 ms/tok)
[capture] wrote /home/patrickd/s5-capture/s2/c0/cap/shard_p403_s001166.dspc  1166 tok x (3 taps + 1 lm_in) x 4096 = 36.4 MB (32.0 KB/tok)
[probe] wrote 16 draft probes (block=6) to /home/patrickd/s5-capture/s2/c0/cap/drafts_p403_s001166.txt
[spec] decoding 8 tokens (block=6, draft passes=1, adaptK=1.50, prompt=403 s=1167)...
  [margins] 13.02 9.19 15.49 8.93 15.15 7.83  K=7
  verify 1: accepted 6/6 (K=7) + correction -> +7 tokens (227.5 ms)  cpos=1173
  [margins] 9.54 16.00 8.94 14.95 8.60 14.68  K=7
  verify 2: accepted 6/6 (K=7) + correction -> +7 tokens (224.4 ms)  cpos=1180

[spec] generated 14 tokens over 2 verifies: mean tokens/verify = 7.00 (block=6, max 7)
[spec] tokens: 61561 16 61561 16 61561 16 61561 16 61561 16 61561 16 61561 16
[spec] SPEC-DECODE: 32.1 ms/tok = 31.19 tok/s  (vs base M=1 69.1 ms/tok = 14.46 tok/s -> 2.16x)
[decode] PREFILL: 622 positions in 11267.6 ms = 55.2 tok/s (18.115 ms/tok)
[capture] wrote /home/patrickd/s5-capture/s2/c0/cap/shard_p404_s000622.dspc  622 tok x (3 taps + 1 lm_in) x 4096 = 19.4 MB (32.0 KB/tok)
[probe] wrote 16 draft probes (block=6) to /home/patrickd/s5-capture/s2/c0/cap/drafts_p404_s000622.txt
[spec] decoding 8 tokens (block=6, draft passes=1, adaptK=1.50, prompt=404 s=623)...
  [margins] 17.04 14.60 15.77 11.70 3.65 3.47  K=7
  verify 1: accepted 6/6 (K=7) + correction -> +7 tokens (213.7 ms)  cpos=629
  [margins] 10.30 14.55 11.21 11.49 7.94 8.58  K=7
  verify 2: accepted 6/6 (K=7) + correction -> +7 tokens (213.3 ms)  cpos=636

[spec] generated 14 tokens over 2 verifies: mean tokens/verify = 7.00 (block=6, max 7)
[spec] tokens: 342 588 1664 8233 418 396 5118 16 1789 271 43 4571 19054 14
[spec] SPEC-DECODE: 30.5 ms/tok = 32.82 tok/s  (vs base M=1 69.1 ms/tok = 14.46 tok/s -> 2.27x)
[decode] PREFILL: 533 positions in 9613.8 ms = 55.4 tok/s (18.037 ms/tok)
[capture] wrote /home/patrickd/s5-capture/s2/c0/cap/shard_p405_s000533.dspc  533 tok x (3 taps + 1 lm_in) x 4096 = 16.7 MB (32.0 KB/tok)
[probe] wrote 16 draft probes (block=6) to /home/patrickd/s5-capture/s2/c0/cap/drafts_p405_s000533.txt
[spec] decoding 8 tokens (block=6, draft passes=1, adaptK=1.50, prompt=405 s=534)...
  [margins] 11.64 18.21 16.54 9.08 13.90 8.61  K=7
  verify 1: accepted 6/6 (K=7) + correction -> +7 tokens (210.0 ms)  cpos=540
  [margins] 9.62 10.26 14.34 5.23 11.94 6.88  K=7
  verify 2: accepted 6/6 (K=7) + correction -> +7 tokens (204.0 ms)  cpos=547

[spec] generated 14 tokens over 2 verifies: mean tokens/verify = 7.00 (block=6, max 7)
[spec] tokens: 270 1473 7800 295 260 5029 16 455 23605 362 270 223 643 26
[spec] SPEC-DECODE: 29.1 ms/tok = 34.31 tok/s  (vs base M=1 69.1 ms/tok = 14.46 tok/s -> 2.37x)
[decode] PREFILL: 619 positions in 11191.1 ms = 55.3 tok/s (18.079 ms/tok)
[capture] wrote /home/patrickd/s5-capture/s2/c0/cap/shard_p406_s000619.dspc  619 tok x (3 taps + 1 lm_in) x 4096 = 19.3 MB (32.0 KB/tok)
[probe] wrote 16 draft probes (block=6) to /home/patrickd/s5-capture/s2/c0/cap/drafts_p406_s000619.txt
[spec] decoding 8 tokens (block=6, draft passes=1, adaptK=1.50, prompt=406 s=620)...
  [margins] 7.84 12.92 7.81 12.89 6.03 11.11  K=7
  verify 1: accepted 6/6 (K=7) + correction -> +7 tokens (200.5 ms)  cpos=626
  [margins] 10.14 9.26 13.53 8.85 12.67 8.29  K=7
  verify 2: accepted 6/6 (K=7) + correction -> +7 tokens (202.7 ms)  cpos=633

[spec] generated 14 tokens over 2 verifies: mean tokens/verify = 7.00 (block=6, max 7)
[spec] tokens: 16 70404 16 70404 16 70404 16 70404 16 70404 16 70404 16 70404
[spec] SPEC-DECODE: 29.0 ms/tok = 34.54 tok/s  (vs base M=1 69.1 ms/tok = 14.46 tok/s -> 2.39x)
[decode] PREFILL: 537 positions in 9690.2 ms = 55.4 tok/s (18.045 ms/tok)
[capture] wrote /home/patrickd/s5-capture/s2/c0/cap/shard_p407_s000537.dspc  537 tok x (3 taps + 1 lm_in) x 4096 = 16.8 MB (32.0 KB/tok)
[probe] wrote 16 draft probes (block=6) to /home/patrickd/s5-capture/s2/c0/cap/drafts_p407_s000537.txt
[spec] decoding 8 tokens (block=6, draft passes=1, adaptK=1.50, prompt=407 s=538)...
  [margins] 17.01 16.96 15.62 12.38 9.46 12.09  K=7
  verify 1: accepted 6/6 (K=7) + correction -> +7 tokens (209.4 ms)  cpos=544
  [margins] 17.02 6.86 12.12 11.27 11.98 15.42  K=7
  verify 2: accepted 6/6 (K=7) + correction -> +7 tokens (202.1 ms)  cpos=551

[spec] generated 14 tokens over 2 verifies: mean tokens/verify = 7.00 (block=6, max 7)
[spec] tokens: 305 915 4312 2622 46500 14 42157 14 305 18734 16 1924 294 5077
[spec] SPEC-DECODE: 28.9 ms/tok = 34.63 tok/s  (vs base M=1 69.1 ms/tok = 14.46 tok/s -> 2.39x)
[decode] PREFILL: 592 positions in 10710.8 ms = 55.3 tok/s (18.093 ms/tok)
[capture] wrote /home/patrickd/s5-capture/s2/c0/cap/shard_p408_s000592.dspc  592 tok x (3 taps + 1 lm_in) x 4096 = 18.5 MB (32.0 KB/tok)
[probe] wrote 16 draft probes (block=6) to /home/patrickd/s5-capture/s2/c0/cap/drafts_p408_s000592.txt
[spec] decoding 8 tokens (block=6, draft passes=1, adaptK=1.50, prompt=408 s=593)...
  [margins] 10.95 15.93 13.53 10.15 5.42 4.66  K=7
  verify 1: accepted 6/6 (K=7) + correction -> +7 tokens (197.2 ms)  cpos=599
  [margins] 11.33 7.92 8.52 6.85 5.13 0.75  K=6
  verify 2: accepted 5/5 (K=6) + correction -> +6 tokens (182.1 ms)  cpos=605

[spec] generated 13 tokens over 2 verifies: mean tokens/verify = 6.50 (block=6, max 7)
[spec] tokens: 14540 1400 1423 6195 5370 271 12602 699 32108 271 81744 271 14758
[spec] SPEC-DECODE: 30.4 ms/tok = 32.94 tok/s  (vs base M=1 69.1 ms/tok = 14.46 tok/s -> 2.28x)
[decode] PREFILL: 528 positions in 9506.8 ms = 55.5 tok/s (18.005 ms/tok)
[capture] wrote /home/patrickd/s5-capture/s2/c0/cap/shard_p409_s000528.dspc  528 tok x (3 taps + 1 lm_in) x 4096 = 16.5 MB (32.0 KB/tok)
[probe] wrote 16 draft probes (block=6) to /home/patrickd/s5-capture/s2/c0/cap/drafts_p409_s000528.txt
[spec] decoding 8 tokens (block=6, draft passes=1, adaptK=1.50, prompt=409 s=529)...
  [margins] 4.99 2.57 0.92 0.90 0.83 5.59  K=3
  verify 1: accepted 1/2 (K=3) + correction -> +2 tokens (127.1 ms)  cpos=530
  [margins] 16.78 18.28 2.13 1.66 0.97 0.96  K=5
  verify 2: accepted 2/4 (K=5) + correction -> +3 tokens (157.2 ms)  cpos=533
  [margins] 6.88 4.73 5.00 1.28 1.78 0.46  K=4
  verify 3: accepted 3/3 (K=4) + correction -> +4 tokens (144.6 ms)  cpos=537

[spec] generated 9 tokens over 3 verifies: mean tokens/verify = 3.00 (block=6, max 7)
[spec] tokens: 6948 1452 1538 749 43192 362 8147 2237 304
[spec] SPEC-DECODE: 43.1 ms/tok = 23.19 tok/s  (vs base M=1 69.1 ms/tok = 14.46 tok/s -> 1.60x)
[decode] PREFILL: 653 positions in 11912.2 ms = 54.8 tok/s (18.242 ms/tok)
[capture] wrote /home/patrickd/s5-capture/s2/c0/cap/shard_p410_s000653.dspc  653 tok x (3 taps + 1 lm_in) x 4096 = 20.4 MB (32.0 KB/tok)
[probe] wrote 16 draft probes (block=6) to /home/patrickd/s5-capture/s2/c0/cap/drafts_p410_s000653.txt
[spec] decoding 8 tokens (block=6, draft passes=1, adaptK=1.50, prompt=410 s=654)...
  [margins] 16.63 16.48 16.26 15.35 9.32 8.56  K=7
  verify 1: accepted 6/6 (K=7) + correction -> +7 tokens (212.6 ms)  cpos=660
  [margins] 15.55 12.92 17.43 11.79 8.34 8.54  K=7
  verify 2: accepted 6/6 (K=7) + correction -> +7 tokens (208.6 ms)  cpos=667

[spec] generated 14 tokens over 2 verifies: mean tokens/verify = 7.00 (block=6, max 7)
[spec] tokens: 554 1926 270 4105 16 4147 554 1347 270 4105 16 4147 554 1926
[spec] SPEC-DECODE: 29.8 ms/tok = 33.55 tok/s  (vs base M=1 69.1 ms/tok = 14.46 tok/s -> 2.32x)
[decode] PREFILL: 577 positions in 10454.3 ms = 55.2 tok/s (18.118 ms/tok)
[capture] wrote /home/patrickd/s5-capture/s2/c0/cap/shard_p411_s000577.dspc  577 tok x (3 taps + 1 lm_in) x 4096 = 18.0 MB (32.0 KB/tok)
[probe] wrote 16 draft probes (block=6) to /home/patrickd/s5-capture/s2/c0/cap/drafts_p411_s000577.txt
[spec] decoding 8 tokens (block=6, draft passes=1, adaptK=1.50, prompt=411 s=578)...
  [margins] 1.40 5.93 0.07 0.53 3.03 3.01  K=3
  verify 1: accepted 0/2 (K=3) + correction -> +1 tokens (134.7 ms)  cpos=578
  [margins] 1.61 6.01 8.34 4.17 0.43 1.68  K=5
  verify 2: accepted 4/4 (K=5) + correction -> +5 tokens (159.1 ms)  cpos=583
  [margins] 1.15 1.51 2.31 3.30 4.38 0.17  K=6
  verify 3: accepted 0/5 (K=6) + correction -> +1 tokens (182.8 ms)  cpos=584
  [margins] 1.02 4.62 4.52 1.80 0.67 1.51  K=5
  verify 4: accepted 0/4 (K=5) + correction -> +1 tokens (156.8 ms)  cpos=585

[spec] generated 8 tokens over 4 verifies: mean tokens/verify = 2.00 (block=6, max 7)
[spec] tokens: 2740 294 223 5126 14 1660 14241 52075
[spec] SPEC-DECODE: 71.2 ms/tok = 14.04 tok/s  (vs base M=1 69.1 ms/tok = 14.46 tok/s -> 0.97x)
[decode] PREFILL: 618 positions in 11194.4 ms = 55.2 tok/s (18.114 ms/tok)
[capture] wrote /home/patrickd/s5-capture/s2/c0/cap/shard_p412_s000618.dspc  618 tok x (3 taps + 1 lm_in) x 4096 = 19.3 MB (32.0 KB/tok)
[probe] wrote 16 draft probes (block=6) to /home/patrickd/s5-capture/s2/c0/cap/drafts_p412_s000618.txt
[spec] decoding 8 tokens (block=6, draft passes=1, adaptK=1.50, prompt=412 s=619)...
  [margins] 12.05 0.25 9.42 8.23 5.69 0.83  K=2
  verify 1: accepted 1/1 (K=2) + correction -> +2 tokens (121.7 ms)  cpos=620
  [margins] 11.63 10.81 11.65 5.66 6.18 3.47  K=7
  verify 2: accepted 5/6 (K=7) + correction -> +6 tokens (208.4 ms)  cpos=626

[spec] generated 8 tokens over 2 verifies: mean tokens/verify = 4.00 (block=6, max 7)
[spec] tokens: 16 15062 14 696 554 1926 1117 6704
[spec] SPEC-DECODE: 34.7 ms/tok = 28.79 tok/s  (vs base M=1 69.1 ms/tok = 14.46 tok/s -> 1.99x)
[decode] PREFILL: 524 positions in 9434.3 ms = 55.5 tok/s (18.004 ms/tok)
[capture] wrote /home/patrickd/s5-capture/s2/c0/cap/shard_p413_s000524.dspc  524 tok x (3 taps + 1 lm_in) x 4096 = 16.4 MB (32.0 KB/tok)
[probe] wrote 16 draft probes (block=6) to /home/patrickd/s5-capture/s2/c0/cap/drafts_p413_s000524.txt
[spec] decoding 8 tokens (block=6, draft passes=1, adaptK=1.50, prompt=413 s=525)...
  [margins] 15.86 6.09 12.44 2.22 3.48 4.05  K=7
  verify 1: accepted 4/6 (K=7) + correction -> +5 tokens (198.5 ms)  cpos=529
  [margins] 13.00 0.99 1.01 1.20 0.27 3.60  K=2
  verify 2: accepted 1/1 (K=2) + correction -> +2 tokens (112.7 ms)  cpos=531
  [margins] 1.02 2.97 3.62 0.07 4.26 0.81  K=4
  verify 3: accepted 0/3 (K=4) + correction -> +1 tokens (144.8 ms)  cpos=532

[spec] generated 8 tokens over 3 verifies: mean tokens/verify = 2.67 (block=6, max 7)
[spec] tokens: 5866 361 565 2052 3338 14 1950 1688
[spec] SPEC-DECODE: 85.8 ms/tok = 11.65 tok/s  (vs base M=1 69.1 ms/tok = 14.46 tok/s -> 0.81x)
[decode] PREFILL: 524 positions in 9441.4 ms = 55.5 tok/s (18.018 ms/tok)
[capture] wrote /home/patrickd/s5-capture/s2/c0/cap/shard_p414_s000524.dspc  524 tok x (3 taps + 1 lm_in) x 4096 = 16.4 MB (32.0 KB/tok)
[probe] wrote 16 draft probes (block=6) to /home/patrickd/s5-capture/s2/c0/cap/drafts_p414_s000524.txt
[spec] decoding 8 tokens (block=6, draft passes=1, adaptK=1.50, prompt=414 s=525)...
  [margins] 8.16 11.46 3.62 9.81 4.04 0.55  K=6
  verify 1: accepted 5/5 (K=6) + correction -> +6 tokens (174.6 ms)  cpos=530
  [margins] 17.38 12.46 2.52 5.40 6.56 6.00  K=7
  verify 2: accepted 6/6 (K=7) + correction -> +7 tokens (205.7 ms)  cpos=537

[spec] generated 13 tokens over 2 verifies: mean tokens/verify = 6.50 (block=6, max 7)
[spec] tokens: 494 28 223 19 565 3605 19 21378 1492 223 9489 14 336
[spec] SPEC-DECODE: 29.4 ms/tok = 34.03 tok/s  (vs base M=1 69.1 ms/tok = 14.46 tok/s -> 2.35x)
[decode] PREFILL: 608 positions in 10998.8 ms = 55.3 tok/s (18.090 ms/tok)
[capture] wrote /home/patrickd/s5-capture/s2/c0/cap/shard_p415_s000608.dspc  608 tok x (3 taps + 1 lm_in) x 4096 = 19.0 MB (32.0 KB/tok)
[probe] wrote 16 draft probes (block=6) to /home/patrickd/s5-capture/s2/c0/cap/drafts_p415_s000608.txt
[spec] decoding 8 tokens (block=6, draft passes=1, adaptK=1.50, prompt=415 s=609)...
  [margins] 8.66 10.56 11.28 17.27 9.87 7.54  K=7
  verify 1: accepted 6/6 (K=7) + correction -> +7 tokens (205.9 ms)  cpos=615
  [margins] 14.26 10.53 11.19 11.48 16.95 6.95  K=7
  verify 2: accepted 6/6 (K=7) + correction -> +7 tokens (212.4 ms)  cpos=622

[spec] generated 14 tokens over 2 verifies: mean tokens/verify = 7.00 (block=6, max 7)
[spec] tokens: 344 295 270 2019 2329 16 455 14364 344 295 270 2019 2329 16
[spec] SPEC-DECODE: 30.3 ms/tok = 32.96 tok/s  (vs base M=1 69.1 ms/tok = 14.46 tok/s -> 2.28x)
[decode] PREFILL: 532 positions in 9601.6 ms = 55.4 tok/s (18.048 ms/tok)
[capture] wrote /home/patrickd/s5-capture/s2/c0/cap/shard_p416_s000532.dspc  532 tok x (3 taps + 1 lm_in) x 4096 = 16.6 MB (32.0 KB/tok)
[probe] wrote 16 draft probes (block=6) to /home/patrickd/s5-capture/s2/c0/cap/drafts_p416_s000532.txt
[spec] decoding 8 tokens (block=6, draft passes=1, adaptK=1.50, prompt=416 s=533)...
  [margins] 14.04 8.19 12.26 5.35 4.46 4.53  K=7
  verify 1: accepted 6/6 (K=7) + correction -> +7 tokens (203.4 ms)  cpos=539
  [margins] 12.34 8.21 11.75 10.28 1.90 0.03  K=6
  verify 2: accepted 5/5 (K=6) + correction -> +6 tokens (187.3 ms)  cpos=545

[spec] generated 13 tokens over 2 verifies: mean tokens/verify = 6.50 (block=6, max 7)
[spec] tokens: 6644 786 4125 305 477 22310 44856 16 2359 1309 304 2997 362
[spec] SPEC-DECODE: 31.2 ms/tok = 32.03 tok/s  (vs base M=1 69.1 ms/tok = 14.46 tok/s -> 2.21x)
[decode] PREFILL: 665 positions in 12133.0 ms = 54.8 tok/s (18.245 ms/tok)
[capture] wrote /home/patrickd/s5-capture/s2/c0/cap/shard_p417_s000665.dspc  665 tok x (3 taps + 1 lm_in) x 4096 = 20.8 MB (32.0 KB/tok)
[probe] wrote 16 draft probes (block=6) to /home/patrickd/s5-capture/s2/c0/cap/drafts_p417_s000665.txt
[spec] decoding 8 tokens (block=6, draft passes=1, adaptK=1.50, prompt=417 s=666)...
  [margins] 14.37 11.68 7.43 10.28 8.74 10.43  K=7
  verify 1: accepted 6/6 (K=7) + correction -> +7 tokens (207.9 ms)  cpos=672
  [margins] 8.94 13.73 11.89 7.41 9.39 9.91  K=7
  verify 2: accepted 6/6 (K=7) + correction -> +7 tokens (199.5 ms)  cpos=679

[spec] generated 14 tokens over 2 verifies: mean tokens/verify = 7.00 (block=6, max 7)
[spec] tokens: 56 1911 16 539 56 1911 16 539 56 1911 16 539 56 1911
[spec] SPEC-DECODE: 28.5 ms/tok = 35.09 tok/s  (vs base M=1 69.1 ms/tok = 14.46 tok/s -> 2.43x)
[decode] PREFILL: 559 positions in 10078.4 ms = 55.5 tok/s (18.029 ms/tok)
[capture] wrote /home/patrickd/s5-capture/s2/c0/cap/shard_p418_s000559.dspc  559 tok x (3 taps + 1 lm_in) x 4096 = 17.5 MB (32.0 KB/tok)
[probe] wrote 16 draft probes (block=6) to /home/patrickd/s5-capture/s2/c0/cap/drafts_p418_s000559.txt
[spec] decoding 8 tokens (block=6, draft passes=1, adaptK=1.50, prompt=418 s=560)...
  [margins] 12.56 15.02 11.00 3.04 2.17 5.79  K=7
  verify 1: accepted 5/6 (K=7) + correction -> +6 tokens (211.3 ms)  cpos=565
  [margins] 12.11 13.53 13.66 11.79 11.07 6.26  K=7
  verify 2: accepted 6/6 (K=7) + correction -> +7 tokens (209.5 ms)  cpos=572

[spec] generated 13 tokens over 2 verifies: mean tokens/verify = 6.50 (block=6, max 7)
[spec] tokens: 769 260 3935 386 312 317 396 65363 223 397 1899 456 517
[spec] SPEC-DECODE: 29.9 ms/tok = 33.42 tok/s  (vs base M=1 69.1 ms/tok = 14.46 tok/s -> 2.31x)
[decode] PREFILL: 600 positions in 10871.3 ms = 55.2 tok/s (18.119 ms/tok)
[capture] wrote /home/patrickd/s5-capture/s2/c0/cap/shard_p419_s000600.dspc  600 tok x (3 taps + 1 lm_in) x 4096 = 18.8 MB (32.0 KB/tok)
[probe] wrote 16 draft probes (block=6) to /home/patrickd/s5-capture/s2/c0/cap/drafts_p419_s000600.txt
[spec] decoding 8 tokens (block=6, draft passes=1, adaptK=1.50, prompt=419 s=601)...
  [margins] 14.52 0.71 0.97 0.23 4.73 0.46  K=2
  verify 1: accepted 1/1 (K=2) + correction -> +2 tokens (115.4 ms)  cpos=602
  [margins] 2.48 3.41 1.40 1.14 1.02 4.24  K=3
  verify 2: accepted 2/2 (K=3) + correction -> +3 tokens (134.5 ms)  cpos=605
  [margins] 1.55 1.13 3.99 1.89 1.45 1.61  K=2
  verify 3: accepted 1/1 (K=2) + correction -> +2 tokens (112.3 ms)  cpos=607
  [margins] 0.97 3.39 0.95 1.03 0.06 0.36  K=3
  verify 4: accepted 2/2 (K=3) + correction -> +3 tokens (135.0 ms)  cpos=610

[spec] generated 10 tokens over 4 verifies: mean tokens/verify = 2.50 (block=6, max 7)
[spec] tokens: 14904 2148 3016 342 5922 1438 5085 270 4105 1926
[spec] SPEC-DECODE: 47.7 ms/tok = 20.96 tok/s  (vs base M=1 69.1 ms/tok = 14.46 tok/s -> 1.45x)
[decode] PREFILL: 645 positions in 11780.6 ms = 54.8 tok/s (18.265 ms/tok)
[capture] wrote /home/patrickd/s5-capture/s2/c0/cap/shard_p420_s000645.dspc  645 tok x (3 taps + 1 lm_in) x 4096 = 20.2 MB (32.0 KB/tok)
[probe] wrote 16 draft probes (block=6) to /home/patrickd/s5-capture/s2/c0/cap/drafts_p420_s000645.txt
[spec] decoding 8 tokens (block=6, draft passes=1, adaptK=1.50, prompt=420 s=646)...
  [margins] 15.98 15.04 10.23 14.89 11.11 5.93  K=7
  verify 1: accepted 6/6 (K=7) + correction -> +7 tokens (214.9 ms)  cpos=652
  [margins] 12.35 16.53 16.13 5.11 10.81 8.60  K=7
  verify 2: accepted 6/6 (K=7) + correction -> +7 tokens (207.1 ms)  cpos=659

[spec] generated 14 tokens over 2 verifies: mean tokens/verify = 7.00 (block=6, max 7)
[spec] tokens: 270 8761 588 1762 566 3287 16 11992 1347 566 855 440 696 554
[spec] SPEC-DECODE: 29.6 ms/tok = 33.80 tok/s  (vs base M=1 69.1 ms/tok = 14.46 tok/s -> 2.34x)
[decode] PREFILL: 1002 positions in 18778.1 ms = 53.4 tok/s (18.741 ms/tok)
[capture] wrote /home/patrickd/s5-capture/s2/c0/cap/shard_p421_s001002.dspc  1002 tok x (3 taps + 1 lm_in) x 4096 = 31.3 MB (32.0 KB/tok)
[probe] wrote 16 draft probes (block=6) to /home/patrickd/s5-capture/s2/c0/cap/drafts_p421_s001002.txt
[spec] decoding 8 tokens (block=6, draft passes=1, adaptK=1.50, prompt=421 s=1003)...
  [margins] 11.58 13.61 5.13 17.33 8.61 1.65  K=7
  verify 1: accepted 5/6 (K=7) + correction -> +6 tokens (229.3 ms)  cpos=1008
  [margins] 15.00 12.55 19.03 15.03 5.97 0.13  K=6
  verify 2: accepted 5/5 (K=6) + correction -> +6 tokens (192.3 ms)  cpos=1014

[spec] generated 12 tokens over 2 verifies: mean tokens/verify = 6.00 (block=6, max 7)
[spec] tokens: 3002 319 47480 276 33 1004 666 41 10289 3002 319 349
[spec] SPEC-DECODE: 32.0 ms/tok = 31.21 tok/s  (vs base M=1 69.1 ms/tok = 14.46 tok/s -> 2.16x)
[decode] PREFILL: 584 positions in 10572.8 ms = 55.2 tok/s (18.104 ms/tok)
[capture] wrote /home/patrickd/s5-capture/s2/c0/cap/shard_p422_s000584.dspc  584 tok x (3 taps + 1 lm_in) x 4096 = 18.3 MB (32.0 KB/tok)
[probe] wrote 16 draft probes (block=6) to /home/patrickd/s5-capture/s2/c0/cap/drafts_p422_s000584.txt
[spec] decoding 8 tokens (block=6, draft passes=1, adaptK=1.50, prompt=422 s=585)...
  [margins] 4.94 7.85 4.01 15.48 9.31 4.71  K=7
  verify 1: accepted 6/6 (K=7) + correction -> +7 tokens (203.0 ms)  cpos=591
  [margins] 2.55 6.08 2.55 7.72 0.58 9.63  K=5
  verify 2: accepted 2/4 (K=5) + correction -> +3 tokens (171.5 ms)  cpos=594

[spec] generated 10 tokens over 2 verifies: mean tokens/verify = 5.00 (block=6, max 7)
[spec] tokens: 60355 55775 60355 1795 679 60355 458 60355 2869 60355
[spec] SPEC-DECODE: 57.2 ms/tok = 17.50 tok/s  (vs base M=1 69.1 ms/tok = 14.46 tok/s -> 1.21x)
[decode] PREFILL: 678 positions in 12379.4 ms = 54.8 tok/s (18.259 ms/tok)
[capture] wrote /home/patrickd/s5-capture/s2/c0/cap/shard_p423_s000678.dspc  678 tok x (3 taps + 1 lm_in) x 4096 = 21.2 MB (32.0 KB/tok)
[probe] wrote 16 draft probes (block=6) to /home/patrickd/s5-capture/s2/c0/cap/drafts_p423_s000678.txt
[spec] decoding 8 tokens (block=6, draft passes=1, adaptK=1.50, prompt=423 s=679)...
  [margins] 18.39 16.98 9.02 9.79 12.21 13.99  K=7
  verify 1: accepted 6/6 (K=7) + correction -> +7 tokens (219.6 ms)  cpos=685
  [margins] 15.04 18.21 11.80 10.26 12.98 8.14  K=7
  verify 2: accepted 6/6 (K=7) + correction -> +7 tokens (217.8 ms)  cpos=692

[spec] generated 14 tokens over 2 verifies: mean tokens/verify = 7.00 (block=6, max 7)
[spec] tokens: 361 582 65996 3362 223 23 989 361 582 30473 104715 61391 3362 223
[spec] SPEC-DECODE: 31.1 ms/tok = 32.14 tok/s  (vs base M=1 69.1 ms/tok = 14.46 tok/s -> 2.22x)
[decode] PREFILL: 535 positions in 9640.2 ms = 55.5 tok/s (18.019 ms/tok)
[capture] wrote /home/patrickd/s5-capture/s2/c0/cap/shard_p424_s000535.dspc  535 tok x (3 taps + 1 lm_in) x 4096 = 16.7 MB (32.0 KB/tok)
[probe] wrote 16 draft probes (block=6) to /home/patrickd/s5-capture/s2/c0/cap/drafts_p424_s000535.txt
[spec] decoding 8 tokens (block=6, draft passes=1, adaptK=1.50, prompt=424 s=536)...
  [margins] 9.48 12.91 10.34 13.32 8.44 3.40  K=7
  verify 1: accepted 6/6 (K=7) + correction -> +7 tokens (211.3 ms)  cpos=542
  [margins] 9.25 13.55 0.86 12.26 2.00 8.64  K=3
  verify 2: accepted 2/2 (K=3) + correction -> +3 tokens (133.1 ms)  cpos=545

[spec] generated 10 tokens over 2 verifies: mean tokens/verify = 5.00 (block=6, max 7)
[spec] tokens: 455 2019 1531 9495 3737 418 6646 305 52964 612
[spec] SPEC-DECODE: 44.4 ms/tok = 22.55 tok/s  (vs base M=1 69.1 ms/tok = 14.46 tok/s -> 1.56x)
[decode] PREFILL: 628 positions in 11388.7 ms = 55.1 tok/s (18.135 ms/tok)
[capture] wrote /home/patrickd/s5-capture/s2/c0/cap/shard_p425_s000628.dspc  628 tok x (3 taps + 1 lm_in) x 4096 = 19.6 MB (32.0 KB/tok)
[probe] wrote 16 draft probes (block=6) to /home/patrickd/s5-capture/s2/c0/cap/drafts_p425_s000628.txt
[spec] decoding 8 tokens (block=6, draft passes=1, adaptK=1.50, prompt=425 s=629)...
  [margins] 13.38 10.86 12.31 12.79 10.30 6.41  K=7
  verify 1: accepted 6/6 (K=7) + correction -> +7 tokens (198.3 ms)  cpos=635
  [margins] 11.95 13.33 12.39 10.77 10.25 10.77  K=7
  verify 2: accepted 6/6 (K=7) + correction -> +7 tokens (242.7 ms)  cpos=642

[spec] generated 14 tokens over 2 verifies: mean tokens/verify = 7.00 (block=6, max 7)
[spec] tokens: 4979 5497 4979 5497 4979 5497 4979 5497 4979 5497 4979 5497 4979 5497
[spec] SPEC-DECODE: 34.7 ms/tok = 28.84 tok/s  (vs base M=1 69.1 ms/tok = 14.46 tok/s -> 1.99x)
[decode] PREFILL: 541 positions in 9739.8 ms = 55.5 tok/s (18.003 ms/tok)
[capture] wrote /home/patrickd/s5-capture/s2/c0/cap/shard_p426_s000541.dspc  541 tok x (3 taps + 1 lm_in) x 4096 = 16.9 MB (32.0 KB/tok)
[probe] wrote 16 draft probes (block=6) to /home/patrickd/s5-capture/s2/c0/cap/drafts_p426_s000541.txt
[spec] decoding 8 tokens (block=6, draft passes=1, adaptK=1.50, prompt=426 s=542)...
  [margins] 18.08 12.90 15.08 5.98 8.40 5.76  K=7
  verify 1: accepted 6/6 (K=7) + correction -> +7 tokens (209.8 ms)  cpos=548
  [margins] 13.54 15.23 14.30 6.53 7.21 12.64  K=7
  verify 2: accepted 6/6 (K=7) + correction -> +7 tokens (204.4 ms)  cpos=555

[spec] generated 14 tokens over 2 verifies: mean tokens/verify = 7.00 (block=6, max 7)
[spec] tokens: 2019 1531 1354 270 1895 294 57886 294 3701 473 396 588 7377 6352
[spec] SPEC-DECODE: 29.2 ms/tok = 34.25 tok/s  (vs base M=1 69.1 ms/tok = 14.46 tok/s -> 2.37x)
[decode] PREFILL: 577 positions in 10446.0 ms = 55.2 tok/s (18.104 ms/tok)
[capture] wrote /home/patrickd/s5-capture/s2/c0/cap/shard_p427_s000577.dspc  577 tok x (3 taps + 1 lm_in) x 4096 = 18.0 MB (32.0 KB/tok)
[probe] wrote 16 draft probes (block=6) to /home/patrickd/s5-capture/s2/c0/cap/drafts_p427_s000577.txt
[spec] decoding 8 tokens (block=6, draft passes=1, adaptK=1.50, prompt=427 s=578)...
  [margins] 9.60 10.70 10.75 9.07 11.99 8.17  K=7
  verify 1: accepted 6/6 (K=7) + correction -> +7 tokens (206.7 ms)  cpos=584
  [margins] 11.78 12.23 8.97 11.78 8.14 8.26  K=7
  verify 2: accepted 6/6 (K=7) + correction -> +7 tokens (198.3 ms)  cpos=591

[spec] generated 14 tokens over 2 verifies: mean tokens/verify = 7.00 (block=6, max 7)
[spec] tokens: 9832 223 20 28 36832 201 9832 223 20 28 36832 201 9832 223
[spec] SPEC-DECODE: 28.3 ms/tok = 35.30 tok/s  (vs base M=1 69.1 ms/tok = 14.46 tok/s -> 2.44x)
[decode] PREFILL: 597 positions in 10820.8 ms = 55.2 tok/s (18.125 ms/tok)
[capture] wrote /home/patrickd/s5-capture/s2/c0/cap/shard_p428_s000597.dspc  597 tok x (3 taps + 1 lm_in) x 4096 = 18.7 MB (32.0 KB/tok)
[probe] wrote 16 draft probes (block=6) to /home/patrickd/s5-capture/s2/c0/cap/drafts_p428_s000597.txt
[spec] decoding 8 tokens (block=6, draft passes=1, adaptK=1.50, prompt=428 s=598)...
  [margins] 13.56 13.41 5.18 8.53 6.46 7.20  K=7
  verify 1: accepted 6/6 (K=7) + correction -> +7 tokens (206.6 ms)  cpos=604
  [margins] 14.20 16.21 14.28 17.35 12.11 10.59  K=7
  verify 2: accepted 6/6 (K=7) + correction -> +7 tokens (208.3 ms)  cpos=611

[spec] generated 14 tokens over 2 verifies: mean tokens/verify = 7.00 (block=6, max 7)
[spec] tokens: 331 1200 16 698 29 270 4105 759 1354 223 4980 16 698 2154
[spec] SPEC-DECODE: 29.8 ms/tok = 33.60 tok/s  (vs base M=1 69.1 ms/tok = 14.46 tok/s -> 2.32x)
[decode] PREFILL: 539 positions in 9711.6 ms = 55.5 tok/s (18.018 ms/tok)
[capture] wrote /home/patrickd/s5-capture/s2/c0/cap/shard_p429_s000539.dspc  539 tok x (3 taps + 1 lm_in) x 4096 = 16.8 MB (32.0 KB/tok)
[probe] wrote 16 draft probes (block=6) to /home/patrickd/s5-capture/s2/c0/cap/drafts_p429_s000539.txt
[spec] decoding 8 tokens (block=6, draft passes=1, adaptK=1.50, prompt=429 s=540)...
  [margins] 12.78 13.41 8.21 15.53 13.20 6.86  K=7
  verify 1: accepted 6/6 (K=7) + correction -> +7 tokens (212.0 ms)  cpos=546
  [margins] 17.17 18.76 7.99 10.94 14.26 13.59  K=7
  verify 2: accepted 6/6 (K=7) + correction -> +7 tokens (210.8 ms)  cpos=553

[spec] generated 14 tokens over 2 verifies: mean tokens/verify = 7.00 (block=6, max 7)
[spec] tokens: 26 305 270 4632 4312 12652 3514 223 4470 26 16 1162 344 260
[spec] SPEC-DECODE: 30.1 ms/tok = 33.20 tok/s  (vs base M=1 69.1 ms/tok = 14.46 tok/s -> 2.30x)
[decode] PREFILL: 542 positions in 9770.2 ms = 55.5 tok/s (18.026 ms/tok)
[capture] wrote /home/patrickd/s5-capture/s2/c0/cap/shard_p430_s000542.dspc  542 tok x (3 taps + 1 lm_in) x 4096 = 16.9 MB (32.0 KB/tok)
[probe] wrote 16 draft probes (block=6) to /home/patrickd/s5-capture/s2/c0/cap/drafts_p430_s000542.txt
[spec] decoding 8 tokens (block=6, draft passes=1, adaptK=1.50, prompt=430 s=543)...
  [margins] 15.23 8.85 11.28 6.14 12.63 3.53  K=7
  verify 1: accepted 6/6 (K=7) + correction -> +7 tokens (212.2 ms)  cpos=549
  [margins] 15.72 15.36 10.44 9.00 8.08 2.31  K=7
  verify 2: accepted 6/6 (K=7) + correction -> +7 tokens (212.4 ms)  cpos=556

[spec] generated 14 tokens over 2 verifies: mean tokens/verify = 7.00 (block=6, max 7)
[spec] tokens: 16 18 16 455 2019 1531 366 13372 418 15857 438 223 27 14
[spec] SPEC-DECODE: 30.3 ms/tok = 32.95 tok/s  (vs base M=1 69.1 ms/tok = 14.46 tok/s -> 2.28x)
[decode] PREFILL: 675 positions in 12324.2 ms = 54.8 tok/s (18.258 ms/tok)
[capture] wrote /home/patrickd/s5-capture/s2/c0/cap/shard_p431_s000675.dspc  675 tok x (3 taps + 1 lm_in) x 4096 = 21.1 MB (32.0 KB/tok)
[probe] wrote 16 draft probes (block=6) to /home/patrickd/s5-capture/s2/c0/cap/drafts_p431_s000675.txt
[spec] decoding 8 tokens (block=6, draft passes=1, adaptK=1.50, prompt=431 s=676)...
  [margins] 5.68 16.02 5.61 5.88 4.31 3.68  K=7
  verify 1: accepted 6/6 (K=7) + correction -> +7 tokens (218.6 ms)  cpos=682
  [margins] 13.97 12.08 9.67 14.10 10.41 2.52  K=7
  verify 2: accepted 6/6 (K=7) + correction -> +7 tokens (214.2 ms)  cpos=689

[spec] generated 14 tokens over 2 verifies: mean tokens/verify = 7.00 (block=6, max 7)
[spec] tokens: 49452 78873 769 260 6461 294 223 20 27962 294 1499 8412 16 39715
[spec] SPEC-DECODE: 30.6 ms/tok = 32.68 tok/s  (vs base M=1 69.1 ms/tok = 14.46 tok/s -> 2.26x)
[decode] PREFILL: 543 positions in 9765.6 ms = 55.6 tok/s (17.985 ms/tok)
[capture] wrote /home/patrickd/s5-capture/s2/c0/cap/shard_p432_s000543.dspc  543 tok x (3 taps + 1 lm_in) x 4096 = 17.0 MB (32.0 KB/tok)
[probe] wrote 16 draft probes (block=6) to /home/patrickd/s5-capture/s2/c0/cap/drafts_p432_s000543.txt
[spec] decoding 8 tokens (block=6, draft passes=1, adaptK=1.50, prompt=432 s=544)...
  [margins] 17.44 16.03 12.94 15.73 13.37 10.47  K=7
  verify 1: accepted 6/6 (K=7) + correction -> +7 tokens (210.4 ms)  cpos=550
  [margins] 16.65 15.61 16.09 13.62 14.71 13.69  K=7
  verify 2: accepted 6/6 (K=7) + correction -> +7 tokens (208.3 ms)  cpos=557

[spec] generated 14 tokens over 2 verifies: mean tokens/verify = 7.00 (block=6, max 7)
[spec] tokens: 3737 611 1975 1167 294 10923 469 554 16 15361 270 15255 2019 16
[spec] SPEC-DECODE: 29.8 ms/tok = 33.61 tok/s  (vs base M=1 69.1 ms/tok = 14.46 tok/s -> 2.32x)
[decode] PREFILL: 674 positions in 12300.5 ms = 54.8 tok/s (18.250 ms/tok)
[capture] wrote /home/patrickd/s5-capture/s2/c0/cap/shard_p433_s000674.dspc  674 tok x (3 taps + 1 lm_in) x 4096 = 21.1 MB (32.0 KB/tok)
[probe] wrote 16 draft probes (block=6) to /home/patrickd/s5-capture/s2/c0/cap/drafts_p433_s000674.txt
[spec] decoding 8 tokens (block=6, draft passes=1, adaptK=1.50, prompt=433 s=675)...
  [margins] 12.79 7.91 1.71 1.20 0.01 2.07  K=4
  verify 1: accepted 2/3 (K=4) + correction -> +3 tokens (154.3 ms)  cpos=677
  [margins] 14.92 10.34 0.30 0.03 1.13 1.00  K=3
  verify 2: accepted 2/2 (K=3) + correction -> +3 tokens (139.3 ms)  cpos=680
  [margins] 6.59 11.32 0.38 0.89 1.17 0.34  K=3
  verify 3: accepted 2/2 (K=3) + correction -> +3 tokens (132.5 ms)  cpos=683

[spec] generated 9 tokens over 3 verifies: mean tokens/verify = 3.00 (block=6, max 7)
[spec] tokens: 2924 440 588 696 304 1559 1375 270 1781
[spec] SPEC-DECODE: 45.3 ms/tok = 22.08 tok/s  (vs base M=1 69.1 ms/tok = 14.46 tok/s -> 1.53x)
[decode] PREFILL: 532 positions in 9574.9 ms = 55.6 tok/s (17.998 ms/tok)
[capture] wrote /home/patrickd/s5-capture/s2/c0/cap/shard_p434_s000532.dspc  532 tok x (3 taps + 1 lm_in) x 4096 = 16.6 MB (32.0 KB/tok)
[probe] wrote 16 draft probes (block=6) to /home/patrickd/s5-capture/s2/c0/cap/drafts_p434_s000532.txt
[spec] decoding 8 tokens (block=6, draft passes=1, adaptK=1.50, prompt=434 s=533)...
  [margins] 9.57 9.93 8.84 10.39 9.53 7.28  K=7
  verify 1: accepted 6/6 (K=7) + correction -> +7 tokens (189.8 ms)  cpos=539
  [margins] 10.23 9.29 10.81 9.04 8.24 6.74  K=7
  verify 2: accepted 6/6 (K=7) + correction -> +7 tokens (198.8 ms)  cpos=546

[spec] generated 14 tokens over 2 verifies: mean tokens/verify = 7.00 (block=6, max 7)
[spec] tokens: 70965 16 70965 16 70965 16 70965 16 70965 16 70965 16 70965 16
[spec] SPEC-DECODE: 28.4 ms/tok = 35.21 tok/s  (vs base M=1 69.1 ms/tok = 14.46 tok/s -> 2.43x)
[decode] PREFILL: 533 positions in 9602.4 ms = 55.5 tok/s (18.016 ms/tok)
[capture] wrote /home/patrickd/s5-capture/s2/c0/cap/shard_p435_s000533.dspc  533 tok x (3 taps + 1 lm_in) x 4096 = 16.7 MB (32.0 KB/tok)
[probe] wrote 16 draft probes (block=6) to /home/patrickd/s5-capture/s2/c0/cap/drafts_p435_s000533.txt
[spec] decoding 8 tokens (block=6, draft passes=1, adaptK=1.50, prompt=435 s=534)...
  [margins] 14.19 27.18 14.46 17.94 14.05 15.83  K=7
  verify 1: accepted 6/6 (K=7) + correction -> +7 tokens (208.0 ms)  cpos=540
  [margins] 7.60 8.73 5.29 0.76 5.35 13.21  K=4
  verify 2: accepted 2/3 (K=4) + correction -> +3 tokens (144.6 ms)  cpos=543

[spec] generated 10 tokens over 2 verifies: mean tokens/verify = 5.00 (block=6, max 7)
[spec] tokens: 650 78 1044 2193 2731 105209 11686 92971 13 85827
[spec] SPEC-DECODE: 48.2 ms/tok = 20.75 tok/s  (vs base M=1 69.1 ms/tok = 14.46 tok/s -> 1.43x)
[decode] PREFILL: 674 positions in 12301.1 ms = 54.8 tok/s (18.251 ms/tok)
[capture] wrote /home/patrickd/s5-capture/s2/c0/cap/shard_p436_s000674.dspc  674 tok x (3 taps + 1 lm_in) x 4096 = 21.1 MB (32.0 KB/tok)
[probe] wrote 16 draft probes (block=6) to /home/patrickd/s5-capture/s2/c0/cap/drafts_p436_s000674.txt
[spec] decoding 8 tokens (block=6, draft passes=1, adaptK=1.50, prompt=436 s=675)...
  [margins] 9.90 9.28 10.93 12.28 0.33 5.05  K=5
  verify 1: accepted 4/4 (K=5) + correction -> +5 tokens (165.9 ms)  cpos=679
  [margins] 13.19 5.40 6.32 6.29 7.47 10.50  K=7
  verify 2: accepted 6/6 (K=7) + correction -> +7 tokens (212.3 ms)  cpos=686

[spec] generated 12 tokens over 2 verifies: mean tokens/verify = 6.00 (block=6, max 7)
[spec] tokens: 16 940 16 223 25 25993 16 81955 223 18 16 23
[spec] SPEC-DECODE: 30.3 ms/tok = 32.98 tok/s  (vs base M=1 69.1 ms/tok = 14.46 tok/s -> 2.28x)
[decode] PREFILL: 526 positions in 9468.7 ms = 55.6 tok/s (18.001 ms/tok)
[capture] wrote /home/patrickd/s5-capture/s2/c0/cap/shard_p437_s000526.dspc  526 tok x (3 taps + 1 lm_in) x 4096 = 16.4 MB (32.0 KB/tok)
[probe] wrote 16 draft probes (block=6) to /home/patrickd/s5-capture/s2/c0/cap/drafts_p437_s000526.txt
[spec] decoding 8 tokens (block=6, draft passes=1, adaptK=1.50, prompt=437 s=527)...
  [margins] 9.39 11.94 8.11 1.00 1.03 2.21  K=4
  verify 1: accepted 2/3 (K=4) + correction -> +3 tokens (150.4 ms)  cpos=529
  [margins] 6.67 6.11 4.97 1.97 5.08 2.53  K=7
  verify 2: accepted 0/6 (K=7) + correction -> +1 tokens (206.2 ms)  cpos=530
  [margins] 9.19 4.68 1.06 4.47 0.59 1.32  K=3
  verify 3: accepted 2/2 (K=3) + correction -> +3 tokens (133.3 ms)  cpos=533
  [margins] 3.71 2.00 0.15 0.58 1.74 0.38  K=3
  verify 4: accepted 2/2 (K=3) + correction -> +3 tokens (130.2 ms)  cpos=536

[spec] generated 10 tokens over 4 verifies: mean tokens/verify = 2.50 (block=6, max 7)
[spec] tokens: 1893 14 30454 60967 396 38617 2915 4442 304 8541
[spec] SPEC-DECODE: 67.1 ms/tok = 14.90 tok/s  (vs base M=1 69.1 ms/tok = 14.46 tok/s -> 1.03x)
[decode] PREFILL: 545 positions in 9831.3 ms = 55.4 tok/s (18.039 ms/tok)
[capture] wrote /home/patrickd/s5-capture/s2/c0/cap/shard_p438_s000545.dspc  545 tok x (3 taps + 1 lm_in) x 4096 = 17.0 MB (32.0 KB/tok)
[probe] wrote 16 draft probes (block=6) to /home/patrickd/s5-capture/s2/c0/cap/drafts_p438_s000545.txt
[spec] decoding 8 tokens (block=6, draft passes=1, adaptK=1.50, prompt=438 s=546)...
  [margins] 13.91 7.90 12.53 8.58 13.53 8.00  K=7
  verify 1: accepted 6/6 (K=7) + correction -> +7 tokens (197.5 ms)  cpos=552
  [margins] 10.30 14.89 10.77 14.31 9.11 11.62  K=7
  verify 2: accepted 6/6 (K=7) + correction -> +7 tokens (190.4 ms)  cpos=559

[spec] generated 14 tokens over 2 verifies: mean tokens/verify = 7.00 (block=6, max 7)
[spec] tokens: 54016 16 54016 16 54016 16 54016 16 54016 16 54016 16 54016 16
[spec] SPEC-DECODE: 27.2 ms/tok = 36.77 tok/s  (vs base M=1 69.1 ms/tok = 14.46 tok/s -> 2.54x)
[decode] PREFILL: 557 positions in 10060.6 ms = 55.4 tok/s (18.062 ms/tok)
[capture] wrote /home/patrickd/s5-capture/s2/c0/cap/shard_p439_s000557.dspc  557 tok x (3 taps + 1 lm_in) x 4096 = 17.4 MB (32.0 KB/tok)
[probe] wrote 16 draft probes (block=6) to /home/patrickd/s5-capture/s2/c0/cap/drafts_p439_s000557.txt
[spec] decoding 8 tokens (block=6, draft passes=1, adaptK=1.50, prompt=439 s=558)...
  [margins] 14.09 4.70 0.13 2.16 1.00 1.21  K=3
  verify 1: accepted 1/2 (K=3) + correction -> +2 tokens (134.2 ms)  cpos=559
  [margins] 13.62 9.09 8.36 12.06 8.06 6.15  K=7
  verify 2: accepted 6/6 (K=7) + correction -> +7 tokens (208.5 ms)  cpos=566

[spec] generated 9 tokens over 2 verifies: mean tokens/verify = 4.50 (block=6, max 7)
[spec] tokens: 14 2513 734 4321 270 2662 2173 304 4786
[spec] SPEC-DECODE: 29.8 ms/tok = 33.57 tok/s  (vs base M=1 69.1 ms/tok = 14.46 tok/s -> 2.32x)
[decode] PREFILL: 643 positions in 11720.2 ms = 54.9 tok/s (18.227 ms/tok)
[capture] wrote /home/patrickd/s5-capture/s2/c0/cap/shard_p440_s000643.dspc  643 tok x (3 taps + 1 lm_in) x 4096 = 20.1 MB (32.0 KB/tok)
[probe] wrote 16 draft probes (block=6) to /home/patrickd/s5-capture/s2/c0/cap/drafts_p440_s000643.txt
[spec] decoding 8 tokens (block=6, draft passes=1, adaptK=1.50, prompt=440 s=644)...
  [margins] 7.67 5.23 0.41 0.49 3.88 0.46  K=3
  verify 1: accepted 2/2 (K=3) + correction -> +3 tokens (138.5 ms)  cpos=646
  [margins] 2.06 1.16 1.32 1.21 1.22 1.79  K=2
  verify 2: accepted 1/1 (K=2) + correction -> +2 tokens (123.4 ms)  cpos=648
  [margins] 4.90 1.39 2.78 0.69 1.82 1.77  K=2
  verify 3: accepted 0/1 (K=2) + correction -> +1 tokens (115.0 ms)  cpos=649
  [margins] 13.73 4.57 2.84 0.09 2.75 2.10  K=4
  verify 4: accepted 3/3 (K=4) + correction -> +4 tokens (146.5 ms)  cpos=653

[spec] generated 10 tokens over 4 verifies: mean tokens/verify = 2.50 (block=6, max 7)
[spec] tokens: 47155 16 3109 5909 588 1539 366 1505 304 7009
[spec] SPEC-DECODE: 55.0 ms/tok = 18.19 tok/s  (vs base M=1 69.1 ms/tok = 14.46 tok/s -> 1.26x)
[decode] PREFILL: 535 positions in 9638.8 ms = 55.5 tok/s (18.016 ms/tok)
[capture] wrote /home/patrickd/s5-capture/s2/c0/cap/shard_p441_s000535.dspc  535 tok x (3 taps + 1 lm_in) x 4096 = 16.7 MB (32.0 KB/tok)
[probe] wrote 16 draft probes (block=6) to /home/patrickd/s5-capture/s2/c0/cap/drafts_p441_s000535.txt
[spec] decoding 8 tokens (block=6, draft passes=1, adaptK=1.50, prompt=441 s=536)...
  [margins] 13.99 17.34 9.66 10.56 13.91 14.31  K=7
  verify 1: accepted 6/6 (K=7) + correction -> +7 tokens (203.1 ms)  cpos=542
  [margins] 10.48 14.48 16.31 8.56 11.41 10.64  K=7
  verify 2: accepted 6/6 (K=7) + correction -> +7 tokens (204.9 ms)  cpos=549

[spec] generated 14 tokens over 2 verifies: mean tokens/verify = 7.00 (block=6, max 7)
[spec] tokens: 72 1483 16 721 72 1483 16 721 72 1483 16 721 72 1483
[spec] SPEC-DECODE: 29.3 ms/tok = 34.16 tok/s  (vs base M=1 69.1 ms/tok = 14.46 tok/s -> 2.36x)
[decode] PREFILL: 673 positions in 12295.1 ms = 54.7 tok/s (18.269 ms/tok)
[capture] wrote /home/patrickd/s5-capture/s2/c0/cap/shard_p442_s000673.dspc  673 tok x (3 taps + 1 lm_in) x 4096 = 21.0 MB (32.0 KB/tok)
[probe] wrote 16 draft probes (block=6) to /home/patrickd/s5-capture/s2/c0/cap/drafts_p442_s000673.txt
[spec] decoding 8 tokens (block=6, draft passes=1, adaptK=1.50, prompt=442 s=674)...
  [margins] 13.85 9.18 5.46 7.58 0.74 2.07  K=5
  verify 1: accepted 4/4 (K=5) + correction -> +5 tokens (159.8 ms)  cpos=678
  [margins] 20.81 9.80 7.48 8.26 4.92 0.13  K=6
  verify 2: accepted 5/5 (K=6) + correction -> +6 tokens (183.6 ms)  cpos=684

[spec] generated 11 tokens over 2 verifies: mean tokens/verify = 5.50 (block=6, max 7)
[spec] tokens: 72 16 16448 16 906 72 16 16448 16 906 72
[spec] SPEC-DECODE: 30.6 ms/tok = 32.69 tok/s  (vs base M=1 69.1 ms/tok = 14.46 tok/s -> 2.26x)
[decode] PREFILL: 555 positions in 10021.7 ms = 55.4 tok/s (18.057 ms/tok)
[capture] wrote /home/patrickd/s5-capture/s2/c0/cap/shard_p443_s000555.dspc  555 tok x (3 taps + 1 lm_in) x 4096 = 17.3 MB (32.0 KB/tok)
[probe] wrote 16 draft probes (block=6) to /home/patrickd/s5-capture/s2/c0/cap/drafts_p443_s000555.txt
[spec] decoding 8 tokens (block=6, draft passes=1, adaptK=1.50, prompt=443 s=556)...
  [margins] 17.26 18.81 15.76 13.30 13.72 13.03  K=7
  verify 1: accepted 6/6 (K=7) + correction -> +7 tokens (209.1 ms)  cpos=562
  [margins] 15.57 19.07 17.62 14.63 12.35 12.72  K=7
  verify 2: accepted 6/6 (K=7) + correction -> +7 tokens (208.7 ms)  cpos=569

[spec] generated 14 tokens over 2 verifies: mean tokens/verify = 7.00 (block=6, max 7)
[spec] tokens: 223 19 940 223 21 940 223 27 940 223 1477 438 223 1484
[spec] SPEC-DECODE: 29.8 ms/tok = 33.54 tok/s  (vs base M=1 69.1 ms/tok = 14.46 tok/s -> 2.32x)
[decode] PREFILL: 529 positions in 9542.6 ms = 55.4 tok/s (18.039 ms/tok)
[capture] wrote /home/patrickd/s5-capture/s2/c0/cap/shard_p444_s000529.dspc  529 tok x (3 taps + 1 lm_in) x 4096 = 16.5 MB (32.0 KB/tok)
[probe] wrote 16 draft probes (block=6) to /home/patrickd/s5-capture/s2/c0/cap/drafts_p444_s000529.txt
[spec] decoding 8 tokens (block=6, draft passes=1, adaptK=1.50, prompt=444 s=530)...
  [margins] 0.74 1.33 3.70 0.24 3.36 0.53  K=2
  verify 1: accepted 0/1 (K=2) + correction -> +1 tokens (114.0 ms)  cpos=530
  [margins] 2.53 5.81 3.05 2.44 0.38 1.50  K=5
  verify 2: accepted 2/4 (K=5) + correction -> +3 tokens (159.3 ms)  cpos=533
  [margins] 1.23 4.64 0.14 0.33 0.04 1.17  K=3
  verify 3: accepted 0/2 (K=3) + correction -> +1 tokens (131.1 ms)  cpos=534
  [margins] 0.05 4.88 1.37 0.61 3.35 10.16  K=3
  verify 4: accepted 0/2 (K=3) + correction -> +1 tokens (132.3 ms)  cpos=535
  [margins] 2.90 0.40 1.60 3.54 10.00 0.80  K=2
  verify 5: accepted 1/1 (K=2) + correction -> +2 tokens (120.3 ms)  cpos=537

[spec] generated 8 tokens over 5 verifies: mean tokens/verify = 1.60 (block=6, max 7)
[spec] tokens: 31269 6844 14 260 2953 13581 295 1623
[spec] SPEC-DECODE: 77.6 ms/tok = 12.89 tok/s  (vs base M=1 69.1 ms/tok = 14.46 tok/s -> 0.89x)
[decode] PREFILL: 1010 positions in 18944.7 ms = 53.3 tok/s (18.757 ms/tok)
[capture] wrote /home/patrickd/s5-capture/s2/c0/cap/shard_p445_s001010.dspc  1010 tok x (3 taps + 1 lm_in) x 4096 = 31.6 MB (32.0 KB/tok)
[probe] wrote 16 draft probes (block=6) to /home/patrickd/s5-capture/s2/c0/cap/drafts_p445_s001010.txt
[spec] decoding 8 tokens (block=6, draft passes=1, adaptK=1.50, prompt=445 s=1011)...
  [margins] 14.39 15.50 13.71 17.43 10.60 12.00  K=7
  verify 1: accepted 6/6 (K=7) + correction -> +7 tokens (230.4 ms)  cpos=1017
  [margins] 16.97 7.55 15.86 10.17 8.62 0.88  K=6
  verify 2: accepted 5/5 (K=6) + correction -> +6 tokens (192.8 ms)  cpos=1023

[spec] generated 13 tokens over 2 verifies: mean tokens/verify = 6.50 (block=6, max 7)
[spec] tokens: 10908 42166 905 7054 270 4824 2058 304 270 1257 2058 11892 1
[spec] SPEC-DECODE: 32.1 ms/tok = 31.11 tok/s  (vs base M=1 69.1 ms/tok = 14.46 tok/s -> 2.15x)
[decode] PREFILL: 535 positions in 9647.1 ms = 55.5 tok/s (18.032 ms/tok)
[capture] wrote /home/patrickd/s5-capture/s2/c0/cap/shard_p446_s000535.dspc  535 tok x (3 taps + 1 lm_in) x 4096 = 16.7 MB (32.0 KB/tok)
[probe] wrote 16 draft probes (block=6) to /home/patrickd/s5-capture/s2/c0/cap/drafts_p446_s000535.txt
[spec] decoding 8 tokens (block=6, draft passes=1, adaptK=1.50, prompt=446 s=536)...
  [margins] 14.14 13.17 14.68 0.33 8.99 3.90  K=4
  verify 1: accepted 3/3 (K=4) + correction -> +4 tokens (145.1 ms)  cpos=539
  [margins] 13.02 7.79 12.91 0.15 9.19 6.97  K=4
  verify 2: accepted 3/3 (K=4) + correction -> +4 tokens (142.4 ms)  cpos=543

[spec] generated 8 tokens over 2 verifies: mean tokens/verify = 4.00 (block=6, max 7)
[spec] tokens: 3749 11 3749 11 3749 11 3749 11
[spec] SPEC-DECODE: 35.6 ms/tok = 28.09 tok/s  (vs base M=1 69.1 ms/tok = 14.46 tok/s -> 1.94x)
[decode] PREFILL: 1717 positions in 34021.6 ms = 50.5 tok/s (19.815 ms/tok)
[capture] wrote /home/patrickd/s5-capture/s2/c0/cap/shard_p447_s001717.dspc  1717 tok x (3 taps + 1 lm_in) x 4096 = 53.7 MB (32.0 KB/tok)
[probe] wrote 16 draft probes (block=6) to /home/patrickd/s5-capture/s2/c0/cap/drafts_p447_s001717.txt
[spec] decoding 8 tokens (block=6, draft passes=1, adaptK=1.50, prompt=447 s=1718)...
  [margins] 13.58 10.74 7.69 6.82 2.72 5.64  K=7
  verify 1: accepted 6/6 (K=7) + correction -> +7 tokens (261.1 ms)  cpos=1724
  [margins] 15.92 15.35 6.69 5.71 1.74 9.20  K=7
  verify 2: accepted 6/6 (K=7) + correction -> +7 tokens (254.4 ms)  cpos=1731

[spec] generated 14 tokens over 2 verifies: mean tokens/verify = 7.00 (block=6, max 7)
[spec] tokens: 455 16 12742 16 1924 813 16 1884 16 455 16 26574 16 107530
[spec] SPEC-DECODE: 36.3 ms/tok = 27.51 tok/s  (vs base M=1 69.1 ms/tok = 14.46 tok/s -> 1.90x)
[decode] PREFILL: 640 positions in 11658.8 ms = 54.9 tok/s (18.217 ms/tok)
[capture] wrote /home/patrickd/s5-capture/s2/c0/cap/shard_p448_s000640.dspc  640 tok x (3 taps + 1 lm_in) x 4096 = 20.0 MB (32.0 KB/tok)
[probe] wrote 16 draft probes (block=6) to /home/patrickd/s5-capture/s2/c0/cap/drafts_p448_s000640.txt
[spec] decoding 8 tokens (block=6, draft passes=1, adaptK=1.50, prompt=448 s=641)...
  [margins] 1.62 0.03 0.82 1.15 0.34 2.32  K=2
  verify 1: accepted 1/1 (K=2) + correction -> +2 tokens (113.1 ms)  cpos=642
  [margins] 3.37 3.06 0.75 1.20 1.42 0.88  K=3
  verify 2: accepted 2/2 (K=3) + correction -> +3 tokens (135.9 ms)  cpos=645
  [margins] 0.01 3.57 1.18 2.24 2.17 0.34  K=3
  verify 3: accepted 2/2 (K=3) + correction -> +3 tokens (135.5 ms)  cpos=648

[spec] generated 8 tokens over 3 verifies: mean tokens/verify = 2.67 (block=6, max 7)
[spec] tokens: 2413 260 4669 24007 16 2042 9475 396
[spec] SPEC-DECODE: 45.2 ms/tok = 22.11 tok/s  (vs base M=1 69.1 ms/tok = 14.46 tok/s -> 1.53x)
[decode] PREFILL: 574 positions in 10370.8 ms = 55.3 tok/s (18.068 ms/tok)
[capture] wrote /home/patrickd/s5-capture/s2/c0/cap/shard_p449_s000574.dspc  574 tok x (3 taps + 1 lm_in) x 4096 = 17.9 MB (32.0 KB/tok)
[probe] wrote 16 draft probes (block=6) to /home/patrickd/s5-capture/s2/c0/cap/drafts_p449_s000574.txt
[spec] decoding 8 tokens (block=6, draft passes=1, adaptK=1.50, prompt=449 s=575)...
  [margins] 8.19 14.02 13.55 3.98 2.81 7.06  K=7
  verify 1: accepted 3/6 (K=7) + correction -> +4 tokens (210.4 ms)  cpos=578
  [margins] 21.28 10.21 11.65 12.54 10.92 10.71  K=7
  verify 2: accepted 6/6 (K=7) + correction -> +7 tokens (212.7 ms)  cpos=585

[spec] generated 11 tokens over 2 verifies: mean tokens/verify = 5.50 (block=6, max 7)
[spec] tokens: 9778 294 47709 6726 8471 201 15 223 19 17 20
[spec] SPEC-DECODE: 30.4 ms/tok = 32.90 tok/s  (vs base M=1 69.1 ms/tok = 14.46 tok/s -> 2.28x)
[decode] PREFILL: 560 positions in 10098.5 ms = 55.5 tok/s (18.033 ms/tok)
[capture] wrote /home/patrickd/s5-capture/s2/c0/cap/shard_p450_s000560.dspc  560 tok x (3 taps + 1 lm_in) x 4096 = 17.5 MB (32.0 KB/tok)
[probe] wrote 16 draft probes (block=6) to /home/patrickd/s5-capture/s2/c0/cap/drafts_p450_s000560.txt
[spec] decoding 8 tokens (block=6, draft passes=1, adaptK=1.50, prompt=450 s=561)...
  [margins] 5.25 4.45 6.38 3.34 4.84 4.20  K=7
  verify 1: accepted 5/6 (K=7) + correction -> +6 tokens (202.4 ms)  cpos=566
  [margins] 5.90 3.40 4.65 3.36 5.24 4.15  K=7
  verify 2: accepted 5/6 (K=7) + correction -> +6 tokens (209.3 ms)  cpos=572

[spec] generated 12 tokens over 2 verifies: mean tokens/verify = 6.00 (block=6, max 7)
[spec] tokens: 271 9832 223 2973 271 34132 271 9832 223 3259 271 34132
[spec] SPEC-DECODE: 34.9 ms/tok = 28.67 tok/s  (vs base M=1 69.1 ms/tok = 14.46 tok/s -> 1.98x)
[decode] PREFILL: 533 positions in 9611.9 ms = 55.5 tok/s (18.034 ms/tok)
[capture] wrote /home/patrickd/s5-capture/s2/c0/cap/shard_p451_s000533.dspc  533 tok x (3 taps + 1 lm_in) x 4096 = 16.7 MB (32.0 KB/tok)
[probe] wrote 16 draft probes (block=6) to /home/patrickd/s5-capture/s2/c0/cap/drafts_p451_s000533.txt
[spec] decoding 8 tokens (block=6, draft passes=1, adaptK=1.50, prompt=451 s=534)...
  [margins] 9.69 11.03 10.49 9.15 17.20 0.44  K=6
  verify 1: accepted 5/5 (K=6) + correction -> +6 tokens (184.0 ms)  cpos=539
  [margins] 11.49 9.80 15.42 11.10 11.19 1.26  K=6
  verify 2: accepted 5/5 (K=6) + correction -> +6 tokens (186.6 ms)  cpos=545

[spec] generated 12 tokens over 2 verifies: mean tokens/verify = 6.00 (block=6, max 7)
[spec] tokens: 16 342 1970 304 366 44396 1754 342 1970 304 366 104638
[spec] SPEC-DECODE: 31.1 ms/tok = 32.15 tok/s  (vs base M=1 69.1 ms/tok = 14.46 tok/s -> 2.22x)
[decode] PREFILL: 573 positions in 10353.0 ms = 55.3 tok/s (18.068 ms/tok)
[capture] wrote /home/patrickd/s5-capture/s2/c0/cap/shard_p452_s000573.dspc  573 tok x (3 taps + 1 lm_in) x 4096 = 17.9 MB (32.0 KB/tok)
[probe] wrote 16 draft probes (block=6) to /home/patrickd/s5-capture/s2/c0/cap/drafts_p452_s000573.txt
[spec] decoding 8 tokens (block=6, draft passes=1, adaptK=1.50, prompt=452 s=574)...
  [margins] 9.95 8.93 9.42 12.69 8.29 9.88  K=7
  verify 1: accepted 6/6 (K=7) + correction -> +7 tokens (197.8 ms)  cpos=580
  [margins] 13.72 12.41 11.72 4.01 9.33 8.59  K=7
  verify 2: accepted 6/6 (K=7) + correction -> +7 tokens (191.0 ms)  cpos=587

[spec] generated 14 tokens over 2 verifies: mean tokens/verify = 7.00 (block=6, max 7)
[spec] tokens: 11 3749 11 3749 11 3749 11 3749 11 3749 11 3749 11 3749
[spec] SPEC-DECODE: 27.3 ms/tok = 36.66 tok/s  (vs base M=1 69.1 ms/tok = 14.46 tok/s -> 2.53x)
[decode] PREFILL: 603 positions in 10907.4 ms = 55.3 tok/s (18.089 ms/tok)
[capture] wrote /home/patrickd/s5-capture/s2/c0/cap/shard_p453_s000603.dspc  603 tok x (3 taps + 1 lm_in) x 4096 = 18.8 MB (32.0 KB/tok)
[probe] wrote 16 draft probes (block=6) to /home/patrickd/s5-capture/s2/c0/cap/drafts_p453_s000603.txt
[spec] decoding 8 tokens (block=6, draft passes=1, adaptK=1.50, prompt=453 s=604)...
  [margins] 11.07 9.23 15.09 8.90 12.09 8.61  K=7
  verify 1: accepted 6/6 (K=7) + correction -> +7 tokens (204.2 ms)  cpos=610
  [margins] 8.37 14.14 8.22 12.84 6.55 11.82  K=7
  verify 2: accepted 6/6 (K=7) + correction -> +7 tokens (203.5 ms)  cpos=617

[spec] generated 14 tokens over 2 verifies: mean tokens/verify = 7.00 (block=6, max 7)
[spec] tokens: 70404 16 70404 16 70404 16 70404 16 70404 16 70404 16 70404 16
[spec] SPEC-DECODE: 29.1 ms/tok = 34.40 tok/s  (vs base M=1 69.1 ms/tok = 14.46 tok/s -> 2.38x)
[decode] PREFILL: 841 positions in 15547.8 ms = 54.1 tok/s (18.487 ms/tok)
[capture] wrote /home/patrickd/s5-capture/s2/c0/cap/shard_p454_s000841.dspc  841 tok x (3 taps + 1 lm_in) x 4096 = 26.3 MB (32.0 KB/tok)
[probe] wrote 16 draft probes (block=6) to /home/patrickd/s5-capture/s2/c0/cap/drafts_p454_s000841.txt
[spec] decoding 8 tokens (block=6, draft passes=1, adaptK=1.50, prompt=454 s=842)...
  [margins] 16.64 11.74 14.83 15.91 12.10 11.01  K=7
  verify 1: accepted 6/6 (K=7) + correction -> +7 tokens (212.6 ms)  cpos=848
  [margins] 10.32 14.85 15.40 11.72 13.50 13.89  K=7
  verify 2: accepted 6/6 (K=7) + correction -> +7 tokens (205.1 ms)  cpos=855

[spec] generated 14 tokens over 2 verifies: mean tokens/verify = 7.00 (block=6, max 7)
[spec] tokens: 22138 16 6000 22138 16 6000 22138 16 6000 22138 16 6000 22138 16
[spec] SPEC-DECODE: 29.3 ms/tok = 34.14 tok/s  (vs base M=1 69.1 ms/tok = 14.46 tok/s -> 2.36x)
[decode] PREFILL: 675 positions in 12326.9 ms = 54.8 tok/s (18.262 ms/tok)
[capture] wrote /home/patrickd/s5-capture/s2/c0/cap/shard_p455_s000675.dspc  675 tok x (3 taps + 1 lm_in) x 4096 = 21.1 MB (32.0 KB/tok)
[probe] wrote 16 draft probes (block=6) to /home/patrickd/s5-capture/s2/c0/cap/drafts_p455_s000675.txt
[spec] decoding 8 tokens (block=6, draft passes=1, adaptK=1.50, prompt=455 s=676)...
  [margins] 11.30 2.15 10.56 5.68 0.50 0.54  K=5
  verify 1: accepted 1/4 (K=5) + correction -> +2 tokens (166.9 ms)  cpos=677
  [margins] 12.79 15.60 12.04 15.73 9.32 6.36  K=7
  verify 2: accepted 6/6 (K=7) + correction -> +7 tokens (212.2 ms)  cpos=684

[spec] generated 9 tokens over 2 verifies: mean tokens/verify = 4.50 (block=6, max 7)
[spec] tokens: 4256 304 270 3417 17 101528 2951 377 260
[spec] SPEC-DECODE: 30.3 ms/tok = 32.99 tok/s  (vs base M=1 69.1 ms/tok = 14.46 tok/s -> 2.28x)
[decode] PREFILL: 676 positions in 12351.5 ms = 54.7 tok/s (18.271 ms/tok)
[capture] wrote /home/patrickd/s5-capture/s2/c0/cap/shard_p456_s000676.dspc  676 tok x (3 taps + 1 lm_in) x 4096 = 21.1 MB (32.0 KB/tok)
[probe] wrote 16 draft probes (block=6) to /home/patrickd/s5-capture/s2/c0/cap/drafts_p456_s000676.txt
[spec] decoding 8 tokens (block=6, draft passes=1, adaptK=1.50, prompt=456 s=677)...
  [margins] 17.98 13.47 13.58 20.69 15.31 17.69  K=7
  verify 1: accepted 6/6 (K=7) + correction -> +7 tokens (208.9 ms)  cpos=683
  [margins] 16.03 15.55 17.25 12.59 13.13 15.36  K=7
  verify 2: accepted 6/6 (K=7) + correction -> +7 tokens (216.2 ms)  cpos=690

[spec] generated 14 tokens over 2 verifies: mean tokens/verify = 7.00 (block=6, max 7)
[spec] tokens: 260 438 223 20 14 291 438 223 21 14 274 438 223 22
[spec] SPEC-DECODE: 30.9 ms/tok = 32.38 tok/s  (vs base M=1 69.1 ms/tok = 14.46 tok/s -> 2.24x)
[decode] PREFILL: 559 positions in 10086.5 ms = 55.4 tok/s (18.044 ms/tok)
[capture] wrote /home/patrickd/s5-capture/s2/c0/cap/shard_p457_s000559.dspc  559 tok x (3 taps + 1 lm_in) x 4096 = 17.5 MB (32.0 KB/tok)
[probe] wrote 16 draft probes (block=6) to /home/patrickd/s5-capture/s2/c0/cap/drafts_p457_s000559.txt
[spec] decoding 8 tokens (block=6, draft passes=1, adaptK=1.50, prompt=457 s=560)...
  [margins] 14.31 15.58 15.06 2.99 6.71 9.71  K=7
  verify 1: accepted 3/6 (K=7) + correction -> +4 tokens (201.7 ms)  cpos=563
  [margins] 15.28 14.48 15.28 2.69 5.94 9.22  K=7
  verify 2: accepted 3/6 (K=7) + correction -> +4 tokens (202.2 ms)  cpos=567

[spec] generated 8 tokens over 2 verifies: mean tokens/verify = 4.00 (block=6, max 7)
[spec] tokens: 3749 11 3749 11 3749 11 3749 11
[spec] SPEC-DECODE: 50.5 ms/tok = 19.79 tok/s  (vs base M=1 69.1 ms/tok = 14.46 tok/s -> 1.37x)
[decode] PREFILL: 1327 positions in 25484.7 ms = 52.1 tok/s (19.205 ms/tok)
[capture] wrote /home/patrickd/s5-capture/s2/c0/cap/shard_p458_s001327.dspc  1327 tok x (3 taps + 1 lm_in) x 4096 = 41.5 MB (32.0 KB/tok)
[probe] wrote 16 draft probes (block=6) to /home/patrickd/s5-capture/s2/c0/cap/drafts_p458_s001327.txt
[spec] decoding 8 tokens (block=6, draft passes=1, adaptK=1.50, prompt=458 s=1328)...
  [margins] 17.31 9.28 9.18 3.62 0.33 1.38  K=5
  verify 1: accepted 4/4 (K=5) + correction -> +5 tokens (195.7 ms)  cpos=1332
  [margins] 14.03 9.56 5.78 14.28 2.73 0.32  K=6
  verify 2: accepted 4/5 (K=6) + correction -> +5 tokens (208.7 ms)  cpos=1337

[spec] generated 10 tokens over 2 verifies: mean tokens/verify = 5.00 (block=6, max 7)
[spec] tokens: 2413 850 14 2413 4077 362 270 26271 294 9600
[spec] SPEC-DECODE: 41.7 ms/tok = 23.96 tok/s  (vs base M=1 69.1 ms/tok = 14.46 tok/s -> 1.66x)
[decode] PREFILL: 624 positions in 11300.4 ms = 55.2 tok/s (18.110 ms/tok)
[capture] wrote /home/patrickd/s5-capture/s2/c0/cap/shard_p459_s000624.dspc  624 tok x (3 taps + 1 lm_in) x 4096 = 19.5 MB (32.0 KB/tok)
[probe] wrote 16 draft probes (block=6) to /home/patrickd/s5-capture/s2/c0/cap/drafts_p459_s000624.txt
[spec] decoding 8 tokens (block=6, draft passes=1, adaptK=1.50, prompt=459 s=625)...
  [margins] 10.80 11.80 4.77 8.91 4.69 1.85  K=7
  verify 1: accepted 5/6 (K=7) + correction -> +6 tokens (202.7 ms)  cpos=630
  [margins] 9.72 11.91 7.58 9.78 8.69 1.66  K=7
  verify 2: accepted 5/6 (K=7) + correction -> +6 tokens (211.7 ms)  cpos=636

[spec] generated 12 tokens over 2 verifies: mean tokens/verify = 6.00 (block=6, max 7)
[spec] tokens: 14 1119 6712 3051 16 12705 14 1119 6712 3051 16 22859
[spec] SPEC-DECODE: 35.3 ms/tok = 28.34 tok/s  (vs base M=1 69.1 ms/tok = 14.46 tok/s -> 1.96x)
[decode] PREFILL: 531 positions in 9570.3 ms = 55.5 tok/s (18.023 ms/tok)
[capture] wrote /home/patrickd/s5-capture/s2/c0/cap/shard_p460_s000531.dspc  531 tok x (3 taps + 1 lm_in) x 4096 = 16.6 MB (32.0 KB/tok)
[probe] wrote 16 draft probes (block=6) to /home/patrickd/s5-capture/s2/c0/cap/drafts_p460_s000531.txt
[spec] decoding 8 tokens (block=6, draft passes=1, adaptK=1.50, prompt=460 s=532)...
  [margins] 13.85 13.27 14.79 4.54 6.00 8.15  K=7
  verify 1: accepted 3/6 (K=7) + correction -> +4 tokens (199.1 ms)  cpos=535
  [margins] 15.54 14.11 14.22 5.56 7.46 7.99  K=7
  verify 2: accepted 3/6 (K=7) + correction -> +4 tokens (202.1 ms)  cpos=539

[spec] generated 8 tokens over 2 verifies: mean tokens/verify = 4.00 (block=6, max 7)
[spec] tokens: 3749 11 3749 11 3749 11 3749 11
[spec] SPEC-DECODE: 50.5 ms/tok = 19.79 tok/s  (vs base M=1 69.1 ms/tok = 14.46 tok/s -> 1.37x)
[decode] PREFILL: 629 positions in 11407.7 ms = 55.1 tok/s (18.136 ms/tok)
[capture] wrote /home/patrickd/s5-capture/s2/c0/cap/shard_p461_s000629.dspc  629 tok x (3 taps + 1 lm_in) x 4096 = 19.7 MB (32.0 KB/tok)
[probe] wrote 16 draft probes (block=6) to /home/patrickd/s5-capture/s2/c0/cap/drafts_p461_s000629.txt
[spec] decoding 8 tokens (block=6, draft passes=1, adaptK=1.50, prompt=461 s=630)...
  [margins] 14.18 8.58 13.03 7.75 13.24 6.78  K=7
  verify 1: accepted 6/6 (K=7) + correction -> +7 tokens (204.8 ms)  cpos=636
  [margins] 8.09 13.80 7.65 13.52 7.62 12.01  K=7
  verify 2: accepted 6/6 (K=7) + correction -> +7 tokens (233.9 ms)  cpos=643

[spec] generated 14 tokens over 2 verifies: mean tokens/verify = 7.00 (block=6, max 7)
[spec] tokens: 25002 16 25002 16 25002 16 25002 16 25002 16 25002 16 25002 16
[spec] SPEC-DECODE: 33.4 ms/tok = 29.92 tok/s  (vs base M=1 69.1 ms/tok = 14.46 tok/s -> 2.07x)
[decode] PREFILL: 565 positions in 10219.2 ms = 55.3 tok/s (18.087 ms/tok)
[capture] wrote /home/patrickd/s5-capture/s2/c0/cap/shard_p462_s000565.dspc  565 tok x (3 taps + 1 lm_in) x 4096 = 17.7 MB (32.0 KB/tok)
[probe] wrote 16 draft probes (block=6) to /home/patrickd/s5-capture/s2/c0/cap/drafts_p462_s000565.txt
[spec] decoding 8 tokens (block=6, draft passes=1, adaptK=1.50, prompt=462 s=566)...
  [margins] 8.10 11.16 11.71 9.34 0.03 3.74  K=5
  verify 1: accepted 4/4 (K=5) + correction -> +5 tokens (161.5 ms)  cpos=570
  [margins] 10.04 12.95 10.95 10.89 1.15 1.22  K=5
  verify 2: accepted 4/4 (K=5) + correction -> +5 tokens (162.3 ms)  cpos=575

[spec] generated 10 tokens over 2 verifies: mean tokens/verify = 5.00 (block=6, max 7)
[spec] tokens: 28 223 19 16 41513 28 223 19 16 118514
[spec] SPEC-DECODE: 32.5 ms/tok = 30.81 tok/s  (vs base M=1 69.1 ms/tok = 14.46 tok/s -> 2.13x)
[decode] PREFILL: 544 positions in 9812.7 ms = 55.4 tok/s (18.038 ms/tok)
[capture] wrote /home/patrickd/s5-capture/s2/c0/cap/shard_p463_s000544.dspc  544 tok x (3 taps + 1 lm_in) x 4096 = 17.0 MB (32.0 KB/tok)
[probe] wrote 16 draft probes (block=6) to /home/patrickd/s5-capture/s2/c0/cap/drafts_p463_s000544.txt
[spec] decoding 8 tokens (block=6, draft passes=1, adaptK=1.50, prompt=463 s=545)...
  [margins] 7.15 1.20 9.89 5.22 5.32 0.95  K=2
  verify 1: accepted 1/1 (K=2) + correction -> +2 tokens (115.8 ms)  cpos=546
  [margins] 14.94 9.42 7.42 4.58 8.30 3.29  K=7
  verify 2: accepted 6/6 (K=7) + correction -> +7 tokens (209.3 ms)  cpos=553

[spec] generated 9 tokens over 2 verifies: mean tokens/verify = 4.50 (block=6, max 7)
[spec] tokens: 16 8427 14 270 1141 4800 366 7499 538
[spec] SPEC-DECODE: 29.9 ms/tok = 33.44 tok/s  (vs base M=1 69.1 ms/tok = 14.46 tok/s -> 2.31x)
[decode] PREFILL: 572 positions in 10334.3 ms = 55.3 tok/s (18.067 ms/tok)
[capture] wrote /home/patrickd/s5-capture/s2/c0/cap/shard_p464_s000572.dspc  572 tok x (3 taps + 1 lm_in) x 4096 = 17.9 MB (32.0 KB/tok)
[probe] wrote 16 draft probes (block=6) to /home/patrickd/s5-capture/s2/c0/cap/drafts_p464_s000572.txt
[spec] decoding 8 tokens (block=6, draft passes=1, adaptK=1.50, prompt=464 s=573)...
  [margins] 11.55 11.65 6.84 12.76 12.17 7.50  K=7
  verify 1: accepted 6/6 (K=7) + correction -> +7 tokens (201.8 ms)  cpos=579
  [margins] 14.04 11.16 10.39 5.24 11.99 9.60  K=7
  verify 2: accepted 6/6 (K=7) + correction -> +7 tokens (211.8 ms)  cpos=586

[spec] generated 14 tokens over 2 verifies: mean tokens/verify = 7.00 (block=6, max 7)
[spec] tokens: 16 223 455 3287 344 223 22 4343 16 223 455 3287 344 223
[spec] SPEC-DECODE: 30.3 ms/tok = 33.06 tok/s  (vs base M=1 69.1 ms/tok = 14.46 tok/s -> 2.29x)
[decode] PREFILL: 538 positions in 9685.4 ms = 55.5 tok/s (18.003 ms/tok)
[capture] wrote /home/patrickd/s5-capture/s2/c0/cap/shard_p465_s000538.dspc  538 tok x (3 taps + 1 lm_in) x 4096 = 16.8 MB (32.0 KB/tok)
[probe] wrote 16 draft probes (block=6) to /home/patrickd/s5-capture/s2/c0/cap/drafts_p465_s000538.txt
[spec] decoding 8 tokens (block=6, draft passes=1, adaptK=1.50, prompt=465 s=539)...
  [margins] 16.19 4.51 10.71 0.67 5.97 5.75  K=4
  verify 1: accepted 3/3 (K=4) + correction -> +4 tokens (147.6 ms)  cpos=542
  [margins] 13.33 13.66 13.69 12.96 9.35 4.93  K=7
  verify 2: accepted 6/6 (K=7) + correction -> +7 tokens (207.4 ms)  cpos=549

[spec] generated 11 tokens over 2 verifies: mean tokens/verify = 5.50 (block=6, max 7)
[spec] tokens: 725 868 35 1666 33730 223 10758 5157 295 223 22
[spec] SPEC-DECODE: 29.6 ms/tok = 33.76 tok/s  (vs base M=1 69.1 ms/tok = 14.46 tok/s -> 2.33x)
[decode] PREFILL: 1122 positions in 21205.2 ms = 52.9 tok/s (18.899 ms/tok)
[capture] wrote /home/patrickd/s5-capture/s2/c0/cap/shard_p466_s001122.dspc  1122 tok x (3 taps + 1 lm_in) x 4096 = 35.1 MB (32.0 KB/tok)
[probe] wrote 16 draft probes (block=6) to /home/patrickd/s5-capture/s2/c0/cap/drafts_p466_s001122.txt
[spec] decoding 8 tokens (block=6, draft passes=1, adaptK=1.50, prompt=466 s=1123)...
  [margins] 15.10 9.99 10.72 9.57 12.70 11.91  K=7
  verify 1: accepted 6/6 (K=7) + correction -> +7 tokens (231.1 ms)  cpos=1129
  [margins] 14.44 13.71 14.26 10.43 11.10 9.88  K=7
  verify 2: accepted 6/6 (K=7) + correction -> +7 tokens (230.5 ms)  cpos=1136

[spec] generated 14 tokens over 2 verifies: mean tokens/verify = 7.00 (block=6, max 7)
[spec] tokens: 25 16 455 3287 344 334 16 223 1357 25 16 455 3287 344
[spec] SPEC-DECODE: 32.9 ms/tok = 30.36 tok/s  (vs base M=1 69.1 ms/tok = 14.46 tok/s -> 2.10x)
[decode] PREFILL: 526 positions in 9476.6 ms = 55.5 tok/s (18.016 ms/tok)
[capture] wrote /home/patrickd/s5-capture/s2/c0/cap/shard_p467_s000526.dspc  526 tok x (3 taps + 1 lm_in) x 4096 = 16.4 MB (32.0 KB/tok)
[probe] wrote 16 draft probes (block=6) to /home/patrickd/s5-capture/s2/c0/cap/drafts_p467_s000526.txt
[spec] decoding 8 tokens (block=6, draft passes=1, adaptK=1.50, prompt=467 s=527)...
  [margins] 7.99 2.11 2.43 0.99 1.56 2.64  K=4
  verify 1: accepted 1/3 (K=4) + correction -> +2 tokens (143.3 ms)  cpos=528
  [margins] 0.60 0.58 4.57 3.22 1.82 4.46  K=2
  verify 2: accepted 1/1 (K=2) + correction -> +2 tokens (111.3 ms)  cpos=530
  [margins] 8.10 4.24 6.46 2.15 0.62 0.09  K=5
  verify 3: accepted 1/4 (K=5) + correction -> +2 tokens (156.1 ms)  cpos=532
  [margins] 7.35 9.29 8.95 4.45 1.86 3.56  K=7
  verify 4: accepted 4/6 (K=7) + correction -> +5 tokens (200.3 ms)  cpos=537

[spec] generated 11 tokens over 4 verifies: mean tokens/verify = 2.75 (block=6, max 7)
[spec] tokens: 440 611 1117 915 4218 14 2929 3080 304 2997 3
[spec] SPEC-DECODE: 52.0 ms/tok = 19.24 tok/s  (vs base M=1 69.1 ms/tok = 14.46 tok/s -> 1.33x)
[decode] PREFILL: 984 positions in 18433.6 ms = 53.4 tok/s (18.733 ms/tok)
[capture] wrote /home/patrickd/s5-capture/s2/c0/cap/shard_p468_s000984.dspc  984 tok x (3 taps + 1 lm_in) x 4096 = 30.8 MB (32.0 KB/tok)
[probe] wrote 16 draft probes (block=6) to /home/patrickd/s5-capture/s2/c0/cap/drafts_p468_s000984.txt
[spec] decoding 8 tokens (block=6, draft passes=1, adaptK=1.50, prompt=468 s=985)...
  [margins] 14.04 12.45 14.38 7.68 7.22 14.03  K=7
  verify 1: accepted 6/6 (K=7) + correction -> +7 tokens (223.5 ms)  cpos=991
  [margins] 12.87 14.71 7.93 11.84 4.31 4.74  K=7
  verify 2: accepted 5/6 (K=7) + correction -> +6 tokens (228.1 ms)  cpos=997

[spec] generated 13 tokens over 2 verifies: mean tokens/verify = 6.50 (block=6, max 7)
[spec] tokens: 754 3707 40031 7781 343 35 31172 754 305 3707 44330 7781 343
[spec] SPEC-DECODE: 38.0 ms/tok = 26.30 tok/s  (vs base M=1 69.1 ms/tok = 14.46 tok/s -> 1.82x)
[decode] PREFILL: 925 positions in 17230.7 ms = 53.7 tok/s (18.628 ms/tok)
[capture] wrote /home/patrickd/s5-capture/s2/c0/cap/shard_p469_s000925.dspc  925 tok x (3 taps + 1 lm_in) x 4096 = 28.9 MB (32.0 KB/tok)
[probe] wrote 16 draft probes (block=6) to /home/patrickd/s5-capture/s2/c0/cap/drafts_p469_s000925.txt
[spec] decoding 8 tokens (block=6, draft passes=1, adaptK=1.50, prompt=469 s=926)...
  [margins] 8.74 11.93 12.12 12.32 7.30 6.26  K=7
  verify 1: accepted 6/6 (K=7) + correction -> +7 tokens (225.6 ms)  cpos=932
  [margins] 18.22 15.35 15.32 9.36 9.75 8.56  K=7
  verify 2: accepted 6/6 (K=7) + correction -> +7 tokens (216.9 ms)  cpos=939

[spec] generated 14 tokens over 2 verifies: mean tokens/verify = 7.00 (block=6, max 7)
[spec] tokens: 22945 43724 16 10649 17157 304 2041 6362 469 2041 23743 477 45601 91451
[spec] SPEC-DECODE: 31.0 ms/tok = 32.27 tok/s  (vs base M=1 69.1 ms/tok = 14.46 tok/s -> 2.23x)
[decode] PREFILL: 554 positions in 10005.0 ms = 55.4 tok/s (18.060 ms/tok)
[capture] wrote /home/patrickd/s5-capture/s2/c0/cap/shard_p470_s000554.dspc  554 tok x (3 taps + 1 lm_in) x 4096 = 17.3 MB (32.0 KB/tok)
[probe] wrote 16 draft probes (block=6) to /home/patrickd/s5-capture/s2/c0/cap/drafts_p470_s000554.txt
[spec] decoding 8 tokens (block=6, draft passes=1, adaptK=1.50, prompt=470 s=555)...
  [margins] 16.50 17.73 14.90 9.28 8.44 0.69  K=6
  verify 1: accepted 5/5 (K=6) + correction -> +6 tokens (186.3 ms)  cpos=560
  [margins] 10.24 11.52 15.08 8.77 12.39 11.05  K=7
  verify 2: accepted 6/6 (K=7) + correction -> +7 tokens (203.5 ms)  cpos=567

[spec] generated 13 tokens over 2 verifies: mean tokens/verify = 6.50 (block=6, max 7)
[spec] tokens: 8857 582 17231 3305 66796 201 3575 440 696 554 1153 3287 1539
[spec] SPEC-DECODE: 29.1 ms/tok = 34.40 tok/s  (vs base M=1 69.1 ms/tok = 14.46 tok/s -> 2.38x)
[decode] PREFILL: 540 positions in 9729.0 ms = 55.5 tok/s (18.017 ms/tok)
[capture] wrote /home/patrickd/s5-capture/s2/c0/cap/shard_p471_s000540.dspc  540 tok x (3 taps + 1 lm_in) x 4096 = 16.9 MB (32.0 KB/tok)
[probe] wrote 16 draft probes (block=6) to /home/patrickd/s5-capture/s2/c0/cap/drafts_p471_s000540.txt
[spec] decoding 8 tokens (block=6, draft passes=1, adaptK=1.50, prompt=471 s=541)...
  [margins] 18.62 15.32 14.62 17.83 14.65 9.17  K=7
  verify 1: accepted 6/6 (K=7) + correction -> +7 tokens (202.6 ms)  cpos=547
  [margins] 13.17 12.83 13.78 16.21 12.41 9.51  K=7
  verify 2: accepted 6/6 (K=7) + correction -> +7 tokens (209.9 ms)  cpos=554

[spec] generated 14 tokens over 2 verifies: mean tokens/verify = 7.00 (block=6, max 7)
[spec] tokens: 25625 16 455 2019 1531 366 8281 16 455 2019 1531 366 4813 16
[spec] SPEC-DECODE: 30.0 ms/tok = 33.35 tok/s  (vs base M=1 69.1 ms/tok = 14.46 tok/s -> 2.31x)
[decode] PREFILL: 547 positions in 9880.8 ms = 55.4 tok/s (18.064 ms/tok)
[capture] wrote /home/patrickd/s5-capture/s2/c0/cap/shard_p472_s000547.dspc  547 tok x (3 taps + 1 lm_in) x 4096 = 17.1 MB (32.0 KB/tok)
[probe] wrote 16 draft probes (block=6) to /home/patrickd/s5-capture/s2/c0/cap/drafts_p472_s000547.txt
[spec] decoding 8 tokens (block=6, draft passes=1, adaptK=1.50, prompt=472 s=548)...
  [margins] 8.31 6.56 8.31 3.43 0.64 0.22  K=5
  verify 1: accepted 4/4 (K=5) + correction -> +5 tokens (166.2 ms)  cpos=552
  [margins] 0.59 1.54 0.76 0.13 1.54 1.30  K=3
  verify 2: accepted 0/2 (K=3) + correction -> +1 tokens (126.0 ms)  cpos=553
  [margins] 3.05 0.44 0.71 0.48 6.03 2.52  K=2
  verify 3: accepted 1/1 (K=2) + correction -> +2 tokens (114.4 ms)  cpos=555

[spec] generated 8 tokens over 3 verifies: mean tokens/verify = 2.67 (block=6, max 7)
[spec] tokens: 2658 223 1810 14 790 9569 734 1167
[spec] SPEC-DECODE: 80.1 ms/tok = 12.48 tok/s  (vs base M=1 69.1 ms/tok = 14.46 tok/s -> 0.86x)

[blksweep]  BLK passes adaptK->eff prompt | mean tok/verify | ms/tok | tok/s | vs base 14.46 tok/s
[blksweep]    6      1   1.50   1.50      1 |            7.00 |   30.0 | 33.35 | 2.31x
[blksweep]    6      1   1.50   1.50      2 |            7.00 |   38.2 | 26.15 | 1.81x
[blksweep]    6      1   1.50   1.50      3 |            4.00 |   37.2 | 26.89 | 1.86x
[blksweep]    6      1   1.50   1.50      4 |            7.00 |   29.5 | 33.88 | 2.34x
[blksweep]    6      1   1.50   1.50      5 |            7.00 |   30.1 | 33.27 | 2.30x
[blksweep]    6      1   1.50   1.50      6 |            6.00 |   31.3 | 31.92 | 2.21x
[blksweep]    6      1   1.50   1.50      7 |            7.00 |   30.1 | 33.20 | 2.30x
[blksweep]    6      1   1.50   1.50      8 |            2.25 |   49.5 | 20.21 | 1.40x
[blksweep]    6      1   1.50   1.50      9 |            7.00 |   30.1 | 33.28 | 2.30x
[blksweep]    6      1   1.50   1.50     10 |            7.00 |   29.2 | 34.27 | 2.37x
[blksweep]    6      1   1.50   1.50     11 |            7.00 |   28.7 | 34.85 | 2.41x
[blksweep]    6      1   1.50   1.50     12 |            6.00 |   35.1 | 28.46 | 1.97x
[blksweep]    6      1   1.50   1.50     13 |            4.50 |   30.8 | 32.47 | 2.25x
[blksweep]    6      1   1.50   1.50     14 |            2.67 |   44.6 | 22.45 | 1.55x
[blksweep]    6      1   1.50   1.50     15 |            7.00 |   29.4 | 33.99 | 2.35x
[blksweep]    6      1   1.50   1.50     16 |            6.50 |   29.5 | 33.95 | 2.35x
[blksweep]    6      1   1.50   1.50     17 |            7.00 |   28.8 | 34.74 | 2.40x
[blksweep]    6      1   1.50   1.50     18 |            1.14 |  170.6 |  5.86 | 0.41x
[blksweep]    6      1   1.50   1.50     19 |            3.00 |   55.4 | 18.05 | 1.25x
[blksweep]    6      1   1.50   1.50     20 |            6.50 |   30.3 | 33.01 | 2.28x
[blksweep]    6      1   1.50   1.50     21 |            6.50 |   32.1 | 31.14 | 2.15x
[blksweep]    6      1   1.50   1.50     22 |            6.50 |   29.4 | 34.00 | 2.35x
[blksweep]    6      1   1.50   1.50     23 |            6.00 |   33.9 | 29.48 | 2.04x
[blksweep]    6      1   1.50   1.50     24 |            7.00 |   30.5 | 32.81 | 2.27x
[blksweep]    6      1   1.50   1.50     25 |            7.00 |   28.6 | 35.02 | 2.42x
[blksweep]    6      1   1.50   1.50     26 |            5.50 |   53.1 | 18.82 | 1.30x
[blksweep]    6      1   1.50   1.50     27 |            7.00 |   29.9 | 33.49 | 2.32x
[blksweep]    6      1   1.50   1.50     28 |            1.67 |   78.8 | 12.68 | 0.88x
[blksweep]    6      1   1.50   1.50     29 |            5.50 |   39.4 | 25.41 | 1.76x
[blksweep]    6      1   1.50   1.50     30 |            3.00 |   53.8 | 18.60 | 1.29x
[blksweep]    6      1   1.50   1.50     31 |            7.00 |   28.6 | 35.02 | 2.42x
[blksweep]    6      1   1.50   1.50     32 |            6.50 |   35.3 | 28.31 | 1.96x
[blksweep]    6      1   1.50   1.50     33 |            7.00 |   30.6 | 32.73 | 2.26x
[blksweep]    6      1   1.50   1.50     34 |            7.00 |   30.2 | 33.07 | 2.29x
[blksweep]    6      1   1.50   1.50     35 |            7.00 |   29.8 | 33.52 | 2.32x
[blksweep]    6      1   1.50   1.50     36 |            4.00 |   29.6 | 33.81 | 2.34x
[blksweep]    6      1   1.50   1.50     37 |            7.00 |   28.2 | 35.42 | 2.45x
[blksweep]    6      1   1.50   1.50     38 |            6.50 |   31.0 | 32.30 | 2.23x
[blksweep]    6      1   1.50   1.50     39 |            7.00 |   30.0 | 33.38 | 2.31x
[blksweep]    6      1   1.50   1.50     40 |            7.00 |   28.1 | 35.57 | 2.46x
[blksweep]    6      1   1.50   1.50     41 |            6.50 |   33.0 | 30.30 | 2.10x
[blksweep]    6      1   1.50   1.50     42 |            7.00 |   30.2 | 33.16 | 2.29x
[blksweep]    6      1   1.50   1.50     43 |            1.60 |   71.4 | 14.01 | 0.97x
[blksweep]    6      1   1.50   1.50     44 |            7.00 |   28.6 | 35.01 | 2.42x
[blksweep]    6      1   1.50   1.50     45 |            7.00 |   28.5 | 35.08 | 2.43x
[blksweep]    6      1   1.50   1.50     46 |            7.00 |   30.6 | 32.69 | 2.26x
[blksweep]    6      1   1.50   1.50     47 |            2.25 |   58.2 | 17.19 | 1.19x
[blksweep]    6      1   1.50   1.50     48 |            4.50 |   45.6 | 21.91 | 1.52x
[blksweep]    6      1   1.50   1.50     49 |            6.50 |   29.5 | 33.86 | 2.34x
[blksweep]    6      1   1.50   1.50     50 |            2.67 |   65.6 | 15.24 | 1.05x
[blksweep]    6      1   1.50   1.50     51 |            6.50 |   29.7 | 33.66 | 2.33x
[blksweep]    6      1   1.50   1.50     52 |            7.00 |   28.7 | 34.87 | 2.41x
[blksweep]    6      1   1.50   1.50     53 |            7.00 |   36.6 | 27.35 | 1.89x
[blksweep]    6      1   1.50   1.50     54 |            2.67 |   41.2 | 24.26 | 1.68x
[blksweep]    6      1   1.50   1.50     55 |            5.50 |   35.6 | 28.12 | 1.94x
[blksweep]    6      1   1.50   1.50     56 |            5.00 |   29.9 | 33.41 | 2.31x
[blksweep]    6      1   1.50   1.50     57 |            7.00 |   28.0 | 35.70 | 2.47x
[blksweep]    6      1   1.50   1.50     58 |            6.50 |   38.8 | 25.79 | 1.78x
[blksweep]    6      1   1.50   1.50     59 |            7.00 |   30.0 | 33.32 | 2.30x
[blksweep]    6      1   1.50   1.50     60 |            7.00 |   27.2 | 36.78 | 2.54x
[blksweep]    6      1   1.50   1.50     61 |            2.25 |   54.6 | 18.33 | 1.27x
[blksweep]    6      1   1.50   1.50     62 |            3.33 |   45.3 | 22.08 | 1.53x
[blksweep]    6      1   1.50   1.50     63 |            7.00 |   29.3 | 34.17 | 2.36x
[blksweep]    6      1   1.50   1.50     64 |            7.00 |   30.2 | 33.11 | 2.29x
[blksweep]    6      1   1.50   1.50     65 |            6.50 |   31.6 | 31.69 | 2.19x
[blksweep]    6      1   1.50   1.50     66 |            3.00 |   67.8 | 14.75 | 1.02x
[blksweep]    6      1   1.50   1.50     67 |            7.00 |   29.9 | 33.40 | 2.31x
[blksweep]    6      1   1.50   1.50     68 |            4.00 |   48.4 | 20.66 | 1.43x
[blksweep]    6      1   1.50   1.50     69 |            6.00 |   33.6 | 29.77 | 2.06x
[blksweep]    6      1   1.50   1.50     70 |            1.60 |   85.6 | 11.68 | 0.81x
[blksweep]    6      1   1.50   1.50     71 |            7.00 |   28.7 | 34.85 | 2.41x
[blksweep]    6      1   1.50   1.50     72 |            6.50 |   31.3 | 32.00 | 2.21x
[blksweep]    6      1   1.50   1.50     73 |            7.00 |   29.0 | 34.47 | 2.38x
[blksweep]    6      1   1.50   1.50     74 |            6.50 |   30.7 | 32.56 | 2.25x
[blksweep]    6      1   1.50   1.50     75 |            6.00 |   46.0 | 21.75 | 1.50x
[blksweep]    6      1   1.50   1.50     76 |            7.00 |   29.3 | 34.14 | 2.36x
[blksweep]    6      1   1.50   1.50     77 |            7.00 |   30.6 | 32.68 | 2.26x
[blksweep]    6      1   1.50   1.50     78 |            3.00 |   41.3 | 24.21 | 1.67x
[blksweep]    6      1   1.50   1.50     79 |            7.00 |   29.3 | 34.08 | 2.36x
[blksweep]    6      1   1.50   1.50     80 |            7.00 |   29.4 | 34.02 | 2.35x
[blksweep]    6      1   1.50   1.50     81 |            2.67 |   82.6 | 12.10 | 0.84x
[blksweep]    6      1   1.50   1.50     82 |            7.00 |   28.2 | 35.45 | 2.45x
[blksweep]    6      1   1.50   1.50     83 |            6.50 |   28.7 | 34.80 | 2.41x
[blksweep]    6      1   1.50   1.50     84 |            7.00 |   27.6 | 36.24 | 2.51x
[blksweep]    6      1   1.50   1.50     85 |            7.00 |   29.2 | 34.21 | 2.37x
[blksweep]    6      1   1.50   1.50     86 |            1.29 |   91.7 | 10.91 | 0.75x
[blksweep]    6      1   1.50   1.50     87 |            6.50 |   34.9 | 28.69 | 1.98x
[blksweep]    6      1   1.50   1.50     88 |            7.00 |   29.5 | 33.93 | 2.35x
[blksweep]    6      1   1.50   1.50     89 |            7.00 |   30.6 | 32.71 | 2.26x
[blksweep]    6      1   1.50   1.50     90 |            6.50 |   28.9 | 34.63 | 2.39x
[blksweep]    6      1   1.50   1.50     91 |            7.00 |   29.9 | 33.42 | 2.31x
[blksweep]    6      1   1.50   1.50     92 |            7.00 |   28.2 | 35.42 | 2.45x
[blksweep]    6      1   1.50   1.50     93 |            1.00 |  127.5 |  7.84 | 0.54x
[blksweep]    6      1   1.50   1.50     94 |            7.00 |   29.1 | 34.33 | 2.37x
[blksweep]    6      1   1.50   1.50     95 |            7.00 |   29.8 | 33.52 | 2.32x
[blksweep]    6      1   1.50   1.50     96 |            7.00 |   29.5 | 33.85 | 2.34x
[blksweep]    6      1   1.50   1.50     97 |            6.50 |   34.8 | 28.76 | 1.99x
[blksweep]    6      1   1.50   1.50     98 |            4.00 |   34.5 | 29.02 | 2.01x
[blksweep]    6      1   1.50   1.50     99 |            7.00 |   29.1 | 34.32 | 2.37x
[blksweep]    6      1   1.50   1.50    100 |            1.80 |   62.8 | 15.93 | 1.10x
[blksweep]    6      1   1.50   1.50    101 |            6.50 |   30.7 | 32.58 | 2.25x
[blksweep]    6      1   1.50   1.50    102 |            6.00 |   35.4 | 28.25 | 1.95x
[blksweep]    6      1   1.50   1.50    103 |            7.00 |   35.2 | 28.44 | 1.97x
[blksweep]    6      1   1.50   1.50    104 |            7.00 |   28.8 | 34.73 | 2.40x
[blksweep]    6      1   1.50   1.50    105 |            7.00 |   30.2 | 33.08 | 2.29x
[blksweep]    6      1   1.50   1.50    106 |            7.00 |   28.1 | 35.56 | 2.46x
[blksweep]    6      1   1.50   1.50    107 |            7.00 |   28.5 | 35.14 | 2.43x
[blksweep]    6      1   1.50   1.50    108 |            7.00 |   37.7 | 26.55 | 1.84x
[blksweep]    6      1   1.50   1.50    109 |            3.67 |   33.4 | 29.91 | 2.07x
[blksweep]    6      1   1.50   1.50    110 |            1.60 |   79.4 | 12.60 | 0.87x
[blksweep]    6      1   1.50   1.50    111 |            4.50 |   44.8 | 22.33 | 1.54x
[blksweep]    6      1   1.50   1.50    112 |            7.00 |   30.0 | 33.33 | 2.30x
[blksweep]    6      1   1.50   1.50    113 |            6.00 |   31.2 | 32.00 | 2.21x
[blksweep]    6      1   1.50   1.50    114 |            6.00 |   37.2 | 26.91 | 1.86x
[blksweep]    6      1   1.50   1.50    115 |            2.00 |   60.9 | 16.42 | 1.14x
[blksweep]    6      1   1.50   1.50    116 |            7.00 |   30.1 | 33.21 | 2.30x
[blksweep]    6      1   1.50   1.50    117 |            5.50 |   35.1 | 28.48 | 1.97x
[blksweep]    6      1   1.50   1.50    118 |            5.50 |   35.2 | 28.42 | 1.97x
[blksweep]    6      1   1.50   1.50    119 |            6.50 |   29.2 | 34.30 | 2.37x
[blksweep]    6      1   1.50   1.50    120 |            6.00 |   33.6 | 29.76 | 2.06x
[blksweep]    6      1   1.50   1.50    121 |            5.50 |   38.2 | 26.19 | 1.81x
[blksweep]    6      1   1.50   1.50    122 |            1.33 |  112.1 |  8.92 | 0.62x
[blksweep]    6      1   1.50   1.50    123 |            6.50 |   37.4 | 26.75 | 1.85x
[blksweep]    6      1   1.50   1.50    124 |            6.50 |   29.2 | 34.26 | 2.37x
[blksweep]    6      1   1.50   1.50    125 |            7.00 |   30.4 | 32.85 | 2.27x
[blksweep]    6      1   1.50   1.50    126 |            5.50 |   31.5 | 31.75 | 2.20x
[blksweep]    6      1   1.50   1.50    127 |            7.00 |   29.5 | 33.86 | 2.34x
[blksweep]    6      1   1.50   1.50    128 |            6.50 |   30.0 | 33.38 | 2.31x
[blksweep]    6      1   1.50   1.50    129 |            7.00 |   35.2 | 28.38 | 1.96x
[blksweep]    6      1   1.50   1.50    130 |            5.50 |   30.3 | 32.97 | 2.28x
[blksweep]    6      1   1.50   1.50    131 |            6.00 |   53.3 | 18.75 | 1.30x
[blksweep]    6      1   1.50   1.50    132 |            6.00 |   29.2 | 34.29 | 2.37x
[blksweep]    6      1   1.50   1.50    133 |            2.67 |   53.3 | 18.78 | 1.30x
[blksweep]    6      1   1.50   1.50    134 |            5.50 |   36.2 | 27.64 | 1.91x
[blksweep]    6      1   1.50   1.50    135 |            6.50 |   40.5 | 24.71 | 1.71x
[blksweep]    6      1   1.50   1.50    136 |            5.50 |   43.1 | 23.22 | 1.61x
[blksweep]    6      1   1.50   1.50    137 |            4.00 |   31.3 | 31.92 | 2.21x
[blksweep]    6      1   1.50   1.50    138 |            3.25 |   42.6 | 23.48 | 1.62x
[blksweep]    6      1   1.50   1.50    139 |            4.50 |   29.1 | 34.40 | 2.38x
[blksweep]    6      1   1.50   1.50    140 |            7.00 |   30.1 | 33.20 | 2.30x
[blksweep]    6      1   1.50   1.50    141 |            7.00 |   28.9 | 34.59 | 2.39x
[blksweep]    6      1   1.50   1.50    142 |            2.25 |   55.3 | 18.07 | 1.25x
[blksweep]    6      1   1.50   1.50    143 |            7.00 |   29.4 | 33.99 | 2.35x
[blksweep]    6      1   1.50   1.50    144 |            7.00 |   30.0 | 33.31 | 2.30x
[blksweep]    6      1   1.50   1.50    145 |            5.00 |   42.5 | 23.55 | 1.63x
[blksweep]    6      1   1.50   1.50    146 |            4.00 |   47.8 | 20.91 | 1.45x
[blksweep]    6      1   1.50   1.50    147 |            7.00 |   30.9 | 32.41 | 2.24x
[blksweep]    6      1   1.50   1.50    148 |            6.00 |   36.5 | 27.40 | 1.89x
[blksweep]    6      1   1.50   1.50    149 |            4.00 |   34.3 | 29.15 | 2.02x
[blksweep]    6      1   1.50   1.50    150 |            4.00 |   50.4 | 19.85 | 1.37x
[blksweep]    6      1   1.50   1.50    151 |            4.00 |   40.6 | 24.63 | 1.70x
[blksweep]    6      1   1.50   1.50    152 |            6.50 |   35.4 | 28.27 | 1.95x
[blksweep]    6      1   1.50   1.50    153 |            7.00 |   29.1 | 34.37 | 2.38x
[blksweep]    6      1   1.50   1.50    154 |            7.00 |   28.8 | 34.76 | 2.40x
[blksweep]    6      1   1.50   1.50    155 |            7.00 |   29.9 | 33.48 | 2.32x
[blksweep]    6      1   1.50   1.50    156 |            7.00 |   29.8 | 33.59 | 2.32x
[blksweep]    6      1   1.50   1.50    157 |            4.50 |   68.5 | 14.61 | 1.01x
[blksweep]    6      1   1.50   1.50    158 |            4.50 |   44.0 | 22.71 | 1.57x
[blksweep]    6      1   1.50   1.50    159 |            7.00 |   29.0 | 34.50 | 2.39x
[blksweep]    6      1   1.50   1.50    160 |            4.50 |   49.3 | 20.30 | 1.40x
[blksweep]    6      1   1.50   1.50    161 |            7.00 |   30.2 | 33.16 | 2.29x
[blksweep]    6      1   1.50   1.50    162 |            7.00 |   30.3 | 33.03 | 2.28x
[blksweep]    6      1   1.50   1.50    163 |            7.00 |   28.3 | 35.31 | 2.44x
[blksweep]    6      1   1.50   1.50    164 |            7.00 |   29.3 | 34.08 | 2.36x
[blksweep]    6      1   1.50   1.50    165 |            4.00 |   38.3 | 26.11 | 1.81x
[blksweep]    6      1   1.50   1.50    166 |            7.00 |   29.5 | 33.89 | 2.34x
[blksweep]    6      1   1.50   1.50    167 |            2.00 |   75.5 | 13.25 | 0.92x
[blksweep]    6      1   1.50   1.50    168 |            7.00 |   31.3 | 31.90 | 2.21x
[blksweep]    6      1   1.50   1.50    169 |            6.00 |   31.8 | 31.46 | 2.18x
[blksweep]    6      1   1.50   1.50    170 |            3.00 |   42.2 | 23.71 | 1.64x
[blksweep]    6      1   1.50   1.50    171 |            7.00 |   29.8 | 33.57 | 2.32x
[blksweep]    6      1   1.50   1.50    172 |            7.00 |   28.2 | 35.50 | 2.45x
[blksweep]    6      1   1.50   1.50    173 |            7.00 |   29.9 | 33.44 | 2.31x
[blksweep]    6      1   1.50   1.50    174 |            7.00 |   37.5 | 26.69 | 1.85x
[blksweep]    6      1   1.50   1.50    175 |            1.00 |  128.3 |  7.79 | 0.54x
[blksweep]    6      1   1.50   1.50    176 |            7.00 |   29.8 | 33.56 | 2.32x
[blksweep]    6      1   1.50   1.50    177 |            1.00 |  137.9 |  7.25 | 0.50x
[blksweep]    6      1   1.50   1.50    178 |            4.00 |   51.1 | 19.56 | 1.35x
[blksweep]    6      1   1.50   1.50    179 |            7.00 |   28.4 | 35.22 | 2.44x
[blksweep]    6      1   1.50   1.50    180 |            7.00 |   30.2 | 33.11 | 2.29x
[blksweep]    6      1   1.50   1.50    181 |            4.00 |   38.2 | 26.15 | 1.81x
[blksweep]    6      1   1.50   1.50    182 |            6.50 |   28.6 | 35.01 | 2.42x
[blksweep]    6      1   1.50   1.50    183 |            6.00 |   30.0 | 33.34 | 2.31x
[blksweep]    6      1   1.50   1.50    184 |            4.00 |   49.0 | 20.39 | 1.41x
[blksweep]    6      1   1.50   1.50    185 |            7.00 |   34.7 | 28.79 | 1.99x
[blksweep]    6      1   1.50   1.50    186 |            6.00 |   34.6 | 28.89 | 2.00x
[blksweep]    6      1   1.50   1.50    187 |            4.00 |  199.8 |  5.00 | 0.35x
[blksweep]    6      1   1.50   1.50    188 |            6.50 |   30.4 | 32.90 | 2.27x
[blksweep]    6      1   1.50   1.50    189 |            5.00 |   31.5 | 31.78 | 2.20x
[blksweep]    6      1   1.50   1.50    190 |            7.00 |   36.2 | 27.62 | 1.91x
[blksweep]    6      1   1.50   1.50    191 |            5.00 |   32.3 | 30.98 | 2.14x
[blksweep]    6      1   1.50   1.50    192 |            7.00 |   32.0 | 31.29 | 2.16x
[blksweep]    6      1   1.50   1.50    193 |            6.00 |   30.0 | 33.37 | 2.31x
[blksweep]    6      1   1.50   1.50    194 |            2.00 |   58.3 | 17.17 | 1.19x
[blksweep]    6      1   1.50   1.50    195 |            7.00 |   29.0 | 34.53 | 2.39x
[blksweep]    6      1   1.50   1.50    196 |            7.00 |   31.4 | 31.83 | 2.20x
[blksweep]    6      1   1.50   1.50    197 |            7.00 |   31.0 | 32.30 | 2.23x
[blksweep]    6      1   1.50   1.50    198 |            6.00 |   34.9 | 28.67 | 1.98x
[blksweep]    6      1   1.50   1.50    199 |            6.50 |   35.7 | 28.03 | 1.94x
[blksweep]    6      1   1.50   1.50    200 |            3.67 |   33.5 | 29.86 | 2.06x
[blksweep]    6      1   1.50   1.50    201 |            7.00 |   29.4 | 34.05 | 2.35x
[blksweep]    6      1   1.50   1.50    202 |            2.00 |   65.8 | 15.20 | 1.05x
[blksweep]    6      1   1.50   1.50    203 |            4.00 |   48.9 | 20.43 | 1.41x
[blksweep]    6      1   1.50   1.50    204 |            7.00 |   30.1 | 33.20 | 2.30x
[blksweep]    6      1   1.50   1.50    205 |            7.00 |   28.9 | 34.66 | 2.40x
[blksweep]    6      1   1.50   1.50    206 |            2.80 |   46.6 | 21.46 | 1.48x
[blksweep]    6      1   1.50   1.50    207 |            3.33 |   63.4 | 15.78 | 1.09x
[blksweep]    6      1   1.50   1.50    208 |            2.50 |   49.2 | 20.31 | 1.40x
[blksweep]    6      1   1.50   1.50    209 |            5.00 |   38.2 | 26.16 | 1.81x
[blksweep]    6      1   1.50   1.50    210 |            7.00 |   28.5 | 35.07 | 2.43x
[blksweep]    6      1   1.50   1.50    211 |            5.50 |   32.3 | 30.97 | 2.14x
[blksweep]    6      1   1.50   1.50    212 |            7.00 |   31.1 | 32.15 | 2.22x
[blksweep]    6      1   1.50   1.50    213 |            6.50 |   38.8 | 25.79 | 1.78x
[blksweep]    6      1   1.50   1.50    214 |            3.00 |   52.8 | 18.93 | 1.31x
[blksweep]    6      1   1.50   1.50    215 |            3.67 |   35.1 | 28.53 | 1.97x
[blksweep]    6      1   1.50   1.50    216 |            7.00 |   30.3 | 33.05 | 2.29x
[blksweep]    6      1   1.50   1.50    217 |            7.00 |   30.4 | 32.92 | 2.28x
[blksweep]    6      1   1.50   1.50    218 |            2.25 |   48.8 | 20.48 | 1.42x
[blksweep]    6      1   1.50   1.50    219 |            7.00 |   33.5 | 29.89 | 2.07x
[blksweep]    6      1   1.50   1.50    220 |            5.00 |   32.5 | 30.79 | 2.13x
[blksweep]    6      1   1.50   1.50    221 |            4.50 |   35.5 | 28.20 | 1.95x
[blksweep]    6      1   1.50   1.50    222 |            7.00 |   30.5 | 32.80 | 2.27x
[blksweep]    6      1   1.50   1.50    223 |            7.00 |   29.2 | 34.30 | 2.37x
[blksweep]    6      1   1.50   1.50    224 |            7.00 |   28.5 | 35.12 | 2.43x
[blksweep]    6      1   1.50   1.50    225 |            4.00 |   35.9 | 27.86 | 1.93x
[blksweep]    6      1   1.50   1.50    226 |            1.60 |  110.0 |  9.09 | 0.63x
[blksweep]    6      1   1.50   1.50    227 |            3.33 |   36.7 | 27.25 | 1.88x
[blksweep]    6      1   1.50   1.50    228 |            6.00 |   31.0 | 32.27 | 2.23x
[blksweep]    6      1   1.50   1.50    229 |            3.00 |   43.3 | 23.10 | 1.60x
[blksweep]    6      1   1.50   1.50    230 |            2.00 |   77.3 | 12.93 | 0.89x
[blksweep]    6      1   1.50   1.50    231 |            3.00 |   40.7 | 24.59 | 1.70x
[blksweep]    6      1   1.50   1.50    232 |            7.00 |   28.7 | 34.88 | 2.41x
[blksweep]    6      1   1.50   1.50    233 |            6.50 |   30.0 | 33.34 | 2.31x
[blksweep]    6      1   1.50   1.50    234 |            6.50 |   30.6 | 32.68 | 2.26x
[blksweep]    6      1   1.50   1.50    235 |            4.50 |   40.9 | 24.46 | 1.69x
[blksweep]    6      1   1.50   1.50    236 |            7.00 |   29.4 | 34.00 | 2.35x
[blksweep]    6      1   1.50   1.50    237 |            7.00 |   27.8 | 35.92 | 2.48x
[blksweep]    6      1   1.50   1.50    238 |            7.00 |   28.6 | 34.91 | 2.41x
[blksweep]    6      1   1.50   1.50    239 |            7.00 |   28.8 | 34.71 | 2.40x
[blksweep]    6      1   1.50   1.50    240 |            4.50 |   62.1 | 16.10 | 1.11x
[blksweep]    6      1   1.50   1.50    241 |            1.60 |   87.6 | 11.41 | 0.79x
[blksweep]    6      1   1.50   1.50    242 |            7.00 |   37.6 | 26.61 | 1.84x
[blksweep]    6      1   1.50   1.50    243 |            1.80 |   66.9 | 14.94 | 1.03x
[blksweep]    6      1   1.50   1.50    244 |            7.00 |   29.7 | 33.66 | 2.33x
[blksweep]    6      1   1.50   1.50    245 |            7.00 |   29.7 | 33.61 | 2.32x
[blksweep]    6      1   1.50   1.50    246 |            7.00 |   29.1 | 34.34 | 2.37x
[blksweep]    6      1   1.50   1.50    247 |            7.00 |   28.4 | 35.19 | 2.43x
[blksweep]    6      1   1.50   1.50    248 |            7.00 |   30.4 | 32.86 | 2.27x
[blksweep]    6      1   1.50   1.50    249 |            4.67 |   51.9 | 19.25 | 1.33x
[blksweep]    6      1   1.50   1.50    250 |            7.00 |   30.2 | 33.08 | 2.29x
[blksweep]    6      1   1.50   1.50    251 |            6.50 |   35.5 | 28.19 | 1.95x
[blksweep]    6      1   1.50   1.50    252 |            6.50 |   36.1 | 27.73 | 1.92x
[blksweep]    6      1   1.50   1.50    253 |            5.00 |   34.6 | 28.88 | 2.00x
[blksweep]    6      1   1.50   1.50    254 |            5.50 |   30.4 | 32.94 | 2.28x
[blksweep]    6      1   1.50   1.50    255 |            6.50 |   30.1 | 33.20 | 2.30x
[blksweep]    6      1   1.50   1.50    256 |            3.33 |   46.6 | 21.46 | 1.48x
[blksweep]    6      1   1.50   1.50    257 |            7.00 |   28.8 | 34.69 | 2.40x
[blksweep]    6      1   1.50   1.50    258 |            4.00 |   45.2 | 22.14 | 1.53x
[blksweep]    6      1   1.50   1.50    259 |            2.00 |   55.8 | 17.93 | 1.24x
[blksweep]    6      1   1.50   1.50    260 |            5.00 |   55.1 | 18.13 | 1.25x
[blksweep]    6      1   1.50   1.50    261 |            7.00 |   30.2 | 33.14 | 2.29x
[blksweep]    6      1   1.50   1.50    262 |            7.00 |   29.8 | 33.59 | 2.32x
[blksweep]    6      1   1.50   1.50    263 |            7.00 |   32.2 | 31.01 | 2.14x
[blksweep]    6      1   1.50   1.50    264 |            7.00 |   29.2 | 34.27 | 2.37x
[blksweep]    6      1   1.50   1.50    265 |            7.00 |   29.4 | 34.05 | 2.35x
[blksweep]    6      1   1.50   1.50    266 |            7.00 |   28.7 | 34.79 | 2.41x
[blksweep]    6      1   1.50   1.50    267 |            7.00 |   30.9 | 32.33 | 2.24x
[blksweep]    6      1   1.50   1.50    268 |            7.00 |   30.0 | 33.38 | 2.31x
[blksweep]    6      1   1.50   1.50    269 |            5.00 |   42.2 | 23.69 | 1.64x
[blksweep]    6      1   1.50   1.50    270 |            6.50 |   30.0 | 33.36 | 2.31x
[blksweep]    6      1   1.50   1.50    271 |            4.00 |   50.3 | 19.87 | 1.37x
[blksweep]    6      1   1.50   1.50    272 |            7.00 |   30.1 | 33.23 | 2.30x
[blksweep]    6      1   1.50   1.50    273 |            7.00 |   31.8 | 31.49 | 2.18x
[blksweep]    6      1   1.50   1.50    274 |            6.50 |   30.5 | 32.80 | 2.27x
[blksweep]    6      1   1.50   1.50    275 |            6.00 |   30.4 | 32.87 | 2.27x
[blksweep]    6      1   1.50   1.50    276 |            1.80 |   71.3 | 14.03 | 0.97x
[blksweep]    6      1   1.50   1.50    277 |            1.60 |   69.0 | 14.48 | 1.00x
[blksweep]    6      1   1.50   1.50    278 |            7.00 |   28.7 | 34.82 | 2.41x
[blksweep]    6      1   1.50   1.50    279 |            7.00 |   29.8 | 33.60 | 2.32x
[blksweep]    6      1   1.50   1.50    280 |            2.75 |   56.5 | 17.69 | 1.22x
[blksweep]    6      1   1.50   1.50    281 |            3.67 |   51.9 | 19.28 | 1.33x
[blksweep]    6      1   1.50   1.50    282 |            3.00 |   45.1 | 22.16 | 1.53x
[blksweep]    6      1   1.50   1.50    283 |            7.00 |   29.9 | 33.46 | 2.31x
[blksweep]    6      1   1.50   1.50    284 |            7.00 |   30.2 | 33.07 | 2.29x
[blksweep]    6      1   1.50   1.50    285 |            4.50 |   30.4 | 32.93 | 2.28x
[blksweep]    6      1   1.50   1.50    286 |            7.00 |   27.9 | 35.88 | 2.48x
[blksweep]    6      1   1.50   1.50    287 |            6.50 |   34.4 | 29.05 | 2.01x
[blksweep]    6      1   1.50   1.50    288 |            5.50 |   28.4 | 35.26 | 2.44x
[blksweep]    6      1   1.50   1.50    289 |            4.00 |   34.9 | 28.65 | 1.98x
[blksweep]    6      1   1.50   1.50    290 |            7.00 |   29.9 | 33.46 | 2.31x
[blksweep]    6      1   1.50   1.50    291 |            7.00 |   31.0 | 32.21 | 2.23x
[blksweep]    6      1   1.50   1.50    292 |            7.00 |   29.9 | 33.45 | 2.31x
[blksweep]    6      1   1.50   1.50    293 |            4.50 |   37.5 | 26.64 | 1.84x
[blksweep]    6      1   1.50   1.50    294 |            7.00 |   29.3 | 34.18 | 2.36x
[blksweep]    6      1   1.50   1.50    295 |            5.50 |   32.8 | 30.46 | 2.11x
[blksweep]    6      1   1.50   1.50    296 |            5.00 |   50.3 | 19.89 | 1.38x
[blksweep]    6      1   1.50   1.50    297 |            4.50 |   57.1 | 17.51 | 1.21x
[blksweep]    6      1   1.50   1.50    298 |            7.00 |   34.1 | 29.29 | 2.03x
[blksweep]    6      1   1.50   1.50    299 |            5.00 |   38.0 | 26.31 | 1.82x
[blksweep]    6      1   1.50   1.50    300 |            4.00 |  206.3 |  4.85 | 0.34x
[blksweep]    6      1   1.50   1.50    301 |            7.00 |   30.2 | 33.12 | 2.29x
[blksweep]    6      1   1.50   1.50    302 |            4.33 |   44.7 | 22.39 | 1.55x
[blksweep]    6      1   1.50   1.50    303 |            2.00 |   61.4 | 16.28 | 1.13x
[blksweep]    6      1   1.50   1.50    304 |            2.67 |   43.2 | 23.16 | 1.60x
[blksweep]    6      1   1.50   1.50    305 |            7.00 |   32.7 | 30.57 | 2.11x
[blksweep]    6      1   1.50   1.50    306 |            4.00 |   50.4 | 19.84 | 1.37x
[blksweep]    6      1   1.50   1.50    307 |            7.00 |   30.1 | 33.20 | 2.30x
[blksweep]    6      1   1.50   1.50    308 |            6.50 |   36.7 | 27.26 | 1.88x
[blksweep]    6      1   1.50   1.50    309 |            4.00 |   37.3 | 26.78 | 1.85x
[blksweep]    6      1   1.50   1.50    310 |            7.00 |   37.8 | 26.48 | 1.83x
[blksweep]    6      1   1.50   1.50    311 |            4.00 |   29.4 | 34.06 | 2.36x
[blksweep]    6      1   1.50   1.50    312 |            7.00 |   28.1 | 35.61 | 2.46x
[blksweep]    6      1   1.50   1.50    313 |            7.00 |   32.2 | 31.07 | 2.15x
[blksweep]    6      1   1.50   1.50    314 |            7.00 |   28.6 | 34.97 | 2.42x
[blksweep]    6      1   1.50   1.50    315 |            5.00 |   33.5 | 29.86 | 2.06x
[blksweep]    6      1   1.50   1.50    316 |            3.00 |   50.4 | 19.86 | 1.37x
[blksweep]    6      1   1.50   1.50    317 |            3.33 |   36.5 | 27.41 | 1.90x
[blksweep]    6      1   1.50   1.50    318 |            4.50 |   30.7 | 32.56 | 2.25x
[blksweep]    6      1   1.50   1.50    319 |            7.00 |   30.1 | 33.17 | 2.29x
[blksweep]    6      1   1.50   1.50    320 |            2.50 |   86.0 | 11.63 | 0.80x
[blksweep]    6      1   1.50   1.50    321 |            7.00 |   28.8 | 34.72 | 2.40x
[blksweep]    6      1   1.50   1.50    322 |            4.00 |   29.2 | 34.21 | 2.37x
[blksweep]    6      1   1.50   1.50    323 |            7.00 |   29.7 | 33.65 | 2.33x
[blksweep]    6      1   1.50   1.50    324 |            7.00 |   31.0 | 32.24 | 2.23x
[blksweep]    6      1   1.50   1.50    325 |            5.00 |   35.3 | 28.34 | 1.96x
[blksweep]    6      1   1.50   1.50    326 |            4.00 |   30.7 | 32.61 | 2.25x
[blksweep]    6      1   1.50   1.50    327 |            4.00 |   36.0 | 27.77 | 1.92x
[blksweep]    6      1   1.50   1.50    328 |            6.00 |   41.1 | 24.34 | 1.68x
[blksweep]    6      1   1.50   1.50    329 |            7.00 |   30.0 | 33.30 | 2.30x
[blksweep]    6      1   1.50   1.50    330 |            5.50 |   57.0 | 17.55 | 1.21x
[blksweep]    6      1   1.50   1.50    331 |            7.00 |   28.9 | 34.60 | 2.39x
[blksweep]    6      1   1.50   1.50    332 |            7.00 |   28.8 | 34.66 | 2.40x
[blksweep]    6      1   1.50   1.50    333 |            2.67 |   44.6 | 22.41 | 1.55x
[blksweep]    6      1   1.50   1.50    334 |            2.00 |   75.3 | 13.27 | 0.92x
[blksweep]    6      1   1.50   1.50    335 |            7.00 |   29.1 | 34.38 | 2.38x
[blksweep]    6      1   1.50   1.50    336 |            5.50 |   36.2 | 27.64 | 1.91x
[blksweep]    6      1   1.50   1.50    337 |            6.50 |   30.2 | 33.13 | 2.29x
[blksweep]    6      1   1.50   1.50    338 |            7.00 |   29.8 | 33.56 | 2.32x
[blksweep]    6      1   1.50   1.50    339 |            7.00 |   35.5 | 28.14 | 1.95x
[blksweep]    6      1   1.50   1.50    340 |            7.00 |   30.2 | 33.15 | 2.29x
[blksweep]    6      1   1.50   1.50    341 |            7.00 |   32.3 | 30.95 | 2.14x
[blksweep]    6      1   1.50   1.50    342 |            3.00 |   42.0 | 23.79 | 1.64x
[blksweep]    6      1   1.50   1.50    343 |            7.00 |   29.9 | 33.46 | 2.31x
[blksweep]    6      1   1.50   1.50    344 |            6.00 |   35.2 | 28.37 | 1.96x
[blksweep]    6      1   1.50   1.50    345 |            6.50 |   31.4 | 31.86 | 2.20x
[blksweep]    6      1   1.50   1.50    346 |            2.00 |   78.8 | 12.68 | 0.88x
[blksweep]    6      1   1.50   1.50    347 |            7.00 |   35.2 | 28.42 | 1.97x
[blksweep]    6      1   1.50   1.50    348 |            6.50 |   32.1 | 31.18 | 2.16x
[blksweep]    6      1   1.50   1.50    349 |            4.00 |  211.3 |  4.73 | 0.33x
[blksweep]    6      1   1.50   1.50    350 |            7.00 |   28.4 | 35.17 | 2.43x
[blksweep]    6      1   1.50   1.50    351 |            5.00 |   42.1 | 23.77 | 1.64x
[blksweep]    6      1   1.50   1.50    352 |            6.50 |   30.3 | 33.05 | 2.29x
[blksweep]    6      1   1.50   1.50    353 |            6.00 |   29.9 | 33.39 | 2.31x
[blksweep]    6      1   1.50   1.50    354 |            7.00 |   30.1 | 33.18 | 2.29x
[blksweep]    6      1   1.50   1.50    355 |            3.67 |   45.2 | 22.11 | 1.53x
[blksweep]    6      1   1.50   1.50    356 |            5.50 |   36.4 | 27.45 | 1.90x
[blksweep]    6      1   1.50   1.50    357 |            5.00 |   31.1 | 32.13 | 2.22x
[blksweep]    6      1   1.50   1.50    358 |            7.00 |   33.0 | 30.33 | 2.10x
[blksweep]    6      1   1.50   1.50    359 |            6.50 |   28.4 | 35.20 | 2.43x
[blksweep]    6      1   1.50   1.50    360 |            1.50 |  112.2 |  8.91 | 0.62x
[blksweep]    6      1   1.50   1.50    361 |            7.00 |   30.4 | 32.87 | 2.27x
[blksweep]    6      1   1.50   1.50    362 |            7.00 |   29.0 | 34.50 | 2.39x
[blksweep]    6      1   1.50   1.50    363 |            7.00 |   28.9 | 34.63 | 2.39x
[blksweep]    6      1   1.50   1.50    364 |            4.33 |   33.1 | 30.20 | 2.09x
[blksweep]    6      1   1.50   1.50    365 |            5.00 |   30.4 | 32.89 | 2.27x
[blksweep]    6      1   1.50   1.50    366 |            4.00 |   50.7 | 19.73 | 1.36x
[blksweep]    6      1   1.50   1.50    367 |            7.00 |   29.0 | 34.42 | 2.38x
[blksweep]    6      1   1.50   1.50    368 |            7.00 |   29.6 | 33.84 | 2.34x
[blksweep]    6      1   1.50   1.50    369 |            1.80 |   68.5 | 14.59 | 1.01x
[blksweep]    6      1   1.50   1.50    370 |            7.00 |   28.8 | 34.73 | 2.40x
[blksweep]    6      1   1.50   1.50    371 |            6.50 |   28.8 | 34.72 | 2.40x
[blksweep]    6      1   1.50   1.50    372 |            7.00 |   30.2 | 33.07 | 2.29x
[blksweep]    6      1   1.50   1.50    373 |            4.00 |   29.1 | 34.35 | 2.38x
[blksweep]    6      1   1.50   1.50    374 |            2.50 |   62.5 | 15.99 | 1.11x
[blksweep]    6      1   1.50   1.50    375 |            2.00 |   56.4 | 17.73 | 1.23x
[blksweep]    6      1   1.50   1.50    376 |            4.50 |   46.5 | 21.50 | 1.49x
[blksweep]    6      1   1.50   1.50    377 |            7.00 |   30.1 | 33.18 | 2.29x
[blksweep]    6      1   1.50   1.50    378 |            7.00 |   29.5 | 33.91 | 2.34x
[blksweep]    6      1   1.50   1.50    379 |            7.00 |   29.2 | 34.22 | 2.37x
[blksweep]    6      1   1.50   1.50    380 |            5.50 |   37.6 | 26.56 | 1.84x
[blksweep]    6      1   1.50   1.50    381 |            7.00 |   29.5 | 33.84 | 2.34x
[blksweep]    6      1   1.50   1.50    382 |            7.00 |   29.8 | 33.59 | 2.32x
[blksweep]    6      1   1.50   1.50    383 |            6.00 |   33.6 | 29.75 | 2.06x
[blksweep]    6      1   1.50   1.50    384 |            6.00 |   30.1 | 33.28 | 2.30x
[blksweep]    6      1   1.50   1.50    385 |            7.00 |   37.9 | 26.35 | 1.82x
[blksweep]    6      1   1.50   1.50    386 |            7.00 |   29.9 | 33.48 | 2.31x
[blksweep]    6      1   1.50   1.50    387 |            7.00 |   29.7 | 33.69 | 2.33x
[blksweep]    6      1   1.50   1.50    388 |            7.00 |   29.0 | 34.43 | 2.38x
[blksweep]    6      1   1.50   1.50    389 |            7.00 |   28.9 | 34.63 | 2.39x
[blksweep]    6      1   1.50   1.50    390 |            7.00 |   30.0 | 33.30 | 2.30x
[blksweep]    6      1   1.50   1.50    391 |            7.00 |   28.9 | 34.66 | 2.40x
[blksweep]    6      1   1.50   1.50    392 |            7.00 |   32.1 | 31.15 | 2.15x
[blksweep]    6      1   1.50   1.50    393 |            7.00 |   29.1 | 34.38 | 2.38x
[blksweep]    6      1   1.50   1.50    394 |            7.00 |   32.1 | 31.16 | 2.15x
[blksweep]    6      1   1.50   1.50    395 |            5.50 |   30.6 | 32.69 | 2.26x
[blksweep]    6      1   1.50   1.50    396 |            7.00 |   28.3 | 35.38 | 2.45x
[blksweep]    6      1   1.50   1.50    397 |            6.50 |   28.1 | 35.57 | 2.46x
[blksweep]    6      1   1.50   1.50    398 |            5.50 |   28.8 | 34.77 | 2.40x
[blksweep]    6      1   1.50   1.50    399 |            7.00 |   29.7 | 33.64 | 2.33x
[blksweep]    6      1   1.50   1.50    400 |            4.00 |   39.5 | 25.33 | 1.75x
[blksweep]    6      1   1.50   1.50    401 |            6.50 |   35.2 | 28.38 | 1.96x
[blksweep]    6      1   1.50   1.50    402 |            7.00 |   28.4 | 35.19 | 2.43x
[blksweep]    6      1   1.50   1.50    403 |            7.00 |   32.1 | 31.19 | 2.16x
[blksweep]    6      1   1.50   1.50    404 |            7.00 |   30.5 | 32.82 | 2.27x
[blksweep]    6      1   1.50   1.50    405 |            7.00 |   29.1 | 34.31 | 2.37x
[blksweep]    6      1   1.50   1.50    406 |            7.00 |   29.0 | 34.54 | 2.39x
[blksweep]    6      1   1.50   1.50    407 |            7.00 |   28.9 | 34.63 | 2.39x
[blksweep]    6      1   1.50   1.50    408 |            6.50 |   30.4 | 32.94 | 2.28x
[blksweep]    6      1   1.50   1.50    409 |            3.00 |   43.1 | 23.19 | 1.60x
[blksweep]    6      1   1.50   1.50    410 |            7.00 |   29.8 | 33.55 | 2.32x
[blksweep]    6      1   1.50   1.50    411 |            2.00 |   71.2 | 14.04 | 0.97x
[blksweep]    6      1   1.50   1.50    412 |            4.00 |   34.7 | 28.79 | 1.99x
[blksweep]    6      1   1.50   1.50    413 |            2.67 |   85.8 | 11.65 | 0.81x
[blksweep]    6      1   1.50   1.50    414 |            6.50 |   29.4 | 34.03 | 2.35x
[blksweep]    6      1   1.50   1.50    415 |            7.00 |   30.3 | 32.96 | 2.28x
[blksweep]    6      1   1.50   1.50    416 |            6.50 |   31.2 | 32.03 | 2.21x
[blksweep]    6      1   1.50   1.50    417 |            7.00 |   28.5 | 35.09 | 2.43x
[blksweep]    6      1   1.50   1.50    418 |            6.50 |   29.9 | 33.42 | 2.31x
[blksweep]    6      1   1.50   1.50    419 |            2.50 |   47.7 | 20.96 | 1.45x
[blksweep]    6      1   1.50   1.50    420 |            7.00 |   29.6 | 33.80 | 2.34x
[blksweep]    6      1   1.50   1.50    421 |            6.00 |   32.0 | 31.21 | 2.16x
[blksweep]    6      1   1.50   1.50    422 |            5.00 |   57.2 | 17.50 | 1.21x
[blksweep]    6      1   1.50   1.50    423 |            7.00 |   31.1 | 32.14 | 2.22x
[blksweep]    6      1   1.50   1.50    424 |            5.00 |   44.4 | 22.55 | 1.56x
[blksweep]    6      1   1.50   1.50    425 |            7.00 |   34.7 | 28.84 | 1.99x
[blksweep]    6      1   1.50   1.50    426 |            7.00 |   29.2 | 34.25 | 2.37x
[blksweep]    6      1   1.50   1.50    427 |            7.00 |   28.3 | 35.30 | 2.44x
[blksweep]    6      1   1.50   1.50    428 |            7.00 |   29.8 | 33.60 | 2.32x
[blksweep]    6      1   1.50   1.50    429 |            7.00 |   30.1 | 33.20 | 2.30x
[blksweep]    6      1   1.50   1.50    430 |            7.00 |   30.3 | 32.95 | 2.28x
[blksweep]    6      1   1.50   1.50    431 |            7.00 |   30.6 | 32.68 | 2.26x
[blksweep]    6      1   1.50   1.50    432 |            7.00 |   29.8 | 33.61 | 2.32x
[blksweep]    6      1   1.50   1.50    433 |            3.00 |   45.3 | 22.08 | 1.53x
[blksweep]    6      1   1.50   1.50    434 |            7.00 |   28.4 | 35.21 | 2.43x
[blksweep]    6      1   1.50   1.50    435 |            5.00 |   48.2 | 20.75 | 1.43x
[blksweep]    6      1   1.50   1.50    436 |            6.00 |   30.3 | 32.98 | 2.28x
[blksweep]    6      1   1.50   1.50    437 |            2.50 |   67.1 | 14.90 | 1.03x
[blksweep]    6      1   1.50   1.50    438 |            7.00 |   27.2 | 36.77 | 2.54x
[blksweep]    6      1   1.50   1.50    439 |            4.50 |   29.8 | 33.57 | 2.32x
[blksweep]    6      1   1.50   1.50    440 |            2.50 |   55.0 | 18.19 | 1.26x
[blksweep]    6      1   1.50   1.50    441 |            7.00 |   29.3 | 34.16 | 2.36x
[blksweep]    6      1   1.50   1.50    442 |            5.50 |   30.6 | 32.69 | 2.26x
[blksweep]    6      1   1.50   1.50    443 |            7.00 |   29.8 | 33.54 | 2.32x
[blksweep]    6      1   1.50   1.50    444 |            1.60 |   77.6 | 12.89 | 0.89x
[blksweep]    6      1   1.50   1.50    445 |            6.50 |   32.1 | 31.11 | 2.15x
[blksweep]    6      1   1.50   1.50    446 |            4.00 |   35.6 | 28.09 | 1.94x
[blksweep]    6      1   1.50   1.50    447 |            7.00 |   36.3 | 27.51 | 1.90x
[blksweep]    6      1   1.50   1.50    448 |            2.67 |   45.2 | 22.11 | 1.53x
[blksweep]    6      1   1.50   1.50    449 |            5.50 |   30.4 | 32.90 | 2.28x
[blksweep]    6      1   1.50   1.50    450 |            6.00 |   34.9 | 28.67 | 1.98x
[blksweep]    6      1   1.50   1.50    451 |            6.00 |   31.1 | 32.15 | 2.22x
[blksweep]    6      1   1.50   1.50    452 |            7.00 |   27.3 | 36.66 | 2.53x
[blksweep]    6      1   1.50   1.50    453 |            7.00 |   29.1 | 34.40 | 2.38x
[blksweep]    6      1   1.50   1.50    454 |            7.00 |   29.3 | 34.14 | 2.36x
[blksweep]    6      1   1.50   1.50    455 |            4.50 |   30.3 | 32.99 | 2.28x
[blksweep]    6      1   1.50   1.50    456 |            7.00 |   30.9 | 32.38 | 2.24x
[blksweep]    6      1   1.50   1.50    457 |            4.00 |   50.5 | 19.79 | 1.37x
[blksweep]    6      1   1.50   1.50    458 |            5.00 |   41.7 | 23.96 | 1.66x
[blksweep]    6      1   1.50   1.50    459 |            6.00 |   35.3 | 28.34 | 1.96x
[blksweep]    6      1   1.50   1.50    460 |            4.00 |   50.5 | 19.79 | 1.37x
[blksweep]    6      1   1.50   1.50    461 |            7.00 |   33.4 | 29.92 | 2.07x
[blksweep]    6      1   1.50   1.50    462 |            5.00 |   32.5 | 30.81 | 2.13x
[blksweep]    6      1   1.50   1.50    463 |            4.50 |   29.9 | 33.44 | 2.31x
[blksweep]    6      1   1.50   1.50    464 |            7.00 |   30.3 | 33.06 | 2.29x
[blksweep]    6      1   1.50   1.50    465 |            5.50 |   29.6 | 33.76 | 2.33x
[blksweep]    6      1   1.50   1.50    466 |            7.00 |   32.9 | 30.36 | 2.10x
[blksweep]    6      1   1.50   1.50    467 |            2.75 |   52.0 | 19.24 | 1.33x
[blksweep]    6      1   1.50   1.50    468 |            6.50 |   38.0 | 26.30 | 1.82x
[blksweep]    6      1   1.50   1.50    469 |            7.00 |   31.0 | 32.27 | 2.23x
[blksweep]    6      1   1.50   1.50    470 |            6.50 |   29.1 | 34.40 | 2.38x
[blksweep]    6      1   1.50   1.50    471 |            7.00 |   30.0 | 33.35 | 2.31x
[blksweep]    6      1   1.50   1.50    472 |            2.67 |   80.1 | 12.48 | 0.86x
[decode] mem 121.5/122.8 GiB
