[parse] DSV4_PROMPTS_FILE /home/patrickd/s5-capture/s3recap/c1/gen.txt -> 491 prompt(s)
[decode] loading /home/patrickd/models/DeepSeek-V4-Flash-0731-REAP ... s=6 NDEC=8 seqmax=1820
[decode] loaded 100.40 GiB, 45821 tensors  (weights in MANAGED device-preferred memory)
[decode] KV layout: fp32, 2048 B/row, 0.149 GiB for 1820 rows x 43 layers
[decode] building 43 layer structs once (persistent)...
[decode] structs built. mem 111.5/122.8 GiB
[decode] prefill 5 positions...
[f32mk] tile 4x4 (DSV4_F32MK_TILE=unset)
[decode] PREFILL: 5 positions in 195.2 ms = 25.6 tok/s (39.049 ms/tok)
[decode] prefill done. caches populated. starting decode.
  step 0 pos 5 -> token 11111  (67.0 ms warmup)
  step 1 pos 6 -> token 16  (66.5 ms)
  step 2 pos 7 -> token 455  (72.6 ms)
  step 3 pos 8 -> token 6102  (66.6 ms)
  step 4 pos 9 -> token 294  (66.7 ms)
  step 5 pos 10 -> token 16603  (66.7 ms)
  step 6 pos 11 -> token 344  (73.0 ms)
  step 7 pos 12 -> token 29168  (69.4 ms)

[decode] first decoded token argmax = 11111  (expect 11111)  -> GATE PASS
[decode] generated: 11111 16 455 6102 294 16603 344 29168
[decode] WARM decode: 68.8 ms/tok = 14.53 tok/s  (M=1 steady state, 7-step avg)

[spec-verify] M=5 verify in ONE forward: 121.8 ms (= 24.4 ms/tok if all accepted vs 68.8 M=1 -> 2.82x)
[spec-verify] verify argmax: 11111 16 455 6102 294
[spec-verify] decode tokens: 11111 16 455 6102 294
[spec-verify] MATCH 5/5 -> PASS  (M=K verify == K sequential decodes; diffs = MoE-atomic near-ties)

[spec] using EMBEDDED DSpark heads from the main checkpoint (no extra memory)
[spec] NSTAGE=3 head-experts=160 BLK sweep: 5 5 5 5 5 5 5 5 5 5 5 5 5 5 5 5 5 5 5 5 5 5 5 5 5 5 5 5 5 5 5 5 5 5 5 5 5 5 5 5 5 5 5 5 5 5 5 5 5 5 5 5 5 5 5 5 5 5 5 5 5 5 5 5 5 5 5 5 5 5 5 5 5 5 5 5 5 5 5 5 5 5 5 5 5 5 5 5 5 5 5 5 5 5 5 5 5 5 5 5 5 5 5 5 5 5 5 5 5 5 5 5 5 5 5 5 5 5 5 5 5 5 5 5 5 5 5 5 5 5 5 5 5 5 5 5 5 5 5 5 5 5 5 5 5 5 5 5 5 5 5 5 5 5 5 5 5 5 5 5 5 5 5 5 5 5 5 5 5 5 5 5 5 5 5 5 5 5 5 5 5 5 5 5 5 5 5 5 5 5 5 5 5 5 5 5 5 5 5 5 5 5 5 5 5 5 5 5 5 5 5 5 5 5 5 5 5 5 5 5 5 5 5 5 5 5 5 5 5 5 5 5 5 5 5 5 5 5 5 5 5 5 5 5 5 5 5 5 5 5 5 5 5 5 5 5 5 5 5 5 5 5 5 5 5 5 5 5 5 5 5 5 5 5 5 5 5 5 5 5 5 5 5 5 5 5 5 5 5 5 5 5 5 5 5 5 5 5 5 5 5 5 5 5 5 5 5 5 5 5 5 5 5 5 5 5 5 5 5 5 5 5 5 5 5 5 5 5 5 5 5 5 5 5 5 5 5 5 5 5 5 5 5 5 5 5 5 5 5 5 5 5 5 5 5 5 5 5 5 5 5 5 5 5 5 5 5 5 5 5 5 5 5 5 5 5 5 5 5 5 5 5 5 5 5 5 5 5 5 5 5 5 5 5 5 5 5 5 5 5 5 5 5 5 5 5 5 5 5 5 5 5 5 5 5 5 5 5 5 5 5 5 5 5 5 5 5 5 5 5 5 5 5 5 5 5 5 5 5 5 5 5 5 5 5 5 5 5 5 5 5 5 5 5 5 5 5 5 5 5 5 5 5 5 5 5 5 5 5 5 5 5 5 5 5 5 5 5 5 5 5 5 5 5 5 5 5 5 5 5 5
[spec] head built. mem 118.9/122.8 GiB
[decode] PREFILL: 675 positions in 10779.9 ms = 62.6 tok/s (15.970 ms/tok)
[capture] wrote /home/patrickd/s5-capture/s3recap/c1/cap/shard_p01_s000675.dspc  675 tok x (3 taps + 1 lm_in) x 4096 = 21.1 MB (32.0 KB/tok)
[probe] wrote 16 draft probes (block=5) to /home/patrickd/s5-capture/s3recap/c1/cap/drafts_p01_s000675.txt
[spec] decoding 8 tokens (block=5, draft passes=1, adaptK=1.50, prompt=1 s=676)...
[arena] first draft: draft footprint 211.44 MB, global hwm 524.77 MB / cap 4108.00 MB (12.8%), draft path = ARENA
  [margins] 14.81 14.09 2.22 1.82 8.28  K=6
  verify 1: accepted 5/5 (K=6) + correction -> +6 tokens (180.5 ms)  cpos=681
  [margins] 11.18 11.59 2.86 2.72 3.92  K=6
  verify 2: accepted 4/5 (K=6) + correction -> +5 tokens (168.9 ms)  cpos=686

[spec] generated 11 tokens over 2 verifies: mean tokens/verify = 5.50 (block=5, max 6)
[spec] tokens: 260 4654 3317 17089 14 122674 102978 418 27349 305 6103
[spec] SPEC-DECODE: 33.8 ms/tok = 29.60 tok/s  (vs base M=1 68.8 ms/tok = 14.53 tok/s -> 2.04x)
[decode] PREFILL: 593 positions in 9444.9 ms = 62.8 tok/s (15.927 ms/tok)
[capture] wrote /home/patrickd/s5-capture/s3recap/c1/cap/shard_p02_s000593.dspc  593 tok x (3 taps + 1 lm_in) x 4096 = 18.5 MB (32.0 KB/tok)
[probe] wrote 16 draft probes (block=5) to /home/patrickd/s5-capture/s3recap/c1/cap/drafts_p02_s000593.txt
[spec] decoding 8 tokens (block=5, draft passes=1, adaptK=1.50, prompt=2 s=594)...
  [margins] 14.69 13.20 11.80 13.99 14.76  K=6
  verify 1: accepted 5/5 (K=6) + correction -> +6 tokens (168.8 ms)  cpos=599
  [margins] 16.49 12.80 12.85 11.95 11.69  K=6
  verify 2: accepted 5/5 (K=6) + correction -> +6 tokens (170.7 ms)  cpos=605

[spec] generated 12 tokens over 2 verifies: mean tokens/verify = 6.00 (block=5, max 6)
[spec] tokens: 10499 28 223 19 88 10499 28 223 19 88 10499 28
[spec] SPEC-DECODE: 28.5 ms/tok = 35.14 tok/s  (vs base M=1 68.8 ms/tok = 14.53 tok/s -> 2.42x)
[decode] PREFILL: 984 positions in 15795.1 ms = 62.3 tok/s (16.052 ms/tok)
[capture] wrote /home/patrickd/s5-capture/s3recap/c1/cap/shard_p03_s000984.dspc  984 tok x (3 taps + 1 lm_in) x 4096 = 30.8 MB (32.0 KB/tok)
[probe] wrote 16 draft probes (block=5) to /home/patrickd/s5-capture/s3recap/c1/cap/drafts_p03_s000984.txt
[spec] decoding 8 tokens (block=5, draft passes=1, adaptK=1.50, prompt=3 s=985)...
  [margins] 14.15 11.20 13.46 11.41 13.03  K=6
  verify 1: accepted 5/5 (K=6) + correction -> +6 tokens (174.6 ms)  cpos=990
  [margins] 17.57 11.12 12.35 12.13 9.11  K=6
  verify 2: accepted 5/5 (K=6) + correction -> +6 tokens (172.0 ms)  cpos=996

[spec] generated 12 tokens over 2 verifies: mean tokens/verify = 6.00 (block=5, max 6)
[spec] tokens: 4165 287 1766 16 4165 287 1766 16 4165 287 1766 16
[spec] SPEC-DECODE: 28.7 ms/tok = 34.87 tok/s  (vs base M=1 68.8 ms/tok = 14.53 tok/s -> 2.40x)
[decode] PREFILL: 672 positions in 10702.3 ms = 62.8 tok/s (15.926 ms/tok)
[capture] wrote /home/patrickd/s5-capture/s3recap/c1/cap/shard_p04_s000672.dspc  672 tok x (3 taps + 1 lm_in) x 4096 = 21.0 MB (32.0 KB/tok)
[probe] wrote 16 draft probes (block=5) to /home/patrickd/s5-capture/s3recap/c1/cap/drafts_p04_s000672.txt
[spec] decoding 8 tokens (block=5, draft passes=1, adaptK=1.50, prompt=4 s=673)...
  [margins] 3.15 4.62 9.25 6.76 3.06  K=6
  verify 1: accepted 4/5 (K=6) + correction -> +5 tokens (171.1 ms)  cpos=677
  [margins] 5.88 4.95 0.50 0.66 4.98  K=3
  verify 2: accepted 1/2 (K=3) + correction -> +2 tokens (120.7 ms)  cpos=679
  [margins] 2.81 4.45 0.26 5.63 0.20  K=3
  verify 3: accepted 2/2 (K=3) + correction -> +3 tokens (123.1 ms)  cpos=682

[spec] generated 10 tokens over 3 verifies: mean tokens/verify = 3.33 (block=5, max 6)
[spec] tokens: 5367 666 21 16 14689 15496 65488 5866 15 2619
[spec] SPEC-DECODE: 48.8 ms/tok = 20.50 tok/s  (vs base M=1 68.8 ms/tok = 14.53 tok/s -> 1.41x)
[decode] PREFILL: 675 positions in 10766.7 ms = 62.7 tok/s (15.951 ms/tok)
[capture] wrote /home/patrickd/s5-capture/s3recap/c1/cap/shard_p05_s000675.dspc  675 tok x (3 taps + 1 lm_in) x 4096 = 21.1 MB (32.0 KB/tok)
[probe] wrote 16 draft probes (block=5) to /home/patrickd/s5-capture/s3recap/c1/cap/drafts_p05_s000675.txt
[spec] decoding 8 tokens (block=5, draft passes=1, adaptK=1.50, prompt=5 s=676)...
  [margins] 12.72 12.89 9.17 11.33 5.80  K=6
  verify 1: accepted 5/5 (K=6) + correction -> +6 tokens (178.9 ms)  cpos=681
  [margins] 14.62 13.28 12.14 10.32 10.30  K=6
  verify 2: accepted 5/5 (K=6) + correction -> +6 tokens (170.6 ms)  cpos=687

[spec] generated 12 tokens over 2 verifies: mean tokens/verify = 6.00 (block=5, max 6)
[spec] tokens: 294 4682 5403 24197 201 15 223 19 17 22 24437 294
[spec] SPEC-DECODE: 28.4 ms/tok = 35.18 tok/s  (vs base M=1 68.8 ms/tok = 14.53 tok/s -> 2.42x)
[decode] PREFILL: 1257 positions in 20332.5 ms = 61.8 tok/s (16.175 ms/tok)
[capture] wrote /home/patrickd/s5-capture/s3recap/c1/cap/shard_p06_s001257.dspc  1257 tok x (3 taps + 1 lm_in) x 4096 = 39.3 MB (32.0 KB/tok)
[probe] wrote 16 draft probes (block=5) to /home/patrickd/s5-capture/s3recap/c1/cap/drafts_p06_s001257.txt
[spec] decoding 8 tokens (block=5, draft passes=1, adaptK=1.50, prompt=6 s=1258)...
  [margins] 12.82 9.54 13.64 9.42 14.61  K=6
  verify 1: accepted 5/5 (K=6) + correction -> +6 tokens (172.4 ms)  cpos=1263
  [margins] 12.89 10.78 15.81 10.38 15.51  K=6
  verify 2: accepted 5/5 (K=6) + correction -> +6 tokens (169.5 ms)  cpos=1269

[spec] generated 12 tokens over 2 verifies: mean tokens/verify = 6.00 (block=5, max 6)
[spec] tokens: 61561 16 61561 16 61561 16 61561 16 61561 16 61561 16
[spec] SPEC-DECODE: 28.3 ms/tok = 35.39 tok/s  (vs base M=1 68.8 ms/tok = 14.53 tok/s -> 2.43x)
[decode] PREFILL: 673 positions in 10880.6 ms = 61.9 tok/s (16.167 ms/tok)
[capture] wrote /home/patrickd/s5-capture/s3recap/c1/cap/shard_p07_s000673.dspc  673 tok x (3 taps + 1 lm_in) x 4096 = 21.0 MB (32.0 KB/tok)
[probe] wrote 16 draft probes (block=5) to /home/patrickd/s5-capture/s3recap/c1/cap/drafts_p07_s000673.txt
[spec] decoding 8 tokens (block=5, draft passes=1, adaptK=1.50, prompt=7 s=674)...
  [margins] 2.45 0.82 0.84 0.05 0.84  K=2
  verify 1: accepted 1/1 (K=2) + correction -> +2 tokens (108.9 ms)  cpos=675
  [margins] 2.74 4.75 2.94 0.42 5.92  K=4
  verify 2: accepted 0/3 (K=4) + correction -> +1 tokens (137.8 ms)  cpos=676
  [margins] 1.06 5.96 1.39 1.72 2.81  K=3
  verify 3: accepted 0/2 (K=3) + correction -> +1 tokens (120.4 ms)  cpos=677
  [margins] 1.31 2.61 0.33 0.49 6.62  K=3
  verify 4: accepted 2/2 (K=3) + correction -> +3 tokens (121.7 ms)  cpos=680
  [margins] 2.05 0.26 1.78 0.42 0.31  K=2
  verify 5: accepted 1/1 (K=2) + correction -> +2 tokens (108.0 ms)  cpos=682

[spec] generated 9 tokens over 5 verifies: mean tokens/verify = 1.80 (block=5, max 6)
[spec] tokens: 8911 19643 18586 334 223 939 21 2286 513
[spec] SPEC-DECODE: 69.7 ms/tok = 14.35 tok/s  (vs base M=1 68.8 ms/tok = 14.53 tok/s -> 0.99x)
[decode] PREFILL: 535 positions in 8640.2 ms = 61.9 tok/s (16.150 ms/tok)
[capture] wrote /home/patrickd/s5-capture/s3recap/c1/cap/shard_p08_s000535.dspc  535 tok x (3 taps + 1 lm_in) x 4096 = 16.7 MB (32.0 KB/tok)
[probe] wrote 16 draft probes (block=5) to /home/patrickd/s5-capture/s3recap/c1/cap/drafts_p08_s000535.txt
[spec] decoding 8 tokens (block=5, draft passes=1, adaptK=1.50, prompt=8 s=536)...
  [margins] 17.16 12.79 16.60 12.44 15.28  K=6
  verify 1: accepted 5/5 (K=6) + correction -> +6 tokens (172.9 ms)  cpos=541
  [margins] 17.25 12.44 15.81 11.99 14.84  K=6
  verify 2: accepted 5/5 (K=6) + correction -> +6 tokens (159.6 ms)  cpos=547

[spec] generated 12 tokens over 2 verifies: mean tokens/verify = 6.00 (block=5, max 6)
[spec] tokens: 3541 16 3541 16 3541 16 3541 16 3541 16 3541 16
[spec] SPEC-DECODE: 26.6 ms/tok = 37.59 tok/s  (vs base M=1 68.8 ms/tok = 14.53 tok/s -> 2.59x)
[decode] PREFILL: 608 positions in 9749.0 ms = 62.4 tok/s (16.035 ms/tok)
[capture] wrote /home/patrickd/s5-capture/s3recap/c1/cap/shard_p09_s000608.dspc  608 tok x (3 taps + 1 lm_in) x 4096 = 19.0 MB (32.0 KB/tok)
[probe] wrote 16 draft probes (block=5) to /home/patrickd/s5-capture/s3recap/c1/cap/drafts_p09_s000608.txt
[spec] decoding 8 tokens (block=5, draft passes=1, adaptK=1.50, prompt=9 s=609)...
  [margins] 13.63 11.85 13.36 11.29 11.22  K=6
  verify 1: accepted 5/5 (K=6) + correction -> +6 tokens (171.6 ms)  cpos=614
  [margins] 17.60 17.17 13.82 10.92 8.32  K=6
  verify 2: accepted 5/5 (K=6) + correction -> +6 tokens (175.0 ms)  cpos=620

[spec] generated 12 tokens over 2 verifies: mean tokens/verify = 6.00 (block=5, max 6)
[spec] tokens: 14 1320 1492 223 20 438 223 10862 14 3712 5080 13525
[spec] SPEC-DECODE: 29.2 ms/tok = 34.28 tok/s  (vs base M=1 68.8 ms/tok = 14.53 tok/s -> 2.36x)
[decode] PREFILL: 524 positions in 8330.4 ms = 62.9 tok/s (15.898 ms/tok)
[capture] wrote /home/patrickd/s5-capture/s3recap/c1/cap/shard_p10_s000524.dspc  524 tok x (3 taps + 1 lm_in) x 4096 = 16.4 MB (32.0 KB/tok)
[probe] wrote 16 draft probes (block=5) to /home/patrickd/s5-capture/s3recap/c1/cap/drafts_p10_s000524.txt
[spec] decoding 8 tokens (block=5, draft passes=1, adaptK=1.50, prompt=10 s=525)...
  [margins] 6.78 2.04 1.73 5.01 0.13  K=5
  verify 1: accepted 1/4 (K=5) + correction -> +2 tokens (149.9 ms)  cpos=526
  [margins] 3.16 7.19 0.59 1.82 0.16  K=3
  verify 2: accepted 2/2 (K=3) + correction -> +3 tokens (125.6 ms)  cpos=529
  [margins] 5.41 4.79 0.07 0.43 0.98  K=3
  verify 3: accepted 2/2 (K=3) + correction -> +3 tokens (119.7 ms)  cpos=532

[spec] generated 8 tokens over 3 verifies: mean tokens/verify = 2.67 (block=5, max 6)
[spec] tokens: 305 10397 27090 16 5592 477 1093 2455
[spec] SPEC-DECODE: 40.9 ms/tok = 24.45 tok/s  (vs base M=1 68.8 ms/tok = 14.53 tok/s -> 1.68x)
[decode] PREFILL: 629 positions in 10156.0 ms = 61.9 tok/s (16.146 ms/tok)
[capture] wrote /home/patrickd/s5-capture/s3recap/c1/cap/shard_p11_s000629.dspc  629 tok x (3 taps + 1 lm_in) x 4096 = 19.7 MB (32.0 KB/tok)
[probe] wrote 16 draft probes (block=5) to /home/patrickd/s5-capture/s3recap/c1/cap/drafts_p11_s000629.txt
[spec] decoding 8 tokens (block=5, draft passes=1, adaptK=1.50, prompt=11 s=630)...
  [margins] 13.60 13.22 11.80 17.15 11.74  K=6
  verify 1: accepted 5/5 (K=6) + correction -> +6 tokens (171.3 ms)  cpos=635
  [margins] 15.16 9.32 13.04 15.12 8.91  K=6
  verify 2: accepted 5/5 (K=6) + correction -> +6 tokens (191.5 ms)  cpos=641

[spec] generated 12 tokens over 2 verifies: mean tokens/verify = 6.00 (block=5, max 6)
[spec] tokens: 14 2090 1664 42544 304 7561 798 16 15315 260 2405 2173
[spec] SPEC-DECODE: 31.9 ms/tok = 31.33 tok/s  (vs base M=1 68.8 ms/tok = 14.53 tok/s -> 2.16x)
[decode] PREFILL: 533 positions in 8592.4 ms = 62.0 tok/s (16.121 ms/tok)
[capture] wrote /home/patrickd/s5-capture/s3recap/c1/cap/shard_p12_s000533.dspc  533 tok x (3 taps + 1 lm_in) x 4096 = 16.7 MB (32.0 KB/tok)
[probe] wrote 16 draft probes (block=5) to /home/patrickd/s5-capture/s3recap/c1/cap/drafts_p12_s000533.txt
[spec] decoding 8 tokens (block=5, draft passes=1, adaptK=1.50, prompt=12 s=534)...
  [margins] 7.59 13.17 10.32 13.39 13.08  K=6
  verify 1: accepted 5/5 (K=6) + correction -> +6 tokens (167.1 ms)  cpos=539
  [margins] 6.78 12.42 10.29 13.53 10.38  K=6
  verify 2: accepted 5/5 (K=6) + correction -> +6 tokens (173.3 ms)  cpos=545

[spec] generated 12 tokens over 2 verifies: mean tokens/verify = 6.00 (block=5, max 6)
[spec] tokens: 16 43732 16 43732 46223 119629 16 43732 16 43732 46223 119629
[spec] SPEC-DECODE: 28.9 ms/tok = 34.62 tok/s  (vs base M=1 68.8 ms/tok = 14.53 tok/s -> 2.38x)
[decode] PREFILL: 524 positions in 8471.1 ms = 61.9 tok/s (16.166 ms/tok)
[capture] wrote /home/patrickd/s5-capture/s3recap/c1/cap/shard_p13_s000524.dspc  524 tok x (3 taps + 1 lm_in) x 4096 = 16.4 MB (32.0 KB/tok)
[probe] wrote 16 draft probes (block=5) to /home/patrickd/s5-capture/s3recap/c1/cap/drafts_p13_s000524.txt
[spec] decoding 8 tokens (block=5, draft passes=1, adaptK=1.50, prompt=13 s=525)...
  [margins] 1.40 0.58 2.82 0.42 2.14  K=2
  verify 1: accepted 1/1 (K=2) + correction -> +2 tokens (106.1 ms)  cpos=526
  [margins] 4.36 0.89 1.79 1.11 0.72  K=2
  verify 2: accepted 1/1 (K=2) + correction -> +2 tokens (106.4 ms)  cpos=528
  [margins] 0.21 3.02 0.02 3.61 0.80  K=3
  verify 3: accepted 1/2 (K=3) + correction -> +2 tokens (117.1 ms)  cpos=530
  [margins] 2.32 1.69 0.50 0.13 0.92  K=3
  verify 4: accepted 0/2 (K=3) + correction -> +1 tokens (122.4 ms)  cpos=531
  [margins] 0.31 0.57 0.25 0.43 0.43  K=2
  verify 5: accepted 0/1 (K=2) + correction -> +1 tokens (107.0 ms)  cpos=532

[spec] generated 8 tokens over 5 verifies: mean tokens/verify = 1.60 (block=5, max 6)
[spec] tokens: 14 2279 2407 5392 305 4190 14 5665
[spec] SPEC-DECODE: 75.5 ms/tok = 13.25 tok/s  (vs base M=1 68.8 ms/tok = 14.53 tok/s -> 0.91x)
[decode] PREFILL: 672 positions in 10967.0 ms = 61.3 tok/s (16.320 ms/tok)
[capture] wrote /home/patrickd/s5-capture/s3recap/c1/cap/shard_p14_s000672.dspc  672 tok x (3 taps + 1 lm_in) x 4096 = 21.0 MB (32.0 KB/tok)
[probe] wrote 16 draft probes (block=5) to /home/patrickd/s5-capture/s3recap/c1/cap/drafts_p14_s000672.txt
[spec] decoding 8 tokens (block=5, draft passes=1, adaptK=1.50, prompt=14 s=673)...
  [margins] 1.47 0.33 4.69 0.15 0.85  K=2
  verify 1: accepted 1/1 (K=2) + correction -> +2 tokens (112.1 ms)  cpos=674
  [margins] 16.98 16.98 0.29 5.33 0.45  K=3
  verify 2: accepted 2/2 (K=3) + correction -> +3 tokens (127.9 ms)  cpos=677
  [margins] 0.93 6.05 5.30 3.38 3.51  K=6
  verify 3: accepted 0/5 (K=6) + correction -> +1 tokens (168.8 ms)  cpos=678
  [margins] 15.45 5.57 2.95 4.42 3.09  K=6
  verify 4: accepted 5/5 (K=6) + correction -> +6 tokens (174.1 ms)  cpos=684

[spec] generated 12 tokens over 4 verifies: mean tokens/verify = 3.00 (block=5, max 6)
[spec] tokens: 343 75 4987 1042 554 3504 304 11226 5610 754 270 5731
[spec] SPEC-DECODE: 47.1 ms/tok = 21.24 tok/s  (vs base M=1 68.8 ms/tok = 14.53 tok/s -> 1.46x)
[decode] PREFILL: 597 positions in 9804.0 ms = 60.9 tok/s (16.422 ms/tok)
[capture] wrote /home/patrickd/s5-capture/s3recap/c1/cap/shard_p15_s000597.dspc  597 tok x (3 taps + 1 lm_in) x 4096 = 18.7 MB (32.0 KB/tok)
[probe] wrote 16 draft probes (block=5) to /home/patrickd/s5-capture/s3recap/c1/cap/drafts_p15_s000597.txt
[spec] decoding 8 tokens (block=5, draft passes=1, adaptK=1.50, prompt=15 s=598)...
  [margins] 14.93 15.42 7.95 9.82 5.99  K=6
  verify 1: accepted 5/5 (K=6) + correction -> +6 tokens (170.4 ms)  cpos=603
  [margins] 20.69 12.48 16.99 15.17 14.57  K=6
  verify 2: accepted 5/5 (K=6) + correction -> +6 tokens (185.4 ms)  cpos=609

[spec] generated 12 tokens over 2 verifies: mean tokens/verify = 6.00 (block=5, max 6)
[spec] tokens: 331 1200 16 698 29 270 4105 759 1354 223 4980 16
[spec] SPEC-DECODE: 30.9 ms/tok = 32.36 tok/s  (vs base M=1 68.8 ms/tok = 14.53 tok/s -> 2.23x)
[decode] PREFILL: 605 positions in 9999.4 ms = 60.5 tok/s (16.528 ms/tok)
[capture] wrote /home/patrickd/s5-capture/s3recap/c1/cap/shard_p16_s000605.dspc  605 tok x (3 taps + 1 lm_in) x 4096 = 18.9 MB (32.0 KB/tok)
[probe] wrote 16 draft probes (block=5) to /home/patrickd/s5-capture/s3recap/c1/cap/drafts_p16_s000605.txt
[spec] decoding 8 tokens (block=5, draft passes=1, adaptK=1.50, prompt=16 s=606)...
  [margins] 0.44 2.88 0.16 0.29 2.42  K=3
  verify 1: accepted 0/2 (K=3) + correction -> +1 tokens (128.4 ms)  cpos=606
  [margins] 2.87 0.49 6.61 6.55 5.35  K=2
  verify 2: accepted 1/1 (K=2) + correction -> +2 tokens (111.6 ms)  cpos=608
  [margins] 0.52 6.22 9.16 4.90 8.12  K=6
  verify 3: accepted 0/5 (K=6) + correction -> +1 tokens (176.8 ms)  cpos=609
  [margins] 15.67 6.91 9.72 7.67 7.97  K=6
  verify 4: accepted 5/5 (K=6) + correction -> +6 tokens (171.5 ms)  cpos=615

[spec] generated 10 tokens over 4 verifies: mean tokens/verify = 2.50 (block=5, max 6)
[spec] tokens: 1951 344 554 21778 32268 16 342 759 2501 396
[spec] SPEC-DECODE: 51.1 ms/tok = 19.57 tok/s  (vs base M=1 68.8 ms/tok = 14.53 tok/s -> 1.35x)
[decode] PREFILL: 672 positions in 11097.1 ms = 60.6 tok/s (16.514 ms/tok)
[capture] wrote /home/patrickd/s5-capture/s3recap/c1/cap/shard_p17_s000672.dspc  672 tok x (3 taps + 1 lm_in) x 4096 = 21.0 MB (32.0 KB/tok)
[probe] wrote 16 draft probes (block=5) to /home/patrickd/s5-capture/s3recap/c1/cap/drafts_p17_s000672.txt
[spec] decoding 8 tokens (block=5, draft passes=1, adaptK=1.50, prompt=17 s=673)...
  [margins] 0.37 2.09 0.38 0.54 0.18  K=3
  verify 1: accepted 0/2 (K=3) + correction -> +1 tokens (124.9 ms)  cpos=673
  [margins] 1.33 0.42 0.69 0.35 1.94  K=2
  verify 2: accepted 0/1 (K=2) + correction -> +1 tokens (108.9 ms)  cpos=674
  [margins] 1.66 2.68 0.05 2.42 1.66  K=3
  verify 3: accepted 0/2 (K=3) + correction -> +1 tokens (126.6 ms)  cpos=675
  [margins] 6.38 1.34 3.44 2.11 0.18  K=2
  verify 4: accepted 1/1 (K=2) + correction -> +2 tokens (111.9 ms)  cpos=677
  [margins] 0.39 2.91 1.08 0.47 1.02  K=3
  verify 5: accepted 2/2 (K=3) + correction -> +3 tokens (122.2 ms)  cpos=680

[spec] generated 8 tokens over 5 verifies: mean tokens/verify = 1.60 (block=5, max 6)
[spec] tokens: 45987 305 18658 14 418 3628 995 2572
[spec] SPEC-DECODE: 67.1 ms/tok = 14.91 tok/s  (vs base M=1 68.8 ms/tok = 14.53 tok/s -> 1.03x)
[decode] PREFILL: 524 positions in 8613.8 ms = 60.8 tok/s (16.439 ms/tok)
[capture] wrote /home/patrickd/s5-capture/s3recap/c1/cap/shard_p18_s000524.dspc  524 tok x (3 taps + 1 lm_in) x 4096 = 16.4 MB (32.0 KB/tok)
[probe] wrote 16 draft probes (block=5) to /home/patrickd/s5-capture/s3recap/c1/cap/drafts_p18_s000524.txt
[spec] decoding 8 tokens (block=5, draft passes=1, adaptK=1.50, prompt=18 s=525)...
  [margins] 4.86 2.99 7.12 4.54 3.36  K=6
  verify 1: accepted 5/5 (K=6) + correction -> +6 tokens (170.7 ms)  cpos=530
  [margins] 3.94 8.61 4.49 7.17 2.40  K=6
  verify 2: accepted 5/5 (K=6) + correction -> +6 tokens (178.0 ms)  cpos=536

[spec] generated 12 tokens over 2 verifies: mean tokens/verify = 6.00 (block=5, max 6)
[spec] tokens: 377 1132 2310 344 582 671 60707 3063 4 343 792 27
[spec] SPEC-DECODE: 29.7 ms/tok = 33.70 tok/s  (vs base M=1 68.8 ms/tok = 14.53 tok/s -> 2.32x)
[decode] PREFILL: 533 positions in 8740.5 ms = 61.0 tok/s (16.399 ms/tok)
[capture] wrote /home/patrickd/s5-capture/s3recap/c1/cap/shard_p19_s000533.dspc  533 tok x (3 taps + 1 lm_in) x 4096 = 16.7 MB (32.0 KB/tok)
[probe] wrote 16 draft probes (block=5) to /home/patrickd/s5-capture/s3recap/c1/cap/drafts_p19_s000533.txt
[spec] decoding 8 tokens (block=5, draft passes=1, adaptK=1.50, prompt=19 s=534)...
  [margins] 13.97 11.39 13.41 2.79 5.63  K=6
  verify 1: accepted 3/5 (K=6) + correction -> +4 tokens (165.8 ms)  cpos=537
  [margins] 14.00 9.84 13.06 5.30 5.17  K=6
  verify 2: accepted 3/5 (K=6) + correction -> +4 tokens (166.4 ms)  cpos=541

[spec] generated 8 tokens over 2 verifies: mean tokens/verify = 4.00 (block=5, max 6)
[spec] tokens: 3749 11 3749 11 3749 11 3749 11
[spec] SPEC-DECODE: 41.6 ms/tok = 24.03 tok/s  (vs base M=1 68.8 ms/tok = 14.53 tok/s -> 1.65x)
[decode] PREFILL: 609 positions in 9980.4 ms = 61.0 tok/s (16.388 ms/tok)
[capture] wrote /home/patrickd/s5-capture/s3recap/c1/cap/shard_p20_s000609.dspc  609 tok x (3 taps + 1 lm_in) x 4096 = 19.0 MB (32.0 KB/tok)
[probe] wrote 16 draft probes (block=5) to /home/patrickd/s5-capture/s3recap/c1/cap/drafts_p20_s000609.txt
[spec] decoding 8 tokens (block=5, draft passes=1, adaptK=1.50, prompt=20 s=610)...
  [margins] 10.40 7.56 1.98 8.62 0.07  K=5
  verify 1: accepted 4/4 (K=5) + correction -> +5 tokens (153.3 ms)  cpos=614
  [margins] 2.31 7.91 5.22 5.14 1.61  K=6
  verify 2: accepted 5/5 (K=6) + correction -> +6 tokens (173.3 ms)  cpos=620

[spec] generated 11 tokens over 2 verifies: mean tokens/verify = 5.50 (block=5, max 6)
[spec] tokens: 538 33 17519 851 1687 223 736 565 223 21 438
[spec] SPEC-DECODE: 28.9 ms/tok = 34.63 tok/s  (vs base M=1 68.8 ms/tok = 14.53 tok/s -> 2.38x)
[decode] PREFILL: 622 positions in 10128.3 ms = 61.4 tok/s (16.283 ms/tok)
[capture] wrote /home/patrickd/s5-capture/s3recap/c1/cap/shard_p21_s000622.dspc  622 tok x (3 taps + 1 lm_in) x 4096 = 19.4 MB (32.0 KB/tok)
[probe] wrote 16 draft probes (block=5) to /home/patrickd/s5-capture/s3recap/c1/cap/drafts_p21_s000622.txt
[spec] decoding 8 tokens (block=5, draft passes=1, adaptK=1.50, prompt=21 s=623)...
  [margins] 10.94 12.97 10.90 8.03 10.94  K=6
  verify 1: accepted 5/5 (K=6) + correction -> +6 tokens (171.0 ms)  cpos=628
  [margins] 11.52 12.96 10.68 8.19 9.58  K=6
  verify 2: accepted 5/5 (K=6) + correction -> +6 tokens (163.6 ms)  cpos=634

[spec] generated 12 tokens over 2 verifies: mean tokens/verify = 6.00 (block=5, max 6)
[spec] tokens: 3749 4087 3287 3749 4087 3287 3749 4087 3287 3749 4087 3287
[spec] SPEC-DECODE: 27.3 ms/tok = 36.66 tok/s  (vs base M=1 68.8 ms/tok = 14.53 tok/s -> 2.52x)
[decode] PREFILL: 932 positions in 15250.3 ms = 61.1 tok/s (16.363 ms/tok)
[capture] wrote /home/patrickd/s5-capture/s3recap/c1/cap/shard_p22_s000932.dspc  932 tok x (3 taps + 1 lm_in) x 4096 = 29.1 MB (32.0 KB/tok)
[probe] wrote 16 draft probes (block=5) to /home/patrickd/s5-capture/s3recap/c1/cap/drafts_p22_s000932.txt
[spec] decoding 8 tokens (block=5, draft passes=1, adaptK=1.50, prompt=22 s=933)...
  [margins] 7.57 11.18 9.12 6.50 10.28  K=6
  verify 1: accepted 5/5 (K=6) + correction -> +6 tokens (170.2 ms)  cpos=938
  [margins] 8.21 11.61 10.09 7.02 11.72  K=6
  verify 2: accepted 5/5 (K=6) + correction -> +6 tokens (174.1 ms)  cpos=944

[spec] generated 12 tokens over 2 verifies: mean tokens/verify = 6.00 (block=5, max 6)
[spec] tokens: 16 11628 86 16 11628 86 16 11628 86 16 11628 86
[spec] SPEC-DECODE: 29.0 ms/tok = 34.47 tok/s  (vs base M=1 68.8 ms/tok = 14.53 tok/s -> 2.37x)
[decode] PREFILL: 529 positions in 8627.4 ms = 61.3 tok/s (16.309 ms/tok)
[capture] wrote /home/patrickd/s5-capture/s3recap/c1/cap/shard_p23_s000529.dspc  529 tok x (3 taps + 1 lm_in) x 4096 = 16.5 MB (32.0 KB/tok)
[probe] wrote 16 draft probes (block=5) to /home/patrickd/s5-capture/s3recap/c1/cap/drafts_p23_s000529.txt
[spec] decoding 8 tokens (block=5, draft passes=1, adaptK=1.50, prompt=23 s=530)...
  [margins] 0.08 1.95 6.05 3.33 0.28  K=5
  verify 1: accepted 0/4 (K=5) + correction -> +1 tokens (152.0 ms)  cpos=530
  [margins] 1.05 0.23 0.59 0.43 0.62  K=2
  verify 2: accepted 0/1 (K=2) + correction -> +1 tokens (108.0 ms)  cpos=531
  [margins] 0.37 0.64 3.84 3.70 0.37  K=2
  verify 3: accepted 0/1 (K=2) + correction -> +1 tokens (111.6 ms)  cpos=532
  [margins] 1.71 0.06 0.25 0.37 0.46  K=2
  verify 4: accepted 0/1 (K=2) + correction -> +1 tokens (106.8 ms)  cpos=533
  [margins] 0.03 6.53 3.00 0.75 2.26  K=4
  verify 5: accepted 0/3 (K=4) + correction -> +1 tokens (145.9 ms)  cpos=534
  [margins] 1.31 0.22 2.82 0.48 0.51  K=2
  verify 6: accepted 0/1 (K=2) + correction -> +1 tokens (112.7 ms)  cpos=535
  [margins] 0.01 6.75 3.37 0.56 1.87  K=4
  verify 7: accepted 0/3 (K=4) + correction -> +1 tokens (138.6 ms)  cpos=536
  [margins] 1.09 0.13 2.74 0.83 0.45  K=2
  verify 8: accepted 0/1 (K=2) + correction -> +1 tokens (107.2 ms)  cpos=537

[spec] generated 8 tokens over 8 verifies: mean tokens/verify = 1.00 (block=5, max 6)
[spec] tokens: 16 1 16 1 16 1 16 1
[spec] SPEC-DECODE: 118.7 ms/tok = 8.42 tok/s  (vs base M=1 68.8 ms/tok = 14.53 tok/s -> 0.58x)
[decode] PREFILL: 677 positions in 11079.5 ms = 61.1 tok/s (16.366 ms/tok)
[capture] wrote /home/patrickd/s5-capture/s3recap/c1/cap/shard_p24_s000677.dspc  677 tok x (3 taps + 1 lm_in) x 4096 = 21.2 MB (32.0 KB/tok)
[probe] wrote 16 draft probes (block=5) to /home/patrickd/s5-capture/s3recap/c1/cap/drafts_p24_s000677.txt
[spec] decoding 8 tokens (block=5, draft passes=1, adaptK=1.50, prompt=24 s=678)...
  [margins] 14.81 14.14 7.35 0.40 0.94  K=4
  verify 1: accepted 3/3 (K=4) + correction -> +4 tokens (144.3 ms)  cpos=681
  [margins] 11.55 12.02 15.71 6.80 5.42  K=6
  verify 2: accepted 5/5 (K=6) + correction -> +6 tokens (180.0 ms)  cpos=687

[spec] generated 10 tokens over 2 verifies: mean tokens/verify = 5.00 (block=5, max 6)
[spec] tokens: 515 29618 13058 1099 851 1494 5002 16 455 59262
[spec] SPEC-DECODE: 30.0 ms/tok = 33.34 tok/s  (vs base M=1 68.8 ms/tok = 14.53 tok/s -> 2.29x)
[decode] PREFILL: 1210 positions in 20060.2 ms = 60.3 tok/s (16.579 ms/tok)
[capture] wrote /home/patrickd/s5-capture/s3recap/c1/cap/shard_p25_s001210.dspc  1210 tok x (3 taps + 1 lm_in) x 4096 = 37.8 MB (32.0 KB/tok)
[probe] wrote 16 draft probes (block=5) to /home/patrickd/s5-capture/s3recap/c1/cap/drafts_p25_s001210.txt
[spec] decoding 8 tokens (block=5, draft passes=1, adaptK=1.50, prompt=25 s=1211)...
  [margins] 4.20 0.62 1.51 4.20 3.84  K=2
  verify 1: accepted 1/1 (K=2) + correction -> +2 tokens (117.5 ms)  cpos=1212
  [margins] 2.09 1.15 0.61 1.92 6.99  K=2
  verify 2: accepted 0/1 (K=2) + correction -> +1 tokens (113.7 ms)  cpos=1213
  [margins] 13.87 10.68 11.27 4.41 4.39  K=6
  verify 3: accepted 5/5 (K=6) + correction -> +6 tokens (173.3 ms)  cpos=1219

[spec] generated 9 tokens over 3 verifies: mean tokens/verify = 3.00 (block=5, max 6)
[spec] tokens: 16 1 3749 11 455 3287 344 28 565
[spec] SPEC-DECODE: 41.0 ms/tok = 24.39 tok/s  (vs base M=1 68.8 ms/tok = 14.53 tok/s -> 1.68x)
[decode] PREFILL: 533 positions in 8605.2 ms = 61.9 tok/s (16.145 ms/tok)
[capture] wrote /home/patrickd/s5-capture/s3recap/c1/cap/shard_p26_s000533.dspc  533 tok x (3 taps + 1 lm_in) x 4096 = 16.7 MB (32.0 KB/tok)
[probe] wrote 16 draft probes (block=5) to /home/patrickd/s5-capture/s3recap/c1/cap/drafts_p26_s000533.txt
[spec] decoding 8 tokens (block=5, draft passes=1, adaptK=1.50, prompt=26 s=534)...
  [margins] 17.97 11.03 14.66 12.81 12.44  K=6
  verify 1: accepted 5/5 (K=6) + correction -> +6 tokens (171.6 ms)  cpos=539
  [margins] 10.39 15.41 10.42 12.96 10.72  K=6
  verify 2: accepted 5/5 (K=6) + correction -> +6 tokens (175.3 ms)  cpos=545

[spec] generated 12 tokens over 2 verifies: mean tokens/verify = 6.00 (block=5, max 6)
[spec] tokens: 3287 344 582 36 1795 3305 455 3287 344 582 36 1795
[spec] SPEC-DECODE: 29.2 ms/tok = 34.24 tok/s  (vs base M=1 68.8 ms/tok = 14.53 tok/s -> 2.36x)
[decode] PREFILL: 618 positions in 10022.2 ms = 61.7 tok/s (16.217 ms/tok)
[capture] wrote /home/patrickd/s5-capture/s3recap/c1/cap/shard_p27_s000618.dspc  618 tok x (3 taps + 1 lm_in) x 4096 = 19.3 MB (32.0 KB/tok)
[probe] wrote 16 draft probes (block=5) to /home/patrickd/s5-capture/s3recap/c1/cap/drafts_p27_s000618.txt
[spec] decoding 8 tokens (block=5, draft passes=1, adaptK=1.50, prompt=27 s=619)...
  [margins] 13.49 9.74 11.81 14.23 7.39  K=6
  verify 1: accepted 5/5 (K=6) + correction -> +6 tokens (179.9 ms)  cpos=624
  [margins] 11.40 10.75 13.58 13.78 2.34  K=6
  verify 2: accepted 5/5 (K=6) + correction -> +6 tokens (169.3 ms)  cpos=630

[spec] generated 12 tokens over 2 verifies: mean tokens/verify = 6.00 (block=5, max 6)
[spec] tokens: 1354 270 37370 2019 16 4256 3465 344 7302 264 4214 10993
[spec] SPEC-DECODE: 28.2 ms/tok = 35.44 tok/s  (vs base M=1 68.8 ms/tok = 14.53 tok/s -> 2.44x)
[decode] PREFILL: 530 positions in 8538.0 ms = 62.1 tok/s (16.110 ms/tok)
[capture] wrote /home/patrickd/s5-capture/s3recap/c1/cap/shard_p28_s000530.dspc  530 tok x (3 taps + 1 lm_in) x 4096 = 16.6 MB (32.0 KB/tok)
[probe] wrote 16 draft probes (block=5) to /home/patrickd/s5-capture/s3recap/c1/cap/drafts_p28_s000530.txt
[spec] decoding 8 tokens (block=5, draft passes=1, adaptK=1.50, prompt=28 s=531)...
  [margins] 16.26 4.85 11.45 8.89 6.56  K=6
  verify 1: accepted 5/5 (K=6) + correction -> +6 tokens (174.0 ms)  cpos=536
  [margins] 14.92 16.65 9.45 8.92 10.03  K=6
  verify 2: accepted 5/5 (K=6) + correction -> +6 tokens (170.0 ms)  cpos=542

[spec] generated 12 tokens over 2 verifies: mean tokens/verify = 6.00 (block=5, max 6)
[spec] tokens: 19661 3139 34192 3374 29457 303 2369 7849 15227 15030 19661 3139
[spec] SPEC-DECODE: 28.3 ms/tok = 35.29 tok/s  (vs base M=1 68.8 ms/tok = 14.53 tok/s -> 2.43x)
[decode] PREFILL: 527 positions in 8401.3 ms = 62.7 tok/s (15.942 ms/tok)
[capture] wrote /home/patrickd/s5-capture/s3recap/c1/cap/shard_p29_s000527.dspc  527 tok x (3 taps + 1 lm_in) x 4096 = 16.5 MB (32.0 KB/tok)
[probe] wrote 16 draft probes (block=5) to /home/patrickd/s5-capture/s3recap/c1/cap/drafts_p29_s000527.txt
[spec] decoding 8 tokens (block=5, draft passes=1, adaptK=1.50, prompt=29 s=528)...
  [margins] 10.53 12.61 9.85 4.46 7.25  K=6
  verify 1: accepted 5/5 (K=6) + correction -> +6 tokens (175.5 ms)  cpos=533
  [margins] 13.05 12.57 6.25 12.08 5.70  K=6
  verify 2: accepted 5/5 (K=6) + correction -> +6 tokens (168.8 ms)  cpos=539

[spec] generated 12 tokens over 2 verifies: mean tokens/verify = 6.00 (block=5, max 6)
[spec] tokens: 1473 10659 14 270 1957 344 10526 22467 14 305 270 4824
[spec] SPEC-DECODE: 28.1 ms/tok = 35.54 tok/s  (vs base M=1 68.8 ms/tok = 14.53 tok/s -> 2.44x)
[decode] PREFILL: 924 positions in 14815.4 ms = 62.4 tok/s (16.034 ms/tok)
[capture] wrote /home/patrickd/s5-capture/s3recap/c1/cap/shard_p30_s000924.dspc  924 tok x (3 taps + 1 lm_in) x 4096 = 28.9 MB (32.0 KB/tok)
[probe] wrote 16 draft probes (block=5) to /home/patrickd/s5-capture/s3recap/c1/cap/drafts_p30_s000924.txt
[spec] decoding 8 tokens (block=5, draft passes=1, adaptK=1.50, prompt=30 s=925)...
  [margins] 12.58 14.46 18.37 15.84 13.53  K=6
  verify 1: accepted 5/5 (K=6) + correction -> +6 tokens (176.6 ms)  cpos=930
  [margins] 17.30 13.47 16.05 11.37 11.43  K=6
  verify 2: accepted 5/5 (K=6) + correction -> +6 tokens (178.0 ms)  cpos=936

[spec] generated 12 tokens over 2 verifies: mean tokens/verify = 6.00 (block=5, max 6)
[spec] tokens: 4457 17281 611 936 260 26698 3683 377 270 65838 5056 305
[spec] SPEC-DECODE: 29.7 ms/tok = 33.70 tok/s  (vs base M=1 68.8 ms/tok = 14.53 tok/s -> 2.32x)
[decode] PREFILL: 550 positions in 8741.1 ms = 62.9 tok/s (15.893 ms/tok)
[capture] wrote /home/patrickd/s5-capture/s3recap/c1/cap/shard_p31_s000550.dspc  550 tok x (3 taps + 1 lm_in) x 4096 = 17.2 MB (32.0 KB/tok)
[probe] wrote 16 draft probes (block=5) to /home/patrickd/s5-capture/s3recap/c1/cap/drafts_p31_s000550.txt
[spec] decoding 8 tokens (block=5, draft passes=1, adaptK=1.50, prompt=31 s=551)...
  [margins] 1.06 0.14 0.54 1.01 1.02  K=2
  verify 1: accepted 0/1 (K=2) + correction -> +1 tokens (110.6 ms)  cpos=551
  [margins] 5.33 3.63 1.78 1.60 3.44  K=6
  verify 2: accepted 1/5 (K=6) + correction -> +2 tokens (167.7 ms)  cpos=553
  [margins] 1.09 5.20 0.76 2.18 1.02  K=3
  verify 3: accepted 0/2 (K=3) + correction -> +1 tokens (121.6 ms)  cpos=554
  [margins] 3.07 1.56 0.27 0.41 0.76  K=3
  verify 4: accepted 2/2 (K=3) + correction -> +3 tokens (122.0 ms)  cpos=557
  [margins] 1.11 0.17 0.40 1.52 3.03  K=2
  verify 5: accepted 0/1 (K=2) + correction -> +1 tokens (102.7 ms)  cpos=558

[spec] generated 8 tokens over 5 verifies: mean tokens/verify = 1.60 (block=5, max 6)
[spec] tokens: 5604 304 40075 764 7778 2655 31836 550
[spec] SPEC-DECODE: 73.4 ms/tok = 13.62 tok/s  (vs base M=1 68.8 ms/tok = 14.53 tok/s -> 0.94x)
[decode] PREFILL: 653 positions in 10399.3 ms = 62.8 tok/s (15.925 ms/tok)
[capture] wrote /home/patrickd/s5-capture/s3recap/c1/cap/shard_p32_s000653.dspc  653 tok x (3 taps + 1 lm_in) x 4096 = 20.4 MB (32.0 KB/tok)
[probe] wrote 16 draft probes (block=5) to /home/patrickd/s5-capture/s3recap/c1/cap/drafts_p32_s000653.txt
[spec] decoding 8 tokens (block=5, draft passes=1, adaptK=1.50, prompt=32 s=654)...
  [margins] 2.38 1.28 0.73 1.74 3.49  K=2
  verify 1: accepted 1/1 (K=2) + correction -> +2 tokens (108.3 ms)  cpos=655
  [margins] 6.36 3.73 4.64 0.01 0.72  K=4
  verify 2: accepted 3/3 (K=4) + correction -> +4 tokens (134.0 ms)  cpos=659
  [margins] 3.99 4.94 6.51 6.03 8.27  K=6
  verify 3: accepted 5/5 (K=6) + correction -> +6 tokens (177.3 ms)  cpos=665

[spec] generated 12 tokens over 3 verifies: mean tokens/verify = 4.00 (block=5, max 6)
[spec] tokens: 8156 396 769 1047 2448 2918 270 223 511 463 6683 16
[spec] SPEC-DECODE: 31.1 ms/tok = 32.13 tok/s  (vs base M=1 68.8 ms/tok = 14.53 tok/s -> 2.21x)
[decode] PREFILL: 659 positions in 10511.6 ms = 62.7 tok/s (15.951 ms/tok)
[capture] wrote /home/patrickd/s5-capture/s3recap/c1/cap/shard_p33_s000659.dspc  659 tok x (3 taps + 1 lm_in) x 4096 = 20.6 MB (32.0 KB/tok)
[probe] wrote 16 draft probes (block=5) to /home/patrickd/s5-capture/s3recap/c1/cap/drafts_p33_s000659.txt
[spec] decoding 8 tokens (block=5, draft passes=1, adaptK=1.50, prompt=33 s=660)...
  [margins] 13.28 5.46 7.98 7.69 3.58  K=6
  verify 1: accepted 5/5 (K=6) + correction -> +6 tokens (176.0 ms)  cpos=665
  [margins] 9.30 8.02 5.69 4.24 5.06  K=6
  verify 2: accepted 5/5 (K=6) + correction -> +6 tokens (166.4 ms)  cpos=671

[spec] generated 12 tokens over 2 verifies: mean tokens/verify = 6.00 (block=5, max 6)
[spec] tokens: 611 603 6756 28 1999 344 270 2430 64996 294 270 109938
[spec] SPEC-DECODE: 27.7 ms/tok = 36.05 tok/s  (vs base M=1 68.8 ms/tok = 14.53 tok/s -> 2.48x)
[decode] PREFILL: 535 positions in 8486.6 ms = 63.0 tok/s (15.863 ms/tok)
[capture] wrote /home/patrickd/s5-capture/s3recap/c1/cap/shard_p34_s000535.dspc  535 tok x (3 taps + 1 lm_in) x 4096 = 16.7 MB (32.0 KB/tok)
[probe] wrote 16 draft probes (block=5) to /home/patrickd/s5-capture/s3recap/c1/cap/drafts_p34_s000535.txt
[spec] decoding 8 tokens (block=5, draft passes=1, adaptK=1.50, prompt=34 s=536)...
  [margins] 13.22 16.89 16.06 11.85 8.41  K=6
  verify 1: accepted 5/5 (K=6) + correction -> +6 tokens (172.8 ms)  cpos=541
  [margins] 3.47 4.24 6.49 5.31 7.79  K=6
  verify 2: accepted 0/5 (K=6) + correction -> +1 tokens (167.0 ms)  cpos=542
  [margins] 14.79 15.29 14.16 15.44 14.72  K=6
  verify 3: accepted 5/5 (K=6) + correction -> +6 tokens (171.1 ms)  cpos=548

[spec] generated 13 tokens over 3 verifies: mean tokens/verify = 4.33 (block=5, max 6)
[spec] tokens: 78 50899 2292 65 6528 1 28 1351 304 4731 100695 78392 3982
[spec] SPEC-DECODE: 48.3 ms/tok = 20.71 tok/s  (vs base M=1 68.8 ms/tok = 14.53 tok/s -> 1.42x)
[decode] PREFILL: 675 positions in 10765.3 ms = 62.7 tok/s (15.949 ms/tok)
[capture] wrote /home/patrickd/s5-capture/s3recap/c1/cap/shard_p35_s000675.dspc  675 tok x (3 taps + 1 lm_in) x 4096 = 21.1 MB (32.0 KB/tok)
[probe] wrote 16 draft probes (block=5) to /home/patrickd/s5-capture/s3recap/c1/cap/drafts_p35_s000675.txt
[spec] decoding 8 tokens (block=5, draft passes=1, adaptK=1.50, prompt=35 s=676)...
  [margins] 15.82 1.69 1.25 0.23 2.69  K=3
  verify 1: accepted 1/2 (K=3) + correction -> +2 tokens (122.8 ms)  cpos=677
  [margins] 2.46 3.06 3.03 0.79 0.97  K=4
  verify 2: accepted 0/3 (K=4) + correction -> +1 tokens (138.0 ms)  cpos=678
  [margins] 0.01 2.22 1.34 2.83 0.20  K=3
  verify 3: accepted 0/2 (K=3) + correction -> +1 tokens (123.8 ms)  cpos=679
  [margins] 6.19 3.00 2.96 5.23 0.19  K=5
  verify 4: accepted 1/4 (K=5) + correction -> +2 tokens (152.9 ms)  cpos=681
  [margins] 6.85 1.82 9.55 2.25 4.69  K=6
  verify 5: accepted 1/5 (K=6) + correction -> +2 tokens (170.4 ms)  cpos=683

[spec] generated 8 tokens over 5 verifies: mean tokens/verify = 1.60 (block=5, max 6)
[spec] tokens: 16470 4570 10270 39831 1469 12439 7053 4721
[spec] SPEC-DECODE: 97.5 ms/tok = 10.25 tok/s  (vs base M=1 68.8 ms/tok = 14.53 tok/s -> 0.71x)
[decode] PREFILL: 624 positions in 9915.3 ms = 62.9 tok/s (15.890 ms/tok)
[capture] wrote /home/patrickd/s5-capture/s3recap/c1/cap/shard_p36_s000624.dspc  624 tok x (3 taps + 1 lm_in) x 4096 = 19.5 MB (32.0 KB/tok)
[probe] wrote 16 draft probes (block=5) to /home/patrickd/s5-capture/s3recap/c1/cap/drafts_p36_s000624.txt
[spec] decoding 8 tokens (block=5, draft passes=1, adaptK=1.50, prompt=36 s=625)...
  [margins] 14.84 18.23 14.14 10.55 12.19  K=6
  verify 1: accepted 5/5 (K=6) + correction -> +6 tokens (173.0 ms)  cpos=630
  [margins] 18.23 19.28 17.78 15.80 8.54  K=6
  verify 2: accepted 5/5 (K=6) + correction -> +6 tokens (173.9 ms)  cpos=636

[spec] generated 12 tokens over 2 verifies: mean tokens/verify = 6.00 (block=5, max 6)
[spec] tokens: 305 12955 23 14 223 24 3031 764 25 14 223 26
[spec] SPEC-DECODE: 29.0 ms/tok = 34.49 tok/s  (vs base M=1 68.8 ms/tok = 14.53 tok/s -> 2.37x)
[decode] PREFILL: 634 positions in 10093.8 ms = 62.8 tok/s (15.921 ms/tok)
[capture] wrote /home/patrickd/s5-capture/s3recap/c1/cap/shard_p37_s000634.dspc  634 tok x (3 taps + 1 lm_in) x 4096 = 19.8 MB (32.0 KB/tok)
[probe] wrote 16 draft probes (block=5) to /home/patrickd/s5-capture/s3recap/c1/cap/drafts_p37_s000634.txt
[spec] decoding 8 tokens (block=5, draft passes=1, adaptK=1.50, prompt=37 s=635)...
  [margins] 0.20 0.27 0.28 0.01 1.35  K=2
  verify 1: accepted 1/1 (K=2) + correction -> +2 tokens (113.3 ms)  cpos=636
  [margins] 7.77 1.01 2.23 0.21 0.70  K=2
  verify 2: accepted 1/1 (K=2) + correction -> +2 tokens (102.6 ms)  cpos=638
  [margins] 3.03 0.61 0.33 0.42 1.74  K=2
  verify 3: accepted 1/1 (K=2) + correction -> +2 tokens (120.5 ms)  cpos=640
  [margins] 4.37 3.37 2.74 0.76 2.61  K=4
  verify 4: accepted 2/3 (K=4) + correction -> +3 tokens (134.1 ms)  cpos=643

[spec] generated 9 tokens over 4 verifies: mean tokens/verify = 2.25 (block=5, max 6)
[spec] tokens: 603 6756 28 3841 734 3146 11502 3 3721
[spec] SPEC-DECODE: 51.0 ms/tok = 19.60 tok/s  (vs base M=1 68.8 ms/tok = 14.53 tok/s -> 1.35x)
[decode] PREFILL: 547 positions in 8687.4 ms = 63.0 tok/s (15.882 ms/tok)
[capture] wrote /home/patrickd/s5-capture/s3recap/c1/cap/shard_p38_s000547.dspc  547 tok x (3 taps + 1 lm_in) x 4096 = 17.1 MB (32.0 KB/tok)
[probe] wrote 16 draft probes (block=5) to /home/patrickd/s5-capture/s3recap/c1/cap/drafts_p38_s000547.txt
[spec] decoding 8 tokens (block=5, draft passes=1, adaptK=1.50, prompt=38 s=548)...
  [margins] 0.91 3.97 7.12 0.37 0.66  K=4
  verify 1: accepted 0/3 (K=4) + correction -> +1 tokens (138.0 ms)  cpos=548
  [margins] 9.36 5.89 4.66 2.93 0.24  K=5
  verify 2: accepted 2/4 (K=5) + correction -> +3 tokens (148.2 ms)  cpos=551
  [margins] 1.29 1.15 1.55 0.34 1.63  K=2
  verify 3: accepted 1/1 (K=2) + correction -> +2 tokens (111.2 ms)  cpos=553
  [margins] 2.26 1.41 2.83 1.62 2.30  K=2
  verify 4: accepted 1/1 (K=2) + correction -> +2 tokens (103.3 ms)  cpos=555

[spec] generated 8 tokens over 4 verifies: mean tokens/verify = 2.00 (block=5, max 6)
[spec] tokens: 1531 366 223 511 16 2275 270 12275
[spec] SPEC-DECODE: 51.8 ms/tok = 19.30 tok/s  (vs base M=1 68.8 ms/tok = 14.53 tok/s -> 1.33x)
[decode] PREFILL: 536 positions in 8513.2 ms = 63.0 tok/s (15.883 ms/tok)
[capture] wrote /home/patrickd/s5-capture/s3recap/c1/cap/shard_p39_s000536.dspc  536 tok x (3 taps + 1 lm_in) x 4096 = 16.8 MB (32.0 KB/tok)
[probe] wrote 16 draft probes (block=5) to /home/patrickd/s5-capture/s3recap/c1/cap/drafts_p39_s000536.txt
[spec] decoding 8 tokens (block=5, draft passes=1, adaptK=1.50, prompt=39 s=537)...
  [margins] 17.23 14.38 13.56 10.55 10.06  K=6
  verify 1: accepted 5/5 (K=6) + correction -> +6 tokens (161.9 ms)  cpos=542
  [margins] 14.78 7.17 9.56 11.33 12.75  K=6
  verify 2: accepted 5/5 (K=6) + correction -> +6 tokens (171.2 ms)  cpos=548

[spec] generated 12 tokens over 2 verifies: mean tokens/verify = 6.00 (block=5, max 6)
[spec] tokens: 5241 72 5241 72 5241 72 5241 3749 223 19 16 3702
[spec] SPEC-DECODE: 28.5 ms/tok = 35.05 tok/s  (vs base M=1 68.8 ms/tok = 14.53 tok/s -> 2.41x)
[decode] PREFILL: 672 positions in 10692.0 ms = 62.9 tok/s (15.911 ms/tok)
[capture] wrote /home/patrickd/s5-capture/s3recap/c1/cap/shard_p40_s000672.dspc  672 tok x (3 taps + 1 lm_in) x 4096 = 21.0 MB (32.0 KB/tok)
[probe] wrote 16 draft probes (block=5) to /home/patrickd/s5-capture/s3recap/c1/cap/drafts_p40_s000672.txt
[spec] decoding 8 tokens (block=5, draft passes=1, adaptK=1.50, prompt=40 s=673)...
  [margins] 13.24 7.30 12.09 0.14 4.80  K=4
  verify 1: accepted 3/3 (K=4) + correction -> +4 tokens (135.9 ms)  cpos=676
  [margins] 13.26 7.26 12.71 0.18 10.46  K=4
  verify 2: accepted 3/3 (K=4) + correction -> +4 tokens (132.0 ms)  cpos=680

[spec] generated 8 tokens over 2 verifies: mean tokens/verify = 4.00 (block=5, max 6)
[spec] tokens: 3749 11 3749 11 3749 11 3749 11
[spec] SPEC-DECODE: 33.0 ms/tok = 30.31 tok/s  (vs base M=1 68.8 ms/tok = 14.53 tok/s -> 2.09x)
[decode] PREFILL: 673 positions in 10736.0 ms = 62.7 tok/s (15.952 ms/tok)
[capture] wrote /home/patrickd/s5-capture/s3recap/c1/cap/shard_p41_s000673.dspc  673 tok x (3 taps + 1 lm_in) x 4096 = 21.0 MB (32.0 KB/tok)
[probe] wrote 16 draft probes (block=5) to /home/patrickd/s5-capture/s3recap/c1/cap/drafts_p41_s000673.txt
[spec] decoding 8 tokens (block=5, draft passes=1, adaptK=1.50, prompt=41 s=674)...
  [margins] 19.27 17.00 8.58 14.94 9.56  K=6
  verify 1: accepted 5/5 (K=6) + correction -> +6 tokens (172.7 ms)  cpos=679
  [margins] 19.42 16.35 18.14 13.00 14.51  K=6
  verify 2: accepted 5/5 (K=6) + correction -> +6 tokens (175.8 ms)  cpos=685

[spec] generated 12 tokens over 2 verifies: mean tokens/verify = 6.00 (block=5, max 6)
[spec] tokens: 80 3104 2333 6932 20 11 940 223 19 16 223 22
[spec] SPEC-DECODE: 29.3 ms/tok = 34.12 tok/s  (vs base M=1 68.8 ms/tok = 14.53 tok/s -> 2.35x)
[decode] PREFILL: 574 positions in 9121.3 ms = 62.9 tok/s (15.891 ms/tok)
[capture] wrote /home/patrickd/s5-capture/s3recap/c1/cap/shard_p42_s000574.dspc  574 tok x (3 taps + 1 lm_in) x 4096 = 17.9 MB (32.0 KB/tok)
[probe] wrote 16 draft probes (block=5) to /home/patrickd/s5-capture/s3recap/c1/cap/drafts_p42_s000574.txt
[spec] decoding 8 tokens (block=5, draft passes=1, adaptK=1.50, prompt=42 s=575)...
  [margins] 10.99 0.35 2.10 4.84 1.31  K=2
  verify 1: accepted 1/1 (K=2) + correction -> +2 tokens (111.2 ms)  cpos=576
  [margins] 7.87 2.63 1.85 0.29 4.00  K=4
  verify 2: accepted 2/3 (K=4) + correction -> +3 tokens (133.6 ms)  cpos=579
  [margins] 0.68 2.93 4.56 0.33 6.68  K=4
  verify 3: accepted 0/3 (K=4) + correction -> +1 tokens (131.6 ms)  cpos=580
  [margins] 2.86 0.66 2.94 0.00 6.37  K=2
  verify 4: accepted 0/1 (K=2) + correction -> +1 tokens (102.4 ms)  cpos=581
  [margins] 0.53 1.44 5.98 1.55 2.46  K=2
  verify 5: accepted 0/1 (K=2) + correction -> +1 tokens (104.4 ms)  cpos=582

[spec] generated 8 tokens over 5 verifies: mean tokens/verify = 1.60 (block=5, max 6)
[spec] tokens: 1461 264 121571 16 13079 66545 31798 16484
[spec] SPEC-DECODE: 78.7 ms/tok = 12.71 tok/s  (vs base M=1 68.8 ms/tok = 14.53 tok/s -> 0.87x)
[decode] PREFILL: 673 positions in 10737.3 ms = 62.7 tok/s (15.954 ms/tok)
[capture] wrote /home/patrickd/s5-capture/s3recap/c1/cap/shard_p43_s000673.dspc  673 tok x (3 taps + 1 lm_in) x 4096 = 21.0 MB (32.0 KB/tok)
[probe] wrote 16 draft probes (block=5) to /home/patrickd/s5-capture/s3recap/c1/cap/drafts_p43_s000673.txt
[spec] decoding 8 tokens (block=5, draft passes=1, adaptK=1.50, prompt=43 s=674)...
  [margins] 7.66 2.09 1.76 4.85 0.08  K=5
  verify 1: accepted 2/4 (K=5) + correction -> +3 tokens (147.9 ms)  cpos=676
  [margins] 1.20 0.39 0.09 0.16 0.54  K=2
  verify 2: accepted 1/1 (K=2) + correction -> +2 tokens (102.4 ms)  cpos=678
  [margins] 0.87 1.19 0.11 1.06 0.44  K=2
  verify 3: accepted 1/1 (K=2) + correction -> +2 tokens (107.3 ms)  cpos=680
  [margins] 9.48 1.53 1.43 3.42 0.65  K=3
  verify 4: accepted 1/2 (K=3) + correction -> +2 tokens (115.9 ms)  cpos=682

[spec] generated 9 tokens over 4 verifies: mean tokens/verify = 2.25 (block=5, max 6)
[spec] tokens: 1901 3628 2786 3506 17458 538 270 2740 39784
[spec] SPEC-DECODE: 54.3 ms/tok = 18.43 tok/s  (vs base M=1 68.8 ms/tok = 14.53 tok/s -> 1.27x)
[decode] PREFILL: 1093 positions in 17615.9 ms = 62.0 tok/s (16.117 ms/tok)
[capture] wrote /home/patrickd/s5-capture/s3recap/c1/cap/shard_p44_s001093.dspc  1093 tok x (3 taps + 1 lm_in) x 4096 = 34.2 MB (32.0 KB/tok)
[probe] wrote 16 draft probes (block=5) to /home/patrickd/s5-capture/s3recap/c1/cap/drafts_p44_s001093.txt
[spec] decoding 8 tokens (block=5, draft passes=1, adaptK=1.50, prompt=44 s=1094)...
  [margins] 19.20 14.91 11.38 8.89 5.88  K=6
  verify 1: accepted 5/5 (K=6) + correction -> +6 tokens (177.6 ms)  cpos=1099
  [margins] 18.11 15.85 12.61 11.51 7.04  K=6
  verify 2: accepted 5/5 (K=6) + correction -> +6 tokens (177.9 ms)  cpos=1105

[spec] generated 12 tokens over 2 verifies: mean tokens/verify = 6.00 (block=5, max 6)
[spec] tokens: 344 4813 16 539 671 3287 344 4813 16 539 671 3287
[spec] SPEC-DECODE: 29.6 ms/tok = 33.73 tok/s  (vs base M=1 68.8 ms/tok = 14.53 tok/s -> 2.32x)
[decode] PREFILL: 572 positions in 9088.8 ms = 62.9 tok/s (15.890 ms/tok)
[capture] wrote /home/patrickd/s5-capture/s3recap/c1/cap/shard_p45_s000572.dspc  572 tok x (3 taps + 1 lm_in) x 4096 = 17.9 MB (32.0 KB/tok)
[probe] wrote 16 draft probes (block=5) to /home/patrickd/s5-capture/s3recap/c1/cap/drafts_p45_s000572.txt
[spec] decoding 8 tokens (block=5, draft passes=1, adaptK=1.50, prompt=45 s=573)...
  [margins] 7.01 9.22 13.60 6.71 9.52  K=6
  verify 1: accepted 5/5 (K=6) + correction -> +6 tokens (162.5 ms)  cpos=578
  [margins] 8.73 9.79 13.36 8.11 8.77  K=6
  verify 2: accepted 5/5 (K=6) + correction -> +6 tokens (164.3 ms)  cpos=584

[spec] generated 12 tokens over 2 verifies: mean tokens/verify = 6.00 (block=5, max 6)
[spec] tokens: 16 11628 32854 16 11628 32854 16 11628 32854 16 11628 32854
[spec] SPEC-DECODE: 27.4 ms/tok = 36.52 tok/s  (vs base M=1 68.8 ms/tok = 14.53 tok/s -> 2.51x)
[decode] PREFILL: 607 positions in 9635.6 ms = 63.0 tok/s (15.874 ms/tok)
[capture] wrote /home/patrickd/s5-capture/s3recap/c1/cap/shard_p46_s000607.dspc  607 tok x (3 taps + 1 lm_in) x 4096 = 19.0 MB (32.0 KB/tok)
[probe] wrote 16 draft probes (block=5) to /home/patrickd/s5-capture/s3recap/c1/cap/drafts_p46_s000607.txt
[spec] decoding 8 tokens (block=5, draft passes=1, adaptK=1.50, prompt=46 s=608)...
  [margins] 11.94 10.43 11.23 7.64 9.45  K=6
  verify 1: accepted 5/5 (K=6) + correction -> +6 tokens (167.0 ms)  cpos=613
  [margins] 8.59 7.02 9.78 6.49 9.88  K=6
  verify 2: accepted 5/5 (K=6) + correction -> +6 tokens (156.2 ms)  cpos=619

[spec] generated 12 tokens over 2 verifies: mean tokens/verify = 6.00 (block=5, max 6)
[spec] tokens: 82 271 82 271 82 271 82 271 82 271 82 271
[spec] SPEC-DECODE: 26.0 ms/tok = 38.40 tok/s  (vs base M=1 68.8 ms/tok = 14.53 tok/s -> 2.64x)
[decode] PREFILL: 604 positions in 9603.2 ms = 62.9 tok/s (15.899 ms/tok)
[capture] wrote /home/patrickd/s5-capture/s3recap/c1/cap/shard_p47_s000604.dspc  604 tok x (3 taps + 1 lm_in) x 4096 = 18.9 MB (32.0 KB/tok)
[probe] wrote 16 draft probes (block=5) to /home/patrickd/s5-capture/s3recap/c1/cap/drafts_p47_s000604.txt
[spec] decoding 8 tokens (block=5, draft passes=1, adaptK=1.50, prompt=47 s=605)...
  [margins] 19.67 16.57 17.73 11.39 12.98  K=6
  verify 1: accepted 5/5 (K=6) + correction -> +6 tokens (171.1 ms)  cpos=610
  [margins] 18.31 13.45 9.56 16.14 13.46  K=6
  verify 2: accepted 5/5 (K=6) + correction -> +6 tokens (171.8 ms)  cpos=616

[spec] generated 12 tokens over 2 verifies: mean tokens/verify = 6.00 (block=5, max 6)
[spec] tokens: 710 7723 6704 509 4387 603 15 2052 270 3967 20407 260
[spec] SPEC-DECODE: 28.6 ms/tok = 34.93 tok/s  (vs base M=1 68.8 ms/tok = 14.53 tok/s -> 2.40x)
[decode] PREFILL: 674 positions in 10752.4 ms = 62.7 tok/s (15.953 ms/tok)
[capture] wrote /home/patrickd/s5-capture/s3recap/c1/cap/shard_p48_s000674.dspc  674 tok x (3 taps + 1 lm_in) x 4096 = 21.1 MB (32.0 KB/tok)
[probe] wrote 16 draft probes (block=5) to /home/patrickd/s5-capture/s3recap/c1/cap/drafts_p48_s000674.txt
[spec] decoding 8 tokens (block=5, draft passes=1, adaptK=1.50, prompt=48 s=675)...
  [margins] 18.11 18.79 13.54 14.83 9.14  K=6
  verify 1: accepted 5/5 (K=6) + correction -> +6 tokens (176.7 ms)  cpos=680
  [margins] 14.00 12.91 12.02 7.19 11.62  K=6
  verify 2: accepted 5/5 (K=6) + correction -> +6 tokens (167.5 ms)  cpos=686

[spec] generated 12 tokens over 2 verifies: mean tokens/verify = 6.00 (block=5, max 6)
[spec] tokens: 710 995 6033 1440 16 223 18 16 23 29 468 515
[spec] SPEC-DECODE: 27.9 ms/tok = 35.83 tok/s  (vs base M=1 68.8 ms/tok = 14.53 tok/s -> 2.46x)
[decode] PREFILL: 529 positions in 8411.7 ms = 62.9 tok/s (15.901 ms/tok)
[capture] wrote /home/patrickd/s5-capture/s3recap/c1/cap/shard_p49_s000529.dspc  529 tok x (3 taps + 1 lm_in) x 4096 = 16.5 MB (32.0 KB/tok)
[probe] wrote 16 draft probes (block=5) to /home/patrickd/s5-capture/s3recap/c1/cap/drafts_p49_s000529.txt
[spec] decoding 8 tokens (block=5, draft passes=1, adaptK=1.50, prompt=49 s=530)...
  [margins] 13.72 1.57 0.82 0.61 0.12  K=3
  verify 1: accepted 1/2 (K=3) + correction -> +2 tokens (120.8 ms)  cpos=531
  [margins] 1.42 0.46 2.78 11.69 10.96  K=2
  verify 2: accepted 0/1 (K=2) + correction -> +1 tokens (109.1 ms)  cpos=532
  [margins] 0.28 3.83 10.50 13.25 1.12  K=5
  verify 3: accepted 0/4 (K=5) + correction -> +1 tokens (148.5 ms)  cpos=533
  [margins] 3.06 2.00 1.60 0.64 0.81  K=4
  verify 4: accepted 1/3 (K=4) + correction -> +2 tokens (134.1 ms)  cpos=535
  [margins] 0.50 0.12 2.75 0.40 0.95  K=2
  verify 5: accepted 0/1 (K=2) + correction -> +1 tokens (107.0 ms)  cpos=536
  [margins] 3.72 5.19 0.78 0.78 2.80  K=3
  verify 6: accepted 0/2 (K=3) + correction -> +1 tokens (117.5 ms)  cpos=537

[spec] generated 8 tokens over 6 verifies: mean tokens/verify = 1.33 (block=5, max 6)
[spec] tokens: 377 12120 41506 14 3607 304 13413 260
[spec] SPEC-DECODE: 102.7 ms/tok = 9.74 tok/s  (vs base M=1 68.8 ms/tok = 14.53 tok/s -> 0.67x)
[decode] PREFILL: 674 positions in 10753.1 ms = 62.7 tok/s (15.954 ms/tok)
[capture] wrote /home/patrickd/s5-capture/s3recap/c1/cap/shard_p50_s000674.dspc  674 tok x (3 taps + 1 lm_in) x 4096 = 21.1 MB (32.0 KB/tok)
[probe] wrote 16 draft probes (block=5) to /home/patrickd/s5-capture/s3recap/c1/cap/drafts_p50_s000674.txt
[spec] decoding 8 tokens (block=5, draft passes=1, adaptK=1.50, prompt=50 s=675)...
  [margins] 15.39 14.13 15.18 8.26 12.04  K=6
  verify 1: accepted 5/5 (K=6) + correction -> +6 tokens (173.8 ms)  cpos=680
  [margins] 13.37 15.82 6.91 11.09 12.94  K=6
  verify 2: accepted 5/5 (K=6) + correction -> +6 tokens (167.6 ms)  cpos=686

[spec] generated 12 tokens over 2 verifies: mean tokens/verify = 6.00 (block=5, max 6)
[spec] tokens: 28 223 19 16 41647 28 223 19 16 41647 28 223
[spec] SPEC-DECODE: 27.9 ms/tok = 35.80 tok/s  (vs base M=1 68.8 ms/tok = 14.53 tok/s -> 2.46x)
[decode] PREFILL: 983 positions in 15777.6 ms = 62.3 tok/s (16.051 ms/tok)
[capture] wrote /home/patrickd/s5-capture/s3recap/c1/cap/shard_p51_s000983.dspc  983 tok x (3 taps + 1 lm_in) x 4096 = 30.7 MB (32.0 KB/tok)
[probe] wrote 16 draft probes (block=5) to /home/patrickd/s5-capture/s3recap/c1/cap/drafts_p51_s000983.txt
[spec] decoding 8 tokens (block=5, draft passes=1, adaptK=1.50, prompt=51 s=984)...
  [margins] 18.71 13.69 10.25 12.35 16.43  K=6
  verify 1: accepted 5/5 (K=6) + correction -> +6 tokens (178.7 ms)  cpos=989
  [margins] 9.92 15.95 10.38 11.79 13.06  K=6
  verify 2: accepted 5/5 (K=6) + correction -> +6 tokens (171.9 ms)  cpos=995

[spec] generated 12 tokens over 2 verifies: mean tokens/verify = 6.00 (block=5, max 6)
[spec] tokens: 37 754 305 343 38 797 455 3287 344 343 35 754
[spec] SPEC-DECODE: 28.6 ms/tok = 34.91 tok/s  (vs base M=1 68.8 ms/tok = 14.53 tok/s -> 2.40x)
[decode] PREFILL: 531 positions in 8426.6 ms = 63.0 tok/s (15.869 ms/tok)
[capture] wrote /home/patrickd/s5-capture/s3recap/c1/cap/shard_p52_s000531.dspc  531 tok x (3 taps + 1 lm_in) x 4096 = 16.6 MB (32.0 KB/tok)
[probe] wrote 16 draft probes (block=5) to /home/patrickd/s5-capture/s3recap/c1/cap/drafts_p52_s000531.txt
[spec] decoding 8 tokens (block=5, draft passes=1, adaptK=1.50, prompt=52 s=532)...
  [margins] 13.89 13.80 13.30 13.16 10.24  K=6
  verify 1: accepted 5/5 (K=6) + correction -> +6 tokens (173.4 ms)  cpos=537
  [margins] 15.34 13.33 13.45 10.30 10.81  K=6
  verify 2: accepted 5/5 (K=6) + correction -> +6 tokens (169.8 ms)  cpos=543

[spec] generated 12 tokens over 2 verifies: mean tokens/verify = 6.00 (block=5, max 6)
[spec] tokens: 28 1351 1178 41664 4665 14 1008 2605 1354 259 3166 63
[spec] SPEC-DECODE: 28.3 ms/tok = 35.33 tok/s  (vs base M=1 68.8 ms/tok = 14.53 tok/s -> 2.43x)
[decode] PREFILL: 643 positions in 10266.5 ms = 62.6 tok/s (15.967 ms/tok)
[capture] wrote /home/patrickd/s5-capture/s3recap/c1/cap/shard_p53_s000643.dspc  643 tok x (3 taps + 1 lm_in) x 4096 = 20.1 MB (32.0 KB/tok)
[probe] wrote 16 draft probes (block=5) to /home/patrickd/s5-capture/s3recap/c1/cap/drafts_p53_s000643.txt
[spec] decoding 8 tokens (block=5, draft passes=1, adaptK=1.50, prompt=53 s=644)...
  [margins] 17.55 12.90 10.84 2.63 9.83  K=6
  verify 1: accepted 5/5 (K=6) + correction -> +6 tokens (173.0 ms)  cpos=649
  [margins] 11.16 9.13 6.69 9.25 0.01  K=5
  verify 2: accepted 4/4 (K=5) + correction -> +5 tokens (146.2 ms)  cpos=654

[spec] generated 11 tokens over 2 verifies: mean tokens/verify = 5.50 (block=5, max 6)
[spec] tokens: 2869 201 105600 201 1631 201 30768 201 19267 201 1805
[spec] SPEC-DECODE: 29.2 ms/tok = 34.20 tok/s  (vs base M=1 68.8 ms/tok = 14.53 tok/s -> 2.35x)
[decode] PREFILL: 672 positions in 10698.6 ms = 62.8 tok/s (15.921 ms/tok)
[capture] wrote /home/patrickd/s5-capture/s3recap/c1/cap/shard_p54_s000672.dspc  672 tok x (3 taps + 1 lm_in) x 4096 = 21.0 MB (32.0 KB/tok)
[probe] wrote 16 draft probes (block=5) to /home/patrickd/s5-capture/s3recap/c1/cap/drafts_p54_s000672.txt
[spec] decoding 8 tokens (block=5, draft passes=1, adaptK=1.50, prompt=54 s=673)...
  [margins] 9.20 13.68 10.66 13.25 10.17  K=6
  verify 1: accepted 5/5 (K=6) + correction -> +6 tokens (163.7 ms)  cpos=678
  [margins] 9.04 13.75 9.84 13.36 9.97  K=6
  verify 2: accepted 5/5 (K=6) + correction -> +6 tokens (164.5 ms)  cpos=684

[spec] generated 12 tokens over 2 verifies: mean tokens/verify = 6.00 (block=5, max 6)
[spec] tokens: 16 10634 16 10634 16 10634 16 10634 16 10634 16 10634
[spec] SPEC-DECODE: 27.4 ms/tok = 36.47 tok/s  (vs base M=1 68.8 ms/tok = 14.53 tok/s -> 2.51x)
[decode] PREFILL: 577 positions in 9183.9 ms = 62.8 tok/s (15.917 ms/tok)
[capture] wrote /home/patrickd/s5-capture/s3recap/c1/cap/shard_p55_s000577.dspc  577 tok x (3 taps + 1 lm_in) x 4096 = 18.0 MB (32.0 KB/tok)
[probe] wrote 16 draft probes (block=5) to /home/patrickd/s5-capture/s3recap/c1/cap/drafts_p55_s000577.txt
[spec] decoding 8 tokens (block=5, draft passes=1, adaptK=1.50, prompt=55 s=578)...
  [margins] 9.67 14.42 14.61 10.00 5.34  K=6
  verify 1: accepted 5/5 (K=6) + correction -> +6 tokens (171.3 ms)  cpos=583
  [margins] 12.02 15.67 13.26 11.94 13.29  K=6
  verify 2: accepted 5/5 (K=6) + correction -> +6 tokens (174.8 ms)  cpos=589

[spec] generated 12 tokens over 2 verifies: mean tokens/verify = 6.00 (block=5, max 6)
[spec] tokens: 455 2019 1531 366 3452 16 455 2019 1531 366 94679 16
[spec] SPEC-DECODE: 29.1 ms/tok = 34.32 tok/s  (vs base M=1 68.8 ms/tok = 14.53 tok/s -> 2.36x)
[decode] PREFILL: 540 positions in 8573.6 ms = 63.0 tok/s (15.877 ms/tok)
[capture] wrote /home/patrickd/s5-capture/s3recap/c1/cap/shard_p56_s000540.dspc  540 tok x (3 taps + 1 lm_in) x 4096 = 16.9 MB (32.0 KB/tok)
[probe] wrote 16 draft probes (block=5) to /home/patrickd/s5-capture/s3recap/c1/cap/drafts_p56_s000540.txt
[spec] decoding 8 tokens (block=5, draft passes=1, adaptK=1.50, prompt=56 s=541)...
  [margins] 16.31 12.77 8.99 0.45 4.51  K=4
  verify 1: accepted 3/3 (K=4) + correction -> +4 tokens (140.2 ms)  cpos=544
  [margins] 6.21 11.69 14.29 5.82 8.91  K=6
  verify 2: accepted 5/5 (K=6) + correction -> +6 tokens (172.5 ms)  cpos=550

[spec] generated 10 tokens over 2 verifies: mean tokens/verify = 5.00 (block=5, max 6)
[spec] tokens: 990 554 2727 3810 16 342 1970 304 5085 943
[spec] SPEC-DECODE: 28.7 ms/tok = 34.79 tok/s  (vs base M=1 68.8 ms/tok = 14.53 tok/s -> 2.39x)
[decode] PREFILL: 1793 positions in 29452.1 ms = 60.9 tok/s (16.426 ms/tok)
[capture] wrote /home/patrickd/s5-capture/s3recap/c1/cap/shard_p57_s001793.dspc  1793 tok x (3 taps + 1 lm_in) x 4096 = 56.0 MB (32.0 KB/tok)
[probe] wrote 16 draft probes (block=5) to /home/patrickd/s5-capture/s3recap/c1/cap/drafts_p57_s001793.txt
[spec] decoding 8 tokens (block=5, draft passes=1, adaptK=1.50, prompt=57 s=1794)...
  [margins] 16.65 11.69 9.72 10.54 10.77  K=6
  verify 1: accepted 5/5 (K=6) + correction -> +6 tokens (189.2 ms)  cpos=1799
  [margins] 13.05 11.89 13.11 6.67 13.44  K=6
  verify 2: accepted 5/5 (K=6) + correction -> +6 tokens (185.8 ms)  cpos=1805

[spec] generated 12 tokens over 2 verifies: mean tokens/verify = 6.00 (block=5, max 6)
[spec] tokens: 6644 295 270 1257 6877 304 33926 282 295 8550 9206 16
[spec] SPEC-DECODE: 31.0 ms/tok = 32.29 tok/s  (vs base M=1 68.8 ms/tok = 14.53 tok/s -> 2.22x)
[decode] PREFILL: 1349 positions in 21883.6 ms = 61.6 tok/s (16.222 ms/tok)
[capture] wrote /home/patrickd/s5-capture/s3recap/c1/cap/shard_p58_s001349.dspc  1349 tok x (3 taps + 1 lm_in) x 4096 = 42.2 MB (32.0 KB/tok)
[probe] wrote 16 draft probes (block=5) to /home/patrickd/s5-capture/s3recap/c1/cap/drafts_p58_s001349.txt
[spec] decoding 8 tokens (block=5, draft passes=1, adaptK=1.50, prompt=58 s=1350)...
  [margins] 0.41 11.58 11.21 8.49 10.77  K=6
  verify 1: accepted 5/5 (K=6) + correction -> +6 tokens (179.6 ms)  cpos=1355
  [margins] 17.44 2.83 10.35 10.40 9.75  K=6
  verify 2: accepted 5/5 (K=6) + correction -> +6 tokens (179.1 ms)  cpos=1361

[spec] generated 12 tokens over 2 verifies: mean tokens/verify = 6.00 (block=5, max 6)
[spec] tokens: 891 16 455 3287 344 11363 45374 891 16 455 3287 344
[spec] SPEC-DECODE: 29.9 ms/tok = 33.49 tok/s  (vs base M=1 68.8 ms/tok = 14.53 tok/s -> 2.30x)
[decode] PREFILL: 658 positions in 10499.5 ms = 62.7 tok/s (15.957 ms/tok)
[capture] wrote /home/patrickd/s5-capture/s3recap/c1/cap/shard_p59_s000658.dspc  658 tok x (3 taps + 1 lm_in) x 4096 = 20.6 MB (32.0 KB/tok)
[probe] wrote 16 draft probes (block=5) to /home/patrickd/s5-capture/s3recap/c1/cap/drafts_p59_s000658.txt
[spec] decoding 8 tokens (block=5, draft passes=1, adaptK=1.50, prompt=59 s=659)...
  [margins] 5.37 3.30 4.92 5.69 0.57  K=5
  verify 1: accepted 0/4 (K=5) + correction -> +1 tokens (155.0 ms)  cpos=659
  [margins] 14.67 6.27 5.53 7.22 4.99  K=6
  verify 2: accepted 5/5 (K=6) + correction -> +6 tokens (174.7 ms)  cpos=665
  [margins] 0.56 3.95 1.22 4.89 2.23  K=3
  verify 3: accepted 0/2 (K=3) + correction -> +1 tokens (120.5 ms)  cpos=666

[spec] generated 8 tokens over 3 verifies: mean tokens/verify = 2.67 (block=5, max 6)
[spec] tokens: 3615 28 455 16738 294 27365 4782 5974
[spec] SPEC-DECODE: 42.2 ms/tok = 23.71 tok/s  (vs base M=1 68.8 ms/tok = 14.53 tok/s -> 1.63x)
[decode] PREFILL: 537 positions in 8523.6 ms = 63.0 tok/s (15.873 ms/tok)
[capture] wrote /home/patrickd/s5-capture/s3recap/c1/cap/shard_p60_s000537.dspc  537 tok x (3 taps + 1 lm_in) x 4096 = 16.8 MB (32.0 KB/tok)
[probe] wrote 16 draft probes (block=5) to /home/patrickd/s5-capture/s3recap/c1/cap/drafts_p60_s000537.txt
[spec] decoding 8 tokens (block=5, draft passes=1, adaptK=1.50, prompt=60 s=538)...
  [margins] 10.33 0.12 8.16 1.13 8.55  K=2
  verify 1: accepted 1/1 (K=2) + correction -> +2 tokens (106.6 ms)  cpos=539
  [margins] 7.95 7.39 1.20 9.75 0.25  K=3
  verify 2: accepted 2/2 (K=3) + correction -> +3 tokens (119.0 ms)  cpos=542
  [margins] 8.57 3.54 6.76 2.54 4.98  K=6
  verify 3: accepted 1/5 (K=6) + correction -> +2 tokens (166.5 ms)  cpos=544
  [margins] 6.42 2.08 8.69 0.29 7.86  K=4
  verify 4: accepted 1/3 (K=4) + correction -> +2 tokens (131.4 ms)  cpos=546

[spec] generated 9 tokens over 4 verifies: mean tokens/verify = 2.25 (block=5, max 6)
[spec] tokens: 38514 83 73 38514 121444 38514 39826 38514 83
[spec] SPEC-DECODE: 59.6 ms/tok = 16.79 tok/s  (vs base M=1 68.8 ms/tok = 14.53 tok/s -> 1.16x)
[decode] PREFILL: 532 positions in 8460.8 ms = 62.9 tok/s (15.904 ms/tok)
[capture] wrote /home/patrickd/s5-capture/s3recap/c1/cap/shard_p61_s000532.dspc  532 tok x (3 taps + 1 lm_in) x 4096 = 16.6 MB (32.0 KB/tok)
[probe] wrote 16 draft probes (block=5) to /home/patrickd/s5-capture/s3recap/c1/cap/drafts_p61_s000532.txt
[spec] decoding 8 tokens (block=5, draft passes=1, adaptK=1.50, prompt=61 s=533)...
  [margins] 17.20 15.69 13.19 15.48 15.06  K=6
  verify 1: accepted 5/5 (K=6) + correction -> +6 tokens (166.5 ms)  cpos=538
  [margins] 16.49 18.34 12.84 7.07 10.84  K=6
  verify 2: accepted 5/5 (K=6) + correction -> +6 tokens (171.2 ms)  cpos=544

[spec] generated 12 tokens over 2 verifies: mean tokens/verify = 6.00 (block=5, max 6)
[spec] tokens: 971 16 591 16 62863 16 9704 62835 14373 16 9336 16
[spec] SPEC-DECODE: 28.5 ms/tok = 35.06 tok/s  (vs base M=1 68.8 ms/tok = 14.53 tok/s -> 2.41x)
[decode] PREFILL: 591 positions in 9383.5 ms = 63.0 tok/s (15.877 ms/tok)
[capture] wrote /home/patrickd/s5-capture/s3recap/c1/cap/shard_p62_s000591.dspc  591 tok x (3 taps + 1 lm_in) x 4096 = 18.5 MB (32.0 KB/tok)
[probe] wrote 16 draft probes (block=5) to /home/patrickd/s5-capture/s3recap/c1/cap/drafts_p62_s000591.txt
[spec] decoding 8 tokens (block=5, draft passes=1, adaptK=1.50, prompt=62 s=592)...
  [margins] 16.60 12.35 13.59 17.32 14.42  K=6
  verify 1: accepted 5/5 (K=6) + correction -> +6 tokens (174.7 ms)  cpos=597
  [margins] 9.33 12.65 15.94 10.15 7.73  K=6
  verify 2: accepted 5/5 (K=6) + correction -> +6 tokens (166.1 ms)  cpos=603

[spec] generated 12 tokens over 2 verifies: mean tokens/verify = 6.00 (block=5, max 6)
[spec] tokens: 3287 1531 366 223 7207 16 3749 4087 3287 1531 366 223
[spec] SPEC-DECODE: 27.7 ms/tok = 36.12 tok/s  (vs base M=1 68.8 ms/tok = 14.53 tok/s -> 2.48x)
[decode] PREFILL: 525 positions in 8331.2 ms = 63.0 tok/s (15.869 ms/tok)
[capture] wrote /home/patrickd/s5-capture/s3recap/c1/cap/shard_p63_s000525.dspc  525 tok x (3 taps + 1 lm_in) x 4096 = 16.4 MB (32.0 KB/tok)
[probe] wrote 16 draft probes (block=5) to /home/patrickd/s5-capture/s3recap/c1/cap/drafts_p63_s000525.txt
[spec] decoding 8 tokens (block=5, draft passes=1, adaptK=1.50, prompt=63 s=526)...
  [margins] 6.91 1.58 2.18 1.69 0.25  K=5
  verify 1: accepted 3/4 (K=5) + correction -> +4 tokens (145.0 ms)  cpos=529
  [margins] 1.90 1.17 1.55 0.79 5.99  K=2
  verify 2: accepted 1/1 (K=2) + correction -> +2 tokens (103.6 ms)  cpos=531
  [margins] 14.51 0.68 0.11 2.02 5.37  K=2
  verify 3: accepted 1/1 (K=2) + correction -> +2 tokens (106.5 ms)  cpos=533

[spec] generated 8 tokens over 3 verifies: mean tokens/verify = 2.67 (block=5, max 6)
[spec] tokens: 588 990 1347 20901 1277 4165 296 469
[spec] SPEC-DECODE: 52.5 ms/tok = 19.03 tok/s  (vs base M=1 68.8 ms/tok = 14.53 tok/s -> 1.31x)
[decode] PREFILL: 526 positions in 8340.8 ms = 63.1 tok/s (15.857 ms/tok)
[capture] wrote /home/patrickd/s5-capture/s3recap/c1/cap/shard_p64_s000526.dspc  526 tok x (3 taps + 1 lm_in) x 4096 = 16.4 MB (32.0 KB/tok)
[probe] wrote 16 draft probes (block=5) to /home/patrickd/s5-capture/s3recap/c1/cap/drafts_p64_s000526.txt
[spec] decoding 8 tokens (block=5, draft passes=1, adaptK=1.50, prompt=64 s=527)...
  [margins] 16.99 9.18 8.02 6.08 7.94  K=6
  verify 1: accepted 5/5 (K=6) + correction -> +6 tokens (174.8 ms)  cpos=532
  [margins] 11.68 6.87 12.77 11.79 12.01  K=6
  verify 2: accepted 5/5 (K=6) + correction -> +6 tokens (168.2 ms)  cpos=538

[spec] generated 12 tokens over 2 verifies: mean tokens/verify = 6.00 (block=5, max 6)
[spec] tokens: 2430 16 5582 14 260 43388 304 57545 14 515 1505 412
[spec] SPEC-DECODE: 28.0 ms/tok = 35.66 tok/s  (vs base M=1 68.8 ms/tok = 14.53 tok/s -> 2.45x)
[decode] PREFILL: 588 positions in 9348.3 ms = 62.9 tok/s (15.898 ms/tok)
[capture] wrote /home/patrickd/s5-capture/s3recap/c1/cap/shard_p65_s000588.dspc  588 tok x (3 taps + 1 lm_in) x 4096 = 18.4 MB (32.0 KB/tok)
[probe] wrote 16 draft probes (block=5) to /home/patrickd/s5-capture/s3recap/c1/cap/drafts_p65_s000588.txt
[spec] decoding 8 tokens (block=5, draft passes=1, adaptK=1.50, prompt=65 s=589)...
  [margins] 10.77 14.77 7.57 11.76 13.04  K=6
  verify 1: accepted 5/5 (K=6) + correction -> +6 tokens (162.7 ms)  cpos=594
  [margins] 10.08 16.15 8.81 11.57 14.49  K=6
  verify 2: accepted 5/5 (K=6) + correction -> +6 tokens (164.7 ms)  cpos=600

[spec] generated 12 tokens over 2 verifies: mean tokens/verify = 6.00 (block=5, max 6)
[spec] tokens: 20237 1217 16 20237 1217 16 20237 1217 16 20237 1217 16
[spec] SPEC-DECODE: 27.5 ms/tok = 36.43 tok/s  (vs base M=1 68.8 ms/tok = 14.53 tok/s -> 2.51x)
[decode] PREFILL: 605 positions in 9613.9 ms = 62.9 tok/s (15.891 ms/tok)
[capture] wrote /home/patrickd/s5-capture/s3recap/c1/cap/shard_p66_s000605.dspc  605 tok x (3 taps + 1 lm_in) x 4096 = 18.9 MB (32.0 KB/tok)
[probe] wrote 16 draft probes (block=5) to /home/patrickd/s5-capture/s3recap/c1/cap/drafts_p66_s000605.txt
[spec] decoding 8 tokens (block=5, draft passes=1, adaptK=1.50, prompt=66 s=606)...
  [margins] 11.00 12.91 8.64 11.10 8.34  K=6
  verify 1: accepted 5/5 (K=6) + correction -> +6 tokens (166.6 ms)  cpos=611
  [margins] 11.98 13.33 7.82 10.28 8.61  K=6
  verify 2: accepted 5/5 (K=6) + correction -> +6 tokens (166.3 ms)  cpos=617

[spec] generated 12 tokens over 2 verifies: mean tokens/verify = 6.00 (block=5, max 6)
[spec] tokens: 8 16 8 16 8 16 8 16 8 16 8 16
[spec] SPEC-DECODE: 27.7 ms/tok = 36.09 tok/s  (vs base M=1 68.8 ms/tok = 14.53 tok/s -> 2.48x)
[decode] PREFILL: 532 positions in 8447.8 ms = 63.0 tok/s (15.879 ms/tok)
[capture] wrote /home/patrickd/s5-capture/s3recap/c1/cap/shard_p67_s000532.dspc  532 tok x (3 taps + 1 lm_in) x 4096 = 16.6 MB (32.0 KB/tok)
[probe] wrote 16 draft probes (block=5) to /home/patrickd/s5-capture/s3recap/c1/cap/drafts_p67_s000532.txt
[spec] decoding 8 tokens (block=5, draft passes=1, adaptK=1.50, prompt=67 s=533)...
  [margins] 18.02 15.65 15.37 10.11 2.73  K=6
  verify 1: accepted 5/5 (K=6) + correction -> +6 tokens (168.6 ms)  cpos=538
  [margins] 14.68 13.66 16.49 8.72 10.12  K=6
  verify 2: accepted 5/5 (K=6) + correction -> +6 tokens (173.5 ms)  cpos=544

[spec] generated 12 tokens over 2 verifies: mean tokens/verify = 6.00 (block=5, max 6)
[spec] tokens: 7147 344 2727 12220 304 18848 295 8214 15053 16 3749 786
[spec] SPEC-DECODE: 28.9 ms/tok = 34.58 tok/s  (vs base M=1 68.8 ms/tok = 14.53 tok/s -> 2.38x)
[decode] PREFILL: 980 positions in 15736.3 ms = 62.3 tok/s (16.057 ms/tok)
[capture] wrote /home/patrickd/s5-capture/s3recap/c1/cap/shard_p68_s000980.dspc  980 tok x (3 taps + 1 lm_in) x 4096 = 30.6 MB (32.0 KB/tok)
[probe] wrote 16 draft probes (block=5) to /home/patrickd/s5-capture/s3recap/c1/cap/drafts_p68_s000980.txt
[spec] decoding 8 tokens (block=5, draft passes=1, adaptK=1.50, prompt=68 s=981)...
  [margins] 14.31 9.33 3.94 8.17 10.85  K=6
  verify 1: accepted 5/5 (K=6) + correction -> +6 tokens (174.9 ms)  cpos=986
  [margins] 17.70 11.37 13.48 15.82 12.33  K=6
  verify 2: accepted 5/5 (K=6) + correction -> +6 tokens (176.2 ms)  cpos=992

[spec] generated 12 tokens over 2 verifies: mean tokens/verify = 6.00 (block=5, max 6)
[spec] tokens: 792 20 14 223 1809 18 85 14 223 1069 1737 14
[spec] SPEC-DECODE: 29.4 ms/tok = 34.06 tok/s  (vs base M=1 68.8 ms/tok = 14.53 tok/s -> 2.34x)
[decode] PREFILL: 533 positions in 8471.8 ms = 62.9 tok/s (15.894 ms/tok)
[capture] wrote /home/patrickd/s5-capture/s3recap/c1/cap/shard_p69_s000533.dspc  533 tok x (3 taps + 1 lm_in) x 4096 = 16.7 MB (32.0 KB/tok)
[probe] wrote 16 draft probes (block=5) to /home/patrickd/s5-capture/s3recap/c1/cap/drafts_p69_s000533.txt
[spec] decoding 8 tokens (block=5, draft passes=1, adaptK=1.50, prompt=69 s=534)...
  [margins] 11.55 15.17 13.23 5.74 0.36  K=5
  verify 1: accepted 3/4 (K=5) + correction -> +4 tokens (149.4 ms)  cpos=537
  [margins] 12.31 14.40 10.25 14.68 9.86  K=6
  verify 2: accepted 5/5 (K=6) + correction -> +6 tokens (169.3 ms)  cpos=543

[spec] generated 10 tokens over 2 verifies: mean tokens/verify = 5.00 (block=5, max 6)
[spec] tokens: 3480 9609 14 436 19972 295 260 3549 6315 16
[spec] SPEC-DECODE: 28.2 ms/tok = 35.45 tok/s  (vs base M=1 68.8 ms/tok = 14.53 tok/s -> 2.44x)
[decode] PREFILL: 563 positions in 8945.4 ms = 62.9 tok/s (15.889 ms/tok)
[capture] wrote /home/patrickd/s5-capture/s3recap/c1/cap/shard_p70_s000563.dspc  563 tok x (3 taps + 1 lm_in) x 4096 = 17.6 MB (32.0 KB/tok)
[probe] wrote 16 draft probes (block=5) to /home/patrickd/s5-capture/s3recap/c1/cap/drafts_p70_s000563.txt
[spec] decoding 8 tokens (block=5, draft passes=1, adaptK=1.50, prompt=70 s=564)...
  [margins] 15.64 13.76 9.87 10.15 12.01  K=6
  verify 1: accepted 5/5 (K=6) + correction -> +6 tokens (171.8 ms)  cpos=569
  [margins] 8.05 9.78 13.99 12.51 9.42  K=6
  verify 2: accepted 5/5 (K=6) + correction -> +6 tokens (162.0 ms)  cpos=575

[spec] generated 12 tokens over 2 verifies: mean tokens/verify = 6.00 (block=5, max 6)
[spec] tokens: 14456 4343 16 223 14456 4343 16 223 14456 4343 16 223
[spec] SPEC-DECODE: 27.0 ms/tok = 37.03 tok/s  (vs base M=1 68.8 ms/tok = 14.53 tok/s -> 2.55x)
[decode] PREFILL: 532 positions in 8453.5 ms = 62.9 tok/s (15.890 ms/tok)
[capture] wrote /home/patrickd/s5-capture/s3recap/c1/cap/shard_p71_s000532.dspc  532 tok x (3 taps + 1 lm_in) x 4096 = 16.6 MB (32.0 KB/tok)
[probe] wrote 16 draft probes (block=5) to /home/patrickd/s5-capture/s3recap/c1/cap/drafts_p71_s000532.txt
[spec] decoding 8 tokens (block=5, draft passes=1, adaptK=1.50, prompt=71 s=533)...
  [margins] 12.01 9.56 10.04 13.89 7.31  K=6
  verify 1: accepted 5/5 (K=6) + correction -> +6 tokens (167.2 ms)  cpos=538
  [margins] 14.37 16.64 8.92 17.21 19.36  K=6
  verify 2: accepted 5/5 (K=6) + correction -> +6 tokens (172.9 ms)  cpos=544

[spec] generated 12 tokens over 2 verifies: mean tokens/verify = 6.00 (block=5, max 6)
[spec] tokens: 17686 16 7684 82 9636 77 19 16 1366 7562 67 7812
[spec] SPEC-DECODE: 28.8 ms/tok = 34.70 tok/s  (vs base M=1 68.8 ms/tok = 14.53 tok/s -> 2.39x)
[decode] PREFILL: 584 positions in 9291.1 ms = 62.9 tok/s (15.909 ms/tok)
[capture] wrote /home/patrickd/s5-capture/s3recap/c1/cap/shard_p72_s000584.dspc  584 tok x (3 taps + 1 lm_in) x 4096 = 18.3 MB (32.0 KB/tok)
[probe] wrote 16 draft probes (block=5) to /home/patrickd/s5-capture/s3recap/c1/cap/drafts_p72_s000584.txt
[spec] decoding 8 tokens (block=5, draft passes=1, adaptK=1.50, prompt=72 s=585)...
  [margins] 13.50 15.78 15.82 14.29 8.81  K=6
  verify 1: accepted 5/5 (K=6) + correction -> +6 tokens (170.7 ms)  cpos=590
  [margins] 14.75 13.98 4.95 5.81 9.77  K=6
  verify 2: accepted 5/5 (K=6) + correction -> +6 tokens (172.7 ms)  cpos=596

[spec] generated 12 tokens over 2 verifies: mean tokens/verify = 6.00 (block=5, max 6)
[spec] tokens: 21 22185 294 11288 304 1635 223 22 28371 21325 16 1730
[spec] SPEC-DECODE: 28.8 ms/tok = 34.74 tok/s  (vs base M=1 68.8 ms/tok = 14.53 tok/s -> 2.39x)
[decode] PREFILL: 534 positions in 8471.3 ms = 63.0 tok/s (15.864 ms/tok)
[capture] wrote /home/patrickd/s5-capture/s3recap/c1/cap/shard_p73_s000534.dspc  534 tok x (3 taps + 1 lm_in) x 4096 = 16.7 MB (32.0 KB/tok)
[probe] wrote 16 draft probes (block=5) to /home/patrickd/s5-capture/s3recap/c1/cap/drafts_p73_s000534.txt
[spec] decoding 8 tokens (block=5, draft passes=1, adaptK=1.50, prompt=73 s=535)...
  [margins] 14.39 12.61 14.20 14.03 16.03  K=6
  verify 1: accepted 5/5 (K=6) + correction -> +6 tokens (175.4 ms)  cpos=540
  [margins] 15.82 20.52 10.03 10.82 11.45  K=6
  verify 2: accepted 5/5 (K=6) + correction -> +6 tokens (165.9 ms)  cpos=546

[spec] generated 12 tokens over 2 verifies: mean tokens/verify = 6.00 (block=5, max 6)
[spec] tokens: 361 1354 4346 26246 32219 90376 19463 45887 2542 50 1925 84
[spec] SPEC-DECODE: 27.7 ms/tok = 36.17 tok/s  (vs base M=1 68.8 ms/tok = 14.53 tok/s -> 2.49x)
[decode] PREFILL: 528 positions in 8373.6 ms = 63.1 tok/s (15.859 ms/tok)
[capture] wrote /home/patrickd/s5-capture/s3recap/c1/cap/shard_p74_s000528.dspc  528 tok x (3 taps + 1 lm_in) x 4096 = 16.5 MB (32.0 KB/tok)
[probe] wrote 16 draft probes (block=5) to /home/patrickd/s5-capture/s3recap/c1/cap/drafts_p74_s000528.txt
[spec] decoding 8 tokens (block=5, draft passes=1, adaptK=1.50, prompt=74 s=529)...
  [margins] 6.72 0.22 1.94 1.50 1.34  K=2
  verify 1: accepted 1/1 (K=2) + correction -> +2 tokens (108.2 ms)  cpos=530
  [margins] 9.32 7.56 0.09 1.67 0.22  K=3
  verify 2: accepted 2/2 (K=3) + correction -> +3 tokens (117.8 ms)  cpos=533
  [margins] 12.98 15.22 0.08 1.09 0.86  K=3
  verify 3: accepted 2/2 (K=3) + correction -> +3 tokens (119.4 ms)  cpos=536

[spec] generated 8 tokens over 3 verifies: mean tokens/verify = 2.67 (block=5, max 6)
[spec] tokens: 6491 284 11999 112045 560 112045 1044 68540
[spec] SPEC-DECODE: 39.5 ms/tok = 25.30 tok/s  (vs base M=1 68.8 ms/tok = 14.53 tok/s -> 1.74x)
[decode] PREFILL: 539 positions in 8541.5 ms = 63.1 tok/s (15.847 ms/tok)
[capture] wrote /home/patrickd/s5-capture/s3recap/c1/cap/shard_p75_s000539.dspc  539 tok x (3 taps + 1 lm_in) x 4096 = 16.8 MB (32.0 KB/tok)
[probe] wrote 16 draft probes (block=5) to /home/patrickd/s5-capture/s3recap/c1/cap/drafts_p75_s000539.txt
[spec] decoding 8 tokens (block=5, draft passes=1, adaptK=1.50, prompt=75 s=540)...
  [margins] 19.88 14.21 13.86 14.14 8.18  K=6
  verify 1: accepted 5/5 (K=6) + correction -> +6 tokens (173.3 ms)  cpos=545
  [margins] 18.20 13.39 13.56 13.48 8.00  K=6
  verify 2: accepted 5/5 (K=6) + correction -> +6 tokens (165.1 ms)  cpos=551

[spec] generated 12 tokens over 2 verifies: mean tokens/verify = 6.00 (block=5, max 6)
[spec] tokens: 1911 50 60 51 44 88 1911 50 60 51 44 88
[spec] SPEC-DECODE: 27.5 ms/tok = 36.34 tok/s  (vs base M=1 68.8 ms/tok = 14.53 tok/s -> 2.50x)
[decode] PREFILL: 650 positions in 10356.3 ms = 62.8 tok/s (15.933 ms/tok)
[capture] wrote /home/patrickd/s5-capture/s3recap/c1/cap/shard_p76_s000650.dspc  650 tok x (3 taps + 1 lm_in) x 4096 = 20.3 MB (32.0 KB/tok)
[probe] wrote 16 draft probes (block=5) to /home/patrickd/s5-capture/s3recap/c1/cap/drafts_p76_s000650.txt
[spec] decoding 8 tokens (block=5, draft passes=1, adaptK=1.50, prompt=76 s=651)...
  [margins] 10.29 9.26 13.92 8.28 12.75  K=6
  verify 1: accepted 5/5 (K=6) + correction -> +6 tokens (168.5 ms)  cpos=656
  [margins] 10.25 8.64 13.84 7.95 12.85  K=6
  verify 2: accepted 5/5 (K=6) + correction -> +6 tokens (157.5 ms)  cpos=662

[spec] generated 12 tokens over 2 verifies: mean tokens/verify = 6.00 (block=5, max 6)
[spec] tokens: 70404 16 70404 16 70404 16 70404 16 70404 16 70404 16
[spec] SPEC-DECODE: 26.2 ms/tok = 38.10 tok/s  (vs base M=1 68.8 ms/tok = 14.53 tok/s -> 2.62x)
[decode] PREFILL: 550 positions in 8737.1 ms = 62.9 tok/s (15.886 ms/tok)
[capture] wrote /home/patrickd/s5-capture/s3recap/c1/cap/shard_p77_s000550.dspc  550 tok x (3 taps + 1 lm_in) x 4096 = 17.2 MB (32.0 KB/tok)
[probe] wrote 16 draft probes (block=5) to /home/patrickd/s5-capture/s3recap/c1/cap/drafts_p77_s000550.txt
[spec] decoding 8 tokens (block=5, draft passes=1, adaptK=1.50, prompt=77 s=551)...
  [margins] 11.70 13.99 8.79 1.88 2.67  K=6
  verify 1: accepted 5/5 (K=6) + correction -> +6 tokens (172.0 ms)  cpos=556
  [margins] 11.76 5.54 13.49 5.74 3.29  K=6
  verify 2: accepted 5/5 (K=6) + correction -> +6 tokens (164.1 ms)  cpos=562

[spec] generated 12 tokens over 2 verifies: mean tokens/verify = 6.00 (block=5, max 6)
[spec] tokens: 223 24974 14 21344 874 868 2642 271 372 565 23556 304
[spec] SPEC-DECODE: 27.3 ms/tok = 36.57 tok/s  (vs base M=1 68.8 ms/tok = 14.53 tok/s -> 2.52x)
[decode] PREFILL: 676 positions in 10774.5 ms = 62.7 tok/s (15.939 ms/tok)
[capture] wrote /home/patrickd/s5-capture/s3recap/c1/cap/shard_p78_s000676.dspc  676 tok x (3 taps + 1 lm_in) x 4096 = 21.1 MB (32.0 KB/tok)
[probe] wrote 16 draft probes (block=5) to /home/patrickd/s5-capture/s3recap/c1/cap/drafts_p78_s000676.txt
[spec] decoding 8 tokens (block=5, draft passes=1, adaptK=1.50, prompt=78 s=677)...
  [margins] 18.17 13.32 14.38 21.09 14.76  K=6
  verify 1: accepted 5/5 (K=6) + correction -> +6 tokens (173.7 ms)  cpos=682
  [margins] 9.05 16.01 13.64 12.68 12.85  K=6
  verify 2: accepted 5/5 (K=6) + correction -> +6 tokens (174.2 ms)  cpos=688

[spec] generated 12 tokens over 2 verifies: mean tokens/verify = 6.00 (block=5, max 6)
[spec] tokens: 260 438 223 20 14 291 438 223 21 14 274 438
[spec] SPEC-DECODE: 29.0 ms/tok = 34.44 tok/s  (vs base M=1 68.8 ms/tok = 14.53 tok/s -> 2.37x)
[decode] PREFILL: 676 positions in 10779.7 ms = 62.7 tok/s (15.946 ms/tok)
[capture] wrote /home/patrickd/s5-capture/s3recap/c1/cap/shard_p79_s000676.dspc  676 tok x (3 taps + 1 lm_in) x 4096 = 21.1 MB (32.0 KB/tok)
[probe] wrote 16 draft probes (block=5) to /home/patrickd/s5-capture/s3recap/c1/cap/drafts_p79_s000676.txt
[spec] decoding 8 tokens (block=5, draft passes=1, adaptK=1.50, prompt=79 s=677)...
  [margins] 0.97 5.22 4.98 4.86 4.12  K=6
  verify 1: accepted 0/5 (K=6) + correction -> +1 tokens (173.0 ms)  cpos=677
  [margins] 6.53 5.87 4.74 5.68 6.86  K=6
  verify 2: accepted 5/5 (K=6) + correction -> +6 tokens (170.3 ms)  cpos=683
  [margins] 17.19 13.46 16.49 15.87 10.80  K=6
  verify 3: accepted 5/5 (K=6) + correction -> +6 tokens (173.8 ms)  cpos=689

[spec] generated 13 tokens over 3 verifies: mean tokens/verify = 4.33 (block=5, max 6)
[spec] tokens: 120036 418 957 19 16 20 79 101414 29575 14 1320 11 538
[spec] SPEC-DECODE: 28.7 ms/tok = 34.87 tok/s  (vs base M=1 68.8 ms/tok = 14.53 tok/s -> 2.40x)
[decode] PREFILL: 530 positions in 8435.8 ms = 62.8 tok/s (15.917 ms/tok)
[capture] wrote /home/patrickd/s5-capture/s3recap/c1/cap/shard_p80_s000530.dspc  530 tok x (3 taps + 1 lm_in) x 4096 = 16.6 MB (32.0 KB/tok)
[probe] wrote 16 draft probes (block=5) to /home/patrickd/s5-capture/s3recap/c1/cap/drafts_p80_s000530.txt
[spec] decoding 8 tokens (block=5, draft passes=1, adaptK=1.50, prompt=80 s=531)...
  [margins] 15.39 12.38 15.63 12.53 8.56  K=6
  verify 1: accepted 5/5 (K=6) + correction -> +6 tokens (175.6 ms)  cpos=536
  [margins] 19.70 15.62 16.90 13.94 13.05  K=6
  verify 2: accepted 5/5 (K=6) + correction -> +6 tokens (169.2 ms)  cpos=542

[spec] generated 12 tokens over 2 verifies: mean tokens/verify = 6.00 (block=5, max 6)
[spec] tokens: 3132 1936 260 9051 121847 1055 260 5159 15534 344 1082 1009
[spec] SPEC-DECODE: 28.2 ms/tok = 35.47 tok/s  (vs base M=1 68.8 ms/tok = 14.53 tok/s -> 2.44x)
[decode] PREFILL: 576 positions in 9144.5 ms = 63.0 tok/s (15.876 ms/tok)
[capture] wrote /home/patrickd/s5-capture/s3recap/c1/cap/shard_p81_s000576.dspc  576 tok x (3 taps + 1 lm_in) x 4096 = 18.0 MB (32.0 KB/tok)
[probe] wrote 16 draft probes (block=5) to /home/patrickd/s5-capture/s3recap/c1/cap/drafts_p81_s000576.txt
[spec] decoding 8 tokens (block=5, draft passes=1, adaptK=1.50, prompt=81 s=577)...
  [margins] 14.88 9.16 4.58 7.48 4.31  K=6
  verify 1: accepted 5/5 (K=6) + correction -> +6 tokens (157.3 ms)  cpos=582
  [margins] 14.43 9.02 4.75 7.49 5.13  K=6
  verify 2: accepted 5/5 (K=6) + correction -> +6 tokens (160.7 ms)  cpos=588

[spec] generated 12 tokens over 2 verifies: mean tokens/verify = 6.00 (block=5, max 6)
[spec] tokens: 52010 271 69544 52010 271 69544 52010 271 69544 52010 271 69544
[spec] SPEC-DECODE: 26.8 ms/tok = 37.33 tok/s  (vs base M=1 68.8 ms/tok = 14.53 tok/s -> 2.57x)
[decode] PREFILL: 598 positions in 9515.7 ms = 62.8 tok/s (15.912 ms/tok)
[capture] wrote /home/patrickd/s5-capture/s3recap/c1/cap/shard_p82_s000598.dspc  598 tok x (3 taps + 1 lm_in) x 4096 = 18.7 MB (32.0 KB/tok)
[probe] wrote 16 draft probes (block=5) to /home/patrickd/s5-capture/s3recap/c1/cap/drafts_p82_s000598.txt
[spec] decoding 8 tokens (block=5, draft passes=1, adaptK=1.50, prompt=82 s=599)...
  [margins] 8.85 3.84 6.87 2.38 3.66  K=6
  verify 1: accepted 5/5 (K=6) + correction -> +6 tokens (175.6 ms)  cpos=604
  [margins] 12.23 19.75 10.47 3.55 8.22  K=6
  verify 2: accepted 5/5 (K=6) + correction -> +6 tokens (166.8 ms)  cpos=610

[spec] generated 12 tokens over 2 verifies: mean tokens/verify = 6.00 (block=5, max 6)
[spec] tokens: 260 4105 16 292 50 14 270 3967 14 344 554 260
[spec] SPEC-DECODE: 27.8 ms/tok = 35.97 tok/s  (vs base M=1 68.8 ms/tok = 14.53 tok/s -> 2.47x)
[decode] PREFILL: 531 positions in 8434.8 ms = 63.0 tok/s (15.885 ms/tok)
[capture] wrote /home/patrickd/s5-capture/s3recap/c1/cap/shard_p83_s000531.dspc  531 tok x (3 taps + 1 lm_in) x 4096 = 16.6 MB (32.0 KB/tok)
[probe] wrote 16 draft probes (block=5) to /home/patrickd/s5-capture/s3recap/c1/cap/drafts_p83_s000531.txt
[spec] decoding 8 tokens (block=5, draft passes=1, adaptK=1.50, prompt=83 s=532)...
  [margins] 13.43 12.10 12.41 14.32 7.30  K=6
  verify 1: accepted 5/5 (K=6) + correction -> +6 tokens (178.0 ms)  cpos=537
  [margins] 15.68 12.90 12.68 5.95 5.55  K=6
  verify 2: accepted 5/5 (K=6) + correction -> +6 tokens (166.8 ms)  cpos=543

[spec] generated 12 tokens over 2 verifies: mean tokens/verify = 6.00 (block=5, max 6)
[spec] tokens: 304 1946 260 6616 396 344 2455 362 1026 3917 16 342
[spec] SPEC-DECODE: 27.8 ms/tok = 35.97 tok/s  (vs base M=1 68.8 ms/tok = 14.53 tok/s -> 2.47x)
[decode] PREFILL: 1060 positions in 17083.7 ms = 62.0 tok/s (16.117 ms/tok)
[capture] wrote /home/patrickd/s5-capture/s3recap/c1/cap/shard_p84_s001060.dspc  1060 tok x (3 taps + 1 lm_in) x 4096 = 33.1 MB (32.0 KB/tok)
[probe] wrote 16 draft probes (block=5) to /home/patrickd/s5-capture/s3recap/c1/cap/drafts_p84_s001060.txt
[spec] decoding 8 tokens (block=5, draft passes=1, adaptK=1.50, prompt=84 s=1061)...
  [margins] 16.58 17.73 17.34 5.22 8.48  K=6
  verify 1: accepted 5/5 (K=6) + correction -> +6 tokens (177.3 ms)  cpos=1066
  [margins] 16.29 10.43 12.04 11.30 9.23  K=6
  verify 2: accepted 5/5 (K=6) + correction -> +6 tokens (179.7 ms)  cpos=1072

[spec] generated 12 tokens over 2 verifies: mean tokens/verify = 6.00 (block=5, max 6)
[spec] tokens: 856 7 8369 294 411 373 27 13 4018 2549 270 1975
[spec] SPEC-DECODE: 29.9 ms/tok = 33.40 tok/s  (vs base M=1 68.8 ms/tok = 14.53 tok/s -> 2.30x)
[decode] PREFILL: 563 positions in 8947.8 ms = 62.9 tok/s (15.893 ms/tok)
[capture] wrote /home/patrickd/s5-capture/s3recap/c1/cap/shard_p85_s000563.dspc  563 tok x (3 taps + 1 lm_in) x 4096 = 17.6 MB (32.0 KB/tok)
[probe] wrote 16 draft probes (block=5) to /home/patrickd/s5-capture/s3recap/c1/cap/drafts_p85_s000563.txt
[spec] decoding 8 tokens (block=5, draft passes=1, adaptK=1.50, prompt=85 s=564)...
  [margins] 16.82 3.56 3.97 5.45 9.91  K=6
  verify 1: accepted 5/5 (K=6) + correction -> +6 tokens (173.7 ms)  cpos=569
  [margins] 19.13 16.80 17.05 15.57 18.37  K=6
  verify 2: accepted 5/5 (K=6) + correction -> +6 tokens (167.0 ms)  cpos=575

[spec] generated 12 tokens over 2 verifies: mean tokens/verify = 6.00 (block=5, max 6)
[spec] tokens: 223 23 940 223 21 940 223 20 438 223 553 271
[spec] SPEC-DECODE: 27.8 ms/tok = 35.93 tok/s  (vs base M=1 68.8 ms/tok = 14.53 tok/s -> 2.47x)
[decode] PREFILL: 644 positions in 10265.7 ms = 62.7 tok/s (15.941 ms/tok)
[capture] wrote /home/patrickd/s5-capture/s3recap/c1/cap/shard_p86_s000644.dspc  644 tok x (3 taps + 1 lm_in) x 4096 = 20.1 MB (32.0 KB/tok)
[probe] wrote 16 draft probes (block=5) to /home/patrickd/s5-capture/s3recap/c1/cap/drafts_p86_s000644.txt
[spec] decoding 8 tokens (block=5, draft passes=1, adaptK=1.50, prompt=86 s=645)...
  [margins] 9.35 11.06 8.13 9.06 5.40  K=6
  verify 1: accepted 5/5 (K=6) + correction -> +6 tokens (160.3 ms)  cpos=650
  [margins] 8.88 11.61 8.26 8.47 4.47  K=6
  verify 2: accepted 5/5 (K=6) + correction -> +6 tokens (166.7 ms)  cpos=656

[spec] generated 12 tokens over 2 verifies: mean tokens/verify = 6.00 (block=5, max 6)
[spec] tokens: 16 455 16 455 16 455 16 455 16 455 16 455
[spec] SPEC-DECODE: 27.8 ms/tok = 36.00 tok/s  (vs base M=1 68.8 ms/tok = 14.53 tok/s -> 2.48x)
[decode] PREFILL: 621 positions in 9873.2 ms = 62.9 tok/s (15.899 ms/tok)
[capture] wrote /home/patrickd/s5-capture/s3recap/c1/cap/shard_p87_s000621.dspc  621 tok x (3 taps + 1 lm_in) x 4096 = 19.4 MB (32.0 KB/tok)
[probe] wrote 16 draft probes (block=5) to /home/patrickd/s5-capture/s3recap/c1/cap/drafts_p87_s000621.txt
[spec] decoding 8 tokens (block=5, draft passes=1, adaptK=1.50, prompt=87 s=622)...
  [margins] 11.89 14.32 16.22 10.76 9.95  K=6
  verify 1: accepted 5/5 (K=6) + correction -> +6 tokens (169.2 ms)  cpos=627
  [margins] 11.92 13.27 16.92 10.00 10.86  K=6
  verify 2: accepted 5/5 (K=6) + correction -> +6 tokens (173.8 ms)  cpos=633

[spec] generated 12 tokens over 2 verifies: mean tokens/verify = 6.00 (block=5, max 6)
[spec] tokens: 14 1119 11394 16 721 118599 14 1119 11394 16 721 118599
[spec] SPEC-DECODE: 29.0 ms/tok = 34.52 tok/s  (vs base M=1 68.8 ms/tok = 14.53 tok/s -> 2.38x)
[decode] PREFILL: 641 positions in 10231.5 ms = 62.6 tok/s (15.962 ms/tok)
[capture] wrote /home/patrickd/s5-capture/s3recap/c1/cap/shard_p88_s000641.dspc  641 tok x (3 taps + 1 lm_in) x 4096 = 20.0 MB (32.0 KB/tok)
[probe] wrote 16 draft probes (block=5) to /home/patrickd/s5-capture/s3recap/c1/cap/drafts_p88_s000641.txt
[spec] decoding 8 tokens (block=5, draft passes=1, adaptK=1.50, prompt=88 s=642)...
  [margins] 17.41 14.55 10.52 5.52 6.93  K=6
  verify 1: accepted 5/5 (K=6) + correction -> +6 tokens (176.3 ms)  cpos=647
  [margins] 19.03 12.59 12.73 4.97 8.51  K=6
  verify 2: accepted 5/5 (K=6) + correction -> +6 tokens (175.0 ms)  cpos=653

[spec] generated 12 tokens over 2 verifies: mean tokens/verify = 6.00 (block=5, max 6)
[spec] tokens: 342 1114 1926 1066 16 455 2496 1531 1605 270 3967 734
[spec] SPEC-DECODE: 29.2 ms/tok = 34.29 tok/s  (vs base M=1 68.8 ms/tok = 14.53 tok/s -> 2.36x)
[decode] PREFILL: 528 positions in 8363.1 ms = 63.1 tok/s (15.839 ms/tok)
[capture] wrote /home/patrickd/s5-capture/s3recap/c1/cap/shard_p89_s000528.dspc  528 tok x (3 taps + 1 lm_in) x 4096 = 16.5 MB (32.0 KB/tok)
[probe] wrote 16 draft probes (block=5) to /home/patrickd/s5-capture/s3recap/c1/cap/drafts_p89_s000528.txt
[spec] decoding 8 tokens (block=5, draft passes=1, adaptK=1.50, prompt=89 s=529)...
  [margins] 8.07 9.66 9.18 12.81 7.05  K=6
  verify 1: accepted 5/5 (K=6) + correction -> +6 tokens (161.2 ms)  cpos=534
  [margins] 8.31 9.30 8.28 11.75 5.81  K=6
  verify 2: accepted 5/5 (K=6) + correction -> +6 tokens (162.8 ms)  cpos=540

[spec] generated 12 tokens over 2 verifies: mean tokens/verify = 6.00 (block=5, max 6)
[spec] tokens: 33 50 33 50 33 50 33 50 33 50 33 50
[spec] SPEC-DECODE: 27.1 ms/tok = 36.85 tok/s  (vs base M=1 68.8 ms/tok = 14.53 tok/s -> 2.54x)
[decode] PREFILL: 602 positions in 9574.6 ms = 62.9 tok/s (15.905 ms/tok)
[capture] wrote /home/patrickd/s5-capture/s3recap/c1/cap/shard_p90_s000602.dspc  602 tok x (3 taps + 1 lm_in) x 4096 = 18.8 MB (32.0 KB/tok)
[probe] wrote 16 draft probes (block=5) to /home/patrickd/s5-capture/s3recap/c1/cap/drafts_p90_s000602.txt
[spec] decoding 8 tokens (block=5, draft passes=1, adaptK=1.50, prompt=90 s=603)...
  [margins] 2.31 0.71 0.92 2.60 1.07  K=2
  verify 1: accepted 1/1 (K=2) + correction -> +2 tokens (110.6 ms)  cpos=604
  [margins] 2.29 7.39 0.45 0.22 0.04  K=3
  verify 2: accepted 2/2 (K=3) + correction -> +3 tokens (116.3 ms)  cpos=607
  [margins] 9.24 8.35 9.70 5.32 7.37  K=6
  verify 3: accepted 5/5 (K=6) + correction -> +6 tokens (172.2 ms)  cpos=613

[spec] generated 11 tokens over 3 verifies: mean tokens/verify = 3.67 (block=5, max 6)
[spec] tokens: 3016 14 270 6520 1469 4184 223 19 305 4184 223
[spec] SPEC-DECODE: 32.1 ms/tok = 31.20 tok/s  (vs base M=1 68.8 ms/tok = 14.53 tok/s -> 2.15x)
[decode] PREFILL: 538 positions in 8542.0 ms = 63.0 tok/s (15.877 ms/tok)
[capture] wrote /home/patrickd/s5-capture/s3recap/c1/cap/shard_p91_s000538.dspc  538 tok x (3 taps + 1 lm_in) x 4096 = 16.8 MB (32.0 KB/tok)
[probe] wrote 16 draft probes (block=5) to /home/patrickd/s5-capture/s3recap/c1/cap/drafts_p91_s000538.txt
[spec] decoding 8 tokens (block=5, draft passes=1, adaptK=1.50, prompt=91 s=539)...
  [margins] 18.55 13.67 13.45 9.04 8.02  K=6
  verify 1: accepted 5/5 (K=6) + correction -> +6 tokens (175.4 ms)  cpos=544
  [margins] 18.31 11.16 17.16 17.55 14.62  K=6
  verify 2: accepted 5/5 (K=6) + correction -> +6 tokens (165.7 ms)  cpos=550

[spec] generated 12 tokens over 2 verifies: mean tokens/verify = 6.00 (block=5, max 6)
[spec] tokens: 8897 16 16448 16 105110 16 16448 12865 758 16 16448 4394
[spec] SPEC-DECODE: 27.6 ms/tok = 36.21 tok/s  (vs base M=1 68.8 ms/tok = 14.53 tok/s -> 2.49x)
[decode] PREFILL: 538 positions in 8526.1 ms = 63.1 tok/s (15.848 ms/tok)
[capture] wrote /home/patrickd/s5-capture/s3recap/c1/cap/shard_p92_s000538.dspc  538 tok x (3 taps + 1 lm_in) x 4096 = 16.8 MB (32.0 KB/tok)
[probe] wrote 16 draft probes (block=5) to /home/patrickd/s5-capture/s3recap/c1/cap/drafts_p92_s000538.txt
[spec] decoding 8 tokens (block=5, draft passes=1, adaptK=1.50, prompt=92 s=539)...
  [margins] 16.18 4.26 8.32 0.11 0.94  K=4
  verify 1: accepted 3/3 (K=4) + correction -> +4 tokens (138.6 ms)  cpos=542
  [margins] 13.75 13.65 15.35 14.40 11.74  K=6
  verify 2: accepted 5/5 (K=6) + correction -> +6 tokens (170.5 ms)  cpos=548

[spec] generated 10 tokens over 2 verifies: mean tokens/verify = 5.00 (block=5, max 6)
[spec] tokens: 725 868 35 1666 33730 223 10758 5157 295 223
[spec] SPEC-DECODE: 28.4 ms/tok = 35.19 tok/s  (vs base M=1 68.8 ms/tok = 14.53 tok/s -> 2.42x)
[decode] PREFILL: 542 positions in 8600.8 ms = 63.0 tok/s (15.869 ms/tok)
[capture] wrote /home/patrickd/s5-capture/s3recap/c1/cap/shard_p93_s000542.dspc  542 tok x (3 taps + 1 lm_in) x 4096 = 16.9 MB (32.0 KB/tok)
[probe] wrote 16 draft probes (block=5) to /home/patrickd/s5-capture/s3recap/c1/cap/drafts_p93_s000542.txt
[spec] decoding 8 tokens (block=5, draft passes=1, adaptK=1.50, prompt=93 s=543)...
  [margins] 10.12 15.16 16.35 10.99 7.89  K=6
  verify 1: accepted 5/5 (K=6) + correction -> +6 tokens (176.7 ms)  cpos=548
  [margins] 17.23 16.10 17.91 15.46 10.66  K=6
  verify 2: accepted 5/5 (K=6) + correction -> +6 tokens (167.5 ms)  cpos=554

[spec] generated 12 tokens over 2 verifies: mean tokens/verify = 6.00 (block=5, max 6)
[spec] tokens: 455 2019 10340 270 1529 14 778 344 270 2336 3609 294
[spec] SPEC-DECODE: 27.9 ms/tok = 35.83 tok/s  (vs base M=1 68.8 ms/tok = 14.53 tok/s -> 2.47x)
[decode] PREFILL: 673 positions in 10744.1 ms = 62.6 tok/s (15.964 ms/tok)
[capture] wrote /home/patrickd/s5-capture/s3recap/c1/cap/shard_p94_s000673.dspc  673 tok x (3 taps + 1 lm_in) x 4096 = 21.0 MB (32.0 KB/tok)
[probe] wrote 16 draft probes (block=5) to /home/patrickd/s5-capture/s3recap/c1/cap/drafts_p94_s000673.txt
[spec] decoding 8 tokens (block=5, draft passes=1, adaptK=1.50, prompt=94 s=674)...
  [margins] 1.38 3.60 3.03 1.12 5.95  K=4
  verify 1: accepted 3/3 (K=4) + correction -> +4 tokens (138.7 ms)  cpos=677
  [margins] 9.85 2.73 1.34 0.72 1.04  K=3
  verify 2: accepted 2/2 (K=3) + correction -> +3 tokens (123.1 ms)  cpos=680
  [margins] 9.54 4.29 5.63 3.10 2.01  K=6
  verify 3: accepted 5/5 (K=6) + correction -> +6 tokens (166.6 ms)  cpos=686

[spec] generated 13 tokens over 3 verifies: mean tokens/verify = 4.33 (block=5, max 6)
[spec] tokens: 14591 270 12769 7223 362 566 10265 1801 14 778 515 260 24972
[spec] SPEC-DECODE: 32.2 ms/tok = 31.07 tok/s  (vs base M=1 68.8 ms/tok = 14.53 tok/s -> 2.14x)
[decode] PREFILL: 597 positions in 9503.2 ms = 62.8 tok/s (15.918 ms/tok)
[capture] wrote /home/patrickd/s5-capture/s3recap/c1/cap/shard_p95_s000597.dspc  597 tok x (3 taps + 1 lm_in) x 4096 = 18.7 MB (32.0 KB/tok)
[probe] wrote 16 draft probes (block=5) to /home/patrickd/s5-capture/s3recap/c1/cap/drafts_p95_s000597.txt
[spec] decoding 8 tokens (block=5, draft passes=1, adaptK=1.50, prompt=95 s=598)...
  [margins] 15.84 16.24 11.30 12.94 9.87  K=6
  verify 1: accepted 5/5 (K=6) + correction -> +6 tokens (169.9 ms)  cpos=603
  [margins] 17.28 14.29 12.38 11.34 11.95  K=6
  verify 2: accepted 5/5 (K=6) + correction -> +6 tokens (171.6 ms)  cpos=609

[spec] generated 12 tokens over 2 verifies: mean tokens/verify = 6.00 (block=5, max 6)
[spec] tokens: 1117 6704 16 342 759 554 1926 1117 6704 16 342 759
[spec] SPEC-DECODE: 28.6 ms/tok = 34.97 tok/s  (vs base M=1 68.8 ms/tok = 14.53 tok/s -> 2.41x)
[decode] PREFILL: 537 positions in 8517.9 ms = 63.0 tok/s (15.862 ms/tok)
[capture] wrote /home/patrickd/s5-capture/s3recap/c1/cap/shard_p96_s000537.dspc  537 tok x (3 taps + 1 lm_in) x 4096 = 16.8 MB (32.0 KB/tok)
[probe] wrote 16 draft probes (block=5) to /home/patrickd/s5-capture/s3recap/c1/cap/drafts_p96_s000537.txt
[spec] decoding 8 tokens (block=5, draft passes=1, adaptK=1.50, prompt=96 s=538)...
  [margins] 13.84 9.47 11.20 11.83 10.35  K=6
  verify 1: accepted 5/5 (K=6) + correction -> +6 tokens (160.7 ms)  cpos=543
  [margins] 14.69 10.52 11.71 13.75 11.13  K=6
  verify 2: accepted 5/5 (K=6) + correction -> +6 tokens (163.8 ms)  cpos=549

[spec] generated 12 tokens over 2 verifies: mean tokens/verify = 6.00 (block=5, max 6)
[spec] tokens: 88 16 16374 88 16 16374 88 16 16374 88 16 16374
[spec] SPEC-DECODE: 27.3 ms/tok = 36.64 tok/s  (vs base M=1 68.8 ms/tok = 14.53 tok/s -> 2.52x)
[decode] PREFILL: 533 positions in 8463.2 ms = 63.0 tok/s (15.878 ms/tok)
[capture] wrote /home/patrickd/s5-capture/s3recap/c1/cap/shard_p97_s000533.dspc  533 tok x (3 taps + 1 lm_in) x 4096 = 16.7 MB (32.0 KB/tok)
[probe] wrote 16 draft probes (block=5) to /home/patrickd/s5-capture/s3recap/c1/cap/drafts_p97_s000533.txt
[spec] decoding 8 tokens (block=5, draft passes=1, adaptK=1.50, prompt=97 s=534)...
  [margins] 13.94 8.18 11.11 8.61 12.01  K=6
  verify 1: accepted 5/5 (K=6) + correction -> +6 tokens (161.0 ms)  cpos=539
  [margins] 13.85 8.73 11.62 9.78 12.76  K=6
  verify 2: accepted 5/5 (K=6) + correction -> +6 tokens (163.7 ms)  cpos=545

[spec] generated 12 tokens over 2 verifies: mean tokens/verify = 6.00 (block=5, max 6)
[spec] tokens: 16448 16 16448 16 16448 16 16448 16 16448 16 16448 16
[spec] SPEC-DECODE: 27.3 ms/tok = 36.64 tok/s  (vs base M=1 68.8 ms/tok = 14.53 tok/s -> 2.52x)
[decode] PREFILL: 674 positions in 10751.5 ms = 62.7 tok/s (15.952 ms/tok)
[capture] wrote /home/patrickd/s5-capture/s3recap/c1/cap/shard_p98_s000674.dspc  674 tok x (3 taps + 1 lm_in) x 4096 = 21.1 MB (32.0 KB/tok)
[probe] wrote 16 draft probes (block=5) to /home/patrickd/s5-capture/s3recap/c1/cap/drafts_p98_s000674.txt
[spec] decoding 8 tokens (block=5, draft passes=1, adaptK=1.50, prompt=98 s=675)...
  [margins] 13.17 11.19 1.59 7.74 0.61  K=5
  verify 1: accepted 4/4 (K=5) + correction -> +5 tokens (153.7 ms)  cpos=679
  [margins] 18.00 8.51 11.06 0.62 0.16  K=4
  verify 2: accepted 3/3 (K=4) + correction -> +4 tokens (139.6 ms)  cpos=683

[spec] generated 9 tokens over 2 verifies: mean tokens/verify = 4.50 (block=5, max 6)
[spec] tokens: 2924 440 588 696 304 1559 1375 270 1781
[spec] SPEC-DECODE: 34.9 ms/tok = 28.66 tok/s  (vs base M=1 68.8 ms/tok = 14.53 tok/s -> 1.97x)
[decode] PREFILL: 550 positions in 8734.5 ms = 63.0 tok/s (15.881 ms/tok)
[capture] wrote /home/patrickd/s5-capture/s3recap/c1/cap/shard_p99_s000550.dspc  550 tok x (3 taps + 1 lm_in) x 4096 = 17.2 MB (32.0 KB/tok)
[probe] wrote 16 draft probes (block=5) to /home/patrickd/s5-capture/s3recap/c1/cap/drafts_p99_s000550.txt
[spec] decoding 8 tokens (block=5, draft passes=1, adaptK=1.50, prompt=99 s=551)...
  [margins] 13.94 6.91 13.02 0.99 4.78  K=4
  verify 1: accepted 3/3 (K=4) + correction -> +4 tokens (133.3 ms)  cpos=554
  [margins] 13.46 6.99 12.99 0.68 9.01  K=4
  verify 2: accepted 3/3 (K=4) + correction -> +4 tokens (128.6 ms)  cpos=558

[spec] generated 8 tokens over 2 verifies: mean tokens/verify = 4.00 (block=5, max 6)
[spec] tokens: 3749 11 3749 11 3749 11 3749 11
[spec] SPEC-DECODE: 32.2 ms/tok = 31.09 tok/s  (vs base M=1 68.8 ms/tok = 14.53 tok/s -> 2.14x)
[decode] PREFILL: 621 positions in 9879.0 ms = 62.9 tok/s (15.908 ms/tok)
[capture] wrote /home/patrickd/s5-capture/s3recap/c1/cap/shard_p100_s000621.dspc  621 tok x (3 taps + 1 lm_in) x 4096 = 19.4 MB (32.0 KB/tok)
[probe] wrote 16 draft probes (block=5) to /home/patrickd/s5-capture/s3recap/c1/cap/drafts_p100_s000621.txt
[spec] decoding 8 tokens (block=5, draft passes=1, adaptK=1.50, prompt=100 s=622)...
  [margins] 10.33 7.85 11.54 7.16 9.15  K=6
  verify 1: accepted 5/5 (K=6) + correction -> +6 tokens (163.0 ms)  cpos=627
  [margins] 10.75 8.37 11.27 7.88 9.48  K=6
  verify 2: accepted 5/5 (K=6) + correction -> +6 tokens (166.2 ms)  cpos=633

[spec] generated 12 tokens over 2 verifies: mean tokens/verify = 6.00 (block=5, max 6)
[spec] tokens: 455 16 455 16 455 16 455 16 455 16 455 16
[spec] SPEC-DECODE: 27.7 ms/tok = 36.10 tok/s  (vs base M=1 68.8 ms/tok = 14.53 tok/s -> 2.48x)
[decode] PREFILL: 535 positions in 8497.9 ms = 63.0 tok/s (15.884 ms/tok)
[capture] wrote /home/patrickd/s5-capture/s3recap/c1/cap/shard_p101_s000535.dspc  535 tok x (3 taps + 1 lm_in) x 4096 = 16.7 MB (32.0 KB/tok)
[probe] wrote 16 draft probes (block=5) to /home/patrickd/s5-capture/s3recap/c1/cap/drafts_p101_s000535.txt
[spec] decoding 8 tokens (block=5, draft passes=1, adaptK=1.50, prompt=101 s=536)...
  [margins] 1.64 1.39 0.87 6.32 0.16  K=2
  verify 1: accepted 1/1 (K=2) + correction -> +2 tokens (111.2 ms)  cpos=537
  [margins] 13.20 0.68 7.95 1.78 0.33  K=2
  verify 2: accepted 1/1 (K=2) + correction -> +2 tokens (103.6 ms)  cpos=539
  [margins] 13.00 0.97 8.85 9.37 7.23  K=2
  verify 3: accepted 1/1 (K=2) + correction -> +2 tokens (106.2 ms)  cpos=541
  [margins] 9.95 9.80 9.87 8.23 2.91  K=6
  verify 4: accepted 5/5 (K=6) + correction -> +6 tokens (168.7 ms)  cpos=547

[spec] generated 12 tokens over 4 verifies: mean tokens/verify = 3.00 (block=5, max 6)
[spec] tokens: 305 1918 554 611 1117 12123 16 455 2019 344 260 1894
[spec] SPEC-DECODE: 37.9 ms/tok = 26.42 tok/s  (vs base M=1 68.8 ms/tok = 14.53 tok/s -> 1.82x)
[decode] PREFILL: 526 positions in 8339.1 ms = 63.1 tok/s (15.854 ms/tok)
[capture] wrote /home/patrickd/s5-capture/s3recap/c1/cap/shard_p102_s000526.dspc  526 tok x (3 taps + 1 lm_in) x 4096 = 16.4 MB (32.0 KB/tok)
[probe] wrote 16 draft probes (block=5) to /home/patrickd/s5-capture/s3recap/c1/cap/drafts_p102_s000526.txt
[spec] decoding 8 tokens (block=5, draft passes=1, adaptK=1.50, prompt=102 s=527)...
  [margins] 11.05 4.50 6.91 11.59 10.50  K=6
  verify 1: accepted 5/5 (K=6) + correction -> +6 tokens (172.5 ms)  cpos=532
  [margins] 15.94 11.26 12.49 10.53 6.17  K=6
  verify 2: accepted 4/5 (K=6) + correction -> +5 tokens (165.9 ms)  cpos=537

[spec] generated 11 tokens over 2 verifies: mean tokens/verify = 5.50 (block=5, max 6)
[spec] tokens: 403 318 685 6229 8286 16 223 792 27 16 260
[spec] SPEC-DECODE: 33.2 ms/tok = 30.14 tok/s  (vs base M=1 68.8 ms/tok = 14.53 tok/s -> 2.07x)
[decode] PREFILL: 987 positions in 15835.5 ms = 62.3 tok/s (16.044 ms/tok)
[capture] wrote /home/patrickd/s5-capture/s3recap/c1/cap/shard_p103_s000987.dspc  987 tok x (3 taps + 1 lm_in) x 4096 = 30.8 MB (32.0 KB/tok)
[probe] wrote 16 draft probes (block=5) to /home/patrickd/s5-capture/s3recap/c1/cap/drafts_p103_s000987.txt
[spec] decoding 8 tokens (block=5, draft passes=1, adaptK=1.50, prompt=103 s=988)...
  [margins] 4.01 10.53 5.03 2.34 2.94  K=6
  verify 1: accepted 2/5 (K=6) + correction -> +3 tokens (181.1 ms)  cpos=990
  [margins] 7.94 9.28 11.96 11.50 10.13  K=6
  verify 2: accepted 5/5 (K=6) + correction -> +6 tokens (177.9 ms)  cpos=996

[spec] generated 9 tokens over 2 verifies: mean tokens/verify = 4.50 (block=5, max 6)
[spec] tokens: 295 223 1357 19 33 1999 344 270 2329
[spec] SPEC-DECODE: 29.6 ms/tok = 33.73 tok/s  (vs base M=1 68.8 ms/tok = 14.53 tok/s -> 2.32x)
[decode] PREFILL: 673 positions in 10746.7 ms = 62.6 tok/s (15.968 ms/tok)
[capture] wrote /home/patrickd/s5-capture/s3recap/c1/cap/shard_p104_s000673.dspc  673 tok x (3 taps + 1 lm_in) x 4096 = 21.0 MB (32.0 KB/tok)
[probe] wrote 16 draft probes (block=5) to /home/patrickd/s5-capture/s3recap/c1/cap/drafts_p104_s000673.txt
[spec] decoding 8 tokens (block=5, draft passes=1, adaptK=1.50, prompt=104 s=674)...
  [margins] 0.80 0.05 2.05 1.43 1.27  K=2
  verify 1: accepted 1/1 (K=2) + correction -> +2 tokens (109.7 ms)  cpos=675
  [margins] 2.54 1.38 0.74 0.68 0.05  K=2
  verify 2: accepted 1/1 (K=2) + correction -> +2 tokens (108.9 ms)  cpos=677
  [margins] 4.87 1.07 2.11 4.86 0.40  K=2
  verify 3: accepted 1/1 (K=2) + correction -> +2 tokens (103.0 ms)  cpos=679
  [margins] 5.84 0.61 2.28 1.97 5.01  K=2
  verify 4: accepted 1/1 (K=2) + correction -> +2 tokens (108.0 ms)  cpos=681

[spec] generated 8 tokens over 4 verifies: mean tokens/verify = 2.00 (block=5, max 6)
[spec] tokens: 16 2566 515 1119 5827 1438 260 4047
[spec] SPEC-DECODE: 53.3 ms/tok = 18.76 tok/s  (vs base M=1 68.8 ms/tok = 14.53 tok/s -> 1.29x)
[decode] PREFILL: 532 positions in 8455.2 ms = 62.9 tok/s (15.893 ms/tok)
[capture] wrote /home/patrickd/s5-capture/s3recap/c1/cap/shard_p105_s000532.dspc  532 tok x (3 taps + 1 lm_in) x 4096 = 16.6 MB (32.0 KB/tok)
[probe] wrote 16 draft probes (block=5) to /home/patrickd/s5-capture/s3recap/c1/cap/drafts_p105_s000532.txt
[spec] decoding 8 tokens (block=5, draft passes=1, adaptK=1.50, prompt=105 s=533)...
  [margins] 6.94 6.32 10.79 7.00 9.11  K=6
  verify 1: accepted 5/5 (K=6) + correction -> +6 tokens (172.5 ms)  cpos=538
  [margins] 15.59 23.43 12.37 5.67 9.31  K=6
  verify 2: accepted 5/5 (K=6) + correction -> +6 tokens (175.7 ms)  cpos=544

[spec] generated 12 tokens over 2 verifies: mean tokens/verify = 6.00 (block=5, max 6)
[spec] tokens: 378 760 1227 2111 16 334 1411 265 61671 11851 330 1898
[spec] SPEC-DECODE: 29.3 ms/tok = 34.15 tok/s  (vs base M=1 68.8 ms/tok = 14.53 tok/s -> 2.35x)
[decode] PREFILL: 675 positions in 10763.2 ms = 62.7 tok/s (15.945 ms/tok)
[capture] wrote /home/patrickd/s5-capture/s3recap/c1/cap/shard_p106_s000675.dspc  675 tok x (3 taps + 1 lm_in) x 4096 = 21.1 MB (32.0 KB/tok)
[probe] wrote 16 draft probes (block=5) to /home/patrickd/s5-capture/s3recap/c1/cap/drafts_p106_s000675.txt
[spec] decoding 8 tokens (block=5, draft passes=1, adaptK=1.50, prompt=106 s=676)...
  [margins] 11.98 9.61 9.03 7.92 3.55  K=6
  verify 1: accepted 5/5 (K=6) + correction -> +6 tokens (175.6 ms)  cpos=681
  [margins] 15.22 16.01 12.52 6.62 8.47  K=6
  verify 2: accepted 5/5 (K=6) + correction -> +6 tokens (168.6 ms)  cpos=687

[spec] generated 12 tokens over 2 verifies: mean tokens/verify = 6.00 (block=5, max 6)
[spec] tokens: 16 455 11284 344 304 1347 260 2310 26711 396 15170 260
[spec] SPEC-DECODE: 28.1 ms/tok = 35.58 tok/s  (vs base M=1 68.8 ms/tok = 14.53 tok/s -> 2.45x)
[decode] PREFILL: 553 positions in 8783.0 ms = 63.0 tok/s (15.882 ms/tok)
[capture] wrote /home/patrickd/s5-capture/s3recap/c1/cap/shard_p107_s000553.dspc  553 tok x (3 taps + 1 lm_in) x 4096 = 17.3 MB (32.0 KB/tok)
[probe] wrote 16 draft probes (block=5) to /home/patrickd/s5-capture/s3recap/c1/cap/drafts_p107_s000553.txt
[spec] decoding 8 tokens (block=5, draft passes=1, adaptK=1.50, prompt=107 s=554)...
  [margins] 12.81 13.56 17.16 11.43 4.18  K=6
  verify 1: accepted 5/5 (K=6) + correction -> +6 tokens (170.9 ms)  cpos=559
  [margins] 13.10 5.57 10.06 6.91 6.20  K=6
  verify 2: accepted 5/5 (K=6) + correction -> +6 tokens (170.6 ms)  cpos=565

[spec] generated 12 tokens over 2 verifies: mean tokens/verify = 6.00 (block=5, max 6)
[spec] tokens: 362 1660 12121 16 455 2753 294 7513 51 28 334 3817
[spec] SPEC-DECODE: 28.4 ms/tok = 35.17 tok/s  (vs base M=1 68.8 ms/tok = 14.53 tok/s -> 2.42x)
[decode] PREFILL: 673 positions in 10741.3 ms = 62.7 tok/s (15.960 ms/tok)
[capture] wrote /home/patrickd/s5-capture/s3recap/c1/cap/shard_p108_s000673.dspc  673 tok x (3 taps + 1 lm_in) x 4096 = 21.0 MB (32.0 KB/tok)
[probe] wrote 16 draft probes (block=5) to /home/patrickd/s5-capture/s3recap/c1/cap/drafts_p108_s000673.txt
[spec] decoding 8 tokens (block=5, draft passes=1, adaptK=1.50, prompt=108 s=674)...
  [margins] 8.46 6.87 2.25 4.60 7.91  K=6
  verify 1: accepted 2/5 (K=6) + correction -> +3 tokens (164.8 ms)  cpos=676
  [margins] 8.51 8.77 1.34 7.21 2.80  K=3
  verify 2: accepted 2/2 (K=3) + correction -> +3 tokens (115.1 ms)  cpos=679
  [margins] 13.06 10.44 7.34 2.02 10.44  K=6
  verify 3: accepted 3/5 (K=6) + correction -> +4 tokens (167.8 ms)  cpos=683

[spec] generated 10 tokens over 3 verifies: mean tokens/verify = 3.33 (block=5, max 6)
[spec] tokens: 3749 11 67629 3749 11 27797 10939 3749 11 2704
[spec] SPEC-DECODE: 40.4 ms/tok = 24.74 tok/s  (vs base M=1 68.8 ms/tok = 14.53 tok/s -> 1.70x)
[decode] PREFILL: 526 positions in 8335.4 ms = 63.1 tok/s (15.847 ms/tok)
[capture] wrote /home/patrickd/s5-capture/s3recap/c1/cap/shard_p109_s000526.dspc  526 tok x (3 taps + 1 lm_in) x 4096 = 16.4 MB (32.0 KB/tok)
[probe] wrote 16 draft probes (block=5) to /home/patrickd/s5-capture/s3recap/c1/cap/drafts_p109_s000526.txt
[spec] decoding 8 tokens (block=5, draft passes=1, adaptK=1.50, prompt=109 s=527)...
  [margins] 10.51 12.59 15.37 19.58 12.41  K=6
  verify 1: accepted 5/5 (K=6) + correction -> +6 tokens (170.7 ms)  cpos=532
  [margins] 12.76 16.70 20.74 11.71 4.38  K=6
  verify 2: accepted 5/5 (K=6) + correction -> +6 tokens (162.2 ms)  cpos=538

[spec] generated 12 tokens over 2 verifies: mean tokens/verify = 6.00 (block=5, max 6)
[spec] tokens: 30750 16 17125 1836 16 30750 16 17125 1836 16 30750 16
[spec] SPEC-DECODE: 27.0 ms/tok = 36.98 tok/s  (vs base M=1 68.8 ms/tok = 14.53 tok/s -> 2.54x)
[decode] PREFILL: 533 positions in 8464.4 ms = 63.0 tok/s (15.881 ms/tok)
[capture] wrote /home/patrickd/s5-capture/s3recap/c1/cap/shard_p110_s000533.dspc  533 tok x (3 taps + 1 lm_in) x 4096 = 16.7 MB (32.0 KB/tok)
[probe] wrote 16 draft probes (block=5) to /home/patrickd/s5-capture/s3recap/c1/cap/drafts_p110_s000533.txt
[spec] decoding 8 tokens (block=5, draft passes=1, adaptK=1.50, prompt=110 s=534)...
  [margins] 16.23 14.22 12.84 10.12 9.27  K=6
  verify 1: accepted 5/5 (K=6) + correction -> +6 tokens (170.3 ms)  cpos=539
  [margins] 10.82 4.78 0.80 7.98 6.42  K=3
  verify 2: accepted 2/2 (K=3) + correction -> +3 tokens (119.9 ms)  cpos=542

[spec] generated 9 tokens over 2 verifies: mean tokens/verify = 4.50 (block=5, max 6)
[spec] tokens: 14 5508 2605 1823 5375 4181 2155 698 1095
[spec] SPEC-DECODE: 40.0 ms/tok = 25.03 tok/s  (vs base M=1 68.8 ms/tok = 14.53 tok/s -> 1.72x)
[decode] PREFILL: 1795 positions in 29486.6 ms = 60.9 tok/s (16.427 ms/tok)
[capture] wrote /home/patrickd/s5-capture/s3recap/c1/cap/shard_p111_s001795.dspc  1795 tok x (3 taps + 1 lm_in) x 4096 = 56.1 MB (32.0 KB/tok)
[probe] wrote 16 draft probes (block=5) to /home/patrickd/s5-capture/s3recap/c1/cap/drafts_p111_s001795.txt
[spec] decoding 8 tokens (block=5, draft passes=1, adaptK=1.50, prompt=111 s=1796)...
  [margins] 18.24 15.83 11.35 7.23 10.37  K=6
  verify 1: accepted 5/5 (K=6) + correction -> +6 tokens (191.6 ms)  cpos=1801
  [margins] 7.47 11.12 10.33 8.95 10.10  K=6
  verify 2: accepted 5/5 (K=6) + correction -> +6 tokens (177.6 ms)  cpos=1807

[spec] generated 12 tokens over 2 verifies: mean tokens/verify = 6.00 (block=5, max 6)
[spec] tokens: 532 71 294 270 11707 16 2483 223 24 5513 14 468
[spec] SPEC-DECODE: 29.6 ms/tok = 33.78 tok/s  (vs base M=1 68.8 ms/tok = 14.53 tok/s -> 2.32x)
[decode] PREFILL: 536 positions in 8496.3 ms = 63.1 tok/s (15.851 ms/tok)
[capture] wrote /home/patrickd/s5-capture/s3recap/c1/cap/shard_p112_s000536.dspc  536 tok x (3 taps + 1 lm_in) x 4096 = 16.8 MB (32.0 KB/tok)
[probe] wrote 16 draft probes (block=5) to /home/patrickd/s5-capture/s3recap/c1/cap/drafts_p112_s000536.txt
[spec] decoding 8 tokens (block=5, draft passes=1, adaptK=1.50, prompt=112 s=537)...
  [margins] 13.67 11.91 13.66 11.04 11.76  K=6
  verify 1: accepted 5/5 (K=6) + correction -> +6 tokens (160.6 ms)  cpos=542
  [margins] 13.95 11.13 13.07 11.14 12.56  K=6
  verify 2: accepted 5/5 (K=6) + correction -> +6 tokens (162.5 ms)  cpos=548

[spec] generated 12 tokens over 2 verifies: mean tokens/verify = 6.00 (block=5, max 6)
[spec] tokens: 13894 50 13894 50 13894 50 13894 50 13894 50 13894 50
[spec] SPEC-DECODE: 27.1 ms/tok = 36.92 tok/s  (vs base M=1 68.8 ms/tok = 14.53 tok/s -> 2.54x)
[decode] PREFILL: 676 positions in 10777.2 ms = 62.7 tok/s (15.943 ms/tok)
[capture] wrote /home/patrickd/s5-capture/s3recap/c1/cap/shard_p113_s000676.dspc  676 tok x (3 taps + 1 lm_in) x 4096 = 21.1 MB (32.0 KB/tok)
[probe] wrote 16 draft probes (block=5) to /home/patrickd/s5-capture/s3recap/c1/cap/drafts_p113_s000676.txt
[spec] decoding 8 tokens (block=5, draft passes=1, adaptK=1.50, prompt=113 s=677)...
  [margins] 2.36 1.21 0.54 0.62 1.10  K=2
  verify 1: accepted 1/1 (K=2) + correction -> +2 tokens (105.5 ms)  cpos=678
  [margins] 2.27 0.16 0.32 0.62 1.61  K=2
  verify 2: accepted 1/1 (K=2) + correction -> +2 tokens (108.8 ms)  cpos=680
  [margins] 2.24 2.42 1.10 0.14 3.18  K=3
  verify 3: accepted 0/2 (K=3) + correction -> +1 tokens (115.9 ms)  cpos=681
  [margins] 11.16 3.45 0.74 3.55 5.58  K=3
  verify 4: accepted 1/2 (K=3) + correction -> +2 tokens (120.2 ms)  cpos=683
  [margins] 7.86 12.52 8.27 9.83 1.85  K=6
  verify 5: accepted 4/5 (K=6) + correction -> +5 tokens (174.6 ms)  cpos=688

[spec] generated 12 tokens over 5 verifies: mean tokens/verify = 2.40 (block=5, max 6)
[spec] tokens: 5287 38473 18586 17725 17 7449 22030 201 262 565 2619 54
[spec] SPEC-DECODE: 52.0 ms/tok = 19.25 tok/s  (vs base M=1 68.8 ms/tok = 14.53 tok/s -> 1.32x)
[decode] PREFILL: 586 positions in 9310.2 ms = 62.9 tok/s (15.888 ms/tok)
[capture] wrote /home/patrickd/s5-capture/s3recap/c1/cap/shard_p114_s000586.dspc  586 tok x (3 taps + 1 lm_in) x 4096 = 18.3 MB (32.0 KB/tok)
[probe] wrote 16 draft probes (block=5) to /home/patrickd/s5-capture/s3recap/c1/cap/drafts_p114_s000586.txt
[spec] decoding 8 tokens (block=5, draft passes=1, adaptK=1.50, prompt=114 s=587)...
  [margins] 19.28 15.36 10.16 14.70 15.90  K=6
  verify 1: accepted 5/5 (K=6) + correction -> +6 tokens (173.9 ms)  cpos=592
  [margins] 9.67 14.21 15.60 12.90 10.03  K=6
  verify 2: accepted 5/5 (K=6) + correction -> +6 tokens (162.9 ms)  cpos=598

[spec] generated 12 tokens over 2 verifies: mean tokens/verify = 6.00 (block=5, max 6)
[spec] tokens: 79 3373 16 4617 79 3373 16 4617 79 3373 16 4617
[spec] SPEC-DECODE: 27.1 ms/tok = 36.84 tok/s  (vs base M=1 68.8 ms/tok = 14.53 tok/s -> 2.53x)
[decode] PREFILL: 553 positions in 8783.6 ms = 63.0 tok/s (15.884 ms/tok)
[capture] wrote /home/patrickd/s5-capture/s3recap/c1/cap/shard_p115_s000553.dspc  553 tok x (3 taps + 1 lm_in) x 4096 = 17.3 MB (32.0 KB/tok)
[probe] wrote 16 draft probes (block=5) to /home/patrickd/s5-capture/s3recap/c1/cap/drafts_p115_s000553.txt
[spec] decoding 8 tokens (block=5, draft passes=1, adaptK=1.50, prompt=115 s=554)...
  [margins] 11.15 13.76 7.99 13.17 10.41  K=6
  verify 1: accepted 5/5 (K=6) + correction -> +6 tokens (162.4 ms)  cpos=559
  [margins] 9.85 11.65 5.87 14.01 10.69  K=6
  verify 2: accepted 5/5 (K=6) + correction -> +6 tokens (166.1 ms)  cpos=565

[spec] generated 12 tokens over 2 verifies: mean tokens/verify = 6.00 (block=5, max 6)
[spec] tokens: 11 3749 11 3749 11 3749 11 3749 11 3749 11 3749
[spec] SPEC-DECODE: 27.7 ms/tok = 36.12 tok/s  (vs base M=1 68.8 ms/tok = 14.53 tok/s -> 2.49x)
[decode] PREFILL: 614 positions in 9772.2 ms = 62.8 tok/s (15.916 ms/tok)
[capture] wrote /home/patrickd/s5-capture/s3recap/c1/cap/shard_p116_s000614.dspc  614 tok x (3 taps + 1 lm_in) x 4096 = 19.2 MB (32.0 KB/tok)
[probe] wrote 16 draft probes (block=5) to /home/patrickd/s5-capture/s3recap/c1/cap/drafts_p116_s000614.txt
[spec] decoding 8 tokens (block=5, draft passes=1, adaptK=1.50, prompt=116 s=615)...
  [margins] 16.40 14.17 10.27 6.28 14.73  K=6
  verify 1: accepted 5/5 (K=6) + correction -> +6 tokens (176.4 ms)  cpos=620
  [margins] 8.61 10.66 10.04 11.04 5.42  K=6
  verify 2: accepted 5/5 (K=6) + correction -> +6 tokens (169.6 ms)  cpos=626

[spec] generated 12 tokens over 2 verifies: mean tokens/verify = 6.00 (block=5, max 6)
[spec] tokens: 14364 344 295 270 2019 16 455 14364 344 295 270 2019
[spec] SPEC-DECODE: 28.3 ms/tok = 35.38 tok/s  (vs base M=1 68.8 ms/tok = 14.53 tok/s -> 2.43x)
[decode] PREFILL: 530 positions in 8429.1 ms = 62.9 tok/s (15.904 ms/tok)
[capture] wrote /home/patrickd/s5-capture/s3recap/c1/cap/shard_p117_s000530.dspc  530 tok x (3 taps + 1 lm_in) x 4096 = 16.6 MB (32.0 KB/tok)
[probe] wrote 16 draft probes (block=5) to /home/patrickd/s5-capture/s3recap/c1/cap/drafts_p117_s000530.txt
[spec] decoding 8 tokens (block=5, draft passes=1, adaptK=1.50, prompt=117 s=531)...
  [margins] 8.40 13.09 5.64 9.07 11.24  K=6
  verify 1: accepted 5/5 (K=6) + correction -> +6 tokens (171.0 ms)  cpos=536
  [margins] 7.75 12.92 5.74 8.06 11.64  K=6
  verify 2: accepted 5/5 (K=6) + correction -> +6 tokens (161.2 ms)  cpos=542

[spec] generated 12 tokens over 2 verifies: mean tokens/verify = 6.00 (block=5, max 6)
[spec] tokens: 16 1789 4419 16 1789 4419 16 1789 4419 16 1789 4419
[spec] SPEC-DECODE: 26.9 ms/tok = 37.22 tok/s  (vs base M=1 68.8 ms/tok = 14.53 tok/s -> 2.56x)
[decode] PREFILL: 597 positions in 9496.8 ms = 62.9 tok/s (15.907 ms/tok)
[capture] wrote /home/patrickd/s5-capture/s3recap/c1/cap/shard_p118_s000597.dspc  597 tok x (3 taps + 1 lm_in) x 4096 = 18.7 MB (32.0 KB/tok)
[probe] wrote 16 draft probes (block=5) to /home/patrickd/s5-capture/s3recap/c1/cap/drafts_p118_s000597.txt
[spec] decoding 8 tokens (block=5, draft passes=1, adaptK=1.50, prompt=118 s=598)...
  [margins] 7.63 13.43 17.17 7.20 8.03  K=6
  verify 1: accepted 5/5 (K=6) + correction -> +6 tokens (166.1 ms)  cpos=603
  [margins] 17.03 9.06 7.22 12.81 15.00  K=6
  verify 2: accepted 5/5 (K=6) + correction -> +6 tokens (169.0 ms)  cpos=609

[spec] generated 12 tokens over 2 verifies: mean tokens/verify = 6.00 (block=5, max 6)
[spec] tokens: 16 4617 272 1387 16 4617 272 1387 16 4617 272 1387
[spec] SPEC-DECODE: 28.2 ms/tok = 35.50 tok/s  (vs base M=1 68.8 ms/tok = 14.53 tok/s -> 2.44x)
[decode] PREFILL: 628 positions in 10003.4 ms = 62.8 tok/s (15.929 ms/tok)
[capture] wrote /home/patrickd/s5-capture/s3recap/c1/cap/shard_p119_s000628.dspc  628 tok x (3 taps + 1 lm_in) x 4096 = 19.6 MB (32.0 KB/tok)
[probe] wrote 16 draft probes (block=5) to /home/patrickd/s5-capture/s3recap/c1/cap/drafts_p119_s000628.txt
[spec] decoding 8 tokens (block=5, draft passes=1, adaptK=1.50, prompt=119 s=629)...
  [margins] 15.25 14.17 15.65 8.21 9.69  K=6
  verify 1: accepted 5/5 (K=6) + correction -> +6 tokens (169.7 ms)  cpos=634
  [margins] 4.40 10.49 8.41 7.12 9.66  K=6
  verify 2: accepted 5/5 (K=6) + correction -> +6 tokens (187.1 ms)  cpos=640

[spec] generated 12 tokens over 2 verifies: mean tokens/verify = 6.00 (block=5, max 6)
[spec] tokens: 2019 1531 9495 3737 418 1559 1622 813 412 1585 16 539
[spec] SPEC-DECODE: 31.2 ms/tok = 32.07 tok/s  (vs base M=1 68.8 ms/tok = 14.53 tok/s -> 2.21x)
[decode] PREFILL: 672 positions in 10709.8 ms = 62.7 tok/s (15.937 ms/tok)
[capture] wrote /home/patrickd/s5-capture/s3recap/c1/cap/shard_p120_s000672.dspc  672 tok x (3 taps + 1 lm_in) x 4096 = 21.0 MB (32.0 KB/tok)
[probe] wrote 16 draft probes (block=5) to /home/patrickd/s5-capture/s3recap/c1/cap/drafts_p120_s000672.txt
[spec] decoding 8 tokens (block=5, draft passes=1, adaptK=1.50, prompt=120 s=673)...
  [margins] 0.56 5.00 0.07 2.39 5.53  K=3
  verify 1: accepted 0/2 (K=3) + correction -> +1 tokens (121.3 ms)  cpos=673
  [margins] 0.07 0.92 5.43 0.02 1.42  K=2
  verify 2: accepted 0/1 (K=2) + correction -> +1 tokens (105.8 ms)  cpos=674
  [margins] 0.57 0.40 4.43 0.41 0.58  K=2
  verify 3: accepted 0/1 (K=2) + correction -> +1 tokens (111.1 ms)  cpos=675
  [margins] 0.61 3.79 0.65 1.58 6.26  K=3
  verify 4: accepted 0/2 (K=3) + correction -> +1 tokens (119.1 ms)  cpos=676
  [margins] 2.12 5.08 0.06 1.56 4.56  K=3
  verify 5: accepted 0/2 (K=3) + correction -> +1 tokens (118.6 ms)  cpos=677
  [margins] 0.29 3.22 0.63 1.44 6.02  K=3
  verify 6: accepted 0/2 (K=3) + correction -> +1 tokens (120.0 ms)  cpos=678
  [margins] 2.81 5.20 0.12 2.25 5.60  K=3
  verify 7: accepted 0/2 (K=3) + correction -> +1 tokens (123.0 ms)  cpos=679
  [margins] 0.06 1.00 5.76 0.48 1.40  K=2
  verify 8: accepted 0/1 (K=2) + correction -> +1 tokens (110.2 ms)  cpos=680

[spec] generated 8 tokens over 8 verifies: mean tokens/verify = 1.00 (block=5, max 6)
[spec] tokens: 16 1 16 1 16 1 16 1
[spec] SPEC-DECODE: 115.4 ms/tok = 8.67 tok/s  (vs base M=1 68.8 ms/tok = 14.53 tok/s -> 0.60x)
[decode] PREFILL: 672 positions in 10697.2 ms = 62.8 tok/s (15.918 ms/tok)
[capture] wrote /home/patrickd/s5-capture/s3recap/c1/cap/shard_p121_s000672.dspc  672 tok x (3 taps + 1 lm_in) x 4096 = 21.0 MB (32.0 KB/tok)
[probe] wrote 16 draft probes (block=5) to /home/patrickd/s5-capture/s3recap/c1/cap/drafts_p121_s000672.txt
[spec] decoding 8 tokens (block=5, draft passes=1, adaptK=1.50, prompt=121 s=673)...
  [margins] 11.46 4.85 0.32 1.89 0.17  K=3
  verify 1: accepted 2/2 (K=3) + correction -> +3 tokens (122.4 ms)  cpos=675
  [margins] 11.76 0.04 1.78 1.36 1.53  K=2
  verify 2: accepted 1/1 (K=2) + correction -> +2 tokens (106.9 ms)  cpos=677
  [margins] 3.10 2.17 0.75 3.50 0.11  K=3
  verify 3: accepted 1/2 (K=3) + correction -> +2 tokens (120.8 ms)  cpos=679
  [margins] 1.22 3.62 0.56 5.37 5.30  K=3
  verify 4: accepted 0/2 (K=3) + correction -> +1 tokens (122.2 ms)  cpos=680

[spec] generated 8 tokens over 4 verifies: mean tokens/verify = 2.00 (block=5, max 6)
[spec] tokens: 201 43 6006 304 1762 270 11273 1820
[spec] SPEC-DECODE: 70.0 ms/tok = 14.29 tok/s  (vs base M=1 68.8 ms/tok = 14.53 tok/s -> 0.98x)
[decode] PREFILL: 593 positions in 9438.2 ms = 62.8 tok/s (15.916 ms/tok)
[capture] wrote /home/patrickd/s5-capture/s3recap/c1/cap/shard_p122_s000593.dspc  593 tok x (3 taps + 1 lm_in) x 4096 = 18.5 MB (32.0 KB/tok)
[probe] wrote 16 draft probes (block=5) to /home/patrickd/s5-capture/s3recap/c1/cap/drafts_p122_s000593.txt
[spec] decoding 8 tokens (block=5, draft passes=1, adaptK=1.50, prompt=122 s=594)...
  [margins] 13.09 21.09 7.91 15.03 14.40  K=6
  verify 1: accepted 5/5 (K=6) + correction -> +6 tokens (165.1 ms)  cpos=599
  [margins] 13.31 20.25 7.32 13.88 15.00  K=6
  verify 2: accepted 5/5 (K=6) + correction -> +6 tokens (168.0 ms)  cpos=605

[spec] generated 12 tokens over 2 verifies: mean tokens/verify = 6.00 (block=5, max 6)
[spec] tokens: 4100 31310 16 4100 31310 16 4100 31310 16 4100 31310 16
[spec] SPEC-DECODE: 28.0 ms/tok = 35.71 tok/s  (vs base M=1 68.8 ms/tok = 14.53 tok/s -> 2.46x)
[decode] PREFILL: 576 positions in 9153.1 ms = 62.9 tok/s (15.891 ms/tok)
[capture] wrote /home/patrickd/s5-capture/s3recap/c1/cap/shard_p123_s000576.dspc  576 tok x (3 taps + 1 lm_in) x 4096 = 18.0 MB (32.0 KB/tok)
[probe] wrote 16 draft probes (block=5) to /home/patrickd/s5-capture/s3recap/c1/cap/drafts_p123_s000576.txt
[spec] decoding 8 tokens (block=5, draft passes=1, adaptK=1.50, prompt=123 s=577)...
  [margins] 7.72 8.84 9.26 2.38 0.53  K=5
  verify 1: accepted 3/4 (K=5) + correction -> +4 tokens (148.7 ms)  cpos=580
  [margins] 13.60 3.33 8.57 6.69 1.72  K=6
  verify 2: accepted 3/5 (K=6) + correction -> +4 tokens (161.0 ms)  cpos=584

[spec] generated 8 tokens over 2 verifies: mean tokens/verify = 4.00 (block=5, max 6)
[spec] tokens: 282 47 19468 5903 46119 47 19468 2396
[spec] SPEC-DECODE: 40.2 ms/tok = 24.85 tok/s  (vs base M=1 68.8 ms/tok = 14.53 tok/s -> 1.71x)
[decode] PREFILL: 669 positions in 10659.2 ms = 62.8 tok/s (15.933 ms/tok)
[capture] wrote /home/patrickd/s5-capture/s3recap/c1/cap/shard_p124_s000669.dspc  669 tok x (3 taps + 1 lm_in) x 4096 = 20.9 MB (32.0 KB/tok)
[probe] wrote 16 draft probes (block=5) to /home/patrickd/s5-capture/s3recap/c1/cap/drafts_p124_s000669.txt
[spec] decoding 8 tokens (block=5, draft passes=1, adaptK=1.50, prompt=124 s=670)...
  [margins] 13.41 23.15 8.47 13.23 11.58  K=6
  verify 1: accepted 5/5 (K=6) + correction -> +6 tokens (169.3 ms)  cpos=675
  [margins] 12.46 10.71 19.52 12.26 10.97  K=6
  verify 2: accepted 5/5 (K=6) + correction -> +6 tokens (171.0 ms)  cpos=681

[spec] generated 12 tokens over 2 verifies: mean tokens/verify = 6.00 (block=5, max 6)
[spec] tokens: 4100 12284 16 4100 347 1286 16 4100 31310 16 4100 14482
[spec] SPEC-DECODE: 28.5 ms/tok = 35.09 tok/s  (vs base M=1 68.8 ms/tok = 14.53 tok/s -> 2.41x)
[decode] PREFILL: 530 positions in 8433.9 ms = 62.8 tok/s (15.913 ms/tok)
[capture] wrote /home/patrickd/s5-capture/s3recap/c1/cap/shard_p125_s000530.dspc  530 tok x (3 taps + 1 lm_in) x 4096 = 16.6 MB (32.0 KB/tok)
[probe] wrote 16 draft probes (block=5) to /home/patrickd/s5-capture/s3recap/c1/cap/drafts_p125_s000530.txt
[spec] decoding 8 tokens (block=5, draft passes=1, adaptK=1.50, prompt=125 s=531)...
  [margins] 0.35 1.68 3.89 1.82 1.74  K=6
  verify 1: accepted 0/5 (K=6) + correction -> +1 tokens (173.1 ms)  cpos=531
  [margins] 0.85 4.32 0.40 0.22 0.94  K=3
  verify 2: accepted 2/2 (K=3) + correction -> +3 tokens (121.5 ms)  cpos=534
  [margins] 1.01 2.07 0.23 0.28 0.10  K=3
  verify 3: accepted 0/2 (K=3) + correction -> +1 tokens (122.8 ms)  cpos=535
  [margins] 0.45 1.08 0.01 0.89 2.74  K=2
  verify 4: accepted 0/1 (K=2) + correction -> +1 tokens (108.6 ms)  cpos=536
  [margins] 2.06 0.81 0.07 0.57 1.31  K=2
  verify 5: accepted 1/1 (K=2) + correction -> +2 tokens (104.1 ms)  cpos=538

[spec] generated 8 tokens over 5 verifies: mean tokens/verify = 1.60 (block=5, max 6)
[spec] tokens: 8937 14 305 786 2845 8178 295 1026
[spec] SPEC-DECODE: 65.3 ms/tok = 15.32 tok/s  (vs base M=1 68.8 ms/tok = 14.53 tok/s -> 1.05x)
[decode] PREFILL: 678 positions in 10811.1 ms = 62.7 tok/s (15.946 ms/tok)
[capture] wrote /home/patrickd/s5-capture/s3recap/c1/cap/shard_p126_s000678.dspc  678 tok x (3 taps + 1 lm_in) x 4096 = 21.2 MB (32.0 KB/tok)
[probe] wrote 16 draft probes (block=5) to /home/patrickd/s5-capture/s3recap/c1/cap/drafts_p126_s000678.txt
[spec] decoding 8 tokens (block=5, draft passes=1, adaptK=1.50, prompt=126 s=679)...
  [margins] 11.46 14.72 13.60 13.27 11.24  K=6
  verify 1: accepted 5/5 (K=6) + correction -> +6 tokens (179.7 ms)  cpos=684
  [margins] 17.80 16.79 16.10 12.71 5.79  K=6
  verify 2: accepted 5/5 (K=6) + correction -> +6 tokens (166.5 ms)  cpos=690

[spec] generated 12 tokens over 2 verifies: mean tokens/verify = 6.00 (block=5, max 6)
[spec] tokens: 671 2716 8472 716 3917 344 223 5198 16 23 16 1004
[spec] SPEC-DECODE: 27.8 ms/tok = 36.03 tok/s  (vs base M=1 68.8 ms/tok = 14.53 tok/s -> 2.48x)
[decode] PREFILL: 675 positions in 10760.3 ms = 62.7 tok/s (15.941 ms/tok)
[capture] wrote /home/patrickd/s5-capture/s3recap/c1/cap/shard_p127_s000675.dspc  675 tok x (3 taps + 1 lm_in) x 4096 = 21.1 MB (32.0 KB/tok)
[probe] wrote 16 draft probes (block=5) to /home/patrickd/s5-capture/s3recap/c1/cap/drafts_p127_s000675.txt
[spec] decoding 8 tokens (block=5, draft passes=1, adaptK=1.50, prompt=127 s=676)...
  [margins] 22.14 8.54 12.27 18.57 14.69  K=6
  verify 1: accepted 5/5 (K=6) + correction -> +6 tokens (175.0 ms)  cpos=681
  [margins] 8.91 13.21 18.70 15.17 15.79  K=6
  verify 2: accepted 5/5 (K=6) + correction -> +6 tokens (165.0 ms)  cpos=687

[spec] generated 12 tokens over 2 verifies: mean tokens/verify = 6.00 (block=5, max 6)
[spec] tokens: 12446 16 4286 279 755 12446 16 4286 279 755 12446 16
[spec] SPEC-DECODE: 27.5 ms/tok = 36.37 tok/s  (vs base M=1 68.8 ms/tok = 14.53 tok/s -> 2.50x)
[decode] PREFILL: 537 positions in 8518.9 ms = 63.0 tok/s (15.864 ms/tok)
[capture] wrote /home/patrickd/s5-capture/s3recap/c1/cap/shard_p128_s000537.dspc  537 tok x (3 taps + 1 lm_in) x 4096 = 16.8 MB (32.0 KB/tok)
[probe] wrote 16 draft probes (block=5) to /home/patrickd/s5-capture/s3recap/c1/cap/drafts_p128_s000537.txt
[spec] decoding 8 tokens (block=5, draft passes=1, adaptK=1.50, prompt=128 s=538)...
  [margins] 13.20 14.80 15.21 4.36 7.91  K=6
  verify 1: accepted 5/5 (K=6) + correction -> +6 tokens (167.1 ms)  cpos=543
  [margins] 14.61 16.09 10.26 12.61 8.23  K=6
  verify 2: accepted 5/5 (K=6) + correction -> +6 tokens (169.6 ms)  cpos=549

[spec] generated 12 tokens over 2 verifies: mean tokens/verify = 6.00 (block=5, max 6)
[spec] tokens: 538 260 2310 16 15361 270 15255 2019 16 9909 1353 339
[spec] SPEC-DECODE: 28.3 ms/tok = 35.38 tok/s  (vs base M=1 68.8 ms/tok = 14.53 tok/s -> 2.43x)
[decode] PREFILL: 577 positions in 9190.2 ms = 62.8 tok/s (15.927 ms/tok)
[capture] wrote /home/patrickd/s5-capture/s3recap/c1/cap/shard_p129_s000577.dspc  577 tok x (3 taps + 1 lm_in) x 4096 = 18.0 MB (32.0 KB/tok)
[probe] wrote 16 draft probes (block=5) to /home/patrickd/s5-capture/s3recap/c1/cap/drafts_p129_s000577.txt
[spec] decoding 8 tokens (block=5, draft passes=1, adaptK=1.50, prompt=129 s=578)...
  [margins] 1.40 4.29 0.30 1.18 1.91  K=3
  verify 1: accepted 0/2 (K=3) + correction -> +1 tokens (124.1 ms)  cpos=578
  [margins] 2.06 6.78 10.19 4.95 0.19  K=5
  verify 2: accepted 4/4 (K=5) + correction -> +5 tokens (146.0 ms)  cpos=583
  [margins] 1.65 1.61 0.78 3.78 4.75  K=3
  verify 3: accepted 0/2 (K=3) + correction -> +1 tokens (121.5 ms)  cpos=584
  [margins] 0.39 4.98 4.85 2.08 0.74  K=5
  verify 4: accepted 0/4 (K=5) + correction -> +1 tokens (143.9 ms)  cpos=585

[spec] generated 8 tokens over 4 verifies: mean tokens/verify = 2.00 (block=5, max 6)
[spec] tokens: 2740 294 223 5126 14 1660 14241 52075
[spec] SPEC-DECODE: 58.8 ms/tok = 17.01 tok/s  (vs base M=1 68.8 ms/tok = 14.53 tok/s -> 1.17x)
[decode] PREFILL: 613 positions in 9761.5 ms = 62.8 tok/s (15.924 ms/tok)
[capture] wrote /home/patrickd/s5-capture/s3recap/c1/cap/shard_p130_s000613.dspc  613 tok x (3 taps + 1 lm_in) x 4096 = 19.2 MB (32.0 KB/tok)
[probe] wrote 16 draft probes (block=5) to /home/patrickd/s5-capture/s3recap/c1/cap/drafts_p130_s000613.txt
[spec] decoding 8 tokens (block=5, draft passes=1, adaptK=1.50, prompt=130 s=614)...
  [margins] 10.52 15.16 9.56 13.54 15.15  K=6
  verify 1: accepted 5/5 (K=6) + correction -> +6 tokens (169.8 ms)  cpos=619
  [margins] 12.01 11.13 15.50 13.40 14.40  K=6
  verify 2: accepted 5/5 (K=6) + correction -> +6 tokens (172.6 ms)  cpos=625

[spec] generated 12 tokens over 2 verifies: mean tokens/verify = 6.00 (block=5, max 6)
[spec] tokens: 455 3287 344 223 25 12995 16 455 3287 344 223 25
[spec] SPEC-DECODE: 28.8 ms/tok = 34.76 tok/s  (vs base M=1 68.8 ms/tok = 14.53 tok/s -> 2.39x)
[decode] PREFILL: 548 positions in 8701.0 ms = 63.0 tok/s (15.878 ms/tok)
[capture] wrote /home/patrickd/s5-capture/s3recap/c1/cap/shard_p131_s000548.dspc  548 tok x (3 taps + 1 lm_in) x 4096 = 17.1 MB (32.0 KB/tok)
[probe] wrote 16 draft probes (block=5) to /home/patrickd/s5-capture/s3recap/c1/cap/drafts_p131_s000548.txt
[spec] decoding 8 tokens (block=5, draft passes=1, adaptK=1.50, prompt=131 s=549)...
  [margins] 17.22 16.93 15.26 11.57 9.19  K=6
  verify 1: accepted 5/5 (K=6) + correction -> +6 tokens (167.0 ms)  cpos=554
  [margins] 18.74 17.65 16.06 13.11 12.04  K=6
  verify 2: accepted 5/5 (K=6) + correction -> +6 tokens (171.9 ms)  cpos=560

[spec] generated 12 tokens over 2 verifies: mean tokens/verify = 6.00 (block=5, max 6)
[spec] tokens: 11 88 101338 2178 3749 11 88 101338 2178 3749 11 88
[spec] SPEC-DECODE: 28.7 ms/tok = 34.90 tok/s  (vs base M=1 68.8 ms/tok = 14.53 tok/s -> 2.40x)
[decode] PREFILL: 526 positions in 8335.2 ms = 63.1 tok/s (15.846 ms/tok)
[capture] wrote /home/patrickd/s5-capture/s3recap/c1/cap/shard_p132_s000526.dspc  526 tok x (3 taps + 1 lm_in) x 4096 = 16.4 MB (32.0 KB/tok)
[probe] wrote 16 draft probes (block=5) to /home/patrickd/s5-capture/s3recap/c1/cap/drafts_p132_s000526.txt
[spec] decoding 8 tokens (block=5, draft passes=1, adaptK=1.50, prompt=132 s=527)...
  [margins] 0.92 0.92 0.31 2.95 0.26  K=2
  verify 1: accepted 1/1 (K=2) + correction -> +2 tokens (109.1 ms)  cpos=528
  [margins] 13.40 11.48 4.08 0.88 2.19  K=4
  verify 2: accepted 3/3 (K=4) + correction -> +4 tokens (134.5 ms)  cpos=532
  [margins] 17.24 19.05 3.55 2.36 0.07  K=5
  verify 3: accepted 3/4 (K=5) + correction -> +4 tokens (148.6 ms)  cpos=536

[spec] generated 10 tokens over 3 verifies: mean tokens/verify = 3.33 (block=5, max 6)
[spec] tokens: 260 6517 9303 360 14 774 3406 1143 344 10570
[spec] SPEC-DECODE: 35.4 ms/tok = 28.25 tok/s  (vs base M=1 68.8 ms/tok = 14.53 tok/s -> 1.94x)
[decode] PREFILL: 607 positions in 9630.5 ms = 63.0 tok/s (15.866 ms/tok)
[capture] wrote /home/patrickd/s5-capture/s3recap/c1/cap/shard_p133_s000607.dspc  607 tok x (3 taps + 1 lm_in) x 4096 = 19.0 MB (32.0 KB/tok)
[probe] wrote 16 draft probes (block=5) to /home/patrickd/s5-capture/s3recap/c1/cap/drafts_p133_s000607.txt
[spec] decoding 8 tokens (block=5, draft passes=1, adaptK=1.50, prompt=133 s=608)...
  [margins] 7.69 12.08 7.94 12.79 7.53  K=6
  verify 1: accepted 5/5 (K=6) + correction -> +6 tokens (167.2 ms)  cpos=613
  [margins] 8.92 12.74 8.65 13.23 8.75  K=6
  verify 2: accepted 5/5 (K=6) + correction -> +6 tokens (158.1 ms)  cpos=619

[spec] generated 12 tokens over 2 verifies: mean tokens/verify = 6.00 (block=5, max 6)
[spec] tokens: 16 70404 16 70404 16 70404 16 70404 16 70404 16 70404
[spec] SPEC-DECODE: 26.4 ms/tok = 37.95 tok/s  (vs base M=1 68.8 ms/tok = 14.53 tok/s -> 2.61x)
[decode] PREFILL: 674 positions in 10752.3 ms = 62.7 tok/s (15.953 ms/tok)
[capture] wrote /home/patrickd/s5-capture/s3recap/c1/cap/shard_p134_s000674.dspc  674 tok x (3 taps + 1 lm_in) x 4096 = 21.1 MB (32.0 KB/tok)
[probe] wrote 16 draft probes (block=5) to /home/patrickd/s5-capture/s3recap/c1/cap/drafts_p134_s000674.txt
[spec] decoding 8 tokens (block=5, draft passes=1, adaptK=1.50, prompt=134 s=675)...
  [margins] 8.19 8.89 8.92 13.93 12.38  K=6
  verify 1: accepted 5/5 (K=6) + correction -> +6 tokens (177.6 ms)  cpos=680
  [margins] 8.97 7.14 14.69 13.17 13.55  K=6
  verify 2: accepted 5/5 (K=6) + correction -> +6 tokens (167.3 ms)  cpos=686

[spec] generated 12 tokens over 2 verifies: mean tokens/verify = 6.00 (block=5, max 6)
[spec] tokens: 3749 436 1531 1354 223 21 790 436 10340 223 19 16
[spec] SPEC-DECODE: 27.9 ms/tok = 35.87 tok/s  (vs base M=1 68.8 ms/tok = 14.53 tok/s -> 2.47x)
[decode] PREFILL: 1001 positions in 16076.4 ms = 62.3 tok/s (16.060 ms/tok)
[capture] wrote /home/patrickd/s5-capture/s3recap/c1/cap/shard_p135_s001001.dspc  1001 tok x (3 taps + 1 lm_in) x 4096 = 31.3 MB (32.0 KB/tok)
[probe] wrote 16 draft probes (block=5) to /home/patrickd/s5-capture/s3recap/c1/cap/drafts_p135_s001001.txt
[spec] decoding 8 tokens (block=5, draft passes=1, adaptK=1.50, prompt=135 s=1002)...
  [margins] 12.72 11.42 10.56 14.90 7.43  K=6
  verify 1: accepted 5/5 (K=6) + correction -> +6 tokens (174.2 ms)  cpos=1007
  [margins] 8.10 0.23 1.60 7.37 1.91  K=2
  verify 2: accepted 1/1 (K=2) + correction -> +2 tokens (110.7 ms)  cpos=1009

[spec] generated 8 tokens over 2 verifies: mean tokens/verify = 4.00 (block=5, max 6)
[spec] tokens: 3924 33 539 666 2722 23 666 1
[spec] SPEC-DECODE: 55.3 ms/tok = 18.07 tok/s  (vs base M=1 68.8 ms/tok = 14.53 tok/s -> 1.24x)
[decode] PREFILL: 537 positions in 8518.7 ms = 63.0 tok/s (15.863 ms/tok)
[capture] wrote /home/patrickd/s5-capture/s3recap/c1/cap/shard_p136_s000537.dspc  537 tok x (3 taps + 1 lm_in) x 4096 = 16.8 MB (32.0 KB/tok)
[probe] wrote 16 draft probes (block=5) to /home/patrickd/s5-capture/s3recap/c1/cap/drafts_p136_s000537.txt
[spec] decoding 8 tokens (block=5, draft passes=1, adaptK=1.50, prompt=136 s=538)...
  [margins] 12.40 10.79 13.67 3.52 8.77  K=6
  verify 1: accepted 3/5 (K=6) + correction -> +4 tokens (164.6 ms)  cpos=541
  [margins] 12.85 10.90 13.86 0.88 6.74  K=4
  verify 2: accepted 3/3 (K=4) + correction -> +4 tokens (135.7 ms)  cpos=545

[spec] generated 8 tokens over 2 verifies: mean tokens/verify = 4.00 (block=5, max 6)
[spec] tokens: 3749 11 3749 11 3749 11 3749 11
[spec] SPEC-DECODE: 33.9 ms/tok = 29.48 tok/s  (vs base M=1 68.8 ms/tok = 14.53 tok/s -> 2.03x)
[decode] PREFILL: 534 positions in 8471.5 ms = 63.0 tok/s (15.864 ms/tok)
[capture] wrote /home/patrickd/s5-capture/s3recap/c1/cap/shard_p137_s000534.dspc  534 tok x (3 taps + 1 lm_in) x 4096 = 16.7 MB (32.0 KB/tok)
[probe] wrote 16 draft probes (block=5) to /home/patrickd/s5-capture/s3recap/c1/cap/drafts_p137_s000534.txt
[spec] decoding 8 tokens (block=5, draft passes=1, adaptK=1.50, prompt=137 s=535)...
  [margins] 10.75 9.27 10.48 9.27 9.45  K=6
  verify 1: accepted 5/5 (K=6) + correction -> +6 tokens (164.0 ms)  cpos=540
  [margins] 10.83 9.40 10.18 9.46 9.80  K=6
  verify 2: accepted 5/5 (K=6) + correction -> +6 tokens (156.1 ms)  cpos=546

[spec] generated 12 tokens over 2 verifies: mean tokens/verify = 6.00 (block=5, max 6)
[spec] tokens: 30750 16 30750 16 30750 16 30750 16 30750 16 30750 16
[spec] SPEC-DECODE: 26.0 ms/tok = 38.45 tok/s  (vs base M=1 68.8 ms/tok = 14.53 tok/s -> 2.65x)
[decode] PREFILL: 542 positions in 8592.7 ms = 63.1 tok/s (15.854 ms/tok)
[capture] wrote /home/patrickd/s5-capture/s3recap/c1/cap/shard_p138_s000542.dspc  542 tok x (3 taps + 1 lm_in) x 4096 = 16.9 MB (32.0 KB/tok)
[probe] wrote 16 draft probes (block=5) to /home/patrickd/s5-capture/s3recap/c1/cap/drafts_p138_s000542.txt
[spec] decoding 8 tokens (block=5, draft passes=1, adaptK=1.50, prompt=138 s=543)...
  [margins] 17.45 10.73 16.43 7.68 8.76  K=6
  verify 1: accepted 5/5 (K=6) + correction -> +6 tokens (175.8 ms)  cpos=548
  [margins] 12.41 14.31 12.77 14.16 11.17  K=6
  verify 2: accepted 5/5 (K=6) + correction -> +6 tokens (166.0 ms)  cpos=554

[spec] generated 12 tokens over 2 verifies: mean tokens/verify = 6.00 (block=5, max 6)
[spec] tokens: 7681 304 1347 16 455 4181 86941 344 260 4654 39568 2019
[spec] SPEC-DECODE: 27.7 ms/tok = 36.15 tok/s  (vs base M=1 68.8 ms/tok = 14.53 tok/s -> 2.49x)
[decode] PREFILL: 676 positions in 10768.6 ms = 62.8 tok/s (15.930 ms/tok)
[capture] wrote /home/patrickd/s5-capture/s3recap/c1/cap/shard_p139_s000676.dspc  676 tok x (3 taps + 1 lm_in) x 4096 = 21.1 MB (32.0 KB/tok)
[probe] wrote 16 draft probes (block=5) to /home/patrickd/s5-capture/s3recap/c1/cap/drafts_p139_s000676.txt
[spec] decoding 8 tokens (block=5, draft passes=1, adaptK=1.50, prompt=139 s=677)...
  [margins] 13.45 13.94 7.72 12.08 13.91  K=6
  verify 1: accepted 5/5 (K=6) + correction -> +6 tokens (163.1 ms)  cpos=682
  [margins] 13.58 14.41 6.04 11.47 13.27  K=6
  verify 2: accepted 5/5 (K=6) + correction -> +6 tokens (165.0 ms)  cpos=688

[spec] generated 12 tokens over 2 verifies: mean tokens/verify = 6.00 (block=5, max 6)
[spec] tokens: 6000 22138 16 6000 22138 16 6000 22138 16 6000 22138 16
[spec] SPEC-DECODE: 27.5 ms/tok = 36.36 tok/s  (vs base M=1 68.8 ms/tok = 14.53 tok/s -> 2.50x)
[decode] PREFILL: 536 positions in 8496.0 ms = 63.1 tok/s (15.851 ms/tok)
[capture] wrote /home/patrickd/s5-capture/s3recap/c1/cap/shard_p140_s000536.dspc  536 tok x (3 taps + 1 lm_in) x 4096 = 16.8 MB (32.0 KB/tok)
[probe] wrote 16 draft probes (block=5) to /home/patrickd/s5-capture/s3recap/c1/cap/drafts_p140_s000536.txt
[spec] decoding 8 tokens (block=5, draft passes=1, adaptK=1.50, prompt=140 s=537)...
  [margins] 18.02 6.52 6.52 10.38 8.37  K=6
  verify 1: accepted 5/5 (K=6) + correction -> +6 tokens (169.5 ms)  cpos=542
  [margins] 23.17 17.80 11.81 10.54 10.23  K=6
  verify 2: accepted 5/5 (K=6) + correction -> +6 tokens (176.2 ms)  cpos=548

[spec] generated 12 tokens over 2 verifies: mean tokens/verify = 6.00 (block=5, max 6)
[spec] tokens: 27973 201 3465 5803 26374 4084 60744 19687 4665 3395 361 1354
[spec] SPEC-DECODE: 29.4 ms/tok = 34.05 tok/s  (vs base M=1 68.8 ms/tok = 14.53 tok/s -> 2.34x)
[decode] PREFILL: 524 positions in 8309.6 ms = 63.1 tok/s (15.858 ms/tok)
[capture] wrote /home/patrickd/s5-capture/s3recap/c1/cap/shard_p141_s000524.dspc  524 tok x (3 taps + 1 lm_in) x 4096 = 16.4 MB (32.0 KB/tok)
[probe] wrote 16 draft probes (block=5) to /home/patrickd/s5-capture/s3recap/c1/cap/drafts_p141_s000524.txt
[spec] decoding 8 tokens (block=5, draft passes=1, adaptK=1.50, prompt=141 s=525)...
  [margins] 2.01 3.71 0.81 2.86 1.82  K=3
  verify 1: accepted 2/2 (K=3) + correction -> +3 tokens (120.5 ms)  cpos=527
  [margins] 3.25 7.72 4.07 0.93 1.72  K=4
  verify 2: accepted 3/3 (K=4) + correction -> +4 tokens (137.4 ms)  cpos=531
  [margins] 0.71 8.22 2.15 3.11 1.69  K=6
  verify 3: accepted 1/5 (K=6) + correction -> +2 tokens (167.9 ms)  cpos=533

[spec] generated 9 tokens over 3 verifies: mean tokens/verify = 3.00 (block=5, max 6)
[spec] tokens: 7746 14 469 2929 33 1162 588 1694 7229
[spec] SPEC-DECODE: 50.9 ms/tok = 19.65 tok/s  (vs base M=1 68.8 ms/tok = 14.53 tok/s -> 1.35x)
[decode] PREFILL: 563 positions in 8945.8 ms = 62.9 tok/s (15.889 ms/tok)
[capture] wrote /home/patrickd/s5-capture/s3recap/c1/cap/shard_p142_s000563.dspc  563 tok x (3 taps + 1 lm_in) x 4096 = 17.6 MB (32.0 KB/tok)
[probe] wrote 16 draft probes (block=5) to /home/patrickd/s5-capture/s3recap/c1/cap/drafts_p142_s000563.txt
[spec] decoding 8 tokens (block=5, draft passes=1, adaptK=1.50, prompt=142 s=564)...
  [margins] 20.08 11.23 2.27 7.62 4.21  K=6
  verify 1: accepted 2/5 (K=6) + correction -> +3 tokens (172.4 ms)  cpos=566
  [margins] 15.23 9.88 12.93 8.63 3.01  K=6
  verify 2: accepted 5/5 (K=6) + correction -> +6 tokens (171.2 ms)  cpos=572

[spec] generated 9 tokens over 2 verifies: mean tokens/verify = 4.50 (block=5, max 6)
[spec] tokens: 18393 16 20782 82362 294 118157 881 15163 304
[spec] SPEC-DECODE: 28.5 ms/tok = 35.05 tok/s  (vs base M=1 68.8 ms/tok = 14.53 tok/s -> 2.41x)
[decode] PREFILL: 617 positions in 9813.7 ms = 62.9 tok/s (15.906 ms/tok)
[capture] wrote /home/patrickd/s5-capture/s3recap/c1/cap/shard_p143_s000617.dspc  617 tok x (3 taps + 1 lm_in) x 4096 = 19.3 MB (32.0 KB/tok)
[probe] wrote 16 draft probes (block=5) to /home/patrickd/s5-capture/s3recap/c1/cap/drafts_p143_s000617.txt
[spec] decoding 8 tokens (block=5, draft passes=1, adaptK=1.50, prompt=143 s=618)...
  [margins] 11.10 5.42 5.57 6.10 5.98  K=6
  verify 1: accepted 5/5 (K=6) + correction -> +6 tokens (170.4 ms)  cpos=623
  [margins] 17.93 20.71 17.96 17.34 11.73  K=6
  verify 2: accepted 5/5 (K=6) + correction -> +6 tokens (173.5 ms)  cpos=629

[spec] generated 12 tokens over 2 verifies: mean tokens/verify = 6.00 (block=5, max 6)
[spec] tokens: 23074 271 2054 223 582 72461 3362 582 17782 106131 47509 65
[spec] SPEC-DECODE: 28.9 ms/tok = 34.58 tok/s  (vs base M=1 68.8 ms/tok = 14.53 tok/s -> 2.38x)
[decode] PREFILL: 537 positions in 8523.3 ms = 63.0 tok/s (15.872 ms/tok)
[capture] wrote /home/patrickd/s5-capture/s3recap/c1/cap/shard_p144_s000537.dspc  537 tok x (3 taps + 1 lm_in) x 4096 = 16.8 MB (32.0 KB/tok)
[probe] wrote 16 draft probes (block=5) to /home/patrickd/s5-capture/s3recap/c1/cap/drafts_p144_s000537.txt
[spec] decoding 8 tokens (block=5, draft passes=1, adaptK=1.50, prompt=144 s=538)...
  [margins] 9.37 14.22 12.82 11.39 11.38  K=6
  verify 1: accepted 5/5 (K=6) + correction -> +6 tokens (169.2 ms)  cpos=543
  [margins] 15.80 13.42 13.51 11.31 12.94  K=6
  verify 2: accepted 5/5 (K=6) + correction -> +6 tokens (175.5 ms)  cpos=549

[spec] generated 12 tokens over 2 verifies: mean tokens/verify = 6.00 (block=5, max 6)
[spec] tokens: 294 260 1894 295 260 51333 6591 344 7499 513 270 10436
[spec] SPEC-DECODE: 29.3 ms/tok = 34.18 tok/s  (vs base M=1 68.8 ms/tok = 14.53 tok/s -> 2.35x)
[decode] PREFILL: 621 positions in 9878.0 ms = 62.9 tok/s (15.907 ms/tok)
[capture] wrote /home/patrickd/s5-capture/s3recap/c1/cap/shard_p145_s000621.dspc  621 tok x (3 taps + 1 lm_in) x 4096 = 19.4 MB (32.0 KB/tok)
[probe] wrote 16 draft probes (block=5) to /home/patrickd/s5-capture/s3recap/c1/cap/drafts_p145_s000621.txt
[spec] decoding 8 tokens (block=5, draft passes=1, adaptK=1.50, prompt=145 s=622)...
  [margins] 9.92 12.33 9.99 14.10 10.17  K=6
  verify 1: accepted 5/5 (K=6) + correction -> +6 tokens (170.2 ms)  cpos=627
  [margins] 8.93 14.72 10.16 5.24 7.05  K=6
  verify 2: accepted 5/5 (K=6) + correction -> +6 tokens (174.1 ms)  cpos=633

[spec] generated 12 tokens over 2 verifies: mean tokens/verify = 6.00 (block=5, max 6)
[spec] tokens: 14 270 14904 2231 366 9045 270 6684 4496 16 721 602
[spec] SPEC-DECODE: 29.0 ms/tok = 34.47 tok/s  (vs base M=1 68.8 ms/tok = 14.53 tok/s -> 2.37x)
[decode] PREFILL: 672 positions in 10704.6 ms = 62.8 tok/s (15.929 ms/tok)
[capture] wrote /home/patrickd/s5-capture/s3recap/c1/cap/shard_p146_s000672.dspc  672 tok x (3 taps + 1 lm_in) x 4096 = 21.0 MB (32.0 KB/tok)
[probe] wrote 16 draft probes (block=5) to /home/patrickd/s5-capture/s3recap/c1/cap/drafts_p146_s000672.txt
[spec] decoding 8 tokens (block=5, draft passes=1, adaptK=1.50, prompt=146 s=673)...
  [margins] 0.67 1.96 0.19 3.02 1.06  K=3
  verify 1: accepted 0/2 (K=3) + correction -> +1 tokens (118.4 ms)  cpos=673
  [margins] 7.81 3.00 1.12 3.81 0.39  K=3
  verify 2: accepted 1/2 (K=3) + correction -> +2 tokens (123.4 ms)  cpos=675
  [margins] 1.52 0.99 1.49 2.03 2.31  K=2
  verify 3: accepted 1/1 (K=2) + correction -> +2 tokens (107.6 ms)  cpos=677
  [margins] 4.54 5.14 4.61 5.45 5.74  K=6
  verify 4: accepted 5/5 (K=6) + correction -> +6 tokens (169.1 ms)  cpos=683

[spec] generated 11 tokens over 4 verifies: mean tokens/verify = 2.75 (block=5, max 6)
[spec] tokens: 14 790 579 5922 1178 1407 566 3672 603 78594 28
[spec] SPEC-DECODE: 40.0 ms/tok = 25.00 tok/s  (vs base M=1 68.8 ms/tok = 14.53 tok/s -> 1.72x)
[decode] PREFILL: 631 positions in 10022.3 ms = 63.0 tok/s (15.883 ms/tok)
[capture] wrote /home/patrickd/s5-capture/s3recap/c1/cap/shard_p147_s000631.dspc  631 tok x (3 taps + 1 lm_in) x 4096 = 19.7 MB (32.0 KB/tok)
[probe] wrote 16 draft probes (block=5) to /home/patrickd/s5-capture/s3recap/c1/cap/drafts_p147_s000631.txt
[spec] decoding 8 tokens (block=5, draft passes=1, adaptK=1.50, prompt=147 s=632)...
  [margins] 11.07 13.69 11.89 12.19 14.97  K=6
  verify 1: accepted 5/5 (K=6) + correction -> +6 tokens (175.9 ms)  cpos=637
  [margins] 11.69 13.68 13.04 12.24 14.61  K=6
  verify 2: accepted 5/5 (K=6) + correction -> +6 tokens (181.3 ms)  cpos=643

[spec] generated 12 tokens over 2 verifies: mean tokens/verify = 6.00 (block=5, max 6)
[spec] tokens: 20870 1353 270 37370 2019 16 20870 1353 270 37370 2019 16
[spec] SPEC-DECODE: 30.2 ms/tok = 33.10 tok/s  (vs base M=1 68.8 ms/tok = 14.53 tok/s -> 2.28x)
[decode] PREFILL: 528 positions in 8356.3 ms = 63.2 tok/s (15.826 ms/tok)
[capture] wrote /home/patrickd/s5-capture/s3recap/c1/cap/shard_p148_s000528.dspc  528 tok x (3 taps + 1 lm_in) x 4096 = 16.5 MB (32.0 KB/tok)
[probe] wrote 16 draft probes (block=5) to /home/patrickd/s5-capture/s3recap/c1/cap/drafts_p148_s000528.txt
[spec] decoding 8 tokens (block=5, draft passes=1, adaptK=1.50, prompt=148 s=529)...
  [margins] 10.40 8.16 9.92 10.62 14.58  K=6
  verify 1: accepted 5/5 (K=6) + correction -> +6 tokens (167.6 ms)  cpos=534
  [margins] 14.44 18.01 10.51 9.78 9.92  K=6
  verify 2: accepted 5/5 (K=6) + correction -> +6 tokens (169.5 ms)  cpos=540

[spec] generated 12 tokens over 2 verifies: mean tokens/verify = 6.00 (block=5, max 6)
[spec] tokens: 1313 455 223 4774 7795 103727 25813 27566 515 5607 509 778
[spec] SPEC-DECODE: 28.3 ms/tok = 35.39 tok/s  (vs base M=1 68.8 ms/tok = 14.53 tok/s -> 2.44x)
[decode] PREFILL: 1043 positions in 16804.9 ms = 62.1 tok/s (16.112 ms/tok)
[capture] wrote /home/patrickd/s5-capture/s3recap/c1/cap/shard_p149_s001043.dspc  1043 tok x (3 taps + 1 lm_in) x 4096 = 32.6 MB (32.0 KB/tok)
[probe] wrote 16 draft probes (block=5) to /home/patrickd/s5-capture/s3recap/c1/cap/drafts_p149_s001043.txt
[spec] decoding 8 tokens (block=5, draft passes=1, adaptK=1.50, prompt=149 s=1044)...
  [margins] 10.48 10.59 8.85 6.72 6.98  K=6
  verify 1: accepted 5/5 (K=6) + correction -> +6 tokens (181.5 ms)  cpos=1049
  [margins] 15.39 12.88 10.92 8.56 9.92  K=6
  verify 2: accepted 5/5 (K=6) + correction -> +6 tokens (171.2 ms)  cpos=1055

[spec] generated 12 tokens over 2 verifies: mean tokens/verify = 6.00 (block=5, max 6)
[spec] tokens: 29 102492 12026 3749 49290 6000 18904 29 53368 44990 29 51223
[spec] SPEC-DECODE: 28.5 ms/tok = 35.05 tok/s  (vs base M=1 68.8 ms/tok = 14.53 tok/s -> 2.41x)
[decode] PREFILL: 584 positions in 9286.7 ms = 62.9 tok/s (15.902 ms/tok)
[capture] wrote /home/patrickd/s5-capture/s3recap/c1/cap/shard_p150_s000584.dspc  584 tok x (3 taps + 1 lm_in) x 4096 = 18.3 MB (32.0 KB/tok)
[probe] wrote 16 draft probes (block=5) to /home/patrickd/s5-capture/s3recap/c1/cap/drafts_p150_s000584.txt
[spec] decoding 8 tokens (block=5, draft passes=1, adaptK=1.50, prompt=150 s=585)...
  [margins] 15.16 10.91 12.51 15.91 11.43  K=6
  verify 1: accepted 5/5 (K=6) + correction -> +6 tokens (162.8 ms)  cpos=590
  [margins] 14.21 10.55 11.31 14.30 11.00  K=6
  verify 2: accepted 5/5 (K=6) + correction -> +6 tokens (164.1 ms)  cpos=596

[spec] generated 12 tokens over 2 verifies: mean tokens/verify = 6.00 (block=5, max 6)
[spec] tokens: 88 16 16374 88 16 16374 88 16 16374 88 16 16374
[spec] SPEC-DECODE: 27.4 ms/tok = 36.55 tok/s  (vs base M=1 68.8 ms/tok = 14.53 tok/s -> 2.51x)
[decode] PREFILL: 656 positions in 10448.2 ms = 62.8 tok/s (15.927 ms/tok)
[capture] wrote /home/patrickd/s5-capture/s3recap/c1/cap/shard_p151_s000656.dspc  656 tok x (3 taps + 1 lm_in) x 4096 = 20.5 MB (32.0 KB/tok)
[probe] wrote 16 draft probes (block=5) to /home/patrickd/s5-capture/s3recap/c1/cap/drafts_p151_s000656.txt
[spec] decoding 8 tokens (block=5, draft passes=1, adaptK=1.50, prompt=151 s=657)...
  [margins] 9.94 2.62 0.11 0.73 0.14  K=3
  verify 1: accepted 2/2 (K=3) + correction -> +3 tokens (119.7 ms)  cpos=659
  [margins] 10.00 4.88 2.55 0.83 2.97  K=4
  verify 2: accepted 0/3 (K=4) + correction -> +1 tokens (135.2 ms)  cpos=660
  [margins] 7.47 5.90 2.89 2.56 3.59  K=6
  verify 3: accepted 3/5 (K=6) + correction -> +4 tokens (163.8 ms)  cpos=664

[spec] generated 8 tokens over 3 verifies: mean tokens/verify = 2.67 (block=5, max 6)
[spec] tokens: 22254 305 48766 646 14753 14 304 4819
[spec] SPEC-DECODE: 59.8 ms/tok = 16.72 tok/s  (vs base M=1 68.8 ms/tok = 14.53 tok/s -> 1.15x)
[decode] PREFILL: 673 positions in 10737.4 ms = 62.7 tok/s (15.955 ms/tok)
[capture] wrote /home/patrickd/s5-capture/s3recap/c1/cap/shard_p152_s000673.dspc  673 tok x (3 taps + 1 lm_in) x 4096 = 21.0 MB (32.0 KB/tok)
[probe] wrote 16 draft probes (block=5) to /home/patrickd/s5-capture/s3recap/c1/cap/drafts_p152_s000673.txt
[spec] decoding 8 tokens (block=5, draft passes=1, adaptK=1.50, prompt=152 s=674)...
  [margins] 20.00 17.62 9.02 15.32 6.00  K=6
  verify 1: accepted 4/5 (K=6) + correction -> +5 tokens (174.6 ms)  cpos=678
  [margins] 13.48 14.77 10.79 5.52 3.79  K=6
  verify 2: accepted 5/5 (K=6) + correction -> +6 tokens (175.5 ms)  cpos=684

[spec] generated 11 tokens over 2 verifies: mean tokens/verify = 5.50 (block=5, max 6)
[spec] tokens: 2501 2950 103581 11110 33845 2951 377 3480 56947 343 71
[spec] SPEC-DECODE: 29.3 ms/tok = 34.18 tok/s  (vs base M=1 68.8 ms/tok = 14.53 tok/s -> 2.35x)
[decode] PREFILL: 532 positions in 8782.8 ms = 60.6 tok/s (16.509 ms/tok)
[capture] wrote /home/patrickd/s5-capture/s3recap/c1/cap/shard_p153_s000532.dspc  532 tok x (3 taps + 1 lm_in) x 4096 = 16.6 MB (32.0 KB/tok)
[probe] wrote 16 draft probes (block=5) to /home/patrickd/s5-capture/s3recap/c1/cap/drafts_p153_s000532.txt
[spec] decoding 8 tokens (block=5, draft passes=1, adaptK=1.50, prompt=153 s=533)...
  [margins] 11.80 9.77 7.53 9.22 9.26  K=6
  verify 1: accepted 5/5 (K=6) + correction -> +6 tokens (165.4 ms)  cpos=538
  [margins] 12.46 13.86 5.73 10.45 10.29  K=6
  verify 2: accepted 5/5 (K=6) + correction -> +6 tokens (163.8 ms)  cpos=544

[spec] generated 12 tokens over 2 verifies: mean tokens/verify = 6.00 (block=5, max 6)
[spec] tokens: 88 50 88 50 88 50 88 50 88 50 88 50
[spec] SPEC-DECODE: 27.3 ms/tok = 36.63 tok/s  (vs base M=1 68.8 ms/tok = 14.53 tok/s -> 2.52x)
[decode] PREFILL: 629 positions in 10062.7 ms = 62.5 tok/s (15.998 ms/tok)
[capture] wrote /home/patrickd/s5-capture/s3recap/c1/cap/shard_p154_s000629.dspc  629 tok x (3 taps + 1 lm_in) x 4096 = 19.7 MB (32.0 KB/tok)
[probe] wrote 16 draft probes (block=5) to /home/patrickd/s5-capture/s3recap/c1/cap/drafts_p154_s000629.txt
[spec] decoding 8 tokens (block=5, draft passes=1, adaptK=1.50, prompt=154 s=630)...
  [margins] 16.06 9.91 15.07 9.70 13.44  K=6
  verify 1: accepted 5/5 (K=6) + correction -> +6 tokens (161.6 ms)  cpos=635
  [margins] 17.30 10.16 15.17 10.06 14.46  K=6
  verify 2: accepted 5/5 (K=6) + correction -> +6 tokens (179.3 ms)  cpos=641

[spec] generated 12 tokens over 2 verifies: mean tokens/verify = 6.00 (block=5, max 6)
[spec] tokens: 7684 16 7684 16 7684 16 7684 16 7684 16 7684 16
[spec] SPEC-DECODE: 29.9 ms/tok = 33.47 tok/s  (vs base M=1 68.8 ms/tok = 14.53 tok/s -> 2.30x)
[decode] PREFILL: 546 positions in 8681.6 ms = 62.9 tok/s (15.900 ms/tok)
[capture] wrote /home/patrickd/s5-capture/s3recap/c1/cap/shard_p155_s000546.dspc  546 tok x (3 taps + 1 lm_in) x 4096 = 17.1 MB (32.0 KB/tok)
[probe] wrote 16 draft probes (block=5) to /home/patrickd/s5-capture/s3recap/c1/cap/drafts_p155_s000546.txt
[spec] decoding 8 tokens (block=5, draft passes=1, adaptK=1.50, prompt=155 s=547)...
  [margins] 11.78 12.62 11.15 10.71 10.80  K=6
  verify 1: accepted 5/5 (K=6) + correction -> +6 tokens (176.2 ms)  cpos=552
  [margins] 12.34 12.02 10.65 10.40 8.32  K=6
  verify 2: accepted 5/5 (K=6) + correction -> +6 tokens (168.0 ms)  cpos=558

[spec] generated 12 tokens over 2 verifies: mean tokens/verify = 6.00 (block=5, max 6)
[spec] tokens: 16 3749 455 2019 344 3989 16 3749 455 2019 344 4087
[spec] SPEC-DECODE: 28.0 ms/tok = 35.72 tok/s  (vs base M=1 68.8 ms/tok = 14.53 tok/s -> 2.46x)
[decode] PREFILL: 576 positions in 9150.1 ms = 63.0 tok/s (15.886 ms/tok)
[capture] wrote /home/patrickd/s5-capture/s3recap/c1/cap/shard_p156_s000576.dspc  576 tok x (3 taps + 1 lm_in) x 4096 = 18.0 MB (32.0 KB/tok)
[probe] wrote 16 draft probes (block=5) to /home/patrickd/s5-capture/s3recap/c1/cap/drafts_p156_s000576.txt
[spec] decoding 8 tokens (block=5, draft passes=1, adaptK=1.50, prompt=156 s=577)...
  [margins] 11.62 5.82 10.50 10.02 4.65  K=6
  verify 1: accepted 5/5 (K=6) + correction -> +6 tokens (168.0 ms)  cpos=582
  [margins] 16.81 16.64 10.71 8.37 0.13  K=5
  verify 2: accepted 4/4 (K=5) + correction -> +5 tokens (151.0 ms)  cpos=587

[spec] generated 11 tokens over 2 verifies: mean tokens/verify = 5.50 (block=5, max 6)
[spec] tokens: 16 18624 565 696 554 1258 1117 6712 4181 16 13739
[spec] SPEC-DECODE: 30.2 ms/tok = 33.11 tok/s  (vs base M=1 68.8 ms/tok = 14.53 tok/s -> 2.28x)
[decode] PREFILL: 607 positions in 9645.2 ms = 62.9 tok/s (15.890 ms/tok)
[capture] wrote /home/patrickd/s5-capture/s3recap/c1/cap/shard_p157_s000607.dspc  607 tok x (3 taps + 1 lm_in) x 4096 = 19.0 MB (32.0 KB/tok)
[probe] wrote 16 draft probes (block=5) to /home/patrickd/s5-capture/s3recap/c1/cap/drafts_p157_s000607.txt
[spec] decoding 8 tokens (block=5, draft passes=1, adaptK=1.50, prompt=157 s=608)...
  [margins] 14.97 16.54 9.31 11.86 11.93  K=6
  verify 1: accepted 5/5 (K=6) + correction -> +6 tokens (175.6 ms)  cpos=613
  [margins] 11.21 15.28 13.59 8.03 11.33  K=6
  verify 2: accepted 5/5 (K=6) + correction -> +6 tokens (169.4 ms)  cpos=619

[spec] generated 12 tokens over 2 verifies: mean tokens/verify = 6.00 (block=5, max 6)
[spec] tokens: 15660 409 16 14026 92 50 66655 15660 409 16 14026 92
[spec] SPEC-DECODE: 28.2 ms/tok = 35.42 tok/s  (vs base M=1 68.8 ms/tok = 14.53 tok/s -> 2.44x)
[decode] PREFILL: 582 positions in 9259.5 ms = 62.9 tok/s (15.910 ms/tok)
[capture] wrote /home/patrickd/s5-capture/s3recap/c1/cap/shard_p158_s000582.dspc  582 tok x (3 taps + 1 lm_in) x 4096 = 18.2 MB (32.0 KB/tok)
[probe] wrote 16 draft probes (block=5) to /home/patrickd/s5-capture/s3recap/c1/cap/drafts_p158_s000582.txt
[spec] decoding 8 tokens (block=5, draft passes=1, adaptK=1.50, prompt=158 s=583)...
  [margins] 15.28 19.67 11.14 9.27 5.26  K=6
  verify 1: accepted 5/5 (K=6) + correction -> +6 tokens (177.5 ms)  cpos=588
  [margins] 18.14 17.81 8.56 7.52 5.43  K=6
  verify 2: accepted 5/5 (K=6) + correction -> +6 tokens (165.3 ms)  cpos=594

[spec] generated 12 tokens over 2 verifies: mean tokens/verify = 6.00 (block=5, max 6)
[spec] tokens: 294 12179 14 2622 3980 14 6262 14 4807 14 16296 14
[spec] SPEC-DECODE: 27.5 ms/tok = 36.30 tok/s  (vs base M=1 68.8 ms/tok = 14.53 tok/s -> 2.50x)
[decode] PREFILL: 919 positions in 14729.5 ms = 62.4 tok/s (16.028 ms/tok)
[capture] wrote /home/patrickd/s5-capture/s3recap/c1/cap/shard_p159_s000919.dspc  919 tok x (3 taps + 1 lm_in) x 4096 = 28.7 MB (32.0 KB/tok)
[probe] wrote 16 draft probes (block=5) to /home/patrickd/s5-capture/s3recap/c1/cap/drafts_p159_s000919.txt
[spec] decoding 8 tokens (block=5, draft passes=1, adaptK=1.50, prompt=159 s=920)...
  [margins] 0.61 0.52 1.66 0.51 0.57  K=2
  verify 1: accepted 0/1 (K=2) + correction -> +1 tokens (117.6 ms)  cpos=920
  [margins] 3.67 2.99 4.09 0.66 2.08  K=4
  verify 2: accepted 3/3 (K=4) + correction -> +4 tokens (141.3 ms)  cpos=924
  [margins] 3.71 0.37 2.65 2.59 1.26  K=2
  verify 3: accepted 1/1 (K=2) + correction -> +2 tokens (107.9 ms)  cpos=926
  [margins] 2.10 2.07 1.97 0.25 1.53  K=4
  verify 4: accepted 3/3 (K=4) + correction -> +4 tokens (135.8 ms)  cpos=930

[spec] generated 11 tokens over 4 verifies: mean tokens/verify = 2.75 (block=5, max 6)
[spec] tokens: 455 373 10124 10921 305 2573 477 270 3549 3785 396
[spec] SPEC-DECODE: 38.5 ms/tok = 25.97 tok/s  (vs base M=1 68.8 ms/tok = 14.53 tok/s -> 1.79x)
[decode] PREFILL: 531 positions in 8429.4 ms = 63.0 tok/s (15.875 ms/tok)
[capture] wrote /home/patrickd/s5-capture/s3recap/c1/cap/shard_p160_s000531.dspc  531 tok x (3 taps + 1 lm_in) x 4096 = 16.6 MB (32.0 KB/tok)
[probe] wrote 16 draft probes (block=5) to /home/patrickd/s5-capture/s3recap/c1/cap/drafts_p160_s000531.txt
[spec] decoding 8 tokens (block=5, draft passes=1, adaptK=1.50, prompt=160 s=532)...
  [margins] 11.09 10.72 6.14 6.97 11.27  K=6
  verify 1: accepted 5/5 (K=6) + correction -> +6 tokens (174.7 ms)  cpos=537
  [margins] 15.84 17.40 6.77 9.25 8.93  K=6
  verify 2: accepted 5/5 (K=6) + correction -> +6 tokens (168.0 ms)  cpos=543

[spec] generated 12 tokens over 2 verifies: mean tokens/verify = 6.00 (block=5, max 6)
[spec] tokens: 270 5335 1469 3549 6212 305 6212 7768 2755 3085 344 270
[spec] SPEC-DECODE: 28.0 ms/tok = 35.72 tok/s  (vs base M=1 68.8 ms/tok = 14.53 tok/s -> 2.46x)
[decode] PREFILL: 650 positions in 10355.2 ms = 62.8 tok/s (15.931 ms/tok)
[capture] wrote /home/patrickd/s5-capture/s3recap/c1/cap/shard_p161_s000650.dspc  650 tok x (3 taps + 1 lm_in) x 4096 = 20.3 MB (32.0 KB/tok)
[probe] wrote 16 draft probes (block=5) to /home/patrickd/s5-capture/s3recap/c1/cap/drafts_p161_s000650.txt
[spec] decoding 8 tokens (block=5, draft passes=1, adaptK=1.50, prompt=161 s=651)...
  [margins] 7.21 9.84 12.01 7.39 11.71  K=6
  verify 1: accepted 5/5 (K=6) + correction -> +6 tokens (169.5 ms)  cpos=656
  [margins] 9.20 11.86 12.45 7.10 12.37  K=6
  verify 2: accepted 5/5 (K=6) + correction -> +6 tokens (161.5 ms)  cpos=662

[spec] generated 12 tokens over 2 verifies: mean tokens/verify = 6.00 (block=5, max 6)
[spec] tokens: 16 223 2051 16 223 2051 16 223 2051 16 223 2051
[spec] SPEC-DECODE: 26.9 ms/tok = 37.15 tok/s  (vs base M=1 68.8 ms/tok = 14.53 tok/s -> 2.56x)
[decode] PREFILL: 1101 positions in 17736.0 ms = 62.1 tok/s (16.109 ms/tok)
[capture] wrote /home/patrickd/s5-capture/s3recap/c1/cap/shard_p162_s001101.dspc  1101 tok x (3 taps + 1 lm_in) x 4096 = 34.4 MB (32.0 KB/tok)
[probe] wrote 16 draft probes (block=5) to /home/patrickd/s5-capture/s3recap/c1/cap/drafts_p162_s001101.txt
[spec] decoding 8 tokens (block=5, draft passes=1, adaptK=1.50, prompt=162 s=1102)...
  [margins] 12.59 6.84 11.83 10.67 8.05  K=6
  verify 1: accepted 5/5 (K=6) + correction -> +6 tokens (171.8 ms)  cpos=1107
  [margins] 14.15 6.82 11.49 11.26 7.42  K=6
  verify 2: accepted 5/5 (K=6) + correction -> +6 tokens (171.0 ms)  cpos=1113

[spec] generated 12 tokens over 2 verifies: mean tokens/verify = 6.00 (block=5, max 6)
[spec] tokens: 86 16 11628 86 16 11628 86 16 11628 86 16 11628
[spec] SPEC-DECODE: 28.5 ms/tok = 35.10 tok/s  (vs base M=1 68.8 ms/tok = 14.53 tok/s -> 2.41x)
[decode] PREFILL: 618 positions in 9840.9 ms = 62.8 tok/s (15.924 ms/tok)
[capture] wrote /home/patrickd/s5-capture/s3recap/c1/cap/shard_p163_s000618.dspc  618 tok x (3 taps + 1 lm_in) x 4096 = 19.3 MB (32.0 KB/tok)
[probe] wrote 16 draft probes (block=5) to /home/patrickd/s5-capture/s3recap/c1/cap/drafts_p163_s000618.txt
[spec] decoding 8 tokens (block=5, draft passes=1, adaptK=1.50, prompt=163 s=619)...
  [margins] 12.17 1.77 10.52 9.12 4.49  K=6
  verify 1: accepted 5/5 (K=6) + correction -> +6 tokens (175.4 ms)  cpos=624
  [margins] 15.97 16.80 10.31 6.85 10.05  K=6
  verify 2: accepted 5/5 (K=6) + correction -> +6 tokens (168.8 ms)  cpos=630

[spec] generated 12 tokens over 2 verifies: mean tokens/verify = 6.00 (block=5, max 6)
[spec] tokens: 16 15062 14 696 554 1926 1117 6704 16 33848 14 696
[spec] SPEC-DECODE: 28.1 ms/tok = 35.53 tok/s  (vs base M=1 68.8 ms/tok = 14.53 tok/s -> 2.44x)
[decode] PREFILL: 1573 positions in 25704.5 ms = 61.2 tok/s (16.341 ms/tok)
[capture] wrote /home/patrickd/s5-capture/s3recap/c1/cap/shard_p164_s001573.dspc  1573 tok x (3 taps + 1 lm_in) x 4096 = 49.2 MB (32.0 KB/tok)
[probe] wrote 16 draft probes (block=5) to /home/patrickd/s5-capture/s3recap/c1/cap/drafts_p164_s001573.txt
[spec] decoding 8 tokens (block=5, draft passes=1, adaptK=1.50, prompt=164 s=1574)...
  [margins] 16.92 14.87 17.24 10.24 10.72  K=6
  verify 1: accepted 5/5 (K=6) + correction -> +6 tokens (181.2 ms)  cpos=1579
  [margins] 9.39 12.48 11.75 10.74 6.46  K=6
  verify 2: accepted 5/5 (K=6) + correction -> +6 tokens (180.2 ms)  cpos=1585

[spec] generated 12 tokens over 2 verifies: mean tokens/verify = 6.00 (block=5, max 6)
[spec] tokens: 582 85 16131 59381 3305 3749 455 3287 344 582 85 16131
[spec] SPEC-DECODE: 30.0 ms/tok = 33.30 tok/s  (vs base M=1 68.8 ms/tok = 14.53 tok/s -> 2.29x)
[decode] PREFILL: 675 positions in 10766.1 ms = 62.7 tok/s (15.950 ms/tok)
[capture] wrote /home/patrickd/s5-capture/s3recap/c1/cap/shard_p165_s000675.dspc  675 tok x (3 taps + 1 lm_in) x 4096 = 21.1 MB (32.0 KB/tok)
[probe] wrote 16 draft probes (block=5) to /home/patrickd/s5-capture/s3recap/c1/cap/drafts_p165_s000675.txt
[spec] decoding 8 tokens (block=5, draft passes=1, adaptK=1.50, prompt=165 s=676)...
  [margins] 14.66 10.70 3.58 0.38 5.45  K=4
  verify 1: accepted 3/3 (K=4) + correction -> +4 tokens (144.4 ms)  cpos=679
  [margins] 17.05 13.35 11.84 13.32 7.64  K=6
  verify 2: accepted 5/5 (K=6) + correction -> +6 tokens (178.7 ms)  cpos=685

[spec] generated 10 tokens over 2 verifies: mean tokens/verify = 5.00 (block=5, max 6)
[spec] tokens: 4890 6286 294 13696 260 1116 23753 7941 16 5375
[spec] SPEC-DECODE: 29.8 ms/tok = 33.57 tok/s  (vs base M=1 68.8 ms/tok = 14.53 tok/s -> 2.31x)
[decode] PREFILL: 677 positions in 10807.1 ms = 62.6 tok/s (15.963 ms/tok)
[capture] wrote /home/patrickd/s5-capture/s3recap/c1/cap/shard_p166_s000677.dspc  677 tok x (3 taps + 1 lm_in) x 4096 = 21.2 MB (32.0 KB/tok)
[probe] wrote 16 draft probes (block=5) to /home/patrickd/s5-capture/s3recap/c1/cap/drafts_p166_s000677.txt
[spec] decoding 8 tokens (block=5, draft passes=1, adaptK=1.50, prompt=166 s=678)...
  [margins] 9.46 7.81 9.48 6.64 8.17  K=6
  verify 1: accepted 5/5 (K=6) + correction -> +6 tokens (163.2 ms)  cpos=683
  [margins] 9.40 8.24 9.43 6.90 9.17  K=6
  verify 2: accepted 5/5 (K=6) + correction -> +6 tokens (165.6 ms)  cpos=689

[spec] generated 12 tokens over 2 verifies: mean tokens/verify = 6.00 (block=5, max 6)
[spec] tokens: 455 16 455 16 455 16 455 16 455 16 455 16
[spec] SPEC-DECODE: 27.6 ms/tok = 36.24 tok/s  (vs base M=1 68.8 ms/tok = 14.53 tok/s -> 2.49x)
[decode] PREFILL: 678 positions in 10823.9 ms = 62.6 tok/s (15.965 ms/tok)
[capture] wrote /home/patrickd/s5-capture/s3recap/c1/cap/shard_p167_s000678.dspc  678 tok x (3 taps + 1 lm_in) x 4096 = 21.2 MB (32.0 KB/tok)
[probe] wrote 16 draft probes (block=5) to /home/patrickd/s5-capture/s3recap/c1/cap/drafts_p167_s000678.txt
[spec] decoding 8 tokens (block=5, draft passes=1, adaptK=1.50, prompt=167 s=679)...
  [margins] 17.39 16.58 8.85 9.84 12.46  K=6
  verify 1: accepted 5/5 (K=6) + correction -> +6 tokens (179.4 ms)  cpos=684
  [margins] 10.33 13.26 15.69 5.95 9.43  K=6
  verify 2: accepted 5/5 (K=6) + correction -> +6 tokens (171.0 ms)  cpos=690

[spec] generated 12 tokens over 2 verifies: mean tokens/verify = 6.00 (block=5, max 6)
[spec] tokens: 361 582 65996 3362 223 23 989 361 582 30473 104715 61391
[spec] SPEC-DECODE: 28.5 ms/tok = 35.09 tok/s  (vs base M=1 68.8 ms/tok = 14.53 tok/s -> 2.41x)
[decode] PREFILL: 618 positions in 9832.5 ms = 62.9 tok/s (15.910 ms/tok)
[capture] wrote /home/patrickd/s5-capture/s3recap/c1/cap/shard_p168_s000618.dspc  618 tok x (3 taps + 1 lm_in) x 4096 = 19.3 MB (32.0 KB/tok)
[probe] wrote 16 draft probes (block=5) to /home/patrickd/s5-capture/s3recap/c1/cap/drafts_p168_s000618.txt
[spec] decoding 8 tokens (block=5, draft passes=1, adaptK=1.50, prompt=168 s=619)...
  [margins] 15.80 14.19 10.09 12.32 8.88  K=6
  verify 1: accepted 5/5 (K=6) + correction -> +6 tokens (176.8 ms)  cpos=624
  [margins] 16.67 17.70 15.25 13.67 9.01  K=6
  verify 2: accepted 5/5 (K=6) + correction -> +6 tokens (169.2 ms)  cpos=630

[spec] generated 12 tokens over 2 verifies: mean tokens/verify = 6.00 (block=5, max 6)
[spec] tokens: 204 201 4564 200 40148 19687 7004 223 19 204 201 5562
[spec] SPEC-DECODE: 28.2 ms/tok = 35.45 tok/s  (vs base M=1 68.8 ms/tok = 14.53 tok/s -> 2.44x)
[decode] PREFILL: 540 positions in 8572.6 ms = 63.0 tok/s (15.875 ms/tok)
[capture] wrote /home/patrickd/s5-capture/s3recap/c1/cap/shard_p169_s000540.dspc  540 tok x (3 taps + 1 lm_in) x 4096 = 16.9 MB (32.0 KB/tok)
[probe] wrote 16 draft probes (block=5) to /home/patrickd/s5-capture/s3recap/c1/cap/drafts_p169_s000540.txt
[spec] decoding 8 tokens (block=5, draft passes=1, adaptK=1.50, prompt=169 s=541)...
  [margins] 9.58 11.14 12.59 15.99 10.30  K=6
  verify 1: accepted 5/5 (K=6) + correction -> +6 tokens (163.7 ms)  cpos=546
  [margins] 14.38 17.22 9.19 11.06 9.87  K=6
  verify 2: accepted 5/5 (K=6) + correction -> +6 tokens (170.6 ms)  cpos=552

[spec] generated 12 tokens over 2 verifies: mean tokens/verify = 6.00 (block=5, max 6)
[spec] tokens: 16 2497 1615 730 16 2497 1615 730 16 2497 1615 730
[spec] SPEC-DECODE: 28.4 ms/tok = 35.17 tok/s  (vs base M=1 68.8 ms/tok = 14.53 tok/s -> 2.42x)
[decode] PREFILL: 537 positions in 8517.2 ms = 63.0 tok/s (15.861 ms/tok)
[capture] wrote /home/patrickd/s5-capture/s3recap/c1/cap/shard_p170_s000537.dspc  537 tok x (3 taps + 1 lm_in) x 4096 = 16.8 MB (32.0 KB/tok)
[probe] wrote 16 draft probes (block=5) to /home/patrickd/s5-capture/s3recap/c1/cap/drafts_p170_s000537.txt
[spec] decoding 8 tokens (block=5, draft passes=1, adaptK=1.50, prompt=170 s=538)...
  [margins] 14.17 17.25 16.06 13.04 15.65  K=6
  verify 1: accepted 5/5 (K=6) + correction -> +6 tokens (170.2 ms)  cpos=543
  [margins] 0.02 8.15 10.63 7.02 9.77  K=6
  verify 2: accepted 0/5 (K=6) + correction -> +1 tokens (172.3 ms)  cpos=544
  [margins] 11.31 12.08 10.15 12.28 12.34  K=6
  verify 3: accepted 5/5 (K=6) + correction -> +6 tokens (168.0 ms)  cpos=550

[spec] generated 13 tokens over 3 verifies: mean tokens/verify = 4.33 (block=5, max 6)
[spec] tokens: 52529 3284 14 52365 319 2605 17914 28 1351 344 5980 12904 35900
[spec] SPEC-DECODE: 48.6 ms/tok = 20.57 tok/s  (vs base M=1 68.8 ms/tok = 14.53 tok/s -> 1.42x)
[decode] PREFILL: 637 positions in 10124.3 ms = 62.9 tok/s (15.894 ms/tok)
[capture] wrote /home/patrickd/s5-capture/s3recap/c1/cap/shard_p171_s000637.dspc  637 tok x (3 taps + 1 lm_in) x 4096 = 19.9 MB (32.0 KB/tok)
[probe] wrote 16 draft probes (block=5) to /home/patrickd/s5-capture/s3recap/c1/cap/drafts_p171_s000637.txt
[spec] decoding 8 tokens (block=5, draft passes=1, adaptK=1.50, prompt=171 s=638)...
  [margins] 8.90 9.61 7.93 8.43 4.50  K=6
  verify 1: accepted 5/5 (K=6) + correction -> +6 tokens (176.5 ms)  cpos=643
  [margins] 8.49 9.78 7.75 8.59 5.39  K=6
  verify 2: accepted 5/5 (K=6) + correction -> +6 tokens (164.5 ms)  cpos=649

[spec] generated 12 tokens over 2 verifies: mean tokens/verify = 6.00 (block=5, max 6)
[spec] tokens: 16 455 16 455 16 455 16 455 16 455 16 455
[spec] SPEC-DECODE: 27.4 ms/tok = 36.47 tok/s  (vs base M=1 68.8 ms/tok = 14.53 tok/s -> 2.51x)
[decode] PREFILL: 675 positions in 10763.4 ms = 62.7 tok/s (15.946 ms/tok)
[capture] wrote /home/patrickd/s5-capture/s3recap/c1/cap/shard_p172_s000675.dspc  675 tok x (3 taps + 1 lm_in) x 4096 = 21.1 MB (32.0 KB/tok)
[probe] wrote 16 draft probes (block=5) to /home/patrickd/s5-capture/s3recap/c1/cap/drafts_p172_s000675.txt
[spec] decoding 8 tokens (block=5, draft passes=1, adaptK=1.50, prompt=172 s=676)...
  [margins] 13.56 9.29 3.39 5.31 4.15  K=6
  verify 1: accepted 5/5 (K=6) + correction -> +6 tokens (175.2 ms)  cpos=681
  [margins] 15.00 12.18 10.85 3.42 5.90  K=6
  verify 2: accepted 5/5 (K=6) + correction -> +6 tokens (165.8 ms)  cpos=687

[spec] generated 12 tokens over 2 verifies: mean tokens/verify = 6.00 (block=5, max 6)
[spec] tokens: 59483 292 201 6756 28 3721 440 3052 260 13672 294 270
[spec] SPEC-DECODE: 27.6 ms/tok = 36.18 tok/s  (vs base M=1 68.8 ms/tok = 14.53 tok/s -> 2.49x)
[decode] PREFILL: 670 positions in 10682.8 ms = 62.7 tok/s (15.944 ms/tok)
[capture] wrote /home/patrickd/s5-capture/s3recap/c1/cap/shard_p173_s000670.dspc  670 tok x (3 taps + 1 lm_in) x 4096 = 20.9 MB (32.0 KB/tok)
[probe] wrote 16 draft probes (block=5) to /home/patrickd/s5-capture/s3recap/c1/cap/drafts_p173_s000670.txt
[spec] decoding 8 tokens (block=5, draft passes=1, adaptK=1.50, prompt=173 s=671)...
  [margins] 2.34 8.25 3.86 7.99 8.45  K=6
  verify 1: accepted 0/5 (K=6) + correction -> +1 tokens (176.2 ms)  cpos=671
  [margins] 5.48 5.07 8.17 4.52 3.62  K=6
  verify 2: accepted 5/5 (K=6) + correction -> +6 tokens (174.3 ms)  cpos=677
  [margins] 7.76 0.75 14.98 3.75 7.98  K=2
  verify 3: accepted 1/1 (K=2) + correction -> +2 tokens (103.4 ms)  cpos=679

[spec] generated 9 tokens over 3 verifies: mean tokens/verify = 3.00 (block=5, max 6)
[spec] tokens: 3840 7181 270 2019 2329 305 8252 16 56405
[spec] SPEC-DECODE: 34.7 ms/tok = 28.81 tok/s  (vs base M=1 68.8 ms/tok = 14.53 tok/s -> 1.98x)
[decode] PREFILL: 529 positions in 8411.7 ms = 62.9 tok/s (15.901 ms/tok)
[capture] wrote /home/patrickd/s5-capture/s3recap/c1/cap/shard_p174_s000529.dspc  529 tok x (3 taps + 1 lm_in) x 4096 = 16.5 MB (32.0 KB/tok)
[probe] wrote 16 draft probes (block=5) to /home/patrickd/s5-capture/s3recap/c1/cap/drafts_p174_s000529.txt
[spec] decoding 8 tokens (block=5, draft passes=1, adaptK=1.50, prompt=174 s=530)...
  [margins] 15.31 12.48 11.93 11.79 12.67  K=6
  verify 1: accepted 5/5 (K=6) + correction -> +6 tokens (170.2 ms)  cpos=535
  [margins] 0.44 0.00 1.83 9.39 7.21  K=2
  verify 2: accepted 0/1 (K=2) + correction -> +1 tokens (108.5 ms)  cpos=536
  [margins] 1.86 7.22 5.85 1.20 3.82  K=4
  verify 3: accepted 0/3 (K=4) + correction -> +1 tokens (134.5 ms)  cpos=537

[spec] generated 8 tokens over 3 verifies: mean tokens/verify = 2.67 (block=5, max 6)
[spec] tokens: 13533 270 1473 28403 5029 16 5241 82
[spec] SPEC-DECODE: 121.5 ms/tok = 8.23 tok/s  (vs base M=1 68.8 ms/tok = 14.53 tok/s -> 0.57x)
[decode] PREFILL: 615 positions in 9798.1 ms = 62.8 tok/s (15.932 ms/tok)
[capture] wrote /home/patrickd/s5-capture/s3recap/c1/cap/shard_p175_s000615.dspc  615 tok x (3 taps + 1 lm_in) x 4096 = 19.2 MB (32.0 KB/tok)
[probe] wrote 16 draft probes (block=5) to /home/patrickd/s5-capture/s3recap/c1/cap/drafts_p175_s000615.txt
[spec] decoding 8 tokens (block=5, draft passes=1, adaptK=1.50, prompt=175 s=616)...
  [margins] 11.20 9.77 13.11 14.16 9.41  K=6
  verify 1: accepted 5/5 (K=6) + correction -> +6 tokens (175.8 ms)  cpos=621
  [margins] 10.51 15.15 12.86 13.53 10.30  K=6
  verify 2: accepted 5/5 (K=6) + correction -> +6 tokens (170.1 ms)  cpos=627

[spec] generated 12 tokens over 2 verifies: mean tokens/verify = 6.00 (block=5, max 6)
[spec] tokens: 16 7853 10107 16 16858 10107 16 3239 17673 16 35963 16
[spec] SPEC-DECODE: 28.4 ms/tok = 35.26 tok/s  (vs base M=1 68.8 ms/tok = 14.53 tok/s -> 2.43x)
[decode] PREFILL: 529 positions in 8412.6 ms = 62.9 tok/s (15.903 ms/tok)
[capture] wrote /home/patrickd/s5-capture/s3recap/c1/cap/shard_p176_s000529.dspc  529 tok x (3 taps + 1 lm_in) x 4096 = 16.5 MB (32.0 KB/tok)
[probe] wrote 16 draft probes (block=5) to /home/patrickd/s5-capture/s3recap/c1/cap/drafts_p176_s000529.txt
[spec] decoding 8 tokens (block=5, draft passes=1, adaptK=1.50, prompt=176 s=530)...
  [margins] 0.14 1.46 3.54 0.14 0.75  K=2
  verify 1: accepted 0/1 (K=2) + correction -> +1 tokens (106.1 ms)  cpos=530
  [margins] 2.50 5.21 2.12 1.93 0.20  K=5
  verify 2: accepted 2/4 (K=5) + correction -> +3 tokens (147.7 ms)  cpos=533
  [margins] 1.09 4.53 0.28 0.29 0.10  K=3
  verify 3: accepted 0/2 (K=3) + correction -> +1 tokens (119.6 ms)  cpos=534
  [margins] 0.09 6.12 1.33 0.01 2.57  K=3
  verify 4: accepted 0/2 (K=3) + correction -> +1 tokens (120.6 ms)  cpos=535
  [margins] 5.77 0.48 1.32 3.62 10.76  K=2
  verify 5: accepted 1/1 (K=2) + correction -> +2 tokens (107.9 ms)  cpos=537

[spec] generated 8 tokens over 5 verifies: mean tokens/verify = 1.60 (block=5, max 6)
[spec] tokens: 31269 6844 14 260 2953 13581 295 1623
[spec] SPEC-DECODE: 70.8 ms/tok = 14.12 tok/s  (vs base M=1 68.8 ms/tok = 14.53 tok/s -> 0.97x)
[decode] PREFILL: 889 positions in 14219.1 ms = 62.5 tok/s (15.994 ms/tok)
[capture] wrote /home/patrickd/s5-capture/s3recap/c1/cap/shard_p177_s000889.dspc  889 tok x (3 taps + 1 lm_in) x 4096 = 27.8 MB (32.0 KB/tok)
[probe] wrote 16 draft probes (block=5) to /home/patrickd/s5-capture/s3recap/c1/cap/drafts_p177_s000889.txt
[spec] decoding 8 tokens (block=5, draft passes=1, adaptK=1.50, prompt=177 s=890)...
  [margins] 13.08 15.07 8.62 12.17 12.93  K=6
  verify 1: accepted 5/5 (K=6) + correction -> +6 tokens (173.6 ms)  cpos=895
  [margins] 24.79 15.21 10.49 11.41 14.94  K=6
  verify 2: accepted 5/5 (K=6) + correction -> +6 tokens (192.5 ms)  cpos=901

[spec] generated 12 tokens over 2 verifies: mean tokens/verify = 6.00 (block=5, max 6)
[spec] tokens: 1093 294 270 1585 20814 50902 475 2640 294 50816 81473 412
[spec] SPEC-DECODE: 32.1 ms/tok = 31.17 tok/s  (vs base M=1 68.8 ms/tok = 14.53 tok/s -> 2.14x)
[decode] PREFILL: 676 positions in 10781.6 ms = 62.7 tok/s (15.949 ms/tok)
[capture] wrote /home/patrickd/s5-capture/s3recap/c1/cap/shard_p178_s000676.dspc  676 tok x (3 taps + 1 lm_in) x 4096 = 21.1 MB (32.0 KB/tok)
[probe] wrote 16 draft probes (block=5) to /home/patrickd/s5-capture/s3recap/c1/cap/drafts_p178_s000676.txt
[spec] decoding 8 tokens (block=5, draft passes=1, adaptK=1.50, prompt=178 s=677)...
  [margins] 17.85 8.79 14.80 16.98 16.80  K=6
  verify 1: accepted 5/5 (K=6) + correction -> +6 tokens (172.5 ms)  cpos=682
  [margins] 19.80 28.63 14.65 17.27 8.66  K=6
  verify 2: accepted 5/5 (K=6) + correction -> +6 tokens (178.1 ms)  cpos=688

[spec] generated 12 tokens over 2 verifies: mean tokens/verify = 6.00 (block=5, max 6)
[spec] tokens: 438 4892 7093 331 19797 52495 15357 85 11 565 223 19
[spec] SPEC-DECODE: 29.7 ms/tok = 33.69 tok/s  (vs base M=1 68.8 ms/tok = 14.53 tok/s -> 2.32x)
[decode] PREFILL: 545 positions in 8653.2 ms = 63.0 tok/s (15.877 ms/tok)
[capture] wrote /home/patrickd/s5-capture/s3recap/c1/cap/shard_p179_s000545.dspc  545 tok x (3 taps + 1 lm_in) x 4096 = 17.0 MB (32.0 KB/tok)
[probe] wrote 16 draft probes (block=5) to /home/patrickd/s5-capture/s3recap/c1/cap/drafts_p179_s000545.txt
[spec] decoding 8 tokens (block=5, draft passes=1, adaptK=1.50, prompt=179 s=546)...
  [margins] 13.80 7.87 12.22 8.23 13.19  K=6
  verify 1: accepted 5/5 (K=6) + correction -> +6 tokens (159.5 ms)  cpos=551
  [margins] 14.32 9.20 14.07 9.21 13.87  K=6
  verify 2: accepted 5/5 (K=6) + correction -> +6 tokens (161.6 ms)  cpos=557

[spec] generated 12 tokens over 2 verifies: mean tokens/verify = 6.00 (block=5, max 6)
[spec] tokens: 54016 16 54016 16 54016 16 54016 16 54016 16 54016 16
[spec] SPEC-DECODE: 26.9 ms/tok = 37.13 tok/s  (vs base M=1 68.8 ms/tok = 14.53 tok/s -> 2.55x)
[decode] PREFILL: 669 positions in 10660.2 ms = 62.8 tok/s (15.934 ms/tok)
[capture] wrote /home/patrickd/s5-capture/s3recap/c1/cap/shard_p180_s000669.dspc  669 tok x (3 taps + 1 lm_in) x 4096 = 20.9 MB (32.0 KB/tok)
[probe] wrote 16 draft probes (block=5) to /home/patrickd/s5-capture/s3recap/c1/cap/drafts_p180_s000669.txt
[spec] decoding 8 tokens (block=5, draft passes=1, adaptK=1.50, prompt=180 s=670)...
  [margins] 9.96 7.33 8.45 10.34 7.59  K=6
  verify 1: accepted 5/5 (K=6) + correction -> +6 tokens (169.8 ms)  cpos=675
  [margins] 16.44 14.78 15.66 9.96 10.00  K=6
  verify 2: accepted 5/5 (K=6) + correction -> +6 tokens (171.4 ms)  cpos=681

[spec] generated 12 tokens over 2 verifies: mean tokens/verify = 6.00 (block=5, max 6)
[spec] tokens: 21021 16 223 1942 16 455 2019 1531 554 1347 1117 612
[spec] SPEC-DECODE: 28.6 ms/tok = 35.01 tok/s  (vs base M=1 68.8 ms/tok = 14.53 tok/s -> 2.41x)
[decode] PREFILL: 672 positions in 10701.9 ms = 62.8 tok/s (15.926 ms/tok)
[capture] wrote /home/patrickd/s5-capture/s3recap/c1/cap/shard_p181_s000672.dspc  672 tok x (3 taps + 1 lm_in) x 4096 = 21.0 MB (32.0 KB/tok)
[probe] wrote 16 draft probes (block=5) to /home/patrickd/s5-capture/s3recap/c1/cap/drafts_p181_s000672.txt
[spec] decoding 8 tokens (block=5, draft passes=1, adaptK=1.50, prompt=181 s=673)...
  [margins] 13.69 10.56 16.49 14.82 13.66  K=6
  verify 1: accepted 5/5 (K=6) + correction -> +6 tokens (170.2 ms)  cpos=678
  [margins] 17.30 17.86 16.14 12.76 11.40  K=6
  verify 2: accepted 5/5 (K=6) + correction -> +6 tokens (172.8 ms)  cpos=684

[spec] generated 12 tokens over 2 verifies: mean tokens/verify = 6.00 (block=5, max 6)
[spec] tokens: 223 24 14 223 25 14 223 26 14 223 27 14
[spec] SPEC-DECODE: 28.8 ms/tok = 34.73 tok/s  (vs base M=1 68.8 ms/tok = 14.53 tok/s -> 2.39x)
[decode] PREFILL: 546 positions in 8678.2 ms = 62.9 tok/s (15.894 ms/tok)
[capture] wrote /home/patrickd/s5-capture/s3recap/c1/cap/shard_p182_s000546.dspc  546 tok x (3 taps + 1 lm_in) x 4096 = 17.1 MB (32.0 KB/tok)
[probe] wrote 16 draft probes (block=5) to /home/patrickd/s5-capture/s3recap/c1/cap/drafts_p182_s000546.txt
[spec] decoding 8 tokens (block=5, draft passes=1, adaptK=1.50, prompt=182 s=547)...
  [margins] 9.75 7.41 13.58 11.75 7.70  K=6
  verify 1: accepted 5/5 (K=6) + correction -> +6 tokens (171.8 ms)  cpos=552
  [margins] 12.39 14.64 11.30 6.83 12.88  K=6
  verify 2: accepted 5/5 (K=6) + correction -> +6 tokens (164.1 ms)  cpos=558

[spec] generated 12 tokens over 2 verifies: mean tokens/verify = 6.00 (block=5, max 6)
[spec] tokens: 1387 16 4617 272 1387 16 4617 272 1387 16 4617 272
[spec] SPEC-DECODE: 27.4 ms/tok = 36.56 tok/s  (vs base M=1 68.8 ms/tok = 14.53 tok/s -> 2.52x)
[decode] PREFILL: 532 positions in 8460.6 ms = 62.9 tok/s (15.903 ms/tok)
[capture] wrote /home/patrickd/s5-capture/s3recap/c1/cap/shard_p183_s000532.dspc  532 tok x (3 taps + 1 lm_in) x 4096 = 16.6 MB (32.0 KB/tok)
[probe] wrote 16 draft probes (block=5) to /home/patrickd/s5-capture/s3recap/c1/cap/drafts_p183_s000532.txt
[spec] decoding 8 tokens (block=5, draft passes=1, adaptK=1.50, prompt=183 s=533)...
  [margins] 14.16 10.68 13.81 5.11 12.68  K=6
  verify 1: accepted 5/5 (K=6) + correction -> +6 tokens (164.3 ms)  cpos=538
  [margins] 13.69 8.11 14.89 9.56 11.38  K=6
  verify 2: accepted 5/5 (K=6) + correction -> +6 tokens (169.5 ms)  cpos=544

[spec] generated 12 tokens over 2 verifies: mean tokens/verify = 6.00 (block=5, max 6)
[spec] tokens: 2030 3749 11 50 2030 3749 11 50 2030 3749 11 50
[spec] SPEC-DECODE: 28.2 ms/tok = 35.41 tok/s  (vs base M=1 68.8 ms/tok = 14.53 tok/s -> 2.44x)
[decode] PREFILL: 1190 positions in 19231.3 ms = 61.9 tok/s (16.161 ms/tok)
[capture] wrote /home/patrickd/s5-capture/s3recap/c1/cap/shard_p184_s001190.dspc  1190 tok x (3 taps + 1 lm_in) x 4096 = 37.2 MB (32.0 KB/tok)
[probe] wrote 16 draft probes (block=5) to /home/patrickd/s5-capture/s3recap/c1/cap/drafts_p184_s001190.txt
[spec] decoding 8 tokens (block=5, draft passes=1, adaptK=1.50, prompt=184 s=1191)...
  [margins] 11.36 10.46 6.57 13.65 8.39  K=6
  verify 1: accepted 5/5 (K=6) + correction -> +6 tokens (183.3 ms)  cpos=1196
  [margins] 13.62 7.46 11.85 7.93 13.92  K=6
  verify 2: accepted 5/5 (K=6) + correction -> +6 tokens (173.0 ms)  cpos=1202

[spec] generated 12 tokens over 2 verifies: mean tokens/verify = 6.00 (block=5, max 6)
[spec] tokens: 939 18 16 95565 270 14143 396 515 9400 295 223 939
[spec] SPEC-DECODE: 28.8 ms/tok = 34.69 tok/s  (vs base M=1 68.8 ms/tok = 14.53 tok/s -> 2.39x)
[decode] PREFILL: 611 positions in 9727.8 ms = 62.8 tok/s (15.921 ms/tok)
[capture] wrote /home/patrickd/s5-capture/s3recap/c1/cap/shard_p185_s000611.dspc  611 tok x (3 taps + 1 lm_in) x 4096 = 19.1 MB (32.0 KB/tok)
[probe] wrote 16 draft probes (block=5) to /home/patrickd/s5-capture/s3recap/c1/cap/drafts_p185_s000611.txt
[spec] decoding 8 tokens (block=5, draft passes=1, adaptK=1.50, prompt=185 s=612)...
  [margins] 16.95 15.58 16.08 16.31 14.04  K=6
  verify 1: accepted 5/5 (K=6) + correction -> +6 tokens (177.7 ms)  cpos=617
  [margins] 17.99 18.93 16.25 17.73 18.88  K=6
  verify 2: accepted 5/5 (K=6) + correction -> +6 tokens (170.0 ms)  cpos=623

[spec] generated 12 tokens over 2 verifies: mean tokens/verify = 6.00 (block=5, max 6)
[spec] tokens: 14 27548 19 31 22 16 5361 14 6059 20 31 2170
[spec] SPEC-DECODE: 28.3 ms/tok = 35.30 tok/s  (vs base M=1 68.8 ms/tok = 14.53 tok/s -> 2.43x)
[decode] PREFILL: 526 positions in 8345.6 ms = 63.0 tok/s (15.866 ms/tok)
[capture] wrote /home/patrickd/s5-capture/s3recap/c1/cap/shard_p186_s000526.dspc  526 tok x (3 taps + 1 lm_in) x 4096 = 16.4 MB (32.0 KB/tok)
[probe] wrote 16 draft probes (block=5) to /home/patrickd/s5-capture/s3recap/c1/cap/drafts_p186_s000526.txt
[spec] decoding 8 tokens (block=5, draft passes=1, adaptK=1.50, prompt=186 s=527)...
  [margins] 14.23 15.60 15.45 15.02 9.05  K=6
  verify 1: accepted 5/5 (K=6) + correction -> +6 tokens (175.4 ms)  cpos=532
  [margins] 15.22 15.20 16.64 12.96 8.93  K=6
  verify 2: accepted 5/5 (K=6) + correction -> +6 tokens (167.5 ms)  cpos=538

[spec] generated 12 tokens over 2 verifies: mean tokens/verify = 6.00 (block=5, max 6)
[spec] tokens: 344 260 15000 418 260 20087 294 1623 11273 14 1901 260
[spec] SPEC-DECODE: 27.9 ms/tok = 35.82 tok/s  (vs base M=1 68.8 ms/tok = 14.53 tok/s -> 2.46x)
[decode] PREFILL: 673 positions in 10748.7 ms = 62.6 tok/s (15.971 ms/tok)
[capture] wrote /home/patrickd/s5-capture/s3recap/c1/cap/shard_p187_s000673.dspc  673 tok x (3 taps + 1 lm_in) x 4096 = 21.0 MB (32.0 KB/tok)
[probe] wrote 16 draft probes (block=5) to /home/patrickd/s5-capture/s3recap/c1/cap/drafts_p187_s000673.txt
[spec] decoding 8 tokens (block=5, draft passes=1, adaptK=1.50, prompt=187 s=674)...
  [margins] 9.16 1.89 0.04 0.28 0.13  K=3
  verify 1: accepted 1/2 (K=3) + correction -> +2 tokens (123.1 ms)  cpos=675
  [margins] 4.09 1.93 4.46 0.73 9.62  K=4
  verify 2: accepted 3/3 (K=4) + correction -> +4 tokens (137.1 ms)  cpos=679
  [margins] 10.46 2.59 2.10 1.17 5.03  K=4
  verify 3: accepted 1/3 (K=4) + correction -> +2 tokens (134.5 ms)  cpos=681

[spec] generated 8 tokens over 3 verifies: mean tokens/verify = 2.67 (block=5, max 6)
[spec] tokens: 294 3980 14 305 270 13182 294 260
[spec] SPEC-DECODE: 45.3 ms/tok = 22.09 tok/s  (vs base M=1 68.8 ms/tok = 14.53 tok/s -> 1.52x)
[decode] PREFILL: 539 positions in 8542.9 ms = 63.1 tok/s (15.850 ms/tok)
[capture] wrote /home/patrickd/s5-capture/s3recap/c1/cap/shard_p188_s000539.dspc  539 tok x (3 taps + 1 lm_in) x 4096 = 16.8 MB (32.0 KB/tok)
[probe] wrote 16 draft probes (block=5) to /home/patrickd/s5-capture/s3recap/c1/cap/drafts_p188_s000539.txt
[spec] decoding 8 tokens (block=5, draft passes=1, adaptK=1.50, prompt=188 s=540)...
  [margins] 17.45 15.91 9.31 12.42 6.02  K=6
  verify 1: accepted 5/5 (K=6) + correction -> +6 tokens (175.5 ms)  cpos=545
  [margins] 11.93 13.40 11.61 13.36 10.86  K=6
  verify 2: accepted 5/5 (K=6) + correction -> +6 tokens (167.6 ms)  cpos=551

[spec] generated 12 tokens over 2 verifies: mean tokens/verify = 6.00 (block=5, max 6)
[spec] tokens: 344 4813 305 18445 270 16381 16 3749 455 4181 344 4813
[spec] SPEC-DECODE: 27.9 ms/tok = 35.80 tok/s  (vs base M=1 68.8 ms/tok = 14.53 tok/s -> 2.46x)
[decode] PREFILL: 526 positions in 8341.1 ms = 63.1 tok/s (15.858 ms/tok)
[capture] wrote /home/patrickd/s5-capture/s3recap/c1/cap/shard_p189_s000526.dspc  526 tok x (3 taps + 1 lm_in) x 4096 = 16.4 MB (32.0 KB/tok)
[probe] wrote 16 draft probes (block=5) to /home/patrickd/s5-capture/s3recap/c1/cap/drafts_p189_s000526.txt
[spec] decoding 8 tokens (block=5, draft passes=1, adaptK=1.50, prompt=189 s=527)...
  [margins] 7.73 2.62 3.03 0.87 1.05  K=4
  verify 1: accepted 1/3 (K=4) + correction -> +2 tokens (133.9 ms)  cpos=528
  [margins] 0.18 1.03 3.30 3.02 1.94  K=2
  verify 2: accepted 1/1 (K=2) + correction -> +2 tokens (101.8 ms)  cpos=530
  [margins] 8.63 3.32 6.36 2.42 0.74  K=5
  verify 3: accepted 1/4 (K=5) + correction -> +2 tokens (144.5 ms)  cpos=532
  [margins] 6.51 9.43 9.01 4.12 1.97  K=6
  verify 4: accepted 4/5 (K=6) + correction -> +5 tokens (162.5 ms)  cpos=537

[spec] generated 11 tokens over 4 verifies: mean tokens/verify = 2.75 (block=5, max 6)
[spec] tokens: 440 611 1117 915 4218 14 2929 3080 304 2997 3
[spec] SPEC-DECODE: 45.4 ms/tok = 22.02 tok/s  (vs base M=1 68.8 ms/tok = 14.53 tok/s -> 1.51x)
[decode] PREFILL: 675 positions in 10767.2 ms = 62.7 tok/s (15.951 ms/tok)
[capture] wrote /home/patrickd/s5-capture/s3recap/c1/cap/shard_p190_s000675.dspc  675 tok x (3 taps + 1 lm_in) x 4096 = 21.1 MB (32.0 KB/tok)
[probe] wrote 16 draft probes (block=5) to /home/patrickd/s5-capture/s3recap/c1/cap/drafts_p190_s000675.txt
[spec] decoding 8 tokens (block=5, draft passes=1, adaptK=1.50, prompt=190 s=676)...
  [margins] 8.21 10.24 8.80 10.97 9.15  K=6
  verify 1: accepted 5/5 (K=6) + correction -> +6 tokens (178.8 ms)  cpos=681
  [margins] 13.75 18.38 13.15 9.02 3.48  K=6
  verify 2: accepted 5/5 (K=6) + correction -> +6 tokens (170.1 ms)  cpos=687

[spec] generated 12 tokens over 2 verifies: mean tokens/verify = 6.00 (block=5, max 6)
[spec] tokens: 22808 14 4682 201 15 223 19 17 20 9778 93537 22808
[spec] SPEC-DECODE: 28.4 ms/tok = 35.27 tok/s  (vs base M=1 68.8 ms/tok = 14.53 tok/s -> 2.43x)
[decode] PREFILL: 552 positions in 8760.1 ms = 63.0 tok/s (15.870 ms/tok)
[capture] wrote /home/patrickd/s5-capture/s3recap/c1/cap/shard_p191_s000552.dspc  552 tok x (3 taps + 1 lm_in) x 4096 = 17.3 MB (32.0 KB/tok)
[probe] wrote 16 draft probes (block=5) to /home/patrickd/s5-capture/s3recap/c1/cap/drafts_p191_s000552.txt
[spec] decoding 8 tokens (block=5, draft passes=1, adaptK=1.50, prompt=191 s=553)...
  [margins] 18.22 14.67 11.63 12.21 15.91  K=6
  verify 1: accepted 5/5 (K=6) + correction -> +6 tokens (166.7 ms)  cpos=558
  [margins] 14.97 9.41 12.20 13.93 16.72  K=6
  verify 2: accepted 5/5 (K=6) + correction -> +6 tokens (170.1 ms)  cpos=564

[spec] generated 12 tokens over 2 verifies: mean tokens/verify = 6.00 (block=5, max 6)
[spec] tokens: 56 19 16 1789 463 56 19 16 1789 463 56 19
[spec] SPEC-DECODE: 28.3 ms/tok = 35.28 tok/s  (vs base M=1 68.8 ms/tok = 14.53 tok/s -> 2.43x)
[decode] PREFILL: 616 positions in 9807.9 ms = 62.8 tok/s (15.922 ms/tok)
[capture] wrote /home/patrickd/s5-capture/s3recap/c1/cap/shard_p192_s000616.dspc  616 tok x (3 taps + 1 lm_in) x 4096 = 19.3 MB (32.0 KB/tok)
[probe] wrote 16 draft probes (block=5) to /home/patrickd/s5-capture/s3recap/c1/cap/drafts_p192_s000616.txt
[spec] decoding 8 tokens (block=5, draft passes=1, adaptK=1.50, prompt=192 s=617)...
  [margins] 11.35 12.35 10.55 11.54 11.01  K=6
  verify 1: accepted 5/5 (K=6) + correction -> +6 tokens (170.8 ms)  cpos=622
  [margins] 12.78 10.71 15.80 5.28 0.16  K=5
  verify 2: accepted 4/4 (K=5) + correction -> +5 tokens (148.9 ms)  cpos=627

[spec] generated 11 tokens over 2 verifies: mean tokens/verify = 5.50 (block=5, max 6)
[spec] tokens: 16 504 509 957 20 16 1328 13898 71268 16 1
[spec] SPEC-DECODE: 29.8 ms/tok = 33.57 tok/s  (vs base M=1 68.8 ms/tok = 14.53 tok/s -> 2.31x)
[decode] PREFILL: 528 positions in 8381.0 ms = 63.0 tok/s (15.873 ms/tok)
[capture] wrote /home/patrickd/s5-capture/s3recap/c1/cap/shard_p193_s000528.dspc  528 tok x (3 taps + 1 lm_in) x 4096 = 16.5 MB (32.0 KB/tok)
[probe] wrote 16 draft probes (block=5) to /home/patrickd/s5-capture/s3recap/c1/cap/drafts_p193_s000528.txt
[spec] decoding 8 tokens (block=5, draft passes=1, adaptK=1.50, prompt=193 s=529)...
  [margins] 14.90 15.59 10.38 11.68 10.33  K=6
  verify 1: accepted 5/5 (K=6) + correction -> +6 tokens (168.1 ms)  cpos=534
  [margins] 13.63 14.38 9.87 1.97 1.15  K=5
  verify 2: accepted 4/4 (K=5) + correction -> +5 tokens (147.6 ms)  cpos=539

[spec] generated 11 tokens over 2 verifies: mean tokens/verify = 5.50 (block=5, max 6)
[spec] tokens: 18 16 23 17259 28 223 18 16 23 79 52
[spec] SPEC-DECODE: 29.5 ms/tok = 33.88 tok/s  (vs base M=1 68.8 ms/tok = 14.53 tok/s -> 2.33x)
[decode] PREFILL: 525 positions in 8332.7 ms = 63.0 tok/s (15.872 ms/tok)
[capture] wrote /home/patrickd/s5-capture/s3recap/c1/cap/shard_p194_s000525.dspc  525 tok x (3 taps + 1 lm_in) x 4096 = 16.4 MB (32.0 KB/tok)
[probe] wrote 16 draft probes (block=5) to /home/patrickd/s5-capture/s3recap/c1/cap/drafts_p194_s000525.txt
[spec] decoding 8 tokens (block=5, draft passes=1, adaptK=1.50, prompt=194 s=526)...
  [margins] 1.58 0.07 8.12 1.71 0.02  K=2
  verify 1: accepted 0/1 (K=2) + correction -> +1 tokens (106.4 ms)  cpos=526
  [margins] 1.29 0.96 1.14 0.26 11.41  K=2
  verify 2: accepted 0/1 (K=2) + correction -> +1 tokens (106.0 ms)  cpos=527
  [margins] 0.04 0.32 1.79 0.54 0.02  K=2
  verify 3: accepted 1/1 (K=2) + correction -> +2 tokens (107.9 ms)  cpos=529
  [margins] 0.17 0.21 0.02 4.07 1.29  K=2
  verify 4: accepted 1/1 (K=2) + correction -> +2 tokens (104.1 ms)  cpos=531
  [margins] 5.36 2.80 0.33 0.12 0.64  K=3
  verify 5: accepted 2/2 (K=3) + correction -> +3 tokens (121.5 ms)  cpos=534

[spec] generated 9 tokens over 5 verifies: mean tokens/verify = 1.80 (block=5, max 6)
[spec] tokens: 2083 6892 294 1026 6369 14 1440 6892 294
[spec] SPEC-DECODE: 54.9 ms/tok = 18.20 tok/s  (vs base M=1 68.8 ms/tok = 14.53 tok/s -> 1.25x)
[decode] PREFILL: 675 positions in 10775.1 ms = 62.6 tok/s (15.963 ms/tok)
[capture] wrote /home/patrickd/s5-capture/s3recap/c1/cap/shard_p195_s000675.dspc  675 tok x (3 taps + 1 lm_in) x 4096 = 21.1 MB (32.0 KB/tok)
[probe] wrote 16 draft probes (block=5) to /home/patrickd/s5-capture/s3recap/c1/cap/drafts_p195_s000675.txt
[spec] decoding 8 tokens (block=5, draft passes=1, adaptK=1.50, prompt=195 s=676)...
  [margins] 7.88 16.47 9.04 10.63 7.51  K=6
  verify 1: accepted 5/5 (K=6) + correction -> +6 tokens (172.0 ms)  cpos=681
  [margins] 6.07 9.14 8.86 13.20 5.83  K=6
  verify 2: accepted 5/5 (K=6) + correction -> +6 tokens (161.6 ms)  cpos=687

[spec] generated 12 tokens over 2 verifies: mean tokens/verify = 6.00 (block=5, max 6)
[spec] tokens: 16 7684 16 1789 16 7684 16 1789 16 7684 16 1789
[spec] SPEC-DECODE: 26.9 ms/tok = 37.12 tok/s  (vs base M=1 68.8 ms/tok = 14.53 tok/s -> 2.55x)
[decode] PREFILL: 611 positions in 9728.3 ms = 62.8 tok/s (15.922 ms/tok)
[capture] wrote /home/patrickd/s5-capture/s3recap/c1/cap/shard_p196_s000611.dspc  611 tok x (3 taps + 1 lm_in) x 4096 = 19.1 MB (32.0 KB/tok)
[probe] wrote 16 draft probes (block=5) to /home/patrickd/s5-capture/s3recap/c1/cap/drafts_p196_s000611.txt
[spec] decoding 8 tokens (block=5, draft passes=1, adaptK=1.50, prompt=196 s=612)...
  [margins] 12.45 8.84 9.65 11.01 10.05  K=6
  verify 1: accepted 5/5 (K=6) + correction -> +6 tokens (175.5 ms)  cpos=617
  [margins] 12.38 18.82 9.89 1.40 0.68  K=4
  verify 2: accepted 3/3 (K=4) + correction -> +4 tokens (134.9 ms)  cpos=621

[spec] generated 10 tokens over 2 verifies: mean tokens/verify = 5.00 (block=5, max 6)
[spec] tokens: 20 12527 14 696 554 1926 270 4105 16 373
[spec] SPEC-DECODE: 33.7 ms/tok = 29.65 tok/s  (vs base M=1 68.8 ms/tok = 14.53 tok/s -> 2.04x)
[decode] PREFILL: 594 positions in 9459.7 ms = 62.8 tok/s (15.925 ms/tok)
[capture] wrote /home/patrickd/s5-capture/s3recap/c1/cap/shard_p197_s000594.dspc  594 tok x (3 taps + 1 lm_in) x 4096 = 18.6 MB (32.0 KB/tok)
[probe] wrote 16 draft probes (block=5) to /home/patrickd/s5-capture/s3recap/c1/cap/drafts_p197_s000594.txt
[spec] decoding 8 tokens (block=5, draft passes=1, adaptK=1.50, prompt=197 s=595)...
  [margins] 7.11 6.94 18.14 8.12 5.72  K=6
  verify 1: accepted 5/5 (K=6) + correction -> +6 tokens (169.7 ms)  cpos=600
  [margins] 8.97 17.33 21.22 11.93 0.59  K=5
  verify 2: accepted 4/4 (K=5) + correction -> +5 tokens (148.8 ms)  cpos=605

[spec] generated 11 tokens over 2 verifies: mean tokens/verify = 5.50 (block=5, max 6)
[spec] tokens: 85936 1416 284 85936 7675 80023 85936 33424 284 59872 7595
[spec] SPEC-DECODE: 29.8 ms/tok = 33.60 tok/s  (vs base M=1 68.8 ms/tok = 14.53 tok/s -> 2.31x)
[decode] PREFILL: 654 positions in 10413.0 ms = 62.8 tok/s (15.922 ms/tok)
[capture] wrote /home/patrickd/s5-capture/s3recap/c1/cap/shard_p198_s000654.dspc  654 tok x (3 taps + 1 lm_in) x 4096 = 20.4 MB (32.0 KB/tok)
[probe] wrote 16 draft probes (block=5) to /home/patrickd/s5-capture/s3recap/c1/cap/drafts_p198_s000654.txt
[spec] decoding 8 tokens (block=5, draft passes=1, adaptK=1.50, prompt=198 s=655)...
  [margins] 8.78 4.92 5.65 11.89 10.86  K=6
  verify 1: accepted 5/5 (K=6) + correction -> +6 tokens (177.9 ms)  cpos=660
  [margins] 10.58 14.92 15.68 9.10 9.60  K=6
  verify 2: accepted 5/5 (K=6) + correction -> +6 tokens (168.9 ms)  cpos=666

[spec] generated 12 tokens over 2 verifies: mean tokens/verify = 6.00 (block=5, max 6)
[spec] tokens: 7010 1137 40371 764 11067 44012 17 47026 5637 10736 43 6345
[spec] SPEC-DECODE: 28.2 ms/tok = 35.52 tok/s  (vs base M=1 68.8 ms/tok = 14.53 tok/s -> 2.44x)
[decode] PREFILL: 539 positions in 8532.1 ms = 63.2 tok/s (15.830 ms/tok)
[capture] wrote /home/patrickd/s5-capture/s3recap/c1/cap/shard_p199_s000539.dspc  539 tok x (3 taps + 1 lm_in) x 4096 = 16.8 MB (32.0 KB/tok)
[probe] wrote 16 draft probes (block=5) to /home/patrickd/s5-capture/s3recap/c1/cap/drafts_p199_s000539.txt
[spec] decoding 8 tokens (block=5, draft passes=1, adaptK=1.50, prompt=199 s=540)...
  [margins] 17.89 14.27 10.66 11.61 10.55  K=6
  verify 1: accepted 5/5 (K=6) + correction -> +6 tokens (177.2 ms)  cpos=545
  [margins] 14.23 16.66 9.96 12.19 14.65  K=6
  verify 2: accepted 5/5 (K=6) + correction -> +6 tokens (164.9 ms)  cpos=551

[spec] generated 12 tokens over 2 verifies: mean tokens/verify = 6.00 (block=5, max 6)
[spec] tokens: 21021 295 270 2910 3418 2310 16 15361 270 15255 2019 16
[spec] SPEC-DECODE: 27.5 ms/tok = 36.38 tok/s  (vs base M=1 68.8 ms/tok = 14.53 tok/s -> 2.50x)
[decode] PREFILL: 529 positions in 8414.8 ms = 62.9 tok/s (15.907 ms/tok)
[capture] wrote /home/patrickd/s5-capture/s3recap/c1/cap/shard_p200_s000529.dspc  529 tok x (3 taps + 1 lm_in) x 4096 = 16.5 MB (32.0 KB/tok)
[probe] wrote 16 draft probes (block=5) to /home/patrickd/s5-capture/s3recap/c1/cap/drafts_p200_s000529.txt
[spec] decoding 8 tokens (block=5, draft passes=1, adaptK=1.50, prompt=200 s=530)...
  [margins] 7.86 14.97 18.42 11.86 10.84  K=6
  verify 1: accepted 5/5 (K=6) + correction -> +6 tokens (173.8 ms)  cpos=535
  [margins] 16.13 13.05 12.15 8.25 9.42  K=6
  verify 2: accepted 5/5 (K=6) + correction -> +6 tokens (177.3 ms)  cpos=541

[spec] generated 12 tokens over 2 verifies: mean tokens/verify = 6.00 (block=5, max 6)
[spec] tokens: 25959 15131 5785 295 10974 2761 691 14 11941 3 4480 734
[spec] SPEC-DECODE: 29.6 ms/tok = 33.83 tok/s  (vs base M=1 68.8 ms/tok = 14.53 tok/s -> 2.33x)
[decode] PREFILL: 631 positions in 10043.7 ms = 62.8 tok/s (15.917 ms/tok)
[capture] wrote /home/patrickd/s5-capture/s3recap/c1/cap/shard_p201_s000631.dspc  631 tok x (3 taps + 1 lm_in) x 4096 = 19.7 MB (32.0 KB/tok)
[probe] wrote 16 draft probes (block=5) to /home/patrickd/s5-capture/s3recap/c1/cap/drafts_p201_s000631.txt
[spec] decoding 8 tokens (block=5, draft passes=1, adaptK=1.50, prompt=201 s=632)...
  [margins] 9.04 2.98 14.76 6.93 1.20  K=5
  verify 1: accepted 4/4 (K=5) + correction -> +5 tokens (159.4 ms)  cpos=636
  [margins] 14.92 16.29 8.73 5.97 6.89  K=6
  verify 2: accepted 5/5 (K=6) + correction -> +6 tokens (182.3 ms)  cpos=642

[spec] generated 11 tokens over 2 verifies: mean tokens/verify = 5.50 (block=5, max 6)
[spec] tokens: 894 84 16 20870 1353 270 5238 16 894 85 16
[spec] SPEC-DECODE: 30.4 ms/tok = 32.92 tok/s  (vs base M=1 68.8 ms/tok = 14.53 tok/s -> 2.27x)
[decode] PREFILL: 533 positions in 8467.5 ms = 62.9 tok/s (15.886 ms/tok)
[capture] wrote /home/patrickd/s5-capture/s3recap/c1/cap/shard_p202_s000533.dspc  533 tok x (3 taps + 1 lm_in) x 4096 = 16.7 MB (32.0 KB/tok)
[probe] wrote 16 draft probes (block=5) to /home/patrickd/s5-capture/s3recap/c1/cap/drafts_p202_s000533.txt
[spec] decoding 8 tokens (block=5, draft passes=1, adaptK=1.50, prompt=202 s=534)...
  [margins] 12.14 18.26 16.41 10.22 13.42  K=6
  verify 1: accepted 5/5 (K=6) + correction -> +6 tokens (169.1 ms)  cpos=539
  [margins] 8.11 11.06 10.36 13.62 3.84  K=6
  verify 2: accepted 5/5 (K=6) + correction -> +6 tokens (174.1 ms)  cpos=545

[spec] generated 12 tokens over 2 verifies: mean tokens/verify = 6.00 (block=5, max 6)
[spec] tokens: 270 1473 7800 295 260 5029 16 455 23605 362 270 223
[spec] SPEC-DECODE: 29.0 ms/tok = 34.46 tok/s  (vs base M=1 68.8 ms/tok = 14.53 tok/s -> 2.37x)
[decode] PREFILL: 537 positions in 8517.5 ms = 63.0 tok/s (15.861 ms/tok)
[capture] wrote /home/patrickd/s5-capture/s3recap/c1/cap/shard_p203_s000537.dspc  537 tok x (3 taps + 1 lm_in) x 4096 = 16.8 MB (32.0 KB/tok)
[probe] wrote 16 draft probes (block=5) to /home/patrickd/s5-capture/s3recap/c1/cap/drafts_p203_s000537.txt
[spec] decoding 8 tokens (block=5, draft passes=1, adaptK=1.50, prompt=203 s=538)...
  [margins] 7.61 10.20 13.11 12.91 14.19  K=6
  verify 1: accepted 5/5 (K=6) + correction -> +6 tokens (169.1 ms)  cpos=543
  [margins] 16.85 16.41 16.14 8.91 10.43  K=6
  verify 2: accepted 5/5 (K=6) + correction -> +6 tokens (172.3 ms)  cpos=549

[spec] generated 12 tokens over 2 verifies: mean tokens/verify = 6.00 (block=5, max 6)
[spec] tokens: 16 455 5238 1531 366 260 26639 3418 5554 16 455 5238
[spec] SPEC-DECODE: 28.7 ms/tok = 34.82 tok/s  (vs base M=1 68.8 ms/tok = 14.53 tok/s -> 2.40x)
[decode] PREFILL: 525 positions in 8337.4 ms = 63.0 tok/s (15.881 ms/tok)
[capture] wrote /home/patrickd/s5-capture/s3recap/c1/cap/shard_p204_s000525.dspc  525 tok x (3 taps + 1 lm_in) x 4096 = 16.4 MB (32.0 KB/tok)
[probe] wrote 16 draft probes (block=5) to /home/patrickd/s5-capture/s3recap/c1/cap/drafts_p204_s000525.txt
[spec] decoding 8 tokens (block=5, draft passes=1, adaptK=1.50, prompt=204 s=526)...
  [margins] 1.87 1.63 0.54 0.13 1.13  K=3
  verify 1: accepted 1/2 (K=3) + correction -> +2 tokens (121.8 ms)  cpos=527
  [margins] 2.86 1.55 0.33 1.83 0.34  K=3
  verify 2: accepted 1/2 (K=3) + correction -> +2 tokens (124.3 ms)  cpos=529
  [margins] 1.17 0.29 4.40 0.15 1.43  K=2
  verify 3: accepted 0/1 (K=2) + correction -> +1 tokens (107.2 ms)  cpos=530
  [margins] 10.65 5.50 0.63 3.23 2.95  K=3
  verify 4: accepted 2/2 (K=3) + correction -> +3 tokens (120.4 ms)  cpos=533

[spec] generated 8 tokens over 4 verifies: mean tokens/verify = 2.00 (block=5, max 6)
[spec] tokens: 2395 25940 33352 2448 14020 82 32 1
[spec] SPEC-DECODE: 58.7 ms/tok = 17.05 tok/s  (vs base M=1 68.8 ms/tok = 14.53 tok/s -> 1.17x)
[decode] PREFILL: 851 positions in 13632.3 ms = 62.4 tok/s (16.019 ms/tok)
[capture] wrote /home/patrickd/s5-capture/s3recap/c1/cap/shard_p205_s000851.dspc  851 tok x (3 taps + 1 lm_in) x 4096 = 26.6 MB (32.0 KB/tok)
[probe] wrote 16 draft probes (block=5) to /home/patrickd/s5-capture/s3recap/c1/cap/drafts_p205_s000851.txt
[spec] decoding 8 tokens (block=5, draft passes=1, adaptK=1.50, prompt=205 s=852)...
  [margins] 8.35 13.14 13.19 9.01 10.86  K=6
  verify 1: accepted 5/5 (K=6) + correction -> +6 tokens (172.7 ms)  cpos=857
  [margins] 8.26 12.96 12.94 8.79 11.35  K=6
  verify 2: accepted 5/5 (K=6) + correction -> +6 tokens (163.6 ms)  cpos=863

[spec] generated 12 tokens over 2 verifies: mean tokens/verify = 6.00 (block=5, max 6)
[spec] tokens: 16 7819 3255 16 7819 3255 16 7819 3255 16 7819 3255
[spec] SPEC-DECODE: 27.3 ms/tok = 36.67 tok/s  (vs base M=1 68.8 ms/tok = 14.53 tok/s -> 2.52x)
[decode] PREFILL: 551 positions in 8750.1 ms = 63.0 tok/s (15.880 ms/tok)
[capture] wrote /home/patrickd/s5-capture/s3recap/c1/cap/shard_p206_s000551.dspc  551 tok x (3 taps + 1 lm_in) x 4096 = 17.2 MB (32.0 KB/tok)
[probe] wrote 16 draft probes (block=5) to /home/patrickd/s5-capture/s3recap/c1/cap/drafts_p206_s000551.txt
[spec] decoding 8 tokens (block=5, draft passes=1, adaptK=1.50, prompt=206 s=552)...
  [margins] 4.51 4.16 4.40 3.23 6.85  K=6
  verify 1: accepted 5/5 (K=6) + correction -> +6 tokens (175.2 ms)  cpos=557
  [margins] 4.35 8.00 11.13 7.13 7.84  K=6
  verify 2: accepted 5/5 (K=6) + correction -> +6 tokens (165.9 ms)  cpos=563

[spec] generated 12 tokens over 2 verifies: mean tokens/verify = 6.00 (block=5, max 6)
[spec] tokens: 832 5570 46916 344 223 4739 940 223 20 438 223 4774
[spec] SPEC-DECODE: 27.6 ms/tok = 36.17 tok/s  (vs base M=1 68.8 ms/tok = 14.53 tok/s -> 2.49x)
[decode] PREFILL: 897 positions in 14387.7 ms = 62.3 tok/s (16.040 ms/tok)
[capture] wrote /home/patrickd/s5-capture/s3recap/c1/cap/shard_p207_s000897.dspc  897 tok x (3 taps + 1 lm_in) x 4096 = 28.0 MB (32.0 KB/tok)
[probe] wrote 16 draft probes (block=5) to /home/patrickd/s5-capture/s3recap/c1/cap/drafts_p207_s000897.txt
[spec] decoding 8 tokens (block=5, draft passes=1, adaptK=1.50, prompt=207 s=898)...
  [margins] 15.33 1.30 2.84 8.87 10.40  K=2
  verify 1: accepted 1/1 (K=2) + correction -> +2 tokens (112.8 ms)  cpos=899
  [margins] 10.47 9.94 11.51 9.80 2.12  K=6
  verify 2: accepted 5/5 (K=6) + correction -> +6 tokens (173.8 ms)  cpos=905

[spec] generated 8 tokens over 2 verifies: mean tokens/verify = 4.00 (block=5, max 6)
[spec] tokens: 63494 5497 32018 16 61561 16 63494 16
[spec] SPEC-DECODE: 29.0 ms/tok = 34.52 tok/s  (vs base M=1 68.8 ms/tok = 14.53 tok/s -> 2.38x)
[decode] PREFILL: 603 positions in 9592.7 ms = 62.9 tok/s (15.908 ms/tok)
[capture] wrote /home/patrickd/s5-capture/s3recap/c1/cap/shard_p208_s000603.dspc  603 tok x (3 taps + 1 lm_in) x 4096 = 18.8 MB (32.0 KB/tok)
[probe] wrote 16 draft probes (block=5) to /home/patrickd/s5-capture/s3recap/c1/cap/drafts_p208_s000603.txt
[spec] decoding 8 tokens (block=5, draft passes=1, adaptK=1.50, prompt=208 s=604)...
  [margins] 16.14 7.22 12.87 9.64 6.56  K=6
  verify 1: accepted 5/5 (K=6) + correction -> +6 tokens (169.1 ms)  cpos=609
  [margins] 17.65 7.83 13.44 10.41 7.05  K=6
  verify 2: accepted 5/5 (K=6) + correction -> +6 tokens (163.4 ms)  cpos=615

[spec] generated 12 tokens over 2 verifies: mean tokens/verify = 6.00 (block=5, max 6)
[spec] tokens: 45 16 1653 45 16 1653 45 16 1653 45 16 1653
[spec] SPEC-DECODE: 27.2 ms/tok = 36.72 tok/s  (vs base M=1 68.8 ms/tok = 14.53 tok/s -> 2.53x)
[decode] PREFILL: 578 positions in 9199.6 ms = 62.8 tok/s (15.916 ms/tok)
[capture] wrote /home/patrickd/s5-capture/s3recap/c1/cap/shard_p209_s000578.dspc  578 tok x (3 taps + 1 lm_in) x 4096 = 18.1 MB (32.0 KB/tok)
[probe] wrote 16 draft probes (block=5) to /home/patrickd/s5-capture/s3recap/c1/cap/drafts_p209_s000578.txt
[spec] decoding 8 tokens (block=5, draft passes=1, adaptK=1.50, prompt=209 s=579)...
  [margins] 10.88 9.50 2.17 0.66 1.66  K=4
  verify 1: accepted 3/3 (K=4) + correction -> +4 tokens (137.7 ms)  cpos=582
  [margins] 3.70 8.00 0.44 2.80 1.45  K=3
  verify 2: accepted 2/2 (K=3) + correction -> +3 tokens (124.5 ms)  cpos=585
  [margins] 3.60 7.90 7.84 2.09 2.32  K=6
  verify 3: accepted 4/5 (K=6) + correction -> +5 tokens (164.2 ms)  cpos=590

[spec] generated 12 tokens over 3 verifies: mean tokens/verify = 4.00 (block=5, max 6)
[spec] tokens: 11000 3749 11 12993 13480 3749 11 45556 18249 3749 11 36290
[spec] SPEC-DECODE: 36.1 ms/tok = 27.71 tok/s  (vs base M=1 68.8 ms/tok = 14.53 tok/s -> 1.91x)
[decode] PREFILL: 532 positions in 8457.4 ms = 62.9 tok/s (15.897 ms/tok)
[capture] wrote /home/patrickd/s5-capture/s3recap/c1/cap/shard_p210_s000532.dspc  532 tok x (3 taps + 1 lm_in) x 4096 = 16.6 MB (32.0 KB/tok)
[probe] wrote 16 draft probes (block=5) to /home/patrickd/s5-capture/s3recap/c1/cap/drafts_p210_s000532.txt
[spec] decoding 8 tokens (block=5, draft passes=1, adaptK=1.50, prompt=210 s=533)...
  [margins] 12.60 23.49 2.62 15.57 11.85  K=6
  verify 1: accepted 5/5 (K=6) + correction -> +6 tokens (171.0 ms)  cpos=538
  [margins] 15.86 16.89 12.70 16.08 3.58  K=6
  verify 2: accepted 5/5 (K=6) + correction -> +6 tokens (174.1 ms)  cpos=544

[spec] generated 12 tokens over 2 verifies: mean tokens/verify = 6.00 (block=5, max 6)
[spec] tokens: 52361 350 13175 515 3667 304 57003 295 223 1357 25 16
[spec] SPEC-DECODE: 29.0 ms/tok = 34.46 tok/s  (vs base M=1 68.8 ms/tok = 14.53 tok/s -> 2.37x)
[decode] PREFILL: 675 positions in 10764.2 ms = 62.7 tok/s (15.947 ms/tok)
[capture] wrote /home/patrickd/s5-capture/s3recap/c1/cap/shard_p211_s000675.dspc  675 tok x (3 taps + 1 lm_in) x 4096 = 21.1 MB (32.0 KB/tok)
[probe] wrote 16 draft probes (block=5) to /home/patrickd/s5-capture/s3recap/c1/cap/drafts_p211_s000675.txt
[spec] decoding 8 tokens (block=5, draft passes=1, adaptK=1.50, prompt=211 s=676)...
  [margins] 17.83 17.96 10.48 13.74 6.21  K=6
  verify 1: accepted 5/5 (K=6) + correction -> +6 tokens (179.9 ms)  cpos=681
  [margins] 18.25 18.28 18.12 20.26 13.32  K=6
  verify 2: accepted 5/5 (K=6) + correction -> +6 tokens (169.1 ms)  cpos=687

[spec] generated 12 tokens over 2 verifies: mean tokens/verify = 6.00 (block=5, max 6)
[spec] tokens: 260 3166 63 3104 260 11293 63 2606 223 18 28 204
[spec] SPEC-DECODE: 28.2 ms/tok = 35.49 tok/s  (vs base M=1 68.8 ms/tok = 14.53 tok/s -> 2.44x)
[decode] PREFILL: 536 positions in 8494.2 ms = 63.1 tok/s (15.847 ms/tok)
[capture] wrote /home/patrickd/s5-capture/s3recap/c1/cap/shard_p212_s000536.dspc  536 tok x (3 taps + 1 lm_in) x 4096 = 16.8 MB (32.0 KB/tok)
[probe] wrote 16 draft probes (block=5) to /home/patrickd/s5-capture/s3recap/c1/cap/drafts_p212_s000536.txt
[spec] decoding 8 tokens (block=5, draft passes=1, adaptK=1.50, prompt=212 s=537)...
  [margins] 10.54 11.95 9.87 10.10 9.81  K=6
  verify 1: accepted 5/5 (K=6) + correction -> +6 tokens (162.3 ms)  cpos=542
  [margins] 11.96 12.80 10.83 10.73 10.20  K=6
  verify 2: accepted 5/5 (K=6) + correction -> +6 tokens (165.7 ms)  cpos=548

[spec] generated 12 tokens over 2 verifies: mean tokens/verify = 6.00 (block=5, max 6)
[spec] tokens: 3749 223 18 3749 223 18 3749 223 18 3749 223 18
[spec] SPEC-DECODE: 27.6 ms/tok = 36.20 tok/s  (vs base M=1 68.8 ms/tok = 14.53 tok/s -> 2.49x)
[decode] PREFILL: 526 positions in 8341.1 ms = 63.1 tok/s (15.858 ms/tok)
[capture] wrote /home/patrickd/s5-capture/s3recap/c1/cap/shard_p213_s000526.dspc  526 tok x (3 taps + 1 lm_in) x 4096 = 16.4 MB (32.0 KB/tok)
[probe] wrote 16 draft probes (block=5) to /home/patrickd/s5-capture/s3recap/c1/cap/drafts_p213_s000526.txt
[spec] decoding 8 tokens (block=5, draft passes=1, adaptK=1.50, prompt=213 s=527)...
  [margins] 7.46 0.62 1.52 2.23 1.87  K=2
  verify 1: accepted 1/1 (K=2) + correction -> +2 tokens (108.6 ms)  cpos=528
  [margins] 0.92 1.82 3.02 2.78 2.42  K=6
  verify 2: accepted 0/5 (K=6) + correction -> +1 tokens (164.6 ms)  cpos=529
  [margins] 7.79 2.94 2.80 3.25 1.46  K=5
  verify 3: accepted 2/4 (K=5) + correction -> +3 tokens (147.6 ms)  cpos=532
  [margins] 2.24 0.32 1.72 1.63 0.58  K=2
  verify 4: accepted 1/1 (K=2) + correction -> +2 tokens (101.6 ms)  cpos=534

[spec] generated 8 tokens over 4 verifies: mean tokens/verify = 2.00 (block=5, max 6)
[spec] tokens: 734 260 17158 3417 16 2454 477 260
[spec] SPEC-DECODE: 69.0 ms/tok = 14.50 tok/s  (vs base M=1 68.8 ms/tok = 14.53 tok/s -> 1.00x)
[decode] PREFILL: 530 positions in 8427.0 ms = 62.9 tok/s (15.900 ms/tok)
[capture] wrote /home/patrickd/s5-capture/s3recap/c1/cap/shard_p214_s000530.dspc  530 tok x (3 taps + 1 lm_in) x 4096 = 16.6 MB (32.0 KB/tok)
[probe] wrote 16 draft probes (block=5) to /home/patrickd/s5-capture/s3recap/c1/cap/drafts_p214_s000530.txt
[spec] decoding 8 tokens (block=5, draft passes=1, adaptK=1.50, prompt=214 s=531)...
  [margins] 19.50 13.66 11.75 3.96 2.58  K=6
  verify 1: accepted 4/5 (K=6) + correction -> +5 tokens (176.7 ms)  cpos=535
  [margins] 14.23 13.61 17.85 14.98 11.50  K=6
  verify 2: accepted 5/5 (K=6) + correction -> +6 tokens (173.0 ms)  cpos=541

[spec] generated 11 tokens over 2 verifies: mean tokens/verify = 5.50 (block=5, max 6)
[spec] tokens: 790 270 5970 30652 305 5885 1878 294 24269 38655 344
[spec] SPEC-DECODE: 28.8 ms/tok = 34.68 tok/s  (vs base M=1 68.8 ms/tok = 14.53 tok/s -> 2.39x)
[decode] PREFILL: 527 positions in 8354.9 ms = 63.1 tok/s (15.854 ms/tok)
[capture] wrote /home/patrickd/s5-capture/s3recap/c1/cap/shard_p215_s000527.dspc  527 tok x (3 taps + 1 lm_in) x 4096 = 16.5 MB (32.0 KB/tok)
[probe] wrote 16 draft probes (block=5) to /home/patrickd/s5-capture/s3recap/c1/cap/drafts_p215_s000527.txt
[spec] decoding 8 tokens (block=5, draft passes=1, adaptK=1.50, prompt=215 s=528)...
  [margins] 12.42 14.51 9.20 11.11 13.61  K=6
  verify 1: accepted 5/5 (K=6) + correction -> +6 tokens (177.7 ms)  cpos=533
  [margins] 15.08 17.50 14.76 21.54 13.41  K=6
  verify 2: accepted 5/5 (K=6) + correction -> +6 tokens (166.7 ms)  cpos=539

[spec] generated 12 tokens over 2 verifies: mean tokens/verify = 6.00 (block=5, max 6)
[spec] tokens: 565 5957 343 5395 2272 866 8731 91 21690 395 13370 2731
[spec] SPEC-DECODE: 27.8 ms/tok = 35.99 tok/s  (vs base M=1 68.8 ms/tok = 14.53 tok/s -> 2.48x)
[decode] PREFILL: 535 positions in 8486.9 ms = 63.0 tok/s (15.863 ms/tok)
[capture] wrote /home/patrickd/s5-capture/s3recap/c1/cap/shard_p216_s000535.dspc  535 tok x (3 taps + 1 lm_in) x 4096 = 16.7 MB (32.0 KB/tok)
[probe] wrote 16 draft probes (block=5) to /home/patrickd/s5-capture/s3recap/c1/cap/drafts_p216_s000535.txt
[spec] decoding 8 tokens (block=5, draft passes=1, adaptK=1.50, prompt=216 s=536)...
  [margins] 14.59 14.97 14.20 4.84 7.68  K=6
  verify 1: accepted 3/5 (K=6) + correction -> +4 tokens (167.4 ms)  cpos=539
  [margins] 14.84 15.22 14.30 4.49 7.80  K=6
  verify 2: accepted 3/5 (K=6) + correction -> +4 tokens (165.0 ms)  cpos=543

[spec] generated 8 tokens over 2 verifies: mean tokens/verify = 4.00 (block=5, max 6)
[spec] tokens: 3749 11 3749 11 3749 11 3749 11
[spec] SPEC-DECODE: 41.3 ms/tok = 24.24 tok/s  (vs base M=1 68.8 ms/tok = 14.53 tok/s -> 1.67x)
[decode] PREFILL: 531 positions in 8440.0 ms = 62.9 tok/s (15.894 ms/tok)
[capture] wrote /home/patrickd/s5-capture/s3recap/c1/cap/shard_p217_s000531.dspc  531 tok x (3 taps + 1 lm_in) x 4096 = 16.6 MB (32.0 KB/tok)
[probe] wrote 16 draft probes (block=5) to /home/patrickd/s5-capture/s3recap/c1/cap/drafts_p217_s000531.txt
[spec] decoding 8 tokens (block=5, draft passes=1, adaptK=1.50, prompt=217 s=532)...
  [margins] 5.18 0.61 1.66 2.21 1.36  K=2
  verify 1: accepted 1/1 (K=2) + correction -> +2 tokens (114.8 ms)  cpos=533
  [margins] 12.95 13.75 0.11 0.99 5.97  K=3
  verify 2: accepted 2/2 (K=3) + correction -> +3 tokens (119.4 ms)  cpos=536
  [margins] 0.40 0.38 5.25 1.19 2.74  K=2
  verify 3: accepted 0/1 (K=2) + correction -> +1 tokens (103.4 ms)  cpos=537
  [margins] 1.14 1.84 2.46 4.41 0.51  K=5
  verify 4: accepted 0/4 (K=5) + correction -> +1 tokens (145.4 ms)  cpos=538
  [margins] 4.82 2.96 4.16 1.79 11.60  K=6
  verify 5: accepted 3/5 (K=6) + correction -> +4 tokens (167.6 ms)  cpos=542

[spec] generated 11 tokens over 5 verifies: mean tokens/verify = 2.20 (block=5, max 6)
[spec] tokens: 339 26 16 2619 40593 11590 2923 18586 6948 260 12587
[spec] SPEC-DECODE: 59.5 ms/tok = 16.80 tok/s  (vs base M=1 68.8 ms/tok = 14.53 tok/s -> 1.16x)
[decode] PREFILL: 536 positions in 8494.7 ms = 63.1 tok/s (15.848 ms/tok)
[capture] wrote /home/patrickd/s5-capture/s3recap/c1/cap/shard_p218_s000536.dspc  536 tok x (3 taps + 1 lm_in) x 4096 = 16.8 MB (32.0 KB/tok)
[probe] wrote 16 draft probes (block=5) to /home/patrickd/s5-capture/s3recap/c1/cap/drafts_p218_s000536.txt
[spec] decoding 8 tokens (block=5, draft passes=1, adaptK=1.50, prompt=218 s=537)...
  [margins] 9.40 13.22 17.76 12.74 11.71  K=6
  verify 1: accepted 5/5 (K=6) + correction -> +6 tokens (167.7 ms)  cpos=542
  [margins] 10.94 14.46 14.03 8.90 9.63  K=6
  verify 2: accepted 5/5 (K=6) + correction -> +6 tokens (170.8 ms)  cpos=548

[spec] generated 12 tokens over 2 verifies: mean tokens/verify = 6.00 (block=5, max 6)
[spec] tokens: 1895 108656 19869 3913 2605 1895 438 223 18 362 1008 295
[spec] SPEC-DECODE: 28.5 ms/tok = 35.12 tok/s  (vs base M=1 68.8 ms/tok = 14.53 tok/s -> 2.42x)
[decode] PREFILL: 585 positions in 9305.2 ms = 62.9 tok/s (15.906 ms/tok)
[capture] wrote /home/patrickd/s5-capture/s3recap/c1/cap/shard_p219_s000585.dspc  585 tok x (3 taps + 1 lm_in) x 4096 = 18.3 MB (32.0 KB/tok)
[probe] wrote 16 draft probes (block=5) to /home/patrickd/s5-capture/s3recap/c1/cap/drafts_p219_s000585.txt
[spec] decoding 8 tokens (block=5, draft passes=1, adaptK=1.50, prompt=219 s=586)...
  [margins] 5.50 0.22 1.86 5.19 4.68  K=2
  verify 1: accepted 1/1 (K=2) + correction -> +2 tokens (105.3 ms)  cpos=587
  [margins] 3.93 0.10 8.79 1.60 9.35  K=2
  verify 2: accepted 0/1 (K=2) + correction -> +1 tokens (110.2 ms)  cpos=588
  [margins] 12.17 12.60 13.06 9.81 1.32  K=5
  verify 3: accepted 4/4 (K=5) + correction -> +5 tokens (149.7 ms)  cpos=593

[spec] generated 8 tokens over 3 verifies: mean tokens/verify = 2.67 (block=5, max 6)
[spec] tokens: 16 1 50 14 696 554 1347 270
[spec] SPEC-DECODE: 43.3 ms/tok = 23.09 tok/s  (vs base M=1 68.8 ms/tok = 14.53 tok/s -> 1.59x)
[decode] PREFILL: 524 positions in 8313.0 ms = 63.0 tok/s (15.865 ms/tok)
[capture] wrote /home/patrickd/s5-capture/s3recap/c1/cap/shard_p220_s000524.dspc  524 tok x (3 taps + 1 lm_in) x 4096 = 16.4 MB (32.0 KB/tok)
[probe] wrote 16 draft probes (block=5) to /home/patrickd/s5-capture/s3recap/c1/cap/drafts_p220_s000524.txt
[spec] decoding 8 tokens (block=5, draft passes=1, adaptK=1.50, prompt=220 s=525)...
  [margins] 9.67 21.73 10.45 8.48 12.72  K=6
  verify 1: accepted 5/5 (K=6) + correction -> +6 tokens (161.7 ms)  cpos=530
  [margins] 11.45 9.15 13.43 20.84 9.86  K=6
  verify 2: accepted 5/5 (K=6) + correction -> +6 tokens (166.0 ms)  cpos=536

[spec] generated 12 tokens over 2 verifies: mean tokens/verify = 6.00 (block=5, max 6)
[spec] tokens: 18239 80 5142 16 18239 80 5142 16 18239 80 5142 16
[spec] SPEC-DECODE: 27.7 ms/tok = 36.14 tok/s  (vs base M=1 68.8 ms/tok = 14.53 tok/s -> 2.49x)
[decode] PREFILL: 562 positions in 8941.3 ms = 62.9 tok/s (15.910 ms/tok)
[capture] wrote /home/patrickd/s5-capture/s3recap/c1/cap/shard_p221_s000562.dspc  562 tok x (3 taps + 1 lm_in) x 4096 = 17.6 MB (32.0 KB/tok)
[probe] wrote 16 draft probes (block=5) to /home/patrickd/s5-capture/s3recap/c1/cap/drafts_p221_s000562.txt
[spec] decoding 8 tokens (block=5, draft passes=1, adaptK=1.50, prompt=221 s=563)...
  [margins] 17.15 16.01 17.23 18.00 17.81  K=6
  verify 1: accepted 5/5 (K=6) + correction -> +6 tokens (175.5 ms)  cpos=568
  [margins] 16.37 14.26 15.40 14.70 8.61  K=6
  verify 2: accepted 5/5 (K=6) + correction -> +6 tokens (168.3 ms)  cpos=574

[spec] generated 12 tokens over 2 verifies: mean tokens/verify = 6.00 (block=5, max 6)
[spec] tokens: 2566 52605 223 19 17 22 294 270 11499 1014 16523 16
[spec] SPEC-DECODE: 28.1 ms/tok = 35.65 tok/s  (vs base M=1 68.8 ms/tok = 14.53 tok/s -> 2.45x)
[decode] PREFILL: 1482 positions in 24125.5 ms = 61.4 tok/s (16.279 ms/tok)
[capture] wrote /home/patrickd/s5-capture/s3recap/c1/cap/shard_p222_s001482.dspc  1482 tok x (3 taps + 1 lm_in) x 4096 = 46.3 MB (32.0 KB/tok)
[probe] wrote 16 draft probes (block=5) to /home/patrickd/s5-capture/s3recap/c1/cap/drafts_p222_s001482.txt
[spec] decoding 8 tokens (block=5, draft passes=1, adaptK=1.50, prompt=222 s=1483)...
  [margins] 9.94 13.54 13.16 8.06 0.21  K=5
  verify 1: accepted 4/4 (K=5) + correction -> +5 tokens (160.6 ms)  cpos=1487
  [margins] 16.08 14.48 14.91 7.07 8.58  K=6
  verify 2: accepted 5/5 (K=6) + correction -> +6 tokens (178.4 ms)  cpos=1493

[spec] generated 11 tokens over 2 verifies: mean tokens/verify = 5.50 (block=5, max 6)
[spec] tokens: 538 28 334 16 455 124876 406 16 455 54091 345
[spec] SPEC-DECODE: 29.7 ms/tok = 33.62 tok/s  (vs base M=1 68.8 ms/tok = 14.53 tok/s -> 2.31x)
[decode] PREFILL: 669 positions in 10665.2 ms = 62.7 tok/s (15.942 ms/tok)
[capture] wrote /home/patrickd/s5-capture/s3recap/c1/cap/shard_p223_s000669.dspc  669 tok x (3 taps + 1 lm_in) x 4096 = 20.9 MB (32.0 KB/tok)
[probe] wrote 16 draft probes (block=5) to /home/patrickd/s5-capture/s3recap/c1/cap/drafts_p223_s000669.txt
[spec] decoding 8 tokens (block=5, draft passes=1, adaptK=1.50, prompt=223 s=670)...
  [margins] 9.83 12.85 5.16 5.71 8.22  K=6
  verify 1: accepted 5/5 (K=6) + correction -> +6 tokens (172.3 ms)  cpos=675
  [margins] 8.81 8.20 7.90 6.28 0.85  K=5
  verify 2: accepted 4/4 (K=5) + correction -> +5 tokens (154.0 ms)  cpos=680

[spec] generated 11 tokens over 2 verifies: mean tokens/verify = 5.50 (block=5, max 6)
[spec] tokens: 21418 6946 201 223 57907 5112 18222 201 223 1823 12175
[spec] SPEC-DECODE: 30.8 ms/tok = 32.47 tok/s  (vs base M=1 68.8 ms/tok = 14.53 tok/s -> 2.23x)
[decode] PREFILL: 591 positions in 9399.2 ms = 62.9 tok/s (15.904 ms/tok)
[capture] wrote /home/patrickd/s5-capture/s3recap/c1/cap/shard_p224_s000591.dspc  591 tok x (3 taps + 1 lm_in) x 4096 = 18.5 MB (32.0 KB/tok)
[probe] wrote 16 draft probes (block=5) to /home/patrickd/s5-capture/s3recap/c1/cap/drafts_p224_s000591.txt
[spec] decoding 8 tokens (block=5, draft passes=1, adaptK=1.50, prompt=224 s=592)...
  [margins] 11.60 14.43 12.07 11.54 13.24  K=6
  verify 1: accepted 5/5 (K=6) + correction -> +6 tokens (169.0 ms)  cpos=597
  [margins] 10.86 14.21 11.16 10.24 13.54  K=6
  verify 2: accepted 5/5 (K=6) + correction -> +6 tokens (160.1 ms)  cpos=603

[spec] generated 12 tokens over 2 verifies: mean tokens/verify = 6.00 (block=5, max 6)
[spec] tokens: 56 36616 33 56 36616 33 56 36616 33 56 36616 33
[spec] SPEC-DECODE: 26.7 ms/tok = 37.49 tok/s  (vs base M=1 68.8 ms/tok = 14.53 tok/s -> 2.58x)
[decode] PREFILL: 524 positions in 8318.0 ms = 63.0 tok/s (15.874 ms/tok)
[capture] wrote /home/patrickd/s5-capture/s3recap/c1/cap/shard_p225_s000524.dspc  524 tok x (3 taps + 1 lm_in) x 4096 = 16.4 MB (32.0 KB/tok)
[probe] wrote 16 draft probes (block=5) to /home/patrickd/s5-capture/s3recap/c1/cap/drafts_p225_s000524.txt
[spec] decoding 8 tokens (block=5, draft passes=1, adaptK=1.50, prompt=225 s=525)...
  [margins] 11.81 3.04 3.85 0.29 0.06  K=4
  verify 1: accepted 1/3 (K=4) + correction -> +2 tokens (134.3 ms)  cpos=526
  [margins] 1.57 0.10 2.91 0.15 0.59  K=2
  verify 2: accepted 1/1 (K=2) + correction -> +2 tokens (108.4 ms)  cpos=528
  [margins] 2.56 4.34 0.20 0.10 1.94  K=3
  verify 3: accepted 0/2 (K=3) + correction -> +1 tokens (116.3 ms)  cpos=529
  [margins] 2.63 0.29 3.00 0.19 0.61  K=2
  verify 4: accepted 0/1 (K=2) + correction -> +1 tokens (102.0 ms)  cpos=530
  [margins] 8.37 0.23 1.05 0.87 2.41  K=2
  verify 5: accepted 1/1 (K=2) + correction -> +2 tokens (108.0 ms)  cpos=532

[spec] generated 8 tokens over 5 verifies: mean tokens/verify = 1.60 (block=5, max 6)
[spec] tokens: 114141 9523 16 698 278 4394 272 316
[spec] SPEC-DECODE: 72.5 ms/tok = 13.80 tok/s  (vs base M=1 68.8 ms/tok = 14.53 tok/s -> 0.95x)
[decode] PREFILL: 532 positions in 8458.2 ms = 62.9 tok/s (15.899 ms/tok)
[capture] wrote /home/patrickd/s5-capture/s3recap/c1/cap/shard_p226_s000532.dspc  532 tok x (3 taps + 1 lm_in) x 4096 = 16.6 MB (32.0 KB/tok)
[probe] wrote 16 draft probes (block=5) to /home/patrickd/s5-capture/s3recap/c1/cap/drafts_p226_s000532.txt
[spec] decoding 8 tokens (block=5, draft passes=1, adaptK=1.50, prompt=226 s=533)...
  [margins] 11.35 16.94 15.81 8.91 12.44  K=6
  verify 1: accepted 5/5 (K=6) + correction -> +6 tokens (171.0 ms)  cpos=538
  [margins] 14.04 8.71 9.09 12.11 5.90  K=6
  verify 2: accepted 5/5 (K=6) + correction -> +6 tokens (174.4 ms)  cpos=544

[spec] generated 12 tokens over 2 verifies: mean tokens/verify = 6.00 (block=5, max 6)
[spec] tokens: 24522 505 16584 513 20465 223 18 16 455 2019 1531 9495
[spec] SPEC-DECODE: 29.1 ms/tok = 34.41 tok/s  (vs base M=1 68.8 ms/tok = 14.53 tok/s -> 2.37x)
[decode] PREFILL: 672 positions in 10708.0 ms = 62.8 tok/s (15.934 ms/tok)
[capture] wrote /home/patrickd/s5-capture/s3recap/c1/cap/shard_p227_s000672.dspc  672 tok x (3 taps + 1 lm_in) x 4096 = 21.0 MB (32.0 KB/tok)
[probe] wrote 16 draft probes (block=5) to /home/patrickd/s5-capture/s3recap/c1/cap/drafts_p227_s000672.txt
[spec] decoding 8 tokens (block=5, draft passes=1, adaptK=1.50, prompt=227 s=673)...
  [margins] 12.34 11.02 15.45 5.80 7.60  K=6
  verify 1: accepted 5/5 (K=6) + correction -> +6 tokens (164.7 ms)  cpos=678
  [margins] 13.83 7.82 5.66 5.45 3.65  K=6
  verify 2: accepted 5/5 (K=6) + correction -> +6 tokens (168.5 ms)  cpos=684

[spec] generated 12 tokens over 2 verifies: mean tokens/verify = 6.00 (block=5, max 6)
[spec] tokens: 26 84 54 18 91 55 20 82544 22 82 53 24
[spec] SPEC-DECODE: 28.1 ms/tok = 35.61 tok/s  (vs base M=1 68.8 ms/tok = 14.53 tok/s -> 2.45x)
[decode] PREFILL: 534 positions in 8489.1 ms = 62.9 tok/s (15.897 ms/tok)
[capture] wrote /home/patrickd/s5-capture/s3recap/c1/cap/shard_p228_s000534.dspc  534 tok x (3 taps + 1 lm_in) x 4096 = 16.7 MB (32.0 KB/tok)
[probe] wrote 16 draft probes (block=5) to /home/patrickd/s5-capture/s3recap/c1/cap/drafts_p228_s000534.txt
[spec] decoding 8 tokens (block=5, draft passes=1, adaptK=1.50, prompt=228 s=535)...
  [margins] 1.74 4.19 2.85 7.47 0.59  K=5
  verify 1: accepted 4/4 (K=5) + correction -> +5 tokens (151.5 ms)  cpos=539
  [margins] 1.71 4.36 7.68 2.51 2.68  K=6
  verify 2: accepted 5/5 (K=6) + correction -> +6 tokens (176.3 ms)  cpos=545

[spec] generated 11 tokens over 2 verifies: mean tokens/verify = 5.50 (block=5, max 6)
[spec] tokens: 51932 295 223 643 20 14 260 3676 339 3508 7973
[spec] SPEC-DECODE: 29.4 ms/tok = 34.03 tok/s  (vs base M=1 68.8 ms/tok = 14.53 tok/s -> 2.34x)
[decode] PREFILL: 1014 positions in 16287.8 ms = 62.3 tok/s (16.063 ms/tok)
[capture] wrote /home/patrickd/s5-capture/s3recap/c1/cap/shard_p229_s001014.dspc  1014 tok x (3 taps + 1 lm_in) x 4096 = 31.7 MB (32.0 KB/tok)
[probe] wrote 16 draft probes (block=5) to /home/patrickd/s5-capture/s3recap/c1/cap/drafts_p229_s001014.txt
[spec] decoding 8 tokens (block=5, draft passes=1, adaptK=1.50, prompt=229 s=1015)...
  [margins] 1.29 0.68 4.72 4.01 1.54  K=2
  verify 1: accepted 1/1 (K=2) + correction -> +2 tokens (116.3 ms)  cpos=1016
  [margins] 3.62 1.49 0.08 0.88 0.05  K=2
  verify 2: accepted 0/1 (K=2) + correction -> +1 tokens (106.6 ms)  cpos=1017
  [margins] 6.38 8.53 3.27 1.11 0.72  K=4
  verify 3: accepted 3/3 (K=4) + correction -> +4 tokens (136.2 ms)  cpos=1021
  [margins] 7.28 8.06 1.86 2.05 1.65  K=6
  verify 4: accepted 4/5 (K=6) + correction -> +5 tokens (190.6 ms)  cpos=1026

[spec] generated 12 tokens over 4 verifies: mean tokens/verify = 3.00 (block=5, max 6)
[spec] tokens: 1004 671 1014 294 62777 23882 6443 270 1141 305 344 990
[spec] SPEC-DECODE: 43.3 ms/tok = 23.07 tok/s  (vs base M=1 68.8 ms/tok = 14.53 tok/s -> 1.59x)
[decode] PREFILL: 675 positions in 10773.7 ms = 62.7 tok/s (15.961 ms/tok)
[capture] wrote /home/patrickd/s5-capture/s3recap/c1/cap/shard_p230_s000675.dspc  675 tok x (3 taps + 1 lm_in) x 4096 = 21.1 MB (32.0 KB/tok)
[probe] wrote 16 draft probes (block=5) to /home/patrickd/s5-capture/s3recap/c1/cap/drafts_p230_s000675.txt
[spec] decoding 8 tokens (block=5, draft passes=1, adaptK=1.50, prompt=230 s=676)...
  [margins] 14.11 13.41 13.23 12.77 2.82  K=6
  verify 1: accepted 4/5 (K=6) + correction -> +5 tokens (174.6 ms)  cpos=680
  [margins] 18.82 13.91 13.76 6.82 3.46  K=6
  verify 2: accepted 5/5 (K=6) + correction -> +6 tokens (172.6 ms)  cpos=686

[spec] generated 11 tokens over 2 verifies: mean tokens/verify = 5.50 (block=5, max 6)
[spec] tokens: 8032 69773 8032 115025 8032 21768 438 223 553 510 361
[spec] SPEC-DECODE: 28.8 ms/tok = 34.77 tok/s  (vs base M=1 68.8 ms/tok = 14.53 tok/s -> 2.39x)
[decode] PREFILL: 647 positions in 10325.7 ms = 62.7 tok/s (15.959 ms/tok)
[capture] wrote /home/patrickd/s5-capture/s3recap/c1/cap/shard_p231_s000647.dspc  647 tok x (3 taps + 1 lm_in) x 4096 = 20.2 MB (32.0 KB/tok)
[probe] wrote 16 draft probes (block=5) to /home/patrickd/s5-capture/s3recap/c1/cap/drafts_p231_s000647.txt
[spec] decoding 8 tokens (block=5, draft passes=1, adaptK=1.50, prompt=231 s=648)...
  [margins] 1.19 2.42 6.18 6.68 2.00  K=6
  verify 1: accepted 1/5 (K=6) + correction -> +2 tokens (177.0 ms)  cpos=649
  [margins] 13.74 5.45 6.12 5.06 5.58  K=6
  verify 2: accepted 5/5 (K=6) + correction -> +6 tokens (168.8 ms)  cpos=655

[spec] generated 8 tokens over 2 verifies: mean tokens/verify = 4.00 (block=5, max 6)
[spec] tokens: 294 223 21 1840 11003 538 223 553
[spec] SPEC-DECODE: 28.1 ms/tok = 35.55 tok/s  (vs base M=1 68.8 ms/tok = 14.53 tok/s -> 2.45x)
[decode] PREFILL: 596 positions in 9484.7 ms = 62.8 tok/s (15.914 ms/tok)
[capture] wrote /home/patrickd/s5-capture/s3recap/c1/cap/shard_p232_s000596.dspc  596 tok x (3 taps + 1 lm_in) x 4096 = 18.6 MB (32.0 KB/tok)
[probe] wrote 16 draft probes (block=5) to /home/patrickd/s5-capture/s3recap/c1/cap/drafts_p232_s000596.txt
[spec] decoding 8 tokens (block=5, draft passes=1, adaptK=1.50, prompt=232 s=597)...
  [margins] 10.70 9.86 8.91 8.50 10.05  K=6
  verify 1: accepted 5/5 (K=6) + correction -> +6 tokens (164.7 ms)  cpos=602
  [margins] 10.04 13.08 10.41 10.65 10.50  K=6
  verify 2: accepted 5/5 (K=6) + correction -> +6 tokens (168.2 ms)  cpos=608

[spec] generated 12 tokens over 2 verifies: mean tokens/verify = 6.00 (block=5, max 6)
[spec] tokens: 16 18 16 19 16 18 16 19 16 18 16 19
[spec] SPEC-DECODE: 28.0 ms/tok = 35.68 tok/s  (vs base M=1 68.8 ms/tok = 14.53 tok/s -> 2.45x)
[decode] PREFILL: 674 positions in 10758.1 ms = 62.7 tok/s (15.962 ms/tok)
[capture] wrote /home/patrickd/s5-capture/s3recap/c1/cap/shard_p233_s000674.dspc  674 tok x (3 taps + 1 lm_in) x 4096 = 21.1 MB (32.0 KB/tok)
[probe] wrote 16 draft probes (block=5) to /home/patrickd/s5-capture/s3recap/c1/cap/drafts_p233_s000674.txt
[spec] decoding 8 tokens (block=5, draft passes=1, adaptK=1.50, prompt=233 s=675)...
  [margins] 2.57 0.79 3.47 0.49 0.47  K=2
  verify 1: accepted 1/1 (K=2) + correction -> +2 tokens (111.5 ms)  cpos=676
  [margins] 6.01 2.51 0.29 3.14 0.21  K=3
  verify 2: accepted 2/2 (K=3) + correction -> +3 tokens (115.9 ms)  cpos=679
  [margins] 3.81 3.56 3.76 1.67 0.15  K=5
  verify 3: accepted 3/4 (K=5) + correction -> +4 tokens (150.3 ms)  cpos=683

[spec] generated 9 tokens over 3 verifies: mean tokens/verify = 3.00 (block=5, max 6)
[spec] tokens: 396 6179 304 366 11602 362 969 304 82285
[spec] SPEC-DECODE: 38.0 ms/tok = 26.30 tok/s  (vs base M=1 68.8 ms/tok = 14.53 tok/s -> 1.81x)
[decode] PREFILL: 858 positions in 13727.3 ms = 62.5 tok/s (15.999 ms/tok)
[capture] wrote /home/patrickd/s5-capture/s3recap/c1/cap/shard_p234_s000858.dspc  858 tok x (3 taps + 1 lm_in) x 4096 = 26.8 MB (32.0 KB/tok)
[probe] wrote 16 draft probes (block=5) to /home/patrickd/s5-capture/s3recap/c1/cap/drafts_p234_s000858.txt
[spec] decoding 8 tokens (block=5, draft passes=1, adaptK=1.50, prompt=234 s=859)...
  [margins] 12.24 17.55 9.65 14.94 13.78  K=6
  verify 1: accepted 5/5 (K=6) + correction -> +6 tokens (178.7 ms)  cpos=864
  [margins] 13.32 17.80 13.18 14.40 11.71  K=6
  verify 2: accepted 5/5 (K=6) + correction -> +6 tokens (169.0 ms)  cpos=870

[spec] generated 12 tokens over 2 verifies: mean tokens/verify = 6.00 (block=5, max 6)
[spec] tokens: 270 2613 294 5026 7165 14 66067 260 5026 1341 14 24397
[spec] SPEC-DECODE: 28.2 ms/tok = 35.51 tok/s  (vs base M=1 68.8 ms/tok = 14.53 tok/s -> 2.44x)
[decode] PREFILL: 597 positions in 9502.3 ms = 62.8 tok/s (15.917 ms/tok)
[capture] wrote /home/patrickd/s5-capture/s3recap/c1/cap/shard_p235_s000597.dspc  597 tok x (3 taps + 1 lm_in) x 4096 = 18.7 MB (32.0 KB/tok)
[probe] wrote 16 draft probes (block=5) to /home/patrickd/s5-capture/s3recap/c1/cap/drafts_p235_s000597.txt
[spec] decoding 8 tokens (block=5, draft passes=1, adaptK=1.50, prompt=235 s=598)...
  [margins] 17.22 11.35 6.30 9.16 8.26  K=6
  verify 1: accepted 5/5 (K=6) + correction -> +6 tokens (168.7 ms)  cpos=603
  [margins] 16.61 14.15 15.22 11.71 4.81  K=6
  verify 2: accepted 5/5 (K=6) + correction -> +6 tokens (174.7 ms)  cpos=609

[spec] generated 12 tokens over 2 verifies: mean tokens/verify = 6.00 (block=5, max 6)
[spec] tokens: 4105 16 55923 14 696 554 1926 270 4105 16 19662 845
[spec] SPEC-DECODE: 29.1 ms/tok = 34.35 tok/s  (vs base M=1 68.8 ms/tok = 14.53 tok/s -> 2.36x)
[decode] PREFILL: 604 positions in 9610.3 ms = 62.8 tok/s (15.911 ms/tok)
[capture] wrote /home/patrickd/s5-capture/s3recap/c1/cap/shard_p236_s000604.dspc  604 tok x (3 taps + 1 lm_in) x 4096 = 18.9 MB (32.0 KB/tok)
[probe] wrote 16 draft probes (block=5) to /home/patrickd/s5-capture/s3recap/c1/cap/drafts_p236_s000604.txt
[spec] decoding 8 tokens (block=5, draft passes=1, adaptK=1.50, prompt=236 s=605)...
  [margins] 13.79 13.76 13.07 12.44 11.56  K=6
  verify 1: accepted 5/5 (K=6) + correction -> +6 tokens (170.3 ms)  cpos=610
  [margins] 17.72 17.13 15.64 12.08 14.67  K=6
  verify 2: accepted 5/5 (K=6) + correction -> +6 tokens (175.7 ms)  cpos=616

[spec] generated 12 tokens over 2 verifies: mean tokens/verify = 6.00 (block=5, max 6)
[spec] tokens: 313 982 313 940 223 19 14 223 20 5203 361 1008
[spec] SPEC-DECODE: 29.3 ms/tok = 34.15 tok/s  (vs base M=1 68.8 ms/tok = 14.53 tok/s -> 2.35x)
[decode] PREFILL: 589 positions in 9357.0 ms = 62.9 tok/s (15.886 ms/tok)
[capture] wrote /home/patrickd/s5-capture/s3recap/c1/cap/shard_p237_s000589.dspc  589 tok x (3 taps + 1 lm_in) x 4096 = 18.4 MB (32.0 KB/tok)
[probe] wrote 16 draft probes (block=5) to /home/patrickd/s5-capture/s3recap/c1/cap/drafts_p237_s000589.txt
[spec] decoding 8 tokens (block=5, draft passes=1, adaptK=1.50, prompt=237 s=590)...
  [margins] 8.97 10.42 7.86 9.82 6.35  K=6
  verify 1: accepted 5/5 (K=6) + correction -> +6 tokens (162.4 ms)  cpos=595
  [margins] 8.88 12.05 8.64 9.40 4.89  K=6
  verify 2: accepted 5/5 (K=6) + correction -> +6 tokens (164.9 ms)  cpos=601

[spec] generated 12 tokens over 2 verifies: mean tokens/verify = 6.00 (block=5, max 6)
[spec] tokens: 16 455 16 455 16 455 16 455 16 455 16 455
[spec] SPEC-DECODE: 27.5 ms/tok = 36.38 tok/s  (vs base M=1 68.8 ms/tok = 14.53 tok/s -> 2.50x)
[decode] PREFILL: 623 positions in 9909.2 ms = 62.9 tok/s (15.906 ms/tok)
[capture] wrote /home/patrickd/s5-capture/s3recap/c1/cap/shard_p238_s000623.dspc  623 tok x (3 taps + 1 lm_in) x 4096 = 19.5 MB (32.0 KB/tok)
[probe] wrote 16 draft probes (block=5) to /home/patrickd/s5-capture/s3recap/c1/cap/drafts_p238_s000623.txt
[spec] decoding 8 tokens (block=5, draft passes=1, adaptK=1.50, prompt=238 s=624)...
  [margins] 16.90 9.06 4.90 12.82 7.43  K=6
  verify 1: accepted 5/5 (K=6) + correction -> +6 tokens (167.8 ms)  cpos=629
  [margins] 16.52 9.14 5.14 12.25 9.05  K=6
  verify 2: accepted 5/5 (K=6) + correction -> +6 tokens (160.1 ms)  cpos=635

[spec] generated 12 tokens over 2 verifies: mean tokens/verify = 6.00 (block=5, max 6)
[spec] tokens: 74 83 96866 74 83 96866 74 83 96866 74 83 96866
[spec] SPEC-DECODE: 26.7 ms/tok = 37.48 tok/s  (vs base M=1 68.8 ms/tok = 14.53 tok/s -> 2.58x)
[decode] PREFILL: 884 positions in 14158.8 ms = 62.4 tok/s (16.017 ms/tok)
[capture] wrote /home/patrickd/s5-capture/s3recap/c1/cap/shard_p239_s000884.dspc  884 tok x (3 taps + 1 lm_in) x 4096 = 27.6 MB (32.0 KB/tok)
[probe] wrote 16 draft probes (block=5) to /home/patrickd/s5-capture/s3recap/c1/cap/drafts_p239_s000884.txt
[spec] decoding 8 tokens (block=5, draft passes=1, adaptK=1.50, prompt=239 s=885)...
  [margins] 14.93 13.28 4.68 0.27 0.75  K=4
  verify 1: accepted 3/3 (K=4) + correction -> +4 tokens (142.6 ms)  cpos=888
  [margins] 14.65 13.32 0.61 0.44 1.18  K=3
  verify 2: accepted 2/2 (K=3) + correction -> +3 tokens (122.1 ms)  cpos=891
  [margins] 15.83 13.86 12.91 0.70 0.66  K=4
  verify 3: accepted 3/3 (K=4) + correction -> +4 tokens (138.6 ms)  cpos=895

[spec] generated 11 tokens over 3 verifies: mean tokens/verify = 3.67 (block=5, max 6)
[spec] tokens: 14 270 49330 103767 14 305 13291 295 18473 706 418
[spec] SPEC-DECODE: 37.2 ms/tok = 26.86 tok/s  (vs base M=1 68.8 ms/tok = 14.53 tok/s -> 1.85x)
[decode] PREFILL: 673 positions in 10745.9 ms = 62.6 tok/s (15.967 ms/tok)
[capture] wrote /home/patrickd/s5-capture/s3recap/c1/cap/shard_p240_s000673.dspc  673 tok x (3 taps + 1 lm_in) x 4096 = 21.0 MB (32.0 KB/tok)
[probe] wrote 16 draft probes (block=5) to /home/patrickd/s5-capture/s3recap/c1/cap/drafts_p240_s000673.txt
[spec] decoding 8 tokens (block=5, draft passes=1, adaptK=1.50, prompt=240 s=674)...
  [margins] 15.78 4.21 1.05 0.84 1.77  K=3
  verify 1: accepted 2/2 (K=3) + correction -> +3 tokens (127.6 ms)  cpos=676
  [margins] 11.04 8.98 5.95 2.75 2.51  K=6
  verify 2: accepted 4/5 (K=6) + correction -> +5 tokens (170.9 ms)  cpos=681

[spec] generated 8 tokens over 2 verifies: mean tokens/verify = 4.00 (block=5, max 6)
[spec] tokens: 6341 603 31278 304 4085 396 270 13746
[spec] SPEC-DECODE: 34.2 ms/tok = 29.25 tok/s  (vs base M=1 68.8 ms/tok = 14.53 tok/s -> 2.01x)
[decode] PREFILL: 540 positions in 8570.7 ms = 63.0 tok/s (15.872 ms/tok)
[capture] wrote /home/patrickd/s5-capture/s3recap/c1/cap/shard_p241_s000540.dspc  540 tok x (3 taps + 1 lm_in) x 4096 = 16.9 MB (32.0 KB/tok)
[probe] wrote 16 draft probes (block=5) to /home/patrickd/s5-capture/s3recap/c1/cap/drafts_p241_s000540.txt
[spec] decoding 8 tokens (block=5, draft passes=1, adaptK=1.50, prompt=241 s=541)...
  [margins] 17.05 15.58 16.10 8.39 10.38  K=6
  verify 1: accepted 5/5 (K=6) + correction -> +6 tokens (168.9 ms)  cpos=546
  [margins] 15.76 17.28 17.43 14.13 15.93  K=6
  verify 2: accepted 5/5 (K=6) + correction -> +6 tokens (174.9 ms)  cpos=552

[spec] generated 12 tokens over 2 verifies: mean tokens/verify = 6.00 (block=5, max 6)
[spec] tokens: 2606 223 19 3749 1354 16482 22785 797 10499 2292 19 6528
[spec] SPEC-DECODE: 29.1 ms/tok = 34.31 tok/s  (vs base M=1 68.8 ms/tok = 14.53 tok/s -> 2.36x)
[decode] PREFILL: 1324 positions in 21468.6 ms = 61.7 tok/s (16.215 ms/tok)
[capture] wrote /home/patrickd/s5-capture/s3recap/c1/cap/shard_p242_s001324.dspc  1324 tok x (3 taps + 1 lm_in) x 4096 = 41.4 MB (32.0 KB/tok)
[probe] wrote 16 draft probes (block=5) to /home/patrickd/s5-capture/s3recap/c1/cap/drafts_p242_s001324.txt
[spec] decoding 8 tokens (block=5, draft passes=1, adaptK=1.50, prompt=242 s=1325)...
  [margins] 8.92 16.88 12.80 8.92 7.27  K=6
  verify 1: accepted 5/5 (K=6) + correction -> +6 tokens (180.9 ms)  cpos=1330
  [margins] 13.31 12.13 12.47 10.39 15.33  K=6
  verify 2: accepted 5/5 (K=6) + correction -> +6 tokens (182.1 ms)  cpos=1336

[spec] generated 12 tokens over 2 verifies: mean tokens/verify = 6.00 (block=5, max 6)
[spec] tokens: 1494 611 29525 270 1666 14132 13583 513 554 878 8534 377
[spec] SPEC-DECODE: 30.3 ms/tok = 32.95 tok/s  (vs base M=1 68.8 ms/tok = 14.53 tok/s -> 2.27x)
[decode] PREFILL: 677 positions in 10805.5 ms = 62.7 tok/s (15.961 ms/tok)
[capture] wrote /home/patrickd/s5-capture/s3recap/c1/cap/shard_p243_s000677.dspc  677 tok x (3 taps + 1 lm_in) x 4096 = 21.2 MB (32.0 KB/tok)
[probe] wrote 16 draft probes (block=5) to /home/patrickd/s5-capture/s3recap/c1/cap/drafts_p243_s000677.txt
[spec] decoding 8 tokens (block=5, draft passes=1, adaptK=1.50, prompt=243 s=678)...
  [margins] 13.89 12.76 4.10 8.50 6.83  K=6
  verify 1: accepted 5/5 (K=6) + correction -> +6 tokens (172.7 ms)  cpos=683
  [margins] 9.06 7.86 15.71 10.45 11.36  K=6
  verify 2: accepted 5/5 (K=6) + correction -> +6 tokens (176.6 ms)  cpos=689

[spec] generated 12 tokens over 2 verifies: mean tokens/verify = 6.00 (block=5, max 6)
[spec] tokens: 270 7425 16 455 3817 734 9624 294 43068 305 4227 2968
[spec] SPEC-DECODE: 29.4 ms/tok = 33.97 tok/s  (vs base M=1 68.8 ms/tok = 14.53 tok/s -> 2.34x)
[decode] PREFILL: 615 positions in 9796.3 ms = 62.8 tok/s (15.929 ms/tok)
[capture] wrote /home/patrickd/s5-capture/s3recap/c1/cap/shard_p244_s000615.dspc  615 tok x (3 taps + 1 lm_in) x 4096 = 19.2 MB (32.0 KB/tok)
[probe] wrote 16 draft probes (block=5) to /home/patrickd/s5-capture/s3recap/c1/cap/drafts_p244_s000615.txt
[spec] decoding 8 tokens (block=5, draft passes=1, adaptK=1.50, prompt=244 s=616)...
  [margins] 4.06 4.80 0.13 0.63 7.16  K=3
  verify 1: accepted 2/2 (K=3) + correction -> +3 tokens (125.1 ms)  cpos=618
  [margins] 8.98 7.80 6.27 7.50 0.23  K=5
  verify 2: accepted 4/4 (K=5) + correction -> +5 tokens (150.6 ms)  cpos=623

[spec] generated 8 tokens over 2 verifies: mean tokens/verify = 4.00 (block=5, max 6)
[spec] tokens: 9487 270 36775 11702 16 3749 455 4105
[spec] SPEC-DECODE: 30.1 ms/tok = 33.20 tok/s  (vs base M=1 68.8 ms/tok = 14.53 tok/s -> 2.28x)
[decode] PREFILL: 1500 positions in 24427.2 ms = 61.4 tok/s (16.285 ms/tok)
[capture] wrote /home/patrickd/s5-capture/s3recap/c1/cap/shard_p245_s001500.dspc  1500 tok x (3 taps + 1 lm_in) x 4096 = 46.9 MB (32.0 KB/tok)
[probe] wrote 16 draft probes (block=5) to /home/patrickd/s5-capture/s3recap/c1/cap/drafts_p245_s001500.txt
[spec] decoding 8 tokens (block=5, draft passes=1, adaptK=1.50, prompt=245 s=1501)...
  [margins] 10.80 13.58 13.09 5.20 8.70  K=6
  verify 1: accepted 5/5 (K=6) + correction -> +6 tokens (172.9 ms)  cpos=1506
  [margins] 9.32 12.60 11.52 5.97 7.90  K=6
  verify 2: accepted 5/5 (K=6) + correction -> +6 tokens (170.6 ms)  cpos=1512

[spec] generated 12 tokens over 2 verifies: mean tokens/verify = 6.00 (block=5, max 6)
[spec] tokens: 88 3749 11 88 3749 11 88 3749 11 88 3749 11
[spec] SPEC-DECODE: 28.4 ms/tok = 35.16 tok/s  (vs base M=1 68.8 ms/tok = 14.53 tok/s -> 2.42x)
[decode] PREFILL: 672 positions in 10706.1 ms = 62.8 tok/s (15.932 ms/tok)
[capture] wrote /home/patrickd/s5-capture/s3recap/c1/cap/shard_p246_s000672.dspc  672 tok x (3 taps + 1 lm_in) x 4096 = 21.0 MB (32.0 KB/tok)
[probe] wrote 16 draft probes (block=5) to /home/patrickd/s5-capture/s3recap/c1/cap/drafts_p246_s000672.txt
[spec] decoding 8 tokens (block=5, draft passes=1, adaptK=1.50, prompt=246 s=673)...
  [margins] 2.17 0.20 3.75 0.95 0.58  K=2
  verify 1: accepted 1/1 (K=2) + correction -> +2 tokens (103.3 ms)  cpos=674
  [margins] 5.47 0.35 1.47 1.89 0.17  K=2
  verify 2: accepted 1/1 (K=2) + correction -> +2 tokens (105.4 ms)  cpos=676
  [margins] 8.03 0.60 0.12 1.34 2.07  K=2
  verify 3: accepted 1/1 (K=2) + correction -> +2 tokens (100.7 ms)  cpos=678
  [margins] 6.09 1.32 1.13 0.08 1.05  K=2
  verify 4: accepted 1/1 (K=2) + correction -> +2 tokens (105.4 ms)  cpos=680

[spec] generated 8 tokens over 4 verifies: mean tokens/verify = 2.00 (block=5, max 6)
[spec] tokens: 17121 6729 6459 20436 41138 3432 66663 35065
[spec] SPEC-DECODE: 51.9 ms/tok = 19.26 tok/s  (vs base M=1 68.8 ms/tok = 14.53 tok/s -> 1.33x)
[decode] PREFILL: 561 positions in 8919.7 ms = 62.9 tok/s (15.900 ms/tok)
[capture] wrote /home/patrickd/s5-capture/s3recap/c1/cap/shard_p247_s000561.dspc  561 tok x (3 taps + 1 lm_in) x 4096 = 17.5 MB (32.0 KB/tok)
[probe] wrote 16 draft probes (block=5) to /home/patrickd/s5-capture/s3recap/c1/cap/drafts_p247_s000561.txt
[spec] decoding 8 tokens (block=5, draft passes=1, adaptK=1.50, prompt=247 s=562)...
  [margins] 17.28 18.03 12.91 9.51 6.54  K=6
  verify 1: accepted 5/5 (K=6) + correction -> +6 tokens (169.5 ms)  cpos=567
  [margins] 14.97 19.44 11.30 12.83 4.89  K=6
  verify 2: accepted 5/5 (K=6) + correction -> +6 tokens (174.2 ms)  cpos=573

[spec] generated 12 tokens over 2 verifies: mean tokens/verify = 6.00 (block=5, max 6)
[spec] tokens: 1623 21325 33677 1687 114106 14 126948 14 305 37436 4379 304
[spec] SPEC-DECODE: 29.0 ms/tok = 34.44 tok/s  (vs base M=1 68.8 ms/tok = 14.53 tok/s -> 2.37x)
[decode] PREFILL: 610 positions in 9716.4 ms = 62.8 tok/s (15.928 ms/tok)
[capture] wrote /home/patrickd/s5-capture/s3recap/c1/cap/shard_p248_s000610.dspc  610 tok x (3 taps + 1 lm_in) x 4096 = 19.1 MB (32.0 KB/tok)
[probe] wrote 16 draft probes (block=5) to /home/patrickd/s5-capture/s3recap/c1/cap/drafts_p248_s000610.txt
[spec] decoding 8 tokens (block=5, draft passes=1, adaptK=1.50, prompt=248 s=611)...
  [margins] 1.65 0.09 2.04 0.95 0.76  K=2
  verify 1: accepted 1/1 (K=2) + correction -> +2 tokens (110.7 ms)  cpos=612
  [margins] 2.69 0.19 0.19 1.32 2.82  K=2
  verify 2: accepted 0/1 (K=2) + correction -> +1 tokens (105.9 ms)  cpos=613
  [margins] 20.73 2.10 2.10 0.61 0.81  K=4
  verify 3: accepted 2/3 (K=4) + correction -> +3 tokens (134.3 ms)  cpos=616
  [margins] 1.79 4.08 2.38 1.02 0.19  K=4
  verify 4: accepted 2/3 (K=4) + correction -> +3 tokens (135.6 ms)  cpos=619

[spec] generated 9 tokens over 4 verifies: mean tokens/verify = 2.25 (block=5, max 6)
[spec] tokens: 2275 582 86 8027 4 5292 12001 304 270
[spec] SPEC-DECODE: 53.7 ms/tok = 18.62 tok/s  (vs base M=1 68.8 ms/tok = 14.53 tok/s -> 1.28x)
[decode] PREFILL: 535 positions in 8494.6 ms = 63.0 tok/s (15.878 ms/tok)
[capture] wrote /home/patrickd/s5-capture/s3recap/c1/cap/shard_p249_s000535.dspc  535 tok x (3 taps + 1 lm_in) x 4096 = 16.7 MB (32.0 KB/tok)
[probe] wrote 16 draft probes (block=5) to /home/patrickd/s5-capture/s3recap/c1/cap/drafts_p249_s000535.txt
[spec] decoding 8 tokens (block=5, draft passes=1, adaptK=1.50, prompt=249 s=536)...
  [margins] 10.38 12.32 9.36 11.63 7.61  K=6
  verify 1: accepted 5/5 (K=6) + correction -> +6 tokens (178.4 ms)  cpos=541
  [margins] 16.98 11.16 15.66 11.02 5.02  K=6
  verify 2: accepted 5/5 (K=6) + correction -> +6 tokens (167.4 ms)  cpos=547

[spec] generated 12 tokens over 2 verifies: mean tokens/verify = 6.00 (block=5, max 6)
[spec] tokens: 5217 16 455 2019 1531 554 611 2408 19060 16 455 2019
[spec] SPEC-DECODE: 27.9 ms/tok = 35.85 tok/s  (vs base M=1 68.8 ms/tok = 14.53 tok/s -> 2.47x)
[decode] PREFILL: 587 positions in 9331.9 ms = 62.9 tok/s (15.898 ms/tok)
[capture] wrote /home/patrickd/s5-capture/s3recap/c1/cap/shard_p250_s000587.dspc  587 tok x (3 taps + 1 lm_in) x 4096 = 18.3 MB (32.0 KB/tok)
[probe] wrote 16 draft probes (block=5) to /home/patrickd/s5-capture/s3recap/c1/cap/drafts_p250_s000587.txt
[spec] decoding 8 tokens (block=5, draft passes=1, adaptK=1.50, prompt=250 s=588)...
  [margins] 11.27 9.20 12.01 14.12 7.71  K=6
  verify 1: accepted 5/5 (K=6) + correction -> +6 tokens (174.6 ms)  cpos=593
  [margins] 10.03 8.83 12.12 14.02 12.85  K=6
  verify 2: accepted 5/5 (K=6) + correction -> +6 tokens (168.0 ms)  cpos=599

[spec] generated 12 tokens over 2 verifies: mean tokens/verify = 6.00 (block=5, max 6)
[spec] tokens: 16 455 16 25002 26524 16 455 16 25002 16 4676 16
[spec] SPEC-DECODE: 28.0 ms/tok = 35.72 tok/s  (vs base M=1 68.8 ms/tok = 14.53 tok/s -> 2.46x)
[decode] PREFILL: 633 positions in 10063.4 ms = 62.9 tok/s (15.898 ms/tok)
[capture] wrote /home/patrickd/s5-capture/s3recap/c1/cap/shard_p251_s000633.dspc  633 tok x (3 taps + 1 lm_in) x 4096 = 19.8 MB (32.0 KB/tok)
[probe] wrote 16 draft probes (block=5) to /home/patrickd/s5-capture/s3recap/c1/cap/drafts_p251_s000633.txt
[spec] decoding 8 tokens (block=5, draft passes=1, adaptK=1.50, prompt=251 s=634)...
  [margins] 9.10 10.57 9.53 9.82 9.64  K=6
  verify 1: accepted 5/5 (K=6) + correction -> +6 tokens (162.2 ms)  cpos=639
  [margins] 11.31 12.64 10.31 11.26 10.68  K=6
  verify 2: accepted 5/5 (K=6) + correction -> +6 tokens (178.5 ms)  cpos=645

[spec] generated 12 tokens over 2 verifies: mean tokens/verify = 6.00 (block=5, max 6)
[spec] tokens: 16 20 16 20 16 20 16 20 16 20 16 20
[spec] SPEC-DECODE: 29.8 ms/tok = 33.61 tok/s  (vs base M=1 68.8 ms/tok = 14.53 tok/s -> 2.31x)
[decode] PREFILL: 677 positions in 10802.1 ms = 62.7 tok/s (15.956 ms/tok)
[capture] wrote /home/patrickd/s5-capture/s3recap/c1/cap/shard_p252_s000677.dspc  677 tok x (3 taps + 1 lm_in) x 4096 = 21.2 MB (32.0 KB/tok)
[probe] wrote 16 draft probes (block=5) to /home/patrickd/s5-capture/s3recap/c1/cap/drafts_p252_s000677.txt
[spec] decoding 8 tokens (block=5, draft passes=1, adaptK=1.50, prompt=252 s=678)...
  [margins] 13.84 8.12 6.19 10.41 4.89  K=6
  verify 1: accepted 5/5 (K=6) + correction -> +6 tokens (167.2 ms)  cpos=683
  [margins] 11.70 10.27 14.19 10.21 7.83  K=6
  verify 2: accepted 5/5 (K=6) + correction -> +6 tokens (171.3 ms)  cpos=689

[spec] generated 12 tokens over 2 verifies: mean tokens/verify = 6.00 (block=5, max 6)
[spec] tokens: 11 88 698 3749 11 88 698 3749 11 88 698 3749
[spec] SPEC-DECODE: 28.6 ms/tok = 35.02 tok/s  (vs base M=1 68.8 ms/tok = 14.53 tok/s -> 2.41x)
[decode] PREFILL: 598 positions in 9517.7 ms = 62.8 tok/s (15.916 ms/tok)
[capture] wrote /home/patrickd/s5-capture/s3recap/c1/cap/shard_p253_s000598.dspc  598 tok x (3 taps + 1 lm_in) x 4096 = 18.7 MB (32.0 KB/tok)
[probe] wrote 16 draft probes (block=5) to /home/patrickd/s5-capture/s3recap/c1/cap/drafts_p253_s000598.txt
[spec] decoding 8 tokens (block=5, draft passes=1, adaptK=1.50, prompt=253 s=599)...
  [margins] 11.11 13.49 9.82 16.51 8.51  K=6
  verify 1: accepted 5/5 (K=6) + correction -> +6 tokens (175.8 ms)  cpos=604
  [margins] 13.91 10.90 19.48 8.18 11.59  K=6
  verify 2: accepted 5/5 (K=6) + correction -> +6 tokens (165.9 ms)  cpos=610

[spec] generated 12 tokens over 2 verifies: mean tokens/verify = 6.00 (block=5, max 6)
[spec] tokens: 6688 2501 270 1926 16 6688 2501 270 1926 16 6688 2501
[spec] SPEC-DECODE: 27.6 ms/tok = 36.17 tok/s  (vs base M=1 68.8 ms/tok = 14.53 tok/s -> 2.49x)
[decode] PREFILL: 654 positions in 10416.2 ms = 62.8 tok/s (15.927 ms/tok)
[capture] wrote /home/patrickd/s5-capture/s3recap/c1/cap/shard_p254_s000654.dspc  654 tok x (3 taps + 1 lm_in) x 4096 = 20.4 MB (32.0 KB/tok)
[probe] wrote 16 draft probes (block=5) to /home/patrickd/s5-capture/s3recap/c1/cap/drafts_p254_s000654.txt
[spec] decoding 8 tokens (block=5, draft passes=1, adaptK=1.50, prompt=254 s=655)...
  [margins] 1.39 18.83 0.86 3.23 0.82  K=3
  verify 1: accepted 2/2 (K=3) + correction -> +3 tokens (126.4 ms)  cpos=657
  [margins] 0.88 0.25 3.53 0.93 3.29  K=2
  verify 2: accepted 0/1 (K=2) + correction -> +1 tokens (102.7 ms)  cpos=658
  [margins] 5.43 6.51 3.50 2.96 3.28  K=6
  verify 3: accepted 0/5 (K=6) + correction -> +1 tokens (166.1 ms)  cpos=659
  [margins] 0.69 1.94 0.03 0.44 2.11  K=3
  verify 4: accepted 0/2 (K=3) + correction -> +1 tokens (120.4 ms)  cpos=660
  [margins] 2.78 0.36 1.44 2.16 0.50  K=2
  verify 5: accepted 0/1 (K=2) + correction -> +1 tokens (104.4 ms)  cpos=661
  [margins] 1.41 3.00 0.06 0.21 0.04  K=3
  verify 6: accepted 1/2 (K=3) + correction -> +2 tokens (121.0 ms)  cpos=663

[spec] generated 9 tokens over 6 verifies: mean tokens/verify = 1.50 (block=5, max 6)
[spec] tokens: 568 13727 515 2915 260 36370 20062 469 13360
[spec] SPEC-DECODE: 102.4 ms/tok = 9.76 tok/s  (vs base M=1 68.8 ms/tok = 14.53 tok/s -> 0.67x)
[decode] PREFILL: 546 positions in 8662.7 ms = 63.0 tok/s (15.866 ms/tok)
[capture] wrote /home/patrickd/s5-capture/s3recap/c1/cap/shard_p255_s000546.dspc  546 tok x (3 taps + 1 lm_in) x 4096 = 17.1 MB (32.0 KB/tok)
[probe] wrote 16 draft probes (block=5) to /home/patrickd/s5-capture/s3recap/c1/cap/drafts_p255_s000546.txt
[spec] decoding 8 tokens (block=5, draft passes=1, adaptK=1.50, prompt=255 s=547)...
  [margins] 16.30 11.67 10.58 12.84 11.32  K=6
  verify 1: accepted 5/5 (K=6) + correction -> +6 tokens (166.3 ms)  cpos=552
  [margins] 16.90 10.96 11.35 12.58 11.57  K=6
  verify 2: accepted 5/5 (K=6) + correction -> +6 tokens (156.9 ms)  cpos=558

[spec] generated 12 tokens over 2 verifies: mean tokens/verify = 6.00 (block=5, max 6)
[spec] tokens: 23748 56 23748 56 23748 56 23748 56 23748 56 23748 56
[spec] SPEC-DECODE: 26.1 ms/tok = 38.25 tok/s  (vs base M=1 68.8 ms/tok = 14.53 tok/s -> 2.63x)
[decode] PREFILL: 617 positions in 9823.1 ms = 62.8 tok/s (15.921 ms/tok)
[capture] wrote /home/patrickd/s5-capture/s3recap/c1/cap/shard_p256_s000617.dspc  617 tok x (3 taps + 1 lm_in) x 4096 = 19.3 MB (32.0 KB/tok)
[probe] wrote 16 draft probes (block=5) to /home/patrickd/s5-capture/s3recap/c1/cap/drafts_p256_s000617.txt
[spec] decoding 8 tokens (block=5, draft passes=1, adaptK=1.50, prompt=256 s=618)...
  [margins] 12.33 11.44 19.19 8.62 11.45  K=6
  verify 1: accepted 5/5 (K=6) + correction -> +6 tokens (171.4 ms)  cpos=623
  [margins] 16.50 16.02 12.74 16.18 13.29  K=6
  verify 2: accepted 5/5 (K=6) + correction -> +6 tokens (172.9 ms)  cpos=629

[spec] generated 12 tokens over 2 verifies: mean tokens/verify = 6.00 (block=5, max 6)
[spec] tokens: 940 223 19 11 75608 78 565 1008 11 940 223 19
[spec] SPEC-DECODE: 28.8 ms/tok = 34.70 tok/s  (vs base M=1 68.8 ms/tok = 14.53 tok/s -> 2.39x)
[decode] PREFILL: 537 positions in 8514.0 ms = 63.1 tok/s (15.855 ms/tok)
[capture] wrote /home/patrickd/s5-capture/s3recap/c1/cap/shard_p257_s000537.dspc  537 tok x (3 taps + 1 lm_in) x 4096 = 16.8 MB (32.0 KB/tok)
[probe] wrote 16 draft probes (block=5) to /home/patrickd/s5-capture/s3recap/c1/cap/drafts_p257_s000537.txt
[spec] decoding 8 tokens (block=5, draft passes=1, adaptK=1.50, prompt=257 s=538)...
  [margins] 12.47 9.42 14.11 9.08 14.30  K=6
  verify 1: accepted 5/5 (K=6) + correction -> +6 tokens (162.0 ms)  cpos=543
  [margins] 12.25 9.64 14.77 9.52 13.94  K=6
  verify 2: accepted 5/5 (K=6) + correction -> +6 tokens (165.7 ms)  cpos=549

[spec] generated 12 tokens over 2 verifies: mean tokens/verify = 6.00 (block=5, max 6)
[spec] tokens: 61561 16 61561 16 61561 16 61561 16 61561 16 61561 16
[spec] SPEC-DECODE: 27.6 ms/tok = 36.20 tok/s  (vs base M=1 68.8 ms/tok = 14.53 tok/s -> 2.49x)
[decode] PREFILL: 649 positions in 10342.0 ms = 62.8 tok/s (15.935 ms/tok)
[capture] wrote /home/patrickd/s5-capture/s3recap/c1/cap/shard_p258_s000649.dspc  649 tok x (3 taps + 1 lm_in) x 4096 = 20.3 MB (32.0 KB/tok)
[probe] wrote 16 draft probes (block=5) to /home/patrickd/s5-capture/s3recap/c1/cap/drafts_p258_s000649.txt
[spec] decoding 8 tokens (block=5, draft passes=1, adaptK=1.50, prompt=258 s=650)...
  [margins] 0.35 0.31 0.34 2.45 6.23  K=2
  verify 1: accepted 0/1 (K=2) + correction -> +1 tokens (107.5 ms)  cpos=650
  [margins] 1.42 4.42 0.80 5.17 0.32  K=3
  verify 2: accepted 0/2 (K=3) + correction -> +1 tokens (121.8 ms)  cpos=651
  [margins] 0.11 1.11 4.93 0.05 1.77  K=2
  verify 3: accepted 0/1 (K=2) + correction -> +1 tokens (108.8 ms)  cpos=652
  [margins] 1.97 4.57 0.45 5.10 0.12  K=3
  verify 4: accepted 0/2 (K=3) + correction -> +1 tokens (118.2 ms)  cpos=653
  [margins] 0.13 0.03 0.46 2.64 6.07  K=2
  verify 5: accepted 0/1 (K=2) + correction -> +1 tokens (105.4 ms)  cpos=654
  [margins] 1.75 4.33 0.41 5.36 0.43  K=3
  verify 6: accepted 0/2 (K=3) + correction -> +1 tokens (122.6 ms)  cpos=655
  [margins] 0.11 0.80 0.26 2.46 6.18  K=2
  verify 7: accepted 0/1 (K=2) + correction -> +1 tokens (109.4 ms)  cpos=656
  [margins] 0.82 4.52 0.48 5.34 0.47  K=3
  verify 8: accepted 0/2 (K=3) + correction -> +1 tokens (118.5 ms)  cpos=657

[spec] generated 8 tokens over 8 verifies: mean tokens/verify = 1.00 (block=5, max 6)
[spec] tokens: 1 16 1 16 1 16 1 16
[spec] SPEC-DECODE: 114.9 ms/tok = 8.70 tok/s  (vs base M=1 68.8 ms/tok = 14.53 tok/s -> 0.60x)
[decode] PREFILL: 676 positions in 10781.0 ms = 62.7 tok/s (15.948 ms/tok)
[capture] wrote /home/patrickd/s5-capture/s3recap/c1/cap/shard_p259_s000676.dspc  676 tok x (3 taps + 1 lm_in) x 4096 = 21.1 MB (32.0 KB/tok)
[probe] wrote 16 draft probes (block=5) to /home/patrickd/s5-capture/s3recap/c1/cap/drafts_p259_s000676.txt
[spec] decoding 8 tokens (block=5, draft passes=1, adaptK=1.50, prompt=259 s=677)...
  [margins] 20.42 14.72 14.91 12.68 13.25  K=6
  verify 1: accepted 5/5 (K=6) + correction -> +6 tokens (172.6 ms)  cpos=682
  [margins] 16.98 14.63 12.32 14.65 9.71  K=6
  verify 2: accepted 5/5 (K=6) + correction -> +6 tokens (176.5 ms)  cpos=688

[spec] generated 12 tokens over 2 verifies: mean tokens/verify = 6.00 (block=5, max 6)
[spec] tokens: 14 6644 3518 14 3939 696 440 2413 110753 678 2755 43
[spec] SPEC-DECODE: 29.4 ms/tok = 33.99 tok/s  (vs base M=1 68.8 ms/tok = 14.53 tok/s -> 2.34x)
[decode] PREFILL: 672 positions in 10706.6 ms = 62.8 tok/s (15.932 ms/tok)
[capture] wrote /home/patrickd/s5-capture/s3recap/c1/cap/shard_p260_s000672.dspc  672 tok x (3 taps + 1 lm_in) x 4096 = 21.0 MB (32.0 KB/tok)
[probe] wrote 16 draft probes (block=5) to /home/patrickd/s5-capture/s3recap/c1/cap/drafts_p260_s000672.txt
[spec] decoding 8 tokens (block=5, draft passes=1, adaptK=1.50, prompt=260 s=673)...
  [margins] 9.67 4.29 1.25 2.71 3.28  K=3
  verify 1: accepted 2/2 (K=3) + correction -> +3 tokens (116.7 ms)  cpos=675
  [margins] 1.71 1.82 0.03 4.79 3.22  K=3
  verify 2: accepted 1/2 (K=3) + correction -> +2 tokens (120.6 ms)  cpos=677
  [margins] 5.57 1.38 2.37 2.24 0.70  K=2
  verify 3: accepted 1/1 (K=2) + correction -> +2 tokens (103.1 ms)  cpos=679
  [margins] 1.84 3.76 0.27 0.41 0.93  K=3
  verify 4: accepted 0/2 (K=3) + correction -> +1 tokens (124.0 ms)  cpos=680

[spec] generated 8 tokens over 4 verifies: mean tokens/verify = 2.00 (block=5, max 6)
[spec] tokens: 412 260 31521 14 554 260 40021 294
[spec] SPEC-DECODE: 69.5 ms/tok = 14.38 tok/s  (vs base M=1 68.8 ms/tok = 14.53 tok/s -> 0.99x)
[decode] PREFILL: 665 positions in 10598.0 ms = 62.7 tok/s (15.937 ms/tok)
[capture] wrote /home/patrickd/s5-capture/s3recap/c1/cap/shard_p261_s000665.dspc  665 tok x (3 taps + 1 lm_in) x 4096 = 20.8 MB (32.0 KB/tok)
[probe] wrote 16 draft probes (block=5) to /home/patrickd/s5-capture/s3recap/c1/cap/drafts_p261_s000665.txt
[spec] decoding 8 tokens (block=5, draft passes=1, adaptK=1.50, prompt=261 s=666)...
  [margins] 9.22 8.90 11.30 6.58 9.00  K=6
  verify 1: accepted 5/5 (K=6) + correction -> +6 tokens (163.2 ms)  cpos=671
  [margins] 9.34 9.29 10.75 7.15 8.61  K=6
  verify 2: accepted 5/5 (K=6) + correction -> +6 tokens (166.7 ms)  cpos=677

[spec] generated 12 tokens over 2 verifies: mean tokens/verify = 6.00 (block=5, max 6)
[spec] tokens: 455 16 455 16 455 16 455 16 455 16 455 16
[spec] SPEC-DECODE: 27.8 ms/tok = 35.99 tok/s  (vs base M=1 68.8 ms/tok = 14.53 tok/s -> 2.48x)
[decode] PREFILL: 542 positions in 8592.3 ms = 63.1 tok/s (15.853 ms/tok)
[capture] wrote /home/patrickd/s5-capture/s3recap/c1/cap/shard_p262_s000542.dspc  542 tok x (3 taps + 1 lm_in) x 4096 = 16.9 MB (32.0 KB/tok)
[probe] wrote 16 draft probes (block=5) to /home/patrickd/s5-capture/s3recap/c1/cap/drafts_p262_s000542.txt
[spec] decoding 8 tokens (block=5, draft passes=1, adaptK=1.50, prompt=262 s=543)...
  [margins] 13.92 6.59 12.63 8.76 9.45  K=6
  verify 1: accepted 5/5 (K=6) + correction -> +6 tokens (174.8 ms)  cpos=548
  [margins] 14.35 15.21 15.46 8.95 12.75  K=6
  verify 2: accepted 5/5 (K=6) + correction -> +6 tokens (167.7 ms)  cpos=554

[spec] generated 12 tokens over 2 verifies: mean tokens/verify = 6.00 (block=5, max 6)
[spec] tokens: 294 270 37157 4 565 582 671 25455 294 270 14438 4
[spec] SPEC-DECODE: 27.9 ms/tok = 35.79 tok/s  (vs base M=1 68.8 ms/tok = 14.53 tok/s -> 2.46x)
[decode] PREFILL: 526 positions in 8341.4 ms = 63.1 tok/s (15.858 ms/tok)
[capture] wrote /home/patrickd/s5-capture/s3recap/c1/cap/shard_p263_s000526.dspc  526 tok x (3 taps + 1 lm_in) x 4096 = 16.4 MB (32.0 KB/tok)
[probe] wrote 16 draft probes (block=5) to /home/patrickd/s5-capture/s3recap/c1/cap/drafts_p263_s000526.txt
[spec] decoding 8 tokens (block=5, draft passes=1, adaptK=1.50, prompt=263 s=527)...
  [margins] 6.87 12.44 9.19 10.67 8.23  K=6
  verify 1: accepted 5/5 (K=6) + correction -> +6 tokens (180.2 ms)  cpos=532
  [margins] 17.50 5.59 7.33 11.74 6.15  K=6
  verify 2: accepted 5/5 (K=6) + correction -> +6 tokens (170.6 ms)  cpos=538

[spec] generated 12 tokens over 2 verifies: mean tokens/verify = 6.00 (block=5, max 6)
[spec] tokens: 455 3287 344 3880 433 14020 82 32 455 3287 344 3880
[spec] SPEC-DECODE: 28.4 ms/tok = 35.18 tok/s  (vs base M=1 68.8 ms/tok = 14.53 tok/s -> 2.42x)
[decode] PREFILL: 570 positions in 9056.8 ms = 62.9 tok/s (15.889 ms/tok)
[capture] wrote /home/patrickd/s5-capture/s3recap/c1/cap/shard_p264_s000570.dspc  570 tok x (3 taps + 1 lm_in) x 4096 = 17.8 MB (32.0 KB/tok)
[probe] wrote 16 draft probes (block=5) to /home/patrickd/s5-capture/s3recap/c1/cap/drafts_p264_s000570.txt
[spec] decoding 8 tokens (block=5, draft passes=1, adaptK=1.50, prompt=264 s=571)...
  [margins] 15.30 14.10 12.34 14.75 11.77  K=6
  verify 1: accepted 5/5 (K=6) + correction -> +6 tokens (173.0 ms)  cpos=576
  [margins] 15.77 12.68 13.10 13.05 13.23  K=6
  verify 2: accepted 5/5 (K=6) + correction -> +6 tokens (167.4 ms)  cpos=582

[spec] generated 12 tokens over 2 verifies: mean tokens/verify = 6.00 (block=5, max 6)
[spec] tokens: 223 1484 88 20 28 223 1484 88 20 28 223 1484
[spec] SPEC-DECODE: 27.9 ms/tok = 35.84 tok/s  (vs base M=1 68.8 ms/tok = 14.53 tok/s -> 2.47x)
[decode] PREFILL: 673 positions in 10741.1 ms = 62.7 tok/s (15.960 ms/tok)
[capture] wrote /home/patrickd/s5-capture/s3recap/c1/cap/shard_p265_s000673.dspc  673 tok x (3 taps + 1 lm_in) x 4096 = 21.0 MB (32.0 KB/tok)
[probe] wrote 16 draft probes (block=5) to /home/patrickd/s5-capture/s3recap/c1/cap/drafts_p265_s000673.txt
[spec] decoding 8 tokens (block=5, draft passes=1, adaptK=1.50, prompt=265 s=674)...
  [margins] 8.87 9.84 12.66 9.49 9.45  K=6
  verify 1: accepted 5/5 (K=6) + correction -> +6 tokens (167.1 ms)  cpos=679
  [margins] 9.69 14.44 7.21 11.16 8.21  K=6
  verify 2: accepted 5/5 (K=6) + correction -> +6 tokens (171.2 ms)  cpos=685

[spec] generated 12 tokens over 2 verifies: mean tokens/verify = 6.00 (block=5, max 6)
[spec] tokens: 16 4256 1353 9305 4181 16 4256 1353 9305 4181 16 4256
[spec] SPEC-DECODE: 28.5 ms/tok = 35.04 tok/s  (vs base M=1 68.8 ms/tok = 14.53 tok/s -> 2.41x)
[decode] PREFILL: 1148 positions in 18513.6 ms = 62.0 tok/s (16.127 ms/tok)
[capture] wrote /home/patrickd/s5-capture/s3recap/c1/cap/shard_p266_s001148.dspc  1148 tok x (3 taps + 1 lm_in) x 4096 = 35.9 MB (32.0 KB/tok)
[probe] wrote 16 draft probes (block=5) to /home/patrickd/s5-capture/s3recap/c1/cap/drafts_p266_s001148.txt
[spec] decoding 8 tokens (block=5, draft passes=1, adaptK=1.50, prompt=266 s=1149)...
  [margins] 12.67 9.69 6.03 6.58 7.61  K=6
  verify 1: accepted 2/5 (K=6) + correction -> +3 tokens (192.1 ms)  cpos=1151
  [margins] 16.33 12.34 14.08 0.72 2.15  K=4
  verify 2: accepted 3/3 (K=4) + correction -> +4 tokens (155.7 ms)  cpos=1155
  [margins] 19.01 15.35 11.36 1.93 1.74  K=6
  verify 3: accepted 4/5 (K=6) + correction -> +5 tokens (179.7 ms)  cpos=1160

[spec] generated 12 tokens over 3 verifies: mean tokens/verify = 4.00 (block=5, max 6)
[spec] tokens: 1009 28019 5242 8556 696 554 611 304 366 14163 513 270
[spec] SPEC-DECODE: 37.3 ms/tok = 26.84 tok/s  (vs base M=1 68.8 ms/tok = 14.53 tok/s -> 1.85x)
[decode] PREFILL: 675 positions in 10773.4 ms = 62.7 tok/s (15.961 ms/tok)
[capture] wrote /home/patrickd/s5-capture/s3recap/c1/cap/shard_p267_s000675.dspc  675 tok x (3 taps + 1 lm_in) x 4096 = 21.1 MB (32.0 KB/tok)
[probe] wrote 16 draft probes (block=5) to /home/patrickd/s5-capture/s3recap/c1/cap/drafts_p267_s000675.txt
[spec] decoding 8 tokens (block=5, draft passes=1, adaptK=1.50, prompt=267 s=676)...
  [margins] 11.41 12.46 12.22 11.30 13.48  K=6
  verify 1: accepted 5/5 (K=6) + correction -> +6 tokens (180.1 ms)  cpos=681
  [margins] 16.03 9.68 3.91 7.37 9.11  K=6
  verify 2: accepted 5/5 (K=6) + correction -> +6 tokens (170.3 ms)  cpos=687

[spec] generated 12 tokens over 2 verifies: mean tokens/verify = 6.00 (block=5, max 6)
[spec] tokens: 31962 16 455 1951 1142 366 3510 295 270 2775 8773 469
[spec] SPEC-DECODE: 28.4 ms/tok = 35.22 tok/s  (vs base M=1 68.8 ms/tok = 14.53 tok/s -> 2.42x)
[decode] PREFILL: 609 positions in 9705.4 ms = 62.7 tok/s (15.937 ms/tok)
[capture] wrote /home/patrickd/s5-capture/s3recap/c1/cap/shard_p268_s000609.dspc  609 tok x (3 taps + 1 lm_in) x 4096 = 19.0 MB (32.0 KB/tok)
[probe] wrote 16 draft probes (block=5) to /home/patrickd/s5-capture/s3recap/c1/cap/drafts_p268_s000609.txt
[spec] decoding 8 tokens (block=5, draft passes=1, adaptK=1.50, prompt=268 s=610)...
  [margins] 21.40 18.00 19.52 15.65 16.69  K=6
  verify 1: accepted 5/5 (K=6) + correction -> +6 tokens (170.2 ms)  cpos=615
  [margins] 14.78 4.36 2.21 10.65 5.27  K=6
  verify 2: accepted 5/5 (K=6) + correction -> +6 tokens (170.8 ms)  cpos=621

[spec] generated 12 tokens over 2 verifies: mean tokens/verify = 6.00 (block=5, max 6)
[spec] tokens: 16 5361 14 223 20 16 1810 2542 82 1461 284 271
[spec] SPEC-DECODE: 28.5 ms/tok = 35.12 tok/s  (vs base M=1 68.8 ms/tok = 14.53 tok/s -> 2.42x)
[decode] PREFILL: 528 positions in 8370.6 ms = 63.1 tok/s (15.853 ms/tok)
[capture] wrote /home/patrickd/s5-capture/s3recap/c1/cap/shard_p269_s000528.dspc  528 tok x (3 taps + 1 lm_in) x 4096 = 16.5 MB (32.0 KB/tok)
[probe] wrote 16 draft probes (block=5) to /home/patrickd/s5-capture/s3recap/c1/cap/drafts_p269_s000528.txt
[spec] decoding 8 tokens (block=5, draft passes=1, adaptK=1.50, prompt=269 s=529)...
  [margins] 13.69 14.79 15.30 14.70 12.69  K=6
  verify 1: accepted 5/5 (K=6) + correction -> +6 tokens (169.0 ms)  cpos=534
  [margins] 11.42 12.14 9.47 12.51 7.00  K=6
  verify 2: accepted 5/5 (K=6) + correction -> +6 tokens (173.4 ms)  cpos=540

[spec] generated 12 tokens over 2 verifies: mean tokens/verify = 6.00 (block=5, max 6)
[spec] tokens: 907 54 779 28 2240 28 736 60 939 22 15 3130
[spec] SPEC-DECODE: 28.9 ms/tok = 34.61 tok/s  (vs base M=1 68.8 ms/tok = 14.53 tok/s -> 2.38x)
[decode] PREFILL: 547 positions in 8683.3 ms = 63.0 tok/s (15.874 ms/tok)
[capture] wrote /home/patrickd/s5-capture/s3recap/c1/cap/shard_p270_s000547.dspc  547 tok x (3 taps + 1 lm_in) x 4096 = 17.1 MB (32.0 KB/tok)
[probe] wrote 16 draft probes (block=5) to /home/patrickd/s5-capture/s3recap/c1/cap/drafts_p270_s000547.txt
[spec] decoding 8 tokens (block=5, draft passes=1, adaptK=1.50, prompt=270 s=548)...
  [margins] 11.20 18.25 5.14 9.66 10.23  K=6
  verify 1: accepted 5/5 (K=6) + correction -> +6 tokens (175.1 ms)  cpos=553
  [margins] 11.63 9.49 10.82 6.15 12.27  K=6
  verify 2: accepted 5/5 (K=6) + correction -> +6 tokens (164.2 ms)  cpos=559

[spec] generated 12 tokens over 2 verifies: mean tokens/verify = 6.00 (block=5, max 6)
[spec] tokens: 270 113625 16 455 2019 1531 554 1347 1117 7379 4767 2595
[spec] SPEC-DECODE: 27.4 ms/tok = 36.53 tok/s  (vs base M=1 68.8 ms/tok = 14.53 tok/s -> 2.51x)
[decode] PREFILL: 529 positions in 8406.1 ms = 62.9 tok/s (15.890 ms/tok)
[capture] wrote /home/patrickd/s5-capture/s3recap/c1/cap/shard_p271_s000529.dspc  529 tok x (3 taps + 1 lm_in) x 4096 = 16.5 MB (32.0 KB/tok)
[probe] wrote 16 draft probes (block=5) to /home/patrickd/s5-capture/s3recap/c1/cap/drafts_p271_s000529.txt
[spec] decoding 8 tokens (block=5, draft passes=1, adaptK=1.50, prompt=271 s=530)...
  [margins] 12.11 19.78 14.81 3.17 9.64  K=6
  verify 1: accepted 5/5 (K=6) + correction -> +6 tokens (170.0 ms)  cpos=535
  [margins] 17.01 16.74 15.60 13.82 10.07  K=6
  verify 2: accepted 5/5 (K=6) + correction -> +6 tokens (174.9 ms)  cpos=541

[spec] generated 12 tokens over 2 verifies: mean tokens/verify = 6.00 (block=5, max 6)
[spec] tokens: 1664 5479 436 3 983 734 554 1205 440 2118 16 2454
[spec] SPEC-DECODE: 29.2 ms/tok = 34.30 tok/s  (vs base M=1 68.8 ms/tok = 14.53 tok/s -> 2.36x)
[decode] PREFILL: 550 positions in 8736.5 ms = 63.0 tok/s (15.885 ms/tok)
[capture] wrote /home/patrickd/s5-capture/s3recap/c1/cap/shard_p272_s000550.dspc  550 tok x (3 taps + 1 lm_in) x 4096 = 17.2 MB (32.0 KB/tok)
[probe] wrote 16 draft probes (block=5) to /home/patrickd/s5-capture/s3recap/c1/cap/drafts_p272_s000550.txt
[spec] decoding 8 tokens (block=5, draft passes=1, adaptK=1.50, prompt=272 s=551)...
  [margins] 0.52 5.64 3.53 3.64 0.17  K=5
  verify 1: accepted 0/4 (K=5) + correction -> +1 tokens (146.0 ms)  cpos=551
  [margins] 0.32 2.07 0.29 6.68 2.23  K=3
  verify 2: accepted 2/2 (K=3) + correction -> +3 tokens (116.2 ms)  cpos=554
  [margins] 1.02 9.18 2.03 0.01 0.14  K=4
  verify 3: accepted 0/3 (K=4) + correction -> +1 tokens (131.8 ms)  cpos=555
  [margins] 17.57 1.60 0.93 2.56 7.79  K=3
  verify 4: accepted 2/2 (K=3) + correction -> +3 tokens (119.5 ms)  cpos=558

[spec] generated 8 tokens over 4 verifies: mean tokens/verify = 2.00 (block=5, max 6)
[spec] tokens: 4189 436 1910 3132 513 3132 28 223
[spec] SPEC-DECODE: 52.5 ms/tok = 19.05 tok/s  (vs base M=1 68.8 ms/tok = 14.53 tok/s -> 1.31x)
[decode] PREFILL: 639 positions in 10157.3 ms = 62.9 tok/s (15.896 ms/tok)
[capture] wrote /home/patrickd/s5-capture/s3recap/c1/cap/shard_p273_s000639.dspc  639 tok x (3 taps + 1 lm_in) x 4096 = 20.0 MB (32.0 KB/tok)
[probe] wrote 16 draft probes (block=5) to /home/patrickd/s5-capture/s3recap/c1/cap/drafts_p273_s000639.txt
[spec] decoding 8 tokens (block=5, draft passes=1, adaptK=1.50, prompt=273 s=640)...
  [margins] 15.86 16.50 14.56 9.66 10.67  K=6
  verify 1: accepted 5/5 (K=6) + correction -> +6 tokens (189.4 ms)  cpos=645
  [margins] 4.08 1.53 0.25 0.28 0.10  K=3
  verify 2: accepted 2/2 (K=3) + correction -> +3 tokens (122.4 ms)  cpos=648

[spec] generated 9 tokens over 2 verifies: mean tokens/verify = 4.50 (block=5, max 6)
[spec] tokens: 3362 582 1879 19 1760 4588 3831 339 43
[spec] SPEC-DECODE: 40.8 ms/tok = 24.50 tok/s  (vs base M=1 68.8 ms/tok = 14.53 tok/s -> 1.69x)
[decode] PREFILL: 615 positions in 9795.4 ms = 62.8 tok/s (15.928 ms/tok)
[capture] wrote /home/patrickd/s5-capture/s3recap/c1/cap/shard_p274_s000615.dspc  615 tok x (3 taps + 1 lm_in) x 4096 = 19.2 MB (32.0 KB/tok)
[probe] wrote 16 draft probes (block=5) to /home/patrickd/s5-capture/s3recap/c1/cap/drafts_p274_s000615.txt
[spec] decoding 8 tokens (block=5, draft passes=1, adaptK=1.50, prompt=274 s=616)...
  [margins] 12.96 14.44 12.84 14.42 12.61  K=6
  verify 1: accepted 5/5 (K=6) + correction -> +6 tokens (172.3 ms)  cpos=621
  [margins] 12.39 12.21 15.33 15.59 12.93  K=6
  verify 2: accepted 5/5 (K=6) + correction -> +6 tokens (165.4 ms)  cpos=627

[spec] generated 12 tokens over 2 verifies: mean tokens/verify = 6.00 (block=5, max 6)
[spec] tokens: 16 16448 56 1911 481 16 16448 56 1911 481 16 16448
[spec] SPEC-DECODE: 27.6 ms/tok = 36.27 tok/s  (vs base M=1 68.8 ms/tok = 14.53 tok/s -> 2.50x)
[decode] PREFILL: 536 positions in 8488.0 ms = 63.1 tok/s (15.836 ms/tok)
[capture] wrote /home/patrickd/s5-capture/s3recap/c1/cap/shard_p275_s000536.dspc  536 tok x (3 taps + 1 lm_in) x 4096 = 16.8 MB (32.0 KB/tok)
[probe] wrote 16 draft probes (block=5) to /home/patrickd/s5-capture/s3recap/c1/cap/drafts_p275_s000536.txt
[spec] decoding 8 tokens (block=5, draft passes=1, adaptK=1.50, prompt=275 s=537)...
  [margins] 11.03 8.73 10.54 6.28 6.64  K=6
  verify 1: accepted 3/5 (K=6) + correction -> +4 tokens (160.0 ms)  cpos=540
  [margins] 11.59 11.11 12.82 5.01 6.16  K=6
  verify 2: accepted 3/5 (K=6) + correction -> +4 tokens (160.4 ms)  cpos=544

[spec] generated 8 tokens over 2 verifies: mean tokens/verify = 4.00 (block=5, max 6)
[spec] tokens: 3749 11 3749 11 3749 11 3749 11
[spec] SPEC-DECODE: 40.1 ms/tok = 24.93 tok/s  (vs base M=1 68.8 ms/tok = 14.53 tok/s -> 1.72x)
[decode] PREFILL: 534 positions in 8471.4 ms = 63.0 tok/s (15.864 ms/tok)
[capture] wrote /home/patrickd/s5-capture/s3recap/c1/cap/shard_p276_s000534.dspc  534 tok x (3 taps + 1 lm_in) x 4096 = 16.7 MB (32.0 KB/tok)
[probe] wrote 16 draft probes (block=5) to /home/patrickd/s5-capture/s3recap/c1/cap/drafts_p276_s000534.txt
[spec] decoding 8 tokens (block=5, draft passes=1, adaptK=1.50, prompt=276 s=535)...
  [margins] 15.51 12.60 17.01 15.24 11.06  K=6
  verify 1: accepted 5/5 (K=6) + correction -> +6 tokens (167.4 ms)  cpos=540
  [margins] 15.29 12.88 17.78 14.61 10.30  K=6
  verify 2: accepted 5/5 (K=6) + correction -> +6 tokens (160.5 ms)  cpos=546

[spec] generated 12 tokens over 2 verifies: mean tokens/verify = 6.00 (block=5, max 6)
[spec] tokens: 201 68 10417 201 68 10417 201 68 10417 201 68 10417
[spec] SPEC-DECODE: 26.7 ms/tok = 37.39 tok/s  (vs base M=1 68.8 ms/tok = 14.53 tok/s -> 2.57x)
[decode] PREFILL: 538 positions in 8538.6 ms = 63.0 tok/s (15.871 ms/tok)
[capture] wrote /home/patrickd/s5-capture/s3recap/c1/cap/shard_p277_s000538.dspc  538 tok x (3 taps + 1 lm_in) x 4096 = 16.8 MB (32.0 KB/tok)
[probe] wrote 16 draft probes (block=5) to /home/patrickd/s5-capture/s3recap/c1/cap/drafts_p277_s000538.txt
[spec] decoding 8 tokens (block=5, draft passes=1, adaptK=1.50, prompt=277 s=539)...
  [margins] 4.73 0.06 1.74 1.42 0.35  K=2
  verify 1: accepted 1/1 (K=2) + correction -> +2 tokens (112.4 ms)  cpos=540
  [margins] 0.26 0.16 0.71 0.52 0.15  K=2
  verify 2: accepted 0/1 (K=2) + correction -> +1 tokens (105.0 ms)  cpos=541
  [margins] 11.52 2.86 9.84 1.14 0.20  K=4
  verify 3: accepted 3/3 (K=4) + correction -> +4 tokens (134.0 ms)  cpos=545
  [margins] 5.82 1.31 1.37 0.72 0.64  K=2
  verify 4: accepted 0/1 (K=2) + correction -> +1 tokens (104.9 ms)  cpos=546

[spec] generated 8 tokens over 4 verifies: mean tokens/verify = 2.00 (block=5, max 6)
[spec] tokens: 16 582 2337 344 25306 7847 3184 1225
[spec] SPEC-DECODE: 57.3 ms/tok = 17.45 tok/s  (vs base M=1 68.8 ms/tok = 14.53 tok/s -> 1.20x)
[decode] PREFILL: 525 positions in 8338.2 ms = 63.0 tok/s (15.882 ms/tok)
[capture] wrote /home/patrickd/s5-capture/s3recap/c1/cap/shard_p278_s000525.dspc  525 tok x (3 taps + 1 lm_in) x 4096 = 16.4 MB (32.0 KB/tok)
[probe] wrote 16 draft probes (block=5) to /home/patrickd/s5-capture/s3recap/c1/cap/drafts_p278_s000525.txt
[spec] decoding 8 tokens (block=5, draft passes=1, adaptK=1.50, prompt=278 s=526)...
  [margins] 14.61 16.00 14.69 11.99 6.02  K=6
  verify 1: accepted 5/5 (K=6) + correction -> +6 tokens (172.8 ms)  cpos=531
  [margins] 12.77 15.08 3.69 4.35 14.35  K=6
  verify 2: accepted 5/5 (K=6) + correction -> +6 tokens (176.9 ms)  cpos=537

[spec] generated 12 tokens over 2 verifies: mean tokens/verify = 6.00 (block=5, max 6)
[spec] tokens: 5261 270 82069 22582 13132 305 21289 14768 1204 13409 14 15666
[spec] SPEC-DECODE: 29.5 ms/tok = 33.92 tok/s  (vs base M=1 68.8 ms/tok = 14.53 tok/s -> 2.33x)
[decode] PREFILL: 671 positions in 10678.7 ms = 62.8 tok/s (15.915 ms/tok)
[capture] wrote /home/patrickd/s5-capture/s3recap/c1/cap/shard_p279_s000671.dspc  671 tok x (3 taps + 1 lm_in) x 4096 = 21.0 MB (32.0 KB/tok)
[probe] wrote 16 draft probes (block=5) to /home/patrickd/s5-capture/s3recap/c1/cap/drafts_p279_s000671.txt
[spec] decoding 8 tokens (block=5, draft passes=1, adaptK=1.50, prompt=279 s=672)...
  [margins] 7.19 5.12 6.76 1.02 0.42  K=4
  verify 1: accepted 3/3 (K=4) + correction -> +4 tokens (140.3 ms)  cpos=675
  [margins] 6.27 0.12 0.61 2.53 1.55  K=2
  verify 2: accepted 1/1 (K=2) + correction -> +2 tokens (107.3 ms)  cpos=677
  [margins] 0.89 8.77 4.58 0.62 3.72  K=4
  verify 3: accepted 3/3 (K=4) + correction -> +4 tokens (134.1 ms)  cpos=681

[spec] generated 10 tokens over 3 verifies: mean tokens/verify = 3.33 (block=5, max 6)
[spec] tokens: 14 469 270 7941 1469 4323 45899 305 1528 15006
[spec] SPEC-DECODE: 40.2 ms/tok = 24.85 tok/s  (vs base M=1 68.8 ms/tok = 14.53 tok/s -> 1.71x)
[decode] PREFILL: 536 positions in 8501.8 ms = 63.0 tok/s (15.862 ms/tok)
[capture] wrote /home/patrickd/s5-capture/s3recap/c1/cap/shard_p280_s000536.dspc  536 tok x (3 taps + 1 lm_in) x 4096 = 16.8 MB (32.0 KB/tok)
[probe] wrote 16 draft probes (block=5) to /home/patrickd/s5-capture/s3recap/c1/cap/drafts_p280_s000536.txt
[spec] decoding 8 tokens (block=5, draft passes=1, adaptK=1.50, prompt=280 s=537)...
  [margins] 14.72 13.41 13.54 8.00 11.56  K=6
  verify 1: accepted 5/5 (K=6) + correction -> +6 tokens (166.2 ms)  cpos=542
  [margins] 17.63 15.92 16.13 12.03 8.95  K=6
  verify 2: accepted 5/5 (K=6) + correction -> +6 tokens (174.5 ms)  cpos=548

[spec] generated 12 tokens over 2 verifies: mean tokens/verify = 6.00 (block=5, max 6)
[spec] tokens: 1527 2542 3749 11314 28 1351 5803 7755 2133 90176 2605 1354
[spec] SPEC-DECODE: 29.1 ms/tok = 34.39 tok/s  (vs base M=1 68.8 ms/tok = 14.53 tok/s -> 2.37x)
[decode] PREFILL: 532 positions in 8454.5 ms = 62.9 tok/s (15.892 ms/tok)
[capture] wrote /home/patrickd/s5-capture/s3recap/c1/cap/shard_p281_s000532.dspc  532 tok x (3 taps + 1 lm_in) x 4096 = 16.6 MB (32.0 KB/tok)
[probe] wrote 16 draft probes (block=5) to /home/patrickd/s5-capture/s3recap/c1/cap/drafts_p281_s000532.txt
[spec] decoding 8 tokens (block=5, draft passes=1, adaptK=1.50, prompt=281 s=533)...
  [margins] 18.49 13.33 11.07 11.64 8.03  K=6
  verify 1: accepted 5/5 (K=6) + correction -> +6 tokens (169.0 ms)  cpos=538
  [margins] 14.61 9.45 9.79 5.01 8.32  K=6
  verify 2: accepted 5/5 (K=6) + correction -> +6 tokens (173.3 ms)  cpos=544

[spec] generated 12 tokens over 2 verifies: mean tokens/verify = 6.00 (block=5, max 6)
[spec] tokens: 9495 72864 418 16893 294 3066 82279 16 455 2019 1531 9495
[spec] SPEC-DECODE: 28.9 ms/tok = 34.63 tok/s  (vs base M=1 68.8 ms/tok = 14.53 tok/s -> 2.38x)
[decode] PREFILL: 553 positions in 8772.0 ms = 63.0 tok/s (15.862 ms/tok)
[capture] wrote /home/patrickd/s5-capture/s3recap/c1/cap/shard_p282_s000553.dspc  553 tok x (3 taps + 1 lm_in) x 4096 = 17.3 MB (32.0 KB/tok)
[probe] wrote 16 draft probes (block=5) to /home/patrickd/s5-capture/s3recap/c1/cap/drafts_p282_s000553.txt
[spec] decoding 8 tokens (block=5, draft passes=1, adaptK=1.50, prompt=282 s=554)...
  [margins] 10.08 11.52 9.14 10.06 7.43  K=6
  verify 1: accepted 5/5 (K=6) + correction -> +6 tokens (162.3 ms)  cpos=559
  [margins] 9.34 11.75 8.63 10.16 6.08  K=6
  verify 2: accepted 5/5 (K=6) + correction -> +6 tokens (164.3 ms)  cpos=565

[spec] generated 12 tokens over 2 verifies: mean tokens/verify = 6.00 (block=5, max 6)
[spec] tokens: 16 455 16 455 16 455 16 455 16 455 16 455
[spec] SPEC-DECODE: 27.4 ms/tok = 36.52 tok/s  (vs base M=1 68.8 ms/tok = 14.53 tok/s -> 2.51x)
[decode] PREFILL: 673 positions in 10748.5 ms = 62.6 tok/s (15.971 ms/tok)
[capture] wrote /home/patrickd/s5-capture/s3recap/c1/cap/shard_p283_s000673.dspc  673 tok x (3 taps + 1 lm_in) x 4096 = 21.0 MB (32.0 KB/tok)
[probe] wrote 16 draft probes (block=5) to /home/patrickd/s5-capture/s3recap/c1/cap/drafts_p283_s000673.txt
[spec] decoding 8 tokens (block=5, draft passes=1, adaptK=1.50, prompt=283 s=674)...
  [margins] 0.57 7.87 6.10 2.26 0.71  K=5
  verify 1: accepted 4/4 (K=5) + correction -> +5 tokens (154.1 ms)  cpos=678
  [margins] 4.74 4.45 5.96 0.49 2.16  K=4
  verify 2: accepted 3/3 (K=4) + correction -> +4 tokens (137.9 ms)  cpos=682

[spec] generated 9 tokens over 2 verifies: mean tokens/verify = 4.50 (block=5, max 6)
[spec] tokens: 304 366 29610 295 1952 270 7364 305 10322
[spec] SPEC-DECODE: 34.5 ms/tok = 29.01 tok/s  (vs base M=1 68.8 ms/tok = 14.53 tok/s -> 2.00x)
[decode] PREFILL: 1324 positions in 21467.4 ms = 61.7 tok/s (16.214 ms/tok)
[capture] wrote /home/patrickd/s5-capture/s3recap/c1/cap/shard_p284_s001324.dspc  1324 tok x (3 taps + 1 lm_in) x 4096 = 41.4 MB (32.0 KB/tok)
[probe] wrote 16 draft probes (block=5) to /home/patrickd/s5-capture/s3recap/c1/cap/drafts_p284_s001324.txt
[spec] decoding 8 tokens (block=5, draft passes=1, adaptK=1.50, prompt=284 s=1325)...
  [margins] 17.57 9.78 0.39 5.90 0.47  K=3
  verify 1: accepted 2/2 (K=3) + correction -> +3 tokens (130.7 ms)  cpos=1327
  [margins] 15.93 2.45 1.67 0.04 2.87  K=4
  verify 2: accepted 2/3 (K=4) + correction -> +3 tokens (148.7 ms)  cpos=1330
  [margins] 13.77 0.11 10.55 10.27 0.32  K=2
  verify 3: accepted 1/1 (K=2) + correction -> +2 tokens (116.2 ms)  cpos=1332

[spec] generated 8 tokens over 3 verifies: mean tokens/verify = 2.67 (block=5, max 6)
[spec] tokens: 1082 440 3777 3327 270 24514 469 270
[spec] SPEC-DECODE: 53.0 ms/tok = 18.87 tok/s  (vs base M=1 68.8 ms/tok = 14.53 tok/s -> 1.30x)
[decode] PREFILL: 642 positions in 10240.6 ms = 62.7 tok/s (15.951 ms/tok)
[capture] wrote /home/patrickd/s5-capture/s3recap/c1/cap/shard_p285_s000642.dspc  642 tok x (3 taps + 1 lm_in) x 4096 = 20.1 MB (32.0 KB/tok)
[probe] wrote 16 draft probes (block=5) to /home/patrickd/s5-capture/s3recap/c1/cap/drafts_p285_s000642.txt
[spec] decoding 8 tokens (block=5, draft passes=1, adaptK=1.50, prompt=285 s=643)...
  [margins] 17.63 18.52 17.17 14.26 15.23  K=6
  verify 1: accepted 5/5 (K=6) + correction -> +6 tokens (178.2 ms)  cpos=648
  [margins] 18.25 17.18 15.52 18.12 13.46  K=6
  verify 2: accepted 5/5 (K=6) + correction -> +6 tokens (168.2 ms)  cpos=654

[spec] generated 12 tokens over 2 verifies: mean tokens/verify = 6.00 (block=5, max 6)
[spec] tokens: 223 21 86 64 20 940 223 20 86 940 223 19
[spec] SPEC-DECODE: 28.0 ms/tok = 35.66 tok/s  (vs base M=1 68.8 ms/tok = 14.53 tok/s -> 2.45x)
[decode] PREFILL: 548 positions in 8706.1 ms = 62.9 tok/s (15.887 ms/tok)
[capture] wrote /home/patrickd/s5-capture/s3recap/c1/cap/shard_p286_s000548.dspc  548 tok x (3 taps + 1 lm_in) x 4096 = 17.1 MB (32.0 KB/tok)
[probe] wrote 16 draft probes (block=5) to /home/patrickd/s5-capture/s3recap/c1/cap/drafts_p286_s000548.txt
[spec] decoding 8 tokens (block=5, draft passes=1, adaptK=1.50, prompt=286 s=549)...
  [margins] 8.02 11.96 14.41 8.78 11.61  K=6
  verify 1: accepted 5/5 (K=6) + correction -> +6 tokens (160.3 ms)  cpos=554
  [margins] 8.36 12.30 14.92 9.04 11.68  K=6
  verify 2: accepted 5/5 (K=6) + correction -> +6 tokens (164.1 ms)  cpos=560

[spec] generated 12 tokens over 2 verifies: mean tokens/verify = 6.00 (block=5, max 6)
[spec] tokens: 16 16374 88 16 16374 88 16 16374 88 16 16374 88
[spec] SPEC-DECODE: 27.3 ms/tok = 36.57 tok/s  (vs base M=1 68.8 ms/tok = 14.53 tok/s -> 2.52x)
[decode] PREFILL: 642 positions in 10238.2 ms = 62.7 tok/s (15.947 ms/tok)
[capture] wrote /home/patrickd/s5-capture/s3recap/c1/cap/shard_p287_s000642.dspc  642 tok x (3 taps + 1 lm_in) x 4096 = 20.1 MB (32.0 KB/tok)
[probe] wrote 16 draft probes (block=5) to /home/patrickd/s5-capture/s3recap/c1/cap/drafts_p287_s000642.txt
[spec] decoding 8 tokens (block=5, draft passes=1, adaptK=1.50, prompt=287 s=643)...
  [margins] 13.64 13.96 7.10 6.27 8.86  K=6
  verify 1: accepted 5/5 (K=6) + correction -> +6 tokens (176.4 ms)  cpos=648
  [margins] 14.00 13.24 14.38 12.54 9.57  K=6
  verify 2: accepted 5/5 (K=6) + correction -> +6 tokens (168.2 ms)  cpos=654

[spec] generated 12 tokens over 2 verifies: mean tokens/verify = 6.00 (block=5, max 6)
[spec] tokens: 12020 295 12014 270 8368 1347 294 4807 295 270 5931 5056
[spec] SPEC-DECODE: 28.0 ms/tok = 35.68 tok/s  (vs base M=1 68.8 ms/tok = 14.53 tok/s -> 2.45x)
[decode] PREFILL: 528 positions in 8378.1 ms = 63.0 tok/s (15.868 ms/tok)
[capture] wrote /home/patrickd/s5-capture/s3recap/c1/cap/shard_p288_s000528.dspc  528 tok x (3 taps + 1 lm_in) x 4096 = 16.5 MB (32.0 KB/tok)
[probe] wrote 16 draft probes (block=5) to /home/patrickd/s5-capture/s3recap/c1/cap/drafts_p288_s000528.txt
[spec] decoding 8 tokens (block=5, draft passes=1, adaptK=1.50, prompt=288 s=529)...
  [margins] 2.44 4.44 2.05 3.20 3.12  K=6
  verify 1: accepted 0/5 (K=6) + correction -> +1 tokens (167.4 ms)  cpos=529
  [margins] 11.21 3.04 3.38 2.92 2.95  K=6
  verify 2: accepted 5/5 (K=6) + correction -> +6 tokens (168.6 ms)  cpos=535
  [margins] 2.36 0.35 3.30 0.08 0.81  K=2
  verify 3: accepted 0/1 (K=2) + correction -> +1 tokens (110.2 ms)  cpos=536

[spec] generated 8 tokens over 3 verifies: mean tokens/verify = 2.67 (block=5, max 6)
[spec] tokens: 7918 995 10662 436 16 1 1 1
[spec] SPEC-DECODE: 39.8 ms/tok = 25.11 tok/s  (vs base M=1 68.8 ms/tok = 14.53 tok/s -> 1.73x)
[decode] PREFILL: 537 positions in 8522.3 ms = 63.0 tok/s (15.870 ms/tok)
[capture] wrote /home/patrickd/s5-capture/s3recap/c1/cap/shard_p289_s000537.dspc  537 tok x (3 taps + 1 lm_in) x 4096 = 16.8 MB (32.0 KB/tok)
[probe] wrote 16 draft probes (block=5) to /home/patrickd/s5-capture/s3recap/c1/cap/drafts_p289_s000537.txt
[spec] decoding 8 tokens (block=5, draft passes=1, adaptK=1.50, prompt=289 s=538)...
  [margins] 11.85 13.04 11.41 7.09 2.39  K=6
  verify 1: accepted 5/5 (K=6) + correction -> +6 tokens (171.3 ms)  cpos=543
  [margins] 18.33 12.17 12.26 10.94 10.24  K=6
  verify 2: accepted 5/5 (K=6) + correction -> +6 tokens (172.3 ms)  cpos=549

[spec] generated 12 tokens over 2 verifies: mean tokens/verify = 6.00 (block=5, max 6)
[spec] tokens: 270 19541 344 260 13929 33311 319 16 455 2019 1531 9495
[spec] SPEC-DECODE: 28.7 ms/tok = 34.83 tok/s  (vs base M=1 68.8 ms/tok = 14.53 tok/s -> 2.40x)
[decode] PREFILL: 672 positions in 10701.4 ms = 62.8 tok/s (15.925 ms/tok)
[capture] wrote /home/patrickd/s5-capture/s3recap/c1/cap/shard_p290_s000672.dspc  672 tok x (3 taps + 1 lm_in) x 4096 = 21.0 MB (32.0 KB/tok)
[probe] wrote 16 draft probes (block=5) to /home/patrickd/s5-capture/s3recap/c1/cap/drafts_p290_s000672.txt
[spec] decoding 8 tokens (block=5, draft passes=1, adaptK=1.50, prompt=290 s=673)...
  [margins] 17.52 14.31 16.30 13.90 7.78  K=6
  verify 1: accepted 5/5 (K=6) + correction -> +6 tokens (171.0 ms)  cpos=678
  [margins] 8.84 13.47 16.21 7.42 10.38  K=6
  verify 2: accepted 5/5 (K=6) + correction -> +6 tokens (175.7 ms)  cpos=684

[spec] generated 12 tokens over 2 verifies: mean tokens/verify = 6.00 (block=5, max 6)
[spec] tokens: 223 779 14 223 643 26 305 554 295 270 3783 538
[spec] SPEC-DECODE: 29.3 ms/tok = 34.16 tok/s  (vs base M=1 68.8 ms/tok = 14.53 tok/s -> 2.35x)
[decode] PREFILL: 526 positions in 8334.7 ms = 63.1 tok/s (15.845 ms/tok)
[capture] wrote /home/patrickd/s5-capture/s3recap/c1/cap/shard_p291_s000526.dspc  526 tok x (3 taps + 1 lm_in) x 4096 = 16.4 MB (32.0 KB/tok)
[probe] wrote 16 draft probes (block=5) to /home/patrickd/s5-capture/s3recap/c1/cap/drafts_p291_s000526.txt
[spec] decoding 8 tokens (block=5, draft passes=1, adaptK=1.50, prompt=291 s=527)...
  [margins] 11.69 17.01 18.69 9.86 4.63  K=6
  verify 1: accepted 5/5 (K=6) + correction -> +6 tokens (175.2 ms)  cpos=532
  [margins] 16.08 17.37 10.97 9.76 14.28  K=6
  verify 2: accepted 5/5 (K=6) + correction -> +6 tokens (168.0 ms)  cpos=538

[spec] generated 12 tokens over 2 verifies: mean tokens/verify = 6.00 (block=5, max 6)
[spec] tokens: 39224 513 5045 16 455 13607 344 6470 16 1999 588 342
[spec] SPEC-DECODE: 28.0 ms/tok = 35.70 tok/s  (vs base M=1 68.8 ms/tok = 14.53 tok/s -> 2.46x)
[decode] PREFILL: 538 positions in 8537.3 ms = 63.0 tok/s (15.869 ms/tok)
[capture] wrote /home/patrickd/s5-capture/s3recap/c1/cap/shard_p292_s000538.dspc  538 tok x (3 taps + 1 lm_in) x 4096 = 16.8 MB (32.0 KB/tok)
[probe] wrote 16 draft probes (block=5) to /home/patrickd/s5-capture/s3recap/c1/cap/drafts_p292_s000538.txt
[spec] decoding 8 tokens (block=5, draft passes=1, adaptK=1.50, prompt=292 s=539)...
  [margins] 7.13 3.50 2.45 1.04 1.37  K=4
  verify 1: accepted 3/3 (K=4) + correction -> +4 tokens (133.8 ms)  cpos=542
  [margins] 8.44 7.71 5.56 1.63 0.46  K=5
  verify 2: accepted 4/4 (K=5) + correction -> +5 tokens (143.3 ms)  cpos=547

[spec] generated 9 tokens over 2 verifies: mean tokens/verify = 4.50 (block=5, max 6)
[spec] tokens: 271 24508 2923 42410 271 40165 5540 271 10726
[spec] SPEC-DECODE: 28.7 ms/tok = 34.88 tok/s  (vs base M=1 68.8 ms/tok = 14.53 tok/s -> 2.40x)
[decode] PREFILL: 527 positions in 8351.9 ms = 63.1 tok/s (15.848 ms/tok)
[capture] wrote /home/patrickd/s5-capture/s3recap/c1/cap/shard_p293_s000527.dspc  527 tok x (3 taps + 1 lm_in) x 4096 = 16.5 MB (32.0 KB/tok)
[probe] wrote 16 draft probes (block=5) to /home/patrickd/s5-capture/s3recap/c1/cap/drafts_p293_s000527.txt
[spec] decoding 8 tokens (block=5, draft passes=1, adaptK=1.50, prompt=293 s=528)...
  [margins] 20.82 14.02 11.69 15.55 1.63  K=6
  verify 1: accepted 5/5 (K=6) + correction -> +6 tokens (176.9 ms)  cpos=533
  [margins] 5.28 6.11 7.38 9.73 7.28  K=6
  verify 2: accepted 5/5 (K=6) + correction -> +6 tokens (166.7 ms)  cpos=539

[spec] generated 12 tokens over 2 verifies: mean tokens/verify = 6.00 (block=5, max 6)
[spec] tokens: 710 1014 33 565 5146 33809 565 223 3019 15 736 15
[spec] SPEC-DECODE: 27.8 ms/tok = 35.99 tok/s  (vs base M=1 68.8 ms/tok = 14.53 tok/s -> 2.48x)
[decode] PREFILL: 526 positions in 8332.6 ms = 63.1 tok/s (15.841 ms/tok)
[capture] wrote /home/patrickd/s5-capture/s3recap/c1/cap/shard_p294_s000526.dspc  526 tok x (3 taps + 1 lm_in) x 4096 = 16.4 MB (32.0 KB/tok)
[probe] wrote 16 draft probes (block=5) to /home/patrickd/s5-capture/s3recap/c1/cap/drafts_p294_s000526.txt
[spec] decoding 8 tokens (block=5, draft passes=1, adaptK=1.50, prompt=294 s=527)...
  [margins] 15.06 17.43 13.05 14.70 0.63  K=5
  verify 1: accepted 4/4 (K=5) + correction -> +5 tokens (153.4 ms)  cpos=531
  [margins] 14.85 11.17 4.38 8.46 1.42  K=5
  verify 2: accepted 4/4 (K=5) + correction -> +5 tokens (155.7 ms)  cpos=536

[spec] generated 10 tokens over 2 verifies: mean tokens/verify = 5.00 (block=5, max 6)
[spec] tokens: 25106 76665 95328 2193 78941 17 7335 5395 2272 1822
[spec] SPEC-DECODE: 31.1 ms/tok = 32.11 tok/s  (vs base M=1 68.8 ms/tok = 14.53 tok/s -> 2.21x)
[decode] PREFILL: 529 positions in 8400.0 ms = 63.0 tok/s (15.879 ms/tok)
[capture] wrote /home/patrickd/s5-capture/s3recap/c1/cap/shard_p295_s000529.dspc  529 tok x (3 taps + 1 lm_in) x 4096 = 16.5 MB (32.0 KB/tok)
[probe] wrote 16 draft probes (block=5) to /home/patrickd/s5-capture/s3recap/c1/cap/drafts_p295_s000529.txt
[spec] decoding 8 tokens (block=5, draft passes=1, adaptK=1.50, prompt=295 s=530)...
  [margins] 6.86 9.20 8.22 5.77 14.82  K=6
  verify 1: accepted 5/5 (K=6) + correction -> +6 tokens (164.8 ms)  cpos=535
  [margins] 7.31 10.80 10.81 11.19 12.87  K=6
  verify 2: accepted 5/5 (K=6) + correction -> +6 tokens (169.0 ms)  cpos=541

[spec] generated 12 tokens over 2 verifies: mean tokens/verify = 6.00 (block=5, max 6)
[spec] tokens: 270 5148 294 5146 6129 14 1205 344 270 2019 294 260
[spec] SPEC-DECODE: 28.2 ms/tok = 35.51 tok/s  (vs base M=1 68.8 ms/tok = 14.53 tok/s -> 2.44x)
[decode] PREFILL: 968 positions in 15535.4 ms = 62.3 tok/s (16.049 ms/tok)
[capture] wrote /home/patrickd/s5-capture/s3recap/c1/cap/shard_p296_s000968.dspc  968 tok x (3 taps + 1 lm_in) x 4096 = 30.3 MB (32.0 KB/tok)
[probe] wrote 16 draft probes (block=5) to /home/patrickd/s5-capture/s3recap/c1/cap/drafts_p296_s000968.txt
[spec] decoding 8 tokens (block=5, draft passes=1, adaptK=1.50, prompt=296 s=969)...
  [margins] 12.06 12.52 16.47 22.95 11.58  K=6
  verify 1: accepted 5/5 (K=6) + correction -> +6 tokens (177.5 ms)  cpos=974
  [margins] 18.21 15.58 8.91 15.52 2.77  K=6
  verify 2: accepted 5/5 (K=6) + correction -> +6 tokens (177.8 ms)  cpos=980

[spec] generated 12 tokens over 2 verifies: mean tokens/verify = 6.00 (block=5, max 6)
[spec] tokens: 418 270 58131 387 14 793 5002 304 77833 14 793 26597
[spec] SPEC-DECODE: 29.6 ms/tok = 33.74 tok/s  (vs base M=1 68.8 ms/tok = 14.53 tok/s -> 2.32x)
[decode] PREFILL: 1360 positions in 22056.6 ms = 61.7 tok/s (16.218 ms/tok)
[capture] wrote /home/patrickd/s5-capture/s3recap/c1/cap/shard_p297_s001360.dspc  1360 tok x (3 taps + 1 lm_in) x 4096 = 42.5 MB (32.0 KB/tok)
[probe] wrote 16 draft probes (block=5) to /home/patrickd/s5-capture/s3recap/c1/cap/drafts_p297_s001360.txt
[spec] decoding 8 tokens (block=5, draft passes=1, adaptK=1.50, prompt=297 s=1361)...
  [margins] 14.89 12.46 11.32 9.91 9.64  K=6
  verify 1: accepted 5/5 (K=6) + correction -> +6 tokens (176.6 ms)  cpos=1366
  [margins] 18.24 11.11 11.37 13.13 11.86  K=6
  verify 2: accepted 5/5 (K=6) + correction -> +6 tokens (181.0 ms)  cpos=1372

[spec] generated 12 tokens over 2 verifies: mean tokens/verify = 6.00 (block=5, max 6)
[spec] tokens: 4366 4782 260 47744 294 31292 4560 2428 14 18435 793 3808
[spec] SPEC-DECODE: 30.2 ms/tok = 33.15 tok/s  (vs base M=1 68.8 ms/tok = 14.53 tok/s -> 2.28x)
[decode] PREFILL: 672 positions in 10706.5 ms = 62.8 tok/s (15.932 ms/tok)
[capture] wrote /home/patrickd/s5-capture/s3recap/c1/cap/shard_p298_s000672.dspc  672 tok x (3 taps + 1 lm_in) x 4096 = 21.0 MB (32.0 KB/tok)
[probe] wrote 16 draft probes (block=5) to /home/patrickd/s5-capture/s3recap/c1/cap/drafts_p298_s000672.txt
[spec] decoding 8 tokens (block=5, draft passes=1, adaptK=1.50, prompt=298 s=673)...
  [margins] 9.14 0.14 4.10 3.83 0.31  K=2
  verify 1: accepted 1/1 (K=2) + correction -> +2 tokens (107.0 ms)  cpos=674
  [margins] 1.66 1.61 0.02 0.41 0.66  K=3
  verify 2: accepted 0/2 (K=3) + correction -> +1 tokens (121.0 ms)  cpos=675
  [margins] 4.44 0.09 0.76 1.14 0.43  K=2
  verify 3: accepted 1/1 (K=2) + correction -> +2 tokens (110.9 ms)  cpos=677
  [margins] 0.84 2.52 0.49 2.96 2.39  K=3
  verify 4: accepted 2/2 (K=3) + correction -> +3 tokens (121.8 ms)  cpos=680

[spec] generated 8 tokens over 4 verifies: mean tokens/verify = 2.00 (block=5, max 6)
[spec] tokens: 969 29294 4387 850 16 1162 1014 14
[spec] SPEC-DECODE: 58.9 ms/tok = 16.97 tok/s  (vs base M=1 68.8 ms/tok = 14.53 tok/s -> 1.17x)
[decode] PREFILL: 582 positions in 9266.7 ms = 62.8 tok/s (15.922 ms/tok)
[capture] wrote /home/patrickd/s5-capture/s3recap/c1/cap/shard_p299_s000582.dspc  582 tok x (3 taps + 1 lm_in) x 4096 = 18.2 MB (32.0 KB/tok)
[probe] wrote 16 draft probes (block=5) to /home/patrickd/s5-capture/s3recap/c1/cap/drafts_p299_s000582.txt
[spec] decoding 8 tokens (block=5, draft passes=1, adaptK=1.50, prompt=299 s=583)...
  [margins] 9.12 2.83 0.41 1.62 1.55  K=3
  verify 1: accepted 2/2 (K=3) + correction -> +3 tokens (123.9 ms)  cpos=585
  [margins] 4.12 2.03 4.94 0.05 2.18  K=4
  verify 2: accepted 2/3 (K=4) + correction -> +3 tokens (133.3 ms)  cpos=588
  [margins] 3.93 0.61 3.60 0.84 1.36  K=2
  verify 3: accepted 1/1 (K=2) + correction -> +2 tokens (104.3 ms)  cpos=590

[spec] generated 8 tokens over 3 verifies: mean tokens/verify = 2.67 (block=5, max 6)
[spec] tokens: 489 16 83813 271 68900 32108 271 81744
[spec] SPEC-DECODE: 47.5 ms/tok = 21.05 tok/s  (vs base M=1 68.8 ms/tok = 14.53 tok/s -> 1.45x)
[decode] PREFILL: 613 positions in 9771.1 ms = 62.7 tok/s (15.940 ms/tok)
[capture] wrote /home/patrickd/s5-capture/s3recap/c1/cap/shard_p300_s000613.dspc  613 tok x (3 taps + 1 lm_in) x 4096 = 19.2 MB (32.0 KB/tok)
[probe] wrote 16 draft probes (block=5) to /home/patrickd/s5-capture/s3recap/c1/cap/drafts_p300_s000613.txt
[spec] decoding 8 tokens (block=5, draft passes=1, adaptK=1.50, prompt=300 s=614)...
  [margins] 12.33 14.55 8.37 11.42 13.62  K=6
  verify 1: accepted 5/5 (K=6) + correction -> +6 tokens (166.1 ms)  cpos=619
  [margins] 13.55 15.95 9.46 11.63 14.75  K=6
  verify 2: accepted 5/5 (K=6) + correction -> +6 tokens (168.0 ms)  cpos=625

[spec] generated 12 tokens over 2 verifies: mean tokens/verify = 6.00 (block=5, max 6)
[spec] tokens: 11628 86 16 11628 86 16 11628 86 16 11628 86 16
[spec] SPEC-DECODE: 28.0 ms/tok = 35.71 tok/s  (vs base M=1 68.8 ms/tok = 14.53 tok/s -> 2.46x)
[decode] PREFILL: 646 positions in 10303.1 ms = 62.7 tok/s (15.949 ms/tok)
[capture] wrote /home/patrickd/s5-capture/s3recap/c1/cap/shard_p301_s000646.dspc  646 tok x (3 taps + 1 lm_in) x 4096 = 20.2 MB (32.0 KB/tok)
[probe] wrote 16 draft probes (block=5) to /home/patrickd/s5-capture/s3recap/c1/cap/drafts_p301_s000646.txt
[spec] decoding 8 tokens (block=5, draft passes=1, adaptK=1.50, prompt=301 s=647)...
  [margins] 3.91 2.85 0.03 3.75 4.84  K=3
  verify 1: accepted 0/2 (K=3) + correction -> +1 tokens (123.5 ms)  cpos=647
  [margins] 9.63 3.24 0.91 5.72 3.44  K=3
  verify 2: accepted 2/2 (K=3) + correction -> +3 tokens (120.2 ms)  cpos=650
  [margins] 7.07 3.66 0.02 0.64 6.65  K=3
  verify 3: accepted 2/2 (K=3) + correction -> +3 tokens (122.4 ms)  cpos=653
  [margins] 0.42 0.12 1.34 2.26 0.58  K=2
  verify 4: accepted 1/1 (K=2) + correction -> +2 tokens (102.2 ms)  cpos=655

[spec] generated 9 tokens over 4 verifies: mean tokens/verify = 2.25 (block=5, max 6)
[spec] tokens: 34066 418 786 4454 14 851 1142 554 1627
[spec] SPEC-DECODE: 43.1 ms/tok = 23.20 tok/s  (vs base M=1 68.8 ms/tok = 14.53 tok/s -> 1.60x)
[decode] PREFILL: 672 positions in 10706.3 ms = 62.8 tok/s (15.932 ms/tok)
[capture] wrote /home/patrickd/s5-capture/s3recap/c1/cap/shard_p302_s000672.dspc  672 tok x (3 taps + 1 lm_in) x 4096 = 21.0 MB (32.0 KB/tok)
[probe] wrote 16 draft probes (block=5) to /home/patrickd/s5-capture/s3recap/c1/cap/drafts_p302_s000672.txt
[spec] decoding 8 tokens (block=5, draft passes=1, adaptK=1.50, prompt=302 s=673)...
  [margins] 0.76 2.32 3.16 0.10 0.85  K=4
  verify 1: accepted 0/3 (K=4) + correction -> +1 tokens (136.9 ms)  cpos=673
  [margins] 9.57 0.16 4.54 3.71 0.93  K=2
  verify 2: accepted 1/1 (K=2) + correction -> +2 tokens (105.0 ms)  cpos=675
  [margins] 1.27 3.53 0.05 7.33 2.16  K=3
  verify 3: accepted 0/2 (K=3) + correction -> +1 tokens (120.5 ms)  cpos=676
  [margins] 1.04 7.60 8.63 0.87 2.65  K=4
  verify 4: accepted 1/3 (K=4) + correction -> +2 tokens (137.5 ms)  cpos=678
  [margins] 9.11 1.29 5.30 11.55 2.08  K=2
  verify 5: accepted 1/1 (K=2) + correction -> +2 tokens (112.9 ms)  cpos=680

[spec] generated 8 tokens over 5 verifies: mean tokens/verify = 1.60 (block=5, max 6)
[spec] tokens: 14 793 3518 294 270 49762 16 2566
[spec] SPEC-DECODE: 68.0 ms/tok = 14.71 tok/s  (vs base M=1 68.8 ms/tok = 14.53 tok/s -> 1.01x)
[decode] PREFILL: 535 positions in 8495.6 ms = 63.0 tok/s (15.880 ms/tok)
[capture] wrote /home/patrickd/s5-capture/s3recap/c1/cap/shard_p303_s000535.dspc  535 tok x (3 taps + 1 lm_in) x 4096 = 16.7 MB (32.0 KB/tok)
[probe] wrote 16 draft probes (block=5) to /home/patrickd/s5-capture/s3recap/c1/cap/drafts_p303_s000535.txt
[spec] decoding 8 tokens (block=5, draft passes=1, adaptK=1.50, prompt=303 s=536)...
  [margins] 10.20 19.34 17.22 14.80 12.40  K=6
  verify 1: accepted 5/5 (K=6) + correction -> +6 tokens (175.8 ms)  cpos=541
  [margins] 15.12 19.45 16.78 14.46 5.46  K=6
  verify 2: accepted 5/5 (K=6) + correction -> +6 tokens (167.7 ms)  cpos=547

[spec] generated 12 tokens over 2 verifies: mean tokens/verify = 6.00 (block=5, max 6)
[spec] tokens: 305 14432 14 995 344 270 28100 294 7419 6247 25560 803
[spec] SPEC-DECODE: 28.0 ms/tok = 35.77 tok/s  (vs base M=1 68.8 ms/tok = 14.53 tok/s -> 2.46x)
[decode] PREFILL: 537 positions in 8524.8 ms = 63.0 tok/s (15.875 ms/tok)
[capture] wrote /home/patrickd/s5-capture/s3recap/c1/cap/shard_p304_s000537.dspc  537 tok x (3 taps + 1 lm_in) x 4096 = 16.8 MB (32.0 KB/tok)
[probe] wrote 16 draft probes (block=5) to /home/patrickd/s5-capture/s3recap/c1/cap/drafts_p304_s000537.txt
[spec] decoding 8 tokens (block=5, draft passes=1, adaptK=1.50, prompt=304 s=538)...
  [margins] 11.18 7.61 11.85 2.51 8.23  K=6
  verify 1: accepted 5/5 (K=6) + correction -> +6 tokens (166.3 ms)  cpos=543
  [margins] 15.94 12.76 11.99 10.33 13.88  K=6
  verify 2: accepted 5/5 (K=6) + correction -> +6 tokens (172.8 ms)  cpos=549

[spec] generated 12 tokens over 2 verifies: mean tokens/verify = 6.00 (block=5, max 6)
[spec] tokens: 554 1347 1117 35563 16 455 2019 1531 554 1347 1117 4826
[spec] SPEC-DECODE: 28.8 ms/tok = 34.73 tok/s  (vs base M=1 68.8 ms/tok = 14.53 tok/s -> 2.39x)
[decode] PREFILL: 1797 positions in 29534.4 ms = 60.8 tok/s (16.435 ms/tok)
[capture] wrote /home/patrickd/s5-capture/s3recap/c1/cap/shard_p305_s001797.dspc  1797 tok x (3 taps + 1 lm_in) x 4096 = 56.2 MB (32.0 KB/tok)
[probe] wrote 16 draft probes (block=5) to /home/patrickd/s5-capture/s3recap/c1/cap/drafts_p305_s001797.txt
[spec] decoding 8 tokens (block=5, draft passes=1, adaptK=1.50, prompt=305 s=1798)...
  [margins] 9.06 17.87 11.27 9.75 6.34  K=6
  verify 1: accepted 5/5 (K=6) + correction -> +6 tokens (182.6 ms)  cpos=1803
  [margins] 11.82 12.47 8.79 9.68 10.72  K=6
  verify 2: accepted 5/5 (K=6) + correction -> +6 tokens (183.6 ms)  cpos=1809

[spec] generated 12 tokens over 2 verifies: mean tokens/verify = 6.00 (block=5, max 6)
[spec] tokens: 2497 4248 1303 4312 294 10578 538 8176 5744 3353 28988 469
[spec] SPEC-DECODE: 30.6 ms/tok = 32.68 tok/s  (vs base M=1 68.8 ms/tok = 14.53 tok/s -> 2.25x)
[decode] PREFILL: 527 positions in 8355.1 ms = 63.1 tok/s (15.854 ms/tok)
[capture] wrote /home/patrickd/s5-capture/s3recap/c1/cap/shard_p306_s000527.dspc  527 tok x (3 taps + 1 lm_in) x 4096 = 16.5 MB (32.0 KB/tok)
[probe] wrote 16 draft probes (block=5) to /home/patrickd/s5-capture/s3recap/c1/cap/drafts_p306_s000527.txt
[spec] decoding 8 tokens (block=5, draft passes=1, adaptK=1.50, prompt=306 s=528)...
  [margins] 18.05 11.76 12.14 16.53 14.33  K=6
  verify 1: accepted 5/5 (K=6) + correction -> +6 tokens (174.5 ms)  cpos=533
  [margins] 15.76 7.48 10.26 15.66 11.31  K=6
  verify 2: accepted 5/5 (K=6) + correction -> +6 tokens (167.5 ms)  cpos=539

[spec] generated 12 tokens over 2 verifies: mean tokens/verify = 6.00 (block=5, max 6)
[spec] tokens: 67 16 7684 82 9636 84 19 16 7684 82 9636 77
[spec] SPEC-DECODE: 27.9 ms/tok = 35.83 tok/s  (vs base M=1 68.8 ms/tok = 14.53 tok/s -> 2.46x)
[decode] PREFILL: 544 positions in 8614.5 ms = 63.1 tok/s (15.836 ms/tok)
[capture] wrote /home/patrickd/s5-capture/s3recap/c1/cap/shard_p307_s000544.dspc  544 tok x (3 taps + 1 lm_in) x 4096 = 17.0 MB (32.0 KB/tok)
[probe] wrote 16 draft probes (block=5) to /home/patrickd/s5-capture/s3recap/c1/cap/drafts_p307_s000544.txt
[spec] decoding 8 tokens (block=5, draft passes=1, adaptK=1.50, prompt=307 s=545)...
  [margins] 12.96 15.42 15.43 13.37 13.49  K=6
  verify 1: accepted 5/5 (K=6) + correction -> +6 tokens (160.5 ms)  cpos=550
  [margins] 12.32 15.50 14.91 13.13 13.80  K=6
  verify 2: accepted 5/5 (K=6) + correction -> +6 tokens (165.6 ms)  cpos=556

[spec] generated 12 tokens over 2 verifies: mean tokens/verify = 6.00 (block=5, max 6)
[spec] tokens: 16 6000 22138 16 6000 22138 16 6000 22138 16 6000 22138
[spec] SPEC-DECODE: 27.6 ms/tok = 36.23 tok/s  (vs base M=1 68.8 ms/tok = 14.53 tok/s -> 2.49x)
[decode] PREFILL: 675 positions in 10763.6 ms = 62.7 tok/s (15.946 ms/tok)
[capture] wrote /home/patrickd/s5-capture/s3recap/c1/cap/shard_p308_s000675.dspc  675 tok x (3 taps + 1 lm_in) x 4096 = 21.1 MB (32.0 KB/tok)
[probe] wrote 16 draft probes (block=5) to /home/patrickd/s5-capture/s3recap/c1/cap/drafts_p308_s000675.txt
[spec] decoding 8 tokens (block=5, draft passes=1, adaptK=1.50, prompt=308 s=676)...
  [margins] 16.75 16.36 11.89 13.03 9.50  K=6
  verify 1: accepted 5/5 (K=6) + correction -> +6 tokens (177.5 ms)  cpos=681
  [margins] 18.16 18.03 15.94 12.92 9.61  K=6
  verify 2: accepted 5/5 (K=6) + correction -> +6 tokens (166.5 ms)  cpos=687

[spec] generated 12 tokens over 2 verifies: mean tokens/verify = 6.00 (block=5, max 6)
[spec] tokens: 795 24800 28 539 27 3749 223 18 16 18 3749 223
[spec] SPEC-DECODE: 27.8 ms/tok = 36.03 tok/s  (vs base M=1 68.8 ms/tok = 14.53 tok/s -> 2.48x)
[decode] PREFILL: 525 positions in 8330.3 ms = 63.0 tok/s (15.867 ms/tok)
[capture] wrote /home/patrickd/s5-capture/s3recap/c1/cap/shard_p309_s000525.dspc  525 tok x (3 taps + 1 lm_in) x 4096 = 16.4 MB (32.0 KB/tok)
[probe] wrote 16 draft probes (block=5) to /home/patrickd/s5-capture/s3recap/c1/cap/drafts_p309_s000525.txt
[spec] decoding 8 tokens (block=5, draft passes=1, adaptK=1.50, prompt=309 s=526)...
  [margins] 11.70 0.32 4.84 0.38 0.27  K=2
  verify 1: accepted 1/1 (K=2) + correction -> +2 tokens (104.1 ms)  cpos=527
  [margins] 5.49 0.20 1.50 0.04 0.25  K=2
  verify 2: accepted 1/1 (K=2) + correction -> +2 tokens (106.3 ms)  cpos=529
  [margins] 2.56 6.17 1.12 0.72 0.40  K=3
  verify 3: accepted 2/2 (K=3) + correction -> +3 tokens (119.5 ms)  cpos=532
  [margins] 0.33 0.88 1.18 3.03 8.37  K=2
  verify 4: accepted 0/1 (K=2) + correction -> +1 tokens (104.2 ms)  cpos=533

[spec] generated 8 tokens over 4 verifies: mean tokens/verify = 2.00 (block=5, max 6)
[spec] tokens: 342 1970 304 16408 270 6212 469 23291
[spec] SPEC-DECODE: 55.0 ms/tok = 18.18 tok/s  (vs base M=1 68.8 ms/tok = 14.53 tok/s -> 1.25x)
[decode] PREFILL: 583 positions in 9404.3 ms = 62.0 tok/s (16.131 ms/tok)
[capture] wrote /home/patrickd/s5-capture/s3recap/c1/cap/shard_p310_s000583.dspc  583 tok x (3 taps + 1 lm_in) x 4096 = 18.2 MB (32.0 KB/tok)
[probe] wrote 16 draft probes (block=5) to /home/patrickd/s5-capture/s3recap/c1/cap/drafts_p310_s000583.txt
[spec] decoding 8 tokens (block=5, draft passes=1, adaptK=1.50, prompt=310 s=584)...
  [margins] 9.46 13.08 9.24 12.72 8.93  K=6
  verify 1: accepted 5/5 (K=6) + correction -> +6 tokens (166.5 ms)  cpos=589
  [margins] 8.51 12.61 8.97 13.24 7.98  K=6
  verify 2: accepted 5/5 (K=6) + correction -> +6 tokens (160.0 ms)  cpos=595

[spec] generated 12 tokens over 2 verifies: mean tokens/verify = 6.00 (block=5, max 6)
[spec] tokens: 16 70404 16 70404 16 70404 16 70404 16 70404 16 70404
[spec] SPEC-DECODE: 26.7 ms/tok = 37.50 tok/s  (vs base M=1 68.8 ms/tok = 14.53 tok/s -> 2.58x)
[decode] PREFILL: 620 positions in 9899.5 ms = 62.6 tok/s (15.967 ms/tok)
[capture] wrote /home/patrickd/s5-capture/s3recap/c1/cap/shard_p311_s000620.dspc  620 tok x (3 taps + 1 lm_in) x 4096 = 19.4 MB (32.0 KB/tok)
[probe] wrote 16 draft probes (block=5) to /home/patrickd/s5-capture/s3recap/c1/cap/drafts_p311_s000620.txt
[spec] decoding 8 tokens (block=5, draft passes=1, adaptK=1.50, prompt=311 s=621)...
  [margins] 8.57 12.85 11.45 13.50 20.14  K=6
  verify 1: accepted 5/5 (K=6) + correction -> +6 tokens (169.5 ms)  cpos=626
  [margins] 13.56 15.52 4.94 9.30 11.42  K=6
  verify 2: accepted 5/5 (K=6) + correction -> +6 tokens (176.0 ms)  cpos=632

[spec] generated 12 tokens over 2 verifies: mean tokens/verify = 6.00 (block=5, max 6)
[spec] tokens: 2042 477 270 64529 2634 4588 440 477 270 1353 834 995
[spec] SPEC-DECODE: 29.3 ms/tok = 34.10 tok/s  (vs base M=1 68.8 ms/tok = 14.53 tok/s -> 2.35x)
[decode] PREFILL: 538 positions in 8527.0 ms = 63.1 tok/s (15.849 ms/tok)
[capture] wrote /home/patrickd/s5-capture/s3recap/c1/cap/shard_p312_s000538.dspc  538 tok x (3 taps + 1 lm_in) x 4096 = 16.8 MB (32.0 KB/tok)
[probe] wrote 16 draft probes (block=5) to /home/patrickd/s5-capture/s3recap/c1/cap/drafts_p312_s000538.txt
[spec] decoding 8 tokens (block=5, draft passes=1, adaptK=1.50, prompt=312 s=539)...
  [margins] 17.40 6.36 17.07 10.82 10.74  K=6
  verify 1: accepted 5/5 (K=6) + correction -> +6 tokens (176.9 ms)  cpos=544
  [margins] 13.74 17.58 13.03 13.72 1.14  K=5
  verify 2: accepted 4/4 (K=5) + correction -> +5 tokens (150.9 ms)  cpos=549

[spec] generated 11 tokens over 2 verifies: mean tokens/verify = 5.50 (block=5, max 6)
[spec] tokens: 1354 270 2595 294 18543 2333 294 313 4095 3737 16
[spec] SPEC-DECODE: 30.2 ms/tok = 33.14 tok/s  (vs base M=1 68.8 ms/tok = 14.53 tok/s -> 2.28x)
[decode] PREFILL: 637 positions in 10133.6 ms = 62.9 tok/s (15.908 ms/tok)
[capture] wrote /home/patrickd/s5-capture/s3recap/c1/cap/shard_p313_s000637.dspc  637 tok x (3 taps + 1 lm_in) x 4096 = 19.9 MB (32.0 KB/tok)
[probe] wrote 16 draft probes (block=5) to /home/patrickd/s5-capture/s3recap/c1/cap/drafts_p313_s000637.txt
[spec] decoding 8 tokens (block=5, draft passes=1, adaptK=1.50, prompt=313 s=638)...
  [margins] 14.23 18.61 7.61 11.36 12.02  K=6
  verify 1: accepted 5/5 (K=6) + correction -> +6 tokens (184.4 ms)  cpos=643
  [margins] 18.96 8.28 12.03 11.75 14.15  K=6
  verify 2: accepted 5/5 (K=6) + correction -> +6 tokens (171.9 ms)  cpos=649

[spec] generated 12 tokens over 2 verifies: mean tokens/verify = 6.00 (block=5, max 6)
[spec] tokens: 82 17237 3749 223 19 82 17237 3749 223 19 82 17237
[spec] SPEC-DECODE: 28.6 ms/tok = 34.90 tok/s  (vs base M=1 68.8 ms/tok = 14.53 tok/s -> 2.40x)
[decode] PREFILL: 658 positions in 10521.9 ms = 62.5 tok/s (15.991 ms/tok)
[capture] wrote /home/patrickd/s5-capture/s3recap/c1/cap/shard_p314_s000658.dspc  658 tok x (3 taps + 1 lm_in) x 4096 = 20.6 MB (32.0 KB/tok)
[probe] wrote 16 draft probes (block=5) to /home/patrickd/s5-capture/s3recap/c1/cap/drafts_p314_s000658.txt
[spec] decoding 8 tokens (block=5, draft passes=1, adaptK=1.50, prompt=314 s=659)...
  [margins] 5.19 7.25 8.25 7.23 1.41  K=5
  verify 1: accepted 0/4 (K=5) + correction -> +1 tokens (152.2 ms)  cpos=659
  [margins] 16.00 13.77 4.64 11.06 5.22  K=6
  verify 2: accepted 5/5 (K=6) + correction -> +6 tokens (174.5 ms)  cpos=665
  [margins] 4.53 7.51 7.77 6.33 1.02  K=5
  verify 3: accepted 0/4 (K=5) + correction -> +1 tokens (148.6 ms)  cpos=666

[spec] generated 8 tokens over 3 verifies: mean tokens/verify = 2.67 (block=5, max 6)
[spec] tokens: 14 1539 2777 270 3083 16 1 14
[spec] SPEC-DECODE: 46.2 ms/tok = 21.67 tok/s  (vs base M=1 68.8 ms/tok = 14.53 tok/s -> 1.49x)
[decode] PREFILL: 609 positions in 9703.7 ms = 62.8 tok/s (15.934 ms/tok)
[capture] wrote /home/patrickd/s5-capture/s3recap/c1/cap/shard_p315_s000609.dspc  609 tok x (3 taps + 1 lm_in) x 4096 = 19.0 MB (32.0 KB/tok)
[probe] wrote 16 draft probes (block=5) to /home/patrickd/s5-capture/s3recap/c1/cap/drafts_p315_s000609.txt
[spec] decoding 8 tokens (block=5, draft passes=1, adaptK=1.50, prompt=315 s=610)...
  [margins] 17.52 12.04 2.64 7.69 6.11  K=6
  verify 1: accepted 5/5 (K=6) + correction -> +6 tokens (172.4 ms)  cpos=615
  [margins] 14.99 14.06 15.32 3.00 6.49  K=6
  verify 2: accepted 5/5 (K=6) + correction -> +6 tokens (174.5 ms)  cpos=621

[spec] generated 12 tokens over 2 verifies: mean tokens/verify = 6.00 (block=5, max 6)
[spec] tokens: 5603 16 34183 270 4105 1926 295 260 26639 5603 16 65239
[spec] SPEC-DECODE: 29.1 ms/tok = 34.39 tok/s  (vs base M=1 68.8 ms/tok = 14.53 tok/s -> 2.37x)
[decode] PREFILL: 903 positions in 14477.7 ms = 62.4 tok/s (16.033 ms/tok)
[capture] wrote /home/patrickd/s5-capture/s3recap/c1/cap/shard_p316_s000903.dspc  903 tok x (3 taps + 1 lm_in) x 4096 = 28.2 MB (32.0 KB/tok)
[probe] wrote 16 draft probes (block=5) to /home/patrickd/s5-capture/s3recap/c1/cap/drafts_p316_s000903.txt
[spec] decoding 8 tokens (block=5, draft passes=1, adaptK=1.50, prompt=316 s=904)...
  [margins] 11.96 12.96 5.14 12.00 12.63  K=6
  verify 1: accepted 5/5 (K=6) + correction -> +6 tokens (170.8 ms)  cpos=909
  [margins] 11.00 11.74 5.80 12.30 12.35  K=6
  verify 2: accepted 5/5 (K=6) + correction -> +6 tokens (164.2 ms)  cpos=915

[spec] generated 12 tokens over 2 verifies: mean tokens/verify = 6.00 (block=5, max 6)
[spec] tokens: 16982 297 22274 16982 297 22274 16982 297 22274 16982 297 22274
[spec] SPEC-DECODE: 27.4 ms/tok = 36.54 tok/s  (vs base M=1 68.8 ms/tok = 14.53 tok/s -> 2.51x)
[decode] PREFILL: 524 positions in 8317.2 ms = 63.0 tok/s (15.873 ms/tok)
[capture] wrote /home/patrickd/s5-capture/s3recap/c1/cap/shard_p317_s000524.dspc  524 tok x (3 taps + 1 lm_in) x 4096 = 16.4 MB (32.0 KB/tok)
[probe] wrote 16 draft probes (block=5) to /home/patrickd/s5-capture/s3recap/c1/cap/drafts_p317_s000524.txt
[spec] decoding 8 tokens (block=5, draft passes=1, adaptK=1.50, prompt=317 s=525)...
  [margins] 13.36 4.41 0.61 0.74 0.69  K=3
  verify 1: accepted 2/2 (K=3) + correction -> +3 tokens (119.4 ms)  cpos=527
  [margins] 8.58 8.99 8.85 3.57 6.50  K=6
  verify 2: accepted 5/5 (K=6) + correction -> +6 tokens (171.0 ms)  cpos=533

[spec] generated 9 tokens over 2 verifies: mean tokens/verify = 4.50 (block=5, max 6)
[spec] tokens: 14 72766 611 579 26075 6302 305 11316 7147
[spec] SPEC-DECODE: 28.5 ms/tok = 35.08 tok/s  (vs base M=1 68.8 ms/tok = 14.53 tok/s -> 2.41x)
[decode] PREFILL: 829 positions in 13248.9 ms = 62.6 tok/s (15.982 ms/tok)
[capture] wrote /home/patrickd/s5-capture/s3recap/c1/cap/shard_p318_s000829.dspc  829 tok x (3 taps + 1 lm_in) x 4096 = 25.9 MB (32.0 KB/tok)
[probe] wrote 16 draft probes (block=5) to /home/patrickd/s5-capture/s3recap/c1/cap/drafts_p318_s000829.txt
[spec] decoding 8 tokens (block=5, draft passes=1, adaptK=1.50, prompt=318 s=830)...
  [margins] 13.96 14.35 12.67 5.06 8.07  K=6
  verify 1: accepted 3/5 (K=6) + correction -> +4 tokens (167.1 ms)  cpos=833
  [margins] 14.01 14.25 12.07 1.57 9.20  K=6
  verify 2: accepted 3/5 (K=6) + correction -> +4 tokens (162.8 ms)  cpos=837

[spec] generated 8 tokens over 2 verifies: mean tokens/verify = 4.00 (block=5, max 6)
[spec] tokens: 3749 11 3749 11 3749 11 3749 11
[spec] SPEC-DECODE: 40.7 ms/tok = 24.57 tok/s  (vs base M=1 68.8 ms/tok = 14.53 tok/s -> 1.69x)
[decode] PREFILL: 875 positions in 14005.5 ms = 62.5 tok/s (16.006 ms/tok)
[capture] wrote /home/patrickd/s5-capture/s3recap/c1/cap/shard_p319_s000875.dspc  875 tok x (3 taps + 1 lm_in) x 4096 = 27.3 MB (32.0 KB/tok)
[probe] wrote 16 draft probes (block=5) to /home/patrickd/s5-capture/s3recap/c1/cap/drafts_p319_s000875.txt
[spec] decoding 8 tokens (block=5, draft passes=1, adaptK=1.50, prompt=319 s=876)...
  [margins] 18.17 12.92 12.91 12.07 15.52  K=6
  verify 1: accepted 5/5 (K=6) + correction -> +6 tokens (181.7 ms)  cpos=881
  [margins] 11.51 15.23 9.71 10.61 7.61  K=6
  verify 2: accepted 5/5 (K=6) + correction -> +6 tokens (171.5 ms)  cpos=887

[spec] generated 12 tokens over 2 verifies: mean tokens/verify = 6.00 (block=5, max 6)
[spec] tokens: 834 4641 14 778 1494 1635 8395 14071 943 28510 16 1
[spec] SPEC-DECODE: 28.6 ms/tok = 34.98 tok/s  (vs base M=1 68.8 ms/tok = 14.53 tok/s -> 2.41x)
[decode] PREFILL: 533 positions in 8469.8 ms = 62.9 tok/s (15.891 ms/tok)
[capture] wrote /home/patrickd/s5-capture/s3recap/c1/cap/shard_p320_s000533.dspc  533 tok x (3 taps + 1 lm_in) x 4096 = 16.7 MB (32.0 KB/tok)
[probe] wrote 16 draft probes (block=5) to /home/patrickd/s5-capture/s3recap/c1/cap/drafts_p320_s000533.txt
[spec] decoding 8 tokens (block=5, draft passes=1, adaptK=1.50, prompt=320 s=534)...
  [margins] 11.30 13.79 6.58 9.07 12.29  K=6
  verify 1: accepted 5/5 (K=6) + correction -> +6 tokens (167.6 ms)  cpos=539
  [margins] 16.94 15.40 8.15 12.85 12.15  K=6
  verify 2: accepted 5/5 (K=6) + correction -> +6 tokens (172.8 ms)  cpos=545

[spec] generated 12 tokens over 2 verifies: mean tokens/verify = 6.00 (block=5, max 6)
[spec] tokens: 270 12819 14 1353 396 436 515 377 270 7726 19514 305
[spec] SPEC-DECODE: 28.8 ms/tok = 34.73 tok/s  (vs base M=1 68.8 ms/tok = 14.53 tok/s -> 2.39x)
[decode] PREFILL: 675 positions in 10768.8 ms = 62.7 tok/s (15.954 ms/tok)
[capture] wrote /home/patrickd/s5-capture/s3recap/c1/cap/shard_p321_s000675.dspc  675 tok x (3 taps + 1 lm_in) x 4096 = 21.1 MB (32.0 KB/tok)
[probe] wrote 16 draft probes (block=5) to /home/patrickd/s5-capture/s3recap/c1/cap/drafts_p321_s000675.txt
[spec] decoding 8 tokens (block=5, draft passes=1, adaptK=1.50, prompt=321 s=676)...
  [margins] 0.32 1.21 3.34 9.55 14.25  K=2
  verify 1: accepted 1/1 (K=2) + correction -> +2 tokens (112.9 ms)  cpos=677
  [margins] 4.84 7.42 12.94 5.39 7.47  K=6
  verify 2: accepted 5/5 (K=6) + correction -> +6 tokens (169.0 ms)  cpos=683

[spec] generated 8 tokens over 2 verifies: mean tokens/verify = 4.00 (block=5, max 6)
[spec] tokens: 281 36245 26073 3358 273 201 15 223
[spec] SPEC-DECODE: 28.2 ms/tok = 35.51 tok/s  (vs base M=1 68.8 ms/tok = 14.53 tok/s -> 2.44x)
[decode] PREFILL: 672 positions in 10704.4 ms = 62.8 tok/s (15.929 ms/tok)
[capture] wrote /home/patrickd/s5-capture/s3recap/c1/cap/shard_p322_s000672.dspc  672 tok x (3 taps + 1 lm_in) x 4096 = 21.0 MB (32.0 KB/tok)
[probe] wrote 16 draft probes (block=5) to /home/patrickd/s5-capture/s3recap/c1/cap/drafts_p322_s000672.txt
[spec] decoding 8 tokens (block=5, draft passes=1, adaptK=1.50, prompt=322 s=673)...
  [margins] 14.35 13.43 14.47 13.21 0.75  K=5
  verify 1: accepted 4/4 (K=5) + correction -> +5 tokens (154.7 ms)  cpos=677
  [margins] 18.28 12.56 6.60 9.46 10.28  K=6
  verify 2: accepted 5/5 (K=6) + correction -> +6 tokens (167.5 ms)  cpos=683

[spec] generated 11 tokens over 2 verifies: mean tokens/verify = 5.50 (block=5, max 6)
[spec] tokens: 1440 377 270 1801 10313 554 2151 21167 1066 7728 1754
[spec] SPEC-DECODE: 27.9 ms/tok = 35.82 tok/s  (vs base M=1 68.8 ms/tok = 14.53 tok/s -> 2.46x)
[decode] PREFILL: 672 positions in 10704.4 ms = 62.8 tok/s (15.929 ms/tok)
[capture] wrote /home/patrickd/s5-capture/s3recap/c1/cap/shard_p323_s000672.dspc  672 tok x (3 taps + 1 lm_in) x 4096 = 21.0 MB (32.0 KB/tok)
[probe] wrote 16 draft probes (block=5) to /home/patrickd/s5-capture/s3recap/c1/cap/drafts_p323_s000672.txt
[spec] decoding 8 tokens (block=5, draft passes=1, adaptK=1.50, prompt=323 s=673)...
  [margins] 12.36 11.07 16.49 9.94 9.46  K=6
  verify 1: accepted 5/5 (K=6) + correction -> +6 tokens (172.8 ms)  cpos=678
  [margins] 14.73 18.34 10.73 8.32 11.75  K=6
  verify 2: accepted 5/5 (K=6) + correction -> +6 tokens (177.6 ms)  cpos=684

[spec] generated 12 tokens over 2 verifies: mean tokens/verify = 6.00 (block=5, max 6)
[spec] tokens: 344 270 15398 33 1999 344 270 15398 33 1999 344 270
[spec] SPEC-DECODE: 29.6 ms/tok = 33.78 tok/s  (vs base M=1 68.8 ms/tok = 14.53 tok/s -> 2.32x)
[decode] PREFILL: 1087 positions in 17581.9 ms = 61.8 tok/s (16.175 ms/tok)
[capture] wrote /home/patrickd/s5-capture/s3recap/c1/cap/shard_p324_s001087.dspc  1087 tok x (3 taps + 1 lm_in) x 4096 = 34.0 MB (32.0 KB/tok)
[probe] wrote 16 draft probes (block=5) to /home/patrickd/s5-capture/s3recap/c1/cap/drafts_p324_s001087.txt
[spec] decoding 8 tokens (block=5, draft passes=1, adaptK=1.50, prompt=324 s=1088)...
  [margins] 14.69 13.51 9.57 9.84 0.60  K=5
  verify 1: accepted 4/4 (K=5) + correction -> +5 tokens (163.0 ms)  cpos=1092
  [margins] 11.60 17.93 14.92 12.10 13.28  K=6
  verify 2: accepted 5/5 (K=6) + correction -> +6 tokens (170.2 ms)  cpos=1098

[spec] generated 11 tokens over 2 verifies: mean tokens/verify = 5.50 (block=5, max 6)
[spec] tokens: 3554 28 5795 270 14108 4496 14 2310 270 3631 57885
[spec] SPEC-DECODE: 28.4 ms/tok = 35.24 tok/s  (vs base M=1 68.8 ms/tok = 14.53 tok/s -> 2.42x)
[decode] PREFILL: 672 positions in 10711.4 ms = 62.7 tok/s (15.940 ms/tok)
[capture] wrote /home/patrickd/s5-capture/s3recap/c1/cap/shard_p325_s000672.dspc  672 tok x (3 taps + 1 lm_in) x 4096 = 21.0 MB (32.0 KB/tok)
[probe] wrote 16 draft probes (block=5) to /home/patrickd/s5-capture/s3recap/c1/cap/drafts_p325_s000672.txt
[spec] decoding 8 tokens (block=5, draft passes=1, adaptK=1.50, prompt=325 s=673)...
  [margins] 3.39 5.74 6.41 5.05 7.13  K=6
  verify 1: accepted 0/5 (K=6) + correction -> +1 tokens (167.2 ms)  cpos=673
  [margins] 6.63 4.12 4.63 12.58 11.28  K=6
  verify 2: accepted 5/5 (K=6) + correction -> +6 tokens (165.6 ms)  cpos=679
  [margins] 8.10 15.14 9.80 4.96 3.37  K=6
  verify 3: accepted 5/5 (K=6) + correction -> +6 tokens (171.0 ms)  cpos=685

[spec] generated 13 tokens over 3 verifies: mean tokens/verify = 4.33 (block=5, max 6)
[spec] tokens: 260 6824 1277 6044 78 2196 469 721 2819 317 304 1635 436
[spec] SPEC-DECODE: 28.1 ms/tok = 35.65 tok/s  (vs base M=1 68.8 ms/tok = 14.53 tok/s -> 2.45x)
[decode] PREFILL: 854 positions in 13680.0 ms = 62.4 tok/s (16.019 ms/tok)
[capture] wrote /home/patrickd/s5-capture/s3recap/c1/cap/shard_p326_s000854.dspc  854 tok x (3 taps + 1 lm_in) x 4096 = 26.7 MB (32.0 KB/tok)
[probe] wrote 16 draft probes (block=5) to /home/patrickd/s5-capture/s3recap/c1/cap/drafts_p326_s000854.txt
[spec] decoding 8 tokens (block=5, draft passes=1, adaptK=1.50, prompt=326 s=855)...
  [margins] 7.31 7.39 12.51 8.09 2.20  K=6
  verify 1: accepted 5/5 (K=6) + correction -> +6 tokens (178.1 ms)  cpos=860
  [margins] 10.59 12.80 10.72 7.65 10.79  K=6
  verify 2: accepted 5/5 (K=6) + correction -> +6 tokens (170.4 ms)  cpos=866

[spec] generated 12 tokens over 2 verifies: mean tokens/verify = 6.00 (block=5, max 6)
[spec] tokens: 10558 83367 2396 592 2835 16 8480 16 76030 2396 6060 536
[spec] SPEC-DECODE: 28.4 ms/tok = 35.22 tok/s  (vs base M=1 68.8 ms/tok = 14.53 tok/s -> 2.42x)
[decode] PREFILL: 609 positions in 9702.9 ms = 62.8 tok/s (15.933 ms/tok)
[capture] wrote /home/patrickd/s5-capture/s3recap/c1/cap/shard_p327_s000609.dspc  609 tok x (3 taps + 1 lm_in) x 4096 = 19.0 MB (32.0 KB/tok)
[probe] wrote 16 draft probes (block=5) to /home/patrickd/s5-capture/s3recap/c1/cap/drafts_p327_s000609.txt
[spec] decoding 8 tokens (block=5, draft passes=1, adaptK=1.50, prompt=327 s=610)...
  [margins] 17.59 9.30 11.64 13.76 12.06  K=6
  verify 1: accepted 5/5 (K=6) + correction -> +6 tokens (170.7 ms)  cpos=615
  [margins] 18.91 17.10 11.47 16.00 7.83  K=6
  verify 2: accepted 5/5 (K=6) + correction -> +6 tokens (173.6 ms)  cpos=621

[spec] generated 12 tokens over 2 verifies: mean tokens/verify = 6.00 (block=5, max 6)
[spec] tokens: 4105 16 721 8072 14 696 554 1926 270 4105 16 721
[spec] SPEC-DECODE: 28.9 ms/tok = 34.57 tok/s  (vs base M=1 68.8 ms/tok = 14.53 tok/s -> 2.38x)
[decode] PREFILL: 545 positions in 8671.6 ms = 62.8 tok/s (15.911 ms/tok)
[capture] wrote /home/patrickd/s5-capture/s3recap/c1/cap/shard_p328_s000545.dspc  545 tok x (3 taps + 1 lm_in) x 4096 = 17.0 MB (32.0 KB/tok)
[probe] wrote 16 draft probes (block=5) to /home/patrickd/s5-capture/s3recap/c1/cap/drafts_p328_s000545.txt
[spec] decoding 8 tokens (block=5, draft passes=1, adaptK=1.50, prompt=328 s=546)...
  [margins] 9.49 12.70 11.99 9.22 4.61  K=6
  verify 1: accepted 5/5 (K=6) + correction -> +6 tokens (172.4 ms)  cpos=551
  [margins] 12.39 11.19 10.47 7.10 10.69  K=6
  verify 2: accepted 5/5 (K=6) + correction -> +6 tokens (176.6 ms)  cpos=557

[spec] generated 12 tokens over 2 verifies: mean tokens/verify = 6.00 (block=5, max 6)
[spec] tokens: 515 51253 362 223 1671 70009 25813 14 16609 223 2111 16
[spec] SPEC-DECODE: 29.4 ms/tok = 33.98 tok/s  (vs base M=1 68.8 ms/tok = 14.53 tok/s -> 2.34x)
[decode] PREFILL: 634 positions in 10089.8 ms = 62.8 tok/s (15.914 ms/tok)
[capture] wrote /home/patrickd/s5-capture/s3recap/c1/cap/shard_p329_s000634.dspc  634 tok x (3 taps + 1 lm_in) x 4096 = 19.8 MB (32.0 KB/tok)
[probe] wrote 16 draft probes (block=5) to /home/patrickd/s5-capture/s3recap/c1/cap/drafts_p329_s000634.txt
[spec] decoding 8 tokens (block=5, draft passes=1, adaptK=1.50, prompt=329 s=635)...
  [margins] 10.90 13.38 11.60 13.33 11.81  K=6
  verify 1: accepted 5/5 (K=6) + correction -> +6 tokens (183.6 ms)  cpos=640
  [margins] 15.63 6.56 15.86 2.84 0.26  K=5
  verify 2: accepted 4/4 (K=5) + correction -> +5 tokens (146.0 ms)  cpos=645

[spec] generated 11 tokens over 2 verifies: mean tokens/verify = 5.50 (block=5, max 6)
[spec] tokens: 5497 8104 7342 8104 6547 8104 18791 8104 36767 8104 29275
[spec] SPEC-DECODE: 29.2 ms/tok = 34.24 tok/s  (vs base M=1 68.8 ms/tok = 14.53 tok/s -> 2.36x)
[decode] PREFILL: 649 positions in 10346.2 ms = 62.7 tok/s (15.942 ms/tok)
[capture] wrote /home/patrickd/s5-capture/s3recap/c1/cap/shard_p330_s000649.dspc  649 tok x (3 taps + 1 lm_in) x 4096 = 20.3 MB (32.0 KB/tok)
[probe] wrote 16 draft probes (block=5) to /home/patrickd/s5-capture/s3recap/c1/cap/drafts_p330_s000649.txt
[spec] decoding 8 tokens (block=5, draft passes=1, adaptK=1.50, prompt=330 s=650)...
  [margins] 5.57 19.34 7.19 0.92 1.62  K=4
  verify 1: accepted 3/3 (K=4) + correction -> +4 tokens (141.2 ms)  cpos=653
  [margins] 9.05 10.06 11.23 1.86 1.69  K=6
  verify 2: accepted 3/5 (K=6) + correction -> +4 tokens (170.1 ms)  cpos=657

[spec] generated 8 tokens over 2 verifies: mean tokens/verify = 4.00 (block=5, max 6)
[spec] tokens: 19431 264 92120 30361 2248 15901 28 63645
[spec] SPEC-DECODE: 42.5 ms/tok = 23.52 tok/s  (vs base M=1 68.8 ms/tok = 14.53 tok/s -> 1.62x)
[decode] PREFILL: 675 positions in 10765.9 ms = 62.7 tok/s (15.949 ms/tok)
[capture] wrote /home/patrickd/s5-capture/s3recap/c1/cap/shard_p331_s000675.dspc  675 tok x (3 taps + 1 lm_in) x 4096 = 21.1 MB (32.0 KB/tok)
[probe] wrote 16 draft probes (block=5) to /home/patrickd/s5-capture/s3recap/c1/cap/drafts_p331_s000675.txt
[spec] decoding 8 tokens (block=5, draft passes=1, adaptK=1.50, prompt=331 s=676)...
  [margins] 7.79 13.80 14.83 6.59 8.45  K=6
  verify 1: accepted 5/5 (K=6) + correction -> +6 tokens (178.7 ms)  cpos=681
  [margins] 18.07 10.37 13.02 9.88 9.69  K=6
  verify 2: accepted 5/5 (K=6) + correction -> +6 tokens (170.1 ms)  cpos=687

[spec] generated 12 tokens over 2 verifies: mean tokens/verify = 6.00 (block=5, max 6)
[spec] tokens: 270 4093 538 1479 436 3001 1375 603 88031 28 4588 67
[spec] SPEC-DECODE: 28.3 ms/tok = 35.27 tok/s  (vs base M=1 68.8 ms/tok = 14.53 tok/s -> 2.43x)
[decode] PREFILL: 560 positions in 8878.1 ms = 63.1 tok/s (15.854 ms/tok)
[capture] wrote /home/patrickd/s5-capture/s3recap/c1/cap/shard_p332_s000560.dspc  560 tok x (3 taps + 1 lm_in) x 4096 = 17.5 MB (32.0 KB/tok)
[probe] wrote 16 draft probes (block=5) to /home/patrickd/s5-capture/s3recap/c1/cap/drafts_p332_s000560.txt
[spec] decoding 8 tokens (block=5, draft passes=1, adaptK=1.50, prompt=332 s=561)...
  [margins] 9.91 11.68 9.65 13.24 6.99  K=6
  verify 1: accepted 5/5 (K=6) + correction -> +6 tokens (158.3 ms)  cpos=566
  [margins] 9.16 11.79 9.33 12.41 8.00  K=6
  verify 2: accepted 5/5 (K=6) + correction -> +6 tokens (159.8 ms)  cpos=572

[spec] generated 12 tokens over 2 verifies: mean tokens/verify = 6.00 (block=5, max 6)
[spec] tokens: 11 3749 11 3749 11 3749 11 3749 11 3749 11 3749
[spec] SPEC-DECODE: 26.6 ms/tok = 37.54 tok/s  (vs base M=1 68.8 ms/tok = 14.53 tok/s -> 2.58x)
[decode] PREFILL: 535 positions in 8486.9 ms = 63.0 tok/s (15.863 ms/tok)
[capture] wrote /home/patrickd/s5-capture/s3recap/c1/cap/shard_p333_s000535.dspc  535 tok x (3 taps + 1 lm_in) x 4096 = 16.7 MB (32.0 KB/tok)
[probe] wrote 16 draft probes (block=5) to /home/patrickd/s5-capture/s3recap/c1/cap/drafts_p333_s000535.txt
[spec] decoding 8 tokens (block=5, draft passes=1, adaptK=1.50, prompt=333 s=536)...
  [margins] 13.95 12.78 12.26 12.79 13.47  K=6
  verify 1: accepted 5/5 (K=6) + correction -> +6 tokens (165.0 ms)  cpos=541
  [margins] 14.23 12.79 11.63 12.54 13.20  K=6
  verify 2: accepted 5/5 (K=6) + correction -> +6 tokens (156.5 ms)  cpos=547

[spec] generated 12 tokens over 2 verifies: mean tokens/verify = 6.00 (block=5, max 6)
[spec] tokens: 16448 16 16448 16 16448 16 16448 16 16448 16 16448 16
[spec] SPEC-DECODE: 26.1 ms/tok = 38.35 tok/s  (vs base M=1 68.8 ms/tok = 14.53 tok/s -> 2.64x)
[decode] PREFILL: 532 positions in 8457.5 ms = 62.9 tok/s (15.898 ms/tok)
[capture] wrote /home/patrickd/s5-capture/s3recap/c1/cap/shard_p334_s000532.dspc  532 tok x (3 taps + 1 lm_in) x 4096 = 16.6 MB (32.0 KB/tok)
[probe] wrote 16 draft probes (block=5) to /home/patrickd/s5-capture/s3recap/c1/cap/drafts_p334_s000532.txt
[spec] decoding 8 tokens (block=5, draft passes=1, adaptK=1.50, prompt=334 s=533)...
  [margins] 9.82 9.59 9.64 6.43 8.15  K=6
  verify 1: accepted 5/5 (K=6) + correction -> +6 tokens (161.0 ms)  cpos=538
  [margins] 10.25 10.16 9.87 7.30 8.26  K=6
  verify 2: accepted 5/5 (K=6) + correction -> +6 tokens (166.7 ms)  cpos=544

[spec] generated 12 tokens over 2 verifies: mean tokens/verify = 6.00 (block=5, max 6)
[spec] tokens: 455 16 455 16 455 16 455 16 455 16 455 16
[spec] SPEC-DECODE: 27.8 ms/tok = 35.99 tok/s  (vs base M=1 68.8 ms/tok = 14.53 tok/s -> 2.48x)
[decode] PREFILL: 903 positions in 14467.9 ms = 62.4 tok/s (16.022 ms/tok)
[capture] wrote /home/patrickd/s5-capture/s3recap/c1/cap/shard_p335_s000903.dspc  903 tok x (3 taps + 1 lm_in) x 4096 = 28.2 MB (32.0 KB/tok)
[probe] wrote 16 draft probes (block=5) to /home/patrickd/s5-capture/s3recap/c1/cap/drafts_p335_s000903.txt
[spec] decoding 8 tokens (block=5, draft passes=1, adaptK=1.50, prompt=335 s=904)...
  [margins] 8.65 11.61 4.98 9.60 10.83  K=6
  verify 1: accepted 5/5 (K=6) + correction -> +6 tokens (174.2 ms)  cpos=909
  [margins] 10.37 13.48 5.55 11.00 9.69  K=6
  verify 2: accepted 5/5 (K=6) + correction -> +6 tokens (162.2 ms)  cpos=915

[spec] generated 12 tokens over 2 verifies: mean tokens/verify = 6.00 (block=5, max 6)
[spec] tokens: 16 4100 16572 16 4100 16572 16 4100 16572 16 4100 16572
[spec] SPEC-DECODE: 27.0 ms/tok = 37.00 tok/s  (vs base M=1 68.8 ms/tok = 14.53 tok/s -> 2.55x)
[decode] PREFILL: 621 positions in 9884.4 ms = 62.8 tok/s (15.917 ms/tok)
[capture] wrote /home/patrickd/s5-capture/s3recap/c1/cap/shard_p336_s000621.dspc  621 tok x (3 taps + 1 lm_in) x 4096 = 19.4 MB (32.0 KB/tok)
[probe] wrote 16 draft probes (block=5) to /home/patrickd/s5-capture/s3recap/c1/cap/drafts_p336_s000621.txt
[spec] decoding 8 tokens (block=5, draft passes=1, adaptK=1.50, prompt=336 s=622)...
  [margins] 15.92 7.14 0.30 2.29 5.90  K=3
  verify 1: accepted 2/2 (K=3) + correction -> +3 tokens (125.3 ms)  cpos=624
  [margins] 6.18 7.93 6.24 4.13 5.41  K=6
  verify 2: accepted 0/5 (K=6) + correction -> +1 tokens (167.4 ms)  cpos=625
  [margins] 14.80 13.01 7.74 13.05 4.11  K=6
  verify 3: accepted 5/5 (K=6) + correction -> +6 tokens (168.0 ms)  cpos=631

[spec] generated 10 tokens over 3 verifies: mean tokens/verify = 3.33 (block=5, max 6)
[spec] tokens: 1529 16 1 14 1539 1926 270 4105 305 2777
[spec] SPEC-DECODE: 47.9 ms/tok = 20.87 tok/s  (vs base M=1 68.8 ms/tok = 14.53 tok/s -> 1.44x)
[decode] PREFILL: 903 positions in 14474.4 ms = 62.4 tok/s (16.029 ms/tok)
[capture] wrote /home/patrickd/s5-capture/s3recap/c1/cap/shard_p337_s000903.dspc  903 tok x (3 taps + 1 lm_in) x 4096 = 28.2 MB (32.0 KB/tok)
[probe] wrote 16 draft probes (block=5) to /home/patrickd/s5-capture/s3recap/c1/cap/drafts_p337_s000903.txt
[spec] decoding 8 tokens (block=5, draft passes=1, adaptK=1.50, prompt=337 s=904)...
  [margins] 9.16 11.70 9.97 15.00 8.63  K=6
  verify 1: accepted 5/5 (K=6) + correction -> +6 tokens (173.8 ms)  cpos=909
  [margins] 5.07 12.83 2.27 14.55 4.27  K=6
  verify 2: accepted 5/5 (K=6) + correction -> +6 tokens (164.6 ms)  cpos=915

[spec] generated 12 tokens over 2 verifies: mean tokens/verify = 6.00 (block=5, max 6)
[spec] tokens: 11 3749 11 3749 11 3749 11 3749 11 3749 11 3749
[spec] SPEC-DECODE: 27.4 ms/tok = 36.44 tok/s  (vs base M=1 68.8 ms/tok = 14.53 tok/s -> 2.51x)
[decode] PREFILL: 539 positions in 8551.3 ms = 63.0 tok/s (15.865 ms/tok)
[capture] wrote /home/patrickd/s5-capture/s3recap/c1/cap/shard_p338_s000539.dspc  539 tok x (3 taps + 1 lm_in) x 4096 = 16.8 MB (32.0 KB/tok)
[probe] wrote 16 draft probes (block=5) to /home/patrickd/s5-capture/s3recap/c1/cap/drafts_p338_s000539.txt
[spec] decoding 8 tokens (block=5, draft passes=1, adaptK=1.50, prompt=338 s=540)...
  [margins] 20.57 13.24 10.34 7.26 10.11  K=6
  verify 1: accepted 5/5 (K=6) + correction -> +6 tokens (177.6 ms)  cpos=545
  [margins] 17.72 10.77 14.90 15.22 10.80  K=6
  verify 2: accepted 5/5 (K=6) + correction -> +6 tokens (164.4 ms)  cpos=551

[spec] generated 12 tokens over 2 verifies: mean tokens/verify = 6.00 (block=5, max 6)
[spec] tokens: 1990 2236 295 270 49861 16 15361 270 15255 2019 16 9909
[spec] SPEC-DECODE: 27.4 ms/tok = 36.50 tok/s  (vs base M=1 68.8 ms/tok = 14.53 tok/s -> 2.51x)
[decode] PREFILL: 553 positions in 8778.3 ms = 63.0 tok/s (15.874 ms/tok)
[capture] wrote /home/patrickd/s5-capture/s3recap/c1/cap/shard_p339_s000553.dspc  553 tok x (3 taps + 1 lm_in) x 4096 = 17.3 MB (32.0 KB/tok)
[probe] wrote 16 draft probes (block=5) to /home/patrickd/s5-capture/s3recap/c1/cap/drafts_p339_s000553.txt
[spec] decoding 8 tokens (block=5, draft passes=1, adaptK=1.50, prompt=339 s=554)...
  [margins] 9.27 13.69 10.00 11.69 12.51  K=6
  verify 1: accepted 5/5 (K=6) + correction -> +6 tokens (164.7 ms)  cpos=559
  [margins] 11.69 14.35 13.01 15.04 4.23  K=6
  verify 2: accepted 5/5 (K=6) + correction -> +6 tokens (166.5 ms)  cpos=565

[spec] generated 12 tokens over 2 verifies: mean tokens/verify = 6.00 (block=5, max 6)
[spec] tokens: 82 13397 17 1613 82 13397 17 1613 82 13397 17 1613
[spec] SPEC-DECODE: 27.8 ms/tok = 36.03 tok/s  (vs base M=1 68.8 ms/tok = 14.53 tok/s -> 2.48x)
[decode] PREFILL: 546 positions in 8683.9 ms = 62.9 tok/s (15.905 ms/tok)
[capture] wrote /home/patrickd/s5-capture/s3recap/c1/cap/shard_p340_s000546.dspc  546 tok x (3 taps + 1 lm_in) x 4096 = 17.1 MB (32.0 KB/tok)
[probe] wrote 16 draft probes (block=5) to /home/patrickd/s5-capture/s3recap/c1/cap/drafts_p340_s000546.txt
[spec] decoding 8 tokens (block=5, draft passes=1, adaptK=1.50, prompt=340 s=547)...
  [margins] 1.21 2.34 0.53 1.50 0.18  K=3
  verify 1: accepted 0/2 (K=3) + correction -> +1 tokens (121.9 ms)  cpos=547
  [margins] 2.00 1.69 0.89 0.58 0.56  K=3
  verify 2: accepted 1/2 (K=3) + correction -> +2 tokens (119.3 ms)  cpos=549
  [margins] 0.66 0.89 0.46 0.60 1.61  K=2
  verify 3: accepted 0/1 (K=2) + correction -> +1 tokens (103.9 ms)  cpos=550
  [margins] 4.49 0.09 1.89 0.81 0.14  K=2
  verify 4: accepted 1/1 (K=2) + correction -> +2 tokens (110.5 ms)  cpos=552
  [margins] 4.76 1.96 0.29 1.16 1.64  K=3
  verify 5: accepted 1/2 (K=3) + correction -> +2 tokens (116.4 ms)  cpos=554

[spec] generated 8 tokens over 5 verifies: mean tokens/verify = 1.60 (block=5, max 6)
[spec] tokens: 4500 14 31484 8295 16 342 515 21600
[spec] SPEC-DECODE: 64.3 ms/tok = 15.55 tok/s  (vs base M=1 68.8 ms/tok = 14.53 tok/s -> 1.07x)
[decode] PREFILL: 597 positions in 9503.0 ms = 62.8 tok/s (15.918 ms/tok)
[capture] wrote /home/patrickd/s5-capture/s3recap/c1/cap/shard_p341_s000597.dspc  597 tok x (3 taps + 1 lm_in) x 4096 = 18.7 MB (32.0 KB/tok)
[probe] wrote 16 draft probes (block=5) to /home/patrickd/s5-capture/s3recap/c1/cap/drafts_p341_s000597.txt
[spec] decoding 8 tokens (block=5, draft passes=1, adaptK=1.50, prompt=341 s=598)...
  [margins] 2.77 7.10 5.82 8.14 10.47  K=6
  verify 1: accepted 5/5 (K=6) + correction -> +6 tokens (173.1 ms)  cpos=603
  [margins] 10.92 8.42 14.10 3.92 2.26  K=6
  verify 2: accepted 4/5 (K=6) + correction -> +5 tokens (175.3 ms)  cpos=608

[spec] generated 11 tokens over 2 verifies: mean tokens/verify = 5.50 (block=5, max 6)
[spec] tokens: 80410 14 270 4105 1926 5231 14 554 22805 16 3591
[spec] SPEC-DECODE: 35.1 ms/tok = 28.53 tok/s  (vs base M=1 68.8 ms/tok = 14.53 tok/s -> 1.96x)
[decode] PREFILL: 942 positions in 15102.9 ms = 62.4 tok/s (16.033 ms/tok)
[capture] wrote /home/patrickd/s5-capture/s3recap/c1/cap/shard_p342_s000942.dspc  942 tok x (3 taps + 1 lm_in) x 4096 = 29.4 MB (32.0 KB/tok)
[probe] wrote 16 draft probes (block=5) to /home/patrickd/s5-capture/s3recap/c1/cap/drafts_p342_s000942.txt
[spec] decoding 8 tokens (block=5, draft passes=1, adaptK=1.50, prompt=342 s=943)...
  [margins] 15.92 18.78 8.61 8.13 10.60  K=6
  verify 1: accepted 5/5 (K=6) + correction -> +6 tokens (180.4 ms)  cpos=948
  [margins] 10.91 12.17 13.70 4.77 6.88  K=6
  verify 2: accepted 5/5 (K=6) + correction -> +6 tokens (170.0 ms)  cpos=954

[spec] generated 12 tokens over 2 verifies: mean tokens/verify = 6.00 (block=5, max 6)
[spec] tokens: 782 3287 1240 671 6319 10175 538 270 14108 396 14449 270
[spec] SPEC-DECODE: 28.3 ms/tok = 35.29 tok/s  (vs base M=1 68.8 ms/tok = 14.53 tok/s -> 2.43x)
[decode] PREFILL: 672 positions in 10702.5 ms = 62.8 tok/s (15.926 ms/tok)
[capture] wrote /home/patrickd/s5-capture/s3recap/c1/cap/shard_p343_s000672.dspc  672 tok x (3 taps + 1 lm_in) x 4096 = 21.0 MB (32.0 KB/tok)
[probe] wrote 16 draft probes (block=5) to /home/patrickd/s5-capture/s3recap/c1/cap/drafts_p343_s000672.txt
[spec] decoding 8 tokens (block=5, draft passes=1, adaptK=1.50, prompt=343 s=673)...
  [margins] 9.73 1.15 0.31 1.44 1.45  K=2
  verify 1: accepted 1/1 (K=2) + correction -> +2 tokens (108.3 ms)  cpos=674
  [margins] 14.57 11.32 2.36 1.01 0.02  K=4
  verify 2: accepted 2/3 (K=4) + correction -> +3 tokens (141.1 ms)  cpos=677
  [margins] 14.74 12.08 7.31 9.09 0.64  K=5
  verify 3: accepted 4/4 (K=5) + correction -> +5 tokens (151.2 ms)  cpos=682

[spec] generated 10 tokens over 3 verifies: mean tokens/verify = 3.33 (block=5, max 6)
[spec] tokens: 260 28172 1801 14 260 16163 294 11930 201 116694
[spec] SPEC-DECODE: 36.5 ms/tok = 27.36 tok/s  (vs base M=1 68.8 ms/tok = 14.53 tok/s -> 1.88x)
[decode] PREFILL: 527 positions in 8349.7 ms = 63.1 tok/s (15.844 ms/tok)
[capture] wrote /home/patrickd/s5-capture/s3recap/c1/cap/shard_p344_s000527.dspc  527 tok x (3 taps + 1 lm_in) x 4096 = 16.5 MB (32.0 KB/tok)
[probe] wrote 16 draft probes (block=5) to /home/patrickd/s5-capture/s3recap/c1/cap/drafts_p344_s000527.txt
[spec] decoding 8 tokens (block=5, draft passes=1, adaptK=1.50, prompt=344 s=528)...
  [margins] 2.95 0.03 0.33 9.24 3.51  K=2
  verify 1: accepted 0/1 (K=2) + correction -> +1 tokens (109.0 ms)  cpos=528
  [margins] 4.73 3.99 1.39 3.86 2.60  K=3
  verify 2: accepted 2/2 (K=3) + correction -> +3 tokens (117.5 ms)  cpos=531
  [margins] 2.47 1.45 0.41 2.54 1.67  K=2
  verify 3: accepted 1/1 (K=2) + correction -> +2 tokens (108.7 ms)  cpos=533
  [margins] 0.29 0.87 4.12 0.15 3.93  K=2
  verify 4: accepted 0/1 (K=2) + correction -> +1 tokens (102.7 ms)  cpos=534
  [margins] 1.28 3.99 0.21 1.66 0.08  K=3
  verify 5: accepted 0/2 (K=3) + correction -> +1 tokens (120.9 ms)  cpos=535

[spec] generated 8 tokens over 5 verifies: mean tokens/verify = 1.60 (block=5, max 6)
[spec] tokens: 17117 3431 16 983 769 260 3226 4181
[spec] SPEC-DECODE: 64.3 ms/tok = 15.56 tok/s  (vs base M=1 68.8 ms/tok = 14.53 tok/s -> 1.07x)
[decode] PREFILL: 589 positions in 9358.8 ms = 62.9 tok/s (15.889 ms/tok)
[capture] wrote /home/patrickd/s5-capture/s3recap/c1/cap/shard_p345_s000589.dspc  589 tok x (3 taps + 1 lm_in) x 4096 = 18.4 MB (32.0 KB/tok)
[probe] wrote 16 draft probes (block=5) to /home/patrickd/s5-capture/s3recap/c1/cap/drafts_p345_s000589.txt
[spec] decoding 8 tokens (block=5, draft passes=1, adaptK=1.50, prompt=345 s=590)...
  [margins] 9.98 13.81 14.94 7.51 11.39  K=6
  verify 1: accepted 5/5 (K=6) + correction -> +6 tokens (165.7 ms)  cpos=595
  [margins] 14.64 7.28 9.11 9.77 12.21  K=6
  verify 2: accepted 5/5 (K=6) + correction -> +6 tokens (171.5 ms)  cpos=601

[spec] generated 12 tokens over 2 verifies: mean tokens/verify = 6.00 (block=5, max 6)
[spec] tokens: 223 935 2051 16 223 935 2051 16 223 935 2051 16
[spec] SPEC-DECODE: 28.6 ms/tok = 34.99 tok/s  (vs base M=1 68.8 ms/tok = 14.53 tok/s -> 2.41x)
[decode] PREFILL: 541 positions in 8596.5 ms = 62.9 tok/s (15.890 ms/tok)
[capture] wrote /home/patrickd/s5-capture/s3recap/c1/cap/shard_p346_s000541.dspc  541 tok x (3 taps + 1 lm_in) x 4096 = 16.9 MB (32.0 KB/tok)
[probe] wrote 16 draft probes (block=5) to /home/patrickd/s5-capture/s3recap/c1/cap/drafts_p346_s000541.txt
[spec] decoding 8 tokens (block=5, draft passes=1, adaptK=1.50, prompt=346 s=542)...
  [margins] 21.80 10.53 6.32 7.71 8.07  K=6
  verify 1: accepted 5/5 (K=6) + correction -> +6 tokens (171.0 ms)  cpos=547
  [margins] 7.68 8.85 13.10 7.51 8.94  K=6
  verify 2: accepted 5/5 (K=6) + correction -> +6 tokens (176.2 ms)  cpos=553

[spec] generated 12 tokens over 2 verifies: mean tokens/verify = 6.00 (block=5, max 6)
[spec] tokens: 1514 343 792 18 15 792 23 11 565 7693 22472 12961
[spec] SPEC-DECODE: 29.4 ms/tok = 34.05 tok/s  (vs base M=1 68.8 ms/tok = 14.53 tok/s -> 2.34x)
[decode] PREFILL: 581 positions in 9244.3 ms = 62.8 tok/s (15.911 ms/tok)
[capture] wrote /home/patrickd/s5-capture/s3recap/c1/cap/shard_p347_s000581.dspc  581 tok x (3 taps + 1 lm_in) x 4096 = 18.2 MB (32.0 KB/tok)
[probe] wrote 16 draft probes (block=5) to /home/patrickd/s5-capture/s3recap/c1/cap/drafts_p347_s000581.txt
[spec] decoding 8 tokens (block=5, draft passes=1, adaptK=1.50, prompt=347 s=582)...
  [margins] 19.73 16.56 7.90 15.26 14.62  K=6
  verify 1: accepted 5/5 (K=6) + correction -> +6 tokens (163.0 ms)  cpos=587
  [margins] 14.70 15.75 9.37 14.30 14.81  K=6
  verify 2: accepted 5/5 (K=6) + correction -> +6 tokens (166.3 ms)  cpos=593

[spec] generated 12 tokens over 2 verifies: mean tokens/verify = 6.00 (block=5, max 6)
[spec] tokens: 204 201 223 204 201 223 204 201 223 204 201 223
[spec] SPEC-DECODE: 27.7 ms/tok = 36.09 tok/s  (vs base M=1 68.8 ms/tok = 14.53 tok/s -> 2.48x)
[decode] PREFILL: 678 positions in 10815.5 ms = 62.7 tok/s (15.952 ms/tok)
[capture] wrote /home/patrickd/s5-capture/s3recap/c1/cap/shard_p348_s000678.dspc  678 tok x (3 taps + 1 lm_in) x 4096 = 21.2 MB (32.0 KB/tok)
[probe] wrote 16 draft probes (block=5) to /home/patrickd/s5-capture/s3recap/c1/cap/drafts_p348_s000678.txt
[spec] decoding 8 tokens (block=5, draft passes=1, adaptK=1.50, prompt=348 s=679)...
  [margins] 17.93 13.28 12.08 16.51 21.84  K=6
  verify 1: accepted 5/5 (K=6) + correction -> +6 tokens (175.4 ms)  cpos=684
  [margins] 13.72 17.56 13.94 15.16 16.17  K=6
  verify 2: accepted 5/5 (K=6) + correction -> +6 tokens (166.8 ms)  cpos=690

[spec] generated 12 tokens over 2 verifies: mean tokens/verify = 6.00 (block=5, max 6)
[spec] tokens: 19 16 1366 7562 67 16 7684 82 9636 77 19 16
[spec] SPEC-DECODE: 27.8 ms/tok = 35.98 tok/s  (vs base M=1 68.8 ms/tok = 14.53 tok/s -> 2.48x)
[decode] PREFILL: 673 positions in 10746.3 ms = 62.6 tok/s (15.968 ms/tok)
[capture] wrote /home/patrickd/s5-capture/s3recap/c1/cap/shard_p349_s000673.dspc  673 tok x (3 taps + 1 lm_in) x 4096 = 21.0 MB (32.0 KB/tok)
[probe] wrote 16 draft probes (block=5) to /home/patrickd/s5-capture/s3recap/c1/cap/drafts_p349_s000673.txt
[spec] decoding 8 tokens (block=5, draft passes=1, adaptK=1.50, prompt=349 s=674)...
  [margins] 2.36 4.76 1.67 4.59 0.14  K=5
  verify 1: accepted 0/4 (K=5) + correction -> +1 tokens (149.0 ms)  cpos=674
  [margins] 9.37 6.13 3.22 4.84 0.31  K=5
  verify 2: accepted 3/4 (K=5) + correction -> +4 tokens (146.8 ms)  cpos=678
  [margins] 3.84 4.29 3.58 1.59 0.66  K=5
  verify 3: accepted 1/4 (K=5) + correction -> +2 tokens (147.3 ms)  cpos=680
  [margins] 0.76 1.69 1.70 1.25 0.08  K=4
  verify 4: accepted 1/3 (K=4) + correction -> +2 tokens (133.8 ms)  cpos=682

[spec] generated 9 tokens over 4 verifies: mean tokens/verify = 2.25 (block=5, max 6)
[spec] tokens: 7900 1910 969 37726 412 1225 14338 270 18171
[spec] SPEC-DECODE: 53.5 ms/tok = 18.70 tok/s  (vs base M=1 68.8 ms/tok = 14.53 tok/s -> 1.29x)
[decode] PREFILL: 628 positions in 9998.2 ms = 62.8 tok/s (15.921 ms/tok)
[capture] wrote /home/patrickd/s5-capture/s3recap/c1/cap/shard_p350_s000628.dspc  628 tok x (3 taps + 1 lm_in) x 4096 = 19.6 MB (32.0 KB/tok)
[probe] wrote 16 draft probes (block=5) to /home/patrickd/s5-capture/s3recap/c1/cap/drafts_p350_s000628.txt
[spec] decoding 8 tokens (block=5, draft passes=1, adaptK=1.50, prompt=350 s=629)...
  [margins] 14.00 11.92 11.45 9.56 10.32  K=6
  verify 1: accepted 5/5 (K=6) + correction -> +6 tokens (163.8 ms)  cpos=634
  [margins] 12.93 11.66 11.88 8.43 9.70  K=6
  verify 2: accepted 5/5 (K=6) + correction -> +6 tokens (180.3 ms)  cpos=640

[spec] generated 12 tokens over 2 verifies: mean tokens/verify = 6.00 (block=5, max 6)
[spec] tokens: 1835 16 971 1835 16 971 1835 16 971 1835 16 971
[spec] SPEC-DECODE: 30.0 ms/tok = 33.29 tok/s  (vs base M=1 68.8 ms/tok = 14.53 tok/s -> 2.29x)
[decode] PREFILL: 661 positions in 10556.5 ms = 62.6 tok/s (15.971 ms/tok)
[capture] wrote /home/patrickd/s5-capture/s3recap/c1/cap/shard_p351_s000661.dspc  661 tok x (3 taps + 1 lm_in) x 4096 = 20.7 MB (32.0 KB/tok)
[probe] wrote 16 draft probes (block=5) to /home/patrickd/s5-capture/s3recap/c1/cap/drafts_p351_s000661.txt
[spec] decoding 8 tokens (block=5, draft passes=1, adaptK=1.50, prompt=351 s=662)...
  [margins] 1.86 5.60 1.62 0.98 2.02  K=4
  verify 1: accepted 0/3 (K=4) + correction -> +1 tokens (134.5 ms)  cpos=662
  [margins] 12.92 9.66 3.49 8.20 2.23  K=6
  verify 2: accepted 3/5 (K=6) + correction -> +4 tokens (167.1 ms)  cpos=666
  [margins] 3.33 1.24 2.87 3.06 0.41  K=2
  verify 3: accepted 1/1 (K=2) + correction -> +2 tokens (109.6 ms)  cpos=668
  [margins] 8.78 3.44 9.54 8.48 6.93  K=6
  verify 4: accepted 5/5 (K=6) + correction -> +6 tokens (165.6 ms)  cpos=674

[spec] generated 13 tokens over 4 verifies: mean tokens/verify = 3.25 (block=5, max 6)
[spec] tokens: 13638 11 438 473 1267 292 16781 1479 3608 79 66 344 270
[spec] SPEC-DECODE: 36.9 ms/tok = 27.13 tok/s  (vs base M=1 68.8 ms/tok = 14.53 tok/s -> 1.87x)
[decode] PREFILL: 544 positions in 8629.9 ms = 63.0 tok/s (15.864 ms/tok)
[capture] wrote /home/patrickd/s5-capture/s3recap/c1/cap/shard_p352_s000544.dspc  544 tok x (3 taps + 1 lm_in) x 4096 = 17.0 MB (32.0 KB/tok)
[probe] wrote 16 draft probes (block=5) to /home/patrickd/s5-capture/s3recap/c1/cap/drafts_p352_s000544.txt
[spec] decoding 8 tokens (block=5, draft passes=1, adaptK=1.50, prompt=352 s=545)...
  [margins] 7.51 9.11 11.35 11.15 10.09  K=6
  verify 1: accepted 5/5 (K=6) + correction -> +6 tokens (171.2 ms)  cpos=550
  [margins] 14.89 9.32 12.37 9.94 4.97  K=6
  verify 2: accepted 5/5 (K=6) + correction -> +6 tokens (172.9 ms)  cpos=556

[spec] generated 12 tokens over 2 verifies: mean tokens/verify = 6.00 (block=5, max 6)
[spec] tokens: 271 3465 2595 19704 4731 79316 3913 3395 361 1354 2595 6600
[spec] SPEC-DECODE: 28.8 ms/tok = 34.71 tok/s  (vs base M=1 68.8 ms/tok = 14.53 tok/s -> 2.39x)
[decode] PREFILL: 538 positions in 8528.8 ms = 63.1 tok/s (15.853 ms/tok)
[capture] wrote /home/patrickd/s5-capture/s3recap/c1/cap/shard_p353_s000538.dspc  538 tok x (3 taps + 1 lm_in) x 4096 = 16.8 MB (32.0 KB/tok)
[probe] wrote 16 draft probes (block=5) to /home/patrickd/s5-capture/s3recap/c1/cap/drafts_p353_s000538.txt
[spec] decoding 8 tokens (block=5, draft passes=1, adaptK=1.50, prompt=353 s=539)...
  [margins] 16.47 15.42 9.26 10.68 9.00  K=6
  verify 1: accepted 5/5 (K=6) + correction -> +6 tokens (173.4 ms)  cpos=544
  [margins] 15.39 9.31 11.66 12.43 11.59  K=6
  verify 2: accepted 5/5 (K=6) + correction -> +6 tokens (164.9 ms)  cpos=550

[spec] generated 12 tokens over 2 verifies: mean tokens/verify = 6.00 (block=5, max 6)
[spec] tokens: 344 4813 16 455 4181 344 4813 16 455 4181 344 4813
[spec] SPEC-DECODE: 27.5 ms/tok = 36.39 tok/s  (vs base M=1 68.8 ms/tok = 14.53 tok/s -> 2.50x)
[decode] PREFILL: 539 positions in 8547.7 ms = 63.1 tok/s (15.858 ms/tok)
[capture] wrote /home/patrickd/s5-capture/s3recap/c1/cap/shard_p354_s000539.dspc  539 tok x (3 taps + 1 lm_in) x 4096 = 16.8 MB (32.0 KB/tok)
[probe] wrote 16 draft probes (block=5) to /home/patrickd/s5-capture/s3recap/c1/cap/drafts_p354_s000539.txt
[spec] decoding 8 tokens (block=5, draft passes=1, adaptK=1.50, prompt=354 s=540)...
  [margins] 10.58 12.93 15.40 8.06 3.45  K=6
  verify 1: accepted 5/5 (K=6) + correction -> +6 tokens (174.9 ms)  cpos=545
  [margins] 13.68 12.20 10.36 10.33 11.15  K=6
  verify 2: accepted 5/5 (K=6) + correction -> +6 tokens (167.7 ms)  cpos=551

[spec] generated 12 tokens over 2 verifies: mean tokens/verify = 6.00 (block=5, max 6)
[spec] tokens: 418 1119 10923 1936 469 1561 436 16 455 1167 588 611
[spec] SPEC-DECODE: 28.0 ms/tok = 35.77 tok/s  (vs base M=1 68.8 ms/tok = 14.53 tok/s -> 2.46x)
[decode] PREFILL: 1009 positions in 16218.4 ms = 62.2 tok/s (16.074 ms/tok)
[capture] wrote /home/patrickd/s5-capture/s3recap/c1/cap/shard_p355_s001009.dspc  1009 tok x (3 taps + 1 lm_in) x 4096 = 31.5 MB (32.0 KB/tok)
[probe] wrote 16 draft probes (block=5) to /home/patrickd/s5-capture/s3recap/c1/cap/drafts_p355_s001009.txt
[spec] decoding 8 tokens (block=5, draft passes=1, adaptK=1.50, prompt=355 s=1010)...
  [margins] 17.98 10.46 11.17 9.38 12.36  K=6
  verify 1: accepted 5/5 (K=6) + correction -> +6 tokens (170.6 ms)  cpos=1015
  [margins] 18.09 10.85 11.39 9.70 11.84  K=6
  verify 2: accepted 5/5 (K=6) + correction -> +6 tokens (169.9 ms)  cpos=1021

[spec] generated 12 tokens over 2 verifies: mean tokens/verify = 6.00 (block=5, max 6)
[spec] tokens: 39 2063 10558 39 2063 10558 39 2063 10558 39 2063 10558
[spec] SPEC-DECODE: 28.3 ms/tok = 35.31 tok/s  (vs base M=1 68.8 ms/tok = 14.53 tok/s -> 2.43x)
[decode] PREFILL: 531 positions in 8440.4 ms = 62.9 tok/s (15.895 ms/tok)
[capture] wrote /home/patrickd/s5-capture/s3recap/c1/cap/shard_p356_s000531.dspc  531 tok x (3 taps + 1 lm_in) x 4096 = 16.6 MB (32.0 KB/tok)
[probe] wrote 16 draft probes (block=5) to /home/patrickd/s5-capture/s3recap/c1/cap/drafts_p356_s000531.txt
[spec] decoding 8 tokens (block=5, draft passes=1, adaptK=1.50, prompt=356 s=532)...
  [margins] 11.73 11.57 4.59 8.72 1.72  K=6
  verify 1: accepted 5/5 (K=6) + correction -> +6 tokens (176.4 ms)  cpos=537
  [margins] 14.84 20.39 14.45 6.66 7.94  K=6
  verify 2: accepted 5/5 (K=6) + correction -> +6 tokens (170.1 ms)  cpos=543

[spec] generated 12 tokens over 2 verifies: mean tokens/verify = 6.00 (block=5, max 6)
[spec] tokens: 17 10081 6900 2272 2739 4205 76665 95328 2193 65887 17 10081
[spec] SPEC-DECODE: 28.3 ms/tok = 35.28 tok/s  (vs base M=1 68.8 ms/tok = 14.53 tok/s -> 2.43x)
[decode] PREFILL: 537 positions in 8513.4 ms = 63.1 tok/s (15.854 ms/tok)
[capture] wrote /home/patrickd/s5-capture/s3recap/c1/cap/shard_p357_s000537.dspc  537 tok x (3 taps + 1 lm_in) x 4096 = 16.8 MB (32.0 KB/tok)
[probe] wrote 16 draft probes (block=5) to /home/patrickd/s5-capture/s3recap/c1/cap/drafts_p357_s000537.txt
[spec] decoding 8 tokens (block=5, draft passes=1, adaptK=1.50, prompt=357 s=538)...
  [margins] 17.53 13.70 15.36 17.32 14.17  K=6
  verify 1: accepted 5/5 (K=6) + correction -> +6 tokens (169.4 ms)  cpos=543
  [margins] 11.05 11.52 11.36 17.40 3.04  K=6
  verify 2: accepted 5/5 (K=6) + correction -> +6 tokens (169.0 ms)  cpos=549

[spec] generated 12 tokens over 2 verifies: mean tokens/verify = 6.00 (block=5, max 6)
[spec] tokens: 3737 538 260 11168 2310 16 15361 270 15255 2019 16 9909
[spec] SPEC-DECODE: 28.2 ms/tok = 35.51 tok/s  (vs base M=1 68.8 ms/tok = 14.53 tok/s -> 2.44x)
[decode] PREFILL: 531 positions in 8442.5 ms = 62.9 tok/s (15.899 ms/tok)
[capture] wrote /home/patrickd/s5-capture/s3recap/c1/cap/shard_p358_s000531.dspc  531 tok x (3 taps + 1 lm_in) x 4096 = 16.6 MB (32.0 KB/tok)
[probe] wrote 16 draft probes (block=5) to /home/patrickd/s5-capture/s3recap/c1/cap/drafts_p358_s000531.txt
[spec] decoding 8 tokens (block=5, draft passes=1, adaptK=1.50, prompt=358 s=532)...
  [margins] 19.64 20.11 18.50 15.20 12.71  K=6
  verify 1: accepted 5/5 (K=6) + correction -> +6 tokens (171.9 ms)  cpos=537
  [margins] 12.54 13.86 21.55 10.89 13.78  K=6
  verify 2: accepted 5/5 (K=6) + correction -> +6 tokens (160.7 ms)  cpos=543

[spec] generated 12 tokens over 2 verifies: mean tokens/verify = 6.00 (block=5, max 6)
[spec] tokens: 350 5801 24 16 350 5801 16 3235 72 16 350 5801
[spec] SPEC-DECODE: 26.8 ms/tok = 37.33 tok/s  (vs base M=1 68.8 ms/tok = 14.53 tok/s -> 2.57x)
[decode] PREFILL: 629 positions in 10018.5 ms = 62.8 tok/s (15.928 ms/tok)
[capture] wrote /home/patrickd/s5-capture/s3recap/c1/cap/shard_p359_s000629.dspc  629 tok x (3 taps + 1 lm_in) x 4096 = 19.7 MB (32.0 KB/tok)
[probe] wrote 16 draft probes (block=5) to /home/patrickd/s5-capture/s3recap/c1/cap/drafts_p359_s000629.txt
[spec] decoding 8 tokens (block=5, draft passes=1, adaptK=1.50, prompt=359 s=630)...
  [margins] 16.62 14.33 13.53 17.62 17.93  K=6
  verify 1: accepted 5/5 (K=6) + correction -> +6 tokens (171.2 ms)  cpos=635
  [margins] 18.64 15.41 14.97 12.87 12.33  K=6
  verify 2: accepted 5/5 (K=6) + correction -> +6 tokens (191.1 ms)  cpos=641

[spec] generated 12 tokens over 2 verifies: mean tokens/verify = 6.00 (block=5, max 6)
[spec] tokens: 3510 28 1178 13088 1355 49163 26374 13088 1355 7907 14 1781
[spec] SPEC-DECODE: 31.9 ms/tok = 31.40 tok/s  (vs base M=1 68.8 ms/tok = 14.53 tok/s -> 2.16x)
[decode] PREFILL: 674 positions in 10765.8 ms = 62.6 tok/s (15.973 ms/tok)
[capture] wrote /home/patrickd/s5-capture/s3recap/c1/cap/shard_p360_s000674.dspc  674 tok x (3 taps + 1 lm_in) x 4096 = 21.1 MB (32.0 KB/tok)
[probe] wrote 16 draft probes (block=5) to /home/patrickd/s5-capture/s3recap/c1/cap/drafts_p360_s000674.txt
[spec] decoding 8 tokens (block=5, draft passes=1, adaptK=1.50, prompt=360 s=675)...
  [margins] 0.10 5.89 4.84 6.98 9.08  K=6
  verify 1: accepted 5/5 (K=6) + correction -> +6 tokens (175.3 ms)  cpos=680
  [margins] 4.65 0.75 1.17 1.09 0.48  K=2
  verify 2: accepted 1/1 (K=2) + correction -> +2 tokens (104.7 ms)  cpos=682

[spec] generated 8 tokens over 2 verifies: mean tokens/verify = 4.00 (block=5, max 6)
[spec] tokens: 11730 2142 603 262 565 8829 17138 10348
[spec] SPEC-DECODE: 52.3 ms/tok = 19.10 tok/s  (vs base M=1 68.8 ms/tok = 14.53 tok/s -> 1.31x)
[decode] PREFILL: 674 positions in 10752.3 ms = 62.7 tok/s (15.953 ms/tok)
[capture] wrote /home/patrickd/s5-capture/s3recap/c1/cap/shard_p361_s000674.dspc  674 tok x (3 taps + 1 lm_in) x 4096 = 21.1 MB (32.0 KB/tok)
[probe] wrote 16 draft probes (block=5) to /home/patrickd/s5-capture/s3recap/c1/cap/drafts_p361_s000674.txt
[spec] decoding 8 tokens (block=5, draft passes=1, adaptK=1.50, prompt=361 s=675)...
  [margins] 17.71 10.09 17.02 11.51 8.25  K=6
  verify 1: accepted 5/5 (K=6) + correction -> +6 tokens (178.9 ms)  cpos=680
  [margins] 10.68 13.09 8.73 15.47 10.05  K=6
  verify 2: accepted 5/5 (K=6) + correction -> +6 tokens (168.3 ms)  cpos=686

[spec] generated 12 tokens over 2 verifies: mean tokens/verify = 6.00 (block=5, max 6)
[spec] tokens: 295 270 2019 16 455 14364 344 295 270 2019 16 455
[spec] SPEC-DECODE: 28.0 ms/tok = 35.66 tok/s  (vs base M=1 68.8 ms/tok = 14.53 tok/s -> 2.45x)
[decode] PREFILL: 548 positions in 8716.3 ms = 62.9 tok/s (15.906 ms/tok)
[capture] wrote /home/patrickd/s5-capture/s3recap/c1/cap/shard_p362_s000548.dspc  548 tok x (3 taps + 1 lm_in) x 4096 = 17.1 MB (32.0 KB/tok)
[probe] wrote 16 draft probes (block=5) to /home/patrickd/s5-capture/s3recap/c1/cap/drafts_p362_s000548.txt
[spec] decoding 8 tokens (block=5, draft passes=1, adaptK=1.50, prompt=362 s=549)...
  [margins] 17.58 14.67 18.57 17.98 14.85  K=6
  verify 1: accepted 5/5 (K=6) + correction -> +6 tokens (172.8 ms)  cpos=554
  [margins] 18.59 13.63 15.23 14.09 5.81  K=6
  verify 2: accepted 5/5 (K=6) + correction -> +6 tokens (174.3 ms)  cpos=560

[spec] generated 12 tokens over 2 verifies: mean tokens/verify = 6.00 (block=5, max 6)
[spec] tokens: 383 295 39905 4665 1425 19 14 259 1425 20 2542 1
[spec] SPEC-DECODE: 29.1 ms/tok = 34.42 tok/s  (vs base M=1 68.8 ms/tok = 14.53 tok/s -> 2.37x)
[decode] PREFILL: 539 positions in 8550.2 ms = 63.0 tok/s (15.863 ms/tok)
[capture] wrote /home/patrickd/s5-capture/s3recap/c1/cap/shard_p363_s000539.dspc  539 tok x (3 taps + 1 lm_in) x 4096 = 16.8 MB (32.0 KB/tok)
[probe] wrote 16 draft probes (block=5) to /home/patrickd/s5-capture/s3recap/c1/cap/drafts_p363_s000539.txt
[spec] decoding 8 tokens (block=5, draft passes=1, adaptK=1.50, prompt=363 s=540)...
  [margins] 16.02 12.61 11.99 2.11 2.26  K=6
  verify 1: accepted 5/5 (K=6) + correction -> +6 tokens (173.0 ms)  cpos=545
  [margins] 10.68 11.11 11.91 8.16 10.99  K=6
  verify 2: accepted 5/5 (K=6) + correction -> +6 tokens (168.9 ms)  cpos=551

[spec] generated 12 tokens over 2 verifies: mean tokens/verify = 6.00 (block=5, max 6)
[spec] tokens: 3345 396 611 1559 1622 813 16 455 2019 1531 9495 21021
[spec] SPEC-DECODE: 28.1 ms/tok = 35.53 tok/s  (vs base M=1 68.8 ms/tok = 14.53 tok/s -> 2.44x)
[decode] PREFILL: 672 positions in 10703.7 ms = 62.8 tok/s (15.928 ms/tok)
[capture] wrote /home/patrickd/s5-capture/s3recap/c1/cap/shard_p364_s000672.dspc  672 tok x (3 taps + 1 lm_in) x 4096 = 21.0 MB (32.0 KB/tok)
[probe] wrote 16 draft probes (block=5) to /home/patrickd/s5-capture/s3recap/c1/cap/drafts_p364_s000672.txt
[spec] decoding 8 tokens (block=5, draft passes=1, adaptK=1.50, prompt=364 s=673)...
  [margins] 4.49 2.22 0.20 1.12 1.31  K=3
  verify 1: accepted 1/2 (K=3) + correction -> +2 tokens (119.7 ms)  cpos=674
  [margins] 13.06 15.50 1.03 6.21 1.91  K=3
  verify 2: accepted 2/2 (K=3) + correction -> +3 tokens (123.2 ms)  cpos=677
  [margins] 5.18 1.10 0.13 1.13 3.31  K=2
  verify 3: accepted 1/1 (K=2) + correction -> +2 tokens (103.0 ms)  cpos=679
  [margins] 1.79 1.58 6.94 2.97 8.10  K=6
  verify 4: accepted 0/5 (K=6) + correction -> +1 tokens (175.1 ms)  cpos=680

[spec] generated 8 tokens over 4 verifies: mean tokens/verify = 2.00 (block=5, max 6)
[spec] tokens: 14 380 8264 367 26728 436 295 1009
[spec] SPEC-DECODE: 66.9 ms/tok = 14.95 tok/s  (vs base M=1 68.8 ms/tok = 14.53 tok/s -> 1.03x)
[decode] PREFILL: 639 positions in 10156.5 ms = 62.9 tok/s (15.894 ms/tok)
[capture] wrote /home/patrickd/s5-capture/s3recap/c1/cap/shard_p365_s000639.dspc  639 tok x (3 taps + 1 lm_in) x 4096 = 20.0 MB (32.0 KB/tok)
[probe] wrote 16 draft probes (block=5) to /home/patrickd/s5-capture/s3recap/c1/cap/drafts_p365_s000639.txt
[spec] decoding 8 tokens (block=5, draft passes=1, adaptK=1.50, prompt=365 s=640)...
  [margins] 8.78 8.27 7.18 5.59 4.31  K=6
  verify 1: accepted 5/5 (K=6) + correction -> +6 tokens (184.7 ms)  cpos=645
  [margins] 9.17 6.33 7.06 6.17 4.77  K=6
  verify 2: accepted 5/5 (K=6) + correction -> +6 tokens (163.3 ms)  cpos=651

[spec] generated 12 tokens over 2 verifies: mean tokens/verify = 6.00 (block=5, max 6)
[spec] tokens: 376 29 630 376 29 630 376 29 630 376 29 630
[spec] SPEC-DECODE: 27.2 ms/tok = 36.74 tok/s  (vs base M=1 68.8 ms/tok = 14.53 tok/s -> 2.53x)
[decode] PREFILL: 672 positions in 10708.0 ms = 62.8 tok/s (15.935 ms/tok)
[capture] wrote /home/patrickd/s5-capture/s3recap/c1/cap/shard_p366_s000672.dspc  672 tok x (3 taps + 1 lm_in) x 4096 = 21.0 MB (32.0 KB/tok)
[probe] wrote 16 draft probes (block=5) to /home/patrickd/s5-capture/s3recap/c1/cap/drafts_p366_s000672.txt
[spec] decoding 8 tokens (block=5, draft passes=1, adaptK=1.50, prompt=366 s=673)...
  [margins] 2.74 2.12 0.15 0.31 2.94  K=3
  verify 1: accepted 2/2 (K=3) + correction -> +3 tokens (119.8 ms)  cpos=675
  [margins] 1.16 0.65 0.86 1.19 0.14  K=2
  verify 2: accepted 0/1 (K=2) + correction -> +1 tokens (107.7 ms)  cpos=676
  [margins] 1.40 1.51 3.56 3.51 5.04  K=6
  verify 3: accepted 0/5 (K=6) + correction -> +1 tokens (164.8 ms)  cpos=677
  [margins] 8.54 9.67 9.83 5.59 4.45  K=6
  verify 4: accepted 5/5 (K=6) + correction -> +6 tokens (165.9 ms)  cpos=683

[spec] generated 11 tokens over 4 verifies: mean tokens/verify = 2.75 (block=5, max 6)
[spec] tokens: 342 611 710 270 45526 305 44628 85 14 342 442
[spec] SPEC-DECODE: 54.8 ms/tok = 18.25 tok/s  (vs base M=1 68.8 ms/tok = 14.53 tok/s -> 1.26x)
[decode] PREFILL: 539 positions in 8555.4 ms = 63.0 tok/s (15.873 ms/tok)
[capture] wrote /home/patrickd/s5-capture/s3recap/c1/cap/shard_p367_s000539.dspc  539 tok x (3 taps + 1 lm_in) x 4096 = 16.8 MB (32.0 KB/tok)
[probe] wrote 16 draft probes (block=5) to /home/patrickd/s5-capture/s3recap/c1/cap/drafts_p367_s000539.txt
[spec] decoding 8 tokens (block=5, draft passes=1, adaptK=1.50, prompt=367 s=540)...
  [margins] 14.43 13.02 6.93 9.10 11.82  K=6
  verify 1: accepted 5/5 (K=6) + correction -> +6 tokens (176.2 ms)  cpos=545
  [margins] 17.45 10.94 16.63 13.79 4.51  K=6
  verify 2: accepted 5/5 (K=6) + correction -> +6 tokens (168.7 ms)  cpos=551

[spec] generated 12 tokens over 2 verifies: mean tokens/verify = 6.00 (block=5, max 6)
[spec] tokens: 90176 2605 16 455 2019 1531 1354 270 14705 2310 16 4147
[spec] SPEC-DECODE: 28.1 ms/tok = 35.57 tok/s  (vs base M=1 68.8 ms/tok = 14.53 tok/s -> 2.45x)
[decode] PREFILL: 591 positions in 9403.7 ms = 62.8 tok/s (15.911 ms/tok)
[capture] wrote /home/patrickd/s5-capture/s3recap/c1/cap/shard_p368_s000591.dspc  591 tok x (3 taps + 1 lm_in) x 4096 = 18.5 MB (32.0 KB/tok)
[probe] wrote 16 draft probes (block=5) to /home/patrickd/s5-capture/s3recap/c1/cap/drafts_p368_s000591.txt
[spec] decoding 8 tokens (block=5, draft passes=1, adaptK=1.50, prompt=368 s=592)...
  [margins] 14.08 4.09 0.50 1.65 0.05  K=3
  verify 1: accepted 2/2 (K=3) + correction -> +3 tokens (124.5 ms)  cpos=594
  [margins] 4.25 1.60 1.29 1.02 1.27  K=3
  verify 2: accepted 2/2 (K=3) + correction -> +3 tokens (125.3 ms)  cpos=597
  [margins] 5.32 0.83 1.97 3.23 6.74  K=2
  verify 3: accepted 1/1 (K=2) + correction -> +2 tokens (106.2 ms)  cpos=599

[spec] generated 8 tokens over 3 verifies: mean tokens/verify = 2.67 (block=5, max 6)
[spec] tokens: 68480 344 260 4829 16 455 4105 759
[spec] SPEC-DECODE: 46.3 ms/tok = 21.60 tok/s  (vs base M=1 68.8 ms/tok = 14.53 tok/s -> 1.49x)
[decode] PREFILL: 584 positions in 9295.7 ms = 62.8 tok/s (15.917 ms/tok)
[capture] wrote /home/patrickd/s5-capture/s3recap/c1/cap/shard_p369_s000584.dspc  584 tok x (3 taps + 1 lm_in) x 4096 = 18.3 MB (32.0 KB/tok)
[probe] wrote 16 draft probes (block=5) to /home/patrickd/s5-capture/s3recap/c1/cap/drafts_p369_s000584.txt
[spec] decoding 8 tokens (block=5, draft passes=1, adaptK=1.50, prompt=369 s=585)...
  [margins] 15.17 15.85 15.62 11.87 11.39  K=6
  verify 1: accepted 5/5 (K=6) + correction -> +6 tokens (169.6 ms)  cpos=590
  [margins] 9.81 13.58 16.55 13.67 10.06  K=6
  verify 2: accepted 5/5 (K=6) + correction -> +6 tokens (172.3 ms)  cpos=596

[spec] generated 12 tokens over 2 verifies: mean tokens/verify = 6.00 (block=5, max 6)
[spec] tokens: 696 554 1926 270 4105 16 1527 348 992 50 14 696
[spec] SPEC-DECODE: 28.7 ms/tok = 34.83 tok/s  (vs base M=1 68.8 ms/tok = 14.53 tok/s -> 2.40x)
[decode] PREFILL: 591 positions in 9402.5 ms = 62.9 tok/s (15.910 ms/tok)
[capture] wrote /home/patrickd/s5-capture/s3recap/c1/cap/shard_p370_s000591.dspc  591 tok x (3 taps + 1 lm_in) x 4096 = 18.5 MB (32.0 KB/tok)
[probe] wrote 16 draft probes (block=5) to /home/patrickd/s5-capture/s3recap/c1/cap/drafts_p370_s000591.txt
[spec] decoding 8 tokens (block=5, draft passes=1, adaptK=1.50, prompt=370 s=592)...
  [margins] 11.29 18.87 3.50 0.01 0.99  K=4
  verify 1: accepted 3/3 (K=4) + correction -> +4 tokens (139.3 ms)  cpos=595
  [margins] 1.20 4.70 4.88 7.86 7.38  K=6
  verify 2: accepted 0/5 (K=6) + correction -> +1 tokens (171.4 ms)  cpos=596
  [margins] 11.49 15.68 12.86 6.70 12.70  K=6
  verify 3: accepted 5/5 (K=6) + correction -> +6 tokens (166.3 ms)  cpos=602

[spec] generated 11 tokens over 3 verifies: mean tokens/verify = 3.67 (block=5, max 6)
[spec] tokens: 270 4105 16 1 14 696 554 1926 270 4105 16
[spec] SPEC-DECODE: 48.2 ms/tok = 20.73 tok/s  (vs base M=1 68.8 ms/tok = 14.53 tok/s -> 1.43x)
[decode] PREFILL: 568 positions in 9050.2 ms = 62.8 tok/s (15.933 ms/tok)
[capture] wrote /home/patrickd/s5-capture/s3recap/c1/cap/shard_p371_s000568.dspc  568 tok x (3 taps + 1 lm_in) x 4096 = 17.8 MB (32.0 KB/tok)
[probe] wrote 16 draft probes (block=5) to /home/patrickd/s5-capture/s3recap/c1/cap/drafts_p371_s000568.txt
[spec] decoding 8 tokens (block=5, draft passes=1, adaptK=1.50, prompt=371 s=569)...
  [margins] 14.07 13.32 4.97 9.86 6.05  K=6
  verify 1: accepted 5/5 (K=6) + correction -> +6 tokens (163.6 ms)  cpos=574
  [margins] 13.23 5.24 6.27 7.20 1.31  K=5
  verify 2: accepted 4/4 (K=5) + correction -> +5 tokens (145.5 ms)  cpos=579

[spec] generated 11 tokens over 2 verifies: mean tokens/verify = 5.50 (block=5, max 6)
[spec] tokens: 339 12602 699 32108 271 81744 271 14758 979 9203 3885
[spec] SPEC-DECODE: 29.1 ms/tok = 34.36 tok/s  (vs base M=1 68.8 ms/tok = 14.53 tok/s -> 2.36x)
[decode] PREFILL: 538 positions in 8535.3 ms = 63.0 tok/s (15.865 ms/tok)
[capture] wrote /home/patrickd/s5-capture/s3recap/c1/cap/shard_p372_s000538.dspc  538 tok x (3 taps + 1 lm_in) x 4096 = 16.8 MB (32.0 KB/tok)
[probe] wrote 16 draft probes (block=5) to /home/patrickd/s5-capture/s3recap/c1/cap/drafts_p372_s000538.txt
[spec] decoding 8 tokens (block=5, draft passes=1, adaptK=1.50, prompt=372 s=539)...
  [margins] 12.78 14.13 14.12 10.94 10.95  K=6
  verify 1: accepted 5/5 (K=6) + correction -> +6 tokens (174.1 ms)  cpos=544
  [margins] 18.41 20.28 16.52 14.38 11.76  K=6
  verify 2: accepted 5/5 (K=6) + correction -> +6 tokens (167.1 ms)  cpos=550

[spec] generated 12 tokens over 2 verifies: mean tokens/verify = 6.00 (block=5, max 6)
[spec] tokens: 3967 734 13607 344 943 270 1669 2662 305 9756 20704 513
[spec] SPEC-DECODE: 27.9 ms/tok = 35.90 tok/s  (vs base M=1 68.8 ms/tok = 14.53 tok/s -> 2.47x)
[decode] PREFILL: 598 positions in 9513.4 ms = 62.9 tok/s (15.909 ms/tok)
[capture] wrote /home/patrickd/s5-capture/s3recap/c1/cap/shard_p373_s000598.dspc  598 tok x (3 taps + 1 lm_in) x 4096 = 18.7 MB (32.0 KB/tok)
[probe] wrote 16 draft probes (block=5) to /home/patrickd/s5-capture/s3recap/c1/cap/drafts_p373_s000598.txt
[spec] decoding 8 tokens (block=5, draft passes=1, adaptK=1.50, prompt=373 s=599)...
  [margins] 17.36 9.52 10.52 9.60 9.09  K=6
  verify 1: accepted 5/5 (K=6) + correction -> +6 tokens (175.8 ms)  cpos=604
  [margins] 11.40 19.43 10.38 9.40 11.11  K=6
  verify 2: accepted 5/5 (K=6) + correction -> +6 tokens (168.0 ms)  cpos=610

[spec] generated 12 tokens over 2 verifies: mean tokens/verify = 6.00 (block=5, max 6)
[spec] tokens: 2019 16 455 14364 344 295 270 2019 16 455 14364 344
[spec] SPEC-DECODE: 28.0 ms/tok = 35.72 tok/s  (vs base M=1 68.8 ms/tok = 14.53 tok/s -> 2.46x)
[decode] PREFILL: 528 positions in 8376.9 ms = 63.0 tok/s (15.865 ms/tok)
[capture] wrote /home/patrickd/s5-capture/s3recap/c1/cap/shard_p374_s000528.dspc  528 tok x (3 taps + 1 lm_in) x 4096 = 16.5 MB (32.0 KB/tok)
[probe] wrote 16 draft probes (block=5) to /home/patrickd/s5-capture/s3recap/c1/cap/drafts_p374_s000528.txt
[spec] decoding 8 tokens (block=5, draft passes=1, adaptK=1.50, prompt=374 s=529)...
  [margins] 15.16 13.36 10.67 5.70 6.85  K=6
  verify 1: accepted 3/5 (K=6) + correction -> +4 tokens (162.7 ms)  cpos=532
  [margins] 14.73 13.03 11.18 7.04 6.36  K=6
  verify 2: accepted 3/5 (K=6) + correction -> +4 tokens (163.5 ms)  cpos=536

[spec] generated 8 tokens over 2 verifies: mean tokens/verify = 4.00 (block=5, max 6)
[spec] tokens: 3749 11 3749 11 3749 11 3749 11
[spec] SPEC-DECODE: 40.9 ms/tok = 24.47 tok/s  (vs base M=1 68.8 ms/tok = 14.53 tok/s -> 1.68x)
[decode] PREFILL: 527 positions in 8346.4 ms = 63.1 tok/s (15.838 ms/tok)
[capture] wrote /home/patrickd/s5-capture/s3recap/c1/cap/shard_p375_s000527.dspc  527 tok x (3 taps + 1 lm_in) x 4096 = 16.5 MB (32.0 KB/tok)
[probe] wrote 16 draft probes (block=5) to /home/patrickd/s5-capture/s3recap/c1/cap/drafts_p375_s000527.txt
[spec] decoding 8 tokens (block=5, draft passes=1, adaptK=1.50, prompt=375 s=528)...
  [margins] 13.83 15.87 9.64 8.24 13.31  K=6
  verify 1: accepted 5/5 (K=6) + correction -> +6 tokens (177.4 ms)  cpos=533
  [margins] 17.40 10.55 7.78 2.86 5.98  K=6
  verify 2: accepted 5/5 (K=6) + correction -> +6 tokens (169.5 ms)  cpos=539

[spec] generated 12 tokens over 2 verifies: mean tokens/verify = 6.00 (block=5, max 6)
[spec] tokens: 2010 4404 14 305 270 7218 7697 295 6693 16 455 68574
[spec] SPEC-DECODE: 28.3 ms/tok = 35.39 tok/s  (vs base M=1 68.8 ms/tok = 14.53 tok/s -> 2.43x)
[decode] PREFILL: 559 positions in 8868.4 ms = 63.0 tok/s (15.865 ms/tok)
[capture] wrote /home/patrickd/s5-capture/s3recap/c1/cap/shard_p376_s000559.dspc  559 tok x (3 taps + 1 lm_in) x 4096 = 17.5 MB (32.0 KB/tok)
[probe] wrote 16 draft probes (block=5) to /home/patrickd/s5-capture/s3recap/c1/cap/drafts_p376_s000559.txt
[spec] decoding 8 tokens (block=5, draft passes=1, adaptK=1.50, prompt=376 s=560)...
  [margins] 13.50 14.76 13.49 5.57 6.02  K=6
  verify 1: accepted 3/5 (K=6) + correction -> +4 tokens (167.2 ms)  cpos=563
  [margins] 14.77 15.02 14.10 4.94 5.62  K=6
  verify 2: accepted 3/5 (K=6) + correction -> +4 tokens (165.8 ms)  cpos=567

[spec] generated 8 tokens over 2 verifies: mean tokens/verify = 4.00 (block=5, max 6)
[spec] tokens: 3749 11 3749 11 3749 11 3749 11
[spec] SPEC-DECODE: 41.5 ms/tok = 24.12 tok/s  (vs base M=1 68.8 ms/tok = 14.53 tok/s -> 1.66x)
[decode] PREFILL: 525 positions in 8329.4 ms = 63.0 tok/s (15.865 ms/tok)
[capture] wrote /home/patrickd/s5-capture/s3recap/c1/cap/shard_p377_s000525.dspc  525 tok x (3 taps + 1 lm_in) x 4096 = 16.4 MB (32.0 KB/tok)
[probe] wrote 16 draft probes (block=5) to /home/patrickd/s5-capture/s3recap/c1/cap/drafts_p377_s000525.txt
[spec] decoding 8 tokens (block=5, draft passes=1, adaptK=1.50, prompt=377 s=526)...
  [margins] 8.85 15.22 11.23 12.44 10.97  K=6
  verify 1: accepted 5/5 (K=6) + correction -> +6 tokens (167.6 ms)  cpos=531
  [margins] 12.15 11.86 15.08 8.85 10.96  K=6
  verify 2: accepted 5/5 (K=6) + correction -> +6 tokens (173.1 ms)  cpos=537

[spec] generated 12 tokens over 2 verifies: mean tokens/verify = 6.00 (block=5, max 6)
[spec] tokens: 2755 15 12742 223 1069 201 3085 344 270 1840 45187 294
[spec] SPEC-DECODE: 28.9 ms/tok = 34.65 tok/s  (vs base M=1 68.8 ms/tok = 14.53 tok/s -> 2.38x)
[decode] PREFILL: 539 positions in 8548.2 ms = 63.1 tok/s (15.859 ms/tok)
[capture] wrote /home/patrickd/s5-capture/s3recap/c1/cap/shard_p378_s000539.dspc  539 tok x (3 taps + 1 lm_in) x 4096 = 16.8 MB (32.0 KB/tok)
[probe] wrote 16 draft probes (block=5) to /home/patrickd/s5-capture/s3recap/c1/cap/drafts_p378_s000539.txt
[spec] decoding 8 tokens (block=5, draft passes=1, adaptK=1.50, prompt=378 s=540)...
  [margins] 10.85 14.38 15.00 13.52 13.77  K=6
  verify 1: accepted 5/5 (K=6) + correction -> +6 tokens (169.3 ms)  cpos=545
  [margins] 11.87 16.41 12.66 11.87 11.35  K=6
  verify 2: accepted 5/5 (K=6) + correction -> +6 tokens (163.6 ms)  cpos=551

[spec] generated 12 tokens over 2 verifies: mean tokens/verify = 6.00 (block=5, max 6)
[spec] tokens: 16 5849 69 16 1089 16 5849 69 16 1089 16 5849
[spec] SPEC-DECODE: 27.3 ms/tok = 36.67 tok/s  (vs base M=1 68.8 ms/tok = 14.53 tok/s -> 2.52x)
[decode] PREFILL: 1627 positions in 26602.3 ms = 61.2 tok/s (16.351 ms/tok)
[capture] wrote /home/patrickd/s5-capture/s3recap/c1/cap/shard_p379_s001627.dspc  1627 tok x (3 taps + 1 lm_in) x 4096 = 50.8 MB (32.0 KB/tok)
[probe] wrote 16 draft probes (block=5) to /home/patrickd/s5-capture/s3recap/c1/cap/drafts_p379_s001627.txt
[spec] decoding 8 tokens (block=5, draft passes=1, adaptK=1.50, prompt=379 s=1628)...
  [margins] 7.87 8.82 1.28 2.08 5.73  K=3
  verify 1: accepted 2/2 (K=3) + correction -> +3 tokens (135.5 ms)  cpos=1630
  [margins] 1.14 7.32 0.49 0.94 8.24  K=3
  verify 2: accepted 2/2 (K=3) + correction -> +3 tokens (128.5 ms)  cpos=1633
  [margins] 0.99 0.54 1.41 1.49 0.38  K=2
  verify 3: accepted 0/1 (K=2) + correction -> +1 tokens (106.8 ms)  cpos=1634
  [margins] 9.50 5.42 1.56 1.01 0.41  K=4
  verify 4: accepted 2/3 (K=4) + correction -> +3 tokens (141.5 ms)  cpos=1637

[spec] generated 10 tokens over 4 verifies: mean tokens/verify = 2.50 (block=5, max 6)
[spec] tokens: 3107 31939 16 19393 5351 344 850 8281 1099 11680
[spec] SPEC-DECODE: 53.8 ms/tok = 18.58 tok/s  (vs base M=1 68.8 ms/tok = 14.53 tok/s -> 1.28x)
[decode] PREFILL: 565 positions in 8980.1 ms = 62.9 tok/s (15.894 ms/tok)
[capture] wrote /home/patrickd/s5-capture/s3recap/c1/cap/shard_p380_s000565.dspc  565 tok x (3 taps + 1 lm_in) x 4096 = 17.7 MB (32.0 KB/tok)
[probe] wrote 16 draft probes (block=5) to /home/patrickd/s5-capture/s3recap/c1/cap/drafts_p380_s000565.txt
[spec] decoding 8 tokens (block=5, draft passes=1, adaptK=1.50, prompt=380 s=566)...
  [margins] 16.48 16.07 8.22 6.30 5.74  K=6
  verify 1: accepted 5/5 (K=6) + correction -> +6 tokens (168.7 ms)  cpos=571
  [margins] 17.44 14.94 17.49 9.16 13.47  K=6
  verify 2: accepted 5/5 (K=6) + correction -> +6 tokens (172.6 ms)  cpos=577

[spec] generated 12 tokens over 2 verifies: mean tokens/verify = 6.00 (block=5, max 6)
[spec] tokens: 16 12742 201 35 1666 34797 223 1059 5157 377 260 37636
[spec] SPEC-DECODE: 28.8 ms/tok = 34.76 tok/s  (vs base M=1 68.8 ms/tok = 14.53 tok/s -> 2.39x)
[decode] PREFILL: 613 positions in 9763.7 ms = 62.8 tok/s (15.928 ms/tok)
[capture] wrote /home/patrickd/s5-capture/s3recap/c1/cap/shard_p381_s000613.dspc  613 tok x (3 taps + 1 lm_in) x 4096 = 19.2 MB (32.0 KB/tok)
[probe] wrote 16 draft probes (block=5) to /home/patrickd/s5-capture/s3recap/c1/cap/drafts_p381_s000613.txt
[spec] decoding 8 tokens (block=5, draft passes=1, adaptK=1.50, prompt=381 s=614)...
  [margins] 13.15 14.71 9.72 11.72 12.09  K=6
  verify 1: accepted 5/5 (K=6) + correction -> +6 tokens (164.1 ms)  cpos=619
  [margins] 12.88 15.14 8.69 11.47 10.60  K=6
  verify 2: accepted 5/5 (K=6) + correction -> +6 tokens (166.8 ms)  cpos=625

[spec] generated 12 tokens over 2 verifies: mean tokens/verify = 6.00 (block=5, max 6)
[spec] tokens: 5241 82 16 5241 82 16 5241 82 16 5241 82 16
[spec] SPEC-DECODE: 27.8 ms/tok = 35.96 tok/s  (vs base M=1 68.8 ms/tok = 14.53 tok/s -> 2.47x)
[decode] PREFILL: 573 positions in 9108.6 ms = 62.9 tok/s (15.896 ms/tok)
[capture] wrote /home/patrickd/s5-capture/s3recap/c1/cap/shard_p382_s000573.dspc  573 tok x (3 taps + 1 lm_in) x 4096 = 17.9 MB (32.0 KB/tok)
[probe] wrote 16 draft probes (block=5) to /home/patrickd/s5-capture/s3recap/c1/cap/drafts_p382_s000573.txt
[spec] decoding 8 tokens (block=5, draft passes=1, adaptK=1.50, prompt=382 s=574)...
  [margins] 12.19 5.86 12.61 11.70 11.84  K=6
  verify 1: accepted 5/5 (K=6) + correction -> +6 tokens (164.5 ms)  cpos=579
  [margins] 14.17 14.08 12.22 8.39 15.38  K=6
  verify 2: accepted 5/5 (K=6) + correction -> +6 tokens (173.1 ms)  cpos=585

[spec] generated 12 tokens over 2 verifies: mean tokens/verify = 6.00 (block=5, max 6)
[spec] tokens: 1387 16 4617 272 1387 16 4617 272 1387 16 4617 272
[spec] SPEC-DECODE: 28.8 ms/tok = 34.67 tok/s  (vs base M=1 68.8 ms/tok = 14.53 tok/s -> 2.39x)
[decode] PREFILL: 676 positions in 10789.2 ms = 62.7 tok/s (15.960 ms/tok)
[capture] wrote /home/patrickd/s5-capture/s3recap/c1/cap/shard_p383_s000676.dspc  676 tok x (3 taps + 1 lm_in) x 4096 = 21.1 MB (32.0 KB/tok)
[probe] wrote 16 draft probes (block=5) to /home/patrickd/s5-capture/s3recap/c1/cap/drafts_p383_s000676.txt
[spec] decoding 8 tokens (block=5, draft passes=1, adaptK=1.50, prompt=383 s=677)...
  [margins] 0.13 1.36 1.77 5.14 4.18  K=2
  verify 1: accepted 0/1 (K=2) + correction -> +1 tokens (107.9 ms)  cpos=677
  [margins] 7.44 6.27 9.37 10.04 7.34  K=6
  verify 2: accepted 0/5 (K=6) + correction -> +1 tokens (165.7 ms)  cpos=678
  [margins] 10.25 10.60 8.28 11.93 2.65  K=6
  verify 3: accepted 5/5 (K=6) + correction -> +6 tokens (171.1 ms)  cpos=684

[spec] generated 8 tokens over 3 verifies: mean tokens/verify = 2.67 (block=5, max 6)
[spec] tokens: 1 14 342 1309 304 1153 270 2499
[spec] SPEC-DECODE: 48.1 ms/tok = 20.78 tok/s  (vs base M=1 68.8 ms/tok = 14.53 tok/s -> 1.43x)
[decode] PREFILL: 870 positions in 13931.3 ms = 62.4 tok/s (16.013 ms/tok)
[capture] wrote /home/patrickd/s5-capture/s3recap/c1/cap/shard_p384_s000870.dspc  870 tok x (3 taps + 1 lm_in) x 4096 = 27.2 MB (32.0 KB/tok)
[probe] wrote 16 draft probes (block=5) to /home/patrickd/s5-capture/s3recap/c1/cap/drafts_p384_s000870.txt
[spec] decoding 8 tokens (block=5, draft passes=1, adaptK=1.50, prompt=384 s=871)...
  [margins] 14.50 14.68 11.54 13.04 7.19  K=6
  verify 1: accepted 5/5 (K=6) + correction -> +6 tokens (172.8 ms)  cpos=876
  [margins] 13.68 15.17 11.83 12.78 4.34  K=6
  verify 2: accepted 5/5 (K=6) + correction -> +6 tokens (163.8 ms)  cpos=882

[spec] generated 12 tokens over 2 verifies: mean tokens/verify = 6.00 (block=5, max 6)
[spec] tokens: 54058 56 82 54058 56 82 54058 56 82 54058 56 82
[spec] SPEC-DECODE: 27.3 ms/tok = 36.63 tok/s  (vs base M=1 68.8 ms/tok = 14.53 tok/s -> 2.52x)
[decode] PREFILL: 640 positions in 10189.6 ms = 62.8 tok/s (15.921 ms/tok)
[capture] wrote /home/patrickd/s5-capture/s3recap/c1/cap/shard_p385_s000640.dspc  640 tok x (3 taps + 1 lm_in) x 4096 = 20.0 MB (32.0 KB/tok)
[probe] wrote 16 draft probes (block=5) to /home/patrickd/s5-capture/s3recap/c1/cap/drafts_p385_s000640.txt
[spec] decoding 8 tokens (block=5, draft passes=1, adaptK=1.50, prompt=385 s=641)...
  [margins] 1.75 0.29 2.21 0.68 1.20  K=2
  verify 1: accepted 1/1 (K=2) + correction -> +2 tokens (104.3 ms)  cpos=642
  [margins] 3.53 2.35 0.81 1.07 0.92  K=3
  verify 2: accepted 2/2 (K=3) + correction -> +3 tokens (122.4 ms)  cpos=645
  [margins] 0.29 3.97 0.81 3.50 1.91  K=3
  verify 3: accepted 2/2 (K=3) + correction -> +3 tokens (121.9 ms)  cpos=648

[spec] generated 8 tokens over 3 verifies: mean tokens/verify = 2.67 (block=5, max 6)
[spec] tokens: 2413 260 4669 24007 16 2042 9475 396
[spec] SPEC-DECODE: 40.7 ms/tok = 24.56 tok/s  (vs base M=1 68.8 ms/tok = 14.53 tok/s -> 1.69x)
[decode] PREFILL: 659 positions in 10516.6 ms = 62.7 tok/s (15.958 ms/tok)
[capture] wrote /home/patrickd/s5-capture/s3recap/c1/cap/shard_p386_s000659.dspc  659 tok x (3 taps + 1 lm_in) x 4096 = 20.6 MB (32.0 KB/tok)
[probe] wrote 16 draft probes (block=5) to /home/patrickd/s5-capture/s3recap/c1/cap/drafts_p386_s000659.txt
[spec] decoding 8 tokens (block=5, draft passes=1, adaptK=1.50, prompt=386 s=660)...
  [margins] 1.38 2.93 1.40 1.73 0.04  K=3
  verify 1: accepted 2/2 (K=3) + correction -> +3 tokens (123.2 ms)  cpos=662
  [margins] 1.41 0.59 1.30 0.76 1.16  K=2
  verify 2: accepted 1/1 (K=2) + correction -> +2 tokens (108.9 ms)  cpos=664
  [margins] 1.63 0.33 0.03 0.85 0.56  K=2
  verify 3: accepted 0/1 (K=2) + correction -> +1 tokens (103.1 ms)  cpos=665
  [margins] 1.06 0.61 3.81 0.06 1.09  K=2
  verify 4: accepted 0/1 (K=2) + correction -> +1 tokens (106.6 ms)  cpos=666
  [margins] 0.45 4.31 4.32 2.97 0.43  K=5
  verify 5: accepted 0/4 (K=5) + correction -> +1 tokens (148.6 ms)  cpos=667

[spec] generated 8 tokens over 5 verifies: mean tokens/verify = 1.60 (block=5, max 6)
[spec] tokens: 3277 24080 23908 469 21587 4502 5901 15431
[spec] SPEC-DECODE: 93.4 ms/tok = 10.70 tok/s  (vs base M=1 68.8 ms/tok = 14.53 tok/s -> 0.74x)
[decode] PREFILL: 615 positions in 9795.3 ms = 62.8 tok/s (15.927 ms/tok)
[capture] wrote /home/patrickd/s5-capture/s3recap/c1/cap/shard_p387_s000615.dspc  615 tok x (3 taps + 1 lm_in) x 4096 = 19.2 MB (32.0 KB/tok)
[probe] wrote 16 draft probes (block=5) to /home/patrickd/s5-capture/s3recap/c1/cap/drafts_p387_s000615.txt
[spec] decoding 8 tokens (block=5, draft passes=1, adaptK=1.50, prompt=387 s=616)...
  [margins] 17.43 16.43 20.14 14.74 15.64  K=6
  verify 1: accepted 5/5 (K=6) + correction -> +6 tokens (176.8 ms)  cpos=621
  [margins] 21.99 15.57 17.05 12.45 19.46  K=6
  verify 2: accepted 5/5 (K=6) + correction -> +6 tokens (167.0 ms)  cpos=627

[spec] generated 12 tokens over 2 verifies: mean tokens/verify = 6.00 (block=5, max 6)
[spec] tokens: 438 223 18 201 361 362 1008 14 893 295 49462 18561
[spec] SPEC-DECODE: 27.8 ms/tok = 35.92 tok/s  (vs base M=1 68.8 ms/tok = 14.53 tok/s -> 2.47x)
[decode] PREFILL: 526 positions in 8343.7 ms = 63.0 tok/s (15.863 ms/tok)
[capture] wrote /home/patrickd/s5-capture/s3recap/c1/cap/shard_p388_s000526.dspc  526 tok x (3 taps + 1 lm_in) x 4096 = 16.4 MB (32.0 KB/tok)
[probe] wrote 16 draft probes (block=5) to /home/patrickd/s5-capture/s3recap/c1/cap/drafts_p388_s000526.txt
[spec] decoding 8 tokens (block=5, draft passes=1, adaptK=1.50, prompt=388 s=527)...
  [margins] 3.79 0.51 1.15 0.53 4.35  K=2
  verify 1: accepted 0/1 (K=2) + correction -> +1 tokens (109.8 ms)  cpos=527
  [margins] 2.02 0.39 0.33 0.70 0.11  K=2
  verify 2: accepted 0/1 (K=2) + correction -> +1 tokens (107.6 ms)  cpos=528
  [margins] 3.51 1.09 0.21 1.69 0.05  K=2
  verify 3: accepted 1/1 (K=2) + correction -> +2 tokens (102.8 ms)  cpos=530
  [margins] 1.65 1.28 0.05 1.13 6.62  K=2
  verify 4: accepted 0/1 (K=2) + correction -> +1 tokens (107.4 ms)  cpos=531
  [margins] 7.12 0.84 1.54 0.42 0.94  K=2
  verify 5: accepted 1/1 (K=2) + correction -> +2 tokens (107.6 ms)  cpos=533
  [margins] 0.07 4.55 0.07 0.36 1.86  K=3
  verify 6: accepted 0/2 (K=3) + correction -> +1 tokens (118.0 ms)  cpos=534

[spec] generated 8 tokens over 6 verifies: mean tokens/verify = 1.33 (block=5, max 6)
[spec] tokens: 8835 6491 81624 6491 55 9422 6491 53
[spec] SPEC-DECODE: 77.6 ms/tok = 12.88 tok/s  (vs base M=1 68.8 ms/tok = 14.53 tok/s -> 0.89x)
[decode] PREFILL: 1042 positions in 16785.6 ms = 62.1 tok/s (16.109 ms/tok)
[capture] wrote /home/patrickd/s5-capture/s3recap/c1/cap/shard_p389_s001042.dspc  1042 tok x (3 taps + 1 lm_in) x 4096 = 32.6 MB (32.0 KB/tok)
[probe] wrote 16 draft probes (block=5) to /home/patrickd/s5-capture/s3recap/c1/cap/drafts_p389_s001042.txt
[spec] decoding 8 tokens (block=5, draft passes=1, adaptK=1.50, prompt=389 s=1043)...
  [margins] 7.03 12.17 3.19 14.02 7.32  K=6
  verify 1: accepted 5/5 (K=6) + correction -> +6 tokens (173.0 ms)  cpos=1048
  [margins] 5.63 12.07 1.38 12.80 7.05  K=3
  verify 2: accepted 2/2 (K=3) + correction -> +3 tokens (119.4 ms)  cpos=1051

[spec] generated 9 tokens over 2 verifies: mean tokens/verify = 4.50 (block=5, max 6)
[spec] tokens: 11 3749 11 3749 11 3749 11 3749 11
[spec] SPEC-DECODE: 39.8 ms/tok = 25.12 tok/s  (vs base M=1 68.8 ms/tok = 14.53 tok/s -> 1.73x)
[decode] PREFILL: 581 positions in 9249.9 ms = 62.8 tok/s (15.921 ms/tok)
[capture] wrote /home/patrickd/s5-capture/s3recap/c1/cap/shard_p390_s000581.dspc  581 tok x (3 taps + 1 lm_in) x 4096 = 18.2 MB (32.0 KB/tok)
[probe] wrote 16 draft probes (block=5) to /home/patrickd/s5-capture/s3recap/c1/cap/drafts_p390_s000581.txt
[spec] decoding 8 tokens (block=5, draft passes=1, adaptK=1.50, prompt=390 s=582)...
  [margins] 12.08 14.03 15.04 13.29 6.11  K=6
  verify 1: accepted 5/5 (K=6) + correction -> +6 tokens (173.2 ms)  cpos=587
  [margins] 15.19 10.49 13.99 14.60 13.18  K=6
  verify 2: accepted 5/5 (K=6) + correction -> +6 tokens (174.3 ms)  cpos=593

[spec] generated 12 tokens over 2 verifies: mean tokens/verify = 6.00 (block=5, max 6)
[spec] tokens: 16 5241 82 50 19 51 2402 16 5241 82 50 19
[spec] SPEC-DECODE: 29.1 ms/tok = 34.42 tok/s  (vs base M=1 68.8 ms/tok = 14.53 tok/s -> 2.37x)
[decode] PREFILL: 946 positions in 15184.9 ms = 62.3 tok/s (16.052 ms/tok)
[capture] wrote /home/patrickd/s5-capture/s3recap/c1/cap/shard_p391_s000946.dspc  946 tok x (3 taps + 1 lm_in) x 4096 = 29.6 MB (32.0 KB/tok)
[probe] wrote 16 draft probes (block=5) to /home/patrickd/s5-capture/s3recap/c1/cap/drafts_p391_s000946.txt
[spec] decoding 8 tokens (block=5, draft passes=1, adaptK=1.50, prompt=391 s=947)...
  [margins] 16.34 5.51 8.83 16.63 14.05  K=6
  verify 1: accepted 5/5 (K=6) + correction -> +6 tokens (182.3 ms)  cpos=952
  [margins] 13.67 16.39 7.55 8.44 6.59  K=6
  verify 2: accepted 5/5 (K=6) + correction -> +6 tokens (172.1 ms)  cpos=958

[spec] generated 12 tokens over 2 verifies: mean tokens/verify = 6.00 (block=5, max 6)
[spec] tokens: 10815 27079 52928 3155 264 16 3211 14 295 3460 223 939
[spec] SPEC-DECODE: 28.7 ms/tok = 34.86 tok/s  (vs base M=1 68.8 ms/tok = 14.53 tok/s -> 2.40x)
[decode] PREFILL: 669 positions in 10666.8 ms = 62.7 tok/s (15.944 ms/tok)
[capture] wrote /home/patrickd/s5-capture/s3recap/c1/cap/shard_p392_s000669.dspc  669 tok x (3 taps + 1 lm_in) x 4096 = 20.9 MB (32.0 KB/tok)
[probe] wrote 16 draft probes (block=5) to /home/patrickd/s5-capture/s3recap/c1/cap/drafts_p392_s000669.txt
[spec] decoding 8 tokens (block=5, draft passes=1, adaptK=1.50, prompt=392 s=670)...
  [margins] 9.89 0.41 4.32 1.50 3.01  K=2
  verify 1: accepted 1/1 (K=2) + correction -> +2 tokens (108.1 ms)  cpos=671
  [margins] 12.61 1.03 2.89 3.88 2.84  K=2
  verify 2: accepted 1/1 (K=2) + correction -> +2 tokens (107.7 ms)  cpos=673
  [margins] 0.10 3.39 0.32 2.70 3.64  K=3
  verify 3: accepted 0/2 (K=3) + correction -> +1 tokens (124.6 ms)  cpos=674
  [margins] 2.57 2.11 4.48 7.39 0.21  K=5
  verify 4: accepted 1/4 (K=5) + correction -> +2 tokens (151.0 ms)  cpos=676
  [margins] 5.28 3.44 7.33 3.45 2.74  K=6
  verify 5: accepted 5/5 (K=6) + correction -> +6 tokens (168.2 ms)  cpos=682

[spec] generated 13 tokens over 5 verifies: mean tokens/verify = 2.60 (block=5, max 6)
[spec] tokens: 31903 22 16 2619 49297 4599 295 270 3702 4106 18586 2454 344
[spec] SPEC-DECODE: 50.1 ms/tok = 19.95 tok/s  (vs base M=1 68.8 ms/tok = 14.53 tok/s -> 1.37x)
[decode] PREFILL: 959 positions in 15376.3 ms = 62.4 tok/s (16.034 ms/tok)
[capture] wrote /home/patrickd/s5-capture/s3recap/c1/cap/shard_p393_s000959.dspc  959 tok x (3 taps + 1 lm_in) x 4096 = 30.0 MB (32.0 KB/tok)
[probe] wrote 16 draft probes (block=5) to /home/patrickd/s5-capture/s3recap/c1/cap/drafts_p393_s000959.txt
[spec] decoding 8 tokens (block=5, draft passes=1, adaptK=1.50, prompt=393 s=960)...
  [margins] 15.62 9.70 8.06 10.51 9.19  K=6
  verify 1: accepted 5/5 (K=6) + correction -> +6 tokens (178.5 ms)  cpos=965
  [margins] 14.29 15.08 12.30 1.58 2.85  K=6
  verify 2: accepted 5/5 (K=6) + correction -> +6 tokens (168.4 ms)  cpos=971

[spec] generated 12 tokens over 2 verifies: mean tokens/verify = 6.00 (block=5, max 6)
[spec] tokens: 19 14 1141 20 14 1141 21 14 5655 339 2722 19
[spec] SPEC-DECODE: 28.1 ms/tok = 35.63 tok/s  (vs base M=1 68.8 ms/tok = 14.53 tok/s -> 2.45x)
[decode] PREFILL: 538 positions in 8542.4 ms = 63.0 tok/s (15.878 ms/tok)
[capture] wrote /home/patrickd/s5-capture/s3recap/c1/cap/shard_p394_s000538.dspc  538 tok x (3 taps + 1 lm_in) x 4096 = 16.8 MB (32.0 KB/tok)
[probe] wrote 16 draft probes (block=5) to /home/patrickd/s5-capture/s3recap/c1/cap/drafts_p394_s000538.txt
[spec] decoding 8 tokens (block=5, draft passes=1, adaptK=1.50, prompt=394 s=539)...
  [margins] 13.09 13.16 13.36 0.71 4.17  K=4
  verify 1: accepted 3/3 (K=4) + correction -> +4 tokens (141.3 ms)  cpos=542
  [margins] 11.20 12.40 13.09 0.16 2.96  K=4
  verify 2: accepted 3/3 (K=4) + correction -> +4 tokens (137.3 ms)  cpos=546

[spec] generated 8 tokens over 2 verifies: mean tokens/verify = 4.00 (block=5, max 6)
[spec] tokens: 91 15311 2396 24875 91 14905 2396 24875
[spec] SPEC-DECODE: 34.3 ms/tok = 29.14 tok/s  (vs base M=1 68.8 ms/tok = 14.53 tok/s -> 2.00x)
[decode] PREFILL: 538 positions in 8522.3 ms = 63.1 tok/s (15.841 ms/tok)
[capture] wrote /home/patrickd/s5-capture/s3recap/c1/cap/shard_p395_s000538.dspc  538 tok x (3 taps + 1 lm_in) x 4096 = 16.8 MB (32.0 KB/tok)
[probe] wrote 16 draft probes (block=5) to /home/patrickd/s5-capture/s3recap/c1/cap/drafts_p395_s000538.txt
[spec] decoding 8 tokens (block=5, draft passes=1, adaptK=1.50, prompt=395 s=539)...
  [margins] 9.65 14.08 17.81 10.91 13.13  K=6
  verify 1: accepted 5/5 (K=6) + correction -> +6 tokens (168.1 ms)  cpos=544
  [margins] 11.14 14.96 17.99 10.99 11.95  K=6
  verify 2: accepted 5/5 (K=6) + correction -> +6 tokens (160.5 ms)  cpos=550

[spec] generated 12 tokens over 2 verifies: mean tokens/verify = 6.00 (block=5, max 6)
[spec] tokens: 16 359 11170 16 359 11170 16 359 11170 16 359 11170
[spec] SPEC-DECODE: 26.7 ms/tok = 37.39 tok/s  (vs base M=1 68.8 ms/tok = 14.53 tok/s -> 2.57x)
[decode] PREFILL: 564 positions in 8972.2 ms = 62.9 tok/s (15.908 ms/tok)
[capture] wrote /home/patrickd/s5-capture/s3recap/c1/cap/shard_p396_s000564.dspc  564 tok x (3 taps + 1 lm_in) x 4096 = 17.6 MB (32.0 KB/tok)
[probe] wrote 16 draft probes (block=5) to /home/patrickd/s5-capture/s3recap/c1/cap/drafts_p396_s000564.txt
[spec] decoding 8 tokens (block=5, draft passes=1, adaptK=1.50, prompt=396 s=565)...
  [margins] 9.94 6.61 2.78 6.54 3.67  K=6
  verify 1: accepted 1/5 (K=6) + correction -> +2 tokens (160.3 ms)  cpos=566
  [margins] 2.67 7.35 3.92 0.91 6.94  K=4
  verify 2: accepted 0/3 (K=4) + correction -> +1 tokens (132.4 ms)  cpos=567
  [margins] 4.11 0.28 0.90 8.39 4.56  K=2
  verify 3: accepted 1/1 (K=2) + correction -> +2 tokens (107.8 ms)  cpos=569
  [margins] 1.44 5.44 4.58 0.38 5.34  K=4
  verify 4: accepted 0/3 (K=4) + correction -> +1 tokens (131.3 ms)  cpos=570
  [margins] 8.75 4.06 0.01 6.73 3.20  K=3
  verify 5: accepted 1/2 (K=3) + correction -> +2 tokens (119.1 ms)  cpos=572

[spec] generated 8 tokens over 5 verifies: mean tokens/verify = 1.60 (block=5, max 6)
[spec] tokens: 16982 12061 56 16982 54 3018 16982 12061
[spec] SPEC-DECODE: 81.8 ms/tok = 12.23 tok/s  (vs base M=1 68.8 ms/tok = 14.53 tok/s -> 0.84x)
[decode] PREFILL: 581 positions in 9245.0 ms = 62.8 tok/s (15.912 ms/tok)
[capture] wrote /home/patrickd/s5-capture/s3recap/c1/cap/shard_p397_s000581.dspc  581 tok x (3 taps + 1 lm_in) x 4096 = 18.2 MB (32.0 KB/tok)
[probe] wrote 16 draft probes (block=5) to /home/patrickd/s5-capture/s3recap/c1/cap/drafts_p397_s000581.txt
[spec] decoding 8 tokens (block=5, draft passes=1, adaptK=1.50, prompt=397 s=582)...
  [margins] 8.30 13.26 5.23 8.85 9.03  K=6
  verify 1: accepted 5/5 (K=6) + correction -> +6 tokens (163.4 ms)  cpos=587
  [margins] 8.63 13.74 3.40 8.59 10.16  K=6
  verify 2: accepted 5/5 (K=6) + correction -> +6 tokens (168.7 ms)  cpos=593

[spec] generated 12 tokens over 2 verifies: mean tokens/verify = 6.00 (block=5, max 6)
[spec] tokens: 16 4100 574 16 4100 574 16 4100 574 16 4100 574
[spec] SPEC-DECODE: 28.1 ms/tok = 35.57 tok/s  (vs base M=1 68.8 ms/tok = 14.53 tok/s -> 2.45x)
[decode] PREFILL: 545 positions in 8664.4 ms = 62.9 tok/s (15.898 ms/tok)
[capture] wrote /home/patrickd/s5-capture/s3recap/c1/cap/shard_p398_s000545.dspc  545 tok x (3 taps + 1 lm_in) x 4096 = 17.0 MB (32.0 KB/tok)
[probe] wrote 16 draft probes (block=5) to /home/patrickd/s5-capture/s3recap/c1/cap/drafts_p398_s000545.txt
[spec] decoding 8 tokens (block=5, draft passes=1, adaptK=1.50, prompt=398 s=546)...
  [margins] 0.68 4.56 0.69 0.04 1.08  K=3
  verify 1: accepted 0/2 (K=3) + correction -> +1 tokens (121.4 ms)  cpos=546
  [margins] 0.21 2.29 0.15 6.23 1.04  K=3
  verify 2: accepted 0/2 (K=3) + correction -> +1 tokens (121.8 ms)  cpos=547
  [margins] 9.39 2.12 2.77 4.21 9.34  K=6
  verify 3: accepted 3/5 (K=6) + correction -> +4 tokens (170.0 ms)  cpos=551
  [margins] 9.46 8.06 1.31 0.76 0.25  K=3
  verify 4: accepted 2/2 (K=3) + correction -> +3 tokens (119.7 ms)  cpos=554

[spec] generated 9 tokens over 4 verifies: mean tokens/verify = 2.25 (block=5, max 6)
[spec] tokens: 11007 7823 362 7918 995 344 9234 295 35262
[spec] SPEC-DECODE: 51.4 ms/tok = 19.44 tok/s  (vs base M=1 68.8 ms/tok = 14.53 tok/s -> 1.34x)
[decode] PREFILL: 525 positions in 8333.4 ms = 63.0 tok/s (15.873 ms/tok)
[capture] wrote /home/patrickd/s5-capture/s3recap/c1/cap/shard_p399_s000525.dspc  525 tok x (3 taps + 1 lm_in) x 4096 = 16.4 MB (32.0 KB/tok)
[probe] wrote 16 draft probes (block=5) to /home/patrickd/s5-capture/s3recap/c1/cap/drafts_p399_s000525.txt
[spec] decoding 8 tokens (block=5, draft passes=1, adaptK=1.50, prompt=399 s=526)...
  [margins] 4.21 0.33 2.22 0.82 4.34  K=2
  verify 1: accepted 1/1 (K=2) + correction -> +2 tokens (107.6 ms)  cpos=527
  [margins] 3.70 0.17 2.34 2.65 0.19  K=2
  verify 2: accepted 1/1 (K=2) + correction -> +2 tokens (110.4 ms)  cpos=529
  [margins] 0.63 1.35 0.54 0.96 1.85  K=2
  verify 3: accepted 1/1 (K=2) + correction -> +2 tokens (104.6 ms)  cpos=531
  [margins] 0.13 3.49 1.77 5.15 0.70  K=5
  verify 4: accepted 0/4 (K=5) + correction -> +1 tokens (151.9 ms)  cpos=532
  [margins] 2.84 2.12 1.68 2.68 2.04  K=6
  verify 5: accepted 4/5 (K=6) + correction -> +5 tokens (160.9 ms)  cpos=537

[spec] generated 12 tokens over 5 verifies: mean tokens/verify = 2.40 (block=5, max 6)
[spec] tokens: 8454 16 9710 8561 14 1952 418 1660 915 305 418 786
[spec] SPEC-DECODE: 52.8 ms/tok = 18.95 tok/s  (vs base M=1 68.8 ms/tok = 14.53 tok/s -> 1.30x)
[decode] PREFILL: 565 positions in 8982.3 ms = 62.9 tok/s (15.898 ms/tok)
[capture] wrote /home/patrickd/s5-capture/s3recap/c1/cap/shard_p400_s000565.dspc  565 tok x (3 taps + 1 lm_in) x 4096 = 17.7 MB (32.0 KB/tok)
[probe] wrote 16 draft probes (block=5) to /home/patrickd/s5-capture/s3recap/c1/cap/drafts_p400_s000565.txt
[spec] decoding 8 tokens (block=5, draft passes=1, adaptK=1.50, prompt=400 s=566)...
  [margins] 17.50 15.26 14.87 14.47 1.63  K=6
  verify 1: accepted 5/5 (K=6) + correction -> +6 tokens (169.3 ms)  cpos=571
  [margins] 15.73 12.62 14.74 12.72 12.97  K=6
  verify 2: accepted 5/5 (K=6) + correction -> +6 tokens (172.3 ms)  cpos=577

[spec] generated 12 tokens over 2 verifies: mean tokens/verify = 6.00 (block=5, max 6)
[spec] tokens: 14 1205 6276 362 270 11499 1014 33 9361 28 223 20
[spec] SPEC-DECODE: 28.7 ms/tok = 34.82 tok/s  (vs base M=1 68.8 ms/tok = 14.53 tok/s -> 2.40x)
[decode] PREFILL: 554 positions in 8788.5 ms = 63.0 tok/s (15.864 ms/tok)
[capture] wrote /home/patrickd/s5-capture/s3recap/c1/cap/shard_p401_s000554.dspc  554 tok x (3 taps + 1 lm_in) x 4096 = 17.3 MB (32.0 KB/tok)
[probe] wrote 16 draft probes (block=5) to /home/patrickd/s5-capture/s3recap/c1/cap/drafts_p401_s000554.txt
[spec] decoding 8 tokens (block=5, draft passes=1, adaptK=1.50, prompt=401 s=555)...
  [margins] 10.79 10.80 7.43 11.66 7.46  K=6
  verify 1: accepted 5/5 (K=6) + correction -> +6 tokens (162.7 ms)  cpos=560
  [margins] 10.76 10.45 5.64 11.99 7.66  K=6
  verify 2: accepted 5/5 (K=6) + correction -> +6 tokens (156.8 ms)  cpos=566

[spec] generated 12 tokens over 2 verifies: mean tokens/verify = 6.00 (block=5, max 6)
[spec] tokens: 11 3749 11 3749 11 3749 11 3749 11 3749 11 3749
[spec] SPEC-DECODE: 26.1 ms/tok = 38.27 tok/s  (vs base M=1 68.8 ms/tok = 14.53 tok/s -> 2.63x)
[decode] PREFILL: 1014 positions in 16292.0 ms = 62.2 tok/s (16.067 ms/tok)
[capture] wrote /home/patrickd/s5-capture/s3recap/c1/cap/shard_p402_s001014.dspc  1014 tok x (3 taps + 1 lm_in) x 4096 = 31.7 MB (32.0 KB/tok)
[probe] wrote 16 draft probes (block=5) to /home/patrickd/s5-capture/s3recap/c1/cap/drafts_p402_s001014.txt
[spec] decoding 8 tokens (block=5, draft passes=1, adaptK=1.50, prompt=402 s=1015)...
  [margins] 12.50 13.97 14.47 2.21 8.62  K=6
  verify 1: accepted 3/5 (K=6) + correction -> +4 tokens (175.4 ms)  cpos=1018
  [margins] 12.72 14.40 13.43 1.95 9.92  K=6
  verify 2: accepted 3/5 (K=6) + correction -> +4 tokens (182.8 ms)  cpos=1022

[spec] generated 8 tokens over 2 verifies: mean tokens/verify = 4.00 (block=5, max 6)
[spec] tokens: 3749 11 3749 11 3749 11 3749 11
[spec] SPEC-DECODE: 45.7 ms/tok = 21.89 tok/s  (vs base M=1 68.8 ms/tok = 14.53 tok/s -> 1.51x)
[decode] PREFILL: 541 positions in 8570.8 ms = 63.1 tok/s (15.843 ms/tok)
[capture] wrote /home/patrickd/s5-capture/s3recap/c1/cap/shard_p403_s000541.dspc  541 tok x (3 taps + 1 lm_in) x 4096 = 16.9 MB (32.0 KB/tok)
[probe] wrote 16 draft probes (block=5) to /home/patrickd/s5-capture/s3recap/c1/cap/drafts_p403_s000541.txt
[spec] decoding 8 tokens (block=5, draft passes=1, adaptK=1.50, prompt=403 s=542)...
  [margins] 14.28 8.63 13.42 3.26 7.17  K=6
  verify 1: accepted 3/5 (K=6) + correction -> +4 tokens (164.5 ms)  cpos=545
  [margins] 15.56 7.71 12.85 0.82 3.41  K=4
  verify 2: accepted 3/3 (K=4) + correction -> +4 tokens (134.5 ms)  cpos=549

[spec] generated 8 tokens over 2 verifies: mean tokens/verify = 4.00 (block=5, max 6)
[spec] tokens: 3749 11 3749 11 3749 11 3749 11
[spec] SPEC-DECODE: 33.6 ms/tok = 29.75 tok/s  (vs base M=1 68.8 ms/tok = 14.53 tok/s -> 2.05x)
[decode] PREFILL: 538 positions in 8531.3 ms = 63.1 tok/s (15.857 ms/tok)
[capture] wrote /home/patrickd/s5-capture/s3recap/c1/cap/shard_p404_s000538.dspc  538 tok x (3 taps + 1 lm_in) x 4096 = 16.8 MB (32.0 KB/tok)
[probe] wrote 16 draft probes (block=5) to /home/patrickd/s5-capture/s3recap/c1/cap/drafts_p404_s000538.txt
[spec] decoding 8 tokens (block=5, draft passes=1, adaptK=1.50, prompt=404 s=539)...
  [margins] 14.82 10.69 10.64 12.86 11.89  K=6
  verify 1: accepted 5/5 (K=6) + correction -> +6 tokens (167.8 ms)  cpos=544
  [margins] 14.97 10.37 10.22 13.73 11.22  K=6
  verify 2: accepted 5/5 (K=6) + correction -> +6 tokens (161.8 ms)  cpos=550

[spec] generated 12 tokens over 2 verifies: mean tokens/verify = 6.00 (block=5, max 6)
[spec] tokens: 88 16 16374 88 16 16374 88 16 16374 88 16 16374
[spec] SPEC-DECODE: 27.0 ms/tok = 37.07 tok/s  (vs base M=1 68.8 ms/tok = 14.53 tok/s -> 2.55x)
[decode] PREFILL: 585 positions in 9305.7 ms = 62.9 tok/s (15.907 ms/tok)
[capture] wrote /home/patrickd/s5-capture/s3recap/c1/cap/shard_p405_s000585.dspc  585 tok x (3 taps + 1 lm_in) x 4096 = 18.3 MB (32.0 KB/tok)
[probe] wrote 16 draft probes (block=5) to /home/patrickd/s5-capture/s3recap/c1/cap/drafts_p405_s000585.txt
[spec] decoding 8 tokens (block=5, draft passes=1, adaptK=1.50, prompt=405 s=586)...
  [margins] 11.76 3.09 5.52 7.29 9.60  K=6
  verify 1: accepted 5/5 (K=6) + correction -> +6 tokens (169.5 ms)  cpos=591
  [margins] 21.22 24.81 12.61 12.55 10.31  K=6
  verify 2: accepted 5/5 (K=6) + correction -> +6 tokens (173.0 ms)  cpos=597

[spec] generated 12 tokens over 2 verifies: mean tokens/verify = 6.00 (block=5, max 6)
[spec] tokens: 6420 16 1166 344 260 1748 30188 284 8469 418 260 223
[spec] SPEC-DECODE: 28.8 ms/tok = 34.68 tok/s  (vs base M=1 68.8 ms/tok = 14.53 tok/s -> 2.39x)
[decode] PREFILL: 535 positions in 8496.3 ms = 63.0 tok/s (15.881 ms/tok)
[capture] wrote /home/patrickd/s5-capture/s3recap/c1/cap/shard_p406_s000535.dspc  535 tok x (3 taps + 1 lm_in) x 4096 = 16.7 MB (32.0 KB/tok)
[probe] wrote 16 draft probes (block=5) to /home/patrickd/s5-capture/s3recap/c1/cap/drafts_p406_s000535.txt
[spec] decoding 8 tokens (block=5, draft passes=1, adaptK=1.50, prompt=406 s=536)...
  [margins] 18.33 17.12 16.20 15.05 13.78  K=6
  verify 1: accepted 5/5 (K=6) + correction -> +6 tokens (175.6 ms)  cpos=541
  [margins] 15.40 16.00 17.74 12.50 14.11  K=6
  verify 2: accepted 5/5 (K=6) + correction -> +6 tokens (167.9 ms)  cpos=547

[spec] generated 12 tokens over 2 verifies: mean tokens/verify = 6.00 (block=5, max 6)
[spec] tokens: 2511 14 2910 764 19 14 20 14 21 14 22 3031
[spec] SPEC-DECODE: 28.0 ms/tok = 35.73 tok/s  (vs base M=1 68.8 ms/tok = 14.53 tok/s -> 2.46x)
[decode] PREFILL: 534 positions in 8478.8 ms = 63.0 tok/s (15.878 ms/tok)
[capture] wrote /home/patrickd/s5-capture/s3recap/c1/cap/shard_p407_s000534.dspc  534 tok x (3 taps + 1 lm_in) x 4096 = 16.7 MB (32.0 KB/tok)
[probe] wrote 16 draft probes (block=5) to /home/patrickd/s5-capture/s3recap/c1/cap/drafts_p407_s000534.txt
[spec] decoding 8 tokens (block=5, draft passes=1, adaptK=1.50, prompt=407 s=535)...
  [margins] 17.81 2.19 10.20 4.96 1.02  K=5
  verify 1: accepted 1/4 (K=5) + correction -> +2 tokens (150.7 ms)  cpos=536
  [margins] 13.99 11.63 5.58 8.80 9.48  K=6
  verify 2: accepted 5/5 (K=6) + correction -> +6 tokens (169.5 ms)  cpos=542

[spec] generated 8 tokens over 2 verifies: mean tokens/verify = 4.00 (block=5, max 6)
[spec] tokens: 366 14139 16 9909 1353 16 455 2019
[spec] SPEC-DECODE: 28.3 ms/tok = 35.39 tok/s  (vs base M=1 68.8 ms/tok = 14.53 tok/s -> 2.44x)
[decode] PREFILL: 674 positions in 10767.6 ms = 62.6 tok/s (15.976 ms/tok)
[capture] wrote /home/patrickd/s5-capture/s3recap/c1/cap/shard_p408_s000674.dspc  674 tok x (3 taps + 1 lm_in) x 4096 = 21.1 MB (32.0 KB/tok)
[probe] wrote 16 draft probes (block=5) to /home/patrickd/s5-capture/s3recap/c1/cap/drafts_p408_s000674.txt
[spec] decoding 8 tokens (block=5, draft passes=1, adaptK=1.50, prompt=408 s=675)...
  [margins] 6.33 0.47 1.29 0.64 3.13  K=2
  verify 1: accepted 1/1 (K=2) + correction -> +2 tokens (113.2 ms)  cpos=676
  [margins] 1.99 7.76 2.22 6.35 6.21  K=6
  verify 2: accepted 0/5 (K=6) + correction -> +1 tokens (167.8 ms)  cpos=677
  [margins] 1.09 2.64 6.40 6.24 2.45  K=6
  verify 3: accepted 0/5 (K=6) + correction -> +1 tokens (165.9 ms)  cpos=678
  [margins] 3.14 7.45 8.13 4.32 0.53  K=5
  verify 4: accepted 3/4 (K=5) + correction -> +4 tokens (146.7 ms)  cpos=682

[spec] generated 8 tokens over 4 verifies: mean tokens/verify = 2.00 (block=5, max 6)
[spec] tokens: 13656 294 16579 4096 979 19 16 56059
[spec] SPEC-DECODE: 80.1 ms/tok = 12.49 tok/s  (vs base M=1 68.8 ms/tok = 14.53 tok/s -> 0.86x)
[decode] PREFILL: 1629 positions in 26623.1 ms = 61.2 tok/s (16.343 ms/tok)
[capture] wrote /home/patrickd/s5-capture/s3recap/c1/cap/shard_p409_s001629.dspc  1629 tok x (3 taps + 1 lm_in) x 4096 = 50.9 MB (32.0 KB/tok)
[probe] wrote 16 draft probes (block=5) to /home/patrickd/s5-capture/s3recap/c1/cap/drafts_p409_s001629.txt
[spec] decoding 8 tokens (block=5, draft passes=1, adaptK=1.50, prompt=409 s=1630)...
  [margins] 10.16 13.19 10.24 11.83 9.82  K=6
  verify 1: accepted 5/5 (K=6) + correction -> +6 tokens (174.8 ms)  cpos=1635
  [margins] 9.67 12.34 9.99 11.72 9.69  K=6
  verify 2: accepted 5/5 (K=6) + correction -> +6 tokens (174.1 ms)  cpos=1641

[spec] generated 12 tokens over 2 verifies: mean tokens/verify = 6.00 (block=5, max 6)
[spec] tokens: 16 70404 16 70404 16 70404 16 70404 16 70404 16 70404
[spec] SPEC-DECODE: 29.0 ms/tok = 34.46 tok/s  (vs base M=1 68.8 ms/tok = 14.53 tok/s -> 2.37x)
[decode] PREFILL: 529 positions in 8411.2 ms = 62.9 tok/s (15.900 ms/tok)
[capture] wrote /home/patrickd/s5-capture/s3recap/c1/cap/shard_p410_s000529.dspc  529 tok x (3 taps + 1 lm_in) x 4096 = 16.5 MB (32.0 KB/tok)
[probe] wrote 16 draft probes (block=5) to /home/patrickd/s5-capture/s3recap/c1/cap/drafts_p410_s000529.txt
[spec] decoding 8 tokens (block=5, draft passes=1, adaptK=1.50, prompt=410 s=530)...
  [margins] 10.38 2.22 8.00 1.07 0.25  K=4
  verify 1: accepted 1/3 (K=4) + correction -> +2 tokens (137.1 ms)  cpos=531
  [margins] 8.11 0.60 1.97 2.98 0.60  K=2
  verify 2: accepted 1/1 (K=2) + correction -> +2 tokens (110.7 ms)  cpos=533
  [margins] 10.12 8.16 4.44 0.51 4.70  K=4
  verify 3: accepted 3/3 (K=4) + correction -> +4 tokens (133.9 ms)  cpos=537

[spec] generated 8 tokens over 3 verifies: mean tokens/verify = 2.67 (block=5, max 6)
[spec] tokens: 305 19041 16 455 7703 1531 990 366
[spec] SPEC-DECODE: 40.8 ms/tok = 24.53 tok/s  (vs base M=1 68.8 ms/tok = 14.53 tok/s -> 1.69x)
[decode] PREFILL: 604 positions in 9608.3 ms = 62.9 tok/s (15.908 ms/tok)
[capture] wrote /home/patrickd/s5-capture/s3recap/c1/cap/shard_p411_s000604.dspc  604 tok x (3 taps + 1 lm_in) x 4096 = 18.9 MB (32.0 KB/tok)
[probe] wrote 16 draft probes (block=5) to /home/patrickd/s5-capture/s3recap/c1/cap/drafts_p411_s000604.txt
[spec] decoding 8 tokens (block=5, draft passes=1, adaptK=1.50, prompt=411 s=605)...
  [margins] 10.42 14.21 17.44 13.11 12.64  K=6
  verify 1: accepted 5/5 (K=6) + correction -> +6 tokens (169.4 ms)  cpos=610
  [margins] 19.48 12.00 17.63 8.61 0.57  K=5
  verify 2: accepted 4/4 (K=5) + correction -> +5 tokens (149.0 ms)  cpos=615

[spec] generated 11 tokens over 2 verifies: mean tokens/verify = 5.50 (block=5, max 6)
[spec] tokens: 270 4105 2786 554 1354 260 6405 60241 4181 16 57762
[spec] SPEC-DECODE: 29.8 ms/tok = 33.56 tok/s  (vs base M=1 68.8 ms/tok = 14.53 tok/s -> 2.31x)
[decode] PREFILL: 615 positions in 9801.2 ms = 62.7 tok/s (15.937 ms/tok)
[capture] wrote /home/patrickd/s5-capture/s3recap/c1/cap/shard_p412_s000615.dspc  615 tok x (3 taps + 1 lm_in) x 4096 = 19.2 MB (32.0 KB/tok)
[probe] wrote 16 draft probes (block=5) to /home/patrickd/s5-capture/s3recap/c1/cap/drafts_p412_s000615.txt
[spec] decoding 8 tokens (block=5, draft passes=1, adaptK=1.50, prompt=412 s=616)...
  [margins] 10.33 14.67 5.24 9.73 7.35  K=6
  verify 1: accepted 5/5 (K=6) + correction -> +6 tokens (178.7 ms)  cpos=621
  [margins] 13.48 17.71 15.97 16.17 12.41  K=6
  verify 2: accepted 5/5 (K=6) + correction -> +6 tokens (169.2 ms)  cpos=627

[spec] generated 12 tokens over 2 verifies: mean tokens/verify = 6.00 (block=5, max 6)
[spec] tokens: 63172 362 270 12529 12123 16 455 4813 4105 1926 344 979
[spec] SPEC-DECODE: 28.2 ms/tok = 35.46 tok/s  (vs base M=1 68.8 ms/tok = 14.53 tok/s -> 2.44x)
[decode] PREFILL: 563 positions in 8946.3 ms = 62.9 tok/s (15.890 ms/tok)
[capture] wrote /home/patrickd/s5-capture/s3recap/c1/cap/shard_p413_s000563.dspc  563 tok x (3 taps + 1 lm_in) x 4096 = 17.6 MB (32.0 KB/tok)
[probe] wrote 16 draft probes (block=5) to /home/patrickd/s5-capture/s3recap/c1/cap/drafts_p413_s000563.txt
[spec] decoding 8 tokens (block=5, draft passes=1, adaptK=1.50, prompt=413 s=564)...
  [margins] 9.76 12.23 6.59 12.18 5.27  K=6
  verify 1: accepted 5/5 (K=6) + correction -> +6 tokens (164.4 ms)  cpos=569
  [margins] 9.15 11.55 3.54 12.24 6.73  K=6
  verify 2: accepted 5/5 (K=6) + correction -> +6 tokens (157.6 ms)  cpos=575

[spec] generated 12 tokens over 2 verifies: mean tokens/verify = 6.00 (block=5, max 6)
[spec] tokens: 11 3749 11 3749 11 3749 11 3749 11 3749 11 3749
[spec] SPEC-DECODE: 26.3 ms/tok = 38.08 tok/s  (vs base M=1 68.8 ms/tok = 14.53 tok/s -> 2.62x)
[decode] PREFILL: 572 positions in 9090.0 ms = 62.9 tok/s (15.892 ms/tok)
[capture] wrote /home/patrickd/s5-capture/s3recap/c1/cap/shard_p414_s000572.dspc  572 tok x (3 taps + 1 lm_in) x 4096 = 17.9 MB (32.0 KB/tok)
[probe] wrote 16 draft probes (block=5) to /home/patrickd/s5-capture/s3recap/c1/cap/drafts_p414_s000572.txt
[spec] decoding 8 tokens (block=5, draft passes=1, adaptK=1.50, prompt=414 s=573)...
  [margins] 18.11 9.47 13.58 17.97 1.51  K=6
  verify 1: accepted 4/5 (K=6) + correction -> +5 tokens (167.3 ms)  cpos=577
  [margins] 13.35 16.24 11.40 14.20 11.21  K=6
  verify 2: accepted 5/5 (K=6) + correction -> +6 tokens (172.5 ms)  cpos=583

[spec] generated 11 tokens over 2 verifies: mean tokens/verify = 5.50 (block=5, max 6)
[spec] tokens: 15171 513 20465 223 15555 20 16 455 2019 1531 9495
[spec] SPEC-DECODE: 28.8 ms/tok = 34.77 tok/s  (vs base M=1 68.8 ms/tok = 14.53 tok/s -> 2.39x)
[decode] PREFILL: 591 positions in 9396.5 ms = 62.9 tok/s (15.899 ms/tok)
[capture] wrote /home/patrickd/s5-capture/s3recap/c1/cap/shard_p415_s000591.dspc  591 tok x (3 taps + 1 lm_in) x 4096 = 18.5 MB (32.0 KB/tok)
[probe] wrote 16 draft probes (block=5) to /home/patrickd/s5-capture/s3recap/c1/cap/drafts_p415_s000591.txt
[spec] decoding 8 tokens (block=5, draft passes=1, adaptK=1.50, prompt=415 s=592)...
  [margins] 7.01 2.26 8.96 7.37 7.40  K=6
  verify 1: accepted 5/5 (K=6) + correction -> +6 tokens (176.6 ms)  cpos=597
  [margins] 16.57 12.23 11.85 5.45 0.13  K=5
  verify 2: accepted 4/4 (K=5) + correction -> +5 tokens (150.6 ms)  cpos=602

[spec] generated 11 tokens over 2 verifies: mean tokens/verify = 5.50 (block=5, max 6)
[spec] tokens: 16 23335 270 4105 1926 295 260 4181 5603 16 26024
[spec] SPEC-DECODE: 30.1 ms/tok = 33.19 tok/s  (vs base M=1 68.8 ms/tok = 14.53 tok/s -> 2.28x)
[decode] PREFILL: 595 positions in 9464.1 ms = 62.9 tok/s (15.906 ms/tok)
[capture] wrote /home/patrickd/s5-capture/s3recap/c1/cap/shard_p416_s000595.dspc  595 tok x (3 taps + 1 lm_in) x 4096 = 18.6 MB (32.0 KB/tok)
[probe] wrote 16 draft probes (block=5) to /home/patrickd/s5-capture/s3recap/c1/cap/drafts_p416_s000595.txt
[spec] decoding 8 tokens (block=5, draft passes=1, adaptK=1.50, prompt=416 s=596)...
  [margins] 14.55 15.07 11.44 13.33 12.43  K=6
  verify 1: accepted 5/5 (K=6) + correction -> +6 tokens (171.8 ms)  cpos=601
  [margins] 12.23 15.14 11.42 12.05 9.78  K=6
  verify 2: accepted 5/5 (K=6) + correction -> +6 tokens (165.5 ms)  cpos=607

[spec] generated 12 tokens over 2 verifies: mean tokens/verify = 6.00 (block=5, max 6)
[spec] tokens: 223 10969 16 223 6970 16 223 10410 16 223 10669 16
[spec] SPEC-DECODE: 27.6 ms/tok = 36.25 tok/s  (vs base M=1 68.8 ms/tok = 14.53 tok/s -> 2.49x)
[decode] PREFILL: 541 positions in 8582.0 ms = 63.0 tok/s (15.863 ms/tok)
[capture] wrote /home/patrickd/s5-capture/s3recap/c1/cap/shard_p417_s000541.dspc  541 tok x (3 taps + 1 lm_in) x 4096 = 16.9 MB (32.0 KB/tok)
[probe] wrote 16 draft probes (block=5) to /home/patrickd/s5-capture/s3recap/c1/cap/drafts_p417_s000541.txt
[spec] decoding 8 tokens (block=5, draft passes=1, adaptK=1.50, prompt=417 s=542)...
  [margins] 12.59 21.30 12.88 13.42 2.86  K=6
  verify 1: accepted 5/5 (K=6) + correction -> +6 tokens (171.0 ms)  cpos=547
  [margins] 5.79 9.13 5.14 3.98 8.63  K=6
  verify 2: accepted 5/5 (K=6) + correction -> +6 tokens (169.0 ms)  cpos=553

[spec] generated 12 tokens over 2 verifies: mean tokens/verify = 6.00 (block=5, max 6)
[spec] tokens: 361 1823 24800 28 70656 271 61 39608 15233 1839 5 12873
[spec] SPEC-DECODE: 28.2 ms/tok = 35.51 tok/s  (vs base M=1 68.8 ms/tok = 14.53 tok/s -> 2.44x)
[decode] PREFILL: 543 positions in 8618.6 ms = 63.0 tok/s (15.872 ms/tok)
[capture] wrote /home/patrickd/s5-capture/s3recap/c1/cap/shard_p418_s000543.dspc  543 tok x (3 taps + 1 lm_in) x 4096 = 17.0 MB (32.0 KB/tok)
[probe] wrote 16 draft probes (block=5) to /home/patrickd/s5-capture/s3recap/c1/cap/drafts_p418_s000543.txt
[spec] decoding 8 tokens (block=5, draft passes=1, adaptK=1.50, prompt=418 s=544)...
  [margins] 8.86 11.62 10.87 5.26 4.84  K=6
  verify 1: accepted 5/5 (K=6) + correction -> +6 tokens (175.5 ms)  cpos=549
  [margins] 8.73 9.92 5.18 6.70 4.70  K=6
  verify 2: accepted 5/5 (K=6) + correction -> +6 tokens (168.0 ms)  cpos=555

[spec] generated 12 tokens over 2 verifies: mean tokens/verify = 6.00 (block=5, max 6)
[spec] tokens: 16 455 4181 344 260 3244 16 455 2019 344 260 37880
[spec] SPEC-DECODE: 28.0 ms/tok = 35.71 tok/s  (vs base M=1 68.8 ms/tok = 14.53 tok/s -> 2.46x)
[decode] PREFILL: 678 positions in 10819.1 ms = 62.7 tok/s (15.957 ms/tok)
[capture] wrote /home/patrickd/s5-capture/s3recap/c1/cap/shard_p419_s000678.dspc  678 tok x (3 taps + 1 lm_in) x 4096 = 21.2 MB (32.0 KB/tok)
[probe] wrote 16 draft probes (block=5) to /home/patrickd/s5-capture/s3recap/c1/cap/drafts_p419_s000678.txt
[spec] decoding 8 tokens (block=5, draft passes=1, adaptK=1.50, prompt=419 s=679)...
  [margins] 13.25 13.50 6.82 12.80 22.95  K=6
  verify 1: accepted 5/5 (K=6) + correction -> +6 tokens (180.7 ms)  cpos=684
  [margins] 13.90 21.40 15.61 15.44 8.89  K=6
  verify 2: accepted 5/5 (K=6) + correction -> +6 tokens (170.0 ms)  cpos=690

[spec] generated 12 tokens over 2 verifies: mean tokens/verify = 6.00 (block=5, max 6)
[spec] tokens: 1557 16 1366 7562 67 16 7684 82 9636 77 1059 16
[spec] SPEC-DECODE: 28.3 ms/tok = 35.29 tok/s  (vs base M=1 68.8 ms/tok = 14.53 tok/s -> 2.43x)
[decode] PREFILL: 592 positions in 9396.5 ms = 63.0 tok/s (15.873 ms/tok)
[capture] wrote /home/patrickd/s5-capture/s3recap/c1/cap/shard_p420_s000592.dspc  592 tok x (3 taps + 1 lm_in) x 4096 = 18.5 MB (32.0 KB/tok)
[probe] wrote 16 draft probes (block=5) to /home/patrickd/s5-capture/s3recap/c1/cap/drafts_p420_s000592.txt
[spec] decoding 8 tokens (block=5, draft passes=1, adaptK=1.50, prompt=420 s=593)...
  [margins] 14.53 14.65 7.81 14.67 14.69  K=6
  verify 1: accepted 5/5 (K=6) + correction -> +6 tokens (162.4 ms)  cpos=598
  [margins] 14.74 16.11 8.80 15.20 14.71  K=6
  verify 2: accepted 5/5 (K=6) + correction -> +6 tokens (167.7 ms)  cpos=604

[spec] generated 12 tokens over 2 verifies: mean tokens/verify = 6.00 (block=5, max 6)
[spec] tokens: 4617 272 16 4617 272 16 4617 272 16 4617 272 16
[spec] SPEC-DECODE: 28.0 ms/tok = 35.77 tok/s  (vs base M=1 68.8 ms/tok = 14.53 tok/s -> 2.46x)
[decode] PREFILL: 633 positions in 10071.3 ms = 62.9 tok/s (15.910 ms/tok)
[capture] wrote /home/patrickd/s5-capture/s3recap/c1/cap/shard_p421_s000633.dspc  633 tok x (3 taps + 1 lm_in) x 4096 = 19.8 MB (32.0 KB/tok)
[probe] wrote 16 draft probes (block=5) to /home/patrickd/s5-capture/s3recap/c1/cap/drafts_p421_s000633.txt
[spec] decoding 8 tokens (block=5, draft passes=1, adaptK=1.50, prompt=421 s=634)...
  [margins] 3.37 2.00 6.03 2.35 0.39  K=5
  verify 1: accepted 3/4 (K=5) + correction -> +4 tokens (149.7 ms)  cpos=637
  [margins] 6.00 7.00 0.86 1.90 5.86  K=3
  verify 2: accepted 2/2 (K=3) + correction -> +3 tokens (139.5 ms)  cpos=640
  [margins] 6.13 7.07 11.26 0.16 2.05  K=4
  verify 3: accepted 3/3 (K=4) + correction -> +4 tokens (137.4 ms)  cpos=644

[spec] generated 11 tokens over 3 verifies: mean tokens/verify = 3.67 (block=5, max 6)
[spec] tokens: 1047 5984 295 14416 377 11212 603 23 16 2619 46
[spec] SPEC-DECODE: 39.6 ms/tok = 25.28 tok/s  (vs base M=1 68.8 ms/tok = 14.53 tok/s -> 1.74x)
[decode] PREFILL: 531 positions in 8435.5 ms = 62.9 tok/s (15.886 ms/tok)
[capture] wrote /home/patrickd/s5-capture/s3recap/c1/cap/shard_p422_s000531.dspc  531 tok x (3 taps + 1 lm_in) x 4096 = 16.6 MB (32.0 KB/tok)
[probe] wrote 16 draft probes (block=5) to /home/patrickd/s5-capture/s3recap/c1/cap/drafts_p422_s000531.txt
[spec] decoding 8 tokens (block=5, draft passes=1, adaptK=1.50, prompt=422 s=532)...
  [margins] 11.21 17.15 12.03 11.99 7.79  K=6
  verify 1: accepted 5/5 (K=6) + correction -> +6 tokens (168.4 ms)  cpos=537
  [margins] 10.38 12.64 7.45 17.52 9.94  K=6
  verify 2: accepted 5/5 (K=6) + correction -> +6 tokens (162.2 ms)  cpos=543

[spec] generated 12 tokens over 2 verifies: mean tokens/verify = 6.00 (block=5, max 6)
[spec] tokens: 104959 2739 16 7301 104959 2739 16 7301 104959 2739 16 7301
[spec] SPEC-DECODE: 27.0 ms/tok = 37.00 tok/s  (vs base M=1 68.8 ms/tok = 14.53 tok/s -> 2.55x)
[decode] PREFILL: 576 positions in 9151.0 ms = 62.9 tok/s (15.887 ms/tok)
[capture] wrote /home/patrickd/s5-capture/s3recap/c1/cap/shard_p423_s000576.dspc  576 tok x (3 taps + 1 lm_in) x 4096 = 18.0 MB (32.0 KB/tok)
[probe] wrote 16 draft probes (block=5) to /home/patrickd/s5-capture/s3recap/c1/cap/drafts_p423_s000576.txt
[spec] decoding 8 tokens (block=5, draft passes=1, adaptK=1.50, prompt=423 s=577)...
  [margins] 16.82 17.43 9.58 20.26 13.80  K=6
  verify 1: accepted 5/5 (K=6) + correction -> +6 tokens (171.1 ms)  cpos=582
  [margins] 19.61 14.19 17.07 17.93 12.08  K=6
  verify 2: accepted 5/5 (K=6) + correction -> +6 tokens (173.0 ms)  cpos=588

[spec] generated 12 tokens over 2 verifies: mean tokens/verify = 6.00 (block=5, max 6)
[spec] tokens: 28249 28 4105 7907 14 89073 28 9517 19 31 5197 19
[spec] SPEC-DECODE: 28.8 ms/tok = 34.69 tok/s  (vs base M=1 68.8 ms/tok = 14.53 tok/s -> 2.39x)
[decode] PREFILL: 535 positions in 8492.7 ms = 63.0 tok/s (15.874 ms/tok)
[capture] wrote /home/patrickd/s5-capture/s3recap/c1/cap/shard_p424_s000535.dspc  535 tok x (3 taps + 1 lm_in) x 4096 = 16.7 MB (32.0 KB/tok)
[probe] wrote 16 draft probes (block=5) to /home/patrickd/s5-capture/s3recap/c1/cap/drafts_p424_s000535.txt
[spec] decoding 8 tokens (block=5, draft passes=1, adaptK=1.50, prompt=424 s=536)...
  [margins] 10.67 14.09 10.40 14.99 7.97  K=6
  verify 1: accepted 5/5 (K=6) + correction -> +6 tokens (176.6 ms)  cpos=541
  [margins] 10.94 9.11 9.59 0.32 12.61  K=4
  verify 2: accepted 3/3 (K=4) + correction -> +4 tokens (134.9 ms)  cpos=545

[spec] generated 10 tokens over 2 verifies: mean tokens/verify = 5.00 (block=5, max 6)
[spec] tokens: 455 2019 1531 9495 3737 418 6646 305 52964 612
[spec] SPEC-DECODE: 33.7 ms/tok = 29.66 tok/s  (vs base M=1 68.8 ms/tok = 14.53 tok/s -> 2.04x)
[decode] PREFILL: 606 positions in 9643.9 ms = 62.8 tok/s (15.914 ms/tok)
[capture] wrote /home/patrickd/s5-capture/s3recap/c1/cap/shard_p425_s000606.dspc  606 tok x (3 taps + 1 lm_in) x 4096 = 18.9 MB (32.0 KB/tok)
[probe] wrote 16 draft probes (block=5) to /home/patrickd/s5-capture/s3recap/c1/cap/drafts_p425_s000606.txt
[spec] decoding 8 tokens (block=5, draft passes=1, adaptK=1.50, prompt=425 s=607)...
  [margins] 14.18 11.13 5.16 0.64 6.96  K=4
  verify 1: accepted 3/3 (K=4) + correction -> +4 tokens (141.7 ms)  cpos=610
  [margins] 16.65 12.30 19.82 12.60 1.19  K=5
  verify 2: accepted 4/4 (K=5) + correction -> +5 tokens (151.2 ms)  cpos=615

[spec] generated 9 tokens over 2 verifies: mean tokens/verify = 4.50 (block=5, max 6)
[spec] tokens: 16 447 1154 11530 16 3718 11542 16 447
[spec] SPEC-DECODE: 30.2 ms/tok = 33.08 tok/s  (vs base M=1 68.8 ms/tok = 14.53 tok/s -> 2.28x)
[decode] PREFILL: 577 positions in 9190.7 ms = 62.8 tok/s (15.928 ms/tok)
[capture] wrote /home/patrickd/s5-capture/s3recap/c1/cap/shard_p426_s000577.dspc  577 tok x (3 taps + 1 lm_in) x 4096 = 18.0 MB (32.0 KB/tok)
[probe] wrote 16 draft probes (block=5) to /home/patrickd/s5-capture/s3recap/c1/cap/drafts_p426_s000577.txt
[spec] decoding 8 tokens (block=5, draft passes=1, adaptK=1.50, prompt=426 s=578)...
  [margins] 15.99 14.88 10.91 13.90 12.27  K=6
  verify 1: accepted 5/5 (K=6) + correction -> +6 tokens (169.3 ms)  cpos=583
  [margins] 11.68 14.91 14.37 11.27 15.27  K=6
  verify 2: accepted 5/5 (K=6) + correction -> +6 tokens (174.9 ms)  cpos=589

[spec] generated 12 tokens over 2 verifies: mean tokens/verify = 6.00 (block=5, max 6)
[spec] tokens: 905 5822 779 9 343 82372 754 778 344 223 2181 295
[spec] SPEC-DECODE: 29.2 ms/tok = 34.30 tok/s  (vs base M=1 68.8 ms/tok = 14.53 tok/s -> 2.36x)
[decode] PREFILL: 531 positions in 8433.9 ms = 63.0 tok/s (15.883 ms/tok)
[capture] wrote /home/patrickd/s5-capture/s3recap/c1/cap/shard_p427_s000531.dspc  531 tok x (3 taps + 1 lm_in) x 4096 = 16.6 MB (32.0 KB/tok)
[probe] wrote 16 draft probes (block=5) to /home/patrickd/s5-capture/s3recap/c1/cap/drafts_p427_s000531.txt
[spec] decoding 8 tokens (block=5, draft passes=1, adaptK=1.50, prompt=427 s=532)...
  [margins] 14.46 13.39 5.42 12.78 11.25  K=6
  verify 1: accepted 5/5 (K=6) + correction -> +6 tokens (175.1 ms)  cpos=537
  [margins] 6.12 14.09 8.95 13.21 6.82  K=6
  verify 2: accepted 5/5 (K=6) + correction -> +6 tokens (168.2 ms)  cpos=543

[spec] generated 12 tokens over 2 verifies: mean tokens/verify = 6.00 (block=5, max 6)
[spec] tokens: 19940 294 270 7419 294 12544 9 7027 305 12647 16 455
[spec] SPEC-DECODE: 28.0 ms/tok = 35.66 tok/s  (vs base M=1 68.8 ms/tok = 14.53 tok/s -> 2.45x)
[decode] PREFILL: 667 positions in 10633.0 ms = 62.7 tok/s (15.942 ms/tok)
[capture] wrote /home/patrickd/s5-capture/s3recap/c1/cap/shard_p428_s000667.dspc  667 tok x (3 taps + 1 lm_in) x 4096 = 20.8 MB (32.0 KB/tok)
[probe] wrote 16 draft probes (block=5) to /home/patrickd/s5-capture/s3recap/c1/cap/drafts_p428_s000667.txt
[spec] decoding 8 tokens (block=5, draft passes=1, adaptK=1.50, prompt=428 s=668)...
  [margins] 11.10 13.50 9.27 14.25 15.72  K=6
  verify 1: accepted 5/5 (K=6) + correction -> +6 tokens (178.9 ms)  cpos=673
  [margins] 13.21 14.57 16.67 15.30 8.55  K=6
  verify 2: accepted 5/5 (K=6) + correction -> +6 tokens (167.3 ms)  cpos=679

[spec] generated 12 tokens over 2 verifies: mean tokens/verify = 6.00 (block=5, max 6)
[spec] tokens: 16 380 1648 438 12955 19 14 20 31809 21 14 20
[spec] SPEC-DECODE: 27.9 ms/tok = 35.85 tok/s  (vs base M=1 68.8 ms/tok = 14.53 tok/s -> 2.47x)
[decode] PREFILL: 639 positions in 10155.1 ms = 62.9 tok/s (15.892 ms/tok)
[capture] wrote /home/patrickd/s5-capture/s3recap/c1/cap/shard_p429_s000639.dspc  639 tok x (3 taps + 1 lm_in) x 4096 = 20.0 MB (32.0 KB/tok)
[probe] wrote 16 draft probes (block=5) to /home/patrickd/s5-capture/s3recap/c1/cap/drafts_p429_s000639.txt
[spec] decoding 8 tokens (block=5, draft passes=1, adaptK=1.50, prompt=429 s=640)...
  [margins] 0.72 1.91 1.93 1.50 2.51  K=4
  verify 1: accepted 0/3 (K=4) + correction -> +1 tokens (150.0 ms)  cpos=640
  [margins] 0.06 2.53 1.83 0.67 0.73  K=4
  verify 2: accepted 2/3 (K=4) + correction -> +3 tokens (132.6 ms)  cpos=643
  [margins] 5.82 2.12 1.90 0.41 1.74  K=4
  verify 3: accepted 2/3 (K=4) + correction -> +3 tokens (132.5 ms)  cpos=646
  [margins] 3.68 1.34 1.46 0.50 0.61  K=2
  verify 4: accepted 1/1 (K=2) + correction -> +2 tokens (110.0 ms)  cpos=648

[spec] generated 9 tokens over 4 verifies: mean tokens/verify = 2.25 (block=5, max 6)
[spec] tokens: 344 260 1894 2511 294 1192 8785 588 3052
[spec] SPEC-DECODE: 46.9 ms/tok = 21.33 tok/s  (vs base M=1 68.8 ms/tok = 14.53 tok/s -> 1.47x)
[decode] PREFILL: 527 positions in 8346.1 ms = 63.1 tok/s (15.837 ms/tok)
[capture] wrote /home/patrickd/s5-capture/s3recap/c1/cap/shard_p430_s000527.dspc  527 tok x (3 taps + 1 lm_in) x 4096 = 16.5 MB (32.0 KB/tok)
[probe] wrote 16 draft probes (block=5) to /home/patrickd/s5-capture/s3recap/c1/cap/drafts_p430_s000527.txt
[spec] decoding 8 tokens (block=5, draft passes=1, adaptK=1.50, prompt=430 s=528)...
  [margins] 2.89 4.05 1.71 0.58 3.25  K=4
  verify 1: accepted 2/3 (K=4) + correction -> +3 tokens (134.8 ms)  cpos=530
  [margins] 4.81 1.09 1.14 0.71 0.14  K=2
  verify 2: accepted 1/1 (K=2) + correction -> +2 tokens (109.8 ms)  cpos=532
  [margins] 0.09 0.41 0.11 0.32 3.53  K=2
  verify 3: accepted 0/1 (K=2) + correction -> +1 tokens (103.2 ms)  cpos=533
  [margins] 2.97 1.97 0.07 0.72 2.17  K=3
  verify 4: accepted 0/2 (K=3) + correction -> +1 tokens (118.3 ms)  cpos=534
  [margins] 6.64 2.00 0.31 1.04 0.62  K=3
  verify 5: accepted 1/2 (K=3) + correction -> +2 tokens (119.8 ms)  cpos=536

[spec] generated 9 tokens over 5 verifies: mean tokens/verify = 1.80 (block=5, max 6)
[spec] tokens: 19295 362 66543 16 1890 362 396 14 774
[spec] SPEC-DECODE: 75.2 ms/tok = 13.30 tok/s  (vs base M=1 68.8 ms/tok = 14.53 tok/s -> 0.92x)
[decode] PREFILL: 673 positions in 10752.4 ms = 62.6 tok/s (15.977 ms/tok)
[capture] wrote /home/patrickd/s5-capture/s3recap/c1/cap/shard_p431_s000673.dspc  673 tok x (3 taps + 1 lm_in) x 4096 = 21.0 MB (32.0 KB/tok)
[probe] wrote 16 draft probes (block=5) to /home/patrickd/s5-capture/s3recap/c1/cap/drafts_p431_s000673.txt
[spec] decoding 8 tokens (block=5, draft passes=1, adaptK=1.50, prompt=431 s=674)...
  [margins] 5.94 1.02 0.51 0.85 2.78  K=2
  verify 1: accepted 1/1 (K=2) + correction -> +2 tokens (105.9 ms)  cpos=675
  [margins] 0.25 2.48 2.14 0.77 3.03  K=4
  verify 2: accepted 0/3 (K=4) + correction -> +1 tokens (133.3 ms)  cpos=676
  [margins] 1.11 0.01 2.41 4.01 3.72  K=2
  verify 3: accepted 1/1 (K=2) + correction -> +2 tokens (105.1 ms)  cpos=678
  [margins] 7.50 8.49 5.12 4.41 1.88  K=6
  verify 4: accepted 3/5 (K=6) + correction -> +4 tokens (169.6 ms)  cpos=682

[spec] generated 9 tokens over 4 verifies: mean tokens/verify = 2.25 (block=5, max 6)
[spec] tokens: 81 469 55001 3051 509 270 1522 294 1026
[spec] SPEC-DECODE: 58.3 ms/tok = 17.16 tok/s  (vs base M=1 68.8 ms/tok = 14.53 tok/s -> 1.18x)
[decode] PREFILL: 599 positions in 9521.3 ms = 62.9 tok/s (15.895 ms/tok)
[capture] wrote /home/patrickd/s5-capture/s3recap/c1/cap/shard_p432_s000599.dspc  599 tok x (3 taps + 1 lm_in) x 4096 = 18.7 MB (32.0 KB/tok)
[probe] wrote 16 draft probes (block=5) to /home/patrickd/s5-capture/s3recap/c1/cap/drafts_p432_s000599.txt
[spec] decoding 8 tokens (block=5, draft passes=1, adaptK=1.50, prompt=432 s=600)...
  [margins] 8.43 12.26 8.58 12.52 7.57  K=6
  verify 1: accepted 5/5 (K=6) + correction -> +6 tokens (166.3 ms)  cpos=605
  [margins] 7.99 12.31 8.01 12.34 7.18  K=6
  verify 2: accepted 5/5 (K=6) + correction -> +6 tokens (159.2 ms)  cpos=611

[spec] generated 12 tokens over 2 verifies: mean tokens/verify = 6.00 (block=5, max 6)
[spec] tokens: 16 70404 16 70404 16 70404 16 70404 16 70404 16 70404
[spec] SPEC-DECODE: 26.5 ms/tok = 37.69 tok/s  (vs base M=1 68.8 ms/tok = 14.53 tok/s -> 2.59x)
[decode] PREFILL: 533 positions in 8456.9 ms = 63.0 tok/s (15.867 ms/tok)
[capture] wrote /home/patrickd/s5-capture/s3recap/c1/cap/shard_p433_s000533.dspc  533 tok x (3 taps + 1 lm_in) x 4096 = 16.7 MB (32.0 KB/tok)
[probe] wrote 16 draft probes (block=5) to /home/patrickd/s5-capture/s3recap/c1/cap/drafts_p433_s000533.txt
[spec] decoding 8 tokens (block=5, draft passes=1, adaptK=1.50, prompt=433 s=534)...
  [margins] 13.89 11.65 11.32 12.09 12.00  K=6
  verify 1: accepted 5/5 (K=6) + correction -> +6 tokens (157.5 ms)  cpos=539
  [margins] 13.46 12.23 11.14 12.25 11.82  K=6
  verify 2: accepted 5/5 (K=6) + correction -> +6 tokens (160.5 ms)  cpos=545

[spec] generated 12 tokens over 2 verifies: mean tokens/verify = 6.00 (block=5, max 6)
[spec] tokens: 16448 16 16448 16 16448 16 16448 16 16448 16 16448 16
[spec] SPEC-DECODE: 26.7 ms/tok = 37.38 tok/s  (vs base M=1 68.8 ms/tok = 14.53 tok/s -> 2.57x)
[decode] PREFILL: 535 positions in 8496.3 ms = 63.0 tok/s (15.881 ms/tok)
[capture] wrote /home/patrickd/s5-capture/s3recap/c1/cap/shard_p434_s000535.dspc  535 tok x (3 taps + 1 lm_in) x 4096 = 16.7 MB (32.0 KB/tok)
[probe] wrote 16 draft probes (block=5) to /home/patrickd/s5-capture/s3recap/c1/cap/drafts_p434_s000535.txt
[spec] decoding 8 tokens (block=5, draft passes=1, adaptK=1.50, prompt=434 s=536)...
  [margins] 13.56 17.35 10.52 12.02 13.30  K=6
  verify 1: accepted 5/5 (K=6) + correction -> +6 tokens (171.0 ms)  cpos=541
  [margins] 9.66 11.75 14.86 13.81 10.58  K=6
  verify 2: accepted 5/5 (K=6) + correction -> +6 tokens (162.8 ms)  cpos=547

[spec] generated 12 tokens over 2 verifies: mean tokens/verify = 6.00 (block=5, max 6)
[spec] tokens: 72 1483 16 721 72 1483 16 721 72 1483 16 721
[spec] SPEC-DECODE: 27.1 ms/tok = 36.85 tok/s  (vs base M=1 68.8 ms/tok = 14.53 tok/s -> 2.54x)
[decode] PREFILL: 584 positions in 9298.9 ms = 62.8 tok/s (15.923 ms/tok)
[capture] wrote /home/patrickd/s5-capture/s3recap/c1/cap/shard_p435_s000584.dspc  584 tok x (3 taps + 1 lm_in) x 4096 = 18.3 MB (32.0 KB/tok)
[probe] wrote 16 draft probes (block=5) to /home/patrickd/s5-capture/s3recap/c1/cap/drafts_p435_s000584.txt
[spec] decoding 8 tokens (block=5, draft passes=1, adaptK=1.50, prompt=435 s=585)...
  [margins] 3.99 8.04 3.17 16.93 11.88  K=6
  verify 1: accepted 5/5 (K=6) + correction -> +6 tokens (168.0 ms)  cpos=590
  [margins] 9.60 2.86 4.91 6.71 0.07  K=5
  verify 2: accepted 3/4 (K=5) + correction -> +4 tokens (150.7 ms)  cpos=594

[spec] generated 10 tokens over 2 verifies: mean tokens/verify = 5.00 (block=5, max 6)
[spec] tokens: 60355 55775 60355 1795 679 60355 458 60355 2869 60355
[spec] SPEC-DECODE: 37.7 ms/tok = 26.55 tok/s  (vs base M=1 68.8 ms/tok = 14.53 tok/s -> 1.83x)
[decode] PREFILL: 568 positions in 9041.9 ms = 62.8 tok/s (15.919 ms/tok)
[capture] wrote /home/patrickd/s5-capture/s3recap/c1/cap/shard_p436_s000568.dspc  568 tok x (3 taps + 1 lm_in) x 4096 = 17.8 MB (32.0 KB/tok)
[probe] wrote 16 draft probes (block=5) to /home/patrickd/s5-capture/s3recap/c1/cap/drafts_p436_s000568.txt
[spec] decoding 8 tokens (block=5, draft passes=1, adaptK=1.50, prompt=436 s=569)...
  [margins] 3.57 7.30 0.65 0.85 3.57  K=3
  verify 1: accepted 0/2 (K=3) + correction -> +1 tokens (116.9 ms)  cpos=569
  [margins] 0.14 1.44 3.08 0.88 1.34  K=2
  verify 2: accepted 0/1 (K=2) + correction -> +1 tokens (103.1 ms)  cpos=570
  [margins] 1.03 1.21 0.39 0.30 0.58  K=2
  verify 3: accepted 0/1 (K=2) + correction -> +1 tokens (107.7 ms)  cpos=571
  [margins] 1.79 2.27 1.07 0.01 0.36  K=3
  verify 4: accepted 0/2 (K=3) + correction -> +1 tokens (119.0 ms)  cpos=572
  [margins] 10.18 3.32 1.41 1.66 1.25  K=3
  verify 5: accepted 2/2 (K=3) + correction -> +3 tokens (114.0 ms)  cpos=575
  [margins] 2.41 0.24 3.67 8.47 0.08  K=2
  verify 6: accepted 0/1 (K=2) + correction -> +1 tokens (107.8 ms)  cpos=576

[spec] generated 8 tokens over 6 verifies: mean tokens/verify = 1.33 (block=5, max 6)
[spec] tokens: 19586 5903 17698 2396 15923 16 4493 37463
[spec] SPEC-DECODE: 78.8 ms/tok = 12.69 tok/s  (vs base M=1 68.8 ms/tok = 14.53 tok/s -> 0.87x)
[decode] PREFILL: 1111 positions in 17904.8 ms = 62.1 tok/s (16.116 ms/tok)
[capture] wrote /home/patrickd/s5-capture/s3recap/c1/cap/shard_p437_s001111.dspc  1111 tok x (3 taps + 1 lm_in) x 4096 = 34.7 MB (32.0 KB/tok)
[probe] wrote 16 draft probes (block=5) to /home/patrickd/s5-capture/s3recap/c1/cap/drafts_p437_s001111.txt
[spec] decoding 8 tokens (block=5, draft passes=1, adaptK=1.50, prompt=437 s=1112)...
  [margins] 11.19 8.12 2.10 12.52 8.74  K=6
  verify 1: accepted 5/5 (K=6) + correction -> +6 tokens (173.7 ms)  cpos=1117
  [margins] 10.81 9.94 3.13 11.49 9.62  K=6
  verify 2: accepted 5/5 (K=6) + correction -> +6 tokens (163.8 ms)  cpos=1123

[spec] generated 12 tokens over 2 verifies: mean tokens/verify = 6.00 (block=5, max 6)
[spec] tokens: 11 3749 11 3749 11 3749 11 3749 11 3749 11 3749
[spec] SPEC-DECODE: 27.3 ms/tok = 36.62 tok/s  (vs base M=1 68.8 ms/tok = 14.53 tok/s -> 2.52x)
[decode] PREFILL: 673 positions in 10749.7 ms = 62.6 tok/s (15.973 ms/tok)
[capture] wrote /home/patrickd/s5-capture/s3recap/c1/cap/shard_p438_s000673.dspc  673 tok x (3 taps + 1 lm_in) x 4096 = 21.0 MB (32.0 KB/tok)
[probe] wrote 16 draft probes (block=5) to /home/patrickd/s5-capture/s3recap/c1/cap/drafts_p438_s000673.txt
[spec] decoding 8 tokens (block=5, draft passes=1, adaptK=1.50, prompt=438 s=674)...
  [margins] 8.06 3.73 6.61 6.25 0.38  K=5
  verify 1: accepted 4/4 (K=5) + correction -> +5 tokens (154.9 ms)  cpos=678
  [margins] 0.61 1.32 1.08 6.35 1.14  K=2
  verify 2: accepted 0/1 (K=2) + correction -> +1 tokens (107.6 ms)  cpos=679
  [margins] 0.58 12.24 7.22 1.23 4.91  K=4
  verify 3: accepted 0/3 (K=4) + correction -> +1 tokens (133.6 ms)  cpos=680
  [margins] 7.58 7.78 0.90 8.09 1.81  K=3
  verify 4: accepted 2/2 (K=3) + correction -> +3 tokens (115.3 ms)  cpos=683

[spec] generated 10 tokens over 4 verifies: mean tokens/verify = 2.50 (block=5, max 6)
[spec] tokens: 270 49485 9117 344 260 3077 24451 294 270 3924
[spec] SPEC-DECODE: 71.3 ms/tok = 14.02 tok/s  (vs base M=1 68.8 ms/tok = 14.53 tok/s -> 0.96x)
[decode] PREFILL: 614 positions in 9779.0 ms = 62.8 tok/s (15.927 ms/tok)
[capture] wrote /home/patrickd/s5-capture/s3recap/c1/cap/shard_p439_s000614.dspc  614 tok x (3 taps + 1 lm_in) x 4096 = 19.2 MB (32.0 KB/tok)
[probe] wrote 16 draft probes (block=5) to /home/patrickd/s5-capture/s3recap/c1/cap/drafts_p439_s000614.txt
[spec] decoding 8 tokens (block=5, draft passes=1, adaptK=1.50, prompt=439 s=615)...
  [margins] 3.92 4.58 2.46 9.14 0.19  K=5
  verify 1: accepted 4/4 (K=5) + correction -> +5 tokens (152.7 ms)  cpos=619
  [margins] 6.65 14.49 8.93 11.86 1.62  K=6
  verify 2: accepted 5/5 (K=6) + correction -> +6 tokens (169.3 ms)  cpos=625

[spec] generated 11 tokens over 2 verifies: mean tokens/verify = 5.50 (block=5, max 6)
[spec] tokens: 16 455 280 5241 467 31 18 16 23 344 554
[spec] SPEC-DECODE: 28.2 ms/tok = 35.43 tok/s  (vs base M=1 68.8 ms/tok = 14.53 tok/s -> 2.44x)
[decode] PREFILL: 526 positions in 8347.1 ms = 63.0 tok/s (15.869 ms/tok)
[capture] wrote /home/patrickd/s5-capture/s3recap/c1/cap/shard_p440_s000526.dspc  526 tok x (3 taps + 1 lm_in) x 4096 = 16.4 MB (32.0 KB/tok)
[probe] wrote 16 draft probes (block=5) to /home/patrickd/s5-capture/s3recap/c1/cap/drafts_p440_s000526.txt
[spec] decoding 8 tokens (block=5, draft passes=1, adaptK=1.50, prompt=440 s=527)...
  [margins] 11.58 2.95 5.92 1.83 1.25  K=5
  verify 1: accepted 4/4 (K=5) + correction -> +5 tokens (151.3 ms)  cpos=531
  [margins] 0.51 6.77 4.23 0.32 4.03  K=4
  verify 2: accepted 3/3 (K=4) + correction -> +4 tokens (131.8 ms)  cpos=535

[spec] generated 9 tokens over 2 verifies: mean tokens/verify = 4.50 (block=5, max 6)
[spec] tokens: 16 455 27736 2231 3287 509 3396 223 1683
[spec] SPEC-DECODE: 33.0 ms/tok = 30.35 tok/s  (vs base M=1 68.8 ms/tok = 14.53 tok/s -> 2.09x)
[decode] PREFILL: 532 positions in 8453.5 ms = 62.9 tok/s (15.890 ms/tok)
[capture] wrote /home/patrickd/s5-capture/s3recap/c1/cap/shard_p441_s000532.dspc  532 tok x (3 taps + 1 lm_in) x 4096 = 16.6 MB (32.0 KB/tok)
[probe] wrote 16 draft probes (block=5) to /home/patrickd/s5-capture/s3recap/c1/cap/drafts_p441_s000532.txt
[spec] decoding 8 tokens (block=5, draft passes=1, adaptK=1.50, prompt=441 s=533)...
  [margins] 14.62 8.29 12.96 17.53 7.95  K=6
  verify 1: accepted 5/5 (K=6) + correction -> +6 tokens (169.8 ms)  cpos=538
  [margins] 11.89 12.16 19.64 11.81 7.92  K=6
  verify 2: accepted 5/5 (K=6) + correction -> +6 tokens (174.4 ms)  cpos=544

[spec] generated 12 tokens over 2 verifies: mean tokens/verify = 6.00 (block=5, max 6)
[spec] tokens: 6391 16 1730 1623 881 22690 270 105399 8814 52812 33 223
[spec] SPEC-DECODE: 29.1 ms/tok = 34.40 tok/s  (vs base M=1 68.8 ms/tok = 14.53 tok/s -> 2.37x)
[decode] PREFILL: 624 positions in 9918.4 ms = 62.9 tok/s (15.895 ms/tok)
[capture] wrote /home/patrickd/s5-capture/s3recap/c1/cap/shard_p442_s000624.dspc  624 tok x (3 taps + 1 lm_in) x 4096 = 19.5 MB (32.0 KB/tok)
[probe] wrote 16 draft probes (block=5) to /home/patrickd/s5-capture/s3recap/c1/cap/drafts_p442_s000624.txt
[spec] decoding 8 tokens (block=5, draft passes=1, adaptK=1.50, prompt=442 s=625)...
  [margins] 8.11 0.02 0.13 7.87 6.81  K=2
  verify 1: accepted 1/1 (K=2) + correction -> +2 tokens (105.4 ms)  cpos=626
  [margins] 7.88 9.88 6.90 3.81 5.64  K=6
  verify 2: accepted 5/5 (K=6) + correction -> +6 tokens (174.4 ms)  cpos=632

[spec] generated 8 tokens over 2 verifies: mean tokens/verify = 4.00 (block=5, max 6)
[spec] tokens: 16 8516 14 696 554 1926 1117 6704
[spec] SPEC-DECODE: 29.1 ms/tok = 34.40 tok/s  (vs base M=1 68.8 ms/tok = 14.53 tok/s -> 2.37x)
[decode] PREFILL: 530 positions in 8433.3 ms = 62.8 tok/s (15.912 ms/tok)
[capture] wrote /home/patrickd/s5-capture/s3recap/c1/cap/shard_p443_s000530.dspc  530 tok x (3 taps + 1 lm_in) x 4096 = 16.6 MB (32.0 KB/tok)
[probe] wrote 16 draft probes (block=5) to /home/patrickd/s5-capture/s3recap/c1/cap/drafts_p443_s000530.txt
[spec] decoding 8 tokens (block=5, draft passes=1, adaptK=1.50, prompt=443 s=531)...
  [margins] 4.65 8.40 6.24 4.49 7.74  K=6
  verify 1: accepted 2/5 (K=6) + correction -> +3 tokens (176.7 ms)  cpos=533
  [margins] 10.67 11.46 9.73 2.66 7.38  K=6
  verify 2: accepted 5/5 (K=6) + correction -> +6 tokens (167.7 ms)  cpos=539

[spec] generated 9 tokens over 2 verifies: mean tokens/verify = 4.50 (block=5, max 6)
[spec] tokens: 14 305 1031 477 16054 294 105964 603 15
[spec] SPEC-DECODE: 27.9 ms/tok = 35.79 tok/s  (vs base M=1 68.8 ms/tok = 14.53 tok/s -> 2.46x)
[decode] PREFILL: 546 positions in 8675.0 ms = 62.9 tok/s (15.888 ms/tok)
[capture] wrote /home/patrickd/s5-capture/s3recap/c1/cap/shard_p444_s000546.dspc  546 tok x (3 taps + 1 lm_in) x 4096 = 17.1 MB (32.0 KB/tok)
[probe] wrote 16 draft probes (block=5) to /home/patrickd/s5-capture/s3recap/c1/cap/drafts_p444_s000546.txt
[spec] decoding 8 tokens (block=5, draft passes=1, adaptK=1.50, prompt=444 s=547)...
  [margins] 15.27 14.48 12.54 5.33 5.17  K=6
  verify 1: accepted 3/5 (K=6) + correction -> +4 tokens (167.9 ms)  cpos=550
  [margins] 14.92 12.88 12.29 4.49 6.31  K=6
  verify 2: accepted 3/5 (K=6) + correction -> +4 tokens (165.4 ms)  cpos=554

[spec] generated 8 tokens over 2 verifies: mean tokens/verify = 4.00 (block=5, max 6)
[spec] tokens: 3749 11 3749 11 3749 11 3749 11
[spec] SPEC-DECODE: 41.3 ms/tok = 24.19 tok/s  (vs base M=1 68.8 ms/tok = 14.53 tok/s -> 1.66x)
[decode] PREFILL: 672 positions in 10706.2 ms = 62.8 tok/s (15.932 ms/tok)
[capture] wrote /home/patrickd/s5-capture/s3recap/c1/cap/shard_p445_s000672.dspc  672 tok x (3 taps + 1 lm_in) x 4096 = 21.0 MB (32.0 KB/tok)
[probe] wrote 16 draft probes (block=5) to /home/patrickd/s5-capture/s3recap/c1/cap/drafts_p445_s000672.txt
[spec] decoding 8 tokens (block=5, draft passes=1, adaptK=1.50, prompt=445 s=673)...
  [margins] 13.74 10.81 0.64 1.01 10.92  K=3
  verify 1: accepted 2/2 (K=3) + correction -> +3 tokens (119.1 ms)  cpos=675
  [margins] 3.32 8.96 1.73 2.71 4.94  K=6
  verify 2: accepted 2/5 (K=6) + correction -> +3 tokens (165.8 ms)  cpos=678
  [margins] 8.70 9.15 0.83 3.22 4.01  K=3
  verify 3: accepted 2/2 (K=3) + correction -> +3 tokens (119.7 ms)  cpos=681

[spec] generated 9 tokens over 3 verifies: mean tokens/verify = 3.00 (block=5, max 6)
[spec] tokens: 8748 201 261 21911 201 3248 20706 201 31861
[spec] SPEC-DECODE: 47.6 ms/tok = 21.02 tok/s  (vs base M=1 68.8 ms/tok = 14.53 tok/s -> 1.45x)
[decode] PREFILL: 528 positions in 8372.9 ms = 63.1 tok/s (15.858 ms/tok)
[capture] wrote /home/patrickd/s5-capture/s3recap/c1/cap/shard_p446_s000528.dspc  528 tok x (3 taps + 1 lm_in) x 4096 = 16.5 MB (32.0 KB/tok)
[probe] wrote 16 draft probes (block=5) to /home/patrickd/s5-capture/s3recap/c1/cap/drafts_p446_s000528.txt
[spec] decoding 8 tokens (block=5, draft passes=1, adaptK=1.50, prompt=446 s=529)...
  [margins] 3.14 7.36 2.08 1.74 1.61  K=6
  verify 1: accepted 4/5 (K=6) + correction -> +5 tokens (166.3 ms)  cpos=533
  [margins] 1.13 1.75 0.16 2.40 2.11  K=3
  verify 2: accepted 0/2 (K=3) + correction -> +1 tokens (121.2 ms)  cpos=534
  [margins] 4.72 2.64 5.10 0.13 1.44  K=4
  verify 3: accepted 3/3 (K=4) + correction -> +4 tokens (133.4 ms)  cpos=538

[spec] generated 10 tokens over 3 verifies: mean tokens/verify = 3.33 (block=5, max 6)
[spec] tokens: 223 926 14 790 270 8572 304 260 3530 12789
[spec] SPEC-DECODE: 50.9 ms/tok = 19.64 tok/s  (vs base M=1 68.8 ms/tok = 14.53 tok/s -> 1.35x)
[decode] PREFILL: 536 positions in 8494.9 ms = 63.1 tok/s (15.849 ms/tok)
[capture] wrote /home/patrickd/s5-capture/s3recap/c1/cap/shard_p447_s000536.dspc  536 tok x (3 taps + 1 lm_in) x 4096 = 16.8 MB (32.0 KB/tok)
[probe] wrote 16 draft probes (block=5) to /home/patrickd/s5-capture/s3recap/c1/cap/drafts_p447_s000536.txt
[spec] decoding 8 tokens (block=5, draft passes=1, adaptK=1.50, prompt=447 s=537)...
  [margins] 11.14 10.92 11.17 11.78 11.93  K=6
  verify 1: accepted 5/5 (K=6) + correction -> +6 tokens (160.1 ms)  cpos=542
  [margins] 12.45 11.00 11.49 11.49 12.29  K=6
  verify 2: accepted 5/5 (K=6) + correction -> +6 tokens (164.3 ms)  cpos=548

[spec] generated 12 tokens over 2 verifies: mean tokens/verify = 6.00 (block=5, max 6)
[spec] tokens: 16 16448 16 16448 16 16448 16 16448 16 16448 16 16448
[spec] SPEC-DECODE: 27.4 ms/tok = 36.53 tok/s  (vs base M=1 68.8 ms/tok = 14.53 tok/s -> 2.51x)
[decode] PREFILL: 1543 positions in 25188.8 ms = 61.3 tok/s (16.325 ms/tok)
[capture] wrote /home/patrickd/s5-capture/s3recap/c1/cap/shard_p448_s001543.dspc  1543 tok x (3 taps + 1 lm_in) x 4096 = 48.2 MB (32.0 KB/tok)
[probe] wrote 16 draft probes (block=5) to /home/patrickd/s5-capture/s3recap/c1/cap/drafts_p448_s001543.txt
[spec] decoding 8 tokens (block=5, draft passes=1, adaptK=1.50, prompt=448 s=1544)...
  [margins] 15.49 8.77 10.79 11.65 11.83  K=6
  verify 1: accepted 5/5 (K=6) + correction -> +6 tokens (189.1 ms)  cpos=1549
  [margins] 8.06 12.24 10.49 12.51 9.11  K=6
  verify 2: accepted 5/5 (K=6) + correction -> +6 tokens (171.0 ms)  cpos=1555

[spec] generated 12 tokens over 2 verifies: mean tokens/verify = 6.00 (block=5, max 6)
[spec] tokens: 68 15 27 71 20 68 15 27 71 20 68 15
[spec] SPEC-DECODE: 28.5 ms/tok = 35.09 tok/s  (vs base M=1 68.8 ms/tok = 14.53 tok/s -> 2.41x)
[decode] PREFILL: 673 positions in 10748.0 ms = 62.6 tok/s (15.970 ms/tok)
[capture] wrote /home/patrickd/s5-capture/s3recap/c1/cap/shard_p449_s000673.dspc  673 tok x (3 taps + 1 lm_in) x 4096 = 21.0 MB (32.0 KB/tok)
[probe] wrote 16 draft probes (block=5) to /home/patrickd/s5-capture/s3recap/c1/cap/drafts_p449_s000673.txt
[spec] decoding 8 tokens (block=5, draft passes=1, adaptK=1.50, prompt=449 s=674)...
  [margins] 8.42 10.54 6.46 3.89 1.51  K=6
  verify 1: accepted 3/5 (K=6) + correction -> +4 tokens (172.4 ms)  cpos=677
  [margins] 2.81 4.42 1.46 1.57 4.04  K=3
  verify 2: accepted 0/2 (K=3) + correction -> +1 tokens (124.5 ms)  cpos=678
  [margins] 2.17 5.19 1.31 4.63 1.88  K=3
  verify 3: accepted 2/2 (K=3) + correction -> +3 tokens (123.6 ms)  cpos=681

[spec] generated 8 tokens over 3 verifies: mean tokens/verify = 2.67 (block=5, max 6)
[spec] tokens: 344 19619 17811 66624 305 851 1946 270
[spec] SPEC-DECODE: 62.0 ms/tok = 16.13 tok/s  (vs base M=1 68.8 ms/tok = 14.53 tok/s -> 1.11x)
[decode] PREFILL: 587 positions in 9327.8 ms = 62.9 tok/s (15.891 ms/tok)
[capture] wrote /home/patrickd/s5-capture/s3recap/c1/cap/shard_p450_s000587.dspc  587 tok x (3 taps + 1 lm_in) x 4096 = 18.3 MB (32.0 KB/tok)
[probe] wrote 16 draft probes (block=5) to /home/patrickd/s5-capture/s3recap/c1/cap/drafts_p450_s000587.txt
[spec] decoding 8 tokens (block=5, draft passes=1, adaptK=1.50, prompt=450 s=588)...
  [margins] 7.38 14.39 12.25 6.70 11.52  K=6
  verify 1: accepted 5/5 (K=6) + correction -> +6 tokens (170.1 ms)  cpos=593
  [margins] 7.53 13.35 12.03 5.90 12.42  K=6
  verify 2: accepted 5/5 (K=6) + correction -> +6 tokens (161.4 ms)  cpos=599

[spec] generated 12 tokens over 2 verifies: mean tokens/verify = 6.00 (block=5, max 6)
[spec] tokens: 16 1789 73 16 1789 73 16 1789 73 16 1789 73
[spec] SPEC-DECODE: 26.9 ms/tok = 37.19 tok/s  (vs base M=1 68.8 ms/tok = 14.53 tok/s -> 2.56x)
[decode] PREFILL: 529 positions in 8408.2 ms = 62.9 tok/s (15.894 ms/tok)
[capture] wrote /home/patrickd/s5-capture/s3recap/c1/cap/shard_p451_s000529.dspc  529 tok x (3 taps + 1 lm_in) x 4096 = 16.5 MB (32.0 KB/tok)
[probe] wrote 16 draft probes (block=5) to /home/patrickd/s5-capture/s3recap/c1/cap/drafts_p451_s000529.txt
[spec] decoding 8 tokens (block=5, draft passes=1, adaptK=1.50, prompt=451 s=530)...
  [margins] 16.55 14.97 8.85 13.32 5.74  K=6
  verify 1: accepted 5/5 (K=6) + correction -> +6 tokens (169.8 ms)  cpos=535
  [margins] 14.34 10.10 12.64 12.38 10.74  K=6
  verify 2: accepted 5/5 (K=6) + correction -> +6 tokens (173.8 ms)  cpos=541

[spec] generated 12 tokens over 2 verifies: mean tokens/verify = 6.00 (block=5, max 6)
[spec] tokens: 3061 396 759 1635 678 12881 798 18319 295 1528 2503 1902
[spec] SPEC-DECODE: 29.0 ms/tok = 34.53 tok/s  (vs base M=1 68.8 ms/tok = 14.53 tok/s -> 2.38x)
[decode] PREFILL: 981 positions in 15766.4 ms = 62.2 tok/s (16.072 ms/tok)
[capture] wrote /home/patrickd/s5-capture/s3recap/c1/cap/shard_p452_s000981.dspc  981 tok x (3 taps + 1 lm_in) x 4096 = 30.7 MB (32.0 KB/tok)
[probe] wrote 16 draft probes (block=5) to /home/patrickd/s5-capture/s3recap/c1/cap/drafts_p452_s000981.txt
[spec] decoding 8 tokens (block=5, draft passes=1, adaptK=1.50, prompt=452 s=982)...
  [margins] 16.17 14.84 7.35 4.15 0.24  K=5
  verify 1: accepted 4/4 (K=5) + correction -> +5 tokens (157.3 ms)  cpos=986
  [margins] 5.42 2.47 4.10 2.32 0.54  K=5
  verify 2: accepted 1/4 (K=5) + correction -> +2 tokens (150.6 ms)  cpos=988
  [margins] 2.88 3.19 0.43 0.80 0.37  K=3
  verify 3: accepted 2/2 (K=3) + correction -> +3 tokens (121.4 ms)  cpos=991

[spec] generated 10 tokens over 3 verifies: mean tokens/verify = 3.33 (block=5, max 6)
[spec] tokens: 73622 23458 3184 304 2123 270 4365 16 455 54527
[spec] SPEC-DECODE: 54.4 ms/tok = 18.38 tok/s  (vs base M=1 68.8 ms/tok = 14.53 tok/s -> 1.26x)
[decode] PREFILL: 557 positions in 8853.9 ms = 62.9 tok/s (15.896 ms/tok)
[capture] wrote /home/patrickd/s5-capture/s3recap/c1/cap/shard_p453_s000557.dspc  557 tok x (3 taps + 1 lm_in) x 4096 = 17.4 MB (32.0 KB/tok)
[probe] wrote 16 draft probes (block=5) to /home/patrickd/s5-capture/s3recap/c1/cap/drafts_p453_s000557.txt
[spec] decoding 8 tokens (block=5, draft passes=1, adaptK=1.50, prompt=453 s=558)...
  [margins] 12.04 3.18 0.50 3.30 3.20  K=3
  verify 1: accepted 1/2 (K=3) + correction -> +2 tokens (123.2 ms)  cpos=559
  [margins] 14.62 10.25 7.98 12.05 9.18  K=6
  verify 2: accepted 5/5 (K=6) + correction -> +6 tokens (172.5 ms)  cpos=565

[spec] generated 8 tokens over 2 verifies: mean tokens/verify = 4.00 (block=5, max 6)
[spec] tokens: 14 2513 734 4321 270 2662 2173 304
[spec] SPEC-DECODE: 28.8 ms/tok = 34.78 tok/s  (vs base M=1 68.8 ms/tok = 14.53 tok/s -> 2.39x)
[decode] PREFILL: 543 positions in 8603.2 ms = 63.1 tok/s (15.844 ms/tok)
[capture] wrote /home/patrickd/s5-capture/s3recap/c1/cap/shard_p454_s000543.dspc  543 tok x (3 taps + 1 lm_in) x 4096 = 17.0 MB (32.0 KB/tok)
[probe] wrote 16 draft probes (block=5) to /home/patrickd/s5-capture/s3recap/c1/cap/drafts_p454_s000543.txt
[spec] decoding 8 tokens (block=5, draft passes=1, adaptK=1.50, prompt=454 s=544)...
  [margins] 16.00 16.13 6.27 11.19 9.76  K=6
  verify 1: accepted 5/5 (K=6) + correction -> +6 tokens (175.9 ms)  cpos=549
  [margins] 20.04 15.04 9.57 10.19 1.83  K=6
  verify 2: accepted 4/5 (K=6) + correction -> +5 tokens (167.1 ms)  cpos=554

[spec] generated 11 tokens over 2 verifies: mean tokens/verify = 5.50 (block=5, max 6)
[spec] tokens: 3522 68909 17218 1904 438 6431 940 223 19 1354 223
[spec] SPEC-DECODE: 33.4 ms/tok = 29.92 tok/s  (vs base M=1 68.8 ms/tok = 14.53 tok/s -> 2.06x)
[decode] PREFILL: 955 positions in 15314.4 ms = 62.4 tok/s (16.036 ms/tok)
[capture] wrote /home/patrickd/s5-capture/s3recap/c1/cap/shard_p455_s000955.dspc  955 tok x (3 taps + 1 lm_in) x 4096 = 29.8 MB (32.0 KB/tok)
[probe] wrote 16 draft probes (block=5) to /home/patrickd/s5-capture/s3recap/c1/cap/drafts_p455_s000955.txt
[spec] decoding 8 tokens (block=5, draft passes=1, adaptK=1.50, prompt=455 s=956)...
  [margins] 14.23 10.48 14.68 10.53 11.22  K=6
  verify 1: accepted 5/5 (K=6) + correction -> +6 tokens (176.0 ms)  cpos=961
  [margins] 14.90 8.96 14.36 11.10 10.40  K=6
  verify 2: accepted 5/5 (K=6) + correction -> +6 tokens (165.1 ms)  cpos=967

[spec] generated 12 tokens over 2 verifies: mean tokens/verify = 6.00 (block=5, max 6)
[spec] tokens: 14482 16 4100 14482 16 4100 14482 16 4100 14482 16 4100
[spec] SPEC-DECODE: 27.5 ms/tok = 36.34 tok/s  (vs base M=1 68.8 ms/tok = 14.53 tok/s -> 2.50x)
[decode] PREFILL: 536 positions in 8491.5 ms = 63.1 tok/s (15.842 ms/tok)
[capture] wrote /home/patrickd/s5-capture/s3recap/c1/cap/shard_p456_s000536.dspc  536 tok x (3 taps + 1 lm_in) x 4096 = 16.8 MB (32.0 KB/tok)
[probe] wrote 16 draft probes (block=5) to /home/patrickd/s5-capture/s3recap/c1/cap/drafts_p456_s000536.txt
[spec] decoding 8 tokens (block=5, draft passes=1, adaptK=1.50, prompt=456 s=537)...
  [margins] 11.11 13.15 11.69 3.99 2.06  K=6
  verify 1: accepted 5/5 (K=6) + correction -> +6 tokens (168.2 ms)  cpos=542
  [margins] 9.27 12.16 9.58 8.12 8.63  K=6
  verify 2: accepted 5/5 (K=6) + correction -> +6 tokens (173.1 ms)  cpos=548

[spec] generated 12 tokens over 2 verifies: mean tokens/verify = 6.00 (block=5, max 6)
[spec] tokens: 396 344 2006 4167 396 33 1999 344 270 2329 294 270
[spec] SPEC-DECODE: 28.8 ms/tok = 34.67 tok/s  (vs base M=1 68.8 ms/tok = 14.53 tok/s -> 2.39x)
[decode] PREFILL: 952 positions in 15285.8 ms = 62.3 tok/s (16.056 ms/tok)
[capture] wrote /home/patrickd/s5-capture/s3recap/c1/cap/shard_p457_s000952.dspc  952 tok x (3 taps + 1 lm_in) x 4096 = 29.8 MB (32.0 KB/tok)
[probe] wrote 16 draft probes (block=5) to /home/patrickd/s5-capture/s3recap/c1/cap/drafts_p457_s000952.txt
[spec] decoding 8 tokens (block=5, draft passes=1, adaptK=1.50, prompt=457 s=953)...
  [margins] 8.61 12.18 1.38 12.14 9.95  K=3
  verify 1: accepted 2/2 (K=3) + correction -> +3 tokens (121.8 ms)  cpos=955
  [margins] 13.58 12.78 14.09 0.39 7.75  K=4
  verify 2: accepted 3/3 (K=4) + correction -> +4 tokens (134.8 ms)  cpos=959
  [margins] 13.87 13.46 13.47 0.18 10.97  K=4
  verify 3: accepted 3/3 (K=4) + correction -> +4 tokens (136.0 ms)  cpos=963

[spec] generated 11 tokens over 3 verifies: mean tokens/verify = 3.67 (block=5, max 6)
[spec] tokens: 11 3749 11 3749 11 3749 11 3749 11 3749 11
[spec] SPEC-DECODE: 33.9 ms/tok = 29.54 tok/s  (vs base M=1 68.8 ms/tok = 14.53 tok/s -> 2.03x)
[decode] PREFILL: 960 positions in 15389.3 ms = 62.4 tok/s (16.031 ms/tok)
[capture] wrote /home/patrickd/s5-capture/s3recap/c1/cap/shard_p458_s000960.dspc  960 tok x (3 taps + 1 lm_in) x 4096 = 30.0 MB (32.0 KB/tok)
[probe] wrote 16 draft probes (block=5) to /home/patrickd/s5-capture/s3recap/c1/cap/drafts_p458_s000960.txt
[spec] decoding 8 tokens (block=5, draft passes=1, adaptK=1.50, prompt=458 s=961)...
  [margins] 4.36 9.52 5.82 1.96 1.38  K=5
  verify 1: accepted 4/4 (K=5) + correction -> +5 tokens (154.9 ms)  cpos=965
  [margins] 11.17 0.80 0.21 0.02 0.64  K=2
  verify 2: accepted 1/1 (K=2) + correction -> +2 tokens (106.7 ms)  cpos=967
  [margins] 5.93 9.70 6.25 10.50 1.94  K=6
  verify 3: accepted 5/5 (K=6) + correction -> +6 tokens (176.3 ms)  cpos=973

[spec] generated 13 tokens over 3 verifies: mean tokens/verify = 4.33 (block=5, max 6)
[spec] tokens: 14 305 851 477 12954 30649 3989 377 26166 2831 813 339 42
[spec] SPEC-DECODE: 35.4 ms/tok = 28.27 tok/s  (vs base M=1 68.8 ms/tok = 14.53 tok/s -> 1.95x)
[decode] PREFILL: 525 positions in 8335.1 ms = 63.0 tok/s (15.876 ms/tok)
[capture] wrote /home/patrickd/s5-capture/s3recap/c1/cap/shard_p459_s000525.dspc  525 tok x (3 taps + 1 lm_in) x 4096 = 16.4 MB (32.0 KB/tok)
[probe] wrote 16 draft probes (block=5) to /home/patrickd/s5-capture/s3recap/c1/cap/drafts_p459_s000525.txt
[spec] decoding 8 tokens (block=5, draft passes=1, adaptK=1.50, prompt=459 s=526)...
  [margins] 4.08 1.35 0.60 0.78 2.57  K=2
  verify 1: accepted 1/1 (K=2) + correction -> +2 tokens (108.2 ms)  cpos=527
  [margins] 2.28 0.40 1.99 0.29 1.18  K=2
  verify 2: accepted 0/1 (K=2) + correction -> +1 tokens (106.9 ms)  cpos=528
  [margins] 1.52 0.44 1.81 1.32 3.31  K=2
  verify 3: accepted 1/1 (K=2) + correction -> +2 tokens (99.7 ms)  cpos=530
  [margins] 4.11 1.34 0.25 5.16 3.38  K=2
  verify 4: accepted 0/1 (K=2) + correction -> +1 tokens (106.7 ms)  cpos=531
  [margins] 5.51 3.30 1.04 0.46 1.42  K=3
  verify 5: accepted 2/2 (K=3) + correction -> +3 tokens (121.3 ms)  cpos=534

[spec] generated 9 tokens over 5 verifies: mean tokens/verify = 1.80 (block=5, max 6)
[spec] tokens: 16 983 588 990 611 5024 14635 14 418
[spec] SPEC-DECODE: 62.1 ms/tok = 16.10 tok/s  (vs base M=1 68.8 ms/tok = 14.53 tok/s -> 1.11x)
[decode] PREFILL: 1031 positions in 16598.8 ms = 62.1 tok/s (16.100 ms/tok)
[capture] wrote /home/patrickd/s5-capture/s3recap/c1/cap/shard_p460_s001031.dspc  1031 tok x (3 taps + 1 lm_in) x 4096 = 32.2 MB (32.0 KB/tok)
[probe] wrote 16 draft probes (block=5) to /home/patrickd/s5-capture/s3recap/c1/cap/drafts_p460_s001031.txt
[spec] decoding 8 tokens (block=5, draft passes=1, adaptK=1.50, prompt=460 s=1032)...
  [margins] 8.34 5.85 10.51 7.03 9.33  K=6
  verify 1: accepted 5/5 (K=6) + correction -> +6 tokens (184.2 ms)  cpos=1037
  [margins] 9.56 1.45 8.98 1.80 2.40  K=2
  verify 2: accepted 1/1 (K=2) + correction -> +2 tokens (110.0 ms)  cpos=1039

[spec] generated 8 tokens over 2 verifies: mean tokens/verify = 4.00 (block=5, max 6)
[spec] tokens: 304 10534 13191 4 343 3885 26 5772
[spec] SPEC-DECODE: 55.0 ms/tok = 18.18 tok/s  (vs base M=1 68.8 ms/tok = 14.53 tok/s -> 1.25x)
[decode] PREFILL: 674 positions in 10761.1 ms = 62.6 tok/s (15.966 ms/tok)
[capture] wrote /home/patrickd/s5-capture/s3recap/c1/cap/shard_p461_s000674.dspc  674 tok x (3 taps + 1 lm_in) x 4096 = 21.1 MB (32.0 KB/tok)
[probe] wrote 16 draft probes (block=5) to /home/patrickd/s5-capture/s3recap/c1/cap/drafts_p461_s000674.txt
[spec] decoding 8 tokens (block=5, draft passes=1, adaptK=1.50, prompt=461 s=675)...
  [margins] 10.43 11.49 9.67 14.33 0.27  K=5
  verify 1: accepted 4/4 (K=5) + correction -> +5 tokens (153.9 ms)  cpos=679
  [margins] 13.46 5.89 3.60 9.59 6.24  K=6
  verify 2: accepted 5/5 (K=6) + correction -> +6 tokens (170.3 ms)  cpos=685

[spec] generated 11 tokens over 2 verifies: mean tokens/verify = 5.50 (block=5, max 6)
[spec] tokens: 16 940 16 223 25 25993 16 81955 223 18 16
[spec] SPEC-DECODE: 28.4 ms/tok = 35.23 tok/s  (vs base M=1 68.8 ms/tok = 14.53 tok/s -> 2.42x)
[decode] PREFILL: 1015 positions in 16303.0 ms = 62.3 tok/s (16.062 ms/tok)
[capture] wrote /home/patrickd/s5-capture/s3recap/c1/cap/shard_p462_s001015.dspc  1015 tok x (3 taps + 1 lm_in) x 4096 = 31.7 MB (32.0 KB/tok)
[probe] wrote 16 draft probes (block=5) to /home/patrickd/s5-capture/s3recap/c1/cap/drafts_p462_s001015.txt
[spec] decoding 8 tokens (block=5, draft passes=1, adaptK=1.50, prompt=462 s=1016)...
  [margins] 12.89 22.68 10.69 10.30 7.16  K=6
  verify 1: accepted 5/5 (K=6) + correction -> +6 tokens (184.3 ms)  cpos=1021
  [margins] 12.36 17.70 9.51 4.82 0.75  K=5
  verify 2: accepted 3/4 (K=5) + correction -> +4 tokens (170.5 ms)  cpos=1025

[spec] generated 10 tokens over 2 verifies: mean tokens/verify = 5.00 (block=5, max 6)
[spec] tokens: 34840 387 13372 295 223 643 25 304 15575 1009
[spec] SPEC-DECODE: 42.6 ms/tok = 23.47 tok/s  (vs base M=1 68.8 ms/tok = 14.53 tok/s -> 1.61x)
[decode] PREFILL: 540 positions in 8571.1 ms = 63.0 tok/s (15.872 ms/tok)
[capture] wrote /home/patrickd/s5-capture/s3recap/c1/cap/shard_p463_s000540.dspc  540 tok x (3 taps + 1 lm_in) x 4096 = 16.9 MB (32.0 KB/tok)
[probe] wrote 16 draft probes (block=5) to /home/patrickd/s5-capture/s3recap/c1/cap/drafts_p463_s000540.txt
[spec] decoding 8 tokens (block=5, draft passes=1, adaptK=1.50, prompt=463 s=541)...
  [margins] 9.91 2.80 9.58 1.89 8.84  K=6
  verify 1: accepted 3/5 (K=6) + correction -> +4 tokens (159.1 ms)  cpos=544
  [margins] 11.47 1.08 8.32 3.05 8.48  K=2
  verify 2: accepted 1/1 (K=2) + correction -> +2 tokens (104.1 ms)  cpos=546
  [margins] 8.78 2.58 7.61 1.77 9.88  K=6
  verify 3: accepted 3/5 (K=6) + correction -> +4 tokens (165.6 ms)  cpos=550

[spec] generated 10 tokens over 3 verifies: mean tokens/verify = 3.33 (block=5, max 6)
[spec] tokens: 16982 68997 16982 84021 16982 25913 16982 971 16982 119457
[spec] SPEC-DECODE: 45.0 ms/tok = 22.24 tok/s  (vs base M=1 68.8 ms/tok = 14.53 tok/s -> 1.53x)
[decode] PREFILL: 557 positions in 8855.7 ms = 62.9 tok/s (15.899 ms/tok)
[capture] wrote /home/patrickd/s5-capture/s3recap/c1/cap/shard_p464_s000557.dspc  557 tok x (3 taps + 1 lm_in) x 4096 = 17.4 MB (32.0 KB/tok)
[probe] wrote 16 draft probes (block=5) to /home/patrickd/s5-capture/s3recap/c1/cap/drafts_p464_s000557.txt
[spec] decoding 8 tokens (block=5, draft passes=1, adaptK=1.50, prompt=464 s=558)...
  [margins] 2.44 5.48 8.32 5.82 1.31  K=5
  verify 1: accepted 4/4 (K=5) + correction -> +5 tokens (151.6 ms)  cpos=562
  [margins] 9.62 0.14 0.09 2.12 0.84  K=2
  verify 2: accepted 1/1 (K=2) + correction -> +2 tokens (108.5 ms)  cpos=564
  [margins] 3.29 1.17 0.77 1.45 0.77  K=2
  verify 3: accepted 1/1 (K=2) + correction -> +2 tokens (104.7 ms)  cpos=566

[spec] generated 9 tokens over 3 verifies: mean tokens/verify = 3.00 (block=5, max 6)
[spec] tokens: 936 223 3175 7135 509 1257 16 128822 53356
[spec] SPEC-DECODE: 53.3 ms/tok = 18.76 tok/s  (vs base M=1 68.8 ms/tok = 14.53 tok/s -> 1.29x)
[decode] PREFILL: 672 positions in 10703.4 ms = 62.8 tok/s (15.928 ms/tok)
[capture] wrote /home/patrickd/s5-capture/s3recap/c1/cap/shard_p465_s000672.dspc  672 tok x (3 taps + 1 lm_in) x 4096 = 21.0 MB (32.0 KB/tok)
[probe] wrote 16 draft probes (block=5) to /home/patrickd/s5-capture/s3recap/c1/cap/drafts_p465_s000672.txt
[spec] decoding 8 tokens (block=5, draft passes=1, adaptK=1.50, prompt=465 s=673)...
  [margins] 15.68 18.65 15.01 6.88 1.58  K=6
  verify 1: accepted 4/5 (K=6) + correction -> +5 tokens (172.1 ms)  cpos=677
  [margins] 8.86 7.82 10.10 5.34 5.26  K=6
  verify 2: accepted 5/5 (K=6) + correction -> +6 tokens (169.0 ms)  cpos=683

[spec] generated 11 tokens over 2 verifies: mean tokens/verify = 5.50 (block=5, max 6)
[spec] tokens: 1192 304 1783 2573 49392 509 1305 6137 2755 6756 28
[spec] SPEC-DECODE: 28.2 ms/tok = 35.50 tok/s  (vs base M=1 68.8 ms/tok = 14.53 tok/s -> 2.44x)
[decode] PREFILL: 531 positions in 8437.1 ms = 62.9 tok/s (15.889 ms/tok)
[capture] wrote /home/patrickd/s5-capture/s3recap/c1/cap/shard_p466_s000531.dspc  531 tok x (3 taps + 1 lm_in) x 4096 = 16.6 MB (32.0 KB/tok)
[probe] wrote 16 draft probes (block=5) to /home/patrickd/s5-capture/s3recap/c1/cap/drafts_p466_s000531.txt
[spec] decoding 8 tokens (block=5, draft passes=1, adaptK=1.50, prompt=466 s=532)...
  [margins] 16.06 10.53 13.92 16.22 15.06  K=6
  verify 1: accepted 5/5 (K=6) + correction -> +6 tokens (170.8 ms)  cpos=537
  [margins] 11.90 18.98 15.06 11.04 9.13  K=6
  verify 2: accepted 5/5 (K=6) + correction -> +6 tokens (163.8 ms)  cpos=543

[spec] generated 12 tokens over 2 verifies: mean tokens/verify = 6.00 (block=5, max 6)
[spec] tokens: 5204 16 29028 102263 5204 62108 58284 319 102263 5204 88874 102263
[spec] SPEC-DECODE: 27.3 ms/tok = 36.63 tok/s  (vs base M=1 68.8 ms/tok = 14.53 tok/s -> 2.52x)
[decode] PREFILL: 536 positions in 8499.0 ms = 63.1 tok/s (15.856 ms/tok)
[capture] wrote /home/patrickd/s5-capture/s3recap/c1/cap/shard_p467_s000536.dspc  536 tok x (3 taps + 1 lm_in) x 4096 = 16.8 MB (32.0 KB/tok)
[probe] wrote 16 draft probes (block=5) to /home/patrickd/s5-capture/s3recap/c1/cap/drafts_p467_s000536.txt
[spec] decoding 8 tokens (block=5, draft passes=1, adaptK=1.50, prompt=467 s=537)...
  [margins] 10.82 9.90 13.20 10.34 11.88  K=6
  verify 1: accepted 5/5 (K=6) + correction -> +6 tokens (162.1 ms)  cpos=542
  [margins] 11.45 9.44 12.82 10.06 12.40  K=6
  verify 2: accepted 5/5 (K=6) + correction -> +6 tokens (164.2 ms)  cpos=548

[spec] generated 12 tokens over 2 verifies: mean tokens/verify = 6.00 (block=5, max 6)
[spec] tokens: 22716 16 22716 16 22716 16 22716 16 22716 16 22716 16
[spec] SPEC-DECODE: 27.4 ms/tok = 36.54 tok/s  (vs base M=1 68.8 ms/tok = 14.53 tok/s -> 2.51x)
[decode] PREFILL: 532 positions in 8464.0 ms = 62.9 tok/s (15.910 ms/tok)
[capture] wrote /home/patrickd/s5-capture/s3recap/c1/cap/shard_p468_s000532.dspc  532 tok x (3 taps + 1 lm_in) x 4096 = 16.6 MB (32.0 KB/tok)
[probe] wrote 16 draft probes (block=5) to /home/patrickd/s5-capture/s3recap/c1/cap/drafts_p468_s000532.txt
[spec] decoding 8 tokens (block=5, draft passes=1, adaptK=1.50, prompt=468 s=533)...
  [margins] 7.84 0.31 8.72 0.00 1.40  K=2
  verify 1: accepted 1/1 (K=2) + correction -> +2 tokens (108.3 ms)  cpos=534
  [margins] 9.39 0.01 5.65 0.23 1.46  K=2
  verify 2: accepted 1/1 (K=2) + correction -> +2 tokens (108.3 ms)  cpos=536
  [margins] 6.35 1.48 4.37 0.19 3.09  K=2
  verify 3: accepted 1/1 (K=2) + correction -> +2 tokens (103.3 ms)  cpos=538
  [margins] 0.14 3.23 5.31 7.90 0.81  K=5
  verify 4: accepted 0/4 (K=5) + correction -> +1 tokens (147.0 ms)  cpos=539
  [margins] 0.11 7.26 0.08 0.22 6.26  K=3
  verify 5: accepted 2/2 (K=3) + correction -> +3 tokens (120.8 ms)  cpos=542

[spec] generated 10 tokens over 5 verifies: mean tokens/verify = 2.00 (block=5, max 6)
[spec] tokens: 2868 16 455 49748 294 75159 70230 16 455 33122
[spec] SPEC-DECODE: 59.9 ms/tok = 16.69 tok/s  (vs base M=1 68.8 ms/tok = 14.53 tok/s -> 1.15x)
[decode] PREFILL: 536 positions in 8491.0 ms = 63.1 tok/s (15.841 ms/tok)
[capture] wrote /home/patrickd/s5-capture/s3recap/c1/cap/shard_p469_s000536.dspc  536 tok x (3 taps + 1 lm_in) x 4096 = 16.8 MB (32.0 KB/tok)
[probe] wrote 16 draft probes (block=5) to /home/patrickd/s5-capture/s3recap/c1/cap/drafts_p469_s000536.txt
[spec] decoding 8 tokens (block=5, draft passes=1, adaptK=1.50, prompt=469 s=537)...
  [margins] 3.12 5.75 6.16 7.76 7.10  K=6
  verify 1: accepted 0/5 (K=6) + correction -> +1 tokens (169.9 ms)  cpos=537
  [margins] 13.33 12.85 12.78 11.42 1.09  K=5
  verify 2: accepted 4/4 (K=5) + correction -> +5 tokens (151.8 ms)  cpos=542
  [margins] 16.31 12.21 14.12 8.77 0.21  K=5
  verify 3: accepted 4/4 (K=5) + correction -> +5 tokens (150.8 ms)  cpos=547

[spec] generated 11 tokens over 3 verifies: mean tokens/verify = 3.67 (block=5, max 6)
[spec] tokens: 28 1351 1178 85708 7164 2605 1354 2310 7164 11 1
[spec] SPEC-DECODE: 30.3 ms/tok = 33.05 tok/s  (vs base M=1 68.8 ms/tok = 14.53 tok/s -> 2.27x)
[decode] PREFILL: 554 positions in 8803.4 ms = 62.9 tok/s (15.891 ms/tok)
[capture] wrote /home/patrickd/s5-capture/s3recap/c1/cap/shard_p470_s000554.dspc  554 tok x (3 taps + 1 lm_in) x 4096 = 17.3 MB (32.0 KB/tok)
[probe] wrote 16 draft probes (block=5) to /home/patrickd/s5-capture/s3recap/c1/cap/drafts_p470_s000554.txt
[spec] decoding 8 tokens (block=5, draft passes=1, adaptK=1.50, prompt=470 s=555)...
  [margins] 10.83 17.56 12.72 12.20 12.30  K=6
  verify 1: accepted 5/5 (K=6) + correction -> +6 tokens (170.6 ms)  cpos=560
  [margins] 16.09 13.09 12.03 11.35 11.97  K=6
  verify 2: accepted 5/5 (K=6) + correction -> +6 tokens (162.3 ms)  cpos=566

[spec] generated 12 tokens over 2 verifies: mean tokens/verify = 6.00 (block=5, max 6)
[spec] tokens: 5849 69 16 1089 16 5849 69 16 1089 16 5849 69
[spec] SPEC-DECODE: 27.1 ms/tok = 36.96 tok/s  (vs base M=1 68.8 ms/tok = 14.53 tok/s -> 2.54x)
[decode] PREFILL: 673 positions in 10749.4 ms = 62.6 tok/s (15.972 ms/tok)
[capture] wrote /home/patrickd/s5-capture/s3recap/c1/cap/shard_p471_s000673.dspc  673 tok x (3 taps + 1 lm_in) x 4096 = 21.0 MB (32.0 KB/tok)
[probe] wrote 16 draft probes (block=5) to /home/patrickd/s5-capture/s3recap/c1/cap/drafts_p471_s000673.txt
[spec] decoding 8 tokens (block=5, draft passes=1, adaptK=1.50, prompt=471 s=674)...
  [margins] 3.47 2.27 0.11 2.38 8.17  K=3
  verify 1: accepted 1/2 (K=3) + correction -> +2 tokens (126.2 ms)  cpos=675
  [margins] 2.50 0.42 0.73 0.17 0.94  K=2
  verify 2: accepted 0/1 (K=2) + correction -> +1 tokens (109.0 ms)  cpos=676
  [margins] 0.39 3.02 0.06 1.39 1.52  K=3
  verify 3: accepted 0/2 (K=3) + correction -> +1 tokens (115.6 ms)  cpos=677
  [margins] 1.23 3.27 2.89 3.10 1.27  K=5
  verify 4: accepted 4/4 (K=5) + correction -> +5 tokens (148.5 ms)  cpos=682

[spec] generated 9 tokens over 4 verifies: mean tokens/verify = 2.25 (block=5, max 6)
[spec] tokens: 11314 990 25798 6486 304 270 11056 362 3967
[spec] SPEC-DECODE: 53.3 ms/tok = 18.76 tok/s  (vs base M=1 68.8 ms/tok = 14.53 tok/s -> 1.29x)
[decode] PREFILL: 630 positions in 10029.7 ms = 62.8 tok/s (15.920 ms/tok)
[capture] wrote /home/patrickd/s5-capture/s3recap/c1/cap/shard_p472_s000630.dspc  630 tok x (3 taps + 1 lm_in) x 4096 = 19.7 MB (32.0 KB/tok)
[probe] wrote 16 draft probes (block=5) to /home/patrickd/s5-capture/s3recap/c1/cap/drafts_p472_s000630.txt
[spec] decoding 8 tokens (block=5, draft passes=1, adaptK=1.50, prompt=472 s=631)...
  [margins] 12.80 11.99 10.70 11.06 12.33  K=6
  verify 1: accepted 5/5 (K=6) + correction -> +6 tokens (169.7 ms)  cpos=636
  [margins] 12.98 12.13 10.14 10.67 12.38  K=6
  verify 2: accepted 5/5 (K=6) + correction -> +6 tokens (174.8 ms)  cpos=642

[spec] generated 12 tokens over 2 verifies: mean tokens/verify = 6.00 (block=5, max 6)
[spec] tokens: 43687 1286 16 43687 1286 16 43687 1286 16 43687 1286 16
[spec] SPEC-DECODE: 29.1 ms/tok = 34.33 tok/s  (vs base M=1 68.8 ms/tok = 14.53 tok/s -> 2.36x)
[decode] PREFILL: 636 positions in 10107.5 ms = 62.9 tok/s (15.892 ms/tok)
[capture] wrote /home/patrickd/s5-capture/s3recap/c1/cap/shard_p473_s000636.dspc  636 tok x (3 taps + 1 lm_in) x 4096 = 19.9 MB (32.0 KB/tok)
[probe] wrote 16 draft probes (block=5) to /home/patrickd/s5-capture/s3recap/c1/cap/drafts_p473_s000636.txt
[spec] decoding 8 tokens (block=5, draft passes=1, adaptK=1.50, prompt=473 s=637)...
  [margins] 16.55 16.55 12.97 14.09 6.74  K=6
  verify 1: accepted 5/5 (K=6) + correction -> +6 tokens (184.2 ms)  cpos=642
  [margins] 15.51 19.88 13.45 10.97 15.91  K=6
  verify 2: accepted 5/5 (K=6) + correction -> +6 tokens (173.7 ms)  cpos=648

[spec] generated 12 tokens over 2 verifies: mean tokens/verify = 6.00 (block=5, max 6)
[spec] tokens: 554 5238 5657 3006 16 327 1461 82 565 696 554 5238
[spec] SPEC-DECODE: 29.0 ms/tok = 34.53 tok/s  (vs base M=1 68.8 ms/tok = 14.53 tok/s -> 2.38x)
[decode] PREFILL: 673 positions in 10750.3 ms = 62.6 tok/s (15.974 ms/tok)
[capture] wrote /home/patrickd/s5-capture/s3recap/c1/cap/shard_p474_s000673.dspc  673 tok x (3 taps + 1 lm_in) x 4096 = 21.0 MB (32.0 KB/tok)
[probe] wrote 16 draft probes (block=5) to /home/patrickd/s5-capture/s3recap/c1/cap/drafts_p474_s000673.txt
[spec] decoding 8 tokens (block=5, draft passes=1, adaptK=1.50, prompt=474 s=674)...
  [margins] 0.85 0.44 0.27 1.51 0.85  K=2
  verify 1: accepted 1/1 (K=2) + correction -> +2 tokens (108.9 ms)  cpos=675
  [margins] 5.08 5.28 2.11 2.02 4.34  K=6
  verify 2: accepted 0/5 (K=6) + correction -> +1 tokens (174.9 ms)  cpos=676
  [margins] 12.35 2.80 5.46 3.65 7.95  K=6
  verify 3: accepted 5/5 (K=6) + correction -> +6 tokens (170.6 ms)  cpos=682

[spec] generated 9 tokens over 3 verifies: mean tokens/verify = 3.00 (block=5, max 6)
[spec] tokens: 17663 5217 1988 17873 603 20 16 2619 101966
[spec] SPEC-DECODE: 49.4 ms/tok = 20.26 tok/s  (vs base M=1 68.8 ms/tok = 14.53 tok/s -> 1.39x)
[decode] PREFILL: 677 positions in 10795.1 ms = 62.7 tok/s (15.945 ms/tok)
[capture] wrote /home/patrickd/s5-capture/s3recap/c1/cap/shard_p475_s000677.dspc  677 tok x (3 taps + 1 lm_in) x 4096 = 21.2 MB (32.0 KB/tok)
[probe] wrote 16 draft probes (block=5) to /home/patrickd/s5-capture/s3recap/c1/cap/drafts_p475_s000677.txt
[spec] decoding 8 tokens (block=5, draft passes=1, adaptK=1.50, prompt=475 s=678)...
  [margins] 9.60 16.10 6.32 11.08 10.14  K=6
  verify 1: accepted 5/5 (K=6) + correction -> +6 tokens (164.2 ms)  cpos=683
  [margins] 8.51 15.63 6.53 11.04 12.26  K=6
  verify 2: accepted 5/5 (K=6) + correction -> +6 tokens (165.7 ms)  cpos=689

[spec] generated 12 tokens over 2 verifies: mean tokens/verify = 6.00 (block=5, max 6)
[spec] tokens: 280 92 16 280 92 16 280 92 16 280 92 16
[spec] SPEC-DECODE: 27.6 ms/tok = 36.21 tok/s  (vs base M=1 68.8 ms/tok = 14.53 tok/s -> 2.49x)
[decode] PREFILL: 576 positions in 9145.2 ms = 63.0 tok/s (15.877 ms/tok)
[capture] wrote /home/patrickd/s5-capture/s3recap/c1/cap/shard_p476_s000576.dspc  576 tok x (3 taps + 1 lm_in) x 4096 = 18.0 MB (32.0 KB/tok)
[probe] wrote 16 draft probes (block=5) to /home/patrickd/s5-capture/s3recap/c1/cap/drafts_p476_s000576.txt
[spec] decoding 8 tokens (block=5, draft passes=1, adaptK=1.50, prompt=476 s=577)...
  [margins] 13.03 15.72 13.64 4.40 14.16  K=6
  verify 1: accepted 5/5 (K=6) + correction -> +6 tokens (168.9 ms)  cpos=582
  [margins] 13.92 14.45 13.67 12.92 10.82  K=6
  verify 2: accepted 5/5 (K=6) + correction -> +6 tokens (171.4 ms)  cpos=588

[spec] generated 12 tokens over 2 verifies: mean tokens/verify = 6.00 (block=5, max 6)
[spec] tokens: 16 5183 294 270 915 3631 10555 3394 3947 14 99007 14
[spec] SPEC-DECODE: 28.6 ms/tok = 35.00 tok/s  (vs base M=1 68.8 ms/tok = 14.53 tok/s -> 2.41x)
[decode] PREFILL: 541 positions in 8587.0 ms = 63.0 tok/s (15.872 ms/tok)
[capture] wrote /home/patrickd/s5-capture/s3recap/c1/cap/shard_p477_s000541.dspc  541 tok x (3 taps + 1 lm_in) x 4096 = 16.9 MB (32.0 KB/tok)
[probe] wrote 16 draft probes (block=5) to /home/patrickd/s5-capture/s3recap/c1/cap/drafts_p477_s000541.txt
[spec] decoding 8 tokens (block=5, draft passes=1, adaptK=1.50, prompt=477 s=542)...
  [margins] 5.24 6.89 5.25 6.03 7.15  K=6
  verify 1: accepted 0/5 (K=6) + correction -> +1 tokens (170.0 ms)  cpos=542
  [margins] 8.61 13.16 11.28 10.04 7.17  K=6
  verify 2: accepted 5/5 (K=6) + correction -> +6 tokens (175.3 ms)  cpos=548
  [margins] 13.38 11.25 12.46 12.61 4.25  K=6
  verify 3: accepted 5/5 (K=6) + correction -> +6 tokens (169.4 ms)  cpos=554

[spec] generated 13 tokens over 3 verifies: mean tokens/verify = 4.33 (block=5, max 6)
[spec] tokens: 14 270 2310 344 10501 305 1585 124358 362 270 16907 16 1
[spec] SPEC-DECODE: 28.7 ms/tok = 34.81 tok/s  (vs base M=1 68.8 ms/tok = 14.53 tok/s -> 2.40x)
[decode] PREFILL: 612 positions in 9743.5 ms = 62.8 tok/s (15.921 ms/tok)
[capture] wrote /home/patrickd/s5-capture/s3recap/c1/cap/shard_p478_s000612.dspc  612 tok x (3 taps + 1 lm_in) x 4096 = 19.1 MB (32.0 KB/tok)
[probe] wrote 16 draft probes (block=5) to /home/patrickd/s5-capture/s3recap/c1/cap/drafts_p478_s000612.txt
[spec] decoding 8 tokens (block=5, draft passes=1, adaptK=1.50, prompt=478 s=613)...
  [margins] 6.73 8.48 10.80 6.17 7.50  K=6
  verify 1: accepted 5/5 (K=6) + correction -> +6 tokens (163.4 ms)  cpos=618
  [margins] 5.66 8.30 10.51 5.08 6.72  K=6
  verify 2: accepted 5/5 (K=6) + correction -> +6 tokens (166.2 ms)  cpos=624

[spec] generated 12 tokens over 2 verifies: mean tokens/verify = 6.00 (block=5, max 6)
[spec] tokens: 574 16 4100 574 16 4100 574 16 4100 574 16 4100
[spec] SPEC-DECODE: 27.7 ms/tok = 36.11 tok/s  (vs base M=1 68.8 ms/tok = 14.53 tok/s -> 2.48x)
[decode] PREFILL: 566 positions in 8999.2 ms = 62.9 tok/s (15.900 ms/tok)
[capture] wrote /home/patrickd/s5-capture/s3recap/c1/cap/shard_p479_s000566.dspc  566 tok x (3 taps + 1 lm_in) x 4096 = 17.7 MB (32.0 KB/tok)
[probe] wrote 16 draft probes (block=5) to /home/patrickd/s5-capture/s3recap/c1/cap/drafts_p479_s000566.txt
[spec] decoding 8 tokens (block=5, draft passes=1, adaptK=1.50, prompt=479 s=567)...
  [margins] 3.10 4.06 1.62 1.68 4.26  K=6
  verify 1: accepted 0/5 (K=6) + correction -> +1 tokens (171.6 ms)  cpos=567
  [margins] 1.67 11.95 7.41 7.43 6.99  K=6
  verify 2: accepted 0/5 (K=6) + correction -> +1 tokens (169.5 ms)  cpos=568
  [margins] 12.79 10.57 5.14 0.25 2.71  K=4
  verify 3: accepted 3/3 (K=4) + correction -> +4 tokens (133.5 ms)  cpos=572
  [margins] 3.89 4.17 1.03 0.90 2.75  K=3
  verify 4: accepted 0/2 (K=3) + correction -> +1 tokens (116.9 ms)  cpos=573
  [margins] 6.17 0.36 7.38 6.50 0.26  K=2
  verify 5: accepted 0/1 (K=2) + correction -> +1 tokens (104.3 ms)  cpos=574

[spec] generated 8 tokens over 5 verifies: mean tokens/verify = 1.60 (block=5, max 6)
[spec] tokens: 1238 2154 64891 3749 11 72 2154 2154
[spec] SPEC-DECODE: 74.9 ms/tok = 13.35 tok/s  (vs base M=1 68.8 ms/tok = 14.53 tok/s -> 0.92x)
[decode] PREFILL: 528 positions in 8373.1 ms = 63.1 tok/s (15.858 ms/tok)
[capture] wrote /home/patrickd/s5-capture/s3recap/c1/cap/shard_p480_s000528.dspc  528 tok x (3 taps + 1 lm_in) x 4096 = 16.5 MB (32.0 KB/tok)
[probe] wrote 16 draft probes (block=5) to /home/patrickd/s5-capture/s3recap/c1/cap/drafts_p480_s000528.txt
[spec] decoding 8 tokens (block=5, draft passes=1, adaptK=1.50, prompt=480 s=529)...
  [margins] 4.89 5.81 0.33 3.16 2.66  K=3
  verify 1: accepted 2/2 (K=3) + correction -> +3 tokens (116.3 ms)  cpos=531
  [margins] 2.31 1.97 0.40 0.35 0.38  K=3
  verify 2: accepted 1/2 (K=3) + correction -> +2 tokens (117.2 ms)  cpos=533
  [margins] 4.37 2.29 4.77 2.33 1.39  K=5
  verify 3: accepted 1/4 (K=5) + correction -> +2 tokens (144.9 ms)  cpos=535
  [margins] 0.11 4.10 0.34 4.35 0.48  K=3
  verify 4: accepted 0/2 (K=3) + correction -> +1 tokens (120.8 ms)  cpos=536

[spec] generated 8 tokens over 4 verifies: mean tokens/verify = 2.00 (block=5, max 6)
[spec] tokens: 260 582 72829 91 6835 4 12585 471
[spec] SPEC-DECODE: 76.6 ms/tok = 13.06 tok/s  (vs base M=1 68.8 ms/tok = 14.53 tok/s -> 0.90x)
[decode] PREFILL: 548 positions in 8709.6 ms = 62.9 tok/s (15.893 ms/tok)
[capture] wrote /home/patrickd/s5-capture/s3recap/c1/cap/shard_p481_s000548.dspc  548 tok x (3 taps + 1 lm_in) x 4096 = 17.1 MB (32.0 KB/tok)
[probe] wrote 16 draft probes (block=5) to /home/patrickd/s5-capture/s3recap/c1/cap/drafts_p481_s000548.txt
[spec] decoding 8 tokens (block=5, draft passes=1, adaptK=1.50, prompt=481 s=549)...
  [margins] 15.89 6.70 7.66 13.35 8.77  K=6
  verify 1: accepted 5/5 (K=6) + correction -> +6 tokens (170.2 ms)  cpos=554
  [margins] 12.32 12.77 13.93 10.11 16.99  K=6
  verify 2: accepted 5/5 (K=6) + correction -> +6 tokens (172.1 ms)  cpos=560

[spec] generated 12 tokens over 2 verifies: mean tokens/verify = 6.00 (block=5, max 6)
[spec] tokens: 23571 16 455 2019 1531 554 1347 1117 915 7379 4767 6177
[spec] SPEC-DECODE: 28.7 ms/tok = 34.87 tok/s  (vs base M=1 68.8 ms/tok = 14.53 tok/s -> 2.40x)
[decode] PREFILL: 576 positions in 9143.1 ms = 63.0 tok/s (15.874 ms/tok)
[capture] wrote /home/patrickd/s5-capture/s3recap/c1/cap/shard_p482_s000576.dspc  576 tok x (3 taps + 1 lm_in) x 4096 = 18.0 MB (32.0 KB/tok)
[probe] wrote 16 draft probes (block=5) to /home/patrickd/s5-capture/s3recap/c1/cap/drafts_p482_s000576.txt
[spec] decoding 8 tokens (block=5, draft passes=1, adaptK=1.50, prompt=482 s=577)...
  [margins] 12.07 1.13 13.44 12.10 7.29  K=2
  verify 1: accepted 1/1 (K=2) + correction -> +2 tokens (110.0 ms)  cpos=578
  [margins] 14.42 13.80 9.87 6.90 7.16  K=6
  verify 2: accepted 5/5 (K=6) + correction -> +6 tokens (167.3 ms)  cpos=584

[spec] generated 8 tokens over 2 verifies: mean tokens/verify = 4.00 (block=5, max 6)
[spec] tokens: 73950 271 15750 28 73950 271 12602 699
[spec] SPEC-DECODE: 27.9 ms/tok = 35.87 tok/s  (vs base M=1 68.8 ms/tok = 14.53 tok/s -> 2.47x)
[decode] PREFILL: 1222 positions in 19778.5 ms = 61.8 tok/s (16.185 ms/tok)
[capture] wrote /home/patrickd/s5-capture/s3recap/c1/cap/shard_p483_s001222.dspc  1222 tok x (3 taps + 1 lm_in) x 4096 = 38.2 MB (32.0 KB/tok)
[probe] wrote 16 draft probes (block=5) to /home/patrickd/s5-capture/s3recap/c1/cap/drafts_p483_s001222.txt
[spec] decoding 8 tokens (block=5, draft passes=1, adaptK=1.50, prompt=483 s=1223)...
  [margins] 15.78 13.49 16.30 10.93 6.99  K=6
  verify 1: accepted 5/5 (K=6) + correction -> +6 tokens (183.0 ms)  cpos=1228
  [margins] 14.31 5.63 10.00 14.80 17.13  K=6
  verify 2: accepted 5/5 (K=6) + correction -> +6 tokens (172.3 ms)  cpos=1234

[spec] generated 12 tokens over 2 verifies: mean tokens/verify = 6.00 (block=5, max 6)
[spec] tokens: 294 223 779 1737 16 280 17237 14 270 62465 89 30087
[spec] SPEC-DECODE: 28.7 ms/tok = 34.83 tok/s  (vs base M=1 68.8 ms/tok = 14.53 tok/s -> 2.40x)
[decode] PREFILL: 869 positions in 13914.2 ms = 62.5 tok/s (16.012 ms/tok)
[capture] wrote /home/patrickd/s5-capture/s3recap/c1/cap/shard_p484_s000869.dspc  869 tok x (3 taps + 1 lm_in) x 4096 = 27.2 MB (32.0 KB/tok)
[probe] wrote 16 draft probes (block=5) to /home/patrickd/s5-capture/s3recap/c1/cap/drafts_p484_s000869.txt
[spec] decoding 8 tokens (block=5, draft passes=1, adaptK=1.50, prompt=484 s=870)...
  [margins] 10.21 13.94 14.06 11.44 12.75  K=6
  verify 1: accepted 5/5 (K=6) + correction -> +6 tokens (168.9 ms)  cpos=875
  [margins] 10.88 12.08 10.92 10.59 10.17  K=6
  verify 2: accepted 5/5 (K=6) + correction -> +6 tokens (172.8 ms)  cpos=881

[spec] generated 12 tokens over 2 verifies: mean tokens/verify = 6.00 (block=5, max 6)
[spec] tokens: 16 2899 294 270 3554 16 2899 294 270 3554 16 2899
[spec] SPEC-DECODE: 28.8 ms/tok = 34.73 tok/s  (vs base M=1 68.8 ms/tok = 14.53 tok/s -> 2.39x)
[decode] PREFILL: 526 positions in 8337.5 ms = 63.1 tok/s (15.851 ms/tok)
[capture] wrote /home/patrickd/s5-capture/s3recap/c1/cap/shard_p485_s000526.dspc  526 tok x (3 taps + 1 lm_in) x 4096 = 16.4 MB (32.0 KB/tok)
[probe] wrote 16 draft probes (block=5) to /home/patrickd/s5-capture/s3recap/c1/cap/drafts_p485_s000526.txt
[spec] decoding 8 tokens (block=5, draft passes=1, adaptK=1.50, prompt=485 s=527)...
  [margins] 12.76 0.86 1.33 8.18 2.96  K=2
  verify 1: accepted 1/1 (K=2) + correction -> +2 tokens (109.3 ms)  cpos=528
  [margins] 1.32 7.76 0.98 1.21 1.77  K=3
  verify 2: accepted 2/2 (K=3) + correction -> +3 tokens (116.2 ms)  cpos=531
  [margins] 0.90 2.35 10.58 0.50 2.09  K=4
  verify 3: accepted 0/3 (K=4) + correction -> +1 tokens (132.4 ms)  cpos=532
  [margins] 12.83 0.28 2.09 10.66 1.19  K=2
  verify 4: accepted 1/1 (K=2) + correction -> +2 tokens (101.1 ms)  cpos=534

[spec] generated 8 tokens over 4 verifies: mean tokens/verify = 2.00 (block=5, max 6)
[spec] tokens: 15 22697 201 15 3880 201 15 23209
[spec] SPEC-DECODE: 58.3 ms/tok = 17.16 tok/s  (vs base M=1 68.8 ms/tok = 14.53 tok/s -> 1.18x)
[decode] PREFILL: 850 positions in 13615.6 ms = 62.4 tok/s (16.018 ms/tok)
[capture] wrote /home/patrickd/s5-capture/s3recap/c1/cap/shard_p486_s000850.dspc  850 tok x (3 taps + 1 lm_in) x 4096 = 26.6 MB (32.0 KB/tok)
[probe] wrote 16 draft probes (block=5) to /home/patrickd/s5-capture/s3recap/c1/cap/drafts_p486_s000850.txt
[spec] decoding 8 tokens (block=5, draft passes=1, adaptK=1.50, prompt=486 s=851)...
  [margins] 11.50 16.11 16.59 16.63 10.31  K=6
  verify 1: accepted 5/5 (K=6) + correction -> +6 tokens (177.1 ms)  cpos=856
  [margins] 0.32 7.09 7.75 2.82 0.37  K=5
  verify 2: accepted 4/4 (K=5) + correction -> +5 tokens (150.6 ms)  cpos=861

[spec] generated 11 tokens over 2 verifies: mean tokens/verify = 5.50 (block=5, max 6)
[spec] tokens: 270 4545 12942 294 13369 16 455 40207 43 14449 2958
[spec] SPEC-DECODE: 30.1 ms/tok = 33.19 tok/s  (vs base M=1 68.8 ms/tok = 14.53 tok/s -> 2.28x)
[decode] PREFILL: 907 positions in 14540.1 ms = 62.4 tok/s (16.031 ms/tok)
[capture] wrote /home/patrickd/s5-capture/s3recap/c1/cap/shard_p487_s000907.dspc  907 tok x (3 taps + 1 lm_in) x 4096 = 28.3 MB (32.0 KB/tok)
[probe] wrote 16 draft probes (block=5) to /home/patrickd/s5-capture/s3recap/c1/cap/drafts_p487_s000907.txt
[spec] decoding 8 tokens (block=5, draft passes=1, adaptK=1.50, prompt=487 s=908)...
  [margins] 5.78 0.92 0.64 0.72 0.61  K=2
  verify 1: accepted 0/1 (K=2) + correction -> +1 tokens (115.1 ms)  cpos=908
  [margins] 0.45 1.96 0.01 0.35 1.39  K=3
  verify 2: accepted 0/2 (K=3) + correction -> +1 tokens (118.5 ms)  cpos=909
  [margins] 4.45 3.70 1.58 3.45 1.77  K=6
  verify 3: accepted 0/5 (K=6) + correction -> +1 tokens (158.9 ms)  cpos=910
  [margins] 0.15 0.73 0.27 4.11 0.11  K=2
  verify 4: accepted 1/1 (K=2) + correction -> +2 tokens (109.8 ms)  cpos=912
  [margins] 2.79 3.93 1.17 4.11 3.99  K=3
  verify 5: accepted 2/2 (K=3) + correction -> +3 tokens (116.7 ms)  cpos=915

[spec] generated 8 tokens over 5 verifies: mean tokens/verify = 1.60 (block=5, max 6)
[spec] tokens: 16 1 16 455 3287 2231 366 9045
[spec] SPEC-DECODE: 72.0 ms/tok = 13.89 tok/s  (vs base M=1 68.8 ms/tok = 14.53 tok/s -> 0.96x)
[decode] PREFILL: 1184 positions in 19123.1 ms = 61.9 tok/s (16.151 ms/tok)
[capture] wrote /home/patrickd/s5-capture/s3recap/c1/cap/shard_p488_s001184.dspc  1184 tok x (3 taps + 1 lm_in) x 4096 = 37.0 MB (32.0 KB/tok)
[probe] wrote 16 draft probes (block=5) to /home/patrickd/s5-capture/s3recap/c1/cap/drafts_p488_s001184.txt
[spec] decoding 8 tokens (block=5, draft passes=1, adaptK=1.50, prompt=488 s=1185)...
  [margins] 18.38 12.37 12.80 16.89 11.49  K=6
  verify 1: accepted 5/5 (K=6) + correction -> +6 tokens (168.7 ms)  cpos=1190
  [margins] 18.75 11.85 13.83 17.39 10.56  K=6
  verify 2: accepted 5/5 (K=6) + correction -> +6 tokens (168.9 ms)  cpos=1196

[spec] generated 12 tokens over 2 verifies: mean tokens/verify = 6.00 (block=5, max 6)
[spec] tokens: 347 16 2743 347 16 2743 347 16 2743 347 16 2743
[spec] SPEC-DECODE: 28.1 ms/tok = 35.53 tok/s  (vs base M=1 68.8 ms/tok = 14.53 tok/s -> 2.44x)
[decode] PREFILL: 592 positions in 9404.8 ms = 62.9 tok/s (15.887 ms/tok)
[capture] wrote /home/patrickd/s5-capture/s3recap/c1/cap/shard_p489_s000592.dspc  592 tok x (3 taps + 1 lm_in) x 4096 = 18.5 MB (32.0 KB/tok)
[probe] wrote 16 draft probes (block=5) to /home/patrickd/s5-capture/s3recap/c1/cap/drafts_p489_s000592.txt
[spec] decoding 8 tokens (block=5, draft passes=1, adaptK=1.50, prompt=489 s=593)...
  [margins] 16.06 11.46 15.40 14.72 12.01  K=6
  verify 1: accepted 5/5 (K=6) + correction -> +6 tokens (168.8 ms)  cpos=598
  [margins] 14.67 14.94 9.45 13.86 7.22  K=6
  verify 2: accepted 4/5 (K=6) + correction -> +5 tokens (174.5 ms)  cpos=603

[spec] generated 11 tokens over 2 verifies: mean tokens/verify = 5.50 (block=5, max 6)
[spec] tokens: 14 9952 754 343 19 14 223 20 754 343 21
[spec] SPEC-DECODE: 34.9 ms/tok = 28.65 tok/s  (vs base M=1 68.8 ms/tok = 14.53 tok/s -> 1.97x)
[decode] PREFILL: 531 positions in 8433.3 ms = 63.0 tok/s (15.882 ms/tok)
[capture] wrote /home/patrickd/s5-capture/s3recap/c1/cap/shard_p490_s000531.dspc  531 tok x (3 taps + 1 lm_in) x 4096 = 16.6 MB (32.0 KB/tok)
[probe] wrote 16 draft probes (block=5) to /home/patrickd/s5-capture/s3recap/c1/cap/drafts_p490_s000531.txt
[spec] decoding 8 tokens (block=5, draft passes=1, adaptK=1.50, prompt=490 s=532)...
  [margins] 3.84 10.54 8.82 11.26 7.40  K=6
  verify 1: accepted 5/5 (K=6) + correction -> +6 tokens (173.7 ms)  cpos=537
  [margins] 9.59 14.93 12.04 7.88 6.39  K=6
  verify 2: accepted 5/5 (K=6) + correction -> +6 tokens (169.2 ms)  cpos=543

[spec] generated 12 tokens over 2 verifies: mean tokens/verify = 6.00 (block=5, max 6)
[spec] tokens: 16 455 31329 9875 344 270 11871 28731 12334 295 270 2058
[spec] SPEC-DECODE: 28.2 ms/tok = 35.47 tok/s  (vs base M=1 68.8 ms/tok = 14.53 tok/s -> 2.44x)
[decode] PREFILL: 599 positions in 9527.5 ms = 62.9 tok/s (15.906 ms/tok)
[capture] wrote /home/patrickd/s5-capture/s3recap/c1/cap/shard_p491_s000599.dspc  599 tok x (3 taps + 1 lm_in) x 4096 = 18.7 MB (32.0 KB/tok)
[probe] wrote 16 draft probes (block=5) to /home/patrickd/s5-capture/s3recap/c1/cap/drafts_p491_s000599.txt
[spec] decoding 8 tokens (block=5, draft passes=1, adaptK=1.50, prompt=491 s=600)...
  [margins] 10.33 10.99 13.91 12.52 8.59  K=6
  verify 1: accepted 5/5 (K=6) + correction -> +6 tokens (174.9 ms)  cpos=605
  [margins] 10.04 12.28 14.24 12.54 8.25  K=6
  verify 2: accepted 5/5 (K=6) + correction -> +6 tokens (165.7 ms)  cpos=611

[spec] generated 12 tokens over 2 verifies: mean tokens/verify = 6.00 (block=5, max 6)
[spec] tokens: 16 6000 22138 16 319 59353 16 6000 22138 16 319 59353
[spec] SPEC-DECODE: 27.6 ms/tok = 36.21 tok/s  (vs base M=1 68.8 ms/tok = 14.53 tok/s -> 2.49x)

[blksweep]  BLK passes adaptK->eff prompt | mean tok/verify | ms/tok | tok/s | vs base 14.53 tok/s
[blksweep]    5      1   1.50   1.50      1 |            5.50 |   33.8 | 29.60 | 2.04x
[blksweep]    5      1   1.50   1.50      2 |            6.00 |   28.5 | 35.14 | 2.42x
[blksweep]    5      1   1.50   1.50      3 |            6.00 |   28.7 | 34.87 | 2.40x
[blksweep]    5      1   1.50   1.50      4 |            3.33 |   48.8 | 20.50 | 1.41x
[blksweep]    5      1   1.50   1.50      5 |            6.00 |   28.4 | 35.18 | 2.42x
[blksweep]    5      1   1.50   1.50      6 |            6.00 |   28.3 | 35.39 | 2.43x
[blksweep]    5      1   1.50   1.50      7 |            1.80 |   69.7 | 14.35 | 0.99x
[blksweep]    5      1   1.50   1.50      8 |            6.00 |   26.6 | 37.59 | 2.59x
[blksweep]    5      1   1.50   1.50      9 |            6.00 |   29.2 | 34.28 | 2.36x
[blksweep]    5      1   1.50   1.50     10 |            2.67 |   40.9 | 24.45 | 1.68x
[blksweep]    5      1   1.50   1.50     11 |            6.00 |   31.9 | 31.33 | 2.16x
[blksweep]    5      1   1.50   1.50     12 |            6.00 |   28.9 | 34.62 | 2.38x
[blksweep]    5      1   1.50   1.50     13 |            1.60 |   75.5 | 13.25 | 0.91x
[blksweep]    5      1   1.50   1.50     14 |            3.00 |   47.1 | 21.24 | 1.46x
[blksweep]    5      1   1.50   1.50     15 |            6.00 |   30.9 | 32.36 | 2.23x
[blksweep]    5      1   1.50   1.50     16 |            2.50 |   51.1 | 19.57 | 1.35x
[blksweep]    5      1   1.50   1.50     17 |            1.60 |   67.1 | 14.91 | 1.03x
[blksweep]    5      1   1.50   1.50     18 |            6.00 |   29.7 | 33.70 | 2.32x
[blksweep]    5      1   1.50   1.50     19 |            4.00 |   41.6 | 24.03 | 1.65x
[blksweep]    5      1   1.50   1.50     20 |            5.50 |   28.9 | 34.63 | 2.38x
[blksweep]    5      1   1.50   1.50     21 |            6.00 |   27.3 | 36.66 | 2.52x
[blksweep]    5      1   1.50   1.50     22 |            6.00 |   29.0 | 34.47 | 2.37x
[blksweep]    5      1   1.50   1.50     23 |            1.00 |  118.7 |  8.42 | 0.58x
[blksweep]    5      1   1.50   1.50     24 |            5.00 |   30.0 | 33.34 | 2.29x
[blksweep]    5      1   1.50   1.50     25 |            3.00 |   41.0 | 24.39 | 1.68x
[blksweep]    5      1   1.50   1.50     26 |            6.00 |   29.2 | 34.24 | 2.36x
[blksweep]    5      1   1.50   1.50     27 |            6.00 |   28.2 | 35.44 | 2.44x
[blksweep]    5      1   1.50   1.50     28 |            6.00 |   28.3 | 35.29 | 2.43x
[blksweep]    5      1   1.50   1.50     29 |            6.00 |   28.1 | 35.54 | 2.44x
[blksweep]    5      1   1.50   1.50     30 |            6.00 |   29.7 | 33.70 | 2.32x
[blksweep]    5      1   1.50   1.50     31 |            1.60 |   73.4 | 13.62 | 0.94x
[blksweep]    5      1   1.50   1.50     32 |            4.00 |   31.1 | 32.13 | 2.21x
[blksweep]    5      1   1.50   1.50     33 |            6.00 |   27.7 | 36.05 | 2.48x
[blksweep]    5      1   1.50   1.50     34 |            4.33 |   48.3 | 20.71 | 1.42x
[blksweep]    5      1   1.50   1.50     35 |            1.60 |   97.5 | 10.25 | 0.71x
[blksweep]    5      1   1.50   1.50     36 |            6.00 |   29.0 | 34.49 | 2.37x
[blksweep]    5      1   1.50   1.50     37 |            2.25 |   51.0 | 19.60 | 1.35x
[blksweep]    5      1   1.50   1.50     38 |            2.00 |   51.8 | 19.30 | 1.33x
[blksweep]    5      1   1.50   1.50     39 |            6.00 |   28.5 | 35.05 | 2.41x
[blksweep]    5      1   1.50   1.50     40 |            4.00 |   33.0 | 30.31 | 2.09x
[blksweep]    5      1   1.50   1.50     41 |            6.00 |   29.3 | 34.12 | 2.35x
[blksweep]    5      1   1.50   1.50     42 |            1.60 |   78.7 | 12.71 | 0.87x
[blksweep]    5      1   1.50   1.50     43 |            2.25 |   54.3 | 18.43 | 1.27x
[blksweep]    5      1   1.50   1.50     44 |            6.00 |   29.6 | 33.73 | 2.32x
[blksweep]    5      1   1.50   1.50     45 |            6.00 |   27.4 | 36.52 | 2.51x
[blksweep]    5      1   1.50   1.50     46 |            6.00 |   26.0 | 38.40 | 2.64x
[blksweep]    5      1   1.50   1.50     47 |            6.00 |   28.6 | 34.93 | 2.40x
[blksweep]    5      1   1.50   1.50     48 |            6.00 |   27.9 | 35.83 | 2.46x
[blksweep]    5      1   1.50   1.50     49 |            1.33 |  102.7 |  9.74 | 0.67x
[blksweep]    5      1   1.50   1.50     50 |            6.00 |   27.9 | 35.80 | 2.46x
[blksweep]    5      1   1.50   1.50     51 |            6.00 |   28.6 | 34.91 | 2.40x
[blksweep]    5      1   1.50   1.50     52 |            6.00 |   28.3 | 35.33 | 2.43x
[blksweep]    5      1   1.50   1.50     53 |            5.50 |   29.2 | 34.20 | 2.35x
[blksweep]    5      1   1.50   1.50     54 |            6.00 |   27.4 | 36.47 | 2.51x
[blksweep]    5      1   1.50   1.50     55 |            6.00 |   29.1 | 34.32 | 2.36x
[blksweep]    5      1   1.50   1.50     56 |            5.00 |   28.7 | 34.79 | 2.39x
[blksweep]    5      1   1.50   1.50     57 |            6.00 |   31.0 | 32.29 | 2.22x
[blksweep]    5      1   1.50   1.50     58 |            6.00 |   29.9 | 33.49 | 2.30x
[blksweep]    5      1   1.50   1.50     59 |            2.67 |   42.2 | 23.71 | 1.63x
[blksweep]    5      1   1.50   1.50     60 |            2.25 |   59.6 | 16.79 | 1.16x
[blksweep]    5      1   1.50   1.50     61 |            6.00 |   28.5 | 35.06 | 2.41x
[blksweep]    5      1   1.50   1.50     62 |            6.00 |   27.7 | 36.12 | 2.48x
[blksweep]    5      1   1.50   1.50     63 |            2.67 |   52.5 | 19.03 | 1.31x
[blksweep]    5      1   1.50   1.50     64 |            6.00 |   28.0 | 35.66 | 2.45x
[blksweep]    5      1   1.50   1.50     65 |            6.00 |   27.5 | 36.43 | 2.51x
[blksweep]    5      1   1.50   1.50     66 |            6.00 |   27.7 | 36.09 | 2.48x
[blksweep]    5      1   1.50   1.50     67 |            6.00 |   28.9 | 34.58 | 2.38x
[blksweep]    5      1   1.50   1.50     68 |            6.00 |   29.4 | 34.06 | 2.34x
[blksweep]    5      1   1.50   1.50     69 |            5.00 |   28.2 | 35.45 | 2.44x
[blksweep]    5      1   1.50   1.50     70 |            6.00 |   27.0 | 37.03 | 2.55x
[blksweep]    5      1   1.50   1.50     71 |            6.00 |   28.8 | 34.70 | 2.39x
[blksweep]    5      1   1.50   1.50     72 |            6.00 |   28.8 | 34.74 | 2.39x
[blksweep]    5      1   1.50   1.50     73 |            6.00 |   27.7 | 36.17 | 2.49x
[blksweep]    5      1   1.50   1.50     74 |            2.67 |   39.5 | 25.30 | 1.74x
[blksweep]    5      1   1.50   1.50     75 |            6.00 |   27.5 | 36.34 | 2.50x
[blksweep]    5      1   1.50   1.50     76 |            6.00 |   26.2 | 38.10 | 2.62x
[blksweep]    5      1   1.50   1.50     77 |            6.00 |   27.3 | 36.57 | 2.52x
[blksweep]    5      1   1.50   1.50     78 |            6.00 |   29.0 | 34.44 | 2.37x
[blksweep]    5      1   1.50   1.50     79 |            4.33 |   28.7 | 34.87 | 2.40x
[blksweep]    5      1   1.50   1.50     80 |            6.00 |   28.2 | 35.47 | 2.44x
[blksweep]    5      1   1.50   1.50     81 |            6.00 |   26.8 | 37.33 | 2.57x
[blksweep]    5      1   1.50   1.50     82 |            6.00 |   27.8 | 35.97 | 2.47x
[blksweep]    5      1   1.50   1.50     83 |            6.00 |   27.8 | 35.97 | 2.47x
[blksweep]    5      1   1.50   1.50     84 |            6.00 |   29.9 | 33.40 | 2.30x
[blksweep]    5      1   1.50   1.50     85 |            6.00 |   27.8 | 35.93 | 2.47x
[blksweep]    5      1   1.50   1.50     86 |            6.00 |   27.8 | 36.00 | 2.48x
[blksweep]    5      1   1.50   1.50     87 |            6.00 |   29.0 | 34.52 | 2.38x
[blksweep]    5      1   1.50   1.50     88 |            6.00 |   29.2 | 34.29 | 2.36x
[blksweep]    5      1   1.50   1.50     89 |            6.00 |   27.1 | 36.85 | 2.54x
[blksweep]    5      1   1.50   1.50     90 |            3.67 |   32.1 | 31.20 | 2.15x
[blksweep]    5      1   1.50   1.50     91 |            6.00 |   27.6 | 36.21 | 2.49x
[blksweep]    5      1   1.50   1.50     92 |            5.00 |   28.4 | 35.19 | 2.42x
[blksweep]    5      1   1.50   1.50     93 |            6.00 |   27.9 | 35.83 | 2.47x
[blksweep]    5      1   1.50   1.50     94 |            4.33 |   32.2 | 31.07 | 2.14x
[blksweep]    5      1   1.50   1.50     95 |            6.00 |   28.6 | 34.97 | 2.41x
[blksweep]    5      1   1.50   1.50     96 |            6.00 |   27.3 | 36.64 | 2.52x
[blksweep]    5      1   1.50   1.50     97 |            6.00 |   27.3 | 36.64 | 2.52x
[blksweep]    5      1   1.50   1.50     98 |            4.50 |   34.9 | 28.66 | 1.97x
[blksweep]    5      1   1.50   1.50     99 |            4.00 |   32.2 | 31.09 | 2.14x
[blksweep]    5      1   1.50   1.50    100 |            6.00 |   27.7 | 36.10 | 2.48x
[blksweep]    5      1   1.50   1.50    101 |            3.00 |   37.9 | 26.42 | 1.82x
[blksweep]    5      1   1.50   1.50    102 |            5.50 |   33.2 | 30.14 | 2.07x
[blksweep]    5      1   1.50   1.50    103 |            4.50 |   29.6 | 33.73 | 2.32x
[blksweep]    5      1   1.50   1.50    104 |            2.00 |   53.3 | 18.76 | 1.29x
[blksweep]    5      1   1.50   1.50    105 |            6.00 |   29.3 | 34.15 | 2.35x
[blksweep]    5      1   1.50   1.50    106 |            6.00 |   28.1 | 35.58 | 2.45x
[blksweep]    5      1   1.50   1.50    107 |            6.00 |   28.4 | 35.17 | 2.42x
[blksweep]    5      1   1.50   1.50    108 |            3.33 |   40.4 | 24.74 | 1.70x
[blksweep]    5      1   1.50   1.50    109 |            6.00 |   27.0 | 36.98 | 2.54x
[blksweep]    5      1   1.50   1.50    110 |            4.50 |   40.0 | 25.03 | 1.72x
[blksweep]    5      1   1.50   1.50    111 |            6.00 |   29.6 | 33.78 | 2.32x
[blksweep]    5      1   1.50   1.50    112 |            6.00 |   27.1 | 36.92 | 2.54x
[blksweep]    5      1   1.50   1.50    113 |            2.40 |   52.0 | 19.25 | 1.32x
[blksweep]    5      1   1.50   1.50    114 |            6.00 |   27.1 | 36.84 | 2.53x
[blksweep]    5      1   1.50   1.50    115 |            6.00 |   27.7 | 36.12 | 2.49x
[blksweep]    5      1   1.50   1.50    116 |            6.00 |   28.3 | 35.38 | 2.43x
[blksweep]    5      1   1.50   1.50    117 |            6.00 |   26.9 | 37.22 | 2.56x
[blksweep]    5      1   1.50   1.50    118 |            6.00 |   28.2 | 35.50 | 2.44x
[blksweep]    5      1   1.50   1.50    119 |            6.00 |   31.2 | 32.07 | 2.21x
[blksweep]    5      1   1.50   1.50    120 |            1.00 |  115.4 |  8.67 | 0.60x
[blksweep]    5      1   1.50   1.50    121 |            2.00 |   70.0 | 14.29 | 0.98x
[blksweep]    5      1   1.50   1.50    122 |            6.00 |   28.0 | 35.71 | 2.46x
[blksweep]    5      1   1.50   1.50    123 |            4.00 |   40.2 | 24.85 | 1.71x
[blksweep]    5      1   1.50   1.50    124 |            6.00 |   28.5 | 35.09 | 2.41x
[blksweep]    5      1   1.50   1.50    125 |            1.60 |   65.3 | 15.32 | 1.05x
[blksweep]    5      1   1.50   1.50    126 |            6.00 |   27.8 | 36.03 | 2.48x
[blksweep]    5      1   1.50   1.50    127 |            6.00 |   27.5 | 36.37 | 2.50x
[blksweep]    5      1   1.50   1.50    128 |            6.00 |   28.3 | 35.38 | 2.43x
[blksweep]    5      1   1.50   1.50    129 |            2.00 |   58.8 | 17.01 | 1.17x
[blksweep]    5      1   1.50   1.50    130 |            6.00 |   28.8 | 34.76 | 2.39x
[blksweep]    5      1   1.50   1.50    131 |            6.00 |   28.7 | 34.90 | 2.40x
[blksweep]    5      1   1.50   1.50    132 |            3.33 |   35.4 | 28.25 | 1.94x
[blksweep]    5      1   1.50   1.50    133 |            6.00 |   26.4 | 37.95 | 2.61x
[blksweep]    5      1   1.50   1.50    134 |            6.00 |   27.9 | 35.87 | 2.47x
[blksweep]    5      1   1.50   1.50    135 |            4.00 |   55.3 | 18.07 | 1.24x
[blksweep]    5      1   1.50   1.50    136 |            4.00 |   33.9 | 29.48 | 2.03x
[blksweep]    5      1   1.50   1.50    137 |            6.00 |   26.0 | 38.45 | 2.65x
[blksweep]    5      1   1.50   1.50    138 |            6.00 |   27.7 | 36.15 | 2.49x
[blksweep]    5      1   1.50   1.50    139 |            6.00 |   27.5 | 36.36 | 2.50x
[blksweep]    5      1   1.50   1.50    140 |            6.00 |   29.4 | 34.05 | 2.34x
[blksweep]    5      1   1.50   1.50    141 |            3.00 |   50.9 | 19.65 | 1.35x
[blksweep]    5      1   1.50   1.50    142 |            4.50 |   28.5 | 35.05 | 2.41x
[blksweep]    5      1   1.50   1.50    143 |            6.00 |   28.9 | 34.58 | 2.38x
[blksweep]    5      1   1.50   1.50    144 |            6.00 |   29.3 | 34.18 | 2.35x
[blksweep]    5      1   1.50   1.50    145 |            6.00 |   29.0 | 34.47 | 2.37x
[blksweep]    5      1   1.50   1.50    146 |            2.75 |   40.0 | 25.00 | 1.72x
[blksweep]    5      1   1.50   1.50    147 |            6.00 |   30.2 | 33.10 | 2.28x
[blksweep]    5      1   1.50   1.50    148 |            6.00 |   28.3 | 35.39 | 2.44x
[blksweep]    5      1   1.50   1.50    149 |            6.00 |   28.5 | 35.05 | 2.41x
[blksweep]    5      1   1.50   1.50    150 |            6.00 |   27.4 | 36.55 | 2.51x
[blksweep]    5      1   1.50   1.50    151 |            2.67 |   59.8 | 16.72 | 1.15x
[blksweep]    5      1   1.50   1.50    152 |            5.50 |   29.3 | 34.18 | 2.35x
[blksweep]    5      1   1.50   1.50    153 |            6.00 |   27.3 | 36.63 | 2.52x
[blksweep]    5      1   1.50   1.50    154 |            6.00 |   29.9 | 33.47 | 2.30x
[blksweep]    5      1   1.50   1.50    155 |            6.00 |   28.0 | 35.72 | 2.46x
[blksweep]    5      1   1.50   1.50    156 |            5.50 |   30.2 | 33.11 | 2.28x
[blksweep]    5      1   1.50   1.50    157 |            6.00 |   28.2 | 35.42 | 2.44x
[blksweep]    5      1   1.50   1.50    158 |            6.00 |   27.5 | 36.30 | 2.50x
[blksweep]    5      1   1.50   1.50    159 |            2.75 |   38.5 | 25.97 | 1.79x
[blksweep]    5      1   1.50   1.50    160 |            6.00 |   28.0 | 35.72 | 2.46x
[blksweep]    5      1   1.50   1.50    161 |            6.00 |   26.9 | 37.15 | 2.56x
[blksweep]    5      1   1.50   1.50    162 |            6.00 |   28.5 | 35.10 | 2.41x
[blksweep]    5      1   1.50   1.50    163 |            6.00 |   28.1 | 35.53 | 2.44x
[blksweep]    5      1   1.50   1.50    164 |            6.00 |   30.0 | 33.30 | 2.29x
[blksweep]    5      1   1.50   1.50    165 |            5.00 |   29.8 | 33.57 | 2.31x
[blksweep]    5      1   1.50   1.50    166 |            6.00 |   27.6 | 36.24 | 2.49x
[blksweep]    5      1   1.50   1.50    167 |            6.00 |   28.5 | 35.09 | 2.41x
[blksweep]    5      1   1.50   1.50    168 |            6.00 |   28.2 | 35.45 | 2.44x
[blksweep]    5      1   1.50   1.50    169 |            6.00 |   28.4 | 35.17 | 2.42x
[blksweep]    5      1   1.50   1.50    170 |            4.33 |   48.6 | 20.57 | 1.42x
[blksweep]    5      1   1.50   1.50    171 |            6.00 |   27.4 | 36.47 | 2.51x
[blksweep]    5      1   1.50   1.50    172 |            6.00 |   27.6 | 36.18 | 2.49x
[blksweep]    5      1   1.50   1.50    173 |            3.00 |   34.7 | 28.81 | 1.98x
[blksweep]    5      1   1.50   1.50    174 |            2.67 |  121.5 |  8.23 | 0.57x
[blksweep]    5      1   1.50   1.50    175 |            6.00 |   28.4 | 35.26 | 2.43x
[blksweep]    5      1   1.50   1.50    176 |            1.60 |   70.8 | 14.12 | 0.97x
[blksweep]    5      1   1.50   1.50    177 |            6.00 |   32.1 | 31.17 | 2.14x
[blksweep]    5      1   1.50   1.50    178 |            6.00 |   29.7 | 33.69 | 2.32x
[blksweep]    5      1   1.50   1.50    179 |            6.00 |   26.9 | 37.13 | 2.55x
[blksweep]    5      1   1.50   1.50    180 |            6.00 |   28.6 | 35.01 | 2.41x
[blksweep]    5      1   1.50   1.50    181 |            6.00 |   28.8 | 34.73 | 2.39x
[blksweep]    5      1   1.50   1.50    182 |            6.00 |   27.4 | 36.56 | 2.52x
[blksweep]    5      1   1.50   1.50    183 |            6.00 |   28.2 | 35.41 | 2.44x
[blksweep]    5      1   1.50   1.50    184 |            6.00 |   28.8 | 34.69 | 2.39x
[blksweep]    5      1   1.50   1.50    185 |            6.00 |   28.3 | 35.30 | 2.43x
[blksweep]    5      1   1.50   1.50    186 |            6.00 |   27.9 | 35.82 | 2.46x
[blksweep]    5      1   1.50   1.50    187 |            2.67 |   45.3 | 22.09 | 1.52x
[blksweep]    5      1   1.50   1.50    188 |            6.00 |   27.9 | 35.80 | 2.46x
[blksweep]    5      1   1.50   1.50    189 |            2.75 |   45.4 | 22.02 | 1.51x
[blksweep]    5      1   1.50   1.50    190 |            6.00 |   28.4 | 35.27 | 2.43x
[blksweep]    5      1   1.50   1.50    191 |            6.00 |   28.3 | 35.28 | 2.43x
[blksweep]    5      1   1.50   1.50    192 |            5.50 |   29.8 | 33.57 | 2.31x
[blksweep]    5      1   1.50   1.50    193 |            5.50 |   29.5 | 33.88 | 2.33x
[blksweep]    5      1   1.50   1.50    194 |            1.80 |   54.9 | 18.20 | 1.25x
[blksweep]    5      1   1.50   1.50    195 |            6.00 |   26.9 | 37.12 | 2.55x
[blksweep]    5      1   1.50   1.50    196 |            5.00 |   33.7 | 29.65 | 2.04x
[blksweep]    5      1   1.50   1.50    197 |            5.50 |   29.8 | 33.60 | 2.31x
[blksweep]    5      1   1.50   1.50    198 |            6.00 |   28.2 | 35.52 | 2.44x
[blksweep]    5      1   1.50   1.50    199 |            6.00 |   27.5 | 36.38 | 2.50x
[blksweep]    5      1   1.50   1.50    200 |            6.00 |   29.6 | 33.83 | 2.33x
[blksweep]    5      1   1.50   1.50    201 |            5.50 |   30.4 | 32.92 | 2.27x
[blksweep]    5      1   1.50   1.50    202 |            6.00 |   29.0 | 34.46 | 2.37x
[blksweep]    5      1   1.50   1.50    203 |            6.00 |   28.7 | 34.82 | 2.40x
[blksweep]    5      1   1.50   1.50    204 |            2.00 |   58.7 | 17.05 | 1.17x
[blksweep]    5      1   1.50   1.50    205 |            6.00 |   27.3 | 36.67 | 2.52x
[blksweep]    5      1   1.50   1.50    206 |            6.00 |   27.6 | 36.17 | 2.49x
[blksweep]    5      1   1.50   1.50    207 |            4.00 |   29.0 | 34.52 | 2.38x
[blksweep]    5      1   1.50   1.50    208 |            6.00 |   27.2 | 36.72 | 2.53x
[blksweep]    5      1   1.50   1.50    209 |            4.00 |   36.1 | 27.71 | 1.91x
[blksweep]    5      1   1.50   1.50    210 |            6.00 |   29.0 | 34.46 | 2.37x
[blksweep]    5      1   1.50   1.50    211 |            6.00 |   28.2 | 35.49 | 2.44x
[blksweep]    5      1   1.50   1.50    212 |            6.00 |   27.6 | 36.20 | 2.49x
[blksweep]    5      1   1.50   1.50    213 |            2.00 |   69.0 | 14.50 | 1.00x
[blksweep]    5      1   1.50   1.50    214 |            5.50 |   28.8 | 34.68 | 2.39x
[blksweep]    5      1   1.50   1.50    215 |            6.00 |   27.8 | 35.99 | 2.48x
[blksweep]    5      1   1.50   1.50    216 |            4.00 |   41.3 | 24.24 | 1.67x
[blksweep]    5      1   1.50   1.50    217 |            2.20 |   59.5 | 16.80 | 1.16x
[blksweep]    5      1   1.50   1.50    218 |            6.00 |   28.5 | 35.12 | 2.42x
[blksweep]    5      1   1.50   1.50    219 |            2.67 |   43.3 | 23.09 | 1.59x
[blksweep]    5      1   1.50   1.50    220 |            6.00 |   27.7 | 36.14 | 2.49x
[blksweep]    5      1   1.50   1.50    221 |            6.00 |   28.1 | 35.65 | 2.45x
[blksweep]    5      1   1.50   1.50    222 |            5.50 |   29.7 | 33.62 | 2.31x
[blksweep]    5      1   1.50   1.50    223 |            5.50 |   30.8 | 32.47 | 2.23x
[blksweep]    5      1   1.50   1.50    224 |            6.00 |   26.7 | 37.49 | 2.58x
[blksweep]    5      1   1.50   1.50    225 |            1.60 |   72.5 | 13.80 | 0.95x
[blksweep]    5      1   1.50   1.50    226 |            6.00 |   29.1 | 34.41 | 2.37x
[blksweep]    5      1   1.50   1.50    227 |            6.00 |   28.1 | 35.61 | 2.45x
[blksweep]    5      1   1.50   1.50    228 |            5.50 |   29.4 | 34.03 | 2.34x
[blksweep]    5      1   1.50   1.50    229 |            3.00 |   43.3 | 23.07 | 1.59x
[blksweep]    5      1   1.50   1.50    230 |            5.50 |   28.8 | 34.77 | 2.39x
[blksweep]    5      1   1.50   1.50    231 |            4.00 |   28.1 | 35.55 | 2.45x
[blksweep]    5      1   1.50   1.50    232 |            6.00 |   28.0 | 35.68 | 2.45x
[blksweep]    5      1   1.50   1.50    233 |            3.00 |   38.0 | 26.30 | 1.81x
[blksweep]    5      1   1.50   1.50    234 |            6.00 |   28.2 | 35.51 | 2.44x
[blksweep]    5      1   1.50   1.50    235 |            6.00 |   29.1 | 34.35 | 2.36x
[blksweep]    5      1   1.50   1.50    236 |            6.00 |   29.3 | 34.15 | 2.35x
[blksweep]    5      1   1.50   1.50    237 |            6.00 |   27.5 | 36.38 | 2.50x
[blksweep]    5      1   1.50   1.50    238 |            6.00 |   26.7 | 37.48 | 2.58x
[blksweep]    5      1   1.50   1.50    239 |            3.67 |   37.2 | 26.86 | 1.85x
[blksweep]    5      1   1.50   1.50    240 |            4.00 |   34.2 | 29.25 | 2.01x
[blksweep]    5      1   1.50   1.50    241 |            6.00 |   29.1 | 34.31 | 2.36x
[blksweep]    5      1   1.50   1.50    242 |            6.00 |   30.3 | 32.95 | 2.27x
[blksweep]    5      1   1.50   1.50    243 |            6.00 |   29.4 | 33.97 | 2.34x
[blksweep]    5      1   1.50   1.50    244 |            4.00 |   30.1 | 33.20 | 2.28x
[blksweep]    5      1   1.50   1.50    245 |            6.00 |   28.4 | 35.16 | 2.42x
[blksweep]    5      1   1.50   1.50    246 |            2.00 |   51.9 | 19.26 | 1.33x
[blksweep]    5      1   1.50   1.50    247 |            6.00 |   29.0 | 34.44 | 2.37x
[blksweep]    5      1   1.50   1.50    248 |            2.25 |   53.7 | 18.62 | 1.28x
[blksweep]    5      1   1.50   1.50    249 |            6.00 |   27.9 | 35.85 | 2.47x
[blksweep]    5      1   1.50   1.50    250 |            6.00 |   28.0 | 35.72 | 2.46x
[blksweep]    5      1   1.50   1.50    251 |            6.00 |   29.8 | 33.61 | 2.31x
[blksweep]    5      1   1.50   1.50    252 |            6.00 |   28.6 | 35.02 | 2.41x
[blksweep]    5      1   1.50   1.50    253 |            6.00 |   27.6 | 36.17 | 2.49x
[blksweep]    5      1   1.50   1.50    254 |            1.50 |  102.4 |  9.76 | 0.67x
[blksweep]    5      1   1.50   1.50    255 |            6.00 |   26.1 | 38.25 | 2.63x
[blksweep]    5      1   1.50   1.50    256 |            6.00 |   28.8 | 34.70 | 2.39x
[blksweep]    5      1   1.50   1.50    257 |            6.00 |   27.6 | 36.20 | 2.49x
[blksweep]    5      1   1.50   1.50    258 |            1.00 |  114.9 |  8.70 | 0.60x
[blksweep]    5      1   1.50   1.50    259 |            6.00 |   29.4 | 33.99 | 2.34x
[blksweep]    5      1   1.50   1.50    260 |            2.00 |   69.5 | 14.38 | 0.99x
[blksweep]    5      1   1.50   1.50    261 |            6.00 |   27.8 | 35.99 | 2.48x
[blksweep]    5      1   1.50   1.50    262 |            6.00 |   27.9 | 35.79 | 2.46x
[blksweep]    5      1   1.50   1.50    263 |            6.00 |   28.4 | 35.18 | 2.42x
[blksweep]    5      1   1.50   1.50    264 |            6.00 |   27.9 | 35.84 | 2.47x
[blksweep]    5      1   1.50   1.50    265 |            6.00 |   28.5 | 35.04 | 2.41x
[blksweep]    5      1   1.50   1.50    266 |            4.00 |   37.3 | 26.84 | 1.85x
[blksweep]    5      1   1.50   1.50    267 |            6.00 |   28.4 | 35.22 | 2.42x
[blksweep]    5      1   1.50   1.50    268 |            6.00 |   28.5 | 35.12 | 2.42x
[blksweep]    5      1   1.50   1.50    269 |            6.00 |   28.9 | 34.61 | 2.38x
[blksweep]    5      1   1.50   1.50    270 |            6.00 |   27.4 | 36.53 | 2.51x
[blksweep]    5      1   1.50   1.50    271 |            6.00 |   29.2 | 34.30 | 2.36x
[blksweep]    5      1   1.50   1.50    272 |            2.00 |   52.5 | 19.05 | 1.31x
[blksweep]    5      1   1.50   1.50    273 |            4.50 |   40.8 | 24.50 | 1.69x
[blksweep]    5      1   1.50   1.50    274 |            6.00 |   27.6 | 36.27 | 2.50x
[blksweep]    5      1   1.50   1.50    275 |            4.00 |   40.1 | 24.93 | 1.72x
[blksweep]    5      1   1.50   1.50    276 |            6.00 |   26.7 | 37.39 | 2.57x
[blksweep]    5      1   1.50   1.50    277 |            2.00 |   57.3 | 17.45 | 1.20x
[blksweep]    5      1   1.50   1.50    278 |            6.00 |   29.5 | 33.92 | 2.33x
[blksweep]    5      1   1.50   1.50    279 |            3.33 |   40.2 | 24.85 | 1.71x
[blksweep]    5      1   1.50   1.50    280 |            6.00 |   29.1 | 34.39 | 2.37x
[blksweep]    5      1   1.50   1.50    281 |            6.00 |   28.9 | 34.63 | 2.38x
[blksweep]    5      1   1.50   1.50    282 |            6.00 |   27.4 | 36.52 | 2.51x
[blksweep]    5      1   1.50   1.50    283 |            4.50 |   34.5 | 29.01 | 2.00x
[blksweep]    5      1   1.50   1.50    284 |            2.67 |   53.0 | 18.87 | 1.30x
[blksweep]    5      1   1.50   1.50    285 |            6.00 |   28.0 | 35.66 | 2.45x
[blksweep]    5      1   1.50   1.50    286 |            6.00 |   27.3 | 36.57 | 2.52x
[blksweep]    5      1   1.50   1.50    287 |            6.00 |   28.0 | 35.68 | 2.45x
[blksweep]    5      1   1.50   1.50    288 |            2.67 |   39.8 | 25.11 | 1.73x
[blksweep]    5      1   1.50   1.50    289 |            6.00 |   28.7 | 34.83 | 2.40x
[blksweep]    5      1   1.50   1.50    290 |            6.00 |   29.3 | 34.16 | 2.35x
[blksweep]    5      1   1.50   1.50    291 |            6.00 |   28.0 | 35.70 | 2.46x
[blksweep]    5      1   1.50   1.50    292 |            4.50 |   28.7 | 34.88 | 2.40x
[blksweep]    5      1   1.50   1.50    293 |            6.00 |   27.8 | 35.99 | 2.48x
[blksweep]    5      1   1.50   1.50    294 |            5.00 |   31.1 | 32.11 | 2.21x
[blksweep]    5      1   1.50   1.50    295 |            6.00 |   28.2 | 35.51 | 2.44x
[blksweep]    5      1   1.50   1.50    296 |            6.00 |   29.6 | 33.74 | 2.32x
[blksweep]    5      1   1.50   1.50    297 |            6.00 |   30.2 | 33.15 | 2.28x
[blksweep]    5      1   1.50   1.50    298 |            2.00 |   58.9 | 16.97 | 1.17x
[blksweep]    5      1   1.50   1.50    299 |            2.67 |   47.5 | 21.05 | 1.45x
[blksweep]    5      1   1.50   1.50    300 |            6.00 |   28.0 | 35.71 | 2.46x
[blksweep]    5      1   1.50   1.50    301 |            2.25 |   43.1 | 23.20 | 1.60x
[blksweep]    5      1   1.50   1.50    302 |            1.60 |   68.0 | 14.71 | 1.01x
[blksweep]    5      1   1.50   1.50    303 |            6.00 |   28.0 | 35.77 | 2.46x
[blksweep]    5      1   1.50   1.50    304 |            6.00 |   28.8 | 34.73 | 2.39x
[blksweep]    5      1   1.50   1.50    305 |            6.00 |   30.6 | 32.68 | 2.25x
[blksweep]    5      1   1.50   1.50    306 |            6.00 |   27.9 | 35.83 | 2.46x
[blksweep]    5      1   1.50   1.50    307 |            6.00 |   27.6 | 36.23 | 2.49x
[blksweep]    5      1   1.50   1.50    308 |            6.00 |   27.8 | 36.03 | 2.48x
[blksweep]    5      1   1.50   1.50    309 |            2.00 |   55.0 | 18.18 | 1.25x
[blksweep]    5      1   1.50   1.50    310 |            6.00 |   26.7 | 37.50 | 2.58x
[blksweep]    5      1   1.50   1.50    311 |            6.00 |   29.3 | 34.10 | 2.35x
[blksweep]    5      1   1.50   1.50    312 |            5.50 |   30.2 | 33.14 | 2.28x
[blksweep]    5      1   1.50   1.50    313 |            6.00 |   28.6 | 34.90 | 2.40x
[blksweep]    5      1   1.50   1.50    314 |            2.67 |   46.2 | 21.67 | 1.49x
[blksweep]    5      1   1.50   1.50    315 |            6.00 |   29.1 | 34.39 | 2.37x
[blksweep]    5      1   1.50   1.50    316 |            6.00 |   27.4 | 36.54 | 2.51x
[blksweep]    5      1   1.50   1.50    317 |            4.50 |   28.5 | 35.08 | 2.41x
[blksweep]    5      1   1.50   1.50    318 |            4.00 |   40.7 | 24.57 | 1.69x
[blksweep]    5      1   1.50   1.50    319 |            6.00 |   28.6 | 34.98 | 2.41x
[blksweep]    5      1   1.50   1.50    320 |            6.00 |   28.8 | 34.73 | 2.39x
[blksweep]    5      1   1.50   1.50    321 |            4.00 |   28.2 | 35.51 | 2.44x
[blksweep]    5      1   1.50   1.50    322 |            5.50 |   27.9 | 35.82 | 2.46x
[blksweep]    5      1   1.50   1.50    323 |            6.00 |   29.6 | 33.78 | 2.32x
[blksweep]    5      1   1.50   1.50    324 |            5.50 |   28.4 | 35.24 | 2.42x
[blksweep]    5      1   1.50   1.50    325 |            4.33 |   28.1 | 35.65 | 2.45x
[blksweep]    5      1   1.50   1.50    326 |            6.00 |   28.4 | 35.22 | 2.42x
[blksweep]    5      1   1.50   1.50    327 |            6.00 |   28.9 | 34.57 | 2.38x
[blksweep]    5      1   1.50   1.50    328 |            6.00 |   29.4 | 33.98 | 2.34x
[blksweep]    5      1   1.50   1.50    329 |            5.50 |   29.2 | 34.24 | 2.36x
[blksweep]    5      1   1.50   1.50    330 |            4.00 |   42.5 | 23.52 | 1.62x
[blksweep]    5      1   1.50   1.50    331 |            6.00 |   28.3 | 35.27 | 2.43x
[blksweep]    5      1   1.50   1.50    332 |            6.00 |   26.6 | 37.54 | 2.58x
[blksweep]    5      1   1.50   1.50    333 |            6.00 |   26.1 | 38.35 | 2.64x
[blksweep]    5      1   1.50   1.50    334 |            6.00 |   27.8 | 35.99 | 2.48x
[blksweep]    5      1   1.50   1.50    335 |            6.00 |   27.0 | 37.00 | 2.55x
[blksweep]    5      1   1.50   1.50    336 |            3.33 |   47.9 | 20.87 | 1.44x
[blksweep]    5      1   1.50   1.50    337 |            6.00 |   27.4 | 36.44 | 2.51x
[blksweep]    5      1   1.50   1.50    338 |            6.00 |   27.4 | 36.50 | 2.51x
[blksweep]    5      1   1.50   1.50    339 |            6.00 |   27.8 | 36.03 | 2.48x
[blksweep]    5      1   1.50   1.50    340 |            1.60 |   64.3 | 15.55 | 1.07x
[blksweep]    5      1   1.50   1.50    341 |            5.50 |   35.1 | 28.53 | 1.96x
[blksweep]    5      1   1.50   1.50    342 |            6.00 |   28.3 | 35.29 | 2.43x
[blksweep]    5      1   1.50   1.50    343 |            3.33 |   36.5 | 27.36 | 1.88x
[blksweep]    5      1   1.50   1.50    344 |            1.60 |   64.3 | 15.56 | 1.07x
[blksweep]    5      1   1.50   1.50    345 |            6.00 |   28.6 | 34.99 | 2.41x
[blksweep]    5      1   1.50   1.50    346 |            6.00 |   29.4 | 34.05 | 2.34x
[blksweep]    5      1   1.50   1.50    347 |            6.00 |   27.7 | 36.09 | 2.48x
[blksweep]    5      1   1.50   1.50    348 |            6.00 |   27.8 | 35.98 | 2.48x
[blksweep]    5      1   1.50   1.50    349 |            2.25 |   53.5 | 18.70 | 1.29x
[blksweep]    5      1   1.50   1.50    350 |            6.00 |   30.0 | 33.29 | 2.29x
[blksweep]    5      1   1.50   1.50    351 |            3.25 |   36.9 | 27.13 | 1.87x
[blksweep]    5      1   1.50   1.50    352 |            6.00 |   28.8 | 34.71 | 2.39x
[blksweep]    5      1   1.50   1.50    353 |            6.00 |   27.5 | 36.39 | 2.50x
[blksweep]    5      1   1.50   1.50    354 |            6.00 |   28.0 | 35.77 | 2.46x
[blksweep]    5      1   1.50   1.50    355 |            6.00 |   28.3 | 35.31 | 2.43x
[blksweep]    5      1   1.50   1.50    356 |            6.00 |   28.3 | 35.28 | 2.43x
[blksweep]    5      1   1.50   1.50    357 |            6.00 |   28.2 | 35.51 | 2.44x
[blksweep]    5      1   1.50   1.50    358 |            6.00 |   26.8 | 37.33 | 2.57x
[blksweep]    5      1   1.50   1.50    359 |            6.00 |   31.9 | 31.40 | 2.16x
[blksweep]    5      1   1.50   1.50    360 |            4.00 |   52.3 | 19.10 | 1.31x
[blksweep]    5      1   1.50   1.50    361 |            6.00 |   28.0 | 35.66 | 2.45x
[blksweep]    5      1   1.50   1.50    362 |            6.00 |   29.1 | 34.42 | 2.37x
[blksweep]    5      1   1.50   1.50    363 |            6.00 |   28.1 | 35.53 | 2.44x
[blksweep]    5      1   1.50   1.50    364 |            2.00 |   66.9 | 14.95 | 1.03x
[blksweep]    5      1   1.50   1.50    365 |            6.00 |   27.2 | 36.74 | 2.53x
[blksweep]    5      1   1.50   1.50    366 |            2.75 |   54.8 | 18.25 | 1.26x
[blksweep]    5      1   1.50   1.50    367 |            6.00 |   28.1 | 35.57 | 2.45x
[blksweep]    5      1   1.50   1.50    368 |            2.67 |   46.3 | 21.60 | 1.49x
[blksweep]    5      1   1.50   1.50    369 |            6.00 |   28.7 | 34.83 | 2.40x
[blksweep]    5      1   1.50   1.50    370 |            3.67 |   48.2 | 20.73 | 1.43x
[blksweep]    5      1   1.50   1.50    371 |            5.50 |   29.1 | 34.36 | 2.36x
[blksweep]    5      1   1.50   1.50    372 |            6.00 |   27.9 | 35.90 | 2.47x
[blksweep]    5      1   1.50   1.50    373 |            6.00 |   28.0 | 35.72 | 2.46x
[blksweep]    5      1   1.50   1.50    374 |            4.00 |   40.9 | 24.47 | 1.68x
[blksweep]    5      1   1.50   1.50    375 |            6.00 |   28.3 | 35.39 | 2.43x
[blksweep]    5      1   1.50   1.50    376 |            4.00 |   41.5 | 24.12 | 1.66x
[blksweep]    5      1   1.50   1.50    377 |            6.00 |   28.9 | 34.65 | 2.38x
[blksweep]    5      1   1.50   1.50    378 |            6.00 |   27.3 | 36.67 | 2.52x
[blksweep]    5      1   1.50   1.50    379 |            2.50 |   53.8 | 18.58 | 1.28x
[blksweep]    5      1   1.50   1.50    380 |            6.00 |   28.8 | 34.76 | 2.39x
[blksweep]    5      1   1.50   1.50    381 |            6.00 |   27.8 | 35.96 | 2.47x
[blksweep]    5      1   1.50   1.50    382 |            6.00 |   28.8 | 34.67 | 2.39x
[blksweep]    5      1   1.50   1.50    383 |            2.67 |   48.1 | 20.78 | 1.43x
[blksweep]    5      1   1.50   1.50    384 |            6.00 |   27.3 | 36.63 | 2.52x
[blksweep]    5      1   1.50   1.50    385 |            2.67 |   40.7 | 24.56 | 1.69x
[blksweep]    5      1   1.50   1.50    386 |            1.60 |   93.4 | 10.70 | 0.74x
[blksweep]    5      1   1.50   1.50    387 |            6.00 |   27.8 | 35.92 | 2.47x
[blksweep]    5      1   1.50   1.50    388 |            1.33 |   77.6 | 12.88 | 0.89x
[blksweep]    5      1   1.50   1.50    389 |            4.50 |   39.8 | 25.12 | 1.73x
[blksweep]    5      1   1.50   1.50    390 |            6.00 |   29.1 | 34.42 | 2.37x
[blksweep]    5      1   1.50   1.50    391 |            6.00 |   28.7 | 34.86 | 2.40x
[blksweep]    5      1   1.50   1.50    392 |            2.60 |   50.1 | 19.95 | 1.37x
[blksweep]    5      1   1.50   1.50    393 |            6.00 |   28.1 | 35.63 | 2.45x
[blksweep]    5      1   1.50   1.50    394 |            4.00 |   34.3 | 29.14 | 2.00x
[blksweep]    5      1   1.50   1.50    395 |            6.00 |   26.7 | 37.39 | 2.57x
[blksweep]    5      1   1.50   1.50    396 |            1.60 |   81.8 | 12.23 | 0.84x
[blksweep]    5      1   1.50   1.50    397 |            6.00 |   28.1 | 35.57 | 2.45x
[blksweep]    5      1   1.50   1.50    398 |            2.25 |   51.4 | 19.44 | 1.34x
[blksweep]    5      1   1.50   1.50    399 |            2.40 |   52.8 | 18.95 | 1.30x
[blksweep]    5      1   1.50   1.50    400 |            6.00 |   28.7 | 34.82 | 2.40x
[blksweep]    5      1   1.50   1.50    401 |            6.00 |   26.1 | 38.27 | 2.63x
[blksweep]    5      1   1.50   1.50    402 |            4.00 |   45.7 | 21.89 | 1.51x
[blksweep]    5      1   1.50   1.50    403 |            4.00 |   33.6 | 29.75 | 2.05x
[blksweep]    5      1   1.50   1.50    404 |            6.00 |   27.0 | 37.07 | 2.55x
[blksweep]    5      1   1.50   1.50    405 |            6.00 |   28.8 | 34.68 | 2.39x
[blksweep]    5      1   1.50   1.50    406 |            6.00 |   28.0 | 35.73 | 2.46x
[blksweep]    5      1   1.50   1.50    407 |            4.00 |   28.3 | 35.39 | 2.44x
[blksweep]    5      1   1.50   1.50    408 |            2.00 |   80.1 | 12.49 | 0.86x
[blksweep]    5      1   1.50   1.50    409 |            6.00 |   29.0 | 34.46 | 2.37x
[blksweep]    5      1   1.50   1.50    410 |            2.67 |   40.8 | 24.53 | 1.69x
[blksweep]    5      1   1.50   1.50    411 |            5.50 |   29.8 | 33.56 | 2.31x
[blksweep]    5      1   1.50   1.50    412 |            6.00 |   28.2 | 35.46 | 2.44x
[blksweep]    5      1   1.50   1.50    413 |            6.00 |   26.3 | 38.08 | 2.62x
[blksweep]    5      1   1.50   1.50    414 |            5.50 |   28.8 | 34.77 | 2.39x
[blksweep]    5      1   1.50   1.50    415 |            5.50 |   30.1 | 33.19 | 2.28x
[blksweep]    5      1   1.50   1.50    416 |            6.00 |   27.6 | 36.25 | 2.49x
[blksweep]    5      1   1.50   1.50    417 |            6.00 |   28.2 | 35.51 | 2.44x
[blksweep]    5      1   1.50   1.50    418 |            6.00 |   28.0 | 35.71 | 2.46x
[blksweep]    5      1   1.50   1.50    419 |            6.00 |   28.3 | 35.29 | 2.43x
[blksweep]    5      1   1.50   1.50    420 |            6.00 |   28.0 | 35.77 | 2.46x
[blksweep]    5      1   1.50   1.50    421 |            3.67 |   39.6 | 25.28 | 1.74x
[blksweep]    5      1   1.50   1.50    422 |            6.00 |   27.0 | 37.00 | 2.55x
[blksweep]    5      1   1.50   1.50    423 |            6.00 |   28.8 | 34.69 | 2.39x
[blksweep]    5      1   1.50   1.50    424 |            5.00 |   33.7 | 29.66 | 2.04x
[blksweep]    5      1   1.50   1.50    425 |            4.50 |   30.2 | 33.08 | 2.28x
[blksweep]    5      1   1.50   1.50    426 |            6.00 |   29.2 | 34.30 | 2.36x
[blksweep]    5      1   1.50   1.50    427 |            6.00 |   28.0 | 35.66 | 2.45x
[blksweep]    5      1   1.50   1.50    428 |            6.00 |   27.9 | 35.85 | 2.47x
[blksweep]    5      1   1.50   1.50    429 |            2.25 |   46.9 | 21.33 | 1.47x
[blksweep]    5      1   1.50   1.50    430 |            1.80 |   75.2 | 13.30 | 0.92x
[blksweep]    5      1   1.50   1.50    431 |            2.25 |   58.3 | 17.16 | 1.18x
[blksweep]    5      1   1.50   1.50    432 |            6.00 |   26.5 | 37.69 | 2.59x
[blksweep]    5      1   1.50   1.50    433 |            6.00 |   26.7 | 37.38 | 2.57x
[blksweep]    5      1   1.50   1.50    434 |            6.00 |   27.1 | 36.85 | 2.54x
[blksweep]    5      1   1.50   1.50    435 |            5.00 |   37.7 | 26.55 | 1.83x
[blksweep]    5      1   1.50   1.50    436 |            1.33 |   78.8 | 12.69 | 0.87x
[blksweep]    5      1   1.50   1.50    437 |            6.00 |   27.3 | 36.62 | 2.52x
[blksweep]    5      1   1.50   1.50    438 |            2.50 |   71.3 | 14.02 | 0.96x
[blksweep]    5      1   1.50   1.50    439 |            5.50 |   28.2 | 35.43 | 2.44x
[blksweep]    5      1   1.50   1.50    440 |            4.50 |   33.0 | 30.35 | 2.09x
[blksweep]    5      1   1.50   1.50    441 |            6.00 |   29.1 | 34.40 | 2.37x
[blksweep]    5      1   1.50   1.50    442 |            4.00 |   29.1 | 34.40 | 2.37x
[blksweep]    5      1   1.50   1.50    443 |            4.50 |   27.9 | 35.79 | 2.46x
[blksweep]    5      1   1.50   1.50    444 |            4.00 |   41.3 | 24.19 | 1.66x
[blksweep]    5      1   1.50   1.50    445 |            3.00 |   47.6 | 21.02 | 1.45x
[blksweep]    5      1   1.50   1.50    446 |            3.33 |   50.9 | 19.64 | 1.35x
[blksweep]    5      1   1.50   1.50    447 |            6.00 |   27.4 | 36.53 | 2.51x
[blksweep]    5      1   1.50   1.50    448 |            6.00 |   28.5 | 35.09 | 2.41x
[blksweep]    5      1   1.50   1.50    449 |            2.67 |   62.0 | 16.13 | 1.11x
[blksweep]    5      1   1.50   1.50    450 |            6.00 |   26.9 | 37.19 | 2.56x
[blksweep]    5      1   1.50   1.50    451 |            6.00 |   29.0 | 34.53 | 2.38x
[blksweep]    5      1   1.50   1.50    452 |            3.33 |   54.4 | 18.38 | 1.26x
[blksweep]    5      1   1.50   1.50    453 |            4.00 |   28.8 | 34.78 | 2.39x
[blksweep]    5      1   1.50   1.50    454 |            5.50 |   33.4 | 29.92 | 2.06x
[blksweep]    5      1   1.50   1.50    455 |            6.00 |   27.5 | 36.34 | 2.50x
[blksweep]    5      1   1.50   1.50    456 |            6.00 |   28.8 | 34.67 | 2.39x
[blksweep]    5      1   1.50   1.50    457 |            3.67 |   33.9 | 29.54 | 2.03x
[blksweep]    5      1   1.50   1.50    458 |            4.33 |   35.4 | 28.27 | 1.95x
[blksweep]    5      1   1.50   1.50    459 |            1.80 |   62.1 | 16.10 | 1.11x
[blksweep]    5      1   1.50   1.50    460 |            4.00 |   55.0 | 18.18 | 1.25x
[blksweep]    5      1   1.50   1.50    461 |            5.50 |   28.4 | 35.23 | 2.42x
[blksweep]    5      1   1.50   1.50    462 |            5.00 |   42.6 | 23.47 | 1.61x
[blksweep]    5      1   1.50   1.50    463 |            3.33 |   45.0 | 22.24 | 1.53x
[blksweep]    5      1   1.50   1.50    464 |            3.00 |   53.3 | 18.76 | 1.29x
[blksweep]    5      1   1.50   1.50    465 |            5.50 |   28.2 | 35.50 | 2.44x
[blksweep]    5      1   1.50   1.50    466 |            6.00 |   27.3 | 36.63 | 2.52x
[blksweep]    5      1   1.50   1.50    467 |            6.00 |   27.4 | 36.54 | 2.51x
[blksweep]    5      1   1.50   1.50    468 |            2.00 |   59.9 | 16.69 | 1.15x
[blksweep]    5      1   1.50   1.50    469 |            3.67 |   30.3 | 33.05 | 2.27x
[blksweep]    5      1   1.50   1.50    470 |            6.00 |   27.1 | 36.96 | 2.54x
[blksweep]    5      1   1.50   1.50    471 |            2.25 |   53.3 | 18.76 | 1.29x
[blksweep]    5      1   1.50   1.50    472 |            6.00 |   29.1 | 34.33 | 2.36x
[blksweep]    5      1   1.50   1.50    473 |            6.00 |   29.0 | 34.53 | 2.38x
[blksweep]    5      1   1.50   1.50    474 |            3.00 |   49.4 | 20.26 | 1.39x
[blksweep]    5      1   1.50   1.50    475 |            6.00 |   27.6 | 36.21 | 2.49x
[blksweep]    5      1   1.50   1.50    476 |            6.00 |   28.6 | 35.00 | 2.41x
[blksweep]    5      1   1.50   1.50    477 |            4.33 |   28.7 | 34.81 | 2.40x
[blksweep]    5      1   1.50   1.50    478 |            6.00 |   27.7 | 36.11 | 2.48x
[blksweep]    5      1   1.50   1.50    479 |            1.60 |   74.9 | 13.35 | 0.92x
[blksweep]    5      1   1.50   1.50    480 |            2.00 |   76.6 | 13.06 | 0.90x
[blksweep]    5      1   1.50   1.50    481 |            6.00 |   28.7 | 34.87 | 2.40x
[blksweep]    5      1   1.50   1.50    482 |            4.00 |   27.9 | 35.87 | 2.47x
[blksweep]    5      1   1.50   1.50    483 |            6.00 |   28.7 | 34.83 | 2.40x
[blksweep]    5      1   1.50   1.50    484 |            6.00 |   28.8 | 34.73 | 2.39x
[blksweep]    5      1   1.50   1.50    485 |            2.00 |   58.3 | 17.16 | 1.18x
[blksweep]    5      1   1.50   1.50    486 |            5.50 |   30.1 | 33.19 | 2.28x
[blksweep]    5      1   1.50   1.50    487 |            1.60 |   72.0 | 13.89 | 0.96x
[blksweep]    5      1   1.50   1.50    488 |            6.00 |   28.1 | 35.53 | 2.44x
[blksweep]    5      1   1.50   1.50    489 |            5.50 |   34.9 | 28.65 | 1.97x
[blksweep]    5      1   1.50   1.50    490 |            6.00 |   28.2 | 35.47 | 2.44x
[blksweep]    5      1   1.50   1.50    491 |            6.00 |   27.6 | 36.21 | 2.49x
[decode] mem 122.0/122.8 GiB
