0,671,6102,294,8760,344,11111,16,455,6102,294,16603,344,29168,16,455,6102,294,14251,344,16235,16,455,6102,294,29585,344,76405,16,455,6102,294,25062,344,40977,16,455,6102,294,10322,344,17575,16,455,6102,294,270,3702,14460,344,6693,16,455,6102,294,270,17705,344,455,87966,16,455,6102,294,37736,344,51695,16,455,6102,294,78362,344,78362,16,455,6102,294,16352,344,40009,16,455,6102,294,36631,344,67083,16,455,6102,294,25477,344,49056,16,455,6102,294,33324,344,57687,16,455,6102,294,33395,344,41023,16,455,6102,294,30609,344,15745,16,455,6102,294,33952,344,50789,16,455,6102,294,27048,344,70026,16,455,6102,294,46843,344,57340,16,455,6102,294,270,31768,9375,344,69135,16,455,6102,294,95460,344,95883,19030,3602,16,455,6102,294,50623,344,32261,13655,16,455,6102,294,63292,344,86645,16,455,6102,294,59165,344,117515,16,455,6102,294,65006,344,121648,16,455,6102,294,77077,305,117185,344,77077,305,117185,16,455,6102,294,93278,344,76180,3393,16,455,6102,294
0,671,6102,294,8760,344,11111,16,455,6102,294,16603,344,29168,16,455,6102,294,14251,344,16235,16,455,6102,294,29585,344,76405,16,455,6102,294,25062,344,40977,16,455,6102,294,10322,344,17575,16,455,6102,294,270,3702,14460,344,6693,16,455,6102,294,270,17705,344,455,87966,16,455,6102,294,37736,344,51695,16,455,6102,294,78362,344,78362,16,455,6102,294,16352,344,40009,16,455,6102,294,36631,344,67083,16,455,6102,294,25477,344,49056,16,455,6102,294,33324,344,57687,16,455,6102,294,33395,344,41023,16,455,6102,294,30609,344,15745,16,455,6102,294,33952,344,50789,16,455,6102,294,27048,344,70026,16,455,6102,294,46843,344,57340,16,455,6102,294,270,31768,9375,344,69135,16,455,6102,294,95460,344,95883,19030,3602,16,455,6102,294,50623,344,32261,13655,16,455,6102,294,63292,344,86645,16,455,6102,294,59165,344,117515,16,455,6102,294,65006,344,121648,16,455,6102,294,77077,305,117185,344,77077,305,117185,16,455,6102,294,93278,344,76180,3393,16,455,6102,294
0,671,6102,294,8760,344,11111,16,455,6102,294,16603,344,29168,16,455,6102,294,14251,344,16235,16,455,6102,294,29585,344,76405,16,455,6102,294,25062,344,40977,16,455,6102,294,10322,344,17575,16,455,6102,294,270,3702,14460,344,6693,16,455,6102,294,270,17705,344,455,87966,16,455,6102,294,37736,344,51695,16,455,6102,294,78362,344,78362,16,455,6102,294,16352,344,40009,16,455,6102,294,36631,344,67083,16,455,6102,294,25477,344,49056,16,455,6102,294,33324,344,57687,16,455,6102,294,33395,344,41023,16,455,6102,294,30609,344,15745,16,455,6102,294,33952,344,50789,16,455,6102,294,27048,344,70026,16,455,6102,294,46843,344,57340,16,455,6102,294,270,31768,9375,344,69135,16,455,6102,294,95460,344,95883,19030,3602,16,455,6102,294,50623,344,32261,13655,16,455,6102,294,63292,344,86645,16,455,6102,294,59165,344,117515,16,455,6102,294,65006,344,121648,16,455,6102,294,77077,305,117185,344,77077,305,117185,16,455,6102,294,93278,344,76180,3393,16,455,6102,294
0,671,6102,294,8760,344,11111,16,455,6102,294,16603,344,29168,16,455,6102,294,14251,344,16235,16,455,6102,294,29585,344,76405,16,455,6102,294,25062,344,40977,16,455,6102,294,10322,344,17575,16,455,6102,294,270,3702,14460,344,6693,16,455,6102,294,270,17705,344,455,87966,16,455,6102,294,37736,344,51695,16,455,6102,294,78362,344,78362,16,455,6102,294,16352,344,40009,16,455,6102,294,36631,344,67083,16,455,6102,294,25477,344,49056,16,455,6102,294,33324,344,57687,16,455,6102,294,33395,344,41023,16,455,6102,294,30609,344,15745,16,455,6102,294,33952,344,50789,16,455,6102,294,27048,344,70026,16,455,6102,294,46843,344,57340,16,455,6102,294,270,31768,9375,344,69135,16,455,6102,294,95460,344,95883,19030,3602,16,455,6102,294,50623,344,32261,13655,16,455,6102,294,63292,344,86645,16,455,6102,294,59165,344,117515,16,455,6102,294,65006,344,121648,16,455,6102,294,77077,305,117185,344,77077,305,117185,16,455,6102,294,93278,344,76180,3393,16,455,6102,294
0,671,6102,294,8760,344,11111,16,455,6102,294,16603,344,29168,16,455,6102,294,14251,344,16235,16,455,6102,294,29585,344,76405,16,455,6102,294,25062,344,40977,16,455,6102,294,10322,344,17575,16,455,6102,294,270,3702,14460,344,6693,16,455,6102,294,270,17705,344,455,87966,16,455,6102,294,37736,344,51695,16,455,6102,294,78362,344,78362,16,455,6102,294,16352,344,40009,16,455,6102,294,36631,344,67083,16,455,6102,294,25477,344,49056,16,455,6102,294,33324,344,57687,16,455,6102,294,33395,344,41023,16,455,6102,294,30609,344,15745,16,455,6102,294,33952,344,50789,16,455,6102,294,27048,344,70026,16,455,6102,294,46843,344,57340,16,455,6102,294,270,31768,9375,344,69135,16,455,6102,294,95460,344,95883,19030,3602,16,455,6102,294,50623,344,32261,13655,16,455,6102,294,63292,344,86645,16,455,6102,294,59165,344,117515,16,455,6102,294,65006,344,121648,16,455,6102,294,77077,305,117185,344,77077,305,117185,16,455,6102,294,93278,344,76180,3393,16,455,6102,294
0,671,6102,294,8760,344,11111,16,455,6102,294,16603,344,29168,16,455,6102,294,14251,344,16235,16,455,6102,294,29585,344,76405,16,455,6102,294,25062,344,40977,16,455,6102,294,10322,344,17575,16,455,6102,294,270,3702,14460,344,6693,16,455,6102,294,270,17705,344,455,87966,16,455,6102,294,37736,344,51695,16,455,6102,294,78362,344,78362,16,455,6102,294,16352,344,40009,16,455,6102,294,36631,344,67083,16,455,6102,294,25477,344,49056,16,455,6102,294,33324,344,57687,16,455,6102,294,33395,344,41023,16,455,6102,294,30609,344,15745,16,455,6102,294,33952,344,50789,16,455,6102,294,27048,344,70026,16,455,6102,294,46843,344,57340,16,455,6102,294,270,31768,9375,344,69135,16,455,6102,294,95460,344,95883,19030,3602,16,455,6102,294,50623,344,32261,13655,16,455,6102,294,63292,344,86645,16,455,6102,294,59165,344,117515,16,455,6102,294,65006,344,121648,16,455,6102,294,77077,305,117185,344,77077,305,117185,16,455,6102,294,93278,344,76180,3393,16,455,6102,294
0,671,6102,294,8760,344,11111,16,455,6102,294,16603,344,29168,16,455,6102,294,14251,344,16235,16,455,6102,294,29585,344,76405,16,455,6102,294,25062,344,40977,16,455,6102,294,10322,344,17575,16,455,6102,294,270,3702,14460,344,6693,16,455,6102,294,270,17705,344,455,87966,16,455,6102,294,37736,344,51695,16,455,6102,294,78362,344,78362,16,455,6102,294,16352,344,40009,16,455,6102,294,36631,344,67083,16,455,6102,294,25477,344,49056,16,455,6102,294,33324,344,57687,16,455,6102,294,33395,344,41023,16,455,6102,294,30609,344,15745,16,455,6102,294,33952,344,50789,16,455,6102,294,27048,344,70026,16,455,6102,294,46843,344,57340,16,455,6102,294,270,31768,9375,344,69135,16,455,6102,294,95460,344,95883,19030,3602,16,455,6102,294,50623,344,32261,13655,16,455,6102,294,63292,344,86645,16,455,6102,294,59165,344,117515,16,455,6102,294,65006,344,121648,16,455,6102,294,77077,305,117185,344,77077,305,117185,16,455,6102,294,93278,344,76180,3393,16,455,6102,294
0,3476,611,260,4105,1178,65,50219,6434,481,797,455,3967,20407,28,1205,734,270,9670,295,30228,33,39843,9045,778,4105,1926,440,1114,1635,305,418,1205,9517,16,4147,554,1926,270,4105,339,43,1114,1926,270,1178,65,50219,4105,418,270,9517,28,4593,1281,106239,3305,1,1,14,223,19,16,23,14,223,20,16,23,14,223,21,16,23,14,223,22,16,23,14,223,23,16,23,14,223,24,16,23,14,223,25,16,23,14,223,26,16,23,14,223,27,16,23,14,223,553,16,23,14,223,779,16,23,14,223,736,16,23,14,223,907,16,23,14,223,929,16,23,14,223,856,16,23,14,223,926,16,23,14,223,1002,16,23,14,223,864,16,23,14,223,511,16,23,14,223,397,16,23,14,223,1602,16,23,14,223,1302,16,23,14,223,1349,16,23,14,223,1173,16,23,14,223,1069,16,23,14,223,1450,16,23,14,223,1477,16,23,14,223,1449,16,23,14,223,1557,16,23,14,223,1059,16,23,14,223,2181,16,23,14,223,2111,16,23,14,223,1671,16,23,14,223,2012,16,23,14,223,1810,16,23,14
0,3476,611,260,4105,1178,65,50219,6434,481,797,455,3967,20407,28,1205,734,270,9670,295,30228,33,39843,9045,778,4105,1926,440,1114,1635,305,418,1205,9517,16,4147,554,1926,270,4105,339,43,1114,1926,270,1178,65,50219,4105,418,270,9517,28,4593,1281,106239,3305,1,1,14,223,19,16,23,14,223,20,16,23,14,223,21,16,23,14,223,22,16,23,14,223,23,16,23,14,223,24,16,23,14,223,25,16,23,14,223,26,16,23,14,223,27,16,23,14,223,553,16,23,14,223,779,16,23,14,223,736,16,23,14,223,907,16,23,14,223,929,16,23,14,223,856,16,23,14,223,926,16,23,14,223,1002,16,23,14,223,864,16,23,14,223,511,16,23,14,223,397,16,23,14,223,1602,16,23,14,223,1302,16,23,14,223,1349,16,23,14,223,1173,16,23,14,223,1069,16,23,14,223,1450,16,23,14,223,1477,16,23,14,223,1449,16,23,14,223,1557,16,23,14,223,1059,16,23,14,223,2181,16,23,14,223,2111,16,23,14,223,1671,16,23,14,223,2012,16,23,14,223,1810,16,23,14,223,1872
0,3476,611,260,4105,1178,65,50219,6434,481,797,455,3967,20407,28,1205,734,270,9670,295,30228,33,39843,9045,778,4105,1926,440,1114,1635,305,418,1205,9517,16,4147,554,1926,270,4105,339,43,1114,1926,270,1178,65,50219,4105,418,270,9517,28,4593,1281,106239,3305,1,1,14,223,19,16,23,14,223,20,16,23,14,223,21,16,23,14,223,22,16,23,14,223,23,16,23,14,223,24,16,23,14,223,25,16,23,14,223,26,16,23,14,223,27,16,23,14,223,553,16,23,14,223,779,16,23,14,223,736,16,23,14,223,907,16,23,14,223,929,16,23,14,223,856,16,23,14,223,926,16,23,14,223,1002,16,23,14,223,864,16,23,14,223,511,16,23,14,223,397,16,23,14,223,1602,16,23,14,223,1302,16,23,14,223,1349,16,23,14,223,1173,16,23,14,223,1069,16,23,14,223,1450,16,23,14,223,1477,16,23,14,223,1449,16,23,14,223,1557,16,23,14,223,1059,16,23,14,223,2181,16,23,14,223,2111,16,23,14,223,1671,16,23,14,223,2012,16,23,14,223,1810,16,23,14,223,1872,16,23
0,3476,611,260,4105,1178,65,50219,6434,481,797,455,3967,20407,28,1205,734,270,9670,295,30228,33,39843,9045,778,4105,1926,440,1114,1635,305,418,1205,9517,16,4147,554,1926,270,4105,339,43,1114,1926,270,1178,65,50219,4105,418,270,9517,28,4593,1281,106239,3305,1,1,14,223,19,16,23,14,223,20,16,23,14,223,21,16,23,14,223,22,16,23,14,223,23,16,23,14,223,24,16,23,14,223,25,16,23,14,223,26,16,23,14,223,27,16,23,14,223,553,16,23,14,223,779,16,23,14,223,736,16,23,14,223,907,16,23,14,223,929,16,23,14,223,856,16,23,14,223,926,16,23,14,223,1002,16,23,14,223,864,16,23,14,223,511,16,23,14,223,397,16,23,14,223,1602,16,23,14,223,1302,16,23,14,223,1349,16,23,14,223,1173,16,23,14,223,1069,16,23,14,223,1450,16,23,14,223,1477,16,23,14,223,1449,16,23,14,223,1557,16,23,14,223,1059,16,23,14,223,2181,16,23,14,223,2111,16,23,14,223,1671,16,23,14,223,2012,16,23,14,223,1810,16,23,14,223,1872,16,23
0,3476,611,260,4105,1178,65,50219,6434,481,797,455,3967,20407,28,1205,734,270,9670,295,30228,33,39843,9045,778,4105,1926,440,1114,1635,305,418,1205,9517,16,4147,554,1926,270,4105,339,43,1114,1926,270,1178,65,50219,4105,418,270,9517,28,4593,1281,106239,3305,1,1,14,223,19,16,23,14,223,20,16,23,14,223,21,16,23,14,223,22,16,23,14,223,23,16,23,14,223,24,16,23,14,223,25,16,23,14,223,26,16,23,14,223,27,16,23,14,223,553,16,23,14,223,779,16,23,14,223,736,16,23,14,223,907,16,23,14,223,929,16,23,14,223,856,16,23,14,223,926,16,23,14,223,1002,16,23,14,223,864,16,23,14,223,511,16,23,14,223,397,16,23,14,223,1602,16,23,14,223,1302,16,23,14,223,1349,16,23,14,223,1173,16,23,14,223,1069,16,23,14,223,1450,16,23,14,223,1477,16,23,14,223,1449,16,23,14,223,1557,16,23,14,223,1059,16,23,14,223,2181,16,23,14,223,2111,16,23,14,223,1671,16,23,14,223,2012,16,23,14,223,1810,16,23,14,223,1872
0,3476,611,260,4105,1178,65,50219,6434,481,797,455,3967,20407,28,1205,734,270,9670,295,30228,33,39843,9045,778,4105,1926,440,1114,1635,305,418,1205,9517,16,4147,554,1926,270,4105,339,43,1114,1926,270,1178,65,50219,4105,418,270,9517,28,4593,1281,106239,3305,1,1,14,223,19,16,23,14,223,20,16,23,14,223,21,16,23,14,223,22,16,23,14,223,23,16,23,14,223,24,16,23,14,223,25,16,23,14,223,26,16,23,14,223,27,16,23,14,223,553,16,23,14,223,779,16,23,14,223,736,16,23,14,223,907,16,23,14,223,929,16,23,14,223,856,16,23,14,223,926,16,23,14,223,1002,16,23,14,223,864,16,23,14,223,511,16,23,14,223,397,16,23,14,223,1602,16,23,14,223,1302,16,23,14,223,1349,16,23,14,223,1173,16,23,14,223,1069,16,23,14,223,1450,16,23,14,223,1477,16,23,14,223,1449,16,23,14,223,1557,16,23,14,223,1059,16,23,14,223,2181,16,23,14,223,2111,16,23,14,223,1671,16,23,14,223,2012,16,23,14,223,1810,16,23,14
0,2337,2019,769,260,15398,979,3465,55828,4042,85,3395,361,1354,2595,4042,85,11,1492,9080,4042,85,11,940,223,19,271,97372,436,832,436,10340,270,29568,2716,16,20870,1353,270,37370,2019,16,1,1,1,1,1,1,50,1697,1,16,1,50,1697,16,1,50,1697,16,1,50,1697,16,1,50,1697,16,1,50,1697,16,20692,50,1697,16,791,50,1697,4394,1015,50,1697,16,30230,50,1697,4658,551,50,1697,4658,505,50,1697,2349,1423,50,1697,22740,1615,50,1697,4987,564,50,1697,8146,560,50,1697,16,1424,50,1697,4987,302,1615,50,1697,49946,17123,50,1697,97031,388,10086,50,1697,4658,551,10086,50,1697,4658,123892,50,1697,2349,1423,10086,50,1697,22740,1601,15671,50,1697,4987,564,15671,50,1697,8146,261,96949,50,1697,49946,5529,50,1697,49946,5529,6111,50,1697,49946,5529,14959,50,1697,49946,5529,22298,50,1697,49946,5529,30712,50,1697,49946,5529,47647,50,1697,49946,5529,51726,50,1697,49946,5529,75076,50,1697,49946,5529,85551,50,1697,49946,5529,108265,50,1697,97031,7902,50,1697,97031,7902,6111,50,1697,97031,7902,14959,50,1697,97031,7902,22298,50,1697,97031,7902,30712,50,1697,97031,7902,47647,50,1697,97031,7902,51726,50,1697,97031
0,2337,2019,769,260,15398,979,3465,55828,4042,85,3395,361,1354,2595,4042,85,11,1492,9080,4042,85,11,940,223,19,271,97372,436,832,436,10340,270,29568,2716,16,20870,1353,270,37370,2019,16,1,1,1,1,1,1,50,1697,1,16,1,50,1697,16,1,50,1697,16,1,50,1697,16,1,50,1697,16,1,50,1697,16,20692,50,1697,16,791,50,1697,4394,1015,50,1697,16,30230,50,1697,4658,551,50,1697,4658,505,50,1697,2349,1423,50,1697,22740,1615,50,1697,4987,564,50,1697,8146,560,50,1697,16,1424,50,1697,4987,302,1615,50,1697,49946,17123,50,1697,97031,388,10086,50,1697,4658,551,10086,50,1697,4658,123892,50,1697,2349,1423,10086,50,1697,22740,1601,15671,50,1697,4987,564,15671,50,1697,8146,261,96949,50,1697,49946,5529,50,1697,49946,5529,6111,50,1697,49946,5529,14959,50,1697,49946,5529,22298,50,1697,49946,5529,30712,50,1697,49946,5529,47647,50,1697,49946,5529,51726,50,1697,49946,5529,75076,50,1697,49946,5529,85551,50,1697,49946,5529,108265,50,1697,97031,7902,50,1697,97031,7902,6111,50,1697,97031,7902,14959,50,1697,97031,7902,22298,50,1697,97031,7902,30712,50,1697,97031,7902,47647,50,1697,97031,7902,51726,50,1697,97031,7902,75076,50,1697
0,2337,2019,769,260,15398,979,3465,55828,4042,85,3395,361,1354,2595,4042,85,11,1492,9080,4042,85,11,940,223,19,271,97372,436,832,436,10340,270,29568,2716,16,20870,1353,270,37370,2019,16,1,1,1,1,1,1,50,1697,1,16,1,50,1697,16,1,50,1697,16,1,50,1697,16,1,50,1697,16,1,50,1697,16,20692,50,1697,16,791,50,1697,4394,1015,50,1697,16,30230,50,1697,4658,551,50,1697,4658,505,50,1697,2349,1423,50,1697,22740,1615,50,1697,4987,564,50,1697,8146,560,50,1697,16,1424,50,1697,4987,302,1615,50,1697,49946,17123,50,1697,97031,388,10086,50,1697,4658,551,10086,50,1697,4658,123892,50,1697,2349,1423,10086,50,1697,22740,1601,15671,50,1697,4987,564,15671,50,1697,8146,261,96949,50,1697,49946,5529,50,1697,49946,5529,6111,50,1697,49946,5529,14959,50,1697,49946,5529,22298,50,1697,49946,5529,30712,50,1697,49946,5529,47647,50,1697,49946,5529,51726,50,1697,49946,5529,75076,50,1697,49946,5529,85551,50,1697,49946,5529,108265,50,1697,97031,7902,50,1697,97031,7902,6111,50,1697,97031,7902,14959,50,1697,97031,7902,22298,50,1697,97031,7902,30712,50,1697,97031,7902,47647,50,1697,97031,7902,51726,50,1697,97031,7902,75076,50,1697,97031,7902
0,2337,2019,769,260,15398,979,3465,55828,4042,85,3395,361,1354,2595,4042,85,11,1492,9080,4042,85,11,940,223,19,271,97372,436,832,436,10340,270,29568,2716,16,20870,1353,270,37370,2019,16,1,1,1,1,1,1,50,1697,1,16,1,50,1697,16,1,50,1697,16,1,50,1697,16,1,50,1697,16,1,50,1697,16,20692,50,1697,16,791,50,1697,4394,1015,50,1697,16,30230,50,1697,4658,551,50,1697,4658,505,50,1697,2349,1423,50,1697,22740,1615,50,1697,4987,564,50,1697,8146,560,50,1697,16,1424,50,1697,4987,302,1615,50,1697,49946,17123,50,1697,97031,388,10086,50,1697,4658,551,10086,50,1697,4658,123892,50,1697,2349,1423,10086,50,1697,22740,1601,15671,50,1697,4987,564,15671,50,1697,8146,261,96949,50,1697,49946,5529,50,1697,49946,5529,6111,50,1697,49946,5529,14959,50,1697,49946,5529,22298,50,1697,49946,5529,30712,50,1697,49946,5529,47647,50,1697,49946,5529,51726,50,1697,49946,5529,75076,50,1697,49946,5529,85551,50,1697,49946,5529,108265,50,1697,97031,7902,50,1697,97031,7902,6111,50,1697,97031,7902,14959,50,1697,97031,7902,22298,50,1697,97031,7902,30712,50,1697,97031,7902,47647,50,1697,97031,7902,51726,50,1697,97031,7902,75076,50,1697,97031,7902
0,2337,2019,769,260,15398,979,3465,55828,4042,85,3395,361,1354,2595,4042,85,11,1492,9080,4042,85,11,940,223,19,271,97372,436,832,436,10340,270,29568,2716,16,20870,1353,270,37370,2019,16,1,1,1,1,1,1,50,1697,1,16,1,50,1697,16,1,50,1697,16,1,50,1697,16,1,50,1697,16,1,50,1697,16,20692,50,1697,16,791,50,1697,4394,1015,50,1697,16,30230,50,1697,4658,551,50,1697,4658,505,50,1697,2349,1423,50,1697,22740,1615,50,1697,4987,564,50,1697,8146,560,50,1697,16,1424,50,1697,4987,302,1615,50,1697,49946,17123,50,1697,97031,388,10086,50,1697,4658,551,10086,50,1697,4658,123892,50,1697,2349,1423,10086,50,1697,22740,1601,15671,50,1697,4987,564,15671,50,1697,8146,261,96949,50,1697,49946,5529,50,1697,49946,5529,6111,50,1697,49946,5529,14959,50,1697,49946,5529,22298,50,1697,49946,5529,30712,50,1697,49946,5529,47647,50,1697,49946,5529,51726,50,1697,49946,5529,75076,50,1697,49946,5529,85551,50,1697,49946,5529,108265,50,1697,97031,7902,50,1697,97031,7902,6111,50,1697,97031,7902,14959,50,1697,97031,7902,22298,50,1697,97031,7902,30712,50,1697,97031,7902,47647,50,1697,97031,7902,51726,50,1697,97031,7902,75076,50,1697
0,2337,2019,769,260,15398,979,3465,55828,4042,85,3395,361,1354,2595,4042,85,11,1492,9080,4042,85,11,940,223,19,271,97372,436,832,436,10340,270,29568,2716,16,20870,1353,270,37370,2019,16,1,1,1,1,1,1,50,1697,1,16,1,50,1697,16,1,50,1697,16,1,50,1697,16,1,50,1697,16,1,50,1697,16,20692,50,1697,16,791,50,1697,4394,1015,50,1697,16,30230,50,1697,4658,551,50,1697,4658,505,50,1697,2349,1423,50,1697,22740,1615,50,1697,4987,564,50,1697,8146,560,50,1697,16,1424,50,1697,4987,302,1615,50,1697,49946,17123,50,1697,97031,388,10086,50,1697,4658,551,10086,50,1697,4658,123892,50,1697,2349,1423,10086,50,1697,22740,1601,15671,50,1697,4987,564,15671,50,1697,8146,261,96949,50,1697,49946,5529,50,1697,49946,5529,6111,50,1697,49946,5529,14959,50,1697,49946,5529,22298,50,1697,49946,5529,30712,50,1697,49946,5529,47647,50,1697,49946,5529,51726,50,1697,49946,5529,75076,50,1697,49946,5529,85551,50,1697,49946,5529,108265,50,1697,97031,7902,50,1697,97031,7902,6111,50,1697,97031,7902,14959,50,1697,97031,7902,22298,50,1697,97031,7902,30712,50,1697,97031,7902,47647,50,1697,97031,7902,51726,50,1697,97031
0,21750,260,15255,2019,51781,3913,12904,11,396,1208,2313,767,411,79556,49120,2310,294,18392,1055,260,11747,2310,16,9909,1353,16,1,16,1,16,1,16,1,16,1,16,1,16,1,16,1,16,1,16,1,16,1,16,1,16,1,16,1,16,1,16,1,16,1,16,1,16,1,16,1,16,1,16,1,16,1,16,1,16,455,582,80,12904,4,2310,588,6242,18392,14,16893,14,469,113625,16,455,2019,1531,1354,260,11747,2310,294,18392,16,12873,28,51781,10425,19,14,764,20,14,764,21,14,223,22,43383,223,23,8123,1531,1354,764,19,14,223,20,14,223,21,14,223,22,14,223,23,2655,1,16,455,2019,1531,9495,11181,16893,305,113625,16,455,2019,1531,554,1347,1117,9390,25625,16,455,2019,1531,366,50494,16,455,2019,1531,554,21719,270,4346,2310,16,455,2019,1531,366,9306,51781,16,455,2019,1531,2188,834,9517,16,455,2019,1531,1354,260,2310,16,455,2019,1531,366,6428,295,260,4245,9306,4630,23042,16,455,2019,1531,366,1585,2417,71276,16,455,2019,1531,366,8281,16,455,2019,1531,9495,17185,49120,16893,16,455,2019,1531,554,1347
0,21750,260,15255,2019,51781,3913,12904,11,396,1208,2313,767,411,79556,49120,2310,294,18392,1055,260,11747,2310,16,9909,1353,16,1,16,1,16,1,16,1,16,1,16,1,16,1,16,1,16,1,16,1,16,1,16,1,16,1,16,1,16,1,16,1,16,1,16,1,16,1,16,1,16,1,16,1,16,1,16,1,16,455,582,80,12904,4,2310,588,6242,18392,14,16893,14,469,113625,16,455,2019,1531,1354,260,11747,2310,294,18392,16,12873,28,51781,10425,19,14,764,20,14,764,21,14,223,22,43383,223,23,8123,1531,1354,764,19,14,223,20,14,223,21,14,223,22,14,223,23,2655,1,16,455,2019,1531,9495,11181,16893,305,113625,16,455,2019,1531,554,1347,1117,9390,25625,16,455,2019,1531,366,50494,16,455,2019,1531,554,21719,270,4346,2310,16,455,2019,1531,366,9306,51781,16,455,2019,1531,2188,834,9517,16,455,2019,1531,1354,260,2310,16,455,2019,1531,366,6428,295,260,4245,9306,4630,23042,16,455,2019,1531,366,1585,2417,71276,16,455,2019,1531,366,8281,16,455,2019,1531,9495,17185,49120,16893,16,455,2019,1531,554
0,21750,260,15255,2019,51781,3913,12904,11,396,1208,2313,767,411,79556,49120,2310,294,18392,1055,260,11747,2310,16,9909,1353,16,1,16,1,16,1,16,1,16,1,16,1,16,1,16,1,16,1,16,1,16,1,16,1,16,1,16,1,16,1,16,1,16,1,16,1,16,1,16,1,16,1,16,1,16,1,16,1,16,455,582,80,12904,4,2310,588,6242,18392,14,16893,14,469,113625,16,455,2019,1531,1354,260,11747,2310,294,18392,16,12873,28,51781,10425,19,14,764,20,14,764,21,14,223,22,43383,223,23,8123,1531,1354,764,19,14,223,20,14,223,21,14,223,22,14,223,23,2655,1,16,455,2019,1531,9495,11181,16893,305,113625,16,455,2019,1531,554,1347,1117,9390,25625,16,455,2019,1531,366,50494,16,455,2019,1531,554,21719,270,4346,2310,16,455,2019,1531,366,9306,51781,16,455,2019,1531,2188,834,9517,16,455,2019,1531,1354,260,2310,16,455,2019,1531,366,6428,295,260,4245,9306,4630,23042,16,455,2019,1531,366,1585,2417,71276,16,455,2019,1531,366,8281,16,455,2019,1531,9495,17185,49120,16893,16,455,2019,1531,554
0,21750,260,15255,2019,51781,3913,12904,11,396,1208,2313,767,411,79556,49120,2310,294,18392,1055,260,11747,2310,16,9909,1353,16,1,16,1,16,1,16,1,16,1,16,1,16,1,16,1,16,1,16,1,16,1,16,1,16,1,16,1,16,1,16,1,16,1,16,1,16,1,16,1,16,1,16,1,16,1,16,1,16,455,582,80,12904,4,2310,588,6242,18392,14,16893,14,469,113625,16,455,2019,1531,1354,260,11747,2310,294,18392,16,12873,28,51781,10425,19,14,764,20,14,764,21,14,223,22,43383,223,23,8123,1531,1354,764,19,14,223,20,14,223,21,14,223,22,14,223,23,2655,1,16,455,2019,1531,9495,11181,16893,305,113625,16,455,2019,1531,554,1347,1117,9390,25625,16,455,2019,1531,366,50494,16,455,2019,1531,554,21719,270,4346,2310,16,455,2019,1531,366,9306,51781,16,455,2019,1531,2188,834,9517,16,455,2019,1531,1354,260,2310,16,455,2019,1531,366,6428,295,260,4245,9306,4630,23042,16,455,2019,1531,366,1585,2417,71276,16,455,2019,1531,366,8281,16,455,2019,1531,9495,17185,49120,16893,16,455,2019,1531,554
0,21750,260,15255,2019,51781,3913,12904,11,396,1208,2313,767,411,79556,49120,2310,294,18392,1055,260,11747,2310,16,9909,1353,16,1,16,1,16,1,16,1,16,1,16,1,16,1,16,1,16,1,16,1,16,1,16,1,16,1,16,1,16,1,16,1,16,1,16,1,16,1,16,1,16,1,16,1,16,1,16,1,16,455,582,80,12904,4,2310,588,6242,18392,14,16893,14,469,113625,16,455,2019,1531,1354,260,11747,2310,294,18392,16,12873,28,51781,10425,19,14,764,20,14,764,21,14,223,22,43383,223,23,8123,1531,1354,764,19,14,223,20,14,223,21,14,223,22,14,223,23,2655,1,16,455,2019,1531,9495,11181,16893,305,113625,16,455,2019,1531,554,1347,1117,9390,25625,16,455,2019,1531,366,50494,16,455,2019,1531,554,21719,270,4346,2310,16,455,2019,1531,366,9306,51781,16,455,2019,1531,2188,834,9517,16,455,2019,1531,1354,260,2310,16,455,2019,1531,366,6428,295,260,4245,9306,4630,23042,16,455,2019,1531,366,1585,2417,71276,16,455,2019,1531,366,8281,16,455,2019,1531,9495,17185,49120,16893,16,455,2019,1531,554
0,21750,260,15255,2019,51781,3913,12904,11,396,1208,2313,767,411,79556,49120,2310,294,18392,1055,260,11747,2310,16,9909,1353,16,1,16,1,16,1,16,1,16,1,16,1,16,1,16,1,16,1,16,1,16,1,16,1,16,1,16,1,16,1,16,1,16,1,16,1,16,1,16,1,16,1,16,1,16,1,16,1,16,455,582,80,12904,4,2310,588,6242,18392,14,16893,14,469,113625,16,455,2019,1531,1354,260,11747,2310,294,18392,16,12873,28,51781,10425,19,14,764,20,14,764,21,14,223,22,43383,223,23,8123,1531,1354,764,19,14,223,20,14,223,21,14,223,22,14,223,23,2655,1,16,455,2019,1531,9495,11181,16893,305,113625,16,455,2019,1531,554,1347,1117,9390,25625,16,455,2019,1531,366,50494,16,455,2019,1531,554,21719,270,4346,2310,16,455,2019,1531,366,9306,51781,16,455,2019,1531,2188,834,9517,16,455,2019,1531,1354,260,2310,16,455,2019,1531,366,6428,295,260,4245,9306,4630,23042,16,455,2019,1531,366,1585,2417,71276,16,455,2019,1531,366,8281,16,455,2019,1531,9495,17185,49120,16893,16,455,2019,1531,554,1347
0,65106,1205,260,126664,23809,344,295,47270,34788,14,295,1234,15174,16,5715,14,295,834,10175,14,8470,3939,436,344,2239,362,4197,339,35,126664,23809,16765,270,3077,305,1990,23714,538,9479,21121,35977,2184,47270,34788,14,832,851,588,366,99782,1082,20351,14319,35977,16,983,65466,31811,1408,288,5671,1060,270,5221,3980,509,1750,3132,16,1162,4491,9353,1949,13058,305,850,104643,8281,14,4861,362,1606,18323,16,1,1,1,1,16,1,16,1,16,1,16,1,16,1,16,1,16,1,16,1,16,1,16,1,16,1,16,1,16,1,16,1,16,1,16,1,16,1,16,1,16,1,16,1,16,1,16,1,16,1,16,1,16,1,16,1,16,1,16,1,16,1,16,1,16,1,16,1,16,1,16,455,16,69582,6229,4775,4658,1876,5099,17120,16,3063,44673,3314,33861,3845,520,16,455,16,69582,6229,4775,4658,1876,5099,17120,16,3063,44673,3314,33861,3845,520,16,455,16,69582,6229,4775,4658,1876,5099,17120,16,3063,44673,3314,33861,3845,520,16,455,16,69582,6229,4775,4658,1876,5099,17120,16,3063
0,65106,1205,260,126664,23809,344,295,47270,34788,14,295,1234,15174,16,5715,14,295,834,10175,14,8470,3939,436,344,2239,362,4197,339,35,126664,23809,16765,270,3077,305,1990,23714,538,9479,21121,35977,2184,47270,34788,14,832,851,588,366,99782,1082,20351,14319,35977,16,983,65466,31811,1408,288,5671,1060,270,5221,3980,509,1750,3132,16,1162,4491,9353,1949,13058,305,850,104643,8281,14,4861,362,1606,18323,16,1,1,1,1,16,1,16,1,16,1,16,1,16,1,16,1,16,1,16,1,16,1,16,1,16,1,16,1,16,1,16,1,16,1,16,1,16,1,16,1,16,1,16,1,16,1,16,1,16,1,16,1,16,1,16,1,16,1,16,1,16,1,16,1,16,1,16,1,16,1,16,455,16,69582,6229,4775,4658,1876,5099,17120,16,3063,44673,3314,33861,3845,520,16,455,16,69582,6229,4775,4658,1876,5099,17120,16,3063,44673,3314,33861,3845,520,16,455,16,69582,6229,4775,4658,1876,5099,17120,16,3063,44673,3314,33861,3845,520,16,455,16,69582,6229,4775,4658,1876,5099
0,65106,1205,260,126664,23809,344,295,47270,34788,14,295,1234,15174,16,5715,14,295,834,10175,14,8470,3939,436,344,2239,362,4197,339,35,126664,23809,16765,270,3077,305,1990,23714,538,9479,21121,35977,2184,47270,34788,14,832,851,588,366,99782,1082,20351,14319,35977,16,983,65466,31811,1408,288,5671,1060,270,5221,3980,509,1750,3132,16,1162,4491,9353,1949,13058,305,850,104643,8281,14,4861,362,1606,18323,16,1,1,1,1,16,1,16,1,16,1,16,1,16,1,16,1,16,1,16,1,16,1,16,1,16,1,16,1,16,1,16,1,16,1,16,1,16,1,16,1,16,1,16,1,16,1,16,1,16,1,16,1,16,1,16,1,16,1,16,1,16,1,16,1,16,1,16,1,16,1,16,455,16,69582,6229,4775,4658,1876,5099,17120,16,3063,44673,3314,33861,3845,520,16,455,16,69582,6229,4775,4658,1876,5099,17120,16,3063,44673,3314,33861,3845,520,16,455,16,69582,6229,4775,4658,1876,5099,17120,16,3063,44673,3314,33861,3845,520,16,455,16,69582,6229,4775,4658,1876,5099,17120,16
0,65106,1205,260,126664,23809,344,295,47270,34788,14,295,1234,15174,16,5715,14,295,834,10175,14,8470,3939,436,344,2239,362,4197,339,35,126664,23809,16765,270,3077,305,1990,23714,538,9479,21121,35977,2184,47270,34788,14,832,851,588,366,99782,1082,20351,14319,35977,16,983,65466,31811,1408,288,5671,1060,270,5221,3980,509,1750,3132,16,1162,4491,9353,1949,13058,305,850,104643,8281,14,4861,362,1606,18323,16,1,1,1,1,16,1,16,1,16,1,16,1,16,1,16,1,16,1,16,1,16,1,16,1,16,1,16,1,16,1,16,1,16,1,16,1,16,1,16,1,16,1,16,1,16,1,16,1,16,1,16,1,16,1,16,1,16,1,16,1,16,1,16,1,16,1,16,1,16,1,16,455,16,69582,6229,4775,4658,1876,5099,17120,16,3063,44673,3314,33861,3845,520,16,455,16,69582,6229,4775,4658,1876,5099,17120,16,3063,44673,3314,33861,3845,520,16,455,16,69582,6229,4775,4658,1876,5099,17120,16,3063,44673,3314,33861,3845,520,16,455,16,69582,6229,4775,4658,1876,5099,17120,16
0,65106,1205,260,126664,23809,344,295,47270,34788,14,295,1234,15174,16,5715,14,295,834,10175,14,8470,3939,436,344,2239,362,4197,339,35,126664,23809,16765,270,3077,305,1990,23714,538,9479,21121,35977,2184,47270,34788,14,832,851,588,366,99782,1082,20351,14319,35977,16,983,65466,31811,1408,288,5671,1060,270,5221,3980,509,1750,3132,16,1162,4491,9353,1949,13058,305,850,104643,8281,14,4861,362,1606,18323,16,1,1,1,1,16,1,16,1,16,1,16,1,16,1,16,1,16,1,16,1,16,1,16,1,16,1,16,1,16,1,16,1,16,1,16,1,16,1,16,1,16,1,16,1,16,1,16,1,16,1,16,1,16,1,16,1,16,1,16,1,16,1,16,1,16,1,16,1,16,1,16,455,16,69582,6229,4775,4658,1876,5099,17120,16,3063,44673,3314,33861,3845,520,16,455,16,69582,6229,4775,4658,1876,5099,17120,16,3063,44673,3314,33861,3845,520,16,455,16,69582,6229,4775,4658,1876,5099,17120,16,3063,44673,3314,33861,3845,520,16,455,16,69582,6229,4775,4658,1876,5099
0,65106,1205,260,126664,23809,344,295,47270,34788,14,295,1234,15174,16,5715,14,295,834,10175,14,8470,3939,436,344,2239,362,4197,339,35,126664,23809,16765,270,3077,305,1990,23714,538,9479,21121,35977,2184,47270,34788,14,832,851,588,366,99782,1082,20351,14319,35977,16,983,65466,31811,1408,288,5671,1060,270,5221,3980,509,1750,3132,16,1162,4491,9353,1949,13058,305,850,104643,8281,14,4861,362,1606,18323,16,1,1,1,1,16,1,16,1,16,1,16,1,16,1,16,1,16,1,16,1,16,1,16,1,16,1,16,1,16,1,16,1,16,1,16,1,16,1,16,1,16,1,16,1,16,1,16,1,16,1,16,1,16,1,16,1,16,1,16,1,16,1,16,1,16,1,16,1,16,1,16,455,16,69582,6229,4775,4658,1876,5099,17120,16,3063,44673,3314,33861,3845,520,16,455,16,69582,6229,4775,4658,1876,5099,17120,16,3063,44673,3314,33861,3845,520,16,455,16,69582,6229,4775,4658,1876,5099,17120,16,3063,44673,3314,33861,3845,520,16,455,16,69582,6229,4775,4658,1876,5099,17120,16,3063
0,24313,329,3362,582,9938,34958,65,6455,1760,582,29718,3362,582,9938,82437,1760,49417,29295,3362,582,52972,302,1760,582,52972,302,3362,582,671,15020,4181,362,2775,14817,14922,344,223,25,22765,7975,55,15,3180,66910,582,72,15545,18598,559,2760,3362,223,5126,14,582,20072,3362,582,3085,344,270,15020,4181,362,2775,14817,14922,33,9361,418,1438,270,4181,66910,582,9047,3682,58878,3362,223,1173,95,1,50,201,671,15020,4181,362,2775,14817,14922,344,223,25,22765,7975,55,15,3180,16,1,50,201,671,15020,4181,362,2775,14817,14922,344,223,25,22765,7975,55,15,3180,16,1,50,201,671,15020,4181,362,2775,14817,14922,344,223,25,22765,7975,55,15,3180,16,9419,287,50,201,671,15020,4181,362,2775,14817,14922,344,223,25,22765,7975,55,15,3180,16,9419,287,50,201,671,15020,4181,362,2775,14817,14922,344,223,25,22765,7975,55,15,3180,16,9419,287,50,201,671,15020,4181,362,2775,14817,14922,344,223,25,22765,7975,55,15,3180,16,9419,287,50,201,671,15020,4181,362,2775,14817,14922,344,223,25,22765,7975,55,15,3180,16,9419,287,50,201,671,15020,4181,362,2775,14817,14922,344,223,25,22765,7975,55,15,3180,16,9419,287,50,201,671,15020,4181,362,2775,14817,14922,344,223,25,22765,7975,55,15,3180,16,9419,287,50,201,671,15020,4181,362,2775,14817,14922,344,223,25,22765,7975,55,15,3180,16,9419,287,50,201,671
0,24313,329,3362,582,9938,34958,65,6455,1760,582,29718,3362,582,9938,82437,1760,49417,29295,3362,582,52972,302,1760,582,52972,302,3362,582,671,15020,4181,362,2775,14817,14922,344,223,25,22765,7975,55,15,3180,66910,582,72,15545,18598,559,2760,3362,223,5126,14,582,20072,3362,582,3085,344,270,15020,4181,362,2775,14817,14922,33,9361,418,1438,270,4181,66910,582,9047,3682,58878,3362,223,1173,95,1,50,201,671,15020,4181,362,2775,14817,14922,344,223,25,22765,7975,55,15,3180,16,1,50,201,671,15020,4181,362,2775,14817,14922,344,223,25,22765,7975,55,15,3180,16,1,50,201,671,15020,4181,362,2775,14817,14922,344,223,25,22765,7975,55,15,3180,16,9419,287,50,201,671,15020,4181,362,2775,14817,14922,344,223,25,22765,7975,55,15,3180,16,9419,287,50,201,671,15020,4181,362,2775,14817,14922,344,223,25,22765,7975,55,15,3180,16,9419,287,50,201,671,15020,4181,362,2775,14817,14922,344,223,25,22765,7975,55,15,3180,16,9419,287,50,201,671,15020,4181,362,2775,14817,14922,344,223,25,22765,7975,55,15,3180,16,9419,287,50,201,671,15020,4181,362,2775,14817,14922,344,223,25,22765,7975,55,15,3180,16,9419,287,50,201,671,15020,4181,362,2775,14817,14922,344,223,25,22765,7975,55,15,3180,16,9419,287,50,201,671,15020,4181,362,2775,14817,14922,344,223,25,22765,7975,55,15,3180,16,9419,287,50,201,671,15020,4181
0,24313,329,3362,582,9938,34958,65,6455,1760,582,29718,3362,582,9938,82437,1760,49417,29295,3362,582,52972,302,1760,582,52972,302,3362,582,671,15020,4181,362,2775,14817,14922,344,223,25,22765,7975,55,15,3180,66910,582,72,15545,18598,559,2760,3362,223,5126,14,582,20072,3362,582,3085,344,270,15020,4181,362,2775,14817,14922,33,9361,418,1438,270,4181,66910,582,9047,3682,58878,3362,223,1173,95,1,50,201,671,15020,4181,362,2775,14817,14922,344,223,25,22765,7975,55,15,3180,16,1,50,201,671,15020,4181,362,2775,14817,14922,344,223,25,22765,7975,55,15,3180,16,1,50,201,671,15020,4181,362,2775,14817,14922,344,223,25,22765,7975,55,15,3180,16,9419,287,50,201,671,15020,4181,362,2775,14817,14922,344,223,25,22765,7975,55,15,3180,16,9419,287,50,201,671,15020,4181,362,2775,14817,14922,344,223,25,22765,7975,55,15,3180,16,9419,287,50,201,671,15020,4181,362,2775,14817,14922,344,223,25,22765,7975,55,15,3180,16,9419,287,50,201,671,15020,4181,362,2775,14817,14922,344,223,25,22765,7975,55,15,3180,16,9419,287,50,201,671,15020,4181,362,2775,14817,14922,344,223,25,22765,7975,55,15,3180,16,9419,287,50,201,671,15020,4181,362,2775,14817,14922,344,223,25,22765,7975,55,15,3180,16,9419,287,50,201,671,15020,4181,362,2775,14817,14922,344,223,25,22765,7975,55,15,3180,16,9419,287,50,201
0,24313,329,3362,582,9938,34958,65,6455,1760,582,29718,3362,582,9938,82437,1760,49417,29295,3362,582,52972,302,1760,582,52972,302,3362,582,671,15020,4181,362,2775,14817,14922,344,223,25,22765,7975,55,15,3180,66910,582,72,15545,18598,559,2760,3362,223,5126,14,582,20072,3362,582,3085,344,270,15020,4181,362,2775,14817,14922,33,9361,418,1438,270,4181,66910,582,9047,3682,58878,3362,223,1173,95,1,50,201,671,15020,4181,362,2775,14817,14922,344,223,25,22765,7975,55,15,3180,16,1,50,201,671,15020,4181,362,2775,14817,14922,344,223,25,22765,7975,55,15,3180,16,1,50,201,671,15020,4181,362,2775,14817,14922,344,223,25,22765,7975,55,15,3180,16,9419,287,50,201,671,15020,4181,362,2775,14817,14922,344,223,25,22765,7975,55,15,3180,16,9419,287,50,201,671,15020,4181,362,2775,14817,14922,344,223,25,22765,7975,55,15,3180,16,9419,287,50,201,671,15020,4181,362,2775,14817,14922,344,223,25,22765,7975,55,15,3180,16,9419,287,50,201,671,15020,4181,362,2775,14817,14922,344,223,25,22765,7975,55,15,3180,16,9419,287,50,201,671,15020,4181,362,2775,14817,14922,344,223,25,22765,7975,55,15,3180,16,9419,287,50,201,671,15020,4181,362,2775,14817,14922,344,223,25,22765,7975,55,15,3180,16,9419,287,50,201,671,15020,4181,362,2775,14817,14922,344,223,25,22765,7975,55,15,3180,16,9419,287,50,201
0,24313,329,3362,582,9938,34958,65,6455,1760,582,29718,3362,582,9938,82437,1760,49417,29295,3362,582,52972,302,1760,582,52972,302,3362,582,671,15020,4181,362,2775,14817,14922,344,223,25,22765,7975,55,15,3180,66910,582,72,15545,18598,559,2760,3362,223,5126,14,582,20072,3362,582,3085,344,270,15020,4181,362,2775,14817,14922,33,9361,418,1438,270,4181,66910,582,9047,3682,58878,3362,223,1173,95,1,50,201,671,15020,4181,362,2775,14817,14922,344,223,25,22765,7975,55,15,3180,16,1,50,201,671,15020,4181,362,2775,14817,14922,344,223,25,22765,7975,55,15,3180,16,1,50,201,671,15020,4181,362,2775,14817,14922,344,223,25,22765,7975,55,15,3180,16,9419,287,50,201,671,15020,4181,362,2775,14817,14922,344,223,25,22765,7975,55,15,3180,16,9419,287,50,201,671,15020,4181,362,2775,14817,14922,344,223,25,22765,7975,55,15,3180,16,9419,287,50,201,671,15020,4181,362,2775,14817,14922,344,223,25,22765,7975,55,15,3180,16,9419,287,50,201,671,15020,4181,362,2775,14817,14922,344,223,25,22765,7975,55,15,3180,16,9419,287,50,201,671,15020,4181,362,2775,14817,14922,344,223,25,22765,7975,55,15,3180,16,9419,287,50,201,671,15020,4181,362,2775,14817,14922,344,223,25,22765,7975,55,15,3180,16,9419,287,50,201,671,15020,4181,362,2775,14817,14922,344,223,25,22765,7975,55,15,3180,16,9419,287,50,201,671,15020,4181
0,24313,329,3362,582,9938,34958,65,6455,1760,582,29718,3362,582,9938,82437,1760,49417,29295,3362,582,52972,302,1760,582,52972,302,3362,582,671,15020,4181,362,2775,14817,14922,344,223,25,22765,7975,55,15,3180,66910,582,72,15545,18598,559,2760,3362,223,5126,14,582,20072,3362,582,3085,344,270,15020,4181,362,2775,14817,14922,33,9361,418,1438,270,4181,66910,582,9047,3682,58878,3362,223,1173,95,1,50,201,671,15020,4181,362,2775,14817,14922,344,223,25,22765,7975,55,15,3180,16,1,50,201,671,15020,4181,362,2775,14817,14922,344,223,25,22765,7975,55,15,3180,16,1,50,201,671,15020,4181,362,2775,14817,14922,344,223,25,22765,7975,55,15,3180,16,9419,287,50,201,671,15020,4181,362,2775,14817,14922,344,223,25,22765,7975,55,15,3180,16,9419,287,50,201,671,15020,4181,362,2775,14817,14922,344,223,25,22765,7975,55,15,3180,16,9419,287,50,201,671,15020,4181,362,2775,14817,14922,344,223,25,22765,7975,55,15,3180,16,9419,287,50,201,671,15020,4181,362,2775,14817,14922,344,223,25,22765,7975,55,15,3180,16,9419,287,50,201,671,15020,4181,362,2775,14817,14922,344,223,25,22765,7975,55,15,3180,16,9419,287,50,201,671,15020,4181,362,2775,14817,14922,344,223,25,22765,7975,55,15,3180,16,9419,287,50,201,671,15020,4181,362,2775,14817,14922,344,223,25,22765,7975,55,15,3180,16,9419,287,50,201,671
0,19462,678,260,17515,126463,2511,418,834,93952,9517,3252,905,9860,11892,1,16,1,16,1,16,1,16,1,16,1,16,1,16,1,16,403,31310,16,403,31310,16,403,31310,16,403,31310,16,403,31310,16,403,31310,16,403,31310,16,403,31310,16,403,31310,16,403,31310,16,403,31310,16,403,31310,16,403,31310,16,403,31310,16,403,31310,16,403,31310,16,403,31310,16,403,31310,16,403,31310,16,403,31310,16,403,31310,16,403,31310,16,403,31310,16,403,31310,16,403,31310,16,403,31310,16,403,31310,16,403,31310,16,403,31310,16,403,31310,16,403,31310,16,403,31310,16,403,31310,16,403,31310,16,403,31310,16,403,31310,16,403,31310,16,403,31310,16,403,31310,16,403,31310,16,403,31310,16,403,31310,16,403,31310,16,403,31310,16,403,31310,16,403,31310,16,403,31310,16,403,31310,16,403,31310,16,403,31310,16,403,31310,16,403,31310,16,403,31310,16,403,31310,16,403,31310,16,403,31310,16,403,31310,16,403,31310,16,403,31310,16,403,31310,16,403,31310,16,403,31310,16
0,19462,678,260,17515,126463,2511,418,834,93952,9517,3252,905,9860,11892,1,16,1,16,1,16,1,16,1,16,1,16,1,16,1,16,403,31310,16,403,31310,16,403,31310,16,403,31310,16,403,31310,16,403,31310,16,403,31310,16,403,31310,16,403,31310,16,403,31310,16,403,31310,16,403,31310,16,403,31310,16,403,31310,16,403,31310,16,403,31310,16,403,31310,16,403,31310,16,403,31310,16,403,31310,16,403,31310,16,403,31310,16,403,31310,16,403,31310,16,403,31310,16,403,31310,16,403,31310,16,403,31310,16,403,31310,16,403,31310,16,403,31310,16,403,31310,16,403,31310,16,403,31310,16,403,31310,16,403,31310,16,403,31310,16,403,31310,16,403,31310,16,403,31310,16,403,31310,16,403,31310,16,403,31310,16,403,31310,16,403,31310,16,403,31310,16,403,31310,16,403,31310,16,403,31310,16,403,31310,16,403,31310,16,403,31310,16,403,31310,16,403,31310,16,403,31310,16,403,31310,16,403,31310,16,403,31310,16,403,31310,16,403,31310,16,403,31310,16,403,31310,16,403
0,19462,678,260,17515,126463,2511,418,834,93952,9517,3252,905,9860,11892,1,16,1,16,1,16,1,16,1,16,1,16,1,16,1,16,403,31310,16,403,31310,16,403,31310,16,403,31310,16,403,31310,16,403,31310,16,403,31310,16,403,31310,16,403,31310,16,403,31310,16,403,31310,16,403,31310,16,403,31310,16,403,31310,16,403,31310,16,403,31310,16,403,31310,16,403,31310,16,403,31310,16,403,31310,16,403,31310,16,403,31310,16,403,31310,16,403,31310,16,403,31310,16,403,31310,16,403,31310,16,403,31310,16,403,31310,16,403,31310,16,403,31310,16,403,31310,16,403,31310,16,403,31310,16,403,31310,16,403,31310,16,403,31310,16,403,31310,16,403,31310,16,403,31310,16,403,31310,16,403,31310,16,403,31310,16,403,31310,16,403,31310,16,403,31310,16,403,31310,16,403,31310,16,403,31310,16,403,31310,16,403,31310,16,403,31310,16,403,31310,16,403,31310,16,403,31310,16,403,31310,16,403,31310,16,403,31310,16,403,31310,16,403,31310,16,403,31310,16,403,31310
0,19462,678,260,17515,126463,2511,418,834,93952,9517,3252,905,9860,11892,1,16,1,16,1,16,1,16,1,16,1,16,1,16,1,16,403,31310,16,403,31310,16,403,31310,16,403,31310,16,403,31310,16,403,31310,16,403,31310,16,403,31310,16,403,31310,16,403,31310,16,403,31310,16,403,31310,16,403,31310,16,403,31310,16,403,31310,16,403,31310,16,403,31310,16,403,31310,16,403,31310,16,403,31310,16,403,31310,16,403,31310,16,403,31310,16,403,31310,16,403,31310,16,403,31310,16,403,31310,16,403,31310,16,403,31310,16,403,31310,16,403,31310,16,403,31310,16,403,31310,16,403,31310,16,403,31310,16,403,31310,16,403,31310,16,403,31310,16,403,31310,16,403,31310,16,403,31310,16,403,31310,16,403,31310,16,403,31310,16,403,31310,16,403,31310,16,403,31310,16,403,31310,16,403,31310,16,403,31310,16,403,31310,16,403,31310,16,403,31310,16,403,31310,16,403,31310,16,403,31310,16,403,31310,16,403,31310,16,403,31310,16,403,31310,16,403,31310,16,403,31310
0,19462,678,260,17515,126463,2511,418,834,93952,9517,3252,905,9860,11892,1,16,1,16,1,16,1,16,1,16,1,16,1,16,1,16,403,31310,16,403,31310,16,403,31310,16,403,31310,16,403,31310,16,403,31310,16,403,31310,16,403,31310,16,403,31310,16,403,31310,16,403,31310,16,403,31310,16,403,31310,16,403,31310,16,403,31310,16,403,31310,16,403,31310,16,403,31310,16,403,31310,16,403,31310,16,403,31310,16,403,31310,16,403,31310,16,403,31310,16,403,31310,16,403,31310,16,403,31310,16,403,31310,16,403,31310,16,403,31310,16,403,31310,16,403,31310,16,403,31310,16,403,31310,16,403,31310,16,403,31310,16,403,31310,16,403,31310,16,403,31310,16,403,31310,16,403,31310,16,403,31310,16,403,31310,16,403,31310,16,403,31310,16,403,31310,16,403,31310,16,403,31310,16,403,31310,16,403,31310,16,403,31310,16,403,31310,16,403,31310,16,403,31310,16,403,31310,16,403,31310,16,403,31310,16,403,31310,16,403,31310,16,403,31310,16,403,31310,16,403,31310,16,403
0,19462,678,260,17515,126463,2511,418,834,93952,9517,3252,905,9860,11892,1,16,1,16,1,16,1,16,1,16,1,16,1,16,1,16,403,31310,16,403,31310,16,403,31310,16,403,31310,16,403,31310,16,403,31310,16,403,31310,16,403,31310,16,403,31310,16,403,31310,16,403,31310,16,403,31310,16,403,31310,16,403,31310,16,403,31310,16,403,31310,16,403,31310,16,403,31310,16,403,31310,16,403,31310,16,403,31310,16,403,31310,16,403,31310,16,403,31310,16,403,31310,16,403,31310,16,403,31310,16,403,31310,16,403,31310,16,403,31310,16,403,31310,16,403,31310,16,403,31310,16,403,31310,16,403,31310,16,403,31310,16,403,31310,16,403,31310,16,403,31310,16,403,31310,16,403,31310,16,403,31310,16,403,31310,16,403,31310,16,403,31310,16,403,31310,16,403,31310,16,403,31310,16,403,31310,16,403,31310,16,403,31310,16,403,31310,16,403,31310,16,403,31310,16,403,31310,16,403,31310,16,403,31310,16,403,31310,16,403,31310,16,403,31310,16,403,31310,16,403,31310,16
0,35,12919,305,260,6616,2753,957,19,16,553,295,3452,16,455,12919,6329,957,19,16,504,850,1099,270,6616,16,1730,1949,1918,270,6616,2753,33,11315,782,22805,24752,16,343,12888,28,566,344,260,19075,3417,9508,5718,270,2753,294,270,6616,366,1512,1527,27819,13459,16,5715,270,12919,6329,1512,1527,940,223,19,27819,13459,16,455,3452,2753,344,979,7490,201,90,940,343,90,940,223,19,11,438,223,19,16,553,201,32074,7490,201,20,90,940,223,19,438,223,19,16,553,201,32074,7490,201,20,90,438,223,18,16,553,201,32074,7490,201,90,438,223,18,16,2642,201,32074,5328,270,6616,6329,2619,6,18,16,2642,666,343,23,32456,754,305,270,12919,6329,2619,6,19,16,2642,42499,1,1,16,1,16,1,16,1,16,1,16,1,16,1,16,1,16,1,16,1,16,1,16,1,16,1,16,1,16,1,16,1,16,1,16,1,16,1,16,1,16,1,16,1,16,1,16,1,16,1,16,1,16,1,16,1,16,1,16,1,16,1,16,1,16,1,16,1,16,1,16,1,16,1,16,1,16,1,16,61561,85,16,37915,16,40165,61096
0,35,12919,305,260,6616,2753,957,19,16,553,295,3452,16,455,12919,6329,957,19,16,504,850,1099,270,6616,16,1730,1949,1918,270,6616,2753,33,11315,782,22805,24752,16,343,12888,28,566,344,260,19075,3417,9508,5718,270,2753,294,270,6616,366,1512,1527,27819,13459,16,5715,270,12919,6329,1512,1527,940,223,19,27819,13459,16,455,3452,2753,344,979,7490,201,90,940,343,90,940,223,19,11,438,223,19,16,553,201,32074,7490,201,20,90,940,223,19,438,223,19,16,553,201,32074,7490,201,20,90,438,223,18,16,553,201,32074,7490,201,90,438,223,18,16,2642,201,32074,5328,270,6616,6329,2619,6,18,16,2642,666,343,23,32456,754,305,270,12919,6329,2619,6,19,16,2642,42499,1,1,16,1,16,1,16,1,16,1,16,1,16,1,16,1,16,1,16,1,16,1,16,1,16,1,16,1,16,1,16,1,16,1,16,1,16,1,16,1,16,1,16,1,16,1,16,1,16,1,16,1,16,1,16,1,16,1,16,1,16,1,16,1,16,1,16,1,16,1,16,1,16,1,16,1,16,1,16,61561,85,16,37915,16,40165,61096
0,35,12919,305,260,6616,2753,957,19,16,553,295,3452,16,455,12919,6329,957,19,16,504,850,1099,270,6616,16,1730,1949,1918,270,6616,2753,33,11315,782,22805,24752,16,343,12888,28,566,344,260,19075,3417,9508,5718,270,2753,294,270,6616,366,1512,1527,27819,13459,16,5715,270,12919,6329,1512,1527,940,223,19,27819,13459,16,455,3452,2753,344,979,7490,201,90,940,343,90,940,223,19,11,438,223,19,16,553,201,32074,7490,201,20,90,940,223,19,438,223,19,16,553,201,32074,7490,201,20,90,438,223,18,16,553,201,32074,7490,201,90,438,223,18,16,2642,201,32074,5328,270,6616,6329,2619,6,18,16,2642,666,343,23,32456,754,305,270,12919,6329,2619,6,19,16,2642,42499,1,1,16,1,16,1,16,1,16,1,16,1,16,1,16,1,16,1,16,1,16,1,16,1,16,1,16,1,16,1,16,1,16,1,16,1,16,1,16,1,16,1,16,1,16,1,16,1,16,1,16,1,16,1,16,1,16,1,16,1,16,1,16,1,16,1,16,1,16,1,16,1,16,1,16,1,16,1,16,61561,85,16,37915,16,40165,61096
0,35,12919,305,260,6616,2753,957,19,16,553,295,3452,16,455,12919,6329,957,19,16,504,850,1099,270,6616,16,1730,1949,1918,270,6616,2753,33,11315,782,22805,24752,16,343,12888,28,566,344,260,19075,3417,9508,5718,270,2753,294,270,6616,366,1512,1527,27819,13459,16,5715,270,12919,6329,1512,1527,940,223,19,27819,13459,16,455,3452,2753,344,979,7490,201,90,940,343,90,940,223,19,11,438,223,19,16,553,201,32074,7490,201,20,90,940,223,19,438,223,19,16,553,201,32074,7490,201,20,90,438,223,18,16,553,201,32074,7490,201,90,438,223,18,16,2642,201,32074,5328,270,6616,6329,2619,6,18,16,2642,666,343,23,32456,754,305,270,12919,6329,2619,6,19,16,2642,42499,1,1,16,1,16,1,16,1,16,1,16,1,16,1,16,1,16,1,16,1,16,1,16,1,16,1,16,1,16,1,16,1,16,1,16,1,16,1,16,1,16,1,16,1,16,1,16,1,16,1,16,1,16,1,16,1,16,1,16,1,16,1,16,1,16,1,16,1,16,1,16,1,16,1,16,1,16,1,16,61561,85,16,37915,16,40165,61096
0,35,12919,305,260,6616,2753,957,19,16,553,295,3452,16,455,12919,6329,957,19,16,504,850,1099,270,6616,16,1730,1949,1918,270,6616,2753,33,11315,782,22805,24752,16,343,12888,28,566,344,260,19075,3417,9508,5718,270,2753,294,270,6616,366,1512,1527,27819,13459,16,5715,270,12919,6329,1512,1527,940,223,19,27819,13459,16,455,3452,2753,344,979,7490,201,90,940,343,90,940,223,19,11,438,223,19,16,553,201,32074,7490,201,20,90,940,223,19,438,223,19,16,553,201,32074,7490,201,20,90,438,223,18,16,553,201,32074,7490,201,90,438,223,18,16,2642,201,32074,5328,270,6616,6329,2619,6,18,16,2642,666,343,23,32456,754,305,270,12919,6329,2619,6,19,16,2642,42499,1,1,16,1,16,1,16,1,16,1,16,1,16,1,16,1,16,1,16,1,16,1,16,1,16,1,16,1,16,1,16,1,16,1,16,1,16,1,16,1,16,1,16,1,16,1,16,1,16,1,16,1,16,1,16,1,16,1,16,1,16,1,16,1,16,1,16,1,16,1,16,1,16,1,16,1,16,1,16,61561,85,16,37915,16,40165,61096
0,35,12919,305,260,6616,2753,957,19,16,553,295,3452,16,455,12919,6329,957,19,16,504,850,1099,270,6616,16,1730,1949,1918,270,6616,2753,33,11315,782,22805,24752,16,343,12888,28,566,344,260,19075,3417,9508,5718,270,2753,294,270,6616,366,1512,1527,27819,13459,16,5715,270,12919,6329,1512,1527,940,223,19,27819,13459,16,455,3452,2753,344,979,7490,201,90,940,343,90,940,223,19,11,438,223,19,16,553,201,32074,7490,201,20,90,940,223,19,438,223,19,16,553,201,32074,7490,201,20,90,438,223,18,16,553,201,32074,7490,201,90,438,223,18,16,2642,201,32074,5328,270,6616,6329,2619,6,18,16,2642,666,343,23,32456,754,305,270,12919,6329,2619,6,19,16,2642,42499,1,1,16,1,16,1,16,1,16,1,16,1,16,1,16,1,16,1,16,1,16,1,16,1,16,1,16,1,16,1,16,1,16,1,16,1,16,1,16,1,16,1,16,1,16,1,16,1,16,1,16,1,16,1,16,1,16,1,16,1,16,1,16,1,16,1,16,1,16,1,16,1,16,1,16,1,16,1,16,61561,85,16,37915,16,40165,61096
0,3085,344,270,6102,294,8760,33,9361,295,834,2004,16,1,201,1,201,1,201,1,201,1,201,1,201,1,201,1,201,1,201,1,201,1,201,1,201,1,201,1,201,1,201,1,201,3085,344,270,6102,294,8760,33,9361,295,834,2004,16,1,201,3085,344,270,6102,294,8760,33,9361,295,834,2004,16,1999,344,270,6102,294,8760,33,9361,295,834,2004,16,1999,344,270,6102,294,8760,33,9361,295,834,2004,16,1999,344,270,6102,294,8760,33,9361,295,834,2004,16,1999,344,270,6102,294,8760,33,9361,295,834,2004,16,1999,344,270,6102,294,8760,33,9361,295,834,2004,16,1999,344,270,6102,294,8760,33,9361,295,834,2004,16,1999,344,270,6102,294,8760,33,9361,295,834,2004,16,1999,344,270,6102,294,8760,33,9361,295,834,2004,16,1999,344,270,6102,294,8760,33,9361,295,834,2004,16,1999,344,270,6102,294,8760,33,9361,295,834,2004,16,1999,344,270,6102,294,8760,33,9361,295,834,2004,16,1999,344,270,6102,294,8760,33,9361,295,834,2004,16,1999
0,3085,344,270,6102,294,8760,33,9361,295,834,2004,16,1,201,1,201,1,201,1,201,1,201,1,201,1,201,1,201,1,201,1,201,1,201,1,201,1,201,1,201,1,201,1,201,3085,344,270,6102,294,8760,33,9361,295,834,2004,16,1,201,3085,344,270,6102,294,8760,33,9361,295,834,2004,16,1999,344,270,6102,294,8760,33,9361,295,834,2004,16,1999,344,270,6102,294,8760,33,9361,295,834,2004,16,1999,344,270,6102,294,8760,33,9361,295,834,2004,16,1999,344,270,6102,294,8760,33,9361,295,834,2004,16,1999,344,270,6102,294,8760,33,9361,295,834,2004,16,1999,344,270,6102,294,8760,33,9361,295,834,2004,16,1999,344,270,6102,294,8760,33,9361,295,834,2004,16,1999,344,270,6102,294,8760,33,9361,295,834,2004,16,1999,344,270,6102,294,8760,33,9361,295,834,2004,16,1999,344,270,6102,294,8760,33,9361,295,834,2004,16,1999,344,270,6102,294,8760,33,9361,295,834,2004,16,1999,344,270,6102,294,8760,33,9361,295,834
0,3085,344,270,6102,294,8760,33,9361,295,834,2004,16,1,201,1,201,1,201,1,201,1,201,1,201,1,201,1,201,1,201,1,201,1,201,1,201,1,201,1,201,1,201,1,201,3085,344,270,6102,294,8760,33,9361,295,834,2004,16,1,201,3085,344,270,6102,294,8760,33,9361,295,834,2004,16,1999,344,270,6102,294,8760,33,9361,295,834,2004,16,1999,344,270,6102,294,8760,33,9361,295,834,2004,16,1999,344,270,6102,294,8760,33,9361,295,834,2004,16,1999,344,270,6102,294,8760,33,9361,295,834,2004,16,1999,344,270,6102,294,8760,33,9361,295,834,2004,16,1999,344,270,6102,294,8760,33,9361,295,834,2004,16,1999,344,270,6102,294,8760,33,9361,295,834,2004,16,1999,344,270,6102,294,8760,33,9361,295,834,2004,16,1999,344,270,6102,294,8760,33,9361,295,834,2004,16,1999,344,270,6102,294,8760,33,9361,295,834,2004,16,1999,344,270,6102,294,8760,33,9361,295,834,2004,16,1999,344,270,6102,294,8760,33,9361,295,834,2004,16
0,3085,344,270,6102,294,8760,33,9361,295,834,2004,16,1,201,1,201,1,201,1,201,1,201,1,201,1,201,1,201,1,201,1,201,1,201,1,201,1,201,1,201,1,201,1,201,3085,344,270,6102,294,8760,33,9361,295,834,2004,16,1,201,3085,344,270,6102,294,8760,33,9361,295,834,2004,16,1999,344,270,6102,294,8760,33,9361,295,834,2004,16,1999,344,270,6102,294,8760,33,9361,295,834,2004,16,1999,344,270,6102,294,8760,33,9361,295,834,2004,16,1999,344,270,6102,294,8760,33,9361,295,834,2004,16,1999,344,270,6102,294,8760,33,9361,295,834,2004,16,1999,344,270,6102,294,8760,33,9361,295,834,2004,16,1999,344,270,6102,294,8760,33,9361,295,834,2004,16,1999,344,270,6102,294,8760,33,9361,295,834,2004,16,1999,344,270,6102,294,8760,33,9361,295,834,2004,16,1999,344,270,6102,294,8760,33,9361,295,834,2004,16,1999,344,270,6102,294,8760,33,9361,295,834,2004,16,1999,344,270,6102,294,8760,33,9361,295,834,2004,16
0,3085,344,270,6102,294,8760,33,9361,295,834,2004,16,1,201,1,201,1,201,1,201,1,201,1,201,1,201,1,201,1,201,1,201,1,201,1,201,1,201,1,201,1,201,1,201,3085,344,270,6102,294,8760,33,9361,295,834,2004,16,1,201,3085,344,270,6102,294,8760,33,9361,295,834,2004,16,1999,344,270,6102,294,8760,33,9361,295,834,2004,16,1999,344,270,6102,294,8760,33,9361,295,834,2004,16,1999,344,270,6102,294,8760,33,9361,295,834,2004,16,1999,344,270,6102,294,8760,33,9361,295,834,2004,16,1999,344,270,6102,294,8760,33,9361,295,834,2004,16,1999,344,270,6102,294,8760,33,9361,295,834,2004,16,1999,344,270,6102,294,8760,33,9361,295,834,2004,16,1999,344,270,6102,294,8760,33,9361,295,834,2004,16,1999,344,270,6102,294,8760,33,9361,295,834,2004,16,1999,344,270,6102,294,8760,33,9361,295,834,2004,16,1999,344,270,6102,294,8760,33,9361,295,834,2004,16,1999,344,270,6102,294,8760,33,9361,295,834
0,3085,344,270,6102,294,8760,33,9361,295,834,2004,16,1,201,1,201,1,201,1,201,1,201,1,201,1,201,1,201,1,201,1,201,1,201,1,201,1,201,1,201,1,201,1,201,3085,344,270,6102,294,8760,33,9361,295,834,2004,16,1,201,3085,344,270,6102,294,8760,33,9361,295,834,2004,16,1999,344,270,6102,294,8760,33,9361,295,834,2004,16,1999,344,270,6102,294,8760,33,9361,295,834,2004,16,1999,344,270,6102,294,8760,33,9361,295,834,2004,16,1999,344,270,6102,294,8760,33,9361,295,834,2004,16,1999,344,270,6102,294,8760,33,9361,295,834,2004,16,1999,344,270,6102,294,8760,33,9361,295,834,2004,16,1999,344,270,6102,294,8760,33,9361,295,834,2004,16,1999,344,270,6102,294,8760,33,9361,295,834,2004,16,1999,344,270,6102,294,8760,33,9361,295,834,2004,16,1999,344,270,6102,294,8760,33,9361,295,834,2004,16,1999,344,270,6102,294,8760,33,9361,295,834,2004,16,1999,344,270,6102,294,8760,33,9361,295,834,2004,16,1999
0,22863,566,15363,943,18070,6848,88253,14,1479,1687,969,1257,2329,2822,538,33,455,15363,28,18070,6848,88253,344,411,3707,32542,14,46881,14,305,2818,44113,16,2566,515,9288,377,5383,223,27,14,223,1357,20,14,295,6935,27882,14,11595,16,2566,344,294,26153,305,39095,99089,38655,16,2566,6006,969,7609,412,260,32542,509,270,4109,294,7341,14,16392,295,3277,13664,4849,305,5516,16,5334,1257,2329,14,18070,6848,14,344,294,12920,6808,305,3189,582,78,23049,4,469,582,14599,12284,3305,5334,6632,2329,14,18070,6848,88253,14,344,260,8682,294,969,1257,2329,305,969,5642,734,81236,2329,16,2566,769,9400,3586,21040,43159,305,769,936,11050,8180,50346,14,2622,582,32365,1051,6757,983,4,305,582,17259,362,2042,3305,2566,769,990,31764,295,3586,14263,305,15758,4849,14,2622,270,10937,582,671,31322,4,305,270,15758,4923,582,63128,39104,734,22547,28541,3305,2566,344,3459,362,969,108882,1116,14,6440,969,18202,418,270,80576,349,11988,305,270,582,48263,6848,88253,11988,3305,2566,769,990,1047,5984,295,3624,2818,55702,14,2622,969,1956,20193,2562,305,81160,2562,16,2566,344,260,3615,2645,362,1623,4047,1482,14,305,1225,344,3459,362,969,4337,16752,305,969,29128,304,969,14182,16,2566,769,1047,12836,418,11050,26597,305,54343,14,2622,270,582,48263,6848,88253,15097,4,377,270,28874,17103,294,51512,16,2566,344,990,3459,362,969,1116,418,270,582,48263,6848,88253,11988,1760,778,17474,377,11862,2845,418,12439,41407,16,2566,769,1047,5984,295,3624,54047,4768,14,2622,57846,362,270,80576,349,11988,305,270,582,48263,6848,88253,11988,3305,2566,344,990,3459,362,969,1116,418,270,582,48263,6848,88253,11988,1760,778,17474,377,11862,2845,418,12439,41407,16,2566,769,1047,5984,295,3624,54047,4768,14,2622,57846,362,270,80576,349,11988,305,270,582,48263,6848,88253,11988,3305,2566,344,990,3459,362,969,1116,418,270,582,48263,6848,88253,11988,1760,778,17474,377,11862,2845,418,12439,41407,16
0,22863,566,15363,943,18070,6848,88253,14,1479,1687,969,1257,2329,2822,538,33,455,15363,28,18070,6848,88253,344,411,3707,32542,14,46881,14,305,2818,44113,16,2566,515,9288,377,5383,223,27,14,223,1357,20,14,295,6935,27882,14,11595,16,2566,344,294,26153,305,39095,99089,38655,16,2566,6006,969,7609,412,260,32542,509,270,4109,294,7341,14,16392,295,3277,13664,4849,305,5516,16,5334,1257,2329,14,18070,6848,14,344,294,12920,6808,305,3189,582,78,23049,4,469,582,14599,12284,3305,5334,6632,2329,14,18070,6848,88253,14,344,260,8682,294,969,1257,2329,305,969,5642,734,81236,2329,16,2566,769,9400,3586,21040,43159,305,769,936,11050,8180,50346,14,2622,582,32365,1051,6757,983,4,305,582,17259,362,2042,3305,2566,769,990,31764,295,3586,14263,305,15758,4849,14,2622,270,10937,582,671,31322,4,305,270,15758,4923,582,63128,39104,734,22547,28541,3305,2566,344,3459,362,969,108882,1116,14,6440,969,18202,418,270,80576,349,11988,305,270,582,48263,6848,88253,11988,3305,2566,769,990,1047,5984,295,3624,2818,55702,14,2622,969,1956,20193,2562,305,81160,2562,16,2566,344,260,3615,2645,362,1623,4047,1482,14,305,1225,344,3459,362,969,4337,16752,305,969,29128,304,969,14182,16,2566,769,1047,12836,418,11050,26597,305,54343,14,2622,270,582,48263,6848,88253,15097,4,377,270,28874,17103,294,51512,16,2566,344,990,3459,362,969,1116,418,270,582,48263,6848,88253,11988,1760,778,17474,377,11862,2845,418,12439,41407,16,2566,769,1047,5984,295,3624,54047,4768,14,2622,57846,362,270,80576,349,11988,305,270,582,48263,6848,88253,11988,3305,2566,344,990,3459,362,969,1116,418,270,582,48263,6848,88253,11988,1760,778,17474,377,11862,2845,418,12439,41407,16,2566,769,1047,5984,295,3624,54047,4768,14,2622,57846,362,270,80576,349,11988,305,270,582,48263,6848,88253,11988,3305,2566,344,990,3459,362,969,1116,418,270,582,48263,6848,88253,11988,1760,778,17474,377,11862,2845,418,12439
0,22863,566,15363,943,18070,6848,88253,14,1479,1687,969,1257,2329,2822,538,33,455,15363,28,18070,6848,88253,344,411,3707,32542,14,46881,14,305,2818,44113,16,2566,515,9288,377,5383,223,27,14,223,1357,20,14,295,6935,27882,14,11595,16,2566,344,294,26153,305,39095,99089,38655,16,2566,6006,969,7609,412,260,32542,509,270,4109,294,7341,14,16392,295,3277,13664,4849,305,5516,16,5334,1257,2329,14,18070,6848,14,344,294,12920,6808,305,3189,582,78,23049,4,469,582,14599,12284,3305,5334,6632,2329,14,18070,6848,88253,14,344,260,8682,294,969,1257,2329,305,969,5642,734,81236,2329,16,2566,769,9400,3586,21040,43159,305,769,936,11050,8180,50346,14,2622,582,32365,1051,6757,983,4,305,582,17259,362,2042,3305,2566,769,990,31764,295,3586,14263,305,15758,4849,14,2622,270,10937,582,671,31322,4,305,270,15758,4923,582,63128,39104,734,22547,28541,3305,2566,344,3459,362,969,108882,1116,14,6440,969,18202,418,270,80576,349,11988,305,270,582,48263,6848,88253,11988,3305,2566,769,990,1047,5984,295,3624,2818,55702,14,2622,969,1956,20193,2562,305,81160,2562,16,2566,344,260,3615,2645,362,1623,4047,1482,14,305,1225,344,3459,362,969,4337,16752,305,969,29128,304,969,14182,16,2566,769,1047,12836,418,11050,26597,305,54343,14,2622,270,582,48263,6848,88253,15097,4,377,270,28874,17103,294,51512,16,2566,344,990,3459,362,969,1116,418,270,582,48263,6848,88253,11988,1760,778,17474,377,11862,2845,418,12439,41407,16,2566,769,1047,5984,295,3624,54047,4768,14,2622,57846,362,270,80576,349,11988,305,270,582,48263,6848,88253,11988,3305,2566,344,990,3459,362,969,1116,418,270,582,48263,6848,88253,11988,1760,778,17474,377,11862,2845,418,12439,41407,16,2566,769,1047,5984,295,3624,54047,4768,14,2622,57846,362,270,80576,349,11988,305,270,582,48263,6848,88253,11988,3305,2566,344,990,3459,362,969,1116,418,270,582,48263,6848,88253,11988,1760,778,17474,377,11862,2845,418,12439,41407
0,22863,566,15363,943,18070,6848,88253,14,1479,1687,969,1257,2329,2822,538,33,455,15363,28,18070,6848,88253,344,411,3707,32542,14,46881,14,305,2818,44113,16,2566,515,9288,377,5383,223,27,14,223,1357,20,14,295,6935,27882,14,11595,16,2566,344,294,26153,305,39095,99089,38655,16,2566,6006,969,7609,412,260,32542,509,270,4109,294,7341,14,16392,295,3277,13664,4849,305,5516,16,5334,1257,2329,14,18070,6848,14,344,294,12920,6808,305,3189,582,78,23049,4,469,582,14599,12284,3305,5334,6632,2329,14,18070,6848,88253,14,344,260,8682,294,969,1257,2329,305,969,5642,734,81236,2329,16,2566,769,9400,3586,21040,43159,305,769,936,11050,8180,50346,14,2622,582,32365,1051,6757,983,4,305,582,17259,362,2042,3305,2566,769,990,31764,295,3586,14263,305,15758,4849,14,2622,270,10937,582,671,31322,4,305,270,15758,4923,582,63128,39104,734,22547,28541,3305,2566,344,3459,362,969,108882,1116,14,6440,969,18202,418,270,80576,349,11988,305,270,582,48263,6848,88253,11988,3305,2566,769,990,1047,5984,295,3624,2818,55702,14,2622,969,1956,20193,2562,305,81160,2562,16,2566,344,260,3615,2645,362,1623,4047,1482,14,305,1225,344,3459,362,969,4337,16752,305,969,29128,304,969,14182,16,2566,769,1047,12836,418,11050,26597,305,54343,14,2622,270,582,48263,6848,88253,15097,4,377,270,28874,17103,294,51512,16,2566,344,990,3459,362,969,1116,418,270,582,48263,6848,88253,11988,1760,778,17474,377,11862,2845,418,12439,41407,16,2566,769,1047,5984,295,3624,54047,4768,14,2622,57846,362,270,80576,349,11988,305,270,582,48263,6848,88253,11988,3305,2566,344,990,3459,362,969,1116,418,270,582,48263,6848,88253,11988,1760,778,17474,377,11862,2845,418,12439,41407,16,2566,769,1047,5984,295,3624,54047,4768,14,2622,57846,362,270,80576,349,11988,305,270,582,48263,6848,88253,11988,3305,2566,344,990,3459,362,969,1116,418,270,582,48263,6848,88253,11988,1760,778,17474,377,11862,2845,418,12439,41407
0,22863,566,15363,943,18070,6848,88253,14,1479,1687,969,1257,2329,2822,538,33,455,15363,28,18070,6848,88253,344,411,3707,32542,14,46881,14,305,2818,44113,16,2566,515,9288,377,5383,223,27,14,223,1357,20,14,295,6935,27882,14,11595,16,2566,344,294,26153,305,39095,99089,38655,16,2566,6006,969,7609,412,260,32542,509,270,4109,294,7341,14,16392,295,3277,13664,4849,305,5516,16,5334,1257,2329,14,18070,6848,14,344,294,12920,6808,305,3189,582,78,23049,4,469,582,14599,12284,3305,5334,6632,2329,14,18070,6848,88253,14,344,260,8682,294,969,1257,2329,305,969,5642,734,81236,2329,16,2566,769,9400,3586,21040,43159,305,769,936,11050,8180,50346,14,2622,582,32365,1051,6757,983,4,305,582,17259,362,2042,3305,2566,769,990,31764,295,3586,14263,305,15758,4849,14,2622,270,10937,582,671,31322,4,305,270,15758,4923,582,63128,39104,734,22547,28541,3305,2566,344,3459,362,969,108882,1116,14,6440,969,18202,418,270,80576,349,11988,305,270,582,48263,6848,88253,11988,3305,2566,769,990,1047,5984,295,3624,2818,55702,14,2622,969,1956,20193,2562,305,81160,2562,16,2566,344,260,3615,2645,362,1623,4047,1482,14,305,1225,344,3459,362,969,4337,16752,305,969,29128,304,969,14182,16,2566,769,1047,12836,418,11050,26597,305,54343,14,2622,270,582,48263,6848,88253,15097,4,377,270,28874,17103,294,51512,16,2566,344,990,3459,362,969,1116,418,270,582,48263,6848,88253,11988,1760,778,17474,377,11862,2845,418,12439,41407,16,2566,769,1047,5984,295,3624,54047,4768,14,2622,57846,362,270,80576,349,11988,305,270,582,48263,6848,88253,11988,3305,2566,344,990,3459,362,969,1116,418,270,582,48263,6848,88253,11988,1760,778,17474,377,11862,2845,418,12439,41407,16,2566,769,1047,5984,295,3624,54047,4768,14,2622,57846,362,270,80576,349,11988,305,270,582,48263,6848,88253,11988,3305,2566,344,990,3459,362,969,1116,418,270,582,48263,6848,88253,11988,1760,778,17474,377,11862,2845,418,12439
0,22863,566,15363,943,18070,6848,88253,14,1479,1687,969,1257,2329,2822,538,33,455,15363,28,18070,6848,88253,344,411,3707,32542,14,46881,14,305,2818,44113,16,2566,515,9288,377,5383,223,27,14,223,1357,20,14,295,6935,27882,14,11595,16,2566,344,294,26153,305,39095,99089,38655,16,2566,6006,969,7609,412,260,32542,509,270,4109,294,7341,14,16392,295,3277,13664,4849,305,5516,16,5334,1257,2329,14,18070,6848,14,344,294,12920,6808,305,3189,582,78,23049,4,469,582,14599,12284,3305,5334,6632,2329,14,18070,6848,88253,14,344,260,8682,294,969,1257,2329,305,969,5642,734,81236,2329,16,2566,769,9400,3586,21040,43159,305,769,936,11050,8180,50346,14,2622,582,32365,1051,6757,983,4,305,582,17259,362,2042,3305,2566,769,990,31764,295,3586,14263,305,15758,4849,14,2622,270,10937,582,671,31322,4,305,270,15758,4923,582,63128,39104,734,22547,28541,3305,2566,344,3459,362,969,108882,1116,14,6440,969,18202,418,270,80576,349,11988,305,270,582,48263,6848,88253,11988,3305,2566,769,990,1047,5984,295,3624,2818,55702,14,2622,969,1956,20193,2562,305,81160,2562,16,2566,344,260,3615,2645,362,1623,4047,1482,14,305,1225,344,3459,362,969,4337,16752,305,969,29128,304,969,14182,16,2566,769,1047,12836,418,11050,26597,305,54343,14,2622,270,582,48263,6848,88253,15097,4,377,270,28874,17103,294,51512,16,2566,344,990,3459,362,969,1116,418,270,582,48263,6848,88253,11988,1760,778,17474,377,11862,2845,418,12439,41407,16,2566,769,1047,5984,295,3624,54047,4768,14,2622,57846,362,270,80576,349,11988,305,270,582,48263,6848,88253,11988,3305,2566,344,990,3459,362,969,1116,418,270,582,48263,6848,88253,11988,1760,778,17474,377,11862,2845,418,12439,41407,16,2566,769,1047,5984,295,3624,54047,4768,14,2622,57846,362,270,80576,349,11988,305,270,582,48263,6848,88253,11988,3305,2566,344,990,3459,362,969,1116,418,270,582,48263,6848,88253,11988,1760,778,17474,377,11862,2845,418,12439,41407,16
0,2425,616,6385,983,28374,343,57505,47923,899,25838,983,3373,295,3947,305,7075,894,1497,434,69,54961,11,515,260,3226,852,60393,4893,976,4593,7379,513,270,54961,1482,294,270,56480,40767,3285,16,455,47465,3032,5037,344,7840,295,36653,4180,79,93355,14,894,1497,268,6339,4426,14,13141,603,2425,616,6385,983,28374,515,260,3631,31835,1752,295,270,17009,54961,14935,6681,538,270,32970,40767,343,69,16,8762,223,6391,1127,9931,11,1407,270,56480,40767,343,69,16,8762,223,6884,1127,9931,11,305,1055,270,3808,8657,294,270,5245,3767,297,3285,343,69,16,8762,223,9931,1127,4870,18,797,455,5037,33056,260,47274,294,32492,18395,14,65272,294,18395,4326,295,6672,13141,305,294,270,22790,1497,305,13857,273,18395,294,270,17009,54961,3157,6681,16,455,6865,294,6672,26153,18395,515,4387,3241,304,611,1047,17453,294,2624,17830,469,1749,54129,538,6672,13141,14,790,1473,15874,39549,2880,270,6865,294,1305,2408,5329,10237,18395,412,270,1529,294,7267,24226,305,270,11930,294,270,54961,304,100629,270,65927,294,270,6672,26153,15825,16,455,4593,515,26587,295,270,5245,3767,297,3285,14,305,270,5037,515,554,322,89708,603,671,4593,515,7379,377,260,2395,25131,74863,270,11707,294,270,29062,294,13141,16,455,5037,344,24917,362,1009,1606,14,3157,14,305,12903,22343,14,418,260,6672,92875,305,260,3226,1167,294,23960,8843,16,455,4593,515,7379,295,260,4031,7110,14,418,1119,4933,294,8031,21964,469,49994,16,455,4593,515,7379,295,260,4031,7110,14,418,1119,4933,294,8031,21964,469,49994,16,455,4593,515,7379,295,260,4031,7110,14,418,1119,4933,294,8031,21964,469,49994,16,455,4593,515,7379,295,260,4031,7110,14,418,1119,4933,294,8031,21964,469,49994,16,455,4593,515,7379,295,260,4031,7110,14,418,1119,4933,294,8031,21964,469,49994,16,455,4593,515,7379,295,260,4031,7110,14,418,1119,4933,294,8031,21964,469,49994,16,455,4593,515,7379,295,260,4031,7110,14,418
0,2425,616,6385,983,28374,343,57505,47923,899,25838,983,3373,295,3947,305,7075,894,1497,434,69,54961,11,515,260,3226,852,60393,4893,976,4593,7379,513,270,54961,1482,294,270,56480,40767,3285,16,455,47465,3032,5037,344,7840,295,36653,4180,79,93355,14,894,1497,268,6339,4426,14,13141,603,2425,616,6385,983,28374,515,260,3631,31835,1752,295,270,17009,54961,14935,6681,538,270,32970,40767,343,69,16,8762,223,6391,1127,9931,11,1407,270,56480,40767,343,69,16,8762,223,6884,1127,9931,11,305,1055,270,3808,8657,294,270,5245,3767,297,3285,343,69,16,8762,223,9931,1127,4870,18,797,455,5037,33056,260,47274,294,32492,18395,14,65272,294,18395,4326,295,6672,13141,305,294,270,22790,1497,305,13857,273,18395,294,270,17009,54961,3157,6681,16,455,6865,294,6672,26153,18395,515,4387,3241,304,611,1047,17453,294,2624,17830,469,1749,54129,538,6672,13141,14,790,1473,15874,39549,2880,270,6865,294,1305,2408,5329,10237,18395,412,270,1529,294,7267,24226,305,270,11930,294,270,54961,304,100629,270,65927,294,270,6672,26153,15825,16,455,4593,515,26587,295,270,5245,3767,297,3285,14,305,270,5037,515,554,322,89708,603,671,4593,515,7379,377,260,2395,25131,74863,270,11707,294,270,29062,294,13141,16,455,5037,344,24917,362,1009,1606,14,3157,14,305,12903,22343,14,418,260,6672,92875,305,260,3226,1167,294,23960,8843,16,455,4593,515,7379,295,260,4031,7110,14,418,1119,4933,294,8031,21964,469,49994,16,455,4593,515,7379,295,260,4031,7110,14,418,1119,4933,294,8031,21964,469,49994,16,455,4593,515,7379,295,260,4031,7110,14,418,1119,4933,294,8031,21964,469,49994,16,455,4593,515,7379,295,260,4031,7110,14,418,1119,4933,294,8031,21964,469,49994,16,455,4593,515,7379,295,260,4031,7110,14,418,1119,4933,294,8031,21964,469,49994,16,455,4593,515,7379,295,260,4031,7110,14,418,1119,4933,294,8031,21964,469,49994,16,455,4593,515,7379,295,260,4031,7110,14,418,1119
0,2425,616,6385,983,28374,343,57505,47923,899,25838,983,3373,295,3947,305,7075,894,1497,434,69,54961,11,515,260,3226,852,60393,4893,976,4593,7379,513,270,54961,1482,294,270,56480,40767,3285,16,455,47465,3032,5037,344,7840,295,36653,4180,79,93355,14,894,1497,268,6339,4426,14,13141,603,2425,616,6385,983,28374,515,260,3631,31835,1752,295,270,17009,54961,14935,6681,538,270,32970,40767,343,69,16,8762,223,6391,1127,9931,11,1407,270,56480,40767,343,69,16,8762,223,6884,1127,9931,11,305,1055,270,3808,8657,294,270,5245,3767,297,3285,343,69,16,8762,223,9931,1127,4870,18,797,455,5037,33056,260,47274,294,32492,18395,14,65272,294,18395,4326,295,6672,13141,305,294,270,22790,1497,305,13857,273,18395,294,270,17009,54961,3157,6681,16,455,6865,294,6672,26153,18395,515,4387,3241,304,611,1047,17453,294,2624,17830,469,1749,54129,538,6672,13141,14,790,1473,15874,39549,2880,270,6865,294,1305,2408,5329,10237,18395,412,270,1529,294,7267,24226,305,270,11930,294,270,54961,304,100629,270,65927,294,270,6672,26153,15825,16,455,4593,515,26587,295,270,5245,3767,297,3285,14,305,270,5037,515,554,322,89708,603,671,4593,515,7379,377,260,2395,25131,74863,270,11707,294,270,29062,294,13141,16,455,5037,344,24917,362,1009,1606,14,3157,14,305,12903,22343,14,418,260,6672,92875,305,260,3226,1167,294,23960,8843,16,455,4593,515,7379,295,260,4031,7110,14,418,1119,4933,294,8031,21964,469,49994,16,455,4593,515,7379,295,260,4031,7110,14,418,1119,4933,294,8031,21964,469,49994,16,455,4593,515,7379,295,260,4031,7110,14,418,1119,4933,294,8031,21964,469,49994,16,455,4593,515,7379,295,260,4031,7110,14,418,1119,4933,294,8031,21964,469,49994,16,455,4593,515,7379,295,260,4031,7110,14,418,1119,4933,294,8031,21964,469,49994,16,455,4593,515,7379,295,260,4031,7110,14,418,1119,4933,294,8031,21964,469,49994,16,455,4593,515,7379,295,260,4031,7110,14,418,1119
0,2425,616,6385,983,28374,343,57505,47923,899,25838,983,3373,295,3947,305,7075,894,1497,434,69,54961,11,515,260,3226,852,60393,4893,976,4593,7379,513,270,54961,1482,294,270,56480,40767,3285,16,455,47465,3032,5037,344,7840,295,36653,4180,79,93355,14,894,1497,268,6339,4426,14,13141,603,2425,616,6385,983,28374,515,260,3631,31835,1752,295,270,17009,54961,14935,6681,538,270,32970,40767,343,69,16,8762,223,6391,1127,9931,11,1407,270,56480,40767,343,69,16,8762,223,6884,1127,9931,11,305,1055,270,3808,8657,294,270,5245,3767,297,3285,343,69,16,8762,223,9931,1127,4870,18,797,455,5037,33056,260,47274,294,32492,18395,14,65272,294,18395,4326,295,6672,13141,305,294,270,22790,1497,305,13857,273,18395,294,270,17009,54961,3157,6681,16,455,6865,294,6672,26153,18395,515,4387,3241,304,611,1047,17453,294,2624,17830,469,1749,54129,538,6672,13141,14,790,1473,15874,39549,2880,270,6865,294,1305,2408,5329,10237,18395,412,270,1529,294,7267,24226,305,270,11930,294,270,54961,304,100629,270,65927,294,270,6672,26153,15825,16,455,4593,515,26587,295,270,5245,3767,297,3285,14,305,270,5037,515,554,322,89708,603,671,4593,515,7379,377,260,2395,25131,74863,270,11707,294,270,29062,294,13141,16,455,5037,344,24917,362,1009,1606,14,3157,14,305,12903,22343,14,418,260,6672,92875,305,260,3226,1167,294,23960,8843,16,455,4593,515,7379,295,260,4031,7110,14,418,1119,4933,294,8031,21964,469,49994,16,455,4593,515,7379,295,260,4031,7110,14,418,1119,4933,294,8031,21964,469,49994,16,455,4593,515,7379,295,260,4031,7110,14,418,1119,4933,294,8031,21964,469,49994,16,455,4593,515,7379,295,260,4031,7110,14,418,1119,4933,294,8031,21964,469,49994,16,455,4593,515,7379,295,260,4031,7110,14,418,1119,4933,294,8031,21964,469,49994,16,455,4593,515,7379,295,260,4031,7110,14,418,1119,4933,294,8031,21964,469,49994,16,455,4593,515,7379,295,260,4031,7110,14,418,1119
0,2425,616,6385,983,28374,343,57505,47923,899,25838,983,3373,295,3947,305,7075,894,1497,434,69,54961,11,515,260,3226,852,60393,4893,976,4593,7379,513,270,54961,1482,294,270,56480,40767,3285,16,455,47465,3032,5037,344,7840,295,36653,4180,79,93355,14,894,1497,268,6339,4426,14,13141,603,2425,616,6385,983,28374,515,260,3631,31835,1752,295,270,17009,54961,14935,6681,538,270,32970,40767,343,69,16,8762,223,6391,1127,9931,11,1407,270,56480,40767,343,69,16,8762,223,6884,1127,9931,11,305,1055,270,3808,8657,294,270,5245,3767,297,3285,343,69,16,8762,223,9931,1127,4870,18,797,455,5037,33056,260,47274,294,32492,18395,14,65272,294,18395,4326,295,6672,13141,305,294,270,22790,1497,305,13857,273,18395,294,270,17009,54961,3157,6681,16,455,6865,294,6672,26153,18395,515,4387,3241,304,611,1047,17453,294,2624,17830,469,1749,54129,538,6672,13141,14,790,1473,15874,39549,2880,270,6865,294,1305,2408,5329,10237,18395,412,270,1529,294,7267,24226,305,270,11930,294,270,54961,304,100629,270,65927,294,270,6672,26153,15825,16,455,4593,515,26587,295,270,5245,3767,297,3285,14,305,270,5037,515,554,322,89708,603,671,4593,515,7379,377,260,2395,25131,74863,270,11707,294,270,29062,294,13141,16,455,5037,344,24917,362,1009,1606,14,3157,14,305,12903,22343,14,418,260,6672,92875,305,260,3226,1167,294,23960,8843,16,455,4593,515,7379,295,260,4031,7110,14,418,1119,4933,294,8031,21964,469,49994,16,455,4593,515,7379,295,260,4031,7110,14,418,1119,4933,294,8031,21964,469,49994,16,455,4593,515,7379,295,260,4031,7110,14,418,1119,4933,294,8031,21964,469,49994,16,455,4593,515,7379,295,260,4031,7110,14,418,1119,4933,294,8031,21964,469,49994,16,455,4593,515,7379,295,260,4031,7110,14,418,1119,4933,294,8031,21964,469,49994,16,455,4593,515,7379,295,260,4031,7110,14,418,1119,4933,294,8031,21964,469,49994,16,455,4593,515,7379,295,260,4031,7110,14,418,1119
0,2425,616,6385,983,28374,343,57505,47923,899,25838,983,3373,295,3947,305,7075,894,1497,434,69,54961,11,515,260,3226,852,60393,4893,976,4593,7379,513,270,54961,1482,294,270,56480,40767,3285,16,455,47465,3032,5037,344,7840,295,36653,4180,79,93355,14,894,1497,268,6339,4426,14,13141,603,2425,616,6385,983,28374,515,260,3631,31835,1752,295,270,17009,54961,14935,6681,538,270,32970,40767,343,69,16,8762,223,6391,1127,9931,11,1407,270,56480,40767,343,69,16,8762,223,6884,1127,9931,11,305,1055,270,3808,8657,294,270,5245,3767,297,3285,343,69,16,8762,223,9931,1127,4870,18,797,455,5037,33056,260,47274,294,32492,18395,14,65272,294,18395,4326,295,6672,13141,305,294,270,22790,1497,305,13857,273,18395,294,270,17009,54961,3157,6681,16,455,6865,294,6672,26153,18395,515,4387,3241,304,611,1047,17453,294,2624,17830,469,1749,54129,538,6672,13141,14,790,1473,15874,39549,2880,270,6865,294,1305,2408,5329,10237,18395,412,270,1529,294,7267,24226,305,270,11930,294,270,54961,304,100629,270,65927,294,270,6672,26153,15825,16,455,4593,515,26587,295,270,5245,3767,297,3285,14,305,270,5037,515,554,322,89708,603,671,4593,515,7379,377,260,2395,25131,74863,270,11707,294,270,29062,294,13141,16,455,5037,344,24917,362,1009,1606,14,3157,14,305,12903,22343,14,418,260,6672,92875,305,260,3226,1167,294,23960,8843,16,455,4593,515,7379,295,260,4031,7110,14,418,1119,4933,294,8031,21964,469,49994,16,455,4593,515,7379,295,260,4031,7110,14,418,1119,4933,294,8031,21964,469,49994,16,455,4593,515,7379,295,260,4031,7110,14,418,1119,4933,294,8031,21964,469,49994,16,455,4593,515,7379,295,260,4031,7110,14,418,1119,4933,294,8031,21964,469,49994,16,455,4593,515,7379,295,260,4031,7110,14,418,1119,4933,294,8031,21964,469,49994,16,455,4593,515,7379,295,260,4031,7110,14,418,1119,4933,294,8031,21964,469,49994,16,455,4593,515,7379,295,260,4031,7110,14,418
0,671,17504,344,2680,304,3586,47411,5172,2622,270,6935,17913,336,6112,34951,305,270,6935,58430,1229,14922,54580,14,1952,294,778,477,59831,304,6935,59063,81,7946,16,455,47411,59059,73,2077,734,23171,344,990,2006,377,270,67990,294,6935,17913,10700,14,295,270,11234,294,120469,305,6935,59063,81,16,455,47411,8235,42500,80189,2160,734,30129,7994,344,2006,4851,270,15813,20020,377,270,4263,45526,294,10399,3444,22781,16,455,47411,8235,77423,9472,21060,284,24433,59914,5568,14,30465,59914,5568,28435,329,114093,14,6935,59063,81,49705,367,7949,42500,14,446,460,40824,395,6059,321,924,395,14,54419,420,104526,3718,1325,14,437,76242,33495,265,89237,395,305,270,6935,59063,81,91903,79,650,14,5108,20794,6031,28578,9746,2011,4268,14,477,2006,295,270,49200,294,270,47120,41907,96014,603,1124,3460,223,643,22,14,260,8836,3307,272,515,40771,4851,380,25441,360,3884,14,260,24652,4022,10828,294,6935,17913,965,279,515,270,1257,3307,272,13581,288,295,270,17504,295,1060,223,1457,1737,16,455,3307,272,515,4326,1820,295,223,643,23,14,305,295,223,643,24,14,260,1957,3307,272,515,40771,4851,270,6949,294,6935,59063,81,16,455,3307,272,344,260,3226,9145,14,418,260,26207,5878,294,890,304,223,553,6302,14,305,344,3459,362,1009,27483,1926,16,455,3307,272,734,1926,344,260,18319,14,84052,58364,396,588,366,7431,362,5157,16,455,3307,272,344,260,9706,5172,14,305,1009,21645,344,29851,36136,16,455,3307,272,344,260,7380,294,270,17504,734,8954,33367,305,1009,12438,304,36506,1009,4095,20876,16,1,1,16,1,16,1,16,1,16,1,16,1,16,1,16,1,16,1,16,1,16,1,16,1,16,1,16,1,16,1,16,1,16,1,16,1,16,1,16,1,16,1,16,1,16,11356,16,58325,16,19616,16,1610,2599,16,7592,12768,49079,6832,13370,2739,86335,25408,264,16,76940,7192,6055,12633,3743,1741,16,76940,2349,9646,414
0,671,17504,344,2680,304,3586,47411,5172,2622,270,6935,17913,336,6112,34951,305,270,6935,58430,1229,14922,54580,14,1952,294,778,477,59831,304,6935,59063,81,7946,16,455,47411,59059,73,2077,734,23171,344,990,2006,377,270,67990,294,6935,17913,10700,14,295,270,11234,294,120469,305,6935,59063,81,16,455,47411,8235,42500,80189,2160,734,30129,7994,344,2006,4851,270,15813,20020,377,270,4263,45526,294,10399,3444,22781,16,455,47411,8235,77423,9472,21060,284,24433,59914,5568,14,30465,59914,5568,28435,329,114093,14,6935,59063,81,49705,367,7949,42500,14,446,460,40824,395,6059,321,924,395,14,54419,420,104526,3718,1325,14,437,76242,33495,265,89237,395,305,270,6935,59063,81,91903,79,650,14,5108,20794,6031,28578,9746,2011,4268,14,477,2006,295,270,49200,294,270,47120,41907,96014,603,1124,3460,223,643,22,14,260,8836,3307,272,515,40771,4851,380,25441,360,3884,14,260,24652,4022,10828,294,6935,17913,965,279,515,270,1257,3307,272,13581,288,295,270,17504,295,1060,223,1457,1737,16,455,3307,272,515,4326,1820,295,223,643,23,14,305,295,223,643,24,14,260,1957,3307,272,515,40771,4851,270,6949,294,6935,59063,81,16,455,3307,272,344,260,3226,9145,14,418,260,26207,5878,294,890,304,223,553,6302,14,305,344,3459,362,1009,27483,1926,16,455,3307,272,734,1926,344,260,18319,14,84052,58364,396,588,366,7431,362,5157,16,455,3307,272,344,260,9706,5172,14,305,1009,21645,344,29851,36136,16,455,3307,272,344,260,7380,294,270,17504,734,8954,33367,305,1009,12438,304,36506,1009,4095,20876,16,1,1,16,1,16,1,16,1,16,1,16,1,16,1,16,1,16,1,16,1,16,1,16,1,16,1,16,1,16,1,16,1,16,1,16,1,16,1,16,1,16,1,16,1,16,11356,16,58325,16,19616,16,1610,2599,16,7592,12768,49079,6832,13370,2739,86335,25408,264,16,76940,7192,6055,12633,3743,1741,16,76940,2349,9646,414
0,671,17504,344,2680,304,3586,47411,5172,2622,270,6935,17913,336,6112,34951,305,270,6935,58430,1229,14922,54580,14,1952,294,778,477,59831,304,6935,59063,81,7946,16,455,47411,59059,73,2077,734,23171,344,990,2006,377,270,67990,294,6935,17913,10700,14,295,270,11234,294,120469,305,6935,59063,81,16,455,47411,8235,42500,80189,2160,734,30129,7994,344,2006,4851,270,15813,20020,377,270,4263,45526,294,10399,3444,22781,16,455,47411,8235,77423,9472,21060,284,24433,59914,5568,14,30465,59914,5568,28435,329,114093,14,6935,59063,81,49705,367,7949,42500,14,446,460,40824,395,6059,321,924,395,14,54419,420,104526,3718,1325,14,437,76242,33495,265,89237,395,305,270,6935,59063,81,91903,79,650,14,5108,20794,6031,28578,9746,2011,4268,14,477,2006,295,270,49200,294,270,47120,41907,96014,603,1124,3460,223,643,22,14,260,8836,3307,272,515,40771,4851,380,25441,360,3884,14,260,24652,4022,10828,294,6935,17913,965,279,515,270,1257,3307,272,13581,288,295,270,17504,295,1060,223,1457,1737,16,455,3307,272,515,4326,1820,295,223,643,23,14,305,295,223,643,24,14,260,1957,3307,272,515,40771,4851,270,6949,294,6935,59063,81,16,455,3307,272,344,260,3226,9145,14,418,260,26207,5878,294,890,304,223,553,6302,14,305,344,3459,362,1009,27483,1926,16,455,3307,272,734,1926,344,260,18319,14,84052,58364,396,588,366,7431,362,5157,16,455,3307,272,344,260,9706,5172,14,305,1009,21645,344,29851,36136,16,455,3307,272,344,260,7380,294,270,17504,734,8954,33367,305,1009,12438,304,36506,1009,4095,20876,16,1,1,16,1,16,1,16,1,16,1,16,1,16,1,16,1,16,1,16,1,16,1,16,1,16,1,16,1,16,1,16,1,16,1,16,1,16,1,16,1,16,1,16,1,16,11356,16,58325,16,19616,16,1610,2599,16,7592,12768,49079,6832,13370,2739,86335,25408,264,16,76940,7192,6055,12633,3743,1741,16,76940,2349,9646,414
0,671,17504,344,2680,304,3586,47411,5172,2622,270,6935,17913,336,6112,34951,305,270,6935,58430,1229,14922,54580,14,1952,294,778,477,59831,304,6935,59063,81,7946,16,455,47411,59059,73,2077,734,23171,344,990,2006,377,270,67990,294,6935,17913,10700,14,295,270,11234,294,120469,305,6935,59063,81,16,455,47411,8235,42500,80189,2160,734,30129,7994,344,2006,4851,270,15813,20020,377,270,4263,45526,294,10399,3444,22781,16,455,47411,8235,77423,9472,21060,284,24433,59914,5568,14,30465,59914,5568,28435,329,114093,14,6935,59063,81,49705,367,7949,42500,14,446,460,40824,395,6059,321,924,395,14,54419,420,104526,3718,1325,14,437,76242,33495,265,89237,395,305,270,6935,59063,81,91903,79,650,14,5108,20794,6031,28578,9746,2011,4268,14,477,2006,295,270,49200,294,270,47120,41907,96014,603,1124,3460,223,643,22,14,260,8836,3307,272,515,40771,4851,380,25441,360,3884,14,260,24652,4022,10828,294,6935,17913,965,279,515,270,1257,3307,272,13581,288,295,270,17504,295,1060,223,1457,1737,16,455,3307,272,515,4326,1820,295,223,643,23,14,305,295,223,643,24,14,260,1957,3307,272,515,40771,4851,270,6949,294,6935,59063,81,16,455,3307,272,344,260,3226,9145,14,418,260,26207,5878,294,890,304,223,553,6302,14,305,344,3459,362,1009,27483,1926,16,455,3307,272,734,1926,344,260,18319,14,84052,58364,396,588,366,7431,362,5157,16,455,3307,272,344,260,9706,5172,14,305,1009,21645,344,29851,36136,16,455,3307,272,344,260,7380,294,270,17504,734,8954,33367,305,1009,12438,304,36506,1009,4095,20876,16,1,1,16,1,16,1,16,1,16,1,16,1,16,1,16,1,16,1,16,1,16,1,16,1,16,1,16,1,16,1,16,1,16,1,16,1,16,1,16,1,16,1,16,1,16,11356,16,58325,16,19616,16,1610,2599,16,7592,12768,49079,6832,13370,2739,86335,25408,264,16,76940,7192,6055,12633,3743,1741,16,76940,2349,9646,414
0,671,17504,344,2680,304,3586,47411,5172,2622,270,6935,17913,336,6112,34951,305,270,6935,58430,1229,14922,54580,14,1952,294,778,477,59831,304,6935,59063,81,7946,16,455,47411,59059,73,2077,734,23171,344,990,2006,377,270,67990,294,6935,17913,10700,14,295,270,11234,294,120469,305,6935,59063,81,16,455,47411,8235,42500,80189,2160,734,30129,7994,344,2006,4851,270,15813,20020,377,270,4263,45526,294,10399,3444,22781,16,455,47411,8235,77423,9472,21060,284,24433,59914,5568,14,30465,59914,5568,28435,329,114093,14,6935,59063,81,49705,367,7949,42500,14,446,460,40824,395,6059,321,924,395,14,54419,420,104526,3718,1325,14,437,76242,33495,265,89237,395,305,270,6935,59063,81,91903,79,650,14,5108,20794,6031,28578,9746,2011,4268,14,477,2006,295,270,49200,294,270,47120,41907,96014,603,1124,3460,223,643,22,14,260,8836,3307,272,515,40771,4851,380,25441,360,3884,14,260,24652,4022,10828,294,6935,17913,965,279,515,270,1257,3307,272,13581,288,295,270,17504,295,1060,223,1457,1737,16,455,3307,272,515,4326,1820,295,223,643,23,14,305,295,223,643,24,14,260,1957,3307,272,515,40771,4851,270,6949,294,6935,59063,81,16,455,3307,272,344,260,3226,9145,14,418,260,26207,5878,294,890,304,223,553,6302,14,305,344,3459,362,1009,27483,1926,16,455,3307,272,734,1926,344,260,18319,14,84052,58364,396,588,366,7431,362,5157,16,455,3307,272,344,260,9706,5172,14,305,1009,21645,344,29851,36136,16,455,3307,272,344,260,7380,294,270,17504,734,8954,33367,305,1009,12438,304,36506,1009,4095,20876,16,1,1,16,1,16,1,16,1,16,1,16,1,16,1,16,1,16,1,16,1,16,1,16,1,16,1,16,1,16,1,16,1,16,1,16,1,16,1,16,1,16,1,16,1,16,11356,16,58325,16,19616,16,1610,2599,16,7592,12768,49079,6832,13370,2739,86335,25408,264,16,76940,7192,6055,12633,3743,1741,16,76940,2349,9646,414
0,671,17504,344,2680,304,3586,47411,5172,2622,270,6935,17913,336,6112,34951,305,270,6935,58430,1229,14922,54580,14,1952,294,778,477,59831,304,6935,59063,81,7946,16,455,47411,59059,73,2077,734,23171,344,990,2006,377,270,67990,294,6935,17913,10700,14,295,270,11234,294,120469,305,6935,59063,81,16,455,47411,8235,42500,80189,2160,734,30129,7994,344,2006,4851,270,15813,20020,377,270,4263,45526,294,10399,3444,22781,16,455,47411,8235,77423,9472,21060,284,24433,59914,5568,14,30465,59914,5568,28435,329,114093,14,6935,59063,81,49705,367,7949,42500,14,446,460,40824,395,6059,321,924,395,14,54419,420,104526,3718,1325,14,437,76242,33495,265,89237,395,305,270,6935,59063,81,91903,79,650,14,5108,20794,6031,28578,9746,2011,4268,14,477,2006,295,270,49200,294,270,47120,41907,96014,603,1124,3460,223,643,22,14,260,8836,3307,272,515,40771,4851,380,25441,360,3884,14,260,24652,4022,10828,294,6935,17913,965,279,515,270,1257,3307,272,13581,288,295,270,17504,295,1060,223,1457,1737,16,455,3307,272,515,4326,1820,295,223,643,23,14,305,295,223,643,24,14,260,1957,3307,272,515,40771,4851,270,6949,294,6935,59063,81,16,455,3307,272,344,260,3226,9145,14,418,260,26207,5878,294,890,304,223,553,6302,14,305,344,3459,362,1009,27483,1926,16,455,3307,272,734,1926,344,260,18319,14,84052,58364,396,588,366,7431,362,5157,16,455,3307,272,344,260,9706,5172,14,305,1009,21645,344,29851,36136,16,455,3307,272,344,260,7380,294,270,17504,734,8954,33367,305,1009,12438,304,36506,1009,4095,20876,16,1,1,16,1,16,1,16,1,16,1,16,1,16,1,16,1,16,1,16,1,16,1,16,1,16,1,16,1,16,1,16,1,16,1,16,1,16,1,16,1,16,1,16,1,16,11356,16,58325,16,19616,16,1610,2599,16,7592,12768,49079,6832,13370,2739,86335,25408,264,16,76940,7192,6055,12633,3743,1741,16,76940,2349,9646,414
0,6756,28,3591,30823,798,270,13360,305,104537,119713,294,31065,118313,8366,734,223,2254,18,14143,582,99679,3789,295,327,2471,45198,9345,3362,1192,1918,566,3676,24953,17834,96772,305,15726,18395,1055,270,35707,100475,2755,88031,28,582,99679,3789,295,327,2471,45198,9345,4,344,260,81766,3676,396,9794,31065,118313,8366,734,13360,8572,305,969,12438,304,59782,560,17834,96772,14,15726,18395,14,305,35707,16,455,14143,17149,3818,22619,14,418,31065,118313,8366,8678,121188,14,25986,14,305,2222,14,19930,260,32943,2740,294,34645,995,4379,3624,15726,21169,304,270,51196,603,671,14143,734,10083,6781,14,582,99679,3789,295,9425,201,6756,28,3721,440,4575,678,850,943,31065,118313,8366,734,13360,8572,305,1192,436,17210,969,5146,377,566,14143,2755,88031,28,31065,118313,8366,734,13360,8572,515,17185,17210,513,969,18355,294,17834,96772,14,6440,47815,305,86306,16,2566,515,14195,304,270,4738,294,270,582,319,1676,282,1928,4,305,270,5090,294,27948,3261,1014,305,3987,1407,5146,16,1162,13360,2057,344,19150,295,270,14143,734,6407,14,582,99679,3789,295,327,2471,45198,9345,3184,778,344,260,46256,76273,2112,396,101072,260,4880,294,28603,1719,305,52607,677,603,18400,5146,377,566,14143,46699,17834,15726,18395,14,1345,412,270,1347,294,2408,12040,6771,22845,305,48826,8843,14,778,3551,260,5463,104537,13010,396,58892,418,7075,35707,5486,16,455,1529,344,260,25571,396,344,1952,1685,10354,305,69276,14,44151,42971,304,29970,377,786,1956,13360,8572,1407,5706,603,6756,28,3841,734,21766,16,1730,1687,270,915,34645,377,270,14143,10392,304,566,25571,294,17834,305,35707,18395,2755,88031,28,455,915,34645,377,270,14143,7068,260,10445,3291,294,21169,396,101143,31065,118313,8366,734,10048,16,1884,7409,14,270,26159,435,305,97071,22260,71752,8804,305,36148,1859,505,5486,396,11818,270,7329,16651,5800,11139,20624,2006,295,17834,5146,16,455,92614,305,90700,5144,14177,294,48826,15599,14,1812,7189,396,5140,538,1952,17834,305,10734,15726
0,6756,28,3591,30823,798,270,13360,305,104537,119713,294,31065,118313,8366,734,223,2254,18,14143,582,99679,3789,295,327,2471,45198,9345,3362,1192,1918,566,3676,24953,17834,96772,305,15726,18395,1055,270,35707,100475,2755,88031,28,582,99679,3789,295,327,2471,45198,9345,4,344,260,81766,3676,396,9794,31065,118313,8366,734,13360,8572,305,969,12438,304,59782,560,17834,96772,14,15726,18395,14,305,35707,16,455,14143,17149,3818,22619,14,418,31065,118313,8366,8678,121188,14,25986,14,305,2222,14,19930,260,32943,2740,294,34645,995,4379,3624,15726,21169,304,270,51196,603,671,14143,734,10083,6781,14,582,99679,3789,295,9425,201,6756,28,3721,440,4575,678,850,943,31065,118313,8366,734,13360,8572,305,1192,436,17210,969,5146,377,566,14143,2755,88031,28,31065,118313,8366,734,13360,8572,515,17185,17210,513,969,18355,294,17834,96772,14,6440,47815,305,86306,16,2566,515,14195,304,270,4738,294,270,582,319,1676,282,1928,4,305,270,5090,294,27948,3261,1014,305,3987,1407,5146,16,1162,13360,2057,344,19150,295,270,14143,734,6407,14,582,99679,3789,295,327,2471,45198,9345,3184,778,344,260,46256,76273,2112,396,101072,260,4880,294,28603,1719,305,52607,677,603,18400,5146,377,566,14143,46699,17834,15726,18395,14,1345,412,270,1347,294,2408,12040,6771,22845,305,48826,8843,14,778,3551,260,5463,104537,13010,396,58892,418,7075,35707,5486,16,455,1529,344,260,25571,396,344,1952,1685,10354,305,69276,14,44151,42971,304,29970,377,786,1956,13360,8572,1407,5706,603,6756,28,3841,734,21766,16,1730,1687,270,915,34645,377,270,14143,10392,304,566,25571,294,17834,305,35707,18395,2755,88031,28,455,915,34645,377,270,14143,7068,260,10445,3291,294,21169,396,101143,31065,118313,8366,734,10048,16,1884,7409,14,270,26159,435,305,97071,22260,71752,8804,305,36148,1859,505,5486,396,11818,270,7329,16651,5800,11139,20624,2006,295,17834,5146,16,455,92614,305,90700,5144,14177,294,48826,15599,14,1812,7189,396,5140,538,1952,17834,305,10734,15726
0,6756,28,3591,30823,798,270,13360,305,104537,119713,294,31065,118313,8366,734,223,2254,18,14143,582,99679,3789,295,327,2471,45198,9345,3362,1192,1918,566,3676,24953,17834,96772,305,15726,18395,1055,270,35707,100475,2755,88031,28,582,99679,3789,295,327,2471,45198,9345,4,344,260,81766,3676,396,9794,31065,118313,8366,734,13360,8572,305,969,12438,304,59782,560,17834,96772,14,15726,18395,14,305,35707,16,455,14143,17149,3818,22619,14,418,31065,118313,8366,8678,121188,14,25986,14,305,2222,14,19930,260,32943,2740,294,34645,995,4379,3624,15726,21169,304,270,51196,603,671,14143,734,10083,6781,14,582,99679,3789,295,9425,201,6756,28,3721,440,4575,678,850,943,31065,118313,8366,734,13360,8572,305,1192,436,17210,969,5146,377,566,14143,2755,88031,28,31065,118313,8366,734,13360,8572,515,17185,17210,513,969,18355,294,17834,96772,14,6440,47815,305,86306,16,2566,515,14195,304,270,4738,294,270,582,319,1676,282,1928,4,305,270,5090,294,27948,3261,1014,305,3987,1407,5146,16,1162,13360,2057,344,19150,295,270,14143,734,6407,14,582,99679,3789,295,327,2471,45198,9345,3184,778,344,260,46256,76273,2112,396,101072,260,4880,294,28603,1719,305,52607,677,603,18400,5146,377,566,14143,46699,17834,15726,18395,14,1345,412,270,1347,294,2408,12040,6771,22845,305,48826,8843,14,778,3551,260,5463,104537,13010,396,58892,418,7075,35707,5486,16,455,1529,344,260,25571,396,344,1952,1685,10354,305,69276,14,44151,42971,304,29970,377,786,1956,13360,8572,1407,5706,603,6756,28,3841,734,21766,16,1730,1687,270,915,34645,377,270,14143,10392,304,566,25571,294,17834,305,35707,18395,2755,88031,28,455,915,34645,377,270,14143,7068,260,10445,3291,294,21169,396,101143,31065,118313,8366,734,10048,16,1884,7409,14,270,26159,435,305,97071,22260,71752,8804,305,36148,1859,505,5486,396,11818,270,7329,16651,5800,11139,20624,2006,295,17834,5146,16,455,92614,305,90700,5144,14177,294,48826,15599,14,1812,7189,396,5140,538,1952,17834,305,10734,15726
0,6756,28,3591,30823,798,270,13360,305,104537,119713,294,31065,118313,8366,734,223,2254,18,14143,582,99679,3789,295,327,2471,45198,9345,3362,1192,1918,566,3676,24953,17834,96772,305,15726,18395,1055,270,35707,100475,2755,88031,28,582,99679,3789,295,327,2471,45198,9345,4,344,260,81766,3676,396,9794,31065,118313,8366,734,13360,8572,305,969,12438,304,59782,560,17834,96772,14,15726,18395,14,305,35707,16,455,14143,17149,3818,22619,14,418,31065,118313,8366,8678,121188,14,25986,14,305,2222,14,19930,260,32943,2740,294,34645,995,4379,3624,15726,21169,304,270,51196,603,671,14143,734,10083,6781,14,582,99679,3789,295,9425,201,6756,28,3721,440,4575,678,850,943,31065,118313,8366,734,13360,8572,305,1192,436,17210,969,5146,377,566,14143,2755,88031,28,31065,118313,8366,734,13360,8572,515,17185,17210,513,969,18355,294,17834,96772,14,6440,47815,305,86306,16,2566,515,14195,304,270,4738,294,270,582,319,1676,282,1928,4,305,270,5090,294,27948,3261,1014,305,3987,1407,5146,16,1162,13360,2057,344,19150,295,270,14143,734,6407,14,582,99679,3789,295,327,2471,45198,9345,3184,778,344,260,46256,76273,2112,396,101072,260,4880,294,28603,1719,305,52607,677,603,18400,5146,377,566,14143,46699,17834,15726,18395,14,1345,412,270,1347,294,2408,12040,6771,22845,305,48826,8843,14,778,3551,260,5463,104537,13010,396,58892,418,7075,35707,5486,16,455,1529,344,260,25571,396,344,1952,1685,10354,305,69276,14,44151,42971,304,29970,377,786,1956,13360,8572,1407,5706,603,6756,28,3841,734,21766,16,1730,1687,270,915,34645,377,270,14143,10392,304,566,25571,294,17834,305,35707,18395,2755,88031,28,455,915,34645,377,270,14143,7068,260,10445,3291,294,21169,396,101143,31065,118313,8366,734,10048,16,1884,7409,14,270,26159,435,305,97071,22260,71752,8804,305,36148,1859,505,5486,396,11818,270,7329,16651,5800,11139,20624,2006,295,17834,5146,16,455,92614,305,90700,5144,14177,294,48826,15599,14,1812,7189,396,5140,538,1952,17834,305,10734,15726
0,6756,28,3591,30823,798,270,13360,305,104537,119713,294,31065,118313,8366,734,223,2254,18,14143,582,99679,3789,295,327,2471,45198,9345,3362,1192,1918,566,3676,24953,17834,96772,305,15726,18395,1055,270,35707,100475,2755,88031,28,582,99679,3789,295,327,2471,45198,9345,4,344,260,81766,3676,396,9794,31065,118313,8366,734,13360,8572,305,969,12438,304,59782,560,17834,96772,14,15726,18395,14,305,35707,16,455,14143,17149,3818,22619,14,418,31065,118313,8366,8678,121188,14,25986,14,305,2222,14,19930,260,32943,2740,294,34645,995,4379,3624,15726,21169,304,270,51196,603,671,14143,734,10083,6781,14,582,99679,3789,295,9425,201,6756,28,3721,440,4575,678,850,943,31065,118313,8366,734,13360,8572,305,1192,436,17210,969,5146,377,566,14143,2755,88031,28,31065,118313,8366,734,13360,8572,515,17185,17210,513,969,18355,294,17834,96772,14,6440,47815,305,86306,16,2566,515,14195,304,270,4738,294,270,582,319,1676,282,1928,4,305,270,5090,294,27948,3261,1014,305,3987,1407,5146,16,1162,13360,2057,344,19150,295,270,14143,734,6407,14,582,99679,3789,295,327,2471,45198,9345,3184,778,344,260,46256,76273,2112,396,101072,260,4880,294,28603,1719,305,52607,677,603,18400,5146,377,566,14143,46699,17834,15726,18395,14,1345,412,270,1347,294,2408,12040,6771,22845,305,48826,8843,14,778,3551,260,5463,104537,13010,396,58892,418,7075,35707,5486,16,455,1529,344,260,25571,396,344,1952,1685,10354,305,69276,14,44151,42971,304,29970,377,786,1956,13360,8572,1407,5706,603,6756,28,3841,734,21766,16,1730,1687,270,915,34645,377,270,14143,10392,304,566,25571,294,17834,305,35707,18395,2755,88031,28,455,915,34645,377,270,14143,7068,260,10445,3291,294,21169,396,101143,31065,118313,8366,734,10048,16,1884,7409,14,270,26159,435,305,97071,22260,71752,8804,305,36148,1859,505,5486,396,11818,270,7329,16651,5800,11139,20624,2006,295,17834,5146,16,455,92614,305,90700,5144,14177,294,48826,15599,14,1812,7189,396,5140,538,1952,17834,305,10734,15726
0,6756,28,3591,30823,798,270,13360,305,104537,119713,294,31065,118313,8366,734,223,2254,18,14143,582,99679,3789,295,327,2471,45198,9345,3362,1192,1918,566,3676,24953,17834,96772,305,15726,18395,1055,270,35707,100475,2755,88031,28,582,99679,3789,295,327,2471,45198,9345,4,344,260,81766,3676,396,9794,31065,118313,8366,734,13360,8572,305,969,12438,304,59782,560,17834,96772,14,15726,18395,14,305,35707,16,455,14143,17149,3818,22619,14,418,31065,118313,8366,8678,121188,14,25986,14,305,2222,14,19930,260,32943,2740,294,34645,995,4379,3624,15726,21169,304,270,51196,603,671,14143,734,10083,6781,14,582,99679,3789,295,9425,201,6756,28,3721,440,4575,678,850,943,31065,118313,8366,734,13360,8572,305,1192,436,17210,969,5146,377,566,14143,2755,88031,28,31065,118313,8366,734,13360,8572,515,17185,17210,513,969,18355,294,17834,96772,14,6440,47815,305,86306,16,2566,515,14195,304,270,4738,294,270,582,319,1676,282,1928,4,305,270,5090,294,27948,3261,1014,305,3987,1407,5146,16,1162,13360,2057,344,19150,295,270,14143,734,6407,14,582,99679,3789,295,327,2471,45198,9345,3184,778,344,260,46256,76273,2112,396,101072,260,4880,294,28603,1719,305,52607,677,603,18400,5146,377,566,14143,46699,17834,15726,18395,14,1345,412,270,1347,294,2408,12040,6771,22845,305,48826,8843,14,778,3551,260,5463,104537,13010,396,58892,418,7075,35707,5486,16,455,1529,344,260,25571,396,344,1952,1685,10354,305,69276,14,44151,42971,304,29970,377,786,1956,13360,8572,1407,5706,603,6756,28,3841,734,21766,16,1730,1687,270,915,34645,377,270,14143,10392,304,566,25571,294,17834,305,35707,18395,2755,88031,28,455,915,34645,377,270,14143,7068,260,10445,3291,294,21169,396,101143,31065,118313,8366,734,10048,16,1884,7409,14,270,26159,435,305,97071,22260,71752,8804,305,36148,1859,505,5486,396,11818,270,7329,16651,5800,11139,20624,2006,295,17834,5146,16,455,92614,305,90700,5144,14177,294,48826,15599,14,1812,7189,396,5140,538,1952,17834,305,10734,15726
0,20967,3980,1051,65176,201,20361,3783,28,64345,65176,294,270,327,48395,223,3712,201,4089,5548,223,736,14,223,1809,20,14,270,5508,9101,509,223,5769,16,3180,603,4089,7479,9219,343,1809,25,754,270,5508,14338,1009,17072,7274,9409,4721,14,17377,223,397,16,2491,7,295,260,4031,2173,603,4089,6396,223,736,14,223,1357,25,14,270,5508,9101,3554,223,6884,362,270,1257,1014,603,4089,6396,223,20,14,223,1357,26,14,270,5508,9101,3554,223,19,14,1320,362,270,1257,1014,603,4089,5077,223,1173,14,223,792,18,14,509,270,15011,294,270,19223,15246,34805,14,270,5508,9359,411,19562,1736,1669,294,223,19,14,25633,16,5198,29,566,1669,515,554,45630,3514,3460,223,1059,14,223,792,25,16,2483,5857,223,553,14,223,792,20,14,2184,270,7960,3194,91886,294,223,792,20,14,270,5508,10677,304,223,26754,16,6131,14,260,15861,294,9648,223,1328,7,538,1009,1669,295,5077,223,792,18,603,4089,5857,223,27,14,223,792,25,14,270,5508,9101,509,260,3676,1669,294,223,19,14,25695,16,1892,14,778,515,554,45630,3514,5077,223,643,24,603,4089,5077,223,553,14,223,792,26,14,270,5508,9101,4167,223,19,14,4314,362,270,1257,1014,2918,5857,223,1357,19,603,4089,5899,223,2181,14,223,792,26,14,270,5508,9101,509,223,19,14,12321,16,926,14,1910,223,2080,16,23,7,538,1009,3676,5010,294,223,19,14,25695,16,1892,377,5857,223,27,14,223,792,25,603,4089,5077,223,1349,14,223,792,27,14,270,5508,9101,509,223,29575,16,2170,14,1009,15022,5010,2918,5077,223,1357,25,603,4089,5857,223,26,14,223,643,21,14,270,5508,9101,3554,223,20,14,1320,362,270,1257,1014,603,4089,5548,223,1302,14,223,643,22,14,270,5508,9101,3554,223,20,14,1320,362,270,1257,1014,2918,5997,223,23,14,223,643,22,603,4089,5899,223,1059,14,223,643,22,14,270,5508
0,20967,3980,1051,65176,201,20361,3783,28,64345,65176,294,270,327,48395,223,3712,201,4089,5548,223,736,14,223,1809,20,14,270,5508,9101,509,223,5769,16,3180,603,4089,7479,9219,343,1809,25,754,270,5508,14338,1009,17072,7274,9409,4721,14,17377,223,397,16,2491,7,295,260,4031,2173,603,4089,6396,223,736,14,223,1357,25,14,270,5508,9101,3554,223,6884,362,270,1257,1014,603,4089,6396,223,20,14,223,1357,26,14,270,5508,9101,3554,223,19,14,1320,362,270,1257,1014,603,4089,5077,223,1173,14,223,792,18,14,509,270,15011,294,270,19223,15246,34805,14,270,5508,9359,411,19562,1736,1669,294,223,19,14,25633,16,5198,29,566,1669,515,554,45630,3514,3460,223,1059,14,223,792,25,16,2483,5857,223,553,14,223,792,20,14,2184,270,7960,3194,91886,294,223,792,20,14,270,5508,10677,304,223,26754,16,6131,14,260,15861,294,9648,223,1328,7,538,1009,1669,295,5077,223,792,18,603,4089,5857,223,27,14,223,792,25,14,270,5508,9101,509,260,3676,1669,294,223,19,14,25695,16,1892,14,778,515,554,45630,3514,5077,223,643,24,603,4089,5077,223,553,14,223,792,26,14,270,5508,9101,4167,223,19,14,4314,362,270,1257,1014,2918,5857,223,1357,19,603,4089,5899,223,2181,14,223,792,26,14,270,5508,9101,509,223,19,14,12321,16,926,14,1910,223,2080,16,23,7,538,1009,3676,5010,294,223,19,14,25695,16,1892,377,5857,223,27,14,223,792,25,603,4089,5077,223,1349,14,223,792,27,14,270,5508,9101,509,223,29575,16,2170,14,1009,15022,5010,2918,5077,223,1357,25,603,4089,5857,223,26,14,223,643,21,14,270,5508,9101,3554,223,20,14,1320,362,270,1257,1014,603,4089,5548,223,1302,14,223,643,22,14,270,5508,9101,3554,223,20,14,1320,362,270,1257,1014,2918,5997,223,23,14,223,643,22,603,4089,5899,223,1059,14,223,643,22,14,270,5508,9101
0,20967,3980,1051,65176,201,20361,3783,28,64345,65176,294,270,327,48395,223,3712,201,4089,5548,223,736,14,223,1809,20,14,270,5508,9101,509,223,5769,16,3180,603,4089,7479,9219,343,1809,25,754,270,5508,14338,1009,17072,7274,9409,4721,14,17377,223,397,16,2491,7,295,260,4031,2173,603,4089,6396,223,736,14,223,1357,25,14,270,5508,9101,3554,223,6884,362,270,1257,1014,603,4089,6396,223,20,14,223,1357,26,14,270,5508,9101,3554,223,19,14,1320,362,270,1257,1014,603,4089,5077,223,1173,14,223,792,18,14,509,270,15011,294,270,19223,15246,34805,14,270,5508,9359,411,19562,1736,1669,294,223,19,14,25633,16,5198,29,566,1669,515,554,45630,3514,3460,223,1059,14,223,792,25,16,2483,5857,223,553,14,223,792,20,14,2184,270,7960,3194,91886,294,223,792,20,14,270,5508,10677,304,223,26754,16,6131,14,260,15861,294,9648,223,1328,7,538,1009,1669,295,5077,223,792,18,603,4089,5857,223,27,14,223,792,25,14,270,5508,9101,509,260,3676,1669,294,223,19,14,25695,16,1892,14,778,515,554,45630,3514,5077,223,643,24,603,4089,5077,223,553,14,223,792,26,14,270,5508,9101,4167,223,19,14,4314,362,270,1257,1014,2918,5857,223,1357,19,603,4089,5899,223,2181,14,223,792,26,14,270,5508,9101,509,223,19,14,12321,16,926,14,1910,223,2080,16,23,7,538,1009,3676,5010,294,223,19,14,25695,16,1892,377,5857,223,27,14,223,792,25,603,4089,5077,223,1349,14,223,792,27,14,270,5508,9101,509,223,29575,16,2170,14,1009,15022,5010,2918,5077,223,1357,25,603,4089,5857,223,26,14,223,643,21,14,270,5508,9101,3554,223,20,14,1320,362,270,1257,1014,603,4089,5548,223,1302,14,223,643,22,14,270,5508,9101,3554,223,20,14,1320,362,270,1257,1014,2918,5997,223,23,14,223,643,22,603,4089,5899,223,1059,14,223,643,22,14,270,5508,9101
0,20967,3980,1051,65176,201,20361,3783,28,64345,65176,294,270,327,48395,223,3712,201,4089,5548,223,736,14,223,1809,20,14,270,5508,9101,509,223,5769,16,3180,603,4089,7479,9219,343,1809,25,754,270,5508,14338,1009,17072,7274,9409,4721,14,17377,223,397,16,2491,7,295,260,4031,2173,603,4089,6396,223,736,14,223,1357,25,14,270,5508,9101,3554,223,6884,362,270,1257,1014,603,4089,6396,223,20,14,223,1357,26,14,270,5508,9101,3554,223,19,14,1320,362,270,1257,1014,603,4089,5077,223,1173,14,223,792,18,14,509,270,15011,294,270,19223,15246,34805,14,270,5508,9359,411,19562,1736,1669,294,223,19,14,25633,16,5198,29,566,1669,515,554,45630,3514,3460,223,1059,14,223,792,25,16,2483,5857,223,553,14,223,792,20,14,2184,270,7960,3194,91886,294,223,792,20,14,270,5508,10677,304,223,26754,16,6131,14,260,15861,294,9648,223,1328,7,538,1009,1669,295,5077,223,792,18,603,4089,5857,223,27,14,223,792,25,14,270,5508,9101,509,260,3676,1669,294,223,19,14,25695,16,1892,14,778,515,554,45630,3514,5077,223,643,24,603,4089,5077,223,553,14,223,792,26,14,270,5508,9101,4167,223,19,14,4314,362,270,1257,1014,2918,5857,223,1357,19,603,4089,5899,223,2181,14,223,792,26,14,270,5508,9101,509,223,19,14,12321,16,926,14,1910,223,2080,16,23,7,538,1009,3676,5010,294,223,19,14,25695,16,1892,377,5857,223,27,14,223,792,25,603,4089,5077,223,1349,14,223,792,27,14,270,5508,9101,509,223,29575,16,2170,14,1009,15022,5010,2918,5077,223,1357,25,603,4089,5857,223,26,14,223,643,21,14,270,5508,9101,3554,223,20,14,1320,362,270,1257,1014,603,4089,5548,223,1302,14,223,643,22,14,270,5508,9101,3554,223,20,14,1320,362,270,1257,1014,2918,5997,223,23,14,223,643,22,603,4089,5899,223,1059,14,223,643,22,14,270,5508,9101
0,20967,3980,1051,65176,201,20361,3783,28,64345,65176,294,270,327,48395,223,3712,201,4089,5548,223,736,14,223,1809,20,14,270,5508,9101,509,223,5769,16,3180,603,4089,7479,9219,343,1809,25,754,270,5508,14338,1009,17072,7274,9409,4721,14,17377,223,397,16,2491,7,295,260,4031,2173,603,4089,6396,223,736,14,223,1357,25,14,270,5508,9101,3554,223,6884,362,270,1257,1014,603,4089,6396,223,20,14,223,1357,26,14,270,5508,9101,3554,223,19,14,1320,362,270,1257,1014,603,4089,5077,223,1173,14,223,792,18,14,509,270,15011,294,270,19223,15246,34805,14,270,5508,9359,411,19562,1736,1669,294,223,19,14,25633,16,5198,29,566,1669,515,554,45630,3514,3460,223,1059,14,223,792,25,16,2483,5857,223,553,14,223,792,20,14,2184,270,7960,3194,91886,294,223,792,20,14,270,5508,10677,304,223,26754,16,6131,14,260,15861,294,9648,223,1328,7,538,1009,1669,295,5077,223,792,18,603,4089,5857,223,27,14,223,792,25,14,270,5508,9101,509,260,3676,1669,294,223,19,14,25695,16,1892,14,778,515,554,45630,3514,5077,223,643,24,603,4089,5077,223,553,14,223,792,26,14,270,5508,9101,4167,223,19,14,4314,362,270,1257,1014,2918,5857,223,1357,19,603,4089,5899,223,2181,14,223,792,26,14,270,5508,9101,509,223,19,14,12321,16,926,14,1910,223,2080,16,23,7,538,1009,3676,5010,294,223,19,14,25695,16,1892,377,5857,223,27,14,223,792,25,603,4089,5077,223,1349,14,223,792,27,14,270,5508,9101,509,223,29575,16,2170,14,1009,15022,5010,2918,5077,223,1357,25,603,4089,5857,223,26,14,223,643,21,14,270,5508,9101,3554,223,20,14,1320,362,270,1257,1014,603,4089,5548,223,1302,14,223,643,22,14,270,5508,9101,3554,223,20,14,1320,362,270,1257,1014,2918,5997,223,23,14,223,643,22,603,4089,5899,223,1059,14,223,643,22,14,270,5508,9101
0,20967,3980,1051,65176,201,20361,3783,28,64345,65176,294,270,327,48395,223,3712,201,4089,5548,223,736,14,223,1809,20,14,270,5508,9101,509,223,5769,16,3180,603,4089,7479,9219,343,1809,25,754,270,5508,14338,1009,17072,7274,9409,4721,14,17377,223,397,16,2491,7,295,260,4031,2173,603,4089,6396,223,736,14,223,1357,25,14,270,5508,9101,3554,223,6884,362,270,1257,1014,603,4089,6396,223,20,14,223,1357,26,14,270,5508,9101,3554,223,19,14,1320,362,270,1257,1014,603,4089,5077,223,1173,14,223,792,18,14,509,270,15011,294,270,19223,15246,34805,14,270,5508,9359,411,19562,1736,1669,294,223,19,14,25633,16,5198,29,566,1669,515,554,45630,3514,3460,223,1059,14,223,792,25,16,2483,5857,223,553,14,223,792,20,14,2184,270,7960,3194,91886,294,223,792,20,14,270,5508,10677,304,223,26754,16,6131,14,260,15861,294,9648,223,1328,7,538,1009,1669,295,5077,223,792,18,603,4089,5857,223,27,14,223,792,25,14,270,5508,9101,509,260,3676,1669,294,223,19,14,25695,16,1892,14,778,515,554,45630,3514,5077,223,643,24,603,4089,5077,223,553,14,223,792,26,14,270,5508,9101,4167,223,19,14,4314,362,270,1257,1014,2918,5857,223,1357,19,603,4089,5899,223,2181,14,223,792,26,14,270,5508,9101,509,223,19,14,12321,16,926,14,1910,223,2080,16,23,7,538,1009,3676,5010,294,223,19,14,25695,16,1892,377,5857,223,27,14,223,792,25,603,4089,5077,223,1349,14,223,792,27,14,270,5508,9101,509,223,29575,16,2170,14,1009,15022,5010,2918,5077,223,1357,25,603,4089,5857,223,26,14,223,643,21,14,270,5508,9101,3554,223,20,14,1320,362,270,1257,1014,603,4089,5548,223,1302,14,223,643,22,14,270,5508,9101,3554,223,20,14,1320,362,270,1257,1014,2918,5997,223,23,14,223,643,22,603,4089,5899,223,1059,14,223,643,22,14,270,5508
0,4246,477,223,24,1482,2887,377,411,55380,10741,16,223,2359,1660,611,223,23,24780,294,68462,16,223,8829,294,786,24780,65236,270,8173,5288,7837,14,223,1328,12995,16,223,455,55380,588,3959,260,3452,68462,5288,294,223,6391,18,12995,16,223,1730,1623,850,24780,509,8173,5288,588,270,11938,3959,33,223,28231,339,43,2118,270,3287,344,223,6391,18,565,343,24,12,23,12,1328,11,438,223,6391,18,565,223,4980,18,438,223,12747,18,16,223,5715,223,12747,18,17,1328,438,223,2225,850,24780,16,223,2355,566,4813,33,223,983,6179,2727,5418,16,223,17519,342,1030,12070,3061,16,223,455,3295,4230,582,4117,1623,850,24780,509,8173,5288,588,270,11938,3959,11859,223,3016,342,2118,223,2225,344,4813,16,223,2275,342,4571,554,3645,855,1031,344,260,19075,16,223,3721,5524,8033,1694,33,223,17918,440,16,1,83,1,1,1,1,1,16,1,16,1,16,1,16,1,16,1,16,1,16,1,16,1,16,1,16,1,16,1,16,1,16,1,16,1,16,1,16,1,16,1,16,1,16,1,16,1,16,1,16,1,16,16374,53,2048,91,16,16374,53,2048,91,16,16374,53,2048,91,16,16374,53,2048,91,16,16374,53,2048,91,16,16374,53,2048,91,16,16374,53,2048,91,16,16374,53,2048,91,16,16374,53,2048,91,16,16374,53,2048,91,16,16374,53,2048,91,16,16374,53,2048,91,16,16374,53,2048,91,16,16374,53,2048,91,16,16374,53,2048,91,16,16374,53,2048,91,16,16374,53,2048,91,16,16374,53,2048,91,16,16374,53,2048,91,16,16374,53,2048,91,16,16374,53,2048,91,16,16374,53,2048,91,16,16374,53,2048,91,16,16374,53,2048,91,16,16374,53,2048,91,16,16374,53,2048,91,16,16374,53,2048,91,16,16374,53,2048,91,16,16374,53,2048,91,16,16374,53,2048,91,16,16374,53,2048,91,16,16374,53,2048,91,16,16374,53,2048,91
0,4246,477,223,24,1482,2887,377,411,55380,10741,16,223,2359,1660,611,223,23,24780,294,68462,16,223,8829,294,786,24780,65236,270,8173,5288,7837,14,223,1328,12995,16,223,455,55380,588,3959,260,3452,68462,5288,294,223,6391,18,12995,16,223,1730,1623,850,24780,509,8173,5288,588,270,11938,3959,33,223,28231,339,43,2118,270,3287,344,223,6391,18,565,343,24,12,23,12,1328,11,438,223,6391,18,565,223,4980,18,438,223,12747,18,16,223,5715,223,12747,18,17,1328,438,223,2225,850,24780,16,223,2355,566,4813,33,223,983,6179,2727,5418,16,223,17519,342,1030,12070,3061,16,223,455,3295,4230,582,4117,1623,850,24780,509,8173,5288,588,270,11938,3959,11859,223,3016,342,2118,223,2225,344,4813,16,223,2275,342,4571,554,3645,855,1031,344,260,19075,16,223,3721,5524,8033,1694,33,223,17918,440,16,1,83,1,1,1,1,1,16,1,16,1,16,1,16,1,16,1,16,1,16,1,16,1,16,1,16,1,16,1,16,1,16,1,16,1,16,1,16,1,16,1,16,1,16,1,16,1,16,1,16,1,16,16374,53,2048,91,16,16374,53,2048,91,16,16374,53,2048,91,16,16374,53,2048,91,16,16374,53,2048,91,16,16374,53,2048,91,16,16374,53,2048,91,16,16374,53,2048,91,16,16374,53,2048,91,16,16374,53,2048,91,16,16374,53,2048,91,16,16374,53,2048,91,16,16374,53,2048,91,16,16374,53,2048,91,16,16374,53,2048,91,16,16374,53,2048,91,16,16374,53,2048,91,16,16374,53,2048,91,16,16374,53,2048,91,16,16374,53,2048,91,16,16374,53,2048,91,16,16374,53,2048,91,16,16374,53,2048,91,16,16374,53,2048,91,16,16374,53,2048,91,16,16374,53,2048,91,16,16374,53,2048,91,16,16374,53,2048,91,16,16374,53,2048,91,16,16374,53,2048,91,16,16374,53,2048,91,16,16374,53,2048,91,16,16374,53,2048,91,16
0,4246,477,223,24,1482,2887,377,411,55380,10741,16,223,2359,1660,611,223,23,24780,294,68462,16,223,8829,294,786,24780,65236,270,8173,5288,7837,14,223,1328,12995,16,223,455,55380,588,3959,260,3452,68462,5288,294,223,6391,18,12995,16,223,1730,1623,850,24780,509,8173,5288,588,270,11938,3959,33,223,28231,339,43,2118,270,3287,344,223,6391,18,565,343,24,12,23,12,1328,11,438,223,6391,18,565,223,4980,18,438,223,12747,18,16,223,5715,223,12747,18,17,1328,438,223,2225,850,24780,16,223,2355,566,4813,33,223,983,6179,2727,5418,16,223,17519,342,1030,12070,3061,16,223,455,3295,4230,582,4117,1623,850,24780,509,8173,5288,588,270,11938,3959,11859,223,3016,342,2118,223,2225,344,4813,16,223,2275,342,4571,554,3645,855,1031,344,260,19075,16,223,3721,5524,8033,1694,33,223,17918,440,16,1,83,1,1,1,1,1,16,1,16,1,16,1,16,1,16,1,16,1,16,1,16,1,16,1,16,1,16,1,16,1,16,1,16,1,16,1,16,1,16,1,16,1,16,1,16,1,16,1,16,1,16,16374,53,2048,91,16,16374,53,2048,91,16,16374,53,2048,91,16,16374,53,2048,91,16,16374,53,2048,91,16,16374,53,2048,91,16,16374,53,2048,91,16,16374,53,2048,91,16,16374,53,2048,91,16,16374,53,2048,91,16,16374,53,2048,91,16,16374,53,2048,91,16,16374,53,2048,91,16,16374,53,2048,91,16,16374,53,2048,91,16,16374,53,2048,91,16,16374,53,2048,91,16,16374,53,2048,91,16,16374,53,2048,91,16,16374,53,2048,91,16,16374,53,2048,91,16,16374,53,2048,91,16,16374,53,2048,91,16,16374,53,2048,91,16,16374,53,2048,91,16,16374,53,2048,91,16,16374,53,2048,91,16,16374,53,2048,91,16,16374,53,2048,91,16,16374,53,2048,91,16,16374,53,2048,91,16,16374,53,2048,91,16,16374,53,2048,91,16,16374
0,4246,477,223,24,1482,2887,377,411,55380,10741,16,223,2359,1660,611,223,23,24780,294,68462,16,223,8829,294,786,24780,65236,270,8173,5288,7837,14,223,1328,12995,16,223,455,55380,588,3959,260,3452,68462,5288,294,223,6391,18,12995,16,223,1730,1623,850,24780,509,8173,5288,588,270,11938,3959,33,223,28231,339,43,2118,270,3287,344,223,6391,18,565,343,24,12,23,12,1328,11,438,223,6391,18,565,223,4980,18,438,223,12747,18,16,223,5715,223,12747,18,17,1328,438,223,2225,850,24780,16,223,2355,566,4813,33,223,983,6179,2727,5418,16,223,17519,342,1030,12070,3061,16,223,455,3295,4230,582,4117,1623,850,24780,509,8173,5288,588,270,11938,3959,11859,223,3016,342,2118,223,2225,344,4813,16,223,2275,342,4571,554,3645,855,1031,344,260,19075,16,223,3721,5524,8033,1694,33,223,17918,440,16,1,83,1,1,1,1,1,16,1,16,1,16,1,16,1,16,1,16,1,16,1,16,1,16,1,16,1,16,1,16,1,16,1,16,1,16,1,16,1,16,1,16,1,16,1,16,1,16,1,16,1,16,16374,53,2048,91,16,16374,53,2048,91,16,16374,53,2048,91,16,16374,53,2048,91,16,16374,53,2048,91,16,16374,53,2048,91,16,16374,53,2048,91,16,16374,53,2048,91,16,16374,53,2048,91,16,16374,53,2048,91,16,16374,53,2048,91,16,16374,53,2048,91,16,16374,53,2048,91,16,16374,53,2048,91,16,16374,53,2048,91,16,16374,53,2048,91,16,16374,53,2048,91,16,16374,53,2048,91,16,16374,53,2048,91,16,16374,53,2048,91,16,16374,53,2048,91,16,16374,53,2048,91,16,16374,53,2048,91,16,16374,53,2048,91,16,16374,53,2048,91,16,16374,53,2048,91,16,16374,53,2048,91,16,16374,53,2048,91,16,16374,53,2048,91,16,16374,53,2048,91,16,16374,53,2048,91,16,16374,53,2048,91,16,16374,53,2048,91,16,16374
0,4246,477,223,24,1482,2887,377,411,55380,10741,16,223,2359,1660,611,223,23,24780,294,68462,16,223,8829,294,786,24780,65236,270,8173,5288,7837,14,223,1328,12995,16,223,455,55380,588,3959,260,3452,68462,5288,294,223,6391,18,12995,16,223,1730,1623,850,24780,509,8173,5288,588,270,11938,3959,33,223,28231,339,43,2118,270,3287,344,223,6391,18,565,343,24,12,23,12,1328,11,438,223,6391,18,565,223,4980,18,438,223,12747,18,16,223,5715,223,12747,18,17,1328,438,223,2225,850,24780,16,223,2355,566,4813,33,223,983,6179,2727,5418,16,223,17519,342,1030,12070,3061,16,223,455,3295,4230,582,4117,1623,850,24780,509,8173,5288,588,270,11938,3959,11859,223,3016,342,2118,223,2225,344,4813,16,223,2275,342,4571,554,3645,855,1031,344,260,19075,16,223,3721,5524,8033,1694,33,223,17918,440,16,1,83,1,1,1,1,1,16,1,16,1,16,1,16,1,16,1,16,1,16,1,16,1,16,1,16,1,16,1,16,1,16,1,16,1,16,1,16,1,16,1,16,1,16,1,16,1,16,1,16,1,16,16374,53,2048,91,16,16374,53,2048,91,16,16374,53,2048,91,16,16374,53,2048,91,16,16374,53,2048,91,16,16374,53,2048,91,16,16374,53,2048,91,16,16374,53,2048,91,16,16374,53,2048,91,16,16374,53,2048,91,16,16374,53,2048,91,16,16374,53,2048,91,16,16374,53,2048,91,16,16374,53,2048,91,16,16374,53,2048,91,16,16374,53,2048,91,16,16374,53,2048,91,16,16374,53,2048,91,16,16374,53,2048,91,16,16374,53,2048,91,16,16374,53,2048,91,16,16374,53,2048,91,16,16374,53,2048,91,16,16374,53,2048,91,16,16374,53,2048,91,16,16374,53,2048,91,16,16374,53,2048,91,16,16374,53,2048,91,16,16374,53,2048,91,16,16374,53,2048,91,16,16374,53,2048,91,16,16374,53,2048,91,16,16374,53,2048,91,16
0,4246,477,223,24,1482,2887,377,411,55380,10741,16,223,2359,1660,611,223,23,24780,294,68462,16,223,8829,294,786,24780,65236,270,8173,5288,7837,14,223,1328,12995,16,223,455,55380,588,3959,260,3452,68462,5288,294,223,6391,18,12995,16,223,1730,1623,850,24780,509,8173,5288,588,270,11938,3959,33,223,28231,339,43,2118,270,3287,344,223,6391,18,565,343,24,12,23,12,1328,11,438,223,6391,18,565,223,4980,18,438,223,12747,18,16,223,5715,223,12747,18,17,1328,438,223,2225,850,24780,16,223,2355,566,4813,33,223,983,6179,2727,5418,16,223,17519,342,1030,12070,3061,16,223,455,3295,4230,582,4117,1623,850,24780,509,8173,5288,588,270,11938,3959,11859,223,3016,342,2118,223,2225,344,4813,16,223,2275,342,4571,554,3645,855,1031,344,260,19075,16,223,3721,5524,8033,1694,33,223,17918,440,16,1,83,1,1,1,1,1,16,1,16,1,16,1,16,1,16,1,16,1,16,1,16,1,16,1,16,1,16,1,16,1,16,1,16,1,16,1,16,1,16,1,16,1,16,1,16,1,16,1,16,1,16,16374,53,2048,91,16,16374,53,2048,91,16,16374,53,2048,91,16,16374,53,2048,91,16,16374,53,2048,91,16,16374,53,2048,91,16,16374,53,2048,91,16,16374,53,2048,91,16,16374,53,2048,91,16,16374,53,2048,91,16,16374,53,2048,91,16,16374,53,2048,91,16,16374,53,2048,91,16,16374,53,2048,91,16,16374,53,2048,91,16,16374,53,2048,91,16,16374,53,2048,91,16,16374,53,2048,91,16,16374,53,2048,91,16,16374,53,2048,91,16,16374,53,2048,91,16,16374,53,2048,91,16,16374,53,2048,91,16,16374,53,2048,91,16,16374,53,2048,91,16,16374,53,2048,91,16,16374,53,2048,91,16,16374,53,2048,91,16,16374,53,2048,91,16,16374,53,2048,91,16,16374,53,2048,91,16,16374,53,2048,91,16,16374,53,2048,91
0,6756,28,334,5594,3194,2958,2446,5144,304,270,3226,20396,294,30280,5362,32617,14,31970,14,811,28803,223,21,38,74872,8493,5362,9658,223,643,26,1980,14112,411,72604,8628,294,566,3194,2951,377,1623,4515,8252,16,455,3194,344,3274,86,1129,304,39023,411,12218,295,13381,9846,377,270,6584,294,14325,1347,294,270,21219,295,260,72474,294,21351,4890,15668,603,671,13186,294,223,21,201,88031,28,462,16004,29367,14,7081,1042,12500,16641,14,38775,16641,14,13788,8705,3596,14,1924,583,1465,14733,7081,1042,127505,340,1969,29367,7081,1042,20875,3384,7081,1042,121358,25435,16641,14,7280,91520,9536,7081,1042,2052,79,33603,60312,14,20620,108009,14,7081,1042,11649,560,265,29367,21460,14,305,4748,38,29367,21460,14,477,1093,294,270,6646,7838,9633,295,270,223,21,38,21219,3194,16,455,2446,990,20078,270,3194,41410,2951,377,270,2613,294,223,21,38,21219,14,778,5260,1014,9934,100815,343,3054,40,11,21219,14,25136,2900,21219,14,74685,10048,21219,14,305,37681,21219,16,455,2446,990,4782,260,10659,3499,294,270,3194,2951,377,270,4762,4501,14,778,3394,13169,33710,14,40961,14,11445,14,10641,14,305,3628,16,455,2446,990,4782,260,10659,3499,294,270,3194,2951,377,270,4762,4501,14,778,3394,13169,33710,14,40961,14,11445,14,10641,14,305,3628,16,455,2446,990,4782,260,10659,3499,294,270,3194,2951,377,270,4762,4501,14,778,3394,13169,33710,14,40961,14,11445,14,10641,14,305,3628,16,455,2446,990,4782,260,10659,3499,294,270,3194,2951,377,270,4762,4501,14,778,3394,13169,33710,14,40961,14,11445,14,10641,14,305,3628,16,455,2446,990,4782,260,10659,3499,294,270,3194,2951,377,270,4762,4501,14,778,3394,13169,33710,14,40961,14,11445,14,10641,14,305,3628,16,455,2446,990,4782,260,10659,3499,294,270,3194,2951,377,270,4762,4501,14,778,3394,13169,33710,14,40961,14,11445,14,10641,14,305,3628,16,455,2446,990,4782,260,10659,3499,294,270,3194,2951,377,270
0,6756,28,334,5594,3194,2958,2446,5144,304,270,3226,20396,294,30280,5362,32617,14,31970,14,811,28803,223,21,38,74872,8493,5362,9658,223,643,26,1980,14112,411,72604,8628,294,566,3194,2951,377,1623,4515,8252,16,455,3194,344,3274,86,1129,304,39023,411,12218,295,13381,9846,377,270,6584,294,14325,1347,294,270,21219,295,260,72474,294,21351,4890,15668,603,671,13186,294,223,21,201,88031,28,462,16004,29367,14,7081,1042,12500,16641,14,38775,16641,14,13788,8705,3596,14,1924,583,1465,14733,7081,1042,127505,340,1969,29367,7081,1042,20875,3384,7081,1042,121358,25435,16641,14,7280,91520,9536,7081,1042,2052,79,33603,60312,14,20620,108009,14,7081,1042,11649,560,265,29367,21460,14,305,4748,38,29367,21460,14,477,1093,294,270,6646,7838,9633,295,270,223,21,38,21219,3194,16,455,2446,990,20078,270,3194,41410,2951,377,270,2613,294,223,21,38,21219,14,778,5260,1014,9934,100815,343,3054,40,11,21219,14,25136,2900,21219,14,74685,10048,21219,14,305,37681,21219,16,455,2446,990,4782,260,10659,3499,294,270,3194,2951,377,270,4762,4501,14,778,3394,13169,33710,14,40961,14,11445,14,10641,14,305,3628,16,455,2446,990,4782,260,10659,3499,294,270,3194,2951,377,270,4762,4501,14,778,3394,13169,33710,14,40961,14,11445,14,10641,14,305,3628,16,455,2446,990,4782,260,10659,3499,294,270,3194,2951,377,270,4762,4501,14,778,3394,13169,33710,14,40961,14,11445,14,10641,14,305,3628,16,455,2446,990,4782,260,10659,3499,294,270,3194,2951,377,270,4762,4501,14,778,3394,13169,33710,14,40961,14,11445,14,10641,14,305,3628,16,455,2446,990,4782,260,10659,3499,294,270,3194,2951,377,270,4762,4501,14,778,3394,13169,33710,14,40961,14,11445,14,10641,14,305,3628,16,455,2446,990,4782,260,10659,3499,294,270,3194,2951,377,270,4762,4501,14,778,3394,13169,33710,14,40961,14,11445,14,10641,14,305,3628,16,455,2446,990,4782,260,10659,3499,294,270,3194
0,6756,28,334,5594,3194,2958,2446,5144,304,270,3226,20396,294,30280,5362,32617,14,31970,14,811,28803,223,21,38,74872,8493,5362,9658,223,643,26,1980,14112,411,72604,8628,294,566,3194,2951,377,1623,4515,8252,16,455,3194,344,3274,86,1129,304,39023,411,12218,295,13381,9846,377,270,6584,294,14325,1347,294,270,21219,295,260,72474,294,21351,4890,15668,603,671,13186,294,223,21,201,88031,28,462,16004,29367,14,7081,1042,12500,16641,14,38775,16641,14,13788,8705,3596,14,1924,583,1465,14733,7081,1042,127505,340,1969,29367,7081,1042,20875,3384,7081,1042,121358,25435,16641,14,7280,91520,9536,7081,1042,2052,79,33603,60312,14,20620,108009,14,7081,1042,11649,560,265,29367,21460,14,305,4748,38,29367,21460,14,477,1093,294,270,6646,7838,9633,295,270,223,21,38,21219,3194,16,455,2446,990,20078,270,3194,41410,2951,377,270,2613,294,223,21,38,21219,14,778,5260,1014,9934,100815,343,3054,40,11,21219,14,25136,2900,21219,14,74685,10048,21219,14,305,37681,21219,16,455,2446,990,4782,260,10659,3499,294,270,3194,2951,377,270,4762,4501,14,778,3394,13169,33710,14,40961,14,11445,14,10641,14,305,3628,16,455,2446,990,4782,260,10659,3499,294,270,3194,2951,377,270,4762,4501,14,778,3394,13169,33710,14,40961,14,11445,14,10641,14,305,3628,16,455,2446,990,4782,260,10659,3499,294,270,3194,2951,377,270,4762,4501,14,778,3394,13169,33710,14,40961,14,11445,14,10641,14,305,3628,16,455,2446,990,4782,260,10659,3499,294,270,3194,2951,377,270,4762,4501,14,778,3394,13169,33710,14,40961,14,11445,14,10641,14,305,3628,16,455,2446,990,4782,260,10659,3499,294,270,3194,2951,377,270,4762,4501,14,778,3394,13169,33710,14,40961,14,11445,14,10641,14,305,3628,16,455,2446,990,4782,260,10659,3499,294,270,3194,2951,377,270,4762,4501,14,778,3394,13169,33710,14,40961,14,11445,14,10641,14,305,3628,16,455,2446,990,4782,260,10659,3499,294,270,3194
0,6756,28,334,5594,3194,2958,2446,5144,304,270,3226,20396,294,30280,5362,32617,14,31970,14,811,28803,223,21,38,74872,8493,5362,9658,223,643,26,1980,14112,411,72604,8628,294,566,3194,2951,377,1623,4515,8252,16,455,3194,344,3274,86,1129,304,39023,411,12218,295,13381,9846,377,270,6584,294,14325,1347,294,270,21219,295,260,72474,294,21351,4890,15668,603,671,13186,294,223,21,201,88031,28,462,16004,29367,14,7081,1042,12500,16641,14,38775,16641,14,13788,8705,3596,14,1924,583,1465,14733,7081,1042,127505,340,1969,29367,7081,1042,20875,3384,7081,1042,121358,25435,16641,14,7280,91520,9536,7081,1042,2052,79,33603,60312,14,20620,108009,14,7081,1042,11649,560,265,29367,21460,14,305,4748,38,29367,21460,14,477,1093,294,270,6646,7838,9633,295,270,223,21,38,21219,3194,16,455,2446,990,20078,270,3194,41410,2951,377,270,2613,294,223,21,38,21219,14,778,5260,1014,9934,100815,343,3054,40,11,21219,14,25136,2900,21219,14,74685,10048,21219,14,305,37681,21219,16,455,2446,990,4782,260,10659,3499,294,270,3194,2951,377,270,4762,4501,14,778,3394,13169,33710,14,40961,14,11445,14,10641,14,305,3628,16,455,2446,990,4782,260,10659,3499,294,270,3194,2951,377,270,4762,4501,14,778,3394,13169,33710,14,40961,14,11445,14,10641,14,305,3628,16,455,2446,990,4782,260,10659,3499,294,270,3194,2951,377,270,4762,4501,14,778,3394,13169,33710,14,40961,14,11445,14,10641,14,305,3628,16,455,2446,990,4782,260,10659,3499,294,270,3194,2951,377,270,4762,4501,14,778,3394,13169,33710,14,40961,14,11445,14,10641,14,305,3628,16,455,2446,990,4782,260,10659,3499,294,270,3194,2951,377,270,4762,4501,14,778,3394,13169,33710,14,40961,14,11445,14,10641,14,305,3628,16,455,2446,990,4782,260,10659,3499,294,270,3194,2951,377,270,4762,4501,14,778,3394,13169,33710,14,40961,14,11445,14,10641,14,305,3628,16,455,2446,990,4782,260,10659,3499,294,270,3194
0,6756,28,334,5594,3194,2958,2446,5144,304,270,3226,20396,294,30280,5362,32617,14,31970,14,811,28803,223,21,38,74872,8493,5362,9658,223,643,26,1980,14112,411,72604,8628,294,566,3194,2951,377,1623,4515,8252,16,455,3194,344,3274,86,1129,304,39023,411,12218,295,13381,9846,377,270,6584,294,14325,1347,294,270,21219,295,260,72474,294,21351,4890,15668,603,671,13186,294,223,21,201,88031,28,462,16004,29367,14,7081,1042,12500,16641,14,38775,16641,14,13788,8705,3596,14,1924,583,1465,14733,7081,1042,127505,340,1969,29367,7081,1042,20875,3384,7081,1042,121358,25435,16641,14,7280,91520,9536,7081,1042,2052,79,33603,60312,14,20620,108009,14,7081,1042,11649,560,265,29367,21460,14,305,4748,38,29367,21460,14,477,1093,294,270,6646,7838,9633,295,270,223,21,38,21219,3194,16,455,2446,990,20078,270,3194,41410,2951,377,270,2613,294,223,21,38,21219,14,778,5260,1014,9934,100815,343,3054,40,11,21219,14,25136,2900,21219,14,74685,10048,21219,14,305,37681,21219,16,455,2446,990,4782,260,10659,3499,294,270,3194,2951,377,270,4762,4501,14,778,3394,13169,33710,14,40961,14,11445,14,10641,14,305,3628,16,455,2446,990,4782,260,10659,3499,294,270,3194,2951,377,270,4762,4501,14,778,3394,13169,33710,14,40961,14,11445,14,10641,14,305,3628,16,455,2446,990,4782,260,10659,3499,294,270,3194,2951,377,270,4762,4501,14,778,3394,13169,33710,14,40961,14,11445,14,10641,14,305,3628,16,455,2446,990,4782,260,10659,3499,294,270,3194,2951,377,270,4762,4501,14,778,3394,13169,33710,14,40961,14,11445,14,10641,14,305,3628,16,455,2446,990,4782,260,10659,3499,294,270,3194,2951,377,270,4762,4501,14,778,3394,13169,33710,14,40961,14,11445,14,10641,14,305,3628,16,455,2446,990,4782,260,10659,3499,294,270,3194,2951,377,270,4762,4501,14,778,3394,13169,33710,14,40961,14,11445,14,10641,14,305,3628,16,455,2446,990,4782,260,10659,3499,294,270,3194
0,6756,28,334,5594,3194,2958,2446,5144,304,270,3226,20396,294,30280,5362,32617,14,31970,14,811,28803,223,21,38,74872,8493,5362,9658,223,643,26,1980,14112,411,72604,8628,294,566,3194,2951,377,1623,4515,8252,16,455,3194,344,3274,86,1129,304,39023,411,12218,295,13381,9846,377,270,6584,294,14325,1347,294,270,21219,295,260,72474,294,21351,4890,15668,603,671,13186,294,223,21,201,88031,28,462,16004,29367,14,7081,1042,12500,16641,14,38775,16641,14,13788,8705,3596,14,1924,583,1465,14733,7081,1042,127505,340,1969,29367,7081,1042,20875,3384,7081,1042,121358,25435,16641,14,7280,91520,9536,7081,1042,2052,79,33603,60312,14,20620,108009,14,7081,1042,11649,560,265,29367,21460,14,305,4748,38,29367,21460,14,477,1093,294,270,6646,7838,9633,295,270,223,21,38,21219,3194,16,455,2446,990,20078,270,3194,41410,2951,377,270,2613,294,223,21,38,21219,14,778,5260,1014,9934,100815,343,3054,40,11,21219,14,25136,2900,21219,14,74685,10048,21219,14,305,37681,21219,16,455,2446,990,4782,260,10659,3499,294,270,3194,2951,377,270,4762,4501,14,778,3394,13169,33710,14,40961,14,11445,14,10641,14,305,3628,16,455,2446,990,4782,260,10659,3499,294,270,3194,2951,377,270,4762,4501,14,778,3394,13169,33710,14,40961,14,11445,14,10641,14,305,3628,16,455,2446,990,4782,260,10659,3499,294,270,3194,2951,377,270,4762,4501,14,778,3394,13169,33710,14,40961,14,11445,14,10641,14,305,3628,16,455,2446,990,4782,260,10659,3499,294,270,3194,2951,377,270,4762,4501,14,778,3394,13169,33710,14,40961,14,11445,14,10641,14,305,3628,16,455,2446,990,4782,260,10659,3499,294,270,3194,2951,377,270,4762,4501,14,778,3394,13169,33710,14,40961,14,11445,14,10641,14,305,3628,16,455,2446,990,4782,260,10659,3499,294,270,3194,2951,377,270,4762,4501,14,778,3394,13169,33710,14,40961,14,11445,14,10641,14,305,3628,16,455,2446,990,4782,260,10659,3499,294,270,3194,2951,377,270
0,21750,260,2019,304,17290,270,18885,5486,294,270,2910,49861,16,15361,270,15255,2019,16,9909,1353,16,1351,17290,65,26411,15591,4665,2605,1354,49861,4665,3166,63,982,259,3166,13,19,63,362,1008,295,3291,23555,4665,9908,19,2542,1,1,1,1,1,16,1,16,1,16,1,16,1,16,1,16,1,16,1,16,1,16,1,16,1,16,1,16,1,16,1,16,1,16,1,16,1,16,1,16,1,16,1,16,1,16,1,16,1,16,1,16,1,16,1,16,1,16,1,16,971,56,3726,16,971,56,3726,16,971,56,3726,16,971,56,3726,16,971,56,3726,16,971,56,3726,16,971,56,3726,16,971,56,3726,16,971,56,3726,16,971,56,3726,16,971,56,3726,16,971,56,3726,16,971,56,3726,16,971,56,3726,16,971,56,3726,16,971,56,3726,16,971,56,3726,16,971,56,3726,16,971,56,3726,16,971,56,3726,16,971,56,3726,16,971,56,3726,16,971,56,3726,16,971,56,3726,16,971,56,3726,16,971,56,3726,16,971,56,3726,16,971,56,3726,16,971,56,3726,16,971,56,3726,16,971,56,3726,16,971,56,3726,16,971,56,3726,16,971,56,3726,16,971,56,3726,16,971,56,3726,16,971,56,3726,16,971,56,3726,16,971,56,3726,16,971,56,3726,16,971,56,3726,16,971,56,3726,16,971,56,3726,16,971,56,3726,16,971,56,3726,16,971,56,3726,16,971,56,3726,16,971,56,3726,16,971,56,3726,16,971,56,3726,16,971,56,3726,16,971,56,3726,16,971,56,3726,16,971,56,3726,16,971,56,3726,16,971,56,3726,16,971,56,3726,16,971,56,3726,16,971,56,3726,16,971,56,3726,16,971,56,3726,16,971,56,3726,16,971,56,3726,16,971,56,3726,16,971,56,3726,16,971,56,3726,16,971,56,3726,16,971,56,3726,16,971,56,3726,16,971,56,3726,16,971,56,3726,16,971
0,21750,260,2019,304,17290,270,18885,5486,294,270,2910,49861,16,15361,270,15255,2019,16,9909,1353,16,1351,17290,65,26411,15591,4665,2605,1354,49861,4665,3166,63,982,259,3166,13,19,63,362,1008,295,3291,23555,4665,9908,19,2542,1,1,1,1,1,16,1,16,1,16,1,16,1,16,1,16,1,16,1,16,1,16,1,16,1,16,1,16,1,16,1,16,1,16,1,16,1,16,1,16,1,16,1,16,1,16,1,16,1,16,1,16,1,16,1,16,1,16,1,16,971,56,3726,16,971,56,3726,16,971,56,3726,16,971,56,3726,16,971,56,3726,16,971,56,3726,16,971,56,3726,16,971,56,3726,16,971,56,3726,16,971,56,3726,16,971,56,3726,16,971,56,3726,16,971,56,3726,16,971,56,3726,16,971,56,3726,16,971,56,3726,16,971,56,3726,16,971,56,3726,16,971,56,3726,16,971,56,3726,16,971,56,3726,16,971,56,3726,16,971,56,3726,16,971,56,3726,16,971,56,3726,16,971,56,3726,16,971,56,3726,16,971,56,3726,16,971,56,3726,16,971,56,3726,16,971,56,3726,16,971,56,3726,16,971,56,3726,16,971,56,3726,16,971,56,3726,16,971,56,3726,16,971,56,3726,16,971,56,3726,16,971,56,3726,16,971,56,3726,16,971,56,3726,16,971,56,3726,16,971,56,3726,16,971,56,3726,16,971,56,3726,16,971,56,3726,16,971,56,3726,16,971,56,3726,16,971,56,3726,16,971,56,3726,16,971,56,3726,16,971,56,3726,16,971,56,3726,16,971,56,3726,16,971,56,3726,16,971,56,3726,16,971,56,3726,16,971,56,3726,16,971,56,3726,16,971,56,3726,16,971,56,3726,16,971,56,3726,16,971,56,3726,16,971,56,3726,16,971,56,3726,16,971,56,3726,16,971,56,3726,16,971,56,3726,16,971,56,3726,16,971,56,3726,16,971,56,3726,16,971,56,3726
0,21750,260,2019,304,17290,270,18885,5486,294,270,2910,49861,16,15361,270,15255,2019,16,9909,1353,16,1351,17290,65,26411,15591,4665,2605,1354,49861,4665,3166,63,982,259,3166,13,19,63,362,1008,295,3291,23555,4665,9908,19,2542,1,1,1,1,1,16,1,16,1,16,1,16,1,16,1,16,1,16,1,16,1,16,1,16,1,16,1,16,1,16,1,16,1,16,1,16,1,16,1,16,1,16,1,16,1,16,1,16,1,16,1,16,1,16,1,16,1,16,1,16,971,56,3726,16,971,56,3726,16,971,56,3726,16,971,56,3726,16,971,56,3726,16,971,56,3726,16,971,56,3726,16,971,56,3726,16,971,56,3726,16,971,56,3726,16,971,56,3726,16,971,56,3726,16,971,56,3726,16,971,56,3726,16,971,56,3726,16,971,56,3726,16,971,56,3726,16,971,56,3726,16,971,56,3726,16,971,56,3726,16,971,56,3726,16,971,56,3726,16,971,56,3726,16,971,56,3726,16,971,56,3726,16,971,56,3726,16,971,56,3726,16,971,56,3726,16,971,56,3726,16,971,56,3726,16,971,56,3726,16,971,56,3726,16,971,56,3726,16,971,56,3726,16,971,56,3726,16,971,56,3726,16,971,56,3726,16,971,56,3726,16,971,56,3726,16,971,56,3726,16,971,56,3726,16,971,56,3726,16,971,56,3726,16,971,56,3726,16,971,56,3726,16,971,56,3726,16,971,56,3726,16,971,56,3726,16,971,56,3726,16,971,56,3726,16,971,56,3726,16,971,56,3726,16,971,56,3726,16,971,56,3726,16,971,56,3726,16,971,56,3726,16,971,56,3726,16,971,56,3726,16,971,56,3726,16,971,56,3726,16,971,56,3726,16,971,56,3726,16,971,56,3726,16,971,56,3726,16,971,56,3726,16,971,56,3726,16,971,56,3726,16,971,56,3726,16,971,56,3726,16,971,56,3726,16,971,56,3726,16,971
0,21750,260,2019,304,17290,270,18885,5486,294,270,2910,49861,16,15361,270,15255,2019,16,9909,1353,16,1351,17290,65,26411,15591,4665,2605,1354,49861,4665,3166,63,982,259,3166,13,19,63,362,1008,295,3291,23555,4665,9908,19,2542,1,1,1,1,1,16,1,16,1,16,1,16,1,16,1,16,1,16,1,16,1,16,1,16,1,16,1,16,1,16,1,16,1,16,1,16,1,16,1,16,1,16,1,16,1,16,1,16,1,16,1,16,1,16,1,16,1,16,1,16,971,56,3726,16,971,56,3726,16,971,56,3726,16,971,56,3726,16,971,56,3726,16,971,56,3726,16,971,56,3726,16,971,56,3726,16,971,56,3726,16,971,56,3726,16,971,56,3726,16,971,56,3726,16,971,56,3726,16,971,56,3726,16,971,56,3726,16,971,56,3726,16,971,56,3726,16,971,56,3726,16,971,56,3726,16,971,56,3726,16,971,56,3726,16,971,56,3726,16,971,56,3726,16,971,56,3726,16,971,56,3726,16,971,56,3726,16,971,56,3726,16,971,56,3726,16,971,56,3726,16,971,56,3726,16,971,56,3726,16,971,56,3726,16,971,56,3726,16,971,56,3726,16,971,56,3726,16,971,56,3726,16,971,56,3726,16,971,56,3726,16,971,56,3726,16,971,56,3726,16,971,56,3726,16,971,56,3726,16,971,56,3726,16,971,56,3726,16,971,56,3726,16,971,56,3726,16,971,56,3726,16,971,56,3726,16,971,56,3726,16,971,56,3726,16,971,56,3726,16,971,56,3726,16,971,56,3726,16,971,56,3726,16,971,56,3726,16,971,56,3726,16,971,56,3726,16,971,56,3726,16,971,56,3726,16,971,56,3726,16,971,56,3726,16,971,56,3726,16,971,56,3726,16,971,56,3726,16,971,56,3726,16,971,56,3726,16,971,56,3726,16,971,56,3726,16,971,56,3726,16,971,56,3726,16,971,56,3726,16,971
0,21750,260,2019,304,17290,270,18885,5486,294,270,2910,49861,16,15361,270,15255,2019,16,9909,1353,16,1351,17290,65,26411,15591,4665,2605,1354,49861,4665,3166,63,982,259,3166,13,19,63,362,1008,295,3291,23555,4665,9908,19,2542,1,1,1,1,1,16,1,16,1,16,1,16,1,16,1,16,1,16,1,16,1,16,1,16,1,16,1,16,1,16,1,16,1,16,1,16,1,16,1,16,1,16,1,16,1,16,1,16,1,16,1,16,1,16,1,16,1,16,1,16,971,56,3726,16,971,56,3726,16,971,56,3726,16,971,56,3726,16,971,56,3726,16,971,56,3726,16,971,56,3726,16,971,56,3726,16,971,56,3726,16,971,56,3726,16,971,56,3726,16,971,56,3726,16,971,56,3726,16,971,56,3726,16,971,56,3726,16,971,56,3726,16,971,56,3726,16,971,56,3726,16,971,56,3726,16,971,56,3726,16,971,56,3726,16,971,56,3726,16,971,56,3726,16,971,56,3726,16,971,56,3726,16,971,56,3726,16,971,56,3726,16,971,56,3726,16,971,56,3726,16,971,56,3726,16,971,56,3726,16,971,56,3726,16,971,56,3726,16,971,56,3726,16,971,56,3726,16,971,56,3726,16,971,56,3726,16,971,56,3726,16,971,56,3726,16,971,56,3726,16,971,56,3726,16,971,56,3726,16,971,56,3726,16,971,56,3726,16,971,56,3726,16,971,56,3726,16,971,56,3726,16,971,56,3726,16,971,56,3726,16,971,56,3726,16,971,56,3726,16,971,56,3726,16,971,56,3726,16,971,56,3726,16,971,56,3726,16,971,56,3726,16,971,56,3726,16,971,56,3726,16,971,56,3726,16,971,56,3726,16,971,56,3726,16,971,56,3726,16,971,56,3726,16,971,56,3726,16,971,56,3726,16,971,56,3726,16,971,56,3726,16,971,56,3726,16,971,56,3726,16,971,56,3726,16,971,56,3726,16,971,56,3726
0,21750,260,2019,304,17290,270,18885,5486,294,270,2910,49861,16,15361,270,15255,2019,16,9909,1353,16,1351,17290,65,26411,15591,4665,2605,1354,49861,4665,3166,63,982,259,3166,13,19,63,362,1008,295,3291,23555,4665,9908,19,2542,1,1,1,1,1,16,1,16,1,16,1,16,1,16,1,16,1,16,1,16,1,16,1,16,1,16,1,16,1,16,1,16,1,16,1,16,1,16,1,16,1,16,1,16,1,16,1,16,1,16,1,16,1,16,1,16,1,16,1,16,971,56,3726,16,971,56,3726,16,971,56,3726,16,971,56,3726,16,971,56,3726,16,971,56,3726,16,971,56,3726,16,971,56,3726,16,971,56,3726,16,971,56,3726,16,971,56,3726,16,971,56,3726,16,971,56,3726,16,971,56,3726,16,971,56,3726,16,971,56,3726,16,971,56,3726,16,971,56,3726,16,971,56,3726,16,971,56,3726,16,971,56,3726,16,971,56,3726,16,971,56,3726,16,971,56,3726,16,971,56,3726,16,971,56,3726,16,971,56,3726,16,971,56,3726,16,971,56,3726,16,971,56,3726,16,971,56,3726,16,971,56,3726,16,971,56,3726,16,971,56,3726,16,971,56,3726,16,971,56,3726,16,971,56,3726,16,971,56,3726,16,971,56,3726,16,971,56,3726,16,971,56,3726,16,971,56,3726,16,971,56,3726,16,971,56,3726,16,971,56,3726,16,971,56,3726,16,971,56,3726,16,971,56,3726,16,971,56,3726,16,971,56,3726,16,971,56,3726,16,971,56,3726,16,971,56,3726,16,971,56,3726,16,971,56,3726,16,971,56,3726,16,971,56,3726,16,971,56,3726,16,971,56,3726,16,971,56,3726,16,971,56,3726,16,971,56,3726,16,971,56,3726,16,971,56,3726,16,971,56,3726,16,971,56,3726,16,971,56,3726,16,971,56,3726,16,971,56,3726,16,971,56,3726,16,971,56,3726,16,971
0,671,3004,294,41274,343,7508,3153,28,3004,277,41274,14,28489,114226,28,22487,463,1194,34533,8841,80,66978,681,1592,29,91058,412,4560,261,16,295,2411,5611,6031,1290,11,344,260,1528,2958,12819,2951,295,41274,14,21073,16,103534,513,270,6949,19951,1202,270,10296,294,260,21678,42978,294,6272,8415,21490,295,223,11249,20,305,27890,10725,295,223,11249,21,14,436,344,834,294,21073,734,2689,11150,21894,305,270,26571,11489,416,12819,295,11635,7408,295,270,3947,52000,2058,16,455,12819,8178,411,2239,3615,295,41274,10998,260,12335,16579,14092,2184,270,28489,70333,305,18374,304,270,4593,1902,26137,50459,270,582,4690,5695,294,270,5264,2148,41274,344,31581,3611,270,2656,21894,295,270,3702,14460,305,270,2058,603,8106,37793,344,260,5637,294,3586,23149,294,2958,69084,21894,14,2622,270,3753,328,7595,7727,14,12506,294,6919,5362,60980,14,29358,7727,14,29352,31664,14,305,108522,223,1602,16,660,270,22661,1141,18249,223,2181,5622,223,939,21,14,270,12819,936,260,3452,7604,294,11158,19,16,20,8163,343,17473,11158,19,16,18,8163,295,2958,13381,11,2765,3452,9633,15815,294,11158,19,16,19,8163,603,8106,37793,734,6074,10206,344,304,3551,14,23950,14,6708,14,305,23122,4134,16,2600,566,1522,14,3480,11264,3785,8003,270,12819,734,7574,1137,15,5362,305,7512,477,44071,62004,14,305,1952,477,16662,1082,2958,305,7512,477,12905,14151,603,15,455,12819,344,260,4022,294,14436,418,260,8900,16579,10206,603,15,455,12819,344,260,4022,294,11772,14,305,1009,4312,611,260,11265,304,1694,23950,305,5831,270,19328,4022,603,15,455,12819,344,411,8181,14,2280,27339,432,1188,4022,16,983,24931,304,366,2526,14,23221,14,305,26229,295,1009,7574,603,15,455,12819,344,260,11408,418,270,4593,294,41274,305,270,5181,294,21073,14,305,436,24931,304,366,260,1894,13599,305,260,1894,27519,603,15,455,12819,344,260,5217,11325,14,305,436,24931,304,8200,270,1528,1407
0,671,3004,294,41274,343,7508,3153,28,3004,277,41274,14,28489,114226,28,22487,463,1194,34533,8841,80,66978,681,1592,29,91058,412,4560,261,16,295,2411,5611,6031,1290,11,344,260,1528,2958,12819,2951,295,41274,14,21073,16,103534,513,270,6949,19951,1202,270,10296,294,260,21678,42978,294,6272,8415,21490,295,223,11249,20,305,27890,10725,295,223,11249,21,14,436,344,834,294,21073,734,2689,11150,21894,305,270,26571,11489,416,12819,295,11635,7408,295,270,3947,52000,2058,16,455,12819,8178,411,2239,3615,295,41274,10998,260,12335,16579,14092,2184,270,28489,70333,305,18374,304,270,4593,1902,26137,50459,270,582,4690,5695,294,270,5264,2148,41274,344,31581,3611,270,2656,21894,295,270,3702,14460,305,270,2058,603,8106,37793,344,260,5637,294,3586,23149,294,2958,69084,21894,14,2622,270,3753,328,7595,7727,14,12506,294,6919,5362,60980,14,29358,7727,14,29352,31664,14,305,108522,223,1602,16,660,270,22661,1141,18249,223,2181,5622,223,939,21,14,270,12819,936,260,3452,7604,294,11158,19,16,20,8163,343,17473,11158,19,16,18,8163,295,2958,13381,11,2765,3452,9633,15815,294,11158,19,16,19,8163,603,8106,37793,734,6074,10206,344,304,3551,14,23950,14,6708,14,305,23122,4134,16,2600,566,1522,14,3480,11264,3785,8003,270,12819,734,7574,1137,15,5362,305,7512,477,44071,62004,14,305,1952,477,16662,1082,2958,305,7512,477,12905,14151,603,15,455,12819,344,260,4022,294,14436,418,260,8900,16579,10206,603,15,455,12819,344,260,4022,294,11772,14,305,1009,4312,611,260,11265,304,1694,23950,305,5831,270,19328,4022,603,15,455,12819,344,411,8181,14,2280,27339,432,1188,4022,16,983,24931,304,366,2526,14,23221,14,305,26229,295,1009,7574,603,15,455,12819,344,260,11408,418,270,4593,294,41274,305,270,5181,294,21073,14,305,436,24931,304,366,260,1894,13599,305,260,1894,27519,603,15,455,12819,344,260,5217,11325,14,305,436,24931,304,8200,270,1528,1407
0,671,3004,294,41274,343,7508,3153,28,3004,277,41274,14,28489,114226,28,22487,463,1194,34533,8841,80,66978,681,1592,29,91058,412,4560,261,16,295,2411,5611,6031,1290,11,344,260,1528,2958,12819,2951,295,41274,14,21073,16,103534,513,270,6949,19951,1202,270,10296,294,260,21678,42978,294,6272,8415,21490,295,223,11249,20,305,27890,10725,295,223,11249,21,14,436,344,834,294,21073,734,2689,11150,21894,305,270,26571,11489,416,12819,295,11635,7408,295,270,3947,52000,2058,16,455,12819,8178,411,2239,3615,295,41274,10998,260,12335,16579,14092,2184,270,28489,70333,305,18374,304,270,4593,1902,26137,50459,270,582,4690,5695,294,270,5264,2148,41274,344,31581,3611,270,2656,21894,295,270,3702,14460,305,270,2058,603,8106,37793,344,260,5637,294,3586,23149,294,2958,69084,21894,14,2622,270,3753,328,7595,7727,14,12506,294,6919,5362,60980,14,29358,7727,14,29352,31664,14,305,108522,223,1602,16,660,270,22661,1141,18249,223,2181,5622,223,939,21,14,270,12819,936,260,3452,7604,294,11158,19,16,20,8163,343,17473,11158,19,16,18,8163,295,2958,13381,11,2765,3452,9633,15815,294,11158,19,16,19,8163,603,8106,37793,734,6074,10206,344,304,3551,14,23950,14,6708,14,305,23122,4134,16,2600,566,1522,14,3480,11264,3785,8003,270,12819,734,7574,1137,15,5362,305,7512,477,44071,62004,14,305,1952,477,16662,1082,2958,305,7512,477,12905,14151,603,15,455,12819,344,260,4022,294,14436,418,260,8900,16579,10206,603,15,455,12819,344,260,4022,294,11772,14,305,1009,4312,611,260,11265,304,1694,23950,305,5831,270,19328,4022,603,15,455,12819,344,411,8181,14,2280,27339,432,1188,4022,16,983,24931,304,366,2526,14,23221,14,305,26229,295,1009,7574,603,15,455,12819,344,260,11408,418,270,4593,294,41274,305,270,5181,294,21073,14,305,436,24931,304,366,260,1894,13599,305,260,1894,27519,603,15,455,12819,344,260,5217,11325,14,305,436,24931,304,8200,270,1528,1407
0,671,3004,294,41274,343,7508,3153,28,3004,277,41274,14,28489,114226,28,22487,463,1194,34533,8841,80,66978,681,1592,29,91058,412,4560,261,16,295,2411,5611,6031,1290,11,344,260,1528,2958,12819,2951,295,41274,14,21073,16,103534,513,270,6949,19951,1202,270,10296,294,260,21678,42978,294,6272,8415,21490,295,223,11249,20,305,27890,10725,295,223,11249,21,14,436,344,834,294,21073,734,2689,11150,21894,305,270,26571,11489,416,12819,295,11635,7408,295,270,3947,52000,2058,16,455,12819,8178,411,2239,3615,295,41274,10998,260,12335,16579,14092,2184,270,28489,70333,305,18374,304,270,4593,1902,26137,50459,270,582,4690,5695,294,270,5264,2148,41274,344,31581,3611,270,2656,21894,295,270,3702,14460,305,270,2058,603,8106,37793,344,260,5637,294,3586,23149,294,2958,69084,21894,14,2622,270,3753,328,7595,7727,14,12506,294,6919,5362,60980,14,29358,7727,14,29352,31664,14,305,108522,223,1602,16,660,270,22661,1141,18249,223,2181,5622,223,939,21,14,270,12819,936,260,3452,7604,294,11158,19,16,20,8163,343,17473,11158,19,16,18,8163,295,2958,13381,11,2765,3452,9633,15815,294,11158,19,16,19,8163,603,8106,37793,734,6074,10206,344,304,3551,14,23950,14,6708,14,305,23122,4134,16,2600,566,1522,14,3480,11264,3785,8003,270,12819,734,7574,1137,15,5362,305,7512,477,44071,62004,14,305,1952,477,16662,1082,2958,305,7512,477,12905,14151,603,15,455,12819,344,260,4022,294,14436,418,260,8900,16579,10206,603,15,455,12819,344,260,4022,294,11772,14,305,1009,4312,611,260,11265,304,1694,23950,305,5831,270,19328,4022,603,15,455,12819,344,411,8181,14,2280,27339,432,1188,4022,16,983,24931,304,366,2526,14,23221,14,305,26229,295,1009,7574,603,15,455,12819,344,260,11408,418,270,4593,294,41274,305,270,5181,294,21073,14,305,436,24931,304,366,260,1894,13599,305,260,1894,27519,603,15,455,12819,344,260,5217,11325,14,305,436,24931,304,8200,270,1528,1407
0,671,3004,294,41274,343,7508,3153,28,3004,277,41274,14,28489,114226,28,22487,463,1194,34533,8841,80,66978,681,1592,29,91058,412,4560,261,16,295,2411,5611,6031,1290,11,344,260,1528,2958,12819,2951,295,41274,14,21073,16,103534,513,270,6949,19951,1202,270,10296,294,260,21678,42978,294,6272,8415,21490,295,223,11249,20,305,27890,10725,295,223,11249,21,14,436,344,834,294,21073,734,2689,11150,21894,305,270,26571,11489,416,12819,295,11635,7408,295,270,3947,52000,2058,16,455,12819,8178,411,2239,3615,295,41274,10998,260,12335,16579,14092,2184,270,28489,70333,305,18374,304,270,4593,1902,26137,50459,270,582,4690,5695,294,270,5264,2148,41274,344,31581,3611,270,2656,21894,295,270,3702,14460,305,270,2058,603,8106,37793,344,260,5637,294,3586,23149,294,2958,69084,21894,14,2622,270,3753,328,7595,7727,14,12506,294,6919,5362,60980,14,29358,7727,14,29352,31664,14,305,108522,223,1602,16,660,270,22661,1141,18249,223,2181,5622,223,939,21,14,270,12819,936,260,3452,7604,294,11158,19,16,20,8163,343,17473,11158,19,16,18,8163,295,2958,13381,11,2765,3452,9633,15815,294,11158,19,16,19,8163,603,8106,37793,734,6074,10206,344,304,3551,14,23950,14,6708,14,305,23122,4134,16,2600,566,1522,14,3480,11264,3785,8003,270,12819,734,7574,1137,15,5362,305,7512,477,44071,62004,14,305,1952,477,16662,1082,2958,305,7512,477,12905,14151,603,15,455,12819,344,260,4022,294,14436,418,260,8900,16579,10206,603,15,455,12819,344,260,4022,294,11772,14,305,1009,4312,611,260,11265,304,1694,23950,305,5831,270,19328,4022,603,15,455,12819,344,411,8181,14,2280,27339,432,1188,4022,16,983,24931,304,366,2526,14,23221,14,305,26229,295,1009,7574,603,15,455,12819,344,260,11408,418,270,4593,294,41274,305,270,5181,294,21073,14,305,436,24931,304,366,260,1894,13599,305,260,1894,27519,603,15,455,12819,344,260,5217,11325,14,305,436,24931,304,8200,270,1528,1407
0,671,3004,294,41274,343,7508,3153,28,3004,277,41274,14,28489,114226,28,22487,463,1194,34533,8841,80,66978,681,1592,29,91058,412,4560,261,16,295,2411,5611,6031,1290,11,344,260,1528,2958,12819,2951,295,41274,14,21073,16,103534,513,270,6949,19951,1202,270,10296,294,260,21678,42978,294,6272,8415,21490,295,223,11249,20,305,27890,10725,295,223,11249,21,14,436,344,834,294,21073,734,2689,11150,21894,305,270,26571,11489,416,12819,295,11635,7408,295,270,3947,52000,2058,16,455,12819,8178,411,2239,3615,295,41274,10998,260,12335,16579,14092,2184,270,28489,70333,305,18374,304,270,4593,1902,26137,50459,270,582,4690,5695,294,270,5264,2148,41274,344,31581,3611,270,2656,21894,295,270,3702,14460,305,270,2058,603,8106,37793,344,260,5637,294,3586,23149,294,2958,69084,21894,14,2622,270,3753,328,7595,7727,14,12506,294,6919,5362,60980,14,29358,7727,14,29352,31664,14,305,108522,223,1602,16,660,270,22661,1141,18249,223,2181,5622,223,939,21,14,270,12819,936,260,3452,7604,294,11158,19,16,20,8163,343,17473,11158,19,16,18,8163,295,2958,13381,11,2765,3452,9633,15815,294,11158,19,16,19,8163,603,8106,37793,734,6074,10206,344,304,3551,14,23950,14,6708,14,305,23122,4134,16,2600,566,1522,14,3480,11264,3785,8003,270,12819,734,7574,1137,15,5362,305,7512,477,44071,62004,14,305,1952,477,16662,1082,2958,305,7512,477,12905,14151,603,15,455,12819,344,260,4022,294,14436,418,260,8900,16579,10206,603,15,455,12819,344,260,4022,294,11772,14,305,1009,4312,611,260,11265,304,1694,23950,305,5831,270,19328,4022,603,15,455,12819,344,411,8181,14,2280,27339,432,1188,4022,16,983,24931,304,366,2526,14,23221,14,305,26229,295,1009,7574,603,15,455,12819,344,260,11408,418,270,4593,294,41274,305,270,5181,294,21073,14,305,436,24931,304,366,260,1894,13599,305,260,1894,27519,603,15,455,12819,344,260,5217,11325,14,305,436,24931,304,8200,270,1528,1407
0,6756,28,44860,1031,1117,5573,11382,12660,39856,29862,469,18330,396,936,304,366,17445,304,1635,270,83020,6814,260,9773,2755,88031,28,342,696,554,611,3278,304,3549,6744,943,5573,11382,12660,39856,29862,469,18330,396,1142,611,1047,15859,2184,270,83020,6814,7874,1699,16,3211,14,436,344,554,44453,362,83020,39999,304,4219,3624,42422,14,35721,14,305,42259,4653,396,2231,366,27081,1936,270,6814,588,40075,16,12148,14,1117,6537,469,5024,23840,305,29306,2231,990,366,488,201,6756,28,3721,440,509,3396,3052,1093,3810,7165,294,107696,4653,396,1494,611,88280,2184,270,7874,1699,294,260,83020,6814,2755,88031,28,56776,14,2155,477,1093,3810,7165,294,107696,4653,396,1494,20598,2184,270,7874,1699,294,260,83020,6814,979,19,16,111624,22633,28,23258,11134,270,38318,294,710,6762,4312,14,20014,14,305,2123,6752,588,366,13250,14,4861,855,851,611,915,40421,469,4995,295,1688,11234,469,5407,339,20,16,17047,614,17143,28,38096,11305,54484,396,477,3510,377,270,12377,18571,305,588,30482,270,6762,734,10021,305,3987,7172,588,366,4401,339,21,16,23566,305,34519,28,37406,8934,5901,305,34519,362,270,6762,305,20014,14,2622,35183,14,36895,14,305,4682,16577,14,588,366,4190,305,14738,339,22,16,39098,305,10021,7172,28,79529,396,710,5033,8622,14,1345,412,5706,3977,14,21534,14,305,17843,14,344,3510,305,295,1894,3946,5664,509,1660,37857,588,366,260,8851,339,23,16,963,263,1933,282,1014,28,111624,17344,93437,1014,362,270,6762,304,13413,362,270,6814,14,4861,855,851,611,554,7451,3672,295,260,1606,1014,14,588,366,4401,339,24,16,15925,21221,28,78337,21535,19576,14,37021,12054,14,305,15473,44575,362,270,6814,588,366,1014,55372,305,3506,16372,7874,339,25,16,24314,305,61814,4653,28,79529,396,710,6537,305,61814,23562,477,1811,14,1345,412,30323,14,9174,14,305,15616,23840,14,588,366,260,4190,1699,339,26,16,20836,305,25648,28,77781,4521,6258,305
0,6756,28,44860,1031,1117,5573,11382,12660,39856,29862,469,18330,396,936,304,366,17445,304,1635,270,83020,6814,260,9773,2755,88031,28,342,696,554,611,3278,304,3549,6744,943,5573,11382,12660,39856,29862,469,18330,396,1142,611,1047,15859,2184,270,83020,6814,7874,1699,16,3211,14,436,344,554,44453,362,83020,39999,304,4219,3624,42422,14,35721,14,305,42259,4653,396,2231,366,27081,1936,270,6814,588,40075,16,12148,14,1117,6537,469,5024,23840,305,29306,2231,990,366,488,201,6756,28,3721,440,509,3396,3052,1093,3810,7165,294,107696,4653,396,1494,611,88280,2184,270,7874,1699,294,260,83020,6814,2755,88031,28,56776,14,2155,477,1093,3810,7165,294,107696,4653,396,1494,20598,2184,270,7874,1699,294,260,83020,6814,979,19,16,111624,22633,28,23258,11134,270,38318,294,710,6762,4312,14,20014,14,305,2123,6752,588,366,13250,14,4861,855,851,611,915,40421,469,4995,295,1688,11234,469,5407,339,20,16,17047,614,17143,28,38096,11305,54484,396,477,3510,377,270,12377,18571,305,588,30482,270,6762,734,10021,305,3987,7172,588,366,4401,339,21,16,23566,305,34519,28,37406,8934,5901,305,34519,362,270,6762,305,20014,14,2622,35183,14,36895,14,305,4682,16577,14,588,366,4190,305,14738,339,22,16,39098,305,10021,7172,28,79529,396,710,5033,8622,14,1345,412,5706,3977,14,21534,14,305,17843,14,344,3510,305,295,1894,3946,5664,509,1660,37857,588,366,260,8851,339,23,16,963,263,1933,282,1014,28,111624,17344,93437,1014,362,270,6762,304,13413,362,270,6814,14,4861,855,851,611,554,7451,3672,295,260,1606,1014,14,588,366,4401,339,24,16,15925,21221,28,78337,21535,19576,14,37021,12054,14,305,15473,44575,362,270,6814,588,366,1014,55372,305,3506,16372,7874,339,25,16,24314,305,61814,4653,28,79529,396,710,6537,305,61814,23562,477,1811,14,1345,412,30323,14,9174,14,305,15616,23840,14,588,366,260,4190,1699,339,26,16,20836,305,25648,28,77781,4521,6258,305
0,6756,28,44860,1031,1117,5573,11382,12660,39856,29862,469,18330,396,936,304,366,17445,304,1635,270,83020,6814,260,9773,2755,88031,28,342,696,554,611,3278,304,3549,6744,943,5573,11382,12660,39856,29862,469,18330,396,1142,611,1047,15859,2184,270,83020,6814,7874,1699,16,3211,14,436,344,554,44453,362,83020,39999,304,4219,3624,42422,14,35721,14,305,42259,4653,396,2231,366,27081,1936,270,6814,588,40075,16,12148,14,1117,6537,469,5024,23840,305,29306,2231,990,366,488,201,6756,28,3721,440,509,3396,3052,1093,3810,7165,294,107696,4653,396,1494,611,88280,2184,270,7874,1699,294,260,83020,6814,2755,88031,28,56776,14,2155,477,1093,3810,7165,294,107696,4653,396,1494,20598,2184,270,7874,1699,294,260,83020,6814,979,19,16,111624,22633,28,23258,11134,270,38318,294,710,6762,4312,14,20014,14,305,2123,6752,588,366,13250,14,4861,855,851,611,915,40421,469,4995,295,1688,11234,469,5407,339,20,16,17047,614,17143,28,38096,11305,54484,396,477,3510,377,270,12377,18571,305,588,30482,270,6762,734,10021,305,3987,7172,588,366,4401,339,21,16,23566,305,34519,28,37406,8934,5901,305,34519,362,270,6762,305,20014,14,2622,35183,14,36895,14,305,4682,16577,14,588,366,4190,305,14738,339,22,16,39098,305,10021,7172,28,79529,396,710,5033,8622,14,1345,412,5706,3977,14,21534,14,305,17843,14,344,3510,305,295,1894,3946,5664,509,1660,37857,588,366,260,8851,339,23,16,963,263,1933,282,1014,28,111624,17344,93437,1014,362,270,6762,304,13413,362,270,6814,14,4861,855,851,611,554,7451,3672,295,260,1606,1014,14,588,366,4401,339,24,16,15925,21221,28,78337,21535,19576,14,37021,12054,14,305,15473,44575,362,270,6814,588,366,1014,55372,305,3506,16372,7874,339,25,16,24314,305,61814,4653,28,79529,396,710,6537,305,61814,23562,477,1811,14,1345,412,30323,14,9174,14,305,15616,23840,14,588,366,260,4190,1699,339,26,16,20836,305,25648,28,77781,4521,6258,305
0,6756,28,44860,1031,1117,5573,11382,12660,39856,29862,469,18330,396,936,304,366,17445,304,1635,270,83020,6814,260,9773,2755,88031,28,342,696,554,611,3278,304,3549,6744,943,5573,11382,12660,39856,29862,469,18330,396,1142,611,1047,15859,2184,270,83020,6814,7874,1699,16,3211,14,436,344,554,44453,362,83020,39999,304,4219,3624,42422,14,35721,14,305,42259,4653,396,2231,366,27081,1936,270,6814,588,40075,16,12148,14,1117,6537,469,5024,23840,305,29306,2231,990,366,488,201,6756,28,3721,440,509,3396,3052,1093,3810,7165,294,107696,4653,396,1494,611,88280,2184,270,7874,1699,294,260,83020,6814,2755,88031,28,56776,14,2155,477,1093,3810,7165,294,107696,4653,396,1494,20598,2184,270,7874,1699,294,260,83020,6814,979,19,16,111624,22633,28,23258,11134,270,38318,294,710,6762,4312,14,20014,14,305,2123,6752,588,366,13250,14,4861,855,851,611,915,40421,469,4995,295,1688,11234,469,5407,339,20,16,17047,614,17143,28,38096,11305,54484,396,477,3510,377,270,12377,18571,305,588,30482,270,6762,734,10021,305,3987,7172,588,366,4401,339,21,16,23566,305,34519,28,37406,8934,5901,305,34519,362,270,6762,305,20014,14,2622,35183,14,36895,14,305,4682,16577,14,588,366,4190,305,14738,339,22,16,39098,305,10021,7172,28,79529,396,710,5033,8622,14,1345,412,5706,3977,14,21534,14,305,17843,14,344,3510,305,295,1894,3946,5664,509,1660,37857,588,366,260,8851,339,23,16,963,263,1933,282,1014,28,111624,17344,93437,1014,362,270,6762,304,13413,362,270,6814,14,4861,855,851,611,554,7451,3672,295,260,1606,1014,14,588,366,4401,339,24,16,15925,21221,28,78337,21535,19576,14,37021,12054,14,305,15473,44575,362,270,6814,588,366,1014,55372,305,3506,16372,7874,339,25,16,24314,305,61814,4653,28,79529,396,710,6537,305,61814,23562,477,1811,14,1345,412,30323,14,9174,14,305,15616,23840,14,588,366,260,4190,1699,339,26,16,20836,305,25648,28,77781,4521,6258,305
0,6756,28,44860,1031,1117,5573,11382,12660,39856,29862,469,18330,396,936,304,366,17445,304,1635,270,83020,6814,260,9773,2755,88031,28,342,696,554,611,3278,304,3549,6744,943,5573,11382,12660,39856,29862,469,18330,396,1142,611,1047,15859,2184,270,83020,6814,7874,1699,16,3211,14,436,344,554,44453,362,83020,39999,304,4219,3624,42422,14,35721,14,305,42259,4653,396,2231,366,27081,1936,270,6814,588,40075,16,12148,14,1117,6537,469,5024,23840,305,29306,2231,990,366,488,201,6756,28,3721,440,509,3396,3052,1093,3810,7165,294,107696,4653,396,1494,611,88280,2184,270,7874,1699,294,260,83020,6814,2755,88031,28,56776,14,2155,477,1093,3810,7165,294,107696,4653,396,1494,20598,2184,270,7874,1699,294,260,83020,6814,979,19,16,111624,22633,28,23258,11134,270,38318,294,710,6762,4312,14,20014,14,305,2123,6752,588,366,13250,14,4861,855,851,611,915,40421,469,4995,295,1688,11234,469,5407,339,20,16,17047,614,17143,28,38096,11305,54484,396,477,3510,377,270,12377,18571,305,588,30482,270,6762,734,10021,305,3987,7172,588,366,4401,339,21,16,23566,305,34519,28,37406,8934,5901,305,34519,362,270,6762,305,20014,14,2622,35183,14,36895,14,305,4682,16577,14,588,366,4190,305,14738,339,22,16,39098,305,10021,7172,28,79529,396,710,5033,8622,14,1345,412,5706,3977,14,21534,14,305,17843,14,344,3510,305,295,1894,3946,5664,509,1660,37857,588,366,260,8851,339,23,16,963,263,1933,282,1014,28,111624,17344,93437,1014,362,270,6762,304,13413,362,270,6814,14,4861,855,851,611,554,7451,3672,295,260,1606,1014,14,588,366,4401,339,24,16,15925,21221,28,78337,21535,19576,14,37021,12054,14,305,15473,44575,362,270,6814,588,366,1014,55372,305,3506,16372,7874,339,25,16,24314,305,61814,4653,28,79529,396,710,6537,305,61814,23562,477,1811,14,1345,412,30323,14,9174,14,305,15616,23840,14,588,366,260,4190,1699,339,26,16,20836,305,25648,28,77781,4521,6258,305
0,6756,28,44860,1031,1117,5573,11382,12660,39856,29862,469,18330,396,936,304,366,17445,304,1635,270,83020,6814,260,9773,2755,88031,28,342,696,554,611,3278,304,3549,6744,943,5573,11382,12660,39856,29862,469,18330,396,1142,611,1047,15859,2184,270,83020,6814,7874,1699,16,3211,14,436,344,554,44453,362,83020,39999,304,4219,3624,42422,14,35721,14,305,42259,4653,396,2231,366,27081,1936,270,6814,588,40075,16,12148,14,1117,6537,469,5024,23840,305,29306,2231,990,366,488,201,6756,28,3721,440,509,3396,3052,1093,3810,7165,294,107696,4653,396,1494,611,88280,2184,270,7874,1699,294,260,83020,6814,2755,88031,28,56776,14,2155,477,1093,3810,7165,294,107696,4653,396,1494,20598,2184,270,7874,1699,294,260,83020,6814,979,19,16,111624,22633,28,23258,11134,270,38318,294,710,6762,4312,14,20014,14,305,2123,6752,588,366,13250,14,4861,855,851,611,915,40421,469,4995,295,1688,11234,469,5407,339,20,16,17047,614,17143,28,38096,11305,54484,396,477,3510,377,270,12377,18571,305,588,30482,270,6762,734,10021,305,3987,7172,588,366,4401,339,21,16,23566,305,34519,28,37406,8934,5901,305,34519,362,270,6762,305,20014,14,2622,35183,14,36895,14,305,4682,16577,14,588,366,4190,305,14738,339,22,16,39098,305,10021,7172,28,79529,396,710,5033,8622,14,1345,412,5706,3977,14,21534,14,305,17843,14,344,3510,305,295,1894,3946,5664,509,1660,37857,588,366,260,8851,339,23,16,963,263,1933,282,1014,28,111624,17344,93437,1014,362,270,6762,304,13413,362,270,6814,14,4861,855,851,611,554,7451,3672,295,260,1606,1014,14,588,366,4401,339,24,16,15925,21221,28,78337,21535,19576,14,37021,12054,14,305,15473,44575,362,270,6814,588,366,1014,55372,305,3506,16372,7874,339,25,16,24314,305,61814,4653,28,79529,396,710,6537,305,61814,23562,477,1811,14,1345,412,30323,14,9174,14,305,15616,23840,14,588,366,260,4190,1699,339,26,16,20836,305,25648,28,77781,4521,6258,305
0,45585,678,260,27757,294,4689,396,440,588,1178,1951,538,260,2339,16,1884,2511,14,440,588,1733,270,2339,14,440,588,96275,436,14,440,588,1733,270,4184,294,16612,14,5655,16,19825,678,260,10501,2310,294,4689,304,1178,1951,538,260,2339,339,19,16,5453,270,5221,2339,4508,304,4508,201,20,16,7643,328,270,2339,362,1840,6968,201,21,16,5453,270,4184,294,16612,201,22,16,5453,270,13401,305,11000,23440,201,23,16,5453,8261,76753,469,103323,201,24,16,5453,270,1257,305,2336,15174,294,1660,15363,201,25,16,11869,509,81662,305,1241,3846,1045,201,26,16,5453,21089,469,19202,1766,3051,201,27,16,11869,509,7178,14,26356,14,28657,14,305,33493,201,553,16,5453,4609,5807,685,305,22377,201,779,16,5453,270,92968,469,5508,201,736,16,11869,890,3549,3999,295,270,5508,201,907,16,5453,270,74737,469,17157,4868,201,929,16,5453,5539,33955,305,1522,33955,201,856,16,5453,3317,87462,469,1926,606,21965,201,926,16,5453,270,98578,14,3274,3899,14,469,1561,3899,201,1002,16,5453,270,16885,95881,4868,201,864,16,5453,270,3725,734,47744,469,582,18911,270,10433,4,4868,201,511,16,5453,2339,13712,469,76753,4502,201,397,16,5453,101881,469,33164,8900,513,3628,201,1602,16,44925,304,411,50995,91733,6013,201,1302,16,24844,260,6217,13672,469,2339,3862,201,1349,16,101773,260,2339,9162,2740,469,28393,201,1173,16,6948,3051,6005,40082,5430,6460,304,12440,304,270,2339,201,1069,16,6948,260,9421,12791,304,19392,270,2339,201,1450,16,12976,362,41901,469,25629,1812,260,5351,2019,343,261,6517,6394,682,1477,16,6948,260,1669,78,14687,469,26872,434,270,3051,304,3568,377,2239,5949,201,1449,16,5453,270,2339,295,260,1688,4063,343,8755,5520,682,1557,16,5453,260,13672,469,8317,28522,294,270,2339,201,1059,16,5453,270,2339,734,16425,38853,469,1559,4508,362,260,9708,18125,201,2181,16,5453,270,2339,734,9399,469,915,37805,362,15476
0,45585,678,260,27757,294,4689,396,440,588,1178,1951,538,260,2339,16,1884,2511,14,440,588,1733,270,2339,14,440,588,96275,436,14,440,588,1733,270,4184,294,16612,14,5655,16,19825,678,260,10501,2310,294,4689,304,1178,1951,538,260,2339,339,19,16,5453,270,5221,2339,4508,304,4508,201,20,16,7643,328,270,2339,362,1840,6968,201,21,16,5453,270,4184,294,16612,201,22,16,5453,270,13401,305,11000,23440,201,23,16,5453,8261,76753,469,103323,201,24,16,5453,270,1257,305,2336,15174,294,1660,15363,201,25,16,11869,509,81662,305,1241,3846,1045,201,26,16,5453,21089,469,19202,1766,3051,201,27,16,11869,509,7178,14,26356,14,28657,14,305,33493,201,553,16,5453,4609,5807,685,305,22377,201,779,16,5453,270,92968,469,5508,201,736,16,11869,890,3549,3999,295,270,5508,201,907,16,5453,270,74737,469,17157,4868,201,929,16,5453,5539,33955,305,1522,33955,201,856,16,5453,3317,87462,469,1926,606,21965,201,926,16,5453,270,98578,14,3274,3899,14,469,1561,3899,201,1002,16,5453,270,16885,95881,4868,201,864,16,5453,270,3725,734,47744,469,582,18911,270,10433,4,4868,201,511,16,5453,2339,13712,469,76753,4502,201,397,16,5453,101881,469,33164,8900,513,3628,201,1602,16,44925,304,411,50995,91733,6013,201,1302,16,24844,260,6217,13672,469,2339,3862,201,1349,16,101773,260,2339,9162,2740,469,28393,201,1173,16,6948,3051,6005,40082,5430,6460,304,12440,304,270,2339,201,1069,16,6948,260,9421,12791,304,19392,270,2339,201,1450,16,12976,362,41901,469,25629,1812,260,5351,2019,343,261,6517,6394,682,1477,16,6948,260,1669,78,14687,469,26872,434,270,3051,304,3568,377,2239,5949,201,1449,16,5453,270,2339,295,260,1688,4063,343,8755,5520,682,1557,16,5453,260,13672,469,8317,28522,294,270,2339,201,1059,16,5453,270,2339,734,16425,38853,469,1559,4508,362,260,9708,18125,201,2181,16,5453,270,2339,734,9399,469,915,37805,362,15476
0,45585,678,260,27757,294,4689,396,440,588,1178,1951,538,260,2339,16,1884,2511,14,440,588,1733,270,2339,14,440,588,96275,436,14,440,588,1733,270,4184,294,16612,14,5655,16,19825,678,260,10501,2310,294,4689,304,1178,1951,538,260,2339,339,19,16,5453,270,5221,2339,4508,304,4508,201,20,16,7643,328,270,2339,362,1840,6968,201,21,16,5453,270,4184,294,16612,201,22,16,5453,270,13401,305,11000,23440,201,23,16,5453,8261,76753,469,103323,201,24,16,5453,270,1257,305,2336,15174,294,1660,15363,201,25,16,11869,509,81662,305,1241,3846,1045,201,26,16,5453,21089,469,19202,1766,3051,201,27,16,11869,509,7178,14,26356,14,28657,14,305,33493,201,553,16,5453,4609,5807,685,305,22377,201,779,16,5453,270,92968,469,5508,201,736,16,11869,890,3549,3999,295,270,5508,201,907,16,5453,270,74737,469,17157,4868,201,929,16,5453,5539,33955,305,1522,33955,201,856,16,5453,3317,87462,469,1926,606,21965,201,926,16,5453,270,98578,14,3274,3899,14,469,1561,3899,201,1002,16,5453,270,16885,95881,4868,201,864,16,5453,270,3725,734,47744,469,582,18911,270,10433,4,4868,201,511,16,5453,2339,13712,469,76753,4502,201,397,16,5453,101881,469,33164,8900,513,3628,201,1602,16,44925,304,411,50995,91733,6013,201,1302,16,24844,260,6217,13672,469,2339,3862,201,1349,16,101773,260,2339,9162,2740,469,28393,201,1173,16,6948,3051,6005,40082,5430,6460,304,12440,304,270,2339,201,1069,16,6948,260,9421,12791,304,19392,270,2339,201,1450,16,12976,362,41901,469,25629,1812,260,5351,2019,343,261,6517,6394,682,1477,16,6948,260,1669,78,14687,469,26872,434,270,3051,304,3568,377,2239,5949,201,1449,16,5453,270,2339,295,260,1688,4063,343,8755,5520,682,1557,16,5453,260,13672,469,8317,28522,294,270,2339,201,1059,16,5453,270,2339,734,16425,38853,469,1559,4508,362,260,9708,18125,201,2181,16,5453,270,2339,734,9399,469,915,37805,362,15476
0,45585,678,260,27757,294,4689,396,440,588,1178,1951,538,260,2339,16,1884,2511,14,440,588,1733,270,2339,14,440,588,96275,436,14,440,588,1733,270,4184,294,16612,14,5655,16,19825,678,260,10501,2310,294,4689,304,1178,1951,538,260,2339,339,19,16,5453,270,5221,2339,4508,304,4508,201,20,16,7643,328,270,2339,362,1840,6968,201,21,16,5453,270,4184,294,16612,201,22,16,5453,270,13401,305,11000,23440,201,23,16,5453,8261,76753,469,103323,201,24,16,5453,270,1257,305,2336,15174,294,1660,15363,201,25,16,11869,509,81662,305,1241,3846,1045,201,26,16,5453,21089,469,19202,1766,3051,201,27,16,11869,509,7178,14,26356,14,28657,14,305,33493,201,553,16,5453,4609,5807,685,305,22377,201,779,16,5453,270,92968,469,5508,201,736,16,11869,890,3549,3999,295,270,5508,201,907,16,5453,270,74737,469,17157,4868,201,929,16,5453,5539,33955,305,1522,33955,201,856,16,5453,3317,87462,469,1926,606,21965,201,926,16,5453,270,98578,14,3274,3899,14,469,1561,3899,201,1002,16,5453,270,16885,95881,4868,201,864,16,5453,270,3725,734,47744,469,582,18911,270,10433,4,4868,201,511,16,5453,2339,13712,469,76753,4502,201,397,16,5453,101881,469,33164,8900,513,3628,201,1602,16,44925,304,411,50995,91733,6013,201,1302,16,24844,260,6217,13672,469,2339,3862,201,1349,16,101773,260,2339,9162,2740,469,28393,201,1173,16,6948,3051,6005,40082,5430,6460,304,12440,304,270,2339,201,1069,16,6948,260,9421,12791,304,19392,270,2339,201,1450,16,12976,362,41901,469,25629,1812,260,5351,2019,343,261,6517,6394,682,1477,16,6948,260,1669,78,14687,469,26872,434,270,3051,304,3568,377,2239,5949,201,1449,16,5453,270,2339,295,260,1688,4063,343,8755,5520,682,1557,16,5453,260,13672,469,8317,28522,294,270,2339,201,1059,16,5453,270,2339,734,16425,38853,469,1559,4508,362,260,9708,18125,201,2181,16,5453,270,2339,734,9399,469,915,37805,362,15476
0,45585,678,260,27757,294,4689,396,440,588,1178,1951,538,260,2339,16,1884,2511,14,440,588,1733,270,2339,14,440,588,96275,436,14,440,588,1733,270,4184,294,16612,14,5655,16,19825,678,260,10501,2310,294,4689,304,1178,1951,538,260,2339,339,19,16,5453,270,5221,2339,4508,304,4508,201,20,16,7643,328,270,2339,362,1840,6968,201,21,16,5453,270,4184,294,16612,201,22,16,5453,270,13401,305,11000,23440,201,23,16,5453,8261,76753,469,103323,201,24,16,5453,270,1257,305,2336,15174,294,1660,15363,201,25,16,11869,509,81662,305,1241,3846,1045,201,26,16,5453,21089,469,19202,1766,3051,201,27,16,11869,509,7178,14,26356,14,28657,14,305,33493,201,553,16,5453,4609,5807,685,305,22377,201,779,16,5453,270,92968,469,5508,201,736,16,11869,890,3549,3999,295,270,5508,201,907,16,5453,270,74737,469,17157,4868,201,929,16,5453,5539,33955,305,1522,33955,201,856,16,5453,3317,87462,469,1926,606,21965,201,926,16,5453,270,98578,14,3274,3899,14,469,1561,3899,201,1002,16,5453,270,16885,95881,4868,201,864,16,5453,270,3725,734,47744,469,582,18911,270,10433,4,4868,201,511,16,5453,2339,13712,469,76753,4502,201,397,16,5453,101881,469,33164,8900,513,3628,201,1602,16,44925,304,411,50995,91733,6013,201,1302,16,24844,260,6217,13672,469,2339,3862,201,1349,16,101773,260,2339,9162,2740,469,28393,201,1173,16,6948,3051,6005,40082,5430,6460,304,12440,304,270,2339,201,1069,16,6948,260,9421,12791,304,19392,270,2339,201,1450,16,12976,362,41901,469,25629,1812,260,5351,2019,343,261,6517,6394,682,1477,16,6948,260,1669,78,14687,469,26872,434,270,3051,304,3568,377,2239,5949,201,1449,16,5453,270,2339,295,260,1688,4063,343,8755,5520,682,1557,16,5453,260,13672,469,8317,28522,294,270,2339,201,1059,16,5453,270,2339,734,16425,38853,469,1559,4508,362,260,9708,18125,201,2181,16,5453,270,2339,734,9399,469,915,37805,362,15476
0,45585,678,260,27757,294,4689,396,440,588,1178,1951,538,260,2339,16,1884,2511,14,440,588,1733,270,2339,14,440,588,96275,436,14,440,588,1733,270,4184,294,16612,14,5655,16,19825,678,260,10501,2310,294,4689,304,1178,1951,538,260,2339,339,19,16,5453,270,5221,2339,4508,304,4508,201,20,16,7643,328,270,2339,362,1840,6968,201,21,16,5453,270,4184,294,16612,201,22,16,5453,270,13401,305,11000,23440,201,23,16,5453,8261,76753,469,103323,201,24,16,5453,270,1257,305,2336,15174,294,1660,15363,201,25,16,11869,509,81662,305,1241,3846,1045,201,26,16,5453,21089,469,19202,1766,3051,201,27,16,11869,509,7178,14,26356,14,28657,14,305,33493,201,553,16,5453,4609,5807,685,305,22377,201,779,16,5453,270,92968,469,5508,201,736,16,11869,890,3549,3999,295,270,5508,201,907,16,5453,270,74737,469,17157,4868,201,929,16,5453,5539,33955,305,1522,33955,201,856,16,5453,3317,87462,469,1926,606,21965,201,926,16,5453,270,98578,14,3274,3899,14,469,1561,3899,201,1002,16,5453,270,16885,95881,4868,201,864,16,5453,270,3725,734,47744,469,582,18911,270,10433,4,4868,201,511,16,5453,2339,13712,469,76753,4502,201,397,16,5453,101881,469,33164,8900,513,3628,201,1602,16,44925,304,411,50995,91733,6013,201,1302,16,24844,260,6217,13672,469,2339,3862,201,1349,16,101773,260,2339,9162,2740,469,28393,201,1173,16,6948,3051,6005,40082,5430,6460,304,12440,304,270,2339,201,1069,16,6948,260,9421,12791,304,19392,270,2339,201,1450,16,12976,362,41901,469,25629,1812,260,5351,2019,343,261,6517,6394,682,1477,16,6948,260,1669,78,14687,469,26872,434,270,3051,304,3568,377,2239,5949,201,1449,16,5453,270,2339,295,260,1688,4063,343,8755,5520,682,1557,16,5453,260,13672,469,8317,28522,294,270,2339,201,1059,16,5453,270,2339,734,16425,38853,469,1559,4508,362,260,9708,18125,201,2181,16,5453,270,2339,734,9399,469,915,37805,362,15476
0,3085,477,270,1234,1688,43924,68574,396,31818,27940,37347,5646,4054,343,19568,2329,294,270,68574,682,7805,28,539,19,16,223,792,22,117264,343,3465,71,638,7017,26805,682,20,16,223,792,23,7213,7697,343,3465,71,638,270,43473,26805,682,39059,14,270,3417,20407,362,582,23315,1688,43924,68574,4,565,5281,68574,377,1688,58748,16,117264,344,295,4174,343,20022,11,305,7213,7697,344,295,4174,343,51725,797,3841,734,554,1688,58748,16,4480,678,59615,339,73498,14,4735,509,270,5148,850,13254,565,270,3417,20407,943,582,107246,68574,4,778,2786,2716,68574,377,1688,58748,16,4480,678,2118,943,1205,68574,31818,27940,37347,5646,979,7054,270,5148,14,31818,27940,37347,5646,1137,19,16,455,223,792,22,117264,36350,201,20,16,455,223,792,23,7213,7697,271,4146,1305,477,1952,295,4174,16,437,6002,14,790,270,3417,4230,582,23315,1688,43924,68574,4,565,10796,436,3189,68574,396,477,582,107246,4,295,4936,343,8679,12115,103758,5516,469,3631,43924,79794,53979,39059,14,342,1309,304,59615,16,455,3417,2786,366,24783,304,68574,377,1688,58748,16,4480,678,1747,509,566,22515,16,19817,270,3287,10045,1137,15,117264,343,29207,682,15,14030,7697,343,60260,11,469,3076,7697,343,32424,5992,868,4146,538,270,5148,2910,14,342,1353,1762,117264,305,7213,7697,9475,16,4480,678,322,41678,270,5148,3108,73498,14,342,2090,1664,611,270,3530,5148,16,15557,377,1205,734,4496,14,31818,27940,37347,5646,270,223,792,22,117264,305,270,223,792,23,7213,7697,16,2275,1305,477,1952,6919,68574,16,1004,42,6002,14,8808,270,3417,344,29999,2004,284,14,469,8808,582,107246,4,2155,3189,3061,3006,16,4480,678,1438,3287,2951,377,1205,734,295,270,5148,979,108948,27940,37347,5646,1137,19,16,223,792,22,117264,201,20,16,223,792,23,7213,7697,271,4146,6361,565,270,3417,11359,20407,362,582,23315,1688,43924,68574,4,565,10796,342,4571,12070,3061,16,19817,270,3287,1531,366,270
0,3085,477,270,1234,1688,43924,68574,396,31818,27940,37347,5646,4054,343,19568,2329,294,270,68574,682,7805,28,539,19,16,223,792,22,117264,343,3465,71,638,7017,26805,682,20,16,223,792,23,7213,7697,343,3465,71,638,270,43473,26805,682,39059,14,270,3417,20407,362,582,23315,1688,43924,68574,4,565,5281,68574,377,1688,58748,16,117264,344,295,4174,343,20022,11,305,7213,7697,344,295,4174,343,51725,797,3841,734,554,1688,58748,16,4480,678,59615,339,73498,14,4735,509,270,5148,850,13254,565,270,3417,20407,943,582,107246,68574,4,778,2786,2716,68574,377,1688,58748,16,4480,678,2118,943,1205,68574,31818,27940,37347,5646,979,7054,270,5148,14,31818,27940,37347,5646,1137,19,16,455,223,792,22,117264,36350,201,20,16,455,223,792,23,7213,7697,271,4146,1305,477,1952,295,4174,16,437,6002,14,790,270,3417,4230,582,23315,1688,43924,68574,4,565,10796,436,3189,68574,396,477,582,107246,4,295,4936,343,8679,12115,103758,5516,469,3631,43924,79794,53979,39059,14,342,1309,304,59615,16,455,3417,2786,366,24783,304,68574,377,1688,58748,16,4480,678,1747,509,566,22515,16,19817,270,3287,10045,1137,15,117264,343,29207,682,15,14030,7697,343,60260,11,469,3076,7697,343,32424,5992,868,4146,538,270,5148,2910,14,342,1353,1762,117264,305,7213,7697,9475,16,4480,678,322,41678,270,5148,3108,73498,14,342,2090,1664,611,270,3530,5148,16,15557,377,1205,734,4496,14,31818,27940,37347,5646,270,223,792,22,117264,305,270,223,792,23,7213,7697,16,2275,1305,477,1952,6919,68574,16,1004,42,6002,14,8808,270,3417,344,29999,2004,284,14,469,8808,582,107246,4,2155,3189,3061,3006,16,4480,678,1438,3287,2951,377,1205,734,295,270,5148,979,108948,27940,37347,5646,1137,19,16,223,792,22,117264,201,20,16,223,792,23,7213,7697,271,4146,6361,565,270,3417,11359,20407,362,582,23315,1688,43924,68574,4,565,10796,342,4571,12070,3061,16,19817,270,3287,1531,366,270
0,3085,477,270,1234,1688,43924,68574,396,31818,27940,37347,5646,4054,343,19568,2329,294,270,68574,682,7805,28,539,19,16,223,792,22,117264,343,3465,71,638,7017,26805,682,20,16,223,792,23,7213,7697,343,3465,71,638,270,43473,26805,682,39059,14,270,3417,20407,362,582,23315,1688,43924,68574,4,565,5281,68574,377,1688,58748,16,117264,344,295,4174,343,20022,11,305,7213,7697,344,295,4174,343,51725,797,3841,734,554,1688,58748,16,4480,678,59615,339,73498,14,4735,509,270,5148,850,13254,565,270,3417,20407,943,582,107246,68574,4,778,2786,2716,68574,377,1688,58748,16,4480,678,2118,943,1205,68574,31818,27940,37347,5646,979,7054,270,5148,14,31818,27940,37347,5646,1137,19,16,455,223,792,22,117264,36350,201,20,16,455,223,792,23,7213,7697,271,4146,1305,477,1952,295,4174,16,437,6002,14,790,270,3417,4230,582,23315,1688,43924,68574,4,565,10796,436,3189,68574,396,477,582,107246,4,295,4936,343,8679,12115,103758,5516,469,3631,43924,79794,53979,39059,14,342,1309,304,59615,16,455,3417,2786,366,24783,304,68574,377,1688,58748,16,4480,678,1747,509,566,22515,16,19817,270,3287,10045,1137,15,117264,343,29207,682,15,14030,7697,343,60260,11,469,3076,7697,343,32424,5992,868,4146,538,270,5148,2910,14,342,1353,1762,117264,305,7213,7697,9475,16,4480,678,322,41678,270,5148,3108,73498,14,342,2090,1664,611,270,3530,5148,16,15557,377,1205,734,4496,14,31818,27940,37347,5646,270,223,792,22,117264,305,270,223,792,23,7213,7697,16,2275,1305,477,1952,6919,68574,16,1004,42,6002,14,8808,270,3417,344,29999,2004,284,14,469,8808,582,107246,4,2155,3189,3061,3006,16,4480,678,1438,3287,2951,377,1205,734,295,270,5148,979,108948,27940,37347,5646,1137,19,16,223,792,22,117264,201,20,16,223,792,23,7213,7697,271,4146,6361,565,270,3417,11359,20407,362,582,23315,1688,43924,68574,4,565,10796,342,4571,12070,3061,16,19817,270,3287,1531,366,270
0,3085,477,270,1234,1688,43924,68574,396,31818,27940,37347,5646,4054,343,19568,2329,294,270,68574,682,7805,28,539,19,16,223,792,22,117264,343,3465,71,638,7017,26805,682,20,16,223,792,23,7213,7697,343,3465,71,638,270,43473,26805,682,39059,14,270,3417,20407,362,582,23315,1688,43924,68574,4,565,5281,68574,377,1688,58748,16,117264,344,295,4174,343,20022,11,305,7213,7697,344,295,4174,343,51725,797,3841,734,554,1688,58748,16,4480,678,59615,339,73498,14,4735,509,270,5148,850,13254,565,270,3417,20407,943,582,107246,68574,4,778,2786,2716,68574,377,1688,58748,16,4480,678,2118,943,1205,68574,31818,27940,37347,5646,979,7054,270,5148,14,31818,27940,37347,5646,1137,19,16,455,223,792,22,117264,36350,201,20,16,455,223,792,23,7213,7697,271,4146,1305,477,1952,295,4174,16,437,6002,14,790,270,3417,4230,582,23315,1688,43924,68574,4,565,10796,436,3189,68574,396,477,582,107246,4,295,4936,343,8679,12115,103758,5516,469,3631,43924,79794,53979,39059,14,342,1309,304,59615,16,455,3417,2786,366,24783,304,68574,377,1688,58748,16,4480,678,1747,509,566,22515,16,19817,270,3287,10045,1137,15,117264,343,29207,682,15,14030,7697,343,60260,11,469,3076,7697,343,32424,5992,868,4146,538,270,5148,2910,14,342,1353,1762,117264,305,7213,7697,9475,16,4480,678,322,41678,270,5148,3108,73498,14,342,2090,1664,611,270,3530,5148,16,15557,377,1205,734,4496,14,31818,27940,37347,5646,270,223,792,22,117264,305,270,223,792,23,7213,7697,16,2275,1305,477,1952,6919,68574,16,1004,42,6002,14,8808,270,3417,344,29999,2004,284,14,469,8808,582,107246,4,2155,3189,3061,3006,16,4480,678,1438,3287,2951,377,1205,734,295,270,5148,979,108948,27940,37347,5646,1137,19,16,223,792,22,117264,201,20,16,223,792,23,7213,7697,271,4146,6361,565,270,3417,11359,20407,362,582,23315,1688,43924,68574,4,565,10796,342,4571,12070,3061,16,19817,270,3287,1531,366,270
0,3085,477,270,1234,1688,43924,68574,396,31818,27940,37347,5646,4054,343,19568,2329,294,270,68574,682,7805,28,539,19,16,223,792,22,117264,343,3465,71,638,7017,26805,682,20,16,223,792,23,7213,7697,343,3465,71,638,270,43473,26805,682,39059,14,270,3417,20407,362,582,23315,1688,43924,68574,4,565,5281,68574,377,1688,58748,16,117264,344,295,4174,343,20022,11,305,7213,7697,344,295,4174,343,51725,797,3841,734,554,1688,58748,16,4480,678,59615,339,73498,14,4735,509,270,5148,850,13254,565,270,3417,20407,943,582,107246,68574,4,778,2786,2716,68574,377,1688,58748,16,4480,678,2118,943,1205,68574,31818,27940,37347,5646,979,7054,270,5148,14,31818,27940,37347,5646,1137,19,16,455,223,792,22,117264,36350,201,20,16,455,223,792,23,7213,7697,271,4146,1305,477,1952,295,4174,16,437,6002,14,790,270,3417,4230,582,23315,1688,43924,68574,4,565,10796,436,3189,68574,396,477,582,107246,4,295,4936,343,8679,12115,103758,5516,469,3631,43924,79794,53979,39059,14,342,1309,304,59615,16,455,3417,2786,366,24783,304,68574,377,1688,58748,16,4480,678,1747,509,566,22515,16,19817,270,3287,10045,1137,15,117264,343,29207,682,15,14030,7697,343,60260,11,469,3076,7697,343,32424,5992,868,4146,538,270,5148,2910,14,342,1353,1762,117264,305,7213,7697,9475,16,4480,678,322,41678,270,5148,3108,73498,14,342,2090,1664,611,270,3530,5148,16,15557,377,1205,734,4496,14,31818,27940,37347,5646,270,223,792,22,117264,305,270,223,792,23,7213,7697,16,2275,1305,477,1952,6919,68574,16,1004,42,6002,14,8808,270,3417,344,29999,2004,284,14,469,8808,582,107246,4,2155,3189,3061,3006,16,4480,678,1438,3287,2951,377,1205,734,295,270,5148,979,108948,27940,37347,5646,1137,19,16,223,792,22,117264,201,20,16,223,792,23,7213,7697,271,4146,6361,565,270,3417,11359,20407,362,582,23315,1688,43924,68574,4,565,10796,342,4571,12070,3061,16,19817,270,3287,1531,366,270
0,3085,477,270,1234,1688,43924,68574,396,31818,27940,37347,5646,4054,343,19568,2329,294,270,68574,682,7805,28,539,19,16,223,792,22,117264,343,3465,71,638,7017,26805,682,20,16,223,792,23,7213,7697,343,3465,71,638,270,43473,26805,682,39059,14,270,3417,20407,362,582,23315,1688,43924,68574,4,565,5281,68574,377,1688,58748,16,117264,344,295,4174,343,20022,11,305,7213,7697,344,295,4174,343,51725,797,3841,734,554,1688,58748,16,4480,678,59615,339,73498,14,4735,509,270,5148,850,13254,565,270,3417,20407,943,582,107246,68574,4,778,2786,2716,68574,377,1688,58748,16,4480,678,2118,943,1205,68574,31818,27940,37347,5646,979,7054,270,5148,14,31818,27940,37347,5646,1137,19,16,455,223,792,22,117264,36350,201,20,16,455,223,792,23,7213,7697,271,4146,1305,477,1952,295,4174,16,437,6002,14,790,270,3417,4230,582,23315,1688,43924,68574,4,565,10796,436,3189,68574,396,477,582,107246,4,295,4936,343,8679,12115,103758,5516,469,3631,43924,79794,53979,39059,14,342,1309,304,59615,16,455,3417,2786,366,24783,304,68574,377,1688,58748,16,4480,678,1747,509,566,22515,16,19817,270,3287,10045,1137,15,117264,343,29207,682,15,14030,7697,343,60260,11,469,3076,7697,343,32424,5992,868,4146,538,270,5148,2910,14,342,1353,1762,117264,305,7213,7697,9475,16,4480,678,322,41678,270,5148,3108,73498,14,342,2090,1664,611,270,3530,5148,16,15557,377,1205,734,4496,14,31818,27940,37347,5646,270,223,792,22,117264,305,270,223,792,23,7213,7697,16,2275,1305,477,1952,6919,68574,16,1004,42,6002,14,8808,270,3417,344,29999,2004,284,14,469,8808,582,107246,4,2155,3189,3061,3006,16,4480,678,1438,3287,2951,377,1205,734,295,270,5148,979,108948,27940,37347,5646,1137,19,16,223,792,22,117264,201,20,16,223,792,23,7213,7697,271,4146,6361,565,270,3417,11359,20407,362,582,23315,1688,43924,68574,4,565,10796,342,4571,12070,3061,16,19817,270,3287,1531,366,270
0,2337,2019,344,13313,304,5085,260,2019,304,1895,1948,8454,778,611,60183,412,786,26926,295,270,2910,3418,603,2107,769,260,15398,979,3465,1895,19525,119906,40063,26246,2605,204,201,223,676,438,223,18,204,201,223,28883,11431,438,13771,67,1780,905,71,1780,905,75,1780,905,81,1780,905,87,6713,204,201,223,362,33702,295,3291,10,19,14,9080,40063,26246,11,940,223,19,2605,204,201,361,855,1950,26246,51650,63,554,295,28883,11431,305,343,7958,26246,51650,565,223,19,63,295,28883,11431,469,1950,26246,51650,940,223,19,63,295,28883,11431,2605,204,201,1445,676,7004,223,19,204,201,223,855,1950,26246,61,18,63,554,295,28883,11431,305,1950,26246,61,19,63,295,28883,11431,28,204,201,361,676,7004,223,19,204,201,223,855,1950,26246,26913,19,63,554,295,28883,11431,305,1950,26246,26913,20,63,295,28883,11431,28,204,201,361,676,7004,223,19,204,201,223,1354,676,201,3085,344,270,15398,33,1,271,671,15398,344,396,270,12175,7881,538,223,19,304,9080,40063,26246,11,23717,14,790,270,2336,5508,294,260,3418,344,9080,40063,26246,9908,19,16,3016,1950,26246,51650,63,759,366,798,294,37238,1082,33702,438,9080,40063,26246,797,9085,14,1950,26246,51650,940,223,19,63,759,366,798,294,37238,1082,33702,438,9080,40063,26246,9908,19,16,455,12175,1531,807,538,223,19,304,9080,40063,26246,9908,19,23511,14,305,270,1257,305,2336,8454,1531,366,30494,25997,16,1,1,1,1,1,1,1,16,1,16,1,16,1,16,1,16,1,16,1,16,1,16,1,16,1,16,1,16,1,16,1,16,1,16,1,16,1,16,1,16,1,16,1,16,1,16,1,16,1,16,1,16,1,16,1,16,1,16,1,16,1,16,1,16,1,16,1,16,1,16,1,16,1,16,1,16,1,16,1,16,30750,16,17125,1836,16,30750,16,17125,1836,16,30750,16,17125,1836,16,30750,16,17125,1836,16,30750
0,2337,2019,344,13313,304,5085,260,2019,304,1895,1948,8454,778,611,60183,412,786,26926,295,270,2910,3418,603,2107,769,260,15398,979,3465,1895,19525,119906,40063,26246,2605,204,201,223,676,438,223,18,204,201,223,28883,11431,438,13771,67,1780,905,71,1780,905,75,1780,905,81,1780,905,87,6713,204,201,223,362,33702,295,3291,10,19,14,9080,40063,26246,11,940,223,19,2605,204,201,361,855,1950,26246,51650,63,554,295,28883,11431,305,343,7958,26246,51650,565,223,19,63,295,28883,11431,469,1950,26246,51650,940,223,19,63,295,28883,11431,2605,204,201,1445,676,7004,223,19,204,201,223,855,1950,26246,61,18,63,554,295,28883,11431,305,1950,26246,61,19,63,295,28883,11431,28,204,201,361,676,7004,223,19,204,201,223,855,1950,26246,26913,19,63,554,295,28883,11431,305,1950,26246,26913,20,63,295,28883,11431,28,204,201,361,676,7004,223,19,204,201,223,1354,676,201,3085,344,270,15398,33,1,271,671,15398,344,396,270,12175,7881,538,223,19,304,9080,40063,26246,11,23717,14,790,270,2336,5508,294,260,3418,344,9080,40063,26246,9908,19,16,3016,1950,26246,51650,63,759,366,798,294,37238,1082,33702,438,9080,40063,26246,797,9085,14,1950,26246,51650,940,223,19,63,759,366,798,294,37238,1082,33702,438,9080,40063,26246,9908,19,16,455,12175,1531,807,538,223,19,304,9080,40063,26246,9908,19,23511,14,305,270,1257,305,2336,8454,1531,366,30494,25997,16,1,1,1,1,1,1,1,16,1,16,1,16,1,16,1,16,1,16,1,16,1,16,1,16,1,16,1,16,1,16,1,16,1,16,1,16,1,16,1,16,1,16,1,16,1,16,1,16,1,16,1,16,1,16,1,16,1,16,1,16,1,16,1,16,1,16,1,16,1,16,1,16,1,16,1,16,1,16,1,16,30750,16,17125,1836,16,30750,16,17125,1836,16,30750,16,17125,1836,16,30750,16,17125
0,2337,2019,344,13313,304,5085,260,2019,304,1895,1948,8454,778,611,60183,412,786,26926,295,270,2910,3418,603,2107,769,260,15398,979,3465,1895,19525,119906,40063,26246,2605,204,201,223,676,438,223,18,204,201,223,28883,11431,438,13771,67,1780,905,71,1780,905,75,1780,905,81,1780,905,87,6713,204,201,223,362,33702,295,3291,10,19,14,9080,40063,26246,11,940,223,19,2605,204,201,361,855,1950,26246,51650,63,554,295,28883,11431,305,343,7958,26246,51650,565,223,19,63,295,28883,11431,469,1950,26246,51650,940,223,19,63,295,28883,11431,2605,204,201,1445,676,7004,223,19,204,201,223,855,1950,26246,61,18,63,554,295,28883,11431,305,1950,26246,61,19,63,295,28883,11431,28,204,201,361,676,7004,223,19,204,201,223,855,1950,26246,26913,19,63,554,295,28883,11431,305,1950,26246,26913,20,63,295,28883,11431,28,204,201,361,676,7004,223,19,204,201,223,1354,676,201,3085,344,270,15398,33,1,271,671,15398,344,396,270,12175,7881,538,223,19,304,9080,40063,26246,11,23717,14,790,270,2336,5508,294,260,3418,344,9080,40063,26246,9908,19,16,3016,1950,26246,51650,63,759,366,798,294,37238,1082,33702,438,9080,40063,26246,797,9085,14,1950,26246,51650,940,223,19,63,759,366,798,294,37238,1082,33702,438,9080,40063,26246,9908,19,16,455,12175,1531,807,538,223,19,304,9080,40063,26246,9908,19,23511,14,305,270,1257,305,2336,8454,1531,366,30494,25997,16,1,1,1,1,1,1,1,16,1,16,1,16,1,16,1,16,1,16,1,16,1,16,1,16,1,16,1,16,1,16,1,16,1,16,1,16,1,16,1,16,1,16,1,16,1,16,1,16,1,16,1,16,1,16,1,16,1,16,1,16,1,16,1,16,1,16,1,16,1,16,1,16,1,16,1,16,1,16,1,16,30750,16,17125,1836,16,30750,16,17125,1836,16,30750,16,17125,1836,16,30750,16,17125
0,2337,2019,344,13313,304,5085,260,2019,304,1895,1948,8454,778,611,60183,412,786,26926,295,270,2910,3418,603,2107,769,260,15398,979,3465,1895,19525,119906,40063,26246,2605,204,201,223,676,438,223,18,204,201,223,28883,11431,438,13771,67,1780,905,71,1780,905,75,1780,905,81,1780,905,87,6713,204,201,223,362,33702,295,3291,10,19,14,9080,40063,26246,11,940,223,19,2605,204,201,361,855,1950,26246,51650,63,554,295,28883,11431,305,343,7958,26246,51650,565,223,19,63,295,28883,11431,469,1950,26246,51650,940,223,19,63,295,28883,11431,2605,204,201,1445,676,7004,223,19,204,201,223,855,1950,26246,61,18,63,554,295,28883,11431,305,1950,26246,61,19,63,295,28883,11431,28,204,201,361,676,7004,223,19,204,201,223,855,1950,26246,26913,19,63,554,295,28883,11431,305,1950,26246,26913,20,63,295,28883,11431,28,204,201,361,676,7004,223,19,204,201,223,1354,676,201,3085,344,270,15398,33,1,271,671,15398,344,396,270,12175,7881,538,223,19,304,9080,40063,26246,11,23717,14,790,270,2336,5508,294,260,3418,344,9080,40063,26246,9908,19,16,3016,1950,26246,51650,63,759,366,798,294,37238,1082,33702,438,9080,40063,26246,797,9085,14,1950,26246,51650,940,223,19,63,759,366,798,294,37238,1082,33702,438,9080,40063,26246,9908,19,16,455,12175,1531,807,538,223,19,304,9080,40063,26246,9908,19,23511,14,305,270,1257,305,2336,8454,1531,366,30494,25997,16,1,1,1,1,1,1,1,16,1,16,1,16,1,16,1,16,1,16,1,16,1,16,1,16,1,16,1,16,1,16,1,16,1,16,1,16,1,16,1,16,1,16,1,16,1,16,1,16,1,16,1,16,1,16,1,16,1,16,1,16,1,16,1,16,1,16,1,16,1,16,1,16,1,16,1,16,1,16,1,16,30750,16,17125,1836,16,30750,16,17125,1836,16,30750,16,17125,1836,16,30750,16,17125
0,2337,2019,344,13313,304,5085,260,2019,304,1895,1948,8454,778,611,60183,412,786,26926,295,270,2910,3418,603,2107,769,260,15398,979,3465,1895,19525,119906,40063,26246,2605,204,201,223,676,438,223,18,204,201,223,28883,11431,438,13771,67,1780,905,71,1780,905,75,1780,905,81,1780,905,87,6713,204,201,223,362,33702,295,3291,10,19,14,9080,40063,26246,11,940,223,19,2605,204,201,361,855,1950,26246,51650,63,554,295,28883,11431,305,343,7958,26246,51650,565,223,19,63,295,28883,11431,469,1950,26246,51650,940,223,19,63,295,28883,11431,2605,204,201,1445,676,7004,223,19,204,201,223,855,1950,26246,61,18,63,554,295,28883,11431,305,1950,26246,61,19,63,295,28883,11431,28,204,201,361,676,7004,223,19,204,201,223,855,1950,26246,26913,19,63,554,295,28883,11431,305,1950,26246,26913,20,63,295,28883,11431,28,204,201,361,676,7004,223,19,204,201,223,1354,676,201,3085,344,270,15398,33,1,271,671,15398,344,396,270,12175,7881,538,223,19,304,9080,40063,26246,11,23717,14,790,270,2336,5508,294,260,3418,344,9080,40063,26246,9908,19,16,3016,1950,26246,51650,63,759,366,798,294,37238,1082,33702,438,9080,40063,26246,797,9085,14,1950,26246,51650,940,223,19,63,759,366,798,294,37238,1082,33702,438,9080,40063,26246,9908,19,16,455,12175,1531,807,538,223,19,304,9080,40063,26246,9908,19,23511,14,305,270,1257,305,2336,8454,1531,366,30494,25997,16,1,1,1,1,1,1,1,16,1,16,1,16,1,16,1,16,1,16,1,16,1,16,1,16,1,16,1,16,1,16,1,16,1,16,1,16,1,16,1,16,1,16,1,16,1,16,1,16,1,16,1,16,1,16,1,16,1,16,1,16,1,16,1,16,1,16,1,16,1,16,1,16,1,16,1,16,1,16,1,16,30750,16,17125,1836,16,30750,16,17125,1836,16,30750,16,17125,1836,16,30750,16,17125
0,2337,2019,344,13313,304,5085,260,2019,304,1895,1948,8454,778,611,60183,412,786,26926,295,270,2910,3418,603,2107,769,260,15398,979,3465,1895,19525,119906,40063,26246,2605,204,201,223,676,438,223,18,204,201,223,28883,11431,438,13771,67,1780,905,71,1780,905,75,1780,905,81,1780,905,87,6713,204,201,223,362,33702,295,3291,10,19,14,9080,40063,26246,11,940,223,19,2605,204,201,361,855,1950,26246,51650,63,554,295,28883,11431,305,343,7958,26246,51650,565,223,19,63,295,28883,11431,469,1950,26246,51650,940,223,19,63,295,28883,11431,2605,204,201,1445,676,7004,223,19,204,201,223,855,1950,26246,61,18,63,554,295,28883,11431,305,1950,26246,61,19,63,295,28883,11431,28,204,201,361,676,7004,223,19,204,201,223,855,1950,26246,26913,19,63,554,295,28883,11431,305,1950,26246,26913,20,63,295,28883,11431,28,204,201,361,676,7004,223,19,204,201,223,1354,676,201,3085,344,270,15398,33,1,271,671,15398,344,396,270,12175,7881,538,223,19,304,9080,40063,26246,11,23717,14,790,270,2336,5508,294,260,3418,344,9080,40063,26246,9908,19,16,3016,1950,26246,51650,63,759,366,798,294,37238,1082,33702,438,9080,40063,26246,797,9085,14,1950,26246,51650,940,223,19,63,759,366,798,294,37238,1082,33702,438,9080,40063,26246,9908,19,16,455,12175,1531,807,538,223,19,304,9080,40063,26246,9908,19,23511,14,305,270,1257,305,2336,8454,1531,366,30494,25997,16,1,1,1,1,1,1,1,16,1,16,1,16,1,16,1,16,1,16,1,16,1,16,1,16,1,16,1,16,1,16,1,16,1,16,1,16,1,16,1,16,1,16,1,16,1,16,1,16,1,16,1,16,1,16,1,16,1,16,1,16,1,16,1,16,1,16,1,16,1,16,1,16,1,16,1,16,1,16,1,16,30750,16,17125,1836,16,30750,16,17125,1836,16,30750,16,17125,1836,16,30750,16,17125,1836,16,30750
0,47,56969,344,26282,22367,377,34527,16,6952,294,969,223,1059,12011,14,223,25,1309,49520,22367,14,223,26,1309,41978,414,22367,14,305,2038,1482,1309,22367,396,477,1952,49520,305,41978,414,16,1730,1623,22367,1918,70259,7330,396,477,14160,41978,414,9311,49520,33,343,69355,28,17274,260,113633,11218,9508,5,70259,344,26282,22367,377,34527,16,6952,294,969,223,1059,12011,14,223,25,1309,49520,22367,14,223,26,1309,41978,414,22367,14,305,2038,1482,1309,22367,396,477,1952,49520,305,41978,414,16,1730,1623,22367,1918,70259,7330,396,477,14160,41978,414,9311,49520,33,343,69355,28,17274,260,113633,11218,9508,12602,699,32108,271,1002,463,18682,271,13918,20,28,36222,14,107749,14,1890,16981,47215,271,19342,20,16,24,28,19494,14,4275,14,1890,43989,24805,271,34723,223,25,3255,271,24971,4218,271,10375,271,47,56969,344,26282,22367,377,34527,16,6952,294,969,223,1059,12011,14,223,25,1309,49520,22367,14,223,26,1309,41978,414,22367,14,305,2038,1482,1309,22367,396,477,1952,49520,305,41978,414,16,1730,1623,22367,1918,70259,7330,396,477,14160,41978,414,9311,49520,33,343,69355,28,17274,260,113633,11218,9508,45324,11070,271,2337,3417,769,1047,22784,2596,51233,411,117393,49036,14,4630,362,270,1309,294,582,803,3383,41978,414,9311,49520,4,1812,260,113633,11218,339,34132,271,9832,223,19,271,9832,223,20,271,9832,223,21,271,9832,513,3132,271,46987,295,223,22,6531,418,223,21,7178,271,66094,4983,10365,271,24480,850,943,582,803,3383,41978,414,9311,49520,4,1812,260,113633,11218,339,66094,4983,10365,271,69544,3607,17543,362,2280,53598,11003,271,24480,850,943,566,10158,339,50249,260,5212,2417,505,33,6757,19665,13150,377,566,10158,734,3607,15417,339,69544,52010,362,440,271,12602,699,32108,271,1002,463,18682,271,14758,28,9203,33180,30864,24737,22,271,10726,41894,59802,61504,115440,14,9569,80704,27863,14931,271,15750,41894,59802,61504,115440,14,9569,80704,27863,14931,271,13918,19,28,70981
0,47,56969,344,26282,22367,377,34527,16,6952,294,969,223,1059,12011,14,223,25,1309,49520,22367,14,223,26,1309,41978,414,22367,14,305,2038,1482,1309,22367,396,477,1952,49520,305,41978,414,16,1730,1623,22367,1918,70259,7330,396,477,14160,41978,414,9311,49520,33,343,69355,28,17274,260,113633,11218,9508,5,70259,344,26282,22367,377,34527,16,6952,294,969,223,1059,12011,14,223,25,1309,49520,22367,14,223,26,1309,41978,414,22367,14,305,2038,1482,1309,22367,396,477,1952,49520,305,41978,414,16,1730,1623,22367,1918,70259,7330,396,477,14160,41978,414,9311,49520,33,343,69355,28,17274,260,113633,11218,9508,12602,699,32108,271,1002,463,18682,271,13918,20,28,36222,14,107749,14,1890,16981,47215,271,19342,20,16,24,28,19494,14,4275,14,1890,43989,24805,271,34723,223,25,3255,271,24971,4218,271,10375,271,47,56969,344,26282,22367,377,34527,16,6952,294,969,223,1059,12011,14,223,25,1309,49520,22367,14,223,26,1309,41978,414,22367,14,305,2038,1482,1309,22367,396,477,1952,49520,305,41978,414,16,1730,1623,22367,1918,70259,7330,396,477,14160,41978,414,9311,49520,33,343,69355,28,17274,260,113633,11218,9508,45324,11070,271,2337,3417,769,1047,22784,2596,51233,411,117393,49036,14,4630,362,270,1309,294,582,803,3383,41978,414,9311,49520,4,1812,260,113633,11218,339,34132,271,9832,223,19,271,9832,223,20,271,9832,223,21,271,9832,513,3132,271,46987,295,223,22,6531,418,223,21,7178,271,66094,4983,10365,271,24480,850,943,582,803,3383,41978,414,9311,49520,4,1812,260,113633,11218,339,66094,4983,10365,271,69544,3607,17543,362,2280,53598,11003,271,24480,850,943,566,10158,339,50249,260,5212,2417,505,33,6757,19665,13150,377,566,10158,734,3607,15417,339,69544,52010,362,440,271,12602,699,32108,271,1002,463,18682,271,14758,28,9203,33180,30864,24737,22,271,10726,41894,59802,61504,115440,14,9569,80704,27863,14931,271,15750,41894,59802,61504,115440,14,9569,80704,27863,14931,271,13918,19,28,70981
0,47,56969,344,26282,22367,377,34527,16,6952,294,969,223,1059,12011,14,223,25,1309,49520,22367,14,223,26,1309,41978,414,22367,14,305,2038,1482,1309,22367,396,477,1952,49520,305,41978,414,16,1730,1623,22367,1918,70259,7330,396,477,14160,41978,414,9311,49520,33,343,69355,28,17274,260,113633,11218,9508,5,70259,344,26282,22367,377,34527,16,6952,294,969,223,1059,12011,14,223,25,1309,49520,22367,14,223,26,1309,41978,414,22367,14,305,2038,1482,1309,22367,396,477,1952,49520,305,41978,414,16,1730,1623,22367,1918,70259,7330,396,477,14160,41978,414,9311,49520,33,343,69355,28,17274,260,113633,11218,9508,12602,699,32108,271,1002,463,18682,271,13918,20,28,36222,14,107749,14,1890,16981,47215,271,19342,20,16,24,28,19494,14,4275,14,1890,43989,24805,271,34723,223,25,3255,271,24971,4218,271,10375,271,47,56969,344,26282,22367,377,34527,16,6952,294,969,223,1059,12011,14,223,25,1309,49520,22367,14,223,26,1309,41978,414,22367,14,305,2038,1482,1309,22367,396,477,1952,49520,305,41978,414,16,1730,1623,22367,1918,70259,7330,396,477,14160,41978,414,9311,49520,33,343,69355,28,17274,260,113633,11218,9508,45324,11070,271,2337,3417,769,1047,22784,2596,51233,411,117393,49036,14,4630,362,270,1309,294,582,803,3383,41978,414,9311,49520,4,1812,260,113633,11218,339,34132,271,9832,223,19,271,9832,223,20,271,9832,223,21,271,9832,513,3132,271,46987,295,223,22,6531,418,223,21,7178,271,66094,4983,10365,271,24480,850,943,582,803,3383,41978,414,9311,49520,4,1812,260,113633,11218,339,66094,4983,10365,271,69544,3607,17543,362,2280,53598,11003,271,24480,850,943,566,10158,339,50249,260,5212,2417,505,33,6757,19665,13150,377,566,10158,734,3607,15417,339,69544,52010,362,440,271,12602,699,32108,271,1002,463,18682,271,14758,28,9203,33180,30864,24737,22,271,10726,41894,59802,61504,115440,14,9569,80704,27863,14931,271,15750,41894,59802,61504,115440,14,9569,80704,27863,14931,271,13918,19,28,70981
0,47,56969,344,26282,22367,377,34527,16,6952,294,969,223,1059,12011,14,223,25,1309,49520,22367,14,223,26,1309,41978,414,22367,14,305,2038,1482,1309,22367,396,477,1952,49520,305,41978,414,16,1730,1623,22367,1918,70259,7330,396,477,14160,41978,414,9311,49520,33,343,69355,28,17274,260,113633,11218,9508,5,70259,344,26282,22367,377,34527,16,6952,294,969,223,1059,12011,14,223,25,1309,49520,22367,14,223,26,1309,41978,414,22367,14,305,2038,1482,1309,22367,396,477,1952,49520,305,41978,414,16,1730,1623,22367,1918,70259,7330,396,477,14160,41978,414,9311,49520,33,343,69355,28,17274,260,113633,11218,9508,12602,699,32108,271,1002,463,18682,271,13918,20,28,36222,14,107749,14,1890,16981,47215,271,19342,20,16,24,28,19494,14,4275,14,1890,43989,24805,271,34723,223,25,3255,271,24971,4218,271,10375,271,47,56969,344,26282,22367,377,34527,16,6952,294,969,223,1059,12011,14,223,25,1309,49520,22367,14,223,26,1309,41978,414,22367,14,305,2038,1482,1309,22367,396,477,1952,49520,305,41978,414,16,1730,1623,22367,1918,70259,7330,396,477,14160,41978,414,9311,49520,33,343,69355,28,17274,260,113633,11218,9508,45324,11070,271,2337,3417,769,1047,22784,2596,51233,411,117393,49036,14,4630,362,270,1309,294,582,803,3383,41978,414,9311,49520,4,1812,260,113633,11218,339,34132,271,9832,223,19,271,9832,223,20,271,9832,223,21,271,9832,513,3132,271,46987,295,223,22,6531,418,223,21,7178,271,66094,4983,10365,271,24480,850,943,582,803,3383,41978,414,9311,49520,4,1812,260,113633,11218,339,66094,4983,10365,271,69544,3607,17543,362,2280,53598,11003,271,24480,850,943,566,10158,339,50249,260,5212,2417,505,33,6757,19665,13150,377,566,10158,734,3607,15417,339,69544,52010,362,440,271,12602,699,32108,271,1002,463,18682,271,14758,28,9203,33180,30864,24737,22,271,10726,41894,59802,61504,115440,14,9569,80704,27863,14931,271,15750,41894,59802,61504,115440,14,9569,80704,27863,14931,271,13918,19,28,70981
0,47,56969,344,26282,22367,377,34527,16,6952,294,969,223,1059,12011,14,223,25,1309,49520,22367,14,223,26,1309,41978,414,22367,14,305,2038,1482,1309,22367,396,477,1952,49520,305,41978,414,16,1730,1623,22367,1918,70259,7330,396,477,14160,41978,414,9311,49520,33,343,69355,28,17274,260,113633,11218,9508,5,70259,344,26282,22367,377,34527,16,6952,294,969,223,1059,12011,14,223,25,1309,49520,22367,14,223,26,1309,41978,414,22367,14,305,2038,1482,1309,22367,396,477,1952,49520,305,41978,414,16,1730,1623,22367,1918,70259,7330,396,477,14160,41978,414,9311,49520,33,343,69355,28,17274,260,113633,11218,9508,12602,699,32108,271,1002,463,18682,271,13918,20,28,36222,14,107749,14,1890,16981,47215,271,19342,20,16,24,28,19494,14,4275,14,1890,43989,24805,271,34723,223,25,3255,271,24971,4218,271,10375,271,47,56969,344,26282,22367,377,34527,16,6952,294,969,223,1059,12011,14,223,25,1309,49520,22367,14,223,26,1309,41978,414,22367,14,305,2038,1482,1309,22367,396,477,1952,49520,305,41978,414,16,1730,1623,22367,1918,70259,7330,396,477,14160,41978,414,9311,49520,33,343,69355,28,17274,260,113633,11218,9508,45324,11070,271,2337,3417,769,1047,22784,2596,51233,411,117393,49036,14,4630,362,270,1309,294,582,803,3383,41978,414,9311,49520,4,1812,260,113633,11218,339,34132,271,9832,223,19,271,9832,223,20,271,9832,223,21,271,9832,513,3132,271,46987,295,223,22,6531,418,223,21,7178,271,66094,4983,10365,271,24480,850,943,582,803,3383,41978,414,9311,49520,4,1812,260,113633,11218,339,66094,4983,10365,271,69544,3607,17543,362,2280,53598,11003,271,24480,850,943,566,10158,339,50249,260,5212,2417,505,33,6757,19665,13150,377,566,10158,734,3607,15417,339,69544,52010,362,440,271,12602,699,32108,271,1002,463,18682,271,14758,28,9203,33180,30864,24737,22,271,10726,41894,59802,61504,115440,14,9569,80704,27863,14931,271,15750,41894,59802,61504,115440,14,9569,80704,27863,14931,271,13918,19,28,70981
0,47,56969,344,26282,22367,377,34527,16,6952,294,969,223,1059,12011,14,223,25,1309,49520,22367,14,223,26,1309,41978,414,22367,14,305,2038,1482,1309,22367,396,477,1952,49520,305,41978,414,16,1730,1623,22367,1918,70259,7330,396,477,14160,41978,414,9311,49520,33,343,69355,28,17274,260,113633,11218,9508,5,70259,344,26282,22367,377,34527,16,6952,294,969,223,1059,12011,14,223,25,1309,49520,22367,14,223,26,1309,41978,414,22367,14,305,2038,1482,1309,22367,396,477,1952,49520,305,41978,414,16,1730,1623,22367,1918,70259,7330,396,477,14160,41978,414,9311,49520,33,343,69355,28,17274,260,113633,11218,9508,12602,699,32108,271,1002,463,18682,271,13918,20,28,36222,14,107749,14,1890,16981,47215,271,19342,20,16,24,28,19494,14,4275,14,1890,43989,24805,271,34723,223,25,3255,271,24971,4218,271,10375,271,47,56969,344,26282,22367,377,34527,16,6952,294,969,223,1059,12011,14,223,25,1309,49520,22367,14,223,26,1309,41978,414,22367,14,305,2038,1482,1309,22367,396,477,1952,49520,305,41978,414,16,1730,1623,22367,1918,70259,7330,396,477,14160,41978,414,9311,49520,33,343,69355,28,17274,260,113633,11218,9508,45324,11070,271,2337,3417,769,1047,22784,2596,51233,411,117393,49036,14,4630,362,270,1309,294,582,803,3383,41978,414,9311,49520,4,1812,260,113633,11218,339,34132,271,9832,223,19,271,9832,223,20,271,9832,223,21,271,9832,513,3132,271,46987,295,223,22,6531,418,223,21,7178,271,66094,4983,10365,271,24480,850,943,582,803,3383,41978,414,9311,49520,4,1812,260,113633,11218,339,66094,4983,10365,271,69544,3607,17543,362,2280,53598,11003,271,24480,850,943,566,10158,339,50249,260,5212,2417,505,33,6757,19665,13150,377,566,10158,734,3607,15417,339,69544,52010,362,440,271,12602,699,32108,271,1002,463,18682,271,14758,28,9203,33180,30864,24737,22,271,10726,41894,59802,61504,115440,14,9569,80704,27863,14931,271,15750,41894,59802,61504,115440,14,9569,80704,27863,14931,271,13918,19,28,70981
0,121529,14,270,2034,1535,264,14,4491,223,736,21200,15876,14,1660,51136,223,553,22864,16,2566,1539,56246,411,4939,1167,294,270,15876,295,223,22,1688,13517,21965,16,23230,14,1225,9120,834,294,270,21965,513,270,15350,8667,305,270,16232,6029,92107,5675,16,2566,28061,273,396,6485,798,16,1999,344,270,3452,5288,14,295,22864,14,294,270,11499,21200,15876,33,44322,9361,28,223,2225,22864,16,1,403,318,296,16,455,4813,3287,344,223,2225,22864,16,8074,1031,477,223,736,15876,305,223,22,21965,14,1660,6485,7272,223,21,15876,16,8829,10035,65236,223,553,22864,14,832,1660,6485,65236,223,1059,22864,16,2052,834,6485,344,25631,798,14,223,21,21965,6645,14,51136,223,1059,2863,223,21,438,223,2225,22864,16,1,403,318,296,16,455,4813,3287,344,223,2225,22864,16,8074,1031,477,223,736,15876,305,223,22,21965,14,1660,6485,7272,223,21,15876,16,8829,10035,65236,223,553,22864,14,832,1660,6485,65236,223,1059,22864,16,2052,834,6485,344,25631,798,14,223,21,21965,6645,14,51136,223,1059,2863,223,21,438,223,2225,22864,16,1,403,318,296,16,455,4813,3287,344,223,2225,22864,16,8074,1031,477,223,736,15876,305,223,22,21965,14,1660,6485,7272,223,21,15876,16,8829,10035,65236,223,553,22864,14,832,1660,6485,65236,223,1059,22864,16,2052,834,6485,344,25631,798,14,223,21,21965,6645,14,51136,223,1059,2863,223,21,438,223,2225,22864,16,1,403,318,296,16,455,4813,3287,344,223,2225,22864,16,8074,1031,477,223,736,15876,305,223,22,21965,14,1660,6485,7272,223,21,15876,16,8829,10035,65236,223,553,22864,14,832,1660,6485,65236,223,1059,22864,16,2052,834,6485,344,25631,798,14,223,21,21965,6645,14,51136,223,1059,2863,223,21,438,223,2225,22864,16,1,403,318,296,16,455,4813,3287,344,223,2225,22864,16,8074,1031,477,223,736,15876,305,223,22,21965,14,1660,6485,7272,223,21,15876,16,8829,10035,65236,223,553
0,121529,14,270,2034,1535,264,14,4491,223,736,21200,15876,14,1660,51136,223,553,22864,16,2566,1539,56246,411,4939,1167,294,270,15876,295,223,22,1688,13517,21965,16,23230,14,1225,9120,834,294,270,21965,513,270,15350,8667,305,270,16232,6029,92107,5675,16,2566,28061,273,396,6485,798,16,1999,344,270,3452,5288,14,295,22864,14,294,270,11499,21200,15876,33,44322,9361,28,223,2225,22864,16,1,403,318,296,16,455,4813,3287,344,223,2225,22864,16,8074,1031,477,223,736,15876,305,223,22,21965,14,1660,6485,7272,223,21,15876,16,8829,10035,65236,223,553,22864,14,832,1660,6485,65236,223,1059,22864,16,2052,834,6485,344,25631,798,14,223,21,21965,6645,14,51136,223,1059,2863,223,21,438,223,2225,22864,16,1,403,318,296,16,455,4813,3287,344,223,2225,22864,16,8074,1031,477,223,736,15876,305,223,22,21965,14,1660,6485,7272,223,21,15876,16,8829,10035,65236,223,553,22864,14,832,1660,6485,65236,223,1059,22864,16,2052,834,6485,344,25631,798,14,223,21,21965,6645,14,51136,223,1059,2863,223,21,438,223,2225,22864,16,1,403,318,296,16,455,4813,3287,344,223,2225,22864,16,8074,1031,477,223,736,15876,305,223,22,21965,14,1660,6485,7272,223,21,15876,16,8829,10035,65236,223,553,22864,14,832,1660,6485,65236,223,1059,22864,16,2052,834,6485,344,25631,798,14,223,21,21965,6645,14,51136,223,1059,2863,223,21,438,223,2225,22864,16,1,403,318,296,16,455,4813,3287,344,223,2225,22864,16,8074,1031,477,223,736,15876,305,223,22,21965,14,1660,6485,7272,223,21,15876,16,8829,10035,65236,223,553,22864,14,832,1660,6485,65236,223,1059,22864,16,2052,834,6485,344,25631,798,14,223,21,21965,6645,14,51136,223,1059,2863,223,21,438,223,2225,22864,16,1,403,318,296,16,455,4813,3287,344,223,2225,22864,16,8074,1031,477,223,736,15876,305,223,22,21965,14,1660,6485,7272,223,21,15876,16,8829,10035,65236,223,553,22864
0,121529,14,270,2034,1535,264,14,4491,223,736,21200,15876,14,1660,51136,223,553,22864,16,2566,1539,56246,411,4939,1167,294,270,15876,295,223,22,1688,13517,21965,16,23230,14,1225,9120,834,294,270,21965,513,270,15350,8667,305,270,16232,6029,92107,5675,16,2566,28061,273,396,6485,798,16,1999,344,270,3452,5288,14,295,22864,14,294,270,11499,21200,15876,33,44322,9361,28,223,2225,22864,16,1,403,318,296,16,455,4813,3287,344,223,2225,22864,16,8074,1031,477,223,736,15876,305,223,22,21965,14,1660,6485,7272,223,21,15876,16,8829,10035,65236,223,553,22864,14,832,1660,6485,65236,223,1059,22864,16,2052,834,6485,344,25631,798,14,223,21,21965,6645,14,51136,223,1059,2863,223,21,438,223,2225,22864,16,1,403,318,296,16,455,4813,3287,344,223,2225,22864,16,8074,1031,477,223,736,15876,305,223,22,21965,14,1660,6485,7272,223,21,15876,16,8829,10035,65236,223,553,22864,14,832,1660,6485,65236,223,1059,22864,16,2052,834,6485,344,25631,798,14,223,21,21965,6645,14,51136,223,1059,2863,223,21,438,223,2225,22864,16,1,403,318,296,16,455,4813,3287,344,223,2225,22864,16,8074,1031,477,223,736,15876,305,223,22,21965,14,1660,6485,7272,223,21,15876,16,8829,10035,65236,223,553,22864,14,832,1660,6485,65236,223,1059,22864,16,2052,834,6485,344,25631,798,14,223,21,21965,6645,14,51136,223,1059,2863,223,21,438,223,2225,22864,16,1,403,318,296,16,455,4813,3287,344,223,2225,22864,16,8074,1031,477,223,736,15876,305,223,22,21965,14,1660,6485,7272,223,21,15876,16,8829,10035,65236,223,553,22864,14,832,1660,6485,65236,223,1059,22864,16,2052,834,6485,344,25631,798,14,223,21,21965,6645,14,51136,223,1059,2863,223,21,438,223,2225,22864,16,1,403,318,296,16,455,4813,3287,344,223,2225,22864,16,8074,1031,477,223,736,15876,305,223,22,21965,14,1660,6485,7272,223,21,15876,16,8829,10035,65236,223,553,22864,14
0,121529,14,270,2034,1535,264,14,4491,223,736,21200,15876,14,1660,51136,223,553,22864,16,2566,1539,56246,411,4939,1167,294,270,15876,295,223,22,1688,13517,21965,16,23230,14,1225,9120,834,294,270,21965,513,270,15350,8667,305,270,16232,6029,92107,5675,16,2566,28061,273,396,6485,798,16,1999,344,270,3452,5288,14,295,22864,14,294,270,11499,21200,15876,33,44322,9361,28,223,2225,22864,16,1,403,318,296,16,455,4813,3287,344,223,2225,22864,16,8074,1031,477,223,736,15876,305,223,22,21965,14,1660,6485,7272,223,21,15876,16,8829,10035,65236,223,553,22864,14,832,1660,6485,65236,223,1059,22864,16,2052,834,6485,344,25631,798,14,223,21,21965,6645,14,51136,223,1059,2863,223,21,438,223,2225,22864,16,1,403,318,296,16,455,4813,3287,344,223,2225,22864,16,8074,1031,477,223,736,15876,305,223,22,21965,14,1660,6485,7272,223,21,15876,16,8829,10035,65236,223,553,22864,14,832,1660,6485,65236,223,1059,22864,16,2052,834,6485,344,25631,798,14,223,21,21965,6645,14,51136,223,1059,2863,223,21,438,223,2225,22864,16,1,403,318,296,16,455,4813,3287,344,223,2225,22864,16,8074,1031,477,223,736,15876,305,223,22,21965,14,1660,6485,7272,223,21,15876,16,8829,10035,65236,223,553,22864,14,832,1660,6485,65236,223,1059,22864,16,2052,834,6485,344,25631,798,14,223,21,21965,6645,14,51136,223,1059,2863,223,21,438,223,2225,22864,16,1,403,318,296,16,455,4813,3287,344,223,2225,22864,16,8074,1031,477,223,736,15876,305,223,22,21965,14,1660,6485,7272,223,21,15876,16,8829,10035,65236,223,553,22864,14,832,1660,6485,65236,223,1059,22864,16,2052,834,6485,344,25631,798,14,223,21,21965,6645,14,51136,223,1059,2863,223,21,438,223,2225,22864,16,1,403,318,296,16,455,4813,3287,344,223,2225,22864,16,8074,1031,477,223,736,15876,305,223,22,21965,14,1660,6485,7272,223,21,15876,16,8829,10035,65236,223,553,22864,14
0,121529,14,270,2034,1535,264,14,4491,223,736,21200,15876,14,1660,51136,223,553,22864,16,2566,1539,56246,411,4939,1167,294,270,15876,295,223,22,1688,13517,21965,16,23230,14,1225,9120,834,294,270,21965,513,270,15350,8667,305,270,16232,6029,92107,5675,16,2566,28061,273,396,6485,798,16,1999,344,270,3452,5288,14,295,22864,14,294,270,11499,21200,15876,33,44322,9361,28,223,2225,22864,16,1,403,318,296,16,455,4813,3287,344,223,2225,22864,16,8074,1031,477,223,736,15876,305,223,22,21965,14,1660,6485,7272,223,21,15876,16,8829,10035,65236,223,553,22864,14,832,1660,6485,65236,223,1059,22864,16,2052,834,6485,344,25631,798,14,223,21,21965,6645,14,51136,223,1059,2863,223,21,438,223,2225,22864,16,1,403,318,296,16,455,4813,3287,344,223,2225,22864,16,8074,1031,477,223,736,15876,305,223,22,21965,14,1660,6485,7272,223,21,15876,16,8829,10035,65236,223,553,22864,14,832,1660,6485,65236,223,1059,22864,16,2052,834,6485,344,25631,798,14,223,21,21965,6645,14,51136,223,1059,2863,223,21,438,223,2225,22864,16,1,403,318,296,16,455,4813,3287,344,223,2225,22864,16,8074,1031,477,223,736,15876,305,223,22,21965,14,1660,6485,7272,223,21,15876,16,8829,10035,65236,223,553,22864,14,832,1660,6485,65236,223,1059,22864,16,2052,834,6485,344,25631,798,14,223,21,21965,6645,14,51136,223,1059,2863,223,21,438,223,2225,22864,16,1,403,318,296,16,455,4813,3287,344,223,2225,22864,16,8074,1031,477,223,736,15876,305,223,22,21965,14,1660,6485,7272,223,21,15876,16,8829,10035,65236,223,553,22864,14,832,1660,6485,65236,223,1059,22864,16,2052,834,6485,344,25631,798,14,223,21,21965,6645,14,51136,223,1059,2863,223,21,438,223,2225,22864,16,1,403,318,296,16,455,4813,3287,344,223,2225,22864,16,8074,1031,477,223,736,15876,305,223,22,21965,14,1660,6485,7272,223,21,15876,16,8829,10035,65236,223,553,22864
0,121529,14,270,2034,1535,264,14,4491,223,736,21200,15876,14,1660,51136,223,553,22864,16,2566,1539,56246,411,4939,1167,294,270,15876,295,223,22,1688,13517,21965,16,23230,14,1225,9120,834,294,270,21965,513,270,15350,8667,305,270,16232,6029,92107,5675,16,2566,28061,273,396,6485,798,16,1999,344,270,3452,5288,14,295,22864,14,294,270,11499,21200,15876,33,44322,9361,28,223,2225,22864,16,1,403,318,296,16,455,4813,3287,344,223,2225,22864,16,8074,1031,477,223,736,15876,305,223,22,21965,14,1660,6485,7272,223,21,15876,16,8829,10035,65236,223,553,22864,14,832,1660,6485,65236,223,1059,22864,16,2052,834,6485,344,25631,798,14,223,21,21965,6645,14,51136,223,1059,2863,223,21,438,223,2225,22864,16,1,403,318,296,16,455,4813,3287,344,223,2225,22864,16,8074,1031,477,223,736,15876,305,223,22,21965,14,1660,6485,7272,223,21,15876,16,8829,10035,65236,223,553,22864,14,832,1660,6485,65236,223,1059,22864,16,2052,834,6485,344,25631,798,14,223,21,21965,6645,14,51136,223,1059,2863,223,21,438,223,2225,22864,16,1,403,318,296,16,455,4813,3287,344,223,2225,22864,16,8074,1031,477,223,736,15876,305,223,22,21965,14,1660,6485,7272,223,21,15876,16,8829,10035,65236,223,553,22864,14,832,1660,6485,65236,223,1059,22864,16,2052,834,6485,344,25631,798,14,223,21,21965,6645,14,51136,223,1059,2863,223,21,438,223,2225,22864,16,1,403,318,296,16,455,4813,3287,344,223,2225,22864,16,8074,1031,477,223,736,15876,305,223,22,21965,14,1660,6485,7272,223,21,15876,16,8829,10035,65236,223,553,22864,14,832,1660,6485,65236,223,1059,22864,16,2052,834,6485,344,25631,798,14,223,21,21965,6645,14,51136,223,1059,2863,223,21,438,223,2225,22864,16,1,403,318,296,16,455,4813,3287,344,223,2225,22864,16,8074,1031,477,223,736,15876,305,223,22,21965,14,1660,6485,7272,223,21,15876,16,8829,10035,65236,223,553
0,6756,28,3721,440,45706,270,1840,4365,294,270,5347,15795,377,270,84317,294,270,4758,265,734,11263,305,786,25242,362,75863,23986,12551,16121,28,14782,15795,5732,4468,362,440,8567,6759,26299,28,14782,15795,1353,6845,7236,8567,26205,15795,565,455,84317,294,270,4758,1054,11263,14,793,15510,295,270,59338,16,342,5996,473,641,554,943,1192,1606,436,6026,223,856,75863,14,832,366,7692,295,1014,16,11608,14,1666,4934,344,45030,14,790,342,201,88031,28,23230,14,270,5347,15795,769,1119,4521,1840,4365,469,38121,9517,16,983,24752,43375,270,84317,294,260,4758,265,734,11263,305,260,25242,362,75863,14,790,1305,11968,477,554,5873,469,10785,16,13548,14,270,15795,54994,535,866,66448,367,1469,26162,260,4985,2305,509,2998,121674,8507,14,260,10265,9051,14,4608,9670,14,305,260,1666,9306,78073,16,455,15795,39454,260,4521,21849,14,12598,4933,14,469,17241,4456,16,24610,14,436,23332,412,260,8007,9934,57175,1719,14982,1282,4562,1099,260,10792,10402,15795,16,1,201,6756,28,3721,440,45706,270,1840,4365,294,270,5347,15795,377,270,84317,294,270,4758,265,734,11263,305,786,25242,362,75863,23986,12551,16121,28,14782,15795,5732,4468,362,440,8567,6759,26299,28,14782,15795,1353,6845,7236,8567,26205,15795,565,455,84317,294,270,4758,1054,11263,14,793,15510,295,270,59338,16,342,5996,473,641,554,943,1192,1606,436,6026,223,856,75863,14,832,366,7692,295,1014,16,11608,14,1666,4934,344,45030,14,790,342,201,88031,28,342,63172,14,790,342,4571,14740,304,3052,260,13672,294,566,5347,15795,1754,270,3051,440,5270,4496,9238,304,366,260,597,28069,7450,294,25629,305,31813,4562,1099,260,38121,15795,16,455,3051,43375,582,1805,84317,294,270,4758,265,734,11263,3184,582,59674,295,270,59338,3184,582,3548,2838,362,75863,3184,305,17157,304,582,96509,267,4,305,582,856,75863,3184,790,1305,5486,477,554,8434,295,260,1722,396,6823,260,4521,9517,469,16145,339,3575,440,611
0,6756,28,3721,440,45706,270,1840,4365,294,270,5347,15795,377,270,84317,294,270,4758,265,734,11263,305,786,25242,362,75863,23986,12551,16121,28,14782,15795,5732,4468,362,440,8567,6759,26299,28,14782,15795,1353,6845,7236,8567,26205,15795,565,455,84317,294,270,4758,1054,11263,14,793,15510,295,270,59338,16,342,5996,473,641,554,943,1192,1606,436,6026,223,856,75863,14,832,366,7692,295,1014,16,11608,14,1666,4934,344,45030,14,790,342,201,88031,28,23230,14,270,5347,15795,769,1119,4521,1840,4365,469,38121,9517,16,983,24752,43375,270,84317,294,260,4758,265,734,11263,305,260,25242,362,75863,14,790,1305,11968,477,554,5873,469,10785,16,13548,14,270,15795,54994,535,866,66448,367,1469,26162,260,4985,2305,509,2998,121674,8507,14,260,10265,9051,14,4608,9670,14,305,260,1666,9306,78073,16,455,15795,39454,260,4521,21849,14,12598,4933,14,469,17241,4456,16,24610,14,436,23332,412,260,8007,9934,57175,1719,14982,1282,4562,1099,260,10792,10402,15795,16,1,201,6756,28,3721,440,45706,270,1840,4365,294,270,5347,15795,377,270,84317,294,270,4758,265,734,11263,305,786,25242,362,75863,23986,12551,16121,28,14782,15795,5732,4468,362,440,8567,6759,26299,28,14782,15795,1353,6845,7236,8567,26205,15795,565,455,84317,294,270,4758,1054,11263,14,793,15510,295,270,59338,16,342,5996,473,641,554,943,1192,1606,436,6026,223,856,75863,14,832,366,7692,295,1014,16,11608,14,1666,4934,344,45030,14,790,342,201,88031,28,342,63172,14,790,342,4571,14740,304,3052,260,13672,294,566,5347,15795,1754,270,3051,440,5270,4496,9238,304,366,260,597,28069,7450,294,25629,305,31813,4562,1099,260,38121,15795,16,455,3051,43375,582,1805,84317,294,270,4758,265,734,11263,3184,582,59674,295,270,59338,3184,582,3548,2838,362,75863,3184,305,17157,304,582,96509,267,4,305,582,856,75863,3184,790,1305,5486,477,554,8434,295,260,1722,396,6823,260,4521,9517,469,16145,339,3575,440,611
0,6756,28,3721,440,45706,270,1840,4365,294,270,5347,15795,377,270,84317,294,270,4758,265,734,11263,305,786,25242,362,75863,23986,12551,16121,28,14782,15795,5732,4468,362,440,8567,6759,26299,28,14782,15795,1353,6845,7236,8567,26205,15795,565,455,84317,294,270,4758,1054,11263,14,793,15510,295,270,59338,16,342,5996,473,641,554,943,1192,1606,436,6026,223,856,75863,14,832,366,7692,295,1014,16,11608,14,1666,4934,344,45030,14,790,342,201,88031,28,23230,14,270,5347,15795,769,1119,4521,1840,4365,469,38121,9517,16,983,24752,43375,270,84317,294,260,4758,265,734,11263,305,260,25242,362,75863,14,790,1305,11968,477,554,5873,469,10785,16,13548,14,270,15795,54994,535,866,66448,367,1469,26162,260,4985,2305,509,2998,121674,8507,14,260,10265,9051,14,4608,9670,14,305,260,1666,9306,78073,16,455,15795,39454,260,4521,21849,14,12598,4933,14,469,17241,4456,16,24610,14,436,23332,412,260,8007,9934,57175,1719,14982,1282,4562,1099,260,10792,10402,15795,16,1,201,6756,28,3721,440,45706,270,1840,4365,294,270,5347,15795,377,270,84317,294,270,4758,265,734,11263,305,786,25242,362,75863,23986,12551,16121,28,14782,15795,5732,4468,362,440,8567,6759,26299,28,14782,15795,1353,6845,7236,8567,26205,15795,565,455,84317,294,270,4758,1054,11263,14,793,15510,295,270,59338,16,342,5996,473,641,554,943,1192,1606,436,6026,223,856,75863,14,832,366,7692,295,1014,16,11608,14,1666,4934,344,45030,14,790,342,201,88031,28,342,63172,14,790,342,4571,14740,304,3052,260,13672,294,566,5347,15795,1754,270,3051,440,5270,4496,9238,304,366,260,597,28069,7450,294,25629,305,31813,4562,1099,260,38121,15795,16,455,3051,43375,582,1805,84317,294,270,4758,265,734,11263,3184,582,59674,295,270,59338,3184,582,3548,2838,362,75863,3184,305,17157,304,582,96509,267,4,305,582,856,75863,3184,790,1305,5486,477,554,8434,295,260,1722,396,6823,260,4521,9517,469,16145,339,3575,440,611
0,6756,28,3721,440,45706,270,1840,4365,294,270,5347,15795,377,270,84317,294,270,4758,265,734,11263,305,786,25242,362,75863,23986,12551,16121,28,14782,15795,5732,4468,362,440,8567,6759,26299,28,14782,15795,1353,6845,7236,8567,26205,15795,565,455,84317,294,270,4758,1054,11263,14,793,15510,295,270,59338,16,342,5996,473,641,554,943,1192,1606,436,6026,223,856,75863,14,832,366,7692,295,1014,16,11608,14,1666,4934,344,45030,14,790,342,201,88031,28,23230,14,270,5347,15795,769,1119,4521,1840,4365,469,38121,9517,16,983,24752,43375,270,84317,294,260,4758,265,734,11263,305,260,25242,362,75863,14,790,1305,11968,477,554,5873,469,10785,16,13548,14,270,15795,54994,535,866,66448,367,1469,26162,260,4985,2305,509,2998,121674,8507,14,260,10265,9051,14,4608,9670,14,305,260,1666,9306,78073,16,455,15795,39454,260,4521,21849,14,12598,4933,14,469,17241,4456,16,24610,14,436,23332,412,260,8007,9934,57175,1719,14982,1282,4562,1099,260,10792,10402,15795,16,1,201,6756,28,3721,440,45706,270,1840,4365,294,270,5347,15795,377,270,84317,294,270,4758,265,734,11263,305,786,25242,362,75863,23986,12551,16121,28,14782,15795,5732,4468,362,440,8567,6759,26299,28,14782,15795,1353,6845,7236,8567,26205,15795,565,455,84317,294,270,4758,1054,11263,14,793,15510,295,270,59338,16,342,5996,473,641,554,943,1192,1606,436,6026,223,856,75863,14,832,366,7692,295,1014,16,11608,14,1666,4934,344,45030,14,790,342,201,88031,28,342,63172,14,790,342,4571,14740,304,3052,260,13672,294,566,5347,15795,1754,270,3051,440,5270,4496,9238,304,366,260,597,28069,7450,294,25629,305,31813,4562,1099,260,38121,15795,16,455,3051,43375,582,1805,84317,294,270,4758,265,734,11263,3184,582,59674,295,270,59338,3184,582,3548,2838,362,75863,3184,305,17157,304,582,96509,267,4,305,582,856,75863,3184,790,1305,5486,477,554,8434,295,260,1722,396,6823,260,4521,9517,469,16145,339,3575,440,611
0,6756,28,3721,440,45706,270,1840,4365,294,270,5347,15795,377,270,84317,294,270,4758,265,734,11263,305,786,25242,362,75863,23986,12551,16121,28,14782,15795,5732,4468,362,440,8567,6759,26299,28,14782,15795,1353,6845,7236,8567,26205,15795,565,455,84317,294,270,4758,1054,11263,14,793,15510,295,270,59338,16,342,5996,473,641,554,943,1192,1606,436,6026,223,856,75863,14,832,366,7692,295,1014,16,11608,14,1666,4934,344,45030,14,790,342,201,88031,28,23230,14,270,5347,15795,769,1119,4521,1840,4365,469,38121,9517,16,983,24752,43375,270,84317,294,260,4758,265,734,11263,305,260,25242,362,75863,14,790,1305,11968,477,554,5873,469,10785,16,13548,14,270,15795,54994,535,866,66448,367,1469,26162,260,4985,2305,509,2998,121674,8507,14,260,10265,9051,14,4608,9670,14,305,260,1666,9306,78073,16,455,15795,39454,260,4521,21849,14,12598,4933,14,469,17241,4456,16,24610,14,436,23332,412,260,8007,9934,57175,1719,14982,1282,4562,1099,260,10792,10402,15795,16,1,201,6756,28,3721,440,45706,270,1840,4365,294,270,5347,15795,377,270,84317,294,270,4758,265,734,11263,305,786,25242,362,75863,23986,12551,16121,28,14782,15795,5732,4468,362,440,8567,6759,26299,28,14782,15795,1353,6845,7236,8567,26205,15795,565,455,84317,294,270,4758,1054,11263,14,793,15510,295,270,59338,16,342,5996,473,641,554,943,1192,1606,436,6026,223,856,75863,14,832,366,7692,295,1014,16,11608,14,1666,4934,344,45030,14,790,342,201,88031,28,342,63172,14,790,342,4571,14740,304,3052,260,13672,294,566,5347,15795,1754,270,3051,440,5270,4496,9238,304,366,260,597,28069,7450,294,25629,305,31813,4562,1099,260,38121,15795,16,455,3051,43375,582,1805,84317,294,270,4758,265,734,11263,3184,582,59674,295,270,59338,3184,582,3548,2838,362,75863,3184,305,17157,304,582,96509,267,4,305,582,856,75863,3184,790,1305,5486,477,554,8434,295,260,1722,396,6823,260,4521,9517,469,16145,339,3575,440,611
0,6756,28,3721,440,45706,270,1840,4365,294,270,5347,15795,377,270,84317,294,270,4758,265,734,11263,305,786,25242,362,75863,23986,12551,16121,28,14782,15795,5732,4468,362,440,8567,6759,26299,28,14782,15795,1353,6845,7236,8567,26205,15795,565,455,84317,294,270,4758,1054,11263,14,793,15510,295,270,59338,16,342,5996,473,641,554,943,1192,1606,436,6026,223,856,75863,14,832,366,7692,295,1014,16,11608,14,1666,4934,344,45030,14,790,342,201,88031,28,23230,14,270,5347,15795,769,1119,4521,1840,4365,469,38121,9517,16,983,24752,43375,270,84317,294,260,4758,265,734,11263,305,260,25242,362,75863,14,790,1305,11968,477,554,5873,469,10785,16,13548,14,270,15795,54994,535,866,66448,367,1469,26162,260,4985,2305,509,2998,121674,8507,14,260,10265,9051,14,4608,9670,14,305,260,1666,9306,78073,16,455,15795,39454,260,4521,21849,14,12598,4933,14,469,17241,4456,16,24610,14,436,23332,412,260,8007,9934,57175,1719,14982,1282,4562,1099,260,10792,10402,15795,16,1,201,6756,28,3721,440,45706,270,1840,4365,294,270,5347,15795,377,270,84317,294,270,4758,265,734,11263,305,786,25242,362,75863,23986,12551,16121,28,14782,15795,5732,4468,362,440,8567,6759,26299,28,14782,15795,1353,6845,7236,8567,26205,15795,565,455,84317,294,270,4758,1054,11263,14,793,15510,295,270,59338,16,342,5996,473,641,554,943,1192,1606,436,6026,223,856,75863,14,832,366,7692,295,1014,16,11608,14,1666,4934,344,45030,14,790,342,201,88031,28,342,63172,14,790,342,4571,14740,304,3052,260,13672,294,566,5347,15795,1754,270,3051,440,5270,4496,9238,304,366,260,597,28069,7450,294,25629,305,31813,4562,1099,260,38121,15795,16,455,3051,43375,582,1805,84317,294,270,4758,265,734,11263,3184,582,59674,295,270,59338,3184,582,3548,2838,362,75863,3184,305,17157,304,582,96509,267,4,305,582,856,75863,3184,790,1305,5486,477,554,8434,295,260,1722,396,6823,260,4521,9517,469,16145,339,3575,440,611
0,11687,696,9476,16055,1347,14381,17491,362,4854,305,8412,8037,790,554,3226,31702,362,786,3729,9476,33,565,18440,1051,11649,5248,1569,1613,565,18440,77699,4070,5594,905,1059,9,4218,43,5270,1047,5081,943,9476,13973,305,16243,396,3631,9476,16055,343,103364,14,31598,14,489,8379,11,1347,14381,17491,362,4854,305,8412,8037,343,56327,48,116953,14,23572,5927,37766,14,5655,5136,304,1375,3932,12139,19582,30433,16,3211,14,3226,31702,5345,3729,26316,2915,1347,5103,97601,85,305,13342,37766,418,6460,4890,31532,39619,6300,16,7492,344,566,33,2355,436,32520,2753,14,469,477,1031,915,3687,33,24164,28,25164,72,3473,2193,14,939,21,108407,3473,85,939,22,15,3130,15,1450,54,856,28,504,28,504,60,1,17,939,22,15,3130,15,1450,54,856,28,504,28,504,60,11687,696,9476,16055,1347,14381,17491,362,4854,305,8412,8037,790,554,3226,31702,362,786,3729,9476,33,43,5270,1047,5081,943,9476,13973,305,16243,396,3631,9476,16055,343,103364,14,31598,14,489,8379,11,1347,14381,17491,362,4854,305,8412,8037,343,56327,48,116953,14,23572,5927,37766,14,5655,5136,304,1375,3932,12139,19582,30433,16,3211,14,3226,31702,5345,3729,26316,2915,1347,5103,97601,85,305,13342,37766,418,6460,4890,31532,39619,6300,16,7492,344,566,33,2355,436,32520,2753,14,469,477,1031,915,3687,33,1,17,939,22,15,3130,15,1450,54,856,28,504,28,504,60,18439,32,43,5270,1047,5081,943,9476,13973,305,16243,396,3631,9476,16055,343,103364,14,31598,14,489,8379,11,1347,14381,17491,362,4854,305,8412,8037,343,56327,48,116953,14,23572,5927,37766,14,5655,5136,304,1375,3932,12139,19582,30433,16,3211,14,3226,31702,5345,3729,26316,2915,1347,5103,97601,85,305,13342,37766,418,6460,4890,31532,39619,6300,16,7492,344,566,33,2355,436,32520,2753,14,469,477,1031,915,3687,69344,82,32,1,17,939,22,15,3130,15,1450,54,856,28,504,28,504,60,18439,32,43,5270,1047,5081,943,9476,13973
0,11687,696,9476,16055,1347,14381,17491,362,4854,305,8412,8037,790,554,3226,31702,362,786,3729,9476,33,565,18440,1051,11649,5248,1569,1613,565,18440,77699,4070,5594,905,1059,9,4218,43,5270,1047,5081,943,9476,13973,305,16243,396,3631,9476,16055,343,103364,14,31598,14,489,8379,11,1347,14381,17491,362,4854,305,8412,8037,343,56327,48,116953,14,23572,5927,37766,14,5655,5136,304,1375,3932,12139,19582,30433,16,3211,14,3226,31702,5345,3729,26316,2915,1347,5103,97601,85,305,13342,37766,418,6460,4890,31532,39619,6300,16,7492,344,566,33,2355,436,32520,2753,14,469,477,1031,915,3687,33,24164,28,25164,72,3473,2193,14,939,21,108407,3473,85,939,22,15,3130,15,1450,54,856,28,504,28,504,60,1,17,939,22,15,3130,15,1450,54,856,28,504,28,504,60,11687,696,9476,16055,1347,14381,17491,362,4854,305,8412,8037,790,554,3226,31702,362,786,3729,9476,33,43,5270,1047,5081,943,9476,13973,305,16243,396,3631,9476,16055,343,103364,14,31598,14,489,8379,11,1347,14381,17491,362,4854,305,8412,8037,343,56327,48,116953,14,23572,5927,37766,14,5655,5136,304,1375,3932,12139,19582,30433,16,3211,14,3226,31702,5345,3729,26316,2915,1347,5103,97601,85,305,13342,37766,418,6460,4890,31532,39619,6300,16,7492,344,566,33,2355,436,32520,2753,14,469,477,1031,915,3687,33,1,17,939,22,15,3130,15,1450,54,856,28,504,28,504,60,18439,32,43,5270,1047,5081,943,9476,13973,305,16243,396,3631,9476,16055,343,103364,14,31598,14,489,8379,11,1347,14381,17491,362,4854,305,8412,8037,343,56327,48,116953,14,23572,5927,37766,14,5655,5136,304,1375,3932,12139,19582,30433,16,3211,14,3226,31702,5345,3729,26316,2915,1347,5103,97601,85,305,13342,37766,418,6460,4890,31532,39619,6300,16,7492,344,566,33,2355,436,32520,2753,14,469,477,1031,915,3687,69344,82,32,1,17,939,22,15,3130,15,1450,54,856,28,504,28,504,60,18439,32,43,5270,1047,5081,943,9476,13973
0,11687,696,9476,16055,1347,14381,17491,362,4854,305,8412,8037,790,554,3226,31702,362,786,3729,9476,33,565,18440,1051,11649,5248,1569,1613,565,18440,77699,4070,5594,905,1059,9,4218,43,5270,1047,5081,943,9476,13973,305,16243,396,3631,9476,16055,343,103364,14,31598,14,489,8379,11,1347,14381,17491,362,4854,305,8412,8037,343,56327,48,116953,14,23572,5927,37766,14,5655,5136,304,1375,3932,12139,19582,30433,16,3211,14,3226,31702,5345,3729,26316,2915,1347,5103,97601,85,305,13342,37766,418,6460,4890,31532,39619,6300,16,7492,344,566,33,2355,436,32520,2753,14,469,477,1031,915,3687,33,24164,28,25164,72,3473,2193,14,939,21,108407,3473,85,939,22,15,3130,15,1450,54,856,28,504,28,504,60,1,17,939,22,15,3130,15,1450,54,856,28,504,28,504,60,11687,696,9476,16055,1347,14381,17491,362,4854,305,8412,8037,790,554,3226,31702,362,786,3729,9476,33,43,5270,1047,5081,943,9476,13973,305,16243,396,3631,9476,16055,343,103364,14,31598,14,489,8379,11,1347,14381,17491,362,4854,305,8412,8037,343,56327,48,116953,14,23572,5927,37766,14,5655,5136,304,1375,3932,12139,19582,30433,16,3211,14,3226,31702,5345,3729,26316,2915,1347,5103,97601,85,305,13342,37766,418,6460,4890,31532,39619,6300,16,7492,344,566,33,2355,436,32520,2753,14,469,477,1031,915,3687,33,1,17,939,22,15,3130,15,1450,54,856,28,504,28,504,60,18439,32,43,5270,1047,5081,943,9476,13973,305,16243,396,3631,9476,16055,343,103364,14,31598,14,489,8379,11,1347,14381,17491,362,4854,305,8412,8037,343,56327,48,116953,14,23572,5927,37766,14,5655,5136,304,1375,3932,12139,19582,30433,16,3211,14,3226,31702,5345,3729,26316,2915,1347,5103,97601,85,305,13342,37766,418,6460,4890,31532,39619,6300,16,7492,344,566,33,2355,436,32520,2753,14,469,477,1031,915,3687,69344,82,32,1,17,939,22,15,3130,15,1450,54,856,28,504,28,504,60,18439,32,43,5270,1047,5081,943,9476,13973,305
0,11687,696,9476,16055,1347,14381,17491,362,4854,305,8412,8037,790,554,3226,31702,362,786,3729,9476,33,565,18440,1051,11649,5248,1569,1613,565,18440,77699,4070,5594,905,1059,9,4218,43,5270,1047,5081,943,9476,13973,305,16243,396,3631,9476,16055,343,103364,14,31598,14,489,8379,11,1347,14381,17491,362,4854,305,8412,8037,343,56327,48,116953,14,23572,5927,37766,14,5655,5136,304,1375,3932,12139,19582,30433,16,3211,14,3226,31702,5345,3729,26316,2915,1347,5103,97601,85,305,13342,37766,418,6460,4890,31532,39619,6300,16,7492,344,566,33,2355,436,32520,2753,14,469,477,1031,915,3687,33,24164,28,25164,72,3473,2193,14,939,21,108407,3473,85,939,22,15,3130,15,1450,54,856,28,504,28,504,60,1,17,939,22,15,3130,15,1450,54,856,28,504,28,504,60,11687,696,9476,16055,1347,14381,17491,362,4854,305,8412,8037,790,554,3226,31702,362,786,3729,9476,33,43,5270,1047,5081,943,9476,13973,305,16243,396,3631,9476,16055,343,103364,14,31598,14,489,8379,11,1347,14381,17491,362,4854,305,8412,8037,343,56327,48,116953,14,23572,5927,37766,14,5655,5136,304,1375,3932,12139,19582,30433,16,3211,14,3226,31702,5345,3729,26316,2915,1347,5103,97601,85,305,13342,37766,418,6460,4890,31532,39619,6300,16,7492,344,566,33,2355,436,32520,2753,14,469,477,1031,915,3687,33,1,17,939,22,15,3130,15,1450,54,856,28,504,28,504,60,18439,32,43,5270,1047,5081,943,9476,13973,305,16243,396,3631,9476,16055,343,103364,14,31598,14,489,8379,11,1347,14381,17491,362,4854,305,8412,8037,343,56327,48,116953,14,23572,5927,37766,14,5655,5136,304,1375,3932,12139,19582,30433,16,3211,14,3226,31702,5345,3729,26316,2915,1347,5103,97601,85,305,13342,37766,418,6460,4890,31532,39619,6300,16,7492,344,566,33,2355,436,32520,2753,14,469,477,1031,915,3687,69344,82,32,1,17,939,22,15,3130,15,1450,54,856,28,504,28,504,60,18439,32,43,5270,1047,5081,943,9476,13973,305
0,11687,696,9476,16055,1347,14381,17491,362,4854,305,8412,8037,790,554,3226,31702,362,786,3729,9476,33,565,18440,1051,11649,5248,1569,1613,565,18440,77699,4070,5594,905,1059,9,4218,43,5270,1047,5081,943,9476,13973,305,16243,396,3631,9476,16055,343,103364,14,31598,14,489,8379,11,1347,14381,17491,362,4854,305,8412,8037,343,56327,48,116953,14,23572,5927,37766,14,5655,5136,304,1375,3932,12139,19582,30433,16,3211,14,3226,31702,5345,3729,26316,2915,1347,5103,97601,85,305,13342,37766,418,6460,4890,31532,39619,6300,16,7492,344,566,33,2355,436,32520,2753,14,469,477,1031,915,3687,33,24164,28,25164,72,3473,2193,14,939,21,108407,3473,85,939,22,15,3130,15,1450,54,856,28,504,28,504,60,1,17,939,22,15,3130,15,1450,54,856,28,504,28,504,60,11687,696,9476,16055,1347,14381,17491,362,4854,305,8412,8037,790,554,3226,31702,362,786,3729,9476,33,43,5270,1047,5081,943,9476,13973,305,16243,396,3631,9476,16055,343,103364,14,31598,14,489,8379,11,1347,14381,17491,362,4854,305,8412,8037,343,56327,48,116953,14,23572,5927,37766,14,5655,5136,304,1375,3932,12139,19582,30433,16,3211,14,3226,31702,5345,3729,26316,2915,1347,5103,97601,85,305,13342,37766,418,6460,4890,31532,39619,6300,16,7492,344,566,33,2355,436,32520,2753,14,469,477,1031,915,3687,33,1,17,939,22,15,3130,15,1450,54,856,28,504,28,504,60,18439,32,43,5270,1047,5081,943,9476,13973,305,16243,396,3631,9476,16055,343,103364,14,31598,14,489,8379,11,1347,14381,17491,362,4854,305,8412,8037,343,56327,48,116953,14,23572,5927,37766,14,5655,5136,304,1375,3932,12139,19582,30433,16,3211,14,3226,31702,5345,3729,26316,2915,1347,5103,97601,85,305,13342,37766,418,6460,4890,31532,39619,6300,16,7492,344,566,33,2355,436,32520,2753,14,469,477,1031,915,3687,69344,82,32,1,17,939,22,15,3130,15,1450,54,856,28,504,28,504,60,18439,32,43,5270,1047,5081,943,9476,13973
0,11687,696,9476,16055,1347,14381,17491,362,4854,305,8412,8037,790,554,3226,31702,362,786,3729,9476,33,565,18440,1051,11649,5248,1569,1613,565,18440,77699,4070,5594,905,1059,9,4218,43,5270,1047,5081,943,9476,13973,305,16243,396,3631,9476,16055,343,103364,14,31598,14,489,8379,11,1347,14381,17491,362,4854,305,8412,8037,343,56327,48,116953,14,23572,5927,37766,14,5655,5136,304,1375,3932,12139,19582,30433,16,3211,14,3226,31702,5345,3729,26316,2915,1347,5103,97601,85,305,13342,37766,418,6460,4890,31532,39619,6300,16,7492,344,566,33,2355,436,32520,2753,14,469,477,1031,915,3687,33,24164,28,25164,72,3473,2193,14,939,21,108407,3473,85,939,22,15,3130,15,1450,54,856,28,504,28,504,60,1,17,939,22,15,3130,15,1450,54,856,28,504,28,504,60,11687,696,9476,16055,1347,14381,17491,362,4854,305,8412,8037,790,554,3226,31702,362,786,3729,9476,33,43,5270,1047,5081,943,9476,13973,305,16243,396,3631,9476,16055,343,103364,14,31598,14,489,8379,11,1347,14381,17491,362,4854,305,8412,8037,343,56327,48,116953,14,23572,5927,37766,14,5655,5136,304,1375,3932,12139,19582,30433,16,3211,14,3226,31702,5345,3729,26316,2915,1347,5103,97601,85,305,13342,37766,418,6460,4890,31532,39619,6300,16,7492,344,566,33,2355,436,32520,2753,14,469,477,1031,915,3687,33,1,17,939,22,15,3130,15,1450,54,856,28,504,28,504,60,18439,32,43,5270,1047,5081,943,9476,13973,305,16243,396,3631,9476,16055,343,103364,14,31598,14,489,8379,11,1347,14381,17491,362,4854,305,8412,8037,343,56327,48,116953,14,23572,5927,37766,14,5655,5136,304,1375,3932,12139,19582,30433,16,3211,14,3226,31702,5345,3729,26316,2915,1347,5103,97601,85,305,13342,37766,418,6460,4890,31532,39619,6300,16,7492,344,566,33,2355,436,32520,2753,14,469,477,1031,915,3687,69344,82,32,1,17,939,22,15,3130,15,1450,54,856,28,504,28,504,60,18439,32,43,5270,1047,5081,943,9476,13973
0,21750,260,24847,2019,304,4085,3920,270,2499,294,10923,294,260,1167,509,1749,305,12601,7892,344,4939,469,554,16,15361,270,15255,2019,16,9909,1353,16,1351,2499,65,17159,22785,2605,1823,33183,4181,2155,201,1,1,271,3465,2499,65,17159,22785,3395,361,1749,75738,438,223,19,201,361,12601,75738,438,223,19,201,361,3609,438,223,19,201,361,362,11424,295,1691,22785,3395,528,855,3609,3104,223,20,2606,223,18,1137,775,1749,75738,52490,688,7164,60744,682,528,3006,1137,775,12601,75738,52490,688,7164,60744,682,528,3609,7004,223,19,201,361,1354,1749,75738,2606,12601,75738,1,1,1,1,1,1,1,56,77,45,77,1,56,77,45,77,1,56,77,45,77,1,56,77,45,77,1,56,77,45,77,1,56,77,45,77,1,56,77,45,77,1,56,77,45,77,1,56,77,45,77,50,92,42,89,56,77,45,77,50,92,42,89,56,77,45,77,50,92,42,89,56,77,45,77,50,92,42,89,56,77,45,77,50,92,42,89,56,77,45,77,50,92,42,89,56,77,45,77,50,92,42,89,56,77,45,77,50,92,42,89,56,77,45,77,50,92,42,89,56,77,45,77,50,92,42,89,56,77,45,77,50,92,42,89,56,77,45,77,50,92,42,89,56,77,45,77,50,92,42,89,56,77,45,77,50,92,42,89,56,77,45,77,50,92,42,89,56,77,45,77,50,92,42,89,56,77,45,77,50,92,42,89,56,77,45,77,50,92,42,89,56,77,45,77,50,92,42,89,56,77,45,77,50,92,42,89,56,77,45,77,50,92,42,89,56,77,45,77,50,92,42,89,56,77,45,77,50,92,42,89,56,77,45,77,50,92,42,89,56,77,45,77,50,92,42,89,56,77,45,77,50,92,42,89,56,77,45,77,50,92,42,89,56,77,45,77,50,92,42,89,56
0,21750,260,24847,2019,304,4085,3920,270,2499,294,10923,294,260,1167,509,1749,305,12601,7892,344,4939,469,554,16,15361,270,15255,2019,16,9909,1353,16,1351,2499,65,17159,22785,2605,1823,33183,4181,2155,201,1,1,271,3465,2499,65,17159,22785,3395,361,1749,75738,438,223,19,201,361,12601,75738,438,223,19,201,361,3609,438,223,19,201,361,362,11424,295,1691,22785,3395,528,855,3609,3104,223,20,2606,223,18,1137,775,1749,75738,52490,688,7164,60744,682,528,3006,1137,775,12601,75738,52490,688,7164,60744,682,528,3609,7004,223,19,201,361,1354,1749,75738,2606,12601,75738,1,1,1,1,1,1,1,56,77,45,77,1,56,77,45,77,1,56,77,45,77,1,56,77,45,77,1,56,77,45,77,1,56,77,45,77,1,56,77,45,77,1,56,77,45,77,1,56,77,45,77,50,92,42,89,56,77,45,77,50,92,42,89,56,77,45,77,50,92,42,89,56,77,45,77,50,92,42,89,56,77,45,77,50,92,42,89,56,77,45,77,50,92,42,89,56,77,45,77,50,92,42,89,56,77,45,77,50,92,42,89,56,77,45,77,50,92,42,89,56,77,45,77,50,92,42,89,56,77,45,77,50,92,42,89,56,77,45,77,50,92,42,89,56,77,45,77,50,92,42,89,56,77,45,77,50,92,42,89,56,77,45,77,50,92,42,89,56,77,45,77,50,92,42,89,56,77,45,77,50,92,42,89,56,77,45,77,50,92,42,89,56,77,45,77,50,92,42,89,56,77,45,77,50,92,42,89,56,77,45,77,50,92,42,89,56,77,45,77,50,92,42,89,56,77,45,77,50,92,42,89,56,77,45,77,50,92,42,89,56,77,45,77,50,92,42,89,56,77,45,77,50,92,42,89,56,77,45,77,50,92,42,89,56,77,45,77,50,92,42,89,56,77
0,21750,260,24847,2019,304,4085,3920,270,2499,294,10923,294,260,1167,509,1749,305,12601,7892,344,4939,469,554,16,15361,270,15255,2019,16,9909,1353,16,1351,2499,65,17159,22785,2605,1823,33183,4181,2155,201,1,1,271,3465,2499,65,17159,22785,3395,361,1749,75738,438,223,19,201,361,12601,75738,438,223,19,201,361,3609,438,223,19,201,361,362,11424,295,1691,22785,3395,528,855,3609,3104,223,20,2606,223,18,1137,775,1749,75738,52490,688,7164,60744,682,528,3006,1137,775,12601,75738,52490,688,7164,60744,682,528,3609,7004,223,19,201,361,1354,1749,75738,2606,12601,75738,1,1,1,1,1,1,1,56,77,45,77,1,56,77,45,77,1,56,77,45,77,1,56,77,45,77,1,56,77,45,77,1,56,77,45,77,1,56,77,45,77,1,56,77,45,77,1,56,77,45,77,50,92,42,89,56,77,45,77,50,92,42,89,56,77,45,77,50,92,42,89,56,77,45,77,50,92,42,89,56,77,45,77,50,92,42,89,56,77,45,77,50,92,42,89,56,77,45,77,50,92,42,89,56,77,45,77,50,92,42,89,56,77,45,77,50,92,42,89,56,77,45,77,50,92,42,89,56,77,45,77,50,92,42,89,56,77,45,77,50,92,42,89,56,77,45,77,50,92,42,89,56,77,45,77,50,92,42,89,56,77,45,77,50,92,42,89,56,77,45,77,50,92,42,89,56,77,45,77,50,92,42,89,56,77,45,77,50,92,42,89,56,77,45,77,50,92,42,89,56,77,45,77,50,92,42,89,56,77,45,77,50,92,42,89,56,77,45,77,50,92,42,89,56,77,45,77,50,92,42,89,56,77,45,77,50,92,42,89,56,77,45,77,50,92,42,89,56,77,45,77,50,92,42,89,56,77,45,77,50,92,42,89,56,77,45,77,50,92,42,89,56,77,45
0,21750,260,24847,2019,304,4085,3920,270,2499,294,10923,294,260,1167,509,1749,305,12601,7892,344,4939,469,554,16,15361,270,15255,2019,16,9909,1353,16,1351,2499,65,17159,22785,2605,1823,33183,4181,2155,201,1,1,271,3465,2499,65,17159,22785,3395,361,1749,75738,438,223,19,201,361,12601,75738,438,223,19,201,361,3609,438,223,19,201,361,362,11424,295,1691,22785,3395,528,855,3609,3104,223,20,2606,223,18,1137,775,1749,75738,52490,688,7164,60744,682,528,3006,1137,775,12601,75738,52490,688,7164,60744,682,528,3609,7004,223,19,201,361,1354,1749,75738,2606,12601,75738,1,1,1,1,1,1,1,56,77,45,77,1,56,77,45,77,1,56,77,45,77,1,56,77,45,77,1,56,77,45,77,1,56,77,45,77,1,56,77,45,77,1,56,77,45,77,1,56,77,45,77,50,92,42,89,56,77,45,77,50,92,42,89,56,77,45,77,50,92,42,89,56,77,45,77,50,92,42,89,56,77,45,77,50,92,42,89,56,77,45,77,50,92,42,89,56,77,45,77,50,92,42,89,56,77,45,77,50,92,42,89,56,77,45,77,50,92,42,89,56,77,45,77,50,92,42,89,56,77,45,77,50,92,42,89,56,77,45,77,50,92,42,89,56,77,45,77,50,92,42,89,56,77,45,77,50,92,42,89,56,77,45,77,50,92,42,89,56,77,45,77,50,92,42,89,56,77,45,77,50,92,42,89,56,77,45,77,50,92,42,89,56,77,45,77,50,92,42,89,56,77,45,77,50,92,42,89,56,77,45,77,50,92,42,89,56,77,45,77,50,92,42,89,56,77,45,77,50,92,42,89,56,77,45,77,50,92,42,89,56,77,45,77,50,92,42,89,56,77,45,77,50,92,42,89,56,77,45,77,50,92,42,89,56,77,45,77,50,92,42,89,56,77,45
0,21750,260,24847,2019,304,4085,3920,270,2499,294,10923,294,260,1167,509,1749,305,12601,7892,344,4939,469,554,16,15361,270,15255,2019,16,9909,1353,16,1351,2499,65,17159,22785,2605,1823,33183,4181,2155,201,1,1,271,3465,2499,65,17159,22785,3395,361,1749,75738,438,223,19,201,361,12601,75738,438,223,19,201,361,3609,438,223,19,201,361,362,11424,295,1691,22785,3395,528,855,3609,3104,223,20,2606,223,18,1137,775,1749,75738,52490,688,7164,60744,682,528,3006,1137,775,12601,75738,52490,688,7164,60744,682,528,3609,7004,223,19,201,361,1354,1749,75738,2606,12601,75738,1,1,1,1,1,1,1,56,77,45,77,1,56,77,45,77,1,56,77,45,77,1,56,77,45,77,1,56,77,45,77,1,56,77,45,77,1,56,77,45,77,1,56,77,45,77,1,56,77,45,77,50,92,42,89,56,77,45,77,50,92,42,89,56,77,45,77,50,92,42,89,56,77,45,77,50,92,42,89,56,77,45,77,50,92,42,89,56,77,45,77,50,92,42,89,56,77,45,77,50,92,42,89,56,77,45,77,50,92,42,89,56,77,45,77,50,92,42,89,56,77,45,77,50,92,42,89,56,77,45,77,50,92,42,89,56,77,45,77,50,92,42,89,56,77,45,77,50,92,42,89,56,77,45,77,50,92,42,89,56,77,45,77,50,92,42,89,56,77,45,77,50,92,42,89,56,77,45,77,50,92,42,89,56,77,45,77,50,92,42,89,56,77,45,77,50,92,42,89,56,77,45,77,50,92,42,89,56,77,45,77,50,92,42,89,56,77,45,77,50,92,42,89,56,77,45,77,50,92,42,89,56,77,45,77,50,92,42,89,56,77,45,77,50,92,42,89,56,77,45,77,50,92,42,89,56,77,45,77,50,92,42,89,56,77,45,77,50,92,42,89,56,77
0,21750,260,24847,2019,304,4085,3920,270,2499,294,10923,294,260,1167,509,1749,305,12601,7892,344,4939,469,554,16,15361,270,15255,2019,16,9909,1353,16,1351,2499,65,17159,22785,2605,1823,33183,4181,2155,201,1,1,271,3465,2499,65,17159,22785,3395,361,1749,75738,438,223,19,201,361,12601,75738,438,223,19,201,361,3609,438,223,19,201,361,362,11424,295,1691,22785,3395,528,855,3609,3104,223,20,2606,223,18,1137,775,1749,75738,52490,688,7164,60744,682,528,3006,1137,775,12601,75738,52490,688,7164,60744,682,528,3609,7004,223,19,201,361,1354,1749,75738,2606,12601,75738,1,1,1,1,1,1,1,56,77,45,77,1,56,77,45,77,1,56,77,45,77,1,56,77,45,77,1,56,77,45,77,1,56,77,45,77,1,56,77,45,77,1,56,77,45,77,1,56,77,45,77,50,92,42,89,56,77,45,77,50,92,42,89,56,77,45,77,50,92,42,89,56,77,45,77,50,92,42,89,56,77,45,77,50,92,42,89,56,77,45,77,50,92,42,89,56,77,45,77,50,92,42,89,56,77,45,77,50,92,42,89,56,77,45,77,50,92,42,89,56,77,45,77,50,92,42,89,56,77,45,77,50,92,42,89,56,77,45,77,50,92,42,89,56,77,45,77,50,92,42,89,56,77,45,77,50,92,42,89,56,77,45,77,50,92,42,89,56,77,45,77,50,92,42,89,56,77,45,77,50,92,42,89,56,77,45,77,50,92,42,89,56,77,45,77,50,92,42,89,56,77,45,77,50,92,42,89,56,77,45,77,50,92,42,89,56,77,45,77,50,92,42,89,56,77,45,77,50,92,42,89,56,77,45,77,50,92,42,89,56,77,45,77,50,92,42,89,56,77,45,77,50,92,42,89,56,77,45,77,50,92,42,89,56,77,45,77,50,92,42,89,56
0,4117,696,342,1762,1192,3226,260,20071,344,295,51223,33,565,21536,65432,4070,223,939,22,15,3398,15,1069,54,3019,28,856,28,4287,60,5395,2272,20018,77263,2193,122095,17,65615,9928,350,5263,5395,2272,20018,77263,2193,78941,17,10334,29490,4739,5395,2272,20018,77263,2193,78941,17,10334,29490,4739,5395,2272,20018,77263,2193,78941,17,10334,29490,4739,5395,2272,20018,77263,2193,78941,17,10334,29490,4739,5395,2272,20018,77263,2193,78941,17,10334,29490,4739,5395,2272,20018,77263,2193,78941,17,10334,29490,4739,5395,2272,20018,77263,2193,78941,17,10334,29490,4739,5395,2272,20018,77263,2193,78941,17,10334,29490,4739,5395,2272,20018,77263,2193,78941,17,10334,29490,4739,5395,2272,20018,77263,2193,78941,17,10334,29490,4739,5395,2272,20018,77263,2193,78941,17,10334,29490,4739,5395,2272,20018,77263,2193,78941,17,10334,29490,4739,5395,2272,20018,77263,2193,78941,17,10334,29490,4739,5395,2272,20018,77263,2193,78941,17,10334,29490,4739,5395,2272,20018,77263,2193,78941,17,10334,29490,4739,5395,2272,20018,77263,2193,78941,17,10334,29490,4739,5395,2272,20018,77263,2193,78941,17,10334,29490,4739,5395,2272,20018,77263,2193,78941,17,10334,29490,4739,5395,2272,20018,77263,2193,78941,17,10334,29490,4739,5395,2272,20018,77263,2193,78941,17,10334,29490,4739,5395,2272,20018,77263,2193,78941,17,10334,29490,4739,5395,2272,20018,77263,2193,78941,17,10334,29490,4739,5395,2272,20018,77263,2193,78941,17,10334,29490,4739,5395,2272,20018,77263,2193,78941,17,10334,29490,4739,5395,2272,20018,77263,2193,78941,17,10334,29490,4739,5395,2272,20018,77263,2193,78941,17,10334,29490,4739,5395,2272,20018,77263,2193,78941,17,10334,29490,4739,5395,2272,20018,77263,2193,78941,17,10334,29490,4739,5395,2272,20018,77263,2193,78941,17,10334,29490,4739,5395,2272,20018,77263,2193,78941,17,10334,29490,4739,5395,2272,20018,77263,2193,78941,17,10334,29490,4739,5395,2272,20018,77263,2193,78941,17,10334,29490,4739,5395,2272,20018,77263,2193,78941,17,10334,29490,4739,5395,2272,20018,77263,2193,78941,17,10334,29490,4739,5395,2272,20018,77263,2193,78941,17,10334,29490,4739,5395,2272,20018,77263
0,4117,696,342,1762,1192,3226,260,20071,344,295,51223,33,565,21536,65432,4070,223,939,22,15,3398,15,1069,54,3019,28,856,28,4287,60,5395,2272,20018,77263,2193,122095,17,65615,9928,350,5263,5395,2272,20018,77263,2193,78941,17,10334,29490,4739,5395,2272,20018,77263,2193,78941,17,10334,29490,4739,5395,2272,20018,77263,2193,78941,17,10334,29490,4739,5395,2272,20018,77263,2193,78941,17,10334,29490,4739,5395,2272,20018,77263,2193,78941,17,10334,29490,4739,5395,2272,20018,77263,2193,78941,17,10334,29490,4739,5395,2272,20018,77263,2193,78941,17,10334,29490,4739,5395,2272,20018,77263,2193,78941,17,10334,29490,4739,5395,2272,20018,77263,2193,78941,17,10334,29490,4739,5395,2272,20018,77263,2193,78941,17,10334,29490,4739,5395,2272,20018,77263,2193,78941,17,10334,29490,4739,5395,2272,20018,77263,2193,78941,17,10334,29490,4739,5395,2272,20018,77263,2193,78941,17,10334,29490,4739,5395,2272,20018,77263,2193,78941,17,10334,29490,4739,5395,2272,20018,77263,2193,78941,17,10334,29490,4739,5395,2272,20018,77263,2193,78941,17,10334,29490,4739,5395,2272,20018,77263,2193,78941,17,10334,29490,4739,5395,2272,20018,77263,2193,78941,17,10334,29490,4739,5395,2272,20018,77263,2193,78941,17,10334,29490,4739,5395,2272,20018,77263,2193,78941,17,10334,29490,4739,5395,2272,20018,77263,2193,78941,17,10334,29490,4739,5395,2272,20018,77263,2193,78941,17,10334,29490,4739,5395,2272,20018,77263,2193,78941,17,10334,29490,4739,5395,2272,20018,77263,2193,78941,17,10334,29490,4739,5395,2272,20018,77263,2193,78941,17,10334,29490,4739,5395,2272,20018,77263,2193,78941,17,10334,29490,4739,5395,2272,20018,77263,2193,78941,17,10334,29490,4739,5395,2272,20018,77263,2193,78941,17,10334,29490,4739,5395,2272,20018,77263,2193,78941,17,10334,29490,4739,5395,2272,20018,77263,2193,78941,17,10334,29490,4739,5395,2272,20018,77263,2193,78941,17,10334,29490,4739,5395,2272,20018,77263,2193,78941,17,10334,29490,4739,5395,2272,20018,77263,2193,78941,17,10334,29490,4739,5395,2272,20018,77263,2193,78941,17,10334,29490,4739,5395,2272,20018,77263,2193,78941,17,10334,29490,4739
0,4117,696,342,1762,1192,3226,260,20071,344,295,51223,33,565,21536,65432,4070,223,939,22,15,3398,15,1069,54,3019,28,856,28,4287,60,5395,2272,20018,77263,2193,122095,17,65615,9928,350,5263,5395,2272,20018,77263,2193,78941,17,10334,29490,4739,5395,2272,20018,77263,2193,78941,17,10334,29490,4739,5395,2272,20018,77263,2193,78941,17,10334,29490,4739,5395,2272,20018,77263,2193,78941,17,10334,29490,4739,5395,2272,20018,77263,2193,78941,17,10334,29490,4739,5395,2272,20018,77263,2193,78941,17,10334,29490,4739,5395,2272,20018,77263,2193,78941,17,10334,29490,4739,5395,2272,20018,77263,2193,78941,17,10334,29490,4739,5395,2272,20018,77263,2193,78941,17,10334,29490,4739,5395,2272,20018,77263,2193,78941,17,10334,29490,4739,5395,2272,20018,77263,2193,78941,17,10334,29490,4739,5395,2272,20018,77263,2193,78941,17,10334,29490,4739,5395,2272,20018,77263,2193,78941,17,10334,29490,4739,5395,2272,20018,77263,2193,78941,17,10334,29490,4739,5395,2272,20018,77263,2193,78941,17,10334,29490,4739,5395,2272,20018,77263,2193,78941,17,10334,29490,4739,5395,2272,20018,77263,2193,78941,17,10334,29490,4739,5395,2272,20018,77263,2193,78941,17,10334,29490,4739,5395,2272,20018,77263,2193,78941,17,10334,29490,4739,5395,2272,20018,77263,2193,78941,17,10334,29490,4739,5395,2272,20018,77263,2193,78941,17,10334,29490,4739,5395,2272,20018,77263,2193,78941,17,10334,29490,4739,5395,2272,20018,77263,2193,78941,17,10334,29490,4739,5395,2272,20018,77263,2193,78941,17,10334,29490,4739,5395,2272,20018,77263,2193,78941,17,10334,29490,4739,5395,2272,20018,77263,2193,78941,17,10334,29490,4739,5395,2272,20018,77263,2193,78941,17,10334,29490,4739,5395,2272,20018,77263,2193,78941,17,10334,29490,4739,5395,2272,20018,77263,2193,78941,17,10334,29490,4739,5395,2272,20018,77263,2193,78941,17,10334,29490,4739,5395,2272,20018,77263,2193,78941,17,10334,29490,4739,5395,2272,20018,77263,2193,78941,17,10334,29490,4739,5395,2272,20018,77263,2193,78941,17,10334,29490,4739,5395,2272,20018,77263,2193,78941,17,10334,29490,4739,5395,2272,20018,77263,2193,78941,17,10334,29490,4739,5395,2272,20018,77263
0,4117,696,342,1762,1192,3226,260,20071,344,295,51223,33,565,21536,65432,4070,223,939,22,15,3398,15,1069,54,3019,28,856,28,4287,60,5395,2272,20018,77263,2193,122095,17,65615,9928,350,5263,5395,2272,20018,77263,2193,78941,17,10334,29490,4739,5395,2272,20018,77263,2193,78941,17,10334,29490,4739,5395,2272,20018,77263,2193,78941,17,10334,29490,4739,5395,2272,20018,77263,2193,78941,17,10334,29490,4739,5395,2272,20018,77263,2193,78941,17,10334,29490,4739,5395,2272,20018,77263,2193,78941,17,10334,29490,4739,5395,2272,20018,77263,2193,78941,17,10334,29490,4739,5395,2272,20018,77263,2193,78941,17,10334,29490,4739,5395,2272,20018,77263,2193,78941,17,10334,29490,4739,5395,2272,20018,77263,2193,78941,17,10334,29490,4739,5395,2272,20018,77263,2193,78941,17,10334,29490,4739,5395,2272,20018,77263,2193,78941,17,10334,29490,4739,5395,2272,20018,77263,2193,78941,17,10334,29490,4739,5395,2272,20018,77263,2193,78941,17,10334,29490,4739,5395,2272,20018,77263,2193,78941,17,10334,29490,4739,5395,2272,20018,77263,2193,78941,17,10334,29490,4739,5395,2272,20018,77263,2193,78941,17,10334,29490,4739,5395,2272,20018,77263,2193,78941,17,10334,29490,4739,5395,2272,20018,77263,2193,78941,17,10334,29490,4739,5395,2272,20018,77263,2193,78941,17,10334,29490,4739,5395,2272,20018,77263,2193,78941,17,10334,29490,4739,5395,2272,20018,77263,2193,78941,17,10334,29490,4739,5395,2272,20018,77263,2193,78941,17,10334,29490,4739,5395,2272,20018,77263,2193,78941,17,10334,29490,4739,5395,2272,20018,77263,2193,78941,17,10334,29490,4739,5395,2272,20018,77263,2193,78941,17,10334,29490,4739,5395,2272,20018,77263,2193,78941,17,10334,29490,4739,5395,2272,20018,77263,2193,78941,17,10334,29490,4739,5395,2272,20018,77263,2193,78941,17,10334,29490,4739,5395,2272,20018,77263,2193,78941,17,10334,29490,4739,5395,2272,20018,77263,2193,78941,17,10334,29490,4739,5395,2272,20018,77263,2193,78941,17,10334,29490,4739,5395,2272,20018,77263,2193,78941,17,10334,29490,4739,5395,2272,20018,77263,2193,78941,17,10334,29490,4739,5395,2272,20018,77263,2193,78941,17,10334,29490,4739,5395,2272,20018,77263
0,4117,696,342,1762,1192,3226,260,20071,344,295,51223,33,565,21536,65432,4070,223,939,22,15,3398,15,1069,54,3019,28,856,28,4287,60,5395,2272,20018,77263,2193,122095,17,65615,9928,350,5263,5395,2272,20018,77263,2193,78941,17,10334,29490,4739,5395,2272,20018,77263,2193,78941,17,10334,29490,4739,5395,2272,20018,77263,2193,78941,17,10334,29490,4739,5395,2272,20018,77263,2193,78941,17,10334,29490,4739,5395,2272,20018,77263,2193,78941,17,10334,29490,4739,5395,2272,20018,77263,2193,78941,17,10334,29490,4739,5395,2272,20018,77263,2193,78941,17,10334,29490,4739,5395,2272,20018,77263,2193,78941,17,10334,29490,4739,5395,2272,20018,77263,2193,78941,17,10334,29490,4739,5395,2272,20018,77263,2193,78941,17,10334,29490,4739,5395,2272,20018,77263,2193,78941,17,10334,29490,4739,5395,2272,20018,77263,2193,78941,17,10334,29490,4739,5395,2272,20018,77263,2193,78941,17,10334,29490,4739,5395,2272,20018,77263,2193,78941,17,10334,29490,4739,5395,2272,20018,77263,2193,78941,17,10334,29490,4739,5395,2272,20018,77263,2193,78941,17,10334,29490,4739,5395,2272,20018,77263,2193,78941,17,10334,29490,4739,5395,2272,20018,77263,2193,78941,17,10334,29490,4739,5395,2272,20018,77263,2193,78941,17,10334,29490,4739,5395,2272,20018,77263,2193,78941,17,10334,29490,4739,5395,2272,20018,77263,2193,78941,17,10334,29490,4739,5395,2272,20018,77263,2193,78941,17,10334,29490,4739,5395,2272,20018,77263,2193,78941,17,10334,29490,4739,5395,2272,20018,77263,2193,78941,17,10334,29490,4739,5395,2272,20018,77263,2193,78941,17,10334,29490,4739,5395,2272,20018,77263,2193,78941,17,10334,29490,4739,5395,2272,20018,77263,2193,78941,17,10334,29490,4739,5395,2272,20018,77263,2193,78941,17,10334,29490,4739,5395,2272,20018,77263,2193,78941,17,10334,29490,4739,5395,2272,20018,77263,2193,78941,17,10334,29490,4739,5395,2272,20018,77263,2193,78941,17,10334,29490,4739,5395,2272,20018,77263,2193,78941,17,10334,29490,4739,5395,2272,20018,77263,2193,78941,17,10334,29490,4739,5395,2272,20018,77263,2193,78941,17,10334,29490,4739,5395,2272,20018,77263,2193,78941,17,10334,29490,4739
0,4117,696,342,1762,1192,3226,260,20071,344,295,51223,33,565,21536,65432,4070,223,939,22,15,3398,15,1069,54,3019,28,856,28,4287,60,5395,2272,20018,77263,2193,122095,17,65615,9928,350,5263,5395,2272,20018,77263,2193,78941,17,10334,29490,4739,5395,2272,20018,77263,2193,78941,17,10334,29490,4739,5395,2272,20018,77263,2193,78941,17,10334,29490,4739,5395,2272,20018,77263,2193,78941,17,10334,29490,4739,5395,2272,20018,77263,2193,78941,17,10334,29490,4739,5395,2272,20018,77263,2193,78941,17,10334,29490,4739,5395,2272,20018,77263,2193,78941,17,10334,29490,4739,5395,2272,20018,77263,2193,78941,17,10334,29490,4739,5395,2272,20018,77263,2193,78941,17,10334,29490,4739,5395,2272,20018,77263,2193,78941,17,10334,29490,4739,5395,2272,20018,77263,2193,78941,17,10334,29490,4739,5395,2272,20018,77263,2193,78941,17,10334,29490,4739,5395,2272,20018,77263,2193,78941,17,10334,29490,4739,5395,2272,20018,77263,2193,78941,17,10334,29490,4739,5395,2272,20018,77263,2193,78941,17,10334,29490,4739,5395,2272,20018,77263,2193,78941,17,10334,29490,4739,5395,2272,20018,77263,2193,78941,17,10334,29490,4739,5395,2272,20018,77263,2193,78941,17,10334,29490,4739,5395,2272,20018,77263,2193,78941,17,10334,29490,4739,5395,2272,20018,77263,2193,78941,17,10334,29490,4739,5395,2272,20018,77263,2193,78941,17,10334,29490,4739,5395,2272,20018,77263,2193,78941,17,10334,29490,4739,5395,2272,20018,77263,2193,78941,17,10334,29490,4739,5395,2272,20018,77263,2193,78941,17,10334,29490,4739,5395,2272,20018,77263,2193,78941,17,10334,29490,4739,5395,2272,20018,77263,2193,78941,17,10334,29490,4739,5395,2272,20018,77263,2193,78941,17,10334,29490,4739,5395,2272,20018,77263,2193,78941,17,10334,29490,4739,5395,2272,20018,77263,2193,78941,17,10334,29490,4739,5395,2272,20018,77263,2193,78941,17,10334,29490,4739,5395,2272,20018,77263,2193,78941,17,10334,29490,4739,5395,2272,20018,77263,2193,78941,17,10334,29490,4739,5395,2272,20018,77263,2193,78941,17,10334,29490,4739,5395,2272,20018,77263,2193,78941,17,10334,29490,4739,5395,2272,20018,77263,2193,78941,17,10334,29490,4739,5395,2272,20018,77263
0,2337,2019,344,13313,304,5085,260,2019,304,1783,260,3618,418,270,8173,5004,1060,710,8049,20829,362,270,2910,5080,8452,294,3701,313,20735,603,2107,769,260,15398,979,47,438,223,1457,204,201,3465,3979,32192,6932,10215,6434,602,14,471,2605,223,204,201,200,24765,438,12955,18,362,1008,295,3291,14615,940,223,19,14245,362,597,295,3291,14615,940,223,19,14245,223,204,201,200,24765,61,18,3014,18,63,438,2753,61,18,3014,18,63,223,204,201,9955,1008,295,3291,10,19,14,471,2605,223,204,201,200,200,24765,3166,3014,18,63,438,18670,3166,940,223,19,3014,18,63,940,2753,3166,3014,18,63,223,204,201,9955,597,295,3291,10,19,14,471,2605,223,204,201,200,200,24765,61,18,3014,76,63,438,18670,61,18,3014,76,940,223,19,63,940,2753,61,18,3014,76,63,223,204,201,9955,1008,295,3291,10,19,14,471,2605,223,204,201,200,9955,597,295,3291,10,19,14,471,2605,223,204,201,998,200,24765,3166,3014,76,63,438,3979,61787,3166,565,223,19,3014,76,3031,18670,3166,3014,76,565,223,19,8123,940,2753,3166,3014,76,63,223,204,201,5562,18670,39064,565,223,19,3014,48,565,223,19,63,1492,343,20,982,471,565,223,19,11,223,204,201,204,201,40722,438,12955,19,14,223,20,14,223,21,3031,223,204,201,200,200,61,22,14,223,23,14,223,24,3031,223,204,201,200,200,61,25,14,223,26,14,223,27,11621,223,204,201,3098,23311,32192,6932,10215,6434,602,14,223,21,2542,223,204,201,204,201,671,15398,344,295,270,68707,294,270,1257,6946,305,7133,16,455,12175,1531,366,538,223,19,304,471,14,790,436,734,538,223,19,304,471,14,305,436,6623,18670,3166,940,223,19,3014,18,63,305,18670,61,18,3014,76,940,223,19,63,778,477,798,294,37238,16,983,1531,366,18670,3166,565,223,19,3014,18,63,305,18670,61,18,3014
0,2337,2019,344,13313,304,5085,260,2019,304,1783,260,3618,418,270,8173,5004,1060,710,8049,20829,362,270,2910,5080,8452,294,3701,313,20735,603,2107,769,260,15398,979,47,438,223,1457,204,201,3465,3979,32192,6932,10215,6434,602,14,471,2605,223,204,201,200,24765,438,12955,18,362,1008,295,3291,14615,940,223,19,14245,362,597,295,3291,14615,940,223,19,14245,223,204,201,200,24765,61,18,3014,18,63,438,2753,61,18,3014,18,63,223,204,201,9955,1008,295,3291,10,19,14,471,2605,223,204,201,200,200,24765,3166,3014,18,63,438,18670,3166,940,223,19,3014,18,63,940,2753,3166,3014,18,63,223,204,201,9955,597,295,3291,10,19,14,471,2605,223,204,201,200,200,24765,61,18,3014,76,63,438,18670,61,18,3014,76,940,223,19,63,940,2753,61,18,3014,76,63,223,204,201,9955,1008,295,3291,10,19,14,471,2605,223,204,201,200,9955,597,295,3291,10,19,14,471,2605,223,204,201,998,200,24765,3166,3014,76,63,438,3979,61787,3166,565,223,19,3014,76,3031,18670,3166,3014,76,565,223,19,8123,940,2753,3166,3014,76,63,223,204,201,5562,18670,39064,565,223,19,3014,48,565,223,19,63,1492,343,20,982,471,565,223,19,11,223,204,201,204,201,40722,438,12955,19,14,223,20,14,223,21,3031,223,204,201,200,200,61,22,14,223,23,14,223,24,3031,223,204,201,200,200,61,25,14,223,26,14,223,27,11621,223,204,201,3098,23311,32192,6932,10215,6434,602,14,223,21,2542,223,204,201,204,201,671,15398,344,295,270,68707,294,270,1257,6946,305,7133,16,455,12175,1531,366,538,223,19,304,471,14,790,436,734,538,223,19,304,471,14,305,436,6623,18670,3166,940,223,19,3014,18,63,305,18670,61,18,3014,76,940,223,19,63,778,477,798,294,37238,16,983,1531,366,18670,3166,565,223,19,3014,18,63,305,18670,61,18,3014
0,2337,2019,344,13313,304,5085,260,2019,304,1783,260,3618,418,270,8173,5004,1060,710,8049,20829,362,270,2910,5080,8452,294,3701,313,20735,603,2107,769,260,15398,979,47,438,223,1457,204,201,3465,3979,32192,6932,10215,6434,602,14,471,2605,223,204,201,200,24765,438,12955,18,362,1008,295,3291,14615,940,223,19,14245,362,597,295,3291,14615,940,223,19,14245,223,204,201,200,24765,61,18,3014,18,63,438,2753,61,18,3014,18,63,223,204,201,9955,1008,295,3291,10,19,14,471,2605,223,204,201,200,200,24765,3166,3014,18,63,438,18670,3166,940,223,19,3014,18,63,940,2753,3166,3014,18,63,223,204,201,9955,597,295,3291,10,19,14,471,2605,223,204,201,200,200,24765,61,18,3014,76,63,438,18670,61,18,3014,76,940,223,19,63,940,2753,61,18,3014,76,63,223,204,201,9955,1008,295,3291,10,19,14,471,2605,223,204,201,200,9955,597,295,3291,10,19,14,471,2605,223,204,201,998,200,24765,3166,3014,76,63,438,3979,61787,3166,565,223,19,3014,76,3031,18670,3166,3014,76,565,223,19,8123,940,2753,3166,3014,76,63,223,204,201,5562,18670,39064,565,223,19,3014,48,565,223,19,63,1492,343,20,982,471,565,223,19,11,223,204,201,204,201,40722,438,12955,19,14,223,20,14,223,21,3031,223,204,201,200,200,61,22,14,223,23,14,223,24,3031,223,204,201,200,200,61,25,14,223,26,14,223,27,11621,223,204,201,3098,23311,32192,6932,10215,6434,602,14,223,21,2542,223,204,201,204,201,671,15398,344,295,270,68707,294,270,1257,6946,305,7133,16,455,12175,1531,366,538,223,19,304,471,14,790,436,734,538,223,19,304,471,14,305,436,6623,18670,3166,940,223,19,3014,18,63,305,18670,61,18,3014,76,940,223,19,63,778,477,798,294,37238,16,983,1531,366,18670,3166,565,223,19,3014,18,63,305,18670,61,18,3014
0,2337,2019,344,13313,304,5085,260,2019,304,1783,260,3618,418,270,8173,5004,1060,710,8049,20829,362,270,2910,5080,8452,294,3701,313,20735,603,2107,769,260,15398,979,47,438,223,1457,204,201,3465,3979,32192,6932,10215,6434,602,14,471,2605,223,204,201,200,24765,438,12955,18,362,1008,295,3291,14615,940,223,19,14245,362,597,295,3291,14615,940,223,19,14245,223,204,201,200,24765,61,18,3014,18,63,438,2753,61,18,3014,18,63,223,204,201,9955,1008,295,3291,10,19,14,471,2605,223,204,201,200,200,24765,3166,3014,18,63,438,18670,3166,940,223,19,3014,18,63,940,2753,3166,3014,18,63,223,204,201,9955,597,295,3291,10,19,14,471,2605,223,204,201,200,200,24765,61,18,3014,76,63,438,18670,61,18,3014,76,940,223,19,63,940,2753,61,18,3014,76,63,223,204,201,9955,1008,295,3291,10,19,14,471,2605,223,204,201,200,9955,597,295,3291,10,19,14,471,2605,223,204,201,998,200,24765,3166,3014,76,63,438,3979,61787,3166,565,223,19,3014,76,3031,18670,3166,3014,76,565,223,19,8123,940,2753,3166,3014,76,63,223,204,201,5562,18670,39064,565,223,19,3014,48,565,223,19,63,1492,343,20,982,471,565,223,19,11,223,204,201,204,201,40722,438,12955,19,14,223,20,14,223,21,3031,223,204,201,200,200,61,22,14,223,23,14,223,24,3031,223,204,201,200,200,61,25,14,223,26,14,223,27,11621,223,204,201,3098,23311,32192,6932,10215,6434,602,14,223,21,2542,223,204,201,204,201,671,15398,344,295,270,68707,294,270,1257,6946,305,7133,16,455,12175,1531,366,538,223,19,304,471,14,790,436,734,538,223,19,304,471,14,305,436,6623,18670,3166,940,223,19,3014,18,63,305,18670,61,18,3014,76,940,223,19,63,778,477,798,294,37238,16,983,1531,366,18670,3166,565,223,19,3014,18,63,305,18670,61,18,3014
0,2337,2019,344,13313,304,5085,260,2019,304,1783,260,3618,418,270,8173,5004,1060,710,8049,20829,362,270,2910,5080,8452,294,3701,313,20735,603,2107,769,260,15398,979,47,438,223,1457,204,201,3465,3979,32192,6932,10215,6434,602,14,471,2605,223,204,201,200,24765,438,12955,18,362,1008,295,3291,14615,940,223,19,14245,362,597,295,3291,14615,940,223,19,14245,223,204,201,200,24765,61,18,3014,18,63,438,2753,61,18,3014,18,63,223,204,201,9955,1008,295,3291,10,19,14,471,2605,223,204,201,200,200,24765,3166,3014,18,63,438,18670,3166,940,223,19,3014,18,63,940,2753,3166,3014,18,63,223,204,201,9955,597,295,3291,10,19,14,471,2605,223,204,201,200,200,24765,61,18,3014,76,63,438,18670,61,18,3014,76,940,223,19,63,940,2753,61,18,3014,76,63,223,204,201,9955,1008,295,3291,10,19,14,471,2605,223,204,201,200,9955,597,295,3291,10,19,14,471,2605,223,204,201,998,200,24765,3166,3014,76,63,438,3979,61787,3166,565,223,19,3014,76,3031,18670,3166,3014,76,565,223,19,8123,940,2753,3166,3014,76,63,223,204,201,5562,18670,39064,565,223,19,3014,48,565,223,19,63,1492,343,20,982,471,565,223,19,11,223,204,201,204,201,40722,438,12955,19,14,223,20,14,223,21,3031,223,204,201,200,200,61,22,14,223,23,14,223,24,3031,223,204,201,200,200,61,25,14,223,26,14,223,27,11621,223,204,201,3098,23311,32192,6932,10215,6434,602,14,223,21,2542,223,204,201,204,201,671,15398,344,295,270,68707,294,270,1257,6946,305,7133,16,455,12175,1531,366,538,223,19,304,471,14,790,436,734,538,223,19,304,471,14,305,436,6623,18670,3166,940,223,19,3014,18,63,305,18670,61,18,3014,76,940,223,19,63,778,477,798,294,37238,16,983,1531,366,18670,3166,565,223,19,3014,18,63,305,18670,61,18,3014
0,2337,2019,344,13313,304,5085,260,2019,304,1783,260,3618,418,270,8173,5004,1060,710,8049,20829,362,270,2910,5080,8452,294,3701,313,20735,603,2107,769,260,15398,979,47,438,223,1457,204,201,3465,3979,32192,6932,10215,6434,602,14,471,2605,223,204,201,200,24765,438,12955,18,362,1008,295,3291,14615,940,223,19,14245,362,597,295,3291,14615,940,223,19,14245,223,204,201,200,24765,61,18,3014,18,63,438,2753,61,18,3014,18,63,223,204,201,9955,1008,295,3291,10,19,14,471,2605,223,204,201,200,200,24765,3166,3014,18,63,438,18670,3166,940,223,19,3014,18,63,940,2753,3166,3014,18,63,223,204,201,9955,597,295,3291,10,19,14,471,2605,223,204,201,200,200,24765,61,18,3014,76,63,438,18670,61,18,3014,76,940,223,19,63,940,2753,61,18,3014,76,63,223,204,201,9955,1008,295,3291,10,19,14,471,2605,223,204,201,200,9955,597,295,3291,10,19,14,471,2605,223,204,201,998,200,24765,3166,3014,76,63,438,3979,61787,3166,565,223,19,3014,76,3031,18670,3166,3014,76,565,223,19,8123,940,2753,3166,3014,76,63,223,204,201,5562,18670,39064,565,223,19,3014,48,565,223,19,63,1492,343,20,982,471,565,223,19,11,223,204,201,204,201,40722,438,12955,19,14,223,20,14,223,21,3031,223,204,201,200,200,61,22,14,223,23,14,223,24,3031,223,204,201,200,200,61,25,14,223,26,14,223,27,11621,223,204,201,3098,23311,32192,6932,10215,6434,602,14,223,21,2542,223,204,201,204,201,671,15398,344,295,270,68707,294,270,1257,6946,305,7133,16,455,12175,1531,366,538,223,19,304,471,14,790,436,734,538,223,19,304,471,14,305,436,6623,18670,3166,940,223,19,3014,18,63,305,18670,61,18,3014,76,940,223,19,63,778,477,798,294,37238,16,983,1531,366,18670,3166,565,223,19,3014,18,63,305,18670,61,18,3014
0,2337,2019,344,13313,304,5085,260,2019,304,1783,270,2499,294,1257,1749,305,12601,1167,294,260,2910,2310,603,2107,769,260,15398,979,3465,21740,17856,1615,65,19512,25256,19,2605,204,201,361,1257,17856,1615,438,2894,6980,317,362,1229,295,2310,19,855,1229,7,20,25370,18,754,15,19,11,204,201,361,1257,65,19512,438,2894,6980,317,362,1229,295,2310,19,855,1229,7,20,25370,18,754,15,19,11,204,201,361,1354,343,13213,17856,1615,12,13213,65,19512,868,97372,436,16,20870,1353,270,37370,2019,16,1,1,16,1,16,1,16,1,16,1,16,1,16,1,16,1,16,1,16,1,16,1,16,1,16,1,16,1,16,1,16,1,16,1,16,1,16,1,16,1,16,1,16,1,16,1,16,1,16,1,16,1,16,1,16,455,4813,2019,1531,1354,270,2499,294,270,1257,1749,305,1257,12601,1167,295,270,2310,16,2052,4338,344,12070,14,1354,565,19,16,1,16,455,2019,1531,366,9306,21740,17856,1615,65,19512,16,455,2019,1531,2188,260,2310,412,4346,16,455,2019,1531,1354,411,9132,16,455,2019,1531,366,4813,362,710,3338,21102,16,455,2019,1531,366,8281,16,455,2019,1531,366,57600,16,455,2019,1531,366,1585,2417,71276,16,455,2019,1531,366,295,15255,16,455,2019,1531,366,295,270,8786,28,1351,21740,17856,1615,65,19512,25256,19,2605,4588,455,2019,1531,554,1347,1117,9390,25625,16,455,2019,1531,554,1347,1117,7379,4767,6177,396,477,554,7837,16,455,2019,1531,554,1347,1117,5217,8409,16,455,2019,1531,554,1347,1117,101224,6723,14904,16,455,2019,1531,554,1347,1117,31698,16,455,2019,1531,554,1347,1117,78157,16,455,2019,1531,554,1347,1117,38300,16,455,2019,1531,554,1347,1117,8473,685,16,455,2019,1531,554,1347,1117,49436,16,455,2019,1531,554,1347,1117,17162,3653,16,455,2019,1531,554,1347,1117,43727,6177,16,455,2019,1531,554,1347,1117,6403,14,9450,14,6252,16,455,2019,1531,554,1347,1117
0,2337,2019,344,13313,304,5085,260,2019,304,1783,270,2499,294,1257,1749,305,12601,1167,294,260,2910,2310,603,2107,769,260,15398,979,3465,21740,17856,1615,65,19512,25256,19,2605,204,201,361,1257,17856,1615,438,2894,6980,317,362,1229,295,2310,19,855,1229,7,20,25370,18,754,15,19,11,204,201,361,1257,65,19512,438,2894,6980,317,362,1229,295,2310,19,855,1229,7,20,25370,18,754,15,19,11,204,201,361,1354,343,13213,17856,1615,12,13213,65,19512,868,97372,436,16,20870,1353,270,37370,2019,16,1,1,16,1,16,1,16,1,16,1,16,1,16,1,16,1,16,1,16,1,16,1,16,1,16,1,16,1,16,1,16,1,16,1,16,1,16,1,16,1,16,1,16,1,16,1,16,1,16,1,16,1,16,1,16,455,4813,2019,1531,1354,270,2499,294,270,1257,1749,305,1257,12601,1167,295,270,2310,16,2052,4338,344,12070,14,1354,565,19,16,1,16,455,2019,1531,366,9306,21740,17856,1615,65,19512,16,455,2019,1531,2188,260,2310,412,4346,16,455,2019,1531,1354,411,9132,16,455,2019,1531,366,4813,362,710,3338,21102,16,455,2019,1531,366,8281,16,455,2019,1531,366,57600,16,455,2019,1531,366,1585,2417,71276,16,455,2019,1531,366,295,15255,16,455,2019,1531,366,295,270,8786,28,1351,21740,17856,1615,65,19512,25256,19,2605,4588,455,2019,1531,554,1347,1117,9390,25625,16,455,2019,1531,554,1347,1117,7379,4767,6177,396,477,554,7837,16,455,2019,1531,554,1347,1117,5217,8409,16,455,2019,1531,554,1347,1117,101224,6723,14904,16,455,2019,1531,554,1347,1117,31698,16,455,2019,1531,554,1347,1117,78157,16,455,2019,1531,554,1347,1117,38300,16,455,2019,1531,554,1347,1117,8473,685,16,455,2019,1531,554,1347,1117,49436,16,455,2019,1531,554,1347,1117,17162,3653,16,455,2019,1531,554,1347,1117,43727,6177,16,455,2019,1531,554,1347,1117,6403,14,9450,14,6252,16,455,2019,1531,554,1347,1117,2310
0,2337,2019,344,13313,304,5085,260,2019,304,1783,270,2499,294,1257,1749,305,12601,1167,294,260,2910,2310,603,2107,769,260,15398,979,3465,21740,17856,1615,65,19512,25256,19,2605,204,201,361,1257,17856,1615,438,2894,6980,317,362,1229,295,2310,19,855,1229,7,20,25370,18,754,15,19,11,204,201,361,1257,65,19512,438,2894,6980,317,362,1229,295,2310,19,855,1229,7,20,25370,18,754,15,19,11,204,201,361,1354,343,13213,17856,1615,12,13213,65,19512,868,97372,436,16,20870,1353,270,37370,2019,16,1,1,16,1,16,1,16,1,16,1,16,1,16,1,16,1,16,1,16,1,16,1,16,1,16,1,16,1,16,1,16,1,16,1,16,1,16,1,16,1,16,1,16,1,16,1,16,1,16,1,16,1,16,1,16,455,4813,2019,1531,1354,270,2499,294,270,1257,1749,305,1257,12601,1167,295,270,2310,16,2052,4338,344,12070,14,1354,565,19,16,1,16,455,2019,1531,366,9306,21740,17856,1615,65,19512,16,455,2019,1531,2188,260,2310,412,4346,16,455,2019,1531,1354,411,9132,16,455,2019,1531,366,4813,362,710,3338,21102,16,455,2019,1531,366,8281,16,455,2019,1531,366,57600,16,455,2019,1531,366,1585,2417,71276,16,455,2019,1531,366,295,15255,16,455,2019,1531,366,295,270,8786,28,1351,21740,17856,1615,65,19512,25256,19,2605,4588,455,2019,1531,554,1347,1117,9390,25625,16,455,2019,1531,554,1347,1117,7379,4767,6177,396,477,554,7837,16,455,2019,1531,554,1347,1117,5217,8409,16,455,2019,1531,554,1347,1117,101224,6723,14904,16,455,2019,1531,554,1347,1117,31698,16,455,2019,1531,554,1347,1117,78157,16,455,2019,1531,554,1347,1117,38300,16,455,2019,1531,554,1347,1117,8473,685,16,455,2019,1531,554,1347,1117,49436,16,455,2019,1531,554,1347,1117,17162,3653,16,455,2019,1531,554,1347,1117,43727,6177,16,455,2019,1531,554,1347,1117,6403,14,9450,14,6252,16,455,2019,1531
0,2337,2019,344,13313,304,5085,260,2019,304,1783,270,2499,294,1257,1749,305,12601,1167,294,260,2910,2310,603,2107,769,260,15398,979,3465,21740,17856,1615,65,19512,25256,19,2605,204,201,361,1257,17856,1615,438,2894,6980,317,362,1229,295,2310,19,855,1229,7,20,25370,18,754,15,19,11,204,201,361,1257,65,19512,438,2894,6980,317,362,1229,295,2310,19,855,1229,7,20,25370,18,754,15,19,11,204,201,361,1354,343,13213,17856,1615,12,13213,65,19512,868,97372,436,16,20870,1353,270,37370,2019,16,1,1,16,1,16,1,16,1,16,1,16,1,16,1,16,1,16,1,16,1,16,1,16,1,16,1,16,1,16,1,16,1,16,1,16,1,16,1,16,1,16,1,16,1,16,1,16,1,16,1,16,1,16,1,16,455,4813,2019,1531,1354,270,2499,294,270,1257,1749,305,1257,12601,1167,295,270,2310,16,2052,4338,344,12070,14,1354,565,19,16,1,16,455,2019,1531,366,9306,21740,17856,1615,65,19512,16,455,2019,1531,2188,260,2310,412,4346,16,455,2019,1531,1354,411,9132,16,455,2019,1531,366,4813,362,710,3338,21102,16,455,2019,1531,366,8281,16,455,2019,1531,366,57600,16,455,2019,1531,366,1585,2417,71276,16,455,2019,1531,366,295,15255,16,455,2019,1531,366,295,270,8786,28,1351,21740,17856,1615,65,19512,25256,19,2605,4588,455,2019,1531,554,1347,1117,9390,25625,16,455,2019,1531,554,1347,1117,7379,4767,6177,396,477,554,7837,16,455,2019,1531,554,1347,1117,5217,8409,16,455,2019,1531,554,1347,1117,101224,6723,14904,16,455,2019,1531,554,1347,1117,31698,16,455,2019,1531,554,1347,1117,78157,16,455,2019,1531,554,1347,1117,38300,16,455,2019,1531,554,1347,1117,8473,685,16,455,2019,1531,554,1347,1117,49436,16,455,2019,1531,554,1347,1117,17162,3653,16,455,2019,1531,554,1347,1117,43727,6177,16,455,2019,1531,554,1347,1117,6403,14,9450,14,6252,16,455,2019,1531
0,2337,2019,344,13313,304,5085,260,2019,304,1783,270,2499,294,1257,1749,305,12601,1167,294,260,2910,2310,603,2107,769,260,15398,979,3465,21740,17856,1615,65,19512,25256,19,2605,204,201,361,1257,17856,1615,438,2894,6980,317,362,1229,295,2310,19,855,1229,7,20,25370,18,754,15,19,11,204,201,361,1257,65,19512,438,2894,6980,317,362,1229,295,2310,19,855,1229,7,20,25370,18,754,15,19,11,204,201,361,1354,343,13213,17856,1615,12,13213,65,19512,868,97372,436,16,20870,1353,270,37370,2019,16,1,1,16,1,16,1,16,1,16,1,16,1,16,1,16,1,16,1,16,1,16,1,16,1,16,1,16,1,16,1,16,1,16,1,16,1,16,1,16,1,16,1,16,1,16,1,16,1,16,1,16,1,16,1,16,455,4813,2019,1531,1354,270,2499,294,270,1257,1749,305,1257,12601,1167,295,270,2310,16,2052,4338,344,12070,14,1354,565,19,16,1,16,455,2019,1531,366,9306,21740,17856,1615,65,19512,16,455,2019,1531,2188,260,2310,412,4346,16,455,2019,1531,1354,411,9132,16,455,2019,1531,366,4813,362,710,3338,21102,16,455,2019,1531,366,8281,16,455,2019,1531,366,57600,16,455,2019,1531,366,1585,2417,71276,16,455,2019,1531,366,295,15255,16,455,2019,1531,366,295,270,8786,28,1351,21740,17856,1615,65,19512,25256,19,2605,4588,455,2019,1531,554,1347,1117,9390,25625,16,455,2019,1531,554,1347,1117,7379,4767,6177,396,477,554,7837,16,455,2019,1531,554,1347,1117,5217,8409,16,455,2019,1531,554,1347,1117,101224,6723,14904,16,455,2019,1531,554,1347,1117,31698,16,455,2019,1531,554,1347,1117,78157,16,455,2019,1531,554,1347,1117,38300,16,455,2019,1531,554,1347,1117,8473,685,16,455,2019,1531,554,1347,1117,49436,16,455,2019,1531,554,1347,1117,17162,3653,16,455,2019,1531,554,1347,1117,43727,6177,16,455,2019,1531,554,1347,1117,6403,14,9450,14,6252,16,455,2019,1531,554,1347,1117,2310
0,2337,2019,344,13313,304,5085,260,2019,304,1783,270,2499,294,1257,1749,305,12601,1167,294,260,2910,2310,603,2107,769,260,15398,979,3465,21740,17856,1615,65,19512,25256,19,2605,204,201,361,1257,17856,1615,438,2894,6980,317,362,1229,295,2310,19,855,1229,7,20,25370,18,754,15,19,11,204,201,361,1257,65,19512,438,2894,6980,317,362,1229,295,2310,19,855,1229,7,20,25370,18,754,15,19,11,204,201,361,1354,343,13213,17856,1615,12,13213,65,19512,868,97372,436,16,20870,1353,270,37370,2019,16,1,1,16,1,16,1,16,1,16,1,16,1,16,1,16,1,16,1,16,1,16,1,16,1,16,1,16,1,16,1,16,1,16,1,16,1,16,1,16,1,16,1,16,1,16,1,16,1,16,1,16,1,16,1,16,455,4813,2019,1531,1354,270,2499,294,270,1257,1749,305,1257,12601,1167,295,270,2310,16,2052,4338,344,12070,14,1354,565,19,16,1,16,455,2019,1531,366,9306,21740,17856,1615,65,19512,16,455,2019,1531,2188,260,2310,412,4346,16,455,2019,1531,1354,411,9132,16,455,2019,1531,366,4813,362,710,3338,21102,16,455,2019,1531,366,8281,16,455,2019,1531,366,57600,16,455,2019,1531,366,1585,2417,71276,16,455,2019,1531,366,295,15255,16,455,2019,1531,366,295,270,8786,28,1351,21740,17856,1615,65,19512,25256,19,2605,4588,455,2019,1531,554,1347,1117,9390,25625,16,455,2019,1531,554,1347,1117,7379,4767,6177,396,477,554,7837,16,455,2019,1531,554,1347,1117,5217,8409,16,455,2019,1531,554,1347,1117,101224,6723,14904,16,455,2019,1531,554,1347,1117,31698,16,455,2019,1531,554,1347,1117,78157,16,455,2019,1531,554,1347,1117,38300,16,455,2019,1531,554,1347,1117,8473,685,16,455,2019,1531,554,1347,1117,49436,16,455,2019,1531,554,1347,1117,17162,3653,16,455,2019,1531,554,1347,1117,43727,6177,16,455,2019,1531,554,1347,1117,6403,14,9450,14,6252,16,455,2019,1531,554,1347,1117
0,4117,1531,260,223,1059,1141,3072,2580,786,4601,304,12535,1066,304,43255,513,270,1014,851,4750,223,2738,33,342,4571,223,1059,1737,3072,305,342,1970,304,43255,513,270,1014,342,4571,223,2738,16,342,4571,4735,362,11389,377,1192,304,2580,1026,4601,304,8541,566,7076,16,342,4571,2526,304,1688,8094,7587,305,1114,1277,304,1153,270,2455,4090,304,29800,1026,20029,294,79394,58394,16,11992,3052,260,10659,2831,469,15846,339,795,223,23,11632,304,582,4117,1531,260,223,1059,1141,3072,2580,786,4601,304,12535,1066,304,43255,513,270,1014,851,4750,223,2738,14939,201,5,72687,2399,13145,10882,74849,271,4690,223,1059,14,440,611,260,223,1810,6680,82368,16,455,1473,14814,3618,344,11055,15413,304,7739,4890,5508,11165,16,5592,734,260,10303,979,666,21878,26429,28,5866,15,10988,798,4494,15,19137,6265,12387,343,15482,77,14,55659,14,437,10111,11,29392,201,15,10593,295,3157,43537,327,48395,223,3712,5508,11165,343,6580,2187,22673,1202,223,18,16,553,85323,15,47322,260,223,2225,17,553,7960,9928,1110,25705,3514,4109,223,1328,14,1539,9428,304,223,1683,17,1484,271,666,7115,16639,28,5866,15,58697,223,25,7,5004,9843,1354,14,24261,957,19,14,1320,121174,538,223,1059,15,2738,509,223,25,7,4096,22273,9648,957,19,16,25,47,343,261,4316,734,13459,14,33339,362,223,21,7,15981,682,15,3256,223,22,7,33773,3711,295,20793,14,396,734,957,2973,77,85496,271,666,73510,62790,2760,28,5866,15,1162,35198,1119,3631,3194,66974,201,15,52013,3851,344,2041,565,260,223,1328,7,5140,7919,509,223,2315,1494,11570,20793,223,23,15,25,1737,201,15,13327,260,582,38612,1141,4,7822,28,4216,223,2892,6240,294,223,2738,304,2906,17437,271,666,671,7716,28,5866,15,48418,14498,28,957,19,14,1320,15,19,14,3712,201,15,73740,2041,1354,28,223,22,15,23,7,1561,15981,201,15,25593,28,223,1069,90,2573,9843,15815,513
0,4117,1531,260,223,1059,1141,3072,2580,786,4601,304,12535,1066,304,43255,513,270,1014,851,4750,223,2738,33,342,4571,223,1059,1737,3072,305,342,1970,304,43255,513,270,1014,342,4571,223,2738,16,342,4571,4735,362,11389,377,1192,304,2580,1026,4601,304,8541,566,7076,16,342,4571,2526,304,1688,8094,7587,305,1114,1277,304,1153,270,2455,4090,304,29800,1026,20029,294,79394,58394,16,11992,3052,260,10659,2831,469,15846,339,795,223,23,11632,304,582,4117,1531,260,223,1059,1141,3072,2580,786,4601,304,12535,1066,304,43255,513,270,1014,851,4750,223,2738,14939,201,5,72687,2399,13145,10882,74849,271,4690,223,1059,14,440,611,260,223,1810,6680,82368,16,455,1473,14814,3618,344,11055,15413,304,7739,4890,5508,11165,16,5592,734,260,10303,979,666,21878,26429,28,5866,15,10988,798,4494,15,19137,6265,12387,343,15482,77,14,55659,14,437,10111,11,29392,201,15,10593,295,3157,43537,327,48395,223,3712,5508,11165,343,6580,2187,22673,1202,223,18,16,553,85323,15,47322,260,223,2225,17,553,7960,9928,1110,25705,3514,4109,223,1328,14,1539,9428,304,223,1683,17,1484,271,666,7115,16639,28,5866,15,58697,223,25,7,5004,9843,1354,14,24261,957,19,14,1320,121174,538,223,1059,15,2738,509,223,25,7,4096,22273,9648,957,19,16,25,47,343,261,4316,734,13459,14,33339,362,223,21,7,15981,682,15,3256,223,22,7,33773,3711,295,20793,14,396,734,957,2973,77,85496,271,666,73510,62790,2760,28,5866,15,1162,35198,1119,3631,3194,66974,201,15,52013,3851,344,2041,565,260,223,1328,7,5140,7919,509,223,2315,1494,11570,20793,223,23,15,25,1737,201,15,13327,260,582,38612,1141,4,7822,28,4216,223,2892,6240,294,223,2738,304,2906,17437,271,666,671,7716,28,5866,15,48418,14498,28,957,19,14,1320,15,19,14,3712,201,15,73740,2041,1354,28,223,22,15,23,7,1561,15981,201,15,25593,28,223,1069,90,2573,9843,15815,513
0,4117,1531,260,223,1059,1141,3072,2580,786,4601,304,12535,1066,304,43255,513,270,1014,851,4750,223,2738,33,342,4571,223,1059,1737,3072,305,342,1970,304,43255,513,270,1014,342,4571,223,2738,16,342,4571,4735,362,11389,377,1192,304,2580,1026,4601,304,8541,566,7076,16,342,4571,2526,304,1688,8094,7587,305,1114,1277,304,1153,270,2455,4090,304,29800,1026,20029,294,79394,58394,16,11992,3052,260,10659,2831,469,15846,339,795,223,23,11632,304,582,4117,1531,260,223,1059,1141,3072,2580,786,4601,304,12535,1066,304,43255,513,270,1014,851,4750,223,2738,14939,201,5,72687,2399,13145,10882,74849,271,4690,223,1059,14,440,611,260,223,1810,6680,82368,16,455,1473,14814,3618,344,11055,15413,304,7739,4890,5508,11165,16,5592,734,260,10303,979,666,21878,26429,28,5866,15,10988,798,4494,15,19137,6265,12387,343,15482,77,14,55659,14,437,10111,11,29392,201,15,10593,295,3157,43537,327,48395,223,3712,5508,11165,343,6580,2187,22673,1202,223,18,16,553,85323,15,47322,260,223,2225,17,553,7960,9928,1110,25705,3514,4109,223,1328,14,1539,9428,304,223,1683,17,1484,271,666,7115,16639,28,5866,15,58697,223,25,7,5004,9843,1354,14,24261,957,19,14,1320,121174,538,223,1059,15,2738,509,223,25,7,4096,22273,9648,957,19,16,25,47,343,261,4316,734,13459,14,33339,362,223,21,7,15981,682,15,3256,223,22,7,33773,3711,295,20793,14,396,734,957,2973,77,85496,271,666,73510,62790,2760,28,5866,15,1162,35198,1119,3631,3194,66974,201,15,52013,3851,344,2041,565,260,223,1328,7,5140,7919,509,223,2315,1494,11570,20793,223,23,15,25,1737,201,15,13327,260,582,38612,1141,4,7822,28,4216,223,2892,6240,294,223,2738,304,2906,17437,271,666,671,7716,28,5866,15,48418,14498,28,957,19,14,1320,15,19,14,3712,201,15,73740,2041,1354,28,223,22,15,23,7,1561,15981,201,15,25593,28,223,1069,90,2573,9843,15815,513
0,4117,1531,260,223,1059,1141,3072,2580,786,4601,304,12535,1066,304,43255,513,270,1014,851,4750,223,2738,33,342,4571,223,1059,1737,3072,305,342,1970,304,43255,513,270,1014,342,4571,223,2738,16,342,4571,4735,362,11389,377,1192,304,2580,1026,4601,304,8541,566,7076,16,342,4571,2526,304,1688,8094,7587,305,1114,1277,304,1153,270,2455,4090,304,29800,1026,20029,294,79394,58394,16,11992,3052,260,10659,2831,469,15846,339,795,223,23,11632,304,582,4117,1531,260,223,1059,1141,3072,2580,786,4601,304,12535,1066,304,43255,513,270,1014,851,4750,223,2738,14939,201,5,72687,2399,13145,10882,74849,271,4690,223,1059,14,440,611,260,223,1810,6680,82368,16,455,1473,14814,3618,344,11055,15413,304,7739,4890,5508,11165,16,5592,734,260,10303,979,666,21878,26429,28,5866,15,10988,798,4494,15,19137,6265,12387,343,15482,77,14,55659,14,437,10111,11,29392,201,15,10593,295,3157,43537,327,48395,223,3712,5508,11165,343,6580,2187,22673,1202,223,18,16,553,85323,15,47322,260,223,2225,17,553,7960,9928,1110,25705,3514,4109,223,1328,14,1539,9428,304,223,1683,17,1484,271,666,7115,16639,28,5866,15,58697,223,25,7,5004,9843,1354,14,24261,957,19,14,1320,121174,538,223,1059,15,2738,509,223,25,7,4096,22273,9648,957,19,16,25,47,343,261,4316,734,13459,14,33339,362,223,21,7,15981,682,15,3256,223,22,7,33773,3711,295,20793,14,396,734,957,2973,77,85496,271,666,73510,62790,2760,28,5866,15,1162,35198,1119,3631,3194,66974,201,15,52013,3851,344,2041,565,260,223,1328,7,5140,7919,509,223,2315,1494,11570,20793,223,23,15,25,1737,201,15,13327,260,582,38612,1141,4,7822,28,4216,223,2892,6240,294,223,2738,304,2906,17437,271,666,671,7716,28,5866,15,48418,14498,28,957,19,14,1320,15,19,14,3712,201,15,73740,2041,1354,28,223,22,15,23,7,1561,15981,201,15,25593,28,223,1069,90,2573,9843,15815,513
0,4117,1531,260,223,1059,1141,3072,2580,786,4601,304,12535,1066,304,43255,513,270,1014,851,4750,223,2738,33,342,4571,223,1059,1737,3072,305,342,1970,304,43255,513,270,1014,342,4571,223,2738,16,342,4571,4735,362,11389,377,1192,304,2580,1026,4601,304,8541,566,7076,16,342,4571,2526,304,1688,8094,7587,305,1114,1277,304,1153,270,2455,4090,304,29800,1026,20029,294,79394,58394,16,11992,3052,260,10659,2831,469,15846,339,795,223,23,11632,304,582,4117,1531,260,223,1059,1141,3072,2580,786,4601,304,12535,1066,304,43255,513,270,1014,851,4750,223,2738,14939,201,5,72687,2399,13145,10882,74849,271,4690,223,1059,14,440,611,260,223,1810,6680,82368,16,455,1473,14814,3618,344,11055,15413,304,7739,4890,5508,11165,16,5592,734,260,10303,979,666,21878,26429,28,5866,15,10988,798,4494,15,19137,6265,12387,343,15482,77,14,55659,14,437,10111,11,29392,201,15,10593,295,3157,43537,327,48395,223,3712,5508,11165,343,6580,2187,22673,1202,223,18,16,553,85323,15,47322,260,223,2225,17,553,7960,9928,1110,25705,3514,4109,223,1328,14,1539,9428,304,223,1683,17,1484,271,666,7115,16639,28,5866,15,58697,223,25,7,5004,9843,1354,14,24261,957,19,14,1320,121174,538,223,1059,15,2738,509,223,25,7,4096,22273,9648,957,19,16,25,47,343,261,4316,734,13459,14,33339,362,223,21,7,15981,682,15,3256,223,22,7,33773,3711,295,20793,14,396,734,957,2973,77,85496,271,666,73510,62790,2760,28,5866,15,1162,35198,1119,3631,3194,66974,201,15,52013,3851,344,2041,565,260,223,1328,7,5140,7919,509,223,2315,1494,11570,20793,223,23,15,25,1737,201,15,13327,260,582,38612,1141,4,7822,28,4216,223,2892,6240,294,223,2738,304,2906,17437,271,666,671,7716,28,5866,15,48418,14498,28,957,19,14,1320,15,19,14,3712,201,15,73740,2041,1354,28,223,22,15,23,7,1561,15981,201,15,25593,28,223,1069,90,2573,9843,15815,513
0,4117,1531,260,223,1059,1141,3072,2580,786,4601,304,12535,1066,304,43255,513,270,1014,851,4750,223,2738,33,342,4571,223,1059,1737,3072,305,342,1970,304,43255,513,270,1014,342,4571,223,2738,16,342,4571,4735,362,11389,377,1192,304,2580,1026,4601,304,8541,566,7076,16,342,4571,2526,304,1688,8094,7587,305,1114,1277,304,1153,270,2455,4090,304,29800,1026,20029,294,79394,58394,16,11992,3052,260,10659,2831,469,15846,339,795,223,23,11632,304,582,4117,1531,260,223,1059,1141,3072,2580,786,4601,304,12535,1066,304,43255,513,270,1014,851,4750,223,2738,14939,201,5,72687,2399,13145,10882,74849,271,4690,223,1059,14,440,611,260,223,1810,6680,82368,16,455,1473,14814,3618,344,11055,15413,304,7739,4890,5508,11165,16,5592,734,260,10303,979,666,21878,26429,28,5866,15,10988,798,4494,15,19137,6265,12387,343,15482,77,14,55659,14,437,10111,11,29392,201,15,10593,295,3157,43537,327,48395,223,3712,5508,11165,343,6580,2187,22673,1202,223,18,16,553,85323,15,47322,260,223,2225,17,553,7960,9928,1110,25705,3514,4109,223,1328,14,1539,9428,304,223,1683,17,1484,271,666,7115,16639,28,5866,15,58697,223,25,7,5004,9843,1354,14,24261,957,19,14,1320,121174,538,223,1059,15,2738,509,223,25,7,4096,22273,9648,957,19,16,25,47,343,261,4316,734,13459,14,33339,362,223,21,7,15981,682,15,3256,223,22,7,33773,3711,295,20793,14,396,734,957,2973,77,85496,271,666,73510,62790,2760,28,5866,15,1162,35198,1119,3631,3194,66974,201,15,52013,3851,344,2041,565,260,223,1328,7,5140,7919,509,223,2315,1494,11570,20793,223,23,15,25,1737,201,15,13327,260,582,38612,1141,4,7822,28,4216,223,2892,6240,294,223,2738,304,2906,17437,271,666,671,7716,28,5866,15,48418,14498,28,957,19,14,1320,15,19,14,3712,201,15,73740,2041,1354,28,223,22,15,23,7,1561,15981,201,15,25593,28,223,1069,90,2573,9843,15815,513
0,2337,2019,344,13313,304,5085,260,2019,304,1783,3737,24490,513,292,305,313,538,260,2310,294,3737,1812,43727,2019,603,2107,769,260,15398,979,3465,2646,19704,5980,6868,27460,28558,19306,2605,204,201,1529,438,2310,102251,70241,1527,28,343,90,3104,292,6269,223,18,305,1527,3104,313,2606,223,18,754,13196,2542,223,204,201,1354,1529,271,97372,436,16,20870,1353,270,37370,2019,16,1,1,16,1,16,1,16,1,16,1,16,1,16,1,16,1,16,1,16,1,16,1,16,1,16,1,16,1,16,1,16,1,16,1,16,1,16,1,16,1,16,1,16,4617,272,16,4617,272,16,4617,272,16,4617,272,16,4617,272,16,4617,272,16,4617,272,16,4617,272,16,4617,272,16,4617,272,16,4617,272,16,4617,272,16,4617,272,16,4617,272,16,4617,272,16,4617,272,16,4617,272,16,4617,272,16,4617,272,16,4617,272,16,4617,272,16,4617,272,16,4617,272,16,4617,272,16,4617,272,16,4617,272,16,4617,272,16,4617,272,16,4617,272,16,4617,272,16,4617,272,16,4617,272,16,4617,272,16,4617,272,16,4617,272,16,4617,272,16,4617,272,16,4617,272,16,4617,272,16,4617,272,16,4617,272,16,4617,272,16,4617,272,16,4617,272,16,4617,272,16,4617,272,16,4617,272,16,4617,272,16,4617,272,16,4617,272,16,4617,272,16,4617,272,16,4617,272,16,4617,272,16,4617,272,16,4617,272,16,4617,272,16,4617,272,16,4617,272,16,4617,272,16,4617,272,16,4617,272,16,4617,272,16,4617,272,16,4617,272,16,4617,272,16,4617,272,16,4617,272,16,4617,272,16,4617,272,16,4617,272,16,4617,272,16,4617,272,16,4617,272,16,4617,272,16,4617,272,16,4617,272,16,4617,272,16,4617,272,16,4617,272,16,4617,272,16,4617,272,16,4617,272,16,4617,272,16,4617,272,16,4617,272,16,4617,272,16,4617,272,16,4617,272,16,4617
0,2337,2019,344,13313,304,5085,260,2019,304,1783,3737,24490,513,292,305,313,538,260,2310,294,3737,1812,43727,2019,603,2107,769,260,15398,979,3465,2646,19704,5980,6868,27460,28558,19306,2605,204,201,1529,438,2310,102251,70241,1527,28,343,90,3104,292,6269,223,18,305,1527,3104,313,2606,223,18,754,13196,2542,223,204,201,1354,1529,271,97372,436,16,20870,1353,270,37370,2019,16,1,1,16,1,16,1,16,1,16,1,16,1,16,1,16,1,16,1,16,1,16,1,16,1,16,1,16,1,16,1,16,1,16,1,16,1,16,1,16,1,16,1,16,4617,272,16,4617,272,16,4617,272,16,4617,272,16,4617,272,16,4617,272,16,4617,272,16,4617,272,16,4617,272,16,4617,272,16,4617,272,16,4617,272,16,4617,272,16,4617,272,16,4617,272,16,4617,272,16,4617,272,16,4617,272,16,4617,272,16,4617,272,16,4617,272,16,4617,272,16,4617,272,16,4617,272,16,4617,272,16,4617,272,16,4617,272,16,4617,272,16,4617,272,16,4617,272,16,4617,272,16,4617,272,16,4617,272,16,4617,272,16,4617,272,16,4617,272,16,4617,272,16,4617,272,16,4617,272,16,4617,272,16,4617,272,16,4617,272,16,4617,272,16,4617,272,16,4617,272,16,4617,272,16,4617,272,16,4617,272,16,4617,272,16,4617,272,16,4617,272,16,4617,272,16,4617,272,16,4617,272,16,4617,272,16,4617,272,16,4617,272,16,4617,272,16,4617,272,16,4617,272,16,4617,272,16,4617,272,16,4617,272,16,4617,272,16,4617,272,16,4617,272,16,4617,272,16,4617,272,16,4617,272,16,4617,272,16,4617,272,16,4617,272,16,4617,272,16,4617,272,16,4617,272,16,4617,272,16,4617,272,16,4617,272,16,4617,272,16,4617,272,16,4617,272,16,4617,272,16,4617,272,16,4617,272,16,4617,272,16,4617,272,16,4617,272,16,4617,272,16,4617,272,16,4617,272,16,4617,272
0,2337,2019,344,13313,304,5085,260,2019,304,1783,3737,24490,513,292,305,313,538,260,2310,294,3737,1812,43727,2019,603,2107,769,260,15398,979,3465,2646,19704,5980,6868,27460,28558,19306,2605,204,201,1529,438,2310,102251,70241,1527,28,343,90,3104,292,6269,223,18,305,1527,3104,313,2606,223,18,754,13196,2542,223,204,201,1354,1529,271,97372,436,16,20870,1353,270,37370,2019,16,1,1,16,1,16,1,16,1,16,1,16,1,16,1,16,1,16,1,16,1,16,1,16,1,16,1,16,1,16,1,16,1,16,1,16,1,16,1,16,1,16,1,16,4617,272,16,4617,272,16,4617,272,16,4617,272,16,4617,272,16,4617,272,16,4617,272,16,4617,272,16,4617,272,16,4617,272,16,4617,272,16,4617,272,16,4617,272,16,4617,272,16,4617,272,16,4617,272,16,4617,272,16,4617,272,16,4617,272,16,4617,272,16,4617,272,16,4617,272,16,4617,272,16,4617,272,16,4617,272,16,4617,272,16,4617,272,16,4617,272,16,4617,272,16,4617,272,16,4617,272,16,4617,272,16,4617,272,16,4617,272,16,4617,272,16,4617,272,16,4617,272,16,4617,272,16,4617,272,16,4617,272,16,4617,272,16,4617,272,16,4617,272,16,4617,272,16,4617,272,16,4617,272,16,4617,272,16,4617,272,16,4617,272,16,4617,272,16,4617,272,16,4617,272,16,4617,272,16,4617,272,16,4617,272,16,4617,272,16,4617,272,16,4617,272,16,4617,272,16,4617,272,16,4617,272,16,4617,272,16,4617,272,16,4617,272,16,4617,272,16,4617,272,16,4617,272,16,4617,272,16,4617,272,16,4617,272,16,4617,272,16,4617,272,16,4617,272,16,4617,272,16,4617,272,16,4617,272,16,4617,272,16,4617,272,16,4617,272,16,4617,272,16,4617,272,16,4617,272,16,4617,272,16,4617,272,16,4617,272,16,4617,272,16,4617,272,16,4617,272,16,4617,272,16,4617,272,16,4617,272,16
0,2337,2019,344,13313,304,5085,260,2019,304,1783,3737,24490,513,292,305,313,538,260,2310,294,3737,1812,43727,2019,603,2107,769,260,15398,979,3465,2646,19704,5980,6868,27460,28558,19306,2605,204,201,1529,438,2310,102251,70241,1527,28,343,90,3104,292,6269,223,18,305,1527,3104,313,2606,223,18,754,13196,2542,223,204,201,1354,1529,271,97372,436,16,20870,1353,270,37370,2019,16,1,1,16,1,16,1,16,1,16,1,16,1,16,1,16,1,16,1,16,1,16,1,16,1,16,1,16,1,16,1,16,1,16,1,16,1,16,1,16,1,16,1,16,4617,272,16,4617,272,16,4617,272,16,4617,272,16,4617,272,16,4617,272,16,4617,272,16,4617,272,16,4617,272,16,4617,272,16,4617,272,16,4617,272,16,4617,272,16,4617,272,16,4617,272,16,4617,272,16,4617,272,16,4617,272,16,4617,272,16,4617,272,16,4617,272,16,4617,272,16,4617,272,16,4617,272,16,4617,272,16,4617,272,16,4617,272,16,4617,272,16,4617,272,16,4617,272,16,4617,272,16,4617,272,16,4617,272,16,4617,272,16,4617,272,16,4617,272,16,4617,272,16,4617,272,16,4617,272,16,4617,272,16,4617,272,16,4617,272,16,4617,272,16,4617,272,16,4617,272,16,4617,272,16,4617,272,16,4617,272,16,4617,272,16,4617,272,16,4617,272,16,4617,272,16,4617,272,16,4617,272,16,4617,272,16,4617,272,16,4617,272,16,4617,272,16,4617,272,16,4617,272,16,4617,272,16,4617,272,16,4617,272,16,4617,272,16,4617,272,16,4617,272,16,4617,272,16,4617,272,16,4617,272,16,4617,272,16,4617,272,16,4617,272,16,4617,272,16,4617,272,16,4617,272,16,4617,272,16,4617,272,16,4617,272,16,4617,272,16,4617,272,16,4617,272,16,4617,272,16,4617,272,16,4617,272,16,4617,272,16,4617,272,16,4617,272,16,4617,272,16,4617,272,16,4617,272,16,4617,272,16
0,2337,2019,344,13313,304,5085,260,2019,304,1783,3737,24490,513,292,305,313,538,260,2310,294,3737,1812,43727,2019,603,2107,769,260,15398,979,3465,2646,19704,5980,6868,27460,28558,19306,2605,204,201,1529,438,2310,102251,70241,1527,28,343,90,3104,292,6269,223,18,305,1527,3104,313,2606,223,18,754,13196,2542,223,204,201,1354,1529,271,97372,436,16,20870,1353,270,37370,2019,16,1,1,16,1,16,1,16,1,16,1,16,1,16,1,16,1,16,1,16,1,16,1,16,1,16,1,16,1,16,1,16,1,16,1,16,1,16,1,16,1,16,1,16,4617,272,16,4617,272,16,4617,272,16,4617,272,16,4617,272,16,4617,272,16,4617,272,16,4617,272,16,4617,272,16,4617,272,16,4617,272,16,4617,272,16,4617,272,16,4617,272,16,4617,272,16,4617,272,16,4617,272,16,4617,272,16,4617,272,16,4617,272,16,4617,272,16,4617,272,16,4617,272,16,4617,272,16,4617,272,16,4617,272,16,4617,272,16,4617,272,16,4617,272,16,4617,272,16,4617,272,16,4617,272,16,4617,272,16,4617,272,16,4617,272,16,4617,272,16,4617,272,16,4617,272,16,4617,272,16,4617,272,16,4617,272,16,4617,272,16,4617,272,16,4617,272,16,4617,272,16,4617,272,16,4617,272,16,4617,272,16,4617,272,16,4617,272,16,4617,272,16,4617,272,16,4617,272,16,4617,272,16,4617,272,16,4617,272,16,4617,272,16,4617,272,16,4617,272,16,4617,272,16,4617,272,16,4617,272,16,4617,272,16,4617,272,16,4617,272,16,4617,272,16,4617,272,16,4617,272,16,4617,272,16,4617,272,16,4617,272,16,4617,272,16,4617,272,16,4617,272,16,4617,272,16,4617,272,16,4617,272,16,4617,272,16,4617,272,16,4617,272,16,4617,272,16,4617,272,16,4617,272,16,4617,272,16,4617,272,16,4617,272,16,4617,272,16,4617,272,16,4617,272,16,4617,272,16,4617,272
0,2337,2019,344,13313,304,5085,260,2019,304,1783,3737,24490,513,292,305,313,538,260,2310,294,3737,1812,43727,2019,603,2107,769,260,15398,979,3465,2646,19704,5980,6868,27460,28558,19306,2605,204,201,1529,438,2310,102251,70241,1527,28,343,90,3104,292,6269,223,18,305,1527,3104,313,2606,223,18,754,13196,2542,223,204,201,1354,1529,271,97372,436,16,20870,1353,270,37370,2019,16,1,1,16,1,16,1,16,1,16,1,16,1,16,1,16,1,16,1,16,1,16,1,16,1,16,1,16,1,16,1,16,1,16,1,16,1,16,1,16,1,16,1,16,4617,272,16,4617,272,16,4617,272,16,4617,272,16,4617,272,16,4617,272,16,4617,272,16,4617,272,16,4617,272,16,4617,272,16,4617,272,16,4617,272,16,4617,272,16,4617,272,16,4617,272,16,4617,272,16,4617,272,16,4617,272,16,4617,272,16,4617,272,16,4617,272,16,4617,272,16,4617,272,16,4617,272,16,4617,272,16,4617,272,16,4617,272,16,4617,272,16,4617,272,16,4617,272,16,4617,272,16,4617,272,16,4617,272,16,4617,272,16,4617,272,16,4617,272,16,4617,272,16,4617,272,16,4617,272,16,4617,272,16,4617,272,16,4617,272,16,4617,272,16,4617,272,16,4617,272,16,4617,272,16,4617,272,16,4617,272,16,4617,272,16,4617,272,16,4617,272,16,4617,272,16,4617,272,16,4617,272,16,4617,272,16,4617,272,16,4617,272,16,4617,272,16,4617,272,16,4617,272,16,4617,272,16,4617,272,16,4617,272,16,4617,272,16,4617,272,16,4617,272,16,4617,272,16,4617,272,16,4617,272,16,4617,272,16,4617,272,16,4617,272,16,4617,272,16,4617,272,16,4617,272,16,4617,272,16,4617,272,16,4617,272,16,4617,272,16,4617,272,16,4617,272,16,4617,272,16,4617,272,16,4617,272,16,4617,272,16,4617,272,16,4617,272,16,4617,272,16,4617,272,16,4617
0,33557,67,515,377,29420,362,223,21,17,22,16043,294,270,1014,436,4310,68264,304,3281,223,736,102770,42779,16,84594,9185,4747,412,1949,566,1014,343,9336,68264,9185,3607,270,42779,11,3607,304,17008,16,2052,89757,9185,260,3469,305,223,20,3137,377,29420,14,1192,1623,3137,1687,436,2188,84594,304,3281,25992,33,343,19,3469,438,223,25,3137,868,15,11070,201,5718,1512,39,2201,366,270,1167,294,3137,68264,9185,3607,102770,42779,16,89757,9185,1512,21,17,22,446,2201,3137,377,29420,14,778,344,2910,412,1512,25,940,223,20,438,223,27,2201,3137,16,3016,1512,21,17,22,446,438,223,27,10207,8176,1512,39,438,223,736,2201,3137,16,84594,9185,4747,294,68264,734,1014,3607,304,17008,14,832,84594,9185,1512,736,17,20,438,223,24,2201,3137,3607,304,17008,16,1,1,1,1,3749,11,1,50,1,3749,11,1,3749,11,1,3749,11,1,3749,11,1,3749,11,1,3749,11,88,1,3749,11,88,1827,3749,11,88,80867,3749,11,88,11170,3749,11,88,306,50,3749,11,88,306,456,3749,11,88,11170,50,3749,11,88,11170,3749,11,88,306,3749,11,5193,3749,11,88,3749,11,87,3749,11,86,3749,11,85,3749,11,84,3749,11,83,3749,11,82,3749,11,81,3749,11,80,3749,11,79,3749,11,78,3749,11,77,3749,11,76,3749,11,75,3749,11,74,3749,11,73,3749,11,72,3749,11,71,3749,11,70,3749,11,69,3749,11,68,3749,11,67,3749,11,3749,11,3749,11,3749,11,3749,11,3749,11,3749,11,3749,11,3749,11,3749,11,3749,11,3749,11,3749,11,3749,11,3749,11,3749,11,3749,11,3749,11,3749,11,3749,11,3749,11,3749,11,3749,11,3749,11,3749,11,3749,11,3749,11,3749,11,3749,11,3749,11,3749,11,3749,11,3749,11,3749,11,3749,11,3749,11,3749,11,3749,11,3749,11,3749,11,3749,11,3749,11,3749,11,3749,11,3749,11,3749,11,3749,11,3749,11,3749,11
0,33557,67,515,377,29420,362,223,21,17,22,16043,294,270,1014,436,4310,68264,304,3281,223,736,102770,42779,16,84594,9185,4747,412,1949,566,1014,343,9336,68264,9185,3607,270,42779,11,3607,304,17008,16,2052,89757,9185,260,3469,305,223,20,3137,377,29420,14,1192,1623,3137,1687,436,2188,84594,304,3281,25992,33,343,19,3469,438,223,25,3137,868,15,11070,201,5718,1512,39,2201,366,270,1167,294,3137,68264,9185,3607,102770,42779,16,89757,9185,1512,21,17,22,446,2201,3137,377,29420,14,778,344,2910,412,1512,25,940,223,20,438,223,27,2201,3137,16,3016,1512,21,17,22,446,438,223,27,10207,8176,1512,39,438,223,736,2201,3137,16,84594,9185,4747,294,68264,734,1014,3607,304,17008,14,832,84594,9185,1512,736,17,20,438,223,24,2201,3137,3607,304,17008,16,1,1,1,1,3749,11,1,50,1,3749,11,1,3749,11,1,3749,11,1,3749,11,1,3749,11,1,3749,11,88,1,3749,11,88,1827,3749,11,88,80867,3749,11,88,11170,3749,11,88,306,50,3749,11,88,306,456,3749,11,88,11170,50,3749,11,88,11170,3749,11,88,306,3749,11,5193,3749,11,88,3749,11,87,3749,11,86,3749,11,85,3749,11,84,3749,11,83,3749,11,82,3749,11,81,3749,11,80,3749,11,79,3749,11,78,3749,11,77,3749,11,76,3749,11,75,3749,11,74,3749,11,73,3749,11,72,3749,11,71,3749,11,70,3749,11,69,3749,11,68,3749,11,67,3749,11,3749,11,3749,11,3749,11,3749,11,3749,11,3749,11,3749,11,3749,11,3749,11,3749,11,3749,11,3749,11,3749,11,3749,11,3749,11,3749,11,3749,11,3749,11,3749,11,3749,11,3749,11,3749,11,3749,11,3749,11,3749,11,3749,11,3749,11,3749,11,3749,11,3749,11,3749,11,3749,11,3749,11,3749,11,3749,11,3749,11,3749,11,3749,11,3749,11,3749,11,3749,11,3749,11,3749,11,3749,11,3749,11,3749,11,3749,11,3749,11
0,33557,67,515,377,29420,362,223,21,17,22,16043,294,270,1014,436,4310,68264,304,3281,223,736,102770,42779,16,84594,9185,4747,412,1949,566,1014,343,9336,68264,9185,3607,270,42779,11,3607,304,17008,16,2052,89757,9185,260,3469,305,223,20,3137,377,29420,14,1192,1623,3137,1687,436,2188,84594,304,3281,25992,33,343,19,3469,438,223,25,3137,868,15,11070,201,5718,1512,39,2201,366,270,1167,294,3137,68264,9185,3607,102770,42779,16,89757,9185,1512,21,17,22,446,2201,3137,377,29420,14,778,344,2910,412,1512,25,940,223,20,438,223,27,2201,3137,16,3016,1512,21,17,22,446,438,223,27,10207,8176,1512,39,438,223,736,2201,3137,16,84594,9185,4747,294,68264,734,1014,3607,304,17008,14,832,84594,9185,1512,736,17,20,438,223,24,2201,3137,3607,304,17008,16,1,1,1,1,3749,11,1,50,1,3749,11,1,3749,11,1,3749,11,1,3749,11,1,3749,11,1,3749,11,88,1,3749,11,88,1827,3749,11,88,80867,3749,11,88,11170,3749,11,88,306,50,3749,11,88,306,456,3749,11,88,11170,50,3749,11,88,11170,3749,11,88,306,3749,11,5193,3749,11,88,3749,11,87,3749,11,86,3749,11,85,3749,11,84,3749,11,83,3749,11,82,3749,11,81,3749,11,80,3749,11,79,3749,11,78,3749,11,77,3749,11,76,3749,11,75,3749,11,74,3749,11,73,3749,11,72,3749,11,71,3749,11,70,3749,11,69,3749,11,68,3749,11,67,3749,11,3749,11,3749,11,3749,11,3749,11,3749,11,3749,11,3749,11,3749,11,3749,11,3749,11,3749,11,3749,11,3749,11,3749,11,3749,11,3749,11,3749,11,3749,11,3749,11,3749,11,3749,11,3749,11,3749,11,3749,11,3749,11,3749,11,3749,11,3749,11,3749,11,3749,11,3749,11,3749,11,3749,11,3749,11,3749,11,3749,11,3749,11,3749,11,3749,11,3749,11,3749,11,3749,11,3749,11,3749,11,3749,11,3749,11,3749,11,3749,11,3749
0,33557,67,515,377,29420,362,223,21,17,22,16043,294,270,1014,436,4310,68264,304,3281,223,736,102770,42779,16,84594,9185,4747,412,1949,566,1014,343,9336,68264,9185,3607,270,42779,11,3607,304,17008,16,2052,89757,9185,260,3469,305,223,20,3137,377,29420,14,1192,1623,3137,1687,436,2188,84594,304,3281,25992,33,343,19,3469,438,223,25,3137,868,15,11070,201,5718,1512,39,2201,366,270,1167,294,3137,68264,9185,3607,102770,42779,16,89757,9185,1512,21,17,22,446,2201,3137,377,29420,14,778,344,2910,412,1512,25,940,223,20,438,223,27,2201,3137,16,3016,1512,21,17,22,446,438,223,27,10207,8176,1512,39,438,223,736,2201,3137,16,84594,9185,4747,294,68264,734,1014,3607,304,17008,14,832,84594,9185,1512,736,17,20,438,223,24,2201,3137,3607,304,17008,16,1,1,1,1,3749,11,1,50,1,3749,11,1,3749,11,1,3749,11,1,3749,11,1,3749,11,1,3749,11,88,1,3749,11,88,1827,3749,11,88,80867,3749,11,88,11170,3749,11,88,306,50,3749,11,88,306,456,3749,11,88,11170,50,3749,11,88,11170,3749,11,88,306,3749,11,5193,3749,11,88,3749,11,87,3749,11,86,3749,11,85,3749,11,84,3749,11,83,3749,11,82,3749,11,81,3749,11,80,3749,11,79,3749,11,78,3749,11,77,3749,11,76,3749,11,75,3749,11,74,3749,11,73,3749,11,72,3749,11,71,3749,11,70,3749,11,69,3749,11,68,3749,11,67,3749,11,3749,11,3749,11,3749,11,3749,11,3749,11,3749,11,3749,11,3749,11,3749,11,3749,11,3749,11,3749,11,3749,11,3749,11,3749,11,3749,11,3749,11,3749,11,3749,11,3749,11,3749,11,3749,11,3749,11,3749,11,3749,11,3749,11,3749,11,3749,11,3749,11,3749,11,3749,11,3749,11,3749,11,3749,11,3749,11,3749,11,3749,11,3749,11,3749,11,3749,11,3749,11,3749,11,3749,11,3749,11,3749,11,3749,11,3749,11,3749,11,3749
0,33557,67,515,377,29420,362,223,21,17,22,16043,294,270,1014,436,4310,68264,304,3281,223,736,102770,42779,16,84594,9185,4747,412,1949,566,1014,343,9336,68264,9185,3607,270,42779,11,3607,304,17008,16,2052,89757,9185,260,3469,305,223,20,3137,377,29420,14,1192,1623,3137,1687,436,2188,84594,304,3281,25992,33,343,19,3469,438,223,25,3137,868,15,11070,201,5718,1512,39,2201,366,270,1167,294,3137,68264,9185,3607,102770,42779,16,89757,9185,1512,21,17,22,446,2201,3137,377,29420,14,778,344,2910,412,1512,25,940,223,20,438,223,27,2201,3137,16,3016,1512,21,17,22,446,438,223,27,10207,8176,1512,39,438,223,736,2201,3137,16,84594,9185,4747,294,68264,734,1014,3607,304,17008,14,832,84594,9185,1512,736,17,20,438,223,24,2201,3137,3607,304,17008,16,1,1,1,1,3749,11,1,50,1,3749,11,1,3749,11,1,3749,11,1,3749,11,1,3749,11,1,3749,11,88,1,3749,11,88,1827,3749,11,88,80867,3749,11,88,11170,3749,11,88,306,50,3749,11,88,306,456,3749,11,88,11170,50,3749,11,88,11170,3749,11,88,306,3749,11,5193,3749,11,88,3749,11,87,3749,11,86,3749,11,85,3749,11,84,3749,11,83,3749,11,82,3749,11,81,3749,11,80,3749,11,79,3749,11,78,3749,11,77,3749,11,76,3749,11,75,3749,11,74,3749,11,73,3749,11,72,3749,11,71,3749,11,70,3749,11,69,3749,11,68,3749,11,67,3749,11,3749,11,3749,11,3749,11,3749,11,3749,11,3749,11,3749,11,3749,11,3749,11,3749,11,3749,11,3749,11,3749,11,3749,11,3749,11,3749,11,3749,11,3749,11,3749,11,3749,11,3749,11,3749,11,3749,11,3749,11,3749,11,3749,11,3749,11,3749,11,3749,11,3749,11,3749,11,3749,11,3749,11,3749,11,3749,11,3749,11,3749,11,3749,11,3749,11,3749,11,3749,11,3749,11,3749,11,3749,11,3749,11,3749,11,3749,11,3749,11
0,33557,67,515,377,29420,362,223,21,17,22,16043,294,270,1014,436,4310,68264,304,3281,223,736,102770,42779,16,84594,9185,4747,412,1949,566,1014,343,9336,68264,9185,3607,270,42779,11,3607,304,17008,16,2052,89757,9185,260,3469,305,223,20,3137,377,29420,14,1192,1623,3137,1687,436,2188,84594,304,3281,25992,33,343,19,3469,438,223,25,3137,868,15,11070,201,5718,1512,39,2201,366,270,1167,294,3137,68264,9185,3607,102770,42779,16,89757,9185,1512,21,17,22,446,2201,3137,377,29420,14,778,344,2910,412,1512,25,940,223,20,438,223,27,2201,3137,16,3016,1512,21,17,22,446,438,223,27,10207,8176,1512,39,438,223,736,2201,3137,16,84594,9185,4747,294,68264,734,1014,3607,304,17008,14,832,84594,9185,1512,736,17,20,438,223,24,2201,3137,3607,304,17008,16,1,1,1,1,3749,11,1,50,1,3749,11,1,3749,11,1,3749,11,1,3749,11,1,3749,11,1,3749,11,88,1,3749,11,88,1827,3749,11,88,80867,3749,11,88,11170,3749,11,88,306,50,3749,11,88,306,456,3749,11,88,11170,50,3749,11,88,11170,3749,11,88,306,3749,11,5193,3749,11,88,3749,11,87,3749,11,86,3749,11,85,3749,11,84,3749,11,83,3749,11,82,3749,11,81,3749,11,80,3749,11,79,3749,11,78,3749,11,77,3749,11,76,3749,11,75,3749,11,74,3749,11,73,3749,11,72,3749,11,71,3749,11,70,3749,11,69,3749,11,68,3749,11,67,3749,11,3749,11,3749,11,3749,11,3749,11,3749,11,3749,11,3749,11,3749,11,3749,11,3749,11,3749,11,3749,11,3749,11,3749,11,3749,11,3749,11,3749,11,3749,11,3749,11,3749,11,3749,11,3749,11,3749,11,3749,11,3749,11,3749,11,3749,11,3749,11,3749,11,3749,11,3749,11,3749,11,3749,11,3749,11,3749,11,3749,11,3749,11,3749,11,3749,11,3749,11,3749,11,3749,11,3749,11,3749,11,3749,11,3749,11,3749,11,3749,11
