0,671,6102,294,8760,344,11111,16,455,6102,294,16603,344,29168,16,455,6102,294,14251,344,16235,16,455,6102,294,29585,344,76405,16,455,6102,294,25062,344,40977,16,455,6102,294,10322,344,17575,16,455,6102,294,270,3702,14460,344,6693,16,455,6102,294,270,17705,344,455,87966,16,455,6102,294,37736,344,51695,16,455,6102,294,78362,344,78362,16,455,6102,294,16352,344,40009,16,455,6102,294,36631,344,67083,16,455,6102,294,25477,344,49056,16,455,6102,294,33324,344,57687,16,455,6102,294,33395,344,41023,16,455,6102,294,30609,344,15745,16,455,6102,294,33952,344,50789,16,455,6102,294,27048,344,70026,16,455,6102,294,46843,344,57340,16,455,6102,294,270,31768,9375,344,69135,16,455,6102,294,95460,344,95883,19030,3602,16,455,6102,294,50623,344,32261,13655,16,455,6102,294,63292,344,86645,16,455,6102,294,59165,344,117515,16,455,6102,294,65006,344,121648,16,455,6102,294,77077,305,117185,344,77077,305,117185,16,455,6102,294,93278,344,76180,3393,16,455,6102,294
0,671,6102,294,8760,344,11111,16,455,6102,294,16603,344,29168,16,455,6102,294,14251,344,16235,16,455,6102,294,29585,344,76405,16,455,6102,294,25062,344,40977,16,455,6102,294,10322,344,17575,16,455,6102,294,270,3702,14460,344,6693,16,455,6102,294,270,17705,344,455,87966,16,455,6102,294,37736,344,51695,16,455,6102,294,78362,344,78362,16,455,6102,294,16352,344,40009,16,455,6102,294,36631,344,67083,16,455,6102,294,25477,344,49056,16,455,6102,294,33324,344,57687,16,455,6102,294,33395,344,41023,16,455,6102,294,30609,344,15745,16,455,6102,294,33952,344,50789,16,455,6102,294,27048,344,70026,16,455,6102,294,46843,344,57340,16,455,6102,294,270,31768,9375,344,69135,16,455,6102,294,95460,344,95883,19030,3602,16,455,6102,294,50623,344,32261,13655,16,455,6102,294,63292,344,86645,16,455,6102,294,59165,344,117515,16,455,6102,294,65006,344,121648,16,455,6102,294,77077,305,117185,344,77077,305,117185,16,455,6102,294,93278,344,76180,3393,16,455,6102,294
0,671,6102,294,8760,344,11111,16,455,6102,294,16603,344,29168,16,455,6102,294,14251,344,16235,16,455,6102,294,29585,344,76405,16,455,6102,294,25062,344,40977,16,455,6102,294,10322,344,17575,16,455,6102,294,270,3702,14460,344,6693,16,455,6102,294,270,17705,344,455,87966,16,455,6102,294,37736,344,51695,16,455,6102,294,78362,344,78362,16,455,6102,294,16352,344,40009,16,455,6102,294,36631,344,67083,16,455,6102,294,25477,344,49056,16,455,6102,294,33324,344,57687,16,455,6102,294,33395,344,41023,16,455,6102,294,30609,344,15745,16,455,6102,294,33952,344,50789,16,455,6102,294,27048,344,70026,16,455,6102,294,46843,344,57340,16,455,6102,294,270,31768,9375,344,69135,16,455,6102,294,95460,344,95883,19030,3602,16,455,6102,294,50623,344,32261,13655,16,455,6102,294,63292,344,86645,16,455,6102,294,59165,344,117515,16,455,6102,294,65006,344,121648,16,455,6102,294,77077,305,117185,344,77077,305,117185,16,455,6102,294,93278,344,76180,3393,16,455,6102,294
0,671,6102,294,8760,344,11111,16,455,6102,294,16603,344,29168,16,455,6102,294,14251,344,16235,16,455,6102,294,29585,344,76405,16,455,6102,294,25062,344,40977,16,455,6102,294,10322,344,17575,16,455,6102,294,270,3702,14460,344,6693,16,455,6102,294,270,17705,344,455,87966,16,455,6102,294,37736,344,51695,16,455,6102,294,78362,344,78362,16,455,6102,294,16352,344,40009,16,455,6102,294,36631,344,67083,16,455,6102,294,25477,344,49056,16,455,6102,294,33324,344,57687,16,455,6102,294,33395,344,41023,16,455,6102,294,30609,344,15745,16,455,6102,294,33952,344,50789,16,455,6102,294,27048,344,70026,16,455,6102,294,46843,344,57340,16,455,6102,294,270,31768,9375,344,69135,16,455,6102,294,95460,344,95883,19030,3602,16,455,6102,294,50623,344,32261,13655,16,455,6102,294,63292,344,86645,16,455,6102,294,59165,344,117515,16,455,6102,294,65006,344,121648,16,455,6102,294,77077,305,117185,344,77077,305,117185,16,455,6102,294,93278,344,76180,3393,16,455,6102,294
0,671,6102,294,8760,344,11111,16,455,6102,294,16603,344,29168,16,455,6102,294,14251,344,16235,16,455,6102,294,29585,344,76405,16,455,6102,294,25062,344,40977,16,455,6102,294,10322,344,17575,16,455,6102,294,270,3702,14460,344,6693,16,455,6102,294,270,17705,344,455,87966,16,455,6102,294,37736,344,51695,16,455,6102,294,78362,344,78362,16,455,6102,294,16352,344,40009,16,455,6102,294,36631,344,67083,16,455,6102,294,25477,344,49056,16,455,6102,294,33324,344,57687,16,455,6102,294,33395,344,41023,16,455,6102,294,30609,344,15745,16,455,6102,294,33952,344,50789,16,455,6102,294,27048,344,70026,16,455,6102,294,46843,344,57340,16,455,6102,294,270,31768,9375,344,69135,16,455,6102,294,95460,344,95883,19030,3602,16,455,6102,294,50623,344,32261,13655,16,455,6102,294,63292,344,86645,16,455,6102,294,59165,344,117515,16,455,6102,294,65006,344,121648,16,455,6102,294,77077,305,117185,344,77077,305,117185,16,455,6102,294,93278,344,76180,3393,16,455,6102,294
0,671,6102,294,8760,344,11111,16,455,6102,294,16603,344,29168,16,455,6102,294,14251,344,16235,16,455,6102,294,29585,344,76405,16,455,6102,294,25062,344,40977,16,455,6102,294,10322,344,17575,16,455,6102,294,270,3702,14460,344,6693,16,455,6102,294,270,17705,344,455,87966,16,455,6102,294,37736,344,51695,16,455,6102,294,78362,344,78362,16,455,6102,294,16352,344,40009,16,455,6102,294,36631,344,67083,16,455,6102,294,25477,344,49056,16,455,6102,294,33324,344,57687,16,455,6102,294,33395,344,41023,16,455,6102,294,30609,344,15745,16,455,6102,294,33952,344,50789,16,455,6102,294,27048,344,70026,16,455,6102,294,46843,344,57340,16,455,6102,294,270,31768,9375,344,69135,16,455,6102,294,95460,344,95883,19030,3602,16,455,6102,294,50623,344,32261,13655,16,455,6102,294,63292,344,86645,16,455,6102,294,59165,344,117515,16,455,6102,294,65006,344,121648,16,455,6102,294,77077,305,117185,344,77077,305,117185,16,455,6102,294,93278,344,76180,3393,16,455,6102,294
0,671,6102,294,8760,344,11111,16,455,6102,294,16603,344,29168,16,455,6102,294,14251,344,16235,16,455,6102,294,29585,344,76405,16,455,6102,294,25062,344,40977,16,455,6102,294,10322,344,17575,16,455,6102,294,270,3702,14460,344,6693,16,455,6102,294,270,17705,344,455,87966,16,455,6102,294,37736,344,51695,16,455,6102,294,78362,344,78362,16,455,6102,294,16352,344,40009,16,455,6102,294,36631,344,67083,16,455,6102,294,25477,344,49056,16,455,6102,294,33324,344,57687,16,455,6102,294,33395,344,41023,16,455,6102,294,30609,344,15745,16,455,6102,294,33952,344,50789,16,455,6102,294,27048,344,70026,16,455,6102,294,46843,344,57340,16,455,6102,294,270,31768,9375,344,69135,16,455,6102,294,95460,344,95883,19030,3602,16,455,6102,294,50623,344,32261,13655,16,455,6102,294,63292,344,86645,16,455,6102,294,59165,344,117515,16,455,6102,294,65006,344,121648,16,455,6102,294,77077,305,117185,344,77077,305,117185,16,455,6102,294,93278,344,76180,3393,16,455,6102,294
0,671,6102,294,8760,344,11111,16,455,6102,294,16603,344,29168,16,455,6102,294,14251,344,16235,16,455,6102,294,29585,344,76405,16,455,6102,294,25062,344,40977,16,455,6102,294,10322,344,17575,16,455,6102,294,270,3702,14460,344,6693,16,455,6102,294,270,17705,344,455,87966,16,455,6102,294,37736,344,51695,16,455,6102,294,78362,344,78362,16,455,6102,294,16352,344,40009,16,455,6102,294,36631,344,67083,16,455,6102,294,25477,344,49056,16,455,6102,294,33324,344,57687,16,455,6102,294,33395,344,41023,16,455,6102,294,30609,344,15745,16,455,6102,294,33952,344,50789,16,455,6102,294,27048,344,70026,16,455,6102,294,46843,344,57340,16,455,6102,294,270,31768,9375,344,69135,16,455,6102,294,95460,344,95883,19030,3602,16,455,6102,294,50623,344,32261,13655,16,455,6102,294,63292,344,86645,16,455,6102,294,59165,344,117515,16,455,6102,294,65006,344,121648,16,455,6102,294,77077,305,117185,344,77077,305,117185,16,455,6102,294,93278,344,76180,3393,16,455,6102,294
0,671,6102,294,8760,344,11111,16,455,6102,294,16603,344,29168,16,455,6102,294,14251,344,16235,16,455,6102,294,29585,344,76405,16,455,6102,294,25062,344,40977,16,455,6102,294,10322,344,17575,16,455,6102,294,270,3702,14460,344,6693,16,455,6102,294,270,17705,344,455,87966,16,455,6102,294,37736,344,51695,16,455,6102,294,78362,344,78362,16,455,6102,294,16352,344,40009,16,455,6102,294,36631,344,67083,16,455,6102,294,25477,344,49056,16,455,6102,294,33324,344,57687,16,455,6102,294,33395,344,41023,16,455,6102,294,30609,344,15745,16,455,6102,294,33952,344,50789,16,455,6102,294,27048,344,70026,16,455,6102,294,46843,344,57340,16,455,6102,294,270,31768,9375,344,69135,16,455,6102,294,95460,344,95883,19030,3602,16,455,6102,294,50623,344,32261,13655,16,455,6102,294,63292,344,86645,16,455,6102,294,59165,344,117515,16,455,6102,294,65006,344,121648,16,455,6102,294,77077,305,117185,344,77077,305,117185,16,455,6102,294,93278,344,76180,3393,16,455,6102,294
0,671,6102,294,8760,344,11111,16,455,6102,294,16603,344,29168,16,455,6102,294,14251,344,16235,16,455,6102,294,29585,344,76405,16,455,6102,294,25062,344,40977,16,455,6102,294,10322,344,17575,16,455,6102,294,270,3702,14460,344,6693,16,455,6102,294,270,17705,344,455,87966,16,455,6102,294,37736,344,51695,16,455,6102,294,78362,344,78362,16,455,6102,294,16352,344,40009,16,455,6102,294,36631,344,67083,16,455,6102,294,25477,344,49056,16,455,6102,294,33324,344,57687,16,455,6102,294,33395,344,41023,16,455,6102,294,30609,344,15745,16,455,6102,294,33952,344,50789,16,455,6102,294,27048,344,70026,16,455,6102,294,46843,344,57340,16,455,6102,294,270,31768,9375,344,69135,16,455,6102,294,95460,344,95883,19030,3602,16,455,6102,294,50623,344,32261,13655,16,455,6102,294,63292,344,86645,16,455,6102,294,59165,344,117515,16,455,6102,294,65006,344,121648,16,455,6102,294,77077,305,117185,344,77077,305,117185,16,455,6102,294,93278,344,76180,3393,16,455,6102,294
0,671,6102,294,8760,344,11111,16,455,6102,294,16603,344,29168,16,455,6102,294,14251,344,16235,16,455,6102,294,29585,344,76405,16,455,6102,294,25062,344,40977,16,455,6102,294,10322,344,17575,16,455,6102,294,270,3702,14460,344,6693,16,455,6102,294,270,17705,344,455,87966,16,455,6102,294,37736,344,51695,16,455,6102,294,78362,344,78362,16,455,6102,294,16352,344,40009,16,455,6102,294,36631,344,67083,16,455,6102,294,25477,344,49056,16,455,6102,294,33324,344,57687,16,455,6102,294,33395,344,41023,16,455,6102,294,30609,344,15745,16,455,6102,294,33952,344,50789,16,455,6102,294,27048,344,70026,16,455,6102,294,46843,344,57340,16,455,6102,294,270,31768,9375,344,69135,16,455,6102,294,95460,344,95883,19030,3602,16,455,6102,294,50623,344,32261,13655,16,455,6102,294,63292,344,86645,16,455,6102,294,59165,344,117515,16,455,6102,294,65006,344,121648,16,455,6102,294,77077,305,117185,344,77077,305,117185,16,455,6102,294,93278,344,76180,3393,16,455,6102,294
0,671,6102,294,8760,344,11111,16,455,6102,294,16603,344,29168,16,455,6102,294,14251,344,16235,16,455,6102,294,29585,344,76405,16,455,6102,294,25062,344,40977,16,455,6102,294,10322,344,17575,16,455,6102,294,270,3702,14460,344,6693,16,455,6102,294,270,17705,344,455,87966,16,455,6102,294,37736,344,51695,16,455,6102,294,78362,344,78362,16,455,6102,294,16352,344,40009,16,455,6102,294,36631,344,67083,16,455,6102,294,25477,344,49056,16,455,6102,294,33324,344,57687,16,455,6102,294,33395,344,41023,16,455,6102,294,30609,344,15745,16,455,6102,294,33952,344,50789,16,455,6102,294,27048,344,70026,16,455,6102,294,46843,344,57340,16,455,6102,294,270,31768,9375,344,69135,16,455,6102,294,95460,344,95883,19030,3602,16,455,6102,294,50623,344,32261,13655,16,455,6102,294,63292,344,86645,16,455,6102,294,59165,344,117515,16,455,6102,294,65006,344,121648,16,455,6102,294,77077,305,117185,344,77077,305,117185,16,455,6102,294,93278,344,76180,3393,16,455,6102,294
0,671,6102,294,8760,344,11111,16,455,6102,294,16603,344,29168,16,455,6102,294,14251,344,16235,16,455,6102,294,29585,344,76405,16,455,6102,294,25062,344,40977,16,455,6102,294,10322,344,17575,16,455,6102,294,270,3702,14460,344,6693,16,455,6102,294,270,17705,344,455,87966,16,455,6102,294,37736,344,51695,16,455,6102,294,78362,344,78362,16,455,6102,294,16352,344,40009,16,455,6102,294,36631,344,67083,16,455,6102,294,25477,344,49056,16,455,6102,294,33324,344,57687,16,455,6102,294,33395,344,41023,16,455,6102,294,30609,344,15745,16,455,6102,294,33952,344,50789,16,455,6102,294,27048,344,70026,16,455,6102,294,46843,344,57340,16,455,6102,294,270,31768,9375,344,69135,16,455,6102,294,95460,344,95883,19030,3602,16,455,6102,294,50623,344,32261,13655,16,455,6102,294,63292,344,86645,16,455,6102,294,59165,344,117515,16,455,6102,294,65006,344,121648,16,455,6102,294,77077,305,117185,344,77077,305,117185,16,455,6102,294,93278,344,76180,3393,16,455,6102,294
0,671,6102,294,8760,344,11111,16,455,6102,294,16603,344,29168,16,455,6102,294,14251,344,16235,16,455,6102,294,29585,344,76405,16,455,6102,294,25062,344,40977,16,455,6102,294,10322,344,17575,16,455,6102,294,270,3702,14460,344,6693,16,455,6102,294,270,17705,344,455,87966,16,455,6102,294,37736,344,51695,16,455,6102,294,78362,344,78362,16,455,6102,294,16352,344,40009,16,455,6102,294,36631,344,67083,16,455,6102,294,25477,344,49056,16,455,6102,294,33324,344,57687,16,455,6102,294,33395,344,41023,16,455,6102,294,30609,344,15745,16,455,6102,294,33952,344,50789,16,455,6102,294,27048,344,70026,16,455,6102,294,46843,344,57340,16,455,6102,294,270,31768,9375,344,69135,16,455,6102,294,95460,344,95883,19030,3602,16,455,6102,294,50623,344,32261,13655,16,455,6102,294,63292,344,86645,16,455,6102,294,59165,344,117515,16,455,6102,294,65006,344,121648,16,455,6102,294,77077,305,117185,344,77077,305,117185,16,455,6102,294,93278,344,76180,3393,16,455,6102,294
0,671,6102,294,8760,344,11111,16,455,6102,294,16603,344,29168,16,455,6102,294,14251,344,16235,16,455,6102,294,29585,344,76405,16,455,6102,294,25062,344,40977,16,455,6102,294,10322,344,17575,16,455,6102,294,270,3702,14460,344,6693,16,455,6102,294,270,17705,344,455,87966,16,455,6102,294,37736,344,51695,16,455,6102,294,78362,344,78362,16,455,6102,294,16352,344,40009,16,455,6102,294,36631,344,67083,16,455,6102,294,25477,344,49056,16,455,6102,294,33324,344,57687,16,455,6102,294,33395,344,41023,16,455,6102,294,30609,344,15745,16,455,6102,294,33952,344,50789,16,455,6102,294,27048,344,70026,16,455,6102,294,46843,344,57340,16,455,6102,294,270,31768,9375,344,69135,16,455,6102,294,95460,344,95883,19030,3602,16,455,6102,294,50623,344,32261,13655,16,455,6102,294,63292,344,86645,16,455,6102,294,59165,344,117515,16,455,6102,294,65006,344,121648,16,455,6102,294,77077,305,117185,344,77077,305,117185,16,455,6102,294,93278,344,76180,3393,16,455,6102,294
0,671,6102,294,8760,344,11111,16,455,6102,294,16603,344,29168,16,455,6102,294,14251,344,16235,16,455,6102,294,29585,344,76405,16,455,6102,294,25062,344,40977,16,455,6102,294,10322,344,17575,16,455,6102,294,270,3702,14460,344,6693,16,455,6102,294,270,17705,344,455,87966,16,455,6102,294,37736,344,51695,16,455,6102,294,78362,344,78362,16,455,6102,294,16352,344,40009,16,455,6102,294,36631,344,67083,16,455,6102,294,25477,344,49056,16,455,6102,294,33324,344,57687,16,455,6102,294,33395,344,41023,16,455,6102,294,30609,344,15745,16,455,6102,294,33952,344,50789,16,455,6102,294,27048,344,70026,16,455,6102,294,46843,344,57340,16,455,6102,294,270,31768,9375,344,69135,16,455,6102,294,95460,344,95883,19030,3602,16,455,6102,294,50623,344,32261,13655,16,455,6102,294,63292,344,86645,16,455,6102,294,59165,344,117515,16,455,6102,294,65006,344,121648,16,455,6102,294,77077,305,117185,344,77077,305,117185,16,455,6102,294,93278,344,76180,3393,16,455,6102,294
0,671,6102,294,8760,344,11111,16,455,6102,294,16603,344,29168,16,455,6102,294,14251,344,16235,16,455,6102,294,29585,344,76405,16,455,6102,294,25062,344,40977,16,455,6102,294,10322,344,17575,16,455,6102,294,270,3702,14460,344,6693,16,455,6102,294,270,17705,344,455,87966,16,455,6102,294,37736,344,51695,16,455,6102,294,78362,344,78362,16,455,6102,294,16352,344,40009,16,455,6102,294,36631,344,67083,16,455,6102,294,25477,344,49056,16,455,6102,294,33324,344,57687,16,455,6102,294,33395,344,41023,16,455,6102,294,30609,344,15745,16,455,6102,294,33952,344,50789,16,455,6102,294,27048,344,70026,16,455,6102,294,46843,344,57340,16,455,6102,294,270,31768,9375,344,69135,16,455,6102,294,95460,344,95883,19030,3602,16,455,6102,294,50623,344,32261,13655,16,455,6102,294,63292,344,86645,16,455,6102,294,59165,344,117515,16,455,6102,294,65006,344,121648,16,455,6102,294,77077,305,117185,344,77077,305,117185,16,455,6102,294,93278,344,76180,3393,16,455,6102,294
0,3476,611,260,4105,1178,65,50219,6434,481,797,455,3967,20407,28,1205,734,270,9670,295,30228,33,39843,9045,778,4105,1926,440,1114,1635,305,418,1205,9517,16,4147,554,1926,270,4105,339,43,1114,1926,270,1178,65,50219,4105,418,270,9517,28,4593,1281,106239,3305,1,1,14,223,19,16,23,14,223,20,16,23,14,223,21,16,23,14,223,22,16,23,14,223,23,16,23,14,223,24,16,23,14,223,25,16,23,14,223,26,16,23,14,223,27,16,23,14,223,553,16,23,14,223,779,16,23,14,223,736,16,23,14,223,907,16,23,14,223,929,16,23,14,223,856,16,23,14,223,926,16,23,14,223,1002,16,23,14,223,864,16,23,14,223,511,16,23,14,223,397,16,23,14,223,1602,16,23,14,223,1302,16,23,14,223,1349,16,23,14,223,1173,16,23,14,223,1069,16,23,14,223,1450,16,23,14,223,1477,16,23,14,223,1449,16,23,14,223,1557,16,23,14,223,1059,16,23,14,223,2181,16,23,14,223,2111,16,23,14,223,1671,16,23,14,223,2012,16,23,14,223,1810,16,23,14
0,3476,611,260,4105,1178,65,50219,6434,481,797,455,3967,20407,28,1205,734,270,9670,295,30228,33,39843,9045,778,4105,1926,440,1114,1635,305,418,1205,9517,16,4147,554,1926,270,4105,339,43,1114,1926,270,1178,65,50219,4105,418,270,9517,28,4593,1281,106239,3305,1,1,14,223,19,16,23,14,223,20,16,23,14,223,21,16,23,14,223,22,16,23,14,223,23,16,23,14,223,24,16,23,14,223,25,16,23,14,223,26,16,23,14,223,27,16,23,14,223,553,16,23,14,223,779,16,23,14,223,736,16,23,14,223,907,16,23,14,223,929,16,23,14,223,856,16,23,14,223,926,16,23,14,223,1002,16,23,14,223,864,16,23,14,223,511,16,23,14,223,397,16,23,14,223,1602,16,23,14,223,1302,16,23,14,223,1349,16,23,14,223,1173,16,23,14,223,1069,16,23,14,223,1450,16,23,14,223,1477,16,23,14,223,1449,16,23,14,223,1557,16,23,14,223,1059,16,23,14,223,2181,16,23,14,223,2111,16,23,14,223,1671,16,23,14,223,2012,16,23,14,223,1810,16,23,14,223,1872
0,3476,611,260,4105,1178,65,50219,6434,481,797,455,3967,20407,28,1205,734,270,9670,295,30228,33,39843,9045,778,4105,1926,440,1114,1635,305,418,1205,9517,16,4147,554,1926,270,4105,339,43,1114,1926,270,1178,65,50219,4105,418,270,9517,28,4593,1281,106239,3305,1,1,14,223,19,16,23,14,223,20,16,23,14,223,21,16,23,14,223,22,16,23,14,223,23,16,23,14,223,24,16,23,14,223,25,16,23,14,223,26,16,23,14,223,27,16,23,14,223,553,16,23,14,223,779,16,23,14,223,736,16,23,14,223,907,16,23,14,223,929,16,23,14,223,856,16,23,14,223,926,16,23,14,223,1002,16,23,14,223,864,16,23,14,223,511,16,23,14,223,397,16,23,14,223,1602,16,23,14,223,1302,16,23,14,223,1349,16,23,14,223,1173,16,23,14,223,1069,16,23,14,223,1450,16,23,14,223,1477,16,23,14,223,1449,16,23,14,223,1557,16,23,14,223,1059,16,23,14,223,2181,16,23,14,223,2111,16,23,14,223,1671,16,23,14,223,2012,16,23,14,223,1810,16,23,14,223,1872,16,23
0,3476,611,260,4105,1178,65,50219,6434,481,797,455,3967,20407,28,1205,734,270,9670,295,30228,33,39843,9045,778,4105,1926,440,1114,1635,305,418,1205,9517,16,4147,554,1926,270,4105,339,43,1114,1926,270,1178,65,50219,4105,418,270,9517,28,4593,1281,106239,3305,1,1,14,223,19,16,23,14,223,20,16,23,14,223,21,16,23,14,223,22,16,23,14,223,23,16,23,14,223,24,16,23,14,223,25,16,23,14,223,26,16,23,14,223,27,16,23,14,223,553,16,23,14,223,779,16,23,14,223,736,16,23,14,223,907,16,23,14,223,929,16,23,14,223,856,16,23,14,223,926,16,23,14,223,1002,16,23,14,223,864,16,23,14,223,511,16,23,14,223,397,16,23,14,223,1602,16,23,14,223,1302,16,23,14,223,1349,16,23,14,223,1173,16,23,14,223,1069,16,23,14,223,1450,16,23,14,223,1477,16,23,14,223,1449,16,23,14,223,1557,16,23,14,223,1059,16,23,14,223,2181,16,23,14,223,2111,16,23,14,223,1671,16,23,14,223,2012,16,23,14,223,1810,16,23,14,223,1872,16,23,14
0,3476,611,260,4105,1178,65,50219,6434,481,797,455,3967,20407,28,1205,734,270,9670,295,30228,33,39843,9045,778,4105,1926,440,1114,1635,305,418,1205,9517,16,4147,554,1926,270,4105,339,43,1114,1926,270,1178,65,50219,4105,418,270,9517,28,4593,1281,106239,3305,1,1,14,223,19,16,23,14,223,20,16,23,14,223,21,16,23,14,223,22,16,23,14,223,23,16,23,14,223,24,16,23,14,223,25,16,23,14,223,26,16,23,14,223,27,16,23,14,223,553,16,23,14,223,779,16,23,14,223,736,16,23,14,223,907,16,23,14,223,929,16,23,14,223,856,16,23,14,223,926,16,23,14,223,1002,16,23,14,223,864,16,23,14,223,511,16,23,14,223,397,16,23,14,223,1602,16,23,14,223,1302,16,23,14,223,1349,16,23,14,223,1173,16,23,14,223,1069,16,23,14,223,1450,16,23,14,223,1477,16,23,14,223,1449,16,23,14,223,1557,16,23,14,223,1059,16,23,14,223,2181,16,23,14,223,2111,16,23,14,223,1671,16,23,14,223,2012,16,23,14,223,1810,16,23,14,223
0,3476,611,260,4105,1178,65,50219,6434,481,797,455,3967,20407,28,1205,734,270,9670,295,30228,33,39843,9045,778,4105,1926,440,1114,1635,305,418,1205,9517,16,4147,554,1926,270,4105,339,43,1114,1926,270,1178,65,50219,4105,418,270,9517,28,4593,1281,106239,3305,1,1,14,223,19,16,23,14,223,20,16,23,14,223,21,16,23,14,223,22,16,23,14,223,23,16,23,14,223,24,16,23,14,223,25,16,23,14,223,26,16,23,14,223,27,16,23,14,223,553,16,23,14,223,779,16,23,14,223,736,16,23,14,223,907,16,23,14,223,929,16,23,14,223,856,16,23,14,223,926,16,23,14,223,1002,16,23,14,223,864,16,23,14,223,511,16,23,14,223,397,16,23,14,223,1602,16,23,14,223,1302,16,23,14,223,1349,16,23,14,223,1173,16,23,14,223,1069,16,23,14,223,1450,16,23,14,223,1477,16,23,14,223,1449,16,23,14,223,1557,16,23,14,223,1059,16,23,14,223,2181,16,23,14,223,2111,16,23,14,223,1671,16,23,14,223,2012,16,23,14,223,1810,16,23,14,223,1872,16,23,14,223,1942
0,3476,611,260,4105,1178,65,50219,6434,481,797,455,3967,20407,28,1205,734,270,9670,295,30228,33,39843,9045,778,4105,1926,440,1114,1635,305,418,1205,9517,16,4147,554,1926,270,4105,339,43,1114,1926,270,1178,65,50219,4105,418,270,9517,28,4593,1281,106239,3305,1,1,14,223,19,16,23,14,223,20,16,23,14,223,21,16,23,14,223,22,16,23,14,223,23,16,23,14,223,24,16,23,14,223,25,16,23,14,223,26,16,23,14,223,27,16,23,14,223,553,16,23,14,223,779,16,23,14,223,736,16,23,14,223,907,16,23,14,223,929,16,23,14,223,856,16,23,14,223,926,16,23,14,223,1002,16,23,14,223,864,16,23,14,223,511,16,23,14,223,397,16,23,14,223,1602,16,23,14,223,1302,16,23,14,223,1349,16,23,14,223,1173,16,23,14,223,1069,16,23,14,223,1450,16,23,14,223,1477,16,23,14,223,1449,16,23,14,223,1557,16,23,14,223,1059,16,23,14,223,2181,16,23,14,223,2111,16,23,14,223,1671,16,23,14,223,2012,16,23,14,223,1810,16,23,14,223,1872,16,23,14,223,1942
0,3476,611,260,4105,1178,65,50219,6434,481,797,455,3967,20407,28,1205,734,270,9670,295,30228,33,39843,9045,778,4105,1926,440,1114,1635,305,418,1205,9517,16,4147,554,1926,270,4105,339,43,1114,1926,270,1178,65,50219,4105,418,270,9517,28,4593,1281,106239,3305,1,1,14,223,19,16,23,14,223,20,16,23,14,223,21,16,23,14,223,22,16,23,14,223,23,16,23,14,223,24,16,23,14,223,25,16,23,14,223,26,16,23,14,223,27,16,23,14,223,553,16,23,14,223,779,16,23,14,223,736,16,23,14,223,907,16,23,14,223,929,16,23,14,223,856,16,23,14,223,926,16,23,14,223,1002,16,23,14,223,864,16,23,14,223,511,16,23,14,223,397,16,23,14,223,1602,16,23,14,223,1302,16,23,14,223,1349,16,23,14,223,1173,16,23,14,223,1069,16,23,14,223,1450,16,23,14,223,1477,16,23,14,223,1449,16,23,14,223,1557,16,23,14,223,1059,16,23,14,223,2181,16,23,14,223,2111,16,23,14,223,1671,16,23,14,223,2012,16,23,14,223,1810,16,23,14,223,1872,16,23,14,223,1942
0,3476,611,260,4105,1178,65,50219,6434,481,797,455,3967,20407,28,1205,734,270,9670,295,30228,33,39843,9045,778,4105,1926,440,1114,1635,305,418,1205,9517,16,4147,554,1926,270,4105,339,43,1114,1926,270,1178,65,50219,4105,418,270,9517,28,4593,1281,106239,3305,1,1,14,223,19,16,23,14,223,20,16,23,14,223,21,16,23,14,223,22,16,23,14,223,23,16,23,14,223,24,16,23,14,223,25,16,23,14,223,26,16,23,14,223,27,16,23,14,223,553,16,23,14,223,779,16,23,14,223,736,16,23,14,223,907,16,23,14,223,929,16,23,14,223,856,16,23,14,223,926,16,23,14,223,1002,16,23,14,223,864,16,23,14,223,511,16,23,14,223,397,16,23,14,223,1602,16,23,14,223,1302,16,23,14,223,1349,16,23,14,223,1173,16,23,14,223,1069,16,23,14,223,1450,16,23,14,223,1477,16,23,14,223,1449,16,23,14,223,1557,16,23,14,223,1059,16,23,14,223,2181,16,23,14,223,2111,16,23,14,223,1671,16,23,14,223,2012,16,23,14,223,1810,16,23,14,223,1872,16,23,14,223,1942
0,3476,611,260,4105,1178,65,50219,6434,481,797,455,3967,20407,28,1205,734,270,9670,295,30228,33,39843,9045,778,4105,1926,440,1114,1635,305,418,1205,9517,16,4147,554,1926,270,4105,339,43,1114,1926,270,1178,65,50219,4105,418,270,9517,28,4593,1281,106239,3305,1,1,14,223,19,16,23,14,223,20,16,23,14,223,21,16,23,14,223,22,16,23,14,223,23,16,23,14,223,24,16,23,14,223,25,16,23,14,223,26,16,23,14,223,27,16,23,14,223,553,16,23,14,223,779,16,23,14,223,736,16,23,14,223,907,16,23,14,223,929,16,23,14,223,856,16,23,14,223,926,16,23,14,223,1002,16,23,14,223,864,16,23,14,223,511,16,23,14,223,397,16,23,14,223,1602,16,23,14,223,1302,16,23,14,223,1349,16,23,14,223,1173,16,23,14,223,1069,16,23,14,223,1450,16,23,14,223,1477,16,23,14,223,1449,16,23,14,223,1557,16,23,14,223,1059,16,23,14,223,2181,16,23,14,223,2111,16,23,14,223,1671,16,23,14,223,2012,16,23,14,223,1810,16,23,14,223,1872,16,23,14,223,1942
0,3476,611,260,4105,1178,65,50219,6434,481,797,455,3967,20407,28,1205,734,270,9670,295,30228,33,39843,9045,778,4105,1926,440,1114,1635,305,418,1205,9517,16,4147,554,1926,270,4105,339,43,1114,1926,270,1178,65,50219,4105,418,270,9517,28,4593,1281,106239,3305,1,1,14,223,19,16,23,14,223,20,16,23,14,223,21,16,23,14,223,22,16,23,14,223,23,16,23,14,223,24,16,23,14,223,25,16,23,14,223,26,16,23,14,223,27,16,23,14,223,553,16,23,14,223,779,16,23,14,223,736,16,23,14,223,907,16,23,14,223,929,16,23,14,223,856,16,23,14,223,926,16,23,14,223,1002,16,23,14,223,864,16,23,14,223,511,16,23,14,223,397,16,23,14,223,1602,16,23,14,223,1302,16,23,14,223,1349,16,23,14,223,1173,16,23,14,223,1069,16,23,14,223,1450,16,23,14,223,1477,16,23,14,223,1449,16,23,14,223,1557,16,23,14,223,1059,16,23,14,223,2181,16,23,14,223,2111,16,23,14,223,1671,16,23,14,223,2012,16,23,14,223,1810,16,23,14,223,1872,16,23,14,223,1942
0,3476,611,260,4105,1178,65,50219,6434,481,797,455,3967,20407,28,1205,734,270,9670,295,30228,33,39843,9045,778,4105,1926,440,1114,1635,305,418,1205,9517,16,4147,554,1926,270,4105,339,43,1114,1926,270,1178,65,50219,4105,418,270,9517,28,4593,1281,106239,3305,1,1,14,223,19,16,23,14,223,20,16,23,14,223,21,16,23,14,223,22,16,23,14,223,23,16,23,14,223,24,16,23,14,223,25,16,23,14,223,26,16,23,14,223,27,16,23,14,223,553,16,23,14,223,779,16,23,14,223,736,16,23,14,223,907,16,23,14,223,929,16,23,14,223,856,16,23,14,223,926,16,23,14,223,1002,16,23,14,223,864,16,23,14,223,511,16,23,14,223,397,16,23,14,223,1602,16,23,14,223,1302,16,23,14,223,1349,16,23,14,223,1173,16,23,14,223,1069,16,23,14,223,1450,16,23,14,223,1477,16,23,14,223,1449,16,23,14,223,1557,16,23,14,223,1059,16,23,14,223,2181,16,23,14,223,2111,16,23,14,223,1671,16,23,14,223,2012,16,23,14,223,1810,16,23,14,223
0,3476,611,260,4105,1178,65,50219,6434,481,797,455,3967,20407,28,1205,734,270,9670,295,30228,33,39843,9045,778,4105,1926,440,1114,1635,305,418,1205,9517,16,4147,554,1926,270,4105,339,43,1114,1926,270,1178,65,50219,4105,418,270,9517,28,4593,1281,106239,3305,1,1,14,223,19,16,23,14,223,20,16,23,14,223,21,16,23,14,223,22,16,23,14,223,23,16,23,14,223,24,16,23,14,223,25,16,23,14,223,26,16,23,14,223,27,16,23,14,223,553,16,23,14,223,779,16,23,14,223,736,16,23,14,223,907,16,23,14,223,929,16,23,14,223,856,16,23,14,223,926,16,23,14,223,1002,16,23,14,223,864,16,23,14,223,511,16,23,14,223,397,16,23,14,223,1602,16,23,14,223,1302,16,23,14,223,1349,16,23,14,223,1173,16,23,14,223,1069,16,23,14,223,1450,16,23,14,223,1477,16,23,14,223,1449,16,23,14,223,1557,16,23,14,223,1059,16,23,14,223,2181,16,23,14,223,2111,16,23,14,223,1671,16,23,14,223,2012,16,23,14,223,1810,16,23,14,223,1872,16,23,14
0,3476,611,260,4105,1178,65,50219,6434,481,797,455,3967,20407,28,1205,734,270,9670,295,30228,33,39843,9045,778,4105,1926,440,1114,1635,305,418,1205,9517,16,4147,554,1926,270,4105,339,43,1114,1926,270,1178,65,50219,4105,418,270,9517,28,4593,1281,106239,3305,1,1,14,223,19,16,23,14,223,20,16,23,14,223,21,16,23,14,223,22,16,23,14,223,23,16,23,14,223,24,16,23,14,223,25,16,23,14,223,26,16,23,14,223,27,16,23,14,223,553,16,23,14,223,779,16,23,14,223,736,16,23,14,223,907,16,23,14,223,929,16,23,14,223,856,16,23,14,223,926,16,23,14,223,1002,16,23,14,223,864,16,23,14,223,511,16,23,14,223,397,16,23,14,223,1602,16,23,14,223,1302,16,23,14,223,1349,16,23,14,223,1173,16,23,14,223,1069,16,23,14,223,1450,16,23,14,223,1477,16,23,14,223,1449,16,23,14,223,1557,16,23,14,223,1059,16,23,14,223,2181,16,23,14,223,2111,16,23,14,223,1671,16,23,14,223,2012,16,23,14,223,1810,16,23,14,223,1872,16,23
0,3476,611,260,4105,1178,65,50219,6434,481,797,455,3967,20407,28,1205,734,270,9670,295,30228,33,39843,9045,778,4105,1926,440,1114,1635,305,418,1205,9517,16,4147,554,1926,270,4105,339,43,1114,1926,270,1178,65,50219,4105,418,270,9517,28,4593,1281,106239,3305,1,1,14,223,19,16,23,14,223,20,16,23,14,223,21,16,23,14,223,22,16,23,14,223,23,16,23,14,223,24,16,23,14,223,25,16,23,14,223,26,16,23,14,223,27,16,23,14,223,553,16,23,14,223,779,16,23,14,223,736,16,23,14,223,907,16,23,14,223,929,16,23,14,223,856,16,23,14,223,926,16,23,14,223,1002,16,23,14,223,864,16,23,14,223,511,16,23,14,223,397,16,23,14,223,1602,16,23,14,223,1302,16,23,14,223,1349,16,23,14,223,1173,16,23,14,223,1069,16,23,14,223,1450,16,23,14,223,1477,16,23,14,223,1449,16,23,14,223,1557,16,23,14,223,1059,16,23,14,223,2181,16,23,14,223,2111,16,23,14,223,1671,16,23,14,223,2012,16,23,14,223,1810,16,23,14,223,1872
0,3476,611,260,4105,1178,65,50219,6434,481,797,455,3967,20407,28,1205,734,270,9670,295,30228,33,39843,9045,778,4105,1926,440,1114,1635,305,418,1205,9517,16,4147,554,1926,270,4105,339,43,1114,1926,270,1178,65,50219,4105,418,270,9517,28,4593,1281,106239,3305,1,1,14,223,19,16,23,14,223,20,16,23,14,223,21,16,23,14,223,22,16,23,14,223,23,16,23,14,223,24,16,23,14,223,25,16,23,14,223,26,16,23,14,223,27,16,23,14,223,553,16,23,14,223,779,16,23,14,223,736,16,23,14,223,907,16,23,14,223,929,16,23,14,223,856,16,23,14,223,926,16,23,14,223,1002,16,23,14,223,864,16,23,14,223,511,16,23,14,223,397,16,23,14,223,1602,16,23,14,223,1302,16,23,14,223,1349,16,23,14,223,1173,16,23,14,223,1069,16,23,14,223,1450,16,23,14,223,1477,16,23,14,223,1449,16,23,14,223,1557,16,23,14,223,1059,16,23,14,223,2181,16,23,14,223,2111,16,23,14,223,1671,16,23,14,223,2012,16,23,14,223,1810,16,23,14
0,2337,2019,769,260,15398,979,3465,55828,4042,85,3395,361,1354,2595,4042,85,11,1492,9080,4042,85,11,940,223,19,271,97372,436,832,436,10340,270,29568,2716,16,20870,1353,270,37370,2019,16,1,1,1,1,1,1,50,1697,1,16,1,50,1697,16,1,50,1697,16,1,50,1697,16,1,50,1697,16,1,50,1697,16,20692,50,1697,16,791,50,1697,4394,1015,50,1697,16,30230,50,1697,4658,551,50,1697,4658,505,50,1697,2349,1423,50,1697,22740,1615,50,1697,4987,564,50,1697,8146,560,50,1697,16,1424,50,1697,4987,302,1615,50,1697,49946,17123,50,1697,97031,388,10086,50,1697,4658,551,10086,50,1697,4658,123892,50,1697,2349,1423,10086,50,1697,22740,1601,15671,50,1697,4987,564,15671,50,1697,8146,261,96949,50,1697,49946,5529,50,1697,49946,5529,6111,50,1697,49946,5529,14959,50,1697,49946,5529,22298,50,1697,49946,5529,30712,50,1697,49946,5529,47647,50,1697,49946,5529,51726,50,1697,49946,5529,75076,50,1697,49946,5529,85551,50,1697,49946,5529,108265,50,1697,97031,7902,50,1697,97031,7902,6111,50,1697,97031,7902,14959,50,1697,97031,7902,22298,50,1697,97031,7902,30712,50,1697,97031,7902,47647,50,1697,97031,7902,51726,50,1697,97031
0,2337,2019,769,260,15398,979,3465,55828,4042,85,3395,361,1354,2595,4042,85,11,1492,9080,4042,85,11,940,223,19,271,97372,436,832,436,10340,270,29568,2716,16,20870,1353,270,37370,2019,16,1,1,1,1,1,1,50,1697,1,16,1,50,1697,16,1,50,1697,16,1,50,1697,16,1,50,1697,16,1,50,1697,16,20692,50,1697,16,791,50,1697,4394,1015,50,1697,16,30230,50,1697,4658,551,50,1697,4658,505,50,1697,2349,1423,50,1697,22740,1615,50,1697,4987,564,50,1697,8146,560,50,1697,16,1424,50,1697,4987,302,1615,50,1697,49946,17123,50,1697,97031,388,10086,50,1697,4658,551,10086,50,1697,4658,123892,50,1697,2349,1423,10086,50,1697,22740,1601,15671,50,1697,4987,564,15671,50,1697,8146,261,96949,50,1697,49946,5529,50,1697,49946,5529,6111,50,1697,49946,5529,14959,50,1697,49946,5529,22298,50,1697,49946,5529,30712,50,1697,49946,5529,47647,50,1697,49946,5529,51726,50,1697,49946,5529,75076,50,1697,49946,5529,85551,50,1697,49946,5529,108265,50,1697,97031,7902,50,1697,97031,7902,6111,50,1697,97031,7902,14959,50,1697,97031,7902,22298,50,1697,97031,7902,30712,50,1697,97031,7902,47647,50,1697,97031,7902,51726,50,1697,97031,7902,75076,50,1697
0,2337,2019,769,260,15398,979,3465,55828,4042,85,3395,361,1354,2595,4042,85,11,1492,9080,4042,85,11,940,223,19,271,97372,436,832,436,10340,270,29568,2716,16,20870,1353,270,37370,2019,16,1,1,1,1,1,1,50,1697,1,16,1,50,1697,16,1,50,1697,16,1,50,1697,16,1,50,1697,16,1,50,1697,16,20692,50,1697,16,791,50,1697,4394,1015,50,1697,16,30230,50,1697,4658,551,50,1697,4658,505,50,1697,2349,1423,50,1697,22740,1615,50,1697,4987,564,50,1697,8146,560,50,1697,16,1424,50,1697,4987,302,1615,50,1697,49946,17123,50,1697,97031,388,10086,50,1697,4658,551,10086,50,1697,4658,123892,50,1697,2349,1423,10086,50,1697,22740,1601,15671,50,1697,4987,564,15671,50,1697,8146,261,96949,50,1697,49946,5529,50,1697,49946,5529,6111,50,1697,49946,5529,14959,50,1697,49946,5529,22298,50,1697,49946,5529,30712,50,1697,49946,5529,47647,50,1697,49946,5529,51726,50,1697,49946,5529,75076,50,1697,49946,5529,85551,50,1697,49946,5529,108265,50,1697,97031,7902,50,1697,97031,7902,6111,50,1697,97031,7902,14959,50,1697,97031,7902,22298,50,1697,97031,7902,30712,50,1697,97031,7902,47647,50,1697,97031,7902,51726,50,1697,97031,7902,75076,50,1697,97031,7902
0,2337,2019,769,260,15398,979,3465,55828,4042,85,3395,361,1354,2595,4042,85,11,1492,9080,4042,85,11,940,223,19,271,97372,436,832,436,10340,270,29568,2716,16,20870,1353,270,37370,2019,16,1,1,1,1,1,1,50,1697,1,16,1,50,1697,16,1,50,1697,16,1,50,1697,16,1,50,1697,16,1,50,1697,16,20692,50,1697,16,791,50,1697,4394,1015,50,1697,16,30230,50,1697,4658,551,50,1697,4658,505,50,1697,2349,1423,50,1697,22740,1615,50,1697,4987,564,50,1697,8146,560,50,1697,16,1424,50,1697,4987,302,1615,50,1697,49946,17123,50,1697,97031,388,10086,50,1697,4658,551,10086,50,1697,4658,123892,50,1697,2349,1423,10086,50,1697,22740,1601,15671,50,1697,4987,564,15671,50,1697,8146,261,96949,50,1697,49946,5529,50,1697,49946,5529,6111,50,1697,49946,5529,14959,50,1697,49946,5529,22298,50,1697,49946,5529,30712,50,1697,49946,5529,47647,50,1697,49946,5529,51726,50,1697,49946,5529,75076,50,1697,49946,5529,85551,50,1697,49946,5529,108265,50,1697,97031,7902,50,1697,97031,7902,6111,50,1697,97031,7902,14959,50,1697,97031,7902,22298,50,1697,97031,7902,30712,50,1697,97031,7902,47647,50,1697,97031,7902,51726,50,1697,97031,7902,75076,50,1697,97031,7902,85551
0,2337,2019,769,260,15398,979,3465,55828,4042,85,3395,361,1354,2595,4042,85,11,1492,9080,4042,85,11,940,223,19,271,97372,436,832,436,10340,270,29568,2716,16,20870,1353,270,37370,2019,16,1,1,1,1,1,1,50,1697,1,16,1,50,1697,16,1,50,1697,16,1,50,1697,16,1,50,1697,16,1,50,1697,16,20692,50,1697,16,791,50,1697,4394,1015,50,1697,16,30230,50,1697,4658,551,50,1697,4658,505,50,1697,2349,1423,50,1697,22740,1615,50,1697,4987,564,50,1697,8146,560,50,1697,16,1424,50,1697,4987,302,1615,50,1697,49946,17123,50,1697,97031,388,10086,50,1697,4658,551,10086,50,1697,4658,123892,50,1697,2349,1423,10086,50,1697,22740,1601,15671,50,1697,4987,564,15671,50,1697,8146,261,96949,50,1697,49946,5529,50,1697,49946,5529,6111,50,1697,49946,5529,14959,50,1697,49946,5529,22298,50,1697,49946,5529,30712,50,1697,49946,5529,47647,50,1697,49946,5529,51726,50,1697,49946,5529,75076,50,1697,49946,5529,85551,50,1697,49946,5529,108265,50,1697,97031,7902,50,1697,97031,7902,6111,50,1697,97031,7902,14959,50,1697,97031,7902,22298,50,1697,97031,7902,30712,50,1697,97031,7902,47647,50,1697,97031,7902,51726,50,1697,97031,7902,75076
0,2337,2019,769,260,15398,979,3465,55828,4042,85,3395,361,1354,2595,4042,85,11,1492,9080,4042,85,11,940,223,19,271,97372,436,832,436,10340,270,29568,2716,16,20870,1353,270,37370,2019,16,1,1,1,1,1,1,50,1697,1,16,1,50,1697,16,1,50,1697,16,1,50,1697,16,1,50,1697,16,1,50,1697,16,20692,50,1697,16,791,50,1697,4394,1015,50,1697,16,30230,50,1697,4658,551,50,1697,4658,505,50,1697,2349,1423,50,1697,22740,1615,50,1697,4987,564,50,1697,8146,560,50,1697,16,1424,50,1697,4987,302,1615,50,1697,49946,17123,50,1697,97031,388,10086,50,1697,4658,551,10086,50,1697,4658,123892,50,1697,2349,1423,10086,50,1697,22740,1601,15671,50,1697,4987,564,15671,50,1697,8146,261,96949,50,1697,49946,5529,50,1697,49946,5529,6111,50,1697,49946,5529,14959,50,1697,49946,5529,22298,50,1697,49946,5529,30712,50,1697,49946,5529,47647,50,1697,49946,5529,51726,50,1697,49946,5529,75076,50,1697,49946,5529,85551,50,1697,49946,5529,108265,50,1697,97031,7902,50,1697,97031,7902,6111,50,1697,97031,7902,14959,50,1697,97031,7902,22298,50,1697,97031,7902,30712,50,1697,97031,7902,47647,50,1697,97031,7902,51726,50,1697,97031,7902,75076
0,2337,2019,769,260,15398,979,3465,55828,4042,85,3395,361,1354,2595,4042,85,11,1492,9080,4042,85,11,940,223,19,271,97372,436,832,436,10340,270,29568,2716,16,20870,1353,270,37370,2019,16,1,1,1,1,1,1,50,1697,1,16,1,50,1697,16,1,50,1697,16,1,50,1697,16,1,50,1697,16,1,50,1697,16,20692,50,1697,16,791,50,1697,4394,1015,50,1697,16,30230,50,1697,4658,551,50,1697,4658,505,50,1697,2349,1423,50,1697,22740,1615,50,1697,4987,564,50,1697,8146,560,50,1697,16,1424,50,1697,4987,302,1615,50,1697,49946,17123,50,1697,97031,388,10086,50,1697,4658,551,10086,50,1697,4658,123892,50,1697,2349,1423,10086,50,1697,22740,1601,15671,50,1697,4987,564,15671,50,1697,8146,261,96949,50,1697,49946,5529,50,1697,49946,5529,6111,50,1697,49946,5529,14959,50,1697,49946,5529,22298,50,1697,49946,5529,30712,50,1697,49946,5529,47647,50,1697,49946,5529,51726,50,1697,49946,5529,75076,50,1697,49946,5529,85551,50,1697,49946,5529,108265,50,1697,97031,7902,50,1697,97031,7902,6111,50,1697,97031,7902,14959,50,1697,97031,7902,22298,50,1697,97031,7902,30712,50,1697,97031,7902,47647,50,1697,97031,7902,51726,50,1697,97031,7902,75076
0,2337,2019,769,260,15398,979,3465,55828,4042,85,3395,361,1354,2595,4042,85,11,1492,9080,4042,85,11,940,223,19,271,97372,436,832,436,10340,270,29568,2716,16,20870,1353,270,37370,2019,16,1,1,1,1,1,1,50,1697,1,16,1,50,1697,16,1,50,1697,16,1,50,1697,16,1,50,1697,16,1,50,1697,16,20692,50,1697,16,791,50,1697,4394,1015,50,1697,16,30230,50,1697,4658,551,50,1697,4658,505,50,1697,2349,1423,50,1697,22740,1615,50,1697,4987,564,50,1697,8146,560,50,1697,16,1424,50,1697,4987,302,1615,50,1697,49946,17123,50,1697,97031,388,10086,50,1697,4658,551,10086,50,1697,4658,123892,50,1697,2349,1423,10086,50,1697,22740,1601,15671,50,1697,4987,564,15671,50,1697,8146,261,96949,50,1697,49946,5529,50,1697,49946,5529,6111,50,1697,49946,5529,14959,50,1697,49946,5529,22298,50,1697,49946,5529,30712,50,1697,49946,5529,47647,50,1697,49946,5529,51726,50,1697,49946,5529,75076,50,1697,49946,5529,85551,50,1697,49946,5529,108265,50,1697,97031,7902,50,1697,97031,7902,6111,50,1697,97031,7902,14959,50,1697,97031,7902,22298,50,1697,97031,7902,30712,50,1697,97031,7902,47647,50,1697,97031,7902,51726,50,1697,97031,7902,75076
0,2337,2019,769,260,15398,979,3465,55828,4042,85,3395,361,1354,2595,4042,85,11,1492,9080,4042,85,11,940,223,19,271,97372,436,832,436,10340,270,29568,2716,16,20870,1353,270,37370,2019,16,1,1,1,1,1,1,50,1697,1,16,1,50,1697,16,1,50,1697,16,1,50,1697,16,1,50,1697,16,1,50,1697,16,20692,50,1697,16,791,50,1697,4394,1015,50,1697,16,30230,50,1697,4658,551,50,1697,4658,505,50,1697,2349,1423,50,1697,22740,1615,50,1697,4987,564,50,1697,8146,560,50,1697,16,1424,50,1697,4987,302,1615,50,1697,49946,17123,50,1697,97031,388,10086,50,1697,4658,551,10086,50,1697,4658,123892,50,1697,2349,1423,10086,50,1697,22740,1601,15671,50,1697,4987,564,15671,50,1697,8146,261,96949,50,1697,49946,5529,50,1697,49946,5529,6111,50,1697,49946,5529,14959,50,1697,49946,5529,22298,50,1697,49946,5529,30712,50,1697,49946,5529,47647,50,1697,49946,5529,51726,50,1697,49946,5529,75076,50,1697,49946,5529,85551,50,1697,49946,5529,108265,50,1697,97031,7902,50,1697,97031,7902,6111,50,1697,97031,7902,14959,50,1697,97031,7902,22298,50,1697,97031,7902,30712,50,1697,97031,7902,47647,50,1697,97031,7902,51726,50,1697,97031,7902,75076
0,2337,2019,769,260,15398,979,3465,55828,4042,85,3395,361,1354,2595,4042,85,11,1492,9080,4042,85,11,940,223,19,271,97372,436,832,436,10340,270,29568,2716,16,20870,1353,270,37370,2019,16,1,1,1,1,1,1,50,1697,1,16,1,50,1697,16,1,50,1697,16,1,50,1697,16,1,50,1697,16,1,50,1697,16,20692,50,1697,16,791,50,1697,4394,1015,50,1697,16,30230,50,1697,4658,551,50,1697,4658,505,50,1697,2349,1423,50,1697,22740,1615,50,1697,4987,564,50,1697,8146,560,50,1697,16,1424,50,1697,4987,302,1615,50,1697,49946,17123,50,1697,97031,388,10086,50,1697,4658,551,10086,50,1697,4658,123892,50,1697,2349,1423,10086,50,1697,22740,1601,15671,50,1697,4987,564,15671,50,1697,8146,261,96949,50,1697,49946,5529,50,1697,49946,5529,6111,50,1697,49946,5529,14959,50,1697,49946,5529,22298,50,1697,49946,5529,30712,50,1697,49946,5529,47647,50,1697,49946,5529,51726,50,1697,49946,5529,75076,50,1697,49946,5529,85551,50,1697,49946,5529,108265,50,1697,97031,7902,50,1697,97031,7902,6111,50,1697,97031,7902,14959,50,1697,97031,7902,22298,50,1697,97031,7902,30712,50,1697,97031,7902,47647,50,1697,97031,7902,51726,50,1697,97031,7902,75076
0,2337,2019,769,260,15398,979,3465,55828,4042,85,3395,361,1354,2595,4042,85,11,1492,9080,4042,85,11,940,223,19,271,97372,436,832,436,10340,270,29568,2716,16,20870,1353,270,37370,2019,16,1,1,1,1,1,1,50,1697,1,16,1,50,1697,16,1,50,1697,16,1,50,1697,16,1,50,1697,16,1,50,1697,16,20692,50,1697,16,791,50,1697,4394,1015,50,1697,16,30230,50,1697,4658,551,50,1697,4658,505,50,1697,2349,1423,50,1697,22740,1615,50,1697,4987,564,50,1697,8146,560,50,1697,16,1424,50,1697,4987,302,1615,50,1697,49946,17123,50,1697,97031,388,10086,50,1697,4658,551,10086,50,1697,4658,123892,50,1697,2349,1423,10086,50,1697,22740,1601,15671,50,1697,4987,564,15671,50,1697,8146,261,96949,50,1697,49946,5529,50,1697,49946,5529,6111,50,1697,49946,5529,14959,50,1697,49946,5529,22298,50,1697,49946,5529,30712,50,1697,49946,5529,47647,50,1697,49946,5529,51726,50,1697,49946,5529,75076,50,1697,49946,5529,85551,50,1697,49946,5529,108265,50,1697,97031,7902,50,1697,97031,7902,6111,50,1697,97031,7902,14959,50,1697,97031,7902,22298,50,1697,97031,7902,30712,50,1697,97031,7902,47647,50,1697,97031,7902,51726,50,1697,97031,7902,75076
0,2337,2019,769,260,15398,979,3465,55828,4042,85,3395,361,1354,2595,4042,85,11,1492,9080,4042,85,11,940,223,19,271,97372,436,832,436,10340,270,29568,2716,16,20870,1353,270,37370,2019,16,1,1,1,1,1,1,50,1697,1,16,1,50,1697,16,1,50,1697,16,1,50,1697,16,1,50,1697,16,1,50,1697,16,20692,50,1697,16,791,50,1697,4394,1015,50,1697,16,30230,50,1697,4658,551,50,1697,4658,505,50,1697,2349,1423,50,1697,22740,1615,50,1697,4987,564,50,1697,8146,560,50,1697,16,1424,50,1697,4987,302,1615,50,1697,49946,17123,50,1697,97031,388,10086,50,1697,4658,551,10086,50,1697,4658,123892,50,1697,2349,1423,10086,50,1697,22740,1601,15671,50,1697,4987,564,15671,50,1697,8146,261,96949,50,1697,49946,5529,50,1697,49946,5529,6111,50,1697,49946,5529,14959,50,1697,49946,5529,22298,50,1697,49946,5529,30712,50,1697,49946,5529,47647,50,1697,49946,5529,51726,50,1697,49946,5529,75076,50,1697,49946,5529,85551,50,1697,49946,5529,108265,50,1697,97031,7902,50,1697,97031,7902,6111,50,1697,97031,7902,14959,50,1697,97031,7902,22298,50,1697,97031,7902,30712,50,1697,97031,7902,47647,50,1697,97031,7902,51726,50,1697,97031,7902,75076
0,2337,2019,769,260,15398,979,3465,55828,4042,85,3395,361,1354,2595,4042,85,11,1492,9080,4042,85,11,940,223,19,271,97372,436,832,436,10340,270,29568,2716,16,20870,1353,270,37370,2019,16,1,1,1,1,1,1,50,1697,1,16,1,50,1697,16,1,50,1697,16,1,50,1697,16,1,50,1697,16,1,50,1697,16,20692,50,1697,16,791,50,1697,4394,1015,50,1697,16,30230,50,1697,4658,551,50,1697,4658,505,50,1697,2349,1423,50,1697,22740,1615,50,1697,4987,564,50,1697,8146,560,50,1697,16,1424,50,1697,4987,302,1615,50,1697,49946,17123,50,1697,97031,388,10086,50,1697,4658,551,10086,50,1697,4658,123892,50,1697,2349,1423,10086,50,1697,22740,1601,15671,50,1697,4987,564,15671,50,1697,8146,261,96949,50,1697,49946,5529,50,1697,49946,5529,6111,50,1697,49946,5529,14959,50,1697,49946,5529,22298,50,1697,49946,5529,30712,50,1697,49946,5529,47647,50,1697,49946,5529,51726,50,1697,49946,5529,75076,50,1697,49946,5529,85551,50,1697,49946,5529,108265,50,1697,97031,7902,50,1697,97031,7902,6111,50,1697,97031,7902,14959,50,1697,97031,7902,22298,50,1697,97031,7902,30712,50,1697,97031,7902,47647,50,1697,97031,7902,51726,50,1697,97031,7902,75076,50,1697,97031,7902,85551
0,2337,2019,769,260,15398,979,3465,55828,4042,85,3395,361,1354,2595,4042,85,11,1492,9080,4042,85,11,940,223,19,271,97372,436,832,436,10340,270,29568,2716,16,20870,1353,270,37370,2019,16,1,1,1,1,1,1,50,1697,1,16,1,50,1697,16,1,50,1697,16,1,50,1697,16,1,50,1697,16,1,50,1697,16,20692,50,1697,16,791,50,1697,4394,1015,50,1697,16,30230,50,1697,4658,551,50,1697,4658,505,50,1697,2349,1423,50,1697,22740,1615,50,1697,4987,564,50,1697,8146,560,50,1697,16,1424,50,1697,4987,302,1615,50,1697,49946,17123,50,1697,97031,388,10086,50,1697,4658,551,10086,50,1697,4658,123892,50,1697,2349,1423,10086,50,1697,22740,1601,15671,50,1697,4987,564,15671,50,1697,8146,261,96949,50,1697,49946,5529,50,1697,49946,5529,6111,50,1697,49946,5529,14959,50,1697,49946,5529,22298,50,1697,49946,5529,30712,50,1697,49946,5529,47647,50,1697,49946,5529,51726,50,1697,49946,5529,75076,50,1697,49946,5529,85551,50,1697,49946,5529,108265,50,1697,97031,7902,50,1697,97031,7902,6111,50,1697,97031,7902,14959,50,1697,97031,7902,22298,50,1697,97031,7902,30712,50,1697,97031,7902,47647,50,1697,97031,7902,51726,50,1697,97031,7902,75076,50,1697,97031,7902
0,2337,2019,769,260,15398,979,3465,55828,4042,85,3395,361,1354,2595,4042,85,11,1492,9080,4042,85,11,940,223,19,271,97372,436,832,436,10340,270,29568,2716,16,20870,1353,270,37370,2019,16,1,1,1,1,1,1,50,1697,1,16,1,50,1697,16,1,50,1697,16,1,50,1697,16,1,50,1697,16,1,50,1697,16,20692,50,1697,16,791,50,1697,4394,1015,50,1697,16,30230,50,1697,4658,551,50,1697,4658,505,50,1697,2349,1423,50,1697,22740,1615,50,1697,4987,564,50,1697,8146,560,50,1697,16,1424,50,1697,4987,302,1615,50,1697,49946,17123,50,1697,97031,388,10086,50,1697,4658,551,10086,50,1697,4658,123892,50,1697,2349,1423,10086,50,1697,22740,1601,15671,50,1697,4987,564,15671,50,1697,8146,261,96949,50,1697,49946,5529,50,1697,49946,5529,6111,50,1697,49946,5529,14959,50,1697,49946,5529,22298,50,1697,49946,5529,30712,50,1697,49946,5529,47647,50,1697,49946,5529,51726,50,1697,49946,5529,75076,50,1697,49946,5529,85551,50,1697,49946,5529,108265,50,1697,97031,7902,50,1697,97031,7902,6111,50,1697,97031,7902,14959,50,1697,97031,7902,22298,50,1697,97031,7902,30712,50,1697,97031,7902,47647,50,1697,97031,7902,51726,50,1697,97031,7902,75076,50,1697
0,2337,2019,769,260,15398,979,3465,55828,4042,85,3395,361,1354,2595,4042,85,11,1492,9080,4042,85,11,940,223,19,271,97372,436,832,436,10340,270,29568,2716,16,20870,1353,270,37370,2019,16,1,1,1,1,1,1,50,1697,1,16,1,50,1697,16,1,50,1697,16,1,50,1697,16,1,50,1697,16,1,50,1697,16,20692,50,1697,16,791,50,1697,4394,1015,50,1697,16,30230,50,1697,4658,551,50,1697,4658,505,50,1697,2349,1423,50,1697,22740,1615,50,1697,4987,564,50,1697,8146,560,50,1697,16,1424,50,1697,4987,302,1615,50,1697,49946,17123,50,1697,97031,388,10086,50,1697,4658,551,10086,50,1697,4658,123892,50,1697,2349,1423,10086,50,1697,22740,1601,15671,50,1697,4987,564,15671,50,1697,8146,261,96949,50,1697,49946,5529,50,1697,49946,5529,6111,50,1697,49946,5529,14959,50,1697,49946,5529,22298,50,1697,49946,5529,30712,50,1697,49946,5529,47647,50,1697,49946,5529,51726,50,1697,49946,5529,75076,50,1697,49946,5529,85551,50,1697,49946,5529,108265,50,1697,97031,7902,50,1697,97031,7902,6111,50,1697,97031,7902,14959,50,1697,97031,7902,22298,50,1697,97031,7902,30712,50,1697,97031,7902,47647,50,1697,97031,7902,51726,50,1697,97031
0,21750,260,15255,2019,51781,3913,12904,11,396,1208,2313,767,411,79556,49120,2310,294,18392,1055,260,11747,2310,16,9909,1353,16,1,16,1,16,1,16,1,16,1,16,1,16,1,16,1,16,1,16,1,16,1,16,1,16,1,16,1,16,1,16,1,16,1,16,1,16,1,16,1,16,1,16,1,16,1,16,1,16,455,582,80,12904,4,2310,588,6242,18392,14,16893,14,469,113625,16,455,2019,1531,1354,260,11747,2310,294,18392,16,12873,28,51781,10425,19,14,764,20,14,764,21,14,223,22,43383,223,23,8123,1531,1354,764,19,14,223,20,14,223,21,14,223,22,14,223,23,2655,1,16,455,2019,1531,9495,11181,16893,305,113625,16,455,2019,1531,554,1347,1117,9390,25625,16,455,2019,1531,366,50494,16,455,2019,1531,554,21719,270,4346,2310,16,455,2019,1531,366,9306,51781,16,455,2019,1531,2188,834,9517,16,455,2019,1531,1354,260,2310,16,455,2019,1531,366,6428,295,260,4245,9306,4630,23042,16,455,2019,1531,366,1585,2417,71276,16,455,2019,1531,366,8281,16,455,2019,1531,9495,17185,49120,16893,16,455,2019,1531,554,1347
0,21750,260,15255,2019,51781,3913,12904,11,396,1208,2313,767,411,79556,49120,2310,294,18392,1055,260,11747,2310,16,9909,1353,16,1,16,1,16,1,16,1,16,1,16,1,16,1,16,1,16,1,16,1,16,1,16,1,16,1,16,1,16,1,16,1,16,1,16,1,16,1,16,1,16,1,16,1,16,1,16,1,16,455,582,80,12904,4,2310,588,6242,18392,14,16893,14,469,113625,16,455,2019,1531,1354,260,11747,2310,294,18392,16,12873,28,51781,10425,19,14,764,20,14,764,21,14,223,22,43383,223,23,8123,1531,1354,764,19,14,223,20,14,223,21,14,223,22,14,223,23,2655,1,16,455,2019,1531,9495,11181,16893,305,113625,16,455,2019,1531,554,1347,1117,9390,25625,16,455,2019,1531,366,50494,16,455,2019,1531,554,21719,270,4346,2310,16,455,2019,1531,366,9306,51781,16,455,2019,1531,2188,834,9517,16,455,2019,1531,1354,260,2310,16,455,2019,1531,366,6428,295,260,4245,9306,4630,23042,16,455,2019,1531,366,1585,2417,71276,16,455,2019,1531,366,8281,16,455,2019,1531,9495,17185,49120,16893,16,455,2019,1531,554
0,21750,260,15255,2019,51781,3913,12904,11,396,1208,2313,767,411,79556,49120,2310,294,18392,1055,260,11747,2310,16,9909,1353,16,1,16,1,16,1,16,1,16,1,16,1,16,1,16,1,16,1,16,1,16,1,16,1,16,1,16,1,16,1,16,1,16,1,16,1,16,1,16,1,16,1,16,1,16,1,16,1,16,455,582,80,12904,4,2310,588,6242,18392,14,16893,14,469,113625,16,455,2019,1531,1354,260,11747,2310,294,18392,16,12873,28,51781,10425,19,14,764,20,14,764,21,14,223,22,43383,223,23,8123,1531,1354,764,19,14,223,20,14,223,21,14,223,22,14,223,23,2655,1,16,455,2019,1531,9495,11181,16893,305,113625,16,455,2019,1531,554,1347,1117,9390,25625,16,455,2019,1531,366,50494,16,455,2019,1531,554,21719,270,4346,2310,16,455,2019,1531,366,9306,51781,16,455,2019,1531,2188,834,9517,16,455,2019,1531,1354,260,2310,16,455,2019,1531,366,6428,295,260,4245,9306,4630,23042,16,455,2019,1531,366,1585,2417,71276,16,455,2019,1531,366,8281,16,455,2019,1531,9495,17185,49120,16893,16,455,2019,1531,554
0,21750,260,15255,2019,51781,3913,12904,11,396,1208,2313,767,411,79556,49120,2310,294,18392,1055,260,11747,2310,16,9909,1353,16,1,16,1,16,1,16,1,16,1,16,1,16,1,16,1,16,1,16,1,16,1,16,1,16,1,16,1,16,1,16,1,16,1,16,1,16,1,16,1,16,1,16,1,16,1,16,1,16,455,582,80,12904,4,2310,588,6242,18392,14,16893,14,469,113625,16,455,2019,1531,1354,260,11747,2310,294,18392,16,12873,28,51781,10425,19,14,764,20,14,764,21,14,223,22,43383,223,23,8123,1531,1354,764,19,14,223,20,14,223,21,14,223,22,14,223,23,2655,1,16,455,2019,1531,9495,11181,16893,305,113625,16,455,2019,1531,554,1347,1117,9390,25625,16,455,2019,1531,366,50494,16,455,2019,1531,554,21719,270,4346,2310,16,455,2019,1531,366,9306,51781,16,455,2019,1531,2188,834,9517,16,455,2019,1531,1354,260,2310,16,455,2019,1531,366,6428,295,260,4245,9306,4630,23042,16,455,2019,1531,366,1585,2417,71276,16,455,2019,1531,366,8281,16,455,2019,1531,9495,17185,49120,16893,16,455,2019,1531,554
0,21750,260,15255,2019,51781,3913,12904,11,396,1208,2313,767,411,79556,49120,2310,294,18392,1055,260,11747,2310,16,9909,1353,16,1,16,1,16,1,16,1,16,1,16,1,16,1,16,1,16,1,16,1,16,1,16,1,16,1,16,1,16,1,16,1,16,1,16,1,16,1,16,1,16,1,16,1,16,1,16,1,16,455,582,80,12904,4,2310,588,6242,18392,14,16893,14,469,113625,16,455,2019,1531,1354,260,11747,2310,294,18392,16,12873,28,51781,10425,19,14,764,20,14,764,21,14,223,22,43383,223,23,8123,1531,1354,764,19,14,223,20,14,223,21,14,223,22,14,223,23,2655,1,16,455,2019,1531,9495,11181,16893,305,113625,16,455,2019,1531,554,1347,1117,9390,25625,16,455,2019,1531,366,50494,16,455,2019,1531,554,21719,270,4346,2310,16,455,2019,1531,366,9306,51781,16,455,2019,1531,2188,834,9517,16,455,2019,1531,1354,260,2310,16,455,2019,1531,366,6428,295,260,4245,9306,4630,23042,16,455,2019,1531,366,1585,2417,71276,16,455,2019,1531,366,8281,16,455,2019,1531,9495,17185,49120,16893,16,455,2019,1531,554
0,21750,260,15255,2019,51781,3913,12904,11,396,1208,2313,767,411,79556,49120,2310,294,18392,1055,260,11747,2310,16,9909,1353,16,1,16,1,16,1,16,1,16,1,16,1,16,1,16,1,16,1,16,1,16,1,16,1,16,1,16,1,16,1,16,1,16,1,16,1,16,1,16,1,16,1,16,1,16,1,16,1,16,455,582,80,12904,4,2310,588,6242,18392,14,16893,14,469,113625,16,455,2019,1531,1354,260,11747,2310,294,18392,16,12873,28,51781,10425,19,14,764,20,14,764,21,14,223,22,43383,223,23,8123,1531,1354,764,19,14,223,20,14,223,21,14,223,22,14,223,23,2655,1,16,455,2019,1531,9495,11181,16893,305,113625,16,455,2019,1531,554,1347,1117,9390,25625,16,455,2019,1531,366,50494,16,455,2019,1531,554,21719,270,4346,2310,16,455,2019,1531,366,9306,51781,16,455,2019,1531,2188,834,9517,16,455,2019,1531,1354,260,2310,16,455,2019,1531,366,6428,295,260,4245,9306,4630,23042,16,455,2019,1531,366,1585,2417,71276,16,455,2019,1531,366,8281,16,455,2019,1531,9495,17185,49120,16893,16,455,2019,1531,554
0,21750,260,15255,2019,51781,3913,12904,11,396,1208,2313,767,411,79556,49120,2310,294,18392,1055,260,11747,2310,16,9909,1353,16,1,16,1,16,1,16,1,16,1,16,1,16,1,16,1,16,1,16,1,16,1,16,1,16,1,16,1,16,1,16,1,16,1,16,1,16,1,16,1,16,1,16,1,16,1,16,1,16,455,582,80,12904,4,2310,588,6242,18392,14,16893,14,469,113625,16,455,2019,1531,1354,260,11747,2310,294,18392,16,12873,28,51781,10425,19,14,764,20,14,764,21,14,223,22,43383,223,23,8123,1531,1354,764,19,14,223,20,14,223,21,14,223,22,14,223,23,2655,1,16,455,2019,1531,9495,11181,16893,305,113625,16,455,2019,1531,554,1347,1117,9390,25625,16,455,2019,1531,366,50494,16,455,2019,1531,554,21719,270,4346,2310,16,455,2019,1531,366,9306,51781,16,455,2019,1531,2188,834,9517,16,455,2019,1531,1354,260,2310,16,455,2019,1531,366,6428,295,260,4245,9306,4630,23042,16,455,2019,1531,366,1585,2417,71276,16,455,2019,1531,366,8281,16,455,2019,1531,9495,17185,49120,16893,16,455,2019,1531,554
0,21750,260,15255,2019,51781,3913,12904,11,396,1208,2313,767,411,79556,49120,2310,294,18392,1055,260,11747,2310,16,9909,1353,16,1,16,1,16,1,16,1,16,1,16,1,16,1,16,1,16,1,16,1,16,1,16,1,16,1,16,1,16,1,16,1,16,1,16,1,16,1,16,1,16,1,16,1,16,1,16,1,16,455,582,80,12904,4,2310,588,6242,18392,14,16893,14,469,113625,16,455,2019,1531,1354,260,11747,2310,294,18392,16,12873,28,51781,10425,19,14,764,20,14,764,21,14,223,22,43383,223,23,8123,1531,1354,764,19,14,223,20,14,223,21,14,223,22,14,223,23,2655,1,16,455,2019,1531,9495,11181,16893,305,113625,16,455,2019,1531,554,1347,1117,9390,25625,16,455,2019,1531,366,50494,16,455,2019,1531,554,21719,270,4346,2310,16,455,2019,1531,366,9306,51781,16,455,2019,1531,2188,834,9517,16,455,2019,1531,1354,260,2310,16,455,2019,1531,366,6428,295,260,4245,9306,4630,23042,16,455,2019,1531,366,1585,2417,71276,16,455,2019,1531,366,8281,16,455,2019,1531,9495,17185,49120,16893,16,455,2019,1531,554
0,21750,260,15255,2019,51781,3913,12904,11,396,1208,2313,767,411,79556,49120,2310,294,18392,1055,260,11747,2310,16,9909,1353,16,1,16,1,16,1,16,1,16,1,16,1,16,1,16,1,16,1,16,1,16,1,16,1,16,1,16,1,16,1,16,1,16,1,16,1,16,1,16,1,16,1,16,1,16,1,16,1,16,455,582,80,12904,4,2310,588,6242,18392,14,16893,14,469,113625,16,455,2019,1531,1354,260,11747,2310,294,18392,16,12873,28,51781,10425,19,14,764,20,14,764,21,14,223,22,43383,223,23,8123,1531,1354,764,19,14,223,20,14,223,21,14,223,22,14,223,23,2655,1,16,455,2019,1531,9495,11181,16893,305,113625,16,455,2019,1531,554,1347,1117,9390,25625,16,455,2019,1531,366,50494,16,455,2019,1531,554,21719,270,4346,2310,16,455,2019,1531,366,9306,51781,16,455,2019,1531,2188,834,9517,16,455,2019,1531,1354,260,2310,16,455,2019,1531,366,6428,295,260,4245,9306,4630,23042,16,455,2019,1531,366,1585,2417,71276,16,455,2019,1531,366,8281,16,455,2019,1531,9495,17185,49120,16893,16,455,2019,1531,554
0,21750,260,15255,2019,51781,3913,12904,11,396,1208,2313,767,411,79556,49120,2310,294,18392,1055,260,11747,2310,16,9909,1353,16,1,16,1,16,1,16,1,16,1,16,1,16,1,16,1,16,1,16,1,16,1,16,1,16,1,16,1,16,1,16,1,16,1,16,1,16,1,16,1,16,1,16,1,16,1,16,1,16,455,582,80,12904,4,2310,588,6242,18392,14,16893,14,469,113625,16,455,2019,1531,1354,260,11747,2310,294,18392,16,12873,28,51781,10425,19,14,764,20,14,764,21,14,223,22,43383,223,23,8123,1531,1354,764,19,14,223,20,14,223,21,14,223,22,14,223,23,2655,1,16,455,2019,1531,9495,11181,16893,305,113625,16,455,2019,1531,554,1347,1117,9390,25625,16,455,2019,1531,366,50494,16,455,2019,1531,554,21719,270,4346,2310,16,455,2019,1531,366,9306,51781,16,455,2019,1531,2188,834,9517,16,455,2019,1531,1354,260,2310,16,455,2019,1531,366,6428,295,260,4245,9306,4630,23042,16,455,2019,1531,366,1585,2417,71276,16,455,2019,1531,366,8281,16,455,2019,1531,9495,17185,49120,16893,16,455,2019,1531,554
0,21750,260,15255,2019,51781,3913,12904,11,396,1208,2313,767,411,79556,49120,2310,294,18392,1055,260,11747,2310,16,9909,1353,16,1,16,1,16,1,16,1,16,1,16,1,16,1,16,1,16,1,16,1,16,1,16,1,16,1,16,1,16,1,16,1,16,1,16,1,16,1,16,1,16,1,16,1,16,1,16,1,16,455,582,80,12904,4,2310,588,6242,18392,14,16893,14,469,113625,16,455,2019,1531,1354,260,11747,2310,294,18392,16,12873,28,51781,10425,19,14,764,20,14,764,21,14,223,22,43383,223,23,8123,1531,1354,764,19,14,223,20,14,223,21,14,223,22,14,223,23,2655,1,16,455,2019,1531,9495,11181,16893,305,113625,16,455,2019,1531,554,1347,1117,9390,25625,16,455,2019,1531,366,50494,16,455,2019,1531,554,21719,270,4346,2310,16,455,2019,1531,366,9306,51781,16,455,2019,1531,2188,834,9517,16,455,2019,1531,1354,260,2310,16,455,2019,1531,366,6428,295,260,4245,9306,4630,23042,16,455,2019,1531,366,1585,2417,71276,16,455,2019,1531,366,8281,16,455,2019,1531,9495,17185,49120,16893,16,455,2019,1531,554
0,21750,260,15255,2019,51781,3913,12904,11,396,1208,2313,767,411,79556,49120,2310,294,18392,1055,260,11747,2310,16,9909,1353,16,1,16,1,16,1,16,1,16,1,16,1,16,1,16,1,16,1,16,1,16,1,16,1,16,1,16,1,16,1,16,1,16,1,16,1,16,1,16,1,16,1,16,1,16,1,16,1,16,455,582,80,12904,4,2310,588,6242,18392,14,16893,14,469,113625,16,455,2019,1531,1354,260,11747,2310,294,18392,16,12873,28,51781,10425,19,14,764,20,14,764,21,14,223,22,43383,223,23,8123,1531,1354,764,19,14,223,20,14,223,21,14,223,22,14,223,23,2655,1,16,455,2019,1531,9495,11181,16893,305,113625,16,455,2019,1531,554,1347,1117,9390,25625,16,455,2019,1531,366,50494,16,455,2019,1531,554,21719,270,4346,2310,16,455,2019,1531,366,9306,51781,16,455,2019,1531,2188,834,9517,16,455,2019,1531,1354,260,2310,16,455,2019,1531,366,6428,295,260,4245,9306,4630,23042,16,455,2019,1531,366,1585,2417,71276,16,455,2019,1531,366,8281,16,455,2019,1531,9495,17185,49120,16893,16,455,2019,1531,554
0,21750,260,15255,2019,51781,3913,12904,11,396,1208,2313,767,411,79556,49120,2310,294,18392,1055,260,11747,2310,16,9909,1353,16,1,16,1,16,1,16,1,16,1,16,1,16,1,16,1,16,1,16,1,16,1,16,1,16,1,16,1,16,1,16,1,16,1,16,1,16,1,16,1,16,1,16,1,16,1,16,1,16,455,582,80,12904,4,2310,588,6242,18392,14,16893,14,469,113625,16,455,2019,1531,1354,260,11747,2310,294,18392,16,12873,28,51781,10425,19,14,764,20,14,764,21,14,223,22,43383,223,23,8123,1531,1354,764,19,14,223,20,14,223,21,14,223,22,14,223,23,2655,1,16,455,2019,1531,9495,11181,16893,305,113625,16,455,2019,1531,554,1347,1117,9390,25625,16,455,2019,1531,366,50494,16,455,2019,1531,554,21719,270,4346,2310,16,455,2019,1531,366,9306,51781,16,455,2019,1531,2188,834,9517,16,455,2019,1531,1354,260,2310,16,455,2019,1531,366,6428,295,260,4245,9306,4630,23042,16,455,2019,1531,366,1585,2417,71276,16,455,2019,1531,366,8281,16,455,2019,1531,9495,17185,49120,16893,16,455,2019,1531,554
0,21750,260,15255,2019,51781,3913,12904,11,396,1208,2313,767,411,79556,49120,2310,294,18392,1055,260,11747,2310,16,9909,1353,16,1,16,1,16,1,16,1,16,1,16,1,16,1,16,1,16,1,16,1,16,1,16,1,16,1,16,1,16,1,16,1,16,1,16,1,16,1,16,1,16,1,16,1,16,1,16,1,16,455,582,80,12904,4,2310,588,6242,18392,14,16893,14,469,113625,16,455,2019,1531,1354,260,11747,2310,294,18392,16,12873,28,51781,10425,19,14,764,20,14,764,21,14,223,22,43383,223,23,8123,1531,1354,764,19,14,223,20,14,223,21,14,223,22,14,223,23,2655,1,16,455,2019,1531,9495,11181,16893,305,113625,16,455,2019,1531,554,1347,1117,9390,25625,16,455,2019,1531,366,50494,16,455,2019,1531,554,21719,270,4346,2310,16,455,2019,1531,366,9306,51781,16,455,2019,1531,2188,834,9517,16,455,2019,1531,1354,260,2310,16,455,2019,1531,366,6428,295,260,4245,9306,4630,23042,16,455,2019,1531,366,1585,2417,71276,16,455,2019,1531,366,8281,16,455,2019,1531,9495,17185,49120,16893,16,455,2019,1531,554
0,21750,260,15255,2019,51781,3913,12904,11,396,1208,2313,767,411,79556,49120,2310,294,18392,1055,260,11747,2310,16,9909,1353,16,1,16,1,16,1,16,1,16,1,16,1,16,1,16,1,16,1,16,1,16,1,16,1,16,1,16,1,16,1,16,1,16,1,16,1,16,1,16,1,16,1,16,1,16,1,16,1,16,455,582,80,12904,4,2310,588,6242,18392,14,16893,14,469,113625,16,455,2019,1531,1354,260,11747,2310,294,18392,16,12873,28,51781,10425,19,14,764,20,14,764,21,14,223,22,43383,223,23,8123,1531,1354,764,19,14,223,20,14,223,21,14,223,22,14,223,23,2655,1,16,455,2019,1531,9495,11181,16893,305,113625,16,455,2019,1531,554,1347,1117,9390,25625,16,455,2019,1531,366,50494,16,455,2019,1531,554,21719,270,4346,2310,16,455,2019,1531,366,9306,51781,16,455,2019,1531,2188,834,9517,16,455,2019,1531,1354,260,2310,16,455,2019,1531,366,6428,295,260,4245,9306,4630,23042,16,455,2019,1531,366,1585,2417,71276,16,455,2019,1531,366,8281,16,455,2019,1531,9495,17185,49120,16893,16,455,2019,1531,554
0,21750,260,15255,2019,51781,3913,12904,11,396,1208,2313,767,411,79556,49120,2310,294,18392,1055,260,11747,2310,16,9909,1353,16,1,16,1,16,1,16,1,16,1,16,1,16,1,16,1,16,1,16,1,16,1,16,1,16,1,16,1,16,1,16,1,16,1,16,1,16,1,16,1,16,1,16,1,16,1,16,1,16,455,582,80,12904,4,2310,588,6242,18392,14,16893,14,469,113625,16,455,2019,1531,1354,260,11747,2310,294,18392,16,12873,28,51781,10425,19,14,764,20,14,764,21,14,223,22,43383,223,23,8123,1531,1354,764,19,14,223,20,14,223,21,14,223,22,14,223,23,2655,1,16,455,2019,1531,9495,11181,16893,305,113625,16,455,2019,1531,554,1347,1117,9390,25625,16,455,2019,1531,366,50494,16,455,2019,1531,554,21719,270,4346,2310,16,455,2019,1531,366,9306,51781,16,455,2019,1531,2188,834,9517,16,455,2019,1531,1354,260,2310,16,455,2019,1531,366,6428,295,260,4245,9306,4630,23042,16,455,2019,1531,366,1585,2417,71276,16,455,2019,1531,366,8281,16,455,2019,1531,9495,17185,49120,16893,16,455,2019,1531,554,1347
0,65106,1205,260,126664,23809,344,295,47270,34788,14,295,1234,15174,16,5715,14,295,834,10175,14,8470,3939,436,344,2239,362,4197,339,35,126664,23809,16765,270,3077,305,1990,23714,538,9479,21121,35977,2184,47270,34788,14,832,851,588,366,99782,1082,20351,14319,35977,16,983,65466,31811,1408,288,5671,1060,270,5221,3980,509,1750,3132,16,1162,4491,9353,1949,13058,305,850,104643,8281,14,4861,362,1606,18323,16,1,1,1,1,16,1,16,1,16,1,16,1,16,1,16,1,16,1,16,1,16,1,16,1,16,1,16,1,16,1,16,1,16,1,16,1,16,1,16,1,16,1,16,1,16,1,16,1,16,1,16,1,16,1,16,1,16,1,16,1,16,1,16,1,16,1,16,1,16,1,16,455,16,69582,6229,4775,4658,1876,5099,17120,16,3063,44673,3314,33861,3845,520,16,455,16,69582,6229,4775,4658,1876,5099,17120,16,3063,44673,3314,33861,3845,520,16,455,16,69582,6229,4775,4658,1876,5099,17120,16,3063,44673,3314,33861,3845,520,16,455,16,69582,6229,4775,4658,1876,5099,17120,16,3063
0,65106,1205,260,126664,23809,344,295,47270,34788,14,295,1234,15174,16,5715,14,295,834,10175,14,8470,3939,436,344,2239,362,4197,339,35,126664,23809,16765,270,3077,305,1990,23714,538,9479,21121,35977,2184,47270,34788,14,832,851,588,366,99782,1082,20351,14319,35977,16,983,65466,31811,1408,288,5671,1060,270,5221,3980,509,1750,3132,16,1162,4491,9353,1949,13058,305,850,104643,8281,14,4861,362,1606,18323,16,1,1,1,1,16,1,16,1,16,1,16,1,16,1,16,1,16,1,16,1,16,1,16,1,16,1,16,1,16,1,16,1,16,1,16,1,16,1,16,1,16,1,16,1,16,1,16,1,16,1,16,1,16,1,16,1,16,1,16,1,16,1,16,1,16,1,16,1,16,1,16,455,16,69582,6229,4775,4658,1876,5099,17120,16,3063,44673,3314,33861,3845,520,16,455,16,69582,6229,4775,4658,1876,5099,17120,16,3063,44673,3314,33861,3845,520,16,455,16,69582,6229,4775,4658,1876,5099,17120,16,3063,44673,3314,33861,3845,520,16,455,16,69582,6229,4775,4658,1876,5099
0,65106,1205,260,126664,23809,344,295,47270,34788,14,295,1234,15174,16,5715,14,295,834,10175,14,8470,3939,436,344,2239,362,4197,339,35,126664,23809,16765,270,3077,305,1990,23714,538,9479,21121,35977,2184,47270,34788,14,832,851,588,366,99782,1082,20351,14319,35977,16,983,65466,31811,1408,288,5671,1060,270,5221,3980,509,1750,3132,16,1162,4491,9353,1949,13058,305,850,104643,8281,14,4861,362,1606,18323,16,1,1,1,1,16,1,16,1,16,1,16,1,16,1,16,1,16,1,16,1,16,1,16,1,16,1,16,1,16,1,16,1,16,1,16,1,16,1,16,1,16,1,16,1,16,1,16,1,16,1,16,1,16,1,16,1,16,1,16,1,16,1,16,1,16,1,16,1,16,1,16,455,16,69582,6229,4775,4658,1876,5099,17120,16,3063,44673,3314,33861,3845,520,16,455,16,69582,6229,4775,4658,1876,5099,17120,16,3063,44673,3314,33861,3845,520,16,455,16,69582,6229,4775,4658,1876,5099,17120,16,3063,44673,3314,33861,3845,520,16,455,16,69582,6229,4775,4658,1876,5099,17120,16
0,65106,1205,260,126664,23809,344,295,47270,34788,14,295,1234,15174,16,5715,14,295,834,10175,14,8470,3939,436,344,2239,362,4197,339,35,126664,23809,16765,270,3077,305,1990,23714,538,9479,21121,35977,2184,47270,34788,14,832,851,588,366,99782,1082,20351,14319,35977,16,983,65466,31811,1408,288,5671,1060,270,5221,3980,509,1750,3132,16,1162,4491,9353,1949,13058,305,850,104643,8281,14,4861,362,1606,18323,16,1,1,1,1,16,1,16,1,16,1,16,1,16,1,16,1,16,1,16,1,16,1,16,1,16,1,16,1,16,1,16,1,16,1,16,1,16,1,16,1,16,1,16,1,16,1,16,1,16,1,16,1,16,1,16,1,16,1,16,1,16,1,16,1,16,1,16,1,16,1,16,455,16,69582,6229,4775,4658,1876,5099,17120,16,3063,44673,3314,33861,3845,520,16,455,16,69582,6229,4775,4658,1876,5099,17120,16,3063,44673,3314,33861,3845,520,16,455,16,69582,6229,4775,4658,1876,5099,17120,16,3063,44673,3314,33861,3845,520,16,455,16,69582,6229,4775,4658,1876,5099,17120,16
0,65106,1205,260,126664,23809,344,295,47270,34788,14,295,1234,15174,16,5715,14,295,834,10175,14,8470,3939,436,344,2239,362,4197,339,35,126664,23809,16765,270,3077,305,1990,23714,538,9479,21121,35977,2184,47270,34788,14,832,851,588,366,99782,1082,20351,14319,35977,16,983,65466,31811,1408,288,5671,1060,270,5221,3980,509,1750,3132,16,1162,4491,9353,1949,13058,305,850,104643,8281,14,4861,362,1606,18323,16,1,1,1,1,16,1,16,1,16,1,16,1,16,1,16,1,16,1,16,1,16,1,16,1,16,1,16,1,16,1,16,1,16,1,16,1,16,1,16,1,16,1,16,1,16,1,16,1,16,1,16,1,16,1,16,1,16,1,16,1,16,1,16,1,16,1,16,1,16,1,16,455,16,69582,6229,4775,4658,1876,5099,17120,16,3063,44673,3314,33861,3845,520,16,455,16,69582,6229,4775,4658,1876,5099,17120,16,3063,44673,3314,33861,3845,520,16,455,16,69582,6229,4775,4658,1876,5099,17120,16,3063,44673,3314,33861,3845,520,16,455,16,69582,6229,4775,4658,1876,5099,17120,16,3063,44673
0,65106,1205,260,126664,23809,344,295,47270,34788,14,295,1234,15174,16,5715,14,295,834,10175,14,8470,3939,436,344,2239,362,4197,339,35,126664,23809,16765,270,3077,305,1990,23714,538,9479,21121,35977,2184,47270,34788,14,832,851,588,366,99782,1082,20351,14319,35977,16,983,65466,31811,1408,288,5671,1060,270,5221,3980,509,1750,3132,16,1162,4491,9353,1949,13058,305,850,104643,8281,14,4861,362,1606,18323,16,1,1,1,1,16,1,16,1,16,1,16,1,16,1,16,1,16,1,16,1,16,1,16,1,16,1,16,1,16,1,16,1,16,1,16,1,16,1,16,1,16,1,16,1,16,1,16,1,16,1,16,1,16,1,16,1,16,1,16,1,16,1,16,1,16,1,16,1,16,1,16,455,16,69582,6229,4775,4658,1876,5099,17120,16,3063,44673,3314,33861,3845,520,16,455,16,69582,6229,4775,4658,1876,5099,17120,16,3063,44673,3314,33861,3845,520,16,455,16,69582,6229,4775,4658,1876,5099,17120,16,3063,44673,3314,33861,3845,520,16,455,16,69582,6229,4775,4658,1876,5099,17120,16,3063,44673
0,65106,1205,260,126664,23809,344,295,47270,34788,14,295,1234,15174,16,5715,14,295,834,10175,14,8470,3939,436,344,2239,362,4197,339,35,126664,23809,16765,270,3077,305,1990,23714,538,9479,21121,35977,2184,47270,34788,14,832,851,588,366,99782,1082,20351,14319,35977,16,983,65466,31811,1408,288,5671,1060,270,5221,3980,509,1750,3132,16,1162,4491,9353,1949,13058,305,850,104643,8281,14,4861,362,1606,18323,16,1,1,1,1,16,1,16,1,16,1,16,1,16,1,16,1,16,1,16,1,16,1,16,1,16,1,16,1,16,1,16,1,16,1,16,1,16,1,16,1,16,1,16,1,16,1,16,1,16,1,16,1,16,1,16,1,16,1,16,1,16,1,16,1,16,1,16,1,16,1,16,455,16,69582,6229,4775,4658,1876,5099,17120,16,3063,44673,3314,33861,3845,520,16,455,16,69582,6229,4775,4658,1876,5099,17120,16,3063,44673,3314,33861,3845,520,16,455,16,69582,6229,4775,4658,1876,5099,17120,16,3063,44673,3314,33861,3845,520,16,455,16,69582,6229,4775,4658,1876,5099,17120,16,3063,44673
0,65106,1205,260,126664,23809,344,295,47270,34788,14,295,1234,15174,16,5715,14,295,834,10175,14,8470,3939,436,344,2239,362,4197,339,35,126664,23809,16765,270,3077,305,1990,23714,538,9479,21121,35977,2184,47270,34788,14,832,851,588,366,99782,1082,20351,14319,35977,16,983,65466,31811,1408,288,5671,1060,270,5221,3980,509,1750,3132,16,1162,4491,9353,1949,13058,305,850,104643,8281,14,4861,362,1606,18323,16,1,1,1,1,16,1,16,1,16,1,16,1,16,1,16,1,16,1,16,1,16,1,16,1,16,1,16,1,16,1,16,1,16,1,16,1,16,1,16,1,16,1,16,1,16,1,16,1,16,1,16,1,16,1,16,1,16,1,16,1,16,1,16,1,16,1,16,1,16,1,16,455,16,69582,6229,4775,4658,1876,5099,17120,16,3063,44673,3314,33861,3845,520,16,455,16,69582,6229,4775,4658,1876,5099,17120,16,3063,44673,3314,33861,3845,520,16,455,16,69582,6229,4775,4658,1876,5099,17120,16,3063,44673,3314,33861,3845,520,16,455,16,69582,6229,4775,4658,1876,5099,17120,16,3063
0,65106,1205,260,126664,23809,344,295,47270,34788,14,295,1234,15174,16,5715,14,295,834,10175,14,8470,3939,436,344,2239,362,4197,339,35,126664,23809,16765,270,3077,305,1990,23714,538,9479,21121,35977,2184,47270,34788,14,832,851,588,366,99782,1082,20351,14319,35977,16,983,65466,31811,1408,288,5671,1060,270,5221,3980,509,1750,3132,16,1162,4491,9353,1949,13058,305,850,104643,8281,14,4861,362,1606,18323,16,1,1,1,1,16,1,16,1,16,1,16,1,16,1,16,1,16,1,16,1,16,1,16,1,16,1,16,1,16,1,16,1,16,1,16,1,16,1,16,1,16,1,16,1,16,1,16,1,16,1,16,1,16,1,16,1,16,1,16,1,16,1,16,1,16,1,16,1,16,1,16,455,16,69582,6229,4775,4658,1876,5099,17120,16,3063,44673,3314,33861,3845,520,16,455,16,69582,6229,4775,4658,1876,5099,17120,16,3063,44673,3314,33861,3845,520,16,455,16,69582,6229,4775,4658,1876,5099,17120,16,3063,44673,3314,33861,3845,520,16,455,16,69582,6229,4775,4658,1876,5099,17120,16,3063
0,65106,1205,260,126664,23809,344,295,47270,34788,14,295,1234,15174,16,5715,14,295,834,10175,14,8470,3939,436,344,2239,362,4197,339,35,126664,23809,16765,270,3077,305,1990,23714,538,9479,21121,35977,2184,47270,34788,14,832,851,588,366,99782,1082,20351,14319,35977,16,983,65466,31811,1408,288,5671,1060,270,5221,3980,509,1750,3132,16,1162,4491,9353,1949,13058,305,850,104643,8281,14,4861,362,1606,18323,16,1,1,1,1,16,1,16,1,16,1,16,1,16,1,16,1,16,1,16,1,16,1,16,1,16,1,16,1,16,1,16,1,16,1,16,1,16,1,16,1,16,1,16,1,16,1,16,1,16,1,16,1,16,1,16,1,16,1,16,1,16,1,16,1,16,1,16,1,16,1,16,455,16,69582,6229,4775,4658,1876,5099,17120,16,3063,44673,3314,33861,3845,520,16,455,16,69582,6229,4775,4658,1876,5099,17120,16,3063,44673,3314,33861,3845,520,16,455,16,69582,6229,4775,4658,1876,5099,17120,16,3063,44673,3314,33861,3845,520,16,455,16,69582,6229,4775,4658,1876,5099,17120,16,3063,44673
0,65106,1205,260,126664,23809,344,295,47270,34788,14,295,1234,15174,16,5715,14,295,834,10175,14,8470,3939,436,344,2239,362,4197,339,35,126664,23809,16765,270,3077,305,1990,23714,538,9479,21121,35977,2184,47270,34788,14,832,851,588,366,99782,1082,20351,14319,35977,16,983,65466,31811,1408,288,5671,1060,270,5221,3980,509,1750,3132,16,1162,4491,9353,1949,13058,305,850,104643,8281,14,4861,362,1606,18323,16,1,1,1,1,16,1,16,1,16,1,16,1,16,1,16,1,16,1,16,1,16,1,16,1,16,1,16,1,16,1,16,1,16,1,16,1,16,1,16,1,16,1,16,1,16,1,16,1,16,1,16,1,16,1,16,1,16,1,16,1,16,1,16,1,16,1,16,1,16,1,16,455,16,69582,6229,4775,4658,1876,5099,17120,16,3063,44673,3314,33861,3845,520,16,455,16,69582,6229,4775,4658,1876,5099,17120,16,3063,44673,3314,33861,3845,520,16,455,16,69582,6229,4775,4658,1876,5099,17120,16,3063,44673,3314,33861,3845,520,16,455,16,69582,6229,4775,4658,1876,5099,17120,16,3063,44673
0,65106,1205,260,126664,23809,344,295,47270,34788,14,295,1234,15174,16,5715,14,295,834,10175,14,8470,3939,436,344,2239,362,4197,339,35,126664,23809,16765,270,3077,305,1990,23714,538,9479,21121,35977,2184,47270,34788,14,832,851,588,366,99782,1082,20351,14319,35977,16,983,65466,31811,1408,288,5671,1060,270,5221,3980,509,1750,3132,16,1162,4491,9353,1949,13058,305,850,104643,8281,14,4861,362,1606,18323,16,1,1,1,1,16,1,16,1,16,1,16,1,16,1,16,1,16,1,16,1,16,1,16,1,16,1,16,1,16,1,16,1,16,1,16,1,16,1,16,1,16,1,16,1,16,1,16,1,16,1,16,1,16,1,16,1,16,1,16,1,16,1,16,1,16,1,16,1,16,1,16,455,16,69582,6229,4775,4658,1876,5099,17120,16,3063,44673,3314,33861,3845,520,16,455,16,69582,6229,4775,4658,1876,5099,17120,16,3063,44673,3314,33861,3845,520,16,455,16,69582,6229,4775,4658,1876,5099,17120,16,3063,44673,3314,33861,3845,520,16,455,16,69582,6229,4775,4658,1876,5099,17120,16,3063,44673
0,65106,1205,260,126664,23809,344,295,47270,34788,14,295,1234,15174,16,5715,14,295,834,10175,14,8470,3939,436,344,2239,362,4197,339,35,126664,23809,16765,270,3077,305,1990,23714,538,9479,21121,35977,2184,47270,34788,14,832,851,588,366,99782,1082,20351,14319,35977,16,983,65466,31811,1408,288,5671,1060,270,5221,3980,509,1750,3132,16,1162,4491,9353,1949,13058,305,850,104643,8281,14,4861,362,1606,18323,16,1,1,1,1,16,1,16,1,16,1,16,1,16,1,16,1,16,1,16,1,16,1,16,1,16,1,16,1,16,1,16,1,16,1,16,1,16,1,16,1,16,1,16,1,16,1,16,1,16,1,16,1,16,1,16,1,16,1,16,1,16,1,16,1,16,1,16,1,16,1,16,455,16,69582,6229,4775,4658,1876,5099,17120,16,3063,44673,3314,33861,3845,520,16,455,16,69582,6229,4775,4658,1876,5099,17120,16,3063,44673,3314,33861,3845,520,16,455,16,69582,6229,4775,4658,1876,5099,17120,16,3063,44673,3314,33861,3845,520,16,455,16,69582,6229,4775,4658,1876,5099,17120,16
0,65106,1205,260,126664,23809,344,295,47270,34788,14,295,1234,15174,16,5715,14,295,834,10175,14,8470,3939,436,344,2239,362,4197,339,35,126664,23809,16765,270,3077,305,1990,23714,538,9479,21121,35977,2184,47270,34788,14,832,851,588,366,99782,1082,20351,14319,35977,16,983,65466,31811,1408,288,5671,1060,270,5221,3980,509,1750,3132,16,1162,4491,9353,1949,13058,305,850,104643,8281,14,4861,362,1606,18323,16,1,1,1,1,16,1,16,1,16,1,16,1,16,1,16,1,16,1,16,1,16,1,16,1,16,1,16,1,16,1,16,1,16,1,16,1,16,1,16,1,16,1,16,1,16,1,16,1,16,1,16,1,16,1,16,1,16,1,16,1,16,1,16,1,16,1,16,1,16,1,16,455,16,69582,6229,4775,4658,1876,5099,17120,16,3063,44673,3314,33861,3845,520,16,455,16,69582,6229,4775,4658,1876,5099,17120,16,3063,44673,3314,33861,3845,520,16,455,16,69582,6229,4775,4658,1876,5099,17120,16,3063,44673,3314,33861,3845,520,16,455,16,69582,6229,4775,4658,1876,5099,17120,16
0,65106,1205,260,126664,23809,344,295,47270,34788,14,295,1234,15174,16,5715,14,295,834,10175,14,8470,3939,436,344,2239,362,4197,339,35,126664,23809,16765,270,3077,305,1990,23714,538,9479,21121,35977,2184,47270,34788,14,832,851,588,366,99782,1082,20351,14319,35977,16,983,65466,31811,1408,288,5671,1060,270,5221,3980,509,1750,3132,16,1162,4491,9353,1949,13058,305,850,104643,8281,14,4861,362,1606,18323,16,1,1,1,1,16,1,16,1,16,1,16,1,16,1,16,1,16,1,16,1,16,1,16,1,16,1,16,1,16,1,16,1,16,1,16,1,16,1,16,1,16,1,16,1,16,1,16,1,16,1,16,1,16,1,16,1,16,1,16,1,16,1,16,1,16,1,16,1,16,1,16,455,16,69582,6229,4775,4658,1876,5099,17120,16,3063,44673,3314,33861,3845,520,16,455,16,69582,6229,4775,4658,1876,5099,17120,16,3063,44673,3314,33861,3845,520,16,455,16,69582,6229,4775,4658,1876,5099,17120,16,3063,44673,3314,33861,3845,520,16,455,16,69582,6229,4775,4658,1876,5099
0,65106,1205,260,126664,23809,344,295,47270,34788,14,295,1234,15174,16,5715,14,295,834,10175,14,8470,3939,436,344,2239,362,4197,339,35,126664,23809,16765,270,3077,305,1990,23714,538,9479,21121,35977,2184,47270,34788,14,832,851,588,366,99782,1082,20351,14319,35977,16,983,65466,31811,1408,288,5671,1060,270,5221,3980,509,1750,3132,16,1162,4491,9353,1949,13058,305,850,104643,8281,14,4861,362,1606,18323,16,1,1,1,1,16,1,16,1,16,1,16,1,16,1,16,1,16,1,16,1,16,1,16,1,16,1,16,1,16,1,16,1,16,1,16,1,16,1,16,1,16,1,16,1,16,1,16,1,16,1,16,1,16,1,16,1,16,1,16,1,16,1,16,1,16,1,16,1,16,1,16,455,16,69582,6229,4775,4658,1876,5099,17120,16,3063,44673,3314,33861,3845,520,16,455,16,69582,6229,4775,4658,1876,5099,17120,16,3063,44673,3314,33861,3845,520,16,455,16,69582,6229,4775,4658,1876,5099,17120,16,3063,44673,3314,33861,3845,520,16,455,16,69582,6229,4775,4658,1876,5099,17120,16,3063
0,24313,329,3362,582,9938,34958,65,6455,1760,582,29718,3362,582,9938,82437,1760,49417,29295,3362,582,52972,302,1760,582,52972,302,3362,582,671,15020,4181,362,2775,14817,14922,344,223,25,22765,7975,55,15,3180,66910,582,72,15545,18598,559,2760,3362,223,5126,14,582,20072,3362,582,3085,344,270,15020,4181,362,2775,14817,14922,33,9361,418,1438,270,4181,66910,582,9047,3682,58878,3362,223,1173,95,1,50,201,671,15020,4181,362,2775,14817,14922,344,223,25,22765,7975,55,15,3180,16,1,50,201,671,15020,4181,362,2775,14817,14922,344,223,25,22765,7975,55,15,3180,16,1,50,201,671,15020,4181,362,2775,14817,14922,344,223,25,22765,7975,55,15,3180,16,9419,287,50,201,671,15020,4181,362,2775,14817,14922,344,223,25,22765,7975,55,15,3180,16,9419,287,50,201,671,15020,4181,362,2775,14817,14922,344,223,25,22765,7975,55,15,3180,16,9419,287,50,201,671,15020,4181,362,2775,14817,14922,344,223,25,22765,7975,55,15,3180,16,9419,287,50,201,671,15020,4181,362,2775,14817,14922,344,223,25,22765,7975,55,15,3180,16,9419,287,50,201,671,15020,4181,362,2775,14817,14922,344,223,25,22765,7975,55,15,3180,16,9419,287,50,201,671,15020,4181,362,2775,14817,14922,344,223,25,22765,7975,55,15,3180,16,9419,287,50,201,671,15020,4181,362,2775,14817,14922,344,223,25,22765,7975,55,15,3180,16,9419,287,50,201,671
0,24313,329,3362,582,9938,34958,65,6455,1760,582,29718,3362,582,9938,82437,1760,49417,29295,3362,582,52972,302,1760,582,52972,302,3362,582,671,15020,4181,362,2775,14817,14922,344,223,25,22765,7975,55,15,3180,66910,582,72,15545,18598,559,2760,3362,223,5126,14,582,20072,3362,582,3085,344,270,15020,4181,362,2775,14817,14922,33,9361,418,1438,270,4181,66910,582,9047,3682,58878,3362,223,1173,95,1,50,201,671,15020,4181,362,2775,14817,14922,344,223,25,22765,7975,55,15,3180,16,1,50,201,671,15020,4181,362,2775,14817,14922,344,223,25,22765,7975,55,15,3180,16,1,50,201,671,15020,4181,362,2775,14817,14922,344,223,25,22765,7975,55,15,3180,16,9419,287,50,201,671,15020,4181,362,2775,14817,14922,344,223,25,22765,7975,55,15,3180,16,9419,287,50,201,671,15020,4181,362,2775,14817,14922,344,223,25,22765,7975,55,15,3180,16,9419,287,50,201,671,15020,4181,362,2775,14817,14922,344,223,25,22765,7975,55,15,3180,16,9419,287,50,201,671,15020,4181,362,2775,14817,14922,344,223,25,22765,7975,55,15,3180,16,9419,287,50,201,671,15020,4181,362,2775,14817,14922,344,223,25,22765,7975,55,15,3180,16,9419,287,50,201,671,15020,4181,362,2775,14817,14922,344,223,25,22765,7975,55,15,3180,16,9419,287,50,201,671,15020,4181,362,2775,14817,14922,344,223,25,22765,7975,55,15,3180,16,9419,287,50,201,671,15020,4181
0,24313,329,3362,582,9938,34958,65,6455,1760,582,29718,3362,582,9938,82437,1760,49417,29295,3362,582,52972,302,1760,582,52972,302,3362,582,671,15020,4181,362,2775,14817,14922,344,223,25,22765,7975,55,15,3180,66910,582,72,15545,18598,559,2760,3362,223,5126,14,582,20072,3362,582,3085,344,270,15020,4181,362,2775,14817,14922,33,9361,418,1438,270,4181,66910,582,9047,3682,58878,3362,223,1173,95,1,50,201,671,15020,4181,362,2775,14817,14922,344,223,25,22765,7975,55,15,3180,16,1,50,201,671,15020,4181,362,2775,14817,14922,344,223,25,22765,7975,55,15,3180,16,1,50,201,671,15020,4181,362,2775,14817,14922,344,223,25,22765,7975,55,15,3180,16,9419,287,50,201,671,15020,4181,362,2775,14817,14922,344,223,25,22765,7975,55,15,3180,16,9419,287,50,201,671,15020,4181,362,2775,14817,14922,344,223,25,22765,7975,55,15,3180,16,9419,287,50,201,671,15020,4181,362,2775,14817,14922,344,223,25,22765,7975,55,15,3180,16,9419,287,50,201,671,15020,4181,362,2775,14817,14922,344,223,25,22765,7975,55,15,3180,16,9419,287,50,201,671,15020,4181,362,2775,14817,14922,344,223,25,22765,7975,55,15,3180,16,9419,287,50,201,671,15020,4181,362,2775,14817,14922,344,223,25,22765,7975,55,15,3180,16,9419,287,50,201,671,15020,4181,362,2775,14817,14922,344,223,25,22765,7975,55,15,3180,16,9419,287,50,201
0,24313,329,3362,582,9938,34958,65,6455,1760,582,29718,3362,582,9938,82437,1760,49417,29295,3362,582,52972,302,1760,582,52972,302,3362,582,671,15020,4181,362,2775,14817,14922,344,223,25,22765,7975,55,15,3180,66910,582,72,15545,18598,559,2760,3362,223,5126,14,582,20072,3362,582,3085,344,270,15020,4181,362,2775,14817,14922,33,9361,418,1438,270,4181,66910,582,9047,3682,58878,3362,223,1173,95,1,50,201,671,15020,4181,362,2775,14817,14922,344,223,25,22765,7975,55,15,3180,16,1,50,201,671,15020,4181,362,2775,14817,14922,344,223,25,22765,7975,55,15,3180,16,1,50,201,671,15020,4181,362,2775,14817,14922,344,223,25,22765,7975,55,15,3180,16,9419,287,50,201,671,15020,4181,362,2775,14817,14922,344,223,25,22765,7975,55,15,3180,16,9419,287,50,201,671,15020,4181,362,2775,14817,14922,344,223,25,22765,7975,55,15,3180,16,9419,287,50,201,671,15020,4181,362,2775,14817,14922,344,223,25,22765,7975,55,15,3180,16,9419,287,50,201,671,15020,4181,362,2775,14817,14922,344,223,25,22765,7975,55,15,3180,16,9419,287,50,201,671,15020,4181,362,2775,14817,14922,344,223,25,22765,7975,55,15,3180,16,9419,287,50,201,671,15020,4181,362,2775,14817,14922,344,223,25,22765,7975,55,15,3180,16,9419,287,50,201,671,15020,4181,362,2775,14817,14922,344,223,25,22765,7975,55,15,3180,16,9419,287,50,201,671,15020
0,24313,329,3362,582,9938,34958,65,6455,1760,582,29718,3362,582,9938,82437,1760,49417,29295,3362,582,52972,302,1760,582,52972,302,3362,582,671,15020,4181,362,2775,14817,14922,344,223,25,22765,7975,55,15,3180,66910,582,72,15545,18598,559,2760,3362,223,5126,14,582,20072,3362,582,3085,344,270,15020,4181,362,2775,14817,14922,33,9361,418,1438,270,4181,66910,582,9047,3682,58878,3362,223,1173,95,1,50,201,671,15020,4181,362,2775,14817,14922,344,223,25,22765,7975,55,15,3180,16,1,50,201,671,15020,4181,362,2775,14817,14922,344,223,25,22765,7975,55,15,3180,16,1,50,201,671,15020,4181,362,2775,14817,14922,344,223,25,22765,7975,55,15,3180,16,9419,287,50,201,671,15020,4181,362,2775,14817,14922,344,223,25,22765,7975,55,15,3180,16,9419,287,50,201,671,15020,4181,362,2775,14817,14922,344,223,25,22765,7975,55,15,3180,16,9419,287,50,201,671,15020,4181,362,2775,14817,14922,344,223,25,22765,7975,55,15,3180,16,9419,287,50,201,671,15020,4181,362,2775,14817,14922,344,223,25,22765,7975,55,15,3180,16,9419,287,50,201,671,15020,4181,362,2775,14817,14922,344,223,25,22765,7975,55,15,3180,16,9419,287,50,201,671,15020,4181,362,2775,14817,14922,344,223,25,22765,7975,55,15,3180,16,9419,287,50,201,671,15020,4181,362,2775,14817,14922,344,223,25,22765,7975,55,15,3180,16,9419,287,50,201,671,15020
0,24313,329,3362,582,9938,34958,65,6455,1760,582,29718,3362,582,9938,82437,1760,49417,29295,3362,582,52972,302,1760,582,52972,302,3362,582,671,15020,4181,362,2775,14817,14922,344,223,25,22765,7975,55,15,3180,66910,582,72,15545,18598,559,2760,3362,223,5126,14,582,20072,3362,582,3085,344,270,15020,4181,362,2775,14817,14922,33,9361,418,1438,270,4181,66910,582,9047,3682,58878,3362,223,1173,95,1,50,201,671,15020,4181,362,2775,14817,14922,344,223,25,22765,7975,55,15,3180,16,1,50,201,671,15020,4181,362,2775,14817,14922,344,223,25,22765,7975,55,15,3180,16,1,50,201,671,15020,4181,362,2775,14817,14922,344,223,25,22765,7975,55,15,3180,16,9419,287,50,201,671,15020,4181,362,2775,14817,14922,344,223,25,22765,7975,55,15,3180,16,9419,287,50,201,671,15020,4181,362,2775,14817,14922,344,223,25,22765,7975,55,15,3180,16,9419,287,50,201,671,15020,4181,362,2775,14817,14922,344,223,25,22765,7975,55,15,3180,16,9419,287,50,201,671,15020,4181,362,2775,14817,14922,344,223,25,22765,7975,55,15,3180,16,9419,287,50,201,671,15020,4181,362,2775,14817,14922,344,223,25,22765,7975,55,15,3180,16,9419,287,50,201,671,15020,4181,362,2775,14817,14922,344,223,25,22765,7975,55,15,3180,16,9419,287,50,201,671,15020,4181,362,2775,14817,14922,344,223,25,22765,7975,55,15,3180,16,9419,287,50,201,671,15020
0,24313,329,3362,582,9938,34958,65,6455,1760,582,29718,3362,582,9938,82437,1760,49417,29295,3362,582,52972,302,1760,582,52972,302,3362,582,671,15020,4181,362,2775,14817,14922,344,223,25,22765,7975,55,15,3180,66910,582,72,15545,18598,559,2760,3362,223,5126,14,582,20072,3362,582,3085,344,270,15020,4181,362,2775,14817,14922,33,9361,418,1438,270,4181,66910,582,9047,3682,58878,3362,223,1173,95,1,50,201,671,15020,4181,362,2775,14817,14922,344,223,25,22765,7975,55,15,3180,16,1,50,201,671,15020,4181,362,2775,14817,14922,344,223,25,22765,7975,55,15,3180,16,1,50,201,671,15020,4181,362,2775,14817,14922,344,223,25,22765,7975,55,15,3180,16,9419,287,50,201,671,15020,4181,362,2775,14817,14922,344,223,25,22765,7975,55,15,3180,16,9419,287,50,201,671,15020,4181,362,2775,14817,14922,344,223,25,22765,7975,55,15,3180,16,9419,287,50,201,671,15020,4181,362,2775,14817,14922,344,223,25,22765,7975,55,15,3180,16,9419,287,50,201,671,15020,4181,362,2775,14817,14922,344,223,25,22765,7975,55,15,3180,16,9419,287,50,201,671,15020,4181,362,2775,14817,14922,344,223,25,22765,7975,55,15,3180,16,9419,287,50,201,671,15020,4181,362,2775,14817,14922,344,223,25,22765,7975,55,15,3180,16,9419,287,50,201,671,15020,4181,362,2775,14817,14922,344,223,25,22765,7975,55,15,3180,16,9419,287,50,201,671,15020
0,24313,329,3362,582,9938,34958,65,6455,1760,582,29718,3362,582,9938,82437,1760,49417,29295,3362,582,52972,302,1760,582,52972,302,3362,582,671,15020,4181,362,2775,14817,14922,344,223,25,22765,7975,55,15,3180,66910,582,72,15545,18598,559,2760,3362,223,5126,14,582,20072,3362,582,3085,344,270,15020,4181,362,2775,14817,14922,33,9361,418,1438,270,4181,66910,582,9047,3682,58878,3362,223,1173,95,1,50,201,671,15020,4181,362,2775,14817,14922,344,223,25,22765,7975,55,15,3180,16,1,50,201,671,15020,4181,362,2775,14817,14922,344,223,25,22765,7975,55,15,3180,16,1,50,201,671,15020,4181,362,2775,14817,14922,344,223,25,22765,7975,55,15,3180,16,9419,287,50,201,671,15020,4181,362,2775,14817,14922,344,223,25,22765,7975,55,15,3180,16,9419,287,50,201,671,15020,4181,362,2775,14817,14922,344,223,25,22765,7975,55,15,3180,16,9419,287,50,201,671,15020,4181,362,2775,14817,14922,344,223,25,22765,7975,55,15,3180,16,9419,287,50,201,671,15020,4181,362,2775,14817,14922,344,223,25,22765,7975,55,15,3180,16,9419,287,50,201,671,15020,4181,362,2775,14817,14922,344,223,25,22765,7975,55,15,3180,16,9419,287,50,201,671,15020,4181,362,2775,14817,14922,344,223,25,22765,7975,55,15,3180,16,9419,287,50,201,671,15020,4181,362,2775,14817,14922,344,223,25,22765,7975,55,15,3180,16,9419,287,50,201,671,15020,4181
0,24313,329,3362,582,9938,34958,65,6455,1760,582,29718,3362,582,9938,82437,1760,49417,29295,3362,582,52972,302,1760,582,52972,302,3362,582,671,15020,4181,362,2775,14817,14922,344,223,25,22765,7975,55,15,3180,66910,582,72,15545,18598,559,2760,3362,223,5126,14,582,20072,3362,582,3085,344,270,15020,4181,362,2775,14817,14922,33,9361,418,1438,270,4181,66910,582,9047,3682,58878,3362,223,1173,95,1,50,201,671,15020,4181,362,2775,14817,14922,344,223,25,22765,7975,55,15,3180,16,1,50,201,671,15020,4181,362,2775,14817,14922,344,223,25,22765,7975,55,15,3180,16,1,50,201,671,15020,4181,362,2775,14817,14922,344,223,25,22765,7975,55,15,3180,16,9419,287,50,201,671,15020,4181,362,2775,14817,14922,344,223,25,22765,7975,55,15,3180,16,9419,287,50,201,671,15020,4181,362,2775,14817,14922,344,223,25,22765,7975,55,15,3180,16,9419,287,50,201,671,15020,4181,362,2775,14817,14922,344,223,25,22765,7975,55,15,3180,16,9419,287,50,201,671,15020,4181,362,2775,14817,14922,344,223,25,22765,7975,55,15,3180,16,9419,287,50,201,671,15020,4181,362,2775,14817,14922,344,223,25,22765,7975,55,15,3180,16,9419,287,50,201,671,15020,4181,362,2775,14817,14922,344,223,25,22765,7975,55,15,3180,16,9419,287,50,201,671,15020,4181,362,2775,14817,14922,344,223,25,22765,7975,55,15,3180,16,9419,287,50,201,671,15020,4181
0,24313,329,3362,582,9938,34958,65,6455,1760,582,29718,3362,582,9938,82437,1760,49417,29295,3362,582,52972,302,1760,582,52972,302,3362,582,671,15020,4181,362,2775,14817,14922,344,223,25,22765,7975,55,15,3180,66910,582,72,15545,18598,559,2760,3362,223,5126,14,582,20072,3362,582,3085,344,270,15020,4181,362,2775,14817,14922,33,9361,418,1438,270,4181,66910,582,9047,3682,58878,3362,223,1173,95,1,50,201,671,15020,4181,362,2775,14817,14922,344,223,25,22765,7975,55,15,3180,16,1,50,201,671,15020,4181,362,2775,14817,14922,344,223,25,22765,7975,55,15,3180,16,1,50,201,671,15020,4181,362,2775,14817,14922,344,223,25,22765,7975,55,15,3180,16,9419,287,50,201,671,15020,4181,362,2775,14817,14922,344,223,25,22765,7975,55,15,3180,16,9419,287,50,201,671,15020,4181,362,2775,14817,14922,344,223,25,22765,7975,55,15,3180,16,9419,287,50,201,671,15020,4181,362,2775,14817,14922,344,223,25,22765,7975,55,15,3180,16,9419,287,50,201,671,15020,4181,362,2775,14817,14922,344,223,25,22765,7975,55,15,3180,16,9419,287,50,201,671,15020,4181,362,2775,14817,14922,344,223,25,22765,7975,55,15,3180,16,9419,287,50,201,671,15020,4181,362,2775,14817,14922,344,223,25,22765,7975,55,15,3180,16,9419,287,50,201,671,15020,4181,362,2775,14817,14922,344,223,25,22765,7975,55,15,3180,16,9419,287,50,201,671,15020
0,24313,329,3362,582,9938,34958,65,6455,1760,582,29718,3362,582,9938,82437,1760,49417,29295,3362,582,52972,302,1760,582,52972,302,3362,582,671,15020,4181,362,2775,14817,14922,344,223,25,22765,7975,55,15,3180,66910,582,72,15545,18598,559,2760,3362,223,5126,14,582,20072,3362,582,3085,344,270,15020,4181,362,2775,14817,14922,33,9361,418,1438,270,4181,66910,582,9047,3682,58878,3362,223,1173,95,1,50,201,671,15020,4181,362,2775,14817,14922,344,223,25,22765,7975,55,15,3180,16,1,50,201,671,15020,4181,362,2775,14817,14922,344,223,25,22765,7975,55,15,3180,16,1,50,201,671,15020,4181,362,2775,14817,14922,344,223,25,22765,7975,55,15,3180,16,9419,287,50,201,671,15020,4181,362,2775,14817,14922,344,223,25,22765,7975,55,15,3180,16,9419,287,50,201,671,15020,4181,362,2775,14817,14922,344,223,25,22765,7975,55,15,3180,16,9419,287,50,201,671,15020,4181,362,2775,14817,14922,344,223,25,22765,7975,55,15,3180,16,9419,287,50,201,671,15020,4181,362,2775,14817,14922,344,223,25,22765,7975,55,15,3180,16,9419,287,50,201,671,15020,4181,362,2775,14817,14922,344,223,25,22765,7975,55,15,3180,16,9419,287,50,201,671,15020,4181,362,2775,14817,14922,344,223,25,22765,7975,55,15,3180,16,9419,287,50,201,671,15020,4181,362,2775,14817,14922,344,223,25,22765,7975,55,15,3180,16,9419,287,50,201,671,15020
0,24313,329,3362,582,9938,34958,65,6455,1760,582,29718,3362,582,9938,82437,1760,49417,29295,3362,582,52972,302,1760,582,52972,302,3362,582,671,15020,4181,362,2775,14817,14922,344,223,25,22765,7975,55,15,3180,66910,582,72,15545,18598,559,2760,3362,223,5126,14,582,20072,3362,582,3085,344,270,15020,4181,362,2775,14817,14922,33,9361,418,1438,270,4181,66910,582,9047,3682,58878,3362,223,1173,95,1,50,201,671,15020,4181,362,2775,14817,14922,344,223,25,22765,7975,55,15,3180,16,1,50,201,671,15020,4181,362,2775,14817,14922,344,223,25,22765,7975,55,15,3180,16,1,50,201,671,15020,4181,362,2775,14817,14922,344,223,25,22765,7975,55,15,3180,16,9419,287,50,201,671,15020,4181,362,2775,14817,14922,344,223,25,22765,7975,55,15,3180,16,9419,287,50,201,671,15020,4181,362,2775,14817,14922,344,223,25,22765,7975,55,15,3180,16,9419,287,50,201,671,15020,4181,362,2775,14817,14922,344,223,25,22765,7975,55,15,3180,16,9419,287,50,201,671,15020,4181,362,2775,14817,14922,344,223,25,22765,7975,55,15,3180,16,9419,287,50,201,671,15020,4181,362,2775,14817,14922,344,223,25,22765,7975,55,15,3180,16,9419,287,50,201,671,15020,4181,362,2775,14817,14922,344,223,25,22765,7975,55,15,3180,16,9419,287,50,201,671,15020,4181,362,2775,14817,14922,344,223,25,22765,7975,55,15,3180,16,9419,287,50,201,671,15020
0,24313,329,3362,582,9938,34958,65,6455,1760,582,29718,3362,582,9938,82437,1760,49417,29295,3362,582,52972,302,1760,582,52972,302,3362,582,671,15020,4181,362,2775,14817,14922,344,223,25,22765,7975,55,15,3180,66910,582,72,15545,18598,559,2760,3362,223,5126,14,582,20072,3362,582,3085,344,270,15020,4181,362,2775,14817,14922,33,9361,418,1438,270,4181,66910,582,9047,3682,58878,3362,223,1173,95,1,50,201,671,15020,4181,362,2775,14817,14922,344,223,25,22765,7975,55,15,3180,16,1,50,201,671,15020,4181,362,2775,14817,14922,344,223,25,22765,7975,55,15,3180,16,1,50,201,671,15020,4181,362,2775,14817,14922,344,223,25,22765,7975,55,15,3180,16,9419,287,50,201,671,15020,4181,362,2775,14817,14922,344,223,25,22765,7975,55,15,3180,16,9419,287,50,201,671,15020,4181,362,2775,14817,14922,344,223,25,22765,7975,55,15,3180,16,9419,287,50,201,671,15020,4181,362,2775,14817,14922,344,223,25,22765,7975,55,15,3180,16,9419,287,50,201,671,15020,4181,362,2775,14817,14922,344,223,25,22765,7975,55,15,3180,16,9419,287,50,201,671,15020,4181,362,2775,14817,14922,344,223,25,22765,7975,55,15,3180,16,9419,287,50,201,671,15020,4181,362,2775,14817,14922,344,223,25,22765,7975,55,15,3180,16,9419,287,50,201,671,15020,4181,362,2775,14817,14922,344,223,25,22765,7975,55,15,3180,16,9419,287,50,201,671,15020
0,24313,329,3362,582,9938,34958,65,6455,1760,582,29718,3362,582,9938,82437,1760,49417,29295,3362,582,52972,302,1760,582,52972,302,3362,582,671,15020,4181,362,2775,14817,14922,344,223,25,22765,7975,55,15,3180,66910,582,72,15545,18598,559,2760,3362,223,5126,14,582,20072,3362,582,3085,344,270,15020,4181,362,2775,14817,14922,33,9361,418,1438,270,4181,66910,582,9047,3682,58878,3362,223,1173,95,1,50,201,671,15020,4181,362,2775,14817,14922,344,223,25,22765,7975,55,15,3180,16,1,50,201,671,15020,4181,362,2775,14817,14922,344,223,25,22765,7975,55,15,3180,16,1,50,201,671,15020,4181,362,2775,14817,14922,344,223,25,22765,7975,55,15,3180,16,9419,287,50,201,671,15020,4181,362,2775,14817,14922,344,223,25,22765,7975,55,15,3180,16,9419,287,50,201,671,15020,4181,362,2775,14817,14922,344,223,25,22765,7975,55,15,3180,16,9419,287,50,201,671,15020,4181,362,2775,14817,14922,344,223,25,22765,7975,55,15,3180,16,9419,287,50,201,671,15020,4181,362,2775,14817,14922,344,223,25,22765,7975,55,15,3180,16,9419,287,50,201,671,15020,4181,362,2775,14817,14922,344,223,25,22765,7975,55,15,3180,16,9419,287,50,201,671,15020,4181,362,2775,14817,14922,344,223,25,22765,7975,55,15,3180,16,9419,287,50,201,671,15020,4181,362,2775,14817,14922,344,223,25,22765,7975,55,15,3180,16,9419,287,50,201
0,24313,329,3362,582,9938,34958,65,6455,1760,582,29718,3362,582,9938,82437,1760,49417,29295,3362,582,52972,302,1760,582,52972,302,3362,582,671,15020,4181,362,2775,14817,14922,344,223,25,22765,7975,55,15,3180,66910,582,72,15545,18598,559,2760,3362,223,5126,14,582,20072,3362,582,3085,344,270,15020,4181,362,2775,14817,14922,33,9361,418,1438,270,4181,66910,582,9047,3682,58878,3362,223,1173,95,1,50,201,671,15020,4181,362,2775,14817,14922,344,223,25,22765,7975,55,15,3180,16,1,50,201,671,15020,4181,362,2775,14817,14922,344,223,25,22765,7975,55,15,3180,16,1,50,201,671,15020,4181,362,2775,14817,14922,344,223,25,22765,7975,55,15,3180,16,9419,287,50,201,671,15020,4181,362,2775,14817,14922,344,223,25,22765,7975,55,15,3180,16,9419,287,50,201,671,15020,4181,362,2775,14817,14922,344,223,25,22765,7975,55,15,3180,16,9419,287,50,201,671,15020,4181,362,2775,14817,14922,344,223,25,22765,7975,55,15,3180,16,9419,287,50,201,671,15020,4181,362,2775,14817,14922,344,223,25,22765,7975,55,15,3180,16,9419,287,50,201,671,15020,4181,362,2775,14817,14922,344,223,25,22765,7975,55,15,3180,16,9419,287,50,201,671,15020,4181,362,2775,14817,14922,344,223,25,22765,7975,55,15,3180,16,9419,287,50,201,671,15020,4181,362,2775,14817,14922,344,223,25,22765,7975,55,15,3180,16,9419,287,50,201,671,15020,4181
0,24313,329,3362,582,9938,34958,65,6455,1760,582,29718,3362,582,9938,82437,1760,49417,29295,3362,582,52972,302,1760,582,52972,302,3362,582,671,15020,4181,362,2775,14817,14922,344,223,25,22765,7975,55,15,3180,66910,582,72,15545,18598,559,2760,3362,223,5126,14,582,20072,3362,582,3085,344,270,15020,4181,362,2775,14817,14922,33,9361,418,1438,270,4181,66910,582,9047,3682,58878,3362,223,1173,95,1,50,201,671,15020,4181,362,2775,14817,14922,344,223,25,22765,7975,55,15,3180,16,1,50,201,671,15020,4181,362,2775,14817,14922,344,223,25,22765,7975,55,15,3180,16,1,50,201,671,15020,4181,362,2775,14817,14922,344,223,25,22765,7975,55,15,3180,16,9419,287,50,201,671,15020,4181,362,2775,14817,14922,344,223,25,22765,7975,55,15,3180,16,9419,287,50,201,671,15020,4181,362,2775,14817,14922,344,223,25,22765,7975,55,15,3180,16,9419,287,50,201,671,15020,4181,362,2775,14817,14922,344,223,25,22765,7975,55,15,3180,16,9419,287,50,201,671,15020,4181,362,2775,14817,14922,344,223,25,22765,7975,55,15,3180,16,9419,287,50,201,671,15020,4181,362,2775,14817,14922,344,223,25,22765,7975,55,15,3180,16,9419,287,50,201,671,15020,4181,362,2775,14817,14922,344,223,25,22765,7975,55,15,3180,16,9419,287,50,201,671,15020,4181,362,2775,14817,14922,344,223,25,22765,7975,55,15,3180,16,9419,287,50,201,671
0,19462,678,260,17515,126463,2511,418,834,93952,9517,3252,905,9860,11892,1,16,1,16,1,16,1,16,1,16,1,16,1,16,1,16,403,31310,16,403,31310,16,403,31310,16,403,31310,16,403,31310,16,403,31310,16,403,31310,16,403,31310,16,403,31310,16,403,31310,16,403,31310,16,403,31310,16,403,31310,16,403,31310,16,403,31310,16,403,31310,16,403,31310,16,403,31310,16,403,31310,16,403,31310,16,403,31310,16,403,31310,16,403,31310,16,403,31310,16,403,31310,16,403,31310,16,403,31310,16,403,31310,16,403,31310,16,403,31310,16,403,31310,16,403,31310,16,403,31310,16,403,31310,16,403,31310,16,403,31310,16,403,31310,16,403,31310,16,403,31310,16,403,31310,16,403,31310,16,403,31310,16,403,31310,16,403,31310,16,403,31310,16,403,31310,16,403,31310,16,403,31310,16,403,31310,16,403,31310,16,403,31310,16,403,31310,16,403,31310,16,403,31310,16,403,31310,16,403,31310,16,403,31310,16,403,31310,16,403,31310,16,403,31310,16,403,31310,16,403,31310,16
0,19462,678,260,17515,126463,2511,418,834,93952,9517,3252,905,9860,11892,1,16,1,16,1,16,1,16,1,16,1,16,1,16,1,16,403,31310,16,403,31310,16,403,31310,16,403,31310,16,403,31310,16,403,31310,16,403,31310,16,403,31310,16,403,31310,16,403,31310,16,403,31310,16,403,31310,16,403,31310,16,403,31310,16,403,31310,16,403,31310,16,403,31310,16,403,31310,16,403,31310,16,403,31310,16,403,31310,16,403,31310,16,403,31310,16,403,31310,16,403,31310,16,403,31310,16,403,31310,16,403,31310,16,403,31310,16,403,31310,16,403,31310,16,403,31310,16,403,31310,16,403,31310,16,403,31310,16,403,31310,16,403,31310,16,403,31310,16,403,31310,16,403,31310,16,403,31310,16,403,31310,16,403,31310,16,403,31310,16,403,31310,16,403,31310,16,403,31310,16,403,31310,16,403,31310,16,403,31310,16,403,31310,16,403,31310,16,403,31310,16,403,31310,16,403,31310,16,403,31310,16,403,31310,16,403,31310,16,403,31310,16,403,31310,16,403,31310,16,403,31310,16,403
0,19462,678,260,17515,126463,2511,418,834,93952,9517,3252,905,9860,11892,1,16,1,16,1,16,1,16,1,16,1,16,1,16,1,16,403,31310,16,403,31310,16,403,31310,16,403,31310,16,403,31310,16,403,31310,16,403,31310,16,403,31310,16,403,31310,16,403,31310,16,403,31310,16,403,31310,16,403,31310,16,403,31310,16,403,31310,16,403,31310,16,403,31310,16,403,31310,16,403,31310,16,403,31310,16,403,31310,16,403,31310,16,403,31310,16,403,31310,16,403,31310,16,403,31310,16,403,31310,16,403,31310,16,403,31310,16,403,31310,16,403,31310,16,403,31310,16,403,31310,16,403,31310,16,403,31310,16,403,31310,16,403,31310,16,403,31310,16,403,31310,16,403,31310,16,403,31310,16,403,31310,16,403,31310,16,403,31310,16,403,31310,16,403,31310,16,403,31310,16,403,31310,16,403,31310,16,403,31310,16,403,31310,16,403,31310,16,403,31310,16,403,31310,16,403,31310,16,403,31310,16,403,31310,16,403,31310,16,403,31310,16,403,31310,16,403,31310,16,403,31310
0,19462,678,260,17515,126463,2511,418,834,93952,9517,3252,905,9860,11892,1,16,1,16,1,16,1,16,1,16,1,16,1,16,1,16,403,31310,16,403,31310,16,403,31310,16,403,31310,16,403,31310,16,403,31310,16,403,31310,16,403,31310,16,403,31310,16,403,31310,16,403,31310,16,403,31310,16,403,31310,16,403,31310,16,403,31310,16,403,31310,16,403,31310,16,403,31310,16,403,31310,16,403,31310,16,403,31310,16,403,31310,16,403,31310,16,403,31310,16,403,31310,16,403,31310,16,403,31310,16,403,31310,16,403,31310,16,403,31310,16,403,31310,16,403,31310,16,403,31310,16,403,31310,16,403,31310,16,403,31310,16,403,31310,16,403,31310,16,403,31310,16,403,31310,16,403,31310,16,403,31310,16,403,31310,16,403,31310,16,403,31310,16,403,31310,16,403,31310,16,403,31310,16,403,31310,16,403,31310,16,403,31310,16,403,31310,16,403,31310,16,403,31310,16,403,31310,16,403,31310,16,403,31310,16,403,31310,16,403,31310,16,403,31310,16,403,31310,16,403,31310,16,403,31310,16,403
0,19462,678,260,17515,126463,2511,418,834,93952,9517,3252,905,9860,11892,1,16,1,16,1,16,1,16,1,16,1,16,1,16,1,16,403,31310,16,403,31310,16,403,31310,16,403,31310,16,403,31310,16,403,31310,16,403,31310,16,403,31310,16,403,31310,16,403,31310,16,403,31310,16,403,31310,16,403,31310,16,403,31310,16,403,31310,16,403,31310,16,403,31310,16,403,31310,16,403,31310,16,403,31310,16,403,31310,16,403,31310,16,403,31310,16,403,31310,16,403,31310,16,403,31310,16,403,31310,16,403,31310,16,403,31310,16,403,31310,16,403,31310,16,403,31310,16,403,31310,16,403,31310,16,403,31310,16,403,31310,16,403,31310,16,403,31310,16,403,31310,16,403,31310,16,403,31310,16,403,31310,16,403,31310,16,403,31310,16,403,31310,16,403,31310,16,403,31310,16,403,31310,16,403,31310,16,403,31310,16,403,31310,16,403,31310,16,403,31310,16,403,31310,16,403,31310,16,403,31310,16,403,31310,16,403,31310,16,403,31310,16,403,31310,16,403,31310,16,403,31310,16,403,31310
0,19462,678,260,17515,126463,2511,418,834,93952,9517,3252,905,9860,11892,1,16,1,16,1,16,1,16,1,16,1,16,1,16,1,16,403,31310,16,403,31310,16,403,31310,16,403,31310,16,403,31310,16,403,31310,16,403,31310,16,403,31310,16,403,31310,16,403,31310,16,403,31310,16,403,31310,16,403,31310,16,403,31310,16,403,31310,16,403,31310,16,403,31310,16,403,31310,16,403,31310,16,403,31310,16,403,31310,16,403,31310,16,403,31310,16,403,31310,16,403,31310,16,403,31310,16,403,31310,16,403,31310,16,403,31310,16,403,31310,16,403,31310,16,403,31310,16,403,31310,16,403,31310,16,403,31310,16,403,31310,16,403,31310,16,403,31310,16,403,31310,16,403,31310,16,403,31310,16,403,31310,16,403,31310,16,403,31310,16,403,31310,16,403,31310,16,403,31310,16,403,31310,16,403,31310,16,403,31310,16,403,31310,16,403,31310,16,403,31310,16,403,31310,16,403,31310,16,403,31310,16,403,31310,16,403,31310,16,403,31310,16,403,31310,16,403,31310,16,403,31310,16,403,31310,16,403,31310,16
0,19462,678,260,17515,126463,2511,418,834,93952,9517,3252,905,9860,11892,1,16,1,16,1,16,1,16,1,16,1,16,1,16,1,16,403,31310,16,403,31310,16,403,31310,16,403,31310,16,403,31310,16,403,31310,16,403,31310,16,403,31310,16,403,31310,16,403,31310,16,403,31310,16,403,31310,16,403,31310,16,403,31310,16,403,31310,16,403,31310,16,403,31310,16,403,31310,16,403,31310,16,403,31310,16,403,31310,16,403,31310,16,403,31310,16,403,31310,16,403,31310,16,403,31310,16,403,31310,16,403,31310,16,403,31310,16,403,31310,16,403,31310,16,403,31310,16,403,31310,16,403,31310,16,403,31310,16,403,31310,16,403,31310,16,403,31310,16,403,31310,16,403,31310,16,403,31310,16,403,31310,16,403,31310,16,403,31310,16,403,31310,16,403,31310,16,403,31310,16,403,31310,16,403,31310,16,403,31310,16,403,31310,16,403,31310,16,403,31310,16,403,31310,16,403,31310,16,403,31310,16,403,31310,16,403,31310,16,403,31310,16,403,31310,16,403,31310,16,403,31310
0,19462,678,260,17515,126463,2511,418,834,93952,9517,3252,905,9860,11892,1,16,1,16,1,16,1,16,1,16,1,16,1,16,1,16,403,31310,16,403,31310,16,403,31310,16,403,31310,16,403,31310,16,403,31310,16,403,31310,16,403,31310,16,403,31310,16,403,31310,16,403,31310,16,403,31310,16,403,31310,16,403,31310,16,403,31310,16,403,31310,16,403,31310,16,403,31310,16,403,31310,16,403,31310,16,403,31310,16,403,31310,16,403,31310,16,403,31310,16,403,31310,16,403,31310,16,403,31310,16,403,31310,16,403,31310,16,403,31310,16,403,31310,16,403,31310,16,403,31310,16,403,31310,16,403,31310,16,403,31310,16,403,31310,16,403,31310,16,403,31310,16,403,31310,16,403,31310,16,403,31310,16,403,31310,16,403,31310,16,403,31310,16,403,31310,16,403,31310,16,403,31310,16,403,31310,16,403,31310,16,403,31310,16,403,31310,16,403,31310,16,403,31310,16,403,31310,16,403,31310,16,403,31310,16,403,31310,16,403,31310,16,403,31310,16,403,31310,16,403,31310,16,403,31310,16,403,31310,16
0,19462,678,260,17515,126463,2511,418,834,93952,9517,3252,905,9860,11892,1,16,1,16,1,16,1,16,1,16,1,16,1,16,1,16,403,31310,16,403,31310,16,403,31310,16,403,31310,16,403,31310,16,403,31310,16,403,31310,16,403,31310,16,403,31310,16,403,31310,16,403,31310,16,403,31310,16,403,31310,16,403,31310,16,403,31310,16,403,31310,16,403,31310,16,403,31310,16,403,31310,16,403,31310,16,403,31310,16,403,31310,16,403,31310,16,403,31310,16,403,31310,16,403,31310,16,403,31310,16,403,31310,16,403,31310,16,403,31310,16,403,31310,16,403,31310,16,403,31310,16,403,31310,16,403,31310,16,403,31310,16,403,31310,16,403,31310,16,403,31310,16,403,31310,16,403,31310,16,403,31310,16,403,31310,16,403,31310,16,403,31310,16,403,31310,16,403,31310,16,403,31310,16,403,31310,16,403,31310,16,403,31310,16,403,31310,16,403,31310,16,403,31310,16,403,31310,16,403,31310,16,403,31310,16,403,31310,16,403,31310,16,403,31310,16,403,31310,16,403,31310,16,403,31310,16,403,31310,16
0,19462,678,260,17515,126463,2511,418,834,93952,9517,3252,905,9860,11892,1,16,1,16,1,16,1,16,1,16,1,16,1,16,1,16,403,31310,16,403,31310,16,403,31310,16,403,31310,16,403,31310,16,403,31310,16,403,31310,16,403,31310,16,403,31310,16,403,31310,16,403,31310,16,403,31310,16,403,31310,16,403,31310,16,403,31310,16,403,31310,16,403,31310,16,403,31310,16,403,31310,16,403,31310,16,403,31310,16,403,31310,16,403,31310,16,403,31310,16,403,31310,16,403,31310,16,403,31310,16,403,31310,16,403,31310,16,403,31310,16,403,31310,16,403,31310,16,403,31310,16,403,31310,16,403,31310,16,403,31310,16,403,31310,16,403,31310,16,403,31310,16,403,31310,16,403,31310,16,403,31310,16,403,31310,16,403,31310,16,403,31310,16,403,31310,16,403,31310,16,403,31310,16,403,31310,16,403,31310,16,403,31310,16,403,31310,16,403,31310,16,403,31310,16,403,31310,16,403,31310,16,403,31310,16,403,31310,16,403,31310,16,403,31310,16,403,31310,16,403,31310
0,19462,678,260,17515,126463,2511,418,834,93952,9517,3252,905,9860,11892,1,16,1,16,1,16,1,16,1,16,1,16,1,16,1,16,403,31310,16,403,31310,16,403,31310,16,403,31310,16,403,31310,16,403,31310,16,403,31310,16,403,31310,16,403,31310,16,403,31310,16,403,31310,16,403,31310,16,403,31310,16,403,31310,16,403,31310,16,403,31310,16,403,31310,16,403,31310,16,403,31310,16,403,31310,16,403,31310,16,403,31310,16,403,31310,16,403,31310,16,403,31310,16,403,31310,16,403,31310,16,403,31310,16,403,31310,16,403,31310,16,403,31310,16,403,31310,16,403,31310,16,403,31310,16,403,31310,16,403,31310,16,403,31310,16,403,31310,16,403,31310,16,403,31310,16,403,31310,16,403,31310,16,403,31310,16,403,31310,16,403,31310,16,403,31310,16,403,31310,16,403,31310,16,403,31310,16,403,31310,16,403,31310,16,403,31310,16,403,31310,16,403,31310,16,403,31310,16,403,31310,16,403,31310,16,403,31310,16,403,31310,16,403,31310,16,403,31310,16,403,31310,16,403,31310,16,403,31310,16
0,19462,678,260,17515,126463,2511,418,834,93952,9517,3252,905,9860,11892,1,16,1,16,1,16,1,16,1,16,1,16,1,16,1,16,403,31310,16,403,31310,16,403,31310,16,403,31310,16,403,31310,16,403,31310,16,403,31310,16,403,31310,16,403,31310,16,403,31310,16,403,31310,16,403,31310,16,403,31310,16,403,31310,16,403,31310,16,403,31310,16,403,31310,16,403,31310,16,403,31310,16,403,31310,16,403,31310,16,403,31310,16,403,31310,16,403,31310,16,403,31310,16,403,31310,16,403,31310,16,403,31310,16,403,31310,16,403,31310,16,403,31310,16,403,31310,16,403,31310,16,403,31310,16,403,31310,16,403,31310,16,403,31310,16,403,31310,16,403,31310,16,403,31310,16,403,31310,16,403,31310,16,403,31310,16,403,31310,16,403,31310,16,403,31310,16,403,31310,16,403,31310,16,403,31310,16,403,31310,16,403,31310,16,403,31310,16,403,31310,16,403,31310,16,403,31310,16,403,31310,16,403,31310,16,403,31310,16,403,31310,16,403,31310,16,403,31310,16,403,31310,16,403,31310
0,19462,678,260,17515,126463,2511,418,834,93952,9517,3252,905,9860,11892,1,16,1,16,1,16,1,16,1,16,1,16,1,16,1,16,403,31310,16,403,31310,16,403,31310,16,403,31310,16,403,31310,16,403,31310,16,403,31310,16,403,31310,16,403,31310,16,403,31310,16,403,31310,16,403,31310,16,403,31310,16,403,31310,16,403,31310,16,403,31310,16,403,31310,16,403,31310,16,403,31310,16,403,31310,16,403,31310,16,403,31310,16,403,31310,16,403,31310,16,403,31310,16,403,31310,16,403,31310,16,403,31310,16,403,31310,16,403,31310,16,403,31310,16,403,31310,16,403,31310,16,403,31310,16,403,31310,16,403,31310,16,403,31310,16,403,31310,16,403,31310,16,403,31310,16,403,31310,16,403,31310,16,403,31310,16,403,31310,16,403,31310,16,403,31310,16,403,31310,16,403,31310,16,403,31310,16,403,31310,16,403,31310,16,403,31310,16,403,31310,16,403,31310,16,403,31310,16,403,31310,16,403,31310,16,403,31310,16,403,31310,16,403,31310,16,403,31310,16,403,31310,16,403,31310,16,403
0,19462,678,260,17515,126463,2511,418,834,93952,9517,3252,905,9860,11892,1,16,1,16,1,16,1,16,1,16,1,16,1,16,1,16,403,31310,16,403,31310,16,403,31310,16,403,31310,16,403,31310,16,403,31310,16,403,31310,16,403,31310,16,403,31310,16,403,31310,16,403,31310,16,403,31310,16,403,31310,16,403,31310,16,403,31310,16,403,31310,16,403,31310,16,403,31310,16,403,31310,16,403,31310,16,403,31310,16,403,31310,16,403,31310,16,403,31310,16,403,31310,16,403,31310,16,403,31310,16,403,31310,16,403,31310,16,403,31310,16,403,31310,16,403,31310,16,403,31310,16,403,31310,16,403,31310,16,403,31310,16,403,31310,16,403,31310,16,403,31310,16,403,31310,16,403,31310,16,403,31310,16,403,31310,16,403,31310,16,403,31310,16,403,31310,16,403,31310,16,403,31310,16,403,31310,16,403,31310,16,403,31310,16,403,31310,16,403,31310,16,403,31310,16,403,31310,16,403,31310,16,403,31310,16,403,31310,16,403,31310,16,403,31310,16,403,31310,16,403,31310
0,19462,678,260,17515,126463,2511,418,834,93952,9517,3252,905,9860,11892,1,16,1,16,1,16,1,16,1,16,1,16,1,16,1,16,403,31310,16,403,31310,16,403,31310,16,403,31310,16,403,31310,16,403,31310,16,403,31310,16,403,31310,16,403,31310,16,403,31310,16,403,31310,16,403,31310,16,403,31310,16,403,31310,16,403,31310,16,403,31310,16,403,31310,16,403,31310,16,403,31310,16,403,31310,16,403,31310,16,403,31310,16,403,31310,16,403,31310,16,403,31310,16,403,31310,16,403,31310,16,403,31310,16,403,31310,16,403,31310,16,403,31310,16,403,31310,16,403,31310,16,403,31310,16,403,31310,16,403,31310,16,403,31310,16,403,31310,16,403,31310,16,403,31310,16,403,31310,16,403,31310,16,403,31310,16,403,31310,16,403,31310,16,403,31310,16,403,31310,16,403,31310,16,403,31310,16,403,31310,16,403,31310,16,403,31310,16,403,31310,16,403,31310,16,403,31310,16,403,31310,16,403,31310,16,403,31310,16,403,31310,16,403,31310,16,403,31310,16,403,31310,16,403
0,19462,678,260,17515,126463,2511,418,834,93952,9517,3252,905,9860,11892,1,16,1,16,1,16,1,16,1,16,1,16,1,16,1,16,403,31310,16,403,31310,16,403,31310,16,403,31310,16,403,31310,16,403,31310,16,403,31310,16,403,31310,16,403,31310,16,403,31310,16,403,31310,16,403,31310,16,403,31310,16,403,31310,16,403,31310,16,403,31310,16,403,31310,16,403,31310,16,403,31310,16,403,31310,16,403,31310,16,403,31310,16,403,31310,16,403,31310,16,403,31310,16,403,31310,16,403,31310,16,403,31310,16,403,31310,16,403,31310,16,403,31310,16,403,31310,16,403,31310,16,403,31310,16,403,31310,16,403,31310,16,403,31310,16,403,31310,16,403,31310,16,403,31310,16,403,31310,16,403,31310,16,403,31310,16,403,31310,16,403,31310,16,403,31310,16,403,31310,16,403,31310,16,403,31310,16,403,31310,16,403,31310,16,403,31310,16,403,31310,16,403,31310,16,403,31310,16,403,31310,16,403,31310,16,403,31310,16,403,31310,16,403,31310,16,403,31310,16,403,31310,16
0,35,12919,305,260,6616,2753,957,19,16,553,295,3452,16,455,12919,6329,957,19,16,504,850,1099,270,6616,16,1730,1949,1918,270,6616,2753,33,11315,782,22805,24752,16,343,12888,28,566,344,260,19075,3417,9508,5718,270,2753,294,270,6616,366,1512,1527,27819,13459,16,5715,270,12919,6329,1512,1527,940,223,19,27819,13459,16,455,3452,2753,344,979,7490,201,90,940,343,90,940,223,19,11,438,223,19,16,553,201,32074,7490,201,20,90,940,223,19,438,223,19,16,553,201,32074,7490,201,20,90,438,223,18,16,553,201,32074,7490,201,90,438,223,18,16,2642,201,32074,5328,270,6616,6329,2619,6,18,16,2642,666,343,23,32456,754,305,270,12919,6329,2619,6,19,16,2642,42499,1,1,16,1,16,1,16,1,16,1,16,1,16,1,16,1,16,1,16,1,16,1,16,1,16,1,16,1,16,1,16,1,16,1,16,1,16,1,16,1,16,1,16,1,16,1,16,1,16,1,16,1,16,1,16,1,16,1,16,1,16,1,16,1,16,1,16,1,16,1,16,1,16,1,16,1,16,1,16,61561,85,16,37915,16,40165,61096
0,35,12919,305,260,6616,2753,957,19,16,553,295,3452,16,455,12919,6329,957,19,16,504,850,1099,270,6616,16,1730,1949,1918,270,6616,2753,33,11315,782,22805,24752,16,343,12888,28,566,344,260,19075,3417,9508,5718,270,2753,294,270,6616,366,1512,1527,27819,13459,16,5715,270,12919,6329,1512,1527,940,223,19,27819,13459,16,455,3452,2753,344,979,7490,201,90,940,343,90,940,223,19,11,438,223,19,16,553,201,32074,7490,201,20,90,940,223,19,438,223,19,16,553,201,32074,7490,201,20,90,438,223,18,16,553,201,32074,7490,201,90,438,223,18,16,2642,201,32074,5328,270,6616,6329,2619,6,18,16,2642,666,343,23,32456,754,305,270,12919,6329,2619,6,19,16,2642,42499,1,1,16,1,16,1,16,1,16,1,16,1,16,1,16,1,16,1,16,1,16,1,16,1,16,1,16,1,16,1,16,1,16,1,16,1,16,1,16,1,16,1,16,1,16,1,16,1,16,1,16,1,16,1,16,1,16,1,16,1,16,1,16,1,16,1,16,1,16,1,16,1,16,1,16,1,16,1,16,61561,85,16,37915,16,40165,61096
0,35,12919,305,260,6616,2753,957,19,16,553,295,3452,16,455,12919,6329,957,19,16,504,850,1099,270,6616,16,1730,1949,1918,270,6616,2753,33,11315,782,22805,24752,16,343,12888,28,566,344,260,19075,3417,9508,5718,270,2753,294,270,6616,366,1512,1527,27819,13459,16,5715,270,12919,6329,1512,1527,940,223,19,27819,13459,16,455,3452,2753,344,979,7490,201,90,940,343,90,940,223,19,11,438,223,19,16,553,201,32074,7490,201,20,90,940,223,19,438,223,19,16,553,201,32074,7490,201,20,90,438,223,18,16,553,201,32074,7490,201,90,438,223,18,16,2642,201,32074,5328,270,6616,6329,2619,6,18,16,2642,666,343,23,32456,754,305,270,12919,6329,2619,6,19,16,2642,42499,1,1,16,1,16,1,16,1,16,1,16,1,16,1,16,1,16,1,16,1,16,1,16,1,16,1,16,1,16,1,16,1,16,1,16,1,16,1,16,1,16,1,16,1,16,1,16,1,16,1,16,1,16,1,16,1,16,1,16,1,16,1,16,1,16,1,16,1,16,1,16,1,16,1,16,1,16,1,16,61561,85,16,37915,16,40165,61096
0,35,12919,305,260,6616,2753,957,19,16,553,295,3452,16,455,12919,6329,957,19,16,504,850,1099,270,6616,16,1730,1949,1918,270,6616,2753,33,11315,782,22805,24752,16,343,12888,28,566,344,260,19075,3417,9508,5718,270,2753,294,270,6616,366,1512,1527,27819,13459,16,5715,270,12919,6329,1512,1527,940,223,19,27819,13459,16,455,3452,2753,344,979,7490,201,90,940,343,90,940,223,19,11,438,223,19,16,553,201,32074,7490,201,20,90,940,223,19,438,223,19,16,553,201,32074,7490,201,20,90,438,223,18,16,553,201,32074,7490,201,90,438,223,18,16,2642,201,32074,5328,270,6616,6329,2619,6,18,16,2642,666,343,23,32456,754,305,270,12919,6329,2619,6,19,16,2642,42499,1,1,16,1,16,1,16,1,16,1,16,1,16,1,16,1,16,1,16,1,16,1,16,1,16,1,16,1,16,1,16,1,16,1,16,1,16,1,16,1,16,1,16,1,16,1,16,1,16,1,16,1,16,1,16,1,16,1,16,1,16,1,16,1,16,1,16,1,16,1,16,1,16,1,16,1,16,1,16,61561,85,16,37915,16,40165,61096
0,35,12919,305,260,6616,2753,957,19,16,553,295,3452,16,455,12919,6329,957,19,16,504,850,1099,270,6616,16,1730,1949,1918,270,6616,2753,33,11315,782,22805,24752,16,343,12888,28,566,344,260,19075,3417,9508,5718,270,2753,294,270,6616,366,1512,1527,27819,13459,16,5715,270,12919,6329,1512,1527,940,223,19,27819,13459,16,455,3452,2753,344,979,7490,201,90,940,343,90,940,223,19,11,438,223,19,16,553,201,32074,7490,201,20,90,940,223,19,438,223,19,16,553,201,32074,7490,201,20,90,438,223,18,16,553,201,32074,7490,201,90,438,223,18,16,2642,201,32074,5328,270,6616,6329,2619,6,18,16,2642,666,343,23,32456,754,305,270,12919,6329,2619,6,19,16,2642,42499,1,1,16,1,16,1,16,1,16,1,16,1,16,1,16,1,16,1,16,1,16,1,16,1,16,1,16,1,16,1,16,1,16,1,16,1,16,1,16,1,16,1,16,1,16,1,16,1,16,1,16,1,16,1,16,1,16,1,16,1,16,1,16,1,16,1,16,1,16,1,16,1,16,1,16,1,16,1,16,61561,85,16,37915,16,40165,61096
0,35,12919,305,260,6616,2753,957,19,16,553,295,3452,16,455,12919,6329,957,19,16,504,850,1099,270,6616,16,1730,1949,1918,270,6616,2753,33,11315,782,22805,24752,16,343,12888,28,566,344,260,19075,3417,9508,5718,270,2753,294,270,6616,366,1512,1527,27819,13459,16,5715,270,12919,6329,1512,1527,940,223,19,27819,13459,16,455,3452,2753,344,979,7490,201,90,940,343,90,940,223,19,11,438,223,19,16,553,201,32074,7490,201,20,90,940,223,19,438,223,19,16,553,201,32074,7490,201,20,90,438,223,18,16,553,201,32074,7490,201,90,438,223,18,16,2642,201,32074,5328,270,6616,6329,2619,6,18,16,2642,666,343,23,32456,754,305,270,12919,6329,2619,6,19,16,2642,42499,1,1,16,1,16,1,16,1,16,1,16,1,16,1,16,1,16,1,16,1,16,1,16,1,16,1,16,1,16,1,16,1,16,1,16,1,16,1,16,1,16,1,16,1,16,1,16,1,16,1,16,1,16,1,16,1,16,1,16,1,16,1,16,1,16,1,16,1,16,1,16,1,16,1,16,1,16,1,16,61561,85,16,37915,16,40165,61096
0,35,12919,305,260,6616,2753,957,19,16,553,295,3452,16,455,12919,6329,957,19,16,504,850,1099,270,6616,16,1730,1949,1918,270,6616,2753,33,11315,782,22805,24752,16,343,12888,28,566,344,260,19075,3417,9508,5718,270,2753,294,270,6616,366,1512,1527,27819,13459,16,5715,270,12919,6329,1512,1527,940,223,19,27819,13459,16,455,3452,2753,344,979,7490,201,90,940,343,90,940,223,19,11,438,223,19,16,553,201,32074,7490,201,20,90,940,223,19,438,223,19,16,553,201,32074,7490,201,20,90,438,223,18,16,553,201,32074,7490,201,90,438,223,18,16,2642,201,32074,5328,270,6616,6329,2619,6,18,16,2642,666,343,23,32456,754,305,270,12919,6329,2619,6,19,16,2642,42499,1,1,16,1,16,1,16,1,16,1,16,1,16,1,16,1,16,1,16,1,16,1,16,1,16,1,16,1,16,1,16,1,16,1,16,1,16,1,16,1,16,1,16,1,16,1,16,1,16,1,16,1,16,1,16,1,16,1,16,1,16,1,16,1,16,1,16,1,16,1,16,1,16,1,16,1,16,1,16,61561,85,16,37915,16,40165,61096
0,35,12919,305,260,6616,2753,957,19,16,553,295,3452,16,455,12919,6329,957,19,16,504,850,1099,270,6616,16,1730,1949,1918,270,6616,2753,33,11315,782,22805,24752,16,343,12888,28,566,344,260,19075,3417,9508,5718,270,2753,294,270,6616,366,1512,1527,27819,13459,16,5715,270,12919,6329,1512,1527,940,223,19,27819,13459,16,455,3452,2753,344,979,7490,201,90,940,343,90,940,223,19,11,438,223,19,16,553,201,32074,7490,201,20,90,940,223,19,438,223,19,16,553,201,32074,7490,201,20,90,438,223,18,16,553,201,32074,7490,201,90,438,223,18,16,2642,201,32074,5328,270,6616,6329,2619,6,18,16,2642,666,343,23,32456,754,305,270,12919,6329,2619,6,19,16,2642,42499,1,1,16,1,16,1,16,1,16,1,16,1,16,1,16,1,16,1,16,1,16,1,16,1,16,1,16,1,16,1,16,1,16,1,16,1,16,1,16,1,16,1,16,1,16,1,16,1,16,1,16,1,16,1,16,1,16,1,16,1,16,1,16,1,16,1,16,1,16,1,16,1,16,1,16,1,16,1,16,61561,85,16,37915,16,40165,61096
0,35,12919,305,260,6616,2753,957,19,16,553,295,3452,16,455,12919,6329,957,19,16,504,850,1099,270,6616,16,1730,1949,1918,270,6616,2753,33,11315,782,22805,24752,16,343,12888,28,566,344,260,19075,3417,9508,5718,270,2753,294,270,6616,366,1512,1527,27819,13459,16,5715,270,12919,6329,1512,1527,940,223,19,27819,13459,16,455,3452,2753,344,979,7490,201,90,940,343,90,940,223,19,11,438,223,19,16,553,201,32074,7490,201,20,90,940,223,19,438,223,19,16,553,201,32074,7490,201,20,90,438,223,18,16,553,201,32074,7490,201,90,438,223,18,16,2642,201,32074,5328,270,6616,6329,2619,6,18,16,2642,666,343,23,32456,754,305,270,12919,6329,2619,6,19,16,2642,42499,1,1,16,1,16,1,16,1,16,1,16,1,16,1,16,1,16,1,16,1,16,1,16,1,16,1,16,1,16,1,16,1,16,1,16,1,16,1,16,1,16,1,16,1,16,1,16,1,16,1,16,1,16,1,16,1,16,1,16,1,16,1,16,1,16,1,16,1,16,1,16,1,16,1,16,1,16,1,16,61561,85,16,37915,16,40165,61096
0,35,12919,305,260,6616,2753,957,19,16,553,295,3452,16,455,12919,6329,957,19,16,504,850,1099,270,6616,16,1730,1949,1918,270,6616,2753,33,11315,782,22805,24752,16,343,12888,28,566,344,260,19075,3417,9508,5718,270,2753,294,270,6616,366,1512,1527,27819,13459,16,5715,270,12919,6329,1512,1527,940,223,19,27819,13459,16,455,3452,2753,344,979,7490,201,90,940,343,90,940,223,19,11,438,223,19,16,553,201,32074,7490,201,20,90,940,223,19,438,223,19,16,553,201,32074,7490,201,20,90,438,223,18,16,553,201,32074,7490,201,90,438,223,18,16,2642,201,32074,5328,270,6616,6329,2619,6,18,16,2642,666,343,23,32456,754,305,270,12919,6329,2619,6,19,16,2642,42499,1,1,16,1,16,1,16,1,16,1,16,1,16,1,16,1,16,1,16,1,16,1,16,1,16,1,16,1,16,1,16,1,16,1,16,1,16,1,16,1,16,1,16,1,16,1,16,1,16,1,16,1,16,1,16,1,16,1,16,1,16,1,16,1,16,1,16,1,16,1,16,1,16,1,16,1,16,1,16,61561,85,16,37915,16,40165,61096
0,35,12919,305,260,6616,2753,957,19,16,553,295,3452,16,455,12919,6329,957,19,16,504,850,1099,270,6616,16,1730,1949,1918,270,6616,2753,33,11315,782,22805,24752,16,343,12888,28,566,344,260,19075,3417,9508,5718,270,2753,294,270,6616,366,1512,1527,27819,13459,16,5715,270,12919,6329,1512,1527,940,223,19,27819,13459,16,455,3452,2753,344,979,7490,201,90,940,343,90,940,223,19,11,438,223,19,16,553,201,32074,7490,201,20,90,940,223,19,438,223,19,16,553,201,32074,7490,201,20,90,438,223,18,16,553,201,32074,7490,201,90,438,223,18,16,2642,201,32074,5328,270,6616,6329,2619,6,18,16,2642,666,343,23,32456,754,305,270,12919,6329,2619,6,19,16,2642,42499,1,1,16,1,16,1,16,1,16,1,16,1,16,1,16,1,16,1,16,1,16,1,16,1,16,1,16,1,16,1,16,1,16,1,16,1,16,1,16,1,16,1,16,1,16,1,16,1,16,1,16,1,16,1,16,1,16,1,16,1,16,1,16,1,16,1,16,1,16,1,16,1,16,1,16,1,16,1,16,61561,85,16,37915,16,40165,61096
0,35,12919,305,260,6616,2753,957,19,16,553,295,3452,16,455,12919,6329,957,19,16,504,850,1099,270,6616,16,1730,1949,1918,270,6616,2753,33,11315,782,22805,24752,16,343,12888,28,566,344,260,19075,3417,9508,5718,270,2753,294,270,6616,366,1512,1527,27819,13459,16,5715,270,12919,6329,1512,1527,940,223,19,27819,13459,16,455,3452,2753,344,979,7490,201,90,940,343,90,940,223,19,11,438,223,19,16,553,201,32074,7490,201,20,90,940,223,19,438,223,19,16,553,201,32074,7490,201,20,90,438,223,18,16,553,201,32074,7490,201,90,438,223,18,16,2642,201,32074,5328,270,6616,6329,2619,6,18,16,2642,666,343,23,32456,754,305,270,12919,6329,2619,6,19,16,2642,42499,1,1,16,1,16,1,16,1,16,1,16,1,16,1,16,1,16,1,16,1,16,1,16,1,16,1,16,1,16,1,16,1,16,1,16,1,16,1,16,1,16,1,16,1,16,1,16,1,16,1,16,1,16,1,16,1,16,1,16,1,16,1,16,1,16,1,16,1,16,1,16,1,16,1,16,1,16,1,16,61561,85,16,37915,16,40165,61096
0,35,12919,305,260,6616,2753,957,19,16,553,295,3452,16,455,12919,6329,957,19,16,504,850,1099,270,6616,16,1730,1949,1918,270,6616,2753,33,11315,782,22805,24752,16,343,12888,28,566,344,260,19075,3417,9508,5718,270,2753,294,270,6616,366,1512,1527,27819,13459,16,5715,270,12919,6329,1512,1527,940,223,19,27819,13459,16,455,3452,2753,344,979,7490,201,90,940,343,90,940,223,19,11,438,223,19,16,553,201,32074,7490,201,20,90,940,223,19,438,223,19,16,553,201,32074,7490,201,20,90,438,223,18,16,553,201,32074,7490,201,90,438,223,18,16,2642,201,32074,5328,270,6616,6329,2619,6,18,16,2642,666,343,23,32456,754,305,270,12919,6329,2619,6,19,16,2642,42499,1,1,16,1,16,1,16,1,16,1,16,1,16,1,16,1,16,1,16,1,16,1,16,1,16,1,16,1,16,1,16,1,16,1,16,1,16,1,16,1,16,1,16,1,16,1,16,1,16,1,16,1,16,1,16,1,16,1,16,1,16,1,16,1,16,1,16,1,16,1,16,1,16,1,16,1,16,1,16,61561,85,16,37915,16,40165,61096
0,35,12919,305,260,6616,2753,957,19,16,553,295,3452,16,455,12919,6329,957,19,16,504,850,1099,270,6616,16,1730,1949,1918,270,6616,2753,33,11315,782,22805,24752,16,343,12888,28,566,344,260,19075,3417,9508,5718,270,2753,294,270,6616,366,1512,1527,27819,13459,16,5715,270,12919,6329,1512,1527,940,223,19,27819,13459,16,455,3452,2753,344,979,7490,201,90,940,343,90,940,223,19,11,438,223,19,16,553,201,32074,7490,201,20,90,940,223,19,438,223,19,16,553,201,32074,7490,201,20,90,438,223,18,16,553,201,32074,7490,201,90,438,223,18,16,2642,201,32074,5328,270,6616,6329,2619,6,18,16,2642,666,343,23,32456,754,305,270,12919,6329,2619,6,19,16,2642,42499,1,1,16,1,16,1,16,1,16,1,16,1,16,1,16,1,16,1,16,1,16,1,16,1,16,1,16,1,16,1,16,1,16,1,16,1,16,1,16,1,16,1,16,1,16,1,16,1,16,1,16,1,16,1,16,1,16,1,16,1,16,1,16,1,16,1,16,1,16,1,16,1,16,1,16,1,16,1,16,61561,85,16,37915,16,40165,61096
0,35,12919,305,260,6616,2753,957,19,16,553,295,3452,16,455,12919,6329,957,19,16,504,850,1099,270,6616,16,1730,1949,1918,270,6616,2753,33,11315,782,22805,24752,16,343,12888,28,566,344,260,19075,3417,9508,5718,270,2753,294,270,6616,366,1512,1527,27819,13459,16,5715,270,12919,6329,1512,1527,940,223,19,27819,13459,16,455,3452,2753,344,979,7490,201,90,940,343,90,940,223,19,11,438,223,19,16,553,201,32074,7490,201,20,90,940,223,19,438,223,19,16,553,201,32074,7490,201,20,90,438,223,18,16,553,201,32074,7490,201,90,438,223,18,16,2642,201,32074,5328,270,6616,6329,2619,6,18,16,2642,666,343,23,32456,754,305,270,12919,6329,2619,6,19,16,2642,42499,1,1,16,1,16,1,16,1,16,1,16,1,16,1,16,1,16,1,16,1,16,1,16,1,16,1,16,1,16,1,16,1,16,1,16,1,16,1,16,1,16,1,16,1,16,1,16,1,16,1,16,1,16,1,16,1,16,1,16,1,16,1,16,1,16,1,16,1,16,1,16,1,16,1,16,1,16,1,16,61561,85,16,37915,16,40165,61096
0,35,12919,305,260,6616,2753,957,19,16,553,295,3452,16,455,12919,6329,957,19,16,504,850,1099,270,6616,16,1730,1949,1918,270,6616,2753,33,11315,782,22805,24752,16,343,12888,28,566,344,260,19075,3417,9508,5718,270,2753,294,270,6616,366,1512,1527,27819,13459,16,5715,270,12919,6329,1512,1527,940,223,19,27819,13459,16,455,3452,2753,344,979,7490,201,90,940,343,90,940,223,19,11,438,223,19,16,553,201,32074,7490,201,20,90,940,223,19,438,223,19,16,553,201,32074,7490,201,20,90,438,223,18,16,553,201,32074,7490,201,90,438,223,18,16,2642,201,32074,5328,270,6616,6329,2619,6,18,16,2642,666,343,23,32456,754,305,270,12919,6329,2619,6,19,16,2642,42499,1,1,16,1,16,1,16,1,16,1,16,1,16,1,16,1,16,1,16,1,16,1,16,1,16,1,16,1,16,1,16,1,16,1,16,1,16,1,16,1,16,1,16,1,16,1,16,1,16,1,16,1,16,1,16,1,16,1,16,1,16,1,16,1,16,1,16,1,16,1,16,1,16,1,16,1,16,1,16,61561,85,16,37915,16,40165,61096
0,3085,344,270,6102,294,8760,33,9361,295,834,2004,16,1,201,1,201,1,201,1,201,1,201,1,201,1,201,1,201,1,201,1,201,1,201,1,201,1,201,1,201,1,201,1,201,3085,344,270,6102,294,8760,33,9361,295,834,2004,16,1,201,3085,344,270,6102,294,8760,33,9361,295,834,2004,16,1999,344,270,6102,294,8760,33,9361,295,834,2004,16,1999,344,270,6102,294,8760,33,9361,295,834,2004,16,1999,344,270,6102,294,8760,33,9361,295,834,2004,16,1999,344,270,6102,294,8760,33,9361,295,834,2004,16,1999,344,270,6102,294,8760,33,9361,295,834,2004,16,1999,344,270,6102,294,8760,33,9361,295,834,2004,16,1999,344,270,6102,294,8760,33,9361,295,834,2004,16,1999,344,270,6102,294,8760,33,9361,295,834,2004,16,1999,344,270,6102,294,8760,33,9361,295,834,2004,16,1999,344,270,6102,294,8760,33,9361,295,834,2004,16,1999,344,270,6102,294,8760,33,9361,295,834,2004,16,1999,344,270,6102,294,8760,33,9361,295,834,2004,16,1999
0,3085,344,270,6102,294,8760,33,9361,295,834,2004,16,1,201,1,201,1,201,1,201,1,201,1,201,1,201,1,201,1,201,1,201,1,201,1,201,1,201,1,201,1,201,1,201,3085,344,270,6102,294,8760,33,9361,295,834,2004,16,1,201,3085,344,270,6102,294,8760,33,9361,295,834,2004,16,1999,344,270,6102,294,8760,33,9361,295,834,2004,16,1999,344,270,6102,294,8760,33,9361,295,834,2004,16,1999,344,270,6102,294,8760,33,9361,295,834,2004,16,1999,344,270,6102,294,8760,33,9361,295,834,2004,16,1999,344,270,6102,294,8760,33,9361,295,834,2004,16,1999,344,270,6102,294,8760,33,9361,295,834,2004,16,1999,344,270,6102,294,8760,33,9361,295,834,2004,16,1999,344,270,6102,294,8760,33,9361,295,834,2004,16,1999,344,270,6102,294,8760,33,9361,295,834,2004,16,1999,344,270,6102,294,8760,33,9361,295,834,2004,16,1999,344,270,6102,294,8760,33,9361,295,834,2004,16,1999,344,270,6102,294,8760,33,9361,295,834
0,3085,344,270,6102,294,8760,33,9361,295,834,2004,16,1,201,1,201,1,201,1,201,1,201,1,201,1,201,1,201,1,201,1,201,1,201,1,201,1,201,1,201,1,201,1,201,3085,344,270,6102,294,8760,33,9361,295,834,2004,16,1,201,3085,344,270,6102,294,8760,33,9361,295,834,2004,16,1999,344,270,6102,294,8760,33,9361,295,834,2004,16,1999,344,270,6102,294,8760,33,9361,295,834,2004,16,1999,344,270,6102,294,8760,33,9361,295,834,2004,16,1999,344,270,6102,294,8760,33,9361,295,834,2004,16,1999,344,270,6102,294,8760,33,9361,295,834,2004,16,1999,344,270,6102,294,8760,33,9361,295,834,2004,16,1999,344,270,6102,294,8760,33,9361,295,834,2004,16,1999,344,270,6102,294,8760,33,9361,295,834,2004,16,1999,344,270,6102,294,8760,33,9361,295,834,2004,16,1999,344,270,6102,294,8760,33,9361,295,834,2004,16,1999,344,270,6102,294,8760,33,9361,295,834,2004,16,1999,344,270,6102,294,8760,33,9361,295,834,2004,16
0,3085,344,270,6102,294,8760,33,9361,295,834,2004,16,1,201,1,201,1,201,1,201,1,201,1,201,1,201,1,201,1,201,1,201,1,201,1,201,1,201,1,201,1,201,1,201,3085,344,270,6102,294,8760,33,9361,295,834,2004,16,1,201,3085,344,270,6102,294,8760,33,9361,295,834,2004,16,1999,344,270,6102,294,8760,33,9361,295,834,2004,16,1999,344,270,6102,294,8760,33,9361,295,834,2004,16,1999,344,270,6102,294,8760,33,9361,295,834,2004,16,1999,344,270,6102,294,8760,33,9361,295,834,2004,16,1999,344,270,6102,294,8760,33,9361,295,834,2004,16,1999,344,270,6102,294,8760,33,9361,295,834,2004,16,1999,344,270,6102,294,8760,33,9361,295,834,2004,16,1999,344,270,6102,294,8760,33,9361,295,834,2004,16,1999,344,270,6102,294,8760,33,9361,295,834,2004,16,1999,344,270,6102,294,8760,33,9361,295,834,2004,16,1999,344,270,6102,294,8760,33,9361,295,834,2004,16,1999,344,270,6102,294,8760,33,9361,295,834,2004,16,1999,344,270,6102,294
0,3085,344,270,6102,294,8760,33,9361,295,834,2004,16,1,201,1,201,1,201,1,201,1,201,1,201,1,201,1,201,1,201,1,201,1,201,1,201,1,201,1,201,1,201,1,201,3085,344,270,6102,294,8760,33,9361,295,834,2004,16,1,201,3085,344,270,6102,294,8760,33,9361,295,834,2004,16,1999,344,270,6102,294,8760,33,9361,295,834,2004,16,1999,344,270,6102,294,8760,33,9361,295,834,2004,16,1999,344,270,6102,294,8760,33,9361,295,834,2004,16,1999,344,270,6102,294,8760,33,9361,295,834,2004,16,1999,344,270,6102,294,8760,33,9361,295,834,2004,16,1999,344,270,6102,294,8760,33,9361,295,834,2004,16,1999,344,270,6102,294,8760,33,9361,295,834,2004,16,1999,344,270,6102,294,8760,33,9361,295,834,2004,16,1999,344,270,6102,294,8760,33,9361,295,834,2004,16,1999,344,270,6102,294,8760,33,9361,295,834,2004,16,1999,344,270,6102,294,8760,33,9361,295,834,2004,16,1999,344,270,6102,294,8760,33,9361,295,834,2004,16
0,3085,344,270,6102,294,8760,33,9361,295,834,2004,16,1,201,1,201,1,201,1,201,1,201,1,201,1,201,1,201,1,201,1,201,1,201,1,201,1,201,1,201,1,201,1,201,3085,344,270,6102,294,8760,33,9361,295,834,2004,16,1,201,3085,344,270,6102,294,8760,33,9361,295,834,2004,16,1999,344,270,6102,294,8760,33,9361,295,834,2004,16,1999,344,270,6102,294,8760,33,9361,295,834,2004,16,1999,344,270,6102,294,8760,33,9361,295,834,2004,16,1999,344,270,6102,294,8760,33,9361,295,834,2004,16,1999,344,270,6102,294,8760,33,9361,295,834,2004,16,1999,344,270,6102,294,8760,33,9361,295,834,2004,16,1999,344,270,6102,294,8760,33,9361,295,834,2004,16,1999,344,270,6102,294,8760,33,9361,295,834,2004,16,1999,344,270,6102,294,8760,33,9361,295,834,2004,16,1999,344,270,6102,294,8760,33,9361,295,834,2004,16,1999,344,270,6102,294,8760,33,9361,295,834,2004,16,1999,344,270,6102,294,8760,33,9361,295,834,2004,16,1999,344,270
0,3085,344,270,6102,294,8760,33,9361,295,834,2004,16,1,201,1,201,1,201,1,201,1,201,1,201,1,201,1,201,1,201,1,201,1,201,1,201,1,201,1,201,1,201,1,201,3085,344,270,6102,294,8760,33,9361,295,834,2004,16,1,201,3085,344,270,6102,294,8760,33,9361,295,834,2004,16,1999,344,270,6102,294,8760,33,9361,295,834,2004,16,1999,344,270,6102,294,8760,33,9361,295,834,2004,16,1999,344,270,6102,294,8760,33,9361,295,834,2004,16,1999,344,270,6102,294,8760,33,9361,295,834,2004,16,1999,344,270,6102,294,8760,33,9361,295,834,2004,16,1999,344,270,6102,294,8760,33,9361,295,834,2004,16,1999,344,270,6102,294,8760,33,9361,295,834,2004,16,1999,344,270,6102,294,8760,33,9361,295,834,2004,16,1999,344,270,6102,294,8760,33,9361,295,834,2004,16,1999,344,270,6102,294,8760,33,9361,295,834,2004,16,1999,344,270,6102,294,8760,33,9361,295,834,2004,16,1999,344,270,6102,294,8760,33,9361,295,834,2004,16,1999,344,270,6102,294
0,3085,344,270,6102,294,8760,33,9361,295,834,2004,16,1,201,1,201,1,201,1,201,1,201,1,201,1,201,1,201,1,201,1,201,1,201,1,201,1,201,1,201,1,201,1,201,3085,344,270,6102,294,8760,33,9361,295,834,2004,16,1,201,3085,344,270,6102,294,8760,33,9361,295,834,2004,16,1999,344,270,6102,294,8760,33,9361,295,834,2004,16,1999,344,270,6102,294,8760,33,9361,295,834,2004,16,1999,344,270,6102,294,8760,33,9361,295,834,2004,16,1999,344,270,6102,294,8760,33,9361,295,834,2004,16,1999,344,270,6102,294,8760,33,9361,295,834,2004,16,1999,344,270,6102,294,8760,33,9361,295,834,2004,16,1999,344,270,6102,294,8760,33,9361,295,834,2004,16,1999,344,270,6102,294,8760,33,9361,295,834,2004,16,1999,344,270,6102,294,8760,33,9361,295,834,2004,16,1999,344,270,6102,294,8760,33,9361,295,834,2004,16,1999,344,270,6102,294,8760,33,9361,295,834,2004,16,1999,344,270,6102,294,8760,33,9361,295,834,2004,16,1999,344,270,6102,294
0,3085,344,270,6102,294,8760,33,9361,295,834,2004,16,1,201,1,201,1,201,1,201,1,201,1,201,1,201,1,201,1,201,1,201,1,201,1,201,1,201,1,201,1,201,1,201,3085,344,270,6102,294,8760,33,9361,295,834,2004,16,1,201,3085,344,270,6102,294,8760,33,9361,295,834,2004,16,1999,344,270,6102,294,8760,33,9361,295,834,2004,16,1999,344,270,6102,294,8760,33,9361,295,834,2004,16,1999,344,270,6102,294,8760,33,9361,295,834,2004,16,1999,344,270,6102,294,8760,33,9361,295,834,2004,16,1999,344,270,6102,294,8760,33,9361,295,834,2004,16,1999,344,270,6102,294,8760,33,9361,295,834,2004,16,1999,344,270,6102,294,8760,33,9361,295,834,2004,16,1999,344,270,6102,294,8760,33,9361,295,834,2004,16,1999,344,270,6102,294,8760,33,9361,295,834,2004,16,1999,344,270,6102,294,8760,33,9361,295,834,2004,16,1999,344,270,6102,294,8760,33,9361,295,834,2004,16,1999,344,270,6102,294,8760,33,9361,295,834,2004,16,1999,344,270,6102,294
0,3085,344,270,6102,294,8760,33,9361,295,834,2004,16,1,201,1,201,1,201,1,201,1,201,1,201,1,201,1,201,1,201,1,201,1,201,1,201,1,201,1,201,1,201,1,201,3085,344,270,6102,294,8760,33,9361,295,834,2004,16,1,201,3085,344,270,6102,294,8760,33,9361,295,834,2004,16,1999,344,270,6102,294,8760,33,9361,295,834,2004,16,1999,344,270,6102,294,8760,33,9361,295,834,2004,16,1999,344,270,6102,294,8760,33,9361,295,834,2004,16,1999,344,270,6102,294,8760,33,9361,295,834,2004,16,1999,344,270,6102,294,8760,33,9361,295,834,2004,16,1999,344,270,6102,294,8760,33,9361,295,834,2004,16,1999,344,270,6102,294,8760,33,9361,295,834,2004,16,1999,344,270,6102,294,8760,33,9361,295,834,2004,16,1999,344,270,6102,294,8760,33,9361,295,834,2004,16,1999,344,270,6102,294,8760,33,9361,295,834,2004,16,1999,344,270,6102,294,8760,33,9361,295,834,2004,16,1999,344,270,6102,294,8760,33,9361,295,834,2004,16,1999,344,270,6102,294
0,3085,344,270,6102,294,8760,33,9361,295,834,2004,16,1,201,1,201,1,201,1,201,1,201,1,201,1,201,1,201,1,201,1,201,1,201,1,201,1,201,1,201,1,201,1,201,3085,344,270,6102,294,8760,33,9361,295,834,2004,16,1,201,3085,344,270,6102,294,8760,33,9361,295,834,2004,16,1999,344,270,6102,294,8760,33,9361,295,834,2004,16,1999,344,270,6102,294,8760,33,9361,295,834,2004,16,1999,344,270,6102,294,8760,33,9361,295,834,2004,16,1999,344,270,6102,294,8760,33,9361,295,834,2004,16,1999,344,270,6102,294,8760,33,9361,295,834,2004,16,1999,344,270,6102,294,8760,33,9361,295,834,2004,16,1999,344,270,6102,294,8760,33,9361,295,834,2004,16,1999,344,270,6102,294,8760,33,9361,295,834,2004,16,1999,344,270,6102,294,8760,33,9361,295,834,2004,16,1999,344,270,6102,294,8760,33,9361,295,834,2004,16,1999,344,270,6102,294,8760,33,9361,295,834,2004,16,1999,344,270,6102,294,8760,33,9361,295,834,2004,16,1999,344,270
0,3085,344,270,6102,294,8760,33,9361,295,834,2004,16,1,201,1,201,1,201,1,201,1,201,1,201,1,201,1,201,1,201,1,201,1,201,1,201,1,201,1,201,1,201,1,201,3085,344,270,6102,294,8760,33,9361,295,834,2004,16,1,201,3085,344,270,6102,294,8760,33,9361,295,834,2004,16,1999,344,270,6102,294,8760,33,9361,295,834,2004,16,1999,344,270,6102,294,8760,33,9361,295,834,2004,16,1999,344,270,6102,294,8760,33,9361,295,834,2004,16,1999,344,270,6102,294,8760,33,9361,295,834,2004,16,1999,344,270,6102,294,8760,33,9361,295,834,2004,16,1999,344,270,6102,294,8760,33,9361,295,834,2004,16,1999,344,270,6102,294,8760,33,9361,295,834,2004,16,1999,344,270,6102,294,8760,33,9361,295,834,2004,16,1999,344,270,6102,294,8760,33,9361,295,834,2004,16,1999,344,270,6102,294,8760,33,9361,295,834,2004,16,1999,344,270,6102,294,8760,33,9361,295,834,2004,16,1999,344,270,6102,294,8760,33,9361,295,834,2004,16
0,3085,344,270,6102,294,8760,33,9361,295,834,2004,16,1,201,1,201,1,201,1,201,1,201,1,201,1,201,1,201,1,201,1,201,1,201,1,201,1,201,1,201,1,201,1,201,3085,344,270,6102,294,8760,33,9361,295,834,2004,16,1,201,3085,344,270,6102,294,8760,33,9361,295,834,2004,16,1999,344,270,6102,294,8760,33,9361,295,834,2004,16,1999,344,270,6102,294,8760,33,9361,295,834,2004,16,1999,344,270,6102,294,8760,33,9361,295,834,2004,16,1999,344,270,6102,294,8760,33,9361,295,834,2004,16,1999,344,270,6102,294,8760,33,9361,295,834,2004,16,1999,344,270,6102,294,8760,33,9361,295,834,2004,16,1999,344,270,6102,294,8760,33,9361,295,834,2004,16,1999,344,270,6102,294,8760,33,9361,295,834,2004,16,1999,344,270,6102,294,8760,33,9361,295,834,2004,16,1999,344,270,6102,294,8760,33,9361,295,834,2004,16,1999,344,270,6102,294,8760,33,9361,295,834,2004,16,1999,344,270,6102,294,8760,33,9361,295,834,2004,16,1999,344,270,6102,294
0,3085,344,270,6102,294,8760,33,9361,295,834,2004,16,1,201,1,201,1,201,1,201,1,201,1,201,1,201,1,201,1,201,1,201,1,201,1,201,1,201,1,201,1,201,1,201,3085,344,270,6102,294,8760,33,9361,295,834,2004,16,1,201,3085,344,270,6102,294,8760,33,9361,295,834,2004,16,1999,344,270,6102,294,8760,33,9361,295,834,2004,16,1999,344,270,6102,294,8760,33,9361,295,834,2004,16,1999,344,270,6102,294,8760,33,9361,295,834,2004,16,1999,344,270,6102,294,8760,33,9361,295,834,2004,16,1999,344,270,6102,294,8760,33,9361,295,834,2004,16,1999,344,270,6102,294,8760,33,9361,295,834,2004,16,1999,344,270,6102,294,8760,33,9361,295,834,2004,16,1999,344,270,6102,294,8760,33,9361,295,834,2004,16,1999,344,270,6102,294,8760,33,9361,295,834,2004,16,1999,344,270,6102,294,8760,33,9361,295,834,2004,16,1999,344,270,6102,294,8760,33,9361,295,834,2004,16,1999,344,270,6102,294,8760,33,9361,295,834,2004,16
0,3085,344,270,6102,294,8760,33,9361,295,834,2004,16,1,201,1,201,1,201,1,201,1,201,1,201,1,201,1,201,1,201,1,201,1,201,1,201,1,201,1,201,1,201,1,201,3085,344,270,6102,294,8760,33,9361,295,834,2004,16,1,201,3085,344,270,6102,294,8760,33,9361,295,834,2004,16,1999,344,270,6102,294,8760,33,9361,295,834,2004,16,1999,344,270,6102,294,8760,33,9361,295,834,2004,16,1999,344,270,6102,294,8760,33,9361,295,834,2004,16,1999,344,270,6102,294,8760,33,9361,295,834,2004,16,1999,344,270,6102,294,8760,33,9361,295,834,2004,16,1999,344,270,6102,294,8760,33,9361,295,834,2004,16,1999,344,270,6102,294,8760,33,9361,295,834,2004,16,1999,344,270,6102,294,8760,33,9361,295,834,2004,16,1999,344,270,6102,294,8760,33,9361,295,834,2004,16,1999,344,270,6102,294,8760,33,9361,295,834,2004,16,1999,344,270,6102,294,8760,33,9361,295,834,2004,16,1999,344,270,6102,294,8760,33,9361,295,834
0,3085,344,270,6102,294,8760,33,9361,295,834,2004,16,1,201,1,201,1,201,1,201,1,201,1,201,1,201,1,201,1,201,1,201,1,201,1,201,1,201,1,201,1,201,1,201,3085,344,270,6102,294,8760,33,9361,295,834,2004,16,1,201,3085,344,270,6102,294,8760,33,9361,295,834,2004,16,1999,344,270,6102,294,8760,33,9361,295,834,2004,16,1999,344,270,6102,294,8760,33,9361,295,834,2004,16,1999,344,270,6102,294,8760,33,9361,295,834,2004,16,1999,344,270,6102,294,8760,33,9361,295,834,2004,16,1999,344,270,6102,294,8760,33,9361,295,834,2004,16,1999,344,270,6102,294,8760,33,9361,295,834,2004,16,1999,344,270,6102,294,8760,33,9361,295,834,2004,16,1999,344,270,6102,294,8760,33,9361,295,834,2004,16,1999,344,270,6102,294,8760,33,9361,295,834,2004,16,1999,344,270,6102,294,8760,33,9361,295,834,2004,16,1999,344,270,6102,294,8760,33,9361,295,834,2004,16,1999,344,270,6102,294,8760,33,9361,295,834,2004,16,1999
