[model-lock] acquired (865871) — 112 GiB available
  live checkpoint pinned by config/live_ckpt -> /home/patrickd/models/ckpt-head-s3
  preflight gate_tokenizer ok
  preflight gate_encoding ok
  preflight gate_api ok
  preflight gate_stream ok
[server] tokenizer /home/patrickd/models/ckpt-head-s3/tokenizer.json
[server] tokenizer ok (vocab 128000, 1283 added)
[engine] loading /home/patrickd/models/ckpt-head-s3 (seqmax=16384, blk=6, adaptK=1.50)...
[engine] loaded 100.40 GiB, 45821 tensors (MANAGED device-preferred)
[engine] building 43 layer structs (persistent)...
[engine] DSpark head: NSTAGE=3 experts=160
[dprof] enabled, 8192 marks
[engine] ready. mem 111.7/122.8 GiB  (seqmax 16384, batch 64, arena 640 MiB)

[server] listening on http://0.0.0.0:8080   (web UI at /)
[server] model deepseek-v4-flash-0731-reap, context 16384, block 6, adaptK 1.50
[engine] prefill 12281 tok, arena high-water 103 MiB of 640 MiB

[dprof] ctx=12281 VB=3 verify=0 — verify step by sub-op, summed over all layers (1542 marks)
[dprof] phase                    ms        %      calls
[dprof] hc_pre  (attn)         2.11     1.7%         43
[dprof] rmsnorm (attn)         0.74     0.6%         43
[dprof] ATTENTION             65.33    53.9%         43
[dprof] hc_post (attn)         0.39     0.3%         43
[dprof] hc_pre  (ffn)          2.85     2.4%         43
[dprof] rmsnorm (ffn)          0.76     0.6%         43
[dprof] MoE                   43.57    36.0%         43
[dprof] hc_post (ffn)          0.37     0.3%         43
[dprof] kv xin copy            0.22     0.2%         41
[dprof] hc_head+norm           0.03     0.0%          1
[dprof] lm_head                4.80     4.0%          1
[dprof]   attn:q_proj          0.49     0.4%          2
[dprof]   attn:kv_write        0.08     0.1%          2
[dprof]   attn:sparse          0.35     0.3%          2
[dprof]   attn:ogroup          0.90     0.7%          2
[dprof]   cattn:q_proj        14.60    12.0%         41
[dprof]   cattn:compress       2.46     2.0%         41
[dprof]   cattn:indexer        4.60     3.8%         21
[dprof]   cattn:sparse        16.77    13.8%         41
[dprof]   cattn:ogroup        16.05    13.2%         41
[dprof]   moe:router           1.97     1.6%         46
[dprof]   moe:group            2.50     2.1%         46
[dprof]   moe:w1w3            28.03    23.1%         46
[dprof]   moe:act              1.50     1.2%         46
[dprof]   moe:w2              13.39    11.1%         46
[dprof]   moe:combine          0.53     0.4%         46
[dprof]   moe:shared           0.26     0.2%         46
[dprof]     q:aq(x)            0.27     0.2%         41
[dprof]     q:wq_a             5.50     4.5%         41
[dprof]     q:rms+aq           0.90     0.7%         41
[dprof]     q:wq_b             6.87     5.7%         41
[dprof]     q:tail             0.54     0.4%         41
[dprof]     q:kv_join          0.07     0.1%         41
[dprof]     o:rope             0.25     0.2%         41
[dprof]     o:wo_a             8.01     6.6%         41
[dprof]     o:wo_b             7.57     6.2%         41
[dprof]     i:qidx             1.57     1.3%         21
[dprof]     i:iw               0.57     0.5%         21
[dprof]     i:score            1.55     1.3%         21
[dprof]     i:topk             0.78     0.6%         21
[dprof]       mg:count         0.22     0.2%         46
[dprof]       mg:prefix        0.23     0.2%         46
[dprof]       mg:scatter       0.24     0.2%         46
[dprof]       mg:tiles         0.25     0.2%         46
[dprof] draft:main_kv         47.44    39.2%          1
[dprof] draft:block           13.03    10.8%          1
[dprof] draft:head            10.51     8.7%          1
[dprof] TOTAL                121.18
[dprof] *** INVALID: moe children 48.17 ms > MoE 43.57 ms — marks recorded outside the reported window

[dprof] ctx=12289 VB=2 verify=4 — verify step by sub-op, summed over all layers (1542 marks)
[dprof] phase                    ms        %      calls
[dprof] hc_pre  (attn)         1.78     1.7%         43
[dprof] rmsnorm (attn)         0.74     0.7%         43
[dprof] ATTENTION             56.46    55.2%         43
[dprof] hc_post (attn)         0.34     0.3%         43
[dprof] hc_pre  (ffn)          2.79     2.7%         43
[dprof] rmsnorm (ffn)          0.77     0.8%         43
[dprof] MoE                   33.58    32.8%         43
[dprof] hc_post (ffn)          0.28     0.3%         43
[dprof] kv xin copy            0.23     0.2%         41
[dprof] hc_head+norm           0.05     0.1%          1
[dprof] lm_head                5.34     5.2%          1
[dprof]   attn:q_proj          0.45     0.4%          2
[dprof]   attn:kv_write        0.08     0.1%          2
[dprof]   attn:sparse          0.32     0.3%          2
[dprof]   attn:ogroup          0.78     0.8%          2
[dprof]   cattn:q_proj        10.09     9.9%         41
[dprof]   cattn:compress       0.06     0.1%         41
[dprof]   cattn:indexer        4.10     4.0%         21
[dprof]   cattn:sparse        15.33    15.0%         41
[dprof]   cattn:ogroup        15.42    15.1%         41
[dprof]   moe:router           1.94     1.9%         46
[dprof]   moe:group            2.02     2.0%         46
[dprof]   moe:w1w3            21.47    21.0%         46
[dprof]   moe:act              1.44     1.4%         46
[dprof]   moe:w2               9.88     9.6%         46
[dprof]   moe:combine          0.51     0.5%         46
[dprof]   moe:shared           0.25     0.2%         46
[dprof]     q:aq(x)            0.22     0.2%         41
[dprof]     q:wq_a             1.64     1.6%         41
[dprof]     q:rms+aq           0.59     0.6%         41
[dprof]     q:wq_b             6.77     6.6%         41
[dprof]     q:tail             0.48     0.5%         41
[dprof]     q:kv_join          0.04     0.0%         41
[dprof]     o:rope             0.25     0.2%         41
[dprof]     o:wo_a             7.62     7.4%         41
[dprof]     o:wo_b             7.35     7.2%         41
[dprof]     i:qidx             1.52     1.5%         21
[dprof]     i:iw               0.43     0.4%         21
[dprof]     i:score            1.30     1.3%         21
[dprof]     i:topk             0.72     0.7%         21
[dprof]       mg:count         0.22     0.2%         46
[dprof]       mg:prefix        0.26     0.3%         46
[dprof]       mg:scatter       0.26     0.3%         46
[dprof]       mg:tiles         0.26     0.3%         46
[dprof] draft:main_kv          0.13     0.1%          1
[dprof] draft:block           12.17    11.9%          1
[dprof] draft:head            10.15     9.9%          1
[dprof] TOTAL                102.37
[dprof] *** INVALID: moe children 37.50 ms > MoE 33.58 ms — marks recorded outside the reported window

[dprof] ctx=12293 VB=2 verify=8 — verify step by sub-op, summed over all layers (1542 marks)
[dprof] phase                    ms        %      calls
[dprof] hc_pre  (attn)         1.79     1.7%         43
[dprof] rmsnorm (attn)         0.74     0.7%         43
[dprof] ATTENTION             56.87    55.2%         43
[dprof] hc_post (attn)         0.33     0.3%         43
[dprof] hc_pre  (ffn)          2.76     2.7%         43
[dprof] rmsnorm (ffn)          0.75     0.7%         43
[dprof] MoE                   34.38    33.3%         43
[dprof] hc_post (ffn)          0.28     0.3%         43
[dprof] kv xin copy            0.25     0.2%         41
[dprof] hc_head+norm           0.03     0.0%          1
[dprof] lm_head                4.93     4.8%          1
[dprof]   attn:q_proj          0.46     0.4%          2
[dprof]   attn:kv_write        0.09     0.1%          2
[dprof]   attn:sparse          0.34     0.3%          2
[dprof]   attn:ogroup          0.73     0.7%          2
[dprof]   cattn:q_proj        10.04     9.7%         41
[dprof]   cattn:compress       0.04     0.0%         41
[dprof]   cattn:indexer        4.05     3.9%         21
[dprof]   cattn:sparse        15.37    14.9%         41
[dprof]   cattn:ogroup        15.79    15.3%         41
[dprof]   moe:router           1.95     1.9%         46
[dprof]   moe:group            1.97     1.9%         46
[dprof]   moe:w1w3            22.20    21.5%         46
[dprof]   moe:act              1.60     1.5%         46
[dprof]   moe:w2               9.88     9.6%         46
[dprof]   moe:combine          0.50     0.5%         46
[dprof]   moe:shared           0.26     0.2%         46
[dprof]     q:aq(x)            0.23     0.2%         41
[dprof]     q:wq_a             1.66     1.6%         41
[dprof]     q:rms+aq           0.58     0.6%         41
[dprof]     q:wq_b             6.70     6.5%         41
[dprof]     q:tail             0.47     0.5%         41
[dprof]     q:kv_join          0.05     0.0%         41
[dprof]     o:rope             0.26     0.3%         41
[dprof]     o:wo_a             7.79     7.6%         41
[dprof]     o:wo_b             7.51     7.3%         41
[dprof]     i:qidx             1.49     1.4%         21
[dprof]     i:iw               0.42     0.4%         21
[dprof]     i:score            1.31     1.3%         21
[dprof]     i:topk             0.72     0.7%         21
[dprof]       mg:count         0.22     0.2%         46
[dprof]       mg:prefix        0.24     0.2%         46
[dprof]       mg:scatter       0.24     0.2%         46
[dprof]       mg:tiles         0.26     0.3%         46
[dprof] draft:main_kv          0.13     0.1%          1
[dprof] draft:block           12.19    11.8%          1
[dprof] draft:head            10.24     9.9%          1
[dprof] TOTAL                103.11
[dprof] *** INVALID: moe children 38.35 ms > MoE 34.38 ms — marks recorded outside the reported window

[dprof] ctx=12299 VB=3 verify=12 — verify step by sub-op, summed over all layers (1542 marks)
[dprof] phase                    ms        %      calls
[dprof] hc_pre  (attn)         2.10     1.7%         43
[dprof] rmsnorm (attn)         0.75     0.6%         43
[dprof] ATTENTION             65.60    54.4%         43
[dprof] hc_post (attn)         0.40     0.3%         43
[dprof] hc_pre  (ffn)          2.87     2.4%         43
[dprof] rmsnorm (ffn)          0.76     0.6%         43
[dprof] MoE                   42.43    35.2%         43
[dprof] hc_post (ffn)          0.36     0.3%         43
[dprof] kv xin copy            0.22     0.2%         41
[dprof] hc_head+norm           0.03     0.0%          1
[dprof] lm_head                5.06     4.2%          1
[dprof]   attn:q_proj          0.46     0.4%          2
[dprof]   attn:kv_write        0.08     0.1%          2
[dprof]   attn:sparse          0.33     0.3%          2
[dprof]   attn:ogroup          0.83     0.7%          2
[dprof]   cattn:q_proj        14.89    12.3%         41
[dprof]   cattn:compress       2.47     2.0%         41
[dprof]   cattn:indexer        4.67     3.9%         21
[dprof]   cattn:sparse        16.79    13.9%         41
[dprof]   cattn:ogroup        16.02    13.3%         41
[dprof]   moe:router           1.95     1.6%         46
[dprof]   moe:group            2.07     1.7%         46
[dprof]   moe:w1w3            26.99    22.4%         46
[dprof]   moe:act              1.39     1.2%         46
[dprof]   moe:w2              13.10    10.9%         46
[dprof]   moe:combine          0.57     0.5%         46
[dprof]   moe:shared           0.26     0.2%         46
[dprof]     q:aq(x)            0.37     0.3%         41
[dprof]     q:wq_a             5.73     4.8%         41
[dprof]     q:rms+aq           0.85     0.7%         41
[dprof]     q:wq_b             6.93     5.7%         41
[dprof]     q:tail             0.52     0.4%         41
[dprof]     q:kv_join          0.06     0.1%         41
[dprof]     o:rope             0.25     0.2%         41
[dprof]     o:wo_a             8.06     6.7%         41
[dprof]     o:wo_b             7.52     6.2%         41
[dprof]     i:qidx             1.61     1.3%         21
[dprof]     i:iw               0.56     0.5%         21
[dprof]     i:score            1.58     1.3%         21
[dprof]     i:topk             0.77     0.6%         21
[dprof]       mg:count         0.22     0.2%         46
[dprof]       mg:prefix        0.25     0.2%         46
[dprof]       mg:scatter       0.24     0.2%         46
[dprof]       mg:tiles         0.25     0.2%         46
[dprof] draft:main_kv          0.13     0.1%          1
[dprof] draft:block           12.13    10.1%          1
[dprof] draft:head            10.17     8.4%          1
[dprof] TOTAL                120.60
[dprof] *** INVALID: moe children 46.34 ms > MoE 42.43 ms — marks recorded outside the reported window

[dprof] ctx=12305 VB=3 verify=16 — verify step by sub-op, summed over all layers (1542 marks)
[dprof] phase                    ms        %      calls
[dprof] hc_pre  (attn)         2.13     1.8%         43
[dprof] rmsnorm (attn)         0.74     0.6%         43
[dprof] ATTENTION             65.16    54.0%         43
[dprof] hc_post (attn)         0.40     0.3%         43
[dprof] hc_pre  (ffn)          2.85     2.4%         43
[dprof] rmsnorm (ffn)          0.75     0.6%         43
[dprof] MoE                   42.96    35.6%         43
[dprof] hc_post (ffn)          0.36     0.3%         43
[dprof] kv xin copy            0.22     0.2%         41
[dprof] hc_head+norm           0.03     0.0%          1
[dprof] lm_head                5.08     4.2%          1
[dprof]   attn:q_proj          0.45     0.4%          2
[dprof]   attn:kv_write        0.08     0.1%          2
[dprof]   attn:sparse          0.33     0.3%          2
[dprof]   attn:ogroup          0.76     0.6%          2
[dprof]   cattn:q_proj        14.44    12.0%         41
[dprof]   cattn:compress       2.45     2.0%         41
[dprof]   cattn:indexer        4.66     3.9%         21
[dprof]   cattn:sparse        16.78    13.9%         41
[dprof]   cattn:ogroup        16.11    13.3%         41
[dprof]   moe:router           1.93     1.6%         46
[dprof]   moe:group            2.05     1.7%         46
[dprof]   moe:w1w3            27.38    22.7%         46
[dprof]   moe:act              1.52     1.3%         46
[dprof]   moe:w2              13.27    11.0%         46
[dprof]   moe:combine          0.53     0.4%         46
[dprof]   moe:shared           0.25     0.2%         46
[dprof]     q:aq(x)            0.27     0.2%         41
[dprof]     q:wq_a             5.48     4.5%         41
[dprof]     q:rms+aq           0.87     0.7%         41
[dprof]     q:wq_b             6.83     5.7%         41
[dprof]     q:tail             0.51     0.4%         41
[dprof]     q:kv_join          0.05     0.0%         41
[dprof]     o:rope             0.24     0.2%         41
[dprof]     o:wo_a             8.06     6.7%         41
[dprof]     o:wo_b             7.61     6.3%         41
[dprof]     i:qidx             1.59     1.3%         21
[dprof]     i:iw               0.55     0.5%         21
[dprof]     i:score            1.59     1.3%         21
[dprof]     i:topk             0.79     0.7%         21
[dprof]       mg:count         0.22     0.2%         46
[dprof]       mg:prefix        0.23     0.2%         46
[dprof]       mg:scatter       0.24     0.2%         46
[dprof]       mg:tiles         0.25     0.2%         46
[dprof] draft:main_kv          0.13     0.1%          1
[dprof] draft:block           12.18    10.1%          1
[dprof] draft:head            10.26     8.5%          1
[dprof] TOTAL                120.69
[dprof] *** INVALID: moe children 46.93 ms > MoE 42.96 ms — marks recorded outside the reported window

[dprof] ctx=12312 VB=3 verify=20 — verify step by sub-op, summed over all layers (1542 marks)
[dprof] phase                    ms        %      calls
[dprof] hc_pre  (attn)         2.09     1.8%         43
[dprof] rmsnorm (attn)         0.75     0.6%         43
[dprof] ATTENTION             59.03    50.2%         43
[dprof] hc_post (attn)         0.40     0.3%         43
[dprof] hc_pre  (ffn)          2.86     2.4%         43
[dprof] rmsnorm (ffn)          0.77     0.7%         43
[dprof] MoE                   46.16    39.3%         43
[dprof] hc_post (ffn)          0.35     0.3%         43
[dprof] kv xin copy            0.22     0.2%         41
[dprof] hc_head+norm           0.04     0.0%          1
[dprof] lm_head                4.90     4.2%          1
[dprof]   attn:q_proj          0.45     0.4%          2
[dprof]   attn:kv_write        0.08     0.1%          2
[dprof]   attn:sparse          0.34     0.3%          2
[dprof]   attn:ogroup          0.79     0.7%          2
[dprof]   cattn:q_proj        10.19     8.7%         41
[dprof]   cattn:compress       0.05     0.0%         41
[dprof]   cattn:indexer        4.67     4.0%         21
[dprof]   cattn:sparse        16.75    14.2%         41
[dprof]   cattn:ogroup        15.88    13.5%         41
[dprof]   moe:router           1.96     1.7%         46
[dprof]   moe:group            2.23     1.9%         46
[dprof]   moe:w1w3            29.77    25.3%         46
[dprof]   moe:act              1.51     1.3%         46
[dprof]   moe:w2              13.93    11.8%         46
[dprof]   moe:combine          0.57     0.5%         46
[dprof]   moe:shared           0.25     0.2%         46
[dprof]     q:aq(x)            0.24     0.2%         41
[dprof]     q:wq_a             1.67     1.4%         41
[dprof]     q:rms+aq           0.59     0.5%         41
[dprof]     q:wq_b             6.80     5.8%         41
[dprof]     q:tail             0.50     0.4%         41
[dprof]     q:kv_join          0.05     0.0%         41
[dprof]     o:rope             0.25     0.2%         41
[dprof]     o:wo_a             7.95     6.8%         41
[dprof]     o:wo_b             7.47     6.3%         41
[dprof]     i:qidx             1.64     1.4%         21
[dprof]     i:iw               0.53     0.5%         21
[dprof]     i:score            1.57     1.3%         21
[dprof]     i:topk             0.79     0.7%         21
[dprof]       mg:count         0.24     0.2%         46
[dprof]       mg:prefix        0.29     0.2%         46
[dprof]       mg:scatter       0.26     0.2%         46
[dprof]       mg:tiles         0.26     0.2%         46
[dprof] draft:main_kv          0.13     0.1%          1
[dprof] draft:block           12.27    10.4%          1
[dprof] draft:head            10.20     8.7%          1
[dprof] TOTAL                117.59
[dprof] *** INVALID: moe children 50.22 ms > MoE 46.16 ms — marks recorded outside the reported window

[dprof] ctx=12318 VB=2 verify=24 — verify step by sub-op, summed over all layers (1542 marks)
[dprof] phase                    ms        %      calls
[dprof] hc_pre  (attn)         1.78     1.6%         43
[dprof] rmsnorm (attn)         0.75     0.7%         43
[dprof] ATTENTION             62.54    57.9%         43
[dprof] hc_post (attn)         0.33     0.3%         43
[dprof] hc_pre  (ffn)          2.77     2.6%         43
[dprof] rmsnorm (ffn)          0.78     0.7%         43
[dprof] MoE                   33.44    31.0%         43
[dprof] hc_post (ffn)          0.27     0.2%         43
[dprof] kv xin copy            0.23     0.2%         41
[dprof] hc_head+norm           0.03     0.0%          1
[dprof] lm_head                5.05     4.7%          1
[dprof]   attn:q_proj          0.45     0.4%          2
[dprof]   attn:kv_write        0.09     0.1%          2
[dprof]   attn:sparse          0.32     0.3%          2
[dprof]   attn:ogroup          0.73     0.7%          2
[dprof]   cattn:q_proj        14.44    13.4%         41
[dprof]   cattn:compress       2.46     2.3%         41
[dprof]   cattn:indexer        4.14     3.8%         21
[dprof]   cattn:sparse        15.34    14.2%         41
[dprof]   cattn:ogroup        15.61    14.5%         41
[dprof]   moe:router           1.97     1.8%         46
[dprof]   moe:group            1.94     1.8%         46
[dprof]   moe:w1w3            21.35    19.8%         46
[dprof]   moe:act              1.53     1.4%         46
[dprof]   moe:w2               9.72     9.0%         46
[dprof]   moe:combine          0.51     0.5%         46
[dprof]   moe:shared           0.26     0.2%         46
[dprof]     q:aq(x)            0.28     0.3%         41
[dprof]     q:wq_a             5.42     5.0%         41
[dprof]     q:rms+aq           1.01     0.9%         41
[dprof]     q:wq_b             6.75     6.3%         41
[dprof]     q:tail             0.49     0.5%         41
[dprof]     q:kv_join          0.05     0.0%         41
[dprof]     o:rope             0.26     0.2%         41
[dprof]     o:wo_a             7.76     7.2%         41
[dprof]     o:wo_b             7.39     6.8%         41
[dprof]     i:qidx             1.49     1.4%         21
[dprof]     i:iw               0.42     0.4%         21
[dprof]     i:score            1.35     1.2%         21
[dprof]     i:topk             0.75     0.7%         21
[dprof]       mg:count         0.22     0.2%         46
[dprof]       mg:prefix        0.24     0.2%         46
[dprof]       mg:scatter       0.24     0.2%         46
[dprof]       mg:tiles         0.25     0.2%         46
[dprof] draft:main_kv          0.13     0.1%          1
[dprof] draft:block           12.16    11.3%          1
[dprof] draft:head            10.26     9.5%          1
[dprof] TOTAL                107.97
[dprof] *** INVALID: moe children 37.29 ms > MoE 33.44 ms — marks recorded outside the reported window

[dprof] ctx=12323 VB=2 verify=28 — verify step by sub-op, summed over all layers (1542 marks)
[dprof] phase                    ms        %      calls
[dprof] hc_pre  (attn)         1.80     1.7%         43
[dprof] rmsnorm (attn)         0.76     0.7%         43
[dprof] ATTENTION             63.15    58.2%         43
[dprof] hc_post (attn)         0.34     0.3%         43
[dprof] hc_pre  (ffn)          2.76     2.5%         43
[dprof] rmsnorm (ffn)          0.75     0.7%         43
[dprof] MoE                   33.22    30.6%         43
[dprof] hc_post (ffn)          0.28     0.3%         43
[dprof] kv xin copy            0.22     0.2%         41
[dprof] hc_head+norm           0.05     0.0%          1
[dprof] lm_head                5.20     4.8%          1
[dprof]   attn:q_proj          0.45     0.4%          2
[dprof]   attn:kv_write        0.08     0.1%          2
[dprof]   attn:sparse          0.32     0.3%          2
[dprof]   attn:ogroup          0.73     0.7%          2
[dprof]   cattn:q_proj        14.78    13.6%         41
[dprof]   cattn:compress       2.47     2.3%         41
[dprof]   cattn:indexer        4.12     3.8%         21
[dprof]   cattn:sparse        15.35    14.1%         41
[dprof]   cattn:ogroup        15.76    14.5%         41
[dprof]   moe:router           1.93     1.8%         46
[dprof]   moe:group            1.92     1.8%         46
[dprof]   moe:w1w3            21.19    19.5%         46
[dprof]   moe:act              1.40     1.3%         46
[dprof]   moe:w2               9.73     9.0%         46
[dprof]   moe:combine          0.51     0.5%         46
[dprof]   moe:shared           0.27     0.3%         46
[dprof]     q:aq(x)            0.40     0.4%         41
[dprof]     q:wq_a             5.63     5.2%         41
[dprof]     q:rms+aq           0.99     0.9%         41
[dprof]     q:wq_b             6.78     6.2%         41
[dprof]     q:tail             0.48     0.4%         41
[dprof]     q:kv_join          0.05     0.0%         41
[dprof]     o:rope             0.25     0.2%         41
[dprof]     o:wo_a             7.82     7.2%         41
[dprof]     o:wo_b             7.48     6.9%         41
[dprof]     i:qidx             1.51     1.4%         21
[dprof]     i:iw               0.43     0.4%         21
[dprof]     i:score            1.34     1.2%         21
[dprof]     i:topk             0.73     0.7%         21
[dprof]       mg:count         0.23     0.2%         46
[dprof]       mg:prefix        0.25     0.2%         46
[dprof]       mg:scatter       0.25     0.2%         46
[dprof]       mg:tiles         0.24     0.2%         46
[dprof] draft:main_kv          0.13     0.1%          1
[dprof] draft:block           12.01    11.1%          1
[dprof] draft:head            10.30     9.5%          1
[dprof] TOTAL                108.52
[dprof] *** INVALID: moe children 36.95 ms > MoE 33.22 ms — marks recorded outside the reported window

[dprof] ctx=12331 VB=2 verify=32 — verify step by sub-op, summed over all layers (1542 marks)
[dprof] phase                    ms        %      calls
[dprof] hc_pre  (attn)         1.81     1.6%         43
[dprof] rmsnorm (attn)         0.76     0.7%         43
[dprof] ATTENTION             63.16    57.6%         43
[dprof] hc_post (attn)         0.33     0.3%         43
[dprof] hc_pre  (ffn)          2.78     2.5%         43
[dprof] rmsnorm (ffn)          0.77     0.7%         43
[dprof] MoE                   34.42    31.4%         43
[dprof] hc_post (ffn)          0.27     0.2%         43
[dprof] kv xin copy            0.24     0.2%         41
[dprof] hc_head+norm           0.03     0.0%          1
[dprof] lm_head                5.14     4.7%          1
[dprof]   attn:q_proj          0.44     0.4%          2
[dprof]   attn:kv_write        0.08     0.1%          2
[dprof]   attn:sparse          0.32     0.3%          2
[dprof]   attn:ogroup          0.72     0.7%          2
[dprof]   cattn:q_proj        14.74    13.4%         41
[dprof]   cattn:compress       2.46     2.2%         41
[dprof]   cattn:indexer        4.19     3.8%         21
[dprof]   cattn:sparse        15.36    14.0%         41
[dprof]   cattn:ogroup        15.61    14.2%         41
[dprof]   moe:router           1.95     1.8%         46
[dprof]   moe:group            1.93     1.8%         46
[dprof]   moe:w1w3            22.10    20.2%         46
[dprof]   moe:act              1.39     1.3%         46
[dprof]   moe:w2              10.11     9.2%         46
[dprof]   moe:combine          0.50     0.5%         46
[dprof]   moe:shared           0.25     0.2%         46
[dprof]     q:aq(x)            0.29     0.3%         41
[dprof]     q:wq_a             5.66     5.2%         41
[dprof]     q:rms+aq           0.99     0.9%         41
[dprof]     q:wq_b             6.84     6.2%         41
[dprof]     q:tail             0.49     0.5%         41
[dprof]     q:kv_join          0.05     0.0%         41
[dprof]     o:rope             0.27     0.2%         41
[dprof]     o:wo_a             7.74     7.1%         41
[dprof]     o:wo_b             7.39     6.7%         41
[dprof]     i:qidx             1.50     1.4%         21
[dprof]     i:iw               0.44     0.4%         21
[dprof]     i:score            1.34     1.2%         21
[dprof]     i:topk             0.76     0.7%         21
[dprof]       mg:count         0.23     0.2%         46
[dprof]       mg:prefix        0.24     0.2%         46
[dprof]       mg:scatter       0.24     0.2%         46
[dprof]       mg:tiles         0.24     0.2%         46
[dprof] draft:main_kv          0.13     0.1%          1
[dprof] draft:block           12.19    11.1%          1
[dprof] draft:head            10.24     9.3%          1
[dprof] TOTAL                109.69
[dprof] *** INVALID: moe children 38.24 ms > MoE 34.42 ms — marks recorded outside the reported window

[dprof] ctx=12339 VB=2 verify=36 — verify step by sub-op, summed over all layers (1542 marks)
[dprof] phase                    ms        %      calls
[dprof] hc_pre  (attn)         1.80     1.7%         43
[dprof] rmsnorm (attn)         0.75     0.7%         43
[dprof] ATTENTION             63.15    58.4%         43
[dprof] hc_post (attn)         0.33     0.3%         43
[dprof] hc_pre  (ffn)          2.79     2.6%         43
[dprof] rmsnorm (ffn)          0.76     0.7%         43
[dprof] MoE                   33.27    30.8%         43
[dprof] hc_post (ffn)          0.29     0.3%         43
[dprof] kv xin copy            0.23     0.2%         41
[dprof] hc_head+norm           0.03     0.0%          1
[dprof] lm_head                4.71     4.4%          1
[dprof]   attn:q_proj          0.49     0.5%          2
[dprof]   attn:kv_write        0.08     0.1%          2
[dprof]   attn:sparse          0.33     0.3%          2
[dprof]   attn:ogroup          0.77     0.7%          2
[dprof]   cattn:q_proj        14.65    13.6%         41
[dprof]   cattn:compress       2.48     2.3%         41
[dprof]   cattn:indexer        4.22     3.9%         21
[dprof]   cattn:sparse        15.36    14.2%         41
[dprof]   cattn:ogroup        15.49    14.3%         41
[dprof]   moe:router           1.96     1.8%         46
[dprof]   moe:group            1.97     1.8%         46
[dprof]   moe:w1w3            21.29    19.7%         46
[dprof]   moe:act              1.48     1.4%         46
[dprof]   moe:w2               9.64     8.9%         46
[dprof]   moe:combine          0.53     0.5%         46
[dprof]   moe:shared           0.25     0.2%         46
[dprof]     q:aq(x)            0.28     0.3%         41
[dprof]     q:wq_a             5.66     5.2%         41
[dprof]     q:rms+aq           1.01     0.9%         41
[dprof]     q:wq_b             6.76     6.3%         41
[dprof]     q:tail             0.49     0.5%         41
[dprof]     q:kv_join          0.06     0.1%         41
[dprof]     o:rope             0.26     0.2%         41
[dprof]     o:wo_a             7.70     7.1%         41
[dprof]     o:wo_b             7.34     6.8%         41
[dprof]     i:qidx             1.53     1.4%         21
[dprof]     i:iw               0.44     0.4%         21
[dprof]     i:score            1.35     1.3%         21
[dprof]     i:topk             0.75     0.7%         21
[dprof]       mg:count         0.22     0.2%         46
[dprof]       mg:prefix        0.26     0.2%         46
[dprof]       mg:scatter       0.25     0.2%         46
[dprof]       mg:tiles         0.26     0.2%         46
[dprof] draft:main_kv          0.13     0.1%          1
[dprof] draft:block           12.05    11.1%          1
[dprof] draft:head            10.17     9.4%          1
[dprof] TOTAL                108.12
[dprof] *** INVALID: moe children 37.12 ms > MoE 33.27 ms — marks recorded outside the reported window

[dprof] ctx=12344 VB=3 verify=40 — verify step by sub-op, summed over all layers (1542 marks)
[dprof] phase                    ms        %      calls
[dprof] hc_pre  (attn)         2.08     1.8%         43
[dprof] rmsnorm (attn)         0.75     0.6%         43
[dprof] ATTENTION             59.15    50.5%         43
[dprof] hc_post (attn)         0.38     0.3%         43
[dprof] hc_pre  (ffn)          2.87     2.4%         43
[dprof] rmsnorm (ffn)          0.75     0.6%         43
[dprof] MoE                   45.73    39.0%         43
[dprof] hc_post (ffn)          0.36     0.3%         43
[dprof] kv xin copy            0.22     0.2%         41
[dprof] hc_head+norm           0.03     0.0%          1
[dprof] lm_head                4.90     4.2%          1
[dprof]   attn:q_proj          0.46     0.4%          2
[dprof]   attn:kv_write        0.08     0.1%          2
[dprof]   attn:sparse          0.33     0.3%          2
[dprof]   attn:ogroup          0.76     0.6%          2
[dprof]   cattn:q_proj        10.23     8.7%         41
[dprof]   cattn:compress       0.06     0.1%         41
[dprof]   cattn:indexer        4.66     4.0%         21
[dprof]   cattn:sparse        16.78    14.3%         41
[dprof]   cattn:ogroup        15.90    13.6%         41
[dprof]   moe:router           1.94     1.7%         46
[dprof]   moe:group            2.06     1.8%         46
[dprof]   moe:w1w3            29.45    25.1%         46
[dprof]   moe:act              1.53     1.3%         46
[dprof]   moe:w2              13.86    11.8%         46
[dprof]   moe:combine          0.56     0.5%         46
[dprof]   moe:shared           0.27     0.2%         46
[dprof]     q:aq(x)            0.25     0.2%         41
[dprof]     q:wq_a             1.69     1.4%         41
[dprof]     q:rms+aq           0.58     0.5%         41
[dprof]     q:wq_b             6.78     5.8%         41
[dprof]     q:tail             0.50     0.4%         41
[dprof]     q:kv_join          0.05     0.0%         41
[dprof]     o:rope             0.26     0.2%         41
[dprof]     o:wo_a             7.96     6.8%         41
[dprof]     o:wo_b             7.50     6.4%         41
[dprof]     i:qidx             1.65     1.4%         21
[dprof]     i:iw               0.55     0.5%         21
[dprof]     i:score            1.56     1.3%         21
[dprof]     i:topk             0.78     0.7%         21
[dprof]       mg:count         0.22     0.2%         46
[dprof]       mg:prefix        0.25     0.2%         46
[dprof]       mg:scatter       0.26     0.2%         46
[dprof]       mg:tiles         0.24     0.2%         46
[dprof] draft:main_kv          0.13     0.1%          1
[dprof] draft:block           12.13    10.3%          1
[dprof] draft:head            10.23     8.7%          1
[dprof] TOTAL                117.24
[dprof] *** INVALID: moe children 49.68 ms > MoE 45.73 ms — marks recorded outside the reported window

[dprof] ctx=12350 VB=2 verify=44 — verify step by sub-op, summed over all layers (1542 marks)
[dprof] phase                    ms        %      calls
[dprof] hc_pre  (attn)         1.82     1.6%         43
[dprof] rmsnorm (attn)         0.75     0.7%         43
[dprof] ATTENTION             62.53    56.8%         43
[dprof] hc_post (attn)         0.32     0.3%         43
[dprof] hc_pre  (ffn)          2.78     2.5%         43
[dprof] rmsnorm (ffn)          0.74     0.7%         43
[dprof] MoE                   35.51    32.2%         43
[dprof] hc_post (ffn)          0.27     0.2%         43
[dprof] kv xin copy            0.23     0.2%         41
[dprof] hc_head+norm           0.03     0.0%          1
[dprof] lm_head                5.17     4.7%          1
[dprof]   attn:q_proj          0.45     0.4%          2
[dprof]   attn:kv_write        0.08     0.1%          2
[dprof]   attn:sparse          0.32     0.3%          2
[dprof]   attn:ogroup          0.72     0.7%          2
[dprof]   cattn:q_proj        14.40    13.1%         41
[dprof]   cattn:compress       2.47     2.2%         41
[dprof]   cattn:indexer        4.10     3.7%         21
[dprof]   cattn:sparse        15.37    14.0%         41
[dprof]   cattn:ogroup        15.63    14.2%         41
[dprof]   moe:router           1.92     1.7%         46
[dprof]   moe:group            1.86     1.7%         46
[dprof]   moe:w1w3            22.90    20.8%         46
[dprof]   moe:act              1.56     1.4%         46
[dprof]   moe:w2              10.36     9.4%         46
[dprof]   moe:combine          0.50     0.5%         46
[dprof]   moe:shared           0.27     0.2%         46
[dprof]     q:aq(x)            0.49     0.4%         41
[dprof]     q:wq_a             5.20     4.7%         41
[dprof]     q:rms+aq           0.98     0.9%         41
[dprof]     q:wq_b             6.73     6.1%         41
[dprof]     q:tail             0.49     0.4%         41
[dprof]     q:kv_join          0.07     0.1%         41
[dprof]     o:rope             0.27     0.2%         41
[dprof]     o:wo_a             7.72     7.0%         41
[dprof]     o:wo_b             7.44     6.8%         41
[dprof]     i:qidx             1.48     1.3%         21
[dprof]     i:iw               0.44     0.4%         21
[dprof]     i:score            1.32     1.2%         21
[dprof]     i:topk             0.75     0.7%         21
[dprof]       mg:count         0.21     0.2%         46
[dprof]       mg:prefix        0.24     0.2%         46
[dprof]       mg:scatter       0.24     0.2%         46
[dprof]       mg:tiles         0.24     0.2%         46
[dprof] draft:main_kv          0.13     0.1%          1
[dprof] draft:block           12.15    11.0%          1
[dprof] draft:head            10.31     9.4%          1
[dprof] TOTAL                110.15
[dprof] *** INVALID: moe children 39.36 ms > MoE 35.51 ms — marks recorded outside the reported window

[dprof] ctx=12355 VB=2 verify=48 — verify step by sub-op, summed over all layers (1542 marks)
[dprof] phase                    ms        %      calls
[dprof] hc_pre  (attn)         1.79     1.6%         43
[dprof] rmsnorm (attn)         0.78     0.7%         43
[dprof] ATTENTION             63.34    58.3%         43
[dprof] hc_post (attn)         0.33     0.3%         43
[dprof] hc_pre  (ffn)          2.79     2.6%         43
[dprof] rmsnorm (ffn)          0.76     0.7%         43
[dprof] MoE                   33.64    30.9%         43
[dprof] hc_post (ffn)          0.30     0.3%         43
[dprof] kv xin copy            0.23     0.2%         41
[dprof] hc_head+norm           0.03     0.0%          1
[dprof] lm_head                4.73     4.4%          1
[dprof]   attn:q_proj          0.45     0.4%          2
[dprof]   attn:kv_write        0.10     0.1%          2
[dprof]   attn:sparse          0.35     0.3%          2
[dprof]   attn:ogroup          0.73     0.7%          2
[dprof]   cattn:q_proj        14.74    13.6%         41
[dprof]   cattn:compress       2.44     2.2%         41
[dprof]   cattn:indexer        4.10     3.8%         21
[dprof]   cattn:sparse        15.38    14.1%         41
[dprof]   cattn:ogroup        15.82    14.6%         41
[dprof]   moe:router           1.93     1.8%         46
[dprof]   moe:group            1.89     1.7%         46
[dprof]   moe:w1w3            21.41    19.7%         46
[dprof]   moe:act              1.42     1.3%         46
[dprof]   moe:w2               9.94     9.1%         46
[dprof]   moe:combine          0.58     0.5%         46
[dprof]   moe:shared           0.29     0.3%         46
[dprof]     q:aq(x)            0.57     0.5%         41
[dprof]     q:wq_a             5.37     4.9%         41
[dprof]     q:rms+aq           1.01     0.9%         41
[dprof]     q:wq_b             6.82     6.3%         41
[dprof]     q:tail             0.47     0.4%         41
[dprof]     q:kv_join          0.06     0.1%         41
[dprof]     o:rope             0.25     0.2%         41
[dprof]     o:wo_a             7.93     7.3%         41
[dprof]     o:wo_b             7.43     6.8%         41
[dprof]     i:qidx             1.49     1.4%         21
[dprof]     i:iw               0.43     0.4%         21
[dprof]     i:score            1.34     1.2%         21
[dprof]     i:topk             0.73     0.7%         21
[dprof]       mg:count         0.22     0.2%         46
[dprof]       mg:prefix        0.25     0.2%         46
[dprof]       mg:scatter       0.25     0.2%         46
[dprof]       mg:tiles         0.24     0.2%         46
[dprof] draft:main_kv          0.13     0.1%          1
[dprof] draft:block           12.06    11.1%          1
[dprof] draft:head            10.16     9.3%          1
[dprof] TOTAL                108.72
[dprof] *** INVALID: moe children 37.47 ms > MoE 33.64 ms — marks recorded outside the reported window

[dprof] ctx=12360 VB=4 verify=52 — verify step by sub-op, summed over all layers (1542 marks)
[dprof] phase                    ms        %      calls
[dprof] hc_pre  (attn)         2.32     1.7%         43
[dprof] rmsnorm (attn)         0.75     0.6%         43
[dprof] ATTENTION             69.50    51.7%         43
[dprof] hc_post (attn)         0.40     0.3%         43
[dprof] hc_pre  (ffn)          2.97     2.2%         43
[dprof] rmsnorm (ffn)          0.75     0.6%         43
[dprof] MoE                   51.67    38.4%         43
[dprof] hc_post (ffn)          0.35     0.3%         43
[dprof] kv xin copy            0.23     0.2%         41
[dprof] hc_head+norm           0.03     0.0%          1
[dprof] lm_head                5.54     4.1%          1
[dprof]   attn:q_proj          0.46     0.3%          2
[dprof]   attn:kv_write        0.10     0.1%          2
[dprof]   attn:sparse          0.37     0.3%          2
[dprof]   attn:ogroup          0.82     0.6%          2
[dprof]   cattn:q_proj        14.59    10.8%         41
[dprof]   cattn:compress       2.41     1.8%         41
[dprof]   cattn:indexer        6.02     4.5%         21
[dprof]   cattn:sparse        18.14    13.5%         41
[dprof]   cattn:ogroup        17.44    13.0%         41
[dprof]   moe:router           1.99     1.5%         46
[dprof]   moe:group            2.16     1.6%         46
[dprof]   moe:w1w3            32.92    24.5%         46
[dprof]   moe:act              1.63     1.2%         46
[dprof]   moe:w2              16.16    12.0%         46
[dprof]   moe:combine          0.62     0.5%         46
[dprof]   moe:shared           0.26     0.2%         46
[dprof]     q:aq(x)            0.49     0.4%         41
[dprof]     q:wq_a             5.11     3.8%         41
[dprof]     q:rms+aq           0.84     0.6%         41
[dprof]     q:wq_b             7.01     5.2%         41
[dprof]     q:tail             0.60     0.4%         41
[dprof]     q:kv_join          0.06     0.0%         41
[dprof]     o:rope             0.28     0.2%         41
[dprof]     o:wo_a             9.02     6.7%         41
[dprof]     o:wo_b             7.92     5.9%         41
[dprof]     i:qidx             1.73     1.3%         21
[dprof]     i:iw               0.60     0.4%         21
[dprof]     i:score            2.78     2.1%         21
[dprof]     i:topk             0.79     0.6%         21
[dprof]       mg:count         0.24     0.2%         46
[dprof]       mg:prefix        0.24     0.2%         46
[dprof]       mg:scatter       0.25     0.2%         46
[dprof]       mg:tiles         0.25     0.2%         46
[dprof] draft:main_kv          0.13     0.1%          1
[dprof] draft:block           12.27     9.1%          1
[dprof] draft:head            10.21     7.6%          1
[dprof] TOTAL                134.53
[dprof] *** INVALID: moe children 55.74 ms > MoE 51.67 ms — marks recorded outside the reported window

[dprof] ctx=12369 VB=2 verify=56 — verify step by sub-op, summed over all layers (1542 marks)
[dprof] phase                    ms        %      calls
[dprof] hc_pre  (attn)         1.83     1.8%         43
[dprof] rmsnorm (attn)         0.78     0.8%         43
[dprof] ATTENTION             56.81    55.7%         43
[dprof] hc_post (attn)         0.32     0.3%         43
[dprof] hc_pre  (ffn)          2.80     2.7%         43
[dprof] rmsnorm (ffn)          0.76     0.7%         43
[dprof] MoE                   33.13    32.5%         43
[dprof] hc_post (ffn)          0.28     0.3%         43
[dprof] kv xin copy            0.24     0.2%         41
[dprof] hc_head+norm           0.04     0.0%          1
[dprof] lm_head                4.99     4.9%          1
[dprof]   attn:q_proj          0.48     0.5%          2
[dprof]   attn:kv_write        0.08     0.1%          2
[dprof]   attn:sparse          0.35     0.3%          2
[dprof]   attn:ogroup          0.73     0.7%          2
[dprof]   cattn:q_proj        10.14     9.9%         41
[dprof]   cattn:compress       0.04     0.0%         41
[dprof]   cattn:indexer        4.12     4.0%         21
[dprof]   cattn:sparse        15.33    15.0%         41
[dprof]   cattn:ogroup        15.76    15.5%         41
[dprof]   moe:router           1.97     1.9%         46
[dprof]   moe:group            1.96     1.9%         46
[dprof]   moe:w1w3            21.03    20.6%         46
[dprof]   moe:act              1.46     1.4%         46
[dprof]   moe:w2               9.72     9.5%         46
[dprof]   moe:combine          0.51     0.5%         46
[dprof]   moe:shared           0.28     0.3%         46
[dprof]     q:aq(x)            0.23     0.2%         41
[dprof]     q:wq_a             1.65     1.6%         41
[dprof]     q:rms+aq           0.58     0.6%         41
[dprof]     q:wq_b             6.79     6.7%         41
[dprof]     q:tail             0.50     0.5%         41
[dprof]     q:kv_join          0.04     0.0%         41
[dprof]     o:rope             0.26     0.3%         41
[dprof]     o:wo_a             7.90     7.7%         41
[dprof]     o:wo_b             7.40     7.3%         41
[dprof]     i:qidx             1.52     1.5%         21
[dprof]     i:iw               0.43     0.4%         21
[dprof]     i:score            1.33     1.3%         21
[dprof]     i:topk             0.71     0.7%         21
[dprof]       mg:count         0.24     0.2%         46
[dprof]       mg:prefix        0.24     0.2%         46
[dprof]       mg:scatter       0.24     0.2%         46
[dprof]       mg:tiles         0.24     0.2%         46
[dprof] draft:main_kv          0.13     0.1%          1
[dprof] draft:block           11.97    11.7%          1
[dprof] draft:head            10.23    10.0%          1
[dprof] TOTAL                101.99
[dprof] *** INVALID: moe children 36.92 ms > MoE 33.13 ms — marks recorded outside the reported window

[dprof] ctx=12377 VB=3 verify=60 — verify step by sub-op, summed over all layers (1542 marks)
[dprof] phase                    ms        %      calls
[dprof] hc_pre  (attn)         2.06     1.7%         43
[dprof] rmsnorm (attn)         0.74     0.6%         43
[dprof] ATTENTION             65.08    54.1%         43
[dprof] hc_post (attn)         0.40     0.3%         43
[dprof] hc_pre  (ffn)          2.87     2.4%         43
[dprof] rmsnorm (ffn)          0.75     0.6%         43
[dprof] MoE                   42.69    35.5%         43
[dprof] hc_post (ffn)          0.35     0.3%         43
[dprof] kv xin copy            0.23     0.2%         41
[dprof] hc_head+norm           0.05     0.0%          1
[dprof] lm_head                4.96     4.1%          1
[dprof]   attn:q_proj          0.45     0.4%          2
[dprof]   attn:kv_write        0.08     0.1%          2
[dprof]   attn:sparse          0.33     0.3%          2
[dprof]   attn:ogroup          0.75     0.6%          2
[dprof]   cattn:q_proj        14.43    12.0%         41
[dprof]   cattn:compress       2.40     2.0%         41
[dprof]   cattn:indexer        4.62     3.8%         21
[dprof]   cattn:sparse        16.77    14.0%         41
[dprof]   cattn:ogroup        16.09    13.4%         41
[dprof]   moe:router           1.96     1.6%         46
[dprof]   moe:group            2.13     1.8%         46
[dprof]   moe:w1w3            27.18    22.6%         46
[dprof]   moe:act              1.51     1.3%         46
[dprof]   moe:w2              13.03    10.8%         46
[dprof]   moe:combine          0.56     0.5%         46
[dprof]   moe:shared           0.24     0.2%         46
[dprof]     q:aq(x)            0.36     0.3%         41
[dprof]     q:wq_a             5.37     4.5%         41
[dprof]     q:rms+aq           0.89     0.7%         41
[dprof]     q:wq_b             6.77     5.6%         41
[dprof]     q:tail             0.53     0.4%         41
[dprof]     q:kv_join          0.07     0.1%         41
[dprof]     o:rope             0.25     0.2%         41
[dprof]     o:wo_a             8.07     6.7%         41
[dprof]     o:wo_b             7.56     6.3%         41
[dprof]     i:qidx             1.61     1.3%         21
[dprof]     i:iw               0.55     0.5%         21
[dprof]     i:score            1.57     1.3%         21
[dprof]     i:topk             0.75     0.6%         21
[dprof]       mg:count         0.22     0.2%         46
[dprof]       mg:prefix        0.25     0.2%         46
[dprof]       mg:scatter       0.25     0.2%         46
[dprof]       mg:tiles         0.26     0.2%         46
[dprof] draft:main_kv          0.13     0.1%          1
[dprof] draft:block           12.17    10.1%          1
[dprof] draft:head            10.20     8.5%          1
[dprof] TOTAL                120.19
[dprof] *** INVALID: moe children 46.60 ms > MoE 42.69 ms — marks recorded outside the reported window

[dprof] ctx=12382 VB=2 verify=64 — verify step by sub-op, summed over all layers (1542 marks)
[dprof] phase                    ms        %      calls
[dprof] hc_pre  (attn)         1.80     1.6%         43
[dprof] rmsnorm (attn)         0.75     0.7%         43
[dprof] ATTENTION             62.65    56.2%         43
[dprof] hc_post (attn)         0.32     0.3%         43
[dprof] hc_pre  (ffn)          2.85     2.6%         43
[dprof] rmsnorm (ffn)          0.76     0.7%         43
[dprof] MoE                   36.66    32.9%         43
[dprof] hc_post (ffn)          0.28     0.2%         43
[dprof] kv xin copy            0.22     0.2%         41
[dprof] hc_head+norm           0.03     0.0%          1
[dprof] lm_head                5.17     4.6%          1
[dprof]   attn:q_proj          0.45     0.4%          2
[dprof]   attn:kv_write        0.08     0.1%          2
[dprof]   attn:sparse          0.32     0.3%          2
[dprof]   attn:ogroup          0.74     0.7%          2
[dprof]   cattn:q_proj        14.53    13.0%         41
[dprof]   cattn:compress       2.46     2.2%         41
[dprof]   cattn:indexer        4.15     3.7%         21
[dprof]   cattn:sparse        15.39    13.8%         41
[dprof]   cattn:ogroup        15.53    13.9%         41
[dprof]   moe:router           1.98     1.8%         46
[dprof]   moe:group            2.06     1.8%         46
[dprof]   moe:w1w3            23.75    21.3%         46
[dprof]   moe:act              1.53     1.4%         46
[dprof]   moe:w2              10.74     9.6%         46
[dprof]   moe:combine          0.51     0.5%         46
[dprof]   moe:shared           0.25     0.2%         46
[dprof]     q:aq(x)            0.28     0.3%         41
[dprof]     q:wq_a             5.40     4.8%         41
[dprof]     q:rms+aq           1.04     0.9%         41
[dprof]     q:wq_b             6.75     6.1%         41
[dprof]     q:tail             0.52     0.5%         41
[dprof]     q:kv_join          0.08     0.1%         41
[dprof]     o:rope             0.26     0.2%         41
[dprof]     o:wo_a             7.71     6.9%         41
[dprof]     o:wo_b             7.37     6.6%         41
[dprof]     i:qidx             1.51     1.4%         21
[dprof]     i:iw               0.43     0.4%         21
[dprof]     i:score            1.33     1.2%         21
[dprof]     i:topk             0.75     0.7%         21
[dprof]       mg:count         0.26     0.2%         46
[dprof]       mg:prefix        0.27     0.2%         46
[dprof]       mg:scatter       0.26     0.2%         46
[dprof]       mg:tiles         0.26     0.2%         46
[dprof] draft:main_kv          0.13     0.1%          1
[dprof] draft:block           12.37    11.1%          1
[dprof] draft:head            10.20     9.2%          1
[dprof] TOTAL                111.49
[dprof] *** INVALID: moe children 40.82 ms > MoE 36.66 ms — marks recorded outside the reported window

[dprof] ctx=12386 VB=2 verify=68 — verify step by sub-op, summed over all layers (1542 marks)
[dprof] phase                    ms        %      calls
[dprof] hc_pre  (attn)         1.79     1.6%         43
[dprof] rmsnorm (attn)         0.76     0.7%         43
[dprof] ATTENTION             62.62    57.1%         43
[dprof] hc_post (attn)         0.34     0.3%         43
[dprof] hc_pre  (ffn)          2.78     2.5%         43
[dprof] rmsnorm (ffn)          0.77     0.7%         43
[dprof] MoE                   35.31    32.2%         43
[dprof] hc_post (ffn)          0.27     0.2%         43
[dprof] kv xin copy            0.23     0.2%         41
[dprof] hc_head+norm           0.03     0.0%          1
[dprof] lm_head                4.81     4.4%          1
[dprof]   attn:q_proj          0.44     0.4%          2
[dprof]   attn:kv_write        0.08     0.1%          2
[dprof]   attn:sparse          0.32     0.3%          2
[dprof]   attn:ogroup          0.73     0.7%          2
[dprof]   cattn:q_proj        14.36    13.1%         41
[dprof]   cattn:compress       2.45     2.2%         41
[dprof]   cattn:indexer        4.16     3.8%         21
[dprof]   cattn:sparse        15.35    14.0%         41
[dprof]   cattn:ogroup        15.64    14.3%         41
[dprof]   moe:router           1.98     1.8%         46
[dprof]   moe:group            1.95     1.8%         46
[dprof]   moe:w1w3            22.61    20.6%         46
[dprof]   moe:act              1.43     1.3%         46
[dprof]   moe:w2              10.41     9.5%         46
[dprof]   moe:combine          0.50     0.5%         46
[dprof]   moe:shared           0.26     0.2%         46
[dprof]     q:aq(x)            0.37     0.3%         41
[dprof]     q:wq_a             5.32     4.8%         41
[dprof]     q:rms+aq           1.00     0.9%         41
[dprof]     q:wq_b             6.69     6.1%         41
[dprof]     q:tail             0.49     0.4%         41
[dprof]     q:kv_join          0.05     0.0%         41
[dprof]     o:rope             0.25     0.2%         41
[dprof]     o:wo_a             7.82     7.1%         41
[dprof]     o:wo_b             7.36     6.7%         41
[dprof]     i:qidx             1.51     1.4%         21
[dprof]     i:iw               0.43     0.4%         21
[dprof]     i:score            1.33     1.2%         21
[dprof]     i:topk             0.75     0.7%         21
[dprof]       mg:count         0.21     0.2%         46
[dprof]       mg:prefix        0.25     0.2%         46
[dprof]       mg:scatter       0.25     0.2%         46
[dprof]       mg:tiles         0.26     0.2%         46
[dprof] draft:main_kv          0.13     0.1%          1
[dprof] draft:block           12.11    11.0%          1
[dprof] draft:head            10.21     9.3%          1
[dprof] TOTAL                109.72
[dprof] *** INVALID: moe children 39.15 ms > MoE 35.31 ms — marks recorded outside the reported window

[dprof] ctx=12392 VB=2 verify=72 — verify step by sub-op, summed over all layers (1542 marks)
[dprof] phase                    ms        %      calls
[dprof] hc_pre  (attn)         1.82     1.8%         43
[dprof] rmsnorm (attn)         0.77     0.7%         43
[dprof] ATTENTION             56.62    55.0%         43
[dprof] hc_post (attn)         0.32     0.3%         43
[dprof] hc_pre  (ffn)          2.77     2.7%         43
[dprof] rmsnorm (ffn)          0.76     0.7%         43
[dprof] MoE                   34.60    33.6%         43
[dprof] hc_post (ffn)          0.27     0.3%         43
[dprof] kv xin copy            0.22     0.2%         41
[dprof] hc_head+norm           0.03     0.0%          1
[dprof] lm_head                4.77     4.6%          1
[dprof]   attn:q_proj          0.47     0.5%          2
[dprof]   attn:kv_write        0.09     0.1%          2
[dprof]   attn:sparse          0.33     0.3%          2
[dprof]   attn:ogroup          0.74     0.7%          2
[dprof]   cattn:q_proj        10.16     9.9%         41
[dprof]   cattn:compress       0.04     0.0%         41
[dprof]   cattn:indexer        4.13     4.0%         21
[dprof]   cattn:sparse        15.37    14.9%         41
[dprof]   cattn:ogroup        15.64    15.2%         41
[dprof]   moe:router           1.93     1.9%         46
[dprof]   moe:group            1.95     1.9%         46
[dprof]   moe:w1w3            22.32    21.7%         46
[dprof]   moe:act              1.58     1.5%         46
[dprof]   moe:w2              10.06     9.8%         46
[dprof]   moe:combine          0.51     0.5%         46
[dprof]   moe:shared           0.27     0.3%         46
[dprof]     q:aq(x)            0.24     0.2%         41
[dprof]     q:wq_a             1.68     1.6%         41
[dprof]     q:rms+aq           0.58     0.6%         41
[dprof]     q:wq_b             6.69     6.5%         41
[dprof]     q:tail             0.51     0.5%         41
[dprof]     q:kv_join          0.06     0.1%         41
[dprof]     o:rope             0.26     0.3%         41
[dprof]     o:wo_a             7.73     7.5%         41
[dprof]     o:wo_b             7.45     7.2%         41
[dprof]     i:qidx             1.50     1.5%         21
[dprof]     i:iw               0.41     0.4%         21
[dprof]     i:score            1.33     1.3%         21
[dprof]     i:topk             0.76     0.7%         21
[dprof]       mg:count         0.21     0.2%         46
[dprof]       mg:prefix        0.24     0.2%         46
[dprof]       mg:scatter       0.26     0.3%         46
[dprof]       mg:tiles         0.24     0.2%         46
[dprof] draft:main_kv          0.13     0.1%          1
[dprof] draft:block           12.24    11.9%          1
[dprof] draft:head            10.27    10.0%          1
[dprof] TOTAL                102.93
[dprof] *** INVALID: moe children 38.62 ms > MoE 34.60 ms — marks recorded outside the reported window

[dprof] ctx=12404 VB=2 verify=76 — verify step by sub-op, summed over all layers (1542 marks)
[dprof] phase                    ms        %      calls
[dprof] hc_pre  (attn)         1.80     1.7%         43
[dprof] rmsnorm (attn)         0.76     0.7%         43
[dprof] ATTENTION             57.13    54.9%         43
[dprof] hc_post (attn)         0.32     0.3%         43
[dprof] hc_pre  (ffn)          2.79     2.7%         43
[dprof] rmsnorm (ffn)          0.77     0.7%         43
[dprof] MoE                   34.78    33.4%         43
[dprof] hc_post (ffn)          0.27     0.3%         43
[dprof] kv xin copy            0.23     0.2%         41
[dprof] hc_head+norm           0.03     0.0%          1
[dprof] lm_head                5.10     4.9%          1
[dprof]   attn:q_proj          0.45     0.4%          2
[dprof]   attn:kv_write        0.08     0.1%          2
[dprof]   attn:sparse          0.32     0.3%          2
[dprof]   attn:ogroup          0.72     0.7%          2
[dprof]   cattn:q_proj        10.33     9.9%         41
[dprof]   cattn:compress       0.05     0.1%         41
[dprof]   cattn:indexer        4.13     4.0%         21
[dprof]   cattn:sparse        15.37    14.8%         41
[dprof]   cattn:ogroup        15.82    15.2%         41
[dprof]   moe:router           1.92     1.8%         46
[dprof]   moe:group            1.96     1.9%         46
[dprof]   moe:w1w3            22.42    21.6%         46
[dprof]   moe:act              1.57     1.5%         46
[dprof]   moe:w2              10.16     9.8%         46
[dprof]   moe:combine          0.49     0.5%         46
[dprof]   moe:shared           0.26     0.3%         46
[dprof]     q:aq(x)            0.24     0.2%         41
[dprof]     q:wq_a             1.70     1.6%         41
[dprof]     q:rms+aq           0.61     0.6%         41
[dprof]     q:wq_b             6.81     6.5%         41
[dprof]     q:tail             0.50     0.5%         41
[dprof]     q:kv_join          0.06     0.1%         41
[dprof]     o:rope             0.26     0.3%         41
[dprof]     o:wo_a             7.73     7.4%         41
[dprof]     o:wo_b             7.59     7.3%         41
[dprof]     i:qidx             1.50     1.4%         21
[dprof]     i:iw               0.44     0.4%         21
[dprof]     i:score            1.33     1.3%         21
[dprof]     i:topk             0.76     0.7%         21
[dprof]       mg:count         0.22     0.2%         46
[dprof]       mg:prefix        0.24     0.2%         46
[dprof]       mg:scatter       0.24     0.2%         46
[dprof]       mg:tiles         0.26     0.2%         46
[dprof] draft:main_kv          0.13     0.1%          1
[dprof] draft:block           12.20    11.7%          1
[dprof] draft:head            10.31     9.9%          1
[dprof] TOTAL                103.99
[dprof] *** INVALID: moe children 38.77 ms > MoE 34.78 ms — marks recorded outside the reported window

[dprof] ctx=12281 VB=3 verify=0 — verify step by sub-op, summed over all layers (1542 marks)
[dprof] phase                    ms        %      calls
[dprof] hc_pre  (attn)         2.21     1.8%         43
[dprof] rmsnorm (attn)         0.75     0.6%         43
[dprof] ATTENTION             65.18    53.7%         43
[dprof] hc_post (attn)         0.40     0.3%         43
[dprof] hc_pre  (ffn)          2.86     2.4%         43
[dprof] rmsnorm (ffn)          0.75     0.6%         43
[dprof] MoE                   43.81    36.1%         43
[dprof] hc_post (ffn)          0.36     0.3%         43
[dprof] kv xin copy            0.29     0.2%         41
[dprof] hc_head+norm           0.03     0.0%          1
[dprof] lm_head                4.76     3.9%          1
[dprof]   attn:q_proj          0.46     0.4%          2
[dprof]   attn:kv_write        0.08     0.1%          2
[dprof]   attn:sparse          0.33     0.3%          2
[dprof]   attn:ogroup          0.75     0.6%          2
[dprof]   cattn:q_proj        14.72    12.1%         41
[dprof]   cattn:compress       2.39     2.0%         41
[dprof]   cattn:indexer        4.57     3.8%         21
[dprof]   cattn:sparse        16.76    13.8%         41
[dprof]   cattn:ogroup        16.00    13.2%         41
[dprof]   moe:router           2.00     1.6%         46
[dprof]   moe:group            2.07     1.7%         46
[dprof]   moe:w1w3            28.07    23.1%         46
[dprof]   moe:act              1.53     1.3%         46
[dprof]   moe:w2              13.45    11.1%         46
[dprof]   moe:combine          0.56     0.5%         46
[dprof]   moe:shared           0.25     0.2%         46
[dprof]     q:aq(x)            0.28     0.2%         41
[dprof]     q:wq_a             5.54     4.6%         41
[dprof]     q:rms+aq           0.95     0.8%         41
[dprof]     q:wq_b             6.82     5.6%         41
[dprof]     q:tail             0.59     0.5%         41
[dprof]     q:kv_join          0.06     0.1%         41
[dprof]     o:rope             0.25     0.2%         41
[dprof]     o:wo_a             8.01     6.6%         41
[dprof]     o:wo_b             7.52     6.2%         41
[dprof]     i:qidx             1.57     1.3%         21
[dprof]     i:iw               0.56     0.5%         21
[dprof]     i:score            1.55     1.3%         21
[dprof]     i:topk             0.76     0.6%         21
[dprof]       mg:count         0.21     0.2%         46
[dprof]       mg:prefix        0.25     0.2%         46
[dprof]       mg:scatter       0.25     0.2%         46
[dprof]       mg:tiles         0.25     0.2%         46
[dprof] draft:main_kv          0.00     0.0%          1
[dprof] draft:block           12.49    10.3%          1
[dprof] draft:head            10.16     8.4%          1
[dprof] TOTAL                121.40
[dprof] *** INVALID: moe children 47.93 ms > MoE 43.81 ms — marks recorded outside the reported window

[dprof] ctx=12288 VB=2 verify=4 — verify step by sub-op, summed over all layers (1542 marks)
[dprof] phase                    ms        %      calls
[dprof] hc_pre  (attn)         1.79     1.8%         43
[dprof] rmsnorm (attn)         0.74     0.7%         43
[dprof] ATTENTION             56.63    55.6%         43
[dprof] hc_post (attn)         0.31     0.3%         43
[dprof] hc_pre  (ffn)          2.78     2.7%         43
[dprof] rmsnorm (ffn)          0.75     0.7%         43
[dprof] MoE                   33.69    33.1%         43
[dprof] hc_post (ffn)          0.27     0.3%         43
[dprof] kv xin copy            0.22     0.2%         41
[dprof] hc_head+norm           0.03     0.0%          1
[dprof] lm_head                4.71     4.6%          1
[dprof]   attn:q_proj          0.45     0.4%          2
[dprof]   attn:kv_write        0.08     0.1%          2
[dprof]   attn:sparse          0.32     0.3%          2
[dprof]   attn:ogroup          0.73     0.7%          2
[dprof]   cattn:q_proj        10.17    10.0%         41
[dprof]   cattn:compress       0.04     0.0%         41
[dprof]   cattn:indexer        4.13     4.1%         21
[dprof]   cattn:sparse        15.38    15.1%         41
[dprof]   cattn:ogroup        15.65    15.4%         41
[dprof]   moe:router           1.97     1.9%         46
[dprof]   moe:group            2.01     2.0%         46
[dprof]   moe:w1w3            21.50    21.1%         46
[dprof]   moe:act              1.38     1.4%         46
[dprof]   moe:w2               9.88     9.7%         46
[dprof]   moe:combine          0.52     0.5%         46
[dprof]   moe:shared           0.25     0.2%         46
[dprof]     q:aq(x)            0.23     0.2%         41
[dprof]     q:wq_a             1.66     1.6%         41
[dprof]     q:rms+aq           0.60     0.6%         41
[dprof]     q:wq_b             6.74     6.6%         41
[dprof]     q:tail             0.49     0.5%         41
[dprof]     q:kv_join          0.05     0.1%         41
[dprof]     o:rope             0.27     0.3%         41
[dprof]     o:wo_a             7.84     7.7%         41
[dprof]     o:wo_b             7.31     7.2%         41
[dprof]     i:qidx             1.55     1.5%         21
[dprof]     i:iw               0.43     0.4%         21
[dprof]     i:score            1.31     1.3%         21
[dprof]     i:topk             0.72     0.7%         21
[dprof]       mg:count         0.22     0.2%         46
[dprof]       mg:prefix        0.24     0.2%         46
[dprof]       mg:scatter       0.25     0.2%         46
[dprof]       mg:tiles         0.25     0.2%         46
[dprof] draft:main_kv          0.14     0.1%          1
[dprof] draft:block           12.09    11.9%          1
[dprof] draft:head            10.29    10.1%          1
[dprof] TOTAL                101.93
[dprof] *** INVALID: moe children 37.52 ms > MoE 33.69 ms — marks recorded outside the reported window

[dprof] ctx=12292 VB=2 verify=8 — verify step by sub-op, summed over all layers (1542 marks)
[dprof] phase                    ms        %      calls
[dprof] hc_pre  (attn)         1.82     1.8%         43
[dprof] rmsnorm (attn)         0.76     0.7%         43
[dprof] ATTENTION             56.78    55.5%         43
[dprof] hc_post (attn)         0.33     0.3%         43
[dprof] hc_pre  (ffn)          2.79     2.7%         43
[dprof] rmsnorm (ffn)          0.74     0.7%         43
[dprof] MoE                   33.53    32.8%         43
[dprof] hc_post (ffn)          0.29     0.3%         43
[dprof] kv xin copy            0.25     0.2%         41
[dprof] hc_head+norm           0.03     0.0%          1
[dprof] lm_head                5.04     4.9%          1
[dprof]   attn:q_proj          0.45     0.4%          2
[dprof]   attn:kv_write        0.08     0.1%          2
[dprof]   attn:sparse          0.32     0.3%          2
[dprof]   attn:ogroup          0.79     0.8%          2
[dprof]   cattn:q_proj        10.19    10.0%         41
[dprof]   cattn:compress       0.05     0.0%         41
[dprof]   cattn:indexer        4.11     4.0%         21
[dprof]   cattn:sparse        15.35    15.0%         41
[dprof]   cattn:ogroup        15.76    15.4%         41
[dprof]   moe:router           1.97     1.9%         46
[dprof]   moe:group            1.97     1.9%         46
[dprof]   moe:w1w3            21.30    20.8%         46
[dprof]   moe:act              1.49     1.5%         46
[dprof]   moe:w2               9.78     9.6%         46
[dprof]   moe:combine          0.58     0.6%         46
[dprof]   moe:shared           0.26     0.3%         46
[dprof]     q:aq(x)            0.24     0.2%         41
[dprof]     q:wq_a             1.68     1.6%         41
[dprof]     q:rms+aq           0.57     0.6%         41
[dprof]     q:wq_b             6.73     6.6%         41
[dprof]     q:tail             0.49     0.5%         41
[dprof]     q:kv_join          0.05     0.1%         41
[dprof]     o:rope             0.24     0.2%         41
[dprof]     o:wo_a             7.82     7.6%         41
[dprof]     o:wo_b             7.49     7.3%         41
[dprof]     i:qidx             1.52     1.5%         21
[dprof]     i:iw               0.43     0.4%         21
[dprof]     i:score            1.32     1.3%         21
[dprof]     i:topk             0.71     0.7%         21
[dprof]       mg:count         0.22     0.2%         46
[dprof]       mg:prefix        0.24     0.2%         46
[dprof]       mg:scatter       0.25     0.2%         46
[dprof]       mg:tiles         0.25     0.2%         46
[dprof] draft:main_kv          0.15     0.1%          1
[dprof] draft:block           12.09    11.8%          1
[dprof] draft:head            10.21    10.0%          1
[dprof] TOTAL                102.37
[dprof] *** INVALID: moe children 37.36 ms > MoE 33.53 ms — marks recorded outside the reported window

[dprof] ctx=12297 VB=2 verify=12 — verify step by sub-op, summed over all layers (1542 marks)
[dprof] phase                    ms        %      calls
[dprof] hc_pre  (attn)         1.86     1.8%         43
[dprof] rmsnorm (attn)         0.74     0.7%         43
[dprof] ATTENTION             56.66    53.8%         43
[dprof] hc_post (attn)         0.34     0.3%         43
[dprof] hc_pre  (ffn)          2.75     2.6%         43
[dprof] rmsnorm (ffn)          0.75     0.7%         43
[dprof] MoE                   36.43    34.6%         43
[dprof] hc_post (ffn)          0.28     0.3%         43
[dprof] kv xin copy            0.20     0.2%         41
[dprof] hc_head+norm           0.03     0.0%          1
[dprof] lm_head                5.28     5.0%          1
[dprof]   attn:q_proj          0.45     0.4%          2
[dprof]   attn:kv_write        0.08     0.1%          2
[dprof]   attn:sparse          0.34     0.3%          2
[dprof]   attn:ogroup          0.75     0.7%          2
[dprof]   cattn:q_proj        10.04     9.5%         41
[dprof]   cattn:compress       0.04     0.0%         41
[dprof]   cattn:indexer        4.14     3.9%         21
[dprof]   cattn:sparse        15.41    14.6%         41
[dprof]   cattn:ogroup        15.63    14.8%         41
[dprof]   moe:router           1.96     1.9%         46
[dprof]   moe:group            1.96     1.9%         46
[dprof]   moe:w1w3            23.40    22.2%         46
[dprof]   moe:act              1.66     1.6%         46
[dprof]   moe:w2              10.57    10.0%         46
[dprof]   moe:combine          0.51     0.5%         46
[dprof]   moe:shared           0.26     0.2%         46
[dprof]     q:aq(x)            0.22     0.2%         41
[dprof]     q:wq_a             1.65     1.6%         41
[dprof]     q:rms+aq           0.59     0.6%         41
[dprof]     q:wq_b             6.72     6.4%         41
[dprof]     q:tail             0.46     0.4%         41
[dprof]     q:kv_join          0.05     0.1%         41
[dprof]     o:rope             0.27     0.3%         41
[dprof]     o:wo_a             7.79     7.4%         41
[dprof]     o:wo_b             7.33     7.0%         41
[dprof]     i:qidx             1.51     1.4%         21
[dprof]     i:iw               0.43     0.4%         21
[dprof]     i:score            1.32     1.3%         21
[dprof]     i:topk             0.76     0.7%         21
[dprof]       mg:count         0.23     0.2%         46
[dprof]       mg:prefix        0.23     0.2%         46
[dprof]       mg:scatter       0.24     0.2%         46
[dprof]       mg:tiles         0.25     0.2%         46
[dprof] draft:main_kv          0.13     0.1%          1
[dprof] draft:block           12.15    11.5%          1
[dprof] draft:head            10.20     9.7%          1
[dprof] TOTAL                105.34
[dprof] *** INVALID: moe children 40.31 ms > MoE 36.43 ms — marks recorded outside the reported window

[dprof] ctx=12302 VB=3 verify=16 — verify step by sub-op, summed over all layers (1542 marks)
[dprof] phase                    ms        %      calls
[dprof] hc_pre  (attn)         2.10     1.7%         43
[dprof] rmsnorm (attn)         0.76     0.6%         43
[dprof] ATTENTION             65.24    54.3%         43
[dprof] hc_post (attn)         0.40     0.3%         43
[dprof] hc_pre  (ffn)          2.84     2.4%         43
[dprof] rmsnorm (ffn)          0.75     0.6%         43
[dprof] MoE                   42.67    35.5%         43
[dprof] hc_post (ffn)          0.35     0.3%         43
[dprof] kv xin copy            0.29     0.2%         41
[dprof] hc_head+norm           0.03     0.0%          1
[dprof] lm_head                4.76     4.0%          1
[dprof]   attn:q_proj          0.46     0.4%          2
[dprof]   attn:kv_write        0.08     0.1%          2
[dprof]   attn:sparse          0.34     0.3%          2
[dprof]   attn:ogroup          0.81     0.7%          2
[dprof]   cattn:q_proj        14.79    12.3%         41
[dprof]   cattn:compress       2.43     2.0%         41
[dprof]   cattn:indexer        4.52     3.8%         21
[dprof]   cattn:sparse        16.79    14.0%         41
[dprof]   cattn:ogroup        15.88    13.2%         41
[dprof]   moe:router           1.96     1.6%         46
[dprof]   moe:group            2.10     1.7%         46
[dprof]   moe:w1w3            27.01    22.5%         46
[dprof]   moe:act              1.57     1.3%         46
[dprof]   moe:w2              12.94    10.8%         46
[dprof]   moe:combine          0.57     0.5%         46
[dprof]   moe:shared           0.27     0.2%         46
[dprof]     q:aq(x)            0.51     0.4%         41
[dprof]     q:wq_a             5.29     4.4%         41
[dprof]     q:rms+aq           0.96     0.8%         41
[dprof]     q:wq_b             6.94     5.8%         41
[dprof]     q:tail             0.53     0.4%         41
[dprof]     q:kv_join          0.07     0.1%         41
[dprof]     o:rope             0.24     0.2%         41
[dprof]     o:wo_a             8.00     6.7%         41
[dprof]     o:wo_b             7.45     6.2%         41
[dprof]     i:qidx             1.58     1.3%         21
[dprof]     i:iw               0.54     0.5%         21
[dprof]     i:score            1.55     1.3%         21
[dprof]     i:topk             0.73     0.6%         21
[dprof]       mg:count         0.23     0.2%         46
[dprof]       mg:prefix        0.25     0.2%         46
[dprof]       mg:scatter       0.25     0.2%         46
[dprof]       mg:tiles         0.24     0.2%         46
[dprof] draft:main_kv          0.13     0.1%          1
[dprof] draft:block           12.12    10.1%          1
[dprof] draft:head            10.21     8.5%          1
[dprof] TOTAL                120.20
[dprof] *** INVALID: moe children 46.43 ms > MoE 42.67 ms — marks recorded outside the reported window

[dprof] ctx=12307 VB=3 verify=20 — verify step by sub-op, summed over all layers (1542 marks)
[dprof] phase                    ms        %      calls
[dprof] hc_pre  (attn)         2.11     1.7%         43
[dprof] rmsnorm (attn)         0.76     0.6%         43
[dprof] ATTENTION             65.53    53.6%         43
[dprof] hc_post (attn)         0.40     0.3%         43
[dprof] hc_pre  (ffn)          2.87     2.3%         43
[dprof] rmsnorm (ffn)          0.76     0.6%         43
[dprof] MoE                   44.36    36.3%         43
[dprof] hc_post (ffn)          0.34     0.3%         43
[dprof] kv xin copy            0.22     0.2%         41
[dprof] hc_head+norm           0.03     0.0%          1
[dprof] lm_head                4.92     4.0%          1
[dprof]   attn:q_proj          0.45     0.4%          2
[dprof]   attn:kv_write        0.08     0.1%          2
[dprof]   attn:sparse          0.35     0.3%          2
[dprof]   attn:ogroup          0.85     0.7%          2
[dprof]   cattn:q_proj        14.88    12.2%         41
[dprof]   cattn:compress       2.44     2.0%         41
[dprof]   cattn:indexer        4.55     3.7%         21
[dprof]   cattn:sparse        16.82    13.7%         41
[dprof]   cattn:ogroup        16.03    13.1%         41
[dprof]   moe:router           1.96     1.6%         46
[dprof]   moe:group            2.10     1.7%         46
[dprof]   moe:w1w3            28.15    23.0%         46
[dprof]   moe:act              1.48     1.2%         46
[dprof]   moe:w2              13.56    11.1%         46
[dprof]   moe:combine          0.56     0.5%         46
[dprof]   moe:shared           0.28     0.2%         46
[dprof]     q:aq(x)            0.27     0.2%         41
[dprof]     q:wq_a             5.78     4.7%         41
[dprof]     q:rms+aq           0.95     0.8%         41
[dprof]     q:wq_b             6.84     5.6%         41
[dprof]     q:tail             0.54     0.4%         41
[dprof]     q:kv_join          0.05     0.0%         41
[dprof]     o:rope             0.24     0.2%         41
[dprof]     o:wo_a             8.03     6.6%         41
[dprof]     o:wo_b             7.53     6.2%         41
[dprof]     i:qidx             1.58     1.3%         21
[dprof]     i:iw               0.56     0.5%         21
[dprof]     i:score            1.54     1.3%         21
[dprof]     i:topk             0.74     0.6%         21
[dprof]       mg:count         0.21     0.2%         46
[dprof]       mg:prefix        0.24     0.2%         46
[dprof]       mg:scatter       0.25     0.2%         46
[dprof]       mg:tiles         0.26     0.2%         46
[dprof] draft:main_kv          0.15     0.1%          1
[dprof] draft:block           12.06     9.9%          1
[dprof] draft:head            10.21     8.3%          1
[dprof] TOTAL                122.31
[dprof] *** INVALID: moe children 48.10 ms > MoE 44.36 ms — marks recorded outside the reported window

[dprof] ctx=12315 VB=4 verify=24 — verify step by sub-op, summed over all layers (1542 marks)
[dprof] phase                    ms        %      calls
[dprof] hc_pre  (attn)         2.38     1.8%         43
[dprof] rmsnorm (attn)         0.74     0.5%         43
[dprof] ATTENTION             69.99    51.6%         43
[dprof] hc_post (attn)         0.40     0.3%         43
[dprof] hc_pre  (ffn)          2.98     2.2%         43
[dprof] rmsnorm (ffn)          0.77     0.6%         43
[dprof] MoE                   52.53    38.7%         43
[dprof] hc_post (ffn)          0.36     0.3%         43
[dprof] kv xin copy            0.23     0.2%         41
[dprof] hc_head+norm           0.03     0.0%          1
[dprof] lm_head                5.25     3.9%          1
[dprof]   attn:q_proj          0.46     0.3%          2
[dprof]   attn:kv_write        0.08     0.1%          2
[dprof]   attn:sparse          0.35     0.3%          2
[dprof]   attn:ogroup          0.88     0.6%          2
[dprof]   cattn:q_proj        15.30    11.3%         41
[dprof]   cattn:compress       2.35     1.7%         41
[dprof]   cattn:indexer        6.02     4.4%         21
[dprof]   cattn:sparse        18.05    13.3%         41
[dprof]   cattn:ogroup        17.25    12.7%         41
[dprof]   moe:router           1.98     1.5%         46
[dprof]   moe:group            2.20     1.6%         46
[dprof]   moe:w1w3            33.41    24.6%         46
[dprof]   moe:act              1.41     1.0%         46
[dprof]   moe:w2              16.56    12.2%         46
[dprof]   moe:combine          0.57     0.4%         46
[dprof]   moe:shared           0.26     0.2%         46
[dprof]     q:aq(x)            0.41     0.3%         41
[dprof]     q:wq_a             5.77     4.3%         41
[dprof]     q:rms+aq           0.93     0.7%         41
[dprof]     q:wq_b             7.04     5.2%         41
[dprof]     q:tail             0.60     0.4%         41
[dprof]     q:kv_join          0.06     0.0%         41
[dprof]     o:rope             0.24     0.2%         41
[dprof]     o:wo_a             8.87     6.5%         41
[dprof]     o:wo_b             7.91     5.8%         41
[dprof]     i:qidx             1.74     1.3%         21
[dprof]     i:iw               0.59     0.4%         21
[dprof]     i:score            2.78     2.0%         21
[dprof]     i:topk             0.79     0.6%         21
[dprof]       mg:count         0.21     0.2%         46
[dprof]       mg:prefix        0.24     0.2%         46
[dprof]       mg:scatter       0.23     0.2%         46
[dprof]       mg:tiles         0.25     0.2%         46
[dprof] draft:main_kv          0.13     0.1%          1
[dprof] draft:block           12.11     8.9%          1
[dprof] draft:head            10.24     7.5%          1
[dprof] TOTAL                135.67
[dprof] *** INVALID: moe children 56.39 ms > MoE 52.53 ms — marks recorded outside the reported window

[dprof] ctx=12320 VB=2 verify=28 — verify step by sub-op, summed over all layers (1542 marks)
[dprof] phase                    ms        %      calls
[dprof] hc_pre  (attn)         1.81     1.8%         43
[dprof] rmsnorm (attn)         0.75     0.7%         43
[dprof] ATTENTION             56.72    55.8%         43
[dprof] hc_post (attn)         0.33     0.3%         43
[dprof] hc_pre  (ffn)          2.78     2.7%         43
[dprof] rmsnorm (ffn)          0.76     0.7%         43
[dprof] MoE                   33.17    32.6%         43
[dprof] hc_post (ffn)          0.28     0.3%         43
[dprof] kv xin copy            0.24     0.2%         41
[dprof] hc_head+norm           0.03     0.0%          1
[dprof] lm_head                4.72     4.6%          1
[dprof]   attn:q_proj          0.45     0.4%          2
[dprof]   attn:kv_write        0.08     0.1%          2
[dprof]   attn:sparse          0.33     0.3%          2
[dprof]   attn:ogroup          0.73     0.7%          2
[dprof]   cattn:q_proj        10.17    10.0%         41
[dprof]   cattn:compress       0.04     0.0%         41
[dprof]   cattn:indexer        4.12     4.1%         21
[dprof]   cattn:sparse        15.36    15.1%         41
[dprof]   cattn:ogroup        15.76    15.5%         41
[dprof]   moe:router           1.95     1.9%         46
[dprof]   moe:group            2.01     2.0%         46
[dprof]   moe:w1w3            21.14    20.8%         46
[dprof]   moe:act              1.48     1.5%         46
[dprof]   moe:w2               9.70     9.5%         46
[dprof]   moe:combine          0.52     0.5%         46
[dprof]   moe:shared           0.25     0.2%         46
[dprof]     q:aq(x)            0.26     0.3%         41
[dprof]     q:wq_a             1.65     1.6%         41
[dprof]     q:rms+aq           0.59     0.6%         41
[dprof]     q:wq_b             6.75     6.6%         41
[dprof]     q:tail             0.48     0.5%         41
[dprof]     q:kv_join          0.05     0.1%         41
[dprof]     o:rope             0.23     0.2%         41
[dprof]     o:wo_a             7.83     7.7%         41
[dprof]     o:wo_b             7.50     7.4%         41
[dprof]     i:qidx             1.52     1.5%         21
[dprof]     i:iw               0.43     0.4%         21
[dprof]     i:score            1.32     1.3%         21
[dprof]     i:topk             0.73     0.7%         21
[dprof]       mg:count         0.22     0.2%         46
[dprof]       mg:prefix        0.24     0.2%         46
[dprof]       mg:scatter       0.25     0.2%         46
[dprof]       mg:tiles         0.26     0.3%         46
[dprof] draft:main_kv          0.13     0.1%          1
[dprof] draft:block           12.17    12.0%          1
[dprof] draft:head            10.36    10.2%          1
[dprof] TOTAL                101.59
[dprof] *** INVALID: moe children 37.04 ms > MoE 33.17 ms — marks recorded outside the reported window

[dprof] ctx=12327 VB=3 verify=32 — verify step by sub-op, summed over all layers (1542 marks)
[dprof] phase                    ms        %      calls
[dprof] hc_pre  (attn)         2.11     1.8%         43
[dprof] rmsnorm (attn)         0.76     0.6%         43
[dprof] ATTENTION             65.41    54.7%         43
[dprof] hc_post (attn)         0.40     0.3%         43
[dprof] hc_pre  (ffn)          2.82     2.4%         43
[dprof] rmsnorm (ffn)          0.74     0.6%         43
[dprof] MoE                   41.84    35.0%         43
[dprof] hc_post (ffn)          0.37     0.3%         43
[dprof] kv xin copy            0.24     0.2%         41
[dprof] hc_head+norm           0.03     0.0%          1
[dprof] lm_head                4.85     4.1%          1
[dprof]   attn:q_proj          0.45     0.4%          2
[dprof]   attn:kv_write        0.08     0.1%          2
[dprof]   attn:sparse          0.35     0.3%          2
[dprof]   attn:ogroup          0.79     0.7%          2
[dprof]   cattn:q_proj        14.94    12.5%         41
[dprof]   cattn:compress       2.48     2.1%         41
[dprof]   cattn:indexer        4.69     3.9%         21
[dprof]   cattn:sparse        16.73    14.0%         41
[dprof]   cattn:ogroup        15.80    13.2%         41
[dprof]   moe:router           1.94     1.6%         46
[dprof]   moe:group            2.05     1.7%         46
[dprof]   moe:w1w3            26.68    22.3%         46
[dprof]   moe:act              1.49     1.2%         46
[dprof]   moe:w2              12.90    10.8%         46
[dprof]   moe:combine          0.56     0.5%         46
[dprof]   moe:shared           0.26     0.2%         46
[dprof]     q:aq(x)            0.50     0.4%         41
[dprof]     q:wq_a             5.53     4.6%         41
[dprof]     q:rms+aq           0.94     0.8%         41
[dprof]     q:wq_b             6.89     5.8%         41
[dprof]     q:tail             0.55     0.5%         41
[dprof]     q:kv_join          0.06     0.1%         41
[dprof]     o:rope             0.24     0.2%         41
[dprof]     o:wo_a             7.92     6.6%         41
[dprof]     o:wo_b             7.46     6.2%         41
[dprof]     i:qidx             1.61     1.3%         21
[dprof]     i:iw               0.58     0.5%         21
[dprof]     i:score            1.55     1.3%         21
[dprof]     i:topk             0.79     0.7%         21
[dprof]       mg:count         0.22     0.2%         46
[dprof]       mg:prefix        0.24     0.2%         46
[dprof]       mg:scatter       0.24     0.2%         46
[dprof]       mg:tiles         0.26     0.2%         46
[dprof] draft:main_kv          0.14     0.1%          1
[dprof] draft:block           12.28    10.3%          1
[dprof] draft:head            10.24     8.6%          1
[dprof] TOTAL                119.55
[dprof] *** INVALID: moe children 45.88 ms > MoE 41.84 ms — marks recorded outside the reported window

[dprof] ctx=12331 VB=2 verify=36 — verify step by sub-op, summed over all layers (1542 marks)
[dprof] phase                    ms        %      calls
[dprof] hc_pre  (attn)         1.82     1.7%         43
[dprof] rmsnorm (attn)         0.76     0.7%         43
[dprof] ATTENTION             63.40    57.9%         43
[dprof] hc_post (attn)         0.33     0.3%         43
[dprof] hc_pre  (ffn)          2.79     2.5%         43
[dprof] rmsnorm (ffn)          0.74     0.7%         43
[dprof] MoE                   33.96    31.0%         43
[dprof] hc_post (ffn)          0.28     0.3%         43
[dprof] kv xin copy            0.23     0.2%         41
[dprof] hc_head+norm           0.05     0.0%          1
[dprof] lm_head                5.20     4.7%          1
[dprof]   attn:q_proj          0.47     0.4%          2
[dprof]   attn:kv_write        0.09     0.1%          2
[dprof]   attn:sparse          0.35     0.3%          2
[dprof]   attn:ogroup          0.75     0.7%          2
[dprof]   cattn:q_proj        14.80    13.5%         41
[dprof]   cattn:compress       2.47     2.3%         41
[dprof]   cattn:indexer        4.16     3.8%         21
[dprof]   cattn:sparse        15.38    14.0%         41
[dprof]   cattn:ogroup        15.70    14.3%         41
[dprof]   moe:router           1.95     1.8%         46
[dprof]   moe:group            1.97     1.8%         46
[dprof]   moe:w1w3            21.86    19.9%         46
[dprof]   moe:act              1.43     1.3%         46
[dprof]   moe:w2               9.93     9.1%         46
[dprof]   moe:combine          0.50     0.5%         46
[dprof]   moe:shared           0.25     0.2%         46
[dprof]     q:aq(x)            0.39     0.4%         41
[dprof]     q:wq_a             5.65     5.2%         41
[dprof]     q:rms+aq           0.97     0.9%         41
[dprof]     q:wq_b             6.78     6.2%         41
[dprof]     q:tail             0.49     0.4%         41
[dprof]     q:kv_join          0.05     0.0%         41
[dprof]     o:rope             0.25     0.2%         41
[dprof]     o:wo_a             7.73     7.1%         41
[dprof]     o:wo_b             7.52     6.9%         41
[dprof]     i:qidx             1.50     1.4%         21
[dprof]     i:iw               0.43     0.4%         21
[dprof]     i:score            1.36     1.2%         21
[dprof]     i:topk             0.73     0.7%         21
[dprof]       mg:count         0.21     0.2%         46
[dprof]       mg:prefix        0.26     0.2%         46
[dprof]       mg:scatter       0.26     0.2%         46
[dprof]       mg:tiles         0.25     0.2%         46
[dprof] draft:main_kv          0.13     0.1%          1
[dprof] draft:block           12.21    11.1%          1
[dprof] draft:head            10.21     9.3%          1
[dprof] TOTAL                109.56
[dprof] *** INVALID: moe children 37.89 ms > MoE 33.96 ms — marks recorded outside the reported window

[dprof] ctx=12337 VB=3 verify=40 — verify step by sub-op, summed over all layers (1542 marks)
[dprof] phase                    ms        %      calls
[dprof] hc_pre  (attn)         2.09     1.7%         43
[dprof] rmsnorm (attn)         0.75     0.6%         43
[dprof] ATTENTION             65.43    54.0%         43
[dprof] hc_post (attn)         0.39     0.3%         43
[dprof] hc_pre  (ffn)          2.82     2.3%         43
[dprof] rmsnorm (ffn)          0.74     0.6%         43
[dprof] MoE                   43.36    35.8%         43
[dprof] hc_post (ffn)          0.37     0.3%         43
[dprof] kv xin copy            0.23     0.2%         41
[dprof] hc_head+norm           0.06     0.0%          1
[dprof] lm_head                4.99     4.1%          1
[dprof]   attn:q_proj          0.47     0.4%          2
[dprof]   attn:kv_write        0.08     0.1%          2
[dprof]   attn:sparse          0.33     0.3%          2
[dprof]   attn:ogroup          0.80     0.7%          2
[dprof]   cattn:q_proj        14.77    12.2%         41
[dprof]   cattn:compress       2.36     1.9%         41
[dprof]   cattn:indexer        4.66     3.8%         21
[dprof]   cattn:sparse        16.77    13.8%         41
[dprof]   cattn:ogroup        16.01    13.2%         41
[dprof]   moe:router           1.97     1.6%         46
[dprof]   moe:group            2.03     1.7%         46
[dprof]   moe:w1w3            27.65    22.8%         46
[dprof]   moe:act              1.52     1.3%         46
[dprof]   moe:w2              13.34    11.0%         46
[dprof]   moe:combine          0.57     0.5%         46
[dprof]   moe:shared           0.29     0.2%         46
[dprof]     q:aq(x)            0.27     0.2%         41
[dprof]     q:wq_a             5.52     4.6%         41
[dprof]     q:rms+aq           0.97     0.8%         41
[dprof]     q:wq_b             6.90     5.7%         41
[dprof]     q:tail             0.58     0.5%         41
[dprof]     q:kv_join          0.07     0.1%         41
[dprof]     o:rope             0.24     0.2%         41
[dprof]     o:wo_a             8.05     6.6%         41
[dprof]     o:wo_b             7.51     6.2%         41
[dprof]     i:qidx             1.61     1.3%         21
[dprof]     i:iw               0.57     0.5%         21
[dprof]     i:score            1.57     1.3%         21
[dprof]     i:topk             0.76     0.6%         21
[dprof]       mg:count         0.21     0.2%         46
[dprof]       mg:prefix        0.24     0.2%         46
[dprof]       mg:scatter       0.24     0.2%         46
[dprof]       mg:tiles         0.25     0.2%         46
[dprof] draft:main_kv          0.13     0.1%          1
[dprof] draft:block           12.23    10.1%          1
[dprof] draft:head            10.17     8.4%          1
[dprof] TOTAL                121.22
[dprof] *** INVALID: moe children 47.37 ms > MoE 43.36 ms — marks recorded outside the reported window

[dprof] ctx=12342 VB=2 verify=44 — verify step by sub-op, summed over all layers (1542 marks)
[dprof] phase                    ms        %      calls
[dprof] hc_pre  (attn)         1.79     1.6%         43
[dprof] rmsnorm (attn)         0.74     0.7%         43
[dprof] ATTENTION             62.78    56.5%         43
[dprof] hc_post (attn)         0.31     0.3%         43
[dprof] hc_pre  (ffn)          2.73     2.5%         43
[dprof] rmsnorm (ffn)          0.75     0.7%         43
[dprof] MoE                   36.66    33.0%         43
[dprof] hc_post (ffn)          0.27     0.2%         43
[dprof] kv xin copy            0.23     0.2%         41
[dprof] hc_head+norm           0.03     0.0%          1
[dprof] lm_head                4.73     4.3%          1
[dprof]   attn:q_proj          0.45     0.4%          2
[dprof]   attn:kv_write        0.08     0.1%          2
[dprof]   attn:sparse          0.32     0.3%          2
[dprof]   attn:ogroup          0.73     0.7%          2
[dprof]   cattn:q_proj        14.55    13.1%         41
[dprof]   cattn:compress       2.51     2.3%         41
[dprof]   cattn:indexer        4.20     3.8%         21
[dprof]   cattn:sparse        15.39    13.9%         41
[dprof]   cattn:ogroup        15.57    14.0%         41
[dprof]   moe:router           1.97     1.8%         46
[dprof]   moe:group            2.03     1.8%         46
[dprof]   moe:w1w3            23.85    21.5%         46
[dprof]   moe:act              1.53     1.4%         46
[dprof]   moe:w2              10.52     9.5%         46
[dprof]   moe:combine          0.49     0.4%         46
[dprof]   moe:shared           0.25     0.2%         46
[dprof]     q:aq(x)            0.27     0.2%         41
[dprof]     q:wq_a             5.48     4.9%         41
[dprof]     q:rms+aq           0.99     0.9%         41
[dprof]     q:wq_b             6.77     6.1%         41
[dprof]     q:tail             0.51     0.5%         41
[dprof]     q:kv_join          0.06     0.1%         41
[dprof]     o:rope             0.26     0.2%         41
[dprof]     o:wo_a             7.79     7.0%         41
[dprof]     o:wo_b             7.29     6.6%         41
[dprof]     i:qidx             1.51     1.4%         21
[dprof]     i:iw               0.45     0.4%         21
[dprof]     i:score            1.35     1.2%         21
[dprof]     i:topk             0.74     0.7%         21
[dprof]       mg:count         0.24     0.2%         46
[dprof]       mg:prefix        0.28     0.2%         46
[dprof]       mg:scatter       0.26     0.2%         46
[dprof]       mg:tiles         0.25     0.2%         46
[dprof] draft:main_kv          0.13     0.1%          1
[dprof] draft:block           12.19    11.0%          1
[dprof] draft:head            10.20     9.2%          1
[dprof] TOTAL                111.04
[dprof] *** INVALID: moe children 40.64 ms > MoE 36.66 ms — marks recorded outside the reported window

[dprof] ctx=12348 VB=2 verify=48 — verify step by sub-op, summed over all layers (1542 marks)
[dprof] phase                    ms        %      calls
[dprof] hc_pre  (attn)         1.81     1.7%         43
[dprof] rmsnorm (attn)         0.76     0.7%         43
[dprof] ATTENTION             56.79    54.6%         43
[dprof] hc_post (attn)         0.34     0.3%         43
[dprof] hc_pre  (ffn)          2.84     2.7%         43
[dprof] rmsnorm (ffn)          0.75     0.7%         43
[dprof] MoE                   34.99    33.6%         43
[dprof] hc_post (ffn)          0.28     0.3%         43
[dprof] kv xin copy            0.24     0.2%         41
[dprof] hc_head+norm           0.03     0.0%          1
[dprof] lm_head                5.16     5.0%          1
[dprof]   attn:q_proj          0.45     0.4%          2
[dprof]   attn:kv_write        0.08     0.1%          2
[dprof]   attn:sparse          0.32     0.3%          2
[dprof]   attn:ogroup          0.80     0.8%          2
[dprof]   cattn:q_proj        10.26     9.9%         41
[dprof]   cattn:compress       0.05     0.1%         41
[dprof]   cattn:indexer        4.14     4.0%         21
[dprof]   cattn:sparse        15.36    14.8%         41
[dprof]   cattn:ogroup        15.53    14.9%         41
[dprof]   moe:router           1.99     1.9%         46
[dprof]   moe:group            2.09     2.0%         46
[dprof]   moe:w1w3            22.40    21.5%         46
[dprof]   moe:act              1.53     1.5%         46
[dprof]   moe:w2              10.03     9.6%         46
[dprof]   moe:combine          0.55     0.5%         46
[dprof]   moe:shared           0.26     0.2%         46
[dprof]     q:aq(x)            0.23     0.2%         41
[dprof]     q:wq_a             1.67     1.6%         41
[dprof]     q:rms+aq           0.59     0.6%         41
[dprof]     q:wq_b             6.80     6.5%         41
[dprof]     q:tail             0.49     0.5%         41
[dprof]     q:kv_join          0.05     0.0%         41
[dprof]     o:rope             0.25     0.2%         41
[dprof]     o:wo_a             7.69     7.4%         41
[dprof]     o:wo_b             7.38     7.1%         41
[dprof]     i:qidx             1.50     1.4%         21
[dprof]     i:iw               0.45     0.4%         21
[dprof]     i:score            1.34     1.3%         21
[dprof]     i:topk             0.72     0.7%         21
[dprof]       mg:count         0.25     0.2%         46
[dprof]       mg:prefix        0.26     0.3%         46
[dprof]       mg:scatter       0.25     0.2%         46
[dprof]       mg:tiles         0.27     0.3%         46
[dprof] draft:main_kv          0.13     0.1%          1
[dprof] draft:block           12.14    11.7%          1
[dprof] draft:head            10.18     9.8%          1
[dprof] TOTAL                103.99
[dprof] *** INVALID: moe children 38.85 ms > MoE 34.99 ms — marks recorded outside the reported window

[dprof] ctx=12353 VB=2 verify=52 — verify step by sub-op, summed over all layers (1542 marks)
[dprof] phase                    ms        %      calls
[dprof] hc_pre  (attn)         1.82     1.7%         43
[dprof] rmsnorm (attn)         0.73     0.7%         43
[dprof] ATTENTION             57.04    54.3%         43
[dprof] hc_post (attn)         0.37     0.3%         43
[dprof] hc_pre  (ffn)          2.78     2.6%         43
[dprof] rmsnorm (ffn)          0.77     0.7%         43
[dprof] MoE                   36.11    34.4%         43
[dprof] hc_post (ffn)          0.30     0.3%         43
[dprof] kv xin copy            0.21     0.2%         41
[dprof] hc_head+norm           0.03     0.0%          1
[dprof] lm_head                4.87     4.6%          1
[dprof]   attn:q_proj          0.46     0.4%          2
[dprof]   attn:kv_write        0.09     0.1%          2
[dprof]   attn:sparse          0.35     0.3%          2
[dprof]   attn:ogroup          0.76     0.7%          2
[dprof]   cattn:q_proj        10.26     9.8%         41
[dprof]   cattn:compress       0.06     0.1%         41
[dprof]   cattn:indexer        4.22     4.0%         21
[dprof]   cattn:sparse        15.37    14.6%         41
[dprof]   cattn:ogroup        15.65    14.9%         41
[dprof]   moe:router           1.95     1.9%         46
[dprof]   moe:group            1.92     1.8%         46
[dprof]   moe:w1w3            23.18    22.1%         46
[dprof]   moe:act              1.48     1.4%         46
[dprof]   moe:w2              10.47    10.0%         46
[dprof]   moe:combine          0.52     0.5%         46
[dprof]   moe:shared           0.25     0.2%         46
[dprof]     q:aq(x)            0.23     0.2%         41
[dprof]     q:wq_a             1.67     1.6%         41
[dprof]     q:rms+aq           0.59     0.6%         41
[dprof]     q:wq_b             6.75     6.4%         41
[dprof]     q:tail             0.52     0.5%         41
[dprof]     q:kv_join          0.06     0.1%         41
[dprof]     o:rope             0.24     0.2%         41
[dprof]     o:wo_a             7.73     7.4%         41
[dprof]     o:wo_b             7.46     7.1%         41
[dprof]     i:qidx             1.53     1.5%         21
[dprof]     i:iw               0.50     0.5%         21
[dprof]     i:score            1.33     1.3%         21
[dprof]     i:topk             0.72     0.7%         21
[dprof]       mg:count         0.22     0.2%         46
[dprof]       mg:prefix        0.23     0.2%         46
[dprof]       mg:scatter       0.24     0.2%         46
[dprof]       mg:tiles         0.24     0.2%         46
[dprof] draft:main_kv          0.15     0.1%          1
[dprof] draft:block           11.94    11.4%          1
[dprof] draft:head            10.21     9.7%          1
[dprof] TOTAL                105.02
[dprof] *** INVALID: moe children 39.77 ms > MoE 36.11 ms — marks recorded outside the reported window

[dprof] ctx=12359 VB=4 verify=56 — verify step by sub-op, summed over all layers (1542 marks)
[dprof] phase                    ms        %      calls
[dprof] hc_pre  (attn)         2.36     1.7%         43
[dprof] rmsnorm (attn)         0.77     0.6%         43
[dprof] ATTENTION             69.85    51.6%         43
[dprof] hc_post (attn)         0.41     0.3%         43
[dprof] hc_pre  (ffn)          3.05     2.3%         43
[dprof] rmsnorm (ffn)          0.77     0.6%         43
[dprof] MoE                   52.25    38.6%         43
[dprof] hc_post (ffn)          0.35     0.3%         43
[dprof] kv xin copy            0.24     0.2%         41
[dprof] hc_head+norm           0.04     0.0%          1
[dprof] lm_head                5.38     4.0%          1
[dprof]   attn:q_proj          0.47     0.3%          2
[dprof]   attn:kv_write        0.08     0.1%          2
[dprof]   attn:sparse          0.36     0.3%          2
[dprof]   attn:ogroup          0.88     0.6%          2
[dprof]   cattn:q_proj        15.09    11.1%         41
[dprof]   cattn:compress       2.38     1.8%         41
[dprof]   cattn:indexer        6.12     4.5%         21
[dprof]   cattn:sparse        18.13    13.4%         41
[dprof]   cattn:ogroup        17.19    12.7%         41
[dprof]   moe:router           1.95     1.4%         46
[dprof]   moe:group            2.17     1.6%         46
[dprof]   moe:w1w3            33.21    24.5%         46
[dprof]   moe:act              1.56     1.2%         46
[dprof]   moe:w2              16.44    12.1%         46
[dprof]   moe:combine          0.59     0.4%         46
[dprof]   moe:shared           0.28     0.2%         46
[dprof]     q:aq(x)            0.40     0.3%         41
[dprof]     q:wq_a             5.71     4.2%         41
[dprof]     q:rms+aq           0.89     0.7%         41
[dprof]     q:wq_b             6.96     5.1%         41
[dprof]     q:tail             0.60     0.4%         41
[dprof]     q:kv_join          0.06     0.0%         41
[dprof]     o:rope             0.25     0.2%         41
[dprof]     o:wo_a             8.87     6.6%         41
[dprof]     o:wo_b             7.85     5.8%         41
[dprof]     i:qidx             1.75     1.3%         21
[dprof]     i:iw               0.60     0.4%         21
[dprof]     i:score            2.80     2.1%         21
[dprof]     i:topk             0.82     0.6%         21
[dprof]       mg:count         0.20     0.1%         46
[dprof]       mg:prefix        0.25     0.2%         46
[dprof]       mg:scatter       0.26     0.2%         46
[dprof]       mg:tiles         0.25     0.2%         46
[dprof] draft:main_kv          0.13     0.1%          1
[dprof] draft:block           12.28     9.1%          1
[dprof] draft:head            10.21     7.5%          1
[dprof] TOTAL                135.45
[dprof] *** INVALID: moe children 56.21 ms > MoE 52.25 ms — marks recorded outside the reported window

[dprof] ctx=12364 VB=2 verify=60 — verify step by sub-op, summed over all layers (1542 marks)
[dprof] phase                    ms        %      calls
[dprof] hc_pre  (attn)         1.84     1.8%         43
[dprof] rmsnorm (attn)         0.75     0.7%         43
[dprof] ATTENTION             57.15    55.2%         43
[dprof] hc_post (attn)         0.33     0.3%         43
[dprof] hc_pre  (ffn)          2.78     2.7%         43
[dprof] rmsnorm (ffn)          0.74     0.7%         43
[dprof] MoE                   34.59    33.4%         43
[dprof] hc_post (ffn)          0.29     0.3%         43
[dprof] kv xin copy            0.23     0.2%         41
[dprof] hc_head+norm           0.05     0.1%          1
[dprof] lm_head                4.77     4.6%          1
[dprof]   attn:q_proj          0.51     0.5%          2
[dprof]   attn:kv_write        0.08     0.1%          2
[dprof]   attn:sparse          0.32     0.3%          2
[dprof]   attn:ogroup          0.74     0.7%          2
[dprof]   cattn:q_proj        10.29     9.9%         41
[dprof]   cattn:compress       0.04     0.0%         41
[dprof]   cattn:indexer        4.14     4.0%         21
[dprof]   cattn:sparse        15.39    14.9%         41
[dprof]   cattn:ogroup        15.92    15.4%         41
[dprof]   moe:router           1.94     1.9%         46
[dprof]   moe:group            1.95     1.9%         46
[dprof]   moe:w1w3            22.01    21.3%         46
[dprof]   moe:act              1.45     1.4%         46
[dprof]   moe:w2              10.13     9.8%         46
[dprof]   moe:combine          0.53     0.5%         46
[dprof]   moe:shared           0.28     0.3%         46
[dprof]     q:aq(x)            0.25     0.2%         41
[dprof]     q:wq_a             1.67     1.6%         41
[dprof]     q:rms+aq           0.59     0.6%         41
[dprof]     q:wq_b             6.83     6.6%         41
[dprof]     q:tail             0.50     0.5%         41
[dprof]     q:kv_join          0.05     0.1%         41
[dprof]     o:rope             0.29     0.3%         41
[dprof]     o:wo_a             7.94     7.7%         41
[dprof]     o:wo_b             7.47     7.2%         41
[dprof]     i:qidx             1.52     1.5%         21
[dprof]     i:iw               0.45     0.4%         21
[dprof]     i:score            1.32     1.3%         21
[dprof]     i:topk             0.72     0.7%         21
[dprof]       mg:count         0.22     0.2%         46
[dprof]       mg:prefix        0.23     0.2%         46
[dprof]       mg:scatter       0.26     0.3%         46
[dprof]       mg:tiles         0.25     0.2%         46
[dprof] draft:main_kv          0.13     0.1%          1
[dprof] draft:block           12.08    11.7%          1
[dprof] draft:head            10.21     9.9%          1
[dprof] TOTAL                103.51
[dprof] *** INVALID: moe children 38.29 ms > MoE 34.59 ms — marks recorded outside the reported window

[dprof] ctx=12375 VB=2 verify=64 — verify step by sub-op, summed over all layers (1542 marks)
[dprof] phase                    ms        %      calls
[dprof] hc_pre  (attn)         1.84     1.7%         43
[dprof] rmsnorm (attn)         0.73     0.7%         43
[dprof] ATTENTION             63.00    58.1%         43
[dprof] hc_post (attn)         0.32     0.3%         43
[dprof] hc_pre  (ffn)          2.79     2.6%         43
[dprof] rmsnorm (ffn)          0.75     0.7%         43
[dprof] MoE                   33.19    30.6%         43
[dprof] hc_post (ffn)          0.27     0.2%         43
[dprof] kv xin copy            0.22     0.2%         41
[dprof] hc_head+norm           0.04     0.0%          1
[dprof] lm_head                5.28     4.9%          1
[dprof]   attn:q_proj          0.44     0.4%          2
[dprof]   attn:kv_write        0.08     0.1%          2
[dprof]   attn:sparse          0.32     0.3%          2
[dprof]   attn:ogroup          0.72     0.7%          2
[dprof]   cattn:q_proj        14.76    13.6%         41
[dprof]   cattn:compress       2.51     2.3%         41
[dprof]   cattn:indexer        4.19     3.9%         21
[dprof]   cattn:sparse        15.36    14.2%         41
[dprof]   cattn:ogroup        15.52    14.3%         41
[dprof]   moe:router           1.98     1.8%         46
[dprof]   moe:group            1.97     1.8%         46
[dprof]   moe:w1w3            21.15    19.5%         46
[dprof]   moe:act              1.40     1.3%         46
[dprof]   moe:w2               9.76     9.0%         46
[dprof]   moe:combine          0.52     0.5%         46
[dprof]   moe:shared           0.26     0.2%         46
[dprof]     q:aq(x)            0.28     0.3%         41
[dprof]     q:wq_a             5.67     5.2%         41
[dprof]     q:rms+aq           1.04     1.0%         41
[dprof]     q:wq_b             6.79     6.3%         41
[dprof]     q:tail             0.51     0.5%         41
[dprof]     q:kv_join          0.05     0.0%         41
[dprof]     o:rope             0.24     0.2%         41
[dprof]     o:wo_a             7.71     7.1%         41
[dprof]     o:wo_b             7.36     6.8%         41
[dprof]     i:qidx             1.52     1.4%         21
[dprof]     i:iw               0.45     0.4%         21
[dprof]     i:score            1.32     1.2%         21
[dprof]     i:topk             0.78     0.7%         21
[dprof]       mg:count         0.24     0.2%         46
[dprof]       mg:prefix        0.25     0.2%         46
[dprof]       mg:scatter       0.24     0.2%         46
[dprof]       mg:tiles         0.26     0.2%         46
[dprof] draft:main_kv          0.15     0.1%          1
[dprof] draft:block           12.02    11.1%          1
[dprof] draft:head            10.25     9.5%          1
[dprof] TOTAL                108.42
[dprof] *** INVALID: moe children 37.04 ms > MoE 33.19 ms — marks recorded outside the reported window

[dprof] ctx=12381 VB=2 verify=68 — verify step by sub-op, summed over all layers (1542 marks)
[dprof] phase                    ms        %      calls
[dprof] hc_pre  (attn)         1.81     1.8%         43
[dprof] rmsnorm (attn)         0.75     0.7%         43
[dprof] ATTENTION             56.94    55.6%         43
[dprof] hc_post (attn)         0.32     0.3%         43
[dprof] hc_pre  (ffn)          2.78     2.7%         43
[dprof] rmsnorm (ffn)          0.76     0.7%         43
[dprof] MoE                   33.61    32.8%         43
[dprof] hc_post (ffn)          0.30     0.3%         43
[dprof] kv xin copy            0.25     0.2%         41
[dprof] hc_head+norm           0.03     0.0%          1
[dprof] lm_head                4.80     4.7%          1
[dprof]   attn:q_proj          0.45     0.4%          2
[dprof]   attn:kv_write        0.09     0.1%          2
[dprof]   attn:sparse          0.34     0.3%          2
[dprof]   attn:ogroup          0.76     0.7%          2
[dprof]   cattn:q_proj        10.13     9.9%         41
[dprof]   cattn:compress       0.05     0.1%         41
[dprof]   cattn:indexer        4.11     4.0%         21
[dprof]   cattn:sparse        15.39    15.0%         41
[dprof]   cattn:ogroup        15.74    15.4%         41
[dprof]   moe:router           1.94     1.9%         46
[dprof]   moe:group            1.99     1.9%         46
[dprof]   moe:w1w3            21.41    20.9%         46
[dprof]   moe:act              1.45     1.4%         46
[dprof]   moe:w2               9.82     9.6%         46
[dprof]   moe:combine          0.55     0.5%         46
[dprof]   moe:shared           0.29     0.3%         46
[dprof]     q:aq(x)            0.23     0.2%         41
[dprof]     q:wq_a             1.67     1.6%         41
[dprof]     q:rms+aq           0.57     0.6%         41
[dprof]     q:wq_b             6.71     6.6%         41
[dprof]     q:tail             0.50     0.5%         41
[dprof]     q:kv_join          0.06     0.1%         41
[dprof]     o:rope             0.26     0.3%         41
[dprof]     o:wo_a             7.82     7.6%         41
[dprof]     o:wo_b             7.43     7.3%         41
[dprof]     i:qidx             1.51     1.5%         21
[dprof]     i:iw               0.43     0.4%         21
[dprof]     i:score            1.33     1.3%         21
[dprof]     i:topk             0.73     0.7%         21
[dprof]       mg:count         0.22     0.2%         46
[dprof]       mg:prefix        0.24     0.2%         46
[dprof]       mg:scatter       0.25     0.2%         46
[dprof]       mg:tiles         0.26     0.3%         46
[dprof] draft:main_kv          0.13     0.1%          1
[dprof] draft:block           12.13    11.9%          1
[dprof] draft:head            10.22    10.0%          1
[dprof] TOTAL                102.35
[dprof] *** INVALID: moe children 37.46 ms > MoE 33.61 ms — marks recorded outside the reported window

[dprof] ctx=12388 VB=3 verify=72 — verify step by sub-op, summed over all layers (1542 marks)
[dprof] phase                    ms        %      calls
[dprof] hc_pre  (attn)         2.09     1.8%         43
[dprof] rmsnorm (attn)         0.76     0.7%         43
[dprof] ATTENTION             59.31    51.5%         43
[dprof] hc_post (attn)         0.40     0.3%         43
[dprof] hc_pre  (ffn)          2.87     2.5%         43
[dprof] rmsnorm (ffn)          0.73     0.6%         43
[dprof] MoE                   43.54    37.8%         43
[dprof] hc_post (ffn)          0.38     0.3%         43
[dprof] kv xin copy            0.22     0.2%         41
[dprof] hc_head+norm           0.03     0.0%          1
[dprof] lm_head                4.77     4.1%          1
[dprof]   attn:q_proj          0.46     0.4%          2
[dprof]   attn:kv_write        0.08     0.1%          2
[dprof]   attn:sparse          0.33     0.3%          2
[dprof]   attn:ogroup          0.75     0.7%          2
[dprof]   cattn:q_proj        10.14     8.8%         41
[dprof]   cattn:compress       0.04     0.0%         41
[dprof]   cattn:indexer        4.66     4.0%         21
[dprof]   cattn:sparse        16.76    14.6%         41
[dprof]   cattn:ogroup        16.15    14.0%         41
[dprof]   moe:router           1.96     1.7%         46
[dprof]   moe:group            2.05     1.8%         46
[dprof]   moe:w1w3            27.77    24.1%         46
[dprof]   moe:act              1.50     1.3%         46
[dprof]   moe:w2              13.31    11.6%         46
[dprof]   moe:combine          0.55     0.5%         46
[dprof]   moe:shared           0.28     0.2%         46
[dprof]     q:aq(x)            0.24     0.2%         41
[dprof]     q:wq_a             1.65     1.4%         41
[dprof]     q:rms+aq           0.56     0.5%         41
[dprof]     q:wq_b             6.79     5.9%         41
[dprof]     q:tail             0.50     0.4%         41
[dprof]     q:kv_join          0.04     0.0%         41
[dprof]     o:rope             0.24     0.2%         41
[dprof]     o:wo_a             8.11     7.0%         41
[dprof]     o:wo_b             7.57     6.6%         41
[dprof]     i:qidx             1.65     1.4%         21
[dprof]     i:iw               0.55     0.5%         21
[dprof]     i:score            1.56     1.4%         21
[dprof]     i:topk             0.77     0.7%         21
[dprof]       mg:count         0.21     0.2%         46
[dprof]       mg:prefix        0.25     0.2%         46
[dprof]       mg:scatter       0.26     0.2%         46
[dprof]       mg:tiles         0.25     0.2%         46
[dprof] draft:main_kv          0.13     0.1%          1
[dprof] draft:block           12.10    10.5%          1
[dprof] draft:head            10.30     8.9%          1
[dprof] TOTAL                115.10
[dprof] *** INVALID: moe children 47.43 ms > MoE 43.54 ms — marks recorded outside the reported window

[dprof] ctx=12395 VB=2 verify=76 — verify step by sub-op, summed over all layers (1542 marks)
[dprof] phase                    ms        %      calls
[dprof] hc_pre  (attn)         1.83     1.7%         43
[dprof] rmsnorm (attn)         0.73     0.7%         43
[dprof] ATTENTION             63.28    58.2%         43
[dprof] hc_post (attn)         0.32     0.3%         43
[dprof] hc_pre  (ffn)          2.79     2.6%         43
[dprof] rmsnorm (ffn)          0.77     0.7%         43
[dprof] MoE                   33.29    30.6%         43
[dprof] hc_post (ffn)          0.29     0.3%         43
[dprof] kv xin copy            0.22     0.2%         41
[dprof] hc_head+norm           0.03     0.0%          1
[dprof] lm_head                5.09     4.7%          1
[dprof]   attn:q_proj          0.44     0.4%          2
[dprof]   attn:kv_write        0.09     0.1%          2
[dprof]   attn:sparse          0.34     0.3%          2
[dprof]   attn:ogroup          0.75     0.7%          2
[dprof]   cattn:q_proj        14.69    13.5%         41
[dprof]   cattn:compress       2.49     2.3%         41
[dprof]   cattn:indexer        4.18     3.8%         21
[dprof]   cattn:sparse        15.35    14.1%         41
[dprof]   cattn:ogroup        15.74    14.5%         41
[dprof]   moe:router           1.95     1.8%         46
[dprof]   moe:group            2.03     1.9%         46
[dprof]   moe:w1w3            21.25    19.6%         46
[dprof]   moe:act              1.48     1.4%         46
[dprof]   moe:w2               9.76     9.0%         46
[dprof]   moe:combine          0.51     0.5%         46
[dprof]   moe:shared           0.27     0.2%         46
[dprof]     q:aq(x)            0.29     0.3%         41
[dprof]     q:wq_a             5.64     5.2%         41
[dprof]     q:rms+aq           1.02     0.9%         41
[dprof]     q:wq_b             6.76     6.2%         41
[dprof]     q:tail             0.51     0.5%         41
[dprof]     q:kv_join          0.05     0.0%         41
[dprof]     o:rope             0.25     0.2%         41
[dprof]     o:wo_a             7.84     7.2%         41
[dprof]     o:wo_b             7.41     6.8%         41
[dprof]     i:qidx             1.52     1.4%         21
[dprof]     i:iw               0.42     0.4%         21
[dprof]     i:score            1.36     1.3%         21
[dprof]     i:topk             0.72     0.7%         21
[dprof]       mg:count         0.23     0.2%         46
[dprof]       mg:prefix        0.26     0.2%         46
[dprof]       mg:scatter       0.27     0.2%         46
[dprof]       mg:tiles         0.26     0.2%         46
[dprof] draft:main_kv          0.13     0.1%          1
[dprof] draft:block           12.41    11.4%          1
[dprof] draft:head            10.21     9.4%          1
[dprof] TOTAL                108.64
[dprof] *** INVALID: moe children 37.25 ms > MoE 33.29 ms — marks recorded outside the reported window

[dprof] ctx=12402 VB=2 verify=80 — verify step by sub-op, summed over all layers (1542 marks)
[dprof] phase                    ms        %      calls
[dprof] hc_pre  (attn)         1.81     1.7%         43
[dprof] rmsnorm (attn)         0.73     0.7%         43
[dprof] ATTENTION             63.03    58.5%         43
[dprof] hc_post (attn)         0.31     0.3%         43
[dprof] hc_pre  (ffn)          2.77     2.6%         43
[dprof] rmsnorm (ffn)          0.74     0.7%         43
[dprof] MoE                   32.75    30.4%         43
[dprof] hc_post (ffn)          0.27     0.3%         43
[dprof] kv xin copy            0.22     0.2%         41
[dprof] hc_head+norm           0.03     0.0%          1
[dprof] lm_head                4.99     4.6%          1
[dprof]   attn:q_proj          0.45     0.4%          2
[dprof]   attn:kv_write        0.08     0.1%          2
[dprof]   attn:sparse          0.33     0.3%          2
[dprof]   attn:ogroup          0.72     0.7%          2
[dprof]   cattn:q_proj        14.56    13.5%         41
[dprof]   cattn:compress       2.51     2.3%         41
[dprof]   cattn:indexer        4.17     3.9%         21
[dprof]   cattn:sparse        15.37    14.3%         41
[dprof]   cattn:ogroup        15.78    14.7%         41
[dprof]   moe:router           1.96     1.8%         46
[dprof]   moe:group            1.93     1.8%         46
[dprof]   moe:w1w3            20.80    19.3%         46
[dprof]   moe:act              1.45     1.3%         46
[dprof]   moe:w2               9.60     8.9%         46
[dprof]   moe:combine          0.50     0.5%         46
[dprof]   moe:shared           0.27     0.3%         46
[dprof]     q:aq(x)            0.41     0.4%         41
[dprof]     q:wq_a             5.34     5.0%         41
[dprof]     q:rms+aq           0.98     0.9%         41
[dprof]     q:wq_b             6.76     6.3%         41
[dprof]     q:tail             0.53     0.5%         41
[dprof]     q:kv_join          0.06     0.1%         41
[dprof]     o:rope             0.25     0.2%         41
[dprof]     o:wo_a             7.86     7.3%         41
[dprof]     o:wo_b             7.47     6.9%         41
[dprof]     i:qidx             1.52     1.4%         21
[dprof]     i:iw               0.46     0.4%         21
[dprof]     i:score            1.32     1.2%         21
[dprof]     i:topk             0.75     0.7%         21
[dprof]       mg:count         0.23     0.2%         46
[dprof]       mg:prefix        0.24     0.2%         46
[dprof]       mg:scatter       0.23     0.2%         46
[dprof]       mg:tiles         0.24     0.2%         46
[dprof] draft:main_kv          0.13     0.1%          1
[dprof] draft:block           12.02    11.2%          1
[dprof] draft:head            10.30     9.6%          1
[dprof] TOTAL                107.66
[dprof] *** INVALID: moe children 36.51 ms > MoE 32.75 ms — marks recorded outside the reported window

[dprof] ctx=12407 VB=4 verify=84 — verify step by sub-op, summed over all layers (1542 marks)
[dprof] phase                    ms        %      calls
[dprof] hc_pre  (attn)         2.35     1.7%         43
[dprof] rmsnorm (attn)         0.74     0.6%         43
[dprof] ATTENTION             69.62    51.7%         43
[dprof] hc_post (attn)         0.42     0.3%         43
[dprof] hc_pre  (ffn)          2.98     2.2%         43
[dprof] rmsnorm (ffn)          0.75     0.6%         43
[dprof] MoE                   51.79    38.5%         43
[dprof] hc_post (ffn)          0.36     0.3%         43
[dprof] kv xin copy            0.25     0.2%         41
[dprof] hc_head+norm           0.04     0.0%          1
[dprof] lm_head                5.31     3.9%          1
[dprof]   attn:q_proj          0.46     0.3%          2
[dprof]   attn:kv_write        0.08     0.1%          2
[dprof]   attn:sparse          0.34     0.3%          2
[dprof]   attn:ogroup          0.82     0.6%          2
[dprof]   cattn:q_proj        15.01    11.1%         41
[dprof]   cattn:compress       2.43     1.8%         41
[dprof]   cattn:indexer        6.09     4.5%         21
[dprof]   cattn:sparse        18.05    13.4%         41
[dprof]   cattn:ogroup        17.15    12.7%         41
[dprof]   moe:router           1.98     1.5%         46
[dprof]   moe:group            2.14     1.6%         46
[dprof]   moe:w1w3            32.85    24.4%         46
[dprof]   moe:act              1.42     1.1%         46
[dprof]   moe:w2              16.42    12.2%         46
[dprof]   moe:combine          0.61     0.5%         46
[dprof]   moe:shared           0.25     0.2%         46
[dprof]     q:aq(x)            0.41     0.3%         41
[dprof]     q:wq_a             5.73     4.3%         41
[dprof]     q:rms+aq           0.87     0.6%         41
[dprof]     q:wq_b             6.87     5.1%         41
[dprof]     q:tail             0.58     0.4%         41
[dprof]     q:kv_join          0.06     0.0%         41
[dprof]     o:rope             0.27     0.2%         41
[dprof]     o:wo_a             8.88     6.6%         41
[dprof]     o:wo_b             7.78     5.8%         41
[dprof]     i:qidx             1.75     1.3%         21
[dprof]     i:iw               0.62     0.5%         21
[dprof]     i:score            2.81     2.1%         21
[dprof]     i:topk             0.79     0.6%         21
[dprof]       mg:count         0.21     0.2%         46
[dprof]       mg:prefix        0.25     0.2%         46
[dprof]       mg:scatter       0.25     0.2%         46
[dprof]       mg:tiles         0.25     0.2%         46
[dprof] draft:main_kv          0.13     0.1%          1
[dprof] draft:block           12.04     8.9%          1
[dprof] draft:head            10.28     7.6%          1
[dprof] TOTAL                134.61
[dprof] *** INVALID: moe children 55.66 ms > MoE 51.79 ms — marks recorded outside the reported window

[dprof] ctx=12281 VB=3 verify=0 — verify step by sub-op, summed over all layers (1542 marks)
[dprof] phase                    ms        %      calls
[dprof] hc_pre  (attn)         2.08     1.7%         43
[dprof] rmsnorm (attn)         0.77     0.6%         43
[dprof] ATTENTION             65.17    53.7%         43
[dprof] hc_post (attn)         0.42     0.3%         43
[dprof] hc_pre  (ffn)          2.90     2.4%         43
[dprof] rmsnorm (ffn)          0.75     0.6%         43
[dprof] MoE                   43.58    35.9%         43
[dprof] hc_post (ffn)          0.36     0.3%         43
[dprof] kv xin copy            0.26     0.2%         41
[dprof] hc_head+norm           0.03     0.0%          1
[dprof] lm_head                4.94     4.1%          1
[dprof]   attn:q_proj          0.47     0.4%          2
[dprof]   attn:kv_write        0.08     0.1%          2
[dprof]   attn:sparse          0.33     0.3%          2
[dprof]   attn:ogroup          0.84     0.7%          2
[dprof]   cattn:q_proj        14.64    12.1%         41
[dprof]   cattn:compress       2.42     2.0%         41
[dprof]   cattn:indexer        4.59     3.8%         21
[dprof]   cattn:sparse        16.75    13.8%         41
[dprof]   cattn:ogroup        16.01    13.2%         41
[dprof]   moe:router           1.96     1.6%         46
[dprof]   moe:group            2.11     1.7%         46
[dprof]   moe:w1w3            27.89    23.0%         46
[dprof]   moe:act              1.56     1.3%         46
[dprof]   moe:w2              13.37    11.0%         46
[dprof]   moe:combine          0.56     0.5%         46
[dprof]   moe:shared           0.26     0.2%         46
[dprof]     q:aq(x)            0.37     0.3%         41
[dprof]     q:wq_a             5.45     4.5%         41
[dprof]     q:rms+aq           0.94     0.8%         41
[dprof]     q:wq_b             6.83     5.6%         41
[dprof]     q:tail             0.53     0.4%         41
[dprof]     q:kv_join          0.05     0.0%         41
[dprof]     o:rope             0.27     0.2%         41
[dprof]     o:wo_a             8.02     6.6%         41
[dprof]     o:wo_b             7.49     6.2%         41
[dprof]     i:qidx             1.57     1.3%         21
[dprof]     i:iw               0.56     0.5%         21
[dprof]     i:score            1.54     1.3%         21
[dprof]     i:topk             0.77     0.6%         21
[dprof]       mg:count         0.25     0.2%         46
[dprof]       mg:prefix        0.25     0.2%         46
[dprof]       mg:scatter       0.25     0.2%         46
[dprof]       mg:tiles         0.24     0.2%         46
[dprof] draft:main_kv          0.00     0.0%          1
[dprof] draft:block           12.39    10.2%          1
[dprof] draft:head            10.21     8.4%          1
[dprof] TOTAL                121.27
[dprof] *** INVALID: moe children 47.71 ms > MoE 43.58 ms — marks recorded outside the reported window

[dprof] ctx=12288 VB=2 verify=4 — verify step by sub-op, summed over all layers (1542 marks)
[dprof] phase                    ms        %      calls
[dprof] hc_pre  (attn)         1.82     1.8%         43
[dprof] rmsnorm (attn)         0.76     0.7%         43
[dprof] ATTENTION             56.50    55.2%         43
[dprof] hc_post (attn)         0.33     0.3%         43
[dprof] hc_pre  (ffn)          2.76     2.7%         43
[dprof] rmsnorm (ffn)          0.76     0.7%         43
[dprof] MoE                   33.62    32.8%         43
[dprof] hc_post (ffn)          0.27     0.3%         43
[dprof] kv xin copy            0.23     0.2%         41
[dprof] hc_head+norm           0.03     0.0%          1
[dprof] lm_head                5.29     5.2%          1
[dprof]   attn:q_proj          0.47     0.5%          2
[dprof]   attn:kv_write        0.08     0.1%          2
[dprof]   attn:sparse          0.32     0.3%          2
[dprof]   attn:ogroup          0.73     0.7%          2
[dprof]   cattn:q_proj        10.17     9.9%         41
[dprof]   cattn:compress       0.05     0.1%         41
[dprof]   cattn:indexer        4.13     4.0%         21
[dprof]   cattn:sparse        15.38    15.0%         41
[dprof]   cattn:ogroup        15.56    15.2%         41
[dprof]   moe:router           1.95     1.9%         46
[dprof]   moe:group            1.95     1.9%         46
[dprof]   moe:w1w3            21.56    21.1%         46
[dprof]   moe:act              1.42     1.4%         46
[dprof]   moe:w2               9.92     9.7%         46
[dprof]   moe:combine          0.49     0.5%         46
[dprof]   moe:shared           0.26     0.3%         46
[dprof]     q:aq(x)            0.22     0.2%         41
[dprof]     q:wq_a             1.65     1.6%         41
[dprof]     q:rms+aq           0.57     0.6%         41
[dprof]     q:wq_b             6.79     6.6%         41
[dprof]     q:tail             0.53     0.5%         41
[dprof]     q:kv_join          0.05     0.1%         41
[dprof]     o:rope             0.29     0.3%         41
[dprof]     o:wo_a             7.79     7.6%         41
[dprof]     o:wo_b             7.28     7.1%         41
[dprof]     i:qidx             1.52     1.5%         21
[dprof]     i:iw               0.44     0.4%         21
[dprof]     i:score            1.31     1.3%         21
[dprof]     i:topk             0.71     0.7%         21
[dprof]       mg:count         0.22     0.2%         46
[dprof]       mg:prefix        0.24     0.2%         46
[dprof]       mg:scatter       0.25     0.2%         46
[dprof]       mg:tiles         0.26     0.3%         46
[dprof] draft:main_kv          0.13     0.1%          1
[dprof] draft:block           12.28    12.0%          1
[dprof] draft:head            10.18     9.9%          1
[dprof] TOTAL                102.39
[dprof] *** INVALID: moe children 37.55 ms > MoE 33.62 ms — marks recorded outside the reported window

[dprof] ctx=12293 VB=2 verify=8 — verify step by sub-op, summed over all layers (1542 marks)
[dprof] phase                    ms        %      calls
[dprof] hc_pre  (attn)         1.83     1.8%         43
[dprof] rmsnorm (attn)         0.75     0.7%         43
[dprof] ATTENTION             57.05    55.7%         43
[dprof] hc_post (attn)         0.33     0.3%         43
[dprof] hc_pre  (ffn)          2.81     2.7%         43
[dprof] rmsnorm (ffn)          0.77     0.8%         43
[dprof] MoE                   33.64    32.8%         43
[dprof] hc_post (ffn)          0.26     0.3%         43
[dprof] kv xin copy            0.23     0.2%         41
[dprof] hc_head+norm           0.06     0.1%          1
[dprof] lm_head                4.78     4.7%          1
[dprof]   attn:q_proj          0.47     0.5%          2
[dprof]   attn:kv_write        0.08     0.1%          2
[dprof]   attn:sparse          0.35     0.3%          2
[dprof]   attn:ogroup          0.78     0.8%          2
[dprof]   cattn:q_proj        10.15     9.9%         41
[dprof]   cattn:compress       0.05     0.0%         41
[dprof]   cattn:indexer        4.24     4.1%         21
[dprof]   cattn:sparse        15.37    15.0%         41
[dprof]   cattn:ogroup        15.69    15.3%         41
[dprof]   moe:router           1.98     1.9%         46
[dprof]   moe:group            2.00     2.0%         46
[dprof]   moe:w1w3            21.50    21.0%         46
[dprof]   moe:act              1.44     1.4%         46
[dprof]   moe:w2               9.88     9.6%         46
[dprof]   moe:combine          0.47     0.5%         46
[dprof]   moe:shared           0.26     0.3%         46
[dprof]     q:aq(x)            0.21     0.2%         41
[dprof]     q:wq_a             1.67     1.6%         41
[dprof]     q:rms+aq           0.57     0.6%         41
[dprof]     q:wq_b             6.73     6.6%         41
[dprof]     q:tail             0.51     0.5%         41
[dprof]     q:kv_join          0.06     0.1%         41
[dprof]     o:rope             0.25     0.2%         41
[dprof]     o:wo_a             7.81     7.6%         41
[dprof]     o:wo_b             7.43     7.3%         41
[dprof]     i:qidx             1.50     1.5%         21
[dprof]     i:iw               0.45     0.4%         21
[dprof]     i:score            1.36     1.3%         21
[dprof]     i:topk             0.78     0.8%         21
[dprof]       mg:count         0.23     0.2%         46
[dprof]       mg:prefix        0.26     0.3%         46
[dprof]       mg:scatter       0.25     0.2%         46
[dprof]       mg:tiles         0.27     0.3%         46
[dprof] draft:main_kv          0.14     0.1%          1
[dprof] draft:block           12.19    11.9%          1
[dprof] draft:head            10.22    10.0%          1
[dprof] TOTAL                102.51
[dprof] *** INVALID: moe children 37.53 ms > MoE 33.64 ms — marks recorded outside the reported window

[dprof] ctx=12299 VB=3 verify=12 — verify step by sub-op, summed over all layers (1542 marks)
[dprof] phase                    ms        %      calls
[dprof] hc_pre  (attn)         2.09     1.7%         43
[dprof] rmsnorm (attn)         0.76     0.6%         43
[dprof] ATTENTION             65.54    53.6%         43
[dprof] hc_post (attn)         0.39     0.3%         43
[dprof] hc_pre  (ffn)          2.86     2.3%         43
[dprof] rmsnorm (ffn)          0.78     0.6%         43
[dprof] MoE                   44.21    36.1%         43
[dprof] hc_post (ffn)          0.34     0.3%         43
[dprof] kv xin copy            0.23     0.2%         41
[dprof] hc_head+norm           0.03     0.0%          1
[dprof] lm_head                5.13     4.2%          1
[dprof]   attn:q_proj          0.47     0.4%          2
[dprof]   attn:kv_write        0.11     0.1%          2
[dprof]   attn:sparse          0.35     0.3%          2
[dprof]   attn:ogroup          0.76     0.6%          2
[dprof]   cattn:q_proj        14.87    12.2%         41
[dprof]   cattn:compress       2.44     2.0%         41
[dprof]   cattn:indexer        4.54     3.7%         21
[dprof]   cattn:sparse        16.79    13.7%         41
[dprof]   cattn:ogroup        16.10    13.2%         41
[dprof]   moe:router           1.98     1.6%         46
[dprof]   moe:group            2.12     1.7%         46
[dprof]   moe:w1w3            28.16    23.0%         46
[dprof]   moe:act              1.41     1.2%         46
[dprof]   moe:w2              13.62    11.1%         46
[dprof]   moe:combine          0.55     0.4%         46
[dprof]   moe:shared           0.25     0.2%         46
[dprof]     q:aq(x)            0.39     0.3%         41
[dprof]     q:wq_a             5.68     4.6%         41
[dprof]     q:rms+aq           0.91     0.7%         41
[dprof]     q:wq_b             6.91     5.6%         41
[dprof]     q:tail             0.51     0.4%         41
[dprof]     q:kv_join          0.06     0.1%         41
[dprof]     o:rope             0.25     0.2%         41
[dprof]     o:wo_a             8.08     6.6%         41
[dprof]     o:wo_b             7.55     6.2%         41
[dprof]     i:qidx             1.58     1.3%         21
[dprof]     i:iw               0.54     0.4%         21
[dprof]     i:score            1.54     1.3%         21
[dprof]     i:topk             0.77     0.6%         21
[dprof]       mg:count         0.24     0.2%         46
[dprof]       mg:prefix        0.25     0.2%         46
[dprof]       mg:scatter       0.25     0.2%         46
[dprof]       mg:tiles         0.26     0.2%         46
[dprof] draft:main_kv          0.13     0.1%          1
[dprof] draft:block           12.17     9.9%          1
[dprof] draft:head            10.25     8.4%          1
[dprof] TOTAL                122.35
[dprof] *** INVALID: moe children 48.08 ms > MoE 44.21 ms — marks recorded outside the reported window

[dprof] ctx=12304 VB=3 verify=16 — verify step by sub-op, summed over all layers (1542 marks)
[dprof] phase                    ms        %      calls
[dprof] hc_pre  (attn)         2.11     1.8%         43
[dprof] rmsnorm (attn)         0.77     0.7%         43
[dprof] ATTENTION             59.37    50.8%         43
[dprof] hc_post (attn)         0.41     0.4%         43
[dprof] hc_pre  (ffn)          2.84     2.4%         43
[dprof] rmsnorm (ffn)          0.76     0.6%         43
[dprof] MoE                   45.31    38.7%         43
[dprof] hc_post (ffn)          0.35     0.3%         43
[dprof] kv xin copy            0.21     0.2%         41
[dprof] hc_head+norm           0.03     0.0%          1
[dprof] lm_head                4.79     4.1%          1
[dprof]   attn:q_proj          0.45     0.4%          2
[dprof]   attn:kv_write        0.08     0.1%          2
[dprof]   attn:sparse          0.33     0.3%          2
[dprof]   attn:ogroup          0.75     0.6%          2
[dprof]   cattn:q_proj        10.20     8.7%         41
[dprof]   cattn:compress       0.05     0.0%         41
[dprof]   cattn:indexer        4.57     3.9%         21
[dprof]   cattn:sparse        16.83    14.4%         41
[dprof]   cattn:ogroup        16.27    13.9%         41
[dprof]   moe:router           1.95     1.7%         46
[dprof]   moe:group            2.03     1.7%         46
[dprof]   moe:w1w3            28.86    24.7%         46
[dprof]   moe:act              1.62     1.4%         46
[dprof]   moe:w2              13.82    11.8%         46
[dprof]   moe:combine          0.55     0.5%         46
[dprof]   moe:shared           0.27     0.2%         46
[dprof]     q:aq(x)            0.21     0.2%         41
[dprof]     q:wq_a             1.65     1.4%         41
[dprof]     q:rms+aq           0.58     0.5%         41
[dprof]     q:wq_b             6.85     5.9%         41
[dprof]     q:tail             0.54     0.5%         41
[dprof]     q:kv_join          0.05     0.0%         41
[dprof]     o:rope             0.29     0.2%         41
[dprof]     o:wo_a             8.12     6.9%         41
[dprof]     o:wo_b             7.61     6.5%         41
[dprof]     i:qidx             1.62     1.4%         21
[dprof]     i:iw               0.54     0.5%         21
[dprof]     i:score            1.54     1.3%         21
[dprof]     i:topk             0.75     0.6%         21
[dprof]       mg:count         0.21     0.2%         46
[dprof]       mg:prefix        0.25     0.2%         46
[dprof]       mg:scatter       0.24     0.2%         46
[dprof]       mg:tiles         0.24     0.2%         46
[dprof] draft:main_kv          0.13     0.1%          1
[dprof] draft:block           11.99    10.3%          1
[dprof] draft:head            10.27     8.8%          1
[dprof] TOTAL                116.96
[dprof] *** INVALID: moe children 49.11 ms > MoE 45.31 ms — marks recorded outside the reported window

[dprof] ctx=12312 VB=2 verify=20 — verify step by sub-op, summed over all layers (1542 marks)
[dprof] phase                    ms        %      calls
[dprof] hc_pre  (attn)         1.78     1.8%         43
[dprof] rmsnorm (attn)         0.75     0.7%         43
[dprof] ATTENTION             56.63    55.7%         43
[dprof] hc_post (attn)         0.30     0.3%         43
[dprof] hc_pre  (ffn)          2.76     2.7%         43
[dprof] rmsnorm (ffn)          0.76     0.7%         43
[dprof] MoE                   32.97    32.4%         43
[dprof] hc_post (ffn)          0.27     0.3%         43
[dprof] kv xin copy            0.21     0.2%         41
[dprof] hc_head+norm           0.03     0.0%          1
[dprof] lm_head                5.19     5.1%          1
[dprof]   attn:q_proj          0.46     0.5%          2
[dprof]   attn:kv_write        0.09     0.1%          2
[dprof]   attn:sparse          0.32     0.3%          2
[dprof]   attn:ogroup          0.80     0.8%          2
[dprof]   cattn:q_proj        10.05     9.9%         41
[dprof]   cattn:compress       0.04     0.0%         41
[dprof]   cattn:indexer        4.27     4.2%         21
[dprof]   cattn:sparse        15.33    15.1%         41
[dprof]   cattn:ogroup        15.60    15.3%         41
[dprof]   moe:router           1.93     1.9%         46
[dprof]   moe:group            1.94     1.9%         46
[dprof]   moe:w1w3            21.27    20.9%         46
[dprof]   moe:act              1.39     1.4%         46
[dprof]   moe:w2               9.78     9.6%         46
[dprof]   moe:combine          0.51     0.5%         46
[dprof]   moe:shared           0.25     0.2%         46
[dprof]     q:aq(x)            0.21     0.2%         41
[dprof]     q:wq_a             1.64     1.6%         41
[dprof]     q:rms+aq           0.57     0.6%         41
[dprof]     q:wq_b             6.76     6.6%         41
[dprof]     q:tail             0.49     0.5%         41
[dprof]     q:kv_join          0.04     0.0%         41
[dprof]     o:rope             0.27     0.3%         41
[dprof]     o:wo_a             7.78     7.7%         41
[dprof]     o:wo_b             7.34     7.2%         41
[dprof]     i:qidx             1.58     1.5%         21
[dprof]     i:iw               0.44     0.4%         21
[dprof]     i:score            1.36     1.3%         21
[dprof]     i:topk             0.76     0.7%         21
[dprof]       mg:count         0.22     0.2%         46
[dprof]       mg:prefix        0.25     0.2%         46
[dprof]       mg:scatter       0.24     0.2%         46
[dprof]       mg:tiles         0.24     0.2%         46
[dprof] draft:main_kv          0.13     0.1%          1
[dprof] draft:block           12.45    12.2%          1
[dprof] draft:head            10.27    10.1%          1
[dprof] TOTAL                101.66
[dprof] *** INVALID: moe children 37.08 ms > MoE 32.97 ms — marks recorded outside the reported window

[dprof] ctx=12318 VB=2 verify=24 — verify step by sub-op, summed over all layers (1542 marks)
[dprof] phase                    ms        %      calls
[dprof] hc_pre  (attn)         1.79     1.6%         43
[dprof] rmsnorm (attn)         0.75     0.7%         43
[dprof] ATTENTION             62.72    56.4%         43
[dprof] hc_post (attn)         0.31     0.3%         43
[dprof] hc_pre  (ffn)          2.74     2.5%         43
[dprof] rmsnorm (ffn)          0.77     0.7%         43
[dprof] MoE                   36.42    32.7%         43
[dprof] hc_post (ffn)          0.30     0.3%         43
[dprof] kv xin copy            0.26     0.2%         41
[dprof] hc_head+norm           0.03     0.0%          1
[dprof] lm_head                5.13     4.6%          1
[dprof]   attn:q_proj          0.45     0.4%          2
[dprof]   attn:kv_write        0.08     0.1%          2
[dprof]   attn:sparse          0.33     0.3%          2
[dprof]   attn:ogroup          0.75     0.7%          2
[dprof]   cattn:q_proj        14.56    13.1%         41
[dprof]   cattn:compress       2.46     2.2%         41
[dprof]   cattn:indexer        4.17     3.7%         21
[dprof]   cattn:sparse        15.37    13.8%         41
[dprof]   cattn:ogroup        15.66    14.1%         41
[dprof]   moe:router           1.99     1.8%         46
[dprof]   moe:group            1.95     1.8%         46
[dprof]   moe:w1w3            23.62    21.2%         46
[dprof]   moe:act              1.57     1.4%         46
[dprof]   moe:w2              10.51     9.5%         46
[dprof]   moe:combine          0.50     0.4%         46
[dprof]   moe:shared           0.25     0.2%         46
[dprof]     q:aq(x)            0.37     0.3%         41
[dprof]     q:wq_a             5.37     4.8%         41
[dprof]     q:rms+aq           1.00     0.9%         41
[dprof]     q:wq_b             6.81     6.1%         41
[dprof]     q:tail             0.50     0.4%         41
[dprof]     q:kv_join          0.06     0.0%         41
[dprof]     o:rope             0.25     0.2%         41
[dprof]     o:wo_a             7.83     7.0%         41
[dprof]     o:wo_b             7.39     6.6%         41
[dprof]     i:qidx             1.55     1.4%         21
[dprof]     i:iw               0.44     0.4%         21
[dprof]     i:score            1.32     1.2%         21
[dprof]     i:topk             0.74     0.7%         21
[dprof]       mg:count         0.23     0.2%         46
[dprof]       mg:prefix        0.26     0.2%         46
[dprof]       mg:scatter       0.25     0.2%         46
[dprof]       mg:tiles         0.24     0.2%         46
[dprof] draft:main_kv          0.14     0.1%          1
[dprof] draft:block           12.20    11.0%          1
[dprof] draft:head            10.26     9.2%          1
[dprof] TOTAL                111.23
[dprof] *** INVALID: moe children 40.38 ms > MoE 36.42 ms — marks recorded outside the reported window

[dprof] ctx=12323 VB=2 verify=28 — verify step by sub-op, summed over all layers (1542 marks)
[dprof] phase                    ms        %      calls
[dprof] hc_pre  (attn)         1.80     1.6%         43
[dprof] rmsnorm (attn)         0.74     0.7%         43
[dprof] ATTENTION             62.92    56.8%         43
[dprof] hc_post (attn)         0.32     0.3%         43
[dprof] hc_pre  (ffn)          2.78     2.5%         43
[dprof] rmsnorm (ffn)          0.74     0.7%         43
[dprof] MoE                   36.07    32.5%         43
[dprof] hc_post (ffn)          0.29     0.3%         43
[dprof] kv xin copy            0.21     0.2%         41
[dprof] hc_head+norm           0.04     0.0%          1
[dprof] lm_head                4.89     4.4%          1
[dprof]   attn:q_proj          0.45     0.4%          2
[dprof]   attn:kv_write        0.08     0.1%          2
[dprof]   attn:sparse          0.32     0.3%          2
[dprof]   attn:ogroup          0.73     0.7%          2
[dprof]   cattn:q_proj        14.62    13.2%         41
[dprof]   cattn:compress       2.43     2.2%         41
[dprof]   cattn:indexer        4.14     3.7%         21
[dprof]   cattn:sparse        15.38    13.9%         41
[dprof]   cattn:ogroup        15.61    14.1%         41
[dprof]   moe:router           1.94     1.8%         46
[dprof]   moe:group            1.93     1.7%         46
[dprof]   moe:w1w3            23.49    21.2%         46
[dprof]   moe:act              1.51     1.4%         46
[dprof]   moe:w2              10.53     9.5%         46
[dprof]   moe:combine          0.52     0.5%         46
[dprof]   moe:shared           0.27     0.2%         46
[dprof]     q:aq(x)            0.27     0.2%         41
[dprof]     q:wq_a             5.70     5.1%         41
[dprof]     q:rms+aq           0.95     0.9%         41
[dprof]     q:wq_b             6.71     6.1%         41
[dprof]     q:tail             0.49     0.4%         41
[dprof]     q:kv_join          0.06     0.1%         41
[dprof]     o:rope             0.25     0.2%         41
[dprof]     o:wo_a             7.72     7.0%         41
[dprof]     o:wo_b             7.46     6.7%         41
[dprof]     i:qidx             1.51     1.4%         21
[dprof]     i:iw               0.44     0.4%         21
[dprof]     i:score            1.33     1.2%         21
[dprof]     i:topk             0.74     0.7%         21
[dprof]       mg:count         0.22     0.2%         46
[dprof]       mg:prefix        0.25     0.2%         46
[dprof]       mg:scatter       0.24     0.2%         46
[dprof]       mg:tiles         0.25     0.2%         46
[dprof] draft:main_kv          0.13     0.1%          1
[dprof] draft:block           12.41    11.2%          1
[dprof] draft:head            10.24     9.2%          1
[dprof] TOTAL                110.81
[dprof] *** INVALID: moe children 40.19 ms > MoE 36.07 ms — marks recorded outside the reported window

[dprof] ctx=12330 VB=3 verify=32 — verify step by sub-op, summed over all layers (1542 marks)
[dprof] phase                    ms        %      calls
[dprof] hc_pre  (attn)         2.10     1.7%         43
[dprof] rmsnorm (attn)         0.77     0.6%         43
[dprof] ATTENTION             65.23    52.2%         43
[dprof] hc_post (attn)         0.43     0.3%         43
[dprof] hc_pre  (ffn)          2.88     2.3%         43
[dprof] rmsnorm (ffn)          0.77     0.6%         43
[dprof] MoE                   47.11    37.7%         43
[dprof] hc_post (ffn)          0.39     0.3%         43
[dprof] kv xin copy            0.24     0.2%         41
[dprof] hc_head+norm           0.03     0.0%          1
[dprof] lm_head                5.02     4.0%          1
[dprof]   attn:q_proj          0.45     0.4%          2
[dprof]   attn:kv_write        0.08     0.1%          2
[dprof]   attn:sparse          0.33     0.3%          2
[dprof]   attn:ogroup          0.75     0.6%          2
[dprof]   cattn:q_proj        14.51    11.6%         41
[dprof]   cattn:compress       2.43     1.9%         41
[dprof]   cattn:indexer        4.61     3.7%         21
[dprof]   cattn:sparse        16.87    13.5%         41
[dprof]   cattn:ogroup        15.98    12.8%         41
[dprof]   moe:router           1.94     1.6%         46
[dprof]   moe:group            2.11     1.7%         46
[dprof]   moe:w1w3            30.29    24.2%         46
[dprof]   moe:act              1.57     1.3%         46
[dprof]   moe:w2              14.31    11.4%         46
[dprof]   moe:combine          0.57     0.5%         46
[dprof]   moe:shared           0.26     0.2%         46
[dprof]     q:aq(x)            0.42     0.3%         41
[dprof]     q:wq_a             5.39     4.3%         41
[dprof]     q:rms+aq           0.91     0.7%         41
[dprof]     q:wq_b             6.78     5.4%         41
[dprof]     q:tail             0.51     0.4%         41
[dprof]     q:kv_join          0.05     0.0%         41
[dprof]     o:rope             0.25     0.2%         41
[dprof]     o:wo_a             7.95     6.4%         41
[dprof]     o:wo_b             7.58     6.1%         41
[dprof]     i:qidx             1.59     1.3%         21
[dprof]     i:iw               0.55     0.4%         21
[dprof]     i:score            1.58     1.3%         21
[dprof]     i:topk             0.77     0.6%         21
[dprof]       mg:count         0.23     0.2%         46
[dprof]       mg:prefix        0.25     0.2%         46
[dprof]       mg:scatter       0.25     0.2%         46
[dprof]       mg:tiles         0.26     0.2%         46
[dprof] draft:main_kv          0.13     0.1%          1
[dprof] draft:block           12.22     9.8%          1
[dprof] draft:head            10.19     8.2%          1
[dprof] TOTAL                124.98
[dprof] *** INVALID: moe children 51.05 ms > MoE 47.11 ms — marks recorded outside the reported window

[dprof] ctx=12336 VB=2 verify=36 — verify step by sub-op, summed over all layers (1542 marks)
[dprof] phase                    ms        %      calls
[dprof] hc_pre  (attn)         1.80     1.8%         43
[dprof] rmsnorm (attn)         0.78     0.8%         43
[dprof] ATTENTION             56.71    55.6%         43
[dprof] hc_post (attn)         0.32     0.3%         43
[dprof] hc_pre  (ffn)          2.80     2.7%         43
[dprof] rmsnorm (ffn)          0.75     0.7%         43
[dprof] MoE                   33.13    32.5%         43
[dprof] hc_post (ffn)          0.28     0.3%         43
[dprof] kv xin copy            0.23     0.2%         41
[dprof] hc_head+norm           0.03     0.0%          1
[dprof] lm_head                5.20     5.1%          1
[dprof]   attn:q_proj          0.46     0.5%          2
[dprof]   attn:kv_write        0.09     0.1%          2
[dprof]   attn:sparse          0.34     0.3%          2
[dprof]   attn:ogroup          0.73     0.7%          2
[dprof]   cattn:q_proj        10.09     9.9%         41
[dprof]   cattn:compress       0.04     0.0%         41
[dprof]   cattn:indexer        4.17     4.1%         21
[dprof]   cattn:sparse        15.38    15.1%         41
[dprof]   cattn:ogroup        15.80    15.5%         41
[dprof]   moe:router           1.93     1.9%         46
[dprof]   moe:group            1.98     1.9%         46
[dprof]   moe:w1w3            21.16    20.7%         46
[dprof]   moe:act              1.40     1.4%         46
[dprof]   moe:w2               9.72     9.5%         46
[dprof]   moe:combine          0.50     0.5%         46
[dprof]   moe:shared           0.26     0.3%         46
[dprof]     q:aq(x)            0.22     0.2%         41
[dprof]     q:wq_a             1.65     1.6%         41
[dprof]     q:rms+aq           0.56     0.6%         41
[dprof]     q:wq_b             6.72     6.6%         41
[dprof]     q:tail             0.50     0.5%         41
[dprof]     q:kv_join          0.06     0.1%         41
[dprof]     o:rope             0.26     0.3%         41
[dprof]     o:wo_a             7.85     7.7%         41
[dprof]     o:wo_b             7.49     7.3%         41
[dprof]     i:qidx             1.55     1.5%         21
[dprof]     i:iw               0.43     0.4%         21
[dprof]     i:score            1.33     1.3%         21
[dprof]     i:topk             0.74     0.7%         21
[dprof]       mg:count         0.22     0.2%         46
[dprof]       mg:prefix        0.25     0.2%         46
[dprof]       mg:scatter       0.28     0.3%         46
[dprof]       mg:tiles         0.24     0.2%         46
[dprof] draft:main_kv          0.13     0.1%          1
[dprof] draft:block           12.09    11.9%          1
[dprof] draft:head            10.19    10.0%          1
[dprof] TOTAL                102.03
[dprof] *** INVALID: moe children 36.96 ms > MoE 33.13 ms — marks recorded outside the reported window

[dprof] ctx=12342 VB=3 verify=40 — verify step by sub-op, summed over all layers (1542 marks)
[dprof] phase                    ms        %      calls
[dprof] hc_pre  (attn)         2.09     1.7%         43
[dprof] rmsnorm (attn)         0.75     0.6%         43
[dprof] ATTENTION             65.21    53.5%         43
[dprof] hc_post (attn)         0.39     0.3%         43
[dprof] hc_pre  (ffn)          2.88     2.4%         43
[dprof] rmsnorm (ffn)          0.75     0.6%         43
[dprof] MoE                   44.41    36.4%         43
[dprof] hc_post (ffn)          0.36     0.3%         43
[dprof] kv xin copy            0.23     0.2%         41
[dprof] hc_head+norm           0.03     0.0%          1
[dprof] lm_head                4.82     4.0%          1
[dprof]   attn:q_proj          0.45     0.4%          2
[dprof]   attn:kv_write        0.10     0.1%          2
[dprof]   attn:sparse          0.36     0.3%          2
[dprof]   attn:ogroup          0.76     0.6%          2
[dprof]   cattn:q_proj        14.44    11.8%         41
[dprof]   cattn:compress       2.44     2.0%         41
[dprof]   cattn:indexer        4.63     3.8%         21
[dprof]   cattn:sparse        16.84    13.8%         41
[dprof]   cattn:ogroup        16.03    13.1%         41
[dprof]   moe:router           1.95     1.6%         46
[dprof]   moe:group            2.03     1.7%         46
[dprof]   moe:w1w3            28.48    23.4%         46
[dprof]   moe:act              1.53     1.3%         46
[dprof]   moe:w2              13.55    11.1%         46
[dprof]   moe:combine          0.56     0.5%         46
[dprof]   moe:shared           0.26     0.2%         46
[dprof]     q:aq(x)            0.36     0.3%         41
[dprof]     q:wq_a             5.41     4.4%         41
[dprof]     q:rms+aq           0.90     0.7%         41
[dprof]     q:wq_b             6.77     5.6%         41
[dprof]     q:tail             0.53     0.4%         41
[dprof]     q:kv_join          0.06     0.0%         41
[dprof]     o:rope             0.26     0.2%         41
[dprof]     o:wo_a             7.99     6.6%         41
[dprof]     o:wo_b             7.58     6.2%         41
[dprof]     i:qidx             1.60     1.3%         21
[dprof]     i:iw               0.55     0.5%         21
[dprof]     i:score            1.57     1.3%         21
[dprof]     i:topk             0.76     0.6%         21
[dprof]       mg:count         0.22     0.2%         46
[dprof]       mg:prefix        0.25     0.2%         46
[dprof]       mg:scatter       0.24     0.2%         46
[dprof]       mg:tiles         0.24     0.2%         46
[dprof] draft:main_kv          0.16     0.1%          1
[dprof] draft:block           12.16    10.0%          1
[dprof] draft:head            10.21     8.4%          1
[dprof] TOTAL                121.91
[dprof] *** INVALID: moe children 48.35 ms > MoE 44.41 ms — marks recorded outside the reported window

[dprof] ctx=12351 VB=3 verify=44 — verify step by sub-op, summed over all layers (1542 marks)
[dprof] phase                    ms        %      calls
[dprof] hc_pre  (attn)         2.10     1.7%         43
[dprof] rmsnorm (attn)         0.76     0.6%         43
[dprof] ATTENTION             65.41    53.8%         43
[dprof] hc_post (attn)         0.41     0.3%         43
[dprof] hc_pre  (ffn)          2.91     2.4%         43
[dprof] rmsnorm (ffn)          0.77     0.6%         43
[dprof] MoE                   43.77    36.0%         43
[dprof] hc_post (ffn)          0.35     0.3%         43
[dprof] kv xin copy            0.24     0.2%         41
[dprof] hc_head+norm           0.03     0.0%          1
[dprof] lm_head                4.76     3.9%          1
[dprof]   attn:q_proj          0.46     0.4%          2
[dprof]   attn:kv_write        0.08     0.1%          2
[dprof]   attn:sparse          0.34     0.3%          2
[dprof]   attn:ogroup          0.78     0.6%          2
[dprof]   cattn:q_proj        14.93    12.3%         41
[dprof]   cattn:compress       2.39     2.0%         41
[dprof]   cattn:indexer        4.61     3.8%         21
[dprof]   cattn:sparse        16.81    13.8%         41
[dprof]   cattn:ogroup        15.97    13.1%         41
[dprof]   moe:router           1.98     1.6%         46
[dprof]   moe:group            2.09     1.7%         46
[dprof]   moe:w1w3            27.88    22.9%         46
[dprof]   moe:act              1.56     1.3%         46
[dprof]   moe:w2              13.29    10.9%         46
[dprof]   moe:combine          0.55     0.4%         46
[dprof]   moe:shared           0.25     0.2%         46
[dprof]     q:aq(x)            0.27     0.2%         41
[dprof]     q:wq_a             5.83     4.8%         41
[dprof]     q:rms+aq           0.93     0.8%         41
[dprof]     q:wq_b             6.87     5.7%         41
[dprof]     q:tail             0.53     0.4%         41
[dprof]     q:kv_join          0.06     0.1%         41
[dprof]     o:rope             0.26     0.2%         41
[dprof]     o:wo_a             8.03     6.6%         41
[dprof]     o:wo_b             7.47     6.1%         41
[dprof]     i:qidx             1.60     1.3%         21
[dprof]     i:iw               0.56     0.5%         21
[dprof]     i:score            1.53     1.3%         21
[dprof]     i:topk             0.78     0.6%         21
[dprof]       mg:count         0.23     0.2%         46
[dprof]       mg:prefix        0.26     0.2%         46
[dprof]       mg:scatter       0.24     0.2%         46
[dprof]       mg:tiles         0.25     0.2%         46
[dprof] draft:main_kv          0.13     0.1%          1
[dprof] draft:block           12.16    10.0%          1
[dprof] draft:head            10.21     8.4%          1
[dprof] TOTAL                121.51
[dprof] *** INVALID: moe children 47.60 ms > MoE 43.77 ms — marks recorded outside the reported window

[dprof] ctx=12361 VB=2 verify=48 — verify step by sub-op, summed over all layers (1542 marks)
[dprof] phase                    ms        %      calls
[dprof] hc_pre  (attn)         1.79     1.7%         43
[dprof] rmsnorm (attn)         0.77     0.7%         43
[dprof] ATTENTION             56.91    54.9%         43
[dprof] hc_post (attn)         0.33     0.3%         43
[dprof] hc_pre  (ffn)          2.79     2.7%         43
[dprof] rmsnorm (ffn)          0.77     0.7%         43
[dprof] MoE                   34.91    33.7%         43
[dprof] hc_post (ffn)          0.28     0.3%         43
[dprof] kv xin copy            0.22     0.2%         41
[dprof] hc_head+norm           0.06     0.1%          1
[dprof] lm_head                4.78     4.6%          1
[dprof]   attn:q_proj          0.49     0.5%          2
[dprof]   attn:kv_write        0.08     0.1%          2
[dprof]   attn:sparse          0.32     0.3%          2
[dprof]   attn:ogroup          0.73     0.7%          2
[dprof]   cattn:q_proj        10.19     9.8%         41
[dprof]   cattn:compress       0.04     0.0%         41
[dprof]   cattn:indexer        4.12     4.0%         21
[dprof]   cattn:sparse        15.38    14.8%         41
[dprof]   cattn:ogroup        15.68    15.1%         41
[dprof]   moe:router           1.93     1.9%         46
[dprof]   moe:group            2.01     1.9%         46
[dprof]   moe:w1w3            22.39    21.6%         46
[dprof]   moe:act              1.49     1.4%         46
[dprof]   moe:w2              10.08     9.7%         46
[dprof]   moe:combine          0.50     0.5%         46
[dprof]   moe:shared           0.27     0.3%         46
[dprof]     q:aq(x)            0.23     0.2%         41
[dprof]     q:wq_a             1.66     1.6%         41
[dprof]     q:rms+aq           0.56     0.5%         41
[dprof]     q:wq_b             6.83     6.6%         41
[dprof]     q:tail             0.49     0.5%         41
[dprof]     q:kv_join          0.05     0.0%         41
[dprof]     o:rope             0.25     0.2%         41
[dprof]     o:wo_a             7.73     7.5%         41
[dprof]     o:wo_b             7.48     7.2%         41
[dprof]     i:qidx             1.51     1.5%         21
[dprof]     i:iw               0.42     0.4%         21
[dprof]     i:score            1.32     1.3%         21
[dprof]     i:topk             0.75     0.7%         21
[dprof]       mg:count         0.23     0.2%         46
[dprof]       mg:prefix        0.24     0.2%         46
[dprof]       mg:scatter       0.25     0.2%         46
[dprof]       mg:tiles         0.26     0.2%         46
[dprof] draft:main_kv          0.13     0.1%          1
[dprof] draft:block           12.10    11.7%          1
[dprof] draft:head            10.21     9.9%          1
[dprof] TOTAL                103.61
[dprof] *** INVALID: moe children 38.68 ms > MoE 34.91 ms — marks recorded outside the reported window

[dprof] ctx=12368 VB=2 verify=52 — verify step by sub-op, summed over all layers (1542 marks)
[dprof] phase                    ms        %      calls
[dprof] hc_pre  (attn)         1.78     1.7%         43
[dprof] rmsnorm (attn)         0.75     0.7%         43
[dprof] ATTENTION             56.76    55.0%         43
[dprof] hc_post (attn)         0.32     0.3%         43
[dprof] hc_pre  (ffn)          2.78     2.7%         43
[dprof] rmsnorm (ffn)          0.77     0.7%         43
[dprof] MoE                   34.70    33.7%         43
[dprof] hc_post (ffn)          0.27     0.3%         43
[dprof] kv xin copy            0.22     0.2%         41
[dprof] hc_head+norm           0.04     0.0%          1
[dprof] lm_head                4.73     4.6%          1
[dprof]   attn:q_proj          0.45     0.4%          2
[dprof]   attn:kv_write        0.08     0.1%          2
[dprof]   attn:sparse          0.32     0.3%          2
[dprof]   attn:ogroup          0.73     0.7%          2
[dprof]   cattn:q_proj        10.04     9.7%         41
[dprof]   cattn:compress       0.05     0.0%         41
[dprof]   cattn:indexer        4.21     4.1%         21
[dprof]   cattn:sparse        15.37    14.9%         41
[dprof]   cattn:ogroup        15.81    15.3%         41
[dprof]   moe:router           1.94     1.9%         46
[dprof]   moe:group            1.96     1.9%         46
[dprof]   moe:w1w3            22.27    21.6%         46
[dprof]   moe:act              1.51     1.5%         46
[dprof]   moe:w2              10.12     9.8%         46
[dprof]   moe:combine          0.51     0.5%         46
[dprof]   moe:shared           0.25     0.2%         46
[dprof]     q:aq(x)            0.22     0.2%         41
[dprof]     q:wq_a             1.65     1.6%         41
[dprof]     q:rms+aq           0.56     0.5%         41
[dprof]     q:wq_b             6.68     6.5%         41
[dprof]     q:tail             0.49     0.5%         41
[dprof]     q:kv_join          0.05     0.1%         41
[dprof]     o:rope             0.26     0.3%         41
[dprof]     o:wo_a             7.82     7.6%         41
[dprof]     o:wo_b             7.51     7.3%         41
[dprof]     i:qidx             1.56     1.5%         21
[dprof]     i:iw               0.44     0.4%         21
[dprof]     i:score            1.34     1.3%         21
[dprof]     i:topk             0.73     0.7%         21
[dprof]       mg:count         0.21     0.2%         46
[dprof]       mg:prefix        0.25     0.2%         46
[dprof]       mg:scatter       0.24     0.2%         46
[dprof]       mg:tiles         0.27     0.3%         46
[dprof] draft:main_kv          0.13     0.1%          1
[dprof] draft:block           12.14    11.8%          1
[dprof] draft:head            10.21     9.9%          1
[dprof] TOTAL                103.11
[dprof] *** INVALID: moe children 38.56 ms > MoE 34.70 ms — marks recorded outside the reported window

[dprof] ctx=12372 VB=2 verify=56 — verify step by sub-op, summed over all layers (1542 marks)
[dprof] phase                    ms        %      calls
[dprof] hc_pre  (attn)         1.79     1.7%         43
[dprof] rmsnorm (attn)         0.76     0.7%         43
[dprof] ATTENTION             56.37    55.0%         43
[dprof] hc_post (attn)         0.32     0.3%         43
[dprof] hc_pre  (ffn)          2.77     2.7%         43
[dprof] rmsnorm (ffn)          0.76     0.7%         43
[dprof] MoE                   34.18    33.4%         43
[dprof] hc_post (ffn)          0.27     0.3%         43
[dprof] kv xin copy            0.24     0.2%         41
[dprof] hc_head+norm           0.04     0.0%          1
[dprof] lm_head                4.97     4.8%          1
[dprof]   attn:q_proj          0.45     0.4%          2
[dprof]   attn:kv_write        0.08     0.1%          2
[dprof]   attn:sparse          0.32     0.3%          2
[dprof]   attn:ogroup          0.78     0.8%          2
[dprof]   cattn:q_proj         9.97     9.7%         41
[dprof]   cattn:compress       0.04     0.0%         41
[dprof]   cattn:indexer        4.09     4.0%         21
[dprof]   cattn:sparse        15.35    15.0%         41
[dprof]   cattn:ogroup        15.60    15.2%         41
[dprof]   moe:router           1.94     1.9%         46
[dprof]   moe:group            1.96     1.9%         46
[dprof]   moe:w1w3            21.93    21.4%         46
[dprof]   moe:act              1.44     1.4%         46
[dprof]   moe:w2              10.00     9.8%         46
[dprof]   moe:combine          0.49     0.5%         46
[dprof]   moe:shared           0.24     0.2%         46
[dprof]     q:aq(x)            0.23     0.2%         41
[dprof]     q:wq_a             1.65     1.6%         41
[dprof]     q:rms+aq           0.56     0.5%         41
[dprof]     q:wq_b             6.67     6.5%         41
[dprof]     q:tail             0.47     0.5%         41
[dprof]     q:kv_join          0.05     0.0%         41
[dprof]     o:rope             0.25     0.2%         41
[dprof]     o:wo_a             7.76     7.6%         41
[dprof]     o:wo_b             7.41     7.2%         41
[dprof]     i:qidx             1.50     1.5%         21
[dprof]     i:iw               0.43     0.4%         21
[dprof]     i:score            1.32     1.3%         21
[dprof]     i:topk             0.74     0.7%         21
[dprof]       mg:count         0.21     0.2%         46
[dprof]       mg:prefix        0.25     0.2%         46
[dprof]       mg:scatter       0.24     0.2%         46
[dprof]       mg:tiles         0.25     0.2%         46
[dprof] draft:main_kv          0.13     0.1%          1
[dprof] draft:block           12.25    12.0%          1
[dprof] draft:head            10.25    10.0%          1
[dprof] TOTAL                102.46
[dprof] *** INVALID: moe children 38.01 ms > MoE 34.18 ms — marks recorded outside the reported window

[dprof] ctx=12377 VB=2 verify=60 — verify step by sub-op, summed over all layers (1542 marks)
[dprof] phase                    ms        %      calls
[dprof] hc_pre  (attn)         1.79     1.7%         43
[dprof] rmsnorm (attn)         0.74     0.7%         43
[dprof] ATTENTION             56.85    54.7%         43
[dprof] hc_post (attn)         0.33     0.3%         43
[dprof] hc_pre  (ffn)          2.75     2.6%         43
[dprof] rmsnorm (ffn)          0.77     0.7%         43
[dprof] MoE                   35.33    34.0%         43
[dprof] hc_post (ffn)          0.27     0.3%         43
[dprof] kv xin copy            0.22     0.2%         41
[dprof] hc_head+norm           0.04     0.0%          1
[dprof] lm_head                4.87     4.7%          1
[dprof]   attn:q_proj          0.45     0.4%          2
[dprof]   attn:kv_write        0.08     0.1%          2
[dprof]   attn:sparse          0.32     0.3%          2
[dprof]   attn:ogroup          0.76     0.7%          2
[dprof]   cattn:q_proj        10.29     9.9%         41
[dprof]   cattn:compress       0.04     0.0%         41
[dprof]   cattn:indexer        4.19     4.0%         21
[dprof]   cattn:sparse        15.38    14.8%         41
[dprof]   cattn:ogroup        15.54    15.0%         41
[dprof]   moe:router           1.93     1.9%         46
[dprof]   moe:group            2.04     2.0%         46
[dprof]   moe:w1w3            22.70    21.8%         46
[dprof]   moe:act              1.40     1.3%         46
[dprof]   moe:w2              10.36    10.0%         46
[dprof]   moe:combine          0.50     0.5%         46
[dprof]   moe:shared           0.25     0.2%         46
[dprof]     q:aq(x)            0.23     0.2%         41
[dprof]     q:wq_a             1.70     1.6%         41
[dprof]     q:rms+aq           0.59     0.6%         41
[dprof]     q:wq_b             6.83     6.6%         41
[dprof]     q:tail             0.52     0.5%         41
[dprof]     q:kv_join          0.05     0.0%         41
[dprof]     o:rope             0.28     0.3%         41
[dprof]     o:wo_a             7.78     7.5%         41
[dprof]     o:wo_b             7.29     7.0%         41
[dprof]     i:qidx             1.53     1.5%         21
[dprof]     i:iw               0.43     0.4%         21
[dprof]     i:score            1.34     1.3%         21
[dprof]     i:topk             0.77     0.7%         21
[dprof]       mg:count         0.22     0.2%         46
[dprof]       mg:prefix        0.24     0.2%         46
[dprof]       mg:scatter       0.26     0.2%         46
[dprof]       mg:tiles         0.27     0.3%         46
[dprof] draft:main_kv          0.13     0.1%          1
[dprof] draft:block           12.11    11.7%          1
[dprof] draft:head            10.21     9.8%          1
[dprof] TOTAL                103.96
[dprof] *** INVALID: moe children 39.19 ms > MoE 35.33 ms — marks recorded outside the reported window

[dprof] ctx=12383 VB=2 verify=64 — verify step by sub-op, summed over all layers (1542 marks)
[dprof] phase                    ms        %      calls
[dprof] hc_pre  (attn)         1.81     1.6%         43
[dprof] rmsnorm (attn)         0.75     0.7%         43
[dprof] ATTENTION             63.01    57.3%         43
[dprof] hc_post (attn)         0.31     0.3%         43
[dprof] hc_pre  (ffn)          2.75     2.5%         43
[dprof] rmsnorm (ffn)          0.76     0.7%         43
[dprof] MoE                   35.24    32.1%         43
[dprof] hc_post (ffn)          0.27     0.2%         43
[dprof] kv xin copy            0.24     0.2%         41
[dprof] hc_head+norm           0.03     0.0%          1
[dprof] lm_head                4.73     4.3%          1
[dprof]   attn:q_proj          0.46     0.4%          2
[dprof]   attn:kv_write        0.08     0.1%          2
[dprof]   attn:sparse          0.32     0.3%          2
[dprof]   attn:ogroup          0.73     0.7%          2
[dprof]   cattn:q_proj        14.63    13.3%         41
[dprof]   cattn:compress       2.49     2.3%         41
[dprof]   cattn:indexer        4.15     3.8%         21
[dprof]   cattn:sparse        15.37    14.0%         41
[dprof]   cattn:ogroup        15.62    14.2%         41
[dprof]   moe:router           1.95     1.8%         46
[dprof]   moe:group            2.08     1.9%         46
[dprof]   moe:w1w3            22.78    20.7%         46
[dprof]   moe:act              1.44     1.3%         46
[dprof]   moe:w2              10.28     9.4%         46
[dprof]   moe:combine          0.47     0.4%         46
[dprof]   moe:shared           0.24     0.2%         46
[dprof]     q:aq(x)            0.38     0.3%         41
[dprof]     q:wq_a             5.60     5.1%         41
[dprof]     q:rms+aq           0.94     0.9%         41
[dprof]     q:wq_b             6.75     6.1%         41
[dprof]     q:tail             0.51     0.5%         41
[dprof]     q:kv_join          0.05     0.0%         41
[dprof]     o:rope             0.27     0.2%         41
[dprof]     o:wo_a             7.80     7.1%         41
[dprof]     o:wo_b             7.36     6.7%         41
[dprof]     i:qidx             1.53     1.4%         21
[dprof]     i:iw               0.43     0.4%         21
[dprof]     i:score            1.32     1.2%         21
[dprof]     i:topk             0.75     0.7%         21
[dprof]       mg:count         0.22     0.2%         46
[dprof]       mg:prefix        0.26     0.2%         46
[dprof]       mg:scatter       0.29     0.3%         46
[dprof]       mg:tiles         0.27     0.2%         46
[dprof] draft:main_kv          0.13     0.1%          1
[dprof] draft:block           12.23    11.1%          1
[dprof] draft:head            10.20     9.3%          1
[dprof] TOTAL                109.90
[dprof] *** INVALID: moe children 39.24 ms > MoE 35.24 ms — marks recorded outside the reported window

[dprof] ctx=12396 VB=2 verify=68 — verify step by sub-op, summed over all layers (1542 marks)
[dprof] phase                    ms        %      calls
[dprof] hc_pre  (attn)         1.79     1.7%         43
[dprof] rmsnorm (attn)         0.74     0.7%         43
[dprof] ATTENTION             56.76    55.0%         43
[dprof] hc_post (attn)         0.31     0.3%         43
[dprof] hc_pre  (ffn)          2.78     2.7%         43
[dprof] rmsnorm (ffn)          0.76     0.7%         43
[dprof] MoE                   34.84    33.7%         43
[dprof] hc_post (ffn)          0.27     0.3%         43
[dprof] kv xin copy            0.22     0.2%         41
[dprof] hc_head+norm           0.03     0.0%          1
[dprof] lm_head                4.75     4.6%          1
[dprof]   attn:q_proj          0.45     0.4%          2
[dprof]   attn:kv_write        0.08     0.1%          2
[dprof]   attn:sparse          0.32     0.3%          2
[dprof]   attn:ogroup          0.73     0.7%          2
[dprof]   cattn:q_proj        10.23     9.9%         41
[dprof]   cattn:compress       0.05     0.0%         41
[dprof]   cattn:indexer        4.14     4.0%         21
[dprof]   cattn:sparse        15.34    14.8%         41
[dprof]   cattn:ogroup        15.65    15.2%         41
[dprof]   moe:router           1.96     1.9%         46
[dprof]   moe:group            1.95     1.9%         46
[dprof]   moe:w1w3            22.50    21.8%         46
[dprof]   moe:act              1.46     1.4%         46
[dprof]   moe:w2              10.18     9.9%         46
[dprof]   moe:combine          0.49     0.5%         46
[dprof]   moe:shared           0.25     0.2%         46
[dprof]     q:aq(x)            0.22     0.2%         41
[dprof]     q:wq_a             1.66     1.6%         41
[dprof]     q:rms+aq           0.60     0.6%         41
[dprof]     q:wq_b             6.79     6.6%         41
[dprof]     q:tail             0.52     0.5%         41
[dprof]     q:kv_join          0.05     0.1%         41
[dprof]     o:rope             0.25     0.2%         41
[dprof]     o:wo_a             7.80     7.6%         41
[dprof]     o:wo_b             7.40     7.2%         41
[dprof]     i:qidx             1.50     1.5%         21
[dprof]     i:iw               0.44     0.4%         21
[dprof]     i:score            1.33     1.3%         21
[dprof]     i:topk             0.75     0.7%         21
[dprof]       mg:count         0.23     0.2%         46
[dprof]       mg:prefix        0.25     0.2%         46
[dprof]       mg:scatter       0.24     0.2%         46
[dprof]       mg:tiles         0.24     0.2%         46
[dprof] draft:main_kv          0.14     0.1%          1
[dprof] draft:block           12.26    11.9%          1
[dprof] draft:head            10.20     9.9%          1
[dprof] TOTAL                103.27
[dprof] *** INVALID: moe children 38.79 ms > MoE 34.84 ms — marks recorded outside the reported window

[dprof] ctx=12402 VB=3 verify=72 — verify step by sub-op, summed over all layers (1542 marks)
[dprof] phase                    ms        %      calls
[dprof] hc_pre  (attn)         2.08     1.7%         43
[dprof] rmsnorm (attn)         0.75     0.6%         43
[dprof] ATTENTION             65.03    54.7%         43
[dprof] hc_post (attn)         0.42     0.4%         43
[dprof] hc_pre  (ffn)          2.89     2.4%         43
[dprof] rmsnorm (ffn)          0.77     0.6%         43
[dprof] MoE                   41.57    35.0%         43
[dprof] hc_post (ffn)          0.36     0.3%         43
[dprof] kv xin copy            0.21     0.2%         41
[dprof] hc_head+norm           0.03     0.0%          1
[dprof] lm_head                4.80     4.0%          1
[dprof]   attn:q_proj          0.45     0.4%          2
[dprof]   attn:kv_write        0.08     0.1%          2
[dprof]   attn:sparse          0.35     0.3%          2
[dprof]   attn:ogroup          0.82     0.7%          2
[dprof]   cattn:q_proj        14.44    12.1%         41
[dprof]   cattn:compress       2.43     2.0%         41
[dprof]   cattn:indexer        4.50     3.8%         21
[dprof]   cattn:sparse        16.76    14.1%         41
[dprof]   cattn:ogroup        16.07    13.5%         41
[dprof]   moe:router           1.98     1.7%         46
[dprof]   moe:group            2.12     1.8%         46
[dprof]   moe:w1w3            26.46    22.3%         46
[dprof]   moe:act              1.40     1.2%         46
[dprof]   moe:w2              12.98    10.9%         46
[dprof]   moe:combine          0.55     0.5%         46
[dprof]   moe:shared           0.26     0.2%         46
[dprof]     q:aq(x)            0.28     0.2%         41
[dprof]     q:wq_a             5.51     4.6%         41
[dprof]     q:rms+aq           0.89     0.7%         41
[dprof]     q:wq_b             6.79     5.7%         41
[dprof]     q:tail             0.52     0.4%         41
[dprof]     q:kv_join          0.05     0.0%         41
[dprof]     o:rope             0.27     0.2%         41
[dprof]     o:wo_a             8.04     6.8%         41
[dprof]     o:wo_b             7.54     6.3%         41
[dprof]     i:qidx             1.56     1.3%         21
[dprof]     i:iw               0.54     0.5%         21
[dprof]     i:score            1.53     1.3%         21
[dprof]     i:topk             0.77     0.6%         21
[dprof]       mg:count         0.23     0.2%         46
[dprof]       mg:prefix        0.26     0.2%         46
[dprof]       mg:scatter       0.26     0.2%         46
[dprof]       mg:tiles         0.25     0.2%         46
[dprof] draft:main_kv          0.13     0.1%          1
[dprof] draft:block           12.50    10.5%          1
[dprof] draft:head            10.23     8.6%          1
[dprof] TOTAL                118.92
[dprof] *** INVALID: moe children 45.75 ms > MoE 41.57 ms — marks recorded outside the reported window

[dprof] ctx=6131 VB=3 verify=0 — verify step by sub-op, summed over all layers (1542 marks)
[dprof] phase                    ms        %      calls
[dprof] hc_pre  (attn)         2.07     1.8%         43
[dprof] rmsnorm (attn)         0.76     0.6%         43
[dprof] ATTENTION             59.09    50.5%         43
[dprof] hc_post (attn)         0.38     0.3%         43
[dprof] hc_pre  (ffn)          2.91     2.5%         43
[dprof] rmsnorm (ffn)          0.79     0.7%         43
[dprof] MoE                   45.62    39.0%         43
[dprof] hc_post (ffn)          0.33     0.3%         43
[dprof] kv xin copy            0.22     0.2%         41
[dprof] hc_head+norm           0.03     0.0%          1
[dprof] lm_head                4.92     4.2%          1
[dprof]   attn:q_proj          0.46     0.4%          2
[dprof]   attn:kv_write        0.08     0.1%          2
[dprof]   attn:sparse          0.34     0.3%          2
[dprof]   attn:ogroup          0.75     0.6%          2
[dprof]   cattn:q_proj        14.73    12.6%         41
[dprof]   cattn:compress       2.44     2.1%         41
[dprof]   cattn:indexer        4.07     3.5%         21
[dprof]   cattn:sparse        15.78    13.5%         41
[dprof]   cattn:ogroup        16.07    13.7%         41
[dprof]   moe:router           1.92     1.6%         46
[dprof]   moe:group            2.06     1.8%         46
[dprof]   moe:w1w3            29.31    25.0%         46
[dprof]   moe:act              1.54     1.3%         46
[dprof]   moe:w2              13.80    11.8%         46
[dprof]   moe:combine          0.59     0.5%         46
[dprof]   moe:shared           0.26     0.2%         46
[dprof]     q:aq(x)            0.39     0.3%         41
[dprof]     q:wq_a             5.66     4.8%         41
[dprof]     q:rms+aq           0.92     0.8%         41
[dprof]     q:wq_b             6.77     5.8%         41
[dprof]     q:tail             0.52     0.4%         41
[dprof]     q:kv_join          0.05     0.0%         41
[dprof]     o:rope             0.27     0.2%         41
[dprof]     o:wo_a             8.05     6.9%         41
[dprof]     o:wo_b             7.54     6.4%         41
[dprof]     i:qidx             1.57     1.3%         21
[dprof]     i:iw               0.54     0.5%         21
[dprof]     i:score            1.10     0.9%         21
[dprof]     i:topk             0.73     0.6%         21
[dprof]       mg:count         0.22     0.2%         46
[dprof]       mg:prefix        0.26     0.2%         46
[dprof]       mg:scatter       0.24     0.2%         46
[dprof]       mg:tiles         0.25     0.2%         46
[dprof] draft:main_kv          0.01     0.0%          1
[dprof] draft:block           12.07    10.3%          1
[dprof] draft:head            10.21     8.7%          1
[dprof] TOTAL                117.13
[dprof] *** INVALID: moe children 49.47 ms > MoE 45.62 ms — marks recorded outside the reported window

[dprof] ctx=6138 VB=2 verify=4 — verify step by sub-op, summed over all layers (1542 marks)
[dprof] phase                    ms        %      calls
[dprof] hc_pre  (attn)         1.83     1.8%         43
[dprof] rmsnorm (attn)         0.75     0.7%         43
[dprof] ATTENTION             56.68    55.3%         43
[dprof] hc_post (attn)         0.33     0.3%         43
[dprof] hc_pre  (ffn)          2.79     2.7%         43
[dprof] rmsnorm (ffn)          0.77     0.8%         43
[dprof] MoE                   33.84    33.0%         43
[dprof] hc_post (ffn)          0.29     0.3%         43
[dprof] kv xin copy            0.25     0.2%         41
[dprof] hc_head+norm           0.03     0.0%          1
[dprof] lm_head                4.88     4.8%          1
[dprof]   attn:q_proj          0.45     0.4%          2
[dprof]   attn:kv_write        0.08     0.1%          2
[dprof]   attn:sparse          0.32     0.3%          2
[dprof]   attn:ogroup          0.73     0.7%          2
[dprof]   cattn:q_proj        14.63    14.3%         41
[dprof]   cattn:compress       2.42     2.4%         41
[dprof]   cattn:indexer        3.76     3.7%         21
[dprof]   cattn:sparse        14.42    14.1%         41
[dprof]   cattn:ogroup        15.51    15.1%         41
[dprof]   moe:router           1.92     1.9%         46
[dprof]   moe:group            1.96     1.9%         46
[dprof]   moe:w1w3            21.47    21.0%         46
[dprof]   moe:act              1.40     1.4%         46
[dprof]   moe:w2              10.00     9.8%         46
[dprof]   moe:combine          0.53     0.5%         46
[dprof]   moe:shared           0.30     0.3%         46
[dprof]     q:aq(x)            0.39     0.4%         41
[dprof]     q:wq_a             5.42     5.3%         41
[dprof]     q:rms+aq           1.02     1.0%         41
[dprof]     q:wq_b             6.80     6.6%         41
[dprof]     q:tail             0.48     0.5%         41
[dprof]     q:kv_join          0.06     0.1%         41
[dprof]     o:rope             0.25     0.2%         41
[dprof]     o:wo_a             7.65     7.5%         41
[dprof]     o:wo_b             7.40     7.2%         41
[dprof]     i:qidx             1.51     1.5%         21
[dprof]     i:iw               0.43     0.4%         21
[dprof]     i:score            1.03     1.0%         21
[dprof]     i:topk             0.67     0.7%         21
[dprof]       mg:count         0.23     0.2%         46
[dprof]       mg:prefix        0.25     0.2%         46
[dprof]       mg:scatter       0.25     0.2%         46
[dprof]       mg:tiles         0.26     0.3%         46
[dprof] draft:main_kv          0.13     0.1%          1
[dprof] draft:block           12.00    11.7%          1
[dprof] draft:head            10.29    10.0%          1
[dprof] TOTAL                102.44
[dprof] *** INVALID: moe children 37.58 ms > MoE 33.84 ms — marks recorded outside the reported window

[dprof] ctx=6147 VB=2 verify=8 — verify step by sub-op, summed over all layers (1542 marks)
[dprof] phase                    ms        %      calls
[dprof] hc_pre  (attn)         1.84     1.8%         43
[dprof] rmsnorm (attn)         0.77     0.8%         43
[dprof] ATTENTION             57.39    56.5%         43
[dprof] hc_post (attn)         0.32     0.3%         43
[dprof] hc_pre  (ffn)          2.75     2.7%         43
[dprof] rmsnorm (ffn)          0.76     0.7%         43
[dprof] MoE                   32.33    31.8%         43
[dprof] hc_post (ffn)          0.30     0.3%         43
[dprof] kv xin copy            0.24     0.2%         41
[dprof] hc_head+norm           0.03     0.0%          1
[dprof] lm_head                4.90     4.8%          1
[dprof]   attn:q_proj          0.46     0.5%          2
[dprof]   attn:kv_write        0.08     0.1%          2
[dprof]   attn:sparse          0.32     0.3%          2
[dprof]   attn:ogroup          0.72     0.7%          2
[dprof]   cattn:q_proj        14.78    14.5%         41
[dprof]   cattn:compress       2.53     2.5%         41
[dprof]   cattn:indexer        3.91     3.8%         21
[dprof]   cattn:sparse        14.48    14.2%         41
[dprof]   cattn:ogroup        15.60    15.3%         41
[dprof]   moe:router           1.92     1.9%         46
[dprof]   moe:group            1.89     1.9%         46
[dprof]   moe:w1w3            20.68    20.4%         46
[dprof]   moe:act              1.36     1.3%         46
[dprof]   moe:w2               9.64     9.5%         46
[dprof]   moe:combine          0.52     0.5%         46
[dprof]   moe:shared           0.27     0.3%         46
[dprof]     q:aq(x)            0.38     0.4%         41
[dprof]     q:wq_a             5.60     5.5%         41
[dprof]     q:rms+aq           1.00     1.0%         41
[dprof]     q:wq_b             6.77     6.7%         41
[dprof]     q:tail             0.50     0.5%         41
[dprof]     q:kv_join          0.07     0.1%         41
[dprof]     o:rope             0.24     0.2%         41
[dprof]     o:wo_a             7.81     7.7%         41
[dprof]     o:wo_b             7.37     7.2%         41
[dprof]     i:qidx             1.52     1.5%         21
[dprof]     i:iw               0.45     0.4%         21
[dprof]     i:score            1.10     1.1%         21
[dprof]     i:topk             0.70     0.7%         21
[dprof]       mg:count         0.22     0.2%         46
[dprof]       mg:prefix        0.24     0.2%         46
[dprof]       mg:scatter       0.24     0.2%         46
[dprof]       mg:tiles         0.25     0.2%         46
[dprof] draft:main_kv          0.14     0.1%          1
[dprof] draft:block           12.16    12.0%          1
[dprof] draft:head            10.25    10.1%          1
[dprof] TOTAL                101.61
[dprof] *** INVALID: moe children 36.28 ms > MoE 32.33 ms — marks recorded outside the reported window

[dprof] ctx=6153 VB=4 verify=12 — verify step by sub-op, summed over all layers (1542 marks)
[dprof] phase                    ms        %      calls
[dprof] hc_pre  (attn)         2.34     1.8%         43
[dprof] rmsnorm (attn)         0.75     0.6%         43
[dprof] ATTENTION             62.36    47.2%         43
[dprof] hc_post (attn)         0.40     0.3%         43
[dprof] hc_pre  (ffn)          3.01     2.3%         43
[dprof] rmsnorm (ffn)          0.77     0.6%         43
[dprof] MoE                   56.69    42.9%         43
[dprof] hc_post (ffn)          0.36     0.3%         43
[dprof] kv xin copy            0.22     0.2%         41
[dprof] hc_head+norm           0.03     0.0%          1
[dprof] lm_head                5.25     4.0%          1
[dprof]   attn:q_proj          0.46     0.4%          2
[dprof]   attn:kv_write        0.08     0.1%          2
[dprof]   attn:sparse          0.34     0.3%          2
[dprof]   attn:ogroup          0.81     0.6%          2
[dprof]   cattn:q_proj        14.75    11.2%         41
[dprof]   cattn:compress       2.48     1.9%         41
[dprof]   cattn:indexer        4.63     3.5%         21
[dprof]   cattn:sparse        17.00    12.9%         41
[dprof]   cattn:ogroup        17.21    13.0%         41
[dprof]   moe:router           1.94     1.5%         46
[dprof]   moe:group            2.27     1.7%         46
[dprof]   moe:w1w3            36.10    27.3%         46
[dprof]   moe:act              1.60     1.2%         46
[dprof]   moe:w2              17.70    13.4%         46
[dprof]   moe:combine          0.63     0.5%         46
[dprof]   moe:shared           0.28     0.2%         46
[dprof]     q:aq(x)            0.28     0.2%         41
[dprof]     q:wq_a             5.61     4.2%         41
[dprof]     q:rms+aq           0.84     0.6%         41
[dprof]     q:wq_b             6.96     5.3%         41
[dprof]     q:tail             0.57     0.4%         41
[dprof]     q:kv_join          0.06     0.0%         41
[dprof]     o:rope             0.27     0.2%         41
[dprof]     o:wo_a             8.88     6.7%         41
[dprof]     o:wo_b             7.86     5.9%         41
[dprof]     i:qidx             1.76     1.3%         21
[dprof]     i:iw               0.65     0.5%         21
[dprof]     i:score            1.34     1.0%         21
[dprof]     i:topk             0.74     0.6%         21
[dprof]       mg:count         0.23     0.2%         46
[dprof]       mg:prefix        0.27     0.2%         46
[dprof]       mg:scatter       0.27     0.2%         46
[dprof]       mg:tiles         0.27     0.2%         46
[dprof] draft:main_kv          0.13     0.1%          1
[dprof] draft:block           11.95     9.0%          1
[dprof] draft:head            10.26     7.8%          1
[dprof] TOTAL                132.19
[dprof] *** INVALID: moe children 60.50 ms > MoE 56.69 ms — marks recorded outside the reported window

[dprof] ctx=6161 VB=2 verify=16 — verify step by sub-op, summed over all layers (1542 marks)
[dprof] phase                    ms        %      calls
[dprof] hc_pre  (attn)         1.85     1.9%         43
[dprof] rmsnorm (attn)         0.76     0.8%         43
[dprof] ATTENTION             50.83    53.0%         43
[dprof] hc_post (attn)         0.31     0.3%         43
[dprof] hc_pre  (ffn)          2.79     2.9%         43
[dprof] rmsnorm (ffn)          0.77     0.8%         43
[dprof] MoE                   33.09    34.5%         43
[dprof] hc_post (ffn)          0.29     0.3%         43
[dprof] kv xin copy            0.23     0.2%         41
[dprof] hc_head+norm           0.03     0.0%          1
[dprof] lm_head                5.00     5.2%          1
[dprof]   attn:q_proj          0.45     0.5%          2
[dprof]   attn:kv_write        0.08     0.1%          2
[dprof]   attn:sparse          0.32     0.3%          2
[dprof]   attn:ogroup          0.72     0.8%          2
[dprof]   cattn:q_proj        10.16    10.6%         41
[dprof]   cattn:compress       0.04     0.0%         41
[dprof]   cattn:indexer        3.87     4.0%         21
[dprof]   cattn:sparse        14.47    15.1%         41
[dprof]   cattn:ogroup        15.49    16.1%         41
[dprof]   moe:router           1.90     2.0%         46
[dprof]   moe:group            1.92     2.0%         46
[dprof]   moe:w1w3            21.15    22.0%         46
[dprof]   moe:act              1.52     1.6%         46
[dprof]   moe:w2               9.68    10.1%         46
[dprof]   moe:combine          0.52     0.5%         46
[dprof]   moe:shared           0.27     0.3%         46
[dprof]     q:aq(x)            0.23     0.2%         41
[dprof]     q:wq_a             1.67     1.7%         41
[dprof]     q:rms+aq           0.57     0.6%         41
[dprof]     q:wq_b             6.73     7.0%         41
[dprof]     q:tail             0.52     0.5%         41
[dprof]     q:kv_join          0.06     0.1%         41
[dprof]     o:rope             0.24     0.3%         41
[dprof]     o:wo_a             7.68     8.0%         41
[dprof]     o:wo_b             7.39     7.7%         41
[dprof]     i:qidx             1.51     1.6%         21
[dprof]     i:iw               0.43     0.4%         21
[dprof]     i:score            1.08     1.1%         21
[dprof]     i:topk             0.72     0.8%         21
[dprof]       mg:count         0.21     0.2%         46
[dprof]       mg:prefix        0.26     0.3%         46
[dprof]       mg:scatter       0.26     0.3%         46
[dprof]       mg:tiles         0.25     0.3%         46
[dprof] draft:main_kv          0.13     0.1%          1
[dprof] draft:block           12.13    12.6%          1
[dprof] draft:head            10.29    10.7%          1
[dprof] TOTAL                 95.95
[dprof] *** INVALID: moe children 36.96 ms > MoE 33.09 ms — marks recorded outside the reported window

[dprof] ctx=6167 VB=3 verify=20 — verify step by sub-op, summed over all layers (1542 marks)
[dprof] phase                    ms        %      calls
[dprof] hc_pre  (attn)         2.12     1.8%         43
[dprof] rmsnorm (attn)         0.75     0.6%         43
[dprof] ATTENTION             59.40    50.5%         43
[dprof] hc_post (attn)         0.36     0.3%         43
[dprof] hc_pre  (ffn)          2.87     2.4%         43
[dprof] rmsnorm (ffn)          0.76     0.6%         43
[dprof] MoE                   45.65    38.8%         43
[dprof] hc_post (ffn)          0.37     0.3%         43
[dprof] kv xin copy            0.22     0.2%         41
[dprof] hc_head+norm           0.03     0.0%          1
[dprof] lm_head                5.08     4.3%          1
[dprof]   attn:q_proj          0.45     0.4%          2
[dprof]   attn:kv_write        0.08     0.1%          2
[dprof]   attn:sparse          0.36     0.3%          2
[dprof]   attn:ogroup          0.79     0.7%          2
[dprof]   cattn:q_proj        14.83    12.6%         41
[dprof]   cattn:compress       2.52     2.1%         41
[dprof]   cattn:indexer        4.29     3.6%         21
[dprof]   cattn:sparse        15.81    13.4%         41
[dprof]   cattn:ogroup        15.92    13.5%         41
[dprof]   moe:router           1.91     1.6%         46
[dprof]   moe:group            1.98     1.7%         46
[dprof]   moe:w1w3            29.38    25.0%         46
[dprof]   moe:act              1.46     1.2%         46
[dprof]   moe:w2              14.11    12.0%         46
[dprof]   moe:combine          0.55     0.5%         46
[dprof]   moe:shared           0.28     0.2%         46
[dprof]     q:aq(x)            0.42     0.4%         41
[dprof]     q:wq_a             5.64     4.8%         41
[dprof]     q:rms+aq           0.95     0.8%         41
[dprof]     q:wq_b             6.82     5.8%         41
[dprof]     q:tail             0.53     0.5%         41
[dprof]     q:kv_join          0.05     0.0%         41
[dprof]     o:rope             0.25     0.2%         41
[dprof]     o:wo_a             7.98     6.8%         41
[dprof]     o:wo_b             7.50     6.4%         41
[dprof]     i:qidx             1.60     1.4%         21
[dprof]     i:iw               0.60     0.5%         21
[dprof]     i:score            1.18     1.0%         21
[dprof]     i:topk             0.75     0.6%         21
[dprof]       mg:count         0.22     0.2%         46
[dprof]       mg:prefix        0.24     0.2%         46
[dprof]       mg:scatter       0.24     0.2%         46
[dprof]       mg:tiles         0.25     0.2%         46
[dprof] draft:main_kv          0.13     0.1%          1
[dprof] draft:block           12.20    10.4%          1
[dprof] draft:head            10.23     8.7%          1
[dprof] TOTAL                117.60
[dprof] *** INVALID: moe children 49.66 ms > MoE 45.65 ms — marks recorded outside the reported window

[dprof] ctx=6173 VB=3 verify=24 — verify step by sub-op, summed over all layers (1542 marks)
[dprof] phase                    ms        %      calls
[dprof] hc_pre  (attn)         2.11     1.8%         43
[dprof] rmsnorm (attn)         0.80     0.7%         43
[dprof] ATTENTION             59.03    49.6%         43
[dprof] hc_post (attn)         0.37     0.3%         43
[dprof] hc_pre  (ffn)          2.86     2.4%         43
[dprof] rmsnorm (ffn)          0.75     0.6%         43
[dprof] MoE                   47.06    39.6%         43
[dprof] hc_post (ffn)          0.35     0.3%         43
[dprof] kv xin copy            0.27     0.2%         41
[dprof] hc_head+norm           0.03     0.0%          1
[dprof] lm_head                5.27     4.4%          1
[dprof]   attn:q_proj          0.45     0.4%          2
[dprof]   attn:kv_write        0.08     0.1%          2
[dprof]   attn:sparse          0.33     0.3%          2
[dprof]   attn:ogroup          0.75     0.6%          2
[dprof]   cattn:q_proj        14.67    12.3%         41
[dprof]   cattn:compress       2.46     2.1%         41
[dprof]   cattn:indexer        4.23     3.6%         21
[dprof]   cattn:sparse        15.87    13.3%         41
[dprof]   cattn:ogroup        15.89    13.4%         41
[dprof]   moe:router           1.94     1.6%         46
[dprof]   moe:group            2.07     1.7%         46
[dprof]   moe:w1w3            30.42    25.6%         46
[dprof]   moe:act              1.58     1.3%         46
[dprof]   moe:w2              14.37    12.1%         46
[dprof]   moe:combine          0.58     0.5%         46
[dprof]   moe:shared           0.26     0.2%         46
[dprof]     q:aq(x)            0.29     0.2%         41
[dprof]     q:wq_a             5.46     4.6%         41
[dprof]     q:rms+aq           0.99     0.8%         41
[dprof]     q:wq_b             6.88     5.8%         41
[dprof]     q:tail             0.54     0.5%         41
[dprof]     q:kv_join          0.07     0.1%         41
[dprof]     o:rope             0.26     0.2%         41
[dprof]     o:wo_a             7.93     6.7%         41
[dprof]     o:wo_b             7.49     6.3%         41
[dprof]     i:qidx             1.59     1.3%         21
[dprof]     i:iw               0.56     0.5%         21
[dprof]     i:score            1.19     1.0%         21
[dprof]     i:topk             0.76     0.6%         21
[dprof]       mg:count         0.21     0.2%         46
[dprof]       mg:prefix        0.26     0.2%         46
[dprof]       mg:scatter       0.26     0.2%         46
[dprof]       mg:tiles         0.25     0.2%         46
[dprof] draft:main_kv          0.14     0.1%          1
[dprof] draft:block           12.31    10.3%          1
[dprof] draft:head            10.21     8.6%          1
[dprof] TOTAL                118.91
[dprof] *** INVALID: moe children 51.23 ms > MoE 47.06 ms — marks recorded outside the reported window

[dprof] ctx=6178 VB=2 verify=28 — verify step by sub-op, summed over all layers (1542 marks)
[dprof] phase                    ms        %      calls
[dprof] hc_pre  (attn)         1.81     1.8%         43
[dprof] rmsnorm (attn)         0.77     0.7%         43
[dprof] ATTENTION             56.81    55.5%         43
[dprof] hc_post (attn)         0.32     0.3%         43
[dprof] hc_pre  (ffn)          2.78     2.7%         43
[dprof] rmsnorm (ffn)          0.75     0.7%         43
[dprof] MoE                   33.83    33.0%         43
[dprof] hc_post (ffn)          0.26     0.3%         43
[dprof] kv xin copy            0.22     0.2%         41
[dprof] hc_head+norm           0.03     0.0%          1
[dprof] lm_head                4.85     4.7%          1
[dprof]   attn:q_proj          0.45     0.4%          2
[dprof]   attn:kv_write        0.08     0.1%          2
[dprof]   attn:sparse          0.32     0.3%          2
[dprof]   attn:ogroup          0.72     0.7%          2
[dprof]   cattn:q_proj        14.61    14.3%         41
[dprof]   cattn:compress       2.45     2.4%         41
[dprof]   cattn:indexer        3.83     3.7%         21
[dprof]   cattn:sparse        14.48    14.1%         41
[dprof]   cattn:ogroup        15.52    15.2%         41
[dprof]   moe:router           1.92     1.9%         46
[dprof]   moe:group            1.85     1.8%         46
[dprof]   moe:w1w3            21.81    21.3%         46
[dprof]   moe:act              1.45     1.4%         46
[dprof]   moe:w2               9.92     9.7%         46
[dprof]   moe:combine          0.49     0.5%         46
[dprof]   moe:shared           0.24     0.2%         46
[dprof]     q:aq(x)            0.26     0.3%         41
[dprof]     q:wq_a             5.51     5.4%         41
[dprof]     q:rms+aq           0.99     1.0%         41
[dprof]     q:wq_b             6.79     6.6%         41
[dprof]     q:tail             0.52     0.5%         41
[dprof]     q:kv_join          0.06     0.1%         41
[dprof]     o:rope             0.23     0.2%         41
[dprof]     o:wo_a             7.73     7.5%         41
[dprof]     o:wo_b             7.37     7.2%         41
[dprof]     i:qidx             1.50     1.5%         21
[dprof]     i:iw               0.42     0.4%         21
[dprof]     i:score            1.09     1.1%         21
[dprof]     i:topk             0.70     0.7%         21
[dprof]       mg:count         0.21     0.2%         46
[dprof]       mg:prefix        0.24     0.2%         46
[dprof]       mg:scatter       0.23     0.2%         46
[dprof]       mg:tiles         0.24     0.2%         46
[dprof] draft:main_kv          0.13     0.1%          1
[dprof] draft:block           12.08    11.8%          1
[dprof] draft:head            10.27    10.0%          1
[dprof] TOTAL                102.43
[dprof] *** INVALID: moe children 37.66 ms > MoE 33.83 ms — marks recorded outside the reported window

[dprof] ctx=6182 VB=2 verify=32 — verify step by sub-op, summed over all layers (1542 marks)
[dprof] phase                    ms        %      calls
[dprof] hc_pre  (attn)         1.82     1.8%         43
[dprof] rmsnorm (attn)         0.75     0.7%         43
[dprof] ATTENTION             56.78    54.9%         43
[dprof] hc_post (attn)         0.31     0.3%         43
[dprof] hc_pre  (ffn)          2.81     2.7%         43
[dprof] rmsnorm (ffn)          0.76     0.7%         43
[dprof] MoE                   34.31    33.2%         43
[dprof] hc_post (ffn)          0.28     0.3%         43
[dprof] kv xin copy            0.22     0.2%         41
[dprof] hc_head+norm           0.05     0.1%          1
[dprof] lm_head                5.27     5.1%          1
[dprof]   attn:q_proj          0.45     0.4%          2
[dprof]   attn:kv_write        0.08     0.1%          2
[dprof]   attn:sparse          0.32     0.3%          2
[dprof]   attn:ogroup          0.74     0.7%          2
[dprof]   cattn:q_proj        14.55    14.1%         41
[dprof]   cattn:compress       2.46     2.4%         41
[dprof]   cattn:indexer        3.87     3.7%         21
[dprof]   cattn:sparse        14.47    14.0%         41
[dprof]   cattn:ogroup        15.54    15.0%         41
[dprof]   moe:router           1.90     1.8%         46
[dprof]   moe:group            1.94     1.9%         46
[dprof]   moe:w1w3            22.21    21.5%         46
[dprof]   moe:act              1.44     1.4%         46
[dprof]   moe:w2              10.14     9.8%         46
[dprof]   moe:combine          0.48     0.5%         46
[dprof]   moe:shared           0.24     0.2%         46
[dprof]     q:aq(x)            0.27     0.3%         41
[dprof]     q:wq_a             5.46     5.3%         41
[dprof]     q:rms+aq           0.99     1.0%         41
[dprof]     q:wq_b             6.79     6.6%         41
[dprof]     q:tail             0.51     0.5%         41
[dprof]     q:kv_join          0.06     0.1%         41
[dprof]     o:rope             0.25     0.2%         41
[dprof]     o:wo_a             7.70     7.5%         41
[dprof]     o:wo_b             7.39     7.1%         41
[dprof]     i:qidx             1.51     1.5%         21
[dprof]     i:iw               0.43     0.4%         21
[dprof]     i:score            1.09     1.0%         21
[dprof]     i:topk             0.72     0.7%         21
[dprof]       mg:count         0.22     0.2%         46
[dprof]       mg:prefix        0.27     0.3%         46
[dprof]       mg:scatter       0.25     0.2%         46
[dprof]       mg:tiles         0.26     0.2%         46
[dprof] draft:main_kv          0.13     0.1%          1
[dprof] draft:block           12.35    11.9%          1
[dprof] draft:head            10.20     9.9%          1
[dprof] TOTAL                103.35
[dprof] *** INVALID: moe children 38.36 ms > MoE 34.31 ms — marks recorded outside the reported window

[dprof] ctx=6188 VB=2 verify=36 — verify step by sub-op, summed over all layers (1542 marks)
[dprof] phase                    ms        %      calls
[dprof] hc_pre  (attn)         1.81     1.9%         43
[dprof] rmsnorm (attn)         0.74     0.8%         43
[dprof] ATTENTION             50.91    52.7%         43
[dprof] hc_post (attn)         0.31     0.3%         43
[dprof] hc_pre  (ffn)          2.75     2.9%         43
[dprof] rmsnorm (ffn)          0.76     0.8%         43
[dprof] MoE                   33.55    34.8%         43
[dprof] hc_post (ffn)          0.27     0.3%         43
[dprof] kv xin copy            0.23     0.2%         41
[dprof] hc_head+norm           0.03     0.0%          1
[dprof] lm_head                5.15     5.3%          1
[dprof]   attn:q_proj          0.45     0.5%          2
[dprof]   attn:kv_write        0.08     0.1%          2
[dprof]   attn:sparse          0.32     0.3%          2
[dprof]   attn:ogroup          0.72     0.7%          2
[dprof]   cattn:q_proj        10.19    10.6%         41
[dprof]   cattn:compress       0.05     0.0%         41
[dprof]   cattn:indexer        3.85     4.0%         21
[dprof]   cattn:sparse        14.46    15.0%         41
[dprof]   cattn:ogroup        15.60    16.2%         41
[dprof]   moe:router           1.90     2.0%         46
[dprof]   moe:group            1.89     2.0%         46
[dprof]   moe:w1w3            21.58    22.4%         46
[dprof]   moe:act              1.40     1.5%         46
[dprof]   moe:w2               9.93    10.3%         46
[dprof]   moe:combine          0.52     0.5%         46
[dprof]   moe:shared           0.25     0.3%         46
[dprof]     q:aq(x)            0.22     0.2%         41
[dprof]     q:wq_a             1.67     1.7%         41
[dprof]     q:rms+aq           0.61     0.6%         41
[dprof]     q:wq_b             6.78     7.0%         41
[dprof]     q:tail             0.48     0.5%         41
[dprof]     q:kv_join          0.06     0.1%         41
[dprof]     o:rope             0.24     0.2%         41
[dprof]     o:wo_a             7.72     8.0%         41
[dprof]     o:wo_b             7.44     7.7%         41
[dprof]     i:qidx             1.53     1.6%         21
[dprof]     i:iw               0.43     0.4%         21
[dprof]     i:score            1.08     1.1%         21
[dprof]     i:topk             0.69     0.7%         21
[dprof]       mg:count         0.22     0.2%         46
[dprof]       mg:prefix        0.24     0.2%         46
[dprof]       mg:scatter       0.24     0.2%         46
[dprof]       mg:tiles         0.27     0.3%         46
[dprof] draft:main_kv          0.14     0.1%          1
[dprof] draft:block           12.10    12.5%          1
[dprof] draft:head            10.26    10.6%          1
[dprof] TOTAL                 96.52
[dprof] *** INVALID: moe children 37.47 ms > MoE 33.55 ms — marks recorded outside the reported window

[dprof] ctx=6192 VB=6 verify=40 — verify step by sub-op, summed over all layers (1542 marks)
[dprof] phase                    ms        %      calls
[dprof] hc_pre  (attn)         2.91     1.8%         43
[dprof] rmsnorm (attn)         0.73     0.5%         43
[dprof] ATTENTION             67.93    41.9%         43
[dprof] hc_post (attn)         0.49     0.3%         43
[dprof] hc_pre  (ffn)          4.58     2.8%         43
[dprof] rmsnorm (ffn)          0.75     0.5%         43
[dprof] MoE                   76.44    47.1%         43
[dprof] hc_post (ffn)          0.44     0.3%         43
[dprof] kv xin copy            0.22     0.1%         41
[dprof] hc_head+norm           0.04     0.0%          1
[dprof] lm_head                7.76     4.8%          1
[dprof]   attn:q_proj          0.48     0.3%          2
[dprof]   attn:kv_write        0.09     0.1%          2
[dprof]   attn:sparse          0.42     0.3%          2
[dprof]   attn:ogroup          0.95     0.6%          2
[dprof]   cattn:q_proj        15.00     9.2%         41
[dprof]   cattn:compress       2.36     1.5%         41
[dprof]   cattn:indexer        5.21     3.2%         21
[dprof]   cattn:sparse        19.24    11.9%         41
[dprof]   cattn:ogroup        19.60    12.1%         41
[dprof]   moe:router           1.96     1.2%         46
[dprof]   moe:group            2.34     1.4%         46
[dprof]   moe:w1w3            48.93    30.2%         46
[dprof]   moe:act              1.83     1.1%         46
[dprof]   moe:w2              24.53    15.1%         46
[dprof]   moe:combine          0.69     0.4%         46
[dprof]   moe:shared           0.25     0.2%         46
[dprof]     q:aq(x)            0.45     0.3%         41
[dprof]     q:wq_a             5.33     3.3%         41
[dprof]     q:rms+aq           0.74     0.5%         41
[dprof]     q:wq_b             7.25     4.5%         41
[dprof]     q:tail             0.72     0.4%         41
[dprof]     q:kv_join          0.06     0.0%         41
[dprof]     o:rope             0.28     0.2%         41
[dprof]     o:wo_a            10.54     6.5%         41
[dprof]     o:wo_b             8.58     5.3%         41
[dprof]     i:qidx             2.00     1.2%         21
[dprof]     i:iw               0.74     0.5%         21
[dprof]     i:score            1.54     0.9%         21
[dprof]     i:topk             0.77     0.5%         21
[dprof]       mg:count         0.22     0.1%         46
[dprof]       mg:prefix        0.24     0.1%         46
[dprof]       mg:scatter       0.25     0.2%         46
[dprof]       mg:tiles         0.25     0.2%         46
[dprof] draft:main_kv          0.13     0.1%          1
[dprof] draft:block           12.20     7.5%          1
[dprof] draft:head            10.19     6.3%          1
[dprof] TOTAL                162.30
[dprof] *** INVALID: moe children 80.53 ms > MoE 76.44 ms — marks recorded outside the reported window

[dprof] ctx=6203 VB=6 verify=44 — verify step by sub-op, summed over all layers (1542 marks)
[dprof] phase                    ms        %      calls
[dprof] hc_pre  (attn)         2.92     1.7%         43
[dprof] rmsnorm (attn)         0.74     0.4%         43
[dprof] ATTENTION             75.86    44.7%         43
[dprof] hc_post (attn)         0.49     0.3%         43
[dprof] hc_pre  (ffn)          4.55     2.7%         43
[dprof] rmsnorm (ffn)          0.75     0.4%         43
[dprof] MoE                   75.85    44.7%         43
[dprof] hc_post (ffn)          0.45     0.3%         43
[dprof] kv xin copy            0.22     0.1%         41
[dprof] hc_head+norm           0.04     0.0%          1
[dprof] lm_head                7.75     4.6%          1
[dprof]   attn:q_proj          0.49     0.3%          2
[dprof]   attn:kv_write        0.10     0.1%          2
[dprof]   attn:sparse          0.38     0.2%          2
[dprof]   attn:ogroup          0.94     0.6%          2
[dprof]   cattn:q_proj        15.69     9.2%         41
[dprof]   cattn:compress       9.15     5.4%         41
[dprof]   cattn:indexer        5.74     3.4%         21
[dprof]   cattn:sparse        19.31    11.4%         41
[dprof]   cattn:ogroup        19.58    11.5%         41
[dprof]   moe:router           1.99     1.2%         46
[dprof]   moe:group            2.43     1.4%         46
[dprof]   moe:w1w3            48.43    28.6%         46
[dprof]   moe:act              1.94     1.1%         46
[dprof]   moe:w2              24.21    14.3%         46
[dprof]   moe:combine          0.69     0.4%         46
[dprof]   moe:shared           0.25     0.1%         46
[dprof]     q:aq(x)            0.43     0.3%         41
[dprof]     q:wq_a             5.94     3.5%         41
[dprof]     q:rms+aq           0.76     0.5%         41
[dprof]     q:wq_b             7.35     4.3%         41
[dprof]     q:tail             0.68     0.4%         41
[dprof]     q:kv_join          0.06     0.0%         41
[dprof]     o:rope             0.27     0.2%         41
[dprof]     o:wo_a            10.50     6.2%         41
[dprof]     o:wo_b             8.61     5.1%         41
[dprof]     i:qidx             2.06     1.2%         21
[dprof]     i:iw               1.18     0.7%         21
[dprof]     i:score            1.55     0.9%         21
[dprof]     i:topk             0.77     0.5%         21
[dprof]       mg:count         0.23     0.1%         46
[dprof]       mg:prefix        0.24     0.1%         46
[dprof]       mg:scatter       0.26     0.2%         46
[dprof]       mg:tiles         0.25     0.1%         46
[dprof] draft:main_kv          0.13     0.1%          1
[dprof] draft:block           12.15     7.2%          1
[dprof] draft:head            10.20     6.0%          1
[dprof] TOTAL                169.61
[dprof] *** INVALID: moe children 79.94 ms > MoE 75.85 ms — marks recorded outside the reported window

[dprof] ctx=6209 VB=4 verify=48 — verify step by sub-op, summed over all layers (1542 marks)
[dprof] phase                    ms        %      calls
[dprof] hc_pre  (attn)         2.41     1.8%         43
[dprof] rmsnorm (attn)         0.77     0.6%         43
[dprof] ATTENTION             62.40    47.6%         43
[dprof] hc_post (attn)         0.40     0.3%         43
[dprof] hc_pre  (ffn)          2.98     2.3%         43
[dprof] rmsnorm (ffn)          0.74     0.6%         43
[dprof] MoE                   55.29    42.2%         43
[dprof] hc_post (ffn)          0.36     0.3%         43
[dprof] kv xin copy            0.22     0.2%         41
[dprof] hc_head+norm           0.03     0.0%          1
[dprof] lm_head                5.46     4.2%          1
[dprof]   attn:q_proj          0.46     0.4%          2
[dprof]   attn:kv_write        0.08     0.1%          2
[dprof]   attn:sparse          0.35     0.3%          2
[dprof]   attn:ogroup          0.87     0.7%          2
[dprof]   cattn:q_proj        14.76    11.3%         41
[dprof]   cattn:compress       2.44     1.9%         41
[dprof]   cattn:indexer        4.58     3.5%         21
[dprof]   cattn:sparse        17.01    13.0%         41
[dprof]   cattn:ogroup        17.19    13.1%         41
[dprof]   moe:router           1.94     1.5%         46
[dprof]   moe:group            2.13     1.6%         46
[dprof]   moe:w1w3            35.45    27.0%         46
[dprof]   moe:act              1.67     1.3%         46
[dprof]   moe:w2              17.13    13.1%         46
[dprof]   moe:combine          0.66     0.5%         46
[dprof]   moe:shared           0.29     0.2%         46
[dprof]     q:aq(x)            0.62     0.5%         41
[dprof]     q:wq_a             5.27     4.0%         41
[dprof]     q:rms+aq           0.90     0.7%         41
[dprof]     q:wq_b             6.92     5.3%         41
[dprof]     q:tail             0.56     0.4%         41
[dprof]     q:kv_join          0.05     0.0%         41
[dprof]     o:rope             0.27     0.2%         41
[dprof]     o:wo_a             8.92     6.8%         41
[dprof]     o:wo_b             7.79     5.9%         41
[dprof]     i:qidx             1.76     1.3%         21
[dprof]     i:iw               0.60     0.5%         21
[dprof]     i:score            1.34     1.0%         21
[dprof]     i:topk             0.76     0.6%         21
[dprof]       mg:count         0.21     0.2%         46
[dprof]       mg:prefix        0.25     0.2%         46
[dprof]       mg:scatter       0.24     0.2%         46
[dprof]       mg:tiles         0.25     0.2%         46
[dprof] draft:main_kv          0.13     0.1%          1
[dprof] draft:block           12.21     9.3%          1
[dprof] draft:head            10.26     7.8%          1
[dprof] TOTAL                131.07
[dprof] *** INVALID: moe children 59.27 ms > MoE 55.29 ms — marks recorded outside the reported window

[dprof] ctx=6216 VB=2 verify=52 — verify step by sub-op, summed over all layers (1542 marks)
[dprof] phase                    ms        %      calls
[dprof] hc_pre  (attn)         1.82     1.9%         43
[dprof] rmsnorm (attn)         0.74     0.8%         43
[dprof] ATTENTION             50.77    53.3%         43
[dprof] hc_post (attn)         0.32     0.3%         43
[dprof] hc_pre  (ffn)          2.76     2.9%         43
[dprof] rmsnorm (ffn)          0.74     0.8%         43
[dprof] MoE                   32.47    34.1%         43
[dprof] hc_post (ffn)          0.28     0.3%         43
[dprof] kv xin copy            0.22     0.2%         41
[dprof] hc_head+norm           0.04     0.0%          1
[dprof] lm_head                5.14     5.4%          1
[dprof]   attn:q_proj          0.45     0.5%          2
[dprof]   attn:kv_write        0.08     0.1%          2
[dprof]   attn:sparse          0.32     0.3%          2
[dprof]   attn:ogroup          0.74     0.8%          2
[dprof]   cattn:q_proj        10.16    10.7%         41
[dprof]   cattn:compress       0.06     0.1%         41
[dprof]   cattn:indexer        3.94     4.1%         21
[dprof]   cattn:sparse        14.43    15.1%         41
[dprof]   cattn:ogroup        15.46    16.2%         41
[dprof]   moe:router           1.91     2.0%         46
[dprof]   moe:group            1.90     2.0%         46
[dprof]   moe:w1w3            20.71    21.7%         46
[dprof]   moe:act              1.25     1.3%         46
[dprof]   moe:w2               9.72    10.2%         46
[dprof]   moe:combine          0.49     0.5%         46
[dprof]   moe:shared           0.26     0.3%         46
[dprof]     q:aq(x)            0.25     0.3%         41
[dprof]     q:wq_a             1.66     1.7%         41
[dprof]     q:rms+aq           0.59     0.6%         41
[dprof]     q:wq_b             6.74     7.1%         41
[dprof]     q:tail             0.48     0.5%         41
[dprof]     q:kv_join          0.06     0.1%         41
[dprof]     o:rope             0.25     0.3%         41
[dprof]     o:wo_a             7.67     8.0%         41
[dprof]     o:wo_b             7.35     7.7%         41
[dprof]     i:qidx             1.58     1.7%         21
[dprof]     i:iw               0.42     0.4%         21
[dprof]     i:score            1.13     1.2%         21
[dprof]     i:topk             0.69     0.7%         21
[dprof]       mg:count         0.22     0.2%         46
[dprof]       mg:prefix        0.25     0.3%         46
[dprof]       mg:scatter       0.25     0.3%         46
[dprof]       mg:tiles         0.24     0.3%         46
[dprof] draft:main_kv          0.13     0.1%          1
[dprof] draft:block           12.05    12.7%          1
[dprof] draft:head            10.29    10.8%          1
[dprof] TOTAL                 95.30
[dprof] *** INVALID: moe children 36.24 ms > MoE 32.47 ms — marks recorded outside the reported window

[dprof] ctx=6222 VB=2 verify=56 — verify step by sub-op, summed over all layers (1542 marks)
[dprof] phase                    ms        %      calls
[dprof] hc_pre  (attn)         1.83     1.8%         43
[dprof] rmsnorm (attn)         0.76     0.7%         43
[dprof] ATTENTION             56.97    55.3%         43
[dprof] hc_post (attn)         0.34     0.3%         43
[dprof] hc_pre  (ffn)          2.78     2.7%         43
[dprof] rmsnorm (ffn)          0.79     0.8%         43
[dprof] MoE                   34.27    33.3%         43
[dprof] hc_post (ffn)          0.28     0.3%         43
[dprof] kv xin copy            0.22     0.2%         41
[dprof] hc_head+norm           0.03     0.0%          1
[dprof] lm_head                4.72     4.6%          1
[dprof]   attn:q_proj          0.45     0.4%          2
[dprof]   attn:kv_write        0.10     0.1%          2
[dprof]   attn:sparse          0.34     0.3%          2
[dprof]   attn:ogroup          0.75     0.7%          2
[dprof]   cattn:q_proj        14.59    14.2%         41
[dprof]   cattn:compress       2.49     2.4%         41
[dprof]   cattn:indexer        3.87     3.8%         21
[dprof]   cattn:sparse        14.45    14.0%         41
[dprof]   cattn:ogroup        15.59    15.1%         41
[dprof]   moe:router           1.94     1.9%         46
[dprof]   moe:group            1.93     1.9%         46
[dprof]   moe:w1w3            21.99    21.3%         46
[dprof]   moe:act              1.43     1.4%         46
[dprof]   moe:w2              10.08     9.8%         46
[dprof]   moe:combine          0.50     0.5%         46
[dprof]   moe:shared           0.27     0.3%         46
[dprof]     q:aq(x)            0.40     0.4%         41
[dprof]     q:wq_a             5.41     5.3%         41
[dprof]     q:rms+aq           1.01     1.0%         41
[dprof]     q:wq_b             6.79     6.6%         41
[dprof]     q:tail             0.49     0.5%         41
[dprof]     q:kv_join          0.05     0.1%         41
[dprof]     o:rope             0.24     0.2%         41
[dprof]     o:wo_a             7.68     7.5%         41
[dprof]     o:wo_b             7.47     7.3%         41
[dprof]     i:qidx             1.50     1.5%         21
[dprof]     i:iw               0.43     0.4%         21
[dprof]     i:score            1.12     1.1%         21
[dprof]     i:topk             0.69     0.7%         21
[dprof]       mg:count         0.22     0.2%         46
[dprof]       mg:prefix        0.25     0.2%         46
[dprof]       mg:scatter       0.25     0.2%         46
[dprof]       mg:tiles         0.26     0.3%         46
[dprof] draft:main_kv          0.13     0.1%          1
[dprof] draft:block           12.05    11.7%          1
[dprof] draft:head            10.21     9.9%          1
[dprof] TOTAL                103.00
[dprof] *** INVALID: moe children 38.14 ms > MoE 34.27 ms — marks recorded outside the reported window

[dprof] ctx=6230 VB=2 verify=60 — verify step by sub-op, summed over all layers (1542 marks)
[dprof] phase                    ms        %      calls
[dprof] hc_pre  (attn)         1.84     1.7%         43
[dprof] rmsnorm (attn)         0.76     0.7%         43
[dprof] ATTENTION             57.18    53.3%         43
[dprof] hc_post (attn)         0.33     0.3%         43
[dprof] hc_pre  (ffn)          2.74     2.5%         43
[dprof] rmsnorm (ffn)          0.76     0.7%         43
[dprof] MoE                   38.17    35.6%         43
[dprof] hc_post (ffn)          0.27     0.3%         43
[dprof] kv xin copy            0.26     0.2%         41
[dprof] hc_head+norm           0.03     0.0%          1
[dprof] lm_head                5.01     4.7%          1
[dprof]   attn:q_proj          0.46     0.4%          2
[dprof]   attn:kv_write        0.08     0.1%          2
[dprof]   attn:sparse          0.32     0.3%          2
[dprof]   attn:ogroup          0.76     0.7%          2
[dprof]   cattn:q_proj        14.53    13.5%         41
[dprof]   cattn:compress       2.59     2.4%         41
[dprof]   cattn:indexer        3.90     3.6%         21
[dprof]   cattn:sparse        14.49    13.5%         41
[dprof]   cattn:ogroup        15.66    14.6%         41
[dprof]   moe:router           1.92     1.8%         46
[dprof]   moe:group            1.92     1.8%         46
[dprof]   moe:w1w3            24.96    23.3%         46
[dprof]   moe:act              1.63     1.5%         46
[dprof]   moe:w2              11.13    10.4%         46
[dprof]   moe:combine          0.52     0.5%         46
[dprof]   moe:shared           0.25     0.2%         46
[dprof]     q:aq(x)            0.37     0.3%         41
[dprof]     q:wq_a             5.41     5.0%         41
[dprof]     q:rms+aq           1.04     1.0%         41
[dprof]     q:wq_b             6.73     6.3%         41
[dprof]     q:tail             0.49     0.5%         41
[dprof]     q:kv_join          0.05     0.0%         41
[dprof]     o:rope             0.26     0.2%         41
[dprof]     o:wo_a             7.82     7.3%         41
[dprof]     o:wo_b             7.38     6.9%         41
[dprof]     i:qidx             1.51     1.4%         21
[dprof]     i:iw               0.44     0.4%         21
[dprof]     i:score            1.09     1.0%         21
[dprof]     i:topk             0.74     0.7%         21
[dprof]       mg:count         0.21     0.2%         46
[dprof]       mg:prefix        0.24     0.2%         46
[dprof]       mg:scatter       0.26     0.2%         46
[dprof]       mg:tiles         0.25     0.2%         46
[dprof] draft:main_kv          0.13     0.1%          1
[dprof] draft:block           12.37    11.5%          1
[dprof] draft:head            10.24     9.5%          1
[dprof] TOTAL                107.34
[dprof] *** INVALID: moe children 42.33 ms > MoE 38.17 ms — marks recorded outside the reported window

[dprof] ctx=6237 VB=4 verify=64 — verify step by sub-op, summed over all layers (1542 marks)
[dprof] phase                    ms        %      calls
[dprof] hc_pre  (attn)         2.38     1.8%         43
[dprof] rmsnorm (attn)         0.74     0.6%         43
[dprof] ATTENTION             62.54    48.4%         43
[dprof] hc_post (attn)         0.40     0.3%         43
[dprof] hc_pre  (ffn)          2.98     2.3%         43
[dprof] rmsnorm (ffn)          0.77     0.6%         43
[dprof] MoE                   53.55    41.4%         43
[dprof] hc_post (ffn)          0.36     0.3%         43
[dprof] kv xin copy            0.24     0.2%         41
[dprof] hc_head+norm           0.03     0.0%          1
[dprof] lm_head                5.25     4.1%          1
[dprof]   attn:q_proj          0.46     0.4%          2
[dprof]   attn:kv_write        0.08     0.1%          2
[dprof]   attn:sparse          0.34     0.3%          2
[dprof]   attn:ogroup          0.82     0.6%          2
[dprof]   cattn:q_proj        14.81    11.5%         41
[dprof]   cattn:compress       2.40     1.9%         41
[dprof]   cattn:indexer        4.60     3.6%         21
[dprof]   cattn:sparse        17.08    13.2%         41
[dprof]   cattn:ogroup        17.34    13.4%         41
[dprof]   moe:router           1.93     1.5%         46
[dprof]   moe:group            2.17     1.7%         46
[dprof]   moe:w1w3            34.09    26.4%         46
[dprof]   moe:act              1.50     1.2%         46
[dprof]   moe:w2              16.85    13.0%         46
[dprof]   moe:combine          0.62     0.5%         46
[dprof]   moe:shared           0.26     0.2%         46
[dprof]     q:aq(x)            0.39     0.3%         41
[dprof]     q:wq_a             5.48     4.2%         41
[dprof]     q:rms+aq           0.89     0.7%         41
[dprof]     q:wq_b             6.89     5.3%         41
[dprof]     q:tail             0.63     0.5%         41
[dprof]     q:kv_join          0.06     0.0%         41
[dprof]     o:rope             0.27     0.2%         41
[dprof]     o:wo_a             8.97     6.9%         41
[dprof]     o:wo_b             7.90     6.1%         41
[dprof]     i:qidx             1.76     1.4%         21
[dprof]     i:iw               0.61     0.5%         21
[dprof]     i:score            1.33     1.0%         21
[dprof]     i:topk             0.76     0.6%         21
[dprof]       mg:count         0.23     0.2%         46
[dprof]       mg:prefix        0.26     0.2%         46
[dprof]       mg:scatter       0.24     0.2%         46
[dprof]       mg:tiles         0.25     0.2%         46
[dprof] draft:main_kv          0.13     0.1%          1
[dprof] draft:block           12.09     9.4%          1
[dprof] draft:head            10.26     7.9%          1
[dprof] TOTAL                129.25
[dprof] *** INVALID: moe children 57.42 ms > MoE 53.55 ms — marks recorded outside the reported window

[dprof] ctx=6247 VB=4 verify=68 — verify step by sub-op, summed over all layers (1542 marks)
[dprof] phase                    ms        %      calls
[dprof] hc_pre  (attn)         2.39     1.8%         43
[dprof] rmsnorm (attn)         0.79     0.6%         43
[dprof] ATTENTION             62.53    46.0%         43
[dprof] hc_post (attn)         0.41     0.3%         43
[dprof] hc_pre  (ffn)          2.99     2.2%         43
[dprof] rmsnorm (ffn)          0.78     0.6%         43
[dprof] MoE                   60.25    44.3%         43
[dprof] hc_post (ffn)          0.37     0.3%         43
[dprof] kv xin copy            0.27     0.2%         41
[dprof] hc_head+norm           0.03     0.0%          1
[dprof] lm_head                5.25     3.9%          1
[dprof]   attn:q_proj          0.46     0.3%          2
[dprof]   attn:kv_write        0.08     0.1%          2
[dprof]   attn:sparse          0.34     0.3%          2
[dprof]   attn:ogroup          0.82     0.6%          2
[dprof]   cattn:q_proj        14.99    11.0%         41
[dprof]   cattn:compress       2.44     1.8%         41
[dprof]   cattn:indexer        4.60     3.4%         21
[dprof]   cattn:sparse        17.11    12.6%         41
[dprof]   cattn:ogroup        17.16    12.6%         41
[dprof]   moe:router           1.95     1.4%         46
[dprof]   moe:group            2.14     1.6%         46
[dprof]   moe:w1w3            38.94    28.6%         46
[dprof]   moe:act              1.67     1.2%         46
[dprof]   moe:w2              18.69    13.7%         46
[dprof]   moe:combine          0.64     0.5%         46
[dprof]   moe:shared           0.26     0.2%         46
[dprof]     q:aq(x)            0.43     0.3%         41
[dprof]     q:wq_a             5.63     4.1%         41
[dprof]     q:rms+aq           0.95     0.7%         41
[dprof]     q:wq_b             6.89     5.1%         41
[dprof]     q:tail             0.60     0.4%         41
[dprof]     q:kv_join          0.05     0.0%         41
[dprof]     o:rope             0.25     0.2%         41
[dprof]     o:wo_a             8.85     6.5%         41
[dprof]     o:wo_b             7.85     5.8%         41
[dprof]     i:qidx             1.73     1.3%         21
[dprof]     i:iw               0.63     0.5%         21
[dprof]     i:score            1.31     1.0%         21
[dprof]     i:topk             0.78     0.6%         21
[dprof]       mg:count         0.21     0.2%         46
[dprof]       mg:prefix        0.24     0.2%         46
[dprof]       mg:scatter       0.25     0.2%         46
[dprof]       mg:tiles         0.25     0.2%         46
[dprof] draft:main_kv          0.13     0.1%          1
[dprof] draft:block           12.25     9.0%          1
[dprof] draft:head            10.26     7.5%          1
[dprof] TOTAL                136.07
[dprof] *** INVALID: moe children 64.30 ms > MoE 60.25 ms — marks recorded outside the reported window

[dprof] ctx=6255 VB=2 verify=72 — verify step by sub-op, summed over all layers (1542 marks)
[dprof] phase                    ms        %      calls
[dprof] hc_pre  (attn)         1.83     1.8%         43
[dprof] rmsnorm (attn)         0.75     0.7%         43
[dprof] ATTENTION             57.19    56.3%         43
[dprof] hc_post (attn)         0.32     0.3%         43
[dprof] hc_pre  (ffn)          2.76     2.7%         43
[dprof] rmsnorm (ffn)          0.75     0.7%         43
[dprof] MoE                   32.78    32.2%         43
[dprof] hc_post (ffn)          0.29     0.3%         43
[dprof] kv xin copy            0.23     0.2%         41
[dprof] hc_head+norm           0.03     0.0%          1
[dprof] lm_head                4.72     4.6%          1
[dprof]   attn:q_proj          0.44     0.4%          2
[dprof]   attn:kv_write        0.08     0.1%          2
[dprof]   attn:sparse          0.32     0.3%          2
[dprof]   attn:ogroup          0.72     0.7%          2
[dprof]   cattn:q_proj        14.76    14.5%         41
[dprof]   cattn:compress       2.45     2.4%         41
[dprof]   cattn:indexer        3.89     3.8%         21
[dprof]   cattn:sparse        14.46    14.2%         41
[dprof]   cattn:ogroup        15.58    15.3%         41
[dprof]   moe:router           1.90     1.9%         46
[dprof]   moe:group            1.91     1.9%         46
[dprof]   moe:w1w3            21.06    20.7%         46
[dprof]   moe:act              1.46     1.4%         46
[dprof]   moe:w2               9.60     9.4%         46
[dprof]   moe:combine          0.55     0.5%         46
[dprof]   moe:shared           0.26     0.3%         46
[dprof]     q:aq(x)            0.62     0.6%         41
[dprof]     q:wq_a             5.40     5.3%         41
[dprof]     q:rms+aq           0.96     0.9%         41
[dprof]     q:wq_b             6.77     6.7%         41
[dprof]     q:tail             0.52     0.5%         41
[dprof]     q:kv_join          0.06     0.1%         41
[dprof]     o:rope             0.24     0.2%         41
[dprof]     o:wo_a             7.74     7.6%         41
[dprof]     o:wo_b             7.40     7.3%         41
[dprof]     i:qidx             1.51     1.5%         21
[dprof]     i:iw               0.44     0.4%         21
[dprof]     i:score            1.13     1.1%         21
[dprof]     i:topk             0.68     0.7%         21
[dprof]       mg:count         0.22     0.2%         46
[dprof]       mg:prefix        0.25     0.2%         46
[dprof]       mg:scatter       0.25     0.3%         46
[dprof]       mg:tiles         0.25     0.2%         46
[dprof] draft:main_kv          0.13     0.1%          1
[dprof] draft:block           12.17    12.0%          1
[dprof] draft:head            10.26    10.1%          1
[dprof] TOTAL                101.65
[dprof] *** INVALID: moe children 36.73 ms > MoE 32.78 ms — marks recorded outside the reported window

[dprof] ctx=6131 VB=3 verify=0 — verify step by sub-op, summed over all layers (1542 marks)
[dprof] phase                    ms        %      calls
[dprof] hc_pre  (attn)         2.11     1.8%         43
[dprof] rmsnorm (attn)         0.75     0.6%         43
[dprof] ATTENTION             59.26    50.5%         43
[dprof] hc_post (attn)         0.35     0.3%         43
[dprof] hc_pre  (ffn)          2.87     2.4%         43
[dprof] rmsnorm (ffn)          0.76     0.7%         43
[dprof] MoE                   45.66    38.9%         43
[dprof] hc_post (ffn)          0.35     0.3%         43
[dprof] kv xin copy            0.22     0.2%         41
[dprof] hc_head+norm           0.03     0.0%          1
[dprof] lm_head                4.91     4.2%          1
[dprof]   attn:q_proj          0.45     0.4%          2
[dprof]   attn:kv_write        0.08     0.1%          2
[dprof]   attn:sparse          0.33     0.3%          2
[dprof]   attn:ogroup          0.75     0.6%          2
[dprof]   cattn:q_proj        14.81    12.6%         41
[dprof]   cattn:compress       2.45     2.1%         41
[dprof]   cattn:indexer        4.28     3.6%         21
[dprof]   cattn:sparse        15.79    13.5%         41
[dprof]   cattn:ogroup        15.89    13.6%         41
[dprof]   moe:router           1.95     1.7%         46
[dprof]   moe:group            1.95     1.7%         46
[dprof]   moe:w1w3            29.17    24.9%         46
[dprof]   moe:act              1.58     1.4%         46
[dprof]   moe:w2              13.97    11.9%         46
[dprof]   moe:combine          0.60     0.5%         46
[dprof]   moe:shared           0.25     0.2%         46
[dprof]     q:aq(x)            0.49     0.4%         41
[dprof]     q:wq_a             5.60     4.8%         41
[dprof]     q:rms+aq           0.90     0.8%         41
[dprof]     q:wq_b             6.83     5.8%         41
[dprof]     q:tail             0.52     0.4%         41
[dprof]     q:kv_join          0.05     0.0%         41
[dprof]     o:rope             0.26     0.2%         41
[dprof]     o:wo_a             7.96     6.8%         41
[dprof]     o:wo_b             7.48     6.4%         41
[dprof]     i:qidx             1.63     1.4%         21
[dprof]     i:iw               0.55     0.5%         21
[dprof]     i:score            1.19     1.0%         21
[dprof]     i:topk             0.72     0.6%         21
[dprof]       mg:count         0.22     0.2%         46
[dprof]       mg:prefix        0.23     0.2%         46
[dprof]       mg:scatter       0.24     0.2%         46
[dprof]       mg:tiles         0.24     0.2%         46
[dprof] draft:main_kv          0.01     0.0%          1
[dprof] draft:block           11.94    10.2%          1
[dprof] draft:head            10.21     8.7%          1
[dprof] TOTAL                117.27
[dprof] *** INVALID: moe children 49.47 ms > MoE 45.66 ms — marks recorded outside the reported window

[dprof] ctx=6136 VB=3 verify=4 — verify step by sub-op, summed over all layers (1542 marks)
[dprof] phase                    ms        %      calls
[dprof] hc_pre  (attn)         2.12     1.9%         43
[dprof] rmsnorm (attn)         0.80     0.7%         43
[dprof] ATTENTION             52.87    48.2%         43
[dprof] hc_post (attn)         0.35     0.3%         43
[dprof] hc_pre  (ffn)          2.86     2.6%         43
[dprof] rmsnorm (ffn)          0.77     0.7%         43
[dprof] MoE                   44.19    40.3%         43
[dprof] hc_post (ffn)          0.36     0.3%         43
[dprof] kv xin copy            0.24     0.2%         41
[dprof] hc_head+norm           0.03     0.0%          1
[dprof] lm_head                5.10     4.6%          1
[dprof]   attn:q_proj          0.45     0.4%          2
[dprof]   attn:kv_write        0.08     0.1%          2
[dprof]   attn:sparse          0.33     0.3%          2
[dprof]   attn:ogroup          0.75     0.7%          2
[dprof]   cattn:q_proj        10.20     9.3%         41
[dprof]   cattn:compress       0.04     0.0%         41
[dprof]   cattn:indexer        4.09     3.7%         21
[dprof]   cattn:sparse        15.74    14.3%         41
[dprof]   cattn:ogroup        16.03    14.6%         41
[dprof]   moe:router           1.94     1.8%         46
[dprof]   moe:group            2.00     1.8%         46
[dprof]   moe:w1w3            28.31    25.8%         46
[dprof]   moe:act              1.55     1.4%         46
[dprof]   moe:w2              13.53    12.3%         46
[dprof]   moe:combine          0.61     0.6%         46
[dprof]   moe:shared           0.29     0.3%         46
[dprof]     q:aq(x)            0.24     0.2%         41
[dprof]     q:wq_a             1.65     1.5%         41
[dprof]     q:rms+aq           0.58     0.5%         41
[dprof]     q:wq_b             6.84     6.2%         41
[dprof]     q:tail             0.49     0.4%         41
[dprof]     q:kv_join          0.04     0.0%         41
[dprof]     o:rope             0.26     0.2%         41
[dprof]     o:wo_a             8.01     7.3%         41
[dprof]     o:wo_b             7.54     6.9%         41
[dprof]     i:qidx             1.64     1.5%         21
[dprof]     i:iw               0.53     0.5%         21
[dprof]     i:score            1.10     1.0%         21
[dprof]     i:topk             0.70     0.6%         21
[dprof]       mg:count         0.22     0.2%         46
[dprof]       mg:prefix        0.24     0.2%         46
[dprof]       mg:scatter       0.24     0.2%         46
[dprof]       mg:tiles         0.24     0.2%         46
[dprof] draft:main_kv          0.13     0.1%          1
[dprof] draft:block           12.27    11.2%          1
[dprof] draft:head            10.26     9.4%          1
[dprof] TOTAL                109.69
[dprof] *** INVALID: moe children 48.22 ms > MoE 44.19 ms — marks recorded outside the reported window

[dprof] ctx=6143 VB=2 verify=8 — verify step by sub-op, summed over all layers (1542 marks)
[dprof] phase                    ms        %      calls
[dprof] hc_pre  (attn)         1.85     1.3%         43
[dprof] rmsnorm (attn)         0.78     0.5%         43
[dprof] ATTENTION             97.29    68.2%         43
[dprof] hc_post (attn)         0.33     0.2%         43
[dprof] hc_pre  (ffn)          2.80     2.0%         43
[dprof] rmsnorm (ffn)          0.76     0.5%         43
[dprof] MoE                   33.56    23.5%         43
[dprof] hc_post (ffn)          0.29     0.2%         43
[dprof] kv xin copy            0.27     0.2%         41
[dprof] hc_head+norm           0.03     0.0%          1
[dprof] lm_head                4.72     3.3%          1
[dprof]   attn:q_proj          0.45     0.3%          2
[dprof]   attn:kv_write        0.08     0.1%          2
[dprof]   attn:sparse          0.32     0.2%          2
[dprof]   attn:ogroup          0.78     0.5%          2
[dprof]   cattn:q_proj        14.81    10.4%         41
[dprof]   cattn:compress      43.35    30.4%         41
[dprof]   cattn:indexer        3.71     2.6%         21
[dprof]   cattn:sparse        14.44    10.1%         41
[dprof]   cattn:ogroup        15.61    10.9%         41
[dprof]   moe:router           1.91     1.3%         46
[dprof]   moe:group            1.96     1.4%         46
[dprof]   moe:w1w3            21.42    15.0%         46
[dprof]   moe:act              1.40     1.0%         46
[dprof]   moe:w2               9.96     7.0%         46
[dprof]   moe:combine          0.55     0.4%         46
[dprof]   moe:shared           0.26     0.2%         46
[dprof]     q:aq(x)            0.27     0.2%         41
[dprof]     q:wq_a             5.76     4.0%         41
[dprof]     q:rms+aq           1.01     0.7%         41
[dprof]     q:wq_b             6.77     4.7%         41
[dprof]     q:tail             0.50     0.3%         41
[dprof]     q:kv_join          0.05     0.0%         41
[dprof]     o:rope             0.28     0.2%         41
[dprof]     o:wo_a             7.68     5.4%         41
[dprof]     o:wo_b             7.44     5.2%         41
[dprof]     i:qidx             1.49     1.0%         21
[dprof]     i:iw               0.41     0.3%         21
[dprof]     i:score            1.02     0.7%         21
[dprof]     i:topk             0.68     0.5%         21
[dprof]       mg:count         0.24     0.2%         46
[dprof]       mg:prefix        0.25     0.2%         46
[dprof]       mg:scatter       0.25     0.2%         46
[dprof]       mg:tiles         0.25     0.2%         46
[dprof] draft:main_kv          0.13     0.1%          1
[dprof] draft:block           12.16     8.5%          1
[dprof] draft:head            10.21     7.2%          1
[dprof] TOTAL                142.68
[dprof] *** INVALID: moe children 37.47 ms > MoE 33.56 ms — marks recorded outside the reported window

[dprof] ctx=6149 VB=2 verify=12 — verify step by sub-op, summed over all layers (1542 marks)
[dprof] phase                    ms        %      calls
[dprof] hc_pre  (attn)         1.84     1.9%         43
[dprof] rmsnorm (attn)         0.76     0.8%         43
[dprof] ATTENTION             51.08    52.0%         43
[dprof] hc_post (attn)         0.31     0.3%         43
[dprof] hc_pre  (ffn)          2.81     2.9%         43
[dprof] rmsnorm (ffn)          0.76     0.8%         43
[dprof] MoE                   35.43    36.1%         43
[dprof] hc_post (ffn)          0.28     0.3%         43
[dprof] kv xin copy            0.25     0.3%         41
[dprof] hc_head+norm           0.03     0.0%          1
[dprof] lm_head                4.73     4.8%          1
[dprof]   attn:q_proj          0.45     0.5%          2
[dprof]   attn:kv_write        0.09     0.1%          2
[dprof]   attn:sparse          0.32     0.3%          2
[dprof]   attn:ogroup          0.72     0.7%          2
[dprof]   cattn:q_proj        10.07    10.2%         41
[dprof]   cattn:compress       0.05     0.0%         41
[dprof]   cattn:indexer        3.85     3.9%         21
[dprof]   cattn:sparse        14.48    14.7%         41
[dprof]   cattn:ogroup        15.68    16.0%         41
[dprof]   moe:router           1.90     1.9%         46
[dprof]   moe:group            1.91     1.9%         46
[dprof]   moe:w1w3            22.96    23.4%         46
[dprof]   moe:act              1.52     1.5%         46
[dprof]   moe:w2              10.36    10.5%         46
[dprof]   moe:combine          0.50     0.5%         46
[dprof]   moe:shared           0.26     0.3%         46
[dprof]     q:aq(x)            0.23     0.2%         41
[dprof]     q:wq_a             1.68     1.7%         41
[dprof]     q:rms+aq           0.59     0.6%         41
[dprof]     q:wq_b             6.70     6.8%         41
[dprof]     q:tail             0.48     0.5%         41
[dprof]     q:kv_join          0.04     0.0%         41
[dprof]     o:rope             0.26     0.3%         41
[dprof]     o:wo_a             7.77     7.9%         41
[dprof]     o:wo_b             7.43     7.6%         41
[dprof]     i:qidx             1.52     1.5%         21
[dprof]     i:iw               0.43     0.4%         21
[dprof]     i:score            1.08     1.1%         21
[dprof]     i:topk             0.70     0.7%         21
[dprof]       mg:count         0.22     0.2%         46
[dprof]       mg:prefix        0.25     0.3%         46
[dprof]       mg:scatter       0.24     0.2%         46
[dprof]       mg:tiles         0.25     0.3%         46
[dprof] draft:main_kv          0.13     0.1%          1
[dprof] draft:block           12.14    12.4%          1
[dprof] draft:head            10.27    10.4%          1
[dprof] TOTAL                 98.28
[dprof] *** INVALID: moe children 39.40 ms > MoE 35.43 ms — marks recorded outside the reported window

[dprof] ctx=6153 VB=2 verify=16 — verify step by sub-op, summed over all layers (1542 marks)
[dprof] phase                    ms        %      calls
[dprof] hc_pre  (attn)         1.85     1.9%         43
[dprof] rmsnorm (attn)         0.76     0.8%         43
[dprof] ATTENTION             50.80    52.4%         43
[dprof] hc_post (attn)         0.32     0.3%         43
[dprof] hc_pre  (ffn)          2.82     2.9%         43
[dprof] rmsnorm (ffn)          0.76     0.8%         43
[dprof] MoE                   34.01    35.1%         43
[dprof] hc_post (ffn)          0.28     0.3%         43
[dprof] kv xin copy            0.22     0.2%         41
[dprof] hc_head+norm           0.03     0.0%          1
[dprof] lm_head                5.12     5.3%          1
[dprof]   attn:q_proj          0.45     0.5%          2
[dprof]   attn:kv_write        0.08     0.1%          2
[dprof]   attn:sparse          0.32     0.3%          2
[dprof]   attn:ogroup          0.72     0.7%          2
[dprof]   cattn:q_proj        10.06    10.4%         41
[dprof]   cattn:compress       0.04     0.0%         41
[dprof]   cattn:indexer        3.83     3.9%         21
[dprof]   cattn:sparse        14.46    14.9%         41
[dprof]   cattn:ogroup        15.61    16.1%         41
[dprof]   moe:router           1.94     2.0%         46
[dprof]   moe:group            1.91     2.0%         46
[dprof]   moe:w1w3            21.96    22.6%         46
[dprof]   moe:act              1.50     1.5%         46
[dprof]   moe:w2              10.05    10.4%         46
[dprof]   moe:combine          0.50     0.5%         46
[dprof]   moe:shared           0.27     0.3%         46
[dprof]     q:aq(x)            0.21     0.2%         41
[dprof]     q:wq_a             1.67     1.7%         41
[dprof]     q:rms+aq           0.57     0.6%         41
[dprof]     q:wq_b             6.70     6.9%         41
[dprof]     q:tail             0.50     0.5%         41
[dprof]     q:kv_join          0.05     0.0%         41
[dprof]     o:rope             0.26     0.3%         41
[dprof]     o:wo_a             7.79     8.0%         41
[dprof]     o:wo_b             7.36     7.6%         41
[dprof]     i:qidx             1.51     1.6%         21
[dprof]     i:iw               0.43     0.4%         21
[dprof]     i:score            1.07     1.1%         21
[dprof]     i:topk             0.69     0.7%         21
[dprof]       mg:count         0.23     0.2%         46
[dprof]       mg:prefix        0.25     0.3%         46
[dprof]       mg:scatter       0.26     0.3%         46
[dprof]       mg:tiles         0.25     0.3%         46
[dprof] draft:main_kv          0.14     0.1%          1
[dprof] draft:block           12.35    12.7%          1
[dprof] draft:head            10.37    10.7%          1
[dprof] TOTAL                 96.97
[dprof] *** INVALID: moe children 38.12 ms > MoE 34.01 ms — marks recorded outside the reported window

[dprof] ctx=6160 VB=6 verify=20 — verify step by sub-op, summed over all layers (1542 marks)
[dprof] phase                    ms        %      calls
[dprof] hc_pre  (attn)         2.95     1.8%         43
[dprof] rmsnorm (attn)         0.78     0.5%         43
[dprof] ATTENTION             67.59    41.5%         43
[dprof] hc_post (attn)         0.49     0.3%         43
[dprof] hc_pre  (ffn)          4.64     2.9%         43
[dprof] rmsnorm (ffn)          0.77     0.5%         43
[dprof] MoE                   77.25    47.4%         43
[dprof] hc_post (ffn)          0.44     0.3%         43
[dprof] kv xin copy            0.23     0.1%         41
[dprof] hc_head+norm           0.04     0.0%          1
[dprof] lm_head                7.74     4.8%          1
[dprof]   attn:q_proj          0.49     0.3%          2
[dprof]   attn:kv_write        0.08     0.1%          2
[dprof]   attn:sparse          0.36     0.2%          2
[dprof]   attn:ogroup          0.93     0.6%          2
[dprof]   cattn:q_proj        15.01     9.2%         41
[dprof]   cattn:compress       2.34     1.4%         41
[dprof]   cattn:indexer        5.12     3.1%         21
[dprof]   cattn:sparse        19.21    11.8%         41
[dprof]   cattn:ogroup        19.55    12.0%         41
[dprof]   moe:router           1.99     1.2%         46
[dprof]   moe:group            2.34     1.4%         46
[dprof]   moe:w1w3            49.50    30.4%         46
[dprof]   moe:act              1.77     1.1%         46
[dprof]   moe:w2              24.94    15.3%         46
[dprof]   moe:combine          0.72     0.4%         46
[dprof]   moe:shared           0.27     0.2%         46
[dprof]     q:aq(x)            0.44     0.3%         41
[dprof]     q:wq_a             5.40     3.3%         41
[dprof]     q:rms+aq           0.70     0.4%         41
[dprof]     q:wq_b             7.28     4.5%         41
[dprof]     q:tail             0.68     0.4%         41
[dprof]     q:kv_join          0.05     0.0%         41
[dprof]     o:rope             0.25     0.2%         41
[dprof]     o:wo_a            10.54     6.5%         41
[dprof]     o:wo_b             8.56     5.3%         41
[dprof]     i:qidx             1.98     1.2%         21
[dprof]     i:iw               0.73     0.4%         21
[dprof]     i:score            1.53     0.9%         21
[dprof]     i:topk             0.78     0.5%         21
[dprof]       mg:count         0.23     0.1%         46
[dprof]       mg:prefix        0.24     0.1%         46
[dprof]       mg:scatter       0.25     0.2%         46
[dprof]       mg:tiles         0.25     0.2%         46
[dprof] draft:main_kv          0.14     0.1%          1
[dprof] draft:block           12.40     7.6%          1
[dprof] draft:head            10.26     6.3%          1
[dprof] TOTAL                162.92
[dprof] *** INVALID: moe children 81.53 ms > MoE 77.25 ms — marks recorded outside the reported window

[dprof] ctx=6170 VB=2 verify=24 — verify step by sub-op, summed over all layers (1542 marks)
[dprof] phase                    ms        %      calls
[dprof] hc_pre  (attn)         1.84     1.8%         43
[dprof] rmsnorm (attn)         0.76     0.8%         43
[dprof] ATTENTION             56.87    56.5%         43
[dprof] hc_post (attn)         0.33     0.3%         43
[dprof] hc_pre  (ffn)          2.77     2.7%         43
[dprof] rmsnorm (ffn)          0.75     0.7%         43
[dprof] MoE                   32.14    31.9%         43
[dprof] hc_post (ffn)          0.28     0.3%         43
[dprof] kv xin copy            0.24     0.2%         41
[dprof] hc_head+norm           0.03     0.0%          1
[dprof] lm_head                4.71     4.7%          1
[dprof]   attn:q_proj          0.45     0.4%          2
[dprof]   attn:kv_write        0.08     0.1%          2
[dprof]   attn:sparse          0.32     0.3%          2
[dprof]   attn:ogroup          0.73     0.7%          2
[dprof]   cattn:q_proj        14.61    14.5%         41
[dprof]   cattn:compress       2.49     2.5%         41
[dprof]   cattn:indexer        3.89     3.9%         21
[dprof]   cattn:sparse        14.43    14.3%         41
[dprof]   cattn:ogroup        15.50    15.4%         41
[dprof]   moe:router           1.91     1.9%         46
[dprof]   moe:group            1.94     1.9%         46
[dprof]   moe:w1w3            20.61    20.5%         46
[dprof]   moe:act              1.32     1.3%         46
[dprof]   moe:w2               9.53     9.5%         46
[dprof]   moe:combine          0.47     0.5%         46
[dprof]   moe:shared           0.24     0.2%         46
[dprof]     q:aq(x)            0.28     0.3%         41
[dprof]     q:wq_a             5.54     5.5%         41
[dprof]     q:rms+aq           1.00     1.0%         41
[dprof]     q:wq_b             6.76     6.7%         41
[dprof]     q:tail             0.49     0.5%         41
[dprof]     q:kv_join          0.06     0.1%         41
[dprof]     o:rope             0.24     0.2%         41
[dprof]     o:wo_a             7.68     7.6%         41
[dprof]     o:wo_b             7.39     7.3%         41
[dprof]     i:qidx             1.52     1.5%         21
[dprof]     i:iw               0.44     0.4%         21
[dprof]     i:score            1.09     1.1%         21
[dprof]     i:topk             0.71     0.7%         21
[dprof]       mg:count         0.23     0.2%         46
[dprof]       mg:prefix        0.25     0.2%         46
[dprof]       mg:scatter       0.25     0.3%         46
[dprof]       mg:tiles         0.24     0.2%         46
[dprof] draft:main_kv          0.13     0.1%          1
[dprof] draft:block           12.03    11.9%          1
[dprof] draft:head            10.26    10.2%          1
[dprof] TOTAL                100.72
[dprof] *** INVALID: moe children 36.02 ms > MoE 32.14 ms — marks recorded outside the reported window

[dprof] ctx=6177 VB=2 verify=28 — verify step by sub-op, summed over all layers (1542 marks)
[dprof] phase                    ms        %      calls
[dprof] hc_pre  (attn)         1.84     1.9%         43
[dprof] rmsnorm (attn)         0.75     0.8%         43
[dprof] ATTENTION             51.19    53.3%         43
[dprof] hc_post (attn)         0.30     0.3%         43
[dprof] hc_pre  (ffn)          2.76     2.9%         43
[dprof] rmsnorm (ffn)          0.77     0.8%         43
[dprof] MoE                   33.09    34.5%         43
[dprof] hc_post (ffn)          0.28     0.3%         43
[dprof] kv xin copy            0.24     0.2%         41
[dprof] hc_head+norm           0.03     0.0%          1
[dprof] lm_head                4.73     4.9%          1
[dprof]   attn:q_proj          0.45     0.5%          2
[dprof]   attn:kv_write        0.08     0.1%          2
[dprof]   attn:sparse          0.32     0.3%          2
[dprof]   attn:ogroup          0.77     0.8%          2
[dprof]   cattn:q_proj        10.22    10.6%         41
[dprof]   cattn:compress       0.04     0.0%         41
[dprof]   cattn:indexer        3.93     4.1%         21
[dprof]   cattn:sparse        14.45    15.1%         41
[dprof]   cattn:ogroup        15.66    16.3%         41
[dprof]   moe:router           1.89     2.0%         46
[dprof]   moe:group            1.94     2.0%         46
[dprof]   moe:w1w3            21.29    22.2%         46
[dprof]   moe:act              1.45     1.5%         46
[dprof]   moe:w2               9.83    10.2%         46
[dprof]   moe:combine          0.49     0.5%         46
[dprof]   moe:shared           0.26     0.3%         46
[dprof]     q:aq(x)            0.22     0.2%         41
[dprof]     q:wq_a             1.71     1.8%         41
[dprof]     q:rms+aq           0.57     0.6%         41
[dprof]     q:wq_b             6.77     7.0%         41
[dprof]     q:tail             0.50     0.5%         41
[dprof]     q:kv_join          0.05     0.1%         41
[dprof]     o:rope             0.26     0.3%         41
[dprof]     o:wo_a             7.80     8.1%         41
[dprof]     o:wo_b             7.40     7.7%         41
[dprof]     i:qidx             1.54     1.6%         21
[dprof]     i:iw               0.46     0.5%         21
[dprof]     i:score            1.09     1.1%         21
[dprof]     i:topk             0.72     0.8%         21
[dprof]       mg:count         0.24     0.2%         46
[dprof]       mg:prefix        0.25     0.3%         46
[dprof]       mg:scatter       0.26     0.3%         46
[dprof]       mg:tiles         0.24     0.3%         46
[dprof] draft:main_kv          0.13     0.1%          1
[dprof] draft:block           12.38    12.9%          1
[dprof] draft:head            10.20    10.6%          1
[dprof] TOTAL                 95.99
[dprof] *** INVALID: moe children 37.16 ms > MoE 33.09 ms — marks recorded outside the reported window

[dprof] ctx=6185 VB=2 verify=32 — verify step by sub-op, summed over all layers (1542 marks)
[dprof] phase                    ms        %      calls
[dprof] hc_pre  (attn)         1.81     1.9%         43
[dprof] rmsnorm (attn)         0.79     0.8%         43
[dprof] ATTENTION             50.72    52.5%         43
[dprof] hc_post (attn)         0.32     0.3%         43
[dprof] hc_pre  (ffn)          2.75     2.8%         43
[dprof] rmsnorm (ffn)          0.77     0.8%         43
[dprof] MoE                   33.91    35.1%         43
[dprof] hc_post (ffn)          0.28     0.3%         43
[dprof] kv xin copy            0.22     0.2%         41
[dprof] hc_head+norm           0.04     0.0%          1
[dprof] lm_head                5.00     5.2%          1
[dprof]   attn:q_proj          0.45     0.5%          2
[dprof]   attn:kv_write        0.08     0.1%          2
[dprof]   attn:sparse          0.32     0.3%          2
[dprof]   attn:ogroup          0.72     0.7%          2
[dprof]   cattn:q_proj        10.10    10.5%         41
[dprof]   cattn:compress       0.05     0.1%         41
[dprof]   cattn:indexer        3.88     4.0%         21
[dprof]   cattn:sparse        14.43    14.9%         41
[dprof]   cattn:ogroup        15.48    16.0%         41
[dprof]   moe:router           1.92     2.0%         46
[dprof]   moe:group            1.95     2.0%         46
[dprof]   moe:w1w3            21.85    22.6%         46
[dprof]   moe:act              1.46     1.5%         46
[dprof]   moe:w2               9.91    10.3%         46
[dprof]   moe:combine          0.50     0.5%         46
[dprof]   moe:shared           0.27     0.3%         46
[dprof]     q:aq(x)            0.23     0.2%         41
[dprof]     q:wq_a             1.68     1.7%         41
[dprof]     q:rms+aq           0.57     0.6%         41
[dprof]     q:wq_b             6.70     6.9%         41
[dprof]     q:tail             0.49     0.5%         41
[dprof]     q:kv_join          0.05     0.1%         41
[dprof]     o:rope             0.25     0.3%         41
[dprof]     o:wo_a             7.68     7.9%         41
[dprof]     o:wo_b             7.38     7.6%         41
[dprof]     i:qidx             1.56     1.6%         21
[dprof]     i:iw               0.43     0.4%         21
[dprof]     i:score            1.08     1.1%         21
[dprof]     i:topk             0.68     0.7%         21
[dprof]       mg:count         0.21     0.2%         46
[dprof]       mg:prefix        0.27     0.3%         46
[dprof]       mg:scatter       0.26     0.3%         46
[dprof]       mg:tiles         0.25     0.3%         46
[dprof] draft:main_kv          0.13     0.1%          1
[dprof] draft:block           12.24    12.7%          1
[dprof] draft:head            10.26    10.6%          1
[dprof] TOTAL                 96.61
[dprof] *** INVALID: moe children 37.86 ms > MoE 33.91 ms — marks recorded outside the reported window

[dprof] ctx=6190 VB=2 verify=36 — verify step by sub-op, summed over all layers (1542 marks)
[dprof] phase                    ms        %      calls
[dprof] hc_pre  (attn)         1.84     1.8%         43
[dprof] rmsnorm (attn)         0.76     0.7%         43
[dprof] ATTENTION             56.99    55.0%         43
[dprof] hc_post (attn)         0.31     0.3%         43
[dprof] hc_pre  (ffn)          2.77     2.7%         43
[dprof] rmsnorm (ffn)          0.76     0.7%         43
[dprof] MoE                   34.86    33.7%         43
[dprof] hc_post (ffn)          0.28     0.3%         43
[dprof] kv xin copy            0.23     0.2%         41
[dprof] hc_head+norm           0.03     0.0%          1
[dprof] lm_head                4.71     4.5%          1
[dprof]   attn:q_proj          0.45     0.4%          2
[dprof]   attn:kv_write        0.09     0.1%          2
[dprof]   attn:sparse          0.32     0.3%          2
[dprof]   attn:ogroup          0.72     0.7%          2
[dprof]   cattn:q_proj        14.59    14.1%         41
[dprof]   cattn:compress       2.46     2.4%         41
[dprof]   cattn:indexer        3.93     3.8%         21
[dprof]   cattn:sparse        14.44    13.9%         41
[dprof]   cattn:ogroup        15.68    15.1%         41
[dprof]   moe:router           1.91     1.8%         46
[dprof]   moe:group            1.91     1.8%         46
[dprof]   moe:w1w3            22.34    21.6%         46
[dprof]   moe:act              1.53     1.5%         46
[dprof]   moe:w2              10.13     9.8%         46
[dprof]   moe:combine          0.53     0.5%         46
[dprof]   moe:shared           0.27     0.3%         46
[dprof]     q:aq(x)            0.30     0.3%         41
[dprof]     q:wq_a             5.56     5.4%         41
[dprof]     q:rms+aq           0.97     0.9%         41
[dprof]     q:wq_b             6.69     6.5%         41
[dprof]     q:tail             0.52     0.5%         41
[dprof]     q:kv_join          0.08     0.1%         41
[dprof]     o:rope             0.25     0.2%         41
[dprof]     o:wo_a             7.78     7.5%         41
[dprof]     o:wo_b             7.44     7.2%         41
[dprof]     i:qidx             1.54     1.5%         21
[dprof]     i:iw               0.43     0.4%         21
[dprof]     i:score            1.11     1.1%         21
[dprof]     i:topk             0.72     0.7%         21
[dprof]       mg:count         0.23     0.2%         46
[dprof]       mg:prefix        0.24     0.2%         46
[dprof]       mg:scatter       0.24     0.2%         46
[dprof]       mg:tiles         0.25     0.2%         46
[dprof] draft:main_kv          0.13     0.1%          1
[dprof] draft:block           12.09    11.7%          1
[dprof] draft:head            10.25     9.9%          1
[dprof] TOTAL                103.55
[dprof] *** INVALID: moe children 38.62 ms > MoE 34.86 ms — marks recorded outside the reported window

[dprof] ctx=6196 VB=2 verify=40 — verify step by sub-op, summed over all layers (1542 marks)
[dprof] phase                    ms        %      calls
[dprof] hc_pre  (attn)         1.81     1.8%         43
[dprof] rmsnorm (attn)         0.78     0.8%         43
[dprof] ATTENTION             50.98    51.9%         43
[dprof] hc_post (attn)         0.33     0.3%         43
[dprof] hc_pre  (ffn)          2.81     2.9%         43
[dprof] rmsnorm (ffn)          0.76     0.8%         43
[dprof] MoE                   35.50    36.1%         43
[dprof] hc_post (ffn)          0.27     0.3%         43
[dprof] kv xin copy            0.24     0.2%         41
[dprof] hc_head+norm           0.04     0.0%          1
[dprof] lm_head                4.79     4.9%          1
[dprof]   attn:q_proj          0.44     0.5%          2
[dprof]   attn:kv_write        0.08     0.1%          2
[dprof]   attn:sparse          0.32     0.3%          2
[dprof]   attn:ogroup          0.73     0.7%          2
[dprof]   cattn:q_proj        10.09    10.3%         41
[dprof]   cattn:compress       0.05     0.1%         41
[dprof]   cattn:indexer        3.86     3.9%         21
[dprof]   cattn:sparse        14.47    14.7%         41
[dprof]   cattn:ogroup        15.70    16.0%         41
[dprof]   moe:router           1.90     1.9%         46
[dprof]   moe:group            1.85     1.9%         46
[dprof]   moe:w1w3            22.87    23.3%         46
[dprof]   moe:act              1.56     1.6%         46
[dprof]   moe:w2              10.39    10.6%         46
[dprof]   moe:combine          0.51     0.5%         46
[dprof]   moe:shared           0.28     0.3%         46
[dprof]     q:aq(x)            0.23     0.2%         41
[dprof]     q:wq_a             1.65     1.7%         41
[dprof]     q:rms+aq           0.55     0.6%         41
[dprof]     q:wq_b             6.73     6.9%         41
[dprof]     q:tail             0.50     0.5%         41
[dprof]     q:kv_join          0.05     0.0%         41
[dprof]     o:rope             0.26     0.3%         41
[dprof]     o:wo_a             7.73     7.9%         41
[dprof]     o:wo_b             7.47     7.6%         41
[dprof]     i:qidx             1.51     1.5%         21
[dprof]     i:iw               0.45     0.5%         21
[dprof]     i:score            1.11     1.1%         21
[dprof]     i:topk             0.67     0.7%         21
[dprof]       mg:count         0.22     0.2%         46
[dprof]       mg:prefix        0.24     0.2%         46
[dprof]       mg:scatter       0.24     0.2%         46
[dprof]       mg:tiles         0.25     0.3%         46
[dprof] draft:main_kv          0.16     0.2%          1
[dprof] draft:block           12.02    12.2%          1
[dprof] draft:head            10.28    10.5%          1
[dprof] TOTAL                 98.31
[dprof] *** INVALID: moe children 39.37 ms > MoE 35.50 ms — marks recorded outside the reported window

[dprof] ctx=6204 VB=2 verify=44 — verify step by sub-op, summed over all layers (1542 marks)
[dprof] phase                    ms        %      calls
[dprof] hc_pre  (attn)         1.83     1.8%         43
[dprof] rmsnorm (attn)         0.77     0.8%         43
[dprof] ATTENTION             50.99    51.4%         43
[dprof] hc_post (attn)         0.30     0.3%         43
[dprof] hc_pre  (ffn)          2.74     2.8%         43
[dprof] rmsnorm (ffn)          0.76     0.8%         43
[dprof] MoE                   36.48    36.7%         43
[dprof] hc_post (ffn)          0.27     0.3%         43
[dprof] kv xin copy            0.22     0.2%         41
[dprof] hc_head+norm           0.03     0.0%          1
[dprof] lm_head                4.90     4.9%          1
[dprof]   attn:q_proj          0.49     0.5%          2
[dprof]   attn:kv_write        0.09     0.1%          2
[dprof]   attn:sparse          0.33     0.3%          2
[dprof]   attn:ogroup          0.74     0.7%          2
[dprof]   cattn:q_proj        10.10    10.2%         41
[dprof]   cattn:compress       0.04     0.0%         41
[dprof]   cattn:indexer        3.91     3.9%         21
[dprof]   cattn:sparse        14.47    14.6%         41
[dprof]   cattn:ogroup        15.65    15.8%         41
[dprof]   moe:router           1.88     1.9%         46
[dprof]   moe:group            1.94     2.0%         46
[dprof]   moe:w1w3            23.62    23.8%         46
[dprof]   moe:act              1.52     1.5%         46
[dprof]   moe:w2              10.60    10.7%         46
[dprof]   moe:combine          0.52     0.5%         46
[dprof]   moe:shared           0.27     0.3%         46
[dprof]     q:aq(x)            0.24     0.2%         41
[dprof]     q:wq_a             1.66     1.7%         41
[dprof]     q:rms+aq           0.58     0.6%         41
[dprof]     q:wq_b             6.74     6.8%         41
[dprof]     q:tail             0.47     0.5%         41
[dprof]     q:kv_join          0.04     0.0%         41
[dprof]     o:rope             0.25     0.3%         41
[dprof]     o:wo_a             7.82     7.9%         41
[dprof]     o:wo_b             7.39     7.4%         41
[dprof]     i:qidx             1.52     1.5%         21
[dprof]     i:iw               0.45     0.4%         21
[dprof]     i:score            1.10     1.1%         21
[dprof]     i:topk             0.71     0.7%         21
[dprof]       mg:count         0.21     0.2%         46
[dprof]       mg:prefix        0.24     0.2%         46
[dprof]       mg:scatter       0.25     0.3%         46
[dprof]       mg:tiles         0.25     0.3%         46
[dprof] draft:main_kv          0.13     0.1%          1
[dprof] draft:block           12.15    12.2%          1
[dprof] draft:head            10.21    10.3%          1
[dprof] TOTAL                 99.28
[dprof] *** INVALID: moe children 40.35 ms > MoE 36.48 ms — marks recorded outside the reported window

[dprof] ctx=6210 VB=2 verify=48 — verify step by sub-op, summed over all layers (1542 marks)
[dprof] phase                    ms        %      calls
[dprof] hc_pre  (attn)         1.80     1.7%         43
[dprof] rmsnorm (attn)         0.75     0.7%         43
[dprof] ATTENTION             56.81    54.4%         43
[dprof] hc_post (attn)         0.35     0.3%         43
[dprof] hc_pre  (ffn)          2.79     2.7%         43
[dprof] rmsnorm (ffn)          0.78     0.7%         43
[dprof] MoE                   35.74    34.2%         43
[dprof] hc_post (ffn)          0.27     0.3%         43
[dprof] kv xin copy            0.22     0.2%         41
[dprof] hc_head+norm           0.03     0.0%          1
[dprof] lm_head                4.94     4.7%          1
[dprof]   attn:q_proj          0.45     0.4%          2
[dprof]   attn:kv_write        0.08     0.1%          2
[dprof]   attn:sparse          0.32     0.3%          2
[dprof]   attn:ogroup          0.72     0.7%          2
[dprof]   cattn:q_proj        14.56    13.9%         41
[dprof]   cattn:compress       2.48     2.4%         41
[dprof]   cattn:indexer        3.88     3.7%         21
[dprof]   cattn:sparse        14.46    13.8%         41
[dprof]   cattn:ogroup        15.41    14.7%         41
[dprof]   moe:router           1.93     1.8%         46
[dprof]   moe:group            1.93     1.8%         46
[dprof]   moe:w1w3            23.08    22.1%         46
[dprof]   moe:act              1.47     1.4%         46
[dprof]   moe:w2              10.48    10.0%         46
[dprof]   moe:combine          0.49     0.5%         46
[dprof]   moe:shared           0.25     0.2%         46
[dprof]     q:aq(x)            0.35     0.3%         41
[dprof]     q:wq_a             5.36     5.1%         41
[dprof]     q:rms+aq           0.98     0.9%         41
[dprof]     q:wq_b             6.85     6.6%         41
[dprof]     q:tail             0.51     0.5%         41
[dprof]     q:kv_join          0.06     0.1%         41
[dprof]     o:rope             0.25     0.2%         41
[dprof]     o:wo_a             7.61     7.3%         41
[dprof]     o:wo_b             7.35     7.0%         41
[dprof]     i:qidx             1.51     1.4%         21
[dprof]     i:iw               0.42     0.4%         21
[dprof]     i:score            1.10     1.1%         21
[dprof]     i:topk             0.72     0.7%         21
[dprof]       mg:count         0.23     0.2%         46
[dprof]       mg:prefix        0.24     0.2%         46
[dprof]       mg:scatter       0.25     0.2%         46
[dprof]       mg:tiles         0.24     0.2%         46
[dprof] draft:main_kv          0.13     0.1%          1
[dprof] draft:block           12.01    11.5%          1
[dprof] draft:head            10.27     9.8%          1
[dprof] TOTAL                104.50
[dprof] *** INVALID: moe children 39.62 ms > MoE 35.74 ms — marks recorded outside the reported window

[dprof] ctx=6217 VB=2 verify=52 — verify step by sub-op, summed over all layers (1542 marks)
[dprof] phase                    ms        %      calls
[dprof] hc_pre  (attn)         1.83     1.9%         43
[dprof] rmsnorm (attn)         0.78     0.8%         43
[dprof] ATTENTION             51.10    53.0%         43
[dprof] hc_post (attn)         0.31     0.3%         43
[dprof] hc_pre  (ffn)          2.75     2.9%         43
[dprof] rmsnorm (ffn)          0.78     0.8%         43
[dprof] MoE                   33.28    34.5%         43
[dprof] hc_post (ffn)          0.30     0.3%         43
[dprof] kv xin copy            0.24     0.2%         41
[dprof] hc_head+norm           0.03     0.0%          1
[dprof] lm_head                4.92     5.1%          1
[dprof]   attn:q_proj          0.45     0.5%          2
[dprof]   attn:kv_write        0.08     0.1%          2
[dprof]   attn:sparse          0.32     0.3%          2
[dprof]   attn:ogroup          0.73     0.8%          2
[dprof]   cattn:q_proj        10.18    10.6%         41
[dprof]   cattn:compress       0.04     0.0%         41
[dprof]   cattn:indexer        3.97     4.1%         21
[dprof]   cattn:sparse        14.40    14.9%         41
[dprof]   cattn:ogroup        15.70    16.3%         41
[dprof]   moe:router           1.95     2.0%         46
[dprof]   moe:group            1.88     1.9%         46
[dprof]   moe:w1w3            21.27    22.1%         46
[dprof]   moe:act              1.47     1.5%         46
[dprof]   moe:w2               9.79    10.2%         46
[dprof]   moe:combine          0.52     0.5%         46
[dprof]   moe:shared           0.26     0.3%         46
[dprof]     q:aq(x)            0.21     0.2%         41
[dprof]     q:wq_a             1.68     1.7%         41
[dprof]     q:rms+aq           0.57     0.6%         41
[dprof]     q:wq_b             6.81     7.1%         41
[dprof]     q:tail             0.48     0.5%         41
[dprof]     q:kv_join          0.05     0.1%         41
[dprof]     o:rope             0.26     0.3%         41
[dprof]     o:wo_a             7.80     8.1%         41
[dprof]     o:wo_b             7.42     7.7%         41
[dprof]     i:qidx             1.51     1.6%         21
[dprof]     i:iw               0.45     0.5%         21
[dprof]     i:score            1.11     1.2%         21
[dprof]     i:topk             0.75     0.8%         21
[dprof]       mg:count         0.21     0.2%         46
[dprof]       mg:prefix        0.24     0.2%         46
[dprof]       mg:scatter       0.24     0.2%         46
[dprof]       mg:tiles         0.24     0.3%         46
[dprof] draft:main_kv          0.13     0.1%          1
[dprof] draft:block           12.15    12.6%          1
[dprof] draft:head            10.22    10.6%          1
[dprof] TOTAL                 96.33
[dprof] *** INVALID: moe children 37.14 ms > MoE 33.28 ms — marks recorded outside the reported window

[dprof] ctx=6227 VB=2 verify=56 — verify step by sub-op, summed over all layers (1542 marks)
[dprof] phase                    ms        %      calls
[dprof] hc_pre  (attn)         1.81     1.7%         43
[dprof] rmsnorm (attn)         0.77     0.7%         43
[dprof] ATTENTION             57.51    55.1%         43
[dprof] hc_post (attn)         0.32     0.3%         43
[dprof] hc_pre  (ffn)          2.73     2.6%         43
[dprof] rmsnorm (ffn)          0.74     0.7%         43
[dprof] MoE                   35.16    33.7%         43
[dprof] hc_post (ffn)          0.27     0.3%         43
[dprof] kv xin copy            0.26     0.3%         41
[dprof] hc_head+norm           0.03     0.0%          1
[dprof] lm_head                4.72     4.5%          1
[dprof]   attn:q_proj          0.48     0.5%          2
[dprof]   attn:kv_write        0.08     0.1%          2
[dprof]   attn:sparse          0.33     0.3%          2
[dprof]   attn:ogroup          0.75     0.7%          2
[dprof]   cattn:q_proj        14.75    14.1%         41
[dprof]   cattn:compress       2.51     2.4%         41
[dprof]   cattn:indexer        3.97     3.8%         21
[dprof]   cattn:sparse        14.47    13.9%         41
[dprof]   cattn:ogroup        15.56    14.9%         41
[dprof]   moe:router           1.88     1.8%         46
[dprof]   moe:group            1.89     1.8%         46
[dprof]   moe:w1w3            22.79    21.8%         46
[dprof]   moe:act              1.50     1.4%         46
[dprof]   moe:w2              10.28     9.9%         46
[dprof]   moe:combine          0.51     0.5%         46
[dprof]   moe:shared           0.25     0.2%         46
[dprof]     q:aq(x)            0.37     0.4%         41
[dprof]     q:wq_a             5.64     5.4%         41
[dprof]     q:rms+aq           0.98     0.9%         41
[dprof]     q:wq_b             6.79     6.5%         41
[dprof]     q:tail             0.51     0.5%         41
[dprof]     q:kv_join          0.06     0.1%         41
[dprof]     o:rope             0.26     0.2%         41
[dprof]     o:wo_a             7.79     7.5%         41
[dprof]     o:wo_b             7.32     7.0%         41
[dprof]     i:qidx             1.54     1.5%         21
[dprof]     i:iw               0.45     0.4%         21
[dprof]     i:score            1.12     1.1%         21
[dprof]     i:topk             0.71     0.7%         21
[dprof]       mg:count         0.21     0.2%         46
[dprof]       mg:prefix        0.24     0.2%         46
[dprof]       mg:scatter       0.26     0.2%         46
[dprof]       mg:tiles         0.26     0.2%         46
[dprof] draft:main_kv          0.13     0.1%          1
[dprof] draft:block           12.10    11.6%          1
[dprof] draft:head            10.23     9.8%          1
[dprof] TOTAL                104.33
[dprof] *** INVALID: moe children 39.09 ms > MoE 35.16 ms — marks recorded outside the reported window

[dprof] ctx=6235 VB=2 verify=60 — verify step by sub-op, summed over all layers (1542 marks)
[dprof] phase                    ms        %      calls
[dprof] hc_pre  (attn)         1.81     1.7%         43
[dprof] rmsnorm (attn)         0.76     0.7%         43
[dprof] ATTENTION             57.32    54.8%         43
[dprof] hc_post (attn)         0.32     0.3%         43
[dprof] hc_pre  (ffn)          2.80     2.7%         43
[dprof] rmsnorm (ffn)          0.76     0.7%         43
[dprof] MoE                   35.54    34.0%         43
[dprof] hc_post (ffn)          0.27     0.3%         43
[dprof] kv xin copy            0.22     0.2%         41
[dprof] hc_head+norm           0.03     0.0%          1
[dprof] lm_head                4.71     4.5%          1
[dprof]   attn:q_proj          0.45     0.4%          2
[dprof]   attn:kv_write        0.08     0.1%          2
[dprof]   attn:sparse          0.32     0.3%          2
[dprof]   attn:ogroup          0.78     0.7%          2
[dprof]   cattn:q_proj        14.75    14.1%         41
[dprof]   cattn:compress       2.47     2.4%         41
[dprof]   cattn:indexer        3.95     3.8%         21
[dprof]   cattn:sparse        14.47    13.8%         41
[dprof]   cattn:ogroup        15.44    14.8%         41
[dprof]   moe:router           1.90     1.8%         46
[dprof]   moe:group            2.00     1.9%         46
[dprof]   moe:w1w3            22.70    21.7%         46
[dprof]   moe:act              1.51     1.4%         46
[dprof]   moe:w2              10.34     9.9%         46
[dprof]   moe:combine          0.52     0.5%         46
[dprof]   moe:shared           0.29     0.3%         46
[dprof]     q:aq(x)            0.43     0.4%         41
[dprof]     q:wq_a             5.62     5.4%         41
[dprof]     q:rms+aq           0.98     0.9%         41
[dprof]     q:wq_b             6.74     6.4%         41
[dprof]     q:tail             0.50     0.5%         41
[dprof]     q:kv_join          0.05     0.1%         41
[dprof]     o:rope             0.23     0.2%         41
[dprof]     o:wo_a             7.65     7.3%         41
[dprof]     o:wo_b             7.35     7.0%         41
[dprof]     i:qidx             1.52     1.5%         21
[dprof]     i:iw               0.42     0.4%         21
[dprof]     i:score            1.11     1.1%         21
[dprof]     i:topk             0.73     0.7%         21
[dprof]       mg:count         0.23     0.2%         46
[dprof]       mg:prefix        0.27     0.3%         46
[dprof]       mg:scatter       0.25     0.2%         46
[dprof]       mg:tiles         0.25     0.2%         46
[dprof] draft:main_kv          0.13     0.1%          1
[dprof] draft:block           12.11    11.6%          1
[dprof] draft:head            10.21     9.8%          1
[dprof] TOTAL                104.54
[dprof] *** INVALID: moe children 39.26 ms > MoE 35.54 ms — marks recorded outside the reported window

[dprof] ctx=6245 VB=2 verify=64 — verify step by sub-op, summed over all layers (1542 marks)
[dprof] phase                    ms        %      calls
[dprof] hc_pre  (attn)         1.82     1.8%         43
[dprof] rmsnorm (attn)         0.77     0.8%         43
[dprof] ATTENTION             51.33    51.5%         43
[dprof] hc_post (attn)         0.33     0.3%         43
[dprof] hc_pre  (ffn)          2.76     2.8%         43
[dprof] rmsnorm (ffn)          0.78     0.8%         43
[dprof] MoE                   36.28    36.4%         43
[dprof] hc_post (ffn)          0.27     0.3%         43
[dprof] kv xin copy            0.23     0.2%         41
[dprof] hc_head+norm           0.04     0.0%          1
[dprof] lm_head                5.00     5.0%          1
[dprof]   attn:q_proj          0.46     0.5%          2
[dprof]   attn:kv_write        0.08     0.1%          2
[dprof]   attn:sparse          0.32     0.3%          2
[dprof]   attn:ogroup          0.73     0.7%          2
[dprof]   cattn:q_proj        10.16    10.2%         41
[dprof]   cattn:compress       0.04     0.0%         41
[dprof]   cattn:indexer        4.00     4.0%         21
[dprof]   cattn:sparse        14.46    14.5%         41
[dprof]   cattn:ogroup        15.68    15.7%         41
[dprof]   moe:router           1.92     1.9%         46
[dprof]   moe:group            1.92     1.9%         46
[dprof]   moe:w1w3            23.57    23.7%         46
[dprof]   moe:act              1.50     1.5%         46
[dprof]   moe:w2              10.62    10.7%         46
[dprof]   moe:combine          0.52     0.5%         46
[dprof]   moe:shared           0.26     0.3%         46
[dprof]     q:aq(x)            0.23     0.2%         41
[dprof]     q:wq_a             1.64     1.6%         41
[dprof]     q:rms+aq           0.58     0.6%         41
[dprof]     q:wq_b             6.80     6.8%         41
[dprof]     q:tail             0.49     0.5%         41
[dprof]     q:kv_join          0.05     0.1%         41
[dprof]     o:rope             0.24     0.2%         41
[dprof]     o:wo_a             7.73     7.8%         41
[dprof]     o:wo_b             7.48     7.5%         41
[dprof]     i:qidx             1.55     1.6%         21
[dprof]     i:iw               0.45     0.5%         21
[dprof]     i:score            1.12     1.1%         21
[dprof]     i:topk             0.74     0.7%         21
[dprof]       mg:count         0.22     0.2%         46
[dprof]       mg:prefix        0.25     0.2%         46
[dprof]       mg:scatter       0.24     0.2%         46
[dprof]       mg:tiles         0.27     0.3%         46
[dprof] draft:main_kv          0.13     0.1%          1
[dprof] draft:block           12.32    12.4%          1
[dprof] draft:head            10.32    10.4%          1
[dprof] TOTAL                 99.62
[dprof] *** INVALID: moe children 40.31 ms > MoE 36.28 ms — marks recorded outside the reported window

[dprof] ctx=6251 VB=2 verify=68 — verify step by sub-op, summed over all layers (1542 marks)
[dprof] phase                    ms        %      calls
[dprof] hc_pre  (attn)         1.83     1.7%         43
[dprof] rmsnorm (attn)         0.76     0.7%         43
[dprof] ATTENTION             57.54    54.9%         43
[dprof] hc_post (attn)         0.33     0.3%         43
[dprof] hc_pre  (ffn)          2.76     2.6%         43
[dprof] rmsnorm (ffn)          0.74     0.7%         43
[dprof] MoE                   35.53    33.9%         43
[dprof] hc_post (ffn)          0.29     0.3%         43
[dprof] kv xin copy            0.23     0.2%         41
[dprof] hc_head+norm           0.03     0.0%          1
[dprof] lm_head                4.72     4.5%          1
[dprof]   attn:q_proj          0.46     0.4%          2
[dprof]   attn:kv_write        0.09     0.1%          2
[dprof]   attn:sparse          0.34     0.3%          2
[dprof]   attn:ogroup          0.76     0.7%          2
[dprof]   cattn:q_proj        14.71    14.0%         41
[dprof]   cattn:compress       2.49     2.4%         41
[dprof]   cattn:indexer        3.94     3.8%         21
[dprof]   cattn:sparse        14.48    13.8%         41
[dprof]   cattn:ogroup        15.72    15.0%         41
[dprof]   moe:router           1.91     1.8%         46
[dprof]   moe:group            1.92     1.8%         46
[dprof]   moe:w1w3            23.02    22.0%         46
[dprof]   moe:act              1.52     1.5%         46
[dprof]   moe:w2              10.43    10.0%         46
[dprof]   moe:combine          0.50     0.5%         46
[dprof]   moe:shared           0.26     0.2%         46
[dprof]     q:aq(x)            0.37     0.4%         41
[dprof]     q:wq_a             5.67     5.4%         41
[dprof]     q:rms+aq           1.00     1.0%         41
[dprof]     q:wq_b             6.70     6.4%         41
[dprof]     q:tail             0.50     0.5%         41
[dprof]     q:kv_join          0.06     0.1%         41
[dprof]     o:rope             0.23     0.2%         41
[dprof]     o:wo_a             7.89     7.5%         41
[dprof]     o:wo_b             7.39     7.1%         41
[dprof]     i:qidx             1.53     1.5%         21
[dprof]     i:iw               0.45     0.4%         21
[dprof]     i:score            1.14     1.1%         21
[dprof]     i:topk             0.68     0.6%         21
[dprof]       mg:count         0.22     0.2%         46
[dprof]       mg:prefix        0.25     0.2%         46
[dprof]       mg:scatter       0.25     0.2%         46
[dprof]       mg:tiles         0.25     0.2%         46
[dprof] draft:main_kv          0.13     0.1%          1
[dprof] draft:block           12.25    11.7%          1
[dprof] draft:head            10.26     9.8%          1
[dprof] TOTAL                104.76
[dprof] *** INVALID: moe children 39.55 ms > MoE 35.53 ms — marks recorded outside the reported window

[dprof] ctx=6255 VB=2 verify=72 — verify step by sub-op, summed over all layers (1542 marks)
[dprof] phase                    ms        %      calls
[dprof] hc_pre  (attn)         1.82     1.7%         43
[dprof] rmsnorm (attn)         0.79     0.7%         43
[dprof] ATTENTION             57.46    54.3%         43
[dprof] hc_post (attn)         0.35     0.3%         43
[dprof] hc_pre  (ffn)          2.77     2.6%         43
[dprof] rmsnorm (ffn)          0.77     0.7%         43
[dprof] MoE                   36.51    34.5%         43
[dprof] hc_post (ffn)          0.29     0.3%         43
[dprof] kv xin copy            0.25     0.2%         41
[dprof] hc_head+norm           0.03     0.0%          1
[dprof] lm_head                4.72     4.5%          1
[dprof]   attn:q_proj          0.45     0.4%          2
[dprof]   attn:kv_write        0.08     0.1%          2
[dprof]   attn:sparse          0.32     0.3%          2
[dprof]   attn:ogroup          0.73     0.7%          2
[dprof]   cattn:q_proj        14.88    14.1%         41
[dprof]   cattn:compress       2.46     2.3%         41
[dprof]   cattn:indexer        3.89     3.7%         21
[dprof]   cattn:sparse        14.50    13.7%         41
[dprof]   cattn:ogroup        15.68    14.8%         41
[dprof]   moe:router           1.93     1.8%         46
[dprof]   moe:group            1.96     1.9%         46
[dprof]   moe:w1w3            23.58    22.3%         46
[dprof]   moe:act              1.50     1.4%         46
[dprof]   moe:w2              10.64    10.1%         46
[dprof]   moe:combine          0.51     0.5%         46
[dprof]   moe:shared           0.26     0.2%         46
[dprof]     q:aq(x)            0.27     0.3%         41
[dprof]     q:wq_a             5.80     5.5%         41
[dprof]     q:rms+aq           1.03     1.0%         41
[dprof]     q:wq_b             6.74     6.4%         41
[dprof]     q:tail             0.51     0.5%         41
[dprof]     q:kv_join          0.07     0.1%         41
[dprof]     o:rope             0.26     0.2%         41
[dprof]     o:wo_a             7.80     7.4%         41
[dprof]     o:wo_b             7.42     7.0%         41
[dprof]     i:qidx             1.51     1.4%         21
[dprof]     i:iw               0.42     0.4%         21
[dprof]     i:score            1.10     1.0%         21
[dprof]     i:topk             0.72     0.7%         21
[dprof]       mg:count         0.23     0.2%         46
[dprof]       mg:prefix        0.25     0.2%         46
[dprof]       mg:scatter       0.24     0.2%         46
[dprof]       mg:tiles         0.25     0.2%         46
[dprof] draft:main_kv          0.13     0.1%          1
[dprof] draft:block           12.22    11.6%          1
[dprof] draft:head            10.21     9.7%          1
[dprof] TOTAL                105.76
[dprof] *** INVALID: moe children 40.38 ms > MoE 36.51 ms — marks recorded outside the reported window

[dprof] ctx=6131 VB=3 verify=0 — verify step by sub-op, summed over all layers (1542 marks)
[dprof] phase                    ms        %      calls
[dprof] hc_pre  (attn)         2.10     1.8%         43
[dprof] rmsnorm (attn)         0.75     0.6%         43
[dprof] ATTENTION             59.41    50.6%         43
[dprof] hc_post (attn)         0.35     0.3%         43
[dprof] hc_pre  (ffn)          2.82     2.4%         43
[dprof] rmsnorm (ffn)          0.74     0.6%         43
[dprof] MoE                   45.83    39.0%         43
[dprof] hc_post (ffn)          0.36     0.3%         43
[dprof] kv xin copy            0.22     0.2%         41
[dprof] hc_head+norm           0.03     0.0%          1
[dprof] lm_head                4.76     4.1%          1
[dprof]   attn:q_proj          0.45     0.4%          2
[dprof]   attn:kv_write        0.08     0.1%          2
[dprof]   attn:sparse          0.33     0.3%          2
[dprof]   attn:ogroup          0.75     0.6%          2
[dprof]   cattn:q_proj        14.91    12.7%         41
[dprof]   cattn:compress       2.46     2.1%         41
[dprof]   cattn:indexer        4.15     3.5%         21
[dprof]   cattn:sparse        15.81    13.5%         41
[dprof]   cattn:ogroup        15.99    13.6%         41
[dprof]   moe:router           1.96     1.7%         46
[dprof]   moe:group            2.03     1.7%         46
[dprof]   moe:w1w3            29.24    24.9%         46
[dprof]   moe:act              1.52     1.3%         46
[dprof]   moe:w2              13.95    11.9%         46
[dprof]   moe:combine          0.61     0.5%         46
[dprof]   moe:shared           0.26     0.2%         46
[dprof]     q:aq(x)            0.39     0.3%         41
[dprof]     q:wq_a             5.68     4.8%         41
[dprof]     q:rms+aq           0.93     0.8%         41
[dprof]     q:wq_b             6.84     5.8%         41
[dprof]     q:tail             0.54     0.5%         41
[dprof]     q:kv_join          0.06     0.1%         41
[dprof]     o:rope             0.25     0.2%         41
[dprof]     o:wo_a             8.01     6.8%         41
[dprof]     o:wo_b             7.50     6.4%         41
[dprof]     i:qidx             1.58     1.3%         21
[dprof]     i:iw               0.57     0.5%         21
[dprof]     i:score            1.14     1.0%         21
[dprof]     i:topk             0.71     0.6%         21
[dprof]       mg:count         0.22     0.2%         46
[dprof]       mg:prefix        0.24     0.2%         46
[dprof]       mg:scatter       0.24     0.2%         46
[dprof]       mg:tiles         0.25     0.2%         46
[dprof] draft:main_kv          0.01     0.0%          1
[dprof] draft:block           11.99    10.2%          1
[dprof] draft:head            10.29     8.8%          1
[dprof] TOTAL                117.40
[dprof] *** INVALID: moe children 49.56 ms > MoE 45.83 ms — marks recorded outside the reported window

[dprof] ctx=6140 VB=2 verify=4 — verify step by sub-op, summed over all layers (1542 marks)
[dprof] phase                    ms        %      calls
[dprof] hc_pre  (attn)         1.83     1.9%         43
[dprof] rmsnorm (attn)         0.74     0.8%         43
[dprof] ATTENTION             50.82    51.7%         43
[dprof] hc_post (attn)         0.31     0.3%         43
[dprof] hc_pre  (ffn)          2.77     2.8%         43
[dprof] rmsnorm (ffn)          0.75     0.8%         43
[dprof] MoE                   35.59    36.2%         43
[dprof] hc_post (ffn)          0.29     0.3%         43
[dprof] kv xin copy            0.22     0.2%         41
[dprof] hc_head+norm           0.03     0.0%          1
[dprof] lm_head                5.00     5.1%          1
[dprof]   attn:q_proj          0.48     0.5%          2
[dprof]   attn:kv_write        0.10     0.1%          2
[dprof]   attn:sparse          0.33     0.3%          2
[dprof]   attn:ogroup          0.73     0.7%          2
[dprof]   cattn:q_proj        10.18    10.3%         41
[dprof]   cattn:compress       0.04     0.0%         41
[dprof]   cattn:indexer        3.80     3.9%         21
[dprof]   cattn:sparse        14.43    14.7%         41
[dprof]   cattn:ogroup        15.52    15.8%         41
[dprof]   moe:router           1.94     2.0%         46
[dprof]   moe:group            2.03     2.1%         46
[dprof]   moe:w1w3            23.01    23.4%         46
[dprof]   moe:act              1.59     1.6%         46
[dprof]   moe:w2              10.39    10.6%         46
[dprof]   moe:combine          0.52     0.5%         46
[dprof]   moe:shared           0.28     0.3%         46
[dprof]     q:aq(x)            0.23     0.2%         41
[dprof]     q:wq_a             1.67     1.7%         41
[dprof]     q:rms+aq           0.59     0.6%         41
[dprof]     q:wq_b             6.74     6.9%         41
[dprof]     q:tail             0.49     0.5%         41
[dprof]     q:kv_join          0.05     0.0%         41
[dprof]     o:rope             0.24     0.2%         41
[dprof]     o:wo_a             7.66     7.8%         41
[dprof]     o:wo_b             7.41     7.5%         41
[dprof]     i:qidx             1.52     1.5%         21
[dprof]     i:iw               0.43     0.4%         21
[dprof]     i:score            1.02     1.0%         21
[dprof]     i:topk             0.70     0.7%         21
[dprof]       mg:count         0.23     0.2%         46
[dprof]       mg:prefix        0.26     0.3%         46
[dprof]       mg:scatter       0.27     0.3%         46
[dprof]       mg:tiles         0.27     0.3%         46
[dprof] draft:main_kv          0.13     0.1%          1
[dprof] draft:block           12.40    12.6%          1
[dprof] draft:head            10.25    10.4%          1
[dprof] TOTAL                 98.35
[dprof] *** INVALID: moe children 39.75 ms > MoE 35.59 ms — marks recorded outside the reported window

[dprof] ctx=6150 VB=4 verify=8 — verify step by sub-op, summed over all layers (1542 marks)
[dprof] phase                    ms        %      calls
[dprof] hc_pre  (attn)         2.38     1.8%         43
[dprof] rmsnorm (attn)         0.73     0.6%         43
[dprof] ATTENTION             62.08    47.8%         43
[dprof] hc_post (attn)         0.43     0.3%         43
[dprof] hc_pre  (ffn)          2.99     2.3%         43
[dprof] rmsnorm (ffn)          0.75     0.6%         43
[dprof] MoE                   54.42    41.9%         43
[dprof] hc_post (ffn)          0.37     0.3%         43
[dprof] kv xin copy            0.23     0.2%         41
[dprof] hc_head+norm           0.04     0.0%          1
[dprof] lm_head                5.49     4.2%          1
[dprof]   attn:q_proj          0.47     0.4%          2
[dprof]   attn:kv_write        0.08     0.1%          2
[dprof]   attn:sparse          0.35     0.3%          2
[dprof]   attn:ogroup          0.87     0.7%          2
[dprof]   cattn:q_proj        14.76    11.4%         41
[dprof]   cattn:compress       2.42     1.9%         41
[dprof]   cattn:indexer        4.59     3.5%         21
[dprof]   cattn:sparse        17.03    13.1%         41
[dprof]   cattn:ogroup        17.18    13.2%         41
[dprof]   moe:router           1.97     1.5%         46
[dprof]   moe:group            2.16     1.7%         46
[dprof]   moe:w1w3            34.67    26.7%         46
[dprof]   moe:act              1.56     1.2%         46
[dprof]   moe:w2              17.05    13.1%         46
[dprof]   moe:combine          0.62     0.5%         46
[dprof]   moe:shared           0.27     0.2%         46
[dprof]     q:aq(x)            0.37     0.3%         41
[dprof]     q:wq_a             5.54     4.3%         41
[dprof]     q:rms+aq           0.83     0.6%         41
[dprof]     q:wq_b             6.89     5.3%         41
[dprof]     q:tail             0.62     0.5%         41
[dprof]     q:kv_join          0.05     0.0%         41
[dprof]     o:rope             0.26     0.2%         41
[dprof]     o:wo_a             8.91     6.9%         41
[dprof]     o:wo_b             7.78     6.0%         41
[dprof]     i:qidx             1.74     1.3%         21
[dprof]     i:iw               0.60     0.5%         21
[dprof]     i:score            1.35     1.0%         21
[dprof]     i:topk             0.75     0.6%         21
[dprof]       mg:count         0.24     0.2%         46
[dprof]       mg:prefix        0.27     0.2%         46
[dprof]       mg:scatter       0.24     0.2%         46
[dprof]       mg:tiles         0.25     0.2%         46
[dprof] draft:main_kv          0.13     0.1%          1
[dprof] draft:block           12.09     9.3%          1
[dprof] draft:head            10.22     7.9%          1
[dprof] TOTAL                129.91
[dprof] *** INVALID: moe children 58.30 ms > MoE 54.42 ms — marks recorded outside the reported window

[dprof] ctx=6155 VB=3 verify=12 — verify step by sub-op, summed over all layers (1542 marks)
[dprof] phase                    ms        %      calls
[dprof] hc_pre  (attn)         2.07     1.8%         43
[dprof] rmsnorm (attn)         0.75     0.6%         43
[dprof] ATTENTION             59.54    51.2%         43
[dprof] hc_post (attn)         0.37     0.3%         43
[dprof] hc_pre  (ffn)          2.86     2.5%         43
[dprof] rmsnorm (ffn)          0.76     0.7%         43
[dprof] MoE                   44.34    38.2%         43
[dprof] hc_post (ffn)          0.34     0.3%         43
[dprof] kv xin copy            0.23     0.2%         41
[dprof] hc_head+norm           0.03     0.0%          1
[dprof] lm_head                4.92     4.2%          1
[dprof]   attn:q_proj          0.46     0.4%          2
[dprof]   attn:kv_write        0.08     0.1%          2
[dprof]   attn:sparse          0.34     0.3%          2
[dprof]   attn:ogroup          0.85     0.7%          2
[dprof]   cattn:q_proj        14.96    12.9%         41
[dprof]   cattn:compress       2.38     2.0%         41
[dprof]   cattn:indexer        4.16     3.6%         21
[dprof]   cattn:sparse        15.85    13.6%         41
[dprof]   cattn:ogroup        16.07    13.8%         41
[dprof]   moe:router           1.94     1.7%         46
[dprof]   moe:group            2.02     1.7%         46
[dprof]   moe:w1w3            28.44    24.5%         46
[dprof]   moe:act              1.49     1.3%         46
[dprof]   moe:w2              13.69    11.8%         46
[dprof]   moe:combine          0.56     0.5%         46
[dprof]   moe:shared           0.25     0.2%         46
[dprof]     q:aq(x)            0.40     0.3%         41
[dprof]     q:wq_a             5.70     4.9%         41
[dprof]     q:rms+aq           0.92     0.8%         41
[dprof]     q:wq_b             6.84     5.9%         41
[dprof]     q:tail             0.56     0.5%         41
[dprof]     q:kv_join          0.07     0.1%         41
[dprof]     o:rope             0.24     0.2%         41
[dprof]     o:wo_a             8.01     6.9%         41
[dprof]     o:wo_b             7.60     6.5%         41
[dprof]     i:qidx             1.57     1.3%         21
[dprof]     i:iw               0.55     0.5%         21
[dprof]     i:score            1.15     1.0%         21
[dprof]     i:topk             0.77     0.7%         21
[dprof]       mg:count         0.23     0.2%         46
[dprof]       mg:prefix        0.25     0.2%         46
[dprof]       mg:scatter       0.24     0.2%         46
[dprof]       mg:tiles         0.25     0.2%         46
[dprof] draft:main_kv          0.13     0.1%          1
[dprof] draft:block           12.30    10.6%          1
[dprof] draft:head            10.25     8.8%          1
[dprof] TOTAL                116.22
[dprof] *** INVALID: moe children 48.38 ms > MoE 44.34 ms — marks recorded outside the reported window

[dprof] ctx=6162 VB=2 verify=16 — verify step by sub-op, summed over all layers (1542 marks)
[dprof] phase                    ms        %      calls
[dprof] hc_pre  (attn)         1.82     1.7%         43
[dprof] rmsnorm (attn)         0.76     0.7%         43
[dprof] ATTENTION             56.93    54.6%         43
[dprof] hc_post (attn)         0.34     0.3%         43
[dprof] hc_pre  (ffn)          2.81     2.7%         43
[dprof] rmsnorm (ffn)          0.76     0.7%         43
[dprof] MoE                   35.35    33.9%         43
[dprof] hc_post (ffn)          0.27     0.3%         43
[dprof] kv xin copy            0.23     0.2%         41
[dprof] hc_head+norm           0.03     0.0%          1
[dprof] lm_head                5.02     4.8%          1
[dprof]   attn:q_proj          0.45     0.4%          2
[dprof]   attn:kv_write        0.08     0.1%          2
[dprof]   attn:sparse          0.32     0.3%          2
[dprof]   attn:ogroup          0.72     0.7%          2
[dprof]   cattn:q_proj        14.63    14.0%         41
[dprof]   cattn:compress       2.48     2.4%         41
[dprof]   cattn:indexer        3.83     3.7%         21
[dprof]   cattn:sparse        14.50    13.9%         41
[dprof]   cattn:ogroup        15.55    14.9%         41
[dprof]   moe:router           1.95     1.9%         46
[dprof]   moe:group            1.91     1.8%         46
[dprof]   moe:w1w3            22.89    21.9%         46
[dprof]   moe:act              1.55     1.5%         46
[dprof]   moe:w2              10.32     9.9%         46
[dprof]   moe:combine          0.50     0.5%         46
[dprof]   moe:shared           0.24     0.2%         46
[dprof]     q:aq(x)            0.37     0.4%         41
[dprof]     q:wq_a             5.44     5.2%         41
[dprof]     q:rms+aq           0.99     0.9%         41
[dprof]     q:wq_b             6.78     6.5%         41
[dprof]     q:tail             0.51     0.5%         41
[dprof]     q:kv_join          0.05     0.1%         41
[dprof]     o:rope             0.24     0.2%         41
[dprof]     o:wo_a             7.65     7.3%         41
[dprof]     o:wo_b             7.44     7.1%         41
[dprof]     i:qidx             1.50     1.4%         21
[dprof]     i:iw               0.43     0.4%         21
[dprof]     i:score            1.08     1.0%         21
[dprof]     i:topk             0.69     0.7%         21
[dprof]       mg:count         0.22     0.2%         46
[dprof]       mg:prefix        0.24     0.2%         46
[dprof]       mg:scatter       0.24     0.2%         46
[dprof]       mg:tiles         0.25     0.2%         46
[dprof] draft:main_kv          0.13     0.1%          1
[dprof] draft:block           12.36    11.9%          1
[dprof] draft:head            10.31     9.9%          1
[dprof] TOTAL                104.32
[dprof] *** INVALID: moe children 39.37 ms > MoE 35.35 ms — marks recorded outside the reported window

[dprof] ctx=6167 VB=2 verify=20 — verify step by sub-op, summed over all layers (1542 marks)
[dprof] phase                    ms        %      calls
[dprof] hc_pre  (attn)         1.82     1.8%         43
[dprof] rmsnorm (attn)         0.78     0.8%         43
[dprof] ATTENTION             57.01    55.3%         43
[dprof] hc_post (attn)         0.31     0.3%         43
[dprof] hc_pre  (ffn)          2.79     2.7%         43
[dprof] rmsnorm (ffn)          0.76     0.7%         43
[dprof] MoE                   34.35    33.3%         43
[dprof] hc_post (ffn)          0.27     0.3%         43
[dprof] kv xin copy            0.23     0.2%         41
[dprof] hc_head+norm           0.03     0.0%          1
[dprof] lm_head                4.71     4.6%          1
[dprof]   attn:q_proj          0.45     0.4%          2
[dprof]   attn:kv_write        0.08     0.1%          2
[dprof]   attn:sparse          0.32     0.3%          2
[dprof]   attn:ogroup          0.73     0.7%          2
[dprof]   cattn:q_proj        14.78    14.3%         41
[dprof]   cattn:compress       2.46     2.4%         41
[dprof]   cattn:indexer        3.80     3.7%         21
[dprof]   cattn:sparse        14.46    14.0%         41
[dprof]   cattn:ogroup        15.47    15.0%         41
[dprof]   moe:router           1.96     1.9%         46
[dprof]   moe:group            1.86     1.8%         46
[dprof]   moe:w1w3            22.23    21.6%         46
[dprof]   moe:act              1.49     1.4%         46
[dprof]   moe:w2              10.09     9.8%         46
[dprof]   moe:combine          0.51     0.5%         46
[dprof]   moe:shared           0.26     0.2%         46
[dprof]     q:aq(x)            0.27     0.3%         41
[dprof]     q:wq_a             5.73     5.6%         41
[dprof]     q:rms+aq           1.01     1.0%         41
[dprof]     q:wq_b             6.77     6.6%         41
[dprof]     q:tail             0.49     0.5%         41
[dprof]     q:kv_join          0.07     0.1%         41
[dprof]     o:rope             0.25     0.2%         41
[dprof]     o:wo_a             7.71     7.5%         41
[dprof]     o:wo_b             7.33     7.1%         41
[dprof]     i:qidx             1.50     1.5%         21
[dprof]     i:iw               0.43     0.4%         21
[dprof]     i:score            1.08     1.0%         21
[dprof]     i:topk             0.67     0.7%         21
[dprof]       mg:count         0.22     0.2%         46
[dprof]       mg:prefix        0.24     0.2%         46
[dprof]       mg:scatter       0.24     0.2%         46
[dprof]       mg:tiles         0.24     0.2%         46
[dprof] draft:main_kv          0.13     0.1%          1
[dprof] draft:block           12.26    11.9%          1
[dprof] draft:head            10.16     9.9%          1
[dprof] TOTAL                103.06
[dprof] *** INVALID: moe children 38.40 ms > MoE 34.35 ms — marks recorded outside the reported window

[dprof] ctx=6172 VB=3 verify=24 — verify step by sub-op, summed over all layers (1542 marks)
[dprof] phase                    ms        %      calls
[dprof] hc_pre  (attn)         2.10     1.9%         43
[dprof] rmsnorm (attn)         0.75     0.7%         43
[dprof] ATTENTION             52.94    48.0%         43
[dprof] hc_post (attn)         0.32     0.3%         43
[dprof] hc_pre  (ffn)          2.84     2.6%         43
[dprof] rmsnorm (ffn)          0.74     0.7%         43
[dprof] MoE                   44.87    40.7%         43
[dprof] hc_post (ffn)          0.36     0.3%         43
[dprof] kv xin copy            0.24     0.2%         41
[dprof] hc_head+norm           0.04     0.0%          1
[dprof] lm_head                5.16     4.7%          1
[dprof]   attn:q_proj          0.45     0.4%          2
[dprof]   attn:kv_write        0.08     0.1%          2
[dprof]   attn:sparse          0.33     0.3%          2
[dprof]   attn:ogroup          0.76     0.7%          2
[dprof]   cattn:q_proj        10.05     9.1%         41
[dprof]   cattn:compress       0.04     0.0%         41
[dprof]   cattn:indexer        4.11     3.7%         21
[dprof]   cattn:sparse        15.82    14.3%         41
[dprof]   cattn:ogroup        16.03    14.5%         41
[dprof]   moe:router           1.90     1.7%         46
[dprof]   moe:group            2.03     1.8%         46
[dprof]   moe:w1w3            28.62    25.9%         46
[dprof]   moe:act              1.49     1.4%         46
[dprof]   moe:w2              13.75    12.5%         46
[dprof]   moe:combine          0.60     0.5%         46
[dprof]   moe:shared           0.26     0.2%         46
[dprof]     q:aq(x)            0.23     0.2%         41
[dprof]     q:wq_a             1.66     1.5%         41
[dprof]     q:rms+aq           0.57     0.5%         41
[dprof]     q:wq_b             6.76     6.1%         41
[dprof]     q:tail             0.48     0.4%         41
[dprof]     q:kv_join          0.04     0.0%         41
[dprof]     o:rope             0.29     0.3%         41
[dprof]     o:wo_a             8.02     7.3%         41
[dprof]     o:wo_b             7.52     6.8%         41
[dprof]     i:qidx             1.59     1.4%         21
[dprof]     i:iw               0.54     0.5%         21
[dprof]     i:score            1.15     1.0%         21
[dprof]     i:topk             0.72     0.7%         21
[dprof]       mg:count         0.22     0.2%         46
[dprof]       mg:prefix        0.26     0.2%         46
[dprof]       mg:scatter       0.25     0.2%         46
[dprof]       mg:tiles         0.24     0.2%         46
[dprof] draft:main_kv          0.13     0.1%          1
[dprof] draft:block           12.08    10.9%          1
[dprof] draft:head            10.30     9.3%          1
[dprof] TOTAL                110.38
[dprof] *** INVALID: moe children 48.64 ms > MoE 44.87 ms — marks recorded outside the reported window

[dprof] ctx=6177 VB=3 verify=28 — verify step by sub-op, summed over all layers (1542 marks)
[dprof] phase                    ms        %      calls
[dprof] hc_pre  (attn)         2.07     1.8%         43
[dprof] rmsnorm (attn)         0.74     0.6%         43
[dprof] ATTENTION             59.09    51.7%         43
[dprof] hc_post (attn)         0.36     0.3%         43
[dprof] hc_pre  (ffn)          2.88     2.5%         43
[dprof] rmsnorm (ffn)          0.75     0.7%         43
[dprof] MoE                   42.69    37.4%         43
[dprof] hc_post (ffn)          0.36     0.3%         43
[dprof] kv xin copy            0.22     0.2%         41
[dprof] hc_head+norm           0.03     0.0%          1
[dprof] lm_head                5.09     4.5%          1
[dprof]   attn:q_proj          0.47     0.4%          2
[dprof]   attn:kv_write        0.08     0.1%          2
[dprof]   attn:sparse          0.36     0.3%          2
[dprof]   attn:ogroup          0.75     0.7%          2
[dprof]   cattn:q_proj        14.53    12.7%         41
[dprof]   cattn:compress       2.43     2.1%         41
[dprof]   cattn:indexer        4.15     3.6%         21
[dprof]   cattn:sparse        15.84    13.9%         41
[dprof]   cattn:ogroup        16.07    14.1%         41
[dprof]   moe:router           1.91     1.7%         46
[dprof]   moe:group            2.05     1.8%         46
[dprof]   moe:w1w3            27.26    23.9%         46
[dprof]   moe:act              1.40     1.2%         46
[dprof]   moe:w2              13.21    11.6%         46
[dprof]   moe:combine          0.57     0.5%         46
[dprof]   moe:shared           0.25     0.2%         46
[dprof]     q:aq(x)            0.37     0.3%         41
[dprof]     q:wq_a             5.42     4.7%         41
[dprof]     q:rms+aq           0.92     0.8%         41
[dprof]     q:wq_b             6.83     6.0%         41
[dprof]     q:tail             0.51     0.4%         41
[dprof]     q:kv_join          0.06     0.1%         41
[dprof]     o:rope             0.25     0.2%         41
[dprof]     o:wo_a             8.02     7.0%         41
[dprof]     o:wo_b             7.58     6.6%         41
[dprof]     i:qidx             1.60     1.4%         21
[dprof]     i:iw               0.54     0.5%         21
[dprof]     i:score            1.16     1.0%         21
[dprof]     i:topk             0.73     0.6%         21
[dprof]       mg:count         0.22     0.2%         46
[dprof]       mg:prefix        0.26     0.2%         46
[dprof]       mg:scatter       0.27     0.2%         46
[dprof]       mg:tiles         0.26     0.2%         46
[dprof] draft:main_kv          0.13     0.1%          1
[dprof] draft:block           12.09    10.6%          1
[dprof] draft:head            10.21     8.9%          1
[dprof] TOTAL                114.30
[dprof] *** INVALID: moe children 46.66 ms > MoE 42.69 ms — marks recorded outside the reported window

[dprof] ctx=6181 VB=2 verify=32 — verify step by sub-op, summed over all layers (1542 marks)
[dprof] phase                    ms        %      calls
[dprof] hc_pre  (attn)         1.85     1.9%         43
[dprof] rmsnorm (attn)         0.74     0.8%         43
[dprof] ATTENTION             50.89    52.8%         43
[dprof] hc_post (attn)         0.32     0.3%         43
[dprof] hc_pre  (ffn)          2.75     2.9%         43
[dprof] rmsnorm (ffn)          0.76     0.8%         43
[dprof] MoE                   33.40    34.7%         43
[dprof] hc_post (ffn)          0.27     0.3%         43
[dprof] kv xin copy            0.22     0.2%         41
[dprof] hc_head+norm           0.03     0.0%          1
[dprof] lm_head                5.12     5.3%          1
[dprof]   attn:q_proj          0.45     0.5%          2
[dprof]   attn:kv_write        0.08     0.1%          2
[dprof]   attn:sparse          0.32     0.3%          2
[dprof]   attn:ogroup          0.72     0.7%          2
[dprof]   cattn:q_proj        10.00    10.4%         41
[dprof]   cattn:compress       0.04     0.0%         41
[dprof]   cattn:indexer        3.91     4.1%         21
[dprof]   cattn:sparse        14.45    15.0%         41
[dprof]   cattn:ogroup        15.59    16.2%         41
[dprof]   moe:router           1.90     2.0%         46
[dprof]   moe:group            1.87     1.9%         46
[dprof]   moe:w1w3            21.41    22.2%         46
[dprof]   moe:act              1.48     1.5%         46
[dprof]   moe:w2               9.91    10.3%         46
[dprof]   moe:combine          0.50     0.5%         46
[dprof]   moe:shared           0.27     0.3%         46
[dprof]     q:aq(x)            0.23     0.2%         41
[dprof]     q:wq_a             1.65     1.7%         41
[dprof]     q:rms+aq           0.56     0.6%         41
[dprof]     q:wq_b             6.71     7.0%         41
[dprof]     q:tail             0.47     0.5%         41
[dprof]     q:kv_join          0.04     0.0%         41
[dprof]     o:rope             0.24     0.2%         41
[dprof]     o:wo_a             7.68     8.0%         41
[dprof]     o:wo_b             7.47     7.8%         41
[dprof]     i:qidx             1.55     1.6%         21
[dprof]     i:iw               0.43     0.4%         21
[dprof]     i:score            1.09     1.1%         21
[dprof]     i:topk             0.71     0.7%         21
[dprof]       mg:count         0.24     0.2%         46
[dprof]       mg:prefix        0.24     0.2%         46
[dprof]       mg:scatter       0.25     0.3%         46
[dprof]       mg:tiles         0.24     0.3%         46
[dprof] draft:main_kv          0.13     0.1%          1
[dprof] draft:block           12.08    12.5%          1
[dprof] draft:head            10.24    10.6%          1
[dprof] TOTAL                 96.35
[dprof] *** INVALID: moe children 37.35 ms > MoE 33.40 ms — marks recorded outside the reported window

[dprof] ctx=6186 VB=3 verify=36 — verify step by sub-op, summed over all layers (1542 marks)
[dprof] phase                    ms        %      calls
[dprof] hc_pre  (attn)         2.09     1.8%         43
[dprof] rmsnorm (attn)         0.75     0.6%         43
[dprof] ATTENTION             59.49    50.0%         43
[dprof] hc_post (attn)         0.37     0.3%         43
[dprof] hc_pre  (ffn)          2.87     2.4%         43
[dprof] rmsnorm (ffn)          0.75     0.6%         43
[dprof] MoE                   47.14    39.6%         43
[dprof] hc_post (ffn)          0.36     0.3%         43
[dprof] kv xin copy            0.23     0.2%         41
[dprof] hc_head+norm           0.03     0.0%          1
[dprof] lm_head                4.94     4.2%          1
[dprof]   attn:q_proj          0.45     0.4%          2
[dprof]   attn:kv_write        0.08     0.1%          2
[dprof]   attn:sparse          0.33     0.3%          2
[dprof]   attn:ogroup          0.76     0.6%          2
[dprof]   cattn:q_proj        14.71    12.4%         41
[dprof]   cattn:compress       2.50     2.1%         41
[dprof]   cattn:indexer        4.27     3.6%         21
[dprof]   cattn:sparse        15.83    13.3%         41
[dprof]   cattn:ogroup        15.93    13.4%         41
[dprof]   moe:router           1.92     1.6%         46
[dprof]   moe:group            2.01     1.7%         46
[dprof]   moe:w1w3            30.40    25.5%         46
[dprof]   moe:act              1.59     1.3%         46
[dprof]   moe:w2              14.32    12.0%         46
[dprof]   moe:combine          0.59     0.5%         46
[dprof]   moe:shared           0.26     0.2%         46
[dprof]     q:aq(x)            0.29     0.2%         41
[dprof]     q:wq_a             5.62     4.7%         41
[dprof]     q:rms+aq           0.93     0.8%         41
[dprof]     q:wq_b             6.81     5.7%         41
[dprof]     q:tail             0.54     0.5%         41
[dprof]     q:kv_join          0.06     0.1%         41
[dprof]     o:rope             0.24     0.2%         41
[dprof]     o:wo_a             7.99     6.7%         41
[dprof]     o:wo_b             7.50     6.3%         41
[dprof]     i:qidx             1.61     1.4%         21
[dprof]     i:iw               0.56     0.5%         21
[dprof]     i:score            1.21     1.0%         21
[dprof]     i:topk             0.75     0.6%         21
[dprof]       mg:count         0.22     0.2%         46
[dprof]       mg:prefix        0.24     0.2%         46
[dprof]       mg:scatter       0.24     0.2%         46
[dprof]       mg:tiles         0.26     0.2%         46
[dprof] draft:main_kv          0.13     0.1%          1
[dprof] draft:block           12.16    10.2%          1
[dprof] draft:head            10.27     8.6%          1
[dprof] TOTAL                119.02
[dprof] *** INVALID: moe children 51.10 ms > MoE 47.14 ms — marks recorded outside the reported window

[dprof] ctx=6194 VB=2 verify=40 — verify step by sub-op, summed over all layers (1542 marks)
[dprof] phase                    ms        %      calls
[dprof] hc_pre  (attn)         1.83     1.7%         43
[dprof] rmsnorm (attn)         0.77     0.7%         43
[dprof] ATTENTION             57.05    54.2%         43
[dprof] hc_post (attn)         0.32     0.3%         43
[dprof] hc_pre  (ffn)          2.75     2.6%         43
[dprof] rmsnorm (ffn)          0.74     0.7%         43
[dprof] MoE                   36.25    34.4%         43
[dprof] hc_post (ffn)          0.28     0.3%         43
[dprof] kv xin copy            0.24     0.2%         41
[dprof] hc_head+norm           0.03     0.0%          1
[dprof] lm_head                5.01     4.8%          1
[dprof]   attn:q_proj          0.49     0.5%          2
[dprof]   attn:kv_write        0.08     0.1%          2
[dprof]   attn:sparse          0.34     0.3%          2
[dprof]   attn:ogroup          0.74     0.7%          2
[dprof]   cattn:q_proj        14.48    13.8%         41
[dprof]   cattn:compress       2.48     2.4%         41
[dprof]   cattn:indexer        3.87     3.7%         21
[dprof]   cattn:sparse        14.50    13.8%         41
[dprof]   cattn:ogroup        15.66    14.9%         41
[dprof]   moe:router           1.91     1.8%         46
[dprof]   moe:group            1.90     1.8%         46
[dprof]   moe:w1w3            23.32    22.1%         46
[dprof]   moe:act              1.48     1.4%         46
[dprof]   moe:w2              10.80    10.3%         46
[dprof]   moe:combine          0.52     0.5%         46
[dprof]   moe:shared           0.26     0.2%         46
[dprof]     q:aq(x)            0.26     0.3%         41
[dprof]     q:wq_a             5.48     5.2%         41
[dprof]     q:rms+aq           1.02     1.0%         41
[dprof]     q:wq_b             6.74     6.4%         41
[dprof]     q:tail             0.48     0.5%         41
[dprof]     q:kv_join          0.05     0.1%         41
[dprof]     o:rope             0.25     0.2%         41
[dprof]     o:wo_a             7.79     7.4%         41
[dprof]     o:wo_b             7.40     7.0%         41
[dprof]     i:qidx             1.51     1.4%         21
[dprof]     i:iw               0.44     0.4%         21
[dprof]     i:score            1.09     1.0%         21
[dprof]     i:topk             0.71     0.7%         21
[dprof]       mg:count         0.21     0.2%         46
[dprof]       mg:prefix        0.23     0.2%         46
[dprof]       mg:scatter       0.25     0.2%         46
[dprof]       mg:tiles         0.26     0.2%         46
[dprof] draft:main_kv          0.13     0.1%          1
[dprof] draft:block           12.21    11.6%          1
[dprof] draft:head            10.16     9.6%          1
[dprof] TOTAL                105.29
[dprof] *** INVALID: moe children 40.19 ms > MoE 36.25 ms — marks recorded outside the reported window

[dprof] ctx=6202 VB=2 verify=44 — verify step by sub-op, summed over all layers (1542 marks)
[dprof] phase                    ms        %      calls
[dprof] hc_pre  (attn)         1.81     1.8%         43
[dprof] rmsnorm (attn)         0.75     0.7%         43
[dprof] ATTENTION             56.81    55.1%         43
[dprof] hc_post (attn)         0.33     0.3%         43
[dprof] hc_pre  (ffn)          2.77     2.7%         43
[dprof] rmsnorm (ffn)          0.75     0.7%         43
[dprof] MoE                   34.63    33.6%         43
[dprof] hc_post (ffn)          0.31     0.3%         43
[dprof] kv xin copy            0.24     0.2%         41
[dprof] hc_head+norm           0.03     0.0%          1
[dprof] lm_head                4.72     4.6%          1
[dprof]   attn:q_proj          0.46     0.4%          2
[dprof]   attn:kv_write        0.08     0.1%          2
[dprof]   attn:sparse          0.32     0.3%          2
[dprof]   attn:ogroup          0.79     0.8%          2
[dprof]   cattn:q_proj        14.43    14.0%         41
[dprof]   cattn:compress       2.47     2.4%         41
[dprof]   cattn:indexer        3.91     3.8%         21
[dprof]   cattn:sparse        14.48    14.0%         41
[dprof]   cattn:ogroup        15.48    15.0%         41
[dprof]   moe:router           1.95     1.9%         46
[dprof]   moe:group            1.89     1.8%         46
[dprof]   moe:w1w3            22.33    21.6%         46
[dprof]   moe:act              1.51     1.5%         46
[dprof]   moe:w2              10.13     9.8%         46
[dprof]   moe:combine          0.53     0.5%         46
[dprof]   moe:shared           0.27     0.3%         46
[dprof]     q:aq(x)            0.31     0.3%         41
[dprof]     q:wq_a             5.46     5.3%         41
[dprof]     q:rms+aq           1.00     1.0%         41
[dprof]     q:wq_b             6.71     6.5%         41
[dprof]     q:tail             0.48     0.5%         41
[dprof]     q:kv_join          0.06     0.1%         41
[dprof]     o:rope             0.23     0.2%         41
[dprof]     o:wo_a             7.67     7.4%         41
[dprof]     o:wo_b             7.37     7.1%         41
[dprof]     i:qidx             1.53     1.5%         21
[dprof]     i:iw               0.45     0.4%         21
[dprof]     i:score            1.08     1.1%         21
[dprof]     i:topk             0.71     0.7%         21
[dprof]       mg:count         0.22     0.2%         46
[dprof]       mg:prefix        0.24     0.2%         46
[dprof]       mg:scatter       0.25     0.2%         46
[dprof]       mg:tiles         0.24     0.2%         46
[dprof] draft:main_kv          0.17     0.2%          1
[dprof] draft:block           12.29    11.9%          1
[dprof] draft:head            10.21     9.9%          1
[dprof] TOTAL                103.16
[dprof] *** INVALID: moe children 38.60 ms > MoE 34.63 ms — marks recorded outside the reported window

[dprof] ctx=6211 VB=2 verify=48 — verify step by sub-op, summed over all layers (1542 marks)
[dprof] phase                    ms        %      calls
[dprof] hc_pre  (attn)         1.83     1.8%         43
[dprof] rmsnorm (attn)         0.79     0.8%         43
[dprof] ATTENTION             57.48    55.5%         43
[dprof] hc_post (attn)         0.32     0.3%         43
[dprof] hc_pre  (ffn)          2.77     2.7%         43
[dprof] rmsnorm (ffn)          0.76     0.7%         43
[dprof] MoE                   34.10    32.9%         43
[dprof] hc_post (ffn)          0.28     0.3%         43
[dprof] kv xin copy            0.26     0.3%         41
[dprof] hc_head+norm           0.03     0.0%          1
[dprof] lm_head                4.98     4.8%          1
[dprof]   attn:q_proj          0.46     0.4%          2
[dprof]   attn:kv_write        0.09     0.1%          2
[dprof]   attn:sparse          0.33     0.3%          2
[dprof]   attn:ogroup          0.74     0.7%          2
[dprof]   cattn:q_proj        14.83    14.3%         41
[dprof]   cattn:compress       2.47     2.4%         41
[dprof]   cattn:indexer        3.87     3.7%         21
[dprof]   cattn:sparse        14.48    14.0%         41
[dprof]   cattn:ogroup        15.62    15.1%         41
[dprof]   moe:router           1.93     1.9%         46
[dprof]   moe:group            1.91     1.8%         46
[dprof]   moe:w1w3            21.86    21.1%         46
[dprof]   moe:act              1.40     1.4%         46
[dprof]   moe:w2              10.07     9.7%         46
[dprof]   moe:combine          0.51     0.5%         46
[dprof]   moe:shared           0.24     0.2%         46
[dprof]     q:aq(x)            0.49     0.5%         41
[dprof]     q:wq_a             5.54     5.3%         41
[dprof]     q:rms+aq           0.99     1.0%         41
[dprof]     q:wq_b             6.79     6.6%         41
[dprof]     q:tail             0.51     0.5%         41
[dprof]     q:kv_join          0.07     0.1%         41
[dprof]     o:rope             0.26     0.2%         41
[dprof]     o:wo_a             7.80     7.5%         41
[dprof]     o:wo_b             7.36     7.1%         41
[dprof]     i:qidx             1.49     1.4%         21
[dprof]     i:iw               0.43     0.4%         21
[dprof]     i:score            1.09     1.1%         21
[dprof]     i:topk             0.74     0.7%         21
[dprof]       mg:count         0.22     0.2%         46
[dprof]       mg:prefix        0.24     0.2%         46
[dprof]       mg:scatter       0.24     0.2%         46
[dprof]       mg:tiles         0.26     0.2%         46
[dprof] draft:main_kv          0.13     0.1%          1
[dprof] draft:block           12.16    11.7%          1
[dprof] draft:head            10.20     9.8%          1
[dprof] TOTAL                103.59
[dprof] *** INVALID: moe children 37.92 ms > MoE 34.10 ms — marks recorded outside the reported window

[dprof] ctx=6217 VB=4 verify=52 — verify step by sub-op, summed over all layers (1542 marks)
[dprof] phase                    ms        %      calls
[dprof] hc_pre  (attn)         2.39     1.9%         43
[dprof] rmsnorm (attn)         0.75     0.6%         43
[dprof] ATTENTION             62.17    49.1%         43
[dprof] hc_post (attn)         0.41     0.3%         43
[dprof] hc_pre  (ffn)          3.01     2.4%         43
[dprof] rmsnorm (ffn)          0.76     0.6%         43
[dprof] MoE                   51.17    40.4%         43
[dprof] hc_post (ffn)          0.41     0.3%         43
[dprof] kv xin copy            0.22     0.2%         41
[dprof] hc_head+norm           0.04     0.0%          1
[dprof] lm_head                5.34     4.2%          1
[dprof]   attn:q_proj          0.46     0.4%          2
[dprof]   attn:kv_write        0.08     0.1%          2
[dprof]   attn:sparse          0.35     0.3%          2
[dprof]   attn:ogroup          0.82     0.6%          2
[dprof]   cattn:q_proj        14.63    11.6%         41
[dprof]   cattn:compress       2.45     1.9%         41
[dprof]   cattn:indexer        4.56     3.6%         21
[dprof]   cattn:sparse        17.02    13.4%         41
[dprof]   cattn:ogroup        17.18    13.6%         41
[dprof]   moe:router           1.94     1.5%         46
[dprof]   moe:group            2.17     1.7%         46
[dprof]   moe:w1w3            32.35    25.5%         46
[dprof]   moe:act              1.58     1.2%         46
[dprof]   moe:w2              16.18    12.8%         46
[dprof]   moe:combine          0.62     0.5%         46
[dprof]   moe:shared           0.26     0.2%         46
[dprof]     q:aq(x)            0.37     0.3%         41
[dprof]     q:wq_a             5.51     4.3%         41
[dprof]     q:rms+aq           0.82     0.6%         41
[dprof]     q:wq_b             6.88     5.4%         41
[dprof]     q:tail             0.57     0.5%         41
[dprof]     q:kv_join          0.06     0.0%         41
[dprof]     o:rope             0.25     0.2%         41
[dprof]     o:wo_a             8.91     7.0%         41
[dprof]     o:wo_b             7.80     6.2%         41
[dprof]     i:qidx             1.71     1.4%         21
[dprof]     i:iw               0.61     0.5%         21
[dprof]     i:score            1.33     1.1%         21
[dprof]     i:topk             0.78     0.6%         21
[dprof]       mg:count         0.23     0.2%         46
[dprof]       mg:prefix        0.25     0.2%         46
[dprof]       mg:scatter       0.25     0.2%         46
[dprof]       mg:tiles         0.25     0.2%         46
[dprof] draft:main_kv          0.13     0.1%          1
[dprof] draft:block           12.15     9.6%          1
[dprof] draft:head            10.31     8.1%          1
[dprof] TOTAL                126.69
[dprof] *** INVALID: moe children 55.11 ms > MoE 51.17 ms — marks recorded outside the reported window

[dprof] ctx=6225 VB=2 verify=56 — verify step by sub-op, summed over all layers (1542 marks)
[dprof] phase                    ms        %      calls
[dprof] hc_pre  (attn)         1.83     1.9%         43
[dprof] rmsnorm (attn)         0.78     0.8%         43
[dprof] ATTENTION             50.97    52.6%         43
[dprof] hc_post (attn)         0.32     0.3%         43
[dprof] hc_pre  (ffn)          2.74     2.8%         43
[dprof] rmsnorm (ffn)          0.74     0.8%         43
[dprof] MoE                   34.21    35.3%         43
[dprof] hc_post (ffn)          0.28     0.3%         43
[dprof] kv xin copy            0.24     0.2%         41
[dprof] hc_head+norm           0.03     0.0%          1
[dprof] lm_head                4.70     4.9%          1
[dprof]   attn:q_proj          0.50     0.5%          2
[dprof]   attn:kv_write        0.08     0.1%          2
[dprof]   attn:sparse          0.33     0.3%          2
[dprof]   attn:ogroup          0.82     0.8%          2
[dprof]   cattn:q_proj        10.06    10.4%         41
[dprof]   cattn:compress       0.04     0.0%         41
[dprof]   cattn:indexer        3.92     4.0%         21
[dprof]   cattn:sparse        14.47    14.9%         41
[dprof]   cattn:ogroup        15.45    16.0%         41
[dprof]   moe:router           1.92     2.0%         46
[dprof]   moe:group            1.87     1.9%         46
[dprof]   moe:w1w3            22.12    22.8%         46
[dprof]   moe:act              1.46     1.5%         46
[dprof]   moe:w2              10.09    10.4%         46
[dprof]   moe:combine          0.52     0.5%         46
[dprof]   moe:shared           0.27     0.3%         46
[dprof]     q:aq(x)            0.23     0.2%         41
[dprof]     q:wq_a             1.67     1.7%         41
[dprof]     q:rms+aq           0.57     0.6%         41
[dprof]     q:wq_b             6.73     6.9%         41
[dprof]     q:tail             0.46     0.5%         41
[dprof]     q:kv_join          0.04     0.0%         41
[dprof]     o:rope             0.26     0.3%         41
[dprof]     o:wo_a             7.61     7.9%         41
[dprof]     o:wo_b             7.34     7.6%         41
[dprof]     i:qidx             1.51     1.6%         21
[dprof]     i:iw               0.43     0.4%         21
[dprof]     i:score            1.10     1.1%         21
[dprof]     i:topk             0.76     0.8%         21
[dprof]       mg:count         0.21     0.2%         46
[dprof]       mg:prefix        0.24     0.3%         46
[dprof]       mg:scatter       0.24     0.2%         46
[dprof]       mg:tiles         0.25     0.3%         46
[dprof] draft:main_kv          0.13     0.1%          1
[dprof] draft:block           12.28    12.7%          1
[dprof] draft:head            10.22    10.5%          1
[dprof] TOTAL                 96.86
[dprof] *** INVALID: moe children 38.26 ms > MoE 34.21 ms — marks recorded outside the reported window

[dprof] ctx=6231 VB=2 verify=60 — verify step by sub-op, summed over all layers (1542 marks)
[dprof] phase                    ms        %      calls
[dprof] hc_pre  (attn)         1.81     1.8%         43
[dprof] rmsnorm (attn)         0.75     0.7%         43
[dprof] ATTENTION             57.22    55.8%         43
[dprof] hc_post (attn)         0.32     0.3%         43
[dprof] hc_pre  (ffn)          2.73     2.7%         43
[dprof] rmsnorm (ffn)          0.75     0.7%         43
[dprof] MoE                   33.61    32.8%         43
[dprof] hc_post (ffn)          0.27     0.3%         43
[dprof] kv xin copy            0.23     0.2%         41
[dprof] hc_head+norm           0.03     0.0%          1
[dprof] lm_head                4.77     4.7%          1
[dprof]   attn:q_proj          0.44     0.4%          2
[dprof]   attn:kv_write        0.08     0.1%          2
[dprof]   attn:sparse          0.32     0.3%          2
[dprof]   attn:ogroup          0.73     0.7%          2
[dprof]   cattn:q_proj        14.81    14.5%         41
[dprof]   cattn:compress       2.45     2.4%         41
[dprof]   cattn:indexer        3.92     3.8%         21
[dprof]   cattn:sparse        14.51    14.2%         41
[dprof]   cattn:ogroup        15.48    15.1%         41
[dprof]   moe:router           1.89     1.8%         46
[dprof]   moe:group            1.97     1.9%         46
[dprof]   moe:w1w3            21.53    21.0%         46
[dprof]   moe:act              1.40     1.4%         46
[dprof]   moe:w2               9.92     9.7%         46
[dprof]   moe:combine          0.49     0.5%         46
[dprof]   moe:shared           0.25     0.2%         46
[dprof]     q:aq(x)            0.39     0.4%         41
[dprof]     q:wq_a             5.65     5.5%         41
[dprof]     q:rms+aq           1.00     1.0%         41
[dprof]     q:wq_b             6.75     6.6%         41
[dprof]     q:tail             0.53     0.5%         41
[dprof]     q:kv_join          0.06     0.1%         41
[dprof]     o:rope             0.25     0.2%         41
[dprof]     o:wo_a             7.73     7.5%         41
[dprof]     o:wo_b             7.30     7.1%         41
[dprof]     i:qidx             1.50     1.5%         21
[dprof]     i:iw               0.44     0.4%         21
[dprof]     i:score            1.11     1.1%         21
[dprof]     i:topk             0.73     0.7%         21
[dprof]       mg:count         0.22     0.2%         46
[dprof]       mg:prefix        0.27     0.3%         46
[dprof]       mg:scatter       0.24     0.2%         46
[dprof]       mg:tiles         0.25     0.2%         46
[dprof] draft:main_kv          0.13     0.1%          1
[dprof] draft:block           12.00    11.7%          1
[dprof] draft:head            10.25    10.0%          1
[dprof] TOTAL                102.49
[dprof] *** INVALID: moe children 37.45 ms > MoE 33.61 ms — marks recorded outside the reported window

[dprof] ctx=6237 VB=4 verify=64 — verify step by sub-op, summed over all layers (1542 marks)
[dprof] phase                    ms        %      calls
[dprof] hc_pre  (attn)         2.39     1.9%         43
[dprof] rmsnorm (attn)         0.78     0.6%         43
[dprof] ATTENTION             62.25    49.1%         43
[dprof] hc_post (attn)         0.39     0.3%         43
[dprof] hc_pre  (ffn)          2.98     2.4%         43
[dprof] rmsnorm (ffn)          0.79     0.6%         43
[dprof] MoE                   51.42    40.5%         43
[dprof] hc_post (ffn)          0.37     0.3%         43
[dprof] kv xin copy            0.25     0.2%         41
[dprof] hc_head+norm           0.03     0.0%          1
[dprof] lm_head                5.25     4.1%          1
[dprof]   attn:q_proj          0.46     0.4%          2
[dprof]   attn:kv_write        0.08     0.1%          2
[dprof]   attn:sparse          0.34     0.3%          2
[dprof]   attn:ogroup          0.81     0.6%          2
[dprof]   cattn:q_proj        14.78    11.6%         41
[dprof]   cattn:compress       2.43     1.9%         41
[dprof]   cattn:indexer        4.55     3.6%         21
[dprof]   cattn:sparse        17.03    13.4%         41
[dprof]   cattn:ogroup        17.20    13.6%         41
[dprof]   moe:router           1.93     1.5%         46
[dprof]   moe:group            2.16     1.7%         46
[dprof]   moe:w1w3            32.58    25.7%         46
[dprof]   moe:act              1.49     1.2%         46
[dprof]   moe:w2              16.28    12.8%         46
[dprof]   moe:combine          0.63     0.5%         46
[dprof]   moe:shared           0.27     0.2%         46
[dprof]     q:aq(x)            0.38     0.3%         41
[dprof]     q:wq_a             5.52     4.4%         41
[dprof]     q:rms+aq           0.87     0.7%         41
[dprof]     q:wq_b             6.93     5.5%         41
[dprof]     q:tail             0.57     0.5%         41
[dprof]     q:kv_join          0.05     0.0%         41
[dprof]     o:rope             0.24     0.2%         41
[dprof]     o:wo_a             8.86     7.0%         41
[dprof]     o:wo_b             7.90     6.2%         41
[dprof]     i:qidx             1.73     1.4%         21
[dprof]     i:iw               0.60     0.5%         21
[dprof]     i:score            1.33     1.0%         21
[dprof]     i:topk             0.76     0.6%         21
[dprof]       mg:count         0.22     0.2%         46
[dprof]       mg:prefix        0.26     0.2%         46
[dprof]       mg:scatter       0.24     0.2%         46
[dprof]       mg:tiles         0.24     0.2%         46
[dprof] draft:main_kv          0.15     0.1%          1
[dprof] draft:block           12.08     9.5%          1
[dprof] draft:head            10.26     8.1%          1
[dprof] TOTAL                126.90
[dprof] *** INVALID: moe children 55.34 ms > MoE 51.42 ms — marks recorded outside the reported window

[dprof] ctx=6241 VB=3 verify=68 — verify step by sub-op, summed over all layers (1542 marks)
[dprof] phase                    ms        %      calls
[dprof] hc_pre  (attn)         2.10     1.8%         43
[dprof] rmsnorm (attn)         0.76     0.7%         43
[dprof] ATTENTION             59.10    51.8%         43
[dprof] hc_post (attn)         0.37     0.3%         43
[dprof] hc_pre  (ffn)          2.91     2.5%         43
[dprof] rmsnorm (ffn)          0.77     0.7%         43
[dprof] MoE                   42.69    37.4%         43
[dprof] hc_post (ffn)          0.35     0.3%         43
[dprof] kv xin copy            0.22     0.2%         41
[dprof] hc_head+norm           0.03     0.0%          1
[dprof] lm_head                4.77     4.2%          1
[dprof]   attn:q_proj          0.45     0.4%          2
[dprof]   attn:kv_write        0.08     0.1%          2
[dprof]   attn:sparse          0.33     0.3%          2
[dprof]   attn:ogroup          0.75     0.7%          2
[dprof]   cattn:q_proj        14.64    12.8%         41
[dprof]   cattn:compress       2.44     2.1%         41
[dprof]   cattn:indexer        4.15     3.6%         21
[dprof]   cattn:sparse        15.79    13.8%         41
[dprof]   cattn:ogroup        15.97    14.0%         41
[dprof]   moe:router           1.95     1.7%         46
[dprof]   moe:group            2.07     1.8%         46
[dprof]   moe:w1w3            27.15    23.8%         46
[dprof]   moe:act              1.44     1.3%         46
[dprof]   moe:w2              13.20    11.6%         46
[dprof]   moe:combine          0.60     0.5%         46
[dprof]   moe:shared           0.25     0.2%         46
[dprof]     q:aq(x)            0.28     0.2%         41
[dprof]     q:wq_a             5.54     4.9%         41
[dprof]     q:rms+aq           0.91     0.8%         41
[dprof]     q:wq_b             6.85     6.0%         41
[dprof]     q:tail             0.53     0.5%         41
[dprof]     q:kv_join          0.07     0.1%         41
[dprof]     o:rope             0.24     0.2%         41
[dprof]     o:wo_a             7.96     7.0%         41
[dprof]     o:wo_b             7.59     6.6%         41
[dprof]     i:qidx             1.56     1.4%         21
[dprof]     i:iw               0.54     0.5%         21
[dprof]     i:score            1.17     1.0%         21
[dprof]     i:topk             0.75     0.7%         21
[dprof]       mg:count         0.24     0.2%         46
[dprof]       mg:prefix        0.26     0.2%         46
[dprof]       mg:scatter       0.25     0.2%         46
[dprof]       mg:tiles         0.24     0.2%         46
[dprof] draft:main_kv          0.13     0.1%          1
[dprof] draft:block           12.15    10.7%          1
[dprof] draft:head            10.20     8.9%          1
[dprof] TOTAL                114.09
[dprof] *** INVALID: moe children 46.65 ms > MoE 42.69 ms — marks recorded outside the reported window

[dprof] ctx=6252 VB=3 verify=72 — verify step by sub-op, summed over all layers (1542 marks)
[dprof] phase                    ms        %      calls
[dprof] hc_pre  (attn)         2.11     1.9%         43
[dprof] rmsnorm (attn)         0.76     0.7%         43
[dprof] ATTENTION             53.21    48.1%         43
[dprof] hc_post (attn)         0.33     0.3%         43
[dprof] hc_pre  (ffn)          2.87     2.6%         43
[dprof] rmsnorm (ffn)          0.75     0.7%         43
[dprof] MoE                   44.87    40.6%         43
[dprof] hc_post (ffn)          0.39     0.4%         43
[dprof] kv xin copy            0.24     0.2%         41
[dprof] hc_head+norm           0.03     0.0%          1
[dprof] lm_head                4.94     4.5%          1
[dprof]   attn:q_proj          0.45     0.4%          2
[dprof]   attn:kv_write        0.08     0.1%          2
[dprof]   attn:sparse          0.34     0.3%          2
[dprof]   attn:ogroup          0.80     0.7%          2
[dprof]   cattn:q_proj        10.23     9.3%         41
[dprof]   cattn:compress       0.04     0.0%         41
[dprof]   cattn:indexer        4.21     3.8%         21
[dprof]   cattn:sparse        15.76    14.3%         41
[dprof]   cattn:ogroup        15.96    14.4%         41
[dprof]   moe:router           1.94     1.8%         46
[dprof]   moe:group            2.04     1.8%         46
[dprof]   moe:w1w3            28.72    26.0%         46
[dprof]   moe:act              1.51     1.4%         46
[dprof]   moe:w2              13.68    12.4%         46
[dprof]   moe:combine          0.58     0.5%         46
[dprof]   moe:shared           0.27     0.2%         46
[dprof]     q:aq(x)            0.25     0.2%         41
[dprof]     q:wq_a             1.68     1.5%         41
[dprof]     q:rms+aq           0.55     0.5%         41
[dprof]     q:wq_b             6.78     6.1%         41
[dprof]     q:tail             0.53     0.5%         41
[dprof]     q:kv_join          0.06     0.1%         41
[dprof]     o:rope             0.24     0.2%         41
[dprof]     o:wo_a             7.99     7.2%         41
[dprof]     o:wo_b             7.55     6.8%         41
[dprof]     i:qidx             1.61     1.5%         21
[dprof]     i:iw               0.54     0.5%         21
[dprof]     i:score            1.16     1.1%         21
[dprof]     i:topk             0.77     0.7%         21
[dprof]       mg:count         0.22     0.2%         46
[dprof]       mg:prefix        0.25     0.2%         46
[dprof]       mg:scatter       0.25     0.2%         46
[dprof]       mg:tiles         0.25     0.2%         46
[dprof] draft:main_kv          0.15     0.1%          1
[dprof] draft:block           12.14    11.0%          1
[dprof] draft:head            10.20     9.2%          1
[dprof] TOTAL                110.52
[dprof] *** INVALID: moe children 48.74 ms > MoE 44.87 ms — marks recorded outside the reported window

[dprof] ctx=6258 VB=2 verify=76 — verify step by sub-op, summed over all layers (1542 marks)
[dprof] phase                    ms        %      calls
[dprof] hc_pre  (attn)         1.81     1.8%         43
[dprof] rmsnorm (attn)         0.75     0.7%         43
[dprof] ATTENTION             57.07    56.1%         43
[dprof] hc_post (attn)         0.34     0.3%         43
[dprof] hc_pre  (ffn)          2.77     2.7%         43
[dprof] rmsnorm (ffn)          0.76     0.8%         43
[dprof] MoE                   32.73    32.2%         43
[dprof] hc_post (ffn)          0.27     0.3%         43
[dprof] kv xin copy            0.22     0.2%         41
[dprof] hc_head+norm           0.03     0.0%          1
[dprof] lm_head                4.92     4.8%          1
[dprof]   attn:q_proj          0.46     0.5%          2
[dprof]   attn:kv_write        0.09     0.1%          2
[dprof]   attn:sparse          0.34     0.3%          2
[dprof]   attn:ogroup          0.74     0.7%          2
[dprof]   cattn:q_proj        14.49    14.3%         41
[dprof]   cattn:compress       2.47     2.4%         41
[dprof]   cattn:indexer        3.91     3.8%         21
[dprof]   cattn:sparse        14.49    14.3%         41
[dprof]   cattn:ogroup        15.61    15.4%         41
[dprof]   moe:router           1.91     1.9%         46
[dprof]   moe:group            1.88     1.8%         46
[dprof]   moe:w1w3            20.86    20.5%         46
[dprof]   moe:act              1.38     1.4%         46
[dprof]   moe:w2               9.79     9.6%         46
[dprof]   moe:combine          0.52     0.5%         46
[dprof]   moe:shared           0.26     0.3%         46
[dprof]     q:aq(x)            0.26     0.3%         41
[dprof]     q:wq_a             5.47     5.4%         41
[dprof]     q:rms+aq           1.00     1.0%         41
[dprof]     q:wq_b             6.81     6.7%         41
[dprof]     q:tail             0.47     0.5%         41
[dprof]     q:kv_join          0.06     0.1%         41
[dprof]     o:rope             0.25     0.3%         41
[dprof]     o:wo_a             7.70     7.6%         41
[dprof]     o:wo_b             7.45     7.3%         41
[dprof]     i:qidx             1.50     1.5%         21
[dprof]     i:iw               0.43     0.4%         21
[dprof]     i:score            1.10     1.1%         21
[dprof]     i:topk             0.76     0.7%         21
[dprof]       mg:count         0.22     0.2%         46
[dprof]       mg:prefix        0.24     0.2%         46
[dprof]       mg:scatter       0.25     0.2%         46
[dprof]       mg:tiles         0.26     0.3%         46
[dprof] draft:main_kv          0.13     0.1%          1
[dprof] draft:block           12.05    11.9%          1
[dprof] draft:head            10.25    10.1%          1
[dprof] TOTAL                101.66
[dprof] *** INVALID: moe children 36.59 ms > MoE 32.73 ms — marks recorded outside the reported window

[dprof] ctx=3068 VB=6 verify=0 — verify step by sub-op, summed over all layers (1542 marks)
[dprof] phase                    ms        %      calls
[dprof] hc_pre  (attn)         2.93     1.5%         43
[dprof] rmsnorm (attn)         0.75     0.4%         43
[dprof] ATTENTION            104.50    52.8%         43
[dprof] hc_post (attn)         0.50     0.3%         43
[dprof] hc_pre  (ffn)          4.56     2.3%         43
[dprof] rmsnorm (ffn)          0.76     0.4%         43
[dprof] MoE                   75.45    38.1%         43
[dprof] hc_post (ffn)          0.45     0.2%         43
[dprof] kv xin copy            0.23     0.1%         41
[dprof] hc_head+norm           0.04     0.0%          1
[dprof] lm_head                7.75     3.9%          1
[dprof]   attn:q_proj          0.48     0.2%          2
[dprof]   attn:kv_write        0.08     0.0%          2
[dprof]   attn:sparse          0.37     0.2%          2
[dprof]   attn:ogroup          0.96     0.5%          2
[dprof]   cattn:q_proj        15.06     7.6%         41
[dprof]   cattn:compress      42.64    21.5%         41
[dprof]   cattn:indexer        4.65     2.3%         21
[dprof]   cattn:sparse        18.67     9.4%         41
[dprof]   cattn:ogroup        19.40     9.8%         41
[dprof]   moe:router           1.95     1.0%         46
[dprof]   moe:group            2.30     1.2%         46
[dprof]   moe:w1w3            48.28    24.4%         46
[dprof]   moe:act              1.83     0.9%         46
[dprof]   moe:w2              24.27    12.3%         46
[dprof]   moe:combine          0.72     0.4%         46
[dprof]   moe:shared           0.27     0.1%         46
[dprof]     q:aq(x)            0.41     0.2%         41
[dprof]     q:wq_a             5.36     2.7%         41
[dprof]     q:rms+aq           0.81     0.4%         41
[dprof]     q:wq_b             7.28     3.7%         41
[dprof]     q:tail             0.68     0.3%         41
[dprof]     q:kv_join          0.05     0.0%         41
[dprof]     o:rope             0.25     0.1%         41
[dprof]     o:wo_a            10.37     5.2%         41
[dprof]     o:wo_b             8.59     4.3%         41
[dprof]     i:qidx             1.98     1.0%         21
[dprof]     i:iw               0.72     0.4%         21
[dprof]     i:score            1.07     0.5%         21
[dprof]     i:topk             0.76     0.4%         21
[dprof]       mg:count         0.21     0.1%         46
[dprof]       mg:prefix        0.24     0.1%         46
[dprof]       mg:scatter       0.24     0.1%         46
[dprof]       mg:tiles         0.25     0.1%         46
[dprof] draft:main_kv          0.00     0.0%          1
[dprof] draft:block           12.24     6.2%          1
[dprof] draft:head            10.23     5.2%          1
[dprof] TOTAL                197.94
[dprof] *** INVALID: moe children 79.61 ms > MoE 75.45 ms — marks recorded outside the reported window

[dprof] ctx=3074 VB=3 verify=4 — verify step by sub-op, summed over all layers (1542 marks)
[dprof] phase                    ms        %      calls
[dprof] hc_pre  (attn)         2.12     1.8%         43
[dprof] rmsnorm (attn)         0.75     0.7%         43
[dprof] ATTENTION             56.01    49.0%         43
[dprof] hc_post (attn)         0.35     0.3%         43
[dprof] hc_pre  (ffn)          2.80     2.5%         43
[dprof] rmsnorm (ffn)          0.74     0.6%         43
[dprof] MoE                   46.07    40.3%         43
[dprof] hc_post (ffn)          0.34     0.3%         43
[dprof] kv xin copy            0.22     0.2%         41
[dprof] hc_head+norm           0.03     0.0%          1
[dprof] lm_head                4.92     4.3%          1
[dprof]   attn:q_proj          0.45     0.4%          2
[dprof]   attn:kv_write        0.08     0.1%          2
[dprof]   attn:sparse          0.33     0.3%          2
[dprof]   attn:ogroup          0.75     0.7%          2
[dprof]   cattn:q_proj        14.55    12.7%         41
[dprof]   cattn:compress       2.43     2.1%         41
[dprof]   cattn:indexer        4.00     3.5%         21
[dprof]   cattn:sparse        15.35    13.4%         41
[dprof]   cattn:ogroup        15.76    13.8%         41
[dprof]   moe:router           1.90     1.7%         46
[dprof]   moe:group            2.07     1.8%         46
[dprof]   moe:w1w3            29.69    26.0%         46
[dprof]   moe:act              1.42     1.2%         46
[dprof]   moe:w2              14.16    12.4%         46
[dprof]   moe:combine          0.54     0.5%         46
[dprof]   moe:shared           0.24     0.2%         46
[dprof]     q:aq(x)            0.27     0.2%         41
[dprof]     q:wq_a             5.48     4.8%         41
[dprof]     q:rms+aq           0.95     0.8%         41
[dprof]     q:wq_b             6.87     6.0%         41
[dprof]     q:tail             0.52     0.5%         41
[dprof]     q:kv_join          0.05     0.0%         41
[dprof]     o:rope             0.23     0.2%         41
[dprof]     o:wo_a             7.89     6.9%         41
[dprof]     o:wo_b             7.45     6.5%         41
[dprof]     i:qidx             1.60     1.4%         21
[dprof]     i:iw               0.54     0.5%         21
[dprof]     i:score            0.99     0.9%         21
[dprof]     i:topk             0.72     0.6%         21
[dprof]       mg:count         0.22     0.2%         46
[dprof]       mg:prefix        0.25     0.2%         46
[dprof]       mg:scatter       0.25     0.2%         46
[dprof]       mg:tiles         0.25     0.2%         46
[dprof] draft:main_kv          0.13     0.1%          1
[dprof] draft:block           12.14    10.6%          1
[dprof] draft:head            10.26     9.0%          1
[dprof] TOTAL                114.36
[dprof] *** INVALID: moe children 50.02 ms > MoE 46.07 ms — marks recorded outside the reported window

[dprof] ctx=3079 VB=3 verify=8 — verify step by sub-op, summed over all layers (1542 marks)
[dprof] phase                    ms        %      calls
[dprof] hc_pre  (attn)         2.07     1.8%         43
[dprof] rmsnorm (attn)         0.76     0.7%         43
[dprof] ATTENTION             56.14    49.9%         43
[dprof] hc_post (attn)         0.37     0.3%         43
[dprof] hc_pre  (ffn)          2.81     2.5%         43
[dprof] rmsnorm (ffn)          0.75     0.7%         43
[dprof] MoE                   43.98    39.1%         43
[dprof] hc_post (ffn)          0.36     0.3%         43
[dprof] kv xin copy            0.22     0.2%         41
[dprof] hc_head+norm           0.03     0.0%          1
[dprof] lm_head                5.09     4.5%          1
[dprof]   attn:q_proj          0.49     0.4%          2
[dprof]   attn:kv_write        0.09     0.1%          2
[dprof]   attn:sparse          0.33     0.3%          2
[dprof]   attn:ogroup          0.76     0.7%          2
[dprof]   cattn:q_proj        14.78    13.1%         41
[dprof]   cattn:compress       2.45     2.2%         41
[dprof]   cattn:indexer        3.99     3.5%         21
[dprof]   cattn:sparse        15.29    13.6%         41
[dprof]   cattn:ogroup        15.90    14.1%         41
[dprof]   moe:router           1.88     1.7%         46
[dprof]   moe:group            1.93     1.7%         46
[dprof]   moe:w1w3            28.40    25.2%         46
[dprof]   moe:act              1.47     1.3%         46
[dprof]   moe:w2              13.50    12.0%         46
[dprof]   moe:combine          0.55     0.5%         46
[dprof]   moe:shared           0.25     0.2%         46
[dprof]     q:aq(x)            0.28     0.2%         41
[dprof]     q:wq_a             5.69     5.1%         41
[dprof]     q:rms+aq           0.98     0.9%         41
[dprof]     q:wq_b             6.82     6.1%         41
[dprof]     q:tail             0.52     0.5%         41
[dprof]     q:kv_join          0.06     0.1%         41
[dprof]     o:rope             0.26     0.2%         41
[dprof]     o:wo_a             7.93     7.0%         41
[dprof]     o:wo_b             7.51     6.7%         41
[dprof]     i:qidx             1.62     1.4%         21
[dprof]     i:iw               0.55     0.5%         21
[dprof]     i:score            0.97     0.9%         21
[dprof]     i:topk             0.71     0.6%         21
[dprof]       mg:count         0.22     0.2%         46
[dprof]       mg:prefix        0.23     0.2%         46
[dprof]       mg:scatter       0.24     0.2%         46
[dprof]       mg:tiles         0.24     0.2%         46
[dprof] draft:main_kv          0.13     0.1%          1
[dprof] draft:block           12.21    10.8%          1
[dprof] draft:head            10.24     9.1%          1
[dprof] TOTAL                112.58
[dprof] *** INVALID: moe children 47.99 ms > MoE 43.98 ms — marks recorded outside the reported window

[dprof] ctx=3086 VB=2 verify=12 — verify step by sub-op, summed over all layers (1542 marks)
[dprof] phase                    ms        %      calls
[dprof] hc_pre  (attn)         1.84     1.8%         43
[dprof] rmsnorm (attn)         0.75     0.7%         43
[dprof] ATTENTION             53.81    53.1%         43
[dprof] hc_post (attn)         0.33     0.3%         43
[dprof] hc_pre  (ffn)          2.78     2.7%         43
[dprof] rmsnorm (ffn)          0.77     0.8%         43
[dprof] MoE                   35.80    35.3%         43
[dprof] hc_post (ffn)          0.28     0.3%         43
[dprof] kv xin copy            0.23     0.2%         41
[dprof] hc_head+norm           0.03     0.0%          1
[dprof] lm_head                4.71     4.7%          1
[dprof]   attn:q_proj          0.45     0.4%          2
[dprof]   attn:kv_write        0.08     0.1%          2
[dprof]   attn:sparse          0.32     0.3%          2
[dprof]   attn:ogroup          0.73     0.7%          2
[dprof]   cattn:q_proj        14.47    14.3%         41
[dprof]   cattn:compress       2.50     2.5%         41
[dprof]   cattn:indexer        3.79     3.7%         21
[dprof]   cattn:sparse        14.02    13.8%         41
[dprof]   cattn:ogroup        15.48    15.3%         41
[dprof]   moe:router           1.89     1.9%         46
[dprof]   moe:group            1.88     1.9%         46
[dprof]   moe:w1w3            23.23    22.9%         46
[dprof]   moe:act              1.46     1.4%         46
[dprof]   moe:w2              10.50    10.4%         46
[dprof]   moe:combine          0.49     0.5%         46
[dprof]   moe:shared           0.25     0.2%         46
[dprof]     q:aq(x)            0.27     0.3%         41
[dprof]     q:wq_a             5.39     5.3%         41
[dprof]     q:rms+aq           1.03     1.0%         41
[dprof]     q:wq_b             6.76     6.7%         41
[dprof]     q:tail             0.49     0.5%         41
[dprof]     q:kv_join          0.06     0.1%         41
[dprof]     o:rope             0.24     0.2%         41
[dprof]     o:wo_a             7.62     7.5%         41
[dprof]     o:wo_b             7.43     7.3%         41
[dprof]     i:qidx             1.52     1.5%         21
[dprof]     i:iw               0.42     0.4%         21
[dprof]     i:score            1.00     1.0%         21
[dprof]     i:topk             0.71     0.7%         21
[dprof]       mg:count         0.21     0.2%         46
[dprof]       mg:prefix        0.23     0.2%         46
[dprof]       mg:scatter       0.25     0.2%         46
[dprof]       mg:tiles         0.25     0.2%         46
[dprof] draft:main_kv          0.13     0.1%          1
[dprof] draft:block           12.02    11.9%          1
[dprof] draft:head            10.27    10.1%          1
[dprof] TOTAL                101.33
[dprof] *** INVALID: moe children 39.68 ms > MoE 35.80 ms — marks recorded outside the reported window

[dprof] ctx=3091 VB=2 verify=16 — verify step by sub-op, summed over all layers (1542 marks)
[dprof] phase                    ms        %      calls
[dprof] hc_pre  (attn)         1.81     1.9%         43
[dprof] rmsnorm (attn)         0.76     0.8%         43
[dprof] ATTENTION             53.91    55.5%         43
[dprof] hc_post (attn)         0.32     0.3%         43
[dprof] hc_pre  (ffn)          2.78     2.9%         43
[dprof] rmsnorm (ffn)          0.74     0.8%         43
[dprof] MoE                   31.02    31.9%         43
[dprof] hc_post (ffn)          0.30     0.3%         43
[dprof] kv xin copy            0.23     0.2%         41
[dprof] hc_head+norm           0.03     0.0%          1
[dprof] lm_head                5.29     5.4%          1
[dprof]   attn:q_proj          0.45     0.5%          2
[dprof]   attn:kv_write        0.08     0.1%          2
[dprof]   attn:sparse          0.32     0.3%          2
[dprof]   attn:ogroup          0.73     0.8%          2
[dprof]   cattn:q_proj        14.65    15.1%         41
[dprof]   cattn:compress       2.45     2.5%         41
[dprof]   cattn:indexer        3.75     3.9%         21
[dprof]   cattn:sparse        13.99    14.4%         41
[dprof]   cattn:ogroup        15.30    15.7%         41
[dprof]   moe:router           1.91     2.0%         46
[dprof]   moe:group            1.87     1.9%         46
[dprof]   moe:w1w3            19.65    20.2%         46
[dprof]   moe:act              1.28     1.3%         46
[dprof]   moe:w2               9.26     9.5%         46
[dprof]   moe:combine          0.46     0.5%         46
[dprof]   moe:shared           0.26     0.3%         46
[dprof]     q:aq(x)            0.27     0.3%         41
[dprof]     q:wq_a             5.65     5.8%         41
[dprof]     q:rms+aq           1.02     1.1%         41
[dprof]     q:wq_b             6.75     6.9%         41
[dprof]     q:tail             0.49     0.5%         41
[dprof]     q:kv_join          0.05     0.0%         41
[dprof]     o:rope             0.23     0.2%         41
[dprof]     o:wo_a             7.55     7.8%         41
[dprof]     o:wo_b             7.31     7.5%         41
[dprof]     i:qidx             1.52     1.6%         21
[dprof]     i:iw               0.43     0.4%         21
[dprof]     i:score            0.98     1.0%         21
[dprof]     i:topk             0.70     0.7%         21
[dprof]       mg:count         0.23     0.2%         46
[dprof]       mg:prefix        0.24     0.2%         46
[dprof]       mg:scatter       0.25     0.3%         46
[dprof]       mg:tiles         0.25     0.3%         46
[dprof] draft:main_kv          0.13     0.1%          1
[dprof] draft:block           11.99    12.3%          1
[dprof] draft:head            10.32    10.6%          1
[dprof] TOTAL                 97.19
[dprof] *** INVALID: moe children 34.69 ms > MoE 31.02 ms — marks recorded outside the reported window

[dprof] ctx=3099 VB=3 verify=20 — verify step by sub-op, summed over all layers (1542 marks)
[dprof] phase                    ms        %      calls
[dprof] hc_pre  (attn)         2.09     1.8%         43
[dprof] rmsnorm (attn)         0.76     0.7%         43
[dprof] ATTENTION             56.13    49.5%         43
[dprof] hc_post (attn)         0.38     0.3%         43
[dprof] hc_pre  (ffn)          2.84     2.5%         43
[dprof] rmsnorm (ffn)          0.78     0.7%         43
[dprof] MoE                   44.61    39.4%         43
[dprof] hc_post (ffn)          0.36     0.3%         43
[dprof] kv xin copy            0.26     0.2%         41
[dprof] hc_head+norm           0.03     0.0%          1
[dprof] lm_head                5.07     4.5%          1
[dprof]   attn:q_proj          0.45     0.4%          2
[dprof]   attn:kv_write        0.08     0.1%          2
[dprof]   attn:sparse          0.34     0.3%          2
[dprof]   attn:ogroup          0.75     0.7%          2
[dprof]   cattn:q_proj        14.79    13.0%         41
[dprof]   cattn:compress       2.39     2.1%         41
[dprof]   cattn:indexer        3.88     3.4%         21
[dprof]   cattn:sparse        15.32    13.5%         41
[dprof]   cattn:ogroup        15.98    14.1%         41
[dprof]   moe:router           1.94     1.7%         46
[dprof]   moe:group            1.98     1.7%         46
[dprof]   moe:w1w3            28.43    25.1%         46
[dprof]   moe:act              1.43     1.3%         46
[dprof]   moe:w2              13.92    12.3%         46
[dprof]   moe:combine          0.57     0.5%         46
[dprof]   moe:shared           0.25     0.2%         46
[dprof]     q:aq(x)            0.37     0.3%         41
[dprof]     q:wq_a             5.64     5.0%         41
[dprof]     q:rms+aq           0.93     0.8%         41
[dprof]     q:wq_b             6.80     6.0%         41
[dprof]     q:tail             0.55     0.5%         41
[dprof]     q:kv_join          0.07     0.1%         41
[dprof]     o:rope             0.25     0.2%         41
[dprof]     o:wo_a             7.90     7.0%         41
[dprof]     o:wo_b             7.63     6.7%         41
[dprof]     i:qidx             1.56     1.4%         21
[dprof]     i:iw               0.55     0.5%         21
[dprof]     i:score            0.95     0.8%         21
[dprof]     i:topk             0.71     0.6%         21
[dprof]       mg:count         0.23     0.2%         46
[dprof]       mg:prefix        0.24     0.2%         46
[dprof]       mg:scatter       0.24     0.2%         46
[dprof]       mg:tiles         0.24     0.2%         46
[dprof] draft:main_kv          0.13     0.1%          1
[dprof] draft:block           12.10    10.7%          1
[dprof] draft:head            10.28     9.1%          1
[dprof] TOTAL                113.31
[dprof] *** INVALID: moe children 48.52 ms > MoE 44.61 ms — marks recorded outside the reported window

[dprof] ctx=3106 VB=3 verify=24 — verify step by sub-op, summed over all layers (1542 marks)
[dprof] phase                    ms        %      calls
[dprof] hc_pre  (attn)         2.08     1.8%         43
[dprof] rmsnorm (attn)         0.77     0.7%         43
[dprof] ATTENTION             56.16    49.2%         43
[dprof] hc_post (attn)         0.36     0.3%         43
[dprof] hc_pre  (ffn)          2.84     2.5%         43
[dprof] rmsnorm (ffn)          0.76     0.7%         43
[dprof] MoE                   45.61    40.0%         43
[dprof] hc_post (ffn)          0.35     0.3%         43
[dprof] kv xin copy            0.26     0.2%         41
[dprof] hc_head+norm           0.03     0.0%          1
[dprof] lm_head                4.93     4.3%          1
[dprof]   attn:q_proj          0.45     0.4%          2
[dprof]   attn:kv_write        0.08     0.1%          2
[dprof]   attn:sparse          0.33     0.3%          2
[dprof]   attn:ogroup          0.75     0.7%          2
[dprof]   cattn:q_proj        14.61    12.8%         41
[dprof]   cattn:compress       2.42     2.1%         41
[dprof]   cattn:indexer        3.98     3.5%         21
[dprof]   cattn:sparse        15.30    13.4%         41
[dprof]   cattn:ogroup        15.93    14.0%         41
[dprof]   moe:router           1.92     1.7%         46
[dprof]   moe:group            2.08     1.8%         46
[dprof]   moe:w1w3            29.24    25.6%         46
[dprof]   moe:act              1.49     1.3%         46
[dprof]   moe:w2              14.05    12.3%         46
[dprof]   moe:combine          0.56     0.5%         46
[dprof]   moe:shared           0.26     0.2%         46
[dprof]     q:aq(x)            0.28     0.2%         41
[dprof]     q:wq_a             5.47     4.8%         41
[dprof]     q:rms+aq           0.97     0.9%         41
[dprof]     q:wq_b             6.86     6.0%         41
[dprof]     q:tail             0.52     0.5%         41
[dprof]     q:kv_join          0.05     0.0%         41
[dprof]     o:rope             0.25     0.2%         41
[dprof]     o:wo_a             7.99     7.0%         41
[dprof]     o:wo_b             7.47     6.5%         41
[dprof]     i:qidx             1.60     1.4%         21
[dprof]     i:iw               0.55     0.5%         21
[dprof]     i:score            0.99     0.9%         21
[dprof]     i:topk             0.71     0.6%         21
[dprof]       mg:count         0.23     0.2%         46
[dprof]       mg:prefix        0.24     0.2%         46
[dprof]       mg:scatter       0.27     0.2%         46
[dprof]       mg:tiles         0.27     0.2%         46
[dprof] draft:main_kv          0.13     0.1%          1
[dprof] draft:block           12.21    10.7%          1
[dprof] draft:head            10.26     9.0%          1
[dprof] TOTAL                114.16
[dprof] *** INVALID: moe children 49.59 ms > MoE 45.61 ms — marks recorded outside the reported window

[dprof] ctx=3114 VB=4 verify=28 — verify step by sub-op, summed over all layers (1542 marks)
[dprof] phase                    ms        %      calls
[dprof] hc_pre  (attn)         2.36     1.9%         43
[dprof] rmsnorm (attn)         0.76     0.6%         43
[dprof] ATTENTION             59.09    47.6%         43
[dprof] hc_post (attn)         0.40     0.3%         43
[dprof] hc_pre  (ffn)          2.94     2.4%         43
[dprof] rmsnorm (ffn)          0.74     0.6%         43
[dprof] MoE                   52.00    41.9%         43
[dprof] hc_post (ffn)          0.35     0.3%         43
[dprof] kv xin copy            0.22     0.2%         41
[dprof] hc_head+norm           0.03     0.0%          1
[dprof] lm_head                5.25     4.2%          1
[dprof]   attn:q_proj          0.46     0.4%          2
[dprof]   attn:kv_write        0.08     0.1%          2
[dprof]   attn:sparse          0.34     0.3%          2
[dprof]   attn:ogroup          0.81     0.7%          2
[dprof]   cattn:q_proj        14.65    11.8%         41
[dprof]   cattn:compress       2.40     1.9%         41
[dprof]   cattn:indexer        4.28     3.4%         21
[dprof]   cattn:sparse        16.48    13.3%         41
[dprof]   cattn:ogroup        17.29    13.9%         41
[dprof]   moe:router           1.91     1.5%         46
[dprof]   moe:group            2.11     1.7%         46
[dprof]   moe:w1w3            33.08    26.6%         46
[dprof]   moe:act              1.72     1.4%         46
[dprof]   moe:w2              16.33    13.2%         46
[dprof]   moe:combine          0.57     0.5%         46
[dprof]   moe:shared           0.24     0.2%         46
[dprof]     q:aq(x)            0.27     0.2%         41
[dprof]     q:wq_a             5.56     4.5%         41
[dprof]     q:rms+aq           0.91     0.7%         41
[dprof]     q:wq_b             6.84     5.5%         41
[dprof]     q:tail             0.58     0.5%         41
[dprof]     q:kv_join          0.05     0.0%         41
[dprof]     o:rope             0.26     0.2%         41
[dprof]     o:wo_a             8.94     7.2%         41
[dprof]     o:wo_b             7.90     6.4%         41
[dprof]     i:qidx             1.74     1.4%         21
[dprof]     i:iw               0.62     0.5%         21
[dprof]     i:score            1.07     0.9%         21
[dprof]     i:topk             0.73     0.6%         21
[dprof]       mg:count         0.21     0.2%         46
[dprof]       mg:prefix        0.23     0.2%         46
[dprof]       mg:scatter       0.24     0.2%         46
[dprof]       mg:tiles         0.26     0.2%         46
[dprof] draft:main_kv          0.14     0.1%          1
[dprof] draft:block           12.13     9.8%          1
[dprof] draft:head            10.21     8.2%          1
[dprof] TOTAL                124.14
[dprof] *** INVALID: moe children 55.96 ms > MoE 52.00 ms — marks recorded outside the reported window

[dprof] ctx=3120 VB=2 verify=32 — verify step by sub-op, summed over all layers (1542 marks)
[dprof] phase                    ms        %      calls
[dprof] hc_pre  (attn)         1.83     2.0%         43
[dprof] rmsnorm (attn)         0.76     0.8%         43
[dprof] ATTENTION             46.61    50.6%         43
[dprof] hc_post (attn)         0.31     0.3%         43
[dprof] hc_pre  (ffn)          2.72     3.0%         43
[dprof] rmsnorm (ffn)          0.75     0.8%         43
[dprof] MoE                   33.40    36.3%         43
[dprof] hc_post (ffn)          0.28     0.3%         43
[dprof] kv xin copy            0.24     0.3%         41
[dprof] hc_head+norm           0.03     0.0%          1
[dprof] lm_head                5.11     5.6%          1
[dprof]   attn:q_proj          0.45     0.5%          2
[dprof]   attn:kv_write        0.08     0.1%          2
[dprof]   attn:sparse          0.32     0.4%          2
[dprof]   attn:ogroup          0.72     0.8%          2
[dprof]   cattn:q_proj         9.97    10.8%         41
[dprof]   cattn:compress       0.04     0.0%         41
[dprof]   cattn:indexer        3.79     4.1%         21
[dprof]   cattn:sparse        14.01    15.2%         41
[dprof]   cattn:ogroup        15.24    16.6%         41
[dprof]   moe:router           1.88     2.0%         46
[dprof]   moe:group            1.86     2.0%         46
[dprof]   moe:w1w3            21.46    23.3%         46
[dprof]   moe:act              1.34     1.5%         46
[dprof]   moe:w2               9.96    10.8%         46
[dprof]   moe:combine          0.48     0.5%         46
[dprof]   moe:shared           0.27     0.3%         46
[dprof]     q:aq(x)            0.22     0.2%         41
[dprof]     q:wq_a             1.63     1.8%         41
[dprof]     q:rms+aq           0.56     0.6%         41
[dprof]     q:wq_b             6.71     7.3%         41
[dprof]     q:tail             0.47     0.5%         41
[dprof]     q:kv_join          0.05     0.0%         41
[dprof]     o:rope             0.22     0.2%         41
[dprof]     o:wo_a             7.50     8.1%         41
[dprof]     o:wo_b             7.33     8.0%         41
[dprof]     i:qidx             1.53     1.7%         21
[dprof]     i:iw               0.43     0.5%         21
[dprof]     i:score            0.97     1.1%         21
[dprof]     i:topk             0.71     0.8%         21
[dprof]       mg:count         0.21     0.2%         46
[dprof]       mg:prefix        0.23     0.3%         46
[dprof]       mg:scatter       0.25     0.3%         46
[dprof]       mg:tiles         0.24     0.3%         46
[dprof] draft:main_kv          0.13     0.1%          1
[dprof] draft:block           12.10    13.1%          1
[dprof] draft:head            10.29    11.2%          1
[dprof] TOTAL                 92.05
[dprof] *** INVALID: moe children 37.25 ms > MoE 33.40 ms — marks recorded outside the reported window

[dprof] ctx=3127 VB=4 verify=36 — verify step by sub-op, summed over all layers (1542 marks)
[dprof] phase                    ms        %      calls
[dprof] hc_pre  (attn)         2.36     1.9%         43
[dprof] rmsnorm (attn)         0.78     0.6%         43
[dprof] ATTENTION             59.38    46.9%         43
[dprof] hc_post (attn)         0.39     0.3%         43
[dprof] hc_pre  (ffn)          2.97     2.3%         43
[dprof] rmsnorm (ffn)          0.76     0.6%         43
[dprof] MoE                   54.01    42.7%         43
[dprof] hc_post (ffn)          0.36     0.3%         43
[dprof] kv xin copy            0.23     0.2%         41
[dprof] hc_head+norm           0.03     0.0%          1
[dprof] lm_head                5.30     4.2%          1
[dprof]   attn:q_proj          0.46     0.4%          2
[dprof]   attn:kv_write        0.08     0.1%          2
[dprof]   attn:sparse          0.34     0.3%          2
[dprof]   attn:ogroup          0.82     0.6%          2
[dprof]   cattn:q_proj        14.93    11.8%         41
[dprof]   cattn:compress       2.38     1.9%         41
[dprof]   cattn:indexer        4.29     3.4%         21
[dprof]   cattn:sparse        16.48    13.0%         41
[dprof]   cattn:ogroup        17.23    13.6%         41
[dprof]   moe:router           1.94     1.5%         46
[dprof]   moe:group            2.18     1.7%         46
[dprof]   moe:w1w3            34.45    27.2%         46
[dprof]   moe:act              1.56     1.2%         46
[dprof]   moe:w2              16.94    13.4%         46
[dprof]   moe:combine          0.60     0.5%         46
[dprof]   moe:shared           0.25     0.2%         46
[dprof]     q:aq(x)            0.37     0.3%         41
[dprof]     q:wq_a             5.72     4.5%         41
[dprof]     q:rms+aq           0.90     0.7%         41
[dprof]     q:wq_b             6.88     5.4%         41
[dprof]     q:tail             0.58     0.5%         41
[dprof]     q:kv_join          0.06     0.0%         41
[dprof]     o:rope             0.26     0.2%         41
[dprof]     o:wo_a             8.87     7.0%         41
[dprof]     o:wo_b             7.89     6.2%         41
[dprof]     i:qidx             1.76     1.4%         21
[dprof]     i:iw               0.59     0.5%         21
[dprof]     i:score            1.06     0.8%         21
[dprof]     i:topk             0.77     0.6%         21
[dprof]       mg:count         0.24     0.2%         46
[dprof]       mg:prefix        0.25     0.2%         46
[dprof]       mg:scatter       0.26     0.2%         46
[dprof]       mg:tiles         0.25     0.2%         46
[dprof] draft:main_kv          0.13     0.1%          1
[dprof] draft:block           12.17     9.6%          1
[dprof] draft:head            10.31     8.1%          1
[dprof] TOTAL                126.57
[dprof] *** INVALID: moe children 57.94 ms > MoE 54.01 ms — marks recorded outside the reported window

[dprof] ctx=3135 VB=2 verify=40 — verify step by sub-op, summed over all layers (1542 marks)
[dprof] phase                    ms        %      calls
[dprof] hc_pre  (attn)         1.81     1.7%         43
[dprof] rmsnorm (attn)         0.78     0.7%         43
[dprof] ATTENTION             54.30    52.3%         43
[dprof] hc_post (attn)         0.33     0.3%         43
[dprof] hc_pre  (ffn)          2.76     2.7%         43
[dprof] rmsnorm (ffn)          0.76     0.7%         43
[dprof] MoE                   37.52    36.2%         43
[dprof] hc_post (ffn)          0.27     0.3%         43
[dprof] kv xin copy            0.24     0.2%         41
[dprof] hc_head+norm           0.03     0.0%          1
[dprof] lm_head                4.98     4.8%          1
[dprof]   attn:q_proj          0.45     0.4%          2
[dprof]   attn:kv_write        0.08     0.1%          2
[dprof]   attn:sparse          0.32     0.3%          2
[dprof]   attn:ogroup          0.73     0.7%          2
[dprof]   cattn:q_proj        14.78    14.2%         41
[dprof]   cattn:compress       2.46     2.4%         41
[dprof]   cattn:indexer        3.76     3.6%         21
[dprof]   cattn:sparse        14.02    13.5%         41
[dprof]   cattn:ogroup        15.58    15.0%         41
[dprof]   moe:router           1.90     1.8%         46
[dprof]   moe:group            1.94     1.9%         46
[dprof]   moe:w1w3            24.38    23.5%         46
[dprof]   moe:act              1.52     1.5%         46
[dprof]   moe:w2              10.90    10.5%         46
[dprof]   moe:combine          0.50     0.5%         46
[dprof]   moe:shared           0.27     0.3%         46
[dprof]     q:aq(x)            0.29     0.3%         41
[dprof]     q:wq_a             5.68     5.5%         41
[dprof]     q:rms+aq           1.01     1.0%         41
[dprof]     q:wq_b             6.74     6.5%         41
[dprof]     q:tail             0.52     0.5%         41
[dprof]     q:kv_join          0.06     0.1%         41
[dprof]     o:rope             0.22     0.2%         41
[dprof]     o:wo_a             7.66     7.4%         41
[dprof]     o:wo_b             7.50     7.2%         41
[dprof]     i:qidx             1.52     1.5%         21
[dprof]     i:iw               0.43     0.4%         21
[dprof]     i:score            0.96     0.9%         21
[dprof]     i:topk             0.71     0.7%         21
[dprof]       mg:count         0.22     0.2%         46
[dprof]       mg:prefix        0.25     0.2%         46
[dprof]       mg:scatter       0.24     0.2%         46
[dprof]       mg:tiles         0.26     0.2%         46
[dprof] draft:main_kv          0.13     0.1%          1
[dprof] draft:block           12.19    11.7%          1
[dprof] draft:head            10.26     9.9%          1
[dprof] TOTAL                103.77
[dprof] *** INVALID: moe children 41.40 ms > MoE 37.52 ms — marks recorded outside the reported window

[dprof] ctx=3143 VB=3 verify=44 — verify step by sub-op, summed over all layers (1542 marks)
[dprof] phase                    ms        %      calls
[dprof] hc_pre  (attn)         2.07     1.8%         43
[dprof] rmsnorm (attn)         0.75     0.7%         43
[dprof] ATTENTION             56.33    49.1%         43
[dprof] hc_post (attn)         0.35     0.3%         43
[dprof] hc_pre  (ffn)          2.85     2.5%         43
[dprof] rmsnorm (ffn)          0.76     0.7%         43
[dprof] MoE                   46.18    40.3%         43
[dprof] hc_post (ffn)          0.39     0.3%         43
[dprof] kv xin copy            0.22     0.2%         41
[dprof] hc_head+norm           0.03     0.0%          1
[dprof] lm_head                4.76     4.2%          1
[dprof]   attn:q_proj          0.45     0.4%          2
[dprof]   attn:kv_write        0.08     0.1%          2
[dprof]   attn:sparse          0.33     0.3%          2
[dprof]   attn:ogroup          0.75     0.7%          2
[dprof]   cattn:q_proj        14.86    13.0%         41
[dprof]   cattn:compress       2.45     2.1%         41
[dprof]   cattn:indexer        3.92     3.4%         21
[dprof]   cattn:sparse        15.20    13.3%         41
[dprof]   cattn:ogroup        16.14    14.1%         41
[dprof]   moe:router           1.92     1.7%         46
[dprof]   moe:group            2.08     1.8%         46
[dprof]   moe:w1w3            29.61    25.8%         46
[dprof]   moe:act              1.48     1.3%         46
[dprof]   moe:w2              14.14    12.3%         46
[dprof]   moe:combine          0.54     0.5%         46
[dprof]   moe:shared           0.28     0.2%         46
[dprof]     q:aq(x)            0.28     0.2%         41
[dprof]     q:wq_a             5.74     5.0%         41
[dprof]     q:rms+aq           0.95     0.8%         41
[dprof]     q:wq_b             6.82     5.9%         41
[dprof]     q:tail             0.53     0.5%         41
[dprof]     q:kv_join          0.07     0.1%         41
[dprof]     o:rope             0.24     0.2%         41
[dprof]     o:wo_a             8.07     7.0%         41
[dprof]     o:wo_b             7.63     6.7%         41
[dprof]     i:qidx             1.56     1.4%         21
[dprof]     i:iw               0.54     0.5%         21
[dprof]     i:score            0.97     0.8%         21
[dprof]     i:topk             0.72     0.6%         21
[dprof]       mg:count         0.24     0.2%         46
[dprof]       mg:prefix        0.28     0.2%         46
[dprof]       mg:scatter       0.24     0.2%         46
[dprof]       mg:tiles         0.26     0.2%         46
[dprof] draft:main_kv          0.14     0.1%          1
[dprof] draft:block           12.13    10.6%          1
[dprof] draft:head            10.24     8.9%          1
[dprof] TOTAL                114.70
[dprof] *** INVALID: moe children 50.05 ms > MoE 46.18 ms — marks recorded outside the reported window

[dprof] ctx=3151 VB=3 verify=48 — verify step by sub-op, summed over all layers (1542 marks)
[dprof] phase                    ms        %      calls
[dprof] hc_pre  (attn)         2.11     1.9%         43
[dprof] rmsnorm (attn)         0.76     0.7%         43
[dprof] ATTENTION             56.14    50.1%         43
[dprof] hc_post (attn)         0.36     0.3%         43
[dprof] hc_pre  (ffn)          2.84     2.5%         43
[dprof] rmsnorm (ffn)          0.75     0.7%         43
[dprof] MoE                   43.74    39.0%         43
[dprof] hc_post (ffn)          0.36     0.3%         43
[dprof] kv xin copy            0.21     0.2%         41
[dprof] hc_head+norm           0.03     0.0%          1
[dprof] lm_head                4.76     4.2%          1
[dprof]   attn:q_proj          0.45     0.4%          2
[dprof]   attn:kv_write        0.08     0.1%          2
[dprof]   attn:sparse          0.33     0.3%          2
[dprof]   attn:ogroup          0.79     0.7%          2
[dprof]   cattn:q_proj        14.79    13.2%         41
[dprof]   cattn:compress       2.43     2.2%         41
[dprof]   cattn:indexer        3.87     3.5%         21
[dprof]   cattn:sparse        15.27    13.6%         41
[dprof]   cattn:ogroup        16.05    14.3%         41
[dprof]   moe:router           1.92     1.7%         46
[dprof]   moe:group            2.06     1.8%         46
[dprof]   moe:w1w3            28.06    25.0%         46
[dprof]   moe:act              1.50     1.3%         46
[dprof]   moe:w2              13.47    12.0%         46
[dprof]   moe:combine          0.53     0.5%         46
[dprof]   moe:shared           0.24     0.2%         46
[dprof]     q:aq(x)            0.26     0.2%         41
[dprof]     q:wq_a             5.74     5.1%         41
[dprof]     q:rms+aq           0.93     0.8%         41
[dprof]     q:wq_b             6.81     6.1%         41
[dprof]     q:tail             0.55     0.5%         41
[dprof]     q:kv_join          0.06     0.1%         41
[dprof]     o:rope             0.26     0.2%         41
[dprof]     o:wo_a             8.03     7.2%         41
[dprof]     o:wo_b             7.54     6.7%         41
[dprof]     i:qidx             1.58     1.4%         21
[dprof]     i:iw               0.54     0.5%         21
[dprof]     i:score            0.95     0.8%         21
[dprof]     i:topk             0.70     0.6%         21
[dprof]       mg:count         0.23     0.2%         46
[dprof]       mg:prefix        0.26     0.2%         46
[dprof]       mg:scatter       0.24     0.2%         46
[dprof]       mg:tiles         0.26     0.2%         46
[dprof] draft:main_kv          0.13     0.1%          1
[dprof] draft:block           12.26    10.9%          1
[dprof] draft:head            10.20     9.1%          1
[dprof] TOTAL                112.06
[dprof] *** INVALID: moe children 47.78 ms > MoE 43.74 ms — marks recorded outside the reported window

[dprof] ctx=3160 VB=3 verify=52 — verify step by sub-op, summed over all layers (1542 marks)
[dprof] phase                    ms        %      calls
[dprof] hc_pre  (attn)         2.12     2.0%         43
[dprof] rmsnorm (attn)         0.75     0.7%         43
[dprof] ATTENTION             49.35    46.7%         43
[dprof] hc_post (attn)         0.34     0.3%         43
[dprof] hc_pre  (ffn)          2.81     2.7%         43
[dprof] rmsnorm (ffn)          0.77     0.7%         43
[dprof] MoE                   43.94    41.6%         43
[dprof] hc_post (ffn)          0.36     0.3%         43
[dprof] kv xin copy            0.22     0.2%         41
[dprof] hc_head+norm           0.06     0.1%          1
[dprof] lm_head                4.96     4.7%          1
[dprof]   attn:q_proj          0.45     0.4%          2
[dprof]   attn:kv_write        0.08     0.1%          2
[dprof]   attn:sparse          0.33     0.3%          2
[dprof]   attn:ogroup          0.75     0.7%          2
[dprof]   cattn:q_proj        10.12     9.6%         41
[dprof]   cattn:compress       0.05     0.0%         41
[dprof]   cattn:indexer        4.05     3.8%         21
[dprof]   cattn:sparse        15.30    14.5%         41
[dprof]   cattn:ogroup        15.88    15.0%         41
[dprof]   moe:router           1.91     1.8%         46
[dprof]   moe:group            1.95     1.8%         46
[dprof]   moe:w1w3            28.20    26.7%         46
[dprof]   moe:act              1.34     1.3%         46
[dprof]   moe:w2              13.71    13.0%         46
[dprof]   moe:combine          0.57     0.5%         46
[dprof]   moe:shared           0.27     0.3%         46
[dprof]     q:aq(x)            0.24     0.2%         41
[dprof]     q:wq_a             1.67     1.6%         41
[dprof]     q:rms+aq           0.56     0.5%         41
[dprof]     q:wq_b             6.75     6.4%         41
[dprof]     q:tail             0.51     0.5%         41
[dprof]     q:kv_join          0.05     0.0%         41
[dprof]     o:rope             0.25     0.2%         41
[dprof]     o:wo_a             7.88     7.5%         41
[dprof]     o:wo_b             7.53     7.1%         41
[dprof]     i:qidx             1.63     1.5%         21
[dprof]     i:iw               0.56     0.5%         21
[dprof]     i:score            0.97     0.9%         21
[dprof]     i:topk             0.76     0.7%         21
[dprof]       mg:count         0.22     0.2%         46
[dprof]       mg:prefix        0.24     0.2%         46
[dprof]       mg:scatter       0.26     0.2%         46
[dprof]       mg:tiles         0.24     0.2%         46
[dprof] draft:main_kv          0.13     0.1%          1
[dprof] draft:block           12.14    11.5%          1
[dprof] draft:head            10.24     9.7%          1
[dprof] TOTAL                105.67
[dprof] *** INVALID: moe children 47.95 ms > MoE 43.94 ms — marks recorded outside the reported window

[dprof] ctx=3167 VB=3 verify=56 — verify step by sub-op, summed over all layers (1542 marks)
[dprof] phase                    ms        %      calls
[dprof] hc_pre  (attn)         2.08     1.8%         43
[dprof] rmsnorm (attn)         0.76     0.7%         43
[dprof] ATTENTION             56.27    49.7%         43
[dprof] hc_post (attn)         0.37     0.3%         43
[dprof] hc_pre  (ffn)          2.80     2.5%         43
[dprof] rmsnorm (ffn)          0.76     0.7%         43
[dprof] MoE                   44.74    39.5%         43
[dprof] hc_post (ffn)          0.34     0.3%         43
[dprof] kv xin copy            0.22     0.2%         41
[dprof] hc_head+norm           0.03     0.0%          1
[dprof] lm_head                4.90     4.3%          1
[dprof]   attn:q_proj          0.46     0.4%          2
[dprof]   attn:kv_write        0.09     0.1%          2
[dprof]   attn:sparse          0.33     0.3%          2
[dprof]   attn:ogroup          0.79     0.7%          2
[dprof]   cattn:q_proj        14.85    13.1%         41
[dprof]   cattn:compress       2.44     2.2%         41
[dprof]   cattn:indexer        3.91     3.5%         21
[dprof]   cattn:sparse        15.28    13.5%         41
[dprof]   cattn:ogroup        15.94    14.1%         41
[dprof]   moe:router           1.90     1.7%         46
[dprof]   moe:group            2.00     1.8%         46
[dprof]   moe:w1w3            28.67    25.3%         46
[dprof]   moe:act              1.52     1.3%         46
[dprof]   moe:w2              13.71    12.1%         46
[dprof]   moe:combine          0.56     0.5%         46
[dprof]   moe:shared           0.25     0.2%         46
[dprof]     q:aq(x)            0.28     0.2%         41
[dprof]     q:wq_a             5.70     5.0%         41
[dprof]     q:rms+aq           0.96     0.8%         41
[dprof]     q:wq_b             6.86     6.1%         41
[dprof]     q:tail             0.55     0.5%         41
[dprof]     q:kv_join          0.07     0.1%         41
[dprof]     o:rope             0.26     0.2%         41
[dprof]     o:wo_a             7.97     7.0%         41
[dprof]     o:wo_b             7.50     6.6%         41
[dprof]     i:qidx             1.59     1.4%         21
[dprof]     i:iw               0.54     0.5%         21
[dprof]     i:score            0.96     0.8%         21
[dprof]     i:topk             0.69     0.6%         21
[dprof]       mg:count         0.22     0.2%         46
[dprof]       mg:prefix        0.24     0.2%         46
[dprof]       mg:scatter       0.25     0.2%         46
[dprof]       mg:tiles         0.25     0.2%         46
[dprof] draft:main_kv          0.13     0.1%          1
[dprof] draft:block           12.01    10.6%          1
[dprof] draft:head            10.22     9.0%          1
[dprof] TOTAL                113.28
[dprof] *** INVALID: moe children 48.61 ms > MoE 44.74 ms — marks recorded outside the reported window

[dprof] ctx=3177 VB=2 verify=60 — verify step by sub-op, summed over all layers (1542 marks)
[dprof] phase                    ms        %      calls
[dprof] hc_pre  (attn)         1.78     1.9%         43
[dprof] rmsnorm (attn)         0.75     0.8%         43
[dprof] ATTENTION             47.06    49.6%         43
[dprof] hc_post (attn)         0.32     0.3%         43
[dprof] hc_pre  (ffn)          2.85     3.0%         43
[dprof] rmsnorm (ffn)          0.77     0.8%         43
[dprof] MoE                   35.84    37.8%         43
[dprof] hc_post (ffn)          0.27     0.3%         43
[dprof] kv xin copy            0.21     0.2%         41
[dprof] hc_head+norm           0.03     0.0%          1
[dprof] lm_head                4.95     5.2%          1
[dprof]   attn:q_proj          0.47     0.5%          2
[dprof]   attn:kv_write        0.08     0.1%          2
[dprof]   attn:sparse          0.32     0.3%          2
[dprof]   attn:ogroup          0.72     0.8%          2
[dprof]   cattn:q_proj        10.12    10.7%         41
[dprof]   cattn:compress       0.04     0.0%         41
[dprof]   cattn:indexer        3.74     3.9%         21
[dprof]   cattn:sparse        14.02    14.8%         41
[dprof]   cattn:ogroup        15.40    16.2%         41
[dprof]   moe:router           1.92     2.0%         46
[dprof]   moe:group            1.93     2.0%         46
[dprof]   moe:w1w3            23.29    24.6%         46
[dprof]   moe:act              1.43     1.5%         46
[dprof]   moe:w2              10.56    11.1%         46
[dprof]   moe:combine          0.46     0.5%         46
[dprof]   moe:shared           0.25     0.3%         46
[dprof]     q:aq(x)            0.21     0.2%         41
[dprof]     q:wq_a             1.64     1.7%         41
[dprof]     q:rms+aq           0.58     0.6%         41
[dprof]     q:wq_b             6.78     7.2%         41
[dprof]     q:tail             0.49     0.5%         41
[dprof]     q:kv_join          0.06     0.1%         41
[dprof]     o:rope             0.21     0.2%         41
[dprof]     o:wo_a             7.61     8.0%         41
[dprof]     o:wo_b             7.37     7.8%         41
[dprof]     i:qidx             1.53     1.6%         21
[dprof]     i:iw               0.42     0.4%         21
[dprof]     i:score            0.95     1.0%         21
[dprof]     i:topk             0.71     0.7%         21
[dprof]       mg:count         0.23     0.2%         46
[dprof]       mg:prefix        0.26     0.3%         46
[dprof]       mg:scatter       0.25     0.3%         46
[dprof]       mg:tiles         0.24     0.3%         46
[dprof] draft:main_kv          0.13     0.1%          1
[dprof] draft:block           12.14    12.8%          1
[dprof] draft:head            10.27    10.8%          1
[dprof] TOTAL                 94.82
[dprof] *** INVALID: moe children 39.84 ms > MoE 35.84 ms — marks recorded outside the reported window

[dprof] ctx=3184 VB=2 verify=64 — verify step by sub-op, summed over all layers (1542 marks)
[dprof] phase                    ms        %      calls
[dprof] hc_pre  (attn)         1.85     2.0%         43
[dprof] rmsnorm (attn)         0.79     0.9%         43
[dprof] ATTENTION             46.43    50.9%         43
[dprof] hc_post (attn)         0.30     0.3%         43
[dprof] hc_pre  (ffn)          2.76     3.0%         43
[dprof] rmsnorm (ffn)          0.75     0.8%         43
[dprof] MoE                   32.78    35.9%         43
[dprof] hc_post (ffn)          0.28     0.3%         43
[dprof] kv xin copy            0.24     0.3%         41
[dprof] hc_head+norm           0.06     0.1%          1
[dprof] lm_head                4.98     5.5%          1
[dprof]   attn:q_proj          0.45     0.5%          2
[dprof]   attn:kv_write        0.08     0.1%          2
[dprof]   attn:sparse          0.32     0.3%          2
[dprof]   attn:ogroup          0.73     0.8%          2
[dprof]   cattn:q_proj        10.07    11.0%         41
[dprof]   cattn:compress       0.04     0.0%         41
[dprof]   cattn:indexer        3.66     4.0%         21
[dprof]   cattn:sparse        13.95    15.3%         41
[dprof]   cattn:ogroup        15.19    16.7%         41
[dprof]   moe:router           1.92     2.1%         46
[dprof]   moe:group            2.04     2.2%         46
[dprof]   moe:w1w3            20.88    22.9%         46
[dprof]   moe:act              1.46     1.6%         46
[dprof]   moe:w2               9.60    10.5%         46
[dprof]   moe:combine          0.48     0.5%         46
[dprof]   moe:shared           0.26     0.3%         46
[dprof]     q:aq(x)            0.22     0.2%         41
[dprof]     q:wq_a             1.64     1.8%         41
[dprof]     q:rms+aq           0.59     0.6%         41
[dprof]     q:wq_b             6.68     7.3%         41
[dprof]     q:tail             0.50     0.5%         41
[dprof]     q:kv_join          0.06     0.1%         41
[dprof]     o:rope             0.22     0.2%         41
[dprof]     o:wo_a             7.51     8.2%         41
[dprof]     o:wo_b             7.27     8.0%         41
[dprof]     i:qidx             1.50     1.6%         21
[dprof]     i:iw               0.42     0.5%         21
[dprof]     i:score            0.95     1.0%         21
[dprof]     i:topk             0.68     0.7%         21
[dprof]       mg:count         0.23     0.2%         46
[dprof]       mg:prefix        0.27     0.3%         46
[dprof]       mg:scatter       0.27     0.3%         46
[dprof]       mg:tiles         0.25     0.3%         46
[dprof] draft:main_kv          0.13     0.1%          1
[dprof] draft:block           12.20    13.4%          1
[dprof] draft:head            10.29    11.3%          1
[dprof] TOTAL                 91.23
[dprof] *** INVALID: moe children 36.63 ms > MoE 32.78 ms — marks recorded outside the reported window

[dprof] ctx=3189 VB=2 verify=68 — verify step by sub-op, summed over all layers (1542 marks)
[dprof] phase                    ms        %      calls
[dprof] hc_pre  (attn)         1.80     1.9%         43
[dprof] rmsnorm (attn)         0.76     0.8%         43
[dprof] ATTENTION             47.07    50.8%         43
[dprof] hc_post (attn)         0.32     0.3%         43
[dprof] hc_pre  (ffn)          2.78     3.0%         43
[dprof] rmsnorm (ffn)          0.76     0.8%         43
[dprof] MoE                   33.69    36.4%         43
[dprof] hc_post (ffn)          0.27     0.3%         43
[dprof] kv xin copy            0.23     0.2%         41
[dprof] hc_head+norm           0.03     0.0%          1
[dprof] lm_head                4.94     5.3%          1
[dprof]   attn:q_proj          0.45     0.5%          2
[dprof]   attn:kv_write        0.08     0.1%          2
[dprof]   attn:sparse          0.32     0.3%          2
[dprof]   attn:ogroup          0.72     0.8%          2
[dprof]   cattn:q_proj        10.09    10.9%         41
[dprof]   cattn:compress       0.04     0.0%         41
[dprof]   cattn:indexer        3.78     4.1%         21
[dprof]   cattn:sparse        13.97    15.1%         41
[dprof]   cattn:ogroup        15.31    16.5%         41
[dprof]   moe:router           1.89     2.0%         46
[dprof]   moe:group            1.98     2.1%         46
[dprof]   moe:w1w3            21.73    23.5%         46
[dprof]   moe:act              1.39     1.5%         46
[dprof]   moe:w2               9.92    10.7%         46
[dprof]   moe:combine          0.46     0.5%         46
[dprof]   moe:shared           0.24     0.3%         46
[dprof]     q:aq(x)            0.23     0.3%         41
[dprof]     q:wq_a             1.64     1.8%         41
[dprof]     q:rms+aq           0.58     0.6%         41
[dprof]     q:wq_b             6.73     7.3%         41
[dprof]     q:tail             0.49     0.5%         41
[dprof]     q:kv_join          0.05     0.1%         41
[dprof]     o:rope             0.22     0.2%         41
[dprof]     o:wo_a             7.57     8.2%         41
[dprof]     o:wo_b             7.32     7.9%         41
[dprof]     i:qidx             1.53     1.7%         21
[dprof]     i:iw               0.44     0.5%         21
[dprof]     i:score            0.96     1.0%         21
[dprof]     i:topk             0.70     0.8%         21
[dprof]       mg:count         0.24     0.3%         46
[dprof]       mg:prefix        0.26     0.3%         46
[dprof]       mg:scatter       0.24     0.3%         46
[dprof]       mg:tiles         0.26     0.3%         46
[dprof] draft:main_kv          0.13     0.1%          1
[dprof] draft:block           12.07    13.0%          1
[dprof] draft:head            10.26    11.1%          1
[dprof] TOTAL                 92.65
[dprof] *** INVALID: moe children 37.63 ms > MoE 33.69 ms — marks recorded outside the reported window

[dprof] ctx=3068 VB=6 verify=0 — verify step by sub-op, summed over all layers (1542 marks)
[dprof] phase                    ms        %      calls
[dprof] hc_pre  (attn)         2.94     1.5%         43
[dprof] rmsnorm (attn)         0.78     0.4%         43
[dprof] ATTENTION            104.50    52.8%         43
[dprof] hc_post (attn)         0.49     0.2%         43
[dprof] hc_pre  (ffn)          4.59     2.3%         43
[dprof] rmsnorm (ffn)          0.74     0.4%         43
[dprof] MoE                   75.29    38.1%         43
[dprof] hc_post (ffn)          0.44     0.2%         43
[dprof] kv xin copy            0.24     0.1%         41
[dprof] hc_head+norm           0.04     0.0%          1
[dprof] lm_head                7.75     3.9%          1
[dprof]   attn:q_proj          0.50     0.3%          2
[dprof]   attn:kv_write        0.08     0.0%          2
[dprof]   attn:sparse          0.36     0.2%          2
[dprof]   attn:ogroup          0.93     0.5%          2
[dprof]   cattn:q_proj        14.90     7.5%         41
[dprof]   cattn:compress      42.63    21.6%         41
[dprof]   cattn:indexer        4.62     2.3%         21
[dprof]   cattn:sparse        18.73     9.5%         41
[dprof]   cattn:ogroup        19.55     9.9%         41
[dprof]   moe:router           1.96     1.0%         46
[dprof]   moe:group            2.33     1.2%         46
[dprof]   moe:w1w3            48.15    24.3%         46
[dprof]   moe:act              1.93     1.0%         46
[dprof]   moe:w2              24.08    12.2%         46
[dprof]   moe:combine          0.69     0.3%         46
[dprof]   moe:shared           0.26     0.1%         46
[dprof]     q:aq(x)            0.33     0.2%         41
[dprof]     q:wq_a             5.39     2.7%         41
[dprof]     q:rms+aq           0.80     0.4%         41
[dprof]     q:wq_b             7.20     3.6%         41
[dprof]     q:tail             0.67     0.3%         41
[dprof]     q:kv_join          0.06     0.0%         41
[dprof]     o:rope             0.25     0.1%         41
[dprof]     o:wo_a            10.46     5.3%         41
[dprof]     o:wo_b             8.64     4.4%         41
[dprof]     i:qidx             1.98     1.0%         21
[dprof]     i:iw               0.72     0.4%         21
[dprof]     i:score            1.06     0.5%         21
[dprof]     i:topk             0.74     0.4%         21
[dprof]       mg:count         0.23     0.1%         46
[dprof]       mg:prefix        0.24     0.1%         46
[dprof]       mg:scatter       0.24     0.1%         46
[dprof]       mg:tiles         0.25     0.1%         46
[dprof] draft:main_kv          0.01     0.0%          1
[dprof] draft:block           12.19     6.2%          1
[dprof] draft:head            10.27     5.2%          1
[dprof] TOTAL                197.80
[dprof] *** INVALID: moe children 79.39 ms > MoE 75.29 ms — marks recorded outside the reported window

[dprof] ctx=3075 VB=2 verify=4 — verify step by sub-op, summed over all layers (1542 marks)
[dprof] phase                    ms        %      calls
[dprof] hc_pre  (attn)         1.84     1.8%         43
[dprof] rmsnorm (attn)         0.75     0.7%         43
[dprof] ATTENTION             54.27    53.9%         43
[dprof] hc_post (attn)         0.31     0.3%         43
[dprof] hc_pre  (ffn)          2.76     2.7%         43
[dprof] rmsnorm (ffn)          0.77     0.8%         43
[dprof] MoE                   34.59    34.3%         43
[dprof] hc_post (ffn)          0.28     0.3%         43
[dprof] kv xin copy            0.23     0.2%         41
[dprof] hc_head+norm           0.03     0.0%          1
[dprof] lm_head                4.91     4.9%          1
[dprof]   attn:q_proj          0.45     0.4%          2
[dprof]   attn:kv_write        0.08     0.1%          2
[dprof]   attn:sparse          0.34     0.3%          2
[dprof]   attn:ogroup          0.75     0.7%          2
[dprof]   cattn:q_proj        14.75    14.6%         41
[dprof]   cattn:compress       2.47     2.5%         41
[dprof]   cattn:indexer        3.74     3.7%         21
[dprof]   cattn:sparse        14.01    13.9%         41
[dprof]   cattn:ogroup        15.50    15.4%         41
[dprof]   moe:router           1.92     1.9%         46
[dprof]   moe:group            1.88     1.9%         46
[dprof]   moe:w1w3            22.40    22.2%         46
[dprof]   moe:act              1.53     1.5%         46
[dprof]   moe:w2              10.13    10.1%         46
[dprof]   moe:combine          0.52     0.5%         46
[dprof]   moe:shared           0.26     0.3%         46
[dprof]     q:aq(x)            0.28     0.3%         41
[dprof]     q:wq_a             5.67     5.6%         41
[dprof]     q:rms+aq           1.01     1.0%         41
[dprof]     q:wq_b             6.78     6.7%         41
[dprof]     q:tail             0.52     0.5%         41
[dprof]     q:kv_join          0.05     0.1%         41
[dprof]     o:rope             0.21     0.2%         41
[dprof]     o:wo_a             7.71     7.7%         41
[dprof]     o:wo_b             7.39     7.3%         41
[dprof]     i:qidx             1.53     1.5%         21
[dprof]     i:iw               0.43     0.4%         21
[dprof]     i:score            0.96     0.9%         21
[dprof]     i:topk             0.70     0.7%         21
[dprof]       mg:count         0.21     0.2%         46
[dprof]       mg:prefix        0.24     0.2%         46
[dprof]       mg:scatter       0.25     0.2%         46
[dprof]       mg:tiles         0.25     0.2%         46
[dprof] draft:main_kv          0.13     0.1%          1
[dprof] draft:block           12.27    12.2%          1
[dprof] draft:head            10.24    10.2%          1
[dprof] TOTAL                100.75
[dprof] *** INVALID: moe children 38.65 ms > MoE 34.59 ms — marks recorded outside the reported window

[dprof] ctx=3082 VB=4 verify=8 — verify step by sub-op, summed over all layers (1542 marks)
[dprof] phase                    ms        %      calls
[dprof] hc_pre  (attn)         2.33     1.8%         43
[dprof] rmsnorm (attn)         0.77     0.6%         43
[dprof] ATTENTION             59.20    45.9%         43
[dprof] hc_post (attn)         0.40     0.3%         43
[dprof] hc_pre  (ffn)          2.93     2.3%         43
[dprof] rmsnorm (ffn)          0.76     0.6%         43
[dprof] MoE                   56.52    43.8%         43
[dprof] hc_post (ffn)          0.37     0.3%         43
[dprof] kv xin copy            0.23     0.2%         41
[dprof] hc_head+norm           0.03     0.0%          1
[dprof] lm_head                5.42     4.2%          1
[dprof]   attn:q_proj          0.46     0.4%          2
[dprof]   attn:kv_write        0.08     0.1%          2
[dprof]   attn:sparse          0.34     0.3%          2
[dprof]   attn:ogroup          0.82     0.6%          2
[dprof]   cattn:q_proj        14.91    11.6%         41
[dprof]   cattn:compress       2.38     1.8%         41
[dprof]   cattn:indexer        4.26     3.3%         21
[dprof]   cattn:sparse        16.57    12.8%         41
[dprof]   cattn:ogroup        17.10    13.3%         41
[dprof]   moe:router           1.89     1.5%         46
[dprof]   moe:group            2.09     1.6%         46
[dprof]   moe:w1w3            36.53    28.3%         46
[dprof]   moe:act              1.67     1.3%         46
[dprof]   moe:w2              17.61    13.7%         46
[dprof]   moe:combine          0.61     0.5%         46
[dprof]   moe:shared           0.26     0.2%         46
[dprof]     q:aq(x)            0.40     0.3%         41
[dprof]     q:wq_a             5.47     4.2%         41
[dprof]     q:rms+aq           0.91     0.7%         41
[dprof]     q:wq_b             6.96     5.4%         41
[dprof]     q:tail             0.59     0.5%         41
[dprof]     q:kv_join          0.07     0.1%         41
[dprof]     o:rope             0.28     0.2%         41
[dprof]     o:wo_a             8.79     6.8%         41
[dprof]     o:wo_b             7.81     6.1%         41
[dprof]     i:qidx             1.77     1.4%         21
[dprof]     i:iw               0.60     0.5%         21
[dprof]     i:score            1.03     0.8%         21
[dprof]     i:topk             0.72     0.6%         21
[dprof]       mg:count         0.21     0.2%         46
[dprof]       mg:prefix        0.24     0.2%         46
[dprof]       mg:scatter       0.24     0.2%         46
[dprof]       mg:tiles         0.27     0.2%         46
[dprof] draft:main_kv          0.13     0.1%          1
[dprof] draft:block           12.29     9.5%          1
[dprof] draft:head            10.28     8.0%          1
[dprof] TOTAL                128.97
[dprof] *** INVALID: moe children 60.65 ms > MoE 56.52 ms — marks recorded outside the reported window

[dprof] ctx=3090 VB=4 verify=12 — verify step by sub-op, summed over all layers (1542 marks)
[dprof] phase                    ms        %      calls
[dprof] hc_pre  (attn)         2.35     1.8%         43
[dprof] rmsnorm (attn)         0.74     0.6%         43
[dprof] ATTENTION             59.23    45.9%         43
[dprof] hc_post (attn)         0.40     0.3%         43
[dprof] hc_pre  (ffn)          2.94     2.3%         43
[dprof] rmsnorm (ffn)          0.79     0.6%         43
[dprof] MoE                   56.61    43.8%         43
[dprof] hc_post (ffn)          0.38     0.3%         43
[dprof] kv xin copy            0.23     0.2%         41
[dprof] hc_head+norm           0.03     0.0%          1
[dprof] lm_head                5.41     4.2%          1
[dprof]   attn:q_proj          0.46     0.4%          2
[dprof]   attn:kv_write        0.08     0.1%          2
[dprof]   attn:sparse          0.34     0.3%          2
[dprof]   attn:ogroup          0.82     0.6%          2
[dprof]   cattn:q_proj        14.63    11.3%         41
[dprof]   cattn:compress       2.44     1.9%         41
[dprof]   cattn:indexer        4.26     3.3%         21
[dprof]   cattn:sparse        16.55    12.8%         41
[dprof]   cattn:ogroup        17.34    13.4%         41
[dprof]   moe:router           1.92     1.5%         46
[dprof]   moe:group            2.08     1.6%         46
[dprof]   moe:w1w3            36.39    28.2%         46
[dprof]   moe:act              1.61     1.2%         46
[dprof]   moe:w2              17.81    13.8%         46
[dprof]   moe:combine          0.60     0.5%         46
[dprof]   moe:shared           0.27     0.2%         46
[dprof]     q:aq(x)            0.36     0.3%         41
[dprof]     q:wq_a             5.41     4.2%         41
[dprof]     q:rms+aq           0.89     0.7%         41
[dprof]     q:wq_b             6.88     5.3%         41
[dprof]     q:tail             0.59     0.5%         41
[dprof]     q:kv_join          0.06     0.0%         41
[dprof]     o:rope             0.24     0.2%         41
[dprof]     o:wo_a             8.95     6.9%         41
[dprof]     o:wo_b             7.94     6.2%         41
[dprof]     i:qidx             1.76     1.4%         21
[dprof]     i:iw               0.60     0.5%         21
[dprof]     i:score            1.03     0.8%         21
[dprof]     i:topk             0.74     0.6%         21
[dprof]       mg:count         0.21     0.2%         46
[dprof]       mg:prefix        0.24     0.2%         46
[dprof]       mg:scatter       0.24     0.2%         46
[dprof]       mg:tiles         0.24     0.2%         46
[dprof] draft:main_kv          0.13     0.1%          1
[dprof] draft:block           12.25     9.5%          1
[dprof] draft:head            10.30     8.0%          1
[dprof] TOTAL                129.13
[dprof] *** INVALID: moe children 60.68 ms > MoE 56.61 ms — marks recorded outside the reported window

[dprof] ctx=3096 VB=4 verify=16 — verify step by sub-op, summed over all layers (1542 marks)
[dprof] phase                    ms        %      calls
[dprof] hc_pre  (attn)         2.36     1.9%         43
[dprof] rmsnorm (attn)         0.76     0.6%         43
[dprof] ATTENTION             58.76    46.4%         43
[dprof] hc_post (attn)         0.40     0.3%         43
[dprof] hc_pre  (ffn)          2.98     2.4%         43
[dprof] rmsnorm (ffn)          0.74     0.6%         43
[dprof] MoE                   54.72    43.2%         43
[dprof] hc_post (ffn)          0.36     0.3%         43
[dprof] kv xin copy            0.23     0.2%         41
[dprof] hc_head+norm           0.03     0.0%          1
[dprof] lm_head                5.41     4.3%          1
[dprof]   attn:q_proj          0.46     0.4%          2
[dprof]   attn:kv_write        0.08     0.1%          2
[dprof]   attn:sparse          0.35     0.3%          2
[dprof]   attn:ogroup          0.82     0.6%          2
[dprof]   cattn:q_proj        14.38    11.3%         41
[dprof]   cattn:compress       2.42     1.9%         41
[dprof]   cattn:indexer        4.28     3.4%         21
[dprof]   cattn:sparse        16.48    13.0%         41
[dprof]   cattn:ogroup        17.21    13.6%         41
[dprof]   moe:router           1.91     1.5%         46
[dprof]   moe:group            2.11     1.7%         46
[dprof]   moe:w1w3            35.03    27.6%         46
[dprof]   moe:act              1.63     1.3%         46
[dprof]   moe:w2              17.08    13.5%         46
[dprof]   moe:combine          0.57     0.5%         46
[dprof]   moe:shared           0.26     0.2%         46
[dprof]     q:aq(x)            0.29     0.2%         41
[dprof]     q:wq_a             5.25     4.1%         41
[dprof]     q:rms+aq           0.94     0.7%         41
[dprof]     q:wq_b             6.83     5.4%         41
[dprof]     q:tail             0.57     0.5%         41
[dprof]     q:kv_join          0.05     0.0%         41
[dprof]     o:rope             0.25     0.2%         41
[dprof]     o:wo_a             8.93     7.0%         41
[dprof]     o:wo_b             7.81     6.2%         41
[dprof]     i:qidx             1.75     1.4%         21
[dprof]     i:iw               0.62     0.5%         21
[dprof]     i:score            1.03     0.8%         21
[dprof]     i:topk             0.75     0.6%         21
[dprof]       mg:count         0.21     0.2%         46
[dprof]       mg:prefix        0.26     0.2%         46
[dprof]       mg:scatter       0.25     0.2%         46
[dprof]       mg:tiles         0.24     0.2%         46
[dprof] draft:main_kv          0.13     0.1%          1
[dprof] draft:block           11.95     9.4%          1
[dprof] draft:head            10.26     8.1%          1
[dprof] TOTAL                126.75
[dprof] *** INVALID: moe children 58.59 ms > MoE 54.72 ms — marks recorded outside the reported window

[dprof] ctx=3104 VB=2 verify=20 — verify step by sub-op, summed over all layers (1542 marks)
[dprof] phase                    ms        %      calls
[dprof] hc_pre  (attn)         1.82     1.9%         43
[dprof] rmsnorm (attn)         0.79     0.8%         43
[dprof] ATTENTION             46.70    49.9%         43
[dprof] hc_post (attn)         0.32     0.3%         43
[dprof] hc_pre  (ffn)          2.78     3.0%         43
[dprof] rmsnorm (ffn)          0.77     0.8%         43
[dprof] MoE                   34.88    37.3%         43
[dprof] hc_post (ffn)          0.27     0.3%         43
[dprof] kv xin copy            0.21     0.2%         41
[dprof] hc_head+norm           0.03     0.0%          1
[dprof] lm_head                4.97     5.3%          1
[dprof]   attn:q_proj          0.45     0.5%          2
[dprof]   attn:kv_write        0.09     0.1%          2
[dprof]   attn:sparse          0.32     0.3%          2
[dprof]   attn:ogroup          0.74     0.8%          2
[dprof]   cattn:q_proj        10.07    10.8%         41
[dprof]   cattn:compress       0.05     0.1%         41
[dprof]   cattn:indexer        3.69     3.9%         21
[dprof]   cattn:sparse        14.02    15.0%         41
[dprof]   cattn:ogroup        15.31    16.4%         41
[dprof]   moe:router           1.89     2.0%         46
[dprof]   moe:group            1.96     2.1%         46
[dprof]   moe:w1w3            22.50    24.1%         46
[dprof]   moe:act              1.46     1.6%         46
[dprof]   moe:w2              10.26    11.0%         46
[dprof]   moe:combine          0.52     0.6%         46
[dprof]   moe:shared           0.27     0.3%         46
[dprof]     q:aq(x)            0.23     0.2%         41
[dprof]     q:wq_a             1.64     1.8%         41
[dprof]     q:rms+aq           0.59     0.6%         41
[dprof]     q:wq_b             6.70     7.2%         41
[dprof]     q:tail             0.47     0.5%         41
[dprof]     q:kv_join          0.04     0.0%         41
[dprof]     o:rope             0.22     0.2%         41
[dprof]     o:wo_a             7.58     8.1%         41
[dprof]     o:wo_b             7.32     7.8%         41
[dprof]     i:qidx             1.51     1.6%         21
[dprof]     i:iw               0.42     0.5%         21
[dprof]     i:score            0.96     1.0%         21
[dprof]     i:topk             0.68     0.7%         21
[dprof]       mg:count         0.22     0.2%         46
[dprof]       mg:prefix        0.25     0.3%         46
[dprof]       mg:scatter       0.25     0.3%         46
[dprof]       mg:tiles         0.26     0.3%         46
[dprof] draft:main_kv          0.13     0.1%          1
[dprof] draft:block           12.21    13.0%          1
[dprof] draft:head            10.23    10.9%          1
[dprof] TOTAL                 93.55
[dprof] *** INVALID: moe children 38.86 ms > MoE 34.88 ms — marks recorded outside the reported window

[dprof] ctx=3109 VB=2 verify=24 — verify step by sub-op, summed over all layers (1542 marks)
[dprof] phase                    ms        %      calls
[dprof] hc_pre  (attn)         1.83     1.9%         43
[dprof] rmsnorm (attn)         0.78     0.8%         43
[dprof] ATTENTION             47.29    50.0%         43
[dprof] hc_post (attn)         0.33     0.4%         43
[dprof] hc_pre  (ffn)          2.79     3.0%         43
[dprof] rmsnorm (ffn)          0.77     0.8%         43
[dprof] MoE                   35.40    37.5%         43
[dprof] hc_post (ffn)          0.27     0.3%         43
[dprof] kv xin copy            0.23     0.2%         41
[dprof] hc_head+norm           0.03     0.0%          1
[dprof] lm_head                4.78     5.1%          1
[dprof]   attn:q_proj          0.45     0.5%          2
[dprof]   attn:kv_write        0.08     0.1%          2
[dprof]   attn:sparse          0.32     0.3%          2
[dprof]   attn:ogroup          0.72     0.8%          2
[dprof]   cattn:q_proj        10.14    10.7%         41
[dprof]   cattn:compress       0.04     0.0%         41
[dprof]   cattn:indexer        3.70     3.9%         21
[dprof]   cattn:sparse        14.01    14.8%         41
[dprof]   cattn:ogroup        15.59    16.5%         41
[dprof]   moe:router           1.92     2.0%         46
[dprof]   moe:group            1.90     2.0%         46
[dprof]   moe:w1w3            22.88    24.2%         46
[dprof]   moe:act              1.46     1.5%         46
[dprof]   moe:w2              10.40    11.0%         46
[dprof]   moe:combine          0.45     0.5%         46
[dprof]   moe:shared           0.26     0.3%         46
[dprof]     q:aq(x)            0.25     0.3%         41
[dprof]     q:wq_a             1.65     1.7%         41
[dprof]     q:rms+aq           0.57     0.6%         41
[dprof]     q:wq_b             6.76     7.2%         41
[dprof]     q:tail             0.49     0.5%         41
[dprof]     q:kv_join          0.05     0.1%         41
[dprof]     o:rope             0.23     0.2%         41
[dprof]     o:wo_a             7.76     8.2%         41
[dprof]     o:wo_b             7.38     7.8%         41
[dprof]     i:qidx             1.50     1.6%         21
[dprof]     i:iw               0.43     0.4%         21
[dprof]     i:score            0.96     1.0%         21
[dprof]     i:topk             0.68     0.7%         21
[dprof]       mg:count         0.21     0.2%         46
[dprof]       mg:prefix        0.25     0.3%         46
[dprof]       mg:scatter       0.25     0.3%         46
[dprof]       mg:tiles         0.25     0.3%         46
[dprof] draft:main_kv          0.13     0.1%          1
[dprof] draft:block           12.13    12.8%          1
[dprof] draft:head            10.26    10.9%          1
[dprof] TOTAL                 94.50
[dprof] *** INVALID: moe children 39.28 ms > MoE 35.40 ms — marks recorded outside the reported window

[dprof] ctx=3115 VB=6 verify=28 — verify step by sub-op, summed over all layers (1542 marks)
[dprof] phase                    ms        %      calls
[dprof] hc_pre  (attn)         2.95     1.8%         43
[dprof] rmsnorm (attn)         0.78     0.5%         43
[dprof] ATTENTION             72.40    43.0%         43
[dprof] hc_post (attn)         0.48     0.3%         43
[dprof] hc_pre  (ffn)          4.53     2.7%         43
[dprof] rmsnorm (ffn)          0.77     0.5%         43
[dprof] MoE                   78.14    46.4%         43
[dprof] hc_post (ffn)          0.45     0.3%         43
[dprof] kv xin copy            0.27     0.2%         41
[dprof] hc_head+norm           0.04     0.0%          1
[dprof] lm_head                7.72     4.6%          1
[dprof]   attn:q_proj          0.49     0.3%          2
[dprof]   attn:kv_write        0.08     0.0%          2
[dprof]   attn:sparse          0.36     0.2%          2
[dprof]   attn:ogroup          0.93     0.6%          2
[dprof]   cattn:q_proj        15.49     9.2%         41
[dprof]   cattn:compress       9.08     5.4%         41
[dprof]   cattn:indexer        5.18     3.1%         21
[dprof]   cattn:sparse        18.74    11.1%         41
[dprof]   cattn:ogroup        19.56    11.6%         41
[dprof]   moe:router           1.95     1.2%         46
[dprof]   moe:group            2.37     1.4%         46
[dprof]   moe:w1w3            50.01    29.7%         46
[dprof]   moe:act              2.03     1.2%         46
[dprof]   moe:w2              24.90    14.8%         46
[dprof]   moe:combine          0.71     0.4%         46
[dprof]   moe:shared           0.26     0.2%         46
[dprof]     q:aq(x)            0.32     0.2%         41
[dprof]     q:wq_a             6.02     3.6%         41
[dprof]     q:rms+aq           0.73     0.4%         41
[dprof]     q:wq_b             7.25     4.3%         41
[dprof]     q:tail             0.69     0.4%         41
[dprof]     q:kv_join          0.06     0.0%         41
[dprof]     o:rope             0.27     0.2%         41
[dprof]     o:wo_a            10.47     6.2%         41
[dprof]     o:wo_b             8.60     5.1%         41
[dprof]     i:qidx             2.01     1.2%         21
[dprof]     i:iw               1.15     0.7%         21
[dprof]     i:score            1.16     0.7%         21
[dprof]     i:topk             0.76     0.4%         21
[dprof]       mg:count         0.23     0.1%         46
[dprof]       mg:prefix        0.27     0.2%         46
[dprof]       mg:scatter       0.25     0.2%         46
[dprof]       mg:tiles         0.25     0.1%         46
[dprof] draft:main_kv          0.13     0.1%          1
[dprof] draft:block           12.15     7.2%          1
[dprof] draft:head            10.28     6.1%          1
[dprof] TOTAL                168.52
[dprof] *** INVALID: moe children 82.23 ms > MoE 78.14 ms — marks recorded outside the reported window

[dprof] ctx=3123 VB=4 verify=32 — verify step by sub-op, summed over all layers (1542 marks)
[dprof] phase                    ms        %      calls
[dprof] hc_pre  (attn)         2.36     1.8%         43
[dprof] rmsnorm (attn)         0.75     0.6%         43
[dprof] ATTENTION             59.68    45.5%         43
[dprof] hc_post (attn)         0.39     0.3%         43
[dprof] hc_pre  (ffn)          2.95     2.3%         43
[dprof] rmsnorm (ffn)          0.75     0.6%         43
[dprof] MoE                   58.08    44.3%         43
[dprof] hc_post (ffn)          0.36     0.3%         43
[dprof] kv xin copy            0.23     0.2%         41
[dprof] hc_head+norm           0.04     0.0%          1
[dprof] lm_head                5.47     4.2%          1
[dprof]   attn:q_proj          0.46     0.4%          2
[dprof]   attn:kv_write        0.08     0.1%          2
[dprof]   attn:sparse          0.34     0.3%          2
[dprof]   attn:ogroup          0.82     0.6%          2
[dprof]   cattn:q_proj        15.01    11.5%         41
[dprof]   cattn:compress       2.43     1.9%         41
[dprof]   cattn:indexer        4.28     3.3%         21
[dprof]   cattn:sparse        16.53    12.6%         41
[dprof]   cattn:ogroup        17.22    13.1%         41
[dprof]   moe:router           1.91     1.5%         46
[dprof]   moe:group            2.11     1.6%         46
[dprof]   moe:w1w3            37.44    28.6%         46
[dprof]   moe:act              1.68     1.3%         46
[dprof]   moe:w2              18.09    13.8%         46
[dprof]   moe:combine          0.58     0.4%         46
[dprof]   moe:shared           0.25     0.2%         46
[dprof]     q:aq(x)            0.29     0.2%         41
[dprof]     q:wq_a             5.79     4.4%         41
[dprof]     q:rms+aq           0.93     0.7%         41
[dprof]     q:wq_b             6.92     5.3%         41
[dprof]     q:tail             0.59     0.5%         41
[dprof]     q:kv_join          0.05     0.0%         41
[dprof]     o:rope             0.24     0.2%         41
[dprof]     o:wo_a             8.92     6.8%         41
[dprof]     o:wo_b             7.84     6.0%         41
[dprof]     i:qidx             1.77     1.3%         21
[dprof]     i:iw               0.61     0.5%         21
[dprof]     i:score            1.04     0.8%         21
[dprof]     i:topk             0.73     0.6%         21
[dprof]       mg:count         0.22     0.2%         46
[dprof]       mg:prefix        0.25     0.2%         46
[dprof]       mg:scatter       0.25     0.2%         46
[dprof]       mg:tiles         0.24     0.2%         46
[dprof] draft:main_kv          0.13     0.1%          1
[dprof] draft:block           12.23     9.3%          1
[dprof] draft:head            10.29     7.9%          1
[dprof] TOTAL                131.06
[dprof] *** INVALID: moe children 62.07 ms > MoE 58.08 ms — marks recorded outside the reported window

[dprof] ctx=3128 VB=2 verify=36 — verify step by sub-op, summed over all layers (1542 marks)
[dprof] phase                    ms        %      calls
[dprof] hc_pre  (attn)         1.83     2.0%         43
[dprof] rmsnorm (attn)         0.77     0.8%         43
[dprof] ATTENTION             46.63    51.5%         43
[dprof] hc_post (attn)         0.32     0.3%         43
[dprof] hc_pre  (ffn)          2.78     3.1%         43
[dprof] rmsnorm (ffn)          0.78     0.9%         43
[dprof] MoE                   32.11    35.5%         43
[dprof] hc_post (ffn)          0.28     0.3%         43
[dprof] kv xin copy            0.22     0.2%         41
[dprof] hc_head+norm           0.03     0.0%          1
[dprof] lm_head                4.73     5.2%          1
[dprof]   attn:q_proj          0.45     0.5%          2
[dprof]   attn:kv_write        0.09     0.1%          2
[dprof]   attn:sparse          0.32     0.3%          2
[dprof]   attn:ogroup          0.76     0.8%          2
[dprof]   cattn:q_proj         9.99    11.0%         41
[dprof]   cattn:compress       0.04     0.0%         41
[dprof]   cattn:indexer        3.66     4.0%         21
[dprof]   cattn:sparse        13.97    15.4%         41
[dprof]   cattn:ogroup        15.34    17.0%         41
[dprof]   moe:router           1.91     2.1%         46
[dprof]   moe:group            1.93     2.1%         46
[dprof]   moe:w1w3            20.37    22.5%         46
[dprof]   moe:act              1.38     1.5%         46
[dprof]   moe:w2               9.59    10.6%         46
[dprof]   moe:combine          0.47     0.5%         46
[dprof]   moe:shared           0.25     0.3%         46
[dprof]     q:aq(x)            0.22     0.2%         41
[dprof]     q:wq_a             1.64     1.8%         41
[dprof]     q:rms+aq           0.55     0.6%         41
[dprof]     q:wq_b             6.67     7.4%         41
[dprof]     q:tail             0.49     0.5%         41
[dprof]     q:kv_join          0.05     0.1%         41
[dprof]     o:rope             0.21     0.2%         41
[dprof]     o:wo_a             7.64     8.4%         41
[dprof]     o:wo_b             7.30     8.1%         41
[dprof]     i:qidx             1.49     1.6%         21
[dprof]     i:iw               0.42     0.5%         21
[dprof]     i:score            0.94     1.0%         21
[dprof]     i:topk             0.71     0.8%         21
[dprof]       mg:count         0.24     0.3%         46
[dprof]       mg:prefix        0.25     0.3%         46
[dprof]       mg:scatter       0.26     0.3%         46
[dprof]       mg:tiles         0.24     0.3%         46
[dprof] draft:main_kv          0.15     0.2%          1
[dprof] draft:block           12.10    13.4%          1
[dprof] draft:head            10.21    11.3%          1
[dprof] TOTAL                 90.48
[dprof] *** INVALID: moe children 35.90 ms > MoE 32.11 ms — marks recorded outside the reported window

[dprof] ctx=3137 VB=3 verify=40 — verify step by sub-op, summed over all layers (1542 marks)
[dprof] phase                    ms        %      calls
[dprof] hc_pre  (attn)         2.09     1.9%         43
[dprof] rmsnorm (attn)         0.74     0.7%         43
[dprof] ATTENTION             56.26    51.0%         43
[dprof] hc_post (attn)         0.36     0.3%         43
[dprof] hc_pre  (ffn)          2.86     2.6%         43
[dprof] rmsnorm (ffn)          0.76     0.7%         43
[dprof] MoE                   41.76    37.9%         43
[dprof] hc_post (ffn)          0.37     0.3%         43
[dprof] kv xin copy            0.24     0.2%         41
[dprof] hc_head+norm           0.03     0.0%          1
[dprof] lm_head                4.79     4.3%          1
[dprof]   attn:q_proj          0.49     0.4%          2
[dprof]   attn:kv_write        0.10     0.1%          2
[dprof]   attn:sparse          0.34     0.3%          2
[dprof]   attn:ogroup          0.76     0.7%          2
[dprof]   cattn:q_proj        14.77    13.4%         41
[dprof]   cattn:compress       2.41     2.2%         41
[dprof]   cattn:indexer        3.98     3.6%         21
[dprof]   cattn:sparse        15.29    13.9%         41
[dprof]   cattn:ogroup        15.95    14.5%         41
[dprof]   moe:router           1.96     1.8%         46
[dprof]   moe:group            1.99     1.8%         46
[dprof]   moe:w1w3            26.43    24.0%         46
[dprof]   moe:act              1.41     1.3%         46
[dprof]   moe:w2              12.96    11.8%         46
[dprof]   moe:combine          0.54     0.5%         46
[dprof]   moe:shared           0.26     0.2%         46
[dprof]     q:aq(x)            0.27     0.2%         41
[dprof]     q:wq_a             5.48     5.0%         41
[dprof]     q:rms+aq           0.97     0.9%         41
[dprof]     q:wq_b             6.94     6.3%         41
[dprof]     q:tail             0.58     0.5%         41
[dprof]     q:kv_join          0.05     0.0%         41
[dprof]     o:rope             0.25     0.2%         41
[dprof]     o:wo_a             7.84     7.1%         41
[dprof]     o:wo_b             7.65     6.9%         41
[dprof]     i:qidx             1.58     1.4%         21
[dprof]     i:iw               0.55     0.5%         21
[dprof]     i:score            0.97     0.9%         21
[dprof]     i:topk             0.73     0.7%         21
[dprof]       mg:count         0.23     0.2%         46
[dprof]       mg:prefix        0.23     0.2%         46
[dprof]       mg:scatter       0.24     0.2%         46
[dprof]       mg:tiles         0.25     0.2%         46
[dprof] draft:main_kv          0.13     0.1%          1
[dprof] draft:block           12.06    10.9%          1
[dprof] draft:head            10.23     9.3%          1
[dprof] TOTAL                110.27
[dprof] *** INVALID: moe children 45.57 ms > MoE 41.76 ms — marks recorded outside the reported window

[dprof] ctx=3143 VB=3 verify=44 — verify step by sub-op, summed over all layers (1542 marks)
[dprof] phase                    ms        %      calls
[dprof] hc_pre  (attn)         2.07     1.8%         43
[dprof] rmsnorm (attn)         0.76     0.7%         43
[dprof] ATTENTION             56.18    49.7%         43
[dprof] hc_post (attn)         0.35     0.3%         43
[dprof] hc_pre  (ffn)          2.82     2.5%         43
[dprof] rmsnorm (ffn)          0.76     0.7%         43
[dprof] MoE                   44.49    39.4%         43
[dprof] hc_post (ffn)          0.35     0.3%         43
[dprof] kv xin copy            0.22     0.2%         41
[dprof] hc_head+norm           0.03     0.0%          1
[dprof] lm_head                4.96     4.4%          1
[dprof]   attn:q_proj          0.46     0.4%          2
[dprof]   attn:kv_write        0.08     0.1%          2
[dprof]   attn:sparse          0.33     0.3%          2
[dprof]   attn:ogroup          0.75     0.7%          2
[dprof]   cattn:q_proj        14.77    13.1%         41
[dprof]   cattn:compress       2.46     2.2%         41
[dprof]   cattn:indexer        3.94     3.5%         21
[dprof]   cattn:sparse        15.31    13.5%         41
[dprof]   cattn:ogroup        15.96    14.1%         41
[dprof]   moe:router           1.90     1.7%         46
[dprof]   moe:group            1.99     1.8%         46
[dprof]   moe:w1w3            28.42    25.1%         46
[dprof]   moe:act              1.52     1.3%         46
[dprof]   moe:w2              13.53    12.0%         46
[dprof]   moe:combine          0.57     0.5%         46
[dprof]   moe:shared           0.26     0.2%         46
[dprof]     q:aq(x)            0.29     0.3%         41
[dprof]     q:wq_a             5.76     5.1%         41
[dprof]     q:rms+aq           0.92     0.8%         41
[dprof]     q:wq_b             6.76     6.0%         41
[dprof]     q:tail             0.53     0.5%         41
[dprof]     q:kv_join          0.07     0.1%         41
[dprof]     o:rope             0.25     0.2%         41
[dprof]     o:wo_a             7.95     7.0%         41
[dprof]     o:wo_b             7.55     6.7%         41
[dprof]     i:qidx             1.57     1.4%         21
[dprof]     i:iw               0.57     0.5%         21
[dprof]     i:score            0.98     0.9%         21
[dprof]     i:topk             0.71     0.6%         21
[dprof]       mg:count         0.23     0.2%         46
[dprof]       mg:prefix        0.25     0.2%         46
[dprof]       mg:scatter       0.24     0.2%         46
[dprof]       mg:tiles         0.25     0.2%         46
[dprof] draft:main_kv          0.13     0.1%          1
[dprof] draft:block           11.93    10.6%          1
[dprof] draft:head            10.26     9.1%          1
[dprof] TOTAL                113.00
[dprof] *** INVALID: moe children 48.20 ms > MoE 44.49 ms — marks recorded outside the reported window

[dprof] ctx=3151 VB=4 verify=48 — verify step by sub-op, summed over all layers (1542 marks)
[dprof] phase                    ms        %      calls
[dprof] hc_pre  (attn)         2.36     1.8%         43
[dprof] rmsnorm (attn)         0.74     0.6%         43
[dprof] ATTENTION             59.48    46.0%         43
[dprof] hc_post (attn)         0.38     0.3%         43
[dprof] hc_pre  (ffn)          2.93     2.3%         43
[dprof] rmsnorm (ffn)          0.75     0.6%         43
[dprof] MoE                   56.56    43.8%         43
[dprof] hc_post (ffn)          0.36     0.3%         43
[dprof] kv xin copy            0.22     0.2%         41
[dprof] hc_head+norm           0.04     0.0%          1
[dprof] lm_head                5.40     4.2%          1
[dprof]   attn:q_proj          0.46     0.4%          2
[dprof]   attn:kv_write        0.08     0.1%          2
[dprof]   attn:sparse          0.34     0.3%          2
[dprof]   attn:ogroup          0.82     0.6%          2
[dprof]   cattn:q_proj        15.07    11.7%         41
[dprof]   cattn:compress       2.42     1.9%         41
[dprof]   cattn:indexer        4.30     3.3%         21
[dprof]   cattn:sparse        16.55    12.8%         41
[dprof]   cattn:ogroup        17.04    13.2%         41
[dprof]   moe:router           1.92     1.5%         46
[dprof]   moe:group            2.07     1.6%         46
[dprof]   moe:w1w3            36.46    28.2%         46
[dprof]   moe:act              1.69     1.3%         46
[dprof]   moe:w2              17.67    13.7%         46
[dprof]   moe:combine          0.59     0.5%         46
[dprof]   moe:shared           0.26     0.2%         46
[dprof]     q:aq(x)            0.28     0.2%         41
[dprof]     q:wq_a             5.81     4.5%         41
[dprof]     q:rms+aq           0.92     0.7%         41
[dprof]     q:wq_b             6.99     5.4%         41
[dprof]     q:tail             0.60     0.5%         41
[dprof]     q:kv_join          0.05     0.0%         41
[dprof]     o:rope             0.25     0.2%         41
[dprof]     o:wo_a             8.84     6.8%         41
[dprof]     o:wo_b             7.76     6.0%         41
[dprof]     i:qidx             1.76     1.4%         21
[dprof]     i:iw               0.63     0.5%         21
[dprof]     i:score            1.03     0.8%         21
[dprof]     i:topk             0.73     0.6%         21
[dprof]       mg:count         0.21     0.2%         46
[dprof]       mg:prefix        0.25     0.2%         46
[dprof]       mg:scatter       0.24     0.2%         46
[dprof]       mg:tiles         0.24     0.2%         46
[dprof] draft:main_kv          0.13     0.1%          1
[dprof] draft:block           12.18     9.4%          1
[dprof] draft:head            10.28     8.0%          1
[dprof] TOTAL                129.22
[dprof] *** INVALID: moe children 60.66 ms > MoE 56.56 ms — marks recorded outside the reported window

[dprof] ctx=3160 VB=2 verify=52 — verify step by sub-op, summed over all layers (1542 marks)
[dprof] phase                    ms        %      calls
[dprof] hc_pre  (attn)         1.83     2.0%         43
[dprof] rmsnorm (attn)         0.78     0.8%         43
[dprof] ATTENTION             46.88    49.9%         43
[dprof] hc_post (attn)         0.30     0.3%         43
[dprof] hc_pre  (ffn)          2.72     2.9%         43
[dprof] rmsnorm (ffn)          0.76     0.8%         43
[dprof] MoE                   35.47    37.7%         43
[dprof] hc_post (ffn)          0.27     0.3%         43
[dprof] kv xin copy            0.25     0.3%         41
[dprof] hc_head+norm           0.03     0.0%          1
[dprof] lm_head                4.71     5.0%          1
[dprof]   attn:q_proj          0.46     0.5%          2
[dprof]   attn:kv_write        0.08     0.1%          2
[dprof]   attn:sparse          0.32     0.3%          2
[dprof]   attn:ogroup          0.73     0.8%          2
[dprof]   cattn:q_proj        10.16    10.8%         41
[dprof]   cattn:compress       0.04     0.0%         41
[dprof]   cattn:indexer        3.77     4.0%         21
[dprof]   cattn:sparse        14.00    14.9%         41
[dprof]   cattn:ogroup        15.34    16.3%         41
[dprof]   moe:router           1.90     2.0%         46
[dprof]   moe:group            1.88     2.0%         46
[dprof]   moe:w1w3            22.92    24.4%         46
[dprof]   moe:act              1.46     1.6%         46
[dprof]   moe:w2              10.44    11.1%         46
[dprof]   moe:combine          0.48     0.5%         46
[dprof]   moe:shared           0.27     0.3%         46
[dprof]     q:aq(x)            0.22     0.2%         41
[dprof]     q:wq_a             1.65     1.8%         41
[dprof]     q:rms+aq           0.56     0.6%         41
[dprof]     q:wq_b             6.79     7.2%         41
[dprof]     q:tail             0.49     0.5%         41
[dprof]     q:kv_join          0.06     0.1%         41
[dprof]     o:rope             0.23     0.2%         41
[dprof]     o:wo_a             7.57     8.1%         41
[dprof]     o:wo_b             7.32     7.8%         41
[dprof]     i:qidx             1.55     1.6%         21
[dprof]     i:iw               0.44     0.5%         21
[dprof]     i:score            0.95     1.0%         21
[dprof]     i:topk             0.68     0.7%         21
[dprof]       mg:count         0.21     0.2%         46
[dprof]       mg:prefix        0.25     0.3%         46
[dprof]       mg:scatter       0.25     0.3%         46
[dprof]       mg:tiles         0.24     0.3%         46
[dprof] draft:main_kv          0.13     0.1%          1
[dprof] draft:block           12.19    13.0%          1
[dprof] draft:head            10.21    10.9%          1
[dprof] TOTAL                 94.02
[dprof] *** INVALID: moe children 39.35 ms > MoE 35.47 ms — marks recorded outside the reported window

[dprof] ctx=3165 VB=2 verify=56 — verify step by sub-op, summed over all layers (1542 marks)
[dprof] phase                    ms        %      calls
[dprof] hc_pre  (attn)         1.81     1.9%         43
[dprof] rmsnorm (attn)         0.75     0.8%         43
[dprof] ATTENTION             47.35    50.8%         43
[dprof] hc_post (attn)         0.32     0.3%         43
[dprof] hc_pre  (ffn)          2.75     2.9%         43
[dprof] rmsnorm (ffn)          0.78     0.8%         43
[dprof] MoE                   33.78    36.3%         43
[dprof] hc_post (ffn)          0.27     0.3%         43
[dprof] kv xin copy            0.22     0.2%         41
[dprof] hc_head+norm           0.03     0.0%          1
[dprof] lm_head                5.11     5.5%          1
[dprof]   attn:q_proj          0.45     0.5%          2
[dprof]   attn:kv_write        0.08     0.1%          2
[dprof]   attn:sparse          0.32     0.3%          2
[dprof]   attn:ogroup          0.73     0.8%          2
[dprof]   cattn:q_proj        10.18    10.9%         41
[dprof]   cattn:compress       0.04     0.0%         41
[dprof]   cattn:indexer        3.79     4.1%         21
[dprof]   cattn:sparse        14.02    15.1%         41
[dprof]   cattn:ogroup        15.43    16.6%         41
[dprof]   moe:router           1.89     2.0%         46
[dprof]   moe:group            1.85     2.0%         46
[dprof]   moe:w1w3            21.83    23.4%         46
[dprof]   moe:act              1.36     1.5%         46
[dprof]   moe:w2              10.20    11.0%         46
[dprof]   moe:combine          0.45     0.5%         46
[dprof]   moe:shared           0.27     0.3%         46
[dprof]     q:aq(x)            0.23     0.2%         41
[dprof]     q:wq_a             1.64     1.8%         41
[dprof]     q:rms+aq           0.56     0.6%         41
[dprof]     q:wq_b             6.87     7.4%         41
[dprof]     q:tail             0.49     0.5%         41
[dprof]     q:kv_join          0.05     0.1%         41
[dprof]     o:rope             0.22     0.2%         41
[dprof]     o:wo_a             7.60     8.2%         41
[dprof]     o:wo_b             7.41     7.9%         41
[dprof]     i:qidx             1.55     1.7%         21
[dprof]     i:iw               0.44     0.5%         21
[dprof]     i:score            0.97     1.0%         21
[dprof]     i:topk             0.71     0.8%         21
[dprof]       mg:count         0.21     0.2%         46
[dprof]       mg:prefix        0.25     0.3%         46
[dprof]       mg:scatter       0.24     0.3%         46
[dprof]       mg:tiles         0.24     0.3%         46
[dprof] draft:main_kv          0.13     0.1%          1
[dprof] draft:block           12.28    13.2%          1
[dprof] draft:head            10.25    11.0%          1
[dprof] TOTAL                 93.17
[dprof] *** INVALID: moe children 37.85 ms > MoE 33.78 ms — marks recorded outside the reported window

[dprof] ctx=3173 VB=6 verify=60 — verify step by sub-op, summed over all layers (1542 marks)
[dprof] phase                    ms        %      calls
[dprof] hc_pre  (attn)         2.89     1.8%         43
[dprof] rmsnorm (attn)         0.75     0.5%         43
[dprof] ATTENTION             65.03    40.4%         43
[dprof] hc_post (attn)         0.47     0.3%         43
[dprof] hc_pre  (ffn)          4.56     2.8%         43
[dprof] rmsnorm (ffn)          0.76     0.5%         43
[dprof] MoE                   77.82    48.4%         43
[dprof] hc_post (ffn)          0.45     0.3%         43
[dprof] kv xin copy            0.26     0.2%         41
[dprof] hc_head+norm           0.04     0.0%          1
[dprof] lm_head                7.76     4.8%          1
[dprof]   attn:q_proj          0.49     0.3%          2
[dprof]   attn:kv_write        0.08     0.1%          2
[dprof]   attn:sparse          0.36     0.2%          2
[dprof]   attn:ogroup          0.93     0.6%          2
[dprof]   cattn:q_proj        15.30     9.5%         41
[dprof]   cattn:compress       2.42     1.5%         41
[dprof]   cattn:indexer        4.75     3.0%         21
[dprof]   cattn:sparse        18.64    11.6%         41
[dprof]   cattn:ogroup        19.56    12.2%         41
[dprof]   moe:router           1.98     1.2%         46
[dprof]   moe:group            2.37     1.5%         46
[dprof]   moe:w1w3            49.84    31.0%         46
[dprof]   moe:act              1.78     1.1%         46
[dprof]   moe:w2              24.88    15.5%         46
[dprof]   moe:combine          0.68     0.4%         46
[dprof]   moe:shared           0.25     0.2%         46
[dprof]     q:aq(x)            0.54     0.3%         41
[dprof]     q:wq_a             5.50     3.4%         41
[dprof]     q:rms+aq           0.73     0.5%         41
[dprof]     q:wq_b             7.32     4.6%         41
[dprof]     q:tail             0.69     0.4%         41
[dprof]     q:kv_join          0.07     0.0%         41
[dprof]     o:rope             0.26     0.2%         41
[dprof]     o:wo_a            10.48     6.5%         41
[dprof]     o:wo_b             8.62     5.4%         41
[dprof]     i:qidx             1.99     1.2%         21
[dprof]     i:iw               0.72     0.5%         21
[dprof]     i:score            1.17     0.7%         21
[dprof]     i:topk             0.75     0.5%         21
[dprof]       mg:count         0.22     0.1%         46
[dprof]       mg:prefix        0.25     0.2%         46
[dprof]       mg:scatter       0.26     0.2%         46
[dprof]       mg:tiles         0.27     0.2%         46
[dprof] draft:main_kv          0.13     0.1%          1
[dprof] draft:block           12.12     7.5%          1
[dprof] draft:head            10.25     6.4%          1
[dprof] TOTAL                160.79
[dprof] *** INVALID: moe children 81.78 ms > MoE 77.82 ms — marks recorded outside the reported window

[dprof] ctx=3180 VB=2 verify=64 — verify step by sub-op, summed over all layers (1542 marks)
[dprof] phase                    ms        %      calls
[dprof] hc_pre  (attn)         1.80     1.9%         43
[dprof] rmsnorm (attn)         0.74     0.8%         43
[dprof] ATTENTION             46.70    49.9%         43
[dprof] hc_post (attn)         0.31     0.3%         43
[dprof] hc_pre  (ffn)          2.76     3.0%         43
[dprof] rmsnorm (ffn)          0.76     0.8%         43
[dprof] MoE                   35.09    37.5%         43
[dprof] hc_post (ffn)          0.27     0.3%         43
[dprof] kv xin copy            0.23     0.2%         41
[dprof] hc_head+norm           0.03     0.0%          1
[dprof] lm_head                4.96     5.3%          1
[dprof]   attn:q_proj          0.45     0.5%          2
[dprof]   attn:kv_write        0.08     0.1%          2
[dprof]   attn:sparse          0.32     0.3%          2
[dprof]   attn:ogroup          0.72     0.8%          2
[dprof]   cattn:q_proj        10.10    10.8%         41
[dprof]   cattn:compress       0.05     0.1%         41
[dprof]   cattn:indexer        3.70     4.0%         21
[dprof]   cattn:sparse        13.99    14.9%         41
[dprof]   cattn:ogroup        15.22    16.3%         41
[dprof]   moe:router           1.91     2.0%         46
[dprof]   moe:group            1.98     2.1%         46
[dprof]   moe:w1w3            22.71    24.3%         46
[dprof]   moe:act              1.40     1.5%         46
[dprof]   moe:w2              10.35    11.1%         46
[dprof]   moe:combine          0.48     0.5%         46
[dprof]   moe:shared           0.25     0.3%         46
[dprof]     q:aq(x)            0.22     0.2%         41
[dprof]     q:wq_a             1.67     1.8%         41
[dprof]     q:rms+aq           0.56     0.6%         41
[dprof]     q:wq_b             6.74     7.2%         41
[dprof]     q:tail             0.49     0.5%         41
[dprof]     q:kv_join          0.05     0.0%         41
[dprof]     o:rope             0.23     0.2%         41
[dprof]     o:wo_a             7.48     8.0%         41
[dprof]     o:wo_b             7.32     7.8%         41
[dprof]     i:qidx             1.52     1.6%         21
[dprof]     i:iw               0.42     0.4%         21
[dprof]     i:score            0.96     1.0%         21
[dprof]     i:topk             0.68     0.7%         21
[dprof]       mg:count         0.22     0.2%         46
[dprof]       mg:prefix        0.27     0.3%         46
[dprof]       mg:scatter       0.26     0.3%         46
[dprof]       mg:tiles         0.25     0.3%         46
[dprof] draft:main_kv          0.13     0.1%          1
[dprof] draft:block           12.16    13.0%          1
[dprof] draft:head            10.32    11.0%          1
[dprof] TOTAL                 93.65
[dprof] *** INVALID: moe children 39.09 ms > MoE 35.09 ms — marks recorded outside the reported window

[dprof] ctx=3187 VB=3 verify=68 — verify step by sub-op, summed over all layers (1542 marks)
[dprof] phase                    ms        %      calls
[dprof] hc_pre  (attn)         2.06     1.8%         43
[dprof] rmsnorm (attn)         0.76     0.7%         43
[dprof] ATTENTION             56.51    49.3%         43
[dprof] hc_post (attn)         0.38     0.3%         43
[dprof] hc_pre  (ffn)          2.85     2.5%         43
[dprof] rmsnorm (ffn)          0.76     0.7%         43
[dprof] MoE                   45.88    40.0%         43
[dprof] hc_post (ffn)          0.34     0.3%         43
[dprof] kv xin copy            0.24     0.2%         41
[dprof] hc_head+norm           0.03     0.0%          1
[dprof] lm_head                4.76     4.2%          1
[dprof]   attn:q_proj          0.45     0.4%          2
[dprof]   attn:kv_write        0.08     0.1%          2
[dprof]   attn:sparse          0.33     0.3%          2
[dprof]   attn:ogroup          0.75     0.7%          2
[dprof]   cattn:q_proj        14.87    13.0%         41
[dprof]   cattn:compress       2.45     2.1%         41
[dprof]   cattn:indexer        4.07     3.6%         21
[dprof]   cattn:sparse        15.33    13.4%         41
[dprof]   cattn:ogroup        15.94    13.9%         41
[dprof]   moe:router           1.92     1.7%         46
[dprof]   moe:group            1.97     1.7%         46
[dprof]   moe:w1w3            29.64    25.9%         46
[dprof]   moe:act              1.46     1.3%         46
[dprof]   moe:w2              14.20    12.4%         46
[dprof]   moe:combine          0.53     0.5%         46
[dprof]   moe:shared           0.27     0.2%         46
[dprof]     q:aq(x)            0.38     0.3%         41
[dprof]     q:wq_a             5.61     4.9%         41
[dprof]     q:rms+aq           0.99     0.9%         41
[dprof]     q:wq_b             6.84     6.0%         41
[dprof]     q:tail             0.53     0.5%         41
[dprof]     q:kv_join          0.05     0.0%         41
[dprof]     o:rope             0.26     0.2%         41
[dprof]     o:wo_a             7.91     6.9%         41
[dprof]     o:wo_b             7.55     6.6%         41
[dprof]     i:qidx             1.62     1.4%         21
[dprof]     i:iw               0.57     0.5%         21
[dprof]     i:score            0.99     0.9%         21
[dprof]     i:topk             0.73     0.6%         21
[dprof]       mg:count         0.21     0.2%         46
[dprof]       mg:prefix        0.24     0.2%         46
[dprof]       mg:scatter       0.25     0.2%         46
[dprof]       mg:tiles         0.24     0.2%         46
[dprof] draft:main_kv          0.13     0.1%          1
[dprof] draft:block           12.32    10.7%          1
[dprof] draft:head            10.20     8.9%          1
[dprof] TOTAL                114.58
[dprof] *** INVALID: moe children 49.98 ms > MoE 45.88 ms — marks recorded outside the reported window

[dprof] ctx=3192 VB=2 verify=72 — verify step by sub-op, summed over all layers (1542 marks)
[dprof] phase                    ms        %      calls
[dprof] hc_pre  (attn)         1.80     1.9%         43
[dprof] rmsnorm (attn)         0.77     0.8%         43
[dprof] ATTENTION             47.21    49.6%         43
[dprof] hc_post (attn)         0.33     0.3%         43
[dprof] hc_pre  (ffn)          2.78     2.9%         43
[dprof] rmsnorm (ffn)          0.76     0.8%         43
[dprof] MoE                   36.21    38.1%         43
[dprof] hc_post (ffn)          0.28     0.3%         43
[dprof] kv xin copy            0.22     0.2%         41
[dprof] hc_head+norm           0.03     0.0%          1
[dprof] lm_head                4.76     5.0%          1
[dprof]   attn:q_proj          0.47     0.5%          2
[dprof]   attn:kv_write        0.08     0.1%          2
[dprof]   attn:sparse          0.33     0.3%          2
[dprof]   attn:ogroup          0.84     0.9%          2
[dprof]   cattn:q_proj        10.17    10.7%         41
[dprof]   cattn:compress       0.05     0.1%         41
[dprof]   cattn:indexer        3.82     4.0%         21
[dprof]   cattn:sparse        14.04    14.8%         41
[dprof]   cattn:ogroup        15.37    16.2%         41
[dprof]   moe:router           1.92     2.0%         46
[dprof]   moe:group            1.90     2.0%         46
[dprof]   moe:w1w3            23.59    24.8%         46
[dprof]   moe:act              1.48     1.6%         46
[dprof]   moe:w2              10.69    11.2%         46
[dprof]   moe:combine          0.48     0.5%         46
[dprof]   moe:shared           0.25     0.3%         46
[dprof]     q:aq(x)            0.23     0.2%         41
[dprof]     q:wq_a             1.65     1.7%         41
[dprof]     q:rms+aq           0.59     0.6%         41
[dprof]     q:wq_b             6.77     7.1%         41
[dprof]     q:tail             0.51     0.5%         41
[dprof]     q:kv_join          0.06     0.1%         41
[dprof]     o:rope             0.24     0.2%         41
[dprof]     o:wo_a             7.56     7.9%         41
[dprof]     o:wo_b             7.36     7.7%         41
[dprof]     i:qidx             1.53     1.6%         21
[dprof]     i:iw               0.47     0.5%         21
[dprof]     i:score            0.97     1.0%         21
[dprof]     i:topk             0.71     0.7%         21
[dprof]       mg:count         0.22     0.2%         46
[dprof]       mg:prefix        0.24     0.3%         46
[dprof]       mg:scatter       0.24     0.3%         46
[dprof]       mg:tiles         0.26     0.3%         46
[dprof] draft:main_kv          0.13     0.1%          1
[dprof] draft:block           12.28    12.9%          1
[dprof] draft:head            10.23    10.7%          1
[dprof] TOTAL                 95.15
[dprof] *** INVALID: moe children 40.31 ms > MoE 36.21 ms — marks recorded outside the reported window

[dprof] ctx=3068 VB=6 verify=0 — verify step by sub-op, summed over all layers (1542 marks)
[dprof] phase                    ms        %      calls
[dprof] hc_pre  (attn)         2.97     1.5%         43
[dprof] rmsnorm (attn)         0.76     0.4%         43
[dprof] ATTENTION            104.35    52.8%         43
[dprof] hc_post (attn)         0.49     0.2%         43
[dprof] hc_pre  (ffn)          4.56     2.3%         43
[dprof] rmsnorm (ffn)          0.75     0.4%         43
[dprof] MoE                   75.17    38.1%         43
[dprof] hc_post (ffn)          0.46     0.2%         43
[dprof] kv xin copy            0.24     0.1%         41
[dprof] hc_head+norm           0.04     0.0%          1
[dprof] lm_head                7.77     3.9%          1
[dprof]   attn:q_proj          0.48     0.2%          2
[dprof]   attn:kv_write        0.08     0.0%          2
[dprof]   attn:sparse          0.36     0.2%          2
[dprof]   attn:ogroup          0.93     0.5%          2
[dprof]   cattn:q_proj        15.04     7.6%         41
[dprof]   cattn:compress      42.53    21.5%         41
[dprof]   cattn:indexer        4.59     2.3%         21
[dprof]   cattn:sparse        18.68     9.5%         41
[dprof]   cattn:ogroup        19.49     9.9%         41
[dprof]   moe:router           1.96     1.0%         46
[dprof]   moe:group            2.34     1.2%         46
[dprof]   moe:w1w3            48.02    24.3%         46
[dprof]   moe:act              1.87     0.9%         46
[dprof]   moe:w2              24.11    12.2%         46
[dprof]   moe:combine          0.70     0.4%         46
[dprof]   moe:shared           0.27     0.1%         46
[dprof]     q:aq(x)            0.34     0.2%         41
[dprof]     q:wq_a             5.52     2.8%         41
[dprof]     q:rms+aq           0.76     0.4%         41
[dprof]     q:wq_b             7.22     3.7%         41
[dprof]     q:tail             0.69     0.4%         41
[dprof]     q:kv_join          0.07     0.0%         41
[dprof]     o:rope             0.24     0.1%         41
[dprof]     o:wo_a            10.39     5.3%         41
[dprof]     o:wo_b             8.67     4.4%         41
[dprof]     i:qidx             1.99     1.0%         21
[dprof]     i:iw               0.71     0.4%         21
[dprof]     i:score            1.05     0.5%         21
[dprof]     i:topk             0.73     0.4%         21
[dprof]       mg:count         0.21     0.1%         46
[dprof]       mg:prefix        0.25     0.1%         46
[dprof]       mg:scatter       0.26     0.1%         46
[dprof]       mg:tiles         0.24     0.1%         46
[dprof] draft:main_kv          0.00     0.0%          1
[dprof] draft:block           12.14     6.1%          1
[dprof] draft:head            10.26     5.2%          1
[dprof] TOTAL                197.56
[dprof] *** INVALID: moe children 79.27 ms > MoE 75.17 ms — marks recorded outside the reported window

[dprof] ctx=3074 VB=3 verify=4 — verify step by sub-op, summed over all layers (1542 marks)
[dprof] phase                    ms        %      calls
[dprof] hc_pre  (attn)         2.10     1.8%         43
[dprof] rmsnorm (attn)         0.77     0.7%         43
[dprof] ATTENTION             56.05    49.0%         43
[dprof] hc_post (attn)         0.35     0.3%         43
[dprof] hc_pre  (ffn)          2.81     2.5%         43
[dprof] rmsnorm (ffn)          0.77     0.7%         43
[dprof] MoE                   45.71    40.0%         43
[dprof] hc_post (ffn)          0.35     0.3%         43
[dprof] kv xin copy            0.21     0.2%         41
[dprof] hc_head+norm           0.03     0.0%          1
[dprof] lm_head                5.19     4.5%          1
[dprof]   attn:q_proj          0.46     0.4%          2
[dprof]   attn:kv_write        0.09     0.1%          2
[dprof]   attn:sparse          0.34     0.3%          2
[dprof]   attn:ogroup          0.80     0.7%          2
[dprof]   cattn:q_proj        14.68    12.8%         41
[dprof]   cattn:compress       2.41     2.1%         41
[dprof]   cattn:indexer        3.95     3.5%         21
[dprof]   cattn:sparse        15.30    13.4%         41
[dprof]   cattn:ogroup        15.74    13.8%         41
[dprof]   moe:router           1.93     1.7%         46
[dprof]   moe:group            2.00     1.8%         46
[dprof]   moe:w1w3            29.35    25.7%         46
[dprof]   moe:act              1.54     1.3%         46
[dprof]   moe:w2              13.85    12.1%         46
[dprof]   moe:combine          0.55     0.5%         46
[dprof]   moe:shared           0.25     0.2%         46
[dprof]     q:aq(x)            0.26     0.2%         41
[dprof]     q:wq_a             5.48     4.8%         41
[dprof]     q:rms+aq           0.97     0.9%         41
[dprof]     q:wq_b             6.97     6.1%         41
[dprof]     q:tail             0.51     0.4%         41
[dprof]     q:kv_join          0.05     0.0%         41
[dprof]     o:rope             0.23     0.2%         41
[dprof]     o:wo_a             7.90     6.9%         41
[dprof]     o:wo_b             7.41     6.5%         41
[dprof]     i:qidx             1.60     1.4%         21
[dprof]     i:iw               0.54     0.5%         21
[dprof]     i:score            0.96     0.8%         21
[dprof]     i:topk             0.72     0.6%         21
[dprof]       mg:count         0.23     0.2%         46
[dprof]       mg:prefix        0.24     0.2%         46
[dprof]       mg:scatter       0.24     0.2%         46
[dprof]       mg:tiles         0.25     0.2%         46
[dprof] draft:main_kv          0.13     0.1%          1
[dprof] draft:block           12.06    10.5%          1
[dprof] draft:head            10.27     9.0%          1
[dprof] TOTAL                114.36
[dprof] *** INVALID: moe children 49.47 ms > MoE 45.71 ms — marks recorded outside the reported window

[dprof] ctx=3081 VB=4 verify=8 — verify step by sub-op, summed over all layers (1542 marks)
[dprof] phase                    ms        %      calls
[dprof] hc_pre  (attn)         2.36     1.9%         43
[dprof] rmsnorm (attn)         0.75     0.6%         43
[dprof] ATTENTION             59.26    46.5%         43
[dprof] hc_post (attn)         0.39     0.3%         43
[dprof] hc_pre  (ffn)          2.95     2.3%         43
[dprof] rmsnorm (ffn)          0.76     0.6%         43
[dprof] MoE                   54.80    43.0%         43
[dprof] hc_post (ffn)          0.36     0.3%         43
[dprof] kv xin copy            0.22     0.2%         41
[dprof] hc_head+norm           0.04     0.0%          1
[dprof] lm_head                5.50     4.3%          1
[dprof]   attn:q_proj          0.47     0.4%          2
[dprof]   attn:kv_write        0.09     0.1%          2
[dprof]   attn:sparse          0.36     0.3%          2
[dprof]   attn:ogroup          0.85     0.7%          2
[dprof]   cattn:q_proj        14.78    11.6%         41
[dprof]   cattn:compress       2.41     1.9%         41
[dprof]   cattn:indexer        4.18     3.3%         21
[dprof]   cattn:sparse        16.53    13.0%         41
[dprof]   cattn:ogroup        17.15    13.5%         41
[dprof]   moe:router           1.93     1.5%         46
[dprof]   moe:group            2.14     1.7%         46
[dprof]   moe:w1w3            35.07    27.5%         46
[dprof]   moe:act              1.58     1.2%         46
[dprof]   moe:w2              17.27    13.6%         46
[dprof]   moe:combine          0.58     0.5%         46
[dprof]   moe:shared           0.24     0.2%         46
[dprof]     q:aq(x)            0.27     0.2%         41
[dprof]     q:wq_a             5.53     4.3%         41
[dprof]     q:rms+aq           0.91     0.7%         41
[dprof]     q:wq_b             6.96     5.5%         41
[dprof]     q:tail             0.62     0.5%         41
[dprof]     q:kv_join          0.05     0.0%         41
[dprof]     o:rope             0.26     0.2%         41
[dprof]     o:wo_a             8.84     6.9%         41
[dprof]     o:wo_b             7.85     6.2%         41
[dprof]     i:qidx             1.72     1.3%         21
[dprof]     i:iw               0.59     0.5%         21
[dprof]     i:score            1.01     0.8%         21
[dprof]     i:topk             0.74     0.6%         21
[dprof]       mg:count         0.21     0.2%         46
[dprof]       mg:prefix        0.24     0.2%         46
[dprof]       mg:scatter       0.25     0.2%         46
[dprof]       mg:tiles         0.25     0.2%         46
[dprof] draft:main_kv          0.13     0.1%          1
[dprof] draft:block           12.23     9.6%          1
[dprof] draft:head            10.25     8.0%          1
[dprof] TOTAL                127.37
[dprof] *** INVALID: moe children 58.81 ms > MoE 54.80 ms — marks recorded outside the reported window

[dprof] ctx=3090 VB=3 verify=12 — verify step by sub-op, summed over all layers (1542 marks)
[dprof] phase                    ms        %      calls
[dprof] hc_pre  (attn)         2.12     1.9%         43
[dprof] rmsnorm (attn)         0.76     0.7%         43
[dprof] ATTENTION             56.16    49.2%         43
[dprof] hc_post (attn)         0.37     0.3%         43
[dprof] hc_pre  (ffn)          2.86     2.5%         43
[dprof] rmsnorm (ffn)          0.76     0.7%         43
[dprof] MoE                   45.70    40.0%         43
[dprof] hc_post (ffn)          0.37     0.3%         43
[dprof] kv xin copy            0.23     0.2%         41
[dprof] hc_head+norm           0.03     0.0%          1
[dprof] lm_head                4.86     4.3%          1
[dprof]   attn:q_proj          0.46     0.4%          2
[dprof]   attn:kv_write        0.08     0.1%          2
[dprof]   attn:sparse          0.33     0.3%          2
[dprof]   attn:ogroup          0.76     0.7%          2
[dprof]   cattn:q_proj        14.63    12.8%         41
[dprof]   cattn:compress       2.41     2.1%         41
[dprof]   cattn:indexer        4.03     3.5%         21
[dprof]   cattn:sparse        15.27    13.4%         41
[dprof]   cattn:ogroup        15.84    13.9%         41
[dprof]   moe:router           1.94     1.7%         46
[dprof]   moe:group            2.10     1.8%         46
[dprof]   moe:w1w3            29.30    25.7%         46
[dprof]   moe:act              1.45     1.3%         46
[dprof]   moe:w2              13.98    12.2%         46
[dprof]   moe:combine          0.55     0.5%         46
[dprof]   moe:shared           0.28     0.2%         46
[dprof]     q:aq(x)            0.35     0.3%         41
[dprof]     q:wq_a             5.34     4.7%         41
[dprof]     q:rms+aq           0.97     0.9%         41
[dprof]     q:wq_b             6.90     6.0%         41
[dprof]     q:tail             0.54     0.5%         41
[dprof]     q:kv_join          0.06     0.1%         41
[dprof]     o:rope             0.24     0.2%         41
[dprof]     o:wo_a             7.88     6.9%         41
[dprof]     o:wo_b             7.52     6.6%         41
[dprof]     i:qidx             1.58     1.4%         21
[dprof]     i:iw               0.57     0.5%         21
[dprof]     i:score            0.99     0.9%         21
[dprof]     i:topk             0.75     0.7%         21
[dprof]       mg:count         0.22     0.2%         46
[dprof]       mg:prefix        0.26     0.2%         46
[dprof]       mg:scatter       0.25     0.2%         46
[dprof]       mg:tiles         0.25     0.2%         46
[dprof] draft:main_kv          0.13     0.1%          1
[dprof] draft:block           12.16    10.6%          1
[dprof] draft:head            10.21     8.9%          1
[dprof] TOTAL                114.22
[dprof] *** INVALID: moe children 49.61 ms > MoE 45.70 ms — marks recorded outside the reported window

[dprof] ctx=3100 VB=2 verify=16 — verify step by sub-op, summed over all layers (1542 marks)
[dprof] phase                    ms        %      calls
[dprof] hc_pre  (attn)         1.82     1.9%         43
[dprof] rmsnorm (attn)         0.75     0.8%         43
[dprof] ATTENTION             47.12    50.0%         43
[dprof] hc_post (attn)         0.31     0.3%         43
[dprof] hc_pre  (ffn)          2.75     2.9%         43
[dprof] rmsnorm (ffn)          0.75     0.8%         43
[dprof] MoE                   34.94    37.1%         43
[dprof] hc_post (ffn)          0.28     0.3%         43
[dprof] kv xin copy            0.23     0.2%         41
[dprof] hc_head+norm           0.03     0.0%          1
[dprof] lm_head                5.20     5.5%          1
[dprof]   attn:q_proj          0.45     0.5%          2
[dprof]   attn:kv_write        0.08     0.1%          2
[dprof]   attn:sparse          0.32     0.3%          2
[dprof]   attn:ogroup          0.73     0.8%          2
[dprof]   cattn:q_proj        10.20    10.8%         41
[dprof]   cattn:compress       0.04     0.0%         41
[dprof]   cattn:indexer        3.68     3.9%         21
[dprof]   cattn:sparse        14.01    14.9%         41
[dprof]   cattn:ogroup        15.50    16.5%         41
[dprof]   moe:router           1.92     2.0%         46
[dprof]   moe:group            1.88     2.0%         46
[dprof]   moe:w1w3            22.62    24.0%         46
[dprof]   moe:act              1.48     1.6%         46
[dprof]   moe:w2              10.18    10.8%         46
[dprof]   moe:combine          0.50     0.5%         46
[dprof]   moe:shared           0.26     0.3%         46
[dprof]     q:aq(x)            0.24     0.3%         41
[dprof]     q:wq_a             1.67     1.8%         41
[dprof]     q:rms+aq           0.57     0.6%         41
[dprof]     q:wq_b             6.74     7.2%         41
[dprof]     q:tail             0.49     0.5%         41
[dprof]     q:kv_join          0.07     0.1%         41
[dprof]     o:rope             0.24     0.3%         41
[dprof]     o:wo_a             7.61     8.1%         41
[dprof]     o:wo_b             7.36     7.8%         41
[dprof]     i:qidx             1.50     1.6%         21
[dprof]     i:iw               0.42     0.4%         21
[dprof]     i:score            0.96     1.0%         21
[dprof]     i:topk             0.69     0.7%         21
[dprof]       mg:count         0.21     0.2%         46
[dprof]       mg:prefix        0.24     0.3%         46
[dprof]       mg:scatter       0.24     0.3%         46
[dprof]       mg:tiles         0.25     0.3%         46
[dprof] draft:main_kv          0.13     0.1%          1
[dprof] draft:block           12.04    12.8%          1
[dprof] draft:head            10.31    10.9%          1
[dprof] TOTAL                 94.18
[dprof] *** INVALID: moe children 38.85 ms > MoE 34.94 ms — marks recorded outside the reported window

[dprof] ctx=3104 VB=5 verify=20 — verify step by sub-op, summed over all layers (1542 marks)
[dprof] phase                    ms        %      calls
[dprof] hc_pre  (attn)         2.64     1.9%         43
[dprof] rmsnorm (attn)         0.74     0.6%         43
[dprof] ATTENTION             59.45    44.0%         43
[dprof] hc_post (attn)         0.44     0.3%         43
[dprof] hc_pre  (ffn)          3.21     2.4%         43
[dprof] rmsnorm (ffn)          0.76     0.6%         43
[dprof] MoE                   60.77    44.9%         43
[dprof] hc_post (ffn)          0.42     0.3%         43
[dprof] kv xin copy            0.26     0.2%         41
[dprof] hc_head+norm           0.04     0.0%          1
[dprof] lm_head                6.53     4.8%          1
[dprof]   attn:q_proj          0.46     0.3%          2
[dprof]   attn:kv_write        0.08     0.1%          2
[dprof]   attn:sparse          0.36     0.3%          2
[dprof]   attn:ogroup          0.80     0.6%          2
[dprof]   cattn:q_proj        14.87    11.0%         41
[dprof]   cattn:compress       2.37     1.7%         41
[dprof]   cattn:indexer        4.44     3.3%         21
[dprof]   cattn:sparse        16.57    12.3%         41
[dprof]   cattn:ogroup        16.98    12.6%         41
[dprof]   moe:router           1.95     1.4%         46
[dprof]   moe:group            2.31     1.7%         46
[dprof]   moe:w1w3            38.52    28.5%         46
[dprof]   moe:act              1.64     1.2%         46
[dprof]   moe:w2              19.42    14.4%         46
[dprof]   moe:combine          0.67     0.5%         46
[dprof]   moe:shared           0.25     0.2%         46
[dprof]     q:aq(x)            0.33     0.2%         41
[dprof]     q:wq_a             5.40     4.0%         41
[dprof]     q:rms+aq           0.84     0.6%         41
[dprof]     q:wq_b             7.12     5.3%         41
[dprof]     q:tail             0.63     0.5%         41
[dprof]     q:kv_join          0.05     0.0%         41
[dprof]     o:rope             0.24     0.2%         41
[dprof]     o:wo_a             8.30     6.1%         41
[dprof]     o:wo_b             8.21     6.1%         41
[dprof]     i:qidx             1.86     1.4%         21
[dprof]     i:iw               0.62     0.5%         21
[dprof]     i:score            1.10     0.8%         21
[dprof]     i:topk             0.74     0.5%         21
[dprof]       mg:count         0.24     0.2%         46
[dprof]       mg:prefix        0.26     0.2%         46
[dprof]       mg:scatter       0.27     0.2%         46
[dprof]       mg:tiles         0.26     0.2%         46
[dprof] draft:main_kv          0.13     0.1%          1
[dprof] draft:block           12.19     9.0%          1
[dprof] draft:head            10.30     7.6%          1
[dprof] TOTAL                135.25
[dprof] *** INVALID: moe children 64.75 ms > MoE 60.77 ms — marks recorded outside the reported window

[dprof] ctx=3112 VB=2 verify=24 — verify step by sub-op, summed over all layers (1542 marks)
[dprof] phase                    ms        %      calls
[dprof] hc_pre  (attn)         1.82     1.9%         43
[dprof] rmsnorm (attn)         0.75     0.8%         43
[dprof] ATTENTION             47.27    49.4%         43
[dprof] hc_post (attn)         0.30     0.3%         43
[dprof] hc_pre  (ffn)          2.74     2.9%         43
[dprof] rmsnorm (ffn)          0.76     0.8%         43
[dprof] MoE                   36.71    38.4%         43
[dprof] hc_post (ffn)          0.27     0.3%         43
[dprof] kv xin copy            0.23     0.2%         41
[dprof] hc_head+norm           0.03     0.0%          1
[dprof] lm_head                4.74     5.0%          1
[dprof]   attn:q_proj          0.52     0.5%          2
[dprof]   attn:kv_write        0.08     0.1%          2
[dprof]   attn:sparse          0.34     0.4%          2
[dprof]   attn:ogroup          0.77     0.8%          2
[dprof]   cattn:q_proj        10.20    10.7%         41
[dprof]   cattn:compress       0.04     0.0%         41
[dprof]   cattn:indexer        3.79     4.0%         21
[dprof]   cattn:sparse        14.03    14.7%         41
[dprof]   cattn:ogroup        15.49    16.2%         41
[dprof]   moe:router           1.90     2.0%         46
[dprof]   moe:group            1.87     2.0%         46
[dprof]   moe:w1w3            23.81    24.9%         46
[dprof]   moe:act              1.47     1.5%         46
[dprof]   moe:w2              10.86    11.4%         46
[dprof]   moe:combine          0.52     0.5%         46
[dprof]   moe:shared           0.28     0.3%         46
[dprof]     q:aq(x)            0.23     0.2%         41
[dprof]     q:wq_a             1.66     1.7%         41
[dprof]     q:rms+aq           0.58     0.6%         41
[dprof]     q:wq_b             6.77     7.1%         41
[dprof]     q:tail             0.52     0.5%         41
[dprof]     q:kv_join          0.04     0.0%         41
[dprof]     o:rope             0.23     0.2%         41
[dprof]     o:wo_a             7.63     8.0%         41
[dprof]     o:wo_b             7.43     7.8%         41
[dprof]     i:qidx             1.56     1.6%         21
[dprof]     i:iw               0.44     0.5%         21
[dprof]     i:score            0.97     1.0%         21
[dprof]     i:topk             0.70     0.7%         21
[dprof]       mg:count         0.21     0.2%         46
[dprof]       mg:prefix        0.24     0.2%         46
[dprof]       mg:scatter       0.24     0.3%         46
[dprof]       mg:tiles         0.25     0.3%         46
[dprof] draft:main_kv          0.14     0.2%          1
[dprof] draft:block           12.20    12.8%          1
[dprof] draft:head            10.22    10.7%          1
[dprof] TOTAL                 95.62
[dprof] *** INVALID: moe children 40.70 ms > MoE 36.71 ms — marks recorded outside the reported window

[dprof] ctx=3119 VB=3 verify=28 — verify step by sub-op, summed over all layers (1542 marks)
[dprof] phase                    ms        %      calls
[dprof] hc_pre  (attn)         2.06     1.8%         43
[dprof] rmsnorm (attn)         0.75     0.7%         43
[dprof] ATTENTION             56.38    50.0%         43
[dprof] hc_post (attn)         0.36     0.3%         43
[dprof] hc_pre  (ffn)          2.83     2.5%         43
[dprof] rmsnorm (ffn)          0.75     0.7%         43
[dprof] MoE                   44.02    39.1%         43
[dprof] hc_post (ffn)          0.35     0.3%         43
[dprof] kv xin copy            0.22     0.2%         41
[dprof] hc_head+norm           0.03     0.0%          1
[dprof] lm_head                4.96     4.4%          1
[dprof]   attn:q_proj          0.48     0.4%          2
[dprof]   attn:kv_write        0.09     0.1%          2
[dprof]   attn:sparse          0.35     0.3%          2
[dprof]   attn:ogroup          0.76     0.7%          2
[dprof]   cattn:q_proj        14.90    13.2%         41
[dprof]   cattn:compress       2.47     2.2%         41
[dprof]   cattn:indexer        4.00     3.5%         21
[dprof]   cattn:sparse        15.28    13.6%         41
[dprof]   cattn:ogroup        15.95    14.2%         41
[dprof]   moe:router           1.95     1.7%         46
[dprof]   moe:group            1.99     1.8%         46
[dprof]   moe:w1w3            28.20    25.0%         46
[dprof]   moe:act              1.48     1.3%         46
[dprof]   moe:w2              13.62    12.1%         46
[dprof]   moe:combine          0.54     0.5%         46
[dprof]   moe:shared           0.27     0.2%         46
[dprof]     q:aq(x)            0.30     0.3%         41
[dprof]     q:wq_a             5.74     5.1%         41
[dprof]     q:rms+aq           0.97     0.9%         41
[dprof]     q:wq_b             6.86     6.1%         41
[dprof]     q:tail             0.54     0.5%         41
[dprof]     q:kv_join          0.05     0.0%         41
[dprof]     o:rope             0.27     0.2%         41
[dprof]     o:wo_a             7.96     7.1%         41
[dprof]     o:wo_b             7.52     6.7%         41
[dprof]     i:qidx             1.60     1.4%         21
[dprof]     i:iw               0.57     0.5%         21
[dprof]     i:score            0.97     0.9%         21
[dprof]     i:topk             0.71     0.6%         21
[dprof]       mg:count         0.22     0.2%         46
[dprof]       mg:prefix        0.24     0.2%         46
[dprof]       mg:scatter       0.24     0.2%         46
[dprof]       mg:tiles         0.26     0.2%         46
[dprof] draft:main_kv          0.15     0.1%          1
[dprof] draft:block           12.23    10.8%          1
[dprof] draft:head            10.21     9.1%          1
[dprof] TOTAL                112.70
[dprof] *** INVALID: moe children 48.07 ms > MoE 44.02 ms — marks recorded outside the reported window

[dprof] ctx=3126 VB=2 verify=32 — verify step by sub-op, summed over all layers (1542 marks)
[dprof] phase                    ms        %      calls
[dprof] hc_pre  (attn)         1.82     1.8%         43
[dprof] rmsnorm (attn)         0.72     0.7%         43
[dprof] ATTENTION             53.75    53.2%         43
[dprof] hc_post (attn)         0.33     0.3%         43
[dprof] hc_pre  (ffn)          2.80     2.8%         43
[dprof] rmsnorm (ffn)          0.78     0.8%         43
[dprof] MoE                   35.51    35.1%         43
[dprof] hc_post (ffn)          0.28     0.3%         43
[dprof] kv xin copy            0.22     0.2%         41
[dprof] hc_head+norm           0.05     0.0%          1
[dprof] lm_head                4.85     4.8%          1
[dprof]   attn:q_proj          0.45     0.4%          2
[dprof]   attn:kv_write        0.09     0.1%          2
[dprof]   attn:sparse          0.33     0.3%          2
[dprof]   attn:ogroup          0.77     0.8%          2
[dprof]   cattn:q_proj        14.56    14.4%         41
[dprof]   cattn:compress       2.48     2.5%         41
[dprof]   cattn:indexer        3.70     3.7%         21
[dprof]   cattn:sparse        14.02    13.9%         41
[dprof]   cattn:ogroup        15.36    15.2%         41
[dprof]   moe:router           1.92     1.9%         46
[dprof]   moe:group            1.95     1.9%         46
[dprof]   moe:w1w3            22.97    22.7%         46
[dprof]   moe:act              1.53     1.5%         46
[dprof]   moe:w2              10.37    10.3%         46
[dprof]   moe:combine          0.48     0.5%         46
[dprof]   moe:shared           0.25     0.2%         46
[dprof]     q:aq(x)            0.27     0.3%         41
[dprof]     q:wq_a             5.43     5.4%         41
[dprof]     q:rms+aq           1.01     1.0%         41
[dprof]     q:wq_b             6.82     6.7%         41
[dprof]     q:tail             0.50     0.5%         41
[dprof]     q:kv_join          0.06     0.1%         41
[dprof]     o:rope             0.24     0.2%         41
[dprof]     o:wo_a             7.57     7.5%         41
[dprof]     o:wo_b             7.34     7.3%         41
[dprof]     i:qidx             1.51     1.5%         21
[dprof]     i:iw               0.44     0.4%         21
[dprof]     i:score            0.96     1.0%         21
[dprof]     i:topk             0.68     0.7%         21
[dprof]       mg:count         0.22     0.2%         46
[dprof]       mg:prefix        0.24     0.2%         46
[dprof]       mg:scatter       0.26     0.3%         46
[dprof]       mg:tiles         0.25     0.3%         46
[dprof] draft:main_kv          0.13     0.1%          1
[dprof] draft:block           12.23    12.1%          1
[dprof] draft:head            10.23    10.1%          1
[dprof] TOTAL                101.10
[dprof] *** INVALID: moe children 39.47 ms > MoE 35.51 ms — marks recorded outside the reported window

[dprof] ctx=3136 VB=6 verify=36 — verify step by sub-op, summed over all layers (1542 marks)
[dprof] phase                    ms        %      calls
[dprof] hc_pre  (attn)         2.94     1.8%         43
[dprof] rmsnorm (attn)         0.75     0.5%         43
[dprof] ATTENTION             64.85    40.6%         43
[dprof] hc_post (attn)         0.50     0.3%         43
[dprof] hc_pre  (ffn)          4.59     2.9%         43
[dprof] rmsnorm (ffn)          0.74     0.5%         43
[dprof] MoE                   76.93    48.2%         43
[dprof] hc_post (ffn)          0.44     0.3%         43
[dprof] kv xin copy            0.23     0.1%         41
[dprof] hc_head+norm           0.04     0.0%          1
[dprof] lm_head                7.75     4.9%          1
[dprof]   attn:q_proj          0.49     0.3%          2
[dprof]   attn:kv_write        0.08     0.1%          2
[dprof]   attn:sparse          0.36     0.2%          2
[dprof]   attn:ogroup          0.93     0.6%          2
[dprof]   cattn:q_proj        14.98     9.4%         41
[dprof]   cattn:compress       2.35     1.5%         41
[dprof]   cattn:indexer        4.87     3.0%         21
[dprof]   cattn:sparse        18.66    11.7%         41
[dprof]   cattn:ogroup        19.60    12.3%         41
[dprof]   moe:router           1.99     1.2%         46
[dprof]   moe:group            2.32     1.5%         46
[dprof]   moe:w1w3            49.21    30.8%         46
[dprof]   moe:act              1.93     1.2%         46
[dprof]   moe:w2              24.65    15.4%         46
[dprof]   moe:combine          0.72     0.5%         46
[dprof]   moe:shared           0.26     0.2%         46
[dprof]     q:aq(x)            0.42     0.3%         41
[dprof]     q:wq_a             5.39     3.4%         41
[dprof]     q:rms+aq           0.76     0.5%         41
[dprof]     q:wq_b             7.22     4.5%         41
[dprof]     q:tail             0.67     0.4%         41
[dprof]     q:kv_join          0.06     0.0%         41
[dprof]     o:rope             0.25     0.2%         41
[dprof]     o:wo_a            10.49     6.6%         41
[dprof]     o:wo_b             8.65     5.4%         41
[dprof]     i:qidx             1.99     1.2%         21
[dprof]     i:iw               0.75     0.5%         21
[dprof]     i:score            1.19     0.7%         21
[dprof]     i:topk             0.79     0.5%         21
[dprof]       mg:count         0.21     0.1%         46
[dprof]       mg:prefix        0.25     0.2%         46
[dprof]       mg:scatter       0.25     0.2%         46
[dprof]       mg:tiles         0.24     0.1%         46
[dprof] draft:main_kv          0.14     0.1%          1
[dprof] draft:block           12.31     7.7%          1
[dprof] draft:head            10.22     6.4%          1
[dprof] TOTAL                159.76
[dprof] *** INVALID: moe children 81.08 ms > MoE 76.93 ms — marks recorded outside the reported window

[dprof] ctx=3144 VB=2 verify=40 — verify step by sub-op, summed over all layers (1542 marks)
[dprof] phase                    ms        %      calls
[dprof] hc_pre  (attn)         1.85     2.0%         43
[dprof] rmsnorm (attn)         0.75     0.8%         43
[dprof] ATTENTION             46.72    50.2%         43
[dprof] hc_post (attn)         0.31     0.3%         43
[dprof] hc_pre  (ffn)          2.72     2.9%         43
[dprof] rmsnorm (ffn)          0.77     0.8%         43
[dprof] MoE                   34.63    37.2%         43
[dprof] hc_post (ffn)          0.28     0.3%         43
[dprof] kv xin copy            0.26     0.3%         41
[dprof] hc_head+norm           0.03     0.0%          1
[dprof] lm_head                4.72     5.1%          1
[dprof]   attn:q_proj          0.45     0.5%          2
[dprof]   attn:kv_write        0.08     0.1%          2
[dprof]   attn:sparse          0.32     0.3%          2
[dprof]   attn:ogroup          0.72     0.8%          2
[dprof]   cattn:q_proj        10.06    10.8%         41
[dprof]   cattn:compress       0.04     0.0%         41
[dprof]   cattn:indexer        3.78     4.1%         21
[dprof]   cattn:sparse        14.02    15.1%         41
[dprof]   cattn:ogroup        15.28    16.4%         41
[dprof]   moe:router           1.92     2.1%         46
[dprof]   moe:group            1.88     2.0%         46
[dprof]   moe:w1w3            22.30    24.0%         46
[dprof]   moe:act              1.39     1.5%         46
[dprof]   moe:w2              10.30    11.1%         46
[dprof]   moe:combine          0.52     0.6%         46
[dprof]   moe:shared           0.26     0.3%         46
[dprof]     q:aq(x)            0.23     0.2%         41
[dprof]     q:wq_a             1.66     1.8%         41
[dprof]     q:rms+aq           0.57     0.6%         41
[dprof]     q:wq_b             6.68     7.2%         41
[dprof]     q:tail             0.48     0.5%         41
[dprof]     q:kv_join          0.06     0.1%         41
[dprof]     o:rope             0.24     0.3%         41
[dprof]     o:wo_a             7.56     8.1%         41
[dprof]     o:wo_b             7.27     7.8%         41
[dprof]     i:qidx             1.52     1.6%         21
[dprof]     i:iw               0.45     0.5%         21
[dprof]     i:score            0.96     1.0%         21
[dprof]     i:topk             0.72     0.8%         21
[dprof]       mg:count         0.21     0.2%         46
[dprof]       mg:prefix        0.24     0.3%         46
[dprof]       mg:scatter       0.24     0.3%         46
[dprof]       mg:tiles         0.25     0.3%         46
[dprof] draft:main_kv          0.13     0.1%          1
[dprof] draft:block           12.19    13.1%          1
[dprof] draft:head            10.31    11.1%          1
[dprof] TOTAL                 93.03
[dprof] *** INVALID: moe children 38.57 ms > MoE 34.63 ms — marks recorded outside the reported window

[dprof] ctx=3150 VB=2 verify=44 — verify step by sub-op, summed over all layers (1542 marks)
[dprof] phase                    ms        %      calls
[dprof] hc_pre  (attn)         1.84     1.9%         43
[dprof] rmsnorm (attn)         0.74     0.7%         43
[dprof] ATTENTION             53.89    54.3%         43
[dprof] hc_post (attn)         0.32     0.3%         43
[dprof] hc_pre  (ffn)          2.76     2.8%         43
[dprof] rmsnorm (ffn)          0.75     0.8%         43
[dprof] MoE                   33.28    33.5%         43
[dprof] hc_post (ffn)          0.28     0.3%         43
[dprof] kv xin copy            0.24     0.2%         41
[dprof] hc_head+norm           0.03     0.0%          1
[dprof] lm_head                5.17     5.2%          1
[dprof]   attn:q_proj          0.46     0.5%          2
[dprof]   attn:kv_write        0.08     0.1%          2
[dprof]   attn:sparse          0.32     0.3%          2
[dprof]   attn:ogroup          0.77     0.8%          2
[dprof]   cattn:q_proj        14.56    14.7%         41
[dprof]   cattn:compress       2.46     2.5%         41
[dprof]   cattn:indexer        3.71     3.7%         21
[dprof]   cattn:sparse        14.04    14.1%         41
[dprof]   cattn:ogroup        15.47    15.6%         41
[dprof]   moe:router           1.94     2.0%         46
[dprof]   moe:group            1.91     1.9%         46
[dprof]   moe:w1w3            21.60    21.8%         46
[dprof]   moe:act              1.37     1.4%         46
[dprof]   moe:w2               9.81     9.9%         46
[dprof]   moe:combine          0.49     0.5%         46
[dprof]   moe:shared           0.27     0.3%         46
[dprof]     q:aq(x)            0.34     0.3%         41
[dprof]     q:wq_a             5.32     5.4%         41
[dprof]     q:rms+aq           1.04     1.0%         41
[dprof]     q:wq_b             6.79     6.8%         41
[dprof]     q:tail             0.51     0.5%         41
[dprof]     q:kv_join          0.06     0.1%         41
[dprof]     o:rope             0.23     0.2%         41
[dprof]     o:wo_a             7.64     7.7%         41
[dprof]     o:wo_b             7.37     7.4%         41
[dprof]     i:qidx             1.49     1.5%         21
[dprof]     i:iw               0.42     0.4%         21
[dprof]     i:score            0.96     1.0%         21
[dprof]     i:topk             0.71     0.7%         21
[dprof]       mg:count         0.23     0.2%         46
[dprof]       mg:prefix        0.24     0.2%         46
[dprof]       mg:scatter       0.24     0.2%         46
[dprof]       mg:tiles         0.26     0.3%         46
[dprof] draft:main_kv          0.13     0.1%          1
[dprof] draft:block           12.34    12.4%          1
[dprof] draft:head            10.17    10.2%          1
[dprof] TOTAL                 99.30
[dprof] *** INVALID: moe children 37.39 ms > MoE 33.28 ms — marks recorded outside the reported window

[dprof] ctx=3156 VB=2 verify=48 — verify step by sub-op, summed over all layers (1542 marks)
[dprof] phase                    ms        %      calls
[dprof] hc_pre  (attn)         1.82     2.0%         43
[dprof] rmsnorm (attn)         0.74     0.8%         43
[dprof] ATTENTION             46.81    50.2%         43
[dprof] hc_post (attn)         0.33     0.4%         43
[dprof] hc_pre  (ffn)          2.78     3.0%         43
[dprof] rmsnorm (ffn)          0.78     0.8%         43
[dprof] MoE                   34.41    36.9%         43
[dprof] hc_post (ffn)          0.29     0.3%         43
[dprof] kv xin copy            0.23     0.2%         41
[dprof] hc_head+norm           0.03     0.0%          1
[dprof] lm_head                4.95     5.3%          1
[dprof]   attn:q_proj          0.46     0.5%          2
[dprof]   attn:kv_write        0.08     0.1%          2
[dprof]   attn:sparse          0.32     0.3%          2
[dprof]   attn:ogroup          0.80     0.9%          2
[dprof]   cattn:q_proj        10.04    10.8%         41
[dprof]   cattn:compress       0.05     0.0%         41
[dprof]   cattn:indexer        3.71     4.0%         21
[dprof]   cattn:sparse        14.04    15.1%         41
[dprof]   cattn:ogroup        15.23    16.3%         41
[dprof]   moe:router           1.94     2.1%         46
[dprof]   moe:group            1.94     2.1%         46
[dprof]   moe:w1w3            22.20    23.8%         46
[dprof]   moe:act              1.39     1.5%         46
[dprof]   moe:w2              10.17    10.9%         46
[dprof]   moe:combine          0.51     0.5%         46
[dprof]   moe:shared           0.25     0.3%         46
[dprof]     q:aq(x)            0.24     0.3%         41
[dprof]     q:wq_a             1.66     1.8%         41
[dprof]     q:rms+aq           0.55     0.6%         41
[dprof]     q:wq_b             6.68     7.2%         41
[dprof]     q:tail             0.48     0.5%         41
[dprof]     q:kv_join          0.05     0.1%         41
[dprof]     o:rope             0.24     0.3%         41
[dprof]     o:wo_a             7.46     8.0%         41
[dprof]     o:wo_b             7.33     7.9%         41
[dprof]     i:qidx             1.49     1.6%         21
[dprof]     i:iw               0.42     0.5%         21
[dprof]     i:score            0.97     1.0%         21
[dprof]     i:topk             0.70     0.8%         21
[dprof]       mg:count         0.22     0.2%         46
[dprof]       mg:prefix        0.25     0.3%         46
[dprof]       mg:scatter       0.25     0.3%         46
[dprof]       mg:tiles         0.24     0.3%         46
[dprof] draft:main_kv          0.14     0.1%          1
[dprof] draft:block           12.25    13.1%          1
[dprof] draft:head            10.22    11.0%          1
[dprof] TOTAL                 93.17
[dprof] *** INVALID: moe children 38.40 ms > MoE 34.41 ms — marks recorded outside the reported window

[dprof] ctx=3163 VB=3 verify=52 — verify step by sub-op, summed over all layers (1542 marks)
[dprof] phase                    ms        %      calls
[dprof] hc_pre  (attn)         2.08     1.8%         43
[dprof] rmsnorm (attn)         0.75     0.7%         43
[dprof] ATTENTION             56.40    49.7%         43
[dprof] hc_post (attn)         0.36     0.3%         43
[dprof] hc_pre  (ffn)          2.86     2.5%         43
[dprof] rmsnorm (ffn)          0.75     0.7%         43
[dprof] MoE                   44.73    39.4%         43
[dprof] hc_post (ffn)          0.36     0.3%         43
[dprof] kv xin copy            0.23     0.2%         41
[dprof] hc_head+norm           0.03     0.0%          1
[dprof] lm_head                4.95     4.4%          1
[dprof]   attn:q_proj          0.45     0.4%          2
[dprof]   attn:kv_write        0.08     0.1%          2
[dprof]   attn:sparse          0.33     0.3%          2
[dprof]   attn:ogroup          0.75     0.7%          2
[dprof]   cattn:q_proj        14.87    13.1%         41
[dprof]   cattn:compress       2.42     2.1%         41
[dprof]   cattn:indexer        3.97     3.5%         21
[dprof]   cattn:sparse        15.30    13.5%         41
[dprof]   cattn:ogroup        16.04    14.1%         41
[dprof]   moe:router           1.95     1.7%         46
[dprof]   moe:group            2.04     1.8%         46
[dprof]   moe:w1w3            28.73    25.3%         46
[dprof]   moe:act              1.55     1.4%         46
[dprof]   moe:w2              13.85    12.2%         46
[dprof]   moe:combine          0.56     0.5%         46
[dprof]   moe:shared           0.27     0.2%         46
[dprof]     q:aq(x)            0.36     0.3%         41
[dprof]     q:wq_a             5.64     5.0%         41
[dprof]     q:rms+aq           0.95     0.8%         41
[dprof]     q:wq_b             6.86     6.0%         41
[dprof]     q:tail             0.54     0.5%         41
[dprof]     q:kv_join          0.05     0.0%         41
[dprof]     o:rope             0.26     0.2%         41
[dprof]     o:wo_a             7.99     7.0%         41
[dprof]     o:wo_b             7.56     6.7%         41
[dprof]     i:qidx             1.60     1.4%         21
[dprof]     i:iw               0.54     0.5%         21
[dprof]     i:score            0.96     0.8%         21
[dprof]     i:topk             0.75     0.7%         21
[dprof]       mg:count         0.21     0.2%         46
[dprof]       mg:prefix        0.25     0.2%         46
[dprof]       mg:scatter       0.25     0.2%         46
[dprof]       mg:tiles         0.25     0.2%         46
[dprof] draft:main_kv          0.17     0.1%          1
[dprof] draft:block           12.43    11.0%          1
[dprof] draft:head            10.27     9.1%          1
[dprof] TOTAL                113.51
[dprof] *** INVALID: moe children 48.95 ms > MoE 44.73 ms — marks recorded outside the reported window

[dprof] ctx=3168 VB=2 verify=56 — verify step by sub-op, summed over all layers (1542 marks)
[dprof] phase                    ms        %      calls
[dprof] hc_pre  (attn)         1.81     2.0%         43
[dprof] rmsnorm (attn)         0.74     0.8%         43
[dprof] ATTENTION             46.96    50.8%         43
[dprof] hc_post (attn)         0.31     0.3%         43
[dprof] hc_pre  (ffn)          2.73     3.0%         43
[dprof] rmsnorm (ffn)          0.75     0.8%         43
[dprof] MoE                   33.50    36.2%         43
[dprof] hc_post (ffn)          0.27     0.3%         43
[dprof] kv xin copy            0.23     0.2%         41
[dprof] hc_head+norm           0.03     0.0%          1
[dprof] lm_head                5.11     5.5%          1
[dprof]   attn:q_proj          0.45     0.5%          2
[dprof]   attn:kv_write        0.08     0.1%          2
[dprof]   attn:sparse          0.32     0.3%          2
[dprof]   attn:ogroup          0.72     0.8%          2
[dprof]   cattn:q_proj        10.08    10.9%         41
[dprof]   cattn:compress       0.04     0.0%         41
[dprof]   cattn:indexer        3.84     4.2%         21
[dprof]   cattn:sparse        14.04    15.2%         41
[dprof]   cattn:ogroup        15.39    16.6%         41
[dprof]   moe:router           1.92     2.1%         46
[dprof]   moe:group            1.85     2.0%         46
[dprof]   moe:w1w3            21.40    23.1%         46
[dprof]   moe:act              1.32     1.4%         46
[dprof]   moe:w2               9.95    10.8%         46
[dprof]   moe:combine          0.49     0.5%         46
[dprof]   moe:shared           0.29     0.3%         46
[dprof]     q:aq(x)            0.22     0.2%         41
[dprof]     q:wq_a             1.66     1.8%         41
[dprof]     q:rms+aq           0.56     0.6%         41
[dprof]     q:wq_b             6.69     7.2%         41
[dprof]     q:tail             0.50     0.5%         41
[dprof]     q:kv_join          0.05     0.1%         41
[dprof]     o:rope             0.23     0.2%         41
[dprof]     o:wo_a             7.65     8.3%         41
[dprof]     o:wo_b             7.27     7.9%         41
[dprof]     i:qidx             1.54     1.7%         21
[dprof]     i:iw               0.46     0.5%         21
[dprof]     i:score            0.97     1.0%         21
[dprof]     i:topk             0.75     0.8%         21
[dprof]       mg:count         0.21     0.2%         46
[dprof]       mg:prefix        0.23     0.3%         46
[dprof]       mg:scatter       0.24     0.3%         46
[dprof]       mg:tiles         0.24     0.3%         46
[dprof] draft:main_kv          0.14     0.2%          1
[dprof] draft:block           11.96    12.9%          1
[dprof] draft:head            10.32    11.2%          1
[dprof] TOTAL                 92.46
[dprof] *** INVALID: moe children 37.21 ms > MoE 33.50 ms — marks recorded outside the reported window

[dprof] ctx=3176 VB=2 verify=60 — verify step by sub-op, summed over all layers (1542 marks)
[dprof] phase                    ms        %      calls
[dprof] hc_pre  (attn)         1.80     1.9%         43
[dprof] rmsnorm (attn)         0.75     0.8%         43
[dprof] ATTENTION             47.02    50.1%         43
[dprof] hc_post (attn)         0.30     0.3%         43
[dprof] hc_pre  (ffn)          2.73     2.9%         43
[dprof] rmsnorm (ffn)          0.75     0.8%         43
[dprof] MoE                   35.12    37.4%         43
[dprof] hc_post (ffn)          0.29     0.3%         43
[dprof] kv xin copy            0.26     0.3%         41
[dprof] hc_head+norm           0.03     0.0%          1
[dprof] lm_head                4.74     5.1%          1
[dprof]   attn:q_proj          0.46     0.5%          2
[dprof]   attn:kv_write        0.08     0.1%          2
[dprof]   attn:sparse          0.32     0.3%          2
[dprof]   attn:ogroup          0.73     0.8%          2
[dprof]   cattn:q_proj        10.15    10.8%         41
[dprof]   cattn:compress       0.06     0.1%         41
[dprof]   cattn:indexer        3.75     4.0%         21
[dprof]   cattn:sparse        14.02    14.9%         41
[dprof]   cattn:ogroup        15.49    16.5%         41
[dprof]   moe:router           1.94     2.1%         46
[dprof]   moe:group            2.08     2.2%         46
[dprof]   moe:w1w3            22.63    24.1%         46
[dprof]   moe:act              1.45     1.5%         46
[dprof]   moe:w2              10.19    10.9%         46
[dprof]   moe:combine          0.49     0.5%         46
[dprof]   moe:shared           0.26     0.3%         46
[dprof]     q:aq(x)            0.23     0.2%         41
[dprof]     q:wq_a             1.66     1.8%         41
[dprof]     q:rms+aq           0.58     0.6%         41
[dprof]     q:wq_b             6.75     7.2%         41
[dprof]     q:tail             0.50     0.5%         41
[dprof]     q:kv_join          0.05     0.1%         41
[dprof]     o:rope             0.25     0.3%         41
[dprof]     o:wo_a             7.70     8.2%         41
[dprof]     o:wo_b             7.33     7.8%         41
[dprof]     i:qidx             1.52     1.6%         21
[dprof]     i:iw               0.42     0.4%         21
[dprof]     i:score            0.96     1.0%         21
[dprof]     i:topk             0.72     0.8%         21
[dprof]       mg:count         0.23     0.2%         46
[dprof]       mg:prefix        0.29     0.3%         46
[dprof]       mg:scatter       0.28     0.3%         46
[dprof]       mg:tiles         0.26     0.3%         46
[dprof] draft:main_kv          0.13     0.1%          1
[dprof] draft:block           12.27    13.1%          1
[dprof] draft:head            10.20    10.9%          1
[dprof] TOTAL                 93.79
[dprof] *** INVALID: moe children 39.05 ms > MoE 35.12 ms — marks recorded outside the reported window

[dprof] ctx=3182 VB=2 verify=64 — verify step by sub-op, summed over all layers (1542 marks)
[dprof] phase                    ms        %      calls
[dprof] hc_pre  (attn)         1.83     1.8%         43
[dprof] rmsnorm (attn)         0.77     0.8%         43
[dprof] ATTENTION             53.81    53.2%         43
[dprof] hc_post (attn)         0.32     0.3%         43
[dprof] hc_pre  (ffn)          2.75     2.7%         43
[dprof] rmsnorm (ffn)          0.75     0.7%         43
[dprof] MoE                   35.55    35.2%         43
[dprof] hc_post (ffn)          0.28     0.3%         43
[dprof] kv xin copy            0.25     0.2%         41
[dprof] hc_head+norm           0.03     0.0%          1
[dprof] lm_head                4.73     4.7%          1
[dprof]   attn:q_proj          0.45     0.4%          2
[dprof]   attn:kv_write        0.08     0.1%          2
[dprof]   attn:sparse          0.32     0.3%          2
[dprof]   attn:ogroup          0.73     0.7%          2
[dprof]   cattn:q_proj        14.69    14.5%         41
[dprof]   cattn:compress       2.47     2.4%         41
[dprof]   cattn:indexer        3.66     3.6%         21
[dprof]   cattn:sparse        14.02    13.9%         41
[dprof]   cattn:ogroup        15.42    15.3%         41
[dprof]   moe:router           1.92     1.9%         46
[dprof]   moe:group            1.90     1.9%         46
[dprof]   moe:w1w3            23.04    22.8%         46
[dprof]   moe:act              1.55     1.5%         46
[dprof]   moe:w2              10.33    10.2%         46
[dprof]   moe:combine          0.49     0.5%         46
[dprof]   moe:shared           0.26     0.3%         46
[dprof]     q:aq(x)            0.36     0.4%         41
[dprof]     q:wq_a             5.39     5.3%         41
[dprof]     q:rms+aq           1.04     1.0%         41
[dprof]     q:wq_b             6.80     6.7%         41
[dprof]     q:tail             0.52     0.5%         41
[dprof]     q:kv_join          0.07     0.1%         41
[dprof]     o:rope             0.24     0.2%         41
[dprof]     o:wo_a             7.61     7.5%         41
[dprof]     o:wo_b             7.37     7.3%         41
[dprof]     i:qidx             1.49     1.5%         21
[dprof]     i:iw               0.42     0.4%         21
[dprof]     i:score            0.95     0.9%         21
[dprof]     i:topk             0.68     0.7%         21
[dprof]       mg:count         0.21     0.2%         46
[dprof]       mg:prefix        0.23     0.2%         46
[dprof]       mg:scatter       0.25     0.2%         46
[dprof]       mg:tiles         0.25     0.3%         46
[dprof] draft:main_kv          0.13     0.1%          1
[dprof] draft:block           12.13    12.0%          1
[dprof] draft:head            10.26    10.2%          1
[dprof] TOTAL                101.08
[dprof] *** INVALID: moe children 39.51 ms > MoE 35.55 ms — marks recorded outside the reported window

[dprof] ctx=3188 VB=5 verify=68 — verify step by sub-op, summed over all layers (1542 marks)
[dprof] phase                    ms        %      calls
[dprof] hc_pre  (attn)         2.65     1.9%         43
[dprof] rmsnorm (attn)         0.75     0.5%         43
[dprof] ATTENTION             59.35    41.9%         43
[dprof] hc_post (attn)         0.46     0.3%         43
[dprof] hc_pre  (ffn)          3.23     2.3%         43
[dprof] rmsnorm (ffn)          0.77     0.5%         43
[dprof] MoE                   67.07    47.4%         43
[dprof] hc_post (ffn)          0.43     0.3%         43
[dprof] kv xin copy            0.21     0.2%         41
[dprof] hc_head+norm           0.04     0.0%          1
[dprof] lm_head                6.53     4.6%          1
[dprof]   attn:q_proj          0.47     0.3%          2
[dprof]   attn:kv_write        0.08     0.1%          2
[dprof]   attn:sparse          0.36     0.3%          2
[dprof]   attn:ogroup          0.80     0.6%          2
[dprof]   cattn:q_proj        14.55    10.3%         41
[dprof]   cattn:compress       2.35     1.7%         41
[dprof]   cattn:indexer        4.42     3.1%         21
[dprof]   cattn:sparse        16.67    11.8%         41
[dprof]   cattn:ogroup        17.15    12.1%         41
[dprof]   moe:router           1.96     1.4%         46
[dprof]   moe:group            2.25     1.6%         46
[dprof]   moe:w1w3            42.92    30.3%         46
[dprof]   moe:act              1.98     1.4%         46
[dprof]   moe:w2              21.05    14.9%         46
[dprof]   moe:combine          0.67     0.5%         46
[dprof]   moe:shared           0.25     0.2%         46
[dprof]     q:aq(x)            0.29     0.2%         41
[dprof]     q:wq_a             5.31     3.8%         41
[dprof]     q:rms+aq           0.84     0.6%         41
[dprof]     q:wq_b             6.97     4.9%         41
[dprof]     q:tail             0.64     0.5%         41
[dprof]     q:kv_join          0.06     0.0%         41
[dprof]     o:rope             0.24     0.2%         41
[dprof]     o:wo_a             8.34     5.9%         41
[dprof]     o:wo_b             8.34     5.9%         41
[dprof]     i:qidx             1.85     1.3%         21
[dprof]     i:iw               0.62     0.4%         21
[dprof]     i:score            1.11     0.8%         21
[dprof]     i:topk             0.72     0.5%         21
[dprof]       mg:count         0.21     0.2%         46
[dprof]       mg:prefix        0.25     0.2%         46
[dprof]       mg:scatter       0.26     0.2%         46
[dprof]       mg:tiles         0.25     0.2%         46
[dprof] draft:main_kv          0.16     0.1%          1
[dprof] draft:block           12.13     8.6%          1
[dprof] draft:head            10.23     7.2%          1
[dprof] TOTAL                141.50
[dprof] *** INVALID: moe children 71.07 ms > MoE 67.07 ms — marks recorded outside the reported window
