[model-lock] acquired (377920) — 105 GiB available
  preflight gate_tokenizer ok
  preflight gate_encoding ok
  preflight gate_api ok
  preflight gate_stream ok
[server] tokenizer /home/patrickd/models/DeepSeek-V4-Flash-0731-REAP/tokenizer.json
[server] tokenizer ok (vocab 128000, 1283 added)
[engine] loading /home/patrickd/models/DeepSeek-V4-Flash-0731-REAP (seqmax=16384, blk=6, adaptK=1.50)...
[engine] loaded 100.40 GiB, 45821 tensors (MANAGED device-preferred)
[engine] building 43 layer structs (persistent)...
[engine] DSpark head: NSTAGE=3 experts=160
[dprof] enabled, 8192 marks
[engine] ready. mem 119.5/122.8 GiB  (seqmax 16384, batch 64, arena 640 MiB)

[server] listening on http://0.0.0.0:8080   (web UI at /)
[server] model deepseek-v4-flash-0731-reap, context 16384, block 6, adaptK 1.50
[engine] prefill 12281 tok, arena high-water 103 MiB of 640 MiB

[dprof] ctx=12281 VB=2 verify=0 — verify step by sub-op, summed over all layers (1542 marks)
[dprof] phase                    ms        %      calls
[dprof] hc_pre  (attn)         1.84     1.6%         43
[dprof] rmsnorm (attn)         0.78     0.7%         43
[dprof] ATTENTION             68.86    58.6%         43
[dprof] hc_post (attn)         0.37     0.3%         43
[dprof] hc_pre  (ffn)          2.82     2.4%         43
[dprof] rmsnorm (ffn)          0.76     0.6%         43
[dprof] MoE                   36.77    31.3%         43
[dprof] hc_post (ffn)          0.32     0.3%         43
[dprof] kv xin copy            0.24     0.2%         41
[dprof] hc_head+norm           0.03     0.0%          1
[dprof] lm_head                4.75     4.0%          1
[dprof]   attn:q_proj          0.46     0.4%          2
[dprof]   attn:kv_write        0.09     0.1%          2
[dprof]   attn:sparse          0.64     0.5%          2
[dprof]   attn:ogroup          0.74     0.6%          2
[dprof]   cattn:q_proj        10.47     8.9%         41
[dprof]   cattn:compress       0.05     0.0%         41
[dprof]   cattn:indexer        9.54     8.1%         21
[dprof]   cattn:sparse        21.27    18.1%         41
[dprof]   cattn:ogroup        15.76    13.4%         41
[dprof]   moe:router           2.03     1.7%         46
[dprof]   moe:group            2.63     2.2%         46
[dprof]   moe:w1w3            23.69    20.2%         46
[dprof]   moe:act              1.51     1.3%         46
[dprof]   moe:w2              10.58     9.0%         46
[dprof]   moe:combine          0.53     0.4%         46
[dprof]   moe:shared           0.26     0.2%         46
[dprof]     q:aq(x)            0.26     0.2%         41
[dprof]     q:wq_a             1.69     1.4%         41
[dprof]     q:rms+aq           0.60     0.5%         41
[dprof]     q:wq_b             6.85     5.8%         41
[dprof]     q:tail             0.56     0.5%         41
[dprof]     q:kv_join          0.05     0.0%         41
[dprof]     o:rope             0.26     0.2%         41
[dprof]     o:wo_a             7.81     6.6%         41
[dprof]     o:wo_b             7.43     6.3%         41
[dprof]     i:qidx             1.59     1.4%         21
[dprof]     i:iw               0.51     0.4%         21
[dprof]     i:score            6.58     5.6%         21
[dprof]     i:topk             0.72     0.6%         21
[dprof]       mg:count         0.29     0.2%         46
[dprof]       mg:prefix        0.28     0.2%         46
[dprof]       mg:scatter       0.26     0.2%         46
[dprof]       mg:tiles         0.25     0.2%         46
[dprof] draft:main_kv         47.58    40.5%          1
[dprof] draft:block           13.19    11.2%          1
[dprof] draft:head            10.56     9.0%          1
[dprof] TOTAL                117.55
[dprof] *** INVALID: moe children 41.22 ms > MoE 36.77 ms — marks recorded outside the reported window

[dprof] ctx=12289 VB=3 verify=4 — verify step by sub-op, summed over all layers (1542 marks)
[dprof] phase                    ms        %      calls
[dprof] hc_pre  (attn)         2.09     1.6%         43
[dprof] rmsnorm (attn)         0.81     0.6%         43
[dprof] ATTENTION             78.90    59.0%         43
[dprof] hc_post (attn)         0.38     0.3%         43
[dprof] hc_pre  (ffn)          2.89     2.2%         43
[dprof] rmsnorm (ffn)          0.73     0.5%         43
[dprof] MoE                   42.50    31.8%         43
[dprof] hc_post (ffn)          0.34     0.3%         43
[dprof] kv xin copy            0.27     0.2%         41
[dprof] hc_head+norm           0.03     0.0%          1
[dprof] lm_head                4.87     3.6%          1
[dprof]   attn:q_proj          0.45     0.3%          2
[dprof]   attn:kv_write        0.08     0.1%          2
[dprof]   attn:sparse          0.61     0.5%          2
[dprof]   attn:ogroup          0.75     0.6%          2
[dprof]   cattn:q_proj        14.92    11.1%         41
[dprof]   cattn:compress       2.52     1.9%         41
[dprof]   cattn:indexer       12.72     9.5%         21
[dprof]   cattn:sparse        21.61    16.1%         41
[dprof]   cattn:ogroup        16.05    12.0%         41
[dprof]   moe:router           2.04     1.5%         46
[dprof]   moe:group            2.22     1.7%         46
[dprof]   moe:w1w3            26.75    20.0%         46
[dprof]   moe:act              1.46     1.1%         46
[dprof]   moe:w2              12.98     9.7%         46
[dprof]   moe:combine          0.59     0.4%         46
[dprof]   moe:shared           0.29     0.2%         46
[dprof]     q:aq(x)            0.55     0.4%         41
[dprof]     q:wq_a             5.36     4.0%         41
[dprof]     q:rms+aq           1.01     0.8%         41
[dprof]     q:wq_b             6.82     5.1%         41
[dprof]     q:tail             0.58     0.4%         41
[dprof]     q:kv_join          0.07     0.1%         41
[dprof]     o:rope             0.26     0.2%         41
[dprof]     o:wo_a             8.00     6.0%         41
[dprof]     o:wo_b             7.58     5.7%         41
[dprof]     i:qidx             1.65     1.2%         21
[dprof]     i:iw               0.55     0.4%         21
[dprof]     i:score            9.62     7.2%         21
[dprof]     i:topk             0.75     0.6%         21
[dprof]       mg:count         0.26     0.2%         46
[dprof]       mg:prefix        0.25     0.2%         46
[dprof]       mg:scatter       0.26     0.2%         46
[dprof]       mg:tiles         0.30     0.2%         46
[dprof] draft:main_kv          0.14     0.1%          1
[dprof] draft:block           12.36     9.2%          1
[dprof] draft:head            10.29     7.7%          1
[dprof] TOTAL                133.82
[dprof] *** INVALID: moe children 46.34 ms > MoE 42.50 ms — marks recorded outside the reported window

[dprof] ctx=12295 VB=2 verify=8 — verify step by sub-op, summed over all layers (1542 marks)
[dprof] phase                    ms        %      calls
[dprof] hc_pre  (attn)         1.80     1.5%         43
[dprof] rmsnorm (attn)         0.75     0.6%         43
[dprof] ATTENTION             74.69    62.7%         43
[dprof] hc_post (attn)         0.32     0.3%         43
[dprof] hc_pre  (ffn)          2.80     2.4%         43
[dprof] rmsnorm (ffn)          0.76     0.6%         43
[dprof] MoE                   32.46    27.2%         43
[dprof] hc_post (ffn)          0.29     0.2%         43
[dprof] kv xin copy            0.22     0.2%         41
[dprof] hc_head+norm           0.03     0.0%          1
[dprof] lm_head                5.02     4.2%          1
[dprof]   attn:q_proj          0.45     0.4%          2
[dprof]   attn:kv_write        0.08     0.1%          2
[dprof]   attn:sparse          0.60     0.5%          2
[dprof]   attn:ogroup          0.74     0.6%          2
[dprof]   cattn:q_proj        14.84    12.5%         41
[dprof]   cattn:compress       2.49     2.1%         41
[dprof]   cattn:indexer        9.42     7.9%         21
[dprof]   cattn:sparse        20.99    17.6%         41
[dprof]   cattn:ogroup        15.82    13.3%         41
[dprof]   moe:router           2.02     1.7%         46
[dprof]   moe:group            2.02     1.7%         46
[dprof]   moe:w1w3            20.57    17.3%         46
[dprof]   moe:act              1.42     1.2%         46
[dprof]   moe:w2               9.43     7.9%         46
[dprof]   moe:combine          0.55     0.5%         46
[dprof]   moe:shared           0.25     0.2%         46
[dprof]     q:aq(x)            0.40     0.3%         41
[dprof]     q:wq_a             5.65     4.7%         41
[dprof]     q:rms+aq           1.05     0.9%         41
[dprof]     q:wq_b             6.75     5.7%         41
[dprof]     q:tail             0.52     0.4%         41
[dprof]     q:kv_join          0.05     0.0%         41
[dprof]     o:rope             0.25     0.2%         41
[dprof]     o:wo_a             7.83     6.6%         41
[dprof]     o:wo_b             7.52     6.3%         41
[dprof]     i:qidx             1.51     1.3%         21
[dprof]     i:iw               0.46     0.4%         21
[dprof]     i:score            6.57     5.5%         21
[dprof]     i:topk             0.75     0.6%         21
[dprof]       mg:count         0.25     0.2%         46
[dprof]       mg:prefix        0.24     0.2%         46
[dprof]       mg:scatter       0.25     0.2%         46
[dprof]       mg:tiles         0.29     0.2%         46
[dprof] draft:main_kv          0.14     0.1%          1
[dprof] draft:block           12.34    10.4%          1
[dprof] draft:head            10.24     8.6%          1
[dprof] TOTAL                119.15
[dprof] *** INVALID: moe children 36.25 ms > MoE 32.46 ms — marks recorded outside the reported window

[dprof] ctx=12301 VB=2 verify=12 — verify step by sub-op, summed over all layers (1542 marks)
[dprof] phase                    ms        %      calls
[dprof] hc_pre  (attn)         1.82     1.6%         43
[dprof] rmsnorm (attn)         0.77     0.7%         43
[dprof] ATTENTION             68.45    60.1%         43
[dprof] hc_post (attn)         0.35     0.3%         43
[dprof] hc_pre  (ffn)          2.81     2.5%         43
[dprof] rmsnorm (ffn)          0.78     0.7%         43
[dprof] MoE                   33.24    29.2%         43
[dprof] hc_post (ffn)          0.27     0.2%         43
[dprof] kv xin copy            0.22     0.2%         41
[dprof] hc_head+norm           0.03     0.0%          1
[dprof] lm_head                5.07     4.5%          1
[dprof]   attn:q_proj          0.47     0.4%          2
[dprof]   attn:kv_write        0.10     0.1%          2
[dprof]   attn:sparse          0.61     0.5%          2
[dprof]   attn:ogroup          0.76     0.7%          2
[dprof]   cattn:q_proj        10.13     8.9%         41
[dprof]   cattn:compress       0.04     0.0%         41
[dprof]   cattn:indexer        9.52     8.4%         21
[dprof]   cattn:sparse        21.17    18.6%         41
[dprof]   cattn:ogroup        15.72    13.8%         41
[dprof]   moe:router           1.97     1.7%         46
[dprof]   moe:group            2.00     1.8%         46
[dprof]   moe:w1w3            21.21    18.6%         46
[dprof]   moe:act              1.44     1.3%         46
[dprof]   moe:w2               9.72     8.5%         46
[dprof]   moe:combine          0.55     0.5%         46
[dprof]   moe:shared           0.27     0.2%         46
[dprof]     q:aq(x)            0.25     0.2%         41
[dprof]     q:wq_a             1.66     1.5%         41
[dprof]     q:rms+aq           0.58     0.5%         41
[dprof]     q:wq_b             6.72     5.9%         41
[dprof]     q:tail             0.49     0.4%         41
[dprof]     q:kv_join          0.04     0.0%         41
[dprof]     o:rope             0.25     0.2%         41
[dprof]     o:wo_a             7.81     6.9%         41
[dprof]     o:wo_b             7.45     6.5%         41
[dprof]     i:qidx             1.58     1.4%         21
[dprof]     i:iw               0.47     0.4%         21
[dprof]     i:score            6.58     5.8%         21
[dprof]     i:topk             0.74     0.7%         21
[dprof]       mg:count         0.26     0.2%         46
[dprof]       mg:prefix        0.24     0.2%         46
[dprof]       mg:scatter       0.25     0.2%         46
[dprof]       mg:tiles         0.24     0.2%         46
[dprof] draft:main_kv          0.14     0.1%          1
[dprof] draft:block           12.47    11.0%          1
[dprof] draft:head            10.28     9.0%          1
[dprof] TOTAL                113.80
[dprof] *** INVALID: moe children 37.16 ms > MoE 33.24 ms — marks recorded outside the reported window

[dprof] ctx=12307 VB=2 verify=16 — verify step by sub-op, summed over all layers (1542 marks)
[dprof] phase                    ms        %      calls
[dprof] hc_pre  (attn)         1.84     1.5%         43
[dprof] rmsnorm (attn)         0.76     0.6%         43
[dprof] ATTENTION             74.99    61.9%         43
[dprof] hc_post (attn)         0.33     0.3%         43
[dprof] hc_pre  (ffn)          2.85     2.4%         43
[dprof] rmsnorm (ffn)          0.79     0.7%         43
[dprof] MoE                   34.06    28.1%         43
[dprof] hc_post (ffn)          0.30     0.2%         43
[dprof] kv xin copy            0.21     0.2%         41
[dprof] hc_head+norm           0.03     0.0%          1
[dprof] lm_head                5.06     4.2%          1
[dprof]   attn:q_proj          0.45     0.4%          2
[dprof]   attn:kv_write        0.08     0.1%          2
[dprof]   attn:sparse          0.60     0.5%          2
[dprof]   attn:ogroup          0.83     0.7%          2
[dprof]   cattn:q_proj        15.00    12.4%         41
[dprof]   cattn:compress       2.54     2.1%         41
[dprof]   cattn:indexer        9.53     7.9%         21
[dprof]   cattn:sparse        21.03    17.3%         41
[dprof]   cattn:ogroup        15.73    13.0%         41
[dprof]   moe:router           2.00     1.7%         46
[dprof]   moe:group            2.09     1.7%         46
[dprof]   moe:w1w3            21.64    17.8%         46
[dprof]   moe:act              1.50     1.2%         46
[dprof]   moe:w2               9.87     8.1%         46
[dprof]   moe:combine          0.54     0.4%         46
[dprof]   moe:shared           0.27     0.2%         46
[dprof]     q:aq(x)            0.39     0.3%         41
[dprof]     q:wq_a             5.68     4.7%         41
[dprof]     q:rms+aq           1.12     0.9%         41
[dprof]     q:wq_b             6.77     5.6%         41
[dprof]     q:tail             0.53     0.4%         41
[dprof]     q:kv_join          0.06     0.0%         41
[dprof]     o:rope             0.25     0.2%         41
[dprof]     o:wo_a             7.78     6.4%         41
[dprof]     o:wo_b             7.48     6.2%         41
[dprof]     i:qidx             1.56     1.3%         21
[dprof]     i:iw               0.47     0.4%         21
[dprof]     i:score            6.58     5.4%         21
[dprof]     i:topk             0.79     0.6%         21
[dprof]       mg:count         0.27     0.2%         46
[dprof]       mg:prefix        0.25     0.2%         46
[dprof]       mg:scatter       0.25     0.2%         46
[dprof]       mg:tiles         0.28     0.2%         46
[dprof] draft:main_kv          0.14     0.1%          1
[dprof] draft:block           12.35    10.2%          1
[dprof] draft:head            10.23     8.4%          1
[dprof] TOTAL                121.23
[dprof] *** INVALID: moe children 37.91 ms > MoE 34.06 ms — marks recorded outside the reported window

[dprof] ctx=12316 VB=2 verify=20 — verify step by sub-op, summed over all layers (1542 marks)
[dprof] phase                    ms        %      calls
[dprof] hc_pre  (attn)         1.85     1.6%         43
[dprof] rmsnorm (attn)         0.79     0.7%         43
[dprof] ATTENTION             68.51    59.6%         43
[dprof] hc_post (attn)         0.37     0.3%         43
[dprof] hc_pre  (ffn)          2.83     2.5%         43
[dprof] rmsnorm (ffn)          0.79     0.7%         43
[dprof] MoE                   34.22    29.8%         43
[dprof] hc_post (ffn)          0.31     0.3%         43
[dprof] kv xin copy            0.25     0.2%         41
[dprof] hc_head+norm           0.03     0.0%          1
[dprof] lm_head                5.01     4.4%          1
[dprof]   attn:q_proj          0.45     0.4%          2
[dprof]   attn:kv_write        0.08     0.1%          2
[dprof]   attn:sparse          0.60     0.5%          2
[dprof]   attn:ogroup          0.80     0.7%          2
[dprof]   cattn:q_proj        10.45     9.1%         41
[dprof]   cattn:compress       0.05     0.0%         41
[dprof]   cattn:indexer        9.49     8.3%         21
[dprof]   cattn:sparse        21.02    18.3%         41
[dprof]   cattn:ogroup        15.79    13.7%         41
[dprof]   moe:router           2.05     1.8%         46
[dprof]   moe:group            2.03     1.8%         46
[dprof]   moe:w1w3            21.85    19.0%         46
[dprof]   moe:act              1.56     1.4%         46
[dprof]   moe:w2               9.82     8.5%         46
[dprof]   moe:combine          0.57     0.5%         46
[dprof]   moe:shared           0.29     0.3%         46
[dprof]     q:aq(x)            0.26     0.2%         41
[dprof]     q:wq_a             1.72     1.5%         41
[dprof]     q:rms+aq           0.61     0.5%         41
[dprof]     q:wq_b             6.92     6.0%         41
[dprof]     q:tail             0.47     0.4%         41
[dprof]     q:kv_join          0.04     0.0%         41
[dprof]     o:rope             0.25     0.2%         41
[dprof]     o:wo_a             7.87     6.8%         41
[dprof]     o:wo_b             7.41     6.4%         41
[dprof]     i:qidx             1.58     1.4%         21
[dprof]     i:iw               0.47     0.4%         21
[dprof]     i:score            6.57     5.7%         21
[dprof]     i:topk             0.74     0.6%         21
[dprof]       mg:count         0.25     0.2%         46
[dprof]       mg:prefix        0.24     0.2%         46
[dprof]       mg:scatter       0.25     0.2%         46
[dprof]       mg:tiles         0.27     0.2%         46
[dprof] draft:main_kv          0.15     0.1%          1
[dprof] draft:block           12.36    10.8%          1
[dprof] draft:head            10.24     8.9%          1
[dprof] TOTAL                114.97
[dprof] *** INVALID: moe children 38.16 ms > MoE 34.22 ms — marks recorded outside the reported window

[dprof] ctx=12321 VB=2 verify=24 — verify step by sub-op, summed over all layers (1542 marks)
[dprof] phase                    ms        %      calls
[dprof] hc_pre  (attn)         1.81     1.6%         43
[dprof] rmsnorm (attn)         0.76     0.7%         43
[dprof] ATTENTION             68.67    59.3%         43
[dprof] hc_post (attn)         0.34     0.3%         43
[dprof] hc_pre  (ffn)          2.76     2.4%         43
[dprof] rmsnorm (ffn)          0.76     0.7%         43
[dprof] MoE                   35.46    30.6%         43
[dprof] hc_post (ffn)          0.28     0.2%         43
[dprof] kv xin copy            0.21     0.2%         41
[dprof] hc_head+norm           0.03     0.0%          1
[dprof] lm_head                4.70     4.1%          1
[dprof]   attn:q_proj          0.45     0.4%          2
[dprof]   attn:kv_write        0.08     0.1%          2
[dprof]   attn:sparse          0.60     0.5%          2
[dprof]   attn:ogroup          0.72     0.6%          2
[dprof]   cattn:q_proj        10.50     9.1%         41
[dprof]   cattn:compress       0.05     0.0%         41
[dprof]   cattn:indexer        9.56     8.3%         21
[dprof]   cattn:sparse        21.13    18.2%         41
[dprof]   cattn:ogroup        15.71    13.6%         41
[dprof]   moe:router           2.02     1.7%         46
[dprof]   moe:group            2.02     1.7%         46
[dprof]   moe:w1w3            22.87    19.8%         46
[dprof]   moe:act              1.57     1.4%         46
[dprof]   moe:w2              10.15     8.8%         46
[dprof]   moe:combine          0.52     0.5%         46
[dprof]   moe:shared           0.25     0.2%         46
[dprof]     q:aq(x)            0.25     0.2%         41
[dprof]     q:wq_a             1.69     1.5%         41
[dprof]     q:rms+aq           0.64     0.6%         41
[dprof]     q:wq_b             6.89     5.9%         41
[dprof]     q:tail             0.53     0.5%         41
[dprof]     q:kv_join          0.07     0.1%         41
[dprof]     o:rope             0.25     0.2%         41
[dprof]     o:wo_a             7.79     6.7%         41
[dprof]     o:wo_b             7.44     6.4%         41
[dprof]     i:qidx             1.60     1.4%         21
[dprof]     i:iw               0.48     0.4%         21
[dprof]     i:score            6.57     5.7%         21
[dprof]     i:topk             0.76     0.7%         21
[dprof]       mg:count         0.24     0.2%         46
[dprof]       mg:prefix        0.26     0.2%         46
[dprof]       mg:scatter       0.24     0.2%         46
[dprof]       mg:tiles         0.26     0.2%         46
[dprof] draft:main_kv          0.14     0.1%          1
[dprof] draft:block           12.40    10.7%          1
[dprof] draft:head            10.29     8.9%          1
[dprof] TOTAL                115.78
[dprof] *** INVALID: moe children 39.40 ms > MoE 35.46 ms — marks recorded outside the reported window

[dprof] ctx=12326 VB=2 verify=28 — verify step by sub-op, summed over all layers (1542 marks)
[dprof] phase                    ms        %      calls
[dprof] hc_pre  (attn)         1.81     1.5%         43
[dprof] rmsnorm (attn)         0.78     0.6%         43
[dprof] ATTENTION             74.19    61.3%         43
[dprof] hc_post (attn)         0.31     0.3%         43
[dprof] hc_pre  (ffn)          2.81     2.3%         43
[dprof] rmsnorm (ffn)          0.78     0.6%         43
[dprof] MoE                   34.54    28.6%         43
[dprof] hc_post (ffn)          0.31     0.3%         43
[dprof] kv xin copy            0.23     0.2%         41
[dprof] hc_head+norm           0.03     0.0%          1
[dprof] lm_head                5.15     4.3%          1
[dprof]   attn:q_proj          0.45     0.4%          2
[dprof]   attn:kv_write        0.08     0.1%          2
[dprof]   attn:sparse          0.60     0.5%          2
[dprof]   attn:ogroup          0.73     0.6%          2
[dprof]   cattn:q_proj        14.78    12.2%         41
[dprof]   cattn:compress       2.52     2.1%         41
[dprof]   cattn:indexer        9.46     7.8%         21
[dprof]   cattn:sparse        21.03    17.4%         41
[dprof]   cattn:ogroup        15.61    12.9%         41
[dprof]   moe:router           2.00     1.7%         46
[dprof]   moe:group            2.12     1.8%         46
[dprof]   moe:w1w3            21.89    18.1%         46
[dprof]   moe:act              1.54     1.3%         46
[dprof]   moe:w2              10.07     8.3%         46
[dprof]   moe:combine          0.57     0.5%         46
[dprof]   moe:shared           0.27     0.2%         46
[dprof]     q:aq(x)            0.40     0.3%         41
[dprof]     q:wq_a             5.36     4.4%         41
[dprof]     q:rms+aq           1.12     0.9%         41
[dprof]     q:wq_b             6.84     5.7%         41
[dprof]     q:tail             0.55     0.5%         41
[dprof]     q:kv_join          0.05     0.0%         41
[dprof]     o:rope             0.25     0.2%         41
[dprof]     o:wo_a             7.84     6.5%         41
[dprof]     o:wo_b             7.33     6.1%         41
[dprof]     i:qidx             1.54     1.3%         21
[dprof]     i:iw               0.46     0.4%         21
[dprof]     i:score            6.57     5.4%         21
[dprof]     i:topk             0.76     0.6%         21
[dprof]       mg:count         0.28     0.2%         46
[dprof]       mg:prefix        0.28     0.2%         46
[dprof]       mg:scatter       0.26     0.2%         46
[dprof]       mg:tiles         0.28     0.2%         46
[dprof] draft:main_kv          0.14     0.1%          1
[dprof] draft:block           12.39    10.2%          1
[dprof] draft:head            10.26     8.5%          1
[dprof] TOTAL                120.95
[dprof] *** INVALID: moe children 38.46 ms > MoE 34.54 ms — marks recorded outside the reported window

[dprof] ctx=12332 VB=4 verify=32 — verify step by sub-op, summed over all layers (1542 marks)
[dprof] phase                    ms        %      calls
[dprof] hc_pre  (attn)         2.36     1.6%         43
[dprof] rmsnorm (attn)         0.77     0.5%         43
[dprof] ATTENTION             83.79    55.8%         43
[dprof] hc_post (attn)         0.43     0.3%         43
[dprof] hc_pre  (ffn)          3.01     2.0%         43
[dprof] rmsnorm (ffn)          0.77     0.5%         43
[dprof] MoE                   52.94    35.3%         43
[dprof] hc_post (ffn)          0.37     0.2%         43
[dprof] kv xin copy            0.23     0.2%         41
[dprof] hc_head+norm           0.04     0.0%          1
[dprof] lm_head                5.32     3.5%          1
[dprof]   attn:q_proj          0.49     0.3%          2
[dprof]   attn:kv_write        0.09     0.1%          2
[dprof]   attn:sparse          0.62     0.4%          2
[dprof]   attn:ogroup          0.87     0.6%          2
[dprof]   cattn:q_proj        14.62     9.7%         41
[dprof]   cattn:compress       2.48     1.7%         41
[dprof]   cattn:indexer       16.15    10.8%         21
[dprof]   cattn:sparse        21.91    14.6%         41
[dprof]   cattn:ogroup        17.51    11.7%         41
[dprof]   moe:router           2.02     1.3%         46
[dprof]   moe:group            2.26     1.5%         46
[dprof]   moe:w1w3            33.54    22.4%         46
[dprof]   moe:act              1.62     1.1%         46
[dprof]   moe:w2              16.53    11.0%         46
[dprof]   moe:combine          0.66     0.4%         46
[dprof]   moe:shared           0.31     0.2%         46
[dprof]     q:aq(x)            0.39     0.3%         41
[dprof]     q:wq_a             5.31     3.5%         41
[dprof]     q:rms+aq           0.91     0.6%         41
[dprof]     q:wq_b             6.89     4.6%         41
[dprof]     q:tail             0.62     0.4%         41
[dprof]     q:kv_join          0.06     0.0%         41
[dprof]     o:rope             0.27     0.2%         41
[dprof]     o:wo_a             9.05     6.0%         41
[dprof]     o:wo_b             7.96     5.3%         41
[dprof]     i:qidx             1.76     1.2%         21
[dprof]     i:iw               0.65     0.4%         21
[dprof]     i:score           12.79     8.5%         21
[dprof]     i:topk             0.80     0.5%         21
[dprof]       mg:count         0.22     0.1%         46
[dprof]       mg:prefix        0.26     0.2%         46
[dprof]       mg:scatter       0.25     0.2%         46
[dprof]       mg:tiles         0.28     0.2%         46
[dprof] draft:main_kv          0.14     0.1%          1
[dprof] draft:block           12.38     8.3%          1
[dprof] draft:head            10.18     6.8%          1
[dprof] TOTAL                150.05
[dprof] *** INVALID: moe children 56.93 ms > MoE 52.94 ms — marks recorded outside the reported window

[dprof] ctx=12337 VB=2 verify=36 — verify step by sub-op, summed over all layers (1542 marks)
[dprof] phase                    ms        %      calls
[dprof] hc_pre  (attn)         1.83     1.6%         43
[dprof] rmsnorm (attn)         0.76     0.7%         43
[dprof] ATTENTION             68.13    59.6%         43
[dprof] hc_post (attn)         0.34     0.3%         43
[dprof] hc_pre  (ffn)          2.82     2.5%         43
[dprof] rmsnorm (ffn)          0.76     0.7%         43
[dprof] MoE                   34.19    29.9%         43
[dprof] hc_post (ffn)          0.28     0.2%         43
[dprof] kv xin copy            0.23     0.2%         41
[dprof] hc_head+norm           0.03     0.0%          1
[dprof] lm_head                5.00     4.4%          1
[dprof]   attn:q_proj          0.45     0.4%          2
[dprof]   attn:kv_write        0.09     0.1%          2
[dprof]   attn:sparse          0.62     0.5%          2
[dprof]   attn:ogroup          0.80     0.7%          2
[dprof]   cattn:q_proj        10.11     8.8%         41
[dprof]   cattn:compress       0.05     0.0%         41
[dprof]   cattn:indexer        9.45     8.3%         21
[dprof]   cattn:sparse        21.06    18.4%         41
[dprof]   cattn:ogroup        15.62    13.7%         41
[dprof]   moe:router           2.02     1.8%         46
[dprof]   moe:group            2.17     1.9%         46
[dprof]   moe:w1w3            21.92    19.2%         46
[dprof]   moe:act              1.45     1.3%         46
[dprof]   moe:w2               9.98     8.7%         46
[dprof]   moe:combine          0.53     0.5%         46
[dprof]   moe:shared           0.25     0.2%         46
[dprof]     q:aq(x)            0.24     0.2%         41
[dprof]     q:wq_a             1.67     1.5%         41
[dprof]     q:rms+aq           0.60     0.5%         41
[dprof]     q:wq_b             6.69     5.9%         41
[dprof]     q:tail             0.49     0.4%         41
[dprof]     q:kv_join          0.06     0.0%         41
[dprof]     o:rope             0.25     0.2%         41
[dprof]     o:wo_a             7.69     6.7%         41
[dprof]     o:wo_b             7.47     6.5%         41
[dprof]     i:qidx             1.55     1.4%         21
[dprof]     i:iw               0.46     0.4%         21
[dprof]     i:score            6.57     5.7%         21
[dprof]     i:topk             0.75     0.7%         21
[dprof]       mg:count         0.26     0.2%         46
[dprof]       mg:prefix        0.26     0.2%         46
[dprof]       mg:scatter       0.24     0.2%         46
[dprof]       mg:tiles         0.29     0.3%         46
[dprof] draft:main_kv          0.14     0.1%          1
[dprof] draft:block           12.61    11.0%          1
[dprof] draft:head            10.19     8.9%          1
[dprof] TOTAL                114.38
[dprof] *** INVALID: moe children 38.33 ms > MoE 34.19 ms — marks recorded outside the reported window

[dprof] ctx=12344 VB=2 verify=40 — verify step by sub-op, summed over all layers (1542 marks)
[dprof] phase                    ms        %      calls
[dprof] hc_pre  (attn)         1.87     1.6%         43
[dprof] rmsnorm (attn)         0.78     0.7%         43
[dprof] ATTENTION             68.24    59.3%         43
[dprof] hc_post (attn)         0.35     0.3%         43
[dprof] hc_pre  (ffn)          2.81     2.4%         43
[dprof] rmsnorm (ffn)          0.77     0.7%         43
[dprof] MoE                   34.74    30.2%         43
[dprof] hc_post (ffn)          0.30     0.3%         43
[dprof] kv xin copy            0.22     0.2%         41
[dprof] hc_head+norm           0.03     0.0%          1
[dprof] lm_head                4.97     4.3%          1
[dprof]   attn:q_proj          0.45     0.4%          2
[dprof]   attn:kv_write        0.08     0.1%          2
[dprof]   attn:sparse          0.61     0.5%          2
[dprof]   attn:ogroup          0.82     0.7%          2
[dprof]   cattn:q_proj        10.36     9.0%         41
[dprof]   cattn:compress       0.05     0.0%         41
[dprof]   cattn:indexer        9.44     8.2%         21
[dprof]   cattn:sparse        21.01    18.3%         41
[dprof]   cattn:ogroup        15.72    13.7%         41
[dprof]   moe:router           2.00     1.7%         46
[dprof]   moe:group            2.05     1.8%         46
[dprof]   moe:w1w3            22.22    19.3%         46
[dprof]   moe:act              1.52     1.3%         46
[dprof]   moe:w2              10.01     8.7%         46
[dprof]   moe:combine          0.55     0.5%         46
[dprof]   moe:shared           0.27     0.2%         46
[dprof]     q:aq(x)            0.25     0.2%         41
[dprof]     q:wq_a             1.66     1.4%         41
[dprof]     q:rms+aq           0.64     0.6%         41
[dprof]     q:wq_b             6.85     5.9%         41
[dprof]     q:tail             0.50     0.4%         41
[dprof]     q:kv_join          0.06     0.0%         41
[dprof]     o:rope             0.26     0.2%         41
[dprof]     o:wo_a             7.81     6.8%         41
[dprof]     o:wo_b             7.41     6.4%         41
[dprof]     i:qidx             1.54     1.3%         21
[dprof]     i:iw               0.46     0.4%         21
[dprof]     i:score            6.57     5.7%         21
[dprof]     i:topk             0.74     0.6%         21
[dprof]       mg:count         0.26     0.2%         46
[dprof]       mg:prefix        0.25     0.2%         46
[dprof]       mg:scatter       0.24     0.2%         46
[dprof]       mg:tiles         0.25     0.2%         46
[dprof] draft:main_kv          0.17     0.1%          1
[dprof] draft:block           12.36    10.7%          1
[dprof] draft:head            10.23     8.9%          1
[dprof] TOTAL                115.10
[dprof] *** INVALID: moe children 38.61 ms > MoE 34.74 ms — marks recorded outside the reported window

[dprof] ctx=12351 VB=2 verify=44 — verify step by sub-op, summed over all layers (1542 marks)
[dprof] phase                    ms        %      calls
[dprof] hc_pre  (attn)         1.81     1.5%         43
[dprof] rmsnorm (attn)         0.78     0.6%         43
[dprof] ATTENTION             75.02    62.1%         43
[dprof] hc_post (attn)         0.33     0.3%         43
[dprof] hc_pre  (ffn)          2.91     2.4%         43
[dprof] rmsnorm (ffn)          0.76     0.6%         43
[dprof] MoE                   33.65    27.8%         43
[dprof] hc_post (ffn)          0.28     0.2%         43
[dprof] kv xin copy            0.21     0.2%         41
[dprof] hc_head+norm           0.03     0.0%          1
[dprof] lm_head                5.12     4.2%          1
[dprof]   attn:q_proj          0.45     0.4%          2
[dprof]   attn:kv_write        0.09     0.1%          2
[dprof]   attn:sparse          0.61     0.5%          2
[dprof]   attn:ogroup          0.89     0.7%          2
[dprof]   cattn:q_proj        14.97    12.4%         41
[dprof]   cattn:compress       2.46     2.0%         41
[dprof]   cattn:indexer        9.41     7.8%         21
[dprof]   cattn:sparse        21.13    17.5%         41
[dprof]   cattn:ogroup        15.80    13.1%         41
[dprof]   moe:router           2.00     1.7%         46
[dprof]   moe:group            2.06     1.7%         46
[dprof]   moe:w1w3            21.51    17.8%         46
[dprof]   moe:act              1.46     1.2%         46
[dprof]   moe:w2               9.93     8.2%         46
[dprof]   moe:combine          0.56     0.5%         46
[dprof]   moe:shared           0.25     0.2%         46
[dprof]     q:aq(x)            0.28     0.2%         41
[dprof]     q:wq_a             5.77     4.8%         41
[dprof]     q:rms+aq           1.08     0.9%         41
[dprof]     q:wq_b             6.77     5.6%         41
[dprof]     q:tail             0.52     0.4%         41
[dprof]     q:kv_join          0.08     0.1%         41
[dprof]     o:rope             0.28     0.2%         41
[dprof]     o:wo_a             7.87     6.5%         41
[dprof]     o:wo_b             7.43     6.1%         41
[dprof]     i:qidx             1.49     1.2%         21
[dprof]     i:iw               0.46     0.4%         21
[dprof]     i:score            6.57     5.4%         21
[dprof]     i:topk             0.76     0.6%         21
[dprof]       mg:count         0.26     0.2%         46
[dprof]       mg:prefix        0.26     0.2%         46
[dprof]       mg:scatter       0.24     0.2%         46
[dprof]       mg:tiles         0.28     0.2%         46
[dprof] draft:main_kv          0.14     0.1%          1
[dprof] draft:block           12.69    10.5%          1
[dprof] draft:head            10.31     8.5%          1
[dprof] TOTAL                120.89
[dprof] *** INVALID: moe children 37.76 ms > MoE 33.65 ms — marks recorded outside the reported window

[dprof] ctx=12356 VB=2 verify=48 — verify step by sub-op, summed over all layers (1542 marks)
[dprof] phase                    ms        %      calls
[dprof] hc_pre  (attn)         1.84     1.6%         43
[dprof] rmsnorm (attn)         0.79     0.7%         43
[dprof] ATTENTION             68.13    60.2%         43
[dprof] hc_post (attn)         0.32     0.3%         43
[dprof] hc_pre  (ffn)          2.80     2.5%         43
[dprof] rmsnorm (ffn)          0.75     0.7%         43
[dprof] MoE                   32.87    29.1%         43
[dprof] hc_post (ffn)          0.30     0.3%         43
[dprof] kv xin copy            0.23     0.2%         41
[dprof] hc_head+norm           0.03     0.0%          1
[dprof] lm_head                5.08     4.5%          1
[dprof]   attn:q_proj          0.49     0.4%          2
[dprof]   attn:kv_write        0.09     0.1%          2
[dprof]   attn:sparse          0.62     0.6%          2
[dprof]   attn:ogroup          0.74     0.7%          2
[dprof]   cattn:q_proj        10.20     9.0%         41
[dprof]   cattn:compress       0.05     0.0%         41
[dprof]   cattn:indexer        9.46     8.4%         21
[dprof]   cattn:sparse        20.97    18.5%         41
[dprof]   cattn:ogroup        15.66    13.8%         41
[dprof]   moe:router           1.98     1.7%         46
[dprof]   moe:group            2.03     1.8%         46
[dprof]   moe:w1w3            20.94    18.5%         46
[dprof]   moe:act              1.48     1.3%         46
[dprof]   moe:w2               9.64     8.5%         46
[dprof]   moe:combine          0.53     0.5%         46
[dprof]   moe:shared           0.28     0.2%         46
[dprof]     q:aq(x)            0.25     0.2%         41
[dprof]     q:wq_a             1.66     1.5%         41
[dprof]     q:rms+aq           0.61     0.5%         41
[dprof]     q:wq_b             6.74     6.0%         41
[dprof]     q:tail             0.49     0.4%         41
[dprof]     q:kv_join          0.05     0.0%         41
[dprof]     o:rope             0.26     0.2%         41
[dprof]     o:wo_a             7.82     6.9%         41
[dprof]     o:wo_b             7.36     6.5%         41
[dprof]     i:qidx             1.54     1.4%         21
[dprof]     i:iw               0.46     0.4%         21
[dprof]     i:score            6.57     5.8%         21
[dprof]     i:topk             0.76     0.7%         21
[dprof]       mg:count         0.25     0.2%         46
[dprof]       mg:prefix        0.25     0.2%         46
[dprof]       mg:scatter       0.25     0.2%         46
[dprof]       mg:tiles         0.25     0.2%         46
[dprof] draft:main_kv          0.14     0.1%          1
[dprof] draft:block           12.48    11.0%          1
[dprof] draft:head            10.21     9.0%          1
[dprof] TOTAL                113.15
[dprof] *** INVALID: moe children 36.89 ms > MoE 32.87 ms — marks recorded outside the reported window

[dprof] ctx=12361 VB=3 verify=52 — verify step by sub-op, summed over all layers (1542 marks)
[dprof] phase                    ms        %      calls
[dprof] hc_pre  (attn)         2.11     1.5%         43
[dprof] rmsnorm (attn)         0.77     0.6%         43
[dprof] ATTENTION             78.88    57.9%         43
[dprof] hc_post (attn)         0.41     0.3%         43
[dprof] hc_pre  (ffn)          2.88     2.1%         43
[dprof] rmsnorm (ffn)          0.75     0.5%         43
[dprof] MoE                   44.99    33.0%         43
[dprof] hc_post (ffn)          0.34     0.2%         43
[dprof] kv xin copy            0.23     0.2%         41
[dprof] hc_head+norm           0.04     0.0%          1
[dprof] lm_head                4.95     3.6%          1
[dprof]   attn:q_proj          0.45     0.3%          2
[dprof]   attn:kv_write        0.08     0.1%          2
[dprof]   attn:sparse          0.61     0.4%          2
[dprof]   attn:ogroup          0.75     0.6%          2
[dprof]   cattn:q_proj        14.90    10.9%         41
[dprof]   cattn:compress       2.47     1.8%         41
[dprof]   cattn:indexer       12.77     9.4%         21
[dprof]   cattn:sparse        21.36    15.7%         41
[dprof]   cattn:ogroup        16.32    12.0%         41
[dprof]   moe:router           2.03     1.5%         46
[dprof]   moe:group            2.16     1.6%         46
[dprof]   moe:w1w3            28.76    21.1%         46
[dprof]   moe:act              1.66     1.2%         46
[dprof]   moe:w2              13.50     9.9%         46
[dprof]   moe:combine          0.54     0.4%         46
[dprof]   moe:shared           0.27     0.2%         46
[dprof]     q:aq(x)            0.39     0.3%         41
[dprof]     q:wq_a             5.53     4.1%         41
[dprof]     q:rms+aq           0.96     0.7%         41
[dprof]     q:wq_b             6.87     5.0%         41
[dprof]     q:tail             0.58     0.4%         41
[dprof]     q:kv_join          0.09     0.1%         41
[dprof]     o:rope             0.30     0.2%         41
[dprof]     o:wo_a             8.12     6.0%         41
[dprof]     o:wo_b             7.67     5.6%         41
[dprof]     i:qidx             1.69     1.2%         21
[dprof]     i:iw               0.55     0.4%         21
[dprof]     i:score            9.62     7.1%         21
[dprof]     i:topk             0.78     0.6%         21
[dprof]       mg:count         0.24     0.2%         46
[dprof]       mg:prefix        0.24     0.2%         46
[dprof]       mg:scatter       0.25     0.2%         46
[dprof]       mg:tiles         0.29     0.2%         46
[dprof] draft:main_kv          0.14     0.1%          1
[dprof] draft:block           12.54     9.2%          1
[dprof] draft:head            10.24     7.5%          1
[dprof] TOTAL                136.34
[dprof] *** INVALID: moe children 48.93 ms > MoE 44.99 ms — marks recorded outside the reported window

[dprof] ctx=12368 VB=2 verify=56 — verify step by sub-op, summed over all layers (1542 marks)
[dprof] phase                    ms        %      calls
[dprof] hc_pre  (attn)         1.82     1.6%         43
[dprof] rmsnorm (attn)         0.76     0.7%         43
[dprof] ATTENTION             68.21    59.4%         43
[dprof] hc_post (attn)         0.33     0.3%         43
[dprof] hc_pre  (ffn)          2.81     2.5%         43
[dprof] rmsnorm (ffn)          0.75     0.7%         43
[dprof] MoE                   34.81    30.3%         43
[dprof] hc_post (ffn)          0.28     0.2%         43
[dprof] kv xin copy            0.23     0.2%         41
[dprof] hc_head+norm           0.03     0.0%          1
[dprof] lm_head                4.73     4.1%          1
[dprof]   attn:q_proj          0.45     0.4%          2
[dprof]   attn:kv_write        0.08     0.1%          2
[dprof]   attn:sparse          0.60     0.5%          2
[dprof]   attn:ogroup          0.73     0.6%          2
[dprof]   cattn:q_proj        10.28     9.0%         41
[dprof]   cattn:compress       0.06     0.0%         41
[dprof]   cattn:indexer        9.56     8.3%         21
[dprof]   cattn:sparse        21.05    18.3%         41
[dprof]   cattn:ogroup        15.67    13.7%         41
[dprof]   moe:router           1.99     1.7%         46
[dprof]   moe:group            2.08     1.8%         46
[dprof]   moe:w1w3            22.31    19.4%         46
[dprof]   moe:act              1.47     1.3%         46
[dprof]   moe:w2              10.15     8.8%         46
[dprof]   moe:combine          0.58     0.5%         46
[dprof]   moe:shared           0.26     0.2%         46
[dprof]     q:aq(x)            0.23     0.2%         41
[dprof]     q:wq_a             1.69     1.5%         41
[dprof]     q:rms+aq           0.61     0.5%         41
[dprof]     q:wq_b             6.76     5.9%         41
[dprof]     q:tail             0.50     0.4%         41
[dprof]     q:kv_join          0.06     0.1%         41
[dprof]     o:rope             0.26     0.2%         41
[dprof]     o:wo_a             7.78     6.8%         41
[dprof]     o:wo_b             7.42     6.5%         41
[dprof]     i:qidx             1.58     1.4%         21
[dprof]     i:iw               0.47     0.4%         21
[dprof]     i:score            6.59     5.7%         21
[dprof]     i:topk             0.79     0.7%         21
[dprof]       mg:count         0.25     0.2%         46
[dprof]       mg:prefix        0.26     0.2%         46
[dprof]       mg:scatter       0.25     0.2%         46
[dprof]       mg:tiles         0.26     0.2%         46
[dprof] draft:main_kv          0.13     0.1%          1
[dprof] draft:block           12.57    11.0%          1
[dprof] draft:head            10.24     8.9%          1
[dprof] TOTAL                114.78
[dprof] *** INVALID: moe children 38.85 ms > MoE 34.81 ms — marks recorded outside the reported window

[dprof] ctx=12378 VB=2 verify=60 — verify step by sub-op, summed over all layers (1542 marks)
[dprof] phase                    ms        %      calls
[dprof] hc_pre  (attn)         1.87     1.5%         43
[dprof] rmsnorm (attn)         0.76     0.6%         43
[dprof] ATTENTION             74.56    61.8%         43
[dprof] hc_post (attn)         0.35     0.3%         43
[dprof] hc_pre  (ffn)          2.84     2.3%         43
[dprof] rmsnorm (ffn)          0.77     0.6%         43
[dprof] MoE                   34.20    28.3%         43
[dprof] hc_post (ffn)          0.32     0.3%         43
[dprof] kv xin copy            0.23     0.2%         41
[dprof] hc_head+norm           0.04     0.0%          1
[dprof] lm_head                4.80     4.0%          1
[dprof]   attn:q_proj          0.47     0.4%          2
[dprof]   attn:kv_write        0.09     0.1%          2
[dprof]   attn:sparse          0.61     0.5%          2
[dprof]   attn:ogroup          0.76     0.6%          2
[dprof]   cattn:q_proj        14.79    12.2%         41
[dprof]   cattn:compress       2.51     2.1%         41
[dprof]   cattn:indexer        9.44     7.8%         21
[dprof]   cattn:sparse        21.00    17.4%         41
[dprof]   cattn:ogroup        15.72    13.0%         41
[dprof]   moe:router           1.98     1.6%         46
[dprof]   moe:group            2.03     1.7%         46
[dprof]   moe:w1w3            21.95    18.2%         46
[dprof]   moe:act              1.53     1.3%         46
[dprof]   moe:w2               9.90     8.2%         46
[dprof]   moe:combine          0.55     0.5%         46
[dprof]   moe:shared           0.27     0.2%         46
[dprof]     q:aq(x)            0.40     0.3%         41
[dprof]     q:wq_a             5.37     4.5%         41
[dprof]     q:rms+aq           1.16     1.0%         41
[dprof]     q:wq_b             6.80     5.6%         41
[dprof]     q:tail             0.52     0.4%         41
[dprof]     q:kv_join          0.06     0.0%         41
[dprof]     o:rope             0.25     0.2%         41
[dprof]     o:wo_a             7.78     6.4%         41
[dprof]     o:wo_b             7.48     6.2%         41
[dprof]     i:qidx             1.53     1.3%         21
[dprof]     i:iw               0.45     0.4%         21
[dprof]     i:score            6.57     5.4%         21
[dprof]     i:topk             0.76     0.6%         21
[dprof]       mg:count         0.24     0.2%         46
[dprof]       mg:prefix        0.24     0.2%         46
[dprof]       mg:scatter       0.24     0.2%         46
[dprof]       mg:tiles         0.29     0.2%         46
[dprof] draft:main_kv          0.14     0.1%          1
[dprof] draft:block           12.51    10.4%          1
[dprof] draft:head            10.24     8.5%          1
[dprof] TOTAL                120.73
[dprof] *** INVALID: moe children 38.21 ms > MoE 34.20 ms — marks recorded outside the reported window

[dprof] ctx=12383 VB=2 verify=64 — verify step by sub-op, summed over all layers (1542 marks)
[dprof] phase                    ms        %      calls
[dprof] hc_pre  (attn)         1.83     1.5%         43
[dprof] rmsnorm (attn)         0.75     0.6%         43
[dprof] ATTENTION             74.71    62.0%         43
[dprof] hc_post (attn)         0.34     0.3%         43
[dprof] hc_pre  (ffn)          2.81     2.3%         43
[dprof] rmsnorm (ffn)          0.77     0.6%         43
[dprof] MoE                   33.89    28.1%         43
[dprof] hc_post (ffn)          0.30     0.2%         43
[dprof] kv xin copy            0.22     0.2%         41
[dprof] hc_head+norm           0.04     0.0%          1
[dprof] lm_head                4.84     4.0%          1
[dprof]   attn:q_proj          0.45     0.4%          2
[dprof]   attn:kv_write        0.08     0.1%          2
[dprof]   attn:sparse          0.60     0.5%          2
[dprof]   attn:ogroup          0.75     0.6%          2
[dprof]   cattn:q_proj        15.05    12.5%         41
[dprof]   cattn:compress       2.43     2.0%         41
[dprof]   cattn:indexer        9.42     7.8%         21
[dprof]   cattn:sparse        20.85    17.3%         41
[dprof]   cattn:ogroup        15.85    13.2%         41
[dprof]   moe:router           2.01     1.7%         46
[dprof]   moe:group            2.04     1.7%         46
[dprof]   moe:w1w3            21.64    18.0%         46
[dprof]   moe:act              1.51     1.3%         46
[dprof]   moe:w2               9.83     8.2%         46
[dprof]   moe:combine          0.57     0.5%         46
[dprof]   moe:shared           0.25     0.2%         46
[dprof]     q:aq(x)            0.28     0.2%         41
[dprof]     q:wq_a             5.83     4.8%         41
[dprof]     q:rms+aq           1.08     0.9%         41
[dprof]     q:wq_b             6.75     5.6%         41
[dprof]     q:tail             0.56     0.5%         41
[dprof]     q:kv_join          0.06     0.1%         41
[dprof]     o:rope             0.26     0.2%         41
[dprof]     o:wo_a             7.91     6.6%         41
[dprof]     o:wo_b             7.46     6.2%         41
[dprof]     i:qidx             1.50     1.2%         21
[dprof]     i:iw               0.48     0.4%         21
[dprof]     i:score            6.57     5.5%         21
[dprof]     i:topk             0.73     0.6%         21
[dprof]       mg:count         0.24     0.2%         46
[dprof]       mg:prefix        0.26     0.2%         46
[dprof]       mg:scatter       0.23     0.2%         46
[dprof]       mg:tiles         0.30     0.3%         46
[dprof] draft:main_kv          0.14     0.1%          1
[dprof] draft:block           12.52    10.4%          1
[dprof] draft:head            10.23     8.5%          1
[dprof] TOTAL                120.50
[dprof] *** INVALID: moe children 37.86 ms > MoE 33.89 ms — marks recorded outside the reported window

[dprof] ctx=12391 VB=2 verify=68 — verify step by sub-op, summed over all layers (1542 marks)
[dprof] phase                    ms        %      calls
[dprof] hc_pre  (attn)         1.85     1.5%         43
[dprof] rmsnorm (attn)         0.80     0.7%         43
[dprof] ATTENTION             74.86    62.4%         43
[dprof] hc_post (attn)         0.33     0.3%         43
[dprof] hc_pre  (ffn)          2.83     2.4%         43
[dprof] rmsnorm (ffn)          0.78     0.6%         43
[dprof] MoE                   32.99    27.5%         43
[dprof] hc_post (ffn)          0.28     0.2%         43
[dprof] kv xin copy            0.23     0.2%         41
[dprof] hc_head+norm           0.05     0.0%          1
[dprof] lm_head                4.91     4.1%          1
[dprof]   attn:q_proj          0.45     0.4%          2
[dprof]   attn:kv_write        0.08     0.1%          2
[dprof]   attn:sparse          0.60     0.5%          2
[dprof]   attn:ogroup          0.73     0.6%          2
[dprof]   cattn:q_proj        15.01    12.5%         41
[dprof]   cattn:compress       2.55     2.1%         41
[dprof]   cattn:indexer        9.48     7.9%         21
[dprof]   cattn:sparse        21.03    17.5%         41
[dprof]   cattn:ogroup        15.71    13.1%         41
[dprof]   moe:router           2.00     1.7%         46
[dprof]   moe:group            2.08     1.7%         46
[dprof]   moe:w1w3            20.86    17.4%         46
[dprof]   moe:act              1.47     1.2%         46
[dprof]   moe:w2               9.66     8.1%         46
[dprof]   moe:combine          0.54     0.5%         46
[dprof]   moe:shared           0.25     0.2%         46
[dprof]     q:aq(x)            0.29     0.2%         41
[dprof]     q:wq_a             5.75     4.8%         41
[dprof]     q:rms+aq           1.11     0.9%         41
[dprof]     q:wq_b             6.84     5.7%         41
[dprof]     q:tail             0.50     0.4%         41
[dprof]     q:kv_join          0.06     0.0%         41
[dprof]     o:rope             0.27     0.2%         41
[dprof]     o:wo_a             7.79     6.5%         41
[dprof]     o:wo_b             7.40     6.2%         41
[dprof]     i:qidx             1.55     1.3%         21
[dprof]     i:iw               0.47     0.4%         21
[dprof]     i:score            6.58     5.5%         21
[dprof]     i:topk             0.75     0.6%         21
[dprof]       mg:count         0.26     0.2%         46
[dprof]       mg:prefix        0.25     0.2%         46
[dprof]       mg:scatter       0.24     0.2%         46
[dprof]       mg:tiles         0.29     0.2%         46
[dprof] draft:main_kv          0.14     0.1%          1
[dprof] draft:block           12.36    10.3%          1
[dprof] draft:head            10.36     8.6%          1
[dprof] TOTAL                119.89
[dprof] *** INVALID: moe children 36.86 ms > MoE 32.99 ms — marks recorded outside the reported window

[dprof] ctx=12400 VB=2 verify=72 — verify step by sub-op, summed over all layers (1542 marks)
[dprof] phase                    ms        %      calls
[dprof] hc_pre  (attn)         1.85     1.6%         43
[dprof] rmsnorm (attn)         0.77     0.7%         43
[dprof] ATTENTION             67.99    59.7%         43
[dprof] hc_post (attn)         0.34     0.3%         43
[dprof] hc_pre  (ffn)          2.81     2.5%         43
[dprof] rmsnorm (ffn)          0.77     0.7%         43
[dprof] MoE                   33.76    29.7%         43
[dprof] hc_post (ffn)          0.30     0.3%         43
[dprof] kv xin copy            0.23     0.2%         41
[dprof] hc_head+norm           0.03     0.0%          1
[dprof] lm_head                4.97     4.4%          1
[dprof]   attn:q_proj          0.46     0.4%          2
[dprof]   attn:kv_write        0.08     0.1%          2
[dprof]   attn:sparse          0.60     0.5%          2
[dprof]   attn:ogroup          0.73     0.6%          2
[dprof]   cattn:q_proj        10.20     9.0%         41
[dprof]   cattn:compress       0.06     0.1%         41
[dprof]   cattn:indexer        9.51     8.4%         21
[dprof]   cattn:sparse        20.94    18.4%         41
[dprof]   cattn:ogroup        15.61    13.7%         41
[dprof]   moe:router           2.00     1.8%         46
[dprof]   moe:group            1.98     1.7%         46
[dprof]   moe:w1w3            21.58    19.0%         46
[dprof]   moe:act              1.57     1.4%         46
[dprof]   moe:w2               9.77     8.6%         46
[dprof]   moe:combine          0.54     0.5%         46
[dprof]   moe:shared           0.27     0.2%         46
[dprof]     q:aq(x)            0.22     0.2%         41
[dprof]     q:wq_a             1.67     1.5%         41
[dprof]     q:rms+aq           0.60     0.5%         41
[dprof]     q:wq_b             6.79     6.0%         41
[dprof]     q:tail             0.48     0.4%         41
[dprof]     q:kv_join          0.05     0.0%         41
[dprof]     o:rope             0.25     0.2%         41
[dprof]     o:wo_a             7.80     6.9%         41
[dprof]     o:wo_b             7.35     6.5%         41
[dprof]     i:qidx             1.56     1.4%         21
[dprof]     i:iw               0.45     0.4%         21
[dprof]     i:score            6.58     5.8%         21
[dprof]     i:topk             0.77     0.7%         21
[dprof]       mg:count         0.23     0.2%         46
[dprof]       mg:prefix        0.24     0.2%         46
[dprof]       mg:scatter       0.25     0.2%         46
[dprof]       mg:tiles         0.26     0.2%         46
[dprof] draft:main_kv          0.14     0.1%          1
[dprof] draft:block           12.41    10.9%          1
[dprof] draft:head            10.29     9.0%          1
[dprof] TOTAL                113.81
[dprof] *** INVALID: moe children 37.71 ms > MoE 33.76 ms — marks recorded outside the reported window

[dprof] ctx=12406 VB=3 verify=76 — verify step by sub-op, summed over all layers (1542 marks)
[dprof] phase                    ms        %      calls
[dprof] hc_pre  (attn)         2.11     1.6%         43
[dprof] rmsnorm (attn)         0.80     0.6%         43
[dprof] ATTENTION             78.84    58.6%         43
[dprof] hc_post (attn)         0.40     0.3%         43
[dprof] hc_pre  (ffn)          2.86     2.1%         43
[dprof] rmsnorm (ffn)          0.75     0.6%         43
[dprof] MoE                   43.35    32.2%         43
[dprof] hc_post (ffn)          0.36     0.3%         43
[dprof] kv xin copy            0.25     0.2%         41
[dprof] hc_head+norm           0.03     0.0%          1
[dprof] lm_head                4.76     3.5%          1
[dprof]   attn:q_proj          0.46     0.3%          2
[dprof]   attn:kv_write        0.09     0.1%          2
[dprof]   attn:sparse          0.63     0.5%          2
[dprof]   attn:ogroup          0.76     0.6%          2
[dprof]   cattn:q_proj        14.87    11.0%         41
[dprof]   cattn:compress       2.43     1.8%         41
[dprof]   cattn:indexer       12.82     9.5%         21
[dprof]   cattn:sparse        21.47    16.0%         41
[dprof]   cattn:ogroup        16.05    11.9%         41
[dprof]   moe:router           2.01     1.5%         46
[dprof]   moe:group            2.13     1.6%         46
[dprof]   moe:w1w3            27.47    20.4%         46
[dprof]   moe:act              1.53     1.1%         46
[dprof]   moe:w2              13.23     9.8%         46
[dprof]   moe:combine          0.57     0.4%         46
[dprof]   moe:shared           0.29     0.2%         46
[dprof]     q:aq(x)            0.40     0.3%         41
[dprof]     q:wq_a             5.56     4.1%         41
[dprof]     q:rms+aq           0.96     0.7%         41
[dprof]     q:wq_b             6.81     5.1%         41
[dprof]     q:tail             0.61     0.5%         41
[dprof]     q:kv_join          0.06     0.0%         41
[dprof]     o:rope             0.25     0.2%         41
[dprof]     o:wo_a             8.03     6.0%         41
[dprof]     o:wo_b             7.55     5.6%         41
[dprof]     i:qidx             1.63     1.2%         21
[dprof]     i:iw               0.55     0.4%         21
[dprof]     i:score            9.75     7.2%         21
[dprof]     i:topk             0.75     0.6%         21
[dprof]       mg:count         0.24     0.2%         46
[dprof]       mg:prefix        0.24     0.2%         46
[dprof]       mg:scatter       0.24     0.2%         46
[dprof]       mg:tiles         0.28     0.2%         46
[dprof] draft:main_kv          0.13     0.1%          1
[dprof] draft:block           12.39     9.2%          1
[dprof] draft:head            10.26     7.6%          1
[dprof] TOTAL                134.54
[dprof] *** INVALID: moe children 47.23 ms > MoE 43.35 ms — marks recorded outside the reported window

[dprof] ctx=12281 VB=2 verify=0 — verify step by sub-op, summed over all layers (1542 marks)
[dprof] phase                    ms        %      calls
[dprof] hc_pre  (attn)         1.93     1.6%         43
[dprof] rmsnorm (attn)         0.75     0.6%         43
[dprof] ATTENTION             68.72    58.3%         43
[dprof] hc_post (attn)         0.37     0.3%         43
[dprof] hc_pre  (ffn)          2.82     2.4%         43
[dprof] rmsnorm (ffn)          0.80     0.7%         43
[dprof] MoE                   36.95    31.4%         43
[dprof] hc_post (ffn)          0.28     0.2%         43
[dprof] kv xin copy            0.28     0.2%         41
[dprof] hc_head+norm           0.05     0.0%          1
[dprof] lm_head                4.90     4.2%          1
[dprof]   attn:q_proj          0.48     0.4%          2
[dprof]   attn:kv_write        0.09     0.1%          2
[dprof]   attn:sparse          0.61     0.5%          2
[dprof]   attn:ogroup          0.73     0.6%          2
[dprof]   cattn:q_proj        10.28     8.7%         41
[dprof]   cattn:compress       0.05     0.0%         41
[dprof]   cattn:indexer        9.45     8.0%         21
[dprof]   cattn:sparse        21.26    18.0%         41
[dprof]   cattn:ogroup        15.80    13.4%         41
[dprof]   moe:router           2.05     1.7%         46
[dprof]   moe:group            2.14     1.8%         46
[dprof]   moe:w1w3            23.80    20.2%         46
[dprof]   moe:act              1.57     1.3%         46
[dprof]   moe:w2              10.59     9.0%         46
[dprof]   moe:combine          0.55     0.5%         46
[dprof]   moe:shared           0.26     0.2%         46
[dprof]     q:aq(x)            0.23     0.2%         41
[dprof]     q:wq_a             1.75     1.5%         41
[dprof]     q:rms+aq           0.58     0.5%         41
[dprof]     q:wq_b             6.76     5.7%         41
[dprof]     q:tail             0.50     0.4%         41
[dprof]     q:kv_join          0.05     0.0%         41
[dprof]     o:rope             0.26     0.2%         41
[dprof]     o:wo_a             7.79     6.6%         41
[dprof]     o:wo_b             7.53     6.4%         41
[dprof]     i:qidx             1.55     1.3%         21
[dprof]     i:iw               0.48     0.4%         21
[dprof]     i:score            6.57     5.6%         21
[dprof]     i:topk             0.72     0.6%         21
[dprof]       mg:count         0.27     0.2%         46
[dprof]       mg:prefix        0.27     0.2%         46
[dprof]       mg:scatter       0.27     0.2%         46
[dprof]       mg:tiles         0.25     0.2%         46
[dprof] draft:main_kv          0.01     0.0%          1
[dprof] draft:block           12.52    10.6%          1
[dprof] draft:head            10.25     8.7%          1
[dprof] TOTAL                117.85
[dprof] *** INVALID: moe children 40.95 ms > MoE 36.95 ms — marks recorded outside the reported window

[dprof] ctx=12285 VB=4 verify=4 — verify step by sub-op, summed over all layers (1542 marks)
[dprof] phase                    ms        %      calls
[dprof] hc_pre  (attn)         2.40     1.3%         43
[dprof] rmsnorm (attn)         0.79     0.4%         43
[dprof] ATTENTION            125.02    65.2%         43
[dprof] hc_post (attn)         0.42     0.2%         43
[dprof] hc_pre  (ffn)          3.00     1.6%         43
[dprof] rmsnorm (ffn)          0.74     0.4%         43
[dprof] MoE                   53.47    27.9%         43
[dprof] hc_post (ffn)          0.36     0.2%         43
[dprof] kv xin copy            0.26     0.1%         41
[dprof] hc_head+norm           0.04     0.0%          1
[dprof] lm_head                5.27     2.7%          1
[dprof]   attn:q_proj          0.46     0.2%          2
[dprof]   attn:kv_write        0.08     0.0%          2
[dprof]   attn:sparse          0.61     0.3%          2
[dprof]   attn:ogroup          0.81     0.4%          2
[dprof]   cattn:q_proj        15.03     7.8%         41
[dprof]   cattn:compress      44.17    23.0%         41
[dprof]   cattn:indexer       15.95     8.3%         21
[dprof]   cattn:sparse        21.97    11.5%         41
[dprof]   cattn:ogroup        17.34     9.0%         41
[dprof]   moe:router           1.99     1.0%         46
[dprof]   moe:group            2.24     1.2%         46
[dprof]   moe:w1w3            34.10    17.8%         46
[dprof]   moe:act              1.62     0.8%         46
[dprof]   moe:w2              16.69     8.7%         46
[dprof]   moe:combine          0.61     0.3%         46
[dprof]   moe:shared           0.32     0.2%         46
[dprof]     q:aq(x)            0.39     0.2%         41
[dprof]     q:wq_a             5.58     2.9%         41
[dprof]     q:rms+aq           0.93     0.5%         41
[dprof]     q:wq_b             6.99     3.6%         41
[dprof]     q:tail             0.61     0.3%         41
[dprof]     q:kv_join          0.06     0.0%         41
[dprof]     o:rope             0.26     0.1%         41
[dprof]     o:wo_a             8.96     4.7%         41
[dprof]     o:wo_b             7.88     4.1%         41
[dprof]     i:qidx             1.77     0.9%         21
[dprof]     i:iw               0.62     0.3%         21
[dprof]     i:score           12.65     6.6%         21
[dprof]     i:topk             0.78     0.4%         21
[dprof]       mg:count         0.23     0.1%         46
[dprof]       mg:prefix        0.26     0.1%         46
[dprof]       mg:scatter       0.25     0.1%         46
[dprof]       mg:tiles         0.32     0.2%         46
[dprof] draft:main_kv          0.14     0.1%          1
[dprof] draft:block           12.48     6.5%          1
[dprof] draft:head            10.29     5.4%          1
[dprof] TOTAL                191.77
[dprof] *** INVALID: moe children 57.57 ms > MoE 53.47 ms — marks recorded outside the reported window

[dprof] ctx=12293 VB=3 verify=8 — verify step by sub-op, summed over all layers (1542 marks)
[dprof] phase                    ms        %      calls
[dprof] hc_pre  (attn)         2.13     1.6%         43
[dprof] rmsnorm (attn)         0.79     0.6%         43
[dprof] ATTENTION             78.66    58.6%         43
[dprof] hc_post (attn)         0.39     0.3%         43
[dprof] hc_pre  (ffn)          2.88     2.1%         43
[dprof] rmsnorm (ffn)          0.76     0.6%         43
[dprof] MoE                   43.16    32.2%         43
[dprof] hc_post (ffn)          0.36     0.3%         43
[dprof] kv xin copy            0.26     0.2%         41
[dprof] hc_head+norm           0.03     0.0%          1
[dprof] lm_head                4.73     3.5%          1
[dprof]   attn:q_proj          0.46     0.3%          2
[dprof]   attn:kv_write        0.08     0.1%          2
[dprof]   attn:sparse          0.61     0.5%          2
[dprof]   attn:ogroup          0.75     0.6%          2
[dprof]   cattn:q_proj        14.78    11.0%         41
[dprof]   cattn:compress       2.51     1.9%         41
[dprof]   cattn:indexer       12.74     9.5%         21
[dprof]   cattn:sparse        21.56    16.1%         41
[dprof]   cattn:ogroup        16.16    12.0%         41
[dprof]   moe:router           2.01     1.5%         46
[dprof]   moe:group            2.20     1.6%         46
[dprof]   moe:w1w3            27.17    20.3%         46
[dprof]   moe:act              1.43     1.1%         46
[dprof]   moe:w2              13.31     9.9%         46
[dprof]   moe:combine          0.58     0.4%         46
[dprof]   moe:shared           0.31     0.2%         46
[dprof]     q:aq(x)            0.29     0.2%         41
[dprof]     q:wq_a             5.61     4.2%         41
[dprof]     q:rms+aq           1.00     0.7%         41
[dprof]     q:wq_b             6.81     5.1%         41
[dprof]     q:tail             0.56     0.4%         41
[dprof]     q:kv_join          0.06     0.0%         41
[dprof]     o:rope             0.29     0.2%         41
[dprof]     o:wo_a             8.06     6.0%         41
[dprof]     o:wo_b             7.57     5.6%         41
[dprof]     i:qidx             1.66     1.2%         21
[dprof]     i:iw               0.56     0.4%         21
[dprof]     i:score            9.61     7.2%         21
[dprof]     i:topk             0.76     0.6%         21
[dprof]       mg:count         0.26     0.2%         46
[dprof]       mg:prefix        0.26     0.2%         46
[dprof]       mg:scatter       0.25     0.2%         46
[dprof]       mg:tiles         0.28     0.2%         46
[dprof] draft:main_kv          0.14     0.1%          1
[dprof] draft:block           12.30     9.2%          1
[dprof] draft:head            10.29     7.7%          1
[dprof] TOTAL                134.16
[dprof] *** INVALID: moe children 47.00 ms > MoE 43.16 ms — marks recorded outside the reported window

[dprof] ctx=12299 VB=2 verify=12 — verify step by sub-op, summed over all layers (1542 marks)
[dprof] phase                    ms        %      calls
[dprof] hc_pre  (attn)         1.84     1.5%         43
[dprof] rmsnorm (attn)         0.78     0.7%         43
[dprof] ATTENTION             74.80    62.2%         43
[dprof] hc_post (attn)         0.33     0.3%         43
[dprof] hc_pre  (ffn)          2.82     2.3%         43
[dprof] rmsnorm (ffn)          0.74     0.6%         43
[dprof] MoE                   33.40    27.8%         43
[dprof] hc_post (ffn)          0.29     0.2%         43
[dprof] kv xin copy            0.23     0.2%         41
[dprof] hc_head+norm           0.04     0.0%          1
[dprof] lm_head                4.92     4.1%          1
[dprof]   attn:q_proj          0.45     0.4%          2
[dprof]   attn:kv_write        0.08     0.1%          2
[dprof]   attn:sparse          0.60     0.5%          2
[dprof]   attn:ogroup          0.72     0.6%          2
[dprof]   cattn:q_proj        14.94    12.4%         41
[dprof]   cattn:compress       2.56     2.1%         41
[dprof]   cattn:indexer        9.46     7.9%         21
[dprof]   cattn:sparse        21.18    17.6%         41
[dprof]   cattn:ogroup        15.55    12.9%         41
[dprof]   moe:router           1.99     1.7%         46
[dprof]   moe:group            2.03     1.7%         46
[dprof]   moe:w1w3            21.24    17.7%         46
[dprof]   moe:act              1.44     1.2%         46
[dprof]   moe:w2               9.73     8.1%         46
[dprof]   moe:combine          0.54     0.5%         46
[dprof]   moe:shared           0.25     0.2%         46
[dprof]     q:aq(x)            0.40     0.3%         41
[dprof]     q:wq_a             5.65     4.7%         41
[dprof]     q:rms+aq           1.12     0.9%         41
[dprof]     q:wq_b             6.75     5.6%         41
[dprof]     q:tail             0.52     0.4%         41
[dprof]     q:kv_join          0.07     0.1%         41
[dprof]     o:rope             0.26     0.2%         41
[dprof]     o:wo_a             7.71     6.4%         41
[dprof]     o:wo_b             7.36     6.1%         41
[dprof]     i:qidx             1.52     1.3%         21
[dprof]     i:iw               0.47     0.4%         21
[dprof]     i:score            6.57     5.5%         21
[dprof]     i:topk             0.74     0.6%         21
[dprof]       mg:count         0.26     0.2%         46
[dprof]       mg:prefix        0.25     0.2%         46
[dprof]       mg:scatter       0.24     0.2%         46
[dprof]       mg:tiles         0.29     0.2%         46
[dprof] draft:main_kv          0.14     0.1%          1
[dprof] draft:block           12.33    10.3%          1
[dprof] draft:head            10.28     8.6%          1
[dprof] TOTAL                120.20
[dprof] *** INVALID: moe children 37.22 ms > MoE 33.40 ms — marks recorded outside the reported window

[dprof] ctx=12303 VB=2 verify=16 — verify step by sub-op, summed over all layers (1542 marks)
[dprof] phase                    ms        %      calls
[dprof] hc_pre  (attn)         1.87     1.6%         43
[dprof] rmsnorm (attn)         0.77     0.7%         43
[dprof] ATTENTION             74.82    63.1%         43
[dprof] hc_post (attn)         0.33     0.3%         43
[dprof] hc_pre  (ffn)          2.82     2.4%         43
[dprof] rmsnorm (ffn)          0.79     0.7%         43
[dprof] MoE                   31.90    26.9%         43
[dprof] hc_post (ffn)          0.32     0.3%         43
[dprof] kv xin copy            0.21     0.2%         41
[dprof] hc_head+norm           0.03     0.0%          1
[dprof] lm_head                4.70     4.0%          1
[dprof]   attn:q_proj          0.46     0.4%          2
[dprof]   attn:kv_write        0.08     0.1%          2
[dprof]   attn:sparse          0.63     0.5%          2
[dprof]   attn:ogroup          0.74     0.6%          2
[dprof]   cattn:q_proj        14.96    12.6%         41
[dprof]   cattn:compress       2.48     2.1%         41
[dprof]   cattn:indexer        9.43     8.0%         21
[dprof]   cattn:sparse        20.89    17.6%         41
[dprof]   cattn:ogroup        16.01    13.5%         41
[dprof]   moe:router           1.99     1.7%         46
[dprof]   moe:group            2.18     1.8%         46
[dprof]   moe:w1w3            20.15    17.0%         46
[dprof]   moe:act              1.45     1.2%         46
[dprof]   moe:w2               9.32     7.9%         46
[dprof]   moe:combine          0.54     0.5%         46
[dprof]   moe:shared           0.25     0.2%         46
[dprof]     q:aq(x)            0.57     0.5%         41
[dprof]     q:wq_a             5.51     4.7%         41
[dprof]     q:rms+aq           1.09     0.9%         41
[dprof]     q:wq_b             6.78     5.7%         41
[dprof]     q:tail             0.51     0.4%         41
[dprof]     q:kv_join          0.05     0.0%         41
[dprof]     o:rope             0.26     0.2%         41
[dprof]     o:wo_a             7.95     6.7%         41
[dprof]     o:wo_b             7.51     6.3%         41
[dprof]     i:qidx             1.52     1.3%         21
[dprof]     i:iw               0.45     0.4%         21
[dprof]     i:score            6.58     5.5%         21
[dprof]     i:topk             0.76     0.6%         21
[dprof]       mg:count         0.27     0.2%         46
[dprof]       mg:prefix        0.27     0.2%         46
[dprof]       mg:scatter       0.29     0.2%         46
[dprof]       mg:tiles         0.30     0.3%         46
[dprof] draft:main_kv          0.14     0.1%          1
[dprof] draft:block           12.48    10.5%          1
[dprof] draft:head            10.20     8.6%          1
[dprof] TOTAL                118.57
[dprof] *** INVALID: moe children 35.86 ms > MoE 31.90 ms — marks recorded outside the reported window

[dprof] ctx=12307 VB=2 verify=20 — verify step by sub-op, summed over all layers (1542 marks)
[dprof] phase                    ms        %      calls
[dprof] hc_pre  (attn)         1.82     1.5%         43
[dprof] rmsnorm (attn)         0.76     0.6%         43
[dprof] ATTENTION             74.86    61.8%         43
[dprof] hc_post (attn)         0.34     0.3%         43
[dprof] hc_pre  (ffn)          2.81     2.3%         43
[dprof] rmsnorm (ffn)          0.77     0.6%         43
[dprof] MoE                   34.52    28.5%         43
[dprof] hc_post (ffn)          0.30     0.2%         43
[dprof] kv xin copy            0.24     0.2%         41
[dprof] hc_head+norm           0.03     0.0%          1
[dprof] lm_head                4.75     3.9%          1
[dprof]   attn:q_proj          0.45     0.4%          2
[dprof]   attn:kv_write        0.08     0.1%          2
[dprof]   attn:sparse          0.60     0.5%          2
[dprof]   attn:ogroup          0.72     0.6%          2
[dprof]   cattn:q_proj        14.82    12.2%         41
[dprof]   cattn:compress       2.54     2.1%         41
[dprof]   cattn:indexer        9.54     7.9%         21
[dprof]   cattn:sparse        21.15    17.4%         41
[dprof]   cattn:ogroup        15.72    13.0%         41
[dprof]   moe:router           2.01     1.7%         46
[dprof]   moe:group            2.10     1.7%         46
[dprof]   moe:w1w3            21.87    18.0%         46
[dprof]   moe:act              1.48     1.2%         46
[dprof]   moe:w2              10.02     8.3%         46
[dprof]   moe:combine          0.56     0.5%         46
[dprof]   moe:shared           0.26     0.2%         46
[dprof]     q:aq(x)            0.67     0.6%         41
[dprof]     q:wq_a             5.35     4.4%         41
[dprof]     q:rms+aq           1.08     0.9%         41
[dprof]     q:wq_b             6.70     5.5%         41
[dprof]     q:tail             0.52     0.4%         41
[dprof]     q:kv_join          0.06     0.0%         41
[dprof]     o:rope             0.27     0.2%         41
[dprof]     o:wo_a             7.82     6.4%         41
[dprof]     o:wo_b             7.42     6.1%         41
[dprof]     i:qidx             1.55     1.3%         21
[dprof]     i:iw               0.48     0.4%         21
[dprof]     i:score            6.61     5.5%         21
[dprof]     i:topk             0.75     0.6%         21
[dprof]       mg:count         0.26     0.2%         46
[dprof]       mg:prefix        0.25     0.2%         46
[dprof]       mg:scatter       0.25     0.2%         46
[dprof]       mg:tiles         0.30     0.3%         46
[dprof] draft:main_kv          0.14     0.1%          1
[dprof] draft:block           12.40    10.2%          1
[dprof] draft:head            10.35     8.5%          1
[dprof] TOTAL                121.19
[dprof] *** INVALID: moe children 38.31 ms > MoE 34.52 ms — marks recorded outside the reported window

[dprof] ctx=12314 VB=4 verify=24 — verify step by sub-op, summed over all layers (1542 marks)
[dprof] phase                    ms        %      calls
[dprof] hc_pre  (attn)         2.39     1.6%         43
[dprof] rmsnorm (attn)         0.77     0.5%         43
[dprof] ATTENTION             83.81    54.8%         43
[dprof] hc_post (attn)         0.41     0.3%         43
[dprof] hc_pre  (ffn)          3.01     2.0%         43
[dprof] rmsnorm (ffn)          0.78     0.5%         43
[dprof] MoE                   55.75    36.5%         43
[dprof] hc_post (ffn)          0.35     0.2%         43
[dprof] kv xin copy            0.26     0.2%         41
[dprof] hc_head+norm           0.04     0.0%          1
[dprof] lm_head                5.25     3.4%          1
[dprof]   attn:q_proj          0.46     0.3%          2
[dprof]   attn:kv_write        0.08     0.1%          2
[dprof]   attn:sparse          0.62     0.4%          2
[dprof]   attn:ogroup          0.82     0.5%          2
[dprof]   cattn:q_proj        14.99     9.8%         41
[dprof]   cattn:compress       2.43     1.6%         41
[dprof]   cattn:indexer       15.97    10.4%         21
[dprof]   cattn:sparse        21.95    14.4%         41
[dprof]   cattn:ogroup        17.42    11.4%         41
[dprof]   moe:router           2.04     1.3%         46
[dprof]   moe:group            2.26     1.5%         46
[dprof]   moe:w1w3            35.66    23.3%         46
[dprof]   moe:act              1.66     1.1%         46
[dprof]   moe:w2              17.30    11.3%         46
[dprof]   moe:combine          0.60     0.4%         46
[dprof]   moe:shared           0.31     0.2%         46
[dprof]     q:aq(x)            0.31     0.2%         41
[dprof]     q:wq_a             5.65     3.7%         41
[dprof]     q:rms+aq           1.02     0.7%         41
[dprof]     q:wq_b             6.90     4.5%         41
[dprof]     q:tail             0.61     0.4%         41
[dprof]     q:kv_join          0.05     0.0%         41
[dprof]     o:rope             0.29     0.2%         41
[dprof]     o:wo_a             8.96     5.9%         41
[dprof]     o:wo_b             7.94     5.2%         41
[dprof]     i:qidx             1.74     1.1%         21
[dprof]     i:iw               0.65     0.4%         21
[dprof]     i:score           12.64     8.3%         21
[dprof]     i:topk             0.80     0.5%         21
[dprof]       mg:count         0.23     0.2%         46
[dprof]       mg:prefix        0.25     0.2%         46
[dprof]       mg:scatter       0.24     0.2%         46
[dprof]       mg:tiles         0.30     0.2%         46
[dprof] draft:main_kv          0.14     0.1%          1
[dprof] draft:block           12.53     8.2%          1
[dprof] draft:head            10.27     6.7%          1
[dprof] TOTAL                152.83
[dprof] *** INVALID: moe children 59.84 ms > MoE 55.75 ms — marks recorded outside the reported window

[dprof] ctx=12318 VB=2 verify=28 — verify step by sub-op, summed over all layers (1542 marks)
[dprof] phase                    ms        %      calls
[dprof] hc_pre  (attn)         1.87     1.6%         43
[dprof] rmsnorm (attn)         0.78     0.7%         43
[dprof] ATTENTION             74.41    62.9%         43
[dprof] hc_post (attn)         0.34     0.3%         43
[dprof] hc_pre  (ffn)          2.80     2.4%         43
[dprof] rmsnorm (ffn)          0.76     0.6%         43
[dprof] MoE                   31.91    27.0%         43
[dprof] hc_post (ffn)          0.31     0.3%         43
[dprof] kv xin copy            0.22     0.2%         41
[dprof] hc_head+norm           0.04     0.0%          1
[dprof] lm_head                4.80     4.1%          1
[dprof]   attn:q_proj          0.45     0.4%          2
[dprof]   attn:kv_write        0.08     0.1%          2
[dprof]   attn:sparse          0.63     0.5%          2
[dprof]   attn:ogroup          0.77     0.6%          2
[dprof]   cattn:q_proj        14.91    12.6%         41
[dprof]   cattn:compress       2.62     2.2%         41
[dprof]   cattn:indexer        9.46     8.0%         21
[dprof]   cattn:sparse        20.86    17.6%         41
[dprof]   cattn:ogroup        15.68    13.3%         41
[dprof]   moe:router           2.00     1.7%         46
[dprof]   moe:group            2.04     1.7%         46
[dprof]   moe:w1w3            20.26    17.1%         46
[dprof]   moe:act              1.47     1.2%         46
[dprof]   moe:w2               9.35     7.9%         46
[dprof]   moe:combine          0.56     0.5%         46
[dprof]   moe:shared           0.25     0.2%         46
[dprof]     q:aq(x)            0.38     0.3%         41
[dprof]     q:wq_a             5.37     4.5%         41
[dprof]     q:rms+aq           1.11     0.9%         41
[dprof]     q:wq_b             6.91     5.8%         41
[dprof]     q:tail             0.54     0.5%         41
[dprof]     q:kv_join          0.07     0.1%         41
[dprof]     o:rope             0.27     0.2%         41
[dprof]     o:wo_a             7.80     6.6%         41
[dprof]     o:wo_b             7.40     6.3%         41
[dprof]     i:qidx             1.53     1.3%         21
[dprof]     i:iw               0.49     0.4%         21
[dprof]     i:score            6.58     5.6%         21
[dprof]     i:topk             0.73     0.6%         21
[dprof]       mg:count         0.25     0.2%         46
[dprof]       mg:prefix        0.25     0.2%         46
[dprof]       mg:scatter       0.24     0.2%         46
[dprof]       mg:tiles         0.27     0.2%         46
[dprof] draft:main_kv          0.14     0.1%          1
[dprof] draft:block           12.52    10.6%          1
[dprof] draft:head            10.23     8.7%          1
[dprof] TOTAL                118.24
[dprof] *** INVALID: moe children 35.94 ms > MoE 31.91 ms — marks recorded outside the reported window

[dprof] ctx=12325 VB=2 verify=32 — verify step by sub-op, summed over all layers (1542 marks)
[dprof] phase                    ms        %      calls
[dprof] hc_pre  (attn)         1.83     1.6%         43
[dprof] rmsnorm (attn)         0.75     0.6%         43
[dprof] ATTENTION             68.68    59.0%         43
[dprof] hc_post (attn)         0.33     0.3%         43
[dprof] hc_pre  (ffn)          2.83     2.4%         43
[dprof] rmsnorm (ffn)          0.79     0.7%         43
[dprof] MoE                   35.72    30.7%         43
[dprof] hc_post (ffn)          0.29     0.2%         43
[dprof] kv xin copy            0.21     0.2%         41
[dprof] hc_head+norm           0.03     0.0%          1
[dprof] lm_head                4.93     4.2%          1
[dprof]   attn:q_proj          0.46     0.4%          2
[dprof]   attn:kv_write        0.09     0.1%          2
[dprof]   attn:sparse          0.60     0.5%          2
[dprof]   attn:ogroup          0.72     0.6%          2
[dprof]   cattn:q_proj        10.10     8.7%         41
[dprof]   cattn:compress       0.05     0.0%         41
[dprof]   cattn:indexer        9.51     8.2%         21
[dprof]   cattn:sparse        21.21    18.2%         41
[dprof]   cattn:ogroup        15.85    13.6%         41
[dprof]   moe:router           2.04     1.7%         46
[dprof]   moe:group            2.20     1.9%         46
[dprof]   moe:w1w3            22.91    19.7%         46
[dprof]   moe:act              1.53     1.3%         46
[dprof]   moe:w2              10.22     8.8%         46
[dprof]   moe:combine          0.54     0.5%         46
[dprof]   moe:shared           0.25     0.2%         46
[dprof]     q:aq(x)            0.22     0.2%         41
[dprof]     q:wq_a             1.64     1.4%         41
[dprof]     q:rms+aq           0.58     0.5%         41
[dprof]     q:wq_b             6.74     5.8%         41
[dprof]     q:tail             0.49     0.4%         41
[dprof]     q:kv_join          0.05     0.0%         41
[dprof]     o:rope             0.26     0.2%         41
[dprof]     o:wo_a             7.91     6.8%         41
[dprof]     o:wo_b             7.47     6.4%         41
[dprof]     i:qidx             1.57     1.3%         21
[dprof]     i:iw               0.47     0.4%         21
[dprof]     i:score            6.58     5.7%         21
[dprof]     i:topk             0.76     0.7%         21
[dprof]       mg:count         0.29     0.2%         46
[dprof]       mg:prefix        0.26     0.2%         46
[dprof]       mg:scatter       0.26     0.2%         46
[dprof]       mg:tiles         0.26     0.2%         46
[dprof] draft:main_kv          0.14     0.1%          1
[dprof] draft:block           12.44    10.7%          1
[dprof] draft:head            10.27     8.8%          1
[dprof] TOTAL                116.39
[dprof] *** INVALID: moe children 39.69 ms > MoE 35.72 ms — marks recorded outside the reported window

[dprof] ctx=12331 VB=4 verify=36 — verify step by sub-op, summed over all layers (1542 marks)
[dprof] phase                    ms        %      calls
[dprof] hc_pre  (attn)         2.38     1.6%         43
[dprof] rmsnorm (attn)         0.77     0.5%         43
[dprof] ATTENTION             84.79    55.3%         43
[dprof] hc_post (attn)         0.42     0.3%         43
[dprof] hc_pre  (ffn)          2.97     1.9%         43
[dprof] rmsnorm (ffn)          0.76     0.5%         43
[dprof] MoE                   55.27    36.0%         43
[dprof] hc_post (ffn)          0.38     0.2%         43
[dprof] kv xin copy            0.24     0.2%         41
[dprof] hc_head+norm           0.04     0.0%          1
[dprof] lm_head                5.40     3.5%          1
[dprof]   attn:q_proj          0.46     0.3%          2
[dprof]   attn:kv_write        0.08     0.1%          2
[dprof]   attn:sparse          0.61     0.4%          2
[dprof]   attn:ogroup          0.82     0.5%          2
[dprof]   cattn:q_proj        15.35    10.0%         41
[dprof]   cattn:compress       2.47     1.6%         41
[dprof]   cattn:indexer       16.15    10.5%         21
[dprof]   cattn:sparse        22.00    14.3%         41
[dprof]   cattn:ogroup        17.47    11.4%         41
[dprof]   moe:router           1.99     1.3%         46
[dprof]   moe:group            2.20     1.4%         46
[dprof]   moe:w1w3            35.51    23.1%         46
[dprof]   moe:act              1.68     1.1%         46
[dprof]   moe:w2              17.26    11.2%         46
[dprof]   moe:combine          0.61     0.4%         46
[dprof]   moe:shared           0.31     0.2%         46
[dprof]     q:aq(x)            0.31     0.2%         41
[dprof]     q:wq_a             5.95     3.9%         41
[dprof]     q:rms+aq           0.96     0.6%         41
[dprof]     q:wq_b             6.99     4.6%         41
[dprof]     q:tail             0.63     0.4%         41
[dprof]     q:kv_join          0.06     0.0%         41
[dprof]     o:rope             0.26     0.2%         41
[dprof]     o:wo_a             8.97     5.8%         41
[dprof]     o:wo_b             8.01     5.2%         41
[dprof]     i:qidx             1.76     1.1%         21
[dprof]     i:iw               0.64     0.4%         21
[dprof]     i:score           12.80     8.3%         21
[dprof]     i:topk             0.81     0.5%         21
[dprof]       mg:count         0.24     0.2%         46
[dprof]       mg:prefix        0.24     0.2%         46
[dprof]       mg:scatter       0.24     0.2%         46
[dprof]       mg:tiles         0.29     0.2%         46
[dprof] draft:main_kv          0.14     0.1%          1
[dprof] draft:block           12.76     8.3%          1
[dprof] draft:head            10.32     6.7%          1
[dprof] TOTAL                153.41
[dprof] *** INVALID: moe children 59.55 ms > MoE 55.27 ms — marks recorded outside the reported window

[dprof] ctx=12338 VB=3 verify=40 — verify step by sub-op, summed over all layers (1542 marks)
[dprof] phase                    ms        %      calls
[dprof] hc_pre  (attn)         2.10     1.6%         43
[dprof] rmsnorm (attn)         0.76     0.6%         43
[dprof] ATTENTION             78.74    58.1%         43
[dprof] hc_post (attn)         0.39     0.3%         43
[dprof] hc_pre  (ffn)          2.85     2.1%         43
[dprof] rmsnorm (ffn)          0.76     0.6%         43
[dprof] MoE                   44.23    32.7%         43
[dprof] hc_post (ffn)          0.34     0.3%         43
[dprof] kv xin copy            0.22     0.2%         41
[dprof] hc_head+norm           0.04     0.0%          1
[dprof] lm_head                5.01     3.7%          1
[dprof]   attn:q_proj          0.46     0.3%          2
[dprof]   attn:kv_write        0.08     0.1%          2
[dprof]   attn:sparse          0.61     0.5%          2
[dprof]   attn:ogroup          0.80     0.6%          2
[dprof]   cattn:q_proj        14.78    10.9%         41
[dprof]   cattn:compress       2.51     1.9%         41
[dprof]   cattn:indexer       12.70     9.4%         21
[dprof]   cattn:sparse        21.50    15.9%         41
[dprof]   cattn:ogroup        16.05    11.8%         41
[dprof]   moe:router           2.02     1.5%         46
[dprof]   moe:group            2.27     1.7%         46
[dprof]   moe:w1w3            28.00    20.7%         46
[dprof]   moe:act              1.53     1.1%         46
[dprof]   moe:w2              13.52    10.0%         46
[dprof]   moe:combine          0.58     0.4%         46
[dprof]   moe:shared           0.28     0.2%         46
[dprof]     q:aq(x)            0.28     0.2%         41
[dprof]     q:wq_a             5.64     4.2%         41
[dprof]     q:rms+aq           0.95     0.7%         41
[dprof]     q:wq_b             6.83     5.0%         41
[dprof]     q:tail             0.57     0.4%         41
[dprof]     q:kv_join          0.06     0.0%         41
[dprof]     o:rope             0.26     0.2%         41
[dprof]     o:wo_a             8.00     5.9%         41
[dprof]     o:wo_b             7.55     5.6%         41
[dprof]     i:qidx             1.65     1.2%         21
[dprof]     i:iw               0.54     0.4%         21
[dprof]     i:score            9.61     7.1%         21
[dprof]     i:topk             0.78     0.6%         21
[dprof]       mg:count         0.28     0.2%         46
[dprof]       mg:prefix        0.27     0.2%         46
[dprof]       mg:scatter       0.26     0.2%         46
[dprof]       mg:tiles         0.30     0.2%         46
[dprof] draft:main_kv          0.15     0.1%          1
[dprof] draft:block           12.50     9.2%          1
[dprof] draft:head            10.24     7.6%          1
[dprof] TOTAL                135.45
[dprof] *** INVALID: moe children 48.21 ms > MoE 44.23 ms — marks recorded outside the reported window

[dprof] ctx=12343 VB=3 verify=44 — verify step by sub-op, summed over all layers (1542 marks)
[dprof] phase                    ms        %      calls
[dprof] hc_pre  (attn)         2.12     1.6%         43
[dprof] rmsnorm (attn)         0.78     0.6%         43
[dprof] ATTENTION             79.05    58.0%         43
[dprof] hc_post (attn)         0.39     0.3%         43
[dprof] hc_pre  (ffn)          2.91     2.1%         43
[dprof] rmsnorm (ffn)          0.76     0.6%         43
[dprof] MoE                   44.68    32.8%         43
[dprof] hc_post (ffn)          0.35     0.3%         43
[dprof] kv xin copy            0.24     0.2%         41
[dprof] hc_head+norm           0.03     0.0%          1
[dprof] lm_head                4.93     3.6%          1
[dprof]   attn:q_proj          0.46     0.3%          2
[dprof]   attn:kv_write        0.08     0.1%          2
[dprof]   attn:sparse          0.61     0.4%          2
[dprof]   attn:ogroup          0.76     0.6%          2
[dprof]   cattn:q_proj        15.17    11.1%         41
[dprof]   cattn:compress       2.51     1.8%         41
[dprof]   cattn:indexer       12.71     9.3%         21
[dprof]   cattn:sparse        21.56    15.8%         41
[dprof]   cattn:ogroup        16.11    11.8%         41
[dprof]   moe:router           2.03     1.5%         46
[dprof]   moe:group            2.20     1.6%         46
[dprof]   moe:w1w3            28.53    20.9%         46
[dprof]   moe:act              1.42     1.0%         46
[dprof]   moe:w2              13.69    10.0%         46
[dprof]   moe:combine          0.55     0.4%         46
[dprof]   moe:shared           0.28     0.2%         46
[dprof]     q:aq(x)            0.55     0.4%         41
[dprof]     q:wq_a             5.65     4.1%         41
[dprof]     q:rms+aq           1.03     0.8%         41
[dprof]     q:wq_b             6.79     5.0%         41
[dprof]     q:tail             0.58     0.4%         41
[dprof]     q:kv_join          0.05     0.0%         41
[dprof]     o:rope             0.27     0.2%         41
[dprof]     o:wo_a             8.09     5.9%         41
[dprof]     o:wo_b             7.56     5.5%         41
[dprof]     i:qidx             1.63     1.2%         21
[dprof]     i:iw               0.55     0.4%         21
[dprof]     i:score            9.62     7.1%         21
[dprof]     i:topk             0.78     0.6%         21
[dprof]       mg:count         0.26     0.2%         46
[dprof]       mg:prefix        0.25     0.2%         46
[dprof]       mg:scatter       0.26     0.2%         46
[dprof]       mg:tiles         0.28     0.2%         46
[dprof] draft:main_kv          0.13     0.1%          1
[dprof] draft:block           12.49     9.2%          1
[dprof] draft:head            10.31     7.6%          1
[dprof] TOTAL                136.24
[dprof] *** INVALID: moe children 48.69 ms > MoE 44.68 ms — marks recorded outside the reported window

[dprof] ctx=12351 VB=2 verify=48 — verify step by sub-op, summed over all layers (1542 marks)
[dprof] phase                    ms        %      calls
[dprof] hc_pre  (attn)         1.84     1.5%         43
[dprof] rmsnorm (attn)         0.79     0.6%         43
[dprof] ATTENTION             75.02    60.8%         43
[dprof] hc_post (attn)         0.33     0.3%         43
[dprof] hc_pre  (ffn)          2.82     2.3%         43
[dprof] rmsnorm (ffn)          0.77     0.6%         43
[dprof] MoE                   36.23    29.3%         43
[dprof] hc_post (ffn)          0.29     0.2%         43
[dprof] kv xin copy            0.22     0.2%         41
[dprof] hc_head+norm           0.03     0.0%          1
[dprof] lm_head                5.13     4.2%          1
[dprof]   attn:q_proj          0.46     0.4%          2
[dprof]   attn:kv_write        0.08     0.1%          2
[dprof]   attn:sparse          0.61     0.5%          2
[dprof]   attn:ogroup          0.73     0.6%          2
[dprof]   cattn:q_proj        15.12    12.2%         41
[dprof]   cattn:compress       2.47     2.0%         41
[dprof]   cattn:indexer        9.44     7.6%         21
[dprof]   cattn:sparse        21.12    17.1%         41
[dprof]   cattn:ogroup        15.80    12.8%         41
[dprof]   moe:router           2.01     1.6%         46
[dprof]   moe:group            2.05     1.7%         46
[dprof]   moe:w1w3            23.26    18.8%         46
[dprof]   moe:act              1.57     1.3%         46
[dprof]   moe:w2              10.55     8.5%         46
[dprof]   moe:combine          0.53     0.4%         46
[dprof]   moe:shared           0.27     0.2%         46
[dprof]     q:aq(x)            0.29     0.2%         41
[dprof]     q:wq_a             5.79     4.7%         41
[dprof]     q:rms+aq           1.14     0.9%         41
[dprof]     q:wq_b             6.81     5.5%         41
[dprof]     q:tail             0.54     0.4%         41
[dprof]     q:kv_join          0.06     0.0%         41
[dprof]     o:rope             0.24     0.2%         41
[dprof]     o:wo_a             7.88     6.4%         41
[dprof]     o:wo_b             7.44     6.0%         41
[dprof]     i:qidx             1.51     1.2%         21
[dprof]     i:iw               0.45     0.4%         21
[dprof]     i:score            6.58     5.3%         21
[dprof]     i:topk             0.76     0.6%         21
[dprof]       mg:count         0.25     0.2%         46
[dprof]       mg:prefix        0.24     0.2%         46
[dprof]       mg:scatter       0.24     0.2%         46
[dprof]       mg:tiles         0.29     0.2%         46
[dprof] draft:main_kv          0.14     0.1%          1
[dprof] draft:block           12.44    10.1%          1
[dprof] draft:head            10.28     8.3%          1
[dprof] TOTAL                123.47
[dprof] *** INVALID: moe children 40.24 ms > MoE 36.23 ms — marks recorded outside the reported window

[dprof] ctx=12356 VB=2 verify=52 — verify step by sub-op, summed over all layers (1542 marks)
[dprof] phase                    ms        %      calls
[dprof] hc_pre  (attn)         1.83     1.6%         43
[dprof] rmsnorm (attn)         0.76     0.7%         43
[dprof] ATTENTION             67.72    60.3%         43
[dprof] hc_post (attn)         0.33     0.3%         43
[dprof] hc_pre  (ffn)          2.84     2.5%         43
[dprof] rmsnorm (ffn)          0.77     0.7%         43
[dprof] MoE                   32.32    28.8%         43
[dprof] hc_post (ffn)          0.29     0.3%         43
[dprof] kv xin copy            0.22     0.2%         41
[dprof] hc_head+norm           0.03     0.0%          1
[dprof] lm_head                5.14     4.6%          1
[dprof]   attn:q_proj          0.45     0.4%          2
[dprof]   attn:kv_write        0.08     0.1%          2
[dprof]   attn:sparse          0.60     0.5%          2
[dprof]   attn:ogroup          0.72     0.6%          2
[dprof]   cattn:q_proj        10.13     9.0%         41
[dprof]   cattn:compress       0.05     0.0%         41
[dprof]   cattn:indexer        9.38     8.4%         21
[dprof]   cattn:sparse        20.79    18.5%         41
[dprof]   cattn:ogroup        15.62    13.9%         41
[dprof]   moe:router           1.99     1.8%         46
[dprof]   moe:group            2.08     1.9%         46
[dprof]   moe:w1w3            20.51    18.3%         46
[dprof]   moe:act              1.44     1.3%         46
[dprof]   moe:w2               9.39     8.4%         46
[dprof]   moe:combine          0.53     0.5%         46
[dprof]   moe:shared           0.26     0.2%         46
[dprof]     q:aq(x)            0.22     0.2%         41
[dprof]     q:wq_a             1.65     1.5%         41
[dprof]     q:rms+aq           0.59     0.5%         41
[dprof]     q:wq_b             6.77     6.0%         41
[dprof]     q:tail             0.48     0.4%         41
[dprof]     q:kv_join          0.05     0.0%         41
[dprof]     o:rope             0.26     0.2%         41
[dprof]     o:wo_a             7.74     6.9%         41
[dprof]     o:wo_b             7.41     6.6%         41
[dprof]     i:qidx             1.53     1.4%         21
[dprof]     i:iw               0.46     0.4%         21
[dprof]     i:score            6.56     5.8%         21
[dprof]     i:topk             0.70     0.6%         21
[dprof]       mg:count         0.29     0.3%         46
[dprof]       mg:prefix        0.25     0.2%         46
[dprof]       mg:scatter       0.24     0.2%         46
[dprof]       mg:tiles         0.25     0.2%         46
[dprof] draft:main_kv          0.14     0.1%          1
[dprof] draft:block           12.38    11.0%          1
[dprof] draft:head            10.30     9.2%          1
[dprof] TOTAL                112.25
[dprof] *** INVALID: moe children 36.20 ms > MoE 32.32 ms — marks recorded outside the reported window

[dprof] ctx=12361 VB=3 verify=56 — verify step by sub-op, summed over all layers (1542 marks)
[dprof] phase                    ms        %      calls
[dprof] hc_pre  (attn)         2.10     1.5%         43
[dprof] rmsnorm (attn)         0.75     0.6%         43
[dprof] ATTENTION             78.54    58.1%         43
[dprof] hc_post (attn)         0.39     0.3%         43
[dprof] hc_pre  (ffn)          2.89     2.1%         43
[dprof] rmsnorm (ffn)          0.75     0.6%         43
[dprof] MoE                   44.33    32.8%         43
[dprof] hc_post (ffn)          0.33     0.2%         43
[dprof] kv xin copy            0.22     0.2%         41
[dprof] hc_head+norm           0.05     0.0%          1
[dprof] lm_head                4.90     3.6%          1
[dprof]   attn:q_proj          0.46     0.3%          2
[dprof]   attn:kv_write        0.08     0.1%          2
[dprof]   attn:sparse          0.63     0.5%          2
[dprof]   attn:ogroup          0.75     0.6%          2
[dprof]   cattn:q_proj        14.85    11.0%         41
[dprof]   cattn:compress       2.49     1.8%         41
[dprof]   cattn:indexer       12.69     9.4%         21
[dprof]   cattn:sparse        21.29    15.7%         41
[dprof]   cattn:ogroup        16.17    12.0%         41
[dprof]   moe:router           2.01     1.5%         46
[dprof]   moe:group            2.21     1.6%         46
[dprof]   moe:w1w3            28.20    20.8%         46
[dprof]   moe:act              1.54     1.1%         46
[dprof]   moe:w2              13.50    10.0%         46
[dprof]   moe:combine          0.55     0.4%         46
[dprof]   moe:shared           0.26     0.2%         46
[dprof]     q:aq(x)            0.38     0.3%         41
[dprof]     q:wq_a             5.49     4.1%         41
[dprof]     q:rms+aq           0.99     0.7%         41
[dprof]     q:wq_b             6.88     5.1%         41
[dprof]     q:tail             0.59     0.4%         41
[dprof]     q:kv_join          0.06     0.0%         41
[dprof]     o:rope             0.25     0.2%         41
[dprof]     o:wo_a             8.13     6.0%         41
[dprof]     o:wo_b             7.59     5.6%         41
[dprof]     i:qidx             1.61     1.2%         21
[dprof]     i:iw               0.56     0.4%         21
[dprof]     i:score            9.61     7.1%         21
[dprof]     i:topk             0.77     0.6%         21
[dprof]       mg:count         0.26     0.2%         46
[dprof]       mg:prefix        0.25     0.2%         46
[dprof]       mg:scatter       0.25     0.2%         46
[dprof]       mg:tiles         0.29     0.2%         46
[dprof] draft:main_kv          0.14     0.1%          1
[dprof] draft:block           12.52     9.3%          1
[dprof] draft:head            10.24     7.6%          1
[dprof] TOTAL                135.26
[dprof] *** INVALID: moe children 48.28 ms > MoE 44.33 ms — marks recorded outside the reported window

[dprof] ctx=12366 VB=4 verify=60 — verify step by sub-op, summed over all layers (1542 marks)
[dprof] phase                    ms        %      calls
[dprof] hc_pre  (attn)         2.36     1.6%         43
[dprof] rmsnorm (attn)         0.80     0.5%         43
[dprof] ATTENTION             84.18    55.5%         43
[dprof] hc_post (attn)         0.42     0.3%         43
[dprof] hc_pre  (ffn)          3.06     2.0%         43
[dprof] rmsnorm (ffn)          0.79     0.5%         43
[dprof] MoE                   54.16    35.7%         43
[dprof] hc_post (ffn)          0.35     0.2%         43
[dprof] kv xin copy            0.24     0.2%         41
[dprof] hc_head+norm           0.04     0.0%          1
[dprof] lm_head                5.25     3.5%          1
[dprof]   attn:q_proj          0.46     0.3%          2
[dprof]   attn:kv_write        0.08     0.1%          2
[dprof]   attn:sparse          0.62     0.4%          2
[dprof]   attn:ogroup          0.82     0.5%          2
[dprof]   cattn:q_proj        15.07     9.9%         41
[dprof]   cattn:compress       2.49     1.6%         41
[dprof]   cattn:indexer       16.18    10.7%         21
[dprof]   cattn:sparse        22.03    14.5%         41
[dprof]   cattn:ogroup        17.28    11.4%         41
[dprof]   moe:router           2.03     1.3%         46
[dprof]   moe:group            2.30     1.5%         46
[dprof]   moe:w1w3            34.35    22.7%         46
[dprof]   moe:act              1.64     1.1%         46
[dprof]   moe:w2              16.91    11.1%         46
[dprof]   moe:combine          0.68     0.4%         46
[dprof]   moe:shared           0.31     0.2%         46
[dprof]     q:aq(x)            0.52     0.3%         41
[dprof]     q:wq_a             5.42     3.6%         41
[dprof]     q:rms+aq           0.97     0.6%         41
[dprof]     q:wq_b             6.96     4.6%         41
[dprof]     q:tail             0.65     0.4%         41
[dprof]     q:kv_join          0.06     0.0%         41
[dprof]     o:rope             0.28     0.2%         41
[dprof]     o:wo_a             8.93     5.9%         41
[dprof]     o:wo_b             7.84     5.2%         41
[dprof]     i:qidx             1.75     1.2%         21
[dprof]     i:iw               0.62     0.4%         21
[dprof]     i:score           12.85     8.5%         21
[dprof]     i:topk             0.82     0.5%         21
[dprof]       mg:count         0.25     0.2%         46
[dprof]       mg:prefix        0.25     0.2%         46
[dprof]       mg:scatter       0.25     0.2%         46
[dprof]       mg:tiles         0.29     0.2%         46
[dprof] draft:main_kv          0.14     0.1%          1
[dprof] draft:block           12.59     8.3%          1
[dprof] draft:head            10.32     6.8%          1
[dprof] TOTAL                151.64
[dprof] *** INVALID: moe children 58.20 ms > MoE 54.16 ms — marks recorded outside the reported window

[dprof] ctx=12374 VB=2 verify=64 — verify step by sub-op, summed over all layers (1542 marks)
[dprof] phase                    ms        %      calls
[dprof] hc_pre  (attn)         1.83     1.5%         43
[dprof] rmsnorm (attn)         0.77     0.6%         43
[dprof] ATTENTION             74.38    62.2%         43
[dprof] hc_post (attn)         0.36     0.3%         43
[dprof] hc_pre  (ffn)          2.81     2.3%         43
[dprof] rmsnorm (ffn)          0.78     0.6%         43
[dprof] MoE                   33.09    27.7%         43
[dprof] hc_post (ffn)          0.30     0.3%         43
[dprof] kv xin copy            0.23     0.2%         41
[dprof] hc_head+norm           0.04     0.0%          1
[dprof] lm_head                4.93     4.1%          1
[dprof]   attn:q_proj          0.47     0.4%          2
[dprof]   attn:kv_write        0.09     0.1%          2
[dprof]   attn:sparse          0.62     0.5%          2
[dprof]   attn:ogroup          0.76     0.6%          2
[dprof]   cattn:q_proj        14.87    12.4%         41
[dprof]   cattn:compress       2.50     2.1%         41
[dprof]   cattn:indexer        9.45     7.9%         21
[dprof]   cattn:sparse        20.94    17.5%         41
[dprof]   cattn:ogroup        15.64    13.1%         41
[dprof]   moe:router           2.00     1.7%         46
[dprof]   moe:group            2.13     1.8%         46
[dprof]   moe:w1w3            20.70    17.3%         46
[dprof]   moe:act              1.51     1.3%         46
[dprof]   moe:w2               9.54     8.0%         46
[dprof]   moe:combine          0.57     0.5%         46
[dprof]   moe:shared           0.27     0.2%         46
[dprof]     q:aq(x)            0.38     0.3%         41
[dprof]     q:wq_a             5.40     4.5%         41
[dprof]     q:rms+aq           1.11     0.9%         41
[dprof]     q:wq_b             6.88     5.8%         41
[dprof]     q:tail             0.52     0.4%         41
[dprof]     q:kv_join          0.07     0.1%         41
[dprof]     o:rope             0.28     0.2%         41
[dprof]     o:wo_a             7.78     6.5%         41
[dprof]     o:wo_b             7.36     6.2%         41
[dprof]     i:qidx             1.50     1.3%         21
[dprof]     i:iw               0.45     0.4%         21
[dprof]     i:score            6.58     5.5%         21
[dprof]     i:topk             0.78     0.7%         21
[dprof]       mg:count         0.28     0.2%         46
[dprof]       mg:prefix        0.28     0.2%         46
[dprof]       mg:scatter       0.27     0.2%         46
[dprof]       mg:tiles         0.28     0.2%         46
[dprof] draft:main_kv          0.14     0.1%          1
[dprof] draft:block           12.28    10.3%          1
[dprof] draft:head            10.24     8.6%          1
[dprof] TOTAL                119.50
[dprof] *** INVALID: moe children 36.72 ms > MoE 33.09 ms — marks recorded outside the reported window

[dprof] ctx=12382 VB=2 verify=68 — verify step by sub-op, summed over all layers (1542 marks)
[dprof] phase                    ms        %      calls
[dprof] hc_pre  (attn)         1.84     1.5%         43
[dprof] rmsnorm (attn)         0.77     0.6%         43
[dprof] ATTENTION             74.31    62.2%         43
[dprof] hc_post (attn)         0.36     0.3%         43
[dprof] hc_pre  (ffn)          2.83     2.4%         43
[dprof] rmsnorm (ffn)          0.76     0.6%         43
[dprof] MoE                   32.91    27.5%         43
[dprof] hc_post (ffn)          0.29     0.2%         43
[dprof] kv xin copy            0.23     0.2%         41
[dprof] hc_head+norm           0.03     0.0%          1
[dprof] lm_head                5.14     4.3%          1
[dprof]   attn:q_proj          0.45     0.4%          2
[dprof]   attn:kv_write        0.08     0.1%          2
[dprof]   attn:sparse          0.60     0.5%          2
[dprof]   attn:ogroup          0.73     0.6%          2
[dprof]   cattn:q_proj        14.63    12.2%         41
[dprof]   cattn:compress       2.48     2.1%         41
[dprof]   cattn:indexer        9.46     7.9%         21
[dprof]   cattn:sparse        20.85    17.5%         41
[dprof]   cattn:ogroup        15.97    13.4%         41
[dprof]   moe:router           2.00     1.7%         46
[dprof]   moe:group            2.09     1.8%         46
[dprof]   moe:w1w3            20.94    17.5%         46
[dprof]   moe:act              1.48     1.2%         46
[dprof]   moe:w2               9.43     7.9%         46
[dprof]   moe:combine          0.54     0.4%         46
[dprof]   moe:shared           0.27     0.2%         46
[dprof]     q:aq(x)            0.50     0.4%         41
[dprof]     q:wq_a             5.30     4.4%         41
[dprof]     q:rms+aq           1.09     0.9%         41
[dprof]     q:wq_b             6.70     5.6%         41
[dprof]     q:tail             0.50     0.4%         41
[dprof]     q:kv_join          0.06     0.1%         41
[dprof]     o:rope             0.26     0.2%         41
[dprof]     o:wo_a             8.03     6.7%         41
[dprof]     o:wo_b             7.46     6.2%         41
[dprof]     i:qidx             1.51     1.3%         21
[dprof]     i:iw               0.46     0.4%         21
[dprof]     i:score            6.56     5.5%         21
[dprof]     i:topk             0.80     0.7%         21
[dprof]       mg:count         0.25     0.2%         46
[dprof]       mg:prefix        0.25     0.2%         46
[dprof]       mg:scatter       0.24     0.2%         46
[dprof]       mg:tiles         0.28     0.2%         46
[dprof] draft:main_kv          0.14     0.1%          1
[dprof] draft:block           12.35    10.3%          1
[dprof] draft:head            10.24     8.6%          1
[dprof] TOTAL                119.46
[dprof] *** INVALID: moe children 36.75 ms > MoE 32.91 ms — marks recorded outside the reported window

[dprof] ctx=12387 VB=2 verify=72 — verify step by sub-op, summed over all layers (1542 marks)
[dprof] phase                    ms        %      calls
[dprof] hc_pre  (attn)         1.85     1.6%         43
[dprof] rmsnorm (attn)         0.76     0.7%         43
[dprof] ATTENTION             74.39    63.6%         43
[dprof] hc_post (attn)         0.34     0.3%         43
[dprof] hc_pre  (ffn)          2.83     2.4%         43
[dprof] rmsnorm (ffn)          0.75     0.6%         43
[dprof] MoE                   30.69    26.3%         43
[dprof] hc_post (ffn)          0.31     0.3%         43
[dprof] kv xin copy            0.25     0.2%         41
[dprof] hc_head+norm           0.03     0.0%          1
[dprof] lm_head                4.71     4.0%          1
[dprof]   attn:q_proj          0.45     0.4%          2
[dprof]   attn:kv_write        0.08     0.1%          2
[dprof]   attn:sparse          0.61     0.5%          2
[dprof]   attn:ogroup          0.83     0.7%          2
[dprof]   cattn:q_proj        15.02    12.9%         41
[dprof]   cattn:compress       2.50     2.1%         41
[dprof]   cattn:indexer        9.45     8.1%         21
[dprof]   cattn:sparse        20.53    17.6%         41
[dprof]   cattn:ogroup        15.57    13.3%         41
[dprof]   moe:router           1.97     1.7%         46
[dprof]   moe:group            2.14     1.8%         46
[dprof]   moe:w1w3            19.15    16.4%         46
[dprof]   moe:act              1.49     1.3%         46
[dprof]   moe:w2               8.86     7.6%         46
[dprof]   moe:combine          0.59     0.5%         46
[dprof]   moe:shared           0.29     0.2%         46
[dprof]     q:aq(x)            0.52     0.4%         41
[dprof]     q:wq_a             5.56     4.8%         41
[dprof]     q:rms+aq           1.12     1.0%         41
[dprof]     q:wq_b             6.78     5.8%         41
[dprof]     q:tail             0.52     0.4%         41
[dprof]     q:kv_join          0.06     0.0%         41
[dprof]     o:rope             0.26     0.2%         41
[dprof]     o:wo_a             7.74     6.6%         41
[dprof]     o:wo_b             7.35     6.3%         41
[dprof]     i:qidx             1.53     1.3%         21
[dprof]     i:iw               0.45     0.4%         21
[dprof]     i:score            6.58     5.6%         21
[dprof]     i:topk             0.75     0.6%         21
[dprof]       mg:count         0.28     0.2%         46
[dprof]       mg:prefix        0.26     0.2%         46
[dprof]       mg:scatter       0.25     0.2%         46
[dprof]       mg:tiles         0.29     0.2%         46
[dprof] draft:main_kv          0.17     0.1%          1
[dprof] draft:block           12.41    10.6%          1
[dprof] draft:head            10.24     8.8%          1
[dprof] TOTAL                116.91
[dprof] *** INVALID: moe children 34.49 ms > MoE 30.69 ms — marks recorded outside the reported window

[dprof] ctx=12396 VB=4 verify=76 — verify step by sub-op, summed over all layers (1542 marks)
[dprof] phase                    ms        %      calls
[dprof] hc_pre  (attn)         2.38     1.6%         43
[dprof] rmsnorm (attn)         0.80     0.5%         43
[dprof] ATTENTION             83.57    55.2%         43
[dprof] hc_post (attn)         0.43     0.3%         43
[dprof] hc_pre  (ffn)          3.04     2.0%         43
[dprof] rmsnorm (ffn)          0.74     0.5%         43
[dprof] MoE                   54.39    35.9%         43
[dprof] hc_post (ffn)          0.37     0.2%         43
[dprof] kv xin copy            0.25     0.2%         41
[dprof] hc_head+norm           0.04     0.0%          1
[dprof] lm_head                5.45     3.6%          1
[dprof]   attn:q_proj          0.51     0.3%          2
[dprof]   attn:kv_write        0.09     0.1%          2
[dprof]   attn:sparse          0.61     0.4%          2
[dprof]   attn:ogroup          0.81     0.5%          2
[dprof]   cattn:q_proj        14.76     9.7%         41
[dprof]   cattn:compress       2.44     1.6%         41
[dprof]   cattn:indexer       16.08    10.6%         21
[dprof]   cattn:sparse        21.90    14.5%         41
[dprof]   cattn:ogroup        17.26    11.4%         41
[dprof]   moe:router           2.03     1.3%         46
[dprof]   moe:group            2.27     1.5%         46
[dprof]   moe:w1w3            34.70    22.9%         46
[dprof]   moe:act              1.57     1.0%         46
[dprof]   moe:w2              16.99    11.2%         46
[dprof]   moe:combine          0.67     0.4%         46
[dprof]   moe:shared           0.29     0.2%         46
[dprof]     q:aq(x)            0.32     0.2%         41
[dprof]     q:wq_a             5.43     3.6%         41
[dprof]     q:rms+aq           0.95     0.6%         41
[dprof]     q:wq_b             6.92     4.6%         41
[dprof]     q:tail             0.61     0.4%         41
[dprof]     q:kv_join          0.06     0.0%         41
[dprof]     o:rope             0.26     0.2%         41
[dprof]     o:wo_a             8.88     5.9%         41
[dprof]     o:wo_b             7.91     5.2%         41
[dprof]     i:qidx             1.74     1.1%         21
[dprof]     i:iw               0.63     0.4%         21
[dprof]     i:score           12.81     8.5%         21
[dprof]     i:topk             0.77     0.5%         21
[dprof]       mg:count         0.23     0.1%         46
[dprof]       mg:prefix        0.25     0.2%         46
[dprof]       mg:scatter       0.25     0.2%         46
[dprof]       mg:tiles         0.31     0.2%         46
[dprof] draft:main_kv          0.14     0.1%          1
[dprof] draft:block           12.52     8.3%          1
[dprof] draft:head            10.26     6.8%          1
[dprof] TOTAL                151.45
[dprof] *** INVALID: moe children 58.51 ms > MoE 54.39 ms — marks recorded outside the reported window

[dprof] ctx=12402 VB=2 verify=80 — verify step by sub-op, summed over all layers (1542 marks)
[dprof] phase                    ms        %      calls
[dprof] hc_pre  (attn)         1.83     1.5%         43
[dprof] rmsnorm (attn)         0.78     0.6%         43
[dprof] ATTENTION             74.67    61.7%         43
[dprof] hc_post (attn)         0.34     0.3%         43
[dprof] hc_pre  (ffn)          2.84     2.3%         43
[dprof] rmsnorm (ffn)          0.76     0.6%         43
[dprof] MoE                   34.20    28.3%         43
[dprof] hc_post (ffn)          0.31     0.3%         43
[dprof] kv xin copy            0.23     0.2%         41
[dprof] hc_head+norm           0.03     0.0%          1
[dprof] lm_head                5.04     4.2%          1
[dprof]   attn:q_proj          0.45     0.4%          2
[dprof]   attn:kv_write        0.08     0.1%          2
[dprof]   attn:sparse          0.60     0.5%          2
[dprof]   attn:ogroup          0.72     0.6%          2
[dprof]   cattn:q_proj        14.95    12.4%         41
[dprof]   cattn:compress       2.51     2.1%         41
[dprof]   cattn:indexer        9.38     7.8%         21
[dprof]   cattn:sparse        21.20    17.5%         41
[dprof]   cattn:ogroup        15.67    12.9%         41
[dprof]   moe:router           1.99     1.6%         46
[dprof]   moe:group            2.07     1.7%         46
[dprof]   moe:w1w3            21.78    18.0%         46
[dprof]   moe:act              1.46     1.2%         46
[dprof]   moe:w2               9.94     8.2%         46
[dprof]   moe:combine          0.54     0.4%         46
[dprof]   moe:shared           0.28     0.2%         46
[dprof]     q:aq(x)            0.40     0.3%         41
[dprof]     q:wq_a             5.42     4.5%         41
[dprof]     q:rms+aq           1.16     1.0%         41
[dprof]     q:wq_b             6.85     5.7%         41
[dprof]     q:tail             0.56     0.5%         41
[dprof]     q:kv_join          0.06     0.0%         41
[dprof]     o:rope             0.25     0.2%         41
[dprof]     o:wo_a             7.79     6.4%         41
[dprof]     o:wo_b             7.42     6.1%         41
[dprof]     i:qidx             1.49     1.2%         21
[dprof]     i:iw               0.46     0.4%         21
[dprof]     i:score            6.56     5.4%         21
[dprof]     i:topk             0.73     0.6%         21
[dprof]       mg:count         0.25     0.2%         46
[dprof]       mg:prefix        0.24     0.2%         46
[dprof]       mg:scatter       0.25     0.2%         46
[dprof]       mg:tiles         0.29     0.2%         46
[dprof] draft:main_kv          0.14     0.1%          1
[dprof] draft:block           12.46    10.3%          1
[dprof] draft:head            10.36     8.6%          1
[dprof] TOTAL                121.03
[dprof] *** INVALID: moe children 38.05 ms > MoE 34.20 ms — marks recorded outside the reported window

[dprof] ctx=12281 VB=2 verify=0 — verify step by sub-op, summed over all layers (1542 marks)
[dprof] phase                    ms        %      calls
[dprof] hc_pre  (attn)         1.82     1.5%         43
[dprof] rmsnorm (attn)         0.78     0.7%         43
[dprof] ATTENTION             68.77    58.4%         43
[dprof] hc_post (attn)         0.36     0.3%         43
[dprof] hc_pre  (ffn)          2.83     2.4%         43
[dprof] rmsnorm (ffn)          0.78     0.7%         43
[dprof] MoE                   36.79    31.2%         43
[dprof] hc_post (ffn)          0.30     0.3%         43
[dprof] kv xin copy            0.24     0.2%         41
[dprof] hc_head+norm           0.03     0.0%          1
[dprof] lm_head                5.13     4.4%          1
[dprof]   attn:q_proj          0.45     0.4%          2
[dprof]   attn:kv_write        0.08     0.1%          2
[dprof]   attn:sparse          0.60     0.5%          2
[dprof]   attn:ogroup          0.72     0.6%          2
[dprof]   cattn:q_proj        10.40     8.8%         41
[dprof]   cattn:compress       0.05     0.0%         41
[dprof]   cattn:indexer        9.49     8.0%         21
[dprof]   cattn:sparse        21.28    18.1%         41
[dprof]   cattn:ogroup        15.84    13.4%         41
[dprof]   moe:router           2.02     1.7%         46
[dprof]   moe:group            2.21     1.9%         46
[dprof]   moe:w1w3            23.61    20.0%         46
[dprof]   moe:act              1.59     1.4%         46
[dprof]   moe:w2              10.56     9.0%         46
[dprof]   moe:combine          0.54     0.5%         46
[dprof]   moe:shared           0.27     0.2%         46
[dprof]     q:aq(x)            0.25     0.2%         41
[dprof]     q:wq_a             1.67     1.4%         41
[dprof]     q:rms+aq           0.60     0.5%         41
[dprof]     q:wq_b             6.90     5.9%         41
[dprof]     q:tail             0.49     0.4%         41
[dprof]     q:kv_join          0.05     0.0%         41
[dprof]     o:rope             0.25     0.2%         41
[dprof]     o:wo_a             7.90     6.7%         41
[dprof]     o:wo_b             7.44     6.3%         41
[dprof]     i:qidx             1.57     1.3%         21
[dprof]     i:iw               0.47     0.4%         21
[dprof]     i:score            6.58     5.6%         21
[dprof]     i:topk             0.73     0.6%         21
[dprof]       mg:count         0.29     0.2%         46
[dprof]       mg:prefix        0.26     0.2%         46
[dprof]       mg:scatter       0.25     0.2%         46
[dprof]       mg:tiles         0.28     0.2%         46
[dprof] draft:main_kv          0.01     0.0%          1
[dprof] draft:block           12.59    10.7%          1
[dprof] draft:head            10.32     8.8%          1
[dprof] TOTAL                117.85
[dprof] *** INVALID: moe children 40.81 ms > MoE 36.79 ms — marks recorded outside the reported window

[dprof] ctx=12289 VB=3 verify=4 — verify step by sub-op, summed over all layers (1542 marks)
[dprof] phase                    ms        %      calls
[dprof] hc_pre  (attn)         2.10     1.6%         43
[dprof] rmsnorm (attn)         0.82     0.6%         43
[dprof] ATTENTION             78.74    58.2%         43
[dprof] hc_post (attn)         0.39     0.3%         43
[dprof] hc_pre  (ffn)          2.87     2.1%         43
[dprof] rmsnorm (ffn)          0.76     0.6%         43
[dprof] MoE                   43.96    32.5%         43
[dprof] hc_post (ffn)          0.35     0.3%         43
[dprof] kv xin copy            0.24     0.2%         41
[dprof] hc_head+norm           0.04     0.0%          1
[dprof] lm_head                4.92     3.6%          1
[dprof]   attn:q_proj          0.46     0.3%          2
[dprof]   attn:kv_write        0.08     0.1%          2
[dprof]   attn:sparse          0.61     0.5%          2
[dprof]   attn:ogroup          0.76     0.6%          2
[dprof]   cattn:q_proj        14.86    11.0%         41
[dprof]   cattn:compress       2.45     1.8%         41
[dprof]   cattn:indexer       12.66     9.4%         21
[dprof]   cattn:sparse        21.44    15.9%         41
[dprof]   cattn:ogroup        16.25    12.0%         41
[dprof]   moe:router           2.01     1.5%         46
[dprof]   moe:group            2.24     1.7%         46
[dprof]   moe:w1w3            27.88    20.6%         46
[dprof]   moe:act              1.54     1.1%         46
[dprof]   moe:w2              13.38     9.9%         46
[dprof]   moe:combine          0.57     0.4%         46
[dprof]   moe:shared           0.30     0.2%         46
[dprof]     q:aq(x)            0.40     0.3%         41
[dprof]     q:wq_a             5.42     4.0%         41
[dprof]     q:rms+aq           1.02     0.8%         41
[dprof]     q:wq_b             6.83     5.1%         41
[dprof]     q:tail             0.59     0.4%         41
[dprof]     q:kv_join          0.07     0.1%         41
[dprof]     o:rope             0.28     0.2%         41
[dprof]     o:wo_a             8.09     6.0%         41
[dprof]     o:wo_b             7.63     5.6%         41
[dprof]     i:qidx             1.63     1.2%         21
[dprof]     i:iw               0.53     0.4%         21
[dprof]     i:score            9.61     7.1%         21
[dprof]     i:topk             0.76     0.6%         21
[dprof]       mg:count         0.28     0.2%         46
[dprof]       mg:prefix        0.25     0.2%         46
[dprof]       mg:scatter       0.26     0.2%         46
[dprof]       mg:tiles         0.29     0.2%         46
[dprof] draft:main_kv          0.14     0.1%          1
[dprof] draft:block           12.48     9.2%          1
[dprof] draft:head            10.31     7.6%          1
[dprof] TOTAL                135.17
[dprof] *** INVALID: moe children 47.91 ms > MoE 43.96 ms — marks recorded outside the reported window

[dprof] ctx=12297 VB=2 verify=8 — verify step by sub-op, summed over all layers (1542 marks)
[dprof] phase                    ms        %      calls
[dprof] hc_pre  (attn)         1.84     1.6%         43
[dprof] rmsnorm (attn)         0.78     0.7%         43
[dprof] ATTENTION             68.51    60.0%         43
[dprof] hc_post (attn)         0.38     0.3%         43
[dprof] hc_pre  (ffn)          2.80     2.5%         43
[dprof] rmsnorm (ffn)          0.80     0.7%         43
[dprof] MoE                   33.77    29.6%         43
[dprof] hc_post (ffn)          0.33     0.3%         43
[dprof] kv xin copy            0.23     0.2%         41
[dprof] hc_head+norm           0.03     0.0%          1
[dprof] lm_head                4.70     4.1%          1
[dprof]   attn:q_proj          0.50     0.4%          2
[dprof]   attn:kv_write        0.08     0.1%          2
[dprof]   attn:sparse          0.61     0.5%          2
[dprof]   attn:ogroup          0.77     0.7%          2
[dprof]   cattn:q_proj        10.37     9.1%         41
[dprof]   cattn:compress       0.05     0.0%         41
[dprof]   cattn:indexer        9.47     8.3%         21
[dprof]   cattn:sparse        21.03    18.4%         41
[dprof]   cattn:ogroup        15.79    13.8%         41
[dprof]   moe:router           2.01     1.8%         46
[dprof]   moe:group            2.23     2.0%         46
[dprof]   moe:w1w3            21.34    18.7%         46
[dprof]   moe:act              1.54     1.4%         46
[dprof]   moe:w2               9.72     8.5%         46
[dprof]   moe:combine          0.53     0.5%         46
[dprof]   moe:shared           0.29     0.3%         46
[dprof]     q:aq(x)            0.28     0.2%         41
[dprof]     q:wq_a             1.68     1.5%         41
[dprof]     q:rms+aq           0.63     0.6%         41
[dprof]     q:wq_b             6.77     5.9%         41
[dprof]     q:tail             0.52     0.5%         41
[dprof]     q:kv_join          0.05     0.0%         41
[dprof]     o:rope             0.24     0.2%         41
[dprof]     o:wo_a             7.86     6.9%         41
[dprof]     o:wo_b             7.46     6.5%         41
[dprof]     i:qidx             1.57     1.4%         21
[dprof]     i:iw               0.47     0.4%         21
[dprof]     i:score            6.58     5.8%         21
[dprof]     i:topk             0.72     0.6%         21
[dprof]       mg:count         0.27     0.2%         46
[dprof]       mg:prefix        0.27     0.2%         46
[dprof]       mg:scatter       0.27     0.2%         46
[dprof]       mg:tiles         0.29     0.3%         46
[dprof] draft:main_kv          0.14     0.1%          1
[dprof] draft:block           12.43    10.9%          1
[dprof] draft:head            10.18     8.9%          1
[dprof] TOTAL                114.18
[dprof] *** INVALID: moe children 37.67 ms > MoE 33.77 ms — marks recorded outside the reported window

[dprof] ctx=12307 VB=2 verify=12 — verify step by sub-op, summed over all layers (1542 marks)
[dprof] phase                    ms        %      calls
[dprof] hc_pre  (attn)         1.86     1.5%         43
[dprof] rmsnorm (attn)         0.79     0.6%         43
[dprof] ATTENTION             75.13    61.5%         43
[dprof] hc_post (attn)         0.36     0.3%         43
[dprof] hc_pre  (ffn)          2.86     2.3%         43
[dprof] rmsnorm (ffn)          0.80     0.7%         43
[dprof] MoE                   34.98    28.6%         43
[dprof] hc_post (ffn)          0.30     0.2%         43
[dprof] kv xin copy            0.23     0.2%         41
[dprof] hc_head+norm           0.03     0.0%          1
[dprof] lm_head                4.80     3.9%          1
[dprof]   attn:q_proj          0.46     0.4%          2
[dprof]   attn:kv_write        0.08     0.1%          2
[dprof]   attn:sparse          0.60     0.5%          2
[dprof]   attn:ogroup          0.76     0.6%          2
[dprof]   cattn:q_proj        15.27    12.5%         41
[dprof]   cattn:compress       2.52     2.1%         41
[dprof]   cattn:indexer        9.50     7.8%         21
[dprof]   cattn:sparse        21.07    17.3%         41
[dprof]   cattn:ogroup        15.68    12.8%         41
[dprof]   moe:router           2.01     1.6%         46
[dprof]   moe:group            2.25     1.8%         46
[dprof]   moe:w1w3            22.39    18.3%         46
[dprof]   moe:act              1.46     1.2%         46
[dprof]   moe:w2              10.12     8.3%         46
[dprof]   moe:combine          0.54     0.4%         46
[dprof]   moe:shared           0.27     0.2%         46
[dprof]     q:aq(x)            0.31     0.3%         41
[dprof]     q:wq_a             5.87     4.8%         41
[dprof]     q:rms+aq           1.10     0.9%         41
[dprof]     q:wq_b             6.93     5.7%         41
[dprof]     q:tail             0.51     0.4%         41
[dprof]     q:kv_join          0.06     0.1%         41
[dprof]     o:rope             0.26     0.2%         41
[dprof]     o:wo_a             7.84     6.4%         41
[dprof]     o:wo_b             7.35     6.0%         41
[dprof]     i:qidx             1.53     1.3%         21
[dprof]     i:iw               0.46     0.4%         21
[dprof]     i:score            6.57     5.4%         21
[dprof]     i:topk             0.76     0.6%         21
[dprof]       mg:count         0.28     0.2%         46
[dprof]       mg:prefix        0.27     0.2%         46
[dprof]       mg:scatter       0.28     0.2%         46
[dprof]       mg:tiles         0.31     0.3%         46
[dprof] draft:main_kv          0.14     0.1%          1
[dprof] draft:block           12.64    10.3%          1
[dprof] draft:head            10.24     8.4%          1
[dprof] TOTAL                122.12
[dprof] *** INVALID: moe children 39.04 ms > MoE 34.98 ms — marks recorded outside the reported window

[dprof] ctx=12311 VB=3 verify=16 — verify step by sub-op, summed over all layers (1542 marks)
[dprof] phase                    ms        %      calls
[dprof] hc_pre  (attn)         2.10     1.5%         43
[dprof] rmsnorm (attn)         0.81     0.6%         43
[dprof] ATTENTION             79.16    57.5%         43
[dprof] hc_post (attn)         0.37     0.3%         43
[dprof] hc_pre  (ffn)          2.87     2.1%         43
[dprof] rmsnorm (ffn)          0.78     0.6%         43
[dprof] MoE                   46.10    33.5%         43
[dprof] hc_post (ffn)          0.34     0.2%         43
[dprof] kv xin copy            0.24     0.2%         41
[dprof] hc_head+norm           0.04     0.0%          1
[dprof] lm_head                4.97     3.6%          1
[dprof]   attn:q_proj          0.46     0.3%          2
[dprof]   attn:kv_write        0.08     0.1%          2
[dprof]   attn:sparse          0.61     0.4%          2
[dprof]   attn:ogroup          0.75     0.5%          2
[dprof]   cattn:q_proj        15.19    11.0%         41
[dprof]   cattn:compress       2.48     1.8%         41
[dprof]   cattn:indexer       12.76     9.3%         21
[dprof]   cattn:sparse        21.59    15.7%         41
[dprof]   cattn:ogroup        16.15    11.7%         41
[dprof]   moe:router           1.99     1.4%         46
[dprof]   moe:group            2.28     1.7%         46
[dprof]   moe:w1w3            29.52    21.4%         46
[dprof]   moe:act              1.61     1.2%         46
[dprof]   moe:w2              13.91    10.1%         46
[dprof]   moe:combine          0.54     0.4%         46
[dprof]   moe:shared           0.30     0.2%         46
[dprof]     q:aq(x)            0.40     0.3%         41
[dprof]     q:wq_a             5.81     4.2%         41
[dprof]     q:rms+aq           0.98     0.7%         41
[dprof]     q:wq_b             6.87     5.0%         41
[dprof]     q:tail             0.58     0.4%         41
[dprof]     q:kv_join          0.06     0.0%         41
[dprof]     o:rope             0.27     0.2%         41
[dprof]     o:wo_a             8.06     5.9%         41
[dprof]     o:wo_b             7.57     5.5%         41
[dprof]     i:qidx             1.64     1.2%         21
[dprof]     i:iw               0.57     0.4%         21
[dprof]     i:score            9.63     7.0%         21
[dprof]     i:topk             0.78     0.6%         21
[dprof]       mg:count         0.28     0.2%         46
[dprof]       mg:prefix        0.27     0.2%         46
[dprof]       mg:scatter       0.26     0.2%         46
[dprof]       mg:tiles         0.30     0.2%         46
[dprof] draft:main_kv          0.14     0.1%          1
[dprof] draft:block           12.51     9.1%          1
[dprof] draft:head            10.35     7.5%          1
[dprof] TOTAL                137.77
[dprof] *** INVALID: moe children 50.16 ms > MoE 46.10 ms — marks recorded outside the reported window

[dprof] ctx=12319 VB=2 verify=20 — verify step by sub-op, summed over all layers (1542 marks)
[dprof] phase                    ms        %      calls
[dprof] hc_pre  (attn)         1.83     1.5%         43
[dprof] rmsnorm (attn)         0.78     0.7%         43
[dprof] ATTENTION             74.66    62.8%         43
[dprof] hc_post (attn)         0.35     0.3%         43
[dprof] hc_pre  (ffn)          2.81     2.4%         43
[dprof] rmsnorm (ffn)          0.78     0.7%         43
[dprof] MoE                   32.43    27.3%         43
[dprof] hc_post (ffn)          0.31     0.3%         43
[dprof] kv xin copy            0.25     0.2%         41
[dprof] hc_head+norm           0.03     0.0%          1
[dprof] lm_head                4.70     3.9%          1
[dprof]   attn:q_proj          0.45     0.4%          2
[dprof]   attn:kv_write        0.08     0.1%          2
[dprof]   attn:sparse          0.60     0.5%          2
[dprof]   attn:ogroup          0.73     0.6%          2
[dprof]   cattn:q_proj        15.01    12.6%         41
[dprof]   cattn:compress       2.52     2.1%         41
[dprof]   cattn:indexer        9.40     7.9%         21
[dprof]   cattn:sparse        20.85    17.5%         41
[dprof]   cattn:ogroup        15.92    13.4%         41
[dprof]   moe:router           2.05     1.7%         46
[dprof]   moe:group            2.11     1.8%         46
[dprof]   moe:w1w3            20.44    17.2%         46
[dprof]   moe:act              1.54     1.3%         46
[dprof]   moe:w2               9.34     7.9%         46
[dprof]   moe:combine          0.55     0.5%         46
[dprof]   moe:shared           0.27     0.2%         46
[dprof]     q:aq(x)            0.30     0.2%         41
[dprof]     q:wq_a             5.81     4.9%         41
[dprof]     q:rms+aq           1.07     0.9%         41
[dprof]     q:wq_b             6.76     5.7%         41
[dprof]     q:tail             0.53     0.4%         41
[dprof]     q:kv_join          0.06     0.0%         41
[dprof]     o:rope             0.28     0.2%         41
[dprof]     o:wo_a             7.92     6.7%         41
[dprof]     o:wo_b             7.45     6.3%         41
[dprof]     i:qidx             1.51     1.3%         21
[dprof]     i:iw               0.46     0.4%         21
[dprof]     i:score            6.56     5.5%         21
[dprof]     i:topk             0.73     0.6%         21
[dprof]       mg:count         0.27     0.2%         46
[dprof]       mg:prefix        0.25     0.2%         46
[dprof]       mg:scatter       0.24     0.2%         46
[dprof]       mg:tiles         0.29     0.2%         46
[dprof] draft:main_kv          0.14     0.1%          1
[dprof] draft:block           12.54    10.5%          1
[dprof] draft:head            10.33     8.7%          1
[dprof] TOTAL                118.93
[dprof] *** INVALID: moe children 36.31 ms > MoE 32.43 ms — marks recorded outside the reported window

[dprof] ctx=12324 VB=2 verify=24 — verify step by sub-op, summed over all layers (1542 marks)
[dprof] phase                    ms        %      calls
[dprof] hc_pre  (attn)         1.83     1.6%         43
[dprof] rmsnorm (attn)         0.80     0.7%         43
[dprof] ATTENTION             68.36    59.4%         43
[dprof] hc_post (attn)         0.37     0.3%         43
[dprof] hc_pre  (ffn)          2.81     2.4%         43
[dprof] rmsnorm (ffn)          0.79     0.7%         43
[dprof] MoE                   34.44    29.9%         43
[dprof] hc_post (ffn)          0.33     0.3%         43
[dprof] kv xin copy            0.24     0.2%         41
[dprof] hc_head+norm           0.04     0.0%          1
[dprof] lm_head                5.15     4.5%          1
[dprof]   attn:q_proj          0.48     0.4%          2
[dprof]   attn:kv_write        0.08     0.1%          2
[dprof]   attn:sparse          0.61     0.5%          2
[dprof]   attn:ogroup          0.77     0.7%          2
[dprof]   cattn:q_proj        10.38     9.0%         41
[dprof]   cattn:compress       0.05     0.0%         41
[dprof]   cattn:indexer        9.46     8.2%         21
[dprof]   cattn:sparse        20.99    18.2%         41
[dprof]   cattn:ogroup        15.70    13.6%         41
[dprof]   moe:router           2.01     1.7%         46
[dprof]   moe:group            2.17     1.9%         46
[dprof]   moe:w1w3            21.99    19.1%         46
[dprof]   moe:act              1.47     1.3%         46
[dprof]   moe:w2               9.87     8.6%         46
[dprof]   moe:combine          0.53     0.5%         46
[dprof]   moe:shared           0.28     0.2%         46
[dprof]     q:aq(x)            0.27     0.2%         41
[dprof]     q:wq_a             1.70     1.5%         41
[dprof]     q:rms+aq           0.63     0.5%         41
[dprof]     q:wq_b             6.76     5.9%         41
[dprof]     q:tail             0.51     0.4%         41
[dprof]     q:kv_join          0.05     0.0%         41
[dprof]     o:rope             0.27     0.2%         41
[dprof]     o:wo_a             7.77     6.7%         41
[dprof]     o:wo_b             7.42     6.4%         41
[dprof]     i:qidx             1.54     1.3%         21
[dprof]     i:iw               0.45     0.4%         21
[dprof]     i:score            6.58     5.7%         21
[dprof]     i:topk             0.74     0.6%         21
[dprof]       mg:count         0.28     0.2%         46
[dprof]       mg:prefix        0.27     0.2%         46
[dprof]       mg:scatter       0.27     0.2%         46
[dprof]       mg:tiles         0.25     0.2%         46
[dprof] draft:main_kv          0.14     0.1%          1
[dprof] draft:block           12.39    10.8%          1
[dprof] draft:head            10.23     8.9%          1
[dprof] TOTAL                115.15
[dprof] *** INVALID: moe children 38.32 ms > MoE 34.44 ms — marks recorded outside the reported window

[dprof] ctx=12329 VB=2 verify=28 — verify step by sub-op, summed over all layers (1542 marks)
[dprof] phase                    ms        %      calls
[dprof] hc_pre  (attn)         1.87     1.6%         43
[dprof] rmsnorm (attn)         0.79     0.7%         43
[dprof] ATTENTION             68.65    59.2%         43
[dprof] hc_post (attn)         0.37     0.3%         43
[dprof] hc_pre  (ffn)          2.83     2.4%         43
[dprof] rmsnorm (ffn)          0.79     0.7%         43
[dprof] MoE                   35.06    30.2%         43
[dprof] hc_post (ffn)          0.33     0.3%         43
[dprof] kv xin copy            0.25     0.2%         41
[dprof] hc_head+norm           0.03     0.0%          1
[dprof] lm_head                5.00     4.3%          1
[dprof]   attn:q_proj          0.45     0.4%          2
[dprof]   attn:kv_write        0.09     0.1%          2
[dprof]   attn:sparse          0.61     0.5%          2
[dprof]   attn:ogroup          0.77     0.7%          2
[dprof]   cattn:q_proj        10.48     9.0%         41
[dprof]   cattn:compress       0.05     0.0%         41
[dprof]   cattn:indexer        9.45     8.2%         21
[dprof]   cattn:sparse        21.08    18.2%         41
[dprof]   cattn:ogroup        15.78    13.6%         41
[dprof]   moe:router           2.04     1.8%         46
[dprof]   moe:group            2.21     1.9%         46
[dprof]   moe:w1w3            22.35    19.3%         46
[dprof]   moe:act              1.53     1.3%         46
[dprof]   moe:w2              10.07     8.7%         46
[dprof]   moe:combine          0.56     0.5%         46
[dprof]   moe:shared           0.26     0.2%         46
[dprof]     q:aq(x)            0.27     0.2%         41
[dprof]     q:wq_a             1.70     1.5%         41
[dprof]     q:rms+aq           0.62     0.5%         41
[dprof]     q:wq_b             6.84     5.9%         41
[dprof]     q:tail             0.52     0.4%         41
[dprof]     q:kv_join          0.06     0.1%         41
[dprof]     o:rope             0.26     0.2%         41
[dprof]     o:wo_a             7.77     6.7%         41
[dprof]     o:wo_b             7.50     6.5%         41
[dprof]     i:qidx             1.56     1.3%         21
[dprof]     i:iw               0.45     0.4%         21
[dprof]     i:score            6.56     5.7%         21
[dprof]     i:topk             0.76     0.7%         21
[dprof]       mg:count         0.27     0.2%         46
[dprof]       mg:prefix        0.26     0.2%         46
[dprof]       mg:scatter       0.27     0.2%         46
[dprof]       mg:tiles         0.29     0.3%         46
[dprof] draft:main_kv          0.14     0.1%          1
[dprof] draft:block           12.49    10.8%          1
[dprof] draft:head            10.24     8.8%          1
[dprof] TOTAL                115.97
[dprof] *** INVALID: moe children 39.02 ms > MoE 35.06 ms — marks recorded outside the reported window

[dprof] ctx=12338 VB=2 verify=32 — verify step by sub-op, summed over all layers (1542 marks)
[dprof] phase                    ms        %      calls
[dprof] hc_pre  (attn)         1.83     1.5%         43
[dprof] rmsnorm (attn)         0.81     0.7%         43
[dprof] ATTENTION             74.05    62.0%         43
[dprof] hc_post (attn)         0.34     0.3%         43
[dprof] hc_pre  (ffn)          2.80     2.3%         43
[dprof] rmsnorm (ffn)          0.78     0.7%         43
[dprof] MoE                   33.17    27.8%         43
[dprof] hc_post (ffn)          0.33     0.3%         43
[dprof] kv xin copy            0.25     0.2%         41
[dprof] hc_head+norm           0.03     0.0%          1
[dprof] lm_head                5.10     4.3%          1
[dprof]   attn:q_proj          0.45     0.4%          2
[dprof]   attn:kv_write        0.08     0.1%          2
[dprof]   attn:sparse          0.60     0.5%          2
[dprof]   attn:ogroup          0.72     0.6%          2
[dprof]   cattn:q_proj        14.84    12.4%         41
[dprof]   cattn:compress       2.50     2.1%         41
[dprof]   cattn:indexer        9.46     7.9%         21
[dprof]   cattn:sparse        20.87    17.5%         41
[dprof]   cattn:ogroup        15.44    12.9%         41
[dprof]   moe:router           2.00     1.7%         46
[dprof]   moe:group            2.10     1.8%         46
[dprof]   moe:w1w3            20.99    17.6%         46
[dprof]   moe:act              1.52     1.3%         46
[dprof]   moe:w2               9.67     8.1%         46
[dprof]   moe:combine          0.56     0.5%         46
[dprof]   moe:shared           0.32     0.3%         46
[dprof]     q:aq(x)            0.75     0.6%         41
[dprof]     q:wq_a             5.07     4.2%         41
[dprof]     q:rms+aq           1.07     0.9%         41
[dprof]     q:wq_b             6.84     5.7%         41
[dprof]     q:tail             0.53     0.4%         41
[dprof]     q:kv_join          0.06     0.1%         41
[dprof]     o:rope             0.26     0.2%         41
[dprof]     o:wo_a             7.66     6.4%         41
[dprof]     o:wo_b             7.30     6.1%         41
[dprof]     i:qidx             1.51     1.3%         21
[dprof]     i:iw               0.45     0.4%         21
[dprof]     i:score            6.59     5.5%         21
[dprof]     i:topk             0.78     0.6%         21
[dprof]       mg:count         0.27     0.2%         46
[dprof]       mg:prefix        0.24     0.2%         46
[dprof]       mg:scatter       0.25     0.2%         46
[dprof]       mg:tiles         0.29     0.2%         46
[dprof] draft:main_kv          0.16     0.1%          1
[dprof] draft:block           12.52    10.5%          1
[dprof] draft:head            10.27     8.6%          1
[dprof] TOTAL                119.48
[dprof] *** INVALID: moe children 37.15 ms > MoE 33.17 ms — marks recorded outside the reported window

[dprof] ctx=12346 VB=3 verify=36 — verify step by sub-op, summed over all layers (1542 marks)
[dprof] phase                    ms        %      calls
[dprof] hc_pre  (attn)         2.10     1.5%         43
[dprof] rmsnorm (attn)         0.77     0.6%         43
[dprof] ATTENTION             78.97    58.1%         43
[dprof] hc_post (attn)         0.39     0.3%         43
[dprof] hc_pre  (ffn)          2.85     2.1%         43
[dprof] rmsnorm (ffn)          0.76     0.6%         43
[dprof] MoE                   44.51    32.7%         43
[dprof] hc_post (ffn)          0.37     0.3%         43
[dprof] kv xin copy            0.24     0.2%         41
[dprof] hc_head+norm           0.03     0.0%          1
[dprof] lm_head                5.00     3.7%          1
[dprof]   attn:q_proj          0.45     0.3%          2
[dprof]   attn:kv_write        0.08     0.1%          2
[dprof]   attn:sparse          0.63     0.5%          2
[dprof]   attn:ogroup          0.78     0.6%          2
[dprof]   cattn:q_proj        15.02    11.0%         41
[dprof]   cattn:compress       2.45     1.8%         41
[dprof]   cattn:indexer       12.75     9.4%         21
[dprof]   cattn:sparse        21.37    15.7%         41
[dprof]   cattn:ogroup        16.14    11.9%         41
[dprof]   moe:router           2.00     1.5%         46
[dprof]   moe:group            2.20     1.6%         46
[dprof]   moe:w1w3            28.39    20.9%         46
[dprof]   moe:act              1.52     1.1%         46
[dprof]   moe:w2              13.60    10.0%         46
[dprof]   moe:combine          0.56     0.4%         46
[dprof]   moe:shared           0.31     0.2%         46
[dprof]     q:aq(x)            0.30     0.2%         41
[dprof]     q:wq_a             5.65     4.2%         41
[dprof]     q:rms+aq           1.03     0.8%         41
[dprof]     q:wq_b             6.93     5.1%         41
[dprof]     q:tail             0.57     0.4%         41
[dprof]     q:kv_join          0.06     0.0%         41
[dprof]     o:rope             0.29     0.2%         41
[dprof]     o:wo_a             7.98     5.9%         41
[dprof]     o:wo_b             7.57     5.6%         41
[dprof]     i:qidx             1.62     1.2%         21
[dprof]     i:iw               0.55     0.4%         21
[dprof]     i:score            9.62     7.1%         21
[dprof]     i:topk             0.81     0.6%         21
[dprof]       mg:count         0.28     0.2%         46
[dprof]       mg:prefix        0.24     0.2%         46
[dprof]       mg:scatter       0.24     0.2%         46
[dprof]       mg:tiles         0.29     0.2%         46
[dprof] draft:main_kv          0.14     0.1%          1
[dprof] draft:block           12.59     9.3%          1
[dprof] draft:head            10.25     7.5%          1
[dprof] TOTAL                135.99
[dprof] *** INVALID: moe children 48.57 ms > MoE 44.51 ms — marks recorded outside the reported window

[dprof] ctx=12354 VB=3 verify=40 — verify step by sub-op, summed over all layers (1542 marks)
[dprof] phase                    ms        %      calls
[dprof] hc_pre  (attn)         2.15     1.6%         43
[dprof] rmsnorm (attn)         0.80     0.6%         43
[dprof] ATTENTION             78.86    57.5%         43
[dprof] hc_post (attn)         0.39     0.3%         43
[dprof] hc_pre  (ffn)          2.87     2.1%         43
[dprof] rmsnorm (ffn)          0.75     0.5%         43
[dprof] MoE                   45.71    33.3%         43
[dprof] hc_post (ffn)          0.38     0.3%         43
[dprof] kv xin copy            0.25     0.2%         41
[dprof] hc_head+norm           0.03     0.0%          1
[dprof] lm_head                4.97     3.6%          1
[dprof]   attn:q_proj          0.50     0.4%          2
[dprof]   attn:kv_write        0.09     0.1%          2
[dprof]   attn:sparse          0.62     0.4%          2
[dprof]   attn:ogroup          0.75     0.5%          2
[dprof]   cattn:q_proj        14.88    10.8%         41
[dprof]   cattn:compress       2.49     1.8%         41
[dprof]   cattn:indexer       12.70     9.3%         21
[dprof]   cattn:sparse        21.50    15.7%         41
[dprof]   cattn:ogroup        16.03    11.7%         41
[dprof]   moe:router           2.00     1.5%         46
[dprof]   moe:group            2.26     1.6%         46
[dprof]   moe:w1w3            29.14    21.2%         46
[dprof]   moe:act              1.60     1.2%         46
[dprof]   moe:w2              13.82    10.1%         46
[dprof]   moe:combine          0.57     0.4%         46
[dprof]   moe:shared           0.30     0.2%         46
[dprof]     q:aq(x)            0.41     0.3%         41
[dprof]     q:wq_a             5.48     4.0%         41
[dprof]     q:rms+aq           1.02     0.7%         41
[dprof]     q:wq_b             6.81     5.0%         41
[dprof]     q:tail             0.59     0.4%         41
[dprof]     q:kv_join          0.06     0.0%         41
[dprof]     o:rope             0.26     0.2%         41
[dprof]     o:wo_a             7.97     5.8%         41
[dprof]     o:wo_b             7.56     5.5%         41
[dprof]     i:qidx             1.64     1.2%         21
[dprof]     i:iw               0.57     0.4%         21
[dprof]     i:score            9.62     7.0%         21
[dprof]     i:topk             0.73     0.5%         21
[dprof]       mg:count         0.27     0.2%         46
[dprof]       mg:prefix        0.24     0.2%         46
[dprof]       mg:scatter       0.26     0.2%         46
[dprof]       mg:tiles         0.29     0.2%         46
[dprof] draft:main_kv          0.14     0.1%          1
[dprof] draft:block           12.60     9.2%          1
[dprof] draft:head            10.25     7.5%          1
[dprof] TOTAL                137.16
[dprof] *** INVALID: moe children 49.69 ms > MoE 45.71 ms — marks recorded outside the reported window

[dprof] ctx=12361 VB=4 verify=44 — verify step by sub-op, summed over all layers (1542 marks)
[dprof] phase                    ms        %      calls
[dprof] hc_pre  (attn)         2.37     1.6%         43
[dprof] rmsnorm (attn)         0.77     0.5%         43
[dprof] ATTENTION             84.57    56.3%         43
[dprof] hc_post (attn)         0.42     0.3%         43
[dprof] hc_pre  (ffn)          3.04     2.0%         43
[dprof] rmsnorm (ffn)          0.77     0.5%         43
[dprof] MoE                   52.30    34.8%         43
[dprof] hc_post (ffn)          0.36     0.2%         43
[dprof] kv xin copy            0.25     0.2%         41
[dprof] hc_head+norm           0.04     0.0%          1
[dprof] lm_head                5.44     3.6%          1
[dprof]   attn:q_proj          0.47     0.3%          2
[dprof]   attn:kv_write        0.08     0.1%          2
[dprof]   attn:sparse          0.62     0.4%          2
[dprof]   attn:ogroup          0.86     0.6%          2
[dprof]   cattn:q_proj        15.14    10.1%         41
[dprof]   cattn:compress       2.46     1.6%         41
[dprof]   cattn:indexer       16.17    10.8%         21
[dprof]   cattn:sparse        22.12    14.7%         41
[dprof]   cattn:ogroup        17.33    11.5%         41
[dprof]   moe:router           2.02     1.3%         46
[dprof]   moe:group            2.26     1.5%         46
[dprof]   moe:w1w3            33.05    22.0%         46
[dprof]   moe:act              1.52     1.0%         46
[dprof]   moe:w2              16.48    11.0%         46
[dprof]   moe:combine          0.64     0.4%         46
[dprof]   moe:shared           0.30     0.2%         46
[dprof]     q:aq(x)            0.42     0.3%         41
[dprof]     q:wq_a             5.53     3.7%         41
[dprof]     q:rms+aq           0.98     0.7%         41
[dprof]     q:wq_b             7.03     4.7%         41
[dprof]     q:tail             0.60     0.4%         41
[dprof]     q:kv_join          0.06     0.0%         41
[dprof]     o:rope             0.31     0.2%         41
[dprof]     o:wo_a             8.92     5.9%         41
[dprof]     o:wo_b             7.85     5.2%         41
[dprof]     i:qidx             1.76     1.2%         21
[dprof]     i:iw               0.64     0.4%         21
[dprof]     i:score           12.82     8.5%         21
[dprof]     i:topk             0.80     0.5%         21
[dprof]       mg:count         0.24     0.2%         46
[dprof]       mg:prefix        0.27     0.2%         46
[dprof]       mg:scatter       0.24     0.2%         46
[dprof]       mg:tiles         0.29     0.2%         46
[dprof] draft:main_kv          0.14     0.1%          1
[dprof] draft:block           12.53     8.3%          1
[dprof] draft:head            10.25     6.8%          1
[dprof] TOTAL                150.31
[dprof] *** INVALID: moe children 56.27 ms > MoE 52.30 ms — marks recorded outside the reported window

[dprof] ctx=12368 VB=2 verify=48 — verify step by sub-op, summed over all layers (1542 marks)
[dprof] phase                    ms        %      calls
[dprof] hc_pre  (attn)         1.83     1.6%         43
[dprof] rmsnorm (attn)         0.80     0.7%         43
[dprof] ATTENTION             68.42    59.6%         43
[dprof] hc_post (attn)         0.34     0.3%         43
[dprof] hc_pre  (ffn)          2.81     2.4%         43
[dprof] rmsnorm (ffn)          0.75     0.7%         43
[dprof] MoE                   34.30    29.9%         43
[dprof] hc_post (ffn)          0.31     0.3%         43
[dprof] kv xin copy            0.23     0.2%         41
[dprof] hc_head+norm           0.03     0.0%          1
[dprof] lm_head                5.05     4.4%          1
[dprof]   attn:q_proj          0.45     0.4%          2
[dprof]   attn:kv_write        0.08     0.1%          2
[dprof]   attn:sparse          0.60     0.5%          2
[dprof]   attn:ogroup          0.74     0.6%          2
[dprof]   cattn:q_proj        10.38     9.0%         41
[dprof]   cattn:compress       0.07     0.1%         41
[dprof]   cattn:indexer        9.55     8.3%         21
[dprof]   cattn:sparse        21.16    18.4%         41
[dprof]   cattn:ogroup        15.70    13.7%         41
[dprof]   moe:router           2.01     1.7%         46
[dprof]   moe:group            2.18     1.9%         46
[dprof]   moe:w1w3            21.79    19.0%         46
[dprof]   moe:act              1.54     1.3%         46
[dprof]   moe:w2               9.92     8.6%         46
[dprof]   moe:combine          0.54     0.5%         46
[dprof]   moe:shared           0.28     0.2%         46
[dprof]     q:aq(x)            0.28     0.2%         41
[dprof]     q:wq_a             1.67     1.5%         41
[dprof]     q:rms+aq           0.59     0.5%         41
[dprof]     q:wq_b             6.81     5.9%         41
[dprof]     q:tail             0.52     0.5%         41
[dprof]     q:kv_join          0.05     0.0%         41
[dprof]     o:rope             0.25     0.2%         41
[dprof]     o:wo_a             7.75     6.7%         41
[dprof]     o:wo_b             7.46     6.5%         41
[dprof]     i:qidx             1.57     1.4%         21
[dprof]     i:iw               0.47     0.4%         21
[dprof]     i:score            6.60     5.7%         21
[dprof]     i:topk             0.74     0.6%         21
[dprof]       mg:count         0.27     0.2%         46
[dprof]       mg:prefix        0.28     0.2%         46
[dprof]       mg:scatter       0.26     0.2%         46
[dprof]       mg:tiles         0.26     0.2%         46
[dprof] draft:main_kv          0.14     0.1%          1
[dprof] draft:block           12.55    10.9%          1
[dprof] draft:head            10.24     8.9%          1
[dprof] TOTAL                114.88
[dprof] *** INVALID: moe children 38.26 ms > MoE 34.30 ms — marks recorded outside the reported window

[dprof] ctx=12375 VB=4 verify=52 — verify step by sub-op, summed over all layers (1542 marks)
[dprof] phase                    ms        %      calls
[dprof] hc_pre  (attn)         2.35     1.5%         43
[dprof] rmsnorm (attn)         0.79     0.5%         43
[dprof] ATTENTION             84.96    55.7%         43
[dprof] hc_post (attn)         0.43     0.3%         43
[dprof] hc_pre  (ffn)          2.99     2.0%         43
[dprof] rmsnorm (ffn)          0.74     0.5%         43
[dprof] MoE                   54.28    35.6%         43
[dprof] hc_post (ffn)          0.37     0.2%         43
[dprof] kv xin copy            0.27     0.2%         41
[dprof] hc_head+norm           0.04     0.0%          1
[dprof] lm_head                5.32     3.5%          1
[dprof]   attn:q_proj          0.53     0.3%          2
[dprof]   attn:kv_write        0.11     0.1%          2
[dprof]   attn:sparse          0.63     0.4%          2
[dprof]   attn:ogroup          0.82     0.5%          2
[dprof]   cattn:q_proj        15.38    10.1%         41
[dprof]   cattn:compress       2.50     1.6%         41
[dprof]   cattn:indexer       16.16    10.6%         21
[dprof]   cattn:sparse        22.15    14.5%         41
[dprof]   cattn:ogroup        17.40    11.4%         41
[dprof]   moe:router           2.03     1.3%         46
[dprof]   moe:group            2.23     1.5%         46
[dprof]   moe:w1w3            34.62    22.7%         46
[dprof]   moe:act              1.73     1.1%         46
[dprof]   moe:w2              16.79    11.0%         46
[dprof]   moe:combine          0.66     0.4%         46
[dprof]   moe:shared           0.32     0.2%         46
[dprof]     q:aq(x)            0.44     0.3%         41
[dprof]     q:wq_a             5.87     3.8%         41
[dprof]     q:rms+aq           0.96     0.6%         41
[dprof]     q:wq_b             6.93     4.5%         41
[dprof]     q:tail             0.63     0.4%         41
[dprof]     q:kv_join          0.06     0.0%         41
[dprof]     o:rope             0.28     0.2%         41
[dprof]     o:wo_a             9.00     5.9%         41
[dprof]     o:wo_b             7.88     5.2%         41
[dprof]     i:qidx             1.77     1.2%         21
[dprof]     i:iw               0.62     0.4%         21
[dprof]     i:score           12.82     8.4%         21
[dprof]     i:topk             0.79     0.5%         21
[dprof]       mg:count         0.23     0.2%         46
[dprof]       mg:prefix        0.25     0.2%         46
[dprof]       mg:scatter       0.24     0.2%         46
[dprof]       mg:tiles         0.29     0.2%         46
[dprof] draft:main_kv          0.14     0.1%          1
[dprof] draft:block           12.60     8.3%          1
[dprof] draft:head            10.23     6.7%          1
[dprof] TOTAL                152.54
[dprof] *** INVALID: moe children 58.37 ms > MoE 54.28 ms — marks recorded outside the reported window

[dprof] ctx=12386 VB=3 verify=56 — verify step by sub-op, summed over all layers (1542 marks)
[dprof] phase                    ms        %      calls
[dprof] hc_pre  (attn)         2.12     1.5%         43
[dprof] rmsnorm (attn)         0.83     0.6%         43
[dprof] ATTENTION             79.77    57.8%         43
[dprof] hc_post (attn)         0.40     0.3%         43
[dprof] hc_pre  (ffn)          2.87     2.1%         43
[dprof] rmsnorm (ffn)          0.76     0.6%         43
[dprof] MoE                   45.91    33.3%         43
[dprof] hc_post (ffn)          0.34     0.2%         43
[dprof] kv xin copy            0.24     0.2%         41
[dprof] hc_head+norm           0.03     0.0%          1
[dprof] lm_head                4.74     3.4%          1
[dprof]   attn:q_proj          0.49     0.4%          2
[dprof]   attn:kv_write        0.09     0.1%          2
[dprof]   attn:sparse          0.61     0.4%          2
[dprof]   attn:ogroup          0.81     0.6%          2
[dprof]   cattn:q_proj        14.86    10.8%         41
[dprof]   cattn:compress       2.48     1.8%         41
[dprof]   cattn:indexer       12.86     9.3%         21
[dprof]   cattn:sparse        21.90    15.9%         41
[dprof]   cattn:ogroup        16.32    11.8%         41
[dprof]   moe:router           2.01     1.5%         46
[dprof]   moe:group            2.22     1.6%         46
[dprof]   moe:w1w3            29.41    21.3%         46
[dprof]   moe:act              1.48     1.1%         46
[dprof]   moe:w2              14.02    10.2%         46
[dprof]   moe:combine          0.64     0.5%         46
[dprof]   moe:shared           0.32     0.2%         46
[dprof]     q:aq(x)            0.53     0.4%         41
[dprof]     q:wq_a             5.40     3.9%         41
[dprof]     q:rms+aq           0.98     0.7%         41
[dprof]     q:wq_b             6.84     5.0%         41
[dprof]     q:tail             0.56     0.4%         41
[dprof]     q:kv_join          0.06     0.0%         41
[dprof]     o:rope             0.27     0.2%         41
[dprof]     o:wo_a             8.13     5.9%         41
[dprof]     o:wo_b             7.68     5.6%         41
[dprof]     i:qidx             1.66     1.2%         21
[dprof]     i:iw               0.54     0.4%         21
[dprof]     i:score            9.74     7.1%         21
[dprof]     i:topk             0.79     0.6%         21
[dprof]       mg:count         0.26     0.2%         46
[dprof]       mg:prefix        0.27     0.2%         46
[dprof]       mg:scatter       0.25     0.2%         46
[dprof]       mg:tiles         0.30     0.2%         46
[dprof] draft:main_kv          0.14     0.1%          1
[dprof] draft:block           12.73     9.2%          1
[dprof] draft:head            10.23     7.4%          1
[dprof] TOTAL                138.01
[dprof] *** INVALID: moe children 50.11 ms > MoE 45.91 ms — marks recorded outside the reported window

[dprof] ctx=12397 VB=2 verify=60 — verify step by sub-op, summed over all layers (1542 marks)
[dprof] phase                    ms        %      calls
[dprof] hc_pre  (attn)         1.84     1.6%         43
[dprof] rmsnorm (attn)         0.77     0.7%         43
[dprof] ATTENTION             68.25    60.5%         43
[dprof] hc_post (attn)         0.35     0.3%         43
[dprof] hc_pre  (ffn)          2.85     2.5%         43
[dprof] rmsnorm (ffn)          0.78     0.7%         43
[dprof] MoE                   32.61    28.9%         43
[dprof] hc_post (ffn)          0.32     0.3%         43
[dprof] kv xin copy            0.22     0.2%         41
[dprof] hc_head+norm           0.03     0.0%          1
[dprof] lm_head                4.71     4.2%          1
[dprof]   attn:q_proj          0.45     0.4%          2
[dprof]   attn:kv_write        0.08     0.1%          2
[dprof]   attn:sparse          0.60     0.5%          2
[dprof]   attn:ogroup          0.73     0.6%          2
[dprof]   cattn:q_proj        10.29     9.1%         41
[dprof]   cattn:compress       0.06     0.1%         41
[dprof]   cattn:indexer        9.47     8.4%         21
[dprof]   cattn:sparse        21.00    18.6%         41
[dprof]   cattn:ogroup        15.56    13.8%         41
[dprof]   moe:router           1.99     1.8%         46
[dprof]   moe:group            2.13     1.9%         46
[dprof]   moe:w1w3            20.54    18.2%         46
[dprof]   moe:act              1.43     1.3%         46
[dprof]   moe:w2               9.44     8.4%         46
[dprof]   moe:combine          0.62     0.6%         46
[dprof]   moe:shared           0.26     0.2%         46
[dprof]     q:aq(x)            0.25     0.2%         41
[dprof]     q:wq_a             1.68     1.5%         41
[dprof]     q:rms+aq           0.60     0.5%         41
[dprof]     q:wq_b             6.76     6.0%         41
[dprof]     q:tail             0.50     0.4%         41
[dprof]     q:kv_join          0.05     0.0%         41
[dprof]     o:rope             0.24     0.2%         41
[dprof]     o:wo_a             7.70     6.8%         41
[dprof]     o:wo_b             7.39     6.6%         41
[dprof]     i:qidx             1.55     1.4%         21
[dprof]     i:iw               0.45     0.4%         21
[dprof]     i:score            6.56     5.8%         21
[dprof]     i:topk             0.78     0.7%         21
[dprof]       mg:count         0.27     0.2%         46
[dprof]       mg:prefix        0.27     0.2%         46
[dprof]       mg:scatter       0.26     0.2%         46
[dprof]       mg:tiles         0.28     0.2%         46
[dprof] draft:main_kv          0.14     0.1%          1
[dprof] draft:block           12.35    11.0%          1
[dprof] draft:head            10.33     9.2%          1
[dprof] TOTAL                112.74
[dprof] *** INVALID: moe children 36.41 ms > MoE 32.61 ms — marks recorded outside the reported window

[dprof] ctx=12408 VB=2 verify=64 — verify step by sub-op, summed over all layers (1542 marks)
[dprof] phase                    ms        %      calls
[dprof] hc_pre  (attn)         1.82     1.6%         43
[dprof] rmsnorm (attn)         0.76     0.7%         43
[dprof] ATTENTION             68.20    59.4%         43
[dprof] hc_post (attn)         0.37     0.3%         43
[dprof] hc_pre  (ffn)          2.81     2.4%         43
[dprof] rmsnorm (ffn)          0.78     0.7%         43
[dprof] MoE                   34.80    30.3%         43
[dprof] hc_post (ffn)          0.31     0.3%         43
[dprof] kv xin copy            0.22     0.2%         41
[dprof] hc_head+norm           0.03     0.0%          1
[dprof] lm_head                4.70     4.1%          1
[dprof]   attn:q_proj          0.45     0.4%          2
[dprof]   attn:kv_write        0.08     0.1%          2
[dprof]   attn:sparse          0.60     0.5%          2
[dprof]   attn:ogroup          0.72     0.6%          2
[dprof]   cattn:q_proj        10.35     9.0%         41
[dprof]   cattn:compress       0.05     0.0%         41
[dprof]   cattn:indexer        9.49     8.3%         21
[dprof]   cattn:sparse        20.96    18.3%         41
[dprof]   cattn:ogroup        15.63    13.6%         41
[dprof]   moe:router           2.01     1.8%         46
[dprof]   moe:group            2.08     1.8%         46
[dprof]   moe:w1w3            22.26    19.4%         46
[dprof]   moe:act              1.57     1.4%         46
[dprof]   moe:w2               9.99     8.7%         46
[dprof]   moe:combine          0.53     0.5%         46
[dprof]   moe:shared           0.27     0.2%         46
[dprof]     q:aq(x)            0.26     0.2%         41
[dprof]     q:wq_a             1.69     1.5%         41
[dprof]     q:rms+aq           0.60     0.5%         41
[dprof]     q:wq_b             6.79     5.9%         41
[dprof]     q:tail             0.51     0.4%         41
[dprof]     q:kv_join          0.05     0.0%         41
[dprof]     o:rope             0.24     0.2%         41
[dprof]     o:wo_a             7.70     6.7%         41
[dprof]     o:wo_b             7.44     6.5%         41
[dprof]     i:qidx             1.57     1.4%         21
[dprof]     i:iw               0.46     0.4%         21
[dprof]     i:score            6.56     5.7%         21
[dprof]     i:topk             0.75     0.7%         21
[dprof]       mg:count         0.27     0.2%         46
[dprof]       mg:prefix        0.24     0.2%         46
[dprof]       mg:scatter       0.24     0.2%         46
[dprof]       mg:tiles         0.27     0.2%         46
[dprof] draft:main_kv          0.14     0.1%          1
[dprof] draft:block           12.44    10.8%          1
[dprof] draft:head            10.23     8.9%          1
[dprof] TOTAL                114.80
[dprof] *** INVALID: moe children 38.71 ms > MoE 34.80 ms — marks recorded outside the reported window

[dprof] ctx=6131 VB=6 verify=0 — verify step by sub-op, summed over all layers (1542 marks)
[dprof] phase                    ms        %      calls
[dprof] hc_pre  (attn)         2.98     1.6%         43
[dprof] rmsnorm (attn)         0.79     0.4%         43
[dprof] ATTENTION             87.90    47.4%         43
[dprof] hc_post (attn)         0.53     0.3%         43
[dprof] hc_pre  (ffn)          4.67     2.5%         43
[dprof] rmsnorm (ffn)          0.76     0.4%         43
[dprof] MoE                   79.11    42.7%         43
[dprof] hc_post (ffn)          0.48     0.3%         43
[dprof] kv xin copy            0.26     0.1%         41
[dprof] hc_head+norm           0.04     0.0%          1
[dprof] lm_head                7.75     4.2%          1
[dprof]   attn:q_proj          0.49     0.3%          2
[dprof]   attn:kv_write        0.08     0.0%          2
[dprof]   attn:sparse          0.62     0.3%          2
[dprof]   attn:ogroup          0.97     0.5%          2
[dprof]   cattn:q_proj        15.88     8.6%         41
[dprof]   cattn:compress       9.35     5.0%         41
[dprof]   cattn:indexer       13.75     7.4%         21
[dprof]   cattn:sparse        21.92    11.8%         41
[dprof]   cattn:ogroup        20.32    11.0%         41
[dprof]   moe:router           2.01     1.1%         46
[dprof]   moe:group            2.47     1.3%         46
[dprof]   moe:w1w3            50.38    27.2%         46
[dprof]   moe:act              1.87     1.0%         46
[dprof]   moe:w2              25.08    13.5%         46
[dprof]   moe:combine          0.74     0.4%         46
[dprof]   moe:shared           0.35     0.2%         46
[dprof]     q:aq(x)            0.35     0.2%         41
[dprof]     q:wq_a             6.18     3.3%         41
[dprof]     q:rms+aq           0.76     0.4%         41
[dprof]     q:wq_b             7.31     3.9%         41
[dprof]     q:tail             0.73     0.4%         41
[dprof]     q:kv_join          0.05     0.0%         41
[dprof]     o:rope             0.25     0.1%         41
[dprof]     o:wo_a            11.15     6.0%         41
[dprof]     o:wo_b             8.69     4.7%         41
[dprof]     i:qidx             2.05     1.1%         21
[dprof]     i:iw               1.20     0.6%         21
[dprof]     i:score            9.62     5.2%         21
[dprof]     i:topk             0.74     0.4%         21
[dprof]       mg:count         0.23     0.1%         46
[dprof]       mg:prefix        0.25     0.1%         46
[dprof]       mg:scatter       0.24     0.1%         46
[dprof]       mg:tiles         0.31     0.2%         46
[dprof] draft:main_kv          0.01     0.0%          1
[dprof] draft:block           12.22     6.6%          1
[dprof] draft:head            10.20     5.5%          1
[dprof] TOTAL                185.25
[dprof] *** INVALID: moe children 82.89 ms > MoE 79.11 ms — marks recorded outside the reported window

[dprof] ctx=6137 VB=2 verify=4 — verify step by sub-op, summed over all layers (1542 marks)
[dprof] phase                    ms        %      calls
[dprof] hc_pre  (attn)         1.85     1.7%         43
[dprof] rmsnorm (attn)         0.76     0.7%         43
[dprof] ATTENTION             59.33    55.0%         43
[dprof] hc_post (attn)         0.34     0.3%         43
[dprof] hc_pre  (ffn)          2.80     2.6%         43
[dprof] rmsnorm (ffn)          0.77     0.7%         43
[dprof] MoE                   36.68    34.0%         43
[dprof] hc_post (ffn)          0.31     0.3%         43
[dprof] kv xin copy            0.23     0.2%         41
[dprof] hc_head+norm           0.04     0.0%          1
[dprof] lm_head                4.86     4.5%          1
[dprof]   attn:q_proj          0.45     0.4%          2
[dprof]   attn:kv_write        0.08     0.1%          2
[dprof]   attn:sparse          0.61     0.6%          2
[dprof]   attn:ogroup          0.77     0.7%          2
[dprof]   cattn:q_proj        10.28     9.5%         41
[dprof]   cattn:compress       0.05     0.0%         41
[dprof]   cattn:indexer        6.35     5.9%         21
[dprof]   cattn:sparse        19.90    18.4%         41
[dprof]   cattn:ogroup        15.55    14.4%         41
[dprof]   moe:router           1.99     1.8%         46
[dprof]   moe:group            2.04     1.9%         46
[dprof]   moe:w1w3            23.67    21.9%         46
[dprof]   moe:act              1.63     1.5%         46
[dprof]   moe:w2              10.51     9.7%         46
[dprof]   moe:combine          0.58     0.5%         46
[dprof]   moe:shared           0.27     0.2%         46
[dprof]     q:aq(x)            0.24     0.2%         41
[dprof]     q:wq_a             1.69     1.6%         41
[dprof]     q:rms+aq           0.60     0.6%         41
[dprof]     q:wq_b             6.80     6.3%         41
[dprof]     q:tail             0.50     0.5%         41
[dprof]     q:kv_join          0.05     0.0%         41
[dprof]     o:rope             0.25     0.2%         41
[dprof]     o:wo_a             7.66     7.1%         41
[dprof]     o:wo_b             7.43     6.9%         41
[dprof]     i:qidx             1.56     1.4%         21
[dprof]     i:iw               0.45     0.4%         21
[dprof]     i:score            3.52     3.3%         21
[dprof]     i:topk             0.70     0.6%         21
[dprof]       mg:count         0.23     0.2%         46
[dprof]       mg:prefix        0.25     0.2%         46
[dprof]       mg:scatter       0.26     0.2%         46
[dprof]       mg:tiles         0.26     0.2%         46
[dprof] draft:main_kv          0.13     0.1%          1
[dprof] draft:block           12.50    11.6%          1
[dprof] draft:head            10.23     9.5%          1
[dprof] TOTAL                107.97
[dprof] *** INVALID: moe children 40.69 ms > MoE 36.68 ms — marks recorded outside the reported window

[dprof] ctx=6144 VB=2 verify=8 — verify step by sub-op, summed over all layers (1542 marks)
[dprof] phase                    ms        %      calls
[dprof] hc_pre  (attn)         1.85     1.7%         43
[dprof] rmsnorm (attn)         0.77     0.7%         43
[dprof] ATTENTION             59.29    54.8%         43
[dprof] hc_post (attn)         0.32     0.3%         43
[dprof] hc_pre  (ffn)          2.82     2.6%         43
[dprof] rmsnorm (ffn)          0.77     0.7%         43
[dprof] MoE                   37.24    34.4%         43
[dprof] hc_post (ffn)          0.28     0.3%         43
[dprof] kv xin copy            0.22     0.2%         41
[dprof] hc_head+norm           0.03     0.0%          1
[dprof] lm_head                4.70     4.3%          1
[dprof]   attn:q_proj          0.45     0.4%          2
[dprof]   attn:kv_write        0.08     0.1%          2
[dprof]   attn:sparse          0.60     0.6%          2
[dprof]   attn:ogroup          0.72     0.7%          2
[dprof]   cattn:q_proj        10.24     9.5%         41
[dprof]   cattn:compress       0.05     0.0%         41
[dprof]   cattn:indexer        6.37     5.9%         21
[dprof]   cattn:sparse        19.97    18.4%         41
[dprof]   cattn:ogroup        15.70    14.5%         41
[dprof]   moe:router           1.98     1.8%         46
[dprof]   moe:group            2.01     1.9%         46
[dprof]   moe:w1w3            24.02    22.2%         46
[dprof]   moe:act              1.53     1.4%         46
[dprof]   moe:w2              10.97    10.1%         46
[dprof]   moe:combine          0.57     0.5%         46
[dprof]   moe:shared           0.27     0.3%         46
[dprof]     q:aq(x)            0.22     0.2%         41
[dprof]     q:wq_a             1.66     1.5%         41
[dprof]     q:rms+aq           0.62     0.6%         41
[dprof]     q:wq_b             6.79     6.3%         41
[dprof]     q:tail             0.49     0.5%         41
[dprof]     q:kv_join          0.05     0.0%         41
[dprof]     o:rope             0.26     0.2%         41
[dprof]     o:wo_a             7.72     7.1%         41
[dprof]     o:wo_b             7.47     6.9%         41
[dprof]     i:qidx             1.57     1.4%         21
[dprof]     i:iw               0.47     0.4%         21
[dprof]     i:score            3.53     3.3%         21
[dprof]     i:topk             0.67     0.6%         21
[dprof]       mg:count         0.24     0.2%         46
[dprof]       mg:prefix        0.26     0.2%         46
[dprof]       mg:scatter       0.24     0.2%         46
[dprof]       mg:tiles         0.25     0.2%         46
[dprof] draft:main_kv          0.14     0.1%          1
[dprof] draft:block           12.62    11.7%          1
[dprof] draft:head            10.30     9.5%          1
[dprof] TOTAL                108.29
[dprof] *** INVALID: moe children 41.35 ms > MoE 37.24 ms — marks recorded outside the reported window

[dprof] ctx=6151 VB=3 verify=12 — verify step by sub-op, summed over all layers (1542 marks)
[dprof] phase                    ms        %      calls
[dprof] hc_pre  (attn)         2.12     1.7%         43
[dprof] rmsnorm (attn)         0.77     0.6%         43
[dprof] ATTENTION             68.32    53.7%         43
[dprof] hc_post (attn)         0.37     0.3%         43
[dprof] hc_pre  (ffn)          2.91     2.3%         43
[dprof] rmsnorm (ffn)          0.78     0.6%         43
[dprof] MoE                   46.37    36.5%         43
[dprof] hc_post (ffn)          0.35     0.3%         43
[dprof] kv xin copy            0.22     0.2%         41
[dprof] hc_head+norm           0.03     0.0%          1
[dprof] lm_head                4.88     3.8%          1
[dprof]   attn:q_proj          0.46     0.4%          2
[dprof]   attn:kv_write        0.08     0.1%          2
[dprof]   attn:sparse          0.62     0.5%          2
[dprof]   attn:ogroup          0.80     0.6%          2
[dprof]   cattn:q_proj        15.18    11.9%         41
[dprof]   cattn:compress       2.44     1.9%         41
[dprof]   cattn:indexer        8.11     6.4%         21
[dprof]   cattn:sparse        20.16    15.9%         41
[dprof]   cattn:ogroup        16.12    12.7%         41
[dprof]   moe:router           1.99     1.6%         46
[dprof]   moe:group            2.13     1.7%         46
[dprof]   moe:w1w3            29.62    23.3%         46
[dprof]   moe:act              1.58     1.2%         46
[dprof]   moe:w2              14.20    11.2%         46
[dprof]   moe:combine          0.63     0.5%         46
[dprof]   moe:shared           0.29     0.2%         46
[dprof]     q:aq(x)            0.40     0.3%         41
[dprof]     q:wq_a             5.83     4.6%         41
[dprof]     q:rms+aq           0.99     0.8%         41
[dprof]     q:wq_b             6.86     5.4%         41
[dprof]     q:tail             0.57     0.4%         41
[dprof]     q:kv_join          0.06     0.1%         41
[dprof]     o:rope             0.26     0.2%         41
[dprof]     o:wo_a             8.04     6.3%         41
[dprof]     o:wo_b             7.60     6.0%         41
[dprof]     i:qidx             1.65     1.3%         21
[dprof]     i:iw               0.56     0.4%         21
[dprof]     i:score            4.99     3.9%         21
[dprof]     i:topk             0.76     0.6%         21
[dprof]       mg:count         0.25     0.2%         46
[dprof]       mg:prefix        0.25     0.2%         46
[dprof]       mg:scatter       0.24     0.2%         46
[dprof]       mg:tiles         0.29     0.2%         46
[dprof] draft:main_kv          0.14     0.1%          1
[dprof] draft:block           12.55     9.9%          1
[dprof] draft:head            10.23     8.1%          1
[dprof] TOTAL                127.12
[dprof] *** INVALID: moe children 50.43 ms > MoE 46.37 ms — marks recorded outside the reported window

[dprof] ctx=6156 VB=2 verify=16 — verify step by sub-op, summed over all layers (1542 marks)
[dprof] phase                    ms        %      calls
[dprof] hc_pre  (attn)         1.84     1.8%         43
[dprof] rmsnorm (attn)         0.78     0.7%         43
[dprof] ATTENTION             59.24    57.0%         43
[dprof] hc_post (attn)         0.31     0.3%         43
[dprof] hc_pre  (ffn)          2.79     2.7%         43
[dprof] rmsnorm (ffn)          0.78     0.7%         43
[dprof] MoE                   33.01    31.7%         43
[dprof] hc_post (ffn)          0.29     0.3%         43
[dprof] kv xin copy            0.23     0.2%         41
[dprof] hc_head+norm           0.03     0.0%          1
[dprof] lm_head                4.68     4.5%          1
[dprof]   attn:q_proj          0.45     0.4%          2
[dprof]   attn:kv_write        0.08     0.1%          2
[dprof]   attn:sparse          0.60     0.6%          2
[dprof]   attn:ogroup          0.72     0.7%          2
[dprof]   cattn:q_proj        10.26     9.9%         41
[dprof]   cattn:compress       0.05     0.0%         41
[dprof]   cattn:indexer        6.39     6.1%         21
[dprof]   cattn:sparse        19.81    19.1%         41
[dprof]   cattn:ogroup        15.70    15.1%         41
[dprof]   moe:router           1.97     1.9%         46
[dprof]   moe:group            2.04     2.0%         46
[dprof]   moe:w1w3            20.97    20.2%         46
[dprof]   moe:act              1.49     1.4%         46
[dprof]   moe:w2               9.65     9.3%         46
[dprof]   moe:combine          0.57     0.5%         46
[dprof]   moe:shared           0.28     0.3%         46
[dprof]     q:aq(x)            0.24     0.2%         41
[dprof]     q:wq_a             1.69     1.6%         41
[dprof]     q:rms+aq           0.61     0.6%         41
[dprof]     q:wq_b             6.74     6.5%         41
[dprof]     q:tail             0.50     0.5%         41
[dprof]     q:kv_join          0.07     0.1%         41
[dprof]     o:rope             0.26     0.3%         41
[dprof]     o:wo_a             7.82     7.5%         41
[dprof]     o:wo_b             7.40     7.1%         41
[dprof]     i:qidx             1.56     1.5%         21
[dprof]     i:iw               0.46     0.4%         21
[dprof]     i:score            3.51     3.4%         21
[dprof]     i:topk             0.72     0.7%         21
[dprof]       mg:count         0.25     0.2%         46
[dprof]       mg:prefix        0.24     0.2%         46
[dprof]       mg:scatter       0.26     0.2%         46
[dprof]       mg:tiles         0.27     0.3%         46
[dprof] draft:main_kv          0.14     0.1%          1
[dprof] draft:block           12.47    12.0%          1
[dprof] draft:head            10.30     9.9%          1
[dprof] TOTAL                103.99
[dprof] *** INVALID: moe children 36.96 ms > MoE 33.01 ms — marks recorded outside the reported window

[dprof] ctx=6163 VB=2 verify=20 — verify step by sub-op, summed over all layers (1542 marks)
[dprof] phase                    ms        %      calls
[dprof] hc_pre  (attn)         1.87     1.7%         43
[dprof] rmsnorm (attn)         0.79     0.7%         43
[dprof] ATTENTION             65.96    59.4%         43
[dprof] hc_post (attn)         0.32     0.3%         43
[dprof] hc_pre  (ffn)          2.80     2.5%         43
[dprof] rmsnorm (ffn)          0.77     0.7%         43
[dprof] MoE                   32.83    29.6%         43
[dprof] hc_post (ffn)          0.29     0.3%         43
[dprof] kv xin copy            0.23     0.2%         41
[dprof] hc_head+norm           0.03     0.0%          1
[dprof] lm_head                5.11     4.6%          1
[dprof]   attn:q_proj          0.45     0.4%          2
[dprof]   attn:kv_write        0.08     0.1%          2
[dprof]   attn:sparse          0.60     0.5%          2
[dprof]   attn:ogroup          0.73     0.7%          2
[dprof]   cattn:q_proj        15.14    13.6%         41
[dprof]   cattn:compress       2.52     2.3%         41
[dprof]   cattn:indexer        6.37     5.7%         21
[dprof]   cattn:sparse        19.74    17.8%         41
[dprof]   cattn:ogroup        15.71    14.2%         41
[dprof]   moe:router           1.98     1.8%         46
[dprof]   moe:group            2.10     1.9%         46
[dprof]   moe:w1w3            20.71    18.7%         46
[dprof]   moe:act              1.50     1.4%         46
[dprof]   moe:w2               9.46     8.5%         46
[dprof]   moe:combine          0.58     0.5%         46
[dprof]   moe:shared           0.29     0.3%         46
[dprof]     q:aq(x)            0.27     0.2%         41
[dprof]     q:wq_a             5.86     5.3%         41
[dprof]     q:rms+aq           1.07     1.0%         41
[dprof]     q:wq_b             6.92     6.2%         41
[dprof]     q:tail             0.51     0.5%         41
[dprof]     q:kv_join          0.06     0.1%         41
[dprof]     o:rope             0.25     0.2%         41
[dprof]     o:wo_a             7.75     7.0%         41
[dprof]     o:wo_b             7.45     6.7%         41
[dprof]     i:qidx             1.53     1.4%         21
[dprof]     i:iw               0.48     0.4%         21
[dprof]     i:score            3.51     3.2%         21
[dprof]     i:topk             0.70     0.6%         21
[dprof]       mg:count         0.27     0.2%         46
[dprof]       mg:prefix        0.26     0.2%         46
[dprof]       mg:scatter       0.24     0.2%         46
[dprof]       mg:tiles         0.29     0.3%         46
[dprof] draft:main_kv          0.14     0.1%          1
[dprof] draft:block           12.27    11.0%          1
[dprof] draft:head            10.23     9.2%          1
[dprof] TOTAL                111.01
[dprof] *** INVALID: moe children 36.62 ms > MoE 32.83 ms — marks recorded outside the reported window

[dprof] ctx=6168 VB=2 verify=24 — verify step by sub-op, summed over all layers (1542 marks)
[dprof] phase                    ms        %      calls
[dprof] hc_pre  (attn)         1.82     1.7%         43
[dprof] rmsnorm (attn)         0.77     0.7%         43
[dprof] ATTENTION             59.20    56.5%         43
[dprof] hc_post (attn)         0.32     0.3%         43
[dprof] hc_pre  (ffn)          2.79     2.7%         43
[dprof] rmsnorm (ffn)          0.75     0.7%         43
[dprof] MoE                   33.66    32.1%         43
[dprof] hc_post (ffn)          0.29     0.3%         43
[dprof] kv xin copy            0.23     0.2%         41
[dprof] hc_head+norm           0.04     0.0%          1
[dprof] lm_head                4.89     4.7%          1
[dprof]   attn:q_proj          0.45     0.4%          2
[dprof]   attn:kv_write        0.08     0.1%          2
[dprof]   attn:sparse          0.60     0.6%          2
[dprof]   attn:ogroup          0.73     0.7%          2
[dprof]   cattn:q_proj        10.19     9.7%         41
[dprof]   cattn:compress       0.05     0.0%         41
[dprof]   cattn:indexer        6.47     6.2%         21
[dprof]   cattn:sparse        19.89    19.0%         41
[dprof]   cattn:ogroup        15.54    14.8%         41
[dprof]   moe:router           1.98     1.9%         46
[dprof]   moe:group            2.02     1.9%         46
[dprof]   moe:w1w3            21.37    20.4%         46
[dprof]   moe:act              1.49     1.4%         46
[dprof]   moe:w2               9.84     9.4%         46
[dprof]   moe:combine          0.56     0.5%         46
[dprof]   moe:shared           0.26     0.3%         46
[dprof]     q:aq(x)            0.23     0.2%         41
[dprof]     q:wq_a             1.67     1.6%         41
[dprof]     q:rms+aq           0.60     0.6%         41
[dprof]     q:wq_b             6.76     6.5%         41
[dprof]     q:tail             0.47     0.5%         41
[dprof]     q:kv_join          0.06     0.1%         41
[dprof]     o:rope             0.24     0.2%         41
[dprof]     o:wo_a             7.68     7.3%         41
[dprof]     o:wo_b             7.41     7.1%         41
[dprof]     i:qidx             1.59     1.5%         21
[dprof]     i:iw               0.48     0.5%         21
[dprof]     i:score            3.53     3.4%         21
[dprof]     i:topk             0.73     0.7%         21
[dprof]       mg:count         0.26     0.2%         46
[dprof]       mg:prefix        0.24     0.2%         46
[dprof]       mg:scatter       0.24     0.2%         46
[dprof]       mg:tiles         0.25     0.2%         46
[dprof] draft:main_kv          0.14     0.1%          1
[dprof] draft:block           12.40    11.8%          1
[dprof] draft:head            10.25     9.8%          1
[dprof] TOTAL                104.75
[dprof] *** INVALID: moe children 37.53 ms > MoE 33.66 ms — marks recorded outside the reported window

[dprof] ctx=6176 VB=2 verify=28 — verify step by sub-op, summed over all layers (1542 marks)
[dprof] phase                    ms        %      calls
[dprof] hc_pre  (attn)         1.82     1.7%         43
[dprof] rmsnorm (attn)         0.75     0.7%         43
[dprof] ATTENTION             58.92    55.7%         43
[dprof] hc_post (attn)         0.31     0.3%         43
[dprof] hc_pre  (ffn)          2.82     2.7%         43
[dprof] rmsnorm (ffn)          0.79     0.7%         43
[dprof] MoE                   35.04    33.1%         43
[dprof] hc_post (ffn)          0.29     0.3%         43
[dprof] kv xin copy            0.22     0.2%         41
[dprof] hc_head+norm           0.03     0.0%          1
[dprof] lm_head                4.70     4.4%          1
[dprof]   attn:q_proj          0.45     0.4%          2
[dprof]   attn:kv_write        0.08     0.1%          2
[dprof]   attn:sparse          0.60     0.6%          2
[dprof]   attn:ogroup          0.72     0.7%          2
[dprof]   cattn:q_proj        10.09     9.5%         41
[dprof]   cattn:compress       0.05     0.0%         41
[dprof]   cattn:indexer        6.39     6.0%         21
[dprof]   cattn:sparse        19.85    18.8%         41
[dprof]   cattn:ogroup        15.53    14.7%         41
[dprof]   moe:router           1.99     1.9%         46
[dprof]   moe:group            2.04     1.9%         46
[dprof]   moe:w1w3            22.35    21.1%         46
[dprof]   moe:act              1.62     1.5%         46
[dprof]   moe:w2              10.14     9.6%         46
[dprof]   moe:combine          0.55     0.5%         46
[dprof]   moe:shared           0.28     0.3%         46
[dprof]     q:aq(x)            0.22     0.2%         41
[dprof]     q:wq_a             1.64     1.6%         41
[dprof]     q:rms+aq           0.58     0.5%         41
[dprof]     q:wq_b             6.72     6.4%         41
[dprof]     q:tail             0.49     0.5%         41
[dprof]     q:kv_join          0.05     0.1%         41
[dprof]     o:rope             0.25     0.2%         41
[dprof]     o:wo_a             7.66     7.2%         41
[dprof]     o:wo_b             7.41     7.0%         41
[dprof]     i:qidx             1.58     1.5%         21
[dprof]     i:iw               0.45     0.4%         21
[dprof]     i:score            3.53     3.3%         21
[dprof]     i:topk             0.72     0.7%         21
[dprof]       mg:count         0.25     0.2%         46
[dprof]       mg:prefix        0.25     0.2%         46
[dprof]       mg:scatter       0.25     0.2%         46
[dprof]       mg:tiles         0.25     0.2%         46
[dprof] draft:main_kv          0.14     0.1%          1
[dprof] draft:block           12.45    11.8%          1
[dprof] draft:head            10.30     9.7%          1
[dprof] TOTAL                105.70
[dprof] *** INVALID: moe children 38.96 ms > MoE 35.04 ms — marks recorded outside the reported window

[dprof] ctx=6184 VB=2 verify=32 — verify step by sub-op, summed over all layers (1542 marks)
[dprof] phase                    ms        %      calls
[dprof] hc_pre  (attn)         1.83     1.7%         43
[dprof] rmsnorm (attn)         0.78     0.7%         43
[dprof] ATTENTION             59.27    56.1%         43
[dprof] hc_post (attn)         0.31     0.3%         43
[dprof] hc_pre  (ffn)          2.83     2.7%         43
[dprof] rmsnorm (ffn)          0.74     0.7%         43
[dprof] MoE                   34.27    32.4%         43
[dprof] hc_post (ffn)          0.30     0.3%         43
[dprof] kv xin copy            0.24     0.2%         41
[dprof] hc_head+norm           0.03     0.0%          1
[dprof] lm_head                5.12     4.8%          1
[dprof]   attn:q_proj          0.45     0.4%          2
[dprof]   attn:kv_write        0.08     0.1%          2
[dprof]   attn:sparse          0.60     0.6%          2
[dprof]   attn:ogroup          0.72     0.7%          2
[dprof]   cattn:q_proj        10.23     9.7%         41
[dprof]   cattn:compress       0.06     0.1%         41
[dprof]   cattn:indexer        6.43     6.1%         21
[dprof]   cattn:sparse        20.01    18.9%         41
[dprof]   cattn:ogroup        15.53    14.7%         41
[dprof]   moe:router           1.96     1.9%         46
[dprof]   moe:group            1.94     1.8%         46
[dprof]   moe:w1w3            22.12    20.9%         46
[dprof]   moe:act              1.51     1.4%         46
[dprof]   moe:w2              10.07     9.5%         46
[dprof]   moe:combine          0.56     0.5%         46
[dprof]   moe:shared           0.25     0.2%         46
[dprof]     q:aq(x)            0.25     0.2%         41
[dprof]     q:wq_a             1.67     1.6%         41
[dprof]     q:rms+aq           0.63     0.6%         41
[dprof]     q:wq_b             6.74     6.4%         41
[dprof]     q:tail             0.51     0.5%         41
[dprof]     q:kv_join          0.06     0.1%         41
[dprof]     o:rope             0.25     0.2%         41
[dprof]     o:wo_a             7.66     7.3%         41
[dprof]     o:wo_b             7.40     7.0%         41
[dprof]     i:qidx             1.57     1.5%         21
[dprof]     i:iw               0.46     0.4%         21
[dprof]     i:score            3.53     3.3%         21
[dprof]     i:topk             0.73     0.7%         21
[dprof]       mg:count         0.25     0.2%         46
[dprof]       mg:prefix        0.24     0.2%         46
[dprof]       mg:scatter       0.24     0.2%         46
[dprof]       mg:tiles         0.25     0.2%         46
[dprof] draft:main_kv          0.14     0.1%          1
[dprof] draft:block           12.59    11.9%          1
[dprof] draft:head            10.28     9.7%          1
[dprof] TOTAL                105.72
[dprof] *** INVALID: moe children 38.42 ms > MoE 34.27 ms — marks recorded outside the reported window

[dprof] ctx=6189 VB=3 verify=36 — verify step by sub-op, summed over all layers (1542 marks)
[dprof] phase                    ms        %      calls
[dprof] hc_pre  (attn)         2.09     1.7%         43
[dprof] rmsnorm (attn)         0.78     0.6%         43
[dprof] ATTENTION             68.08    54.2%         43
[dprof] hc_post (attn)         0.36     0.3%         43
[dprof] hc_pre  (ffn)          2.86     2.3%         43
[dprof] rmsnorm (ffn)          0.75     0.6%         43
[dprof] MoE                   44.96    35.8%         43
[dprof] hc_post (ffn)          0.34     0.3%         43
[dprof] kv xin copy            0.23     0.2%         41
[dprof] hc_head+norm           0.03     0.0%          1
[dprof] lm_head                5.02     4.0%          1
[dprof]   attn:q_proj          0.46     0.4%          2
[dprof]   attn:kv_write        0.08     0.1%          2
[dprof]   attn:sparse          0.61     0.5%          2
[dprof]   attn:ogroup          0.76     0.6%          2
[dprof]   cattn:q_proj        14.92    11.9%         41
[dprof]   cattn:compress       2.50     2.0%         41
[dprof]   cattn:indexer        8.14     6.5%         21
[dprof]   cattn:sparse        20.34    16.2%         41
[dprof]   cattn:ogroup        15.86    12.6%         41
[dprof]   moe:router           1.99     1.6%         46
[dprof]   moe:group            2.15     1.7%         46
[dprof]   moe:w1w3            28.77    22.9%         46
[dprof]   moe:act              1.53     1.2%         46
[dprof]   moe:w2              13.73    10.9%         46
[dprof]   moe:combine          0.58     0.5%         46
[dprof]   moe:shared           0.26     0.2%         46
[dprof]     q:aq(x)            0.38     0.3%         41
[dprof]     q:wq_a             5.52     4.4%         41
[dprof]     q:rms+aq           0.99     0.8%         41
[dprof]     q:wq_b             6.92     5.5%         41
[dprof]     q:tail             0.59     0.5%         41
[dprof]     q:kv_join          0.06     0.0%         41
[dprof]     o:rope             0.25     0.2%         41
[dprof]     o:wo_a             7.95     6.3%         41
[dprof]     o:wo_b             7.45     5.9%         41
[dprof]     i:qidx             1.64     1.3%         21
[dprof]     i:iw               0.55     0.4%         21
[dprof]     i:score            5.06     4.0%         21
[dprof]     i:topk             0.75     0.6%         21
[dprof]       mg:count         0.25     0.2%         46
[dprof]       mg:prefix        0.25     0.2%         46
[dprof]       mg:scatter       0.25     0.2%         46
[dprof]       mg:tiles         0.28     0.2%         46
[dprof] draft:main_kv          0.14     0.1%          1
[dprof] draft:block           12.50    10.0%          1
[dprof] draft:head            10.31     8.2%          1
[dprof] TOTAL                125.51
[dprof] *** INVALID: moe children 49.01 ms > MoE 44.96 ms — marks recorded outside the reported window

[dprof] ctx=6194 VB=2 verify=40 — verify step by sub-op, summed over all layers (1542 marks)
[dprof] phase                    ms        %      calls
[dprof] hc_pre  (attn)         1.83     1.6%         43
[dprof] rmsnorm (attn)         0.77     0.7%         43
[dprof] ATTENTION             65.61    58.7%         43
[dprof] hc_post (attn)         0.34     0.3%         43
[dprof] hc_pre  (ffn)          2.81     2.5%         43
[dprof] rmsnorm (ffn)          0.76     0.7%         43
[dprof] MoE                   33.83    30.3%         43
[dprof] hc_post (ffn)          0.29     0.3%         43
[dprof] kv xin copy            0.23     0.2%         41
[dprof] hc_head+norm           0.03     0.0%          1
[dprof] lm_head                5.17     4.6%          1
[dprof]   attn:q_proj          0.45     0.4%          2
[dprof]   attn:kv_write        0.08     0.1%          2
[dprof]   attn:sparse          0.60     0.5%          2
[dprof]   attn:ogroup          0.72     0.6%          2
[dprof]   cattn:q_proj        14.79    13.2%         41
[dprof]   cattn:compress       2.56     2.3%         41
[dprof]   cattn:indexer        6.47     5.8%         21
[dprof]   cattn:sparse        19.85    17.8%         41
[dprof]   cattn:ogroup        15.61    14.0%         41
[dprof]   moe:router           1.95     1.7%         46
[dprof]   moe:group            1.95     1.7%         46
[dprof]   moe:w1w3            21.61    19.4%         46
[dprof]   moe:act              1.46     1.3%         46
[dprof]   moe:w2               9.93     8.9%         46
[dprof]   moe:combine          0.56     0.5%         46
[dprof]   moe:shared           0.27     0.2%         46
[dprof]     q:aq(x)            0.50     0.5%         41
[dprof]     q:wq_a             5.36     4.8%         41
[dprof]     q:rms+aq           1.08     1.0%         41
[dprof]     q:wq_b             6.82     6.1%         41
[dprof]     q:tail             0.52     0.5%         41
[dprof]     q:kv_join          0.06     0.1%         41
[dprof]     o:rope             0.27     0.2%         41
[dprof]     o:wo_a             7.75     6.9%         41
[dprof]     o:wo_b             7.37     6.6%         41
[dprof]     i:qidx             1.54     1.4%         21
[dprof]     i:iw               0.49     0.4%         21
[dprof]     i:score            3.53     3.2%         21
[dprof]     i:topk             0.73     0.7%         21
[dprof]       mg:count         0.23     0.2%         46
[dprof]       mg:prefix        0.24     0.2%         46
[dprof]       mg:scatter       0.23     0.2%         46
[dprof]       mg:tiles         0.28     0.2%         46
[dprof] draft:main_kv          0.14     0.1%          1
[dprof] draft:block           12.41    11.1%          1
[dprof] draft:head            10.30     9.2%          1
[dprof] TOTAL                111.68
[dprof] *** INVALID: moe children 37.73 ms > MoE 33.83 ms — marks recorded outside the reported window

[dprof] ctx=6199 VB=2 verify=44 — verify step by sub-op, summed over all layers (1542 marks)
[dprof] phase                    ms        %      calls
[dprof] hc_pre  (attn)         1.83     1.6%         43
[dprof] rmsnorm (attn)         0.76     0.7%         43
[dprof] ATTENTION             65.96    58.0%         43
[dprof] hc_post (attn)         0.33     0.3%         43
[dprof] hc_pre  (ffn)          2.82     2.5%         43
[dprof] rmsnorm (ffn)          0.76     0.7%         43
[dprof] MoE                   35.84    31.5%         43
[dprof] hc_post (ffn)          0.29     0.3%         43
[dprof] kv xin copy            0.23     0.2%         41
[dprof] hc_head+norm           0.03     0.0%          1
[dprof] lm_head                4.92     4.3%          1
[dprof]   attn:q_proj          0.45     0.4%          2
[dprof]   attn:kv_write        0.08     0.1%          2
[dprof]   attn:sparse          0.62     0.5%          2
[dprof]   attn:ogroup          0.74     0.6%          2
[dprof]   cattn:q_proj        15.12    13.3%         41
[dprof]   cattn:compress       2.50     2.2%         41
[dprof]   cattn:indexer        6.37     5.6%         21
[dprof]   cattn:sparse        20.10    17.7%         41
[dprof]   cattn:ogroup        15.42    13.5%         41
[dprof]   moe:router           1.97     1.7%         46
[dprof]   moe:group            2.03     1.8%         46
[dprof]   moe:w1w3            23.04    20.2%         46
[dprof]   moe:act              1.56     1.4%         46
[dprof]   moe:w2              10.31     9.1%         46
[dprof]   moe:combine          0.54     0.5%         46
[dprof]   moe:shared           0.26     0.2%         46
[dprof]     q:aq(x)            0.40     0.4%         41
[dprof]     q:wq_a             5.70     5.0%         41
[dprof]     q:rms+aq           1.11     1.0%         41
[dprof]     q:wq_b             6.85     6.0%         41
[dprof]     q:tail             0.54     0.5%         41
[dprof]     q:kv_join          0.06     0.1%         41
[dprof]     o:rope             0.25     0.2%         41
[dprof]     o:wo_a             7.62     6.7%         41
[dprof]     o:wo_b             7.33     6.4%         41
[dprof]     i:qidx             1.53     1.3%         21
[dprof]     i:iw               0.45     0.4%         21
[dprof]     i:score            3.53     3.1%         21
[dprof]     i:topk             0.72     0.6%         21
[dprof]       mg:count         0.24     0.2%         46
[dprof]       mg:prefix        0.25     0.2%         46
[dprof]       mg:scatter       0.24     0.2%         46
[dprof]       mg:tiles         0.29     0.3%         46
[dprof] draft:main_kv          0.14     0.1%          1
[dprof] draft:block           12.40    10.9%          1
[dprof] draft:head            10.25     9.0%          1
[dprof] TOTAL                113.78
[dprof] *** INVALID: moe children 39.70 ms > MoE 35.84 ms — marks recorded outside the reported window

[dprof] ctx=6203 VB=2 verify=48 — verify step by sub-op, summed over all layers (1542 marks)
[dprof] phase                    ms        %      calls
[dprof] hc_pre  (attn)         1.86     1.7%         43
[dprof] rmsnorm (attn)         0.76     0.7%         43
[dprof] ATTENTION             66.00    59.1%         43
[dprof] hc_post (attn)         0.34     0.3%         43
[dprof] hc_pre  (ffn)          2.79     2.5%         43
[dprof] rmsnorm (ffn)          0.77     0.7%         43
[dprof] MoE                   33.55    30.1%         43
[dprof] hc_post (ffn)          0.30     0.3%         43
[dprof] kv xin copy            0.21     0.2%         41
[dprof] hc_head+norm           0.03     0.0%          1
[dprof] lm_head                5.00     4.5%          1
[dprof]   attn:q_proj          0.45     0.4%          2
[dprof]   attn:kv_write        0.08     0.1%          2
[dprof]   attn:sparse          0.60     0.5%          2
[dprof]   attn:ogroup          0.72     0.6%          2
[dprof]   cattn:q_proj        15.10    13.5%         41
[dprof]   cattn:compress       2.50     2.2%         41
[dprof]   cattn:indexer        6.36     5.7%         21
[dprof]   cattn:sparse        19.83    17.8%         41
[dprof]   cattn:ogroup        15.73    14.1%         41
[dprof]   moe:router           1.97     1.8%         46
[dprof]   moe:group            1.98     1.8%         46
[dprof]   moe:w1w3            21.46    19.2%         46
[dprof]   moe:act              1.46     1.3%         46
[dprof]   moe:w2               9.87     8.8%         46
[dprof]   moe:combine          0.56     0.5%         46
[dprof]   moe:shared           0.27     0.2%         46
[dprof]     q:aq(x)            0.29     0.3%         41
[dprof]     q:wq_a             5.88     5.3%         41
[dprof]     q:rms+aq           1.09     1.0%         41
[dprof]     q:wq_b             6.81     6.1%         41
[dprof]     q:tail             0.52     0.5%         41
[dprof]     q:kv_join          0.06     0.1%         41
[dprof]     o:rope             0.24     0.2%         41
[dprof]     o:wo_a             7.79     7.0%         41
[dprof]     o:wo_b             7.46     6.7%         41
[dprof]     i:qidx             1.51     1.3%         21
[dprof]     i:iw               0.46     0.4%         21
[dprof]     i:score            3.55     3.2%         21
[dprof]     i:topk             0.72     0.6%         21
[dprof]       mg:count         0.26     0.2%         46
[dprof]       mg:prefix        0.23     0.2%         46
[dprof]       mg:scatter       0.24     0.2%         46
[dprof]       mg:tiles         0.29     0.3%         46
[dprof] draft:main_kv          0.14     0.1%          1
[dprof] draft:block           12.48    11.2%          1
[dprof] draft:head            10.33     9.3%          1
[dprof] TOTAL                111.61
[dprof] *** INVALID: moe children 37.58 ms > MoE 33.55 ms — marks recorded outside the reported window

[dprof] ctx=6214 VB=4 verify=52 — verify step by sub-op, summed over all layers (1542 marks)
[dprof] phase                    ms        %      calls
[dprof] hc_pre  (attn)         2.42     1.7%         43
[dprof] rmsnorm (attn)         0.78     0.5%         43
[dprof] ATTENTION             72.20    49.4%         43
[dprof] hc_post (attn)         0.39     0.3%         43
[dprof] hc_pre  (ffn)          3.02     2.1%         43
[dprof] rmsnorm (ffn)          0.78     0.5%         43
[dprof] MoE                   60.38    41.3%         43
[dprof] hc_post (ffn)          0.39     0.3%         43
[dprof] kv xin copy            0.24     0.2%         41
[dprof] hc_head+norm           0.04     0.0%          1
[dprof] lm_head                5.47     3.7%          1
[dprof]   attn:q_proj          0.46     0.3%          2
[dprof]   attn:kv_write        0.08     0.1%          2
[dprof]   attn:sparse          0.64     0.4%          2
[dprof]   attn:ogroup          0.83     0.6%          2
[dprof]   cattn:q_proj        15.02    10.3%         41
[dprof]   cattn:compress       2.51     1.7%         41
[dprof]   cattn:indexer        9.87     6.8%         21
[dprof]   cattn:sparse        20.90    14.3%         41
[dprof]   cattn:ogroup        17.38    11.9%         41
[dprof]   moe:router           1.99     1.4%         46
[dprof]   moe:group            2.22     1.5%         46
[dprof]   moe:w1w3            39.07    26.7%         46
[dprof]   moe:act              1.72     1.2%         46
[dprof]   moe:w2              18.65    12.8%         46
[dprof]   moe:combine          0.65     0.4%         46
[dprof]   moe:shared           0.32     0.2%         46
[dprof]     q:aq(x)            0.32     0.2%         41
[dprof]     q:wq_a             5.77     4.0%         41
[dprof]     q:rms+aq           0.91     0.6%         41
[dprof]     q:wq_b             6.93     4.7%         41
[dprof]     q:tail             0.59     0.4%         41
[dprof]     q:kv_join          0.06     0.0%         41
[dprof]     o:rope             0.25     0.2%         41
[dprof]     o:wo_a             9.02     6.2%         41
[dprof]     o:wo_b             7.86     5.4%         41
[dprof]     i:qidx             1.75     1.2%         21
[dprof]     i:iw               0.64     0.4%         21
[dprof]     i:score            6.59     4.5%         21
[dprof]     i:topk             0.75     0.5%         21
[dprof]       mg:count         0.24     0.2%         46
[dprof]       mg:prefix        0.27     0.2%         46
[dprof]       mg:scatter       0.24     0.2%         46
[dprof]       mg:tiles         0.27     0.2%         46
[dprof] draft:main_kv          0.14     0.1%          1
[dprof] draft:block           12.63     8.6%          1
[dprof] draft:head            10.20     7.0%          1
[dprof] TOTAL                146.09
[dprof] *** INVALID: moe children 64.62 ms > MoE 60.38 ms — marks recorded outside the reported window

[dprof] ctx=6221 VB=3 verify=56 — verify step by sub-op, summed over all layers (1542 marks)
[dprof] phase                    ms        %      calls
[dprof] hc_pre  (attn)         2.11     1.7%         43
[dprof] rmsnorm (attn)         0.78     0.6%         43
[dprof] ATTENTION             68.09    56.1%         43
[dprof] hc_post (attn)         0.36     0.3%         43
[dprof] hc_pre  (ffn)          2.91     2.4%         43
[dprof] rmsnorm (ffn)          0.76     0.6%         43
[dprof] MoE                   41.08    33.8%         43
[dprof] hc_post (ffn)          0.35     0.3%         43
[dprof] kv xin copy            0.24     0.2%         41
[dprof] hc_head+norm           0.04     0.0%          1
[dprof] lm_head                4.72     3.9%          1
[dprof]   attn:q_proj          0.45     0.4%          2
[dprof]   attn:kv_write        0.08     0.1%          2
[dprof]   attn:sparse          0.61     0.5%          2
[dprof]   attn:ogroup          0.80     0.7%          2
[dprof]   cattn:q_proj        14.90    12.3%         41
[dprof]   cattn:compress       2.47     2.0%         41
[dprof]   cattn:indexer        8.23     6.8%         21
[dprof]   cattn:sparse        20.02    16.5%         41
[dprof]   cattn:ogroup        16.06    13.2%         41
[dprof]   moe:router           2.00     1.6%         46
[dprof]   moe:group            2.20     1.8%         46
[dprof]   moe:w1w3            25.82    21.3%         46
[dprof]   moe:act              1.44     1.2%         46
[dprof]   moe:w2              12.64    10.4%         46
[dprof]   moe:combine          0.59     0.5%         46
[dprof]   moe:shared           0.28     0.2%         46
[dprof]     q:aq(x)            0.29     0.2%         41
[dprof]     q:wq_a             5.61     4.6%         41
[dprof]     q:rms+aq           1.01     0.8%         41
[dprof]     q:wq_b             6.89     5.7%         41
[dprof]     q:tail             0.57     0.5%         41
[dprof]     q:kv_join          0.08     0.1%         41
[dprof]     o:rope             0.27     0.2%         41
[dprof]     o:wo_a             7.98     6.6%         41
[dprof]     o:wo_b             7.57     6.2%         41
[dprof]     i:qidx             1.62     1.3%         21
[dprof]     i:iw               0.56     0.5%         21
[dprof]     i:score            5.15     4.2%         21
[dprof]     i:topk             0.76     0.6%         21
[dprof]       mg:count         0.24     0.2%         46
[dprof]       mg:prefix        0.25     0.2%         46
[dprof]       mg:scatter       0.26     0.2%         46
[dprof]       mg:tiles         0.29     0.2%         46
[dprof] draft:main_kv          0.14     0.1%          1
[dprof] draft:block           12.48    10.3%          1
[dprof] draft:head            10.24     8.4%          1
[dprof] TOTAL                121.45
[dprof] *** INVALID: moe children 44.98 ms > MoE 41.08 ms — marks recorded outside the reported window

[dprof] ctx=6233 VB=2 verify=60 — verify step by sub-op, summed over all layers (1542 marks)
[dprof] phase                    ms        %      calls
[dprof] hc_pre  (attn)         1.86     1.7%         43
[dprof] rmsnorm (attn)         0.79     0.7%         43
[dprof] ATTENTION             59.04    55.5%         43
[dprof] hc_post (attn)         0.32     0.3%         43
[dprof] hc_pre  (ffn)          2.79     2.6%         43
[dprof] rmsnorm (ffn)          0.77     0.7%         43
[dprof] MoE                   35.47    33.4%         43
[dprof] hc_post (ffn)          0.30     0.3%         43
[dprof] kv xin copy            0.25     0.2%         41
[dprof] hc_head+norm           0.03     0.0%          1
[dprof] lm_head                4.70     4.4%          1
[dprof]   attn:q_proj          0.45     0.4%          2
[dprof]   attn:kv_write        0.08     0.1%          2
[dprof]   attn:sparse          0.60     0.6%          2
[dprof]   attn:ogroup          0.73     0.7%          2
[dprof]   cattn:q_proj        10.25     9.6%         41
[dprof]   cattn:compress       0.07     0.1%         41
[dprof]   cattn:indexer        6.36     6.0%         21
[dprof]   cattn:sparse        19.70    18.5%         41
[dprof]   cattn:ogroup        15.45    14.5%         41
[dprof]   moe:router           1.99     1.9%         46
[dprof]   moe:group            2.04     1.9%         46
[dprof]   moe:w1w3            22.70    21.4%         46
[dprof]   moe:act              1.64     1.5%         46
[dprof]   moe:w2              10.25     9.6%         46
[dprof]   moe:combine          0.54     0.5%         46
[dprof]   moe:shared           0.29     0.3%         46
[dprof]     q:aq(x)            0.26     0.2%         41
[dprof]     q:wq_a             1.66     1.6%         41
[dprof]     q:rms+aq           0.58     0.5%         41
[dprof]     q:wq_b             6.81     6.4%         41
[dprof]     q:tail             0.51     0.5%         41
[dprof]     q:kv_join          0.05     0.0%         41
[dprof]     o:rope             0.24     0.2%         41
[dprof]     o:wo_a             7.67     7.2%         41
[dprof]     o:wo_b             7.33     6.9%         41
[dprof]     i:qidx             1.57     1.5%         21
[dprof]     i:iw               0.45     0.4%         21
[dprof]     i:score            3.51     3.3%         21
[dprof]     i:topk             0.70     0.7%         21
[dprof]       mg:count         0.24     0.2%         46
[dprof]       mg:prefix        0.25     0.2%         46
[dprof]       mg:scatter       0.26     0.2%         46
[dprof]       mg:tiles         0.25     0.2%         46
[dprof] draft:main_kv          0.14     0.1%          1
[dprof] draft:block           12.49    11.7%          1
[dprof] draft:head            10.24     9.6%          1
[dprof] TOTAL                106.32
[dprof] *** INVALID: moe children 39.44 ms > MoE 35.47 ms — marks recorded outside the reported window

[dprof] ctx=6239 VB=2 verify=64 — verify step by sub-op, summed over all layers (1542 marks)
[dprof] phase                    ms        %      calls
[dprof] hc_pre  (attn)         1.84     1.7%         43
[dprof] rmsnorm (attn)         0.78     0.7%         43
[dprof] ATTENTION             65.49    59.3%         43
[dprof] hc_post (attn)         0.32     0.3%         43
[dprof] hc_pre  (ffn)          2.87     2.6%         43
[dprof] rmsnorm (ffn)          0.78     0.7%         43
[dprof] MoE                   33.10    30.0%         43
[dprof] hc_post (ffn)          0.30     0.3%         43
[dprof] kv xin copy            0.24     0.2%         41
[dprof] hc_head+norm           0.03     0.0%          1
[dprof] lm_head                4.70     4.3%          1
[dprof]   attn:q_proj          0.45     0.4%          2
[dprof]   attn:kv_write        0.08     0.1%          2
[dprof]   attn:sparse          0.60     0.5%          2
[dprof]   attn:ogroup          0.72     0.7%          2
[dprof]   cattn:q_proj        14.99    13.6%         41
[dprof]   cattn:compress       2.53     2.3%         41
[dprof]   cattn:indexer        6.39     5.8%         21
[dprof]   cattn:sparse        19.54    17.7%         41
[dprof]   cattn:ogroup        15.58    14.1%         41
[dprof]   moe:router           1.99     1.8%         46
[dprof]   moe:group            2.13     1.9%         46
[dprof]   moe:w1w3            21.26    19.2%         46
[dprof]   moe:act              1.41     1.3%         46
[dprof]   moe:w2               9.71     8.8%         46
[dprof]   moe:combine          0.54     0.5%         46
[dprof]   moe:shared           0.24     0.2%         46
[dprof]     q:aq(x)            0.55     0.5%         41
[dprof]     q:wq_a             5.59     5.1%         41
[dprof]     q:rms+aq           1.08     1.0%         41
[dprof]     q:wq_b             6.75     6.1%         41
[dprof]     q:tail             0.51     0.5%         41
[dprof]     q:kv_join          0.06     0.1%         41
[dprof]     o:rope             0.28     0.3%         41
[dprof]     o:wo_a             7.63     6.9%         41
[dprof]     o:wo_b             7.46     6.8%         41
[dprof]     i:qidx             1.53     1.4%         21
[dprof]     i:iw               0.46     0.4%         21
[dprof]     i:score            3.52     3.2%         21
[dprof]     i:topk             0.73     0.7%         21
[dprof]       mg:count         0.28     0.3%         46
[dprof]       mg:prefix        0.27     0.2%         46
[dprof]       mg:scatter       0.26     0.2%         46
[dprof]       mg:tiles         0.30     0.3%         46
[dprof] draft:main_kv          0.14     0.1%          1
[dprof] draft:block           12.76    11.6%          1
[dprof] draft:head            10.23     9.3%          1
[dprof] TOTAL                110.44
[dprof] *** INVALID: moe children 37.29 ms > MoE 33.10 ms — marks recorded outside the reported window

[dprof] ctx=6246 VB=2 verify=68 — verify step by sub-op, summed over all layers (1542 marks)
[dprof] phase                    ms        %      calls
[dprof] hc_pre  (attn)         1.83     1.6%         43
[dprof] rmsnorm (attn)         0.77     0.7%         43
[dprof] ATTENTION             65.54    58.5%         43
[dprof] hc_post (attn)         0.33     0.3%         43
[dprof] hc_pre  (ffn)          2.82     2.5%         43
[dprof] rmsnorm (ffn)          0.77     0.7%         43
[dprof] MoE                   34.65    30.9%         43
[dprof] hc_post (ffn)          0.29     0.3%         43
[dprof] kv xin copy            0.23     0.2%         41
[dprof] hc_head+norm           0.03     0.0%          1
[dprof] lm_head                4.71     4.2%          1
[dprof]   attn:q_proj          0.45     0.4%          2
[dprof]   attn:kv_write        0.09     0.1%          2
[dprof]   attn:sparse          0.61     0.5%          2
[dprof]   attn:ogroup          0.81     0.7%          2
[dprof]   cattn:q_proj        14.82    13.2%         41
[dprof]   cattn:compress       2.54     2.3%         41
[dprof]   cattn:indexer        6.44     5.7%         21
[dprof]   cattn:sparse        19.80    17.7%         41
[dprof]   cattn:ogroup        15.51    13.8%         41
[dprof]   moe:router           1.95     1.7%         46
[dprof]   moe:group            2.00     1.8%         46
[dprof]   moe:w1w3            22.05    19.7%         46
[dprof]   moe:act              1.55     1.4%         46
[dprof]   moe:w2              10.05     9.0%         46
[dprof]   moe:combine          0.55     0.5%         46
[dprof]   moe:shared           0.27     0.2%         46
[dprof]     q:aq(x)            0.50     0.4%         41
[dprof]     q:wq_a             5.33     4.8%         41
[dprof]     q:rms+aq           1.10     1.0%         41
[dprof]     q:wq_b             6.82     6.1%         41
[dprof]     q:tail             0.52     0.5%         41
[dprof]     q:kv_join          0.07     0.1%         41
[dprof]     o:rope             0.23     0.2%         41
[dprof]     o:wo_a             7.66     6.8%         41
[dprof]     o:wo_b             7.37     6.6%         41
[dprof]     i:qidx             1.56     1.4%         21
[dprof]     i:iw               0.47     0.4%         21
[dprof]     i:score            3.54     3.2%         21
[dprof]     i:topk             0.73     0.6%         21
[dprof]       mg:count         0.25     0.2%         46
[dprof]       mg:prefix        0.24     0.2%         46
[dprof]       mg:scatter       0.25     0.2%         46
[dprof]       mg:tiles         0.27     0.2%         46
[dprof] draft:main_kv          0.14     0.1%          1
[dprof] draft:block           12.34    11.0%          1
[dprof] draft:head            10.29     9.2%          1
[dprof] TOTAL                111.98
[dprof] *** INVALID: moe children 38.41 ms > MoE 34.65 ms — marks recorded outside the reported window

[dprof] ctx=6251 VB=5 verify=72 — verify step by sub-op, summed over all layers (1542 marks)
[dprof] phase                    ms        %      calls
[dprof] hc_pre  (attn)         2.68     1.6%         43
[dprof] rmsnorm (attn)         0.76     0.5%         43
[dprof] ATTENTION             82.03    49.5%         43
[dprof] hc_post (attn)         0.45     0.3%         43
[dprof] hc_pre  (ffn)          3.21     1.9%         43
[dprof] rmsnorm (ffn)          0.75     0.5%         43
[dprof] MoE                   68.59    41.4%         43
[dprof] hc_post (ffn)          0.44     0.3%         43
[dprof] kv xin copy            0.25     0.2%         41
[dprof] hc_head+norm           0.04     0.0%          1
[dprof] lm_head                6.47     3.9%          1
[dprof]   attn:q_proj          0.48     0.3%          2
[dprof]   attn:kv_write        0.08     0.1%          2
[dprof]   attn:sparse          0.62     0.4%          2
[dprof]   attn:ogroup          0.81     0.5%          2
[dprof]   cattn:q_proj        15.65     9.4%         41
[dprof]   cattn:compress       9.37     5.7%         41
[dprof]   cattn:indexer       11.82     7.1%         21
[dprof]   cattn:sparse        21.49    13.0%         41
[dprof]   cattn:ogroup        17.28    10.4%         41
[dprof]   moe:router           2.01     1.2%         46
[dprof]   moe:group            2.39     1.4%         46
[dprof]   moe:w1w3            44.00    26.6%         46
[dprof]   moe:act              1.69     1.0%         46
[dprof]   moe:w2              21.66    13.1%         46
[dprof]   moe:combine          0.70     0.4%         46
[dprof]   moe:shared           0.34     0.2%         46
[dprof]     q:aq(x)            0.32     0.2%         41
[dprof]     q:wq_a             6.09     3.7%         41
[dprof]     q:rms+aq           0.81     0.5%         41
[dprof]     q:wq_b             7.16     4.3%         41
[dprof]     q:tail             0.70     0.4%         41
[dprof]     q:kv_join          0.08     0.0%         41
[dprof]     o:rope             0.25     0.2%         41
[dprof]     o:wo_a             8.49     5.1%         41
[dprof]     o:wo_b             8.30     5.0%         41
[dprof]     i:qidx             1.89     1.1%         21
[dprof]     i:iw               0.84     0.5%         21
[dprof]     i:score            8.20     4.9%         21
[dprof]     i:topk             0.76     0.5%         21
[dprof]       mg:count         0.25     0.2%         46
[dprof]       mg:prefix        0.26     0.2%         46
[dprof]       mg:scatter       0.27     0.2%         46
[dprof]       mg:tiles         0.29     0.2%         46
[dprof] draft:main_kv          0.14     0.1%          1
[dprof] draft:block           12.60     7.6%          1
[dprof] draft:head            10.26     6.2%          1
[dprof] TOTAL                165.66
[dprof] *** INVALID: moe children 72.80 ms > MoE 68.59 ms — marks recorded outside the reported window

[dprof] ctx=6131 VB=6 verify=0 — verify step by sub-op, summed over all layers (1542 marks)
[dprof] phase                    ms        %      calls
[dprof] hc_pre  (attn)         3.13     1.6%         43
[dprof] rmsnorm (attn)         0.86     0.4%         43
[dprof] ATTENTION             91.06    47.4%         43
[dprof] hc_post (attn)         0.56     0.3%         43
[dprof] hc_pre  (ffn)          4.83     2.5%         43
[dprof] rmsnorm (ffn)          0.82     0.4%         43
[dprof] MoE                   82.02    42.7%         43
[dprof] hc_post (ffn)          0.54     0.3%         43
[dprof] kv xin copy            0.31     0.2%         41
[dprof] hc_head+norm           0.05     0.0%          1
[dprof] lm_head                7.82     4.1%          1
[dprof]   attn:q_proj          0.49     0.3%          2
[dprof]   attn:kv_write        0.09     0.0%          2
[dprof]   attn:sparse          0.62     0.3%          2
[dprof]   attn:ogroup          1.00     0.5%          2
[dprof]   cattn:q_proj        16.38     8.5%         41
[dprof]   cattn:compress       9.86     5.1%         41
[dprof]   cattn:indexer       13.98     7.3%         21
[dprof]   cattn:sparse        22.68    11.8%         41
[dprof]   cattn:ogroup        21.32    11.1%         41
[dprof]   moe:router           2.12     1.1%         46
[dprof]   moe:group            2.52     1.3%         46
[dprof]   moe:w1w3            51.86    27.0%         46
[dprof]   moe:act              2.07     1.1%         46
[dprof]   moe:w2              25.89    13.5%         46
[dprof]   moe:combine          0.86     0.4%         46
[dprof]   moe:shared           0.35     0.2%         46
[dprof]     q:aq(x)            0.37     0.2%         41
[dprof]     q:wq_a             6.39     3.3%         41
[dprof]     q:rms+aq           0.81     0.4%         41
[dprof]     q:wq_b             7.48     3.9%         41
[dprof]     q:tail             0.76     0.4%         41
[dprof]     q:kv_join          0.07     0.0%         41
[dprof]     o:rope             0.29     0.2%         41
[dprof]     o:wo_a            12.01     6.3%         41
[dprof]     o:wo_b             8.79     4.6%         41
[dprof]     i:qidx             2.10     1.1%         21
[dprof]     i:iw               1.26     0.7%         21
[dprof]     i:score            9.67     5.0%         21
[dprof]     i:topk             0.78     0.4%         21
[dprof]       mg:count         0.26     0.1%         46
[dprof]       mg:prefix        0.26     0.1%         46
[dprof]       mg:scatter       0.25     0.1%         46
[dprof]       mg:tiles         0.32     0.2%         46
[dprof] draft:main_kv          0.01     0.0%          1
[dprof] draft:block           12.23     6.4%          1
[dprof] draft:head            10.24     5.3%          1
[dprof] TOTAL                192.00
[dprof] *** INVALID: moe children 85.69 ms > MoE 82.02 ms — marks recorded outside the reported window

[dprof] ctx=6135 VB=2 verify=4 — verify step by sub-op, summed over all layers (1542 marks)
[dprof] phase                    ms        %      calls
[dprof] hc_pre  (attn)         1.85     1.7%         43
[dprof] rmsnorm (attn)         0.77     0.7%         43
[dprof] ATTENTION             65.72    59.0%         43
[dprof] hc_post (attn)         0.33     0.3%         43
[dprof] hc_pre  (ffn)          2.84     2.6%         43
[dprof] rmsnorm (ffn)          0.79     0.7%         43
[dprof] MoE                   33.82    30.4%         43
[dprof] hc_post (ffn)          0.30     0.3%         43
[dprof] kv xin copy            0.27     0.2%         41
[dprof] hc_head+norm           0.03     0.0%          1
[dprof] lm_head                4.71     4.2%          1
[dprof]   attn:q_proj          0.45     0.4%          2
[dprof]   attn:kv_write        0.09     0.1%          2
[dprof]   attn:sparse          0.63     0.6%          2
[dprof]   attn:ogroup          0.72     0.6%          2
[dprof]   cattn:q_proj        15.19    13.6%         41
[dprof]   cattn:compress       2.58     2.3%         41
[dprof]   cattn:indexer        6.33     5.7%         21
[dprof]   cattn:sparse        19.67    17.7%         41
[dprof]   cattn:ogroup        15.52    13.9%         41
[dprof]   moe:router           2.01     1.8%         46
[dprof]   moe:group            2.04     1.8%         46
[dprof]   moe:w1w3            21.48    19.3%         46
[dprof]   moe:act              1.48     1.3%         46
[dprof]   moe:w2               9.74     8.7%         46
[dprof]   moe:combine          0.54     0.5%         46
[dprof]   moe:shared           0.28     0.3%         46
[dprof]     q:aq(x)            0.43     0.4%         41
[dprof]     q:wq_a             5.82     5.2%         41
[dprof]     q:rms+aq           1.06     0.9%         41
[dprof]     q:wq_b             6.81     6.1%         41
[dprof]     q:tail             0.54     0.5%         41
[dprof]     q:kv_join          0.06     0.1%         41
[dprof]     o:rope             0.26     0.2%         41
[dprof]     o:wo_a             7.64     6.9%         41
[dprof]     o:wo_b             7.41     6.6%         41
[dprof]     i:qidx             1.54     1.4%         21
[dprof]     i:iw               0.45     0.4%         21
[dprof]     i:score            3.51     3.2%         21
[dprof]     i:topk             0.69     0.6%         21
[dprof]       mg:count         0.25     0.2%         46
[dprof]       mg:prefix        0.26     0.2%         46
[dprof]       mg:scatter       0.25     0.2%         46
[dprof]       mg:tiles         0.31     0.3%         46
[dprof] draft:main_kv          0.16     0.1%          1
[dprof] draft:block           12.26    11.0%          1
[dprof] draft:head            10.23     9.2%          1
[dprof] TOTAL                111.44
[dprof] *** INVALID: moe children 37.56 ms > MoE 33.82 ms — marks recorded outside the reported window

[dprof] ctx=6142 VB=2 verify=8 — verify step by sub-op, summed over all layers (1542 marks)
[dprof] phase                    ms        %      calls
[dprof] hc_pre  (attn)         1.85     1.2%         43
[dprof] rmsnorm (attn)         0.77     0.5%         43
[dprof] ATTENTION            106.38    69.5%         43
[dprof] hc_post (attn)         0.33     0.2%         43
[dprof] hc_pre  (ffn)          2.85     1.9%         43
[dprof] rmsnorm (ffn)          0.75     0.5%         43
[dprof] MoE                   34.73    22.7%         43
[dprof] hc_post (ffn)          0.33     0.2%         43
[dprof] kv xin copy            0.23     0.2%         41
[dprof] hc_head+norm           0.03     0.0%          1
[dprof] lm_head                4.75     3.1%          1
[dprof]   attn:q_proj          0.46     0.3%          2
[dprof]   attn:kv_write        0.09     0.1%          2
[dprof]   attn:sparse          0.60     0.4%          2
[dprof]   attn:ogroup          0.75     0.5%          2
[dprof]   cattn:q_proj        14.86     9.7%         41
[dprof]   cattn:compress      44.26    28.9%         41
[dprof]   cattn:indexer        6.33     4.1%         21
[dprof]   cattn:sparse        19.72    12.9%         41
[dprof]   cattn:ogroup        15.62    10.2%         41
[dprof]   moe:router           2.03     1.3%         46
[dprof]   moe:group            2.09     1.4%         46
[dprof]   moe:w1w3            22.25    14.5%         46
[dprof]   moe:act              1.49     1.0%         46
[dprof]   moe:w2              10.07     6.6%         46
[dprof]   moe:combine          0.57     0.4%         46
[dprof]   moe:shared           0.27     0.2%         46
[dprof]     q:aq(x)            0.38     0.2%         41
[dprof]     q:wq_a             5.52     3.6%         41
[dprof]     q:rms+aq           1.08     0.7%         41
[dprof]     q:wq_b             6.79     4.4%         41
[dprof]     q:tail             0.52     0.3%         41
[dprof]     q:kv_join          0.07     0.0%         41
[dprof]     o:rope             0.24     0.2%         41
[dprof]     o:wo_a             7.78     5.1%         41
[dprof]     o:wo_b             7.39     4.8%         41
[dprof]     i:qidx             1.52     1.0%         21
[dprof]     i:iw               0.47     0.3%         21
[dprof]     i:score            3.51     2.3%         21
[dprof]     i:topk             0.69     0.4%         21
[dprof]       mg:count         0.28     0.2%         46
[dprof]       mg:prefix        0.25     0.2%         46
[dprof]       mg:scatter       0.27     0.2%         46
[dprof]       mg:tiles         0.26     0.2%         46
[dprof] draft:main_kv          0.14     0.1%          1
[dprof] draft:block           12.53     8.2%          1
[dprof] draft:head            10.24     6.7%          1
[dprof] TOTAL                153.01
[dprof] *** INVALID: moe children 38.77 ms > MoE 34.73 ms — marks recorded outside the reported window

[dprof] ctx=6146 VB=2 verify=12 — verify step by sub-op, summed over all layers (1542 marks)
[dprof] phase                    ms        %      calls
[dprof] hc_pre  (attn)         1.80     1.6%         43
[dprof] rmsnorm (attn)         0.76     0.7%         43
[dprof] ATTENTION             65.42    58.8%         43
[dprof] hc_post (attn)         0.34     0.3%         43
[dprof] hc_pre  (ffn)          2.85     2.6%         43
[dprof] rmsnorm (ffn)          0.77     0.7%         43
[dprof] MoE                   33.71    30.3%         43
[dprof] hc_post (ffn)          0.29     0.3%         43
[dprof] kv xin copy            0.22     0.2%         41
[dprof] hc_head+norm           0.03     0.0%          1
[dprof] lm_head                5.05     4.5%          1
[dprof]   attn:q_proj          0.45     0.4%          2
[dprof]   attn:kv_write        0.08     0.1%          2
[dprof]   attn:sparse          0.60     0.5%          2
[dprof]   attn:ogroup          0.72     0.6%          2
[dprof]   cattn:q_proj        15.06    13.5%         41
[dprof]   cattn:compress       2.52     2.3%         41
[dprof]   cattn:indexer        6.30     5.7%         21
[dprof]   cattn:sparse        19.73    17.7%         41
[dprof]   cattn:ogroup        15.50    13.9%         41
[dprof]   moe:router           2.03     1.8%         46
[dprof]   moe:group            2.11     1.9%         46
[dprof]   moe:w1w3            21.57    19.4%         46
[dprof]   moe:act              1.51     1.4%         46
[dprof]   moe:w2               9.71     8.7%         46
[dprof]   moe:combine          0.54     0.5%         46
[dprof]   moe:shared           0.26     0.2%         46
[dprof]     q:aq(x)            0.42     0.4%         41
[dprof]     q:wq_a             5.55     5.0%         41
[dprof]     q:rms+aq           1.10     1.0%         41
[dprof]     q:wq_b             6.89     6.2%         41
[dprof]     q:tail             0.53     0.5%         41
[dprof]     q:kv_join          0.06     0.1%         41
[dprof]     o:rope             0.23     0.2%         41
[dprof]     o:wo_a             7.71     6.9%         41
[dprof]     o:wo_b             7.32     6.6%         41
[dprof]     i:qidx             1.52     1.4%         21
[dprof]     i:iw               0.46     0.4%         21
[dprof]     i:score            3.52     3.2%         21
[dprof]     i:topk             0.67     0.6%         21
[dprof]       mg:count         0.29     0.3%         46
[dprof]       mg:prefix        0.26     0.2%         46
[dprof]       mg:scatter       0.25     0.2%         46
[dprof]       mg:tiles         0.29     0.3%         46
[dprof] draft:main_kv          0.14     0.1%          1
[dprof] draft:block           12.48    11.2%          1
[dprof] draft:head            10.23     9.2%          1
[dprof] TOTAL                111.26
[dprof] *** INVALID: moe children 37.72 ms > MoE 33.71 ms — marks recorded outside the reported window

[dprof] ctx=6153 VB=2 verify=16 — verify step by sub-op, summed over all layers (1542 marks)
[dprof] phase                    ms        %      calls
[dprof] hc_pre  (attn)         1.84     1.7%         43
[dprof] rmsnorm (attn)         0.80     0.8%         43
[dprof] ATTENTION             59.21    56.1%         43
[dprof] hc_post (attn)         0.32     0.3%         43
[dprof] hc_pre  (ffn)          2.82     2.7%         43
[dprof] rmsnorm (ffn)          0.79     0.8%         43
[dprof] MoE                   34.38    32.6%         43
[dprof] hc_post (ffn)          0.31     0.3%         43
[dprof] kv xin copy            0.23     0.2%         41
[dprof] hc_head+norm           0.04     0.0%          1
[dprof] lm_head                4.71     4.5%          1
[dprof]   attn:q_proj          0.45     0.4%          2
[dprof]   attn:kv_write        0.08     0.1%          2
[dprof]   attn:sparse          0.62     0.6%          2
[dprof]   attn:ogroup          0.73     0.7%          2
[dprof]   cattn:q_proj        10.28     9.7%         41
[dprof]   cattn:compress       0.05     0.0%         41
[dprof]   cattn:indexer        6.36     6.0%         21
[dprof]   cattn:sparse        19.72    18.7%         41
[dprof]   cattn:ogroup        15.56    14.8%         41
[dprof]   moe:router           1.98     1.9%         46
[dprof]   moe:group            2.12     2.0%         46
[dprof]   moe:w1w3            21.53    20.4%         46
[dprof]   moe:act              1.49     1.4%         46
[dprof]   moe:w2              10.01     9.5%         46
[dprof]   moe:combine          0.57     0.5%         46
[dprof]   moe:shared           0.28     0.3%         46
[dprof]     q:aq(x)            0.27     0.3%         41
[dprof]     q:wq_a             1.68     1.6%         41
[dprof]     q:rms+aq           0.60     0.6%         41
[dprof]     q:wq_b             6.74     6.4%         41
[dprof]     q:tail             0.50     0.5%         41
[dprof]     q:kv_join          0.05     0.0%         41
[dprof]     o:rope             0.24     0.2%         41
[dprof]     o:wo_a             7.64     7.2%         41
[dprof]     o:wo_b             7.45     7.1%         41
[dprof]     i:qidx             1.56     1.5%         21
[dprof]     i:iw               0.47     0.4%         21
[dprof]     i:score            3.52     3.3%         21
[dprof]     i:topk             0.67     0.6%         21
[dprof]       mg:count         0.26     0.2%         46
[dprof]       mg:prefix        0.25     0.2%         46
[dprof]       mg:scatter       0.25     0.2%         46
[dprof]       mg:tiles         0.26     0.2%         46
[dprof] draft:main_kv          0.14     0.1%          1
[dprof] draft:block           12.31    11.7%          1
[dprof] draft:head            10.24     9.7%          1
[dprof] TOTAL                105.44
[dprof] *** INVALID: moe children 37.98 ms > MoE 34.38 ms — marks recorded outside the reported window

[dprof] ctx=6162 VB=2 verify=20 — verify step by sub-op, summed over all layers (1542 marks)
[dprof] phase                    ms        %      calls
[dprof] hc_pre  (attn)         1.83     1.6%         43
[dprof] rmsnorm (attn)         0.78     0.7%         43
[dprof] ATTENTION             65.74    57.5%         43
[dprof] hc_post (attn)         0.35     0.3%         43
[dprof] hc_pre  (ffn)          2.83     2.5%         43
[dprof] rmsnorm (ffn)          0.79     0.7%         43
[dprof] MoE                   36.21    31.7%         43
[dprof] hc_post (ffn)          0.30     0.3%         43
[dprof] kv xin copy            0.22     0.2%         41
[dprof] hc_head+norm           0.03     0.0%          1
[dprof] lm_head                5.30     4.6%          1
[dprof]   attn:q_proj          0.45     0.4%          2
[dprof]   attn:kv_write        0.08     0.1%          2
[dprof]   attn:sparse          0.60     0.5%          2
[dprof]   attn:ogroup          0.77     0.7%          2
[dprof]   cattn:q_proj        14.85    13.0%         41
[dprof]   cattn:compress       2.54     2.2%         41
[dprof]   cattn:indexer        6.37     5.6%         21
[dprof]   cattn:sparse        20.00    17.5%         41
[dprof]   cattn:ogroup        15.62    13.7%         41
[dprof]   moe:router           1.96     1.7%         46
[dprof]   moe:group            2.05     1.8%         46
[dprof]   moe:w1w3            23.16    20.2%         46
[dprof]   moe:act              1.64     1.4%         46
[dprof]   moe:w2              10.50     9.2%         46
[dprof]   moe:combine          0.56     0.5%         46
[dprof]   moe:shared           0.28     0.2%         46
[dprof]     q:aq(x)            0.41     0.4%         41
[dprof]     q:wq_a             5.48     4.8%         41
[dprof]     q:rms+aq           1.11     1.0%         41
[dprof]     q:wq_b             6.74     5.9%         41
[dprof]     q:tail             0.52     0.5%         41
[dprof]     q:kv_join          0.06     0.1%         41
[dprof]     o:rope             0.22     0.2%         41
[dprof]     o:wo_a             7.78     6.8%         41
[dprof]     o:wo_b             7.37     6.4%         41
[dprof]     i:qidx             1.52     1.3%         21
[dprof]     i:iw               0.47     0.4%         21
[dprof]     i:score            3.52     3.1%         21
[dprof]     i:topk             0.74     0.6%         21
[dprof]       mg:count         0.23     0.2%         46
[dprof]       mg:prefix        0.26     0.2%         46
[dprof]       mg:scatter       0.25     0.2%         46
[dprof]       mg:tiles         0.29     0.3%         46
[dprof] draft:main_kv          0.14     0.1%          1
[dprof] draft:block           12.57    11.0%          1
[dprof] draft:head            10.29     9.0%          1
[dprof] TOTAL                114.38
[dprof] *** INVALID: moe children 40.16 ms > MoE 36.21 ms — marks recorded outside the reported window

[dprof] ctx=6169 VB=3 verify=24 — verify step by sub-op, summed over all layers (1542 marks)
[dprof] phase                    ms        %      calls
[dprof] hc_pre  (attn)         2.10     1.7%         43
[dprof] rmsnorm (attn)         0.79     0.6%         43
[dprof] ATTENTION             68.19    54.3%         43
[dprof] hc_post (attn)         0.39     0.3%         43
[dprof] hc_pre  (ffn)          2.91     2.3%         43
[dprof] rmsnorm (ffn)          0.78     0.6%         43
[dprof] MoE                   44.69    35.6%         43
[dprof] hc_post (ffn)          0.33     0.3%         43
[dprof] kv xin copy            0.25     0.2%         41
[dprof] hc_head+norm           0.04     0.0%          1
[dprof] lm_head                5.02     4.0%          1
[dprof]   attn:q_proj          0.50     0.4%          2
[dprof]   attn:kv_write        0.11     0.1%          2
[dprof]   attn:sparse          0.61     0.5%          2
[dprof]   attn:ogroup          0.75     0.6%          2
[dprof]   cattn:q_proj        14.96    11.9%         41
[dprof]   cattn:compress       2.46     2.0%         41
[dprof]   cattn:indexer        7.99     6.4%         21
[dprof]   cattn:sparse        20.19    16.1%         41
[dprof]   cattn:ogroup        16.12    12.8%         41
[dprof]   moe:router           2.02     1.6%         46
[dprof]   moe:group            2.24     1.8%         46
[dprof]   moe:w1w3            28.29    22.5%         46
[dprof]   moe:act              1.62     1.3%         46
[dprof]   moe:w2              13.41    10.7%         46
[dprof]   moe:combine          0.59     0.5%         46
[dprof]   moe:shared           0.29     0.2%         46
[dprof]     q:aq(x)            0.31     0.2%         41
[dprof]     q:wq_a             5.65     4.5%         41
[dprof]     q:rms+aq           0.98     0.8%         41
[dprof]     q:wq_b             6.83     5.4%         41
[dprof]     q:tail             0.60     0.5%         41
[dprof]     q:kv_join          0.06     0.0%         41
[dprof]     o:rope             0.24     0.2%         41
[dprof]     o:wo_a             8.00     6.4%         41
[dprof]     o:wo_b             7.65     6.1%         41
[dprof]     i:qidx             1.60     1.3%         21
[dprof]     i:iw               0.53     0.4%         21
[dprof]     i:score            4.99     4.0%         21
[dprof]     i:topk             0.75     0.6%         21
[dprof]       mg:count         0.27     0.2%         46
[dprof]       mg:prefix        0.25     0.2%         46
[dprof]       mg:scatter       0.24     0.2%         46
[dprof]       mg:tiles         0.31     0.2%         46
[dprof] draft:main_kv          0.14     0.1%          1
[dprof] draft:block           12.34     9.8%          1
[dprof] draft:head            10.21     8.1%          1
[dprof] TOTAL                125.49
[dprof] *** INVALID: moe children 48.47 ms > MoE 44.69 ms — marks recorded outside the reported window

[dprof] ctx=6173 VB=5 verify=28 — verify step by sub-op, summed over all layers (1542 marks)
[dprof] phase                    ms        %      calls
[dprof] hc_pre  (attn)         2.67     1.7%         43
[dprof] rmsnorm (attn)         0.77     0.5%         43
[dprof] ATTENTION             74.36    48.4%         43
[dprof] hc_post (attn)         0.48     0.3%         43
[dprof] hc_pre  (ffn)          3.25     2.1%         43
[dprof] rmsnorm (ffn)          0.79     0.5%         43
[dprof] MoE                   64.05    41.7%         43
[dprof] hc_post (ffn)          0.45     0.3%         43
[dprof] kv xin copy            0.28     0.2%         41
[dprof] hc_head+norm           0.04     0.0%          1
[dprof] lm_head                6.52     4.2%          1
[dprof]   attn:q_proj          0.48     0.3%          2
[dprof]   attn:kv_write        0.08     0.1%          2
[dprof]   attn:sparse          0.62     0.4%          2
[dprof]   attn:ogroup          0.81     0.5%          2
[dprof]   cattn:q_proj        15.14     9.9%         41
[dprof]   cattn:compress       2.45     1.6%         41
[dprof]   cattn:indexer       11.70     7.6%         21
[dprof]   cattn:sparse        21.27    13.8%         41
[dprof]   cattn:ogroup        17.39    11.3%         41
[dprof]   moe:router           2.01     1.3%         46
[dprof]   moe:group            2.37     1.5%         46
[dprof]   moe:w1w3            40.39    26.3%         46
[dprof]   moe:act              1.66     1.1%         46
[dprof]   moe:w2              20.37    13.3%         46
[dprof]   moe:combine          0.71     0.5%         46
[dprof]   moe:shared           0.35     0.2%         46
[dprof]     q:aq(x)            0.33     0.2%         41
[dprof]     q:wq_a             5.81     3.8%         41
[dprof]     q:rms+aq           0.82     0.5%         41
[dprof]     q:wq_b             6.98     4.5%         41
[dprof]     q:tail             0.66     0.4%         41
[dprof]     q:kv_join          0.06     0.0%         41
[dprof]     o:rope             0.26     0.2%         41
[dprof]     o:wo_a             8.50     5.5%         41
[dprof]     o:wo_b             8.39     5.5%         41
[dprof]     i:qidx             1.92     1.2%         21
[dprof]     i:iw               0.65     0.4%         21
[dprof]     i:score            8.20     5.3%         21
[dprof]     i:topk             0.79     0.5%         21
[dprof]       mg:count         0.26     0.2%         46
[dprof]       mg:prefix        0.26     0.2%         46
[dprof]       mg:scatter       0.24     0.2%         46
[dprof]       mg:tiles         0.32     0.2%         46
[dprof] draft:main_kv          0.15     0.1%          1
[dprof] draft:block           12.24     8.0%          1
[dprof] draft:head            10.35     6.7%          1
[dprof] TOTAL                153.66
[dprof] *** INVALID: moe children 67.86 ms > MoE 64.05 ms — marks recorded outside the reported window

[dprof] ctx=6181 VB=3 verify=32 — verify step by sub-op, summed over all layers (1542 marks)
[dprof] phase                    ms        %      calls
[dprof] hc_pre  (attn)         2.13     1.7%         43
[dprof] rmsnorm (attn)         0.76     0.6%         43
[dprof] ATTENTION             67.97    54.7%         43
[dprof] hc_post (attn)         0.36     0.3%         43
[dprof] hc_pre  (ffn)          2.89     2.3%         43
[dprof] rmsnorm (ffn)          0.76     0.6%         43
[dprof] MoE                   43.69    35.2%         43
[dprof] hc_post (ffn)          0.35     0.3%         43
[dprof] kv xin copy            0.23     0.2%         41
[dprof] hc_head+norm           0.03     0.0%          1
[dprof] lm_head                5.07     4.1%          1
[dprof]   attn:q_proj          0.50     0.4%          2
[dprof]   attn:kv_write        0.10     0.1%          2
[dprof]   attn:sparse          0.62     0.5%          2
[dprof]   attn:ogroup          0.75     0.6%          2
[dprof]   cattn:q_proj        15.04    12.1%         41
[dprof]   cattn:compress       2.48     2.0%         41
[dprof]   cattn:indexer        8.04     6.5%         21
[dprof]   cattn:sparse        20.04    16.1%         41
[dprof]   cattn:ogroup        16.07    12.9%         41
[dprof]   moe:router           2.00     1.6%         46
[dprof]   moe:group            2.14     1.7%         46
[dprof]   moe:w1w3            27.88    22.4%         46
[dprof]   moe:act              1.53     1.2%         46
[dprof]   moe:w2              13.36    10.7%         46
[dprof]   moe:combine          0.58     0.5%         46
[dprof]   moe:shared           0.29     0.2%         46
[dprof]     q:aq(x)            0.29     0.2%         41
[dprof]     q:wq_a             5.68     4.6%         41
[dprof]     q:rms+aq           1.06     0.9%         41
[dprof]     q:wq_b             6.88     5.5%         41
[dprof]     q:tail             0.59     0.5%         41
[dprof]     q:kv_join          0.07     0.1%         41
[dprof]     o:rope             0.25     0.2%         41
[dprof]     o:wo_a             8.02     6.5%         41
[dprof]     o:wo_b             7.59     6.1%         41
[dprof]     i:qidx             1.62     1.3%         21
[dprof]     i:iw               0.55     0.4%         21
[dprof]     i:score            4.97     4.0%         21
[dprof]     i:topk             0.75     0.6%         21
[dprof]       mg:count         0.24     0.2%         46
[dprof]       mg:prefix        0.25     0.2%         46
[dprof]       mg:scatter       0.24     0.2%         46
[dprof]       mg:tiles         0.29     0.2%         46
[dprof] draft:main_kv          0.14     0.1%          1
[dprof] draft:block           12.69    10.2%          1
[dprof] draft:head            10.24     8.2%          1
[dprof] TOTAL                124.24
[dprof] *** INVALID: moe children 47.78 ms > MoE 43.69 ms — marks recorded outside the reported window

[dprof] ctx=6190 VB=3 verify=36 — verify step by sub-op, summed over all layers (1542 marks)
[dprof] phase                    ms        %      calls
[dprof] hc_pre  (attn)         2.13     1.7%         43
[dprof] rmsnorm (attn)         0.80     0.6%         43
[dprof] ATTENTION             68.20    54.0%         43
[dprof] hc_post (attn)         0.39     0.3%         43
[dprof] hc_pre  (ffn)          2.89     2.3%         43
[dprof] rmsnorm (ffn)          0.77     0.6%         43
[dprof] MoE                   45.55    36.1%         43
[dprof] hc_post (ffn)          0.34     0.3%         43
[dprof] kv xin copy            0.24     0.2%         41
[dprof] hc_head+norm           0.03     0.0%          1
[dprof] lm_head                4.87     3.9%          1
[dprof]   attn:q_proj          0.46     0.4%          2
[dprof]   attn:kv_write        0.08     0.1%          2
[dprof]   attn:sparse          0.61     0.5%          2
[dprof]   attn:ogroup          0.77     0.6%          2
[dprof]   cattn:q_proj        14.85    11.8%         41
[dprof]   cattn:compress       2.51     2.0%         41
[dprof]   cattn:indexer        8.13     6.4%         21
[dprof]   cattn:sparse        20.22    16.0%         41
[dprof]   cattn:ogroup        16.06    12.7%         41
[dprof]   moe:router           2.00     1.6%         46
[dprof]   moe:group            2.13     1.7%         46
[dprof]   moe:w1w3            29.08    23.0%         46
[dprof]   moe:act              1.49     1.2%         46
[dprof]   moe:w2              13.97    11.1%         46
[dprof]   moe:combine          0.61     0.5%         46
[dprof]   moe:shared           0.27     0.2%         46
[dprof]     q:aq(x)            0.31     0.2%         41
[dprof]     q:wq_a             5.67     4.5%         41
[dprof]     q:rms+aq           0.98     0.8%         41
[dprof]     q:wq_b             6.80     5.4%         41
[dprof]     q:tail             0.58     0.5%         41
[dprof]     q:kv_join          0.06     0.0%         41
[dprof]     o:rope             0.28     0.2%         41
[dprof]     o:wo_a             7.96     6.3%         41
[dprof]     o:wo_b             7.61     6.0%         41
[dprof]     i:qidx             1.66     1.3%         21
[dprof]     i:iw               0.55     0.4%         21
[dprof]     i:score            5.06     4.0%         21
[dprof]     i:topk             0.72     0.6%         21
[dprof]       mg:count         0.24     0.2%         46
[dprof]       mg:prefix        0.25     0.2%         46
[dprof]       mg:scatter       0.25     0.2%         46
[dprof]       mg:tiles         0.28     0.2%         46
[dprof] draft:main_kv          0.14     0.1%          1
[dprof] draft:block           12.51     9.9%          1
[dprof] draft:head            10.36     8.2%          1
[dprof] TOTAL                126.22
[dprof] *** INVALID: moe children 49.55 ms > MoE 45.55 ms — marks recorded outside the reported window

[dprof] ctx=6195 VB=2 verify=40 — verify step by sub-op, summed over all layers (1542 marks)
[dprof] phase                    ms        %      calls
[dprof] hc_pre  (attn)         1.84     1.7%         43
[dprof] rmsnorm (attn)         0.77     0.7%         43
[dprof] ATTENTION             65.73    59.0%         43
[dprof] hc_post (attn)         0.33     0.3%         43
[dprof] hc_pre  (ffn)          2.83     2.5%         43
[dprof] rmsnorm (ffn)          0.77     0.7%         43
[dprof] MoE                   33.48    30.0%         43
[dprof] hc_post (ffn)          0.29     0.3%         43
[dprof] kv xin copy            0.23     0.2%         41
[dprof] hc_head+norm           0.03     0.0%          1
[dprof] lm_head                5.16     4.6%          1
[dprof]   attn:q_proj          0.46     0.4%          2
[dprof]   attn:kv_write        0.08     0.1%          2
[dprof]   attn:sparse          0.60     0.5%          2
[dprof]   attn:ogroup          0.72     0.6%          2
[dprof]   cattn:q_proj        15.13    13.6%         41
[dprof]   cattn:compress       2.53     2.3%         41
[dprof]   cattn:indexer        6.41     5.7%         21
[dprof]   cattn:sparse        19.67    17.6%         41
[dprof]   cattn:ogroup        15.51    13.9%         41
[dprof]   moe:router           1.98     1.8%         46
[dprof]   moe:group            2.08     1.9%         46
[dprof]   moe:w1w3            21.36    19.2%         46
[dprof]   moe:act              1.51     1.4%         46
[dprof]   moe:w2               9.72     8.7%         46
[dprof]   moe:combine          0.55     0.5%         46
[dprof]   moe:shared           0.25     0.2%         46
[dprof]     q:aq(x)            0.29     0.3%         41
[dprof]     q:wq_a             5.85     5.2%         41
[dprof]     q:rms+aq           1.08     1.0%         41
[dprof]     q:wq_b             6.85     6.1%         41
[dprof]     q:tail             0.53     0.5%         41
[dprof]     q:kv_join          0.08     0.1%         41
[dprof]     o:rope             0.24     0.2%         41
[dprof]     o:wo_a             7.70     6.9%         41
[dprof]     o:wo_b             7.37     6.6%         41
[dprof]     i:qidx             1.56     1.4%         21
[dprof]     i:iw               0.46     0.4%         21
[dprof]     i:score            3.52     3.2%         21
[dprof]     i:topk             0.73     0.7%         21
[dprof]       mg:count         0.26     0.2%         46
[dprof]       mg:prefix        0.26     0.2%         46
[dprof]       mg:scatter       0.25     0.2%         46
[dprof]       mg:tiles         0.30     0.3%         46
[dprof] draft:main_kv          0.14     0.1%          1
[dprof] draft:block           12.42    11.1%          1
[dprof] draft:head            10.27     9.2%          1
[dprof] TOTAL                111.46
[dprof] *** INVALID: moe children 37.45 ms > MoE 33.48 ms — marks recorded outside the reported window

[dprof] ctx=6203 VB=2 verify=44 — verify step by sub-op, summed over all layers (1542 marks)
[dprof] phase                    ms        %      calls
[dprof] hc_pre  (attn)         1.87     1.7%         43
[dprof] rmsnorm (attn)         0.78     0.7%         43
[dprof] ATTENTION             65.92    59.7%         43
[dprof] hc_post (attn)         0.31     0.3%         43
[dprof] hc_pre  (ffn)          2.86     2.6%         43
[dprof] rmsnorm (ffn)          0.77     0.7%         43
[dprof] MoE                   32.36    29.3%         43
[dprof] hc_post (ffn)          0.31     0.3%         43
[dprof] kv xin copy            0.25     0.2%         41
[dprof] hc_head+norm           0.03     0.0%          1
[dprof] lm_head                4.95     4.5%          1
[dprof]   attn:q_proj          0.46     0.4%          2
[dprof]   attn:kv_write        0.08     0.1%          2
[dprof]   attn:sparse          0.60     0.5%          2
[dprof]   attn:ogroup          0.72     0.7%          2
[dprof]   cattn:q_proj        15.15    13.7%         41
[dprof]   cattn:compress       2.53     2.3%         41
[dprof]   cattn:indexer        6.37     5.8%         21
[dprof]   cattn:sparse        19.70    17.8%         41
[dprof]   cattn:ogroup        15.67    14.2%         41
[dprof]   moe:router           1.97     1.8%         46
[dprof]   moe:group            2.02     1.8%         46
[dprof]   moe:w1w3            20.57    18.6%         46
[dprof]   moe:act              1.47     1.3%         46
[dprof]   moe:w2               9.57     8.7%         46
[dprof]   moe:combine          0.55     0.5%         46
[dprof]   moe:shared           0.25     0.2%         46
[dprof]     q:aq(x)            0.30     0.3%         41
[dprof]     q:wq_a             5.86     5.3%         41
[dprof]     q:rms+aq           1.07     1.0%         41
[dprof]     q:wq_b             6.84     6.2%         41
[dprof]     q:tail             0.52     0.5%         41
[dprof]     q:kv_join          0.07     0.1%         41
[dprof]     o:rope             0.26     0.2%         41
[dprof]     o:wo_a             7.75     7.0%         41
[dprof]     o:wo_b             7.45     6.7%         41
[dprof]     i:qidx             1.49     1.4%         21
[dprof]     i:iw               0.46     0.4%         21
[dprof]     i:score            3.53     3.2%         21
[dprof]     i:topk             0.75     0.7%         21
[dprof]       mg:count         0.24     0.2%         46
[dprof]       mg:prefix        0.25     0.2%         46
[dprof]       mg:scatter       0.25     0.2%         46
[dprof]       mg:tiles         0.29     0.3%         46
[dprof] draft:main_kv          0.14     0.1%          1
[dprof] draft:block           12.55    11.4%          1
[dprof] draft:head            10.30     9.3%          1
[dprof] TOTAL                110.43
[dprof] *** INVALID: moe children 36.41 ms > MoE 32.36 ms — marks recorded outside the reported window

[dprof] ctx=6209 VB=2 verify=48 — verify step by sub-op, summed over all layers (1542 marks)
[dprof] phase                    ms        %      calls
[dprof] hc_pre  (attn)         1.85     1.8%         43
[dprof] rmsnorm (attn)         0.82     0.8%         43
[dprof] ATTENTION             59.50    56.7%         43
[dprof] hc_post (attn)         0.30     0.3%         43
[dprof] hc_pre  (ffn)          2.84     2.7%         43
[dprof] rmsnorm (ffn)          0.77     0.7%         43
[dprof] MoE                   33.56    32.0%         43
[dprof] hc_post (ffn)          0.29     0.3%         43
[dprof] kv xin copy            0.23     0.2%         41
[dprof] hc_head+norm           0.03     0.0%          1
[dprof] lm_head                4.70     4.5%          1
[dprof]   attn:q_proj          0.49     0.5%          2
[dprof]   attn:kv_write        0.10     0.1%          2
[dprof]   attn:sparse          0.62     0.6%          2
[dprof]   attn:ogroup          0.77     0.7%          2
[dprof]   cattn:q_proj        10.21     9.7%         41
[dprof]   cattn:compress       0.05     0.0%         41
[dprof]   cattn:indexer        6.42     6.1%         21
[dprof]   cattn:sparse        19.91    19.0%         41
[dprof]   cattn:ogroup        15.66    14.9%         41
[dprof]   moe:router           2.00     1.9%         46
[dprof]   moe:group            2.10     2.0%         46
[dprof]   moe:w1w3            21.23    20.2%         46
[dprof]   moe:act              1.50     1.4%         46
[dprof]   moe:w2               9.81     9.4%         46
[dprof]   moe:combine          0.56     0.5%         46
[dprof]   moe:shared           0.27     0.3%         46
[dprof]     q:aq(x)            0.23     0.2%         41
[dprof]     q:wq_a             1.65     1.6%         41
[dprof]     q:rms+aq           0.61     0.6%         41
[dprof]     q:wq_b             6.81     6.5%         41
[dprof]     q:tail             0.47     0.4%         41
[dprof]     q:kv_join          0.05     0.0%         41
[dprof]     o:rope             0.24     0.2%         41
[dprof]     o:wo_a             7.76     7.4%         41
[dprof]     o:wo_b             7.44     7.1%         41
[dprof]     i:qidx             1.58     1.5%         21
[dprof]     i:iw               0.47     0.4%         21
[dprof]     i:score            3.52     3.4%         21
[dprof]     i:topk             0.73     0.7%         21
[dprof]       mg:count         0.28     0.3%         46
[dprof]       mg:prefix        0.29     0.3%         46
[dprof]       mg:scatter       0.25     0.2%         46
[dprof]       mg:tiles         0.26     0.2%         46
[dprof] draft:main_kv          0.14     0.1%          1
[dprof] draft:block           12.44    11.9%          1
[dprof] draft:head            10.31     9.8%          1
[dprof] TOTAL                104.91
[dprof] *** INVALID: moe children 37.46 ms > MoE 33.56 ms — marks recorded outside the reported window

[dprof] ctx=6214 VB=2 verify=52 — verify step by sub-op, summed over all layers (1542 marks)
[dprof] phase                    ms        %      calls
[dprof] hc_pre  (attn)         1.82     1.6%         43
[dprof] rmsnorm (attn)         0.79     0.7%         43
[dprof] ATTENTION             65.63    58.3%         43
[dprof] hc_post (attn)         0.32     0.3%         43
[dprof] hc_pre  (ffn)          2.84     2.5%         43
[dprof] rmsnorm (ffn)          0.77     0.7%         43
[dprof] MoE                   34.88    31.0%         43
[dprof] hc_post (ffn)          0.29     0.3%         43
[dprof] kv xin copy            0.24     0.2%         41
[dprof] hc_head+norm           0.04     0.0%          1
[dprof] lm_head                4.99     4.4%          1
[dprof]   attn:q_proj          0.45     0.4%          2
[dprof]   attn:kv_write        0.08     0.1%          2
[dprof]   attn:sparse          0.60     0.5%          2
[dprof]   attn:ogroup          0.74     0.7%          2
[dprof]   cattn:q_proj        14.91    13.2%         41
[dprof]   cattn:compress       2.56     2.3%         41
[dprof]   cattn:indexer        6.40     5.7%         21
[dprof]   cattn:sparse        19.94    17.7%         41
[dprof]   cattn:ogroup        15.58    13.8%         41
[dprof]   moe:router           1.97     1.8%         46
[dprof]   moe:group            2.03     1.8%         46
[dprof]   moe:w1w3            22.44    19.9%         46
[dprof]   moe:act              1.58     1.4%         46
[dprof]   moe:w2              10.13     9.0%         46
[dprof]   moe:combine          0.57     0.5%         46
[dprof]   moe:shared           0.27     0.2%         46
[dprof]     q:aq(x)            0.50     0.4%         41
[dprof]     q:wq_a             5.40     4.8%         41
[dprof]     q:rms+aq           1.07     1.0%         41
[dprof]     q:wq_b             6.87     6.1%         41
[dprof]     q:tail             0.52     0.5%         41
[dprof]     q:kv_join          0.06     0.1%         41
[dprof]     o:rope             0.25     0.2%         41
[dprof]     o:wo_a             7.71     6.8%         41
[dprof]     o:wo_b             7.38     6.6%         41
[dprof]     i:qidx             1.52     1.4%         21
[dprof]     i:iw               0.46     0.4%         21
[dprof]     i:score            3.52     3.1%         21
[dprof]     i:topk             0.74     0.7%         21
[dprof]       mg:count         0.24     0.2%         46
[dprof]       mg:prefix        0.25     0.2%         46
[dprof]       mg:scatter       0.27     0.2%         46
[dprof]       mg:tiles         0.27     0.2%         46
[dprof] draft:main_kv          0.14     0.1%          1
[dprof] draft:block           12.56    11.2%          1
[dprof] draft:head            10.23     9.1%          1
[dprof] TOTAL                112.61
[dprof] *** INVALID: moe children 39.00 ms > MoE 34.88 ms — marks recorded outside the reported window

[dprof] ctx=6220 VB=2 verify=56 — verify step by sub-op, summed over all layers (1542 marks)
[dprof] phase                    ms        %      calls
[dprof] hc_pre  (attn)         1.81     1.7%         43
[dprof] rmsnorm (attn)         0.76     0.7%         43
[dprof] ATTENTION             59.30    56.2%         43
[dprof] hc_post (attn)         0.30     0.3%         43
[dprof] hc_pre  (ffn)          2.81     2.7%         43
[dprof] rmsnorm (ffn)          0.77     0.7%         43
[dprof] MoE                   34.44    32.6%         43
[dprof] hc_post (ffn)          0.29     0.3%         43
[dprof] kv xin copy            0.24     0.2%         41
[dprof] hc_head+norm           0.03     0.0%          1
[dprof] lm_head                4.77     4.5%          1
[dprof]   attn:q_proj          0.45     0.4%          2
[dprof]   attn:kv_write        0.08     0.1%          2
[dprof]   attn:sparse          0.60     0.6%          2
[dprof]   attn:ogroup          0.73     0.7%          2
[dprof]   cattn:q_proj        10.28     9.7%         41
[dprof]   cattn:compress       0.05     0.0%         41
[dprof]   cattn:indexer        6.37     6.0%         21
[dprof]   cattn:sparse        19.79    18.8%         41
[dprof]   cattn:ogroup        15.65    14.8%         41
[dprof]   moe:router           1.98     1.9%         46
[dprof]   moe:group            1.99     1.9%         46
[dprof]   moe:w1w3            22.06    20.9%         46
[dprof]   moe:act              1.56     1.5%         46
[dprof]   moe:w2               9.96     9.4%         46
[dprof]   moe:combine          0.55     0.5%         46
[dprof]   moe:shared           0.27     0.3%         46
[dprof]     q:aq(x)            0.24     0.2%         41
[dprof]     q:wq_a             1.68     1.6%         41
[dprof]     q:rms+aq           0.63     0.6%         41
[dprof]     q:wq_b             6.77     6.4%         41
[dprof]     q:tail             0.49     0.5%         41
[dprof]     q:kv_join          0.05     0.0%         41
[dprof]     o:rope             0.26     0.2%         41
[dprof]     o:wo_a             7.78     7.4%         41
[dprof]     o:wo_b             7.37     7.0%         41
[dprof]     i:qidx             1.56     1.5%         21
[dprof]     i:iw               0.46     0.4%         21
[dprof]     i:score            3.52     3.3%         21
[dprof]     i:topk             0.69     0.7%         21
[dprof]       mg:count         0.23     0.2%         46
[dprof]       mg:prefix        0.25     0.2%         46
[dprof]       mg:scatter       0.24     0.2%         46
[dprof]       mg:tiles         0.25     0.2%         46
[dprof] draft:main_kv          0.14     0.1%          1
[dprof] draft:block           12.44    11.8%          1
[dprof] draft:head            10.28     9.7%          1
[dprof] TOTAL                105.53
[dprof] *** INVALID: moe children 38.36 ms > MoE 34.44 ms — marks recorded outside the reported window

[dprof] ctx=6225 VB=3 verify=60 — verify step by sub-op, summed over all layers (1542 marks)
[dprof] phase                    ms        %      calls
[dprof] hc_pre  (attn)         2.11     1.7%         43
[dprof] rmsnorm (attn)         0.78     0.6%         43
[dprof] ATTENTION             68.41    54.8%         43
[dprof] hc_post (attn)         0.39     0.3%         43
[dprof] hc_pre  (ffn)          2.87     2.3%         43
[dprof] rmsnorm (ffn)          0.76     0.6%         43
[dprof] MoE                   43.83    35.1%         43
[dprof] hc_post (ffn)          0.35     0.3%         43
[dprof] kv xin copy            0.21     0.2%         41
[dprof] hc_head+norm           0.03     0.0%          1
[dprof] lm_head                5.02     4.0%          1
[dprof]   attn:q_proj          0.46     0.4%          2
[dprof]   attn:kv_write        0.08     0.1%          2
[dprof]   attn:sparse          0.61     0.5%          2
[dprof]   attn:ogroup          0.75     0.6%          2
[dprof]   cattn:q_proj        14.89    11.9%         41
[dprof]   cattn:compress       2.45     2.0%         41
[dprof]   cattn:indexer        8.17     6.5%         21
[dprof]   cattn:sparse        20.43    16.4%         41
[dprof]   cattn:ogroup        16.04    12.9%         41
[dprof]   moe:router           2.00     1.6%         46
[dprof]   moe:group            2.14     1.7%         46
[dprof]   moe:w1w3            27.76    22.2%         46
[dprof]   moe:act              1.54     1.2%         46
[dprof]   moe:w2              13.37    10.7%         46
[dprof]   moe:combine          0.60     0.5%         46
[dprof]   moe:shared           0.27     0.2%         46
[dprof]     q:aq(x)            0.28     0.2%         41
[dprof]     q:wq_a             5.63     4.5%         41
[dprof]     q:rms+aq           0.99     0.8%         41
[dprof]     q:wq_b             6.87     5.5%         41
[dprof]     q:tail             0.58     0.5%         41
[dprof]     q:kv_join          0.07     0.1%         41
[dprof]     o:rope             0.25     0.2%         41
[dprof]     o:wo_a             8.05     6.5%         41
[dprof]     o:wo_b             7.50     6.0%         41
[dprof]     i:qidx             1.62     1.3%         21
[dprof]     i:iw               0.54     0.4%         21
[dprof]     i:score            5.14     4.1%         21
[dprof]     i:topk             0.74     0.6%         21
[dprof]       mg:count         0.25     0.2%         46
[dprof]       mg:prefix        0.26     0.2%         46
[dprof]       mg:scatter       0.24     0.2%         46
[dprof]       mg:tiles         0.28     0.2%         46
[dprof] draft:main_kv          0.13     0.1%          1
[dprof] draft:block           12.36     9.9%          1
[dprof] draft:head            10.24     8.2%          1
[dprof] TOTAL                124.77
[dprof] *** INVALID: moe children 47.68 ms > MoE 43.83 ms — marks recorded outside the reported window

[dprof] ctx=6232 VB=2 verify=64 — verify step by sub-op, summed over all layers (1542 marks)
[dprof] phase                    ms        %      calls
[dprof] hc_pre  (attn)         1.86     1.8%         43
[dprof] rmsnorm (attn)         0.76     0.7%         43
[dprof] ATTENTION             59.26    56.1%         43
[dprof] hc_post (attn)         0.33     0.3%         43
[dprof] hc_pre  (ffn)          2.83     2.7%         43
[dprof] rmsnorm (ffn)          0.81     0.8%         43
[dprof] MoE                   34.07    32.3%         43
[dprof] hc_post (ffn)          0.32     0.3%         43
[dprof] kv xin copy            0.24     0.2%         41
[dprof] hc_head+norm           0.03     0.0%          1
[dprof] lm_head                5.09     4.8%          1
[dprof]   attn:q_proj          0.45     0.4%          2
[dprof]   attn:kv_write        0.08     0.1%          2
[dprof]   attn:sparse          0.60     0.6%          2
[dprof]   attn:ogroup          0.72     0.7%          2
[dprof]   cattn:q_proj        10.34     9.8%         41
[dprof]   cattn:compress       0.05     0.0%         41
[dprof]   cattn:indexer        6.36     6.0%         21
[dprof]   cattn:sparse        19.81    18.8%         41
[dprof]   cattn:ogroup        15.65    14.8%         41
[dprof]   moe:router           2.00     1.9%         46
[dprof]   moe:group            2.01     1.9%         46
[dprof]   moe:w1w3            21.79    20.6%         46
[dprof]   moe:act              1.51     1.4%         46
[dprof]   moe:w2               9.96     9.4%         46
[dprof]   moe:combine          0.56     0.5%         46
[dprof]   moe:shared           0.26     0.2%         46
[dprof]     q:aq(x)            0.24     0.2%         41
[dprof]     q:wq_a             1.69     1.6%         41
[dprof]     q:rms+aq           0.63     0.6%         41
[dprof]     q:wq_b             6.78     6.4%         41
[dprof]     q:tail             0.49     0.5%         41
[dprof]     q:kv_join          0.05     0.1%         41
[dprof]     o:rope             0.24     0.2%         41
[dprof]     o:wo_a             7.70     7.3%         41
[dprof]     o:wo_b             7.50     7.1%         41
[dprof]     i:qidx             1.57     1.5%         21
[dprof]     i:iw               0.45     0.4%         21
[dprof]     i:score            3.51     3.3%         21
[dprof]     i:topk             0.71     0.7%         21
[dprof]       mg:count         0.26     0.2%         46
[dprof]       mg:prefix        0.24     0.2%         46
[dprof]       mg:scatter       0.25     0.2%         46
[dprof]       mg:tiles         0.26     0.2%         46
[dprof] draft:main_kv          0.14     0.1%          1
[dprof] draft:block           12.57    11.9%          1
[dprof] draft:head            10.31     9.8%          1
[dprof] TOTAL                105.61
[dprof] *** INVALID: moe children 38.09 ms > MoE 34.07 ms — marks recorded outside the reported window

[dprof] ctx=6236 VB=2 verify=68 — verify step by sub-op, summed over all layers (1542 marks)
[dprof] phase                    ms        %      calls
[dprof] hc_pre  (attn)         1.86     1.7%         43
[dprof] rmsnorm (attn)         0.76     0.7%         43
[dprof] ATTENTION             59.62    54.7%         43
[dprof] hc_post (attn)         0.33     0.3%         43
[dprof] hc_pre  (ffn)          2.80     2.6%         43
[dprof] rmsnorm (ffn)          0.75     0.7%         43
[dprof] MoE                   37.13    34.0%         43
[dprof] hc_post (ffn)          0.28     0.3%         43
[dprof] kv xin copy            0.23     0.2%         41
[dprof] hc_head+norm           0.03     0.0%          1
[dprof] lm_head                5.25     4.8%          1
[dprof]   attn:q_proj          0.45     0.4%          2
[dprof]   attn:kv_write        0.08     0.1%          2
[dprof]   attn:sparse          0.61     0.6%          2
[dprof]   attn:ogroup          0.72     0.7%          2
[dprof]   cattn:q_proj        10.27     9.4%         41
[dprof]   cattn:compress       0.05     0.0%         41
[dprof]   cattn:indexer        6.42     5.9%         21
[dprof]   cattn:sparse        20.07    18.4%         41
[dprof]   cattn:ogroup        15.63    14.3%         41
[dprof]   moe:router           1.96     1.8%         46
[dprof]   moe:group            2.02     1.8%         46
[dprof]   moe:w1w3            23.91    21.9%         46
[dprof]   moe:act              1.69     1.6%         46
[dprof]   moe:w2              10.71     9.8%         46
[dprof]   moe:combine          0.55     0.5%         46
[dprof]   moe:shared           0.26     0.2%         46
[dprof]     q:aq(x)            0.25     0.2%         41
[dprof]     q:wq_a             1.67     1.5%         41
[dprof]     q:rms+aq           0.60     0.5%         41
[dprof]     q:wq_b             6.79     6.2%         41
[dprof]     q:tail             0.50     0.5%         41
[dprof]     q:kv_join          0.05     0.0%         41
[dprof]     o:rope             0.24     0.2%         41
[dprof]     o:wo_a             7.74     7.1%         41
[dprof]     o:wo_b             7.43     6.8%         41
[dprof]     i:qidx             1.54     1.4%         21
[dprof]     i:iw               0.46     0.4%         21
[dprof]     i:score            3.52     3.2%         21
[dprof]     i:topk             0.76     0.7%         21
[dprof]       mg:count         0.24     0.2%         46
[dprof]       mg:prefix        0.25     0.2%         46
[dprof]       mg:scatter       0.25     0.2%         46
[dprof]       mg:tiles         0.26     0.2%         46
[dprof] draft:main_kv          0.14     0.1%          1
[dprof] draft:block           12.54    11.5%          1
[dprof] draft:head            10.35     9.5%          1
[dprof] TOTAL                109.05
[dprof] *** INVALID: moe children 41.10 ms > MoE 37.13 ms — marks recorded outside the reported window

[dprof] ctx=6242 VB=2 verify=72 — verify step by sub-op, summed over all layers (1542 marks)
[dprof] phase                    ms        %      calls
[dprof] hc_pre  (attn)         1.88     1.7%         43
[dprof] rmsnorm (attn)         0.77     0.7%         43
[dprof] ATTENTION             65.88    59.0%         43
[dprof] hc_post (attn)         0.34     0.3%         43
[dprof] hc_pre  (ffn)          2.84     2.5%         43
[dprof] rmsnorm (ffn)          0.76     0.7%         43
[dprof] MoE                   33.69    30.2%         43
[dprof] hc_post (ffn)          0.32     0.3%         43
[dprof] kv xin copy            0.22     0.2%         41
[dprof] hc_head+norm           0.03     0.0%          1
[dprof] lm_head                4.97     4.4%          1
[dprof]   attn:q_proj          0.45     0.4%          2
[dprof]   attn:kv_write        0.08     0.1%          2
[dprof]   attn:sparse          0.60     0.5%          2
[dprof]   attn:ogroup          0.72     0.6%          2
[dprof]   cattn:q_proj        14.95    13.4%         41
[dprof]   cattn:compress       2.50     2.2%         41
[dprof]   cattn:indexer        6.33     5.7%         21
[dprof]   cattn:sparse        20.04    17.9%         41
[dprof]   cattn:ogroup        15.62    14.0%         41
[dprof]   moe:router           1.98     1.8%         46
[dprof]   moe:group            2.03     1.8%         46
[dprof]   moe:w1w3            21.39    19.1%         46
[dprof]   moe:act              1.47     1.3%         46
[dprof]   moe:w2               9.77     8.7%         46
[dprof]   moe:combine          0.54     0.5%         46
[dprof]   moe:shared           0.29     0.3%         46
[dprof]     q:aq(x)            0.42     0.4%         41
[dprof]     q:wq_a             5.51     4.9%         41
[dprof]     q:rms+aq           1.08     1.0%         41
[dprof]     q:wq_b             6.81     6.1%         41
[dprof]     q:tail             0.55     0.5%         41
[dprof]     q:kv_join          0.08     0.1%         41
[dprof]     o:rope             0.27     0.2%         41
[dprof]     o:wo_a             7.71     6.9%         41
[dprof]     o:wo_b             7.40     6.6%         41
[dprof]     i:qidx             1.50     1.3%         21
[dprof]     i:iw               0.45     0.4%         21
[dprof]     i:score            3.52     3.2%         21
[dprof]     i:topk             0.73     0.7%         21
[dprof]       mg:count         0.24     0.2%         46
[dprof]       mg:prefix        0.24     0.2%         46
[dprof]       mg:scatter       0.24     0.2%         46
[dprof]       mg:tiles         0.28     0.3%         46
[dprof] draft:main_kv          0.14     0.1%          1
[dprof] draft:block           12.28    11.0%          1
[dprof] draft:head            10.34     9.3%          1
[dprof] TOTAL                111.72
[dprof] *** INVALID: moe children 37.46 ms > MoE 33.69 ms — marks recorded outside the reported window

[dprof] ctx=6247 VB=6 verify=76 — verify step by sub-op, summed over all layers (1542 marks)
[dprof] phase                    ms        %      calls
[dprof] hc_pre  (attn)         2.93     1.6%         43
[dprof] rmsnorm (attn)         0.75     0.4%         43
[dprof] ATTENTION             88.68    49.1%         43
[dprof] hc_post (attn)         0.49     0.3%         43
[dprof] hc_pre  (ffn)          4.63     2.6%         43
[dprof] rmsnorm (ffn)          0.74     0.4%         43
[dprof] MoE                   73.80    40.9%         43
[dprof] hc_post (ffn)          0.43     0.2%         43
[dprof] kv xin copy            0.23     0.1%         41
[dprof] hc_head+norm           0.04     0.0%          1
[dprof] lm_head                7.76     4.3%          1
[dprof]   attn:q_proj          0.51     0.3%          2
[dprof]   attn:kv_write        0.08     0.0%          2
[dprof]   attn:sparse          0.63     0.3%          2
[dprof]   attn:ogroup          0.99     0.6%          2
[dprof]   cattn:q_proj        15.75     8.7%         41
[dprof]   cattn:compress       9.41     5.2%         41
[dprof]   cattn:indexer       14.15     7.8%         21
[dprof]   cattn:sparse        22.07    12.2%         41
[dprof]   cattn:ogroup        20.32    11.3%         41
[dprof]   moe:router           1.97     1.1%         46
[dprof]   moe:group            2.47     1.4%         46
[dprof]   moe:w1w3            46.88    26.0%         46
[dprof]   moe:act              1.86     1.0%         46
[dprof]   moe:w2              23.62    13.1%         46
[dprof]   moe:combine          0.69     0.4%         46
[dprof]   moe:shared           0.33     0.2%         46
[dprof]     q:aq(x)            0.31     0.2%         41
[dprof]     q:wq_a             6.15     3.4%         41
[dprof]     q:rms+aq           0.77     0.4%         41
[dprof]     q:wq_b             7.28     4.0%         41
[dprof]     q:tail             0.74     0.4%         41
[dprof]     q:kv_join          0.06     0.0%         41
[dprof]     o:rope             0.31     0.2%         41
[dprof]     o:wo_a            11.13     6.2%         41
[dprof]     o:wo_b             8.64     4.8%         41
[dprof]     i:qidx             2.07     1.1%         21
[dprof]     i:iw               1.24     0.7%         21
[dprof]     i:score            9.83     5.4%         21
[dprof]     i:topk             0.83     0.5%         21
[dprof]       mg:count         0.27     0.1%         46
[dprof]       mg:prefix        0.24     0.1%         46
[dprof]       mg:scatter       0.24     0.1%         46
[dprof]       mg:tiles         0.31     0.2%         46
[dprof] draft:main_kv          0.15     0.1%          1
[dprof] draft:block           12.37     6.9%          1
[dprof] draft:head            10.24     5.7%          1
[dprof] TOTAL                180.49
[dprof] *** INVALID: moe children 77.82 ms > MoE 73.80 ms — marks recorded outside the reported window

[dprof] ctx=6256 VB=2 verify=80 — verify step by sub-op, summed over all layers (1542 marks)
[dprof] phase                    ms        %      calls
[dprof] hc_pre  (attn)         1.83     1.7%         43
[dprof] rmsnorm (attn)         0.76     0.7%         43
[dprof] ATTENTION             59.53    55.1%         43
[dprof] hc_post (attn)         0.33     0.3%         43
[dprof] hc_pre  (ffn)          2.80     2.6%         43
[dprof] rmsnorm (ffn)          0.76     0.7%         43
[dprof] MoE                   36.26    33.6%         43
[dprof] hc_post (ffn)          0.30     0.3%         43
[dprof] kv xin copy            0.23     0.2%         41
[dprof] hc_head+norm           0.04     0.0%          1
[dprof] lm_head                5.17     4.8%          1
[dprof]   attn:q_proj          0.45     0.4%          2
[dprof]   attn:kv_write        0.08     0.1%          2
[dprof]   attn:sparse          0.60     0.6%          2
[dprof]   attn:ogroup          0.73     0.7%          2
[dprof]   cattn:q_proj        10.24     9.5%         41
[dprof]   cattn:compress       0.05     0.0%         41
[dprof]   cattn:indexer        6.43     6.0%         21
[dprof]   cattn:sparse        20.01    18.5%         41
[dprof]   cattn:ogroup        15.71    14.5%         41
[dprof]   moe:router           1.97     1.8%         46
[dprof]   moe:group            2.04     1.9%         46
[dprof]   moe:w1w3            23.15    21.4%         46
[dprof]   moe:act              1.51     1.4%         46
[dprof]   moe:w2              10.52     9.7%         46
[dprof]   moe:combine          0.55     0.5%         46
[dprof]   moe:shared           0.26     0.2%         46
[dprof]     q:aq(x)            0.25     0.2%         41
[dprof]     q:wq_a             1.67     1.5%         41
[dprof]     q:rms+aq           0.60     0.6%         41
[dprof]     q:wq_b             6.77     6.3%         41
[dprof]     q:tail             0.49     0.5%         41
[dprof]     q:kv_join          0.07     0.1%         41
[dprof]     o:rope             0.26     0.2%         41
[dprof]     o:wo_a             7.77     7.2%         41
[dprof]     o:wo_b             7.46     6.9%         41
[dprof]     i:qidx             1.57     1.5%         21
[dprof]     i:iw               0.49     0.5%         21
[dprof]     i:score            3.52     3.3%         21
[dprof]     i:topk             0.72     0.7%         21
[dprof]       mg:count         0.24     0.2%         46
[dprof]       mg:prefix        0.24     0.2%         46
[dprof]       mg:scatter       0.24     0.2%         46
[dprof]       mg:tiles         0.27     0.2%         46
[dprof] draft:main_kv          0.14     0.1%          1
[dprof] draft:block           12.26    11.3%          1
[dprof] draft:head            10.29     9.5%          1
[dprof] TOTAL                108.01
[dprof] *** INVALID: moe children 40.00 ms > MoE 36.26 ms — marks recorded outside the reported window

[dprof] ctx=6131 VB=6 verify=0 — verify step by sub-op, summed over all layers (1542 marks)
[dprof] phase                    ms        %      calls
[dprof] hc_pre  (attn)         2.97     1.6%         43
[dprof] rmsnorm (attn)         0.77     0.4%         43
[dprof] ATTENTION             88.06    47.3%         43
[dprof] hc_post (attn)         0.49     0.3%         43
[dprof] hc_pre  (ffn)          4.65     2.5%         43
[dprof] rmsnorm (ffn)          0.77     0.4%         43
[dprof] MoE                   79.88    42.9%         43
[dprof] hc_post (ffn)          0.44     0.2%         43
[dprof] kv xin copy            0.22     0.1%         41
[dprof] hc_head+norm           0.04     0.0%          1
[dprof] lm_head                7.75     4.2%          1
[dprof]   attn:q_proj          0.49     0.3%          2
[dprof]   attn:kv_write        0.09     0.0%          2
[dprof]   attn:sparse          0.64     0.3%          2
[dprof]   attn:ogroup          0.98     0.5%          2
[dprof]   cattn:q_proj        15.81     8.5%         41
[dprof]   cattn:compress       9.45     5.1%         41
[dprof]   cattn:indexer       13.83     7.4%         21
[dprof]   cattn:sparse        21.91    11.8%         41
[dprof]   cattn:ogroup        20.32    10.9%         41
[dprof]   moe:router           2.00     1.1%         46
[dprof]   moe:group            2.50     1.3%         46
[dprof]   moe:w1w3            50.82    27.3%         46
[dprof]   moe:act              1.86     1.0%         46
[dprof]   moe:w2              25.38    13.6%         46
[dprof]   moe:combine          0.73     0.4%         46
[dprof]   moe:shared           0.36     0.2%         46
[dprof]     q:aq(x)            0.46     0.2%         41
[dprof]     q:wq_a             6.02     3.2%         41
[dprof]     q:rms+aq           0.79     0.4%         41
[dprof]     q:wq_b             7.34     3.9%         41
[dprof]     q:tail             0.68     0.4%         41
[dprof]     q:kv_join          0.06     0.0%         41
[dprof]     o:rope             0.29     0.2%         41
[dprof]     o:wo_a            11.14     6.0%         41
[dprof]     o:wo_b             8.66     4.7%         41
[dprof]     i:qidx             2.07     1.1%         21
[dprof]     i:iw               1.23     0.7%         21
[dprof]     i:score            9.63     5.2%         21
[dprof]     i:topk             0.77     0.4%         21
[dprof]       mg:count         0.24     0.1%         46
[dprof]       mg:prefix        0.25     0.1%         46
[dprof]       mg:scatter       0.26     0.1%         46
[dprof]       mg:tiles         0.29     0.2%         46
[dprof] draft:main_kv          0.01     0.0%          1
[dprof] draft:block           12.14     6.5%          1
[dprof] draft:head            10.26     5.5%          1
[dprof] TOTAL                186.04
[dprof] *** INVALID: moe children 83.65 ms > MoE 79.88 ms — marks recorded outside the reported window

[dprof] ctx=6142 VB=3 verify=4 — verify step by sub-op, summed over all layers (1542 marks)
[dprof] phase                    ms        %      calls
[dprof] hc_pre  (attn)         2.11     1.3%         43
[dprof] rmsnorm (attn)         0.77     0.5%         43
[dprof] ATTENTION            109.31    65.8%         43
[dprof] hc_post (attn)         0.39     0.2%         43
[dprof] hc_pre  (ffn)          2.91     1.8%         43
[dprof] rmsnorm (ffn)          0.77     0.5%         43
[dprof] MoE                   44.47    26.8%         43
[dprof] hc_post (ffn)          0.36     0.2%         43
[dprof] kv xin copy            0.22     0.1%         41
[dprof] hc_head+norm           0.03     0.0%          1
[dprof] lm_head                4.82     2.9%          1
[dprof]   attn:q_proj          0.45     0.3%          2
[dprof]   attn:kv_write        0.08     0.1%          2
[dprof]   attn:sparse          0.63     0.4%          2
[dprof]   attn:ogroup          0.77     0.5%          2
[dprof]   cattn:q_proj        14.91     9.0%         41
[dprof]   cattn:compress      44.16    26.6%         41
[dprof]   cattn:indexer        8.01     4.8%         21
[dprof]   cattn:sparse        20.21    12.2%         41
[dprof]   cattn:ogroup        16.15     9.7%         41
[dprof]   moe:router           1.98     1.2%         46
[dprof]   moe:group            2.20     1.3%         46
[dprof]   moe:w1w3            28.18    17.0%         46
[dprof]   moe:act              1.55     0.9%         46
[dprof]   moe:w2              13.44     8.1%         46
[dprof]   moe:combine          0.60     0.4%         46
[dprof]   moe:shared           0.30     0.2%         46
[dprof]     q:aq(x)            0.27     0.2%         41
[dprof]     q:wq_a             5.74     3.5%         41
[dprof]     q:rms+aq           0.97     0.6%         41
[dprof]     q:wq_b             6.87     4.1%         41
[dprof]     q:tail             0.55     0.3%         41
[dprof]     q:kv_join          0.07     0.0%         41
[dprof]     o:rope             0.24     0.1%         41
[dprof]     o:wo_a             8.10     4.9%         41
[dprof]     o:wo_b             7.56     4.5%         41
[dprof]     i:qidx             1.64     1.0%         21
[dprof]     i:iw               0.54     0.3%         21
[dprof]     i:score            4.98     3.0%         21
[dprof]     i:topk             0.73     0.4%         21
[dprof]       mg:count         0.28     0.2%         46
[dprof]       mg:prefix        0.25     0.2%         46
[dprof]       mg:scatter       0.24     0.1%         46
[dprof]       mg:tiles         0.32     0.2%         46
[dprof] draft:main_kv          0.14     0.1%          1
[dprof] draft:block           12.33     7.4%          1
[dprof] draft:head            10.23     6.2%          1
[dprof] TOTAL                166.16
[dprof] *** INVALID: moe children 48.25 ms > MoE 44.47 ms — marks recorded outside the reported window

[dprof] ctx=6149 VB=3 verify=8 — verify step by sub-op, summed over all layers (1542 marks)
[dprof] phase                    ms        %      calls
[dprof] hc_pre  (attn)         2.11     1.7%         43
[dprof] rmsnorm (attn)         0.77     0.6%         43
[dprof] ATTENTION             67.89    54.5%         43
[dprof] hc_post (attn)         0.37     0.3%         43
[dprof] hc_pre  (ffn)          2.88     2.3%         43
[dprof] rmsnorm (ffn)          0.75     0.6%         43
[dprof] MoE                   44.08    35.4%         43
[dprof] hc_post (ffn)          0.35     0.3%         43
[dprof] kv xin copy            0.22     0.2%         41
[dprof] hc_head+norm           0.04     0.0%          1
[dprof] lm_head                5.09     4.1%          1
[dprof]   attn:q_proj          0.46     0.4%          2
[dprof]   attn:kv_write        0.08     0.1%          2
[dprof]   attn:sparse          0.61     0.5%          2
[dprof]   attn:ogroup          0.75     0.6%          2
[dprof]   cattn:q_proj        14.93    12.0%         41
[dprof]   cattn:compress       2.46     2.0%         41
[dprof]   cattn:indexer        8.07     6.5%         21
[dprof]   cattn:sparse        20.16    16.2%         41
[dprof]   cattn:ogroup        16.04    12.9%         41
[dprof]   moe:router           1.98     1.6%         46
[dprof]   moe:group            2.17     1.7%         46
[dprof]   moe:w1w3            27.85    22.4%         46
[dprof]   moe:act              1.45     1.2%         46
[dprof]   moe:w2              13.55    10.9%         46
[dprof]   moe:combine          0.61     0.5%         46
[dprof]   moe:shared           0.29     0.2%         46
[dprof]     q:aq(x)            0.41     0.3%         41
[dprof]     q:wq_a             5.54     4.5%         41
[dprof]     q:rms+aq           1.00     0.8%         41
[dprof]     q:wq_b             6.86     5.5%         41
[dprof]     q:tail             0.56     0.5%         41
[dprof]     q:kv_join          0.06     0.1%         41
[dprof]     o:rope             0.24     0.2%         41
[dprof]     o:wo_a             8.06     6.5%         41
[dprof]     o:wo_b             7.53     6.0%         41
[dprof]     i:qidx             1.64     1.3%         21
[dprof]     i:iw               0.56     0.5%         21
[dprof]     i:score            4.98     4.0%         21
[dprof]     i:topk             0.75     0.6%         21
[dprof]       mg:count         0.25     0.2%         46
[dprof]       mg:prefix        0.24     0.2%         46
[dprof]       mg:scatter       0.27     0.2%         46
[dprof]       mg:tiles         0.28     0.2%         46
[dprof] draft:main_kv          0.15     0.1%          1
[dprof] draft:block           12.25     9.8%          1
[dprof] draft:head            10.29     8.3%          1
[dprof] TOTAL                124.54
[dprof] *** INVALID: moe children 47.90 ms > MoE 44.08 ms — marks recorded outside the reported window

[dprof] ctx=6156 VB=2 verify=12 — verify step by sub-op, summed over all layers (1542 marks)
[dprof] phase                    ms        %      calls
[dprof] hc_pre  (attn)         1.85     1.8%         43
[dprof] rmsnorm (attn)         0.77     0.7%         43
[dprof] ATTENTION             58.92    56.0%         43
[dprof] hc_post (attn)         0.31     0.3%         43
[dprof] hc_pre  (ffn)          2.87     2.7%         43
[dprof] rmsnorm (ffn)          0.76     0.7%         43
[dprof] MoE                   34.06    32.4%         43
[dprof] hc_post (ffn)          0.28     0.3%         43
[dprof] kv xin copy            0.26     0.2%         41
[dprof] hc_head+norm           0.03     0.0%          1
[dprof] lm_head                5.02     4.8%          1
[dprof]   attn:q_proj          0.45     0.4%          2
[dprof]   attn:kv_write        0.08     0.1%          2
[dprof]   attn:sparse          0.61     0.6%          2
[dprof]   attn:ogroup          0.72     0.7%          2
[dprof]   cattn:q_proj        10.23     9.7%         41
[dprof]   cattn:compress       0.05     0.0%         41
[dprof]   cattn:indexer        6.40     6.1%         21
[dprof]   cattn:sparse        19.76    18.8%         41
[dprof]   cattn:ogroup        15.42    14.7%         41
[dprof]   moe:router           1.99     1.9%         46
[dprof]   moe:group            2.11     2.0%         46
[dprof]   moe:w1w3            21.85    20.8%         46
[dprof]   moe:act              1.55     1.5%         46
[dprof]   moe:w2               9.91     9.4%         46
[dprof]   moe:combine          0.56     0.5%         46
[dprof]   moe:shared           0.26     0.2%         46
[dprof]     q:aq(x)            0.24     0.2%         41
[dprof]     q:wq_a             1.68     1.6%         41
[dprof]     q:rms+aq           0.60     0.6%         41
[dprof]     q:wq_b             6.79     6.5%         41
[dprof]     q:tail             0.48     0.5%         41
[dprof]     q:kv_join          0.05     0.0%         41
[dprof]     o:rope             0.25     0.2%         41
[dprof]     o:wo_a             7.72     7.3%         41
[dprof]     o:wo_b             7.25     6.9%         41
[dprof]     i:qidx             1.54     1.5%         21
[dprof]     i:iw               0.46     0.4%         21
[dprof]     i:score            3.52     3.4%         21
[dprof]     i:topk             0.74     0.7%         21
[dprof]       mg:count         0.25     0.2%         46
[dprof]       mg:prefix        0.26     0.2%         46
[dprof]       mg:scatter       0.27     0.3%         46
[dprof]       mg:tiles         0.26     0.2%         46
[dprof] draft:main_kv          0.14     0.1%          1
[dprof] draft:block           12.69    12.1%          1
[dprof] draft:head            10.25     9.7%          1
[dprof] TOTAL                105.13
[dprof] *** INVALID: moe children 38.23 ms > MoE 34.06 ms — marks recorded outside the reported window

[dprof] ctx=6161 VB=3 verify=16 — verify step by sub-op, summed over all layers (1542 marks)
[dprof] phase                    ms        %      calls
[dprof] hc_pre  (attn)         2.12     1.6%         43
[dprof] rmsnorm (attn)         0.78     0.6%         43
[dprof] ATTENTION             68.30    52.9%         43
[dprof] hc_post (attn)         0.39     0.3%         43
[dprof] hc_pre  (ffn)          2.91     2.3%         43
[dprof] rmsnorm (ffn)          0.77     0.6%         43
[dprof] MoE                   48.22    37.4%         43
[dprof] hc_post (ffn)          0.36     0.3%         43
[dprof] kv xin copy            0.23     0.2%         41
[dprof] hc_head+norm           0.04     0.0%          1
[dprof] lm_head                4.97     3.9%          1
[dprof]   attn:q_proj          0.46     0.4%          2
[dprof]   attn:kv_write        0.08     0.1%          2
[dprof]   attn:sparse          0.61     0.5%          2
[dprof]   attn:ogroup          0.75     0.6%          2
[dprof]   cattn:q_proj        14.98    11.6%         41
[dprof]   cattn:compress       2.44     1.9%         41
[dprof]   cattn:indexer        8.04     6.2%         21
[dprof]   cattn:sparse        20.51    15.9%         41
[dprof]   cattn:ogroup        15.99    12.4%         41
[dprof]   moe:router           2.02     1.6%         46
[dprof]   moe:group            2.18     1.7%         46
[dprof]   moe:w1w3            31.23    24.2%         46
[dprof]   moe:act              1.61     1.2%         46
[dprof]   moe:w2              14.63    11.3%         46
[dprof]   moe:combine          0.62     0.5%         46
[dprof]   moe:shared           0.29     0.2%         46
[dprof]     q:aq(x)            0.48     0.4%         41
[dprof]     q:wq_a             5.46     4.2%         41
[dprof]     q:rms+aq           1.00     0.8%         41
[dprof]     q:wq_b             6.89     5.3%         41
[dprof]     q:tail             0.58     0.4%         41
[dprof]     q:kv_join          0.09     0.1%         41
[dprof]     o:rope             0.27     0.2%         41
[dprof]     o:wo_a             7.96     6.2%         41
[dprof]     o:wo_b             7.56     5.9%         41
[dprof]     i:qidx             1.63     1.3%         21
[dprof]     i:iw               0.54     0.4%         21
[dprof]     i:score            5.01     3.9%         21
[dprof]     i:topk             0.74     0.6%         21
[dprof]       mg:count         0.26     0.2%         46
[dprof]       mg:prefix        0.25     0.2%         46
[dprof]       mg:scatter       0.27     0.2%         46
[dprof]       mg:tiles         0.29     0.2%         46
[dprof] draft:main_kv          0.14     0.1%          1
[dprof] draft:block           12.87    10.0%          1
[dprof] draft:head            10.26     7.9%          1
[dprof] TOTAL                129.07
[dprof] *** INVALID: moe children 52.57 ms > MoE 48.22 ms — marks recorded outside the reported window

[dprof] ctx=6167 VB=2 verify=20 — verify step by sub-op, summed over all layers (1542 marks)
[dprof] phase                    ms        %      calls
[dprof] hc_pre  (attn)         1.82     1.6%         43
[dprof] rmsnorm (attn)         0.77     0.7%         43
[dprof] ATTENTION             65.68    58.8%         43
[dprof] hc_post (attn)         0.33     0.3%         43
[dprof] hc_pre  (ffn)          2.80     2.5%         43
[dprof] rmsnorm (ffn)          0.75     0.7%         43
[dprof] MoE                   34.36    30.7%         43
[dprof] hc_post (ffn)          0.30     0.3%         43
[dprof] kv xin copy            0.22     0.2%         41
[dprof] hc_head+norm           0.03     0.0%          1
[dprof] lm_head                4.71     4.2%          1
[dprof]   attn:q_proj          0.45     0.4%          2
[dprof]   attn:kv_write        0.08     0.1%          2
[dprof]   attn:sparse          0.62     0.6%          2
[dprof]   attn:ogroup          0.77     0.7%          2
[dprof]   cattn:q_proj        15.03    13.4%         41
[dprof]   cattn:compress       2.48     2.2%         41
[dprof]   cattn:indexer        6.39     5.7%         21
[dprof]   cattn:sparse        19.81    17.7%         41
[dprof]   cattn:ogroup        15.52    13.9%         41
[dprof]   moe:router           1.96     1.8%         46
[dprof]   moe:group            2.00     1.8%         46
[dprof]   moe:w1w3            22.10    19.8%         46
[dprof]   moe:act              1.52     1.4%         46
[dprof]   moe:w2              10.18     9.1%         46
[dprof]   moe:combine          0.59     0.5%         46
[dprof]   moe:shared           0.27     0.2%         46
[dprof]     q:aq(x)            0.53     0.5%         41
[dprof]     q:wq_a             5.56     5.0%         41
[dprof]     q:rms+aq           1.10     1.0%         41
[dprof]     q:wq_b             6.75     6.0%         41
[dprof]     q:tail             0.54     0.5%         41
[dprof]     q:kv_join          0.06     0.1%         41
[dprof]     o:rope             0.25     0.2%         41
[dprof]     o:wo_a             7.70     6.9%         41
[dprof]     o:wo_b             7.35     6.6%         41
[dprof]     i:qidx             1.52     1.4%         21
[dprof]     i:iw               0.46     0.4%         21
[dprof]     i:score            3.52     3.2%         21
[dprof]     i:topk             0.74     0.7%         21
[dprof]       mg:count         0.24     0.2%         46
[dprof]       mg:prefix        0.25     0.2%         46
[dprof]       mg:scatter       0.25     0.2%         46
[dprof]       mg:tiles         0.28     0.3%         46
[dprof] draft:main_kv          0.14     0.1%          1
[dprof] draft:block           12.71    11.4%          1
[dprof] draft:head            10.28     9.2%          1
[dprof] TOTAL                111.77
[dprof] *** INVALID: moe children 38.63 ms > MoE 34.36 ms — marks recorded outside the reported window

[dprof] ctx=6173 VB=5 verify=24 — verify step by sub-op, summed over all layers (1542 marks)
[dprof] phase                    ms        %      calls
[dprof] hc_pre  (attn)         2.66     1.7%         43
[dprof] rmsnorm (attn)         0.78     0.5%         43
[dprof] ATTENTION             74.03    47.6%         43
[dprof] hc_post (attn)         0.45     0.3%         43
[dprof] hc_pre  (ffn)          3.22     2.1%         43
[dprof] rmsnorm (ffn)          0.76     0.5%         43
[dprof] MoE                   66.29    42.6%         43
[dprof] hc_post (ffn)          0.43     0.3%         43
[dprof] kv xin copy            0.23     0.1%         41
[dprof] hc_head+norm           0.04     0.0%          1
[dprof] lm_head                6.60     4.2%          1
[dprof]   attn:q_proj          0.48     0.3%          2
[dprof]   attn:kv_write        0.08     0.1%          2
[dprof]   attn:sparse          0.62     0.4%          2
[dprof]   attn:ogroup          0.81     0.5%          2
[dprof]   cattn:q_proj        15.30     9.8%         41
[dprof]   cattn:compress       2.43     1.6%         41
[dprof]   cattn:indexer       11.55     7.4%         21
[dprof]   cattn:sparse        21.08    13.6%         41
[dprof]   cattn:ogroup        17.29    11.1%         41
[dprof]   moe:router           2.02     1.3%         46
[dprof]   moe:group            2.38     1.5%         46
[dprof]   moe:w1w3            42.20    27.1%         46
[dprof]   moe:act              1.70     1.1%         46
[dprof]   moe:w2              20.96    13.5%         46
[dprof]   moe:combine          0.70     0.4%         46
[dprof]   moe:shared           0.33     0.2%         46
[dprof]     q:aq(x)            0.31     0.2%         41
[dprof]     q:wq_a             5.83     3.7%         41
[dprof]     q:rms+aq           0.82     0.5%         41
[dprof]     q:wq_b             7.10     4.6%         41
[dprof]     q:tail             0.68     0.4%         41
[dprof]     q:kv_join          0.06     0.0%         41
[dprof]     o:rope             0.26     0.2%         41
[dprof]     o:wo_a             8.48     5.5%         41
[dprof]     o:wo_b             8.31     5.3%         41
[dprof]     i:qidx             1.86     1.2%         21
[dprof]     i:iw               0.63     0.4%         21
[dprof]     i:score            8.19     5.3%         21
[dprof]     i:topk             0.74     0.5%         21
[dprof]       mg:count         0.27     0.2%         46
[dprof]       mg:prefix        0.24     0.2%         46
[dprof]       mg:scatter       0.24     0.2%         46
[dprof]       mg:tiles         0.32     0.2%         46
[dprof] draft:main_kv          0.14     0.1%          1
[dprof] draft:block           12.37     8.0%          1
[dprof] draft:head            10.26     6.6%          1
[dprof] TOTAL                155.51
[dprof] *** INVALID: moe children 70.30 ms > MoE 66.29 ms — marks recorded outside the reported window

[dprof] ctx=6184 VB=2 verify=28 — verify step by sub-op, summed over all layers (1542 marks)
[dprof] phase                    ms        %      calls
[dprof] hc_pre  (attn)         1.85     1.7%         43
[dprof] rmsnorm (attn)         0.77     0.7%         43
[dprof] ATTENTION             59.32    55.4%         43
[dprof] hc_post (attn)         0.31     0.3%         43
[dprof] hc_pre  (ffn)          2.81     2.6%         43
[dprof] rmsnorm (ffn)          0.77     0.7%         43
[dprof] MoE                   35.48    33.2%         43
[dprof] hc_post (ffn)          0.29     0.3%         43
[dprof] kv xin copy            0.23     0.2%         41
[dprof] hc_head+norm           0.03     0.0%          1
[dprof] lm_head                5.15     4.8%          1
[dprof]   attn:q_proj          0.47     0.4%          2
[dprof]   attn:kv_write        0.08     0.1%          2
[dprof]   attn:sparse          0.60     0.6%          2
[dprof]   attn:ogroup          0.72     0.7%          2
[dprof]   cattn:q_proj        10.34     9.7%         41
[dprof]   cattn:compress       0.05     0.1%         41
[dprof]   cattn:indexer        6.41     6.0%         21
[dprof]   cattn:sparse        20.03    18.7%         41
[dprof]   cattn:ogroup        15.46    14.4%         41
[dprof]   moe:router           1.97     1.8%         46
[dprof]   moe:group            2.02     1.9%         46
[dprof]   moe:w1w3            22.92    21.4%         46
[dprof]   moe:act              1.57     1.5%         46
[dprof]   moe:w2              10.44     9.8%         46
[dprof]   moe:combine          0.56     0.5%         46
[dprof]   moe:shared           0.26     0.2%         46
[dprof]     q:aq(x)            0.26     0.2%         41
[dprof]     q:wq_a             1.67     1.6%         41
[dprof]     q:rms+aq           0.62     0.6%         41
[dprof]     q:wq_b             6.79     6.3%         41
[dprof]     q:tail             0.52     0.5%         41
[dprof]     q:kv_join          0.05     0.0%         41
[dprof]     o:rope             0.27     0.2%         41
[dprof]     o:wo_a             7.68     7.2%         41
[dprof]     o:wo_b             7.30     6.8%         41
[dprof]     i:qidx             1.57     1.5%         21
[dprof]     i:iw               0.47     0.4%         21
[dprof]     i:score            3.52     3.3%         21
[dprof]     i:topk             0.72     0.7%         21
[dprof]       mg:count         0.25     0.2%         46
[dprof]       mg:prefix        0.26     0.2%         46
[dprof]       mg:scatter       0.26     0.2%         46
[dprof]       mg:tiles         0.24     0.2%         46
[dprof] draft:main_kv          0.14     0.1%          1
[dprof] draft:block           12.81    12.0%          1
[dprof] draft:head            10.21     9.5%          1
[dprof] TOTAL                107.02
[dprof] *** INVALID: moe children 39.74 ms > MoE 35.48 ms — marks recorded outside the reported window

[dprof] ctx=6196 VB=2 verify=32 — verify step by sub-op, summed over all layers (1542 marks)
[dprof] phase                    ms        %      calls
[dprof] hc_pre  (attn)         1.83     1.7%         43
[dprof] rmsnorm (attn)         0.77     0.7%         43
[dprof] ATTENTION             59.43    55.8%         43
[dprof] hc_post (attn)         0.32     0.3%         43
[dprof] hc_pre  (ffn)          2.83     2.7%         43
[dprof] rmsnorm (ffn)          0.78     0.7%         43
[dprof] MoE                   34.98    32.8%         43
[dprof] hc_post (ffn)          0.28     0.3%         43
[dprof] kv xin copy            0.23     0.2%         41
[dprof] hc_head+norm           0.03     0.0%          1
[dprof] lm_head                5.03     4.7%          1
[dprof]   attn:q_proj          0.47     0.4%          2
[dprof]   attn:kv_write        0.09     0.1%          2
[dprof]   attn:sparse          0.61     0.6%          2
[dprof]   attn:ogroup          0.75     0.7%          2
[dprof]   cattn:q_proj        10.28     9.7%         41
[dprof]   cattn:compress       0.06     0.1%         41
[dprof]   cattn:indexer        6.41     6.0%         21
[dprof]   cattn:sparse        19.78    18.6%         41
[dprof]   cattn:ogroup        15.63    14.7%         41
[dprof]   moe:router           1.98     1.9%         46
[dprof]   moe:group            2.07     1.9%         46
[dprof]   moe:w1w3            22.54    21.2%         46
[dprof]   moe:act              1.54     1.4%         46
[dprof]   moe:w2              10.15     9.5%         46
[dprof]   moe:combine          0.54     0.5%         46
[dprof]   moe:shared           0.26     0.2%         46
[dprof]     q:aq(x)            0.26     0.2%         41
[dprof]     q:wq_a             1.68     1.6%         41
[dprof]     q:rms+aq           0.60     0.6%         41
[dprof]     q:wq_b             6.77     6.4%         41
[dprof]     q:tail             0.51     0.5%         41
[dprof]     q:kv_join          0.05     0.0%         41
[dprof]     o:rope             0.26     0.2%         41
[dprof]     o:wo_a             7.77     7.3%         41
[dprof]     o:wo_b             7.36     6.9%         41
[dprof]     i:qidx             1.56     1.5%         21
[dprof]     i:iw               0.48     0.4%         21
[dprof]     i:score            3.52     3.3%         21
[dprof]     i:topk             0.71     0.7%         21
[dprof]       mg:count         0.25     0.2%         46
[dprof]       mg:prefix        0.26     0.2%         46
[dprof]       mg:scatter       0.26     0.2%         46
[dprof]       mg:tiles         0.26     0.2%         46
[dprof] draft:main_kv          0.14     0.1%          1
[dprof] draft:block           12.54    11.8%          1
[dprof] draft:head            10.18     9.6%          1
[dprof] TOTAL                106.50
[dprof] *** INVALID: moe children 39.08 ms > MoE 34.98 ms — marks recorded outside the reported window

[dprof] ctx=6201 VB=2 verify=36 — verify step by sub-op, summed over all layers (1542 marks)
[dprof] phase                    ms        %      calls
[dprof] hc_pre  (attn)         1.86     1.7%         43
[dprof] rmsnorm (attn)         0.79     0.7%         43
[dprof] ATTENTION             59.97    54.8%         43
[dprof] hc_post (attn)         0.34     0.3%         43
[dprof] hc_pre  (ffn)          2.80     2.6%         43
[dprof] rmsnorm (ffn)          0.75     0.7%         43
[dprof] MoE                   37.28    34.1%         43
[dprof] hc_post (ffn)          0.29     0.3%         43
[dprof] kv xin copy            0.23     0.2%         41
[dprof] hc_head+norm           0.03     0.0%          1
[dprof] lm_head                5.02     4.6%          1
[dprof]   attn:q_proj          0.45     0.4%          2
[dprof]   attn:kv_write        0.08     0.1%          2
[dprof]   attn:sparse          0.60     0.6%          2
[dprof]   attn:ogroup          0.73     0.7%          2
[dprof]   cattn:q_proj        10.39     9.5%         41
[dprof]   cattn:compress       0.05     0.0%         41
[dprof]   cattn:indexer        6.38     5.8%         21
[dprof]   cattn:sparse        20.14    18.4%         41
[dprof]   cattn:ogroup        15.77    14.4%         41
[dprof]   moe:router           1.95     1.8%         46
[dprof]   moe:group            1.99     1.8%         46
[dprof]   moe:w1w3            23.97    21.9%         46
[dprof]   moe:act              1.66     1.5%         46
[dprof]   moe:w2              10.81     9.9%         46
[dprof]   moe:combine          0.59     0.5%         46
[dprof]   moe:shared           0.30     0.3%         46
[dprof]     q:aq(x)            0.25     0.2%         41
[dprof]     q:wq_a             1.68     1.5%         41
[dprof]     q:rms+aq           0.64     0.6%         41
[dprof]     q:wq_b             6.82     6.2%         41
[dprof]     q:tail             0.50     0.5%         41
[dprof]     q:kv_join          0.06     0.1%         41
[dprof]     o:rope             0.25     0.2%         41
[dprof]     o:wo_a             7.75     7.1%         41
[dprof]     o:wo_b             7.56     6.9%         41
[dprof]     i:qidx             1.55     1.4%         21
[dprof]     i:iw               0.46     0.4%         21
[dprof]     i:score            3.52     3.2%         21
[dprof]     i:topk             0.73     0.7%         21
[dprof]       mg:count         0.23     0.2%         46
[dprof]       mg:prefix        0.25     0.2%         46
[dprof]       mg:scatter       0.24     0.2%         46
[dprof]       mg:tiles         0.25     0.2%         46
[dprof] draft:main_kv          0.14     0.1%          1
[dprof] draft:block           12.48    11.4%          1
[dprof] draft:head            10.24     9.4%          1
[dprof] TOTAL                109.36
[dprof] *** INVALID: moe children 41.27 ms > MoE 37.28 ms — marks recorded outside the reported window

[dprof] ctx=6210 VB=2 verify=40 — verify step by sub-op, summed over all layers (1542 marks)
[dprof] phase                    ms        %      calls
[dprof] hc_pre  (attn)         1.86     1.7%         43
[dprof] rmsnorm (attn)         0.78     0.7%         43
[dprof] ATTENTION             65.38    58.3%         43
[dprof] hc_post (attn)         0.32     0.3%         43
[dprof] hc_pre  (ffn)          2.81     2.5%         43
[dprof] rmsnorm (ffn)          0.79     0.7%         43
[dprof] MoE                   34.34    30.6%         43
[dprof] hc_post (ffn)          0.33     0.3%         43
[dprof] kv xin copy            0.22     0.2%         41
[dprof] hc_head+norm           0.03     0.0%          1
[dprof] lm_head                5.24     4.7%          1
[dprof]   attn:q_proj          0.51     0.5%          2
[dprof]   attn:kv_write        0.10     0.1%          2
[dprof]   attn:sparse          0.61     0.5%          2
[dprof]   attn:ogroup          0.73     0.7%          2
[dprof]   cattn:q_proj        14.70    13.1%         41
[dprof]   cattn:compress       2.53     2.3%         41
[dprof]   cattn:indexer        6.38     5.7%         21
[dprof]   cattn:sparse        19.75    17.6%         41
[dprof]   cattn:ogroup        15.59    13.9%         41
[dprof]   moe:router           1.97     1.8%         46
[dprof]   moe:group            2.02     1.8%         46
[dprof]   moe:w1w3            21.95    19.6%         46
[dprof]   moe:act              1.52     1.4%         46
[dprof]   moe:w2              10.00     8.9%         46
[dprof]   moe:combine          0.54     0.5%         46
[dprof]   moe:shared           0.28     0.2%         46
[dprof]     q:aq(x)            0.28     0.3%         41
[dprof]     q:wq_a             5.58     5.0%         41
[dprof]     q:rms+aq           1.09     1.0%         41
[dprof]     q:wq_b             6.74     6.0%         41
[dprof]     q:tail             0.50     0.4%         41
[dprof]     q:kv_join          0.06     0.1%         41
[dprof]     o:rope             0.27     0.2%         41
[dprof]     o:wo_a             7.71     6.9%         41
[dprof]     o:wo_b             7.36     6.6%         41
[dprof]     i:qidx             1.53     1.4%         21
[dprof]     i:iw               0.49     0.4%         21
[dprof]     i:score            3.52     3.1%         21
[dprof]     i:topk             0.72     0.6%         21
[dprof]       mg:count         0.24     0.2%         46
[dprof]       mg:prefix        0.24     0.2%         46
[dprof]       mg:scatter       0.24     0.2%         46
[dprof]       mg:tiles         0.29     0.3%         46
[dprof] draft:main_kv          0.14     0.1%          1
[dprof] draft:block           12.48    11.1%          1
[dprof] draft:head            10.27     9.2%          1
[dprof] TOTAL                112.11
[dprof] *** INVALID: moe children 38.28 ms > MoE 34.34 ms — marks recorded outside the reported window

[dprof] ctx=6218 VB=3 verify=44 — verify step by sub-op, summed over all layers (1542 marks)
[dprof] phase                    ms        %      calls
[dprof] hc_pre  (attn)         2.11     1.7%         43
[dprof] rmsnorm (attn)         0.81     0.6%         43
[dprof] ATTENTION             68.74    53.9%         43
[dprof] hc_post (attn)         0.39     0.3%         43
[dprof] hc_pre  (ffn)          2.90     2.3%         43
[dprof] rmsnorm (ffn)          0.80     0.6%         43
[dprof] MoE                   46.42    36.4%         43
[dprof] hc_post (ffn)          0.35     0.3%         43
[dprof] kv xin copy            0.24     0.2%         41
[dprof] hc_head+norm           0.03     0.0%          1
[dprof] lm_head                4.77     3.7%          1
[dprof]   attn:q_proj          0.49     0.4%          2
[dprof]   attn:kv_write        0.08     0.1%          2
[dprof]   attn:sparse          0.61     0.5%          2
[dprof]   attn:ogroup          0.79     0.6%          2
[dprof]   cattn:q_proj        14.95    11.7%         41
[dprof]   cattn:compress       2.49     2.0%         41
[dprof]   cattn:indexer        8.24     6.5%         21
[dprof]   cattn:sparse        20.34    15.9%         41
[dprof]   cattn:ogroup        16.13    12.6%         41
[dprof]   moe:router           1.99     1.6%         46
[dprof]   moe:group            2.13     1.7%         46
[dprof]   moe:w1w3            29.78    23.3%         46
[dprof]   moe:act              1.54     1.2%         46
[dprof]   moe:w2              14.11    11.1%         46
[dprof]   moe:combine          0.63     0.5%         46
[dprof]   moe:shared           0.28     0.2%         46
[dprof]     q:aq(x)            0.31     0.2%         41
[dprof]     q:wq_a             5.65     4.4%         41
[dprof]     q:rms+aq           1.04     0.8%         41
[dprof]     q:wq_b             6.84     5.4%         41
[dprof]     q:tail             0.58     0.5%         41
[dprof]     q:kv_join          0.06     0.0%         41
[dprof]     o:rope             0.25     0.2%         41
[dprof]     o:wo_a             8.02     6.3%         41
[dprof]     o:wo_b             7.65     6.0%         41
[dprof]     i:qidx             1.65     1.3%         21
[dprof]     i:iw               0.56     0.4%         21
[dprof]     i:score            5.13     4.0%         21
[dprof]     i:topk             0.76     0.6%         21
[dprof]       mg:count         0.24     0.2%         46
[dprof]       mg:prefix        0.24     0.2%         46
[dprof]       mg:scatter       0.24     0.2%         46
[dprof]       mg:tiles         0.30     0.2%         46
[dprof] draft:main_kv          0.14     0.1%          1
[dprof] draft:block           12.57     9.9%          1
[dprof] draft:head            10.24     8.0%          1
[dprof] TOTAL                127.56
[dprof] *** INVALID: moe children 50.46 ms > MoE 46.42 ms — marks recorded outside the reported window

[dprof] ctx=6225 VB=2 verify=48 — verify step by sub-op, summed over all layers (1542 marks)
[dprof] phase                    ms        %      calls
[dprof] hc_pre  (attn)         1.84     1.7%         43
[dprof] rmsnorm (attn)         0.77     0.7%         43
[dprof] ATTENTION             59.78    54.4%         43
[dprof] hc_post (attn)         0.35     0.3%         43
[dprof] hc_pre  (ffn)          2.85     2.6%         43
[dprof] rmsnorm (ffn)          0.77     0.7%         43
[dprof] MoE                   37.83    34.4%         43
[dprof] hc_post (ffn)          0.28     0.3%         43
[dprof] kv xin copy            0.21     0.2%         41
[dprof] hc_head+norm           0.04     0.0%          1
[dprof] lm_head                5.11     4.7%          1
[dprof]   attn:q_proj          0.45     0.4%          2
[dprof]   attn:kv_write        0.08     0.1%          2
[dprof]   attn:sparse          0.60     0.6%          2
[dprof]   attn:ogroup          0.73     0.7%          2
[dprof]   cattn:q_proj        10.12     9.2%         41
[dprof]   cattn:compress       0.05     0.0%         41
[dprof]   cattn:indexer        6.40     5.8%         21
[dprof]   cattn:sparse        20.28    18.5%         41
[dprof]   cattn:ogroup        15.69    14.3%         41
[dprof]   moe:router           1.98     1.8%         46
[dprof]   moe:group            2.01     1.8%         46
[dprof]   moe:w1w3            24.51    22.3%         46
[dprof]   moe:act              1.68     1.5%         46
[dprof]   moe:w2              10.99    10.0%         46
[dprof]   moe:combine          0.57     0.5%         46
[dprof]   moe:shared           0.25     0.2%         46
[dprof]     q:aq(x)            0.22     0.2%         41
[dprof]     q:wq_a             1.66     1.5%         41
[dprof]     q:rms+aq           0.59     0.5%         41
[dprof]     q:wq_b             6.75     6.1%         41
[dprof]     q:tail             0.47     0.4%         41
[dprof]     q:kv_join          0.05     0.0%         41
[dprof]     o:rope             0.24     0.2%         41
[dprof]     o:wo_a             7.77     7.1%         41
[dprof]     o:wo_b             7.45     6.8%         41
[dprof]     i:qidx             1.54     1.4%         21
[dprof]     i:iw               0.47     0.4%         21
[dprof]     i:score            3.53     3.2%         21
[dprof]     i:topk             0.74     0.7%         21
[dprof]       mg:count         0.24     0.2%         46
[dprof]       mg:prefix        0.26     0.2%         46
[dprof]       mg:scatter       0.25     0.2%         46
[dprof]       mg:tiles         0.26     0.2%         46
[dprof] draft:main_kv          0.14     0.1%          1
[dprof] draft:block           12.60    11.5%          1
[dprof] draft:head            10.29     9.4%          1
[dprof] TOTAL                109.83
[dprof] *** INVALID: moe children 42.00 ms > MoE 37.83 ms — marks recorded outside the reported window

[dprof] ctx=6232 VB=2 verify=52 — verify step by sub-op, summed over all layers (1542 marks)
[dprof] phase                    ms        %      calls
[dprof] hc_pre  (attn)         1.85     1.7%         43
[dprof] rmsnorm (attn)         0.80     0.8%         43
[dprof] ATTENTION             59.33    55.9%         43
[dprof] hc_post (attn)         0.31     0.3%         43
[dprof] hc_pre  (ffn)          2.82     2.7%         43
[dprof] rmsnorm (ffn)          0.78     0.7%         43
[dprof] MoE                   34.66    32.6%         43
[dprof] hc_post (ffn)          0.29     0.3%         43
[dprof] kv xin copy            0.25     0.2%         41
[dprof] hc_head+norm           0.03     0.0%          1
[dprof] lm_head                5.05     4.8%          1
[dprof]   attn:q_proj          0.46     0.4%          2
[dprof]   attn:kv_write        0.08     0.1%          2
[dprof]   attn:sparse          0.60     0.6%          2
[dprof]   attn:ogroup          0.72     0.7%          2
[dprof]   cattn:q_proj        10.29     9.7%         41
[dprof]   cattn:compress       0.05     0.0%         41
[dprof]   cattn:indexer        6.42     6.0%         21
[dprof]   cattn:sparse        19.80    18.6%         41
[dprof]   cattn:ogroup        15.69    14.8%         41
[dprof]   moe:router           1.98     1.9%         46
[dprof]   moe:group            2.01     1.9%         46
[dprof]   moe:w1w3            22.30    21.0%         46
[dprof]   moe:act              1.43     1.3%         46
[dprof]   moe:w2              10.19     9.6%         46
[dprof]   moe:combine          0.56     0.5%         46
[dprof]   moe:shared           0.26     0.2%         46
[dprof]     q:aq(x)            0.25     0.2%         41
[dprof]     q:wq_a             1.67     1.6%         41
[dprof]     q:rms+aq           0.62     0.6%         41
[dprof]     q:wq_b             6.81     6.4%         41
[dprof]     q:tail             0.49     0.5%         41
[dprof]     q:kv_join          0.05     0.0%         41
[dprof]     o:rope             0.24     0.2%         41
[dprof]     o:wo_a             7.83     7.4%         41
[dprof]     o:wo_b             7.41     7.0%         41
[dprof]     i:qidx             1.56     1.5%         21
[dprof]     i:iw               0.47     0.4%         21
[dprof]     i:score            3.52     3.3%         21
[dprof]     i:topk             0.73     0.7%         21
[dprof]       mg:count         0.25     0.2%         46
[dprof]       mg:prefix        0.24     0.2%         46
[dprof]       mg:scatter       0.24     0.2%         46
[dprof]       mg:tiles         0.26     0.2%         46
[dprof] draft:main_kv          0.14     0.1%          1
[dprof] draft:block           12.60    11.9%          1
[dprof] draft:head            10.31     9.7%          1
[dprof] TOTAL                106.17
[dprof] *** INVALID: moe children 38.72 ms > MoE 34.66 ms — marks recorded outside the reported window

[dprof] ctx=6237 VB=3 verify=56 — verify step by sub-op, summed over all layers (1542 marks)
[dprof] phase                    ms        %      calls
[dprof] hc_pre  (attn)         2.11     1.7%         43
[dprof] rmsnorm (attn)         0.77     0.6%         43
[dprof] ATTENTION             68.15    53.8%         43
[dprof] hc_post (attn)         0.38     0.3%         43
[dprof] hc_pre  (ffn)          2.89     2.3%         43
[dprof] rmsnorm (ffn)          0.77     0.6%         43
[dprof] MoE                   46.00    36.3%         43
[dprof] hc_post (ffn)          0.34     0.3%         43
[dprof] kv xin copy            0.25     0.2%         41
[dprof] hc_head+norm           0.04     0.0%          1
[dprof] lm_head                4.87     3.8%          1
[dprof]   attn:q_proj          0.46     0.4%          2
[dprof]   attn:kv_write        0.08     0.1%          2
[dprof]   attn:sparse          0.61     0.5%          2
[dprof]   attn:ogroup          0.76     0.6%          2
[dprof]   cattn:q_proj        14.89    11.8%         41
[dprof]   cattn:compress       2.49     2.0%         41
[dprof]   cattn:indexer        8.19     6.5%         21
[dprof]   cattn:sparse        20.15    15.9%         41
[dprof]   cattn:ogroup        16.06    12.7%         41
[dprof]   moe:router           1.99     1.6%         46
[dprof]   moe:group            2.17     1.7%         46
[dprof]   moe:w1w3            29.50    23.3%         46
[dprof]   moe:act              1.56     1.2%         46
[dprof]   moe:w2              13.86    10.9%         46
[dprof]   moe:combine          0.61     0.5%         46
[dprof]   moe:shared           0.29     0.2%         46
[dprof]     q:aq(x)            0.51     0.4%         41
[dprof]     q:wq_a             5.41     4.3%         41
[dprof]     q:rms+aq           0.97     0.8%         41
[dprof]     q:wq_b             6.87     5.4%         41
[dprof]     q:tail             0.59     0.5%         41
[dprof]     q:kv_join          0.06     0.1%         41
[dprof]     o:rope             0.24     0.2%         41
[dprof]     o:wo_a             8.06     6.4%         41
[dprof]     o:wo_b             7.54     6.0%         41
[dprof]     i:qidx             1.61     1.3%         21
[dprof]     i:iw               0.54     0.4%         21
[dprof]     i:score            5.15     4.1%         21
[dprof]     i:topk             0.73     0.6%         21
[dprof]       mg:count         0.25     0.2%         46
[dprof]       mg:prefix        0.27     0.2%         46
[dprof]       mg:scatter       0.24     0.2%         46
[dprof]       mg:tiles         0.29     0.2%         46
[dprof] draft:main_kv          0.13     0.1%          1
[dprof] draft:block           12.44     9.8%          1
[dprof] draft:head            10.35     8.2%          1
[dprof] TOTAL                126.58
[dprof] *** INVALID: moe children 49.97 ms > MoE 46.00 ms — marks recorded outside the reported window

[dprof] ctx=6247 VB=2 verify=60 — verify step by sub-op, summed over all layers (1542 marks)
[dprof] phase                    ms        %      calls
[dprof] hc_pre  (attn)         1.85     1.6%         43
[dprof] rmsnorm (attn)         0.80     0.7%         43
[dprof] ATTENTION             65.86    58.5%         43
[dprof] hc_post (attn)         0.32     0.3%         43
[dprof] hc_pre  (ffn)          2.86     2.5%         43
[dprof] rmsnorm (ffn)          0.77     0.7%         43
[dprof] MoE                   34.27    30.5%         43
[dprof] hc_post (ffn)          0.29     0.3%         43
[dprof] kv xin copy            0.25     0.2%         41
[dprof] hc_head+norm           0.03     0.0%          1
[dprof] lm_head                5.21     4.6%          1
[dprof]   attn:q_proj          0.50     0.4%          2
[dprof]   attn:kv_write        0.09     0.1%          2
[dprof]   attn:sparse          0.62     0.6%          2
[dprof]   attn:ogroup          0.74     0.7%          2
[dprof]   cattn:q_proj        15.10    13.4%         41
[dprof]   cattn:compress       2.46     2.2%         41
[dprof]   cattn:indexer        6.34     5.6%         21
[dprof]   cattn:sparse        19.70    17.5%         41
[dprof]   cattn:ogroup        15.69    13.9%         41
[dprof]   moe:router           2.03     1.8%         46
[dprof]   moe:group            1.99     1.8%         46
[dprof]   moe:w1w3            22.04    19.6%         46
[dprof]   moe:act              1.51     1.3%         46
[dprof]   moe:w2              10.07     8.9%         46
[dprof]   moe:combine          0.56     0.5%         46
[dprof]   moe:shared           0.28     0.2%         46
[dprof]     q:aq(x)            0.38     0.3%         41
[dprof]     q:wq_a             5.74     5.1%         41
[dprof]     q:rms+aq           1.11     1.0%         41
[dprof]     q:wq_b             6.83     6.1%         41
[dprof]     q:tail             0.52     0.5%         41
[dprof]     q:kv_join          0.07     0.1%         41
[dprof]     o:rope             0.25     0.2%         41
[dprof]     o:wo_a             7.74     6.9%         41
[dprof]     o:wo_b             7.45     6.6%         41
[dprof]     i:qidx             1.49     1.3%         21
[dprof]     i:iw               0.46     0.4%         21
[dprof]     i:score            3.53     3.1%         21
[dprof]     i:topk             0.72     0.6%         21
[dprof]       mg:count         0.23     0.2%         46
[dprof]       mg:prefix        0.25     0.2%         46
[dprof]       mg:scatter       0.24     0.2%         46
[dprof]       mg:tiles         0.28     0.2%         46
[dprof] draft:main_kv          0.14     0.1%          1
[dprof] draft:block           12.77    11.4%          1
[dprof] draft:head            10.28     9.1%          1
[dprof] TOTAL                112.50
[dprof] *** INVALID: moe children 38.47 ms > MoE 34.27 ms — marks recorded outside the reported window

[dprof] ctx=6255 VB=3 verify=64 — verify step by sub-op, summed over all layers (1542 marks)
[dprof] phase                    ms        %      calls
[dprof] hc_pre  (attn)         2.12     1.7%         43
[dprof] rmsnorm (attn)         0.80     0.6%         43
[dprof] ATTENTION             68.95    54.0%         43
[dprof] hc_post (attn)         0.38     0.3%         43
[dprof] hc_pre  (ffn)          2.87     2.3%         43
[dprof] rmsnorm (ffn)          0.76     0.6%         43
[dprof] MoE                   46.12    36.1%         43
[dprof] hc_post (ffn)          0.37     0.3%         43
[dprof] kv xin copy            0.24     0.2%         41
[dprof] hc_head+norm           0.03     0.0%          1
[dprof] lm_head                5.00     3.9%          1
[dprof]   attn:q_proj          0.45     0.4%          2
[dprof]   attn:kv_write        0.08     0.1%          2
[dprof]   attn:sparse          0.61     0.5%          2
[dprof]   attn:ogroup          0.75     0.6%          2
[dprof]   cattn:q_proj        15.15    11.9%         41
[dprof]   cattn:compress       2.45     1.9%         41
[dprof]   cattn:indexer        8.29     6.5%         21
[dprof]   cattn:sparse        20.48    16.0%         41
[dprof]   cattn:ogroup        16.23    12.7%         41
[dprof]   moe:router           1.97     1.5%         46
[dprof]   moe:group            2.16     1.7%         46
[dprof]   moe:w1w3            29.64    23.2%         46
[dprof]   moe:act              1.53     1.2%         46
[dprof]   moe:w2              14.01    11.0%         46
[dprof]   moe:combine          0.59     0.5%         46
[dprof]   moe:shared           0.30     0.2%         46
[dprof]     q:aq(x)            0.29     0.2%         41
[dprof]     q:wq_a             5.89     4.6%         41
[dprof]     q:rms+aq           1.02     0.8%         41
[dprof]     q:wq_b             6.87     5.4%         41
[dprof]     q:tail             0.57     0.4%         41
[dprof]     q:kv_join          0.08     0.1%         41
[dprof]     o:rope             0.25     0.2%         41
[dprof]     o:wo_a             8.15     6.4%         41
[dprof]     o:wo_b             7.61     6.0%         41
[dprof]     i:qidx             1.67     1.3%         21
[dprof]     i:iw               0.57     0.4%         21
[dprof]     i:score            5.15     4.0%         21
[dprof]     i:topk             0.74     0.6%         21
[dprof]       mg:count         0.24     0.2%         46
[dprof]       mg:prefix        0.24     0.2%         46
[dprof]       mg:scatter       0.25     0.2%         46
[dprof]       mg:tiles         0.30     0.2%         46
[dprof] draft:main_kv          0.14     0.1%          1
[dprof] draft:block           12.55     9.8%          1
[dprof] draft:head            10.23     8.0%          1
[dprof] TOTAL                127.64
[dprof] *** INVALID: moe children 50.21 ms > MoE 46.12 ms — marks recorded outside the reported window

[dprof] ctx=3068 VB=5 verify=0 — verify step by sub-op, summed over all layers (1542 marks)
[dprof] phase                    ms        %      calls
[dprof] hc_pre  (attn)         2.67     1.4%         43
[dprof] rmsnorm (attn)         0.78     0.4%         43
[dprof] ATTENTION            108.34    57.0%         43
[dprof] hc_post (attn)         0.47     0.2%         43
[dprof] hc_pre  (ffn)          3.17     1.7%         43
[dprof] rmsnorm (ffn)          0.76     0.4%         43
[dprof] MoE                   66.50    35.0%         43
[dprof] hc_post (ffn)          0.44     0.2%         43
[dprof] kv xin copy            0.29     0.2%         41
[dprof] hc_head+norm           0.04     0.0%          1
[dprof] lm_head                6.54     3.4%          1
[dprof]   attn:q_proj          0.47     0.2%          2
[dprof]   attn:kv_write        0.08     0.0%          2
[dprof]   attn:sparse          0.62     0.3%          2
[dprof]   attn:ogroup          0.81     0.4%          2
[dprof]   cattn:q_proj        15.24     8.0%         41
[dprof]   cattn:compress      43.79    23.0%         41
[dprof]   cattn:indexer        7.59     4.0%         21
[dprof]   cattn:sparse        20.40    10.7%         41
[dprof]   cattn:ogroup        16.91     8.9%         41
[dprof]   moe:router           2.01     1.1%         46
[dprof]   moe:group            2.38     1.3%         46
[dprof]   moe:w1w3            42.49    22.4%         46
[dprof]   moe:act              1.85     1.0%         46
[dprof]   moe:w2              20.97    11.0%         46
[dprof]   moe:combine          0.70     0.4%         46
[dprof]   moe:shared           0.34     0.2%         46
[dprof]     q:aq(x)            0.51     0.3%         41
[dprof]     q:wq_a             5.31     2.8%         41
[dprof]     q:rms+aq           0.93     0.5%         41
[dprof]     q:wq_b             7.21     3.8%         41
[dprof]     q:tail             0.69     0.4%         41
[dprof]     q:kv_join          0.08     0.0%         41
[dprof]     o:rope             0.24     0.1%         41
[dprof]     o:wo_a             8.20     4.3%         41
[dprof]     o:wo_b             8.22     4.3%         41
[dprof]     i:qidx             1.87     1.0%         21
[dprof]     i:iw               0.64     0.3%         21
[dprof]     i:score            4.21     2.2%         21
[dprof]     i:topk             0.74     0.4%         21
[dprof]       mg:count         0.29     0.2%         46
[dprof]       mg:prefix        0.25     0.1%         46
[dprof]       mg:scatter       0.25     0.1%         46
[dprof]       mg:tiles         0.30     0.2%         46
[dprof] draft:main_kv          0.00     0.0%          1
[dprof] draft:block           12.64     6.7%          1
[dprof] draft:head            10.33     5.4%          1
[dprof] TOTAL                190.02
[dprof] *** INVALID: moe children 70.73 ms > MoE 66.50 ms — marks recorded outside the reported window

[dprof] ctx=3076 VB=2 verify=4 — verify step by sub-op, summed over all layers (1542 marks)
[dprof] phase                    ms        %      calls
[dprof] hc_pre  (attn)         1.82     1.8%         43
[dprof] rmsnorm (attn)         0.78     0.8%         43
[dprof] ATTENTION             53.81    53.3%         43
[dprof] hc_post (attn)         0.33     0.3%         43
[dprof] hc_pre  (ffn)          2.80     2.8%         43
[dprof] rmsnorm (ffn)          0.76     0.8%         43
[dprof] MoE                   35.42    35.1%         43
[dprof] hc_post (ffn)          0.30     0.3%         43
[dprof] kv xin copy            0.23     0.2%         41
[dprof] hc_head+norm           0.03     0.0%          1
[dprof] lm_head                4.70     4.7%          1
[dprof]   attn:q_proj          0.45     0.4%          2
[dprof]   attn:kv_write        0.08     0.1%          2
[dprof]   attn:sparse          0.60     0.6%          2
[dprof]   attn:ogroup          0.72     0.7%          2
[dprof]   cattn:q_proj        10.32    10.2%         41
[dprof]   cattn:compress       0.05     0.1%         41
[dprof]   cattn:indexer        4.79     4.7%         21
[dprof]   cattn:sparse        19.05    18.9%         41
[dprof]   cattn:ogroup        15.65    15.5%         41
[dprof]   moe:router           1.95     1.9%         46
[dprof]   moe:group            1.94     1.9%         46
[dprof]   moe:w1w3            22.85    22.6%         46
[dprof]   moe:act              1.46     1.4%         46
[dprof]   moe:w2              10.36    10.3%         46
[dprof]   moe:combine          0.53     0.5%         46
[dprof]   moe:shared           0.25     0.3%         46
[dprof]     q:aq(x)            0.26     0.3%         41
[dprof]     q:wq_a             1.67     1.7%         41
[dprof]     q:rms+aq           0.60     0.6%         41
[dprof]     q:wq_b             6.77     6.7%         41
[dprof]     q:tail             0.51     0.5%         41
[dprof]     q:kv_join          0.05     0.0%         41
[dprof]     o:rope             0.23     0.2%         41
[dprof]     o:wo_a             7.73     7.6%         41
[dprof]     o:wo_b             7.45     7.4%         41
[dprof]     i:qidx             1.55     1.5%         21
[dprof]     i:iw               0.47     0.5%         21
[dprof]     i:score            1.92     1.9%         21
[dprof]     i:topk             0.72     0.7%         21
[dprof]       mg:count         0.20     0.2%         46
[dprof]       mg:prefix        0.24     0.2%         46
[dprof]       mg:scatter       0.23     0.2%         46
[dprof]       mg:tiles         0.26     0.3%         46
[dprof] draft:main_kv          0.14     0.1%          1
[dprof] draft:block           12.46    12.3%          1
[dprof] draft:head            10.31    10.2%          1
[dprof] TOTAL                100.99
[dprof] *** INVALID: moe children 39.34 ms > MoE 35.42 ms — marks recorded outside the reported window

[dprof] ctx=3080 VB=2 verify=8 — verify step by sub-op, summed over all layers (1542 marks)
[dprof] phase                    ms        %      calls
[dprof] hc_pre  (attn)         1.83     1.9%         43
[dprof] rmsnorm (attn)         0.76     0.8%         43
[dprof] ATTENTION             53.41    54.2%         43
[dprof] hc_post (attn)         0.29     0.3%         43
[dprof] hc_pre  (ffn)          2.80     2.8%         43
[dprof] rmsnorm (ffn)          0.76     0.8%         43
[dprof] MoE                   33.26    33.7%         43
[dprof] hc_post (ffn)          0.30     0.3%         43
[dprof] kv xin copy            0.21     0.2%         41
[dprof] hc_head+norm           0.03     0.0%          1
[dprof] lm_head                4.94     5.0%          1
[dprof]   attn:q_proj          0.45     0.5%          2
[dprof]   attn:kv_write        0.08     0.1%          2
[dprof]   attn:sparse          0.60     0.6%          2
[dprof]   attn:ogroup          0.72     0.7%          2
[dprof]   cattn:q_proj        10.34    10.5%         41
[dprof]   cattn:compress       0.06     0.1%         41
[dprof]   cattn:indexer        4.84     4.9%         21
[dprof]   cattn:sparse        18.80    19.1%         41
[dprof]   cattn:ogroup        15.48    15.7%         41
[dprof]   moe:router           1.95     2.0%         46
[dprof]   moe:group            1.99     2.0%         46
[dprof]   moe:w1w3            21.34    21.6%         46
[dprof]   moe:act              1.47     1.5%         46
[dprof]   moe:w2               9.71     9.8%         46
[dprof]   moe:combine          0.50     0.5%         46
[dprof]   moe:shared           0.26     0.3%         46
[dprof]     q:aq(x)            0.26     0.3%         41
[dprof]     q:wq_a             1.66     1.7%         41
[dprof]     q:rms+aq           0.59     0.6%         41
[dprof]     q:wq_b             6.83     6.9%         41
[dprof]     q:tail             0.50     0.5%         41
[dprof]     q:kv_join          0.06     0.1%         41
[dprof]     o:rope             0.23     0.2%         41
[dprof]     o:wo_a             7.63     7.7%         41
[dprof]     o:wo_b             7.37     7.5%         41
[dprof]     i:qidx             1.57     1.6%         21
[dprof]     i:iw               0.46     0.5%         21
[dprof]     i:score            1.94     2.0%         21
[dprof]     i:topk             0.72     0.7%         21
[dprof]       mg:count         0.22     0.2%         46
[dprof]       mg:prefix        0.25     0.2%         46
[dprof]       mg:scatter       0.24     0.2%         46
[dprof]       mg:tiles         0.25     0.2%         46
[dprof] draft:main_kv          0.14     0.1%          1
[dprof] draft:block           12.52    12.7%          1
[dprof] draft:head            10.35    10.5%          1
[dprof] TOTAL                 98.59
[dprof] *** INVALID: moe children 37.21 ms > MoE 33.26 ms — marks recorded outside the reported window

[dprof] ctx=3085 VB=2 verify=12 — verify step by sub-op, summed over all layers (1542 marks)
[dprof] phase                    ms        %      calls
[dprof] hc_pre  (attn)         1.85     1.9%         43
[dprof] rmsnorm (attn)         0.79     0.8%         43
[dprof] ATTENTION             53.46    54.9%         43
[dprof] hc_post (attn)         0.30     0.3%         43
[dprof] hc_pre  (ffn)          2.81     2.9%         43
[dprof] rmsnorm (ffn)          0.75     0.8%         43
[dprof] MoE                   32.19    33.0%         43
[dprof] hc_post (ffn)          0.30     0.3%         43
[dprof] kv xin copy            0.22     0.2%         41
[dprof] hc_head+norm           0.03     0.0%          1
[dprof] lm_head                4.70     4.8%          1
[dprof]   attn:q_proj          0.46     0.5%          2
[dprof]   attn:kv_write        0.08     0.1%          2
[dprof]   attn:sparse          0.61     0.6%          2
[dprof]   attn:ogroup          0.72     0.7%          2
[dprof]   cattn:q_proj        10.36    10.6%         41
[dprof]   cattn:compress       0.05     0.0%         41
[dprof]   cattn:indexer        4.84     5.0%         21
[dprof]   cattn:sparse        18.57    19.1%         41
[dprof]   cattn:ogroup        15.50    15.9%         41
[dprof]   moe:router           1.97     2.0%         46
[dprof]   moe:group            1.97     2.0%         46
[dprof]   moe:w1w3            20.40    20.9%         46
[dprof]   moe:act              1.47     1.5%         46
[dprof]   moe:w2               9.37     9.6%         46
[dprof]   moe:combine          0.53     0.5%         46
[dprof]   moe:shared           0.28     0.3%         46
[dprof]     q:aq(x)            0.28     0.3%         41
[dprof]     q:wq_a             1.70     1.7%         41
[dprof]     q:rms+aq           0.59     0.6%         41
[dprof]     q:wq_b             6.80     7.0%         41
[dprof]     q:tail             0.51     0.5%         41
[dprof]     q:kv_join          0.05     0.0%         41
[dprof]     o:rope             0.25     0.3%         41
[dprof]     o:wo_a             7.61     7.8%         41
[dprof]     o:wo_b             7.39     7.6%         41
[dprof]     i:qidx             1.58     1.6%         21
[dprof]     i:iw               0.47     0.5%         21
[dprof]     i:score            1.93     2.0%         21
[dprof]     i:topk             0.70     0.7%         21
[dprof]       mg:count         0.22     0.2%         46
[dprof]       mg:prefix        0.25     0.3%         46
[dprof]       mg:scatter       0.24     0.2%         46
[dprof]       mg:tiles         0.24     0.2%         46
[dprof] draft:main_kv          0.14     0.1%          1
[dprof] draft:block           12.26    12.6%          1
[dprof] draft:head            10.30    10.6%          1
[dprof] TOTAL                 97.40
[dprof] *** INVALID: moe children 35.99 ms > MoE 32.19 ms — marks recorded outside the reported window

[dprof] ctx=3089 VB=2 verify=16 — verify step by sub-op, summed over all layers (1542 marks)
[dprof] phase                    ms        %      calls
[dprof] hc_pre  (attn)         1.81     1.8%         43
[dprof] rmsnorm (attn)         0.77     0.7%         43
[dprof] ATTENTION             54.21    52.5%         43
[dprof] hc_post (attn)         0.32     0.3%         43
[dprof] hc_pre  (ffn)          2.86     2.8%         43
[dprof] rmsnorm (ffn)          0.76     0.7%         43
[dprof] MoE                   37.08    35.9%         43
[dprof] hc_post (ffn)          0.29     0.3%         43
[dprof] kv xin copy            0.24     0.2%         41
[dprof] hc_head+norm           0.03     0.0%          1
[dprof] lm_head                4.82     4.7%          1
[dprof]   attn:q_proj          0.45     0.4%          2
[dprof]   attn:kv_write        0.09     0.1%          2
[dprof]   attn:sparse          0.61     0.6%          2
[dprof]   attn:ogroup          0.72     0.7%          2
[dprof]   cattn:q_proj        10.43    10.1%         41
[dprof]   cattn:compress       0.06     0.1%         41
[dprof]   cattn:indexer        4.78     4.6%         21
[dprof]   cattn:sparse        19.32    18.7%         41
[dprof]   cattn:ogroup        15.57    15.1%         41
[dprof]   moe:router           1.95     1.9%         46
[dprof]   moe:group            2.01     1.9%         46
[dprof]   moe:w1w3            24.16    23.4%         46
[dprof]   moe:act              1.61     1.6%         46
[dprof]   moe:w2              10.61    10.3%         46
[dprof]   moe:combine          0.51     0.5%         46
[dprof]   moe:shared           0.25     0.2%         46
[dprof]     q:aq(x)            0.24     0.2%         41
[dprof]     q:wq_a             1.67     1.6%         41
[dprof]     q:rms+aq           0.61     0.6%         41
[dprof]     q:wq_b             6.90     6.7%         41
[dprof]     q:tail             0.51     0.5%         41
[dprof]     q:kv_join          0.05     0.0%         41
[dprof]     o:rope             0.25     0.2%         41
[dprof]     o:wo_a             7.57     7.3%         41
[dprof]     o:wo_b             7.53     7.3%         41
[dprof]     i:qidx             1.57     1.5%         21
[dprof]     i:iw               0.48     0.5%         21
[dprof]     i:score            1.92     1.9%         21
[dprof]     i:topk             0.68     0.7%         21
[dprof]       mg:count         0.22     0.2%         46
[dprof]       mg:prefix        0.26     0.3%         46
[dprof]       mg:scatter       0.25     0.2%         46
[dprof]       mg:tiles         0.25     0.2%         46
[dprof] draft:main_kv          0.16     0.2%          1
[dprof] draft:block           12.53    12.1%          1
[dprof] draft:head            10.24     9.9%          1
[dprof] TOTAL                103.20
[dprof] *** INVALID: moe children 41.10 ms > MoE 37.08 ms — marks recorded outside the reported window

[dprof] ctx=3095 VB=6 verify=20 — verify step by sub-op, summed over all layers (1542 marks)
[dprof] phase                    ms        %      calls
[dprof] hc_pre  (attn)         2.97     1.7%         43
[dprof] rmsnorm (attn)         0.79     0.5%         43
[dprof] ATTENTION             80.76    46.3%         43
[dprof] hc_post (attn)         0.50     0.3%         43
[dprof] hc_pre  (ffn)          4.64     2.7%         43
[dprof] rmsnorm (ffn)          0.78     0.4%         43
[dprof] MoE                   75.57    43.3%         43
[dprof] hc_post (ffn)          0.46     0.3%         43
[dprof] kv xin copy            0.27     0.2%         41
[dprof] hc_head+norm           0.04     0.0%          1
[dprof] lm_head                7.76     4.4%          1
[dprof]   attn:q_proj          0.49     0.3%          2
[dprof]   attn:kv_write        0.08     0.0%          2
[dprof]   attn:sparse          0.62     0.4%          2
[dprof]   attn:ogroup          0.96     0.6%          2
[dprof]   cattn:q_proj        16.07     9.2%         41
[dprof]   cattn:compress       9.50     5.4%         41
[dprof]   cattn:indexer        9.34     5.4%         21
[dprof]   cattn:sparse        20.99    12.0%         41
[dprof]   cattn:ogroup        20.08    11.5%         41
[dprof]   moe:router           1.98     1.1%         46
[dprof]   moe:group            2.49     1.4%         46
[dprof]   moe:w1w3            48.01    27.5%         46
[dprof]   moe:act              1.95     1.1%         46
[dprof]   moe:w2              24.24    13.9%         46
[dprof]   moe:combine          0.72     0.4%         46
[dprof]   moe:shared           0.33     0.2%         46
[dprof]     q:aq(x)            0.81     0.5%         41
[dprof]     q:wq_a             5.75     3.3%         41
[dprof]     q:rms+aq           0.85     0.5%         41
[dprof]     q:wq_b             7.39     4.2%         41
[dprof]     q:tail             0.72     0.4%         41
[dprof]     q:kv_join          0.06     0.0%         41
[dprof]     o:rope             0.24     0.1%         41
[dprof]     o:wo_a            10.97     6.3%         41
[dprof]     o:wo_b             8.66     5.0%         41
[dprof]     i:qidx             2.10     1.2%         21
[dprof]     i:iw               1.21     0.7%         21
[dprof]     i:score            5.14     2.9%         21
[dprof]     i:topk             0.75     0.4%         21
[dprof]       mg:count         0.24     0.1%         46
[dprof]       mg:prefix        0.26     0.2%         46
[dprof]       mg:scatter       0.24     0.1%         46
[dprof]       mg:tiles         0.28     0.2%         46
[dprof] draft:main_kv          0.14     0.1%          1
[dprof] draft:block           12.52     7.2%          1
[dprof] draft:head            10.32     5.9%          1
[dprof] TOTAL                174.52
[dprof] *** INVALID: moe children 79.72 ms > MoE 75.57 ms — marks recorded outside the reported window

[dprof] ctx=3103 VB=2 verify=24 — verify step by sub-op, summed over all layers (1542 marks)
[dprof] phase                    ms        %      calls
[dprof] hc_pre  (attn)         1.86     1.8%         43
[dprof] rmsnorm (attn)         0.78     0.7%         43
[dprof] ATTENTION             60.20    57.1%         43
[dprof] hc_post (attn)         0.32     0.3%         43
[dprof] hc_pre  (ffn)          2.82     2.7%         43
[dprof] rmsnorm (ffn)          0.77     0.7%         43
[dprof] MoE                   33.52    31.8%         43
[dprof] hc_post (ffn)          0.28     0.3%         43
[dprof] kv xin copy            0.22     0.2%         41
[dprof] hc_head+norm           0.03     0.0%          1
[dprof] lm_head                4.70     4.5%          1
[dprof]   attn:q_proj          0.48     0.5%          2
[dprof]   attn:kv_write        0.08     0.1%          2
[dprof]   attn:sparse          0.61     0.6%          2
[dprof]   attn:ogroup          0.77     0.7%          2
[dprof]   cattn:q_proj        14.90    14.1%         41
[dprof]   cattn:compress       2.51     2.4%         41
[dprof]   cattn:indexer        4.70     4.5%         21
[dprof]   cattn:sparse        18.63    17.7%         41
[dprof]   cattn:ogroup        15.40    14.6%         41
[dprof]   moe:router           2.00     1.9%         46
[dprof]   moe:group            2.10     2.0%         46
[dprof]   moe:w1w3            21.33    20.2%         46
[dprof]   moe:act              1.44     1.4%         46
[dprof]   moe:w2               9.62     9.1%         46
[dprof]   moe:combine          0.52     0.5%         46
[dprof]   moe:shared           0.25     0.2%         46
[dprof]     q:aq(x)            0.28     0.3%         41
[dprof]     q:wq_a             5.79     5.5%         41
[dprof]     q:rms+aq           1.03     1.0%         41
[dprof]     q:wq_b             6.71     6.4%         41
[dprof]     q:tail             0.54     0.5%         41
[dprof]     q:kv_join          0.07     0.1%         41
[dprof]     o:rope             0.24     0.2%         41
[dprof]     o:wo_a             7.57     7.2%         41
[dprof]     o:wo_b             7.39     7.0%         41
[dprof]     i:qidx             1.52     1.4%         21
[dprof]     i:iw               0.45     0.4%         21
[dprof]     i:score            1.93     1.8%         21
[dprof]     i:topk             0.68     0.6%         21
[dprof]       mg:count         0.23     0.2%         46
[dprof]       mg:prefix        0.27     0.3%         46
[dprof]       mg:scatter       0.25     0.2%         46
[dprof]       mg:tiles         0.31     0.3%         46
[dprof] draft:main_kv          0.14     0.1%          1
[dprof] draft:block           12.31    11.7%          1
[dprof] draft:head            10.24     9.7%          1
[dprof] TOTAL                105.50
[dprof] *** INVALID: moe children 37.27 ms > MoE 33.52 ms — marks recorded outside the reported window

[dprof] ctx=3110 VB=2 verify=28 — verify step by sub-op, summed over all layers (1542 marks)
[dprof] phase                    ms        %      calls
[dprof] hc_pre  (attn)         1.83     1.7%         43
[dprof] rmsnorm (attn)         0.74     0.7%         43
[dprof] ATTENTION             60.78    55.1%         43
[dprof] hc_post (attn)         0.32     0.3%         43
[dprof] hc_pre  (ffn)          2.85     2.6%         43
[dprof] rmsnorm (ffn)          0.75     0.7%         43
[dprof] MoE                   37.66    34.2%         43
[dprof] hc_post (ffn)          0.29     0.3%         43
[dprof] kv xin copy            0.21     0.2%         41
[dprof] hc_head+norm           0.03     0.0%          1
[dprof] lm_head                4.78     4.3%          1
[dprof]   attn:q_proj          0.46     0.4%          2
[dprof]   attn:kv_write        0.08     0.1%          2
[dprof]   attn:sparse          0.60     0.5%          2
[dprof]   attn:ogroup          0.72     0.7%          2
[dprof]   cattn:q_proj        14.85    13.5%         41
[dprof]   cattn:compress       2.48     2.2%         41
[dprof]   cattn:indexer        4.77     4.3%         21
[dprof]   cattn:sparse        19.41    17.6%         41
[dprof]   cattn:ogroup        15.45    14.0%         41
[dprof]   moe:router           1.95     1.8%         46
[dprof]   moe:group            2.01     1.8%         46
[dprof]   moe:w1w3            24.56    22.3%         46
[dprof]   moe:act              1.58     1.4%         46
[dprof]   moe:w2              10.89     9.9%         46
[dprof]   moe:combine          0.52     0.5%         46
[dprof]   moe:shared           0.27     0.2%         46
[dprof]     q:aq(x)            0.28     0.3%         41
[dprof]     q:wq_a             5.54     5.0%         41
[dprof]     q:rms+aq           1.08     1.0%         41
[dprof]     q:wq_b             6.81     6.2%         41
[dprof]     q:tail             0.55     0.5%         41
[dprof]     q:kv_join          0.08     0.1%         41
[dprof]     o:rope             0.25     0.2%         41
[dprof]     o:wo_a             7.57     6.9%         41
[dprof]     o:wo_b             7.41     6.7%         41
[dprof]     i:qidx             1.55     1.4%         21
[dprof]     i:iw               0.46     0.4%         21
[dprof]     i:score            1.92     1.7%         21
[dprof]     i:topk             0.70     0.6%         21
[dprof]       mg:count         0.23     0.2%         46
[dprof]       mg:prefix        0.28     0.3%         46
[dprof]       mg:scatter       0.25     0.2%         46
[dprof]       mg:tiles         0.26     0.2%         46
[dprof] draft:main_kv          0.14     0.1%          1
[dprof] draft:block           12.65    11.5%          1
[dprof] draft:head            10.33     9.4%          1
[dprof] TOTAL                110.24
[dprof] *** INVALID: moe children 41.77 ms > MoE 37.66 ms — marks recorded outside the reported window

[dprof] ctx=3119 VB=2 verify=32 — verify step by sub-op, summed over all layers (1542 marks)
[dprof] phase                    ms        %      calls
[dprof] hc_pre  (attn)         1.83     1.7%         43
[dprof] rmsnorm (attn)         0.76     0.7%         43
[dprof] ATTENTION             60.94    56.4%         43
[dprof] hc_post (attn)         0.33     0.3%         43
[dprof] hc_pre  (ffn)          2.80     2.6%         43
[dprof] rmsnorm (ffn)          0.79     0.7%         43
[dprof] MoE                   35.22    32.6%         43
[dprof] hc_post (ffn)          0.30     0.3%         43
[dprof] kv xin copy            0.23     0.2%         41
[dprof] hc_head+norm           0.03     0.0%          1
[dprof] lm_head                4.79     4.4%          1
[dprof]   attn:q_proj          0.45     0.4%          2
[dprof]   attn:kv_write        0.08     0.1%          2
[dprof]   attn:sparse          0.60     0.6%          2
[dprof]   attn:ogroup          0.75     0.7%          2
[dprof]   cattn:q_proj        15.00    13.9%         41
[dprof]   cattn:compress       2.52     2.3%         41
[dprof]   cattn:indexer        4.76     4.4%         21
[dprof]   cattn:sparse        19.03    17.6%         41
[dprof]   cattn:ogroup        15.62    14.5%         41
[dprof]   moe:router           1.96     1.8%         46
[dprof]   moe:group            1.94     1.8%         46
[dprof]   moe:w1w3            22.66    21.0%         46
[dprof]   moe:act              1.42     1.3%         46
[dprof]   moe:w2              10.40     9.6%         46
[dprof]   moe:combine          0.53     0.5%         46
[dprof]   moe:shared           0.27     0.2%         46
[dprof]     q:aq(x)            0.37     0.3%         41
[dprof]     q:wq_a             5.70     5.3%         41
[dprof]     q:rms+aq           1.06     1.0%         41
[dprof]     q:wq_b             6.84     6.3%         41
[dprof]     q:tail             0.51     0.5%         41
[dprof]     q:kv_join          0.06     0.1%         41
[dprof]     o:rope             0.26     0.2%         41
[dprof]     o:wo_a             7.72     7.1%         41
[dprof]     o:wo_b             7.42     6.9%         41
[dprof]     i:qidx             1.54     1.4%         21
[dprof]     i:iw               0.46     0.4%         21
[dprof]     i:score            1.93     1.8%         21
[dprof]     i:topk             0.70     0.7%         21
[dprof]       mg:count         0.22     0.2%         46
[dprof]       mg:prefix        0.23     0.2%         46
[dprof]       mg:scatter       0.24     0.2%         46
[dprof]       mg:tiles         0.28     0.3%         46
[dprof] draft:main_kv          0.14     0.1%          1
[dprof] draft:block           12.44    11.5%          1
[dprof] draft:head            10.25     9.5%          1
[dprof] TOTAL                108.03
[dprof] *** INVALID: moe children 39.18 ms > MoE 35.22 ms — marks recorded outside the reported window

[dprof] ctx=3126 VB=2 verify=36 — verify step by sub-op, summed over all layers (1542 marks)
[dprof] phase                    ms        %      calls
[dprof] hc_pre  (attn)         1.85     1.7%         43
[dprof] rmsnorm (attn)         0.75     0.7%         43
[dprof] ATTENTION             60.82    56.0%         43
[dprof] hc_post (attn)         0.31     0.3%         43
[dprof] hc_pre  (ffn)          2.81     2.6%         43
[dprof] rmsnorm (ffn)          0.77     0.7%         43
[dprof] MoE                   35.87    33.1%         43
[dprof] hc_post (ffn)          0.28     0.3%         43
[dprof] kv xin copy            0.23     0.2%         41
[dprof] hc_head+norm           0.03     0.0%          1
[dprof] lm_head                4.79     4.4%          1
[dprof]   attn:q_proj          0.45     0.4%          2
[dprof]   attn:kv_write        0.08     0.1%          2
[dprof]   attn:sparse          0.60     0.6%          2
[dprof]   attn:ogroup          0.72     0.7%          2
[dprof]   cattn:q_proj        14.71    13.6%         41
[dprof]   cattn:compress       2.55     2.3%         41
[dprof]   cattn:indexer        4.76     4.4%         21
[dprof]   cattn:sparse        19.41    17.9%         41
[dprof]   cattn:ogroup        15.53    14.3%         41
[dprof]   moe:router           1.92     1.8%         46
[dprof]   moe:group            2.02     1.9%         46
[dprof]   moe:w1w3            23.22    21.4%         46
[dprof]   moe:act              1.45     1.3%         46
[dprof]   moe:w2              10.56     9.7%         46
[dprof]   moe:combine          0.51     0.5%         46
[dprof]   moe:shared           0.29     0.3%         46
[dprof]     q:aq(x)            0.27     0.2%         41
[dprof]     q:wq_a             5.52     5.1%         41
[dprof]     q:rms+aq           1.07     1.0%         41
[dprof]     q:wq_b             6.84     6.3%         41
[dprof]     q:tail             0.50     0.5%         41
[dprof]     q:kv_join          0.06     0.1%         41
[dprof]     o:rope             0.27     0.3%         41
[dprof]     o:wo_a             7.68     7.1%         41
[dprof]     o:wo_b             7.33     6.8%         41
[dprof]     i:qidx             1.54     1.4%         21
[dprof]     i:iw               0.47     0.4%         21
[dprof]     i:score            1.92     1.8%         21
[dprof]     i:topk             0.69     0.6%         21
[dprof]       mg:count         0.23     0.2%         46
[dprof]       mg:prefix        0.24     0.2%         46
[dprof]       mg:scatter       0.26     0.2%         46
[dprof]       mg:tiles         0.26     0.2%         46
[dprof] draft:main_kv          0.14     0.1%          1
[dprof] draft:block           12.55    11.6%          1
[dprof] draft:head            10.30     9.5%          1
[dprof] TOTAL                108.52
[dprof] *** INVALID: moe children 39.96 ms > MoE 35.87 ms — marks recorded outside the reported window

[dprof] ctx=3131 VB=2 verify=40 — verify step by sub-op, summed over all layers (1542 marks)
[dprof] phase                    ms        %      calls
[dprof] hc_pre  (attn)         1.82     1.7%         43
[dprof] rmsnorm (attn)         0.75     0.7%         43
[dprof] ATTENTION             61.08    56.2%         43
[dprof] hc_post (attn)         0.33     0.3%         43
[dprof] hc_pre  (ffn)          2.82     2.6%         43
[dprof] rmsnorm (ffn)          0.79     0.7%         43
[dprof] MoE                   35.36    32.6%         43
[dprof] hc_post (ffn)          0.30     0.3%         43
[dprof] kv xin copy            0.24     0.2%         41
[dprof] hc_head+norm           0.03     0.0%          1
[dprof] lm_head                5.11     4.7%          1
[dprof]   attn:q_proj          0.46     0.4%          2
[dprof]   attn:kv_write        0.08     0.1%          2
[dprof]   attn:sparse          0.60     0.6%          2
[dprof]   attn:ogroup          0.73     0.7%          2
[dprof]   cattn:q_proj        14.93    13.7%         41
[dprof]   cattn:compress       2.52     2.3%         41
[dprof]   cattn:indexer        4.81     4.4%         21
[dprof]   cattn:sparse        19.14    17.6%         41
[dprof]   cattn:ogroup        15.55    14.3%         41
[dprof]   moe:router           1.93     1.8%         46
[dprof]   moe:group            2.01     1.8%         46
[dprof]   moe:w1w3            22.79    21.0%         46
[dprof]   moe:act              1.50     1.4%         46
[dprof]   moe:w2              10.37     9.5%         46
[dprof]   moe:combine          0.54     0.5%         46
[dprof]   moe:shared           0.26     0.2%         46
[dprof]     q:aq(x)            0.37     0.3%         41
[dprof]     q:wq_a             5.68     5.2%         41
[dprof]     q:rms+aq           1.10     1.0%         41
[dprof]     q:wq_b             6.78     6.2%         41
[dprof]     q:tail             0.52     0.5%         41
[dprof]     q:kv_join          0.06     0.1%         41
[dprof]     o:rope             0.26     0.2%         41
[dprof]     o:wo_a             7.55     7.0%         41
[dprof]     o:wo_b             7.51     6.9%         41
[dprof]     i:qidx             1.54     1.4%         21
[dprof]     i:iw               0.48     0.4%         21
[dprof]     i:score            1.93     1.8%         21
[dprof]     i:topk             0.71     0.7%         21
[dprof]       mg:count         0.24     0.2%         46
[dprof]       mg:prefix        0.24     0.2%         46
[dprof]       mg:scatter       0.24     0.2%         46
[dprof]       mg:tiles         0.29     0.3%         46
[dprof] draft:main_kv          0.14     0.1%          1
[dprof] draft:block           12.49    11.5%          1
[dprof] draft:head            10.31     9.5%          1
[dprof] TOTAL                108.64
[dprof] *** INVALID: moe children 39.39 ms > MoE 35.36 ms — marks recorded outside the reported window

[dprof] ctx=3138 VB=4 verify=44 — verify step by sub-op, summed over all layers (1542 marks)
[dprof] phase                    ms        %      calls
[dprof] hc_pre  (attn)         2.37     1.8%         43
[dprof] rmsnorm (attn)         0.78     0.6%         43
[dprof] ATTENTION             65.72    49.3%         43
[dprof] hc_post (attn)         0.39     0.3%         43
[dprof] hc_pre  (ffn)          2.97     2.2%         43
[dprof] rmsnorm (ffn)          0.77     0.6%         43
[dprof] MoE                   54.37    40.8%         43
[dprof] hc_post (ffn)          0.37     0.3%         43
[dprof] kv xin copy            0.22     0.2%         41
[dprof] hc_head+norm           0.04     0.0%          1
[dprof] lm_head                5.26     3.9%          1
[dprof]   attn:q_proj          0.46     0.3%          2
[dprof]   attn:kv_write        0.08     0.1%          2
[dprof]   attn:sparse          0.61     0.5%          2
[dprof]   attn:ogroup          0.82     0.6%          2
[dprof]   cattn:q_proj        15.14    11.4%         41
[dprof]   cattn:compress       2.43     1.8%         41
[dprof]   cattn:indexer        6.89     5.2%         21
[dprof]   cattn:sparse        19.76    14.8%         41
[dprof]   cattn:ogroup        17.24    12.9%         41
[dprof]   moe:router           1.98     1.5%         46
[dprof]   moe:group            2.24     1.7%         46
[dprof]   moe:w1w3            34.60    26.0%         46
[dprof]   moe:act              1.46     1.1%         46
[dprof]   moe:w2              17.22    12.9%         46
[dprof]   moe:combine          0.61     0.5%         46
[dprof]   moe:shared           0.28     0.2%         46
[dprof]     q:aq(x)            0.30     0.2%         41
[dprof]     q:wq_a             5.66     4.2%         41
[dprof]     q:rms+aq           0.98     0.7%         41
[dprof]     q:wq_b             7.03     5.3%         41
[dprof]     q:tail             0.62     0.5%         41
[dprof]     q:kv_join          0.07     0.1%         41
[dprof]     o:rope             0.27     0.2%         41
[dprof]     o:wo_a             8.93     6.7%         41
[dprof]     o:wo_b             7.84     5.9%         41
[dprof]     i:qidx             1.74     1.3%         21
[dprof]     i:iw               0.66     0.5%         21
[dprof]     i:score            3.56     2.7%         21
[dprof]     i:topk             0.77     0.6%         21
[dprof]       mg:count         0.22     0.2%         46
[dprof]       mg:prefix        0.24     0.2%         46
[dprof]       mg:scatter       0.25     0.2%         46
[dprof]       mg:tiles         0.31     0.2%         46
[dprof] draft:main_kv          0.14     0.1%          1
[dprof] draft:block           12.40     9.3%          1
[dprof] draft:head            10.33     7.8%          1
[dprof] TOTAL                133.26
[dprof] *** INVALID: moe children 58.40 ms > MoE 54.37 ms — marks recorded outside the reported window

[dprof] ctx=3143 VB=2 verify=48 — verify step by sub-op, summed over all layers (1542 marks)
[dprof] phase                    ms        %      calls
[dprof] hc_pre  (attn)         1.82     1.7%         43
[dprof] rmsnorm (attn)         0.75     0.7%         43
[dprof] ATTENTION             61.28    57.3%         43
[dprof] hc_post (attn)         0.34     0.3%         43
[dprof] hc_pre  (ffn)          2.81     2.6%         43
[dprof] rmsnorm (ffn)          0.76     0.7%         43
[dprof] MoE                   33.72    31.5%         43
[dprof] hc_post (ffn)          0.29     0.3%         43
[dprof] kv xin copy            0.22     0.2%         41
[dprof] hc_head+norm           0.03     0.0%          1
[dprof] lm_head                4.90     4.6%          1
[dprof]   attn:q_proj          0.45     0.4%          2
[dprof]   attn:kv_write        0.08     0.1%          2
[dprof]   attn:sparse          0.60     0.6%          2
[dprof]   attn:ogroup          0.72     0.7%          2
[dprof]   cattn:q_proj        15.39    14.4%         41
[dprof]   cattn:compress       2.42     2.3%         41
[dprof]   cattn:indexer        4.67     4.4%         21
[dprof]   cattn:sparse        19.16    17.9%         41
[dprof]   cattn:ogroup        15.60    14.6%         41
[dprof]   moe:router           1.96     1.8%         46
[dprof]   moe:group            1.98     1.9%         46
[dprof]   moe:w1w3            21.80    20.4%         46
[dprof]   moe:act              1.47     1.4%         46
[dprof]   moe:w2               9.87     9.2%         46
[dprof]   moe:combine          0.50     0.5%         46
[dprof]   moe:shared           0.25     0.2%         46
[dprof]     q:aq(x)            0.42     0.4%         41
[dprof]     q:wq_a             5.77     5.4%         41
[dprof]     q:rms+aq           1.09     1.0%         41
[dprof]     q:wq_b             6.94     6.5%         41
[dprof]     q:tail             0.56     0.5%         41
[dprof]     q:kv_join          0.09     0.1%         41
[dprof]     o:rope             0.24     0.2%         41
[dprof]     o:wo_a             7.66     7.2%         41
[dprof]     o:wo_b             7.44     7.0%         41
[dprof]     i:qidx             1.49     1.4%         21
[dprof]     i:iw               0.45     0.4%         21
[dprof]     i:score            1.92     1.8%         21
[dprof]     i:topk             0.68     0.6%         21
[dprof]       mg:count         0.23     0.2%         46
[dprof]       mg:prefix        0.24     0.2%         46
[dprof]       mg:scatter       0.24     0.2%         46
[dprof]       mg:tiles         0.28     0.3%         46
[dprof] draft:main_kv          0.14     0.1%          1
[dprof] draft:block           12.60    11.8%          1
[dprof] draft:head            10.30     9.6%          1
[dprof] TOTAL                106.92
[dprof] *** INVALID: moe children 37.83 ms > MoE 33.72 ms — marks recorded outside the reported window

[dprof] ctx=3147 VB=2 verify=52 — verify step by sub-op, summed over all layers (1542 marks)
[dprof] phase                    ms        %      calls
[dprof] hc_pre  (attn)         1.83     1.7%         43
[dprof] rmsnorm (attn)         0.75     0.7%         43
[dprof] ATTENTION             61.05    55.9%         43
[dprof] hc_post (attn)         0.31     0.3%         43
[dprof] hc_pre  (ffn)          2.79     2.6%         43
[dprof] rmsnorm (ffn)          0.75     0.7%         43
[dprof] MoE                   36.16    33.1%         43
[dprof] hc_post (ffn)          0.28     0.3%         43
[dprof] kv xin copy            0.21     0.2%         41
[dprof] hc_head+norm           0.05     0.0%          1
[dprof] lm_head                4.95     4.5%          1
[dprof]   attn:q_proj          0.46     0.4%          2
[dprof]   attn:kv_write        0.08     0.1%          2
[dprof]   attn:sparse          0.60     0.6%          2
[dprof]   attn:ogroup          0.73     0.7%          2
[dprof]   cattn:q_proj        15.05    13.8%         41
[dprof]   cattn:compress       2.52     2.3%         41
[dprof]   cattn:indexer        4.73     4.3%         21
[dprof]   cattn:sparse        19.17    17.6%         41
[dprof]   cattn:ogroup        15.48    14.2%         41
[dprof]   moe:router           1.94     1.8%         46
[dprof]   moe:group            2.01     1.8%         46
[dprof]   moe:w1w3            23.42    21.5%         46
[dprof]   moe:act              1.51     1.4%         46
[dprof]   moe:w2              10.52     9.6%         46
[dprof]   moe:combine          0.53     0.5%         46
[dprof]   moe:shared           0.26     0.2%         46
[dprof]     q:aq(x)            0.27     0.3%         41
[dprof]     q:wq_a             5.83     5.3%         41
[dprof]     q:rms+aq           1.07     1.0%         41
[dprof]     q:wq_b             6.73     6.2%         41
[dprof]     q:tail             0.57     0.5%         41
[dprof]     q:kv_join          0.06     0.1%         41
[dprof]     o:rope             0.25     0.2%         41
[dprof]     o:wo_a             7.58     7.0%         41
[dprof]     o:wo_b             7.39     6.8%         41
[dprof]     i:qidx             1.51     1.4%         21
[dprof]     i:iw               0.47     0.4%         21
[dprof]     i:score            1.92     1.8%         21
[dprof]     i:topk             0.70     0.6%         21
[dprof]       mg:count         0.24     0.2%         46
[dprof]       mg:prefix        0.25     0.2%         46
[dprof]       mg:scatter       0.25     0.2%         46
[dprof]       mg:tiles         0.29     0.3%         46
[dprof] draft:main_kv          0.14     0.1%          1
[dprof] draft:block           12.54    11.5%          1
[dprof] draft:head            10.30     9.4%          1
[dprof] TOTAL                109.13
[dprof] *** INVALID: moe children 40.21 ms > MoE 36.16 ms — marks recorded outside the reported window

[dprof] ctx=3153 VB=2 verify=56 — verify step by sub-op, summed over all layers (1542 marks)
[dprof] phase                    ms        %      calls
[dprof] hc_pre  (attn)         1.81     1.9%         43
[dprof] rmsnorm (attn)         0.77     0.8%         43
[dprof] ATTENTION             53.26    54.7%         43
[dprof] hc_post (attn)         0.31     0.3%         43
[dprof] hc_pre  (ffn)          2.81     2.9%         43
[dprof] rmsnorm (ffn)          0.76     0.8%         43
[dprof] MoE                   32.02    32.9%         43
[dprof] hc_post (ffn)          0.29     0.3%         43
[dprof] kv xin copy            0.23     0.2%         41
[dprof] hc_head+norm           0.03     0.0%          1
[dprof] lm_head                5.06     5.2%          1
[dprof]   attn:q_proj          0.45     0.5%          2
[dprof]   attn:kv_write        0.09     0.1%          2
[dprof]   attn:sparse          0.60     0.6%          2
[dprof]   attn:ogroup          0.72     0.7%          2
[dprof]   cattn:q_proj        10.18    10.5%         41
[dprof]   cattn:compress       0.04     0.0%         41
[dprof]   cattn:indexer        4.77     4.9%         21
[dprof]   cattn:sparse        18.70    19.2%         41
[dprof]   cattn:ogroup        15.51    15.9%         41
[dprof]   moe:router           1.95     2.0%         46
[dprof]   moe:group            1.92     2.0%         46
[dprof]   moe:w1w3            20.48    21.0%         46
[dprof]   moe:act              1.47     1.5%         46
[dprof]   moe:w2               9.44     9.7%         46
[dprof]   moe:combine          0.52     0.5%         46
[dprof]   moe:shared           0.26     0.3%         46
[dprof]     q:aq(x)            0.24     0.3%         41
[dprof]     q:wq_a             1.65     1.7%         41
[dprof]     q:rms+aq           0.60     0.6%         41
[dprof]     q:wq_b             6.77     7.0%         41
[dprof]     q:tail             0.49     0.5%         41
[dprof]     q:kv_join          0.05     0.0%         41
[dprof]     o:rope             0.24     0.2%         41
[dprof]     o:wo_a             7.62     7.8%         41
[dprof]     o:wo_b             7.44     7.6%         41
[dprof]     i:qidx             1.56     1.6%         21
[dprof]     i:iw               0.47     0.5%         21
[dprof]     i:score            1.92     2.0%         21
[dprof]     i:topk             0.68     0.7%         21
[dprof]       mg:count         0.21     0.2%         46
[dprof]       mg:prefix        0.24     0.3%         46
[dprof]       mg:scatter       0.24     0.2%         46
[dprof]       mg:tiles         0.24     0.2%         46
[dprof] draft:main_kv          0.14     0.1%          1
[dprof] draft:block           12.52    12.9%          1
[dprof] draft:head            10.31    10.6%          1
[dprof] TOTAL                 97.34
[dprof] *** INVALID: moe children 36.04 ms > MoE 32.02 ms — marks recorded outside the reported window

[dprof] ctx=3159 VB=4 verify=60 — verify step by sub-op, summed over all layers (1542 marks)
[dprof] phase                    ms        %      calls
[dprof] hc_pre  (attn)         2.40     1.7%         43
[dprof] rmsnorm (attn)         0.79     0.6%         43
[dprof] ATTENTION             66.20    48.3%         43
[dprof] hc_post (attn)         0.39     0.3%         43
[dprof] hc_pre  (ffn)          2.99     2.2%         43
[dprof] rmsnorm (ffn)          0.78     0.6%         43
[dprof] MoE                   57.50    41.9%         43
[dprof] hc_post (ffn)          0.37     0.3%         43
[dprof] kv xin copy            0.25     0.2%         41
[dprof] hc_head+norm           0.04     0.0%          1
[dprof] lm_head                5.41     3.9%          1
[dprof]   attn:q_proj          0.47     0.3%          2
[dprof]   attn:kv_write        0.08     0.1%          2
[dprof]   attn:sparse          0.61     0.4%          2
[dprof]   attn:ogroup          0.82     0.6%          2
[dprof]   cattn:q_proj        15.32    11.2%         41
[dprof]   cattn:compress       2.43     1.8%         41
[dprof]   cattn:indexer        6.78     4.9%         21
[dprof]   cattn:sparse        20.02    14.6%         41
[dprof]   cattn:ogroup        17.29    12.6%         41
[dprof]   moe:router           1.99     1.4%         46
[dprof]   moe:group            2.24     1.6%         46
[dprof]   moe:w1w3            36.68    26.8%         46
[dprof]   moe:act              1.65     1.2%         46
[dprof]   moe:w2              17.91    13.1%         46
[dprof]   moe:combine          0.65     0.5%         46
[dprof]   moe:shared           0.30     0.2%         46
[dprof]     q:aq(x)            0.31     0.2%         41
[dprof]     q:wq_a             5.98     4.4%         41
[dprof]     q:rms+aq           0.96     0.7%         41
[dprof]     q:wq_b             6.97     5.1%         41
[dprof]     q:tail             0.59     0.4%         41
[dprof]     q:kv_join          0.06     0.0%         41
[dprof]     o:rope             0.24     0.2%         41
[dprof]     o:wo_a             8.87     6.5%         41
[dprof]     o:wo_b             7.96     5.8%         41
[dprof]     i:qidx             1.72     1.3%         21
[dprof]     i:iw               0.63     0.5%         21
[dprof]     i:score            3.55     2.6%         21
[dprof]     i:topk             0.75     0.5%         21
[dprof]       mg:count         0.22     0.2%         46
[dprof]       mg:prefix        0.26     0.2%         46
[dprof]       mg:scatter       0.24     0.2%         46
[dprof]       mg:tiles         0.29     0.2%         46
[dprof] draft:main_kv          0.14     0.1%          1
[dprof] draft:block           12.39     9.0%          1
[dprof] draft:head            10.24     7.5%          1
[dprof] TOTAL                137.10
[dprof] *** INVALID: moe children 61.42 ms > MoE 57.50 ms — marks recorded outside the reported window

[dprof] ctx=3166 VB=2 verify=64 — verify step by sub-op, summed over all layers (1542 marks)
[dprof] phase                    ms        %      calls
[dprof] hc_pre  (attn)         1.80     1.7%         43
[dprof] rmsnorm (attn)         0.75     0.7%         43
[dprof] ATTENTION             60.70    56.2%         43
[dprof] hc_post (attn)         0.33     0.3%         43
[dprof] hc_pre  (ffn)          2.85     2.6%         43
[dprof] rmsnorm (ffn)          0.77     0.7%         43
[dprof] MoE                   35.22    32.6%         43
[dprof] hc_post (ffn)          0.29     0.3%         43
[dprof] kv xin copy            0.22     0.2%         41
[dprof] hc_head+norm           0.03     0.0%          1
[dprof] lm_head                5.11     4.7%          1
[dprof]   attn:q_proj          0.45     0.4%          2
[dprof]   attn:kv_write        0.08     0.1%          2
[dprof]   attn:sparse          0.61     0.6%          2
[dprof]   attn:ogroup          0.72     0.7%          2
[dprof]   cattn:q_proj        14.81    13.7%         41
[dprof]   cattn:compress       2.48     2.3%         41
[dprof]   cattn:indexer        4.78     4.4%         21
[dprof]   cattn:sparse        19.18    17.7%         41
[dprof]   cattn:ogroup        15.55    14.4%         41
[dprof]   moe:router           1.92     1.8%         46
[dprof]   moe:group            1.94     1.8%         46
[dprof]   moe:w1w3            22.72    21.0%         46
[dprof]   moe:act              1.49     1.4%         46
[dprof]   moe:w2              10.34     9.6%         46
[dprof]   moe:combine          0.51     0.5%         46
[dprof]   moe:shared           0.28     0.3%         46
[dprof]     q:aq(x)            0.37     0.3%         41
[dprof]     q:wq_a             5.49     5.1%         41
[dprof]     q:rms+aq           1.13     1.0%         41
[dprof]     q:wq_b             6.78     6.3%         41
[dprof]     q:tail             0.51     0.5%         41
[dprof]     q:kv_join          0.06     0.1%         41
[dprof]     o:rope             0.24     0.2%         41
[dprof]     o:wo_a             7.67     7.1%         41
[dprof]     o:wo_b             7.43     6.9%         41
[dprof]     i:qidx             1.52     1.4%         21
[dprof]     i:iw               0.47     0.4%         21
[dprof]     i:score            1.93     1.8%         21
[dprof]     i:topk             0.73     0.7%         21
[dprof]       mg:count         0.24     0.2%         46
[dprof]       mg:prefix        0.24     0.2%         46
[dprof]       mg:scatter       0.24     0.2%         46
[dprof]       mg:tiles         0.26     0.2%         46
[dprof] draft:main_kv          0.14     0.1%          1
[dprof] draft:block           12.45    11.5%          1
[dprof] draft:head            10.31     9.5%          1
[dprof] TOTAL                108.07
[dprof] *** INVALID: moe children 39.21 ms > MoE 35.22 ms — marks recorded outside the reported window

[dprof] ctx=3172 VB=3 verify=68 — verify step by sub-op, summed over all layers (1542 marks)
[dprof] phase                    ms        %      calls
[dprof] hc_pre  (attn)         2.11     1.9%         43
[dprof] rmsnorm (attn)         0.80     0.7%         43
[dprof] ATTENTION             55.81    50.0%         43
[dprof] hc_post (attn)         0.35     0.3%         43
[dprof] hc_pre  (ffn)          2.88     2.6%         43
[dprof] rmsnorm (ffn)          0.78     0.7%         43
[dprof] MoE                   43.37    38.8%         43
[dprof] hc_post (ffn)          0.35     0.3%         43
[dprof] kv xin copy            0.23     0.2%         41
[dprof] hc_head+norm           0.03     0.0%          1
[dprof] lm_head                4.95     4.4%          1
[dprof]   attn:q_proj          0.46     0.4%          2
[dprof]   attn:kv_write        0.08     0.1%          2
[dprof]   attn:sparse          0.61     0.5%          2
[dprof]   attn:ogroup          0.75     0.7%          2
[dprof]   cattn:q_proj        10.38     9.3%         41
[dprof]   cattn:compress       0.04     0.0%         41
[dprof]   cattn:indexer        5.82     5.2%         21
[dprof]   cattn:sparse        19.37    17.3%         41
[dprof]   cattn:ogroup        15.84    14.2%         41
[dprof]   moe:router           1.98     1.8%         46
[dprof]   moe:group            2.12     1.9%         46
[dprof]   moe:w1w3            27.79    24.9%         46
[dprof]   moe:act              1.51     1.4%         46
[dprof]   moe:w2              13.37    12.0%         46
[dprof]   moe:combine          0.57     0.5%         46
[dprof]   moe:shared           0.27     0.2%         46
[dprof]     q:aq(x)            0.25     0.2%         41
[dprof]     q:wq_a             1.68     1.5%         41
[dprof]     q:rms+aq           0.57     0.5%         41
[dprof]     q:wq_b             6.89     6.2%         41
[dprof]     q:tail             0.56     0.5%         41
[dprof]     q:kv_join          0.05     0.0%         41
[dprof]     o:rope             0.25     0.2%         41
[dprof]     o:wo_a             7.85     7.0%         41
[dprof]     o:wo_b             7.54     6.8%         41
[dprof]     i:qidx             1.67     1.5%         21
[dprof]     i:iw               0.56     0.5%         21
[dprof]     i:score            2.73     2.4%         21
[dprof]     i:topk             0.73     0.7%         21
[dprof]       mg:count         0.21     0.2%         46
[dprof]       mg:prefix        0.25     0.2%         46
[dprof]       mg:scatter       0.25     0.2%         46
[dprof]       mg:tiles         0.25     0.2%         46
[dprof] draft:main_kv          0.13     0.1%          1
[dprof] draft:block           12.68    11.4%          1
[dprof] draft:head            10.26     9.2%          1
[dprof] TOTAL                111.66
[dprof] *** INVALID: moe children 47.60 ms > MoE 43.37 ms — marks recorded outside the reported window

[dprof] ctx=3178 VB=4 verify=72 — verify step by sub-op, summed over all layers (1542 marks)
[dprof] phase                    ms        %      calls
[dprof] hc_pre  (attn)         2.39     1.8%         43
[dprof] rmsnorm (attn)         0.76     0.6%         43
[dprof] ATTENTION             66.10    48.5%         43
[dprof] hc_post (attn)         0.42     0.3%         43
[dprof] hc_pre  (ffn)          2.96     2.2%         43
[dprof] rmsnorm (ffn)          0.77     0.6%         43
[dprof] MoE                   56.92    41.8%         43
[dprof] hc_post (ffn)          0.35     0.3%         43
[dprof] kv xin copy            0.22     0.2%         41
[dprof] hc_head+norm           0.04     0.0%          1
[dprof] lm_head                5.25     3.9%          1
[dprof]   attn:q_proj          0.46     0.3%          2
[dprof]   attn:kv_write        0.08     0.1%          2
[dprof]   attn:sparse          0.62     0.5%          2
[dprof]   attn:ogroup          0.82     0.6%          2
[dprof]   cattn:q_proj        14.96    11.0%         41
[dprof]   cattn:compress       2.57     1.9%         41
[dprof]   cattn:indexer        6.95     5.1%         21
[dprof]   cattn:sparse        20.11    14.8%         41
[dprof]   cattn:ogroup        17.13    12.6%         41
[dprof]   moe:router           1.96     1.4%         46
[dprof]   moe:group            2.23     1.6%         46
[dprof]   moe:w1w3            36.52    26.8%         46
[dprof]   moe:act              1.62     1.2%         46
[dprof]   moe:w2              17.77    13.0%         46
[dprof]   moe:combine          0.62     0.5%         46
[dprof]   moe:shared           0.28     0.2%         46
[dprof]     q:aq(x)            0.40     0.3%         41
[dprof]     q:wq_a             5.60     4.1%         41
[dprof]     q:rms+aq           0.95     0.7%         41
[dprof]     q:wq_b             6.88     5.1%         41
[dprof]     q:tail             0.61     0.4%         41
[dprof]     q:kv_join          0.07     0.0%         41
[dprof]     o:rope             0.26     0.2%         41
[dprof]     o:wo_a             8.80     6.5%         41
[dprof]     o:wo_b             7.86     5.8%         41
[dprof]     i:qidx             1.79     1.3%         21
[dprof]     i:iw               0.66     0.5%         21
[dprof]     i:score            3.55     2.6%         21
[dprof]     i:topk             0.77     0.6%         21
[dprof]       mg:count         0.22     0.2%         46
[dprof]       mg:prefix        0.26     0.2%         46
[dprof]       mg:scatter       0.24     0.2%         46
[dprof]       mg:tiles         0.29     0.2%         46
[dprof] draft:main_kv          0.14     0.1%          1
[dprof] draft:block           12.51     9.2%          1
[dprof] draft:head            10.34     7.6%          1
[dprof] TOTAL                136.19
[dprof] *** INVALID: moe children 61.00 ms > MoE 56.92 ms — marks recorded outside the reported window

[dprof] ctx=3187 VB=2 verify=76 — verify step by sub-op, summed over all layers (1542 marks)
[dprof] phase                    ms        %      calls
[dprof] hc_pre  (attn)         1.84     1.7%         43
[dprof] rmsnorm (attn)         0.77     0.7%         43
[dprof] ATTENTION             60.96    55.1%         43
[dprof] hc_post (attn)         0.32     0.3%         43
[dprof] hc_pre  (ffn)          2.82     2.6%         43
[dprof] rmsnorm (ffn)          0.76     0.7%         43
[dprof] MoE                   37.58    34.0%         43
[dprof] hc_post (ffn)          0.29     0.3%         43
[dprof] kv xin copy            0.23     0.2%         41
[dprof] hc_head+norm           0.03     0.0%          1
[dprof] lm_head                4.94     4.5%          1
[dprof]   attn:q_proj          0.45     0.4%          2
[dprof]   attn:kv_write        0.08     0.1%          2
[dprof]   attn:sparse          0.60     0.5%          2
[dprof]   attn:ogroup          0.72     0.7%          2
[dprof]   cattn:q_proj        14.93    13.5%         41
[dprof]   cattn:compress       2.52     2.3%         41
[dprof]   cattn:indexer        4.77     4.3%         21
[dprof]   cattn:sparse        19.29    17.5%         41
[dprof]   cattn:ogroup        15.41    13.9%         41
[dprof]   moe:router           1.98     1.8%         46
[dprof]   moe:group            2.01     1.8%         46
[dprof]   moe:w1w3            24.41    22.1%         46
[dprof]   moe:act              1.53     1.4%         46
[dprof]   moe:w2              10.78     9.7%         46
[dprof]   moe:combine          0.55     0.5%         46
[dprof]   moe:shared           0.26     0.2%         46
[dprof]     q:aq(x)            0.27     0.2%         41
[dprof]     q:wq_a             5.82     5.3%         41
[dprof]     q:rms+aq           1.05     0.9%         41
[dprof]     q:wq_b             6.79     6.1%         41
[dprof]     q:tail             0.51     0.5%         41
[dprof]     q:kv_join          0.05     0.0%         41
[dprof]     o:rope             0.24     0.2%         41
[dprof]     o:wo_a             7.59     6.9%         41
[dprof]     o:wo_b             7.35     6.6%         41
[dprof]     i:qidx             1.53     1.4%         21
[dprof]     i:iw               0.48     0.4%         21
[dprof]     i:score            1.94     1.8%         21
[dprof]     i:topk             0.70     0.6%         21
[dprof]       mg:count         0.22     0.2%         46
[dprof]       mg:prefix        0.25     0.2%         46
[dprof]       mg:scatter       0.25     0.2%         46
[dprof]       mg:tiles         0.29     0.3%         46
[dprof] draft:main_kv          0.14     0.1%          1
[dprof] draft:block           12.43    11.2%          1
[dprof] draft:head            10.37     9.4%          1
[dprof] TOTAL                110.56
[dprof] *** INVALID: moe children 41.52 ms > MoE 37.58 ms — marks recorded outside the reported window

[dprof] ctx=3194 VB=2 verify=80 — verify step by sub-op, summed over all layers (1542 marks)
[dprof] phase                    ms        %      calls
[dprof] hc_pre  (attn)         1.83     1.7%         43
[dprof] rmsnorm (attn)         0.79     0.7%         43
[dprof] ATTENTION             60.72    56.6%         43
[dprof] hc_post (attn)         0.35     0.3%         43
[dprof] hc_pre  (ffn)          2.81     2.6%         43
[dprof] rmsnorm (ffn)          0.75     0.7%         43
[dprof] MoE                   34.61    32.3%         43
[dprof] hc_post (ffn)          0.29     0.3%         43
[dprof] kv xin copy            0.22     0.2%         41
[dprof] hc_head+norm           0.03     0.0%          1
[dprof] lm_head                4.79     4.5%          1
[dprof]   attn:q_proj          0.46     0.4%          2
[dprof]   attn:kv_write        0.08     0.1%          2
[dprof]   attn:sparse          0.62     0.6%          2
[dprof]   attn:ogroup          0.80     0.7%          2
[dprof]   cattn:q_proj        14.77    13.8%         41
[dprof]   cattn:compress       2.52     2.4%         41
[dprof]   cattn:indexer        4.74     4.4%         21
[dprof]   cattn:sparse        18.87    17.6%         41
[dprof]   cattn:ogroup        15.78    14.7%         41
[dprof]   moe:router           1.96     1.8%         46
[dprof]   moe:group            1.95     1.8%         46
[dprof]   moe:w1w3            22.36    20.9%         46
[dprof]   moe:act              1.51     1.4%         46
[dprof]   moe:w2              10.12     9.4%         46
[dprof]   moe:combine          0.55     0.5%         46
[dprof]   moe:shared           0.25     0.2%         46
[dprof]     q:aq(x)            0.38     0.4%         41
[dprof]     q:wq_a             5.47     5.1%         41
[dprof]     q:rms+aq           1.09     1.0%         41
[dprof]     q:wq_b             6.81     6.4%         41
[dprof]     q:tail             0.50     0.5%         41
[dprof]     q:kv_join          0.06     0.1%         41
[dprof]     o:rope             0.24     0.2%         41
[dprof]     o:wo_a             7.82     7.3%         41
[dprof]     o:wo_b             7.48     7.0%         41
[dprof]     i:qidx             1.50     1.4%         21
[dprof]     i:iw               0.46     0.4%         21
[dprof]     i:score            1.93     1.8%         21
[dprof]     i:topk             0.73     0.7%         21
[dprof]       mg:count         0.23     0.2%         46
[dprof]       mg:prefix        0.24     0.2%         46
[dprof]       mg:scatter       0.24     0.2%         46
[dprof]       mg:tiles         0.28     0.3%         46
[dprof] draft:main_kv          0.14     0.1%          1
[dprof] draft:block           12.67    11.8%          1
[dprof] draft:head            10.30     9.6%          1
[dprof] TOTAL                107.19
[dprof] *** INVALID: moe children 38.70 ms > MoE 34.61 ms — marks recorded outside the reported window

[dprof] ctx=3068 VB=5 verify=0 — verify step by sub-op, summed over all layers (1542 marks)
[dprof] phase                    ms        %      calls
[dprof] hc_pre  (attn)         2.66     1.4%         43
[dprof] rmsnorm (attn)         0.77     0.4%         43
[dprof] ATTENTION            108.12    56.9%         43
[dprof] hc_post (attn)         0.46     0.2%         43
[dprof] hc_pre  (ffn)          3.17     1.7%         43
[dprof] rmsnorm (ffn)          0.78     0.4%         43
[dprof] MoE                   66.65    35.1%         43
[dprof] hc_post (ffn)          0.43     0.2%         43
[dprof] kv xin copy            0.25     0.1%         41
[dprof] hc_head+norm           0.04     0.0%          1
[dprof] lm_head                6.61     3.5%          1
[dprof]   attn:q_proj          0.47     0.2%          2
[dprof]   attn:kv_write        0.08     0.0%          2
[dprof]   attn:sparse          0.62     0.3%          2
[dprof]   attn:ogroup          0.81     0.4%          2
[dprof]   cattn:q_proj        15.02     7.9%         41
[dprof]   cattn:compress      43.70    23.0%         41
[dprof]   cattn:indexer        7.57     4.0%         21
[dprof]   cattn:sparse        20.40    10.7%         41
[dprof]   cattn:ogroup        17.00     8.9%         41
[dprof]   moe:router           2.00     1.1%         46
[dprof]   moe:group            2.34     1.2%         46
[dprof]   moe:w1w3            42.62    22.4%         46
[dprof]   moe:act              1.78     0.9%         46
[dprof]   moe:w2              21.06    11.1%         46
[dprof]   moe:combine          0.71     0.4%         46
[dprof]   moe:shared           0.32     0.2%         46
[dprof]     q:aq(x)            0.42     0.2%         41
[dprof]     q:wq_a             5.38     2.8%         41
[dprof]     q:rms+aq           0.91     0.5%         41
[dprof]     q:wq_b             7.07     3.7%         41
[dprof]     q:tail             0.68     0.4%         41
[dprof]     q:kv_join          0.06     0.0%         41
[dprof]     o:rope             0.24     0.1%         41
[dprof]     o:wo_a             8.32     4.4%         41
[dprof]     o:wo_b             8.21     4.3%         41
[dprof]     i:qidx             1.89     1.0%         21
[dprof]     i:iw               0.64     0.3%         21
[dprof]     i:score            4.20     2.2%         21
[dprof]     i:topk             0.72     0.4%         21
[dprof]       mg:count         0.24     0.1%         46
[dprof]       mg:prefix        0.25     0.1%         46
[dprof]       mg:scatter       0.25     0.1%         46
[dprof]       mg:tiles         0.30     0.2%         46
[dprof] draft:main_kv          0.01     0.0%          1
[dprof] draft:block           12.65     6.7%          1
[dprof] draft:head            10.30     5.4%          1
[dprof] TOTAL                189.96
[dprof] *** INVALID: moe children 70.83 ms > MoE 66.65 ms — marks recorded outside the reported window

[dprof] ctx=3078 VB=5 verify=4 — verify step by sub-op, summed over all layers (1542 marks)
[dprof] phase                    ms        %      calls
[dprof] hc_pre  (attn)         2.67     1.8%         43
[dprof] rmsnorm (attn)         0.75     0.5%         43
[dprof] ATTENTION             67.80    45.2%         43
[dprof] hc_post (attn)         0.44     0.3%         43
[dprof] hc_pre  (ffn)          3.12     2.1%         43
[dprof] rmsnorm (ffn)          0.77     0.5%         43
[dprof] MoE                   67.36    44.9%         43
[dprof] hc_post (ffn)          0.43     0.3%         43
[dprof] kv xin copy            0.22     0.1%         41
[dprof] hc_head+norm           0.04     0.0%          1
[dprof] lm_head                6.52     4.3%          1
[dprof]   attn:q_proj          0.55     0.4%          2
[dprof]   attn:kv_write        0.09     0.1%          2
[dprof]   attn:sparse          0.63     0.4%          2
[dprof]   attn:ogroup          0.83     0.6%          2
[dprof]   cattn:q_proj        15.40    10.3%         41
[dprof]   cattn:compress       2.46     1.6%         41
[dprof]   cattn:indexer        7.75     5.2%         21
[dprof]   cattn:sparse        20.42    13.6%         41
[dprof]   cattn:ogroup        17.23    11.5%         41
[dprof]   moe:router           1.97     1.3%         46
[dprof]   moe:group            2.33     1.6%         46
[dprof]   moe:w1w3            43.15    28.7%         46
[dprof]   moe:act              1.81     1.2%         46
[dprof]   moe:w2              21.30    14.2%         46
[dprof]   moe:combine          0.66     0.4%         46
[dprof]   moe:shared           0.30     0.2%         46
[dprof]     q:aq(x)            0.33     0.2%         41
[dprof]     q:wq_a             5.78     3.9%         41
[dprof]     q:rms+aq           0.91     0.6%         41
[dprof]     q:wq_b             7.19     4.8%         41
[dprof]     q:tail             0.67     0.4%         41
[dprof]     q:kv_join          0.06     0.0%         41
[dprof]     o:rope             0.26     0.2%         41
[dprof]     o:wo_a             8.44     5.6%         41
[dprof]     o:wo_b             8.31     5.5%         41
[dprof]     i:qidx             1.91     1.3%         21
[dprof]     i:iw               0.64     0.4%         21
[dprof]     i:score            4.32     2.9%         21
[dprof]     i:topk             0.74     0.5%         21
[dprof]       mg:count         0.24     0.2%         46
[dprof]       mg:prefix        0.26     0.2%         46
[dprof]       mg:scatter       0.25     0.2%         46
[dprof]       mg:tiles         0.29     0.2%         46
[dprof] draft:main_kv          0.13     0.1%          1
[dprof] draft:block           12.55     8.4%          1
[dprof] draft:head            10.28     6.9%          1
[dprof] TOTAL                150.11
[dprof] *** INVALID: moe children 71.52 ms > MoE 67.36 ms — marks recorded outside the reported window

[dprof] ctx=3083 VB=3 verify=8 — verify step by sub-op, summed over all layers (1542 marks)
[dprof] phase                    ms        %      calls
[dprof] hc_pre  (attn)         2.11     1.8%         43
[dprof] rmsnorm (attn)         0.75     0.6%         43
[dprof] ATTENTION             62.44    52.7%         43
[dprof] hc_post (attn)         0.38     0.3%         43
[dprof] hc_pre  (ffn)          2.86     2.4%         43
[dprof] rmsnorm (ffn)          0.77     0.7%         43
[dprof] MoE                   43.63    36.8%         43
[dprof] hc_post (ffn)          0.35     0.3%         43
[dprof] kv xin copy            0.22     0.2%         41
[dprof] hc_head+norm           0.04     0.0%          1
[dprof] lm_head                4.97     4.2%          1
[dprof]   attn:q_proj          0.46     0.4%          2
[dprof]   attn:kv_write        0.08     0.1%          2
[dprof]   attn:sparse          0.64     0.5%          2
[dprof]   attn:ogroup          0.77     0.6%          2
[dprof]   cattn:q_proj        15.04    12.7%         41
[dprof]   cattn:compress       2.45     2.1%         41
[dprof]   cattn:indexer        5.78     4.9%         21
[dprof]   cattn:sparse        19.08    16.1%         41
[dprof]   cattn:ogroup        15.97    13.5%         41
[dprof]   moe:router           1.97     1.7%         46
[dprof]   moe:group            2.20     1.9%         46
[dprof]   moe:w1w3            27.76    23.4%         46
[dprof]   moe:act              1.48     1.3%         46
[dprof]   moe:w2              13.34    11.3%         46
[dprof]   moe:combine          0.60     0.5%         46
[dprof]   moe:shared           0.27     0.2%         46
[dprof]     q:aq(x)            0.29     0.2%         41
[dprof]     q:wq_a             5.87     5.0%         41
[dprof]     q:rms+aq           1.00     0.8%         41
[dprof]     q:wq_b             6.80     5.7%         41
[dprof]     q:tail             0.56     0.5%         41
[dprof]     q:kv_join          0.07     0.1%         41
[dprof]     o:rope             0.24     0.2%         41
[dprof]     o:wo_a             8.00     6.7%         41
[dprof]     o:wo_b             7.53     6.4%         41
[dprof]     i:qidx             1.64     1.4%         21
[dprof]     i:iw               0.56     0.5%         21
[dprof]     i:score            2.73     2.3%         21
[dprof]     i:topk             0.70     0.6%         21
[dprof]       mg:count         0.24     0.2%         46
[dprof]       mg:prefix        0.27     0.2%         46
[dprof]       mg:scatter       0.25     0.2%         46
[dprof]       mg:tiles         0.29     0.2%         46
[dprof] draft:main_kv          0.13     0.1%          1
[dprof] draft:block           12.49    10.5%          1
[dprof] draft:head            10.28     8.7%          1
[dprof] TOTAL                118.53
[dprof] *** INVALID: moe children 47.63 ms > MoE 43.63 ms — marks recorded outside the reported window

[dprof] ctx=3088 VB=2 verify=12 — verify step by sub-op, summed over all layers (1542 marks)
[dprof] phase                    ms        %      calls
[dprof] hc_pre  (attn)         1.86     1.9%         43
[dprof] rmsnorm (attn)         0.78     0.8%         43
[dprof] ATTENTION             53.29    53.6%         43
[dprof] hc_post (attn)         0.31     0.3%         43
[dprof] hc_pre  (ffn)          2.79     2.8%         43
[dprof] rmsnorm (ffn)          0.76     0.8%         43
[dprof] MoE                   34.03    34.2%         43
[dprof] hc_post (ffn)          0.30     0.3%         43
[dprof] kv xin copy            0.26     0.3%         41
[dprof] hc_head+norm           0.03     0.0%          1
[dprof] lm_head                5.02     5.0%          1
[dprof]   attn:q_proj          0.47     0.5%          2
[dprof]   attn:kv_write        0.08     0.1%          2
[dprof]   attn:sparse          0.61     0.6%          2
[dprof]   attn:ogroup          0.72     0.7%          2
[dprof]   cattn:q_proj        10.27    10.3%         41
[dprof]   cattn:compress       0.05     0.0%         41
[dprof]   cattn:indexer        4.73     4.8%         21
[dprof]   cattn:sparse        18.93    19.0%         41
[dprof]   cattn:ogroup        15.44    15.5%         41
[dprof]   moe:router           1.92     1.9%         46
[dprof]   moe:group            1.96     2.0%         46
[dprof]   moe:w1w3            21.81    21.9%         46
[dprof]   moe:act              1.46     1.5%         46
[dprof]   moe:w2              10.01    10.1%         46
[dprof]   moe:combine          0.54     0.5%         46
[dprof]   moe:shared           0.28     0.3%         46
[dprof]     q:aq(x)            0.27     0.3%         41
[dprof]     q:wq_a             1.66     1.7%         41
[dprof]     q:rms+aq           0.59     0.6%         41
[dprof]     q:wq_b             6.82     6.9%         41
[dprof]     q:tail             0.48     0.5%         41
[dprof]     q:kv_join          0.05     0.0%         41
[dprof]     o:rope             0.27     0.3%         41
[dprof]     o:wo_a             7.64     7.7%         41
[dprof]     o:wo_b             7.30     7.3%         41
[dprof]     i:qidx             1.56     1.6%         21
[dprof]     i:iw               0.45     0.5%         21
[dprof]     i:score            1.92     1.9%         21
[dprof]     i:topk             0.67     0.7%         21
[dprof]       mg:count         0.21     0.2%         46
[dprof]       mg:prefix        0.25     0.2%         46
[dprof]       mg:scatter       0.25     0.3%         46
[dprof]       mg:tiles         0.26     0.3%         46
[dprof] draft:main_kv          0.14     0.1%          1
[dprof] draft:block           12.43    12.5%          1
[dprof] draft:head            10.23    10.3%          1
[dprof] TOTAL                 99.45
[dprof] *** INVALID: moe children 37.97 ms > MoE 34.03 ms — marks recorded outside the reported window

[dprof] ctx=3094 VB=2 verify=16 — verify step by sub-op, summed over all layers (1542 marks)
[dprof] phase                    ms        %      calls
[dprof] hc_pre  (attn)         1.83     1.8%         43
[dprof] rmsnorm (attn)         0.76     0.7%         43
[dprof] ATTENTION             60.29    57.9%         43
[dprof] hc_post (attn)         0.36     0.3%         43
[dprof] hc_pre  (ffn)          2.79     2.7%         43
[dprof] rmsnorm (ffn)          0.76     0.7%         43
[dprof] MoE                   32.03    30.8%         43
[dprof] hc_post (ffn)          0.29     0.3%         43
[dprof] kv xin copy            0.22     0.2%         41
[dprof] hc_head+norm           0.03     0.0%          1
[dprof] lm_head                4.70     4.5%          1
[dprof]   attn:q_proj          0.47     0.5%          2
[dprof]   attn:kv_write        0.09     0.1%          2
[dprof]   attn:sparse          0.61     0.6%          2
[dprof]   attn:ogroup          0.75     0.7%          2
[dprof]   cattn:q_proj        14.78    14.2%         41
[dprof]   cattn:compress       2.51     2.4%         41
[dprof]   cattn:indexer        4.77     4.6%         21
[dprof]   cattn:sparse        18.72    18.0%         41
[dprof]   cattn:ogroup        15.58    15.0%         41
[dprof]   moe:router           1.95     1.9%         46
[dprof]   moe:group            2.01     1.9%         46
[dprof]   moe:w1w3            20.37    19.6%         46
[dprof]   moe:act              1.43     1.4%         46
[dprof]   moe:w2               9.37     9.0%         46
[dprof]   moe:combine          0.53     0.5%         46
[dprof]   moe:shared           0.26     0.2%         46
[dprof]     q:aq(x)            0.38     0.4%         41
[dprof]     q:wq_a             5.45     5.2%         41
[dprof]     q:rms+aq           1.05     1.0%         41
[dprof]     q:wq_b             6.83     6.6%         41
[dprof]     q:tail             0.54     0.5%         41
[dprof]     q:kv_join          0.06     0.1%         41
[dprof]     o:rope             0.23     0.2%         41
[dprof]     o:wo_a             7.64     7.3%         41
[dprof]     o:wo_b             7.47     7.2%         41
[dprof]     i:qidx             1.52     1.5%         21
[dprof]     i:iw               0.46     0.4%         21
[dprof]     i:score            1.93     1.9%         21
[dprof]     i:topk             0.73     0.7%         21
[dprof]       mg:count         0.22     0.2%         46
[dprof]       mg:prefix        0.26     0.3%         46
[dprof]       mg:scatter       0.27     0.3%         46
[dprof]       mg:tiles         0.26     0.3%         46
[dprof] draft:main_kv          0.14     0.1%          1
[dprof] draft:block           12.38    11.9%          1
[dprof] draft:head            10.24     9.8%          1
[dprof] TOTAL                104.07
[dprof] *** INVALID: moe children 35.92 ms > MoE 32.03 ms — marks recorded outside the reported window

[dprof] ctx=3101 VB=4 verify=20 — verify step by sub-op, summed over all layers (1542 marks)
[dprof] phase                    ms        %      calls
[dprof] hc_pre  (attn)         2.40     1.8%         43
[dprof] rmsnorm (attn)         0.77     0.6%         43
[dprof] ATTENTION             66.10    49.1%         43
[dprof] hc_post (attn)         0.42     0.3%         43
[dprof] hc_pre  (ffn)          2.99     2.2%         43
[dprof] rmsnorm (ffn)          0.76     0.6%         43
[dprof] MoE                   55.36    41.1%         43
[dprof] hc_post (ffn)          0.37     0.3%         43
[dprof] kv xin copy            0.24     0.2%         41
[dprof] hc_head+norm           0.04     0.0%          1
[dprof] lm_head                5.26     3.9%          1
[dprof]   attn:q_proj          0.46     0.3%          2
[dprof]   attn:kv_write        0.08     0.1%          2
[dprof]   attn:sparse          0.63     0.5%          2
[dprof]   attn:ogroup          0.83     0.6%          2
[dprof]   cattn:q_proj        15.01    11.1%         41
[dprof]   cattn:compress       2.45     1.8%         41
[dprof]   cattn:indexer        6.85     5.1%         21
[dprof]   cattn:sparse        20.13    14.9%         41
[dprof]   cattn:ogroup        17.30    12.8%         41
[dprof]   moe:router           1.96     1.5%         46
[dprof]   moe:group            2.27     1.7%         46
[dprof]   moe:w1w3            35.36    26.3%         46
[dprof]   moe:act              1.67     1.2%         46
[dprof]   moe:w2              17.42    12.9%         46
[dprof]   moe:combine          0.62     0.5%         46
[dprof]   moe:shared           0.28     0.2%         46
[dprof]     q:aq(x)            0.47     0.3%         41
[dprof]     q:wq_a             5.47     4.1%         41
[dprof]     q:rms+aq           1.00     0.7%         41
[dprof]     q:wq_b             6.93     5.1%         41
[dprof]     q:tail             0.63     0.5%         41
[dprof]     q:kv_join          0.05     0.0%         41
[dprof]     o:rope             0.26     0.2%         41
[dprof]     o:wo_a             8.90     6.6%         41
[dprof]     o:wo_b             7.93     5.9%         41
[dprof]     i:qidx             1.74     1.3%         21
[dprof]     i:iw               0.66     0.5%         21
[dprof]     i:score            3.56     2.6%         21
[dprof]     i:topk             0.74     0.5%         21
[dprof]       mg:count         0.22     0.2%         46
[dprof]       mg:prefix        0.26     0.2%         46
[dprof]       mg:scatter       0.24     0.2%         46
[dprof]       mg:tiles         0.28     0.2%         46
[dprof] draft:main_kv          0.14     0.1%          1
[dprof] draft:block           12.56     9.3%          1
[dprof] draft:head            10.30     7.6%          1
[dprof] TOTAL                134.69
[dprof] *** INVALID: moe children 59.57 ms > MoE 55.36 ms — marks recorded outside the reported window

[dprof] ctx=3109 VB=3 verify=24 — verify step by sub-op, summed over all layers (1542 marks)
[dprof] phase                    ms        %      calls
[dprof] hc_pre  (attn)         2.10     1.8%         43
[dprof] rmsnorm (attn)         0.78     0.7%         43
[dprof] ATTENTION             62.26    52.4%         43
[dprof] hc_post (attn)         0.39     0.3%         43
[dprof] hc_pre  (ffn)          2.84     2.4%         43
[dprof] rmsnorm (ffn)          0.77     0.6%         43
[dprof] MoE                   43.95    37.0%         43
[dprof] hc_post (ffn)          0.38     0.3%         43
[dprof] kv xin copy            0.23     0.2%         41
[dprof] hc_head+norm           0.03     0.0%          1
[dprof] lm_head                4.99     4.2%          1
[dprof]   attn:q_proj          0.48     0.4%          2
[dprof]   attn:kv_write        0.08     0.1%          2
[dprof]   attn:sparse          0.61     0.5%          2
[dprof]   attn:ogroup          0.76     0.6%          2
[dprof]   cattn:q_proj        14.79    12.5%         41
[dprof]   cattn:compress       2.52     2.1%         41
[dprof]   cattn:indexer        5.79     4.9%         21
[dprof]   cattn:sparse        19.13    16.1%         41
[dprof]   cattn:ogroup        15.99    13.5%         41
[dprof]   moe:router           1.96     1.7%         46
[dprof]   moe:group            2.13     1.8%         46
[dprof]   moe:w1w3            28.22    23.8%         46
[dprof]   moe:act              1.46     1.2%         46
[dprof]   moe:w2              13.46    11.3%         46
[dprof]   moe:combine          0.59     0.5%         46
[dprof]   moe:shared           0.28     0.2%         46
[dprof]     q:aq(x)            0.39     0.3%         41
[dprof]     q:wq_a             5.52     4.6%         41
[dprof]     q:rms+aq           1.02     0.9%         41
[dprof]     q:wq_b             6.79     5.7%         41
[dprof]     q:tail             0.55     0.5%         41
[dprof]     q:kv_join          0.06     0.1%         41
[dprof]     o:rope             0.24     0.2%         41
[dprof]     o:wo_a             7.92     6.7%         41
[dprof]     o:wo_b             7.58     6.4%         41
[dprof]     i:qidx             1.63     1.4%         21
[dprof]     i:iw               0.56     0.5%         21
[dprof]     i:score            2.75     2.3%         21
[dprof]     i:topk             0.71     0.6%         21
[dprof]       mg:count         0.22     0.2%         46
[dprof]       mg:prefix        0.25     0.2%         46
[dprof]       mg:scatter       0.25     0.2%         46
[dprof]       mg:tiles         0.28     0.2%         46
[dprof] draft:main_kv          0.14     0.1%          1
[dprof] draft:block           12.69    10.7%          1
[dprof] draft:head            10.28     8.7%          1
[dprof] TOTAL                118.72
[dprof] *** INVALID: moe children 48.10 ms > MoE 43.95 ms — marks recorded outside the reported window

[dprof] ctx=3119 VB=4 verify=28 — verify step by sub-op, summed over all layers (1542 marks)
[dprof] phase                    ms        %      calls
[dprof] hc_pre  (attn)         2.37     1.8%         43
[dprof] rmsnorm (attn)         0.76     0.6%         43
[dprof] ATTENTION             65.87    49.2%         43
[dprof] hc_post (attn)         0.43     0.3%         43
[dprof] hc_pre  (ffn)          3.00     2.2%         43
[dprof] rmsnorm (ffn)          0.75     0.6%         43
[dprof] MoE                   54.57    40.8%         43
[dprof] hc_post (ffn)          0.38     0.3%         43
[dprof] kv xin copy            0.24     0.2%         41
[dprof] hc_head+norm           0.05     0.0%          1
[dprof] lm_head                5.47     4.1%          1
[dprof]   attn:q_proj          0.47     0.3%          2
[dprof]   attn:kv_write        0.08     0.1%          2
[dprof]   attn:sparse          0.62     0.5%          2
[dprof]   attn:ogroup          0.91     0.7%          2
[dprof]   cattn:q_proj        15.22    11.4%         41
[dprof]   cattn:compress       2.49     1.9%         41
[dprof]   cattn:indexer        6.85     5.1%         21
[dprof]   cattn:sparse        19.53    14.6%         41
[dprof]   cattn:ogroup        17.32    12.9%         41
[dprof]   moe:router           2.00     1.5%         46
[dprof]   moe:group            2.21     1.6%         46
[dprof]   moe:w1w3            34.80    26.0%         46
[dprof]   moe:act              1.62     1.2%         46
[dprof]   moe:w2              17.15    12.8%         46
[dprof]   moe:combine          0.66     0.5%         46
[dprof]   moe:shared           0.29     0.2%         46
[dprof]     q:aq(x)            0.31     0.2%         41
[dprof]     q:wq_a             5.93     4.4%         41
[dprof]     q:rms+aq           0.96     0.7%         41
[dprof]     q:wq_b             6.92     5.2%         41
[dprof]     q:tail             0.60     0.4%         41
[dprof]     q:kv_join          0.06     0.0%         41
[dprof]     o:rope             0.26     0.2%         41
[dprof]     o:wo_a             8.93     6.7%         41
[dprof]     o:wo_b             7.89     5.9%         41
[dprof]     i:qidx             1.78     1.3%         21
[dprof]     i:iw               0.64     0.5%         21
[dprof]     i:score            3.55     2.7%         21
[dprof]     i:topk             0.73     0.5%         21
[dprof]       mg:count         0.21     0.2%         46
[dprof]       mg:prefix        0.26     0.2%         46
[dprof]       mg:scatter       0.25     0.2%         46
[dprof]       mg:tiles         0.29     0.2%         46
[dprof] draft:main_kv          0.14     0.1%          1
[dprof] draft:block           12.65     9.4%          1
[dprof] draft:head            10.24     7.6%          1
[dprof] TOTAL                133.89
[dprof] *** INVALID: moe children 58.72 ms > MoE 54.57 ms — marks recorded outside the reported window

[dprof] ctx=3128 VB=2 verify=32 — verify step by sub-op, summed over all layers (1542 marks)
[dprof] phase                    ms        %      calls
[dprof] hc_pre  (attn)         1.82     1.8%         43
[dprof] rmsnorm (attn)         0.75     0.8%         43
[dprof] ATTENTION             53.23    53.8%         43
[dprof] hc_post (attn)         0.32     0.3%         43
[dprof] hc_pre  (ffn)          2.82     2.9%         43
[dprof] rmsnorm (ffn)          0.78     0.8%         43
[dprof] MoE                   33.61    34.0%         43
[dprof] hc_post (ffn)          0.31     0.3%         43
[dprof] kv xin copy            0.22     0.2%         41
[dprof] hc_head+norm           0.03     0.0%          1
[dprof] lm_head                5.01     5.1%          1
[dprof]   attn:q_proj          0.45     0.5%          2
[dprof]   attn:kv_write        0.08     0.1%          2
[dprof]   attn:sparse          0.60     0.6%          2
[dprof]   attn:ogroup          0.73     0.7%          2
[dprof]   cattn:q_proj        10.16    10.3%         41
[dprof]   cattn:compress       0.06     0.1%         41
[dprof]   cattn:indexer        4.80     4.9%         21
[dprof]   cattn:sparse        18.91    19.1%         41
[dprof]   cattn:ogroup        15.37    15.5%         41
[dprof]   moe:router           1.94     2.0%         46
[dprof]   moe:group            2.04     2.1%         46
[dprof]   moe:w1w3            21.65    21.9%         46
[dprof]   moe:act              1.41     1.4%         46
[dprof]   moe:w2               9.83     9.9%         46
[dprof]   moe:combine          0.50     0.5%         46
[dprof]   moe:shared           0.25     0.3%         46
[dprof]     q:aq(x)            0.23     0.2%         41
[dprof]     q:wq_a             1.67     1.7%         41
[dprof]     q:rms+aq           0.58     0.6%         41
[dprof]     q:wq_b             6.73     6.8%         41
[dprof]     q:tail             0.50     0.5%         41
[dprof]     q:kv_join          0.05     0.1%         41
[dprof]     o:rope             0.25     0.3%         41
[dprof]     o:wo_a             7.54     7.6%         41
[dprof]     o:wo_b             7.37     7.5%         41
[dprof]     i:qidx             1.56     1.6%         21
[dprof]     i:iw               0.47     0.5%         21
[dprof]     i:score            1.92     1.9%         21
[dprof]     i:topk             0.71     0.7%         21
[dprof]       mg:count         0.22     0.2%         46
[dprof]       mg:prefix        0.26     0.3%         46
[dprof]       mg:scatter       0.28     0.3%         46
[dprof]       mg:tiles         0.25     0.3%         46
[dprof] draft:main_kv          0.14     0.1%          1
[dprof] draft:block           12.55    12.7%          1
[dprof] draft:head            10.23    10.3%          1
[dprof] TOTAL                 98.89
[dprof] *** INVALID: moe children 37.63 ms > MoE 33.61 ms — marks recorded outside the reported window

[dprof] ctx=3135 VB=2 verify=36 — verify step by sub-op, summed over all layers (1542 marks)
[dprof] phase                    ms        %      calls
[dprof] hc_pre  (attn)         1.81     1.7%         43
[dprof] rmsnorm (attn)         0.76     0.7%         43
[dprof] ATTENTION             60.51    57.2%         43
[dprof] hc_post (attn)         0.33     0.3%         43
[dprof] hc_pre  (ffn)          2.80     2.6%         43
[dprof] rmsnorm (ffn)          0.76     0.7%         43
[dprof] MoE                   33.29    31.5%         43
[dprof] hc_post (ffn)          0.28     0.3%         43
[dprof] kv xin copy            0.22     0.2%         41
[dprof] hc_head+norm           0.03     0.0%          1
[dprof] lm_head                4.98     4.7%          1
[dprof]   attn:q_proj          0.45     0.4%          2
[dprof]   attn:kv_write        0.08     0.1%          2
[dprof]   attn:sparse          0.60     0.6%          2
[dprof]   attn:ogroup          0.72     0.7%          2
[dprof]   cattn:q_proj        15.02    14.2%         41
[dprof]   cattn:compress       2.52     2.4%         41
[dprof]   cattn:indexer        4.70     4.4%         21
[dprof]   cattn:sparse        18.78    17.8%         41
[dprof]   cattn:ogroup        15.53    14.7%         41
[dprof]   moe:router           1.96     1.9%         46
[dprof]   moe:group            2.01     1.9%         46
[dprof]   moe:w1w3            21.36    20.2%         46
[dprof]   moe:act              1.44     1.4%         46
[dprof]   moe:w2               9.81     9.3%         46
[dprof]   moe:combine          0.52     0.5%         46
[dprof]   moe:shared           0.25     0.2%         46
[dprof]     q:aq(x)            0.28     0.3%         41
[dprof]     q:wq_a             5.82     5.5%         41
[dprof]     q:rms+aq           1.04     1.0%         41
[dprof]     q:wq_b             6.83     6.5%         41
[dprof]     q:tail             0.53     0.5%         41
[dprof]     q:kv_join          0.05     0.1%         41
[dprof]     o:rope             0.24     0.2%         41
[dprof]     o:wo_a             7.58     7.2%         41
[dprof]     o:wo_b             7.49     7.1%         41
[dprof]     i:qidx             1.50     1.4%         21
[dprof]     i:iw               0.45     0.4%         21
[dprof]     i:score            1.92     1.8%         21
[dprof]     i:topk             0.70     0.7%         21
[dprof]       mg:count         0.22     0.2%         46
[dprof]       mg:prefix        0.25     0.2%         46
[dprof]       mg:scatter       0.26     0.2%         46
[dprof]       mg:tiles         0.29     0.3%         46
[dprof] draft:main_kv          0.14     0.1%          1
[dprof] draft:block           12.51    11.8%          1
[dprof] draft:head            10.29     9.7%          1
[dprof] TOTAL                105.79
[dprof] *** INVALID: moe children 37.35 ms > MoE 33.29 ms — marks recorded outside the reported window

[dprof] ctx=3141 VB=2 verify=40 — verify step by sub-op, summed over all layers (1542 marks)
[dprof] phase                    ms        %      calls
[dprof] hc_pre  (attn)         1.84     1.9%         43
[dprof] rmsnorm (attn)         0.76     0.8%         43
[dprof] ATTENTION             53.94    54.3%         43
[dprof] hc_post (attn)         0.31     0.3%         43
[dprof] hc_pre  (ffn)          2.84     2.9%         43
[dprof] rmsnorm (ffn)          0.78     0.8%         43
[dprof] MoE                   33.48    33.7%         43
[dprof] hc_post (ffn)          0.27     0.3%         43
[dprof] kv xin copy            0.23     0.2%         41
[dprof] hc_head+norm           0.03     0.0%          1
[dprof] lm_head                4.82     4.9%          1
[dprof]   attn:q_proj          0.45     0.5%          2
[dprof]   attn:kv_write        0.08     0.1%          2
[dprof]   attn:sparse          0.61     0.6%          2
[dprof]   attn:ogroup          0.76     0.8%          2
[dprof]   cattn:q_proj        10.28    10.4%         41
[dprof]   cattn:compress       0.05     0.1%         41
[dprof]   cattn:indexer        4.81     4.8%         21
[dprof]   cattn:sparse        18.95    19.1%         41
[dprof]   cattn:ogroup        15.61    15.7%         41
[dprof]   moe:router           1.96     2.0%         46
[dprof]   moe:group            1.95     2.0%         46
[dprof]   moe:w1w3            21.56    21.7%         46
[dprof]   moe:act              1.49     1.5%         46
[dprof]   moe:w2               9.83     9.9%         46
[dprof]   moe:combine          0.49     0.5%         46
[dprof]   moe:shared           0.26     0.3%         46
[dprof]     q:aq(x)            0.24     0.2%         41
[dprof]     q:wq_a             1.69     1.7%         41
[dprof]     q:rms+aq           0.60     0.6%         41
[dprof]     q:wq_b             6.74     6.8%         41
[dprof]     q:tail             0.53     0.5%         41
[dprof]     q:kv_join          0.06     0.1%         41
[dprof]     o:rope             0.28     0.3%         41
[dprof]     o:wo_a             7.68     7.7%         41
[dprof]     o:wo_b             7.43     7.5%         41
[dprof]     i:qidx             1.58     1.6%         21
[dprof]     i:iw               0.46     0.5%         21
[dprof]     i:score            1.92     1.9%         21
[dprof]     i:topk             0.70     0.7%         21
[dprof]       mg:count         0.21     0.2%         46
[dprof]       mg:prefix        0.24     0.2%         46
[dprof]       mg:scatter       0.24     0.2%         46
[dprof]       mg:tiles         0.25     0.3%         46
[dprof] draft:main_kv          0.14     0.1%          1
[dprof] draft:block           12.56    12.6%          1
[dprof] draft:head            10.23    10.3%          1
[dprof] TOTAL                 99.32
[dprof] *** INVALID: moe children 37.54 ms > MoE 33.48 ms — marks recorded outside the reported window

[dprof] ctx=3148 VB=2 verify=44 — verify step by sub-op, summed over all layers (1542 marks)
[dprof] phase                    ms        %      calls
[dprof] hc_pre  (attn)         1.83     1.9%         43
[dprof] rmsnorm (attn)         0.79     0.8%         43
[dprof] ATTENTION             53.45    54.1%         43
[dprof] hc_post (attn)         0.31     0.3%         43
[dprof] hc_pre  (ffn)          2.79     2.8%         43
[dprof] rmsnorm (ffn)          0.74     0.8%         43
[dprof] MoE                   33.29    33.7%         43
[dprof] hc_post (ffn)          0.27     0.3%         43
[dprof] kv xin copy            0.26     0.3%         41
[dprof] hc_head+norm           0.03     0.0%          1
[dprof] lm_head                5.00     5.1%          1
[dprof]   attn:q_proj          0.45     0.5%          2
[dprof]   attn:kv_write        0.08     0.1%          2
[dprof]   attn:sparse          0.63     0.6%          2
[dprof]   attn:ogroup          0.74     0.7%          2
[dprof]   cattn:q_proj        10.16    10.3%         41
[dprof]   cattn:compress       0.04     0.0%         41
[dprof]   cattn:indexer        4.80     4.9%         21
[dprof]   cattn:sparse        18.94    19.2%         41
[dprof]   cattn:ogroup        15.47    15.7%         41
[dprof]   moe:router           1.94     2.0%         46
[dprof]   moe:group            1.95     2.0%         46
[dprof]   moe:w1w3            21.43    21.7%         46
[dprof]   moe:act              1.47     1.5%         46
[dprof]   moe:w2               9.76     9.9%         46
[dprof]   moe:combine          0.49     0.5%         46
[dprof]   moe:shared           0.26     0.3%         46
[dprof]     q:aq(x)            0.23     0.2%         41
[dprof]     q:wq_a             1.66     1.7%         41
[dprof]     q:rms+aq           0.61     0.6%         41
[dprof]     q:wq_b             6.77     6.9%         41
[dprof]     q:tail             0.48     0.5%         41
[dprof]     q:kv_join          0.04     0.0%         41
[dprof]     o:rope             0.25     0.3%         41
[dprof]     o:wo_a             7.69     7.8%         41
[dprof]     o:wo_b             7.31     7.4%         41
[dprof]     i:qidx             1.55     1.6%         21
[dprof]     i:iw               0.46     0.5%         21
[dprof]     i:score            1.93     2.0%         21
[dprof]     i:topk             0.72     0.7%         21
[dprof]       mg:count         0.21     0.2%         46
[dprof]       mg:prefix        0.26     0.3%         46
[dprof]       mg:scatter       0.25     0.3%         46
[dprof]       mg:tiles         0.26     0.3%         46
[dprof] draft:main_kv          0.14     0.1%          1
[dprof] draft:block           12.46    12.6%          1
[dprof] draft:head            10.22    10.4%          1
[dprof] TOTAL                 98.75
[dprof] *** INVALID: moe children 37.30 ms > MoE 33.29 ms — marks recorded outside the reported window

[dprof] ctx=3153 VB=4 verify=48 — verify step by sub-op, summed over all layers (1542 marks)
[dprof] phase                    ms        %      calls
[dprof] hc_pre  (attn)         2.43     1.8%         43
[dprof] rmsnorm (attn)         0.77     0.6%         43
[dprof] ATTENTION             65.95    48.8%         43
[dprof] hc_post (attn)         0.40     0.3%         43
[dprof] hc_pre  (ffn)          2.97     2.2%         43
[dprof] rmsnorm (ffn)          0.77     0.6%         43
[dprof] MoE                   55.88    41.4%         43
[dprof] hc_post (ffn)          0.37     0.3%         43
[dprof] kv xin copy            0.24     0.2%         41
[dprof] hc_head+norm           0.04     0.0%          1
[dprof] lm_head                5.26     3.9%          1
[dprof]   attn:q_proj          0.46     0.3%          2
[dprof]   attn:kv_write        0.08     0.1%          2
[dprof]   attn:sparse          0.62     0.5%          2
[dprof]   attn:ogroup          0.82     0.6%          2
[dprof]   cattn:q_proj        15.00    11.1%         41
[dprof]   cattn:compress       2.44     1.8%         41
[dprof]   cattn:indexer        6.89     5.1%         21
[dprof]   cattn:sparse        19.89    14.7%         41
[dprof]   cattn:ogroup        17.25    12.8%         41
[dprof]   moe:router           1.98     1.5%         46
[dprof]   moe:group            2.23     1.6%         46
[dprof]   moe:w1w3            35.94    26.6%         46
[dprof]   moe:act              1.70     1.3%         46
[dprof]   moe:w2              17.48    12.9%         46
[dprof]   moe:combine          0.61     0.5%         46
[dprof]   moe:shared           0.28     0.2%         46
[dprof]     q:aq(x)            0.41     0.3%         41
[dprof]     q:wq_a             5.57     4.1%         41
[dprof]     q:rms+aq           0.98     0.7%         41
[dprof]     q:wq_b             6.89     5.1%         41
[dprof]     q:tail             0.62     0.5%         41
[dprof]     q:kv_join          0.05     0.0%         41
[dprof]     o:rope             0.23     0.2%         41
[dprof]     o:wo_a             8.92     6.6%         41
[dprof]     o:wo_b             7.87     5.8%         41
[dprof]     i:qidx             1.79     1.3%         21
[dprof]     i:iw               0.66     0.5%         21
[dprof]     i:score            3.56     2.6%         21
[dprof]     i:topk             0.74     0.5%         21
[dprof]       mg:count         0.23     0.2%         46
[dprof]       mg:prefix        0.25     0.2%         46
[dprof]       mg:scatter       0.25     0.2%         46
[dprof]       mg:tiles         0.29     0.2%         46
[dprof] draft:main_kv          0.14     0.1%          1
[dprof] draft:block           12.86     9.5%          1
[dprof] draft:head            10.35     7.7%          1
[dprof] TOTAL                135.07
[dprof] *** INVALID: moe children 60.21 ms > MoE 55.88 ms — marks recorded outside the reported window

[dprof] ctx=3163 VB=2 verify=52 — verify step by sub-op, summed over all layers (1542 marks)
[dprof] phase                    ms        %      calls
[dprof] hc_pre  (attn)         1.82     1.7%         43
[dprof] rmsnorm (attn)         0.75     0.7%         43
[dprof] ATTENTION             60.78    57.3%         43
[dprof] hc_post (attn)         0.32     0.3%         43
[dprof] hc_pre  (ffn)          2.80     2.6%         43
[dprof] rmsnorm (ffn)          0.76     0.7%         43
[dprof] MoE                   33.22    31.3%         43
[dprof] hc_post (ffn)          0.29     0.3%         43
[dprof] kv xin copy            0.24     0.2%         41
[dprof] hc_head+norm           0.03     0.0%          1
[dprof] lm_head                5.07     4.8%          1
[dprof]   attn:q_proj          0.46     0.4%          2
[dprof]   attn:kv_write        0.10     0.1%          2
[dprof]   attn:sparse          0.62     0.6%          2
[dprof]   attn:ogroup          0.75     0.7%          2
[dprof]   cattn:q_proj        15.06    14.2%         41
[dprof]   cattn:compress       2.53     2.4%         41
[dprof]   cattn:indexer        4.78     4.5%         21
[dprof]   cattn:sparse        18.94    17.9%         41
[dprof]   cattn:ogroup        15.29    14.4%         41
[dprof]   moe:router           1.93     1.8%         46
[dprof]   moe:group            1.97     1.9%         46
[dprof]   moe:w1w3            21.42    20.2%         46
[dprof]   moe:act              1.50     1.4%         46
[dprof]   moe:w2               9.68     9.1%         46
[dprof]   moe:combine          0.51     0.5%         46
[dprof]   moe:shared           0.25     0.2%         46
[dprof]     q:aq(x)            0.27     0.3%         41
[dprof]     q:wq_a             5.79     5.5%         41
[dprof]     q:rms+aq           1.08     1.0%         41
[dprof]     q:wq_b             6.83     6.4%         41
[dprof]     q:tail             0.52     0.5%         41
[dprof]     q:kv_join          0.07     0.1%         41
[dprof]     o:rope             0.26     0.2%         41
[dprof]     o:wo_a             7.48     7.0%         41
[dprof]     o:wo_b             7.34     6.9%         41
[dprof]     i:qidx             1.54     1.4%         21
[dprof]     i:iw               0.47     0.4%         21
[dprof]     i:score            1.93     1.8%         21
[dprof]     i:topk             0.71     0.7%         21
[dprof]       mg:count         0.23     0.2%         46
[dprof]       mg:prefix        0.24     0.2%         46
[dprof]       mg:scatter       0.25     0.2%         46
[dprof]       mg:tiles         0.28     0.3%         46
[dprof] draft:main_kv          0.14     0.1%          1
[dprof] draft:block           12.55    11.8%          1
[dprof] draft:head            10.28     9.7%          1
[dprof] TOTAL                106.11
[dprof] *** INVALID: moe children 37.27 ms > MoE 33.22 ms — marks recorded outside the reported window

[dprof] ctx=3171 VB=2 verify=56 — verify step by sub-op, summed over all layers (1542 marks)
[dprof] phase                    ms        %      calls
[dprof] hc_pre  (attn)         1.84     1.7%         43
[dprof] rmsnorm (attn)         0.77     0.7%         43
[dprof] ATTENTION             60.61    57.2%         43
[dprof] hc_post (attn)         0.35     0.3%         43
[dprof] hc_pre  (ffn)          2.81     2.7%         43
[dprof] rmsnorm (ffn)          0.78     0.7%         43
[dprof] MoE                   33.57    31.7%         43
[dprof] hc_post (ffn)          0.31     0.3%         43
[dprof] kv xin copy            0.24     0.2%         41
[dprof] hc_head+norm           0.03     0.0%          1
[dprof] lm_head                4.71     4.4%          1
[dprof]   attn:q_proj          0.47     0.4%          2
[dprof]   attn:kv_write        0.08     0.1%          2
[dprof]   attn:sparse          0.61     0.6%          2
[dprof]   attn:ogroup          0.79     0.7%          2
[dprof]   cattn:q_proj        15.01    14.2%         41
[dprof]   cattn:compress       2.50     2.4%         41
[dprof]   cattn:indexer        4.77     4.5%         21
[dprof]   cattn:sparse        18.64    17.6%         41
[dprof]   cattn:ogroup        15.51    14.6%         41
[dprof]   moe:router           1.99     1.9%         46
[dprof]   moe:group            1.98     1.9%         46
[dprof]   moe:w1w3            21.25    20.0%         46
[dprof]   moe:act              1.52     1.4%         46
[dprof]   moe:w2               9.84     9.3%         46
[dprof]   moe:combine          0.56     0.5%         46
[dprof]   moe:shared           0.28     0.3%         46
[dprof]     q:aq(x)            0.27     0.3%         41
[dprof]     q:wq_a             5.83     5.5%         41
[dprof]     q:rms+aq           1.05     1.0%         41
[dprof]     q:wq_b             6.80     6.4%         41
[dprof]     q:tail             0.54     0.5%         41
[dprof]     q:kv_join          0.06     0.1%         41
[dprof]     o:rope             0.25     0.2%         41
[dprof]     o:wo_a             7.66     7.2%         41
[dprof]     o:wo_b             7.39     7.0%         41
[dprof]     i:qidx             1.50     1.4%         21
[dprof]     i:iw               0.45     0.4%         21
[dprof]     i:score            1.92     1.8%         21
[dprof]     i:topk             0.74     0.7%         21
[dprof]       mg:count         0.23     0.2%         46
[dprof]       mg:prefix        0.24     0.2%         46
[dprof]       mg:scatter       0.24     0.2%         46
[dprof]       mg:tiles         0.29     0.3%         46
[dprof] draft:main_kv          0.14     0.1%          1
[dprof] draft:block           12.36    11.7%          1
[dprof] draft:head            10.27     9.7%          1
[dprof] TOTAL                106.02
[dprof] *** INVALID: moe children 37.41 ms > MoE 33.57 ms — marks recorded outside the reported window

[dprof] ctx=3178 VB=2 verify=60 — verify step by sub-op, summed over all layers (1542 marks)
[dprof] phase                    ms        %      calls
[dprof] hc_pre  (attn)         1.83     1.7%         43
[dprof] rmsnorm (attn)         0.75     0.7%         43
[dprof] ATTENTION             61.08    56.7%         43
[dprof] hc_post (attn)         0.32     0.3%         43
[dprof] hc_pre  (ffn)          2.84     2.6%         43
[dprof] rmsnorm (ffn)          0.75     0.7%         43
[dprof] MoE                   35.00    32.5%         43
[dprof] hc_post (ffn)          0.28     0.3%         43
[dprof] kv xin copy            0.21     0.2%         41
[dprof] hc_head+norm           0.03     0.0%          1
[dprof] lm_head                4.68     4.3%          1
[dprof]   attn:q_proj          0.45     0.4%          2
[dprof]   attn:kv_write        0.08     0.1%          2
[dprof]   attn:sparse          0.60     0.6%          2
[dprof]   attn:ogroup          0.73     0.7%          2
[dprof]   cattn:q_proj        15.02    13.9%         41
[dprof]   cattn:compress       2.50     2.3%         41
[dprof]   cattn:indexer        4.75     4.4%         21
[dprof]   cattn:sparse        19.19    17.8%         41
[dprof]   cattn:ogroup        15.67    14.5%         41
[dprof]   moe:router           1.95     1.8%         46
[dprof]   moe:group            1.95     1.8%         46
[dprof]   moe:w1w3            22.64    21.0%         46
[dprof]   moe:act              1.54     1.4%         46
[dprof]   moe:w2              10.19     9.5%         46
[dprof]   moe:combine          0.54     0.5%         46
[dprof]   moe:shared           0.25     0.2%         46
[dprof]     q:aq(x)            0.27     0.2%         41
[dprof]     q:wq_a             5.61     5.2%         41
[dprof]     q:rms+aq           1.04     1.0%         41
[dprof]     q:wq_b             7.01     6.5%         41
[dprof]     q:tail             0.52     0.5%         41
[dprof]     q:kv_join          0.07     0.1%         41
[dprof]     o:rope             0.25     0.2%         41
[dprof]     o:wo_a             7.77     7.2%         41
[dprof]     o:wo_b             7.43     6.9%         41
[dprof]     i:qidx             1.53     1.4%         21
[dprof]     i:iw               0.46     0.4%         21
[dprof]     i:score            1.93     1.8%         21
[dprof]     i:topk             0.71     0.7%         21
[dprof]       mg:count         0.23     0.2%         46
[dprof]       mg:prefix        0.25     0.2%         46
[dprof]       mg:scatter       0.24     0.2%         46
[dprof]       mg:tiles         0.28     0.3%         46
[dprof] draft:main_kv          0.14     0.1%          1
[dprof] draft:block           12.53    11.6%          1
[dprof] draft:head            10.32     9.6%          1
[dprof] TOTAL                107.80
[dprof] *** INVALID: moe children 39.06 ms > MoE 35.00 ms — marks recorded outside the reported window

[dprof] ctx=3182 VB=2 verify=64 — verify step by sub-op, summed over all layers (1542 marks)
[dprof] phase                    ms        %      calls
[dprof] hc_pre  (attn)         1.83     1.7%         43
[dprof] rmsnorm (attn)         0.77     0.7%         43
[dprof] ATTENTION             60.85    55.3%         43
[dprof] hc_post (attn)         0.32     0.3%         43
[dprof] hc_pre  (ffn)          2.83     2.6%         43
[dprof] rmsnorm (ffn)          0.75     0.7%         43
[dprof] MoE                   37.16    33.8%         43
[dprof] hc_post (ffn)          0.30     0.3%         43
[dprof] kv xin copy            0.22     0.2%         41
[dprof] hc_head+norm           0.05     0.0%          1
[dprof] lm_head                4.91     4.5%          1
[dprof]   attn:q_proj          0.45     0.4%          2
[dprof]   attn:kv_write        0.09     0.1%          2
[dprof]   attn:sparse          0.61     0.6%          2
[dprof]   attn:ogroup          0.77     0.7%          2
[dprof]   cattn:q_proj        14.85    13.5%         41
[dprof]   cattn:compress       2.50     2.3%         41
[dprof]   cattn:indexer        4.75     4.3%         21
[dprof]   cattn:sparse        19.33    17.6%         41
[dprof]   cattn:ogroup        15.49    14.1%         41
[dprof]   moe:router           1.98     1.8%         46
[dprof]   moe:group            1.97     1.8%         46
[dprof]   moe:w1w3            24.03    21.8%         46
[dprof]   moe:act              1.63     1.5%         46
[dprof]   moe:w2              10.80     9.8%         46
[dprof]   moe:combine          0.53     0.5%         46
[dprof]   moe:shared           0.26     0.2%         46
[dprof]     q:aq(x)            0.38     0.3%         41
[dprof]     q:wq_a             5.52     5.0%         41
[dprof]     q:rms+aq           1.07     1.0%         41
[dprof]     q:wq_b             6.78     6.2%         41
[dprof]     q:tail             0.53     0.5%         41
[dprof]     q:kv_join          0.07     0.1%         41
[dprof]     o:rope             0.26     0.2%         41
[dprof]     o:wo_a             7.55     6.9%         41
[dprof]     o:wo_b             7.44     6.8%         41
[dprof]     i:qidx             1.51     1.4%         21
[dprof]     i:iw               0.46     0.4%         21
[dprof]     i:score            1.93     1.8%         21
[dprof]     i:topk             0.73     0.7%         21
[dprof]       mg:count         0.22     0.2%         46
[dprof]       mg:prefix        0.26     0.2%         46
[dprof]       mg:scatter       0.26     0.2%         46
[dprof]       mg:tiles         0.27     0.2%         46
[dprof] draft:main_kv          0.14     0.1%          1
[dprof] draft:block           12.62    11.5%          1
[dprof] draft:head            10.29     9.4%          1
[dprof] TOTAL                109.99
[dprof] *** INVALID: moe children 41.19 ms > MoE 37.16 ms — marks recorded outside the reported window

[dprof] ctx=3189 VB=2 verify=68 — verify step by sub-op, summed over all layers (1542 marks)
[dprof] phase                    ms        %      calls
[dprof] hc_pre  (attn)         1.86     1.9%         43
[dprof] rmsnorm (attn)         0.78     0.8%         43
[dprof] ATTENTION             53.70    54.8%         43
[dprof] hc_post (attn)         0.33     0.3%         43
[dprof] hc_pre  (ffn)          2.81     2.9%         43
[dprof] rmsnorm (ffn)          0.78     0.8%         43
[dprof] MoE                   32.41    33.1%         43
[dprof] hc_post (ffn)          0.27     0.3%         43
[dprof] kv xin copy            0.23     0.2%         41
[dprof] hc_head+norm           0.03     0.0%          1
[dprof] lm_head                4.71     4.8%          1
[dprof]   attn:q_proj          0.46     0.5%          2
[dprof]   attn:kv_write        0.08     0.1%          2
[dprof]   attn:sparse          0.60     0.6%          2
[dprof]   attn:ogroup          0.73     0.7%          2
[dprof]   cattn:q_proj        10.27    10.5%         41
[dprof]   cattn:compress       0.05     0.0%         41
[dprof]   cattn:indexer        4.81     4.9%         21
[dprof]   cattn:sparse        18.59    19.0%         41
[dprof]   cattn:ogroup        15.80    16.1%         41
[dprof]   moe:router           1.94     2.0%         46
[dprof]   moe:group            1.87     1.9%         46
[dprof]   moe:w1w3            20.82    21.3%         46
[dprof]   moe:act              1.42     1.5%         46
[dprof]   moe:w2               9.56     9.8%         46
[dprof]   moe:combine          0.53     0.5%         46
[dprof]   moe:shared           0.27     0.3%         46
[dprof]     q:aq(x)            0.24     0.2%         41
[dprof]     q:wq_a             1.71     1.7%         41
[dprof]     q:rms+aq           0.62     0.6%         41
[dprof]     q:wq_b             6.77     6.9%         41
[dprof]     q:tail             0.49     0.5%         41
[dprof]     q:kv_join          0.05     0.1%         41
[dprof]     o:rope             0.24     0.2%         41
[dprof]     o:wo_a             7.75     7.9%         41
[dprof]     o:wo_b             7.60     7.8%         41
[dprof]     i:qidx             1.58     1.6%         21
[dprof]     i:iw               0.46     0.5%         21
[dprof]     i:score            1.93     2.0%         21
[dprof]     i:topk             0.69     0.7%         21
[dprof]       mg:count         0.20     0.2%         46
[dprof]       mg:prefix        0.23     0.2%         46
[dprof]       mg:scatter       0.25     0.3%         46
[dprof]       mg:tiles         0.24     0.2%         46
[dprof] draft:main_kv          0.14     0.1%          1
[dprof] draft:block           12.50    12.8%          1
[dprof] draft:head            10.26    10.5%          1
[dprof] TOTAL                 97.92
[dprof] *** INVALID: moe children 36.41 ms > MoE 32.41 ms — marks recorded outside the reported window

[dprof] ctx=3068 VB=5 verify=0 — verify step by sub-op, summed over all layers (1542 marks)
[dprof] phase                    ms        %      calls
[dprof] hc_pre  (attn)         2.64     1.4%         43
[dprof] rmsnorm (attn)         0.76     0.4%         43
[dprof] ATTENTION            108.33    57.1%         43
[dprof] hc_post (attn)         0.44     0.2%         43
[dprof] hc_pre  (ffn)          3.19     1.7%         43
[dprof] rmsnorm (ffn)          0.76     0.4%         43
[dprof] MoE                   66.33    35.0%         43
[dprof] hc_post (ffn)          0.45     0.2%         43
[dprof] kv xin copy            0.23     0.1%         41
[dprof] hc_head+norm           0.04     0.0%          1
[dprof] lm_head                6.56     3.5%          1
[dprof]   attn:q_proj          0.49     0.3%          2
[dprof]   attn:kv_write        0.08     0.0%          2
[dprof]   attn:sparse          0.65     0.3%          2
[dprof]   attn:ogroup          0.91     0.5%          2
[dprof]   cattn:q_proj        14.99     7.9%         41
[dprof]   cattn:compress      43.75    23.1%         41
[dprof]   cattn:indexer        7.62     4.0%         21
[dprof]   cattn:sparse        20.38    10.7%         41
[dprof]   cattn:ogroup        17.02     9.0%         41
[dprof]   moe:router           1.99     1.1%         46
[dprof]   moe:group            2.39     1.3%         46
[dprof]   moe:w1w3            42.44    22.4%         46
[dprof]   moe:act              1.77     0.9%         46
[dprof]   moe:w2              20.96    11.0%         46
[dprof]   moe:combine          0.69     0.4%         46
[dprof]   moe:shared           0.33     0.2%         46
[dprof]     q:aq(x)            0.33     0.2%         41
[dprof]     q:wq_a             5.49     2.9%         41
[dprof]     q:rms+aq           0.90     0.5%         41
[dprof]     q:wq_b             7.03     3.7%         41
[dprof]     q:tail             0.69     0.4%         41
[dprof]     q:kv_join          0.06     0.0%         41
[dprof]     o:rope             0.26     0.1%         41
[dprof]     o:wo_a             8.29     4.4%         41
[dprof]     o:wo_b             8.24     4.3%         41
[dprof]     i:qidx             1.91     1.0%         21
[dprof]     i:iw               0.64     0.3%         21
[dprof]     i:score            4.22     2.2%         21
[dprof]     i:topk             0.72     0.4%         21
[dprof]       mg:count         0.27     0.1%         46
[dprof]       mg:prefix        0.25     0.1%         46
[dprof]       mg:scatter       0.26     0.1%         46
[dprof]       mg:tiles         0.29     0.2%         46
[dprof] draft:main_kv          0.00     0.0%          1
[dprof] draft:block           12.71     6.7%          1
[dprof] draft:head            10.19     5.4%          1
[dprof] TOTAL                189.72
[dprof] *** INVALID: moe children 70.57 ms > MoE 66.33 ms — marks recorded outside the reported window

[dprof] ctx=3077 VB=2 verify=4 — verify step by sub-op, summed over all layers (1542 marks)
[dprof] phase                    ms        %      calls
[dprof] hc_pre  (attn)         1.84     1.8%         43
[dprof] rmsnorm (attn)         0.76     0.8%         43
[dprof] ATTENTION             53.81    53.5%         43
[dprof] hc_post (attn)         0.30     0.3%         43
[dprof] hc_pre  (ffn)          2.83     2.8%         43
[dprof] rmsnorm (ffn)          0.78     0.8%         43
[dprof] MoE                   34.76    34.5%         43
[dprof] hc_post (ffn)          0.31     0.3%         43
[dprof] kv xin copy            0.23     0.2%         41
[dprof] hc_head+norm           0.03     0.0%          1
[dprof] lm_head                5.01     5.0%          1
[dprof]   attn:q_proj          0.45     0.5%          2
[dprof]   attn:kv_write        0.08     0.1%          2
[dprof]   attn:sparse          0.60     0.6%          2
[dprof]   attn:ogroup          0.76     0.8%          2
[dprof]   cattn:q_proj        10.21    10.1%         41
[dprof]   cattn:compress       0.04     0.0%         41
[dprof]   cattn:indexer        4.88     4.8%         21
[dprof]   cattn:sparse        19.18    19.1%         41
[dprof]   cattn:ogroup        15.34    15.2%         41
[dprof]   moe:router           1.95     1.9%         46
[dprof]   moe:group            1.96     2.0%         46
[dprof]   moe:w1w3            22.31    22.2%         46
[dprof]   moe:act              1.50     1.5%         46
[dprof]   moe:w2              10.26    10.2%         46
[dprof]   moe:combine          0.51     0.5%         46
[dprof]   moe:shared           0.27     0.3%         46
[dprof]     q:aq(x)            0.23     0.2%         41
[dprof]     q:wq_a             1.67     1.7%         41
[dprof]     q:rms+aq           0.59     0.6%         41
[dprof]     q:wq_b             6.76     6.7%         41
[dprof]     q:tail             0.51     0.5%         41
[dprof]     q:kv_join          0.05     0.0%         41
[dprof]     o:rope             0.24     0.2%         41
[dprof]     o:wo_a             7.53     7.5%         41
[dprof]     o:wo_b             7.36     7.3%         41
[dprof]     i:qidx             1.59     1.6%         21
[dprof]     i:iw               0.47     0.5%         21
[dprof]     i:score            1.92     1.9%         21
[dprof]     i:topk             0.77     0.8%         21
[dprof]       mg:count         0.21     0.2%         46
[dprof]       mg:prefix        0.24     0.2%         46
[dprof]       mg:scatter       0.24     0.2%         46
[dprof]       mg:tiles         0.25     0.2%         46
[dprof] draft:main_kv          0.14     0.1%          1
[dprof] draft:block           12.54    12.5%          1
[dprof] draft:head            10.25    10.2%          1
[dprof] TOTAL                100.67
[dprof] *** INVALID: moe children 38.76 ms > MoE 34.76 ms — marks recorded outside the reported window

[dprof] ctx=3084 VB=7 verify=8 — verify step by sub-op, summed over all layers (1542 marks)
[dprof] phase                    ms        %      calls
[dprof] hc_pre  (attn)         3.20     1.6%         43
[dprof] rmsnorm (attn)         0.76     0.4%         43
[dprof] ATTENTION             93.67    47.4%         43
[dprof] hc_post (attn)         0.53     0.3%         43
[dprof] hc_pre  (ffn)          4.64     2.3%         43
[dprof] rmsnorm (ffn)          0.76     0.4%         43
[dprof] MoE                   84.41    42.7%         43
[dprof] hc_post (ffn)          0.53     0.3%         43
[dprof] kv xin copy            0.26     0.1%         41
[dprof] hc_head+norm           0.04     0.0%          1
[dprof] lm_head                8.97     4.5%          1
[dprof]   attn:q_proj          0.52     0.3%          2
[dprof]   attn:kv_write        0.09     0.0%          2
[dprof]   attn:sparse          0.91     0.5%          2
[dprof]   attn:ogroup          1.02     0.5%          2
[dprof]   cattn:q_proj        15.78     8.0%         41
[dprof]   cattn:compress       2.36     1.2%         41
[dprof]   cattn:indexer        9.71     4.9%         21
[dprof]   cattn:sparse        39.85    20.1%         41
[dprof]   cattn:ogroup        20.95    10.6%         41
[dprof]   moe:router           2.22     1.1%         46
[dprof]   moe:group            2.59     1.3%         46
[dprof]   moe:w1w3            53.70    27.2%         46
[dprof]   moe:act              2.08     1.1%         46
[dprof]   moe:w2              27.08    13.7%         46
[dprof]   moe:combine          0.73     0.4%         46
[dprof]   moe:shared           0.31     0.2%         46
[dprof]     q:aq(x)            0.42     0.2%         41
[dprof]     q:wq_a             5.58     2.8%         41
[dprof]     q:rms+aq           0.71     0.4%         41
[dprof]     q:wq_b             7.67     3.9%         41
[dprof]     q:tail             0.80     0.4%         41
[dprof]     q:kv_join          0.08     0.0%         41
[dprof]     o:rope             0.26     0.1%         41
[dprof]     o:wo_a            11.33     5.7%         41
[dprof]     o:wo_b             9.14     4.6%         41
[dprof]     i:qidx             2.22     1.1%         21
[dprof]     i:iw               0.78     0.4%         21
[dprof]     i:score            5.80     2.9%         21
[dprof]     i:topk             0.78     0.4%         21
[dprof]       mg:count         0.24     0.1%         46
[dprof]       mg:prefix        0.25     0.1%         46
[dprof]       mg:scatter       0.25     0.1%         46
[dprof]       mg:tiles         0.28     0.1%         46
[dprof] draft:main_kv          0.14     0.1%          1
[dprof] draft:block           12.53     6.3%          1
[dprof] draft:head            10.24     5.2%          1
[dprof] TOTAL                197.77
[dprof] *** INVALID: moe children 88.70 ms > MoE 84.41 ms — marks recorded outside the reported window

[dprof] ctx=3094 VB=2 verify=12 — verify step by sub-op, summed over all layers (1542 marks)
[dprof] phase                    ms        %      calls
[dprof] hc_pre  (attn)         1.82     1.7%         43
[dprof] rmsnorm (attn)         0.76     0.7%         43
[dprof] ATTENTION             60.87    55.9%         43
[dprof] hc_post (attn)         0.33     0.3%         43
[dprof] hc_pre  (ffn)          2.82     2.6%         43
[dprof] rmsnorm (ffn)          0.76     0.7%         43
[dprof] MoE                   35.97    33.0%         43
[dprof] hc_post (ffn)          0.28     0.3%         43
[dprof] kv xin copy            0.23     0.2%         41
[dprof] hc_head+norm           0.03     0.0%          1
[dprof] lm_head                5.01     4.6%          1
[dprof]   attn:q_proj          0.45     0.4%          2
[dprof]   attn:kv_write        0.08     0.1%          2
[dprof]   attn:sparse          0.61     0.6%          2
[dprof]   attn:ogroup          0.83     0.8%          2
[dprof]   cattn:q_proj        14.85    13.6%         41
[dprof]   cattn:compress       2.45     2.3%         41
[dprof]   cattn:indexer        4.81     4.4%         21
[dprof]   cattn:sparse        19.17    17.6%         41
[dprof]   cattn:ogroup        15.64    14.4%         41
[dprof]   moe:router           1.96     1.8%         46
[dprof]   moe:group            2.05     1.9%         46
[dprof]   moe:w1w3            23.16    21.3%         46
[dprof]   moe:act              1.54     1.4%         46
[dprof]   moe:w2              10.40     9.6%         46
[dprof]   moe:combine          0.52     0.5%         46
[dprof]   moe:shared           0.25     0.2%         46
[dprof]     q:aq(x)            0.28     0.3%         41
[dprof]     q:wq_a             5.59     5.1%         41
[dprof]     q:rms+aq           1.03     0.9%         41
[dprof]     q:wq_b             6.84     6.3%         41
[dprof]     q:tail             0.54     0.5%         41
[dprof]     q:kv_join          0.06     0.1%         41
[dprof]     o:rope             0.24     0.2%         41
[dprof]     o:wo_a             7.76     7.1%         41
[dprof]     o:wo_b             7.41     6.8%         41
[dprof]     i:qidx             1.53     1.4%         21
[dprof]     i:iw               0.46     0.4%         21
[dprof]     i:score            1.93     1.8%         21
[dprof]     i:topk             0.73     0.7%         21
[dprof]       mg:count         0.24     0.2%         46
[dprof]       mg:prefix        0.26     0.2%         46
[dprof]       mg:scatter       0.25     0.2%         46
[dprof]       mg:tiles         0.28     0.3%         46
[dprof] draft:main_kv          0.14     0.1%          1
[dprof] draft:block           12.44    11.4%          1
[dprof] draft:head            10.25     9.4%          1
[dprof] TOTAL                108.90
[dprof] *** INVALID: moe children 39.89 ms > MoE 35.97 ms — marks recorded outside the reported window

[dprof] ctx=3101 VB=2 verify=16 — verify step by sub-op, summed over all layers (1542 marks)
[dprof] phase                    ms        %      calls
[dprof] hc_pre  (attn)         1.81     1.8%         43
[dprof] rmsnorm (attn)         0.76     0.8%         43
[dprof] ATTENTION             53.63    54.0%         43
[dprof] hc_post (attn)         0.33     0.3%         43
[dprof] hc_pre  (ffn)          2.82     2.8%         43
[dprof] rmsnorm (ffn)          0.76     0.8%         43
[dprof] MoE                   33.98    34.2%         43
[dprof] hc_post (ffn)          0.28     0.3%         43
[dprof] kv xin copy            0.23     0.2%         41
[dprof] hc_head+norm           0.03     0.0%          1
[dprof] lm_head                4.69     4.7%          1
[dprof]   attn:q_proj          0.46     0.5%          2
[dprof]   attn:kv_write        0.08     0.1%          2
[dprof]   attn:sparse          0.61     0.6%          2
[dprof]   attn:ogroup          0.73     0.7%          2
[dprof]   cattn:q_proj        10.19    10.3%         41
[dprof]   cattn:compress       0.05     0.0%         41
[dprof]   cattn:indexer        4.74     4.8%         21
[dprof]   cattn:sparse        19.07    19.2%         41
[dprof]   cattn:ogroup        15.40    15.5%         41
[dprof]   moe:router           1.94     2.0%         46
[dprof]   moe:group            1.92     1.9%         46
[dprof]   moe:w1w3            21.88    22.0%         46
[dprof]   moe:act              1.50     1.5%         46
[dprof]   moe:w2              10.00    10.1%         46
[dprof]   moe:combine          0.52     0.5%         46
[dprof]   moe:shared           0.26     0.3%         46
[dprof]     q:aq(x)            0.23     0.2%         41
[dprof]     q:wq_a             1.65     1.7%         41
[dprof]     q:rms+aq           0.60     0.6%         41
[dprof]     q:wq_b             6.74     6.8%         41
[dprof]     q:tail             0.50     0.5%         41
[dprof]     q:kv_join          0.05     0.1%         41
[dprof]     o:rope             0.25     0.3%         41
[dprof]     o:wo_a             7.53     7.6%         41
[dprof]     o:wo_b             7.40     7.4%         41
[dprof]     i:qidx             1.55     1.6%         21
[dprof]     i:iw               0.45     0.5%         21
[dprof]     i:score            1.93     1.9%         21
[dprof]     i:topk             0.69     0.7%         21
[dprof]       mg:count         0.21     0.2%         46
[dprof]       mg:prefix        0.24     0.2%         46
[dprof]       mg:scatter       0.24     0.2%         46
[dprof]       mg:tiles         0.24     0.2%         46
[dprof] draft:main_kv          0.14     0.1%          1
[dprof] draft:block           12.58    12.7%          1
[dprof] draft:head            10.34    10.4%          1
[dprof] TOTAL                 99.34
[dprof] *** INVALID: moe children 38.02 ms > MoE 33.98 ms — marks recorded outside the reported window

[dprof] ctx=3109 VB=2 verify=20 — verify step by sub-op, summed over all layers (1542 marks)
[dprof] phase                    ms        %      calls
[dprof] hc_pre  (attn)         1.83     1.8%         43
[dprof] rmsnorm (attn)         0.75     0.7%         43
[dprof] ATTENTION             53.93    53.5%         43
[dprof] hc_post (attn)         0.33     0.3%         43
[dprof] hc_pre  (ffn)          2.77     2.7%         43
[dprof] rmsnorm (ffn)          0.76     0.8%         43
[dprof] MoE                   35.08    34.8%         43
[dprof] hc_post (ffn)          0.30     0.3%         43
[dprof] kv xin copy            0.22     0.2%         41
[dprof] hc_head+norm           0.03     0.0%          1
[dprof] lm_head                4.87     4.8%          1
[dprof]   attn:q_proj          0.45     0.4%          2
[dprof]   attn:kv_write        0.08     0.1%          2
[dprof]   attn:sparse          0.60     0.6%          2
[dprof]   attn:ogroup          0.72     0.7%          2
[dprof]   cattn:q_proj        10.17    10.1%         41
[dprof]   cattn:compress       0.05     0.1%         41
[dprof]   cattn:indexer        4.77     4.7%         21
[dprof]   cattn:sparse        19.06    18.9%         41
[dprof]   cattn:ogroup        15.77    15.6%         41
[dprof]   moe:router           1.92     1.9%         46
[dprof]   moe:group            1.88     1.9%         46
[dprof]   moe:w1w3            22.76    22.6%         46
[dprof]   moe:act              1.54     1.5%         46
[dprof]   moe:w2              10.30    10.2%         46
[dprof]   moe:combine          0.53     0.5%         46
[dprof]   moe:shared           0.27     0.3%         46
[dprof]     q:aq(x)            0.24     0.2%         41
[dprof]     q:wq_a             1.67     1.7%         41
[dprof]     q:rms+aq           0.61     0.6%         41
[dprof]     q:wq_b             6.69     6.6%         41
[dprof]     q:tail             0.49     0.5%         41
[dprof]     q:kv_join          0.05     0.0%         41
[dprof]     o:rope             0.26     0.3%         41
[dprof]     o:wo_a             7.83     7.8%         41
[dprof]     o:wo_b             7.46     7.4%         41
[dprof]     i:qidx             1.54     1.5%         21
[dprof]     i:iw               0.46     0.5%         21
[dprof]     i:score            1.91     1.9%         21
[dprof]     i:topk             0.73     0.7%         21
[dprof]       mg:count         0.20     0.2%         46
[dprof]       mg:prefix        0.24     0.2%         46
[dprof]       mg:scatter       0.23     0.2%         46
[dprof]       mg:tiles         0.24     0.2%         46
[dprof] draft:main_kv          0.14     0.1%          1
[dprof] draft:block           12.61    12.5%          1
[dprof] draft:head            10.26    10.2%          1
[dprof] TOTAL                100.88
[dprof] *** INVALID: moe children 39.20 ms > MoE 35.08 ms — marks recorded outside the reported window

[dprof] ctx=3115 VB=4 verify=24 — verify step by sub-op, summed over all layers (1542 marks)
[dprof] phase                    ms        %      calls
[dprof] hc_pre  (attn)         2.38     1.8%         43
[dprof] rmsnorm (attn)         0.74     0.6%         43
[dprof] ATTENTION             65.98    50.0%         43
[dprof] hc_post (attn)         0.40     0.3%         43
[dprof] hc_pre  (ffn)          2.96     2.2%         43
[dprof] rmsnorm (ffn)          0.75     0.6%         43
[dprof] MoE                   52.93    40.1%         43
[dprof] hc_post (ffn)          0.35     0.3%         43
[dprof] kv xin copy            0.21     0.2%         41
[dprof] hc_head+norm           0.04     0.0%          1
[dprof] lm_head                5.33     4.0%          1
[dprof]   attn:q_proj          0.49     0.4%          2
[dprof]   attn:kv_write        0.08     0.1%          2
[dprof]   attn:sparse          0.62     0.5%          2
[dprof]   attn:ogroup          0.82     0.6%          2
[dprof]   cattn:q_proj        15.32    11.6%         41
[dprof]   cattn:compress       2.41     1.8%         41
[dprof]   cattn:indexer        6.89     5.2%         21
[dprof]   cattn:sparse        19.76    15.0%         41
[dprof]   cattn:ogroup        17.05    12.9%         41
[dprof]   moe:router           1.98     1.5%         46
[dprof]   moe:group            2.33     1.8%         46
[dprof]   moe:w1w3            33.57    25.4%         46
[dprof]   moe:act              1.65     1.2%         46
[dprof]   moe:w2              16.59    12.6%         46
[dprof]   moe:combine          0.61     0.5%         46
[dprof]   moe:shared           0.28     0.2%         46
[dprof]     q:aq(x)            0.31     0.2%         41
[dprof]     q:wq_a             6.00     4.5%         41
[dprof]     q:rms+aq           0.98     0.7%         41
[dprof]     q:wq_b             6.87     5.2%         41
[dprof]     q:tail             0.63     0.5%         41
[dprof]     q:kv_join          0.06     0.0%         41
[dprof]     o:rope             0.24     0.2%         41
[dprof]     o:wo_a             8.79     6.7%         41
[dprof]     o:wo_b             7.83     5.9%         41
[dprof]     i:qidx             1.78     1.3%         21
[dprof]     i:iw               0.64     0.5%         21
[dprof]     i:score            3.55     2.7%         21
[dprof]     i:topk             0.78     0.6%         21
[dprof]       mg:count         0.25     0.2%         46
[dprof]       mg:prefix        0.27     0.2%         46
[dprof]       mg:scatter       0.26     0.2%         46
[dprof]       mg:tiles         0.30     0.2%         46
[dprof] draft:main_kv          0.14     0.1%          1
[dprof] draft:block           12.51     9.5%          1
[dprof] draft:head            10.23     7.7%          1
[dprof] TOTAL                132.07
[dprof] *** INVALID: moe children 57.00 ms > MoE 52.93 ms — marks recorded outside the reported window

[dprof] ctx=3121 VB=2 verify=28 — verify step by sub-op, summed over all layers (1542 marks)
[dprof] phase                    ms        %      calls
[dprof] hc_pre  (attn)         1.83     1.9%         43
[dprof] rmsnorm (attn)         0.76     0.8%         43
[dprof] ATTENTION             53.47    54.7%         43
[dprof] hc_post (attn)         0.30     0.3%         43
[dprof] hc_pre  (ffn)          2.80     2.9%         43
[dprof] rmsnorm (ffn)          0.74     0.8%         43
[dprof] MoE                   32.25    33.0%         43
[dprof] hc_post (ffn)          0.30     0.3%         43
[dprof] kv xin copy            0.21     0.2%         41
[dprof] hc_head+norm           0.03     0.0%          1
[dprof] lm_head                5.06     5.2%          1
[dprof]   attn:q_proj          0.45     0.5%          2
[dprof]   attn:kv_write        0.09     0.1%          2
[dprof]   attn:sparse          0.60     0.6%          2
[dprof]   attn:ogroup          0.73     0.7%          2
[dprof]   cattn:q_proj        10.28    10.5%         41
[dprof]   cattn:compress       0.05     0.0%         41
[dprof]   cattn:indexer        4.88     5.0%         21
[dprof]   cattn:sparse        18.72    19.1%         41
[dprof]   cattn:ogroup        15.49    15.8%         41
[dprof]   moe:router           1.93     2.0%         46
[dprof]   moe:group            1.93     2.0%         46
[dprof]   moe:w1w3            20.72    21.2%         46
[dprof]   moe:act              1.48     1.5%         46
[dprof]   moe:w2               9.41     9.6%         46
[dprof]   moe:combine          0.53     0.5%         46
[dprof]   moe:shared           0.26     0.3%         46
[dprof]     q:aq(x)            0.25     0.3%         41
[dprof]     q:wq_a             1.66     1.7%         41
[dprof]     q:rms+aq           0.62     0.6%         41
[dprof]     q:wq_b             6.81     7.0%         41
[dprof]     q:tail             0.49     0.5%         41
[dprof]     q:kv_join          0.05     0.1%         41
[dprof]     o:rope             0.24     0.2%         41
[dprof]     o:wo_a             7.59     7.8%         41
[dprof]     o:wo_b             7.43     7.6%         41
[dprof]     i:qidx             1.60     1.6%         21
[dprof]     i:iw               0.47     0.5%         21
[dprof]     i:score            1.95     2.0%         21
[dprof]     i:topk             0.69     0.7%         21
[dprof]       mg:count         0.21     0.2%         46
[dprof]       mg:prefix        0.23     0.2%         46
[dprof]       mg:scatter       0.24     0.2%         46
[dprof]       mg:tiles         0.26     0.3%         46
[dprof] draft:main_kv          0.14     0.1%          1
[dprof] draft:block           12.51    12.8%          1
[dprof] draft:head            10.30    10.5%          1
[dprof] TOTAL                 97.76
[dprof] *** INVALID: moe children 36.27 ms > MoE 32.25 ms — marks recorded outside the reported window

[dprof] ctx=3130 VB=3 verify=32 — verify step by sub-op, summed over all layers (1542 marks)
[dprof] phase                    ms        %      calls
[dprof] hc_pre  (attn)         2.08     1.7%         43
[dprof] rmsnorm (attn)         0.76     0.6%         43
[dprof] ATTENTION             62.75    51.8%         43
[dprof] hc_post (attn)         0.37     0.3%         43
[dprof] hc_pre  (ffn)          2.85     2.4%         43
[dprof] rmsnorm (ffn)          0.75     0.6%         43
[dprof] MoE                   45.98    38.0%         43
[dprof] hc_post (ffn)          0.35     0.3%         43
[dprof] kv xin copy            0.21     0.2%         41
[dprof] hc_head+norm           0.03     0.0%          1
[dprof] lm_head                4.97     4.1%          1
[dprof]   attn:q_proj          0.46     0.4%          2
[dprof]   attn:kv_write        0.09     0.1%          2
[dprof]   attn:sparse          0.62     0.5%          2
[dprof]   attn:ogroup          0.77     0.6%          2
[dprof]   cattn:q_proj        14.90    12.3%         41
[dprof]   cattn:compress       2.43     2.0%         41
[dprof]   cattn:indexer        5.79     4.8%         21
[dprof]   cattn:sparse        19.21    15.9%         41
[dprof]   cattn:ogroup        16.11    13.3%         41
[dprof]   moe:router           1.99     1.6%         46
[dprof]   moe:group            2.17     1.8%         46
[dprof]   moe:w1w3            29.51    24.4%         46
[dprof]   moe:act              1.53     1.3%         46
[dprof]   moe:w2              13.98    11.5%         46
[dprof]   moe:combine          0.57     0.5%         46
[dprof]   moe:shared           0.26     0.2%         46
[dprof]     q:aq(x)            0.29     0.2%         41
[dprof]     q:wq_a             5.63     4.6%         41
[dprof]     q:rms+aq           1.01     0.8%         41
[dprof]     q:wq_b             6.88     5.7%         41
[dprof]     q:tail             0.55     0.5%         41
[dprof]     q:kv_join          0.07     0.1%         41
[dprof]     o:rope             0.28     0.2%         41
[dprof]     o:wo_a             8.11     6.7%         41
[dprof]     o:wo_b             7.49     6.2%         41
[dprof]     i:qidx             1.61     1.3%         21
[dprof]     i:iw               0.54     0.4%         21
[dprof]     i:score            2.75     2.3%         21
[dprof]     i:topk             0.75     0.6%         21
[dprof]       mg:count         0.25     0.2%         46
[dprof]       mg:prefix        0.27     0.2%         46
[dprof]       mg:scatter       0.25     0.2%         46
[dprof]       mg:tiles         0.28     0.2%         46
[dprof] draft:main_kv          0.14     0.1%          1
[dprof] draft:block           12.49    10.3%          1
[dprof] draft:head            10.23     8.4%          1
[dprof] TOTAL                121.11
[dprof] *** INVALID: moe children 50.02 ms > MoE 45.98 ms — marks recorded outside the reported window

[dprof] ctx=3138 VB=2 verify=36 — verify step by sub-op, summed over all layers (1542 marks)
[dprof] phase                    ms        %      calls
[dprof] hc_pre  (attn)         1.86     1.7%         43
[dprof] rmsnorm (attn)         0.74     0.7%         43
[dprof] ATTENTION             60.87    56.7%         43
[dprof] hc_post (attn)         0.32     0.3%         43
[dprof] hc_pre  (ffn)          2.84     2.6%         43
[dprof] rmsnorm (ffn)          0.79     0.7%         43
[dprof] MoE                   34.64    32.3%         43
[dprof] hc_post (ffn)          0.29     0.3%         43
[dprof] kv xin copy            0.21     0.2%         41
[dprof] hc_head+norm           0.03     0.0%          1
[dprof] lm_head                4.70     4.4%          1
[dprof]   attn:q_proj          0.46     0.4%          2
[dprof]   attn:kv_write        0.08     0.1%          2
[dprof]   attn:sparse          0.61     0.6%          2
[dprof]   attn:ogroup          0.72     0.7%          2
[dprof]   cattn:q_proj        14.94    13.9%         41
[dprof]   cattn:compress       2.54     2.4%         41
[dprof]   cattn:indexer        4.73     4.4%         21
[dprof]   cattn:sparse        19.16    17.9%         41
[dprof]   cattn:ogroup        15.56    14.5%         41
[dprof]   moe:router           1.95     1.8%         46
[dprof]   moe:group            2.04     1.9%         46
[dprof]   moe:w1w3            22.49    21.0%         46
[dprof]   moe:act              1.55     1.4%         46
[dprof]   moe:w2              10.17     9.5%         46
[dprof]   moe:combine          0.54     0.5%         46
[dprof]   moe:shared           0.28     0.3%         46
[dprof]     q:aq(x)            0.39     0.4%         41
[dprof]     q:wq_a             5.46     5.1%         41
[dprof]     q:rms+aq           1.11     1.0%         41
[dprof]     q:wq_b             6.84     6.4%         41
[dprof]     q:tail             0.53     0.5%         41
[dprof]     q:kv_join          0.07     0.1%         41
[dprof]     o:rope             0.24     0.2%         41
[dprof]     o:wo_a             7.70     7.2%         41
[dprof]     o:wo_b             7.38     6.9%         41
[dprof]     i:qidx             1.52     1.4%         21
[dprof]     i:iw               0.45     0.4%         21
[dprof]     i:score            1.91     1.8%         21
[dprof]     i:topk             0.70     0.7%         21
[dprof]       mg:count         0.24     0.2%         46
[dprof]       mg:prefix        0.26     0.2%         46
[dprof]       mg:scatter       0.25     0.2%         46
[dprof]       mg:tiles         0.28     0.3%         46
[dprof] draft:main_kv          0.14     0.1%          1
[dprof] draft:block           12.84    12.0%          1
[dprof] draft:head            10.25     9.5%          1
[dprof] TOTAL                107.31
[dprof] *** INVALID: moe children 39.01 ms > MoE 34.64 ms — marks recorded outside the reported window

[dprof] ctx=3144 VB=2 verify=40 — verify step by sub-op, summed over all layers (1542 marks)
[dprof] phase                    ms        %      calls
[dprof] hc_pre  (attn)         1.85     1.8%         43
[dprof] rmsnorm (attn)         0.80     0.8%         43
[dprof] ATTENTION             53.67    53.4%         43
[dprof] hc_post (attn)         0.31     0.3%         43
[dprof] hc_pre  (ffn)          2.82     2.8%         43
[dprof] rmsnorm (ffn)          0.76     0.8%         43
[dprof] MoE                   34.79    34.6%         43
[dprof] hc_post (ffn)          0.29     0.3%         43
[dprof] kv xin copy            0.24     0.2%         41
[dprof] hc_head+norm           0.03     0.0%          1
[dprof] lm_head                5.00     5.0%          1
[dprof]   attn:q_proj          0.46     0.5%          2
[dprof]   attn:kv_write        0.09     0.1%          2
[dprof]   attn:sparse          0.61     0.6%          2
[dprof]   attn:ogroup          0.74     0.7%          2
[dprof]   cattn:q_proj        10.40    10.3%         41
[dprof]   cattn:compress       0.07     0.1%         41
[dprof]   cattn:indexer        4.79     4.8%         21
[dprof]   cattn:sparse        18.91    18.8%         41
[dprof]   cattn:ogroup        15.54    15.4%         41
[dprof]   moe:router           1.95     1.9%         46
[dprof]   moe:group            1.95     1.9%         46
[dprof]   moe:w1w3            22.52    22.4%         46
[dprof]   moe:act              1.46     1.5%         46
[dprof]   moe:w2              10.16    10.1%         46
[dprof]   moe:combine          0.52     0.5%         46
[dprof]   moe:shared           0.25     0.3%         46
[dprof]     q:aq(x)            0.24     0.2%         41
[dprof]     q:wq_a             1.66     1.7%         41
[dprof]     q:rms+aq           0.61     0.6%         41
[dprof]     q:wq_b             6.90     6.9%         41
[dprof]     q:tail             0.53     0.5%         41
[dprof]     q:kv_join          0.06     0.1%         41
[dprof]     o:rope             0.25     0.2%         41
[dprof]     o:wo_a             7.75     7.7%         41
[dprof]     o:wo_b             7.32     7.3%         41
[dprof]     i:qidx             1.55     1.5%         21
[dprof]     i:iw               0.47     0.5%         21
[dprof]     i:score            1.92     1.9%         21
[dprof]     i:topk             0.73     0.7%         21
[dprof]       mg:count         0.21     0.2%         46
[dprof]       mg:prefix        0.25     0.2%         46
[dprof]       mg:scatter       0.25     0.3%         46
[dprof]       mg:tiles         0.27     0.3%         46
[dprof] draft:main_kv          0.14     0.1%          1
[dprof] draft:block           12.53    12.5%          1
[dprof] draft:head            10.24    10.2%          1
[dprof] TOTAL                100.56
[dprof] *** INVALID: moe children 38.81 ms > MoE 34.79 ms — marks recorded outside the reported window

[dprof] ctx=3151 VB=2 verify=44 — verify step by sub-op, summed over all layers (1542 marks)
[dprof] phase                    ms        %      calls
[dprof] hc_pre  (attn)         1.85     1.7%         43
[dprof] rmsnorm (attn)         0.76     0.7%         43
[dprof] ATTENTION             61.29    55.4%         43
[dprof] hc_post (attn)         0.33     0.3%         43
[dprof] hc_pre  (ffn)          2.83     2.6%         43
[dprof] rmsnorm (ffn)          0.77     0.7%         43
[dprof] MoE                   37.40    33.8%         43
[dprof] hc_post (ffn)          0.29     0.3%         43
[dprof] kv xin copy            0.24     0.2%         41
[dprof] hc_head+norm           0.03     0.0%          1
[dprof] lm_head                4.77     4.3%          1
[dprof]   attn:q_proj          0.45     0.4%          2
[dprof]   attn:kv_write        0.08     0.1%          2
[dprof]   attn:sparse          0.60     0.5%          2
[dprof]   attn:ogroup          0.76     0.7%          2
[dprof]   cattn:q_proj        15.12    13.7%         41
[dprof]   cattn:compress       2.49     2.3%         41
[dprof]   cattn:indexer        4.80     4.3%         21
[dprof]   cattn:sparse        19.24    17.4%         41
[dprof]   cattn:ogroup        15.56    14.1%         41
[dprof]   moe:router           1.97     1.8%         46
[dprof]   moe:group            2.02     1.8%         46
[dprof]   moe:w1w3            24.22    21.9%         46
[dprof]   moe:act              1.62     1.5%         46
[dprof]   moe:w2              10.81     9.8%         46
[dprof]   moe:combine          0.54     0.5%         46
[dprof]   moe:shared           0.26     0.2%         46
[dprof]     q:aq(x)            0.30     0.3%         41
[dprof]     q:wq_a             5.79     5.2%         41
[dprof]     q:rms+aq           1.08     1.0%         41
[dprof]     q:wq_b             6.83     6.2%         41
[dprof]     q:tail             0.52     0.5%         41
[dprof]     q:kv_join          0.07     0.1%         41
[dprof]     o:rope             0.24     0.2%         41
[dprof]     o:wo_a             7.68     6.9%         41
[dprof]     o:wo_b             7.44     6.7%         41
[dprof]     i:qidx             1.53     1.4%         21
[dprof]     i:iw               0.47     0.4%         21
[dprof]     i:score            1.94     1.8%         21
[dprof]     i:topk             0.72     0.7%         21
[dprof]       mg:count         0.22     0.2%         46
[dprof]       mg:prefix        0.26     0.2%         46
[dprof]       mg:scatter       0.26     0.2%         46
[dprof]       mg:tiles         0.29     0.3%         46
[dprof] draft:main_kv          0.14     0.1%          1
[dprof] draft:block           12.58    11.4%          1
[dprof] draft:head            10.24     9.3%          1
[dprof] TOTAL                110.56
[dprof] *** INVALID: moe children 41.44 ms > MoE 37.40 ms — marks recorded outside the reported window

[dprof] ctx=3158 VB=6 verify=48 — verify step by sub-op, summed over all layers (1542 marks)
[dprof] phase                    ms        %      calls
[dprof] hc_pre  (attn)         2.96     1.7%         43
[dprof] rmsnorm (attn)         0.78     0.4%         43
[dprof] ATTENTION             80.20    45.9%         43
[dprof] hc_post (attn)         0.49     0.3%         43
[dprof] hc_pre  (ffn)          4.60     2.6%         43
[dprof] rmsnorm (ffn)          0.75     0.4%         43
[dprof] MoE                   76.45    43.7%         43
[dprof] hc_post (ffn)          0.45     0.3%         43
[dprof] kv xin copy            0.26     0.1%         41
[dprof] hc_head+norm           0.04     0.0%          1
[dprof] lm_head                7.78     4.5%          1
[dprof]   attn:q_proj          0.49     0.3%          2
[dprof]   attn:kv_write        0.09     0.0%          2
[dprof]   attn:sparse          0.62     0.4%          2
[dprof]   attn:ogroup          0.97     0.6%          2
[dprof]   cattn:q_proj        15.51     8.9%         41
[dprof]   cattn:compress       9.41     5.4%         41
[dprof]   cattn:indexer        9.41     5.4%         21
[dprof]   cattn:sparse        21.13    12.1%         41
[dprof]   cattn:ogroup        20.07    11.5%         41
[dprof]   moe:router           1.97     1.1%         46
[dprof]   moe:group            2.42     1.4%         46
[dprof]   moe:w1w3            48.68    27.9%         46
[dprof]   moe:act              1.91     1.1%         46
[dprof]   moe:w2              24.41    14.0%         46
[dprof]   moe:combine          0.77     0.4%         46
[dprof]   moe:shared           0.31     0.2%         46
[dprof]     q:aq(x)            0.44     0.2%         41
[dprof]     q:wq_a             5.74     3.3%         41
[dprof]     q:rms+aq           0.80     0.5%         41
[dprof]     q:wq_b             7.27     4.2%         41
[dprof]     q:tail             0.72     0.4%         41
[dprof]     q:kv_join          0.06     0.0%         41
[dprof]     o:rope             0.25     0.1%         41
[dprof]     o:wo_a            10.97     6.3%         41
[dprof]     o:wo_b             8.64     4.9%         41
[dprof]     i:qidx             2.10     1.2%         21
[dprof]     i:iw               1.23     0.7%         21
[dprof]     i:score            5.16     3.0%         21
[dprof]     i:topk             0.78     0.4%         21
[dprof]       mg:count         0.23     0.1%         46
[dprof]       mg:prefix        0.25     0.1%         46
[dprof]       mg:scatter       0.24     0.1%         46
[dprof]       mg:tiles         0.28     0.2%         46
[dprof] draft:main_kv          0.14     0.1%          1
[dprof] draft:block           12.40     7.1%          1
[dprof] draft:head            10.33     5.9%          1
[dprof] TOTAL                174.76
[dprof] *** INVALID: moe children 80.47 ms > MoE 76.45 ms — marks recorded outside the reported window

[dprof] ctx=3167 VB=2 verify=52 — verify step by sub-op, summed over all layers (1542 marks)
[dprof] phase                    ms        %      calls
[dprof] hc_pre  (attn)         1.83     1.7%         43
[dprof] rmsnorm (attn)         0.78     0.7%         43
[dprof] ATTENTION             60.91    55.8%         43
[dprof] hc_post (attn)         0.32     0.3%         43
[dprof] hc_pre  (ffn)          2.82     2.6%         43
[dprof] rmsnorm (ffn)          0.77     0.7%         43
[dprof] MoE                   36.18    33.1%         43
[dprof] hc_post (ffn)          0.28     0.3%         43
[dprof] kv xin copy            0.23     0.2%         41
[dprof] hc_head+norm           0.03     0.0%          1
[dprof] lm_head                4.99     4.6%          1
[dprof]   attn:q_proj          0.46     0.4%          2
[dprof]   attn:kv_write        0.08     0.1%          2
[dprof]   attn:sparse          0.60     0.6%          2
[dprof]   attn:ogroup          0.72     0.7%          2
[dprof]   cattn:q_proj        15.01    13.8%         41
[dprof]   cattn:compress       2.59     2.4%         41
[dprof]   cattn:indexer        4.73     4.3%         21
[dprof]   cattn:sparse        19.04    17.4%         41
[dprof]   cattn:ogroup        15.51    14.2%         41
[dprof]   moe:router           1.98     1.8%         46
[dprof]   moe:group            2.14     2.0%         46
[dprof]   moe:w1w3            23.43    21.5%         46
[dprof]   moe:act              1.58     1.4%         46
[dprof]   moe:w2              10.44     9.6%         46
[dprof]   moe:combine          0.52     0.5%         46
[dprof]   moe:shared           0.27     0.2%         46
[dprof]     q:aq(x)            0.28     0.3%         41
[dprof]     q:wq_a             5.82     5.3%         41
[dprof]     q:rms+aq           1.06     1.0%         41
[dprof]     q:wq_b             6.77     6.2%         41
[dprof]     q:tail             0.54     0.5%         41
[dprof]     q:kv_join          0.07     0.1%         41
[dprof]     o:rope             0.24     0.2%         41
[dprof]     o:wo_a             7.69     7.1%         41
[dprof]     o:wo_b             7.38     6.8%         41
[dprof]     i:qidx             1.50     1.4%         21
[dprof]     i:iw               0.46     0.4%         21
[dprof]     i:score            1.92     1.8%         21
[dprof]     i:topk             0.71     0.6%         21
[dprof]       mg:count         0.24     0.2%         46
[dprof]       mg:prefix        0.27     0.2%         46
[dprof]       mg:scatter       0.26     0.2%         46
[dprof]       mg:tiles         0.32     0.3%         46
[dprof] draft:main_kv          0.14     0.1%          1
[dprof] draft:block           12.68    11.6%          1
[dprof] draft:head            10.29     9.4%          1
[dprof] TOTAL                109.13
[dprof] *** INVALID: moe children 40.36 ms > MoE 36.18 ms — marks recorded outside the reported window

[dprof] ctx=3172 VB=3 verify=56 — verify step by sub-op, summed over all layers (1542 marks)
[dprof] phase                    ms        %      calls
[dprof] hc_pre  (attn)         2.10     1.9%         43
[dprof] rmsnorm (attn)         0.75     0.7%         43
[dprof] ATTENTION             55.99    49.9%         43
[dprof] hc_post (attn)         0.33     0.3%         43
[dprof] hc_pre  (ffn)          2.83     2.5%         43
[dprof] rmsnorm (ffn)          0.74     0.7%         43
[dprof] MoE                   43.86    39.1%         43
[dprof] hc_post (ffn)          0.34     0.3%         43
[dprof] kv xin copy            0.23     0.2%         41
[dprof] hc_head+norm           0.03     0.0%          1
[dprof] lm_head                5.00     4.5%          1
[dprof]   attn:q_proj          0.45     0.4%          2
[dprof]   attn:kv_write        0.08     0.1%          2
[dprof]   attn:sparse          0.61     0.5%          2
[dprof]   attn:ogroup          0.75     0.7%          2
[dprof]   cattn:q_proj        10.28     9.2%         41
[dprof]   cattn:compress       0.05     0.0%         41
[dprof]   cattn:indexer        5.79     5.2%         21
[dprof]   cattn:sparse        19.44    17.3%         41
[dprof]   cattn:ogroup        16.10    14.3%         41
[dprof]   moe:router           1.96     1.7%         46
[dprof]   moe:group            2.11     1.9%         46
[dprof]   moe:w1w3            28.07    25.0%         46
[dprof]   moe:act              1.56     1.4%         46
[dprof]   moe:w2              13.50    12.0%         46
[dprof]   moe:combine          0.55     0.5%         46
[dprof]   moe:shared           0.26     0.2%         46
[dprof]     q:aq(x)            0.23     0.2%         41
[dprof]     q:wq_a             1.68     1.5%         41
[dprof]     q:rms+aq           0.57     0.5%         41
[dprof]     q:wq_b             6.83     6.1%         41
[dprof]     q:tail             0.56     0.5%         41
[dprof]     q:kv_join          0.05     0.0%         41
[dprof]     o:rope             0.26     0.2%         41
[dprof]     o:wo_a             8.03     7.2%         41
[dprof]     o:wo_b             7.56     6.7%         41
[dprof]     i:qidx             1.63     1.5%         21
[dprof]     i:iw               0.56     0.5%         21
[dprof]     i:score            2.73     2.4%         21
[dprof]     i:topk             0.74     0.7%         21
[dprof]       mg:count         0.20     0.2%         46
[dprof]       mg:prefix        0.24     0.2%         46
[dprof]       mg:scatter       0.25     0.2%         46
[dprof]       mg:tiles         0.26     0.2%         46
[dprof] draft:main_kv          0.14     0.1%          1
[dprof] draft:block           12.59    11.2%          1
[dprof] draft:head            10.28     9.2%          1
[dprof] TOTAL                112.20
[dprof] *** INVALID: moe children 48.01 ms > MoE 43.86 ms — marks recorded outside the reported window

[dprof] ctx=3182 VB=2 verify=60 — verify step by sub-op, summed over all layers (1542 marks)
[dprof] phase                    ms        %      calls
[dprof] hc_pre  (attn)         1.83     1.7%         43
[dprof] rmsnorm (attn)         0.75     0.7%         43
[dprof] ATTENTION             60.62    56.5%         43
[dprof] hc_post (attn)         0.30     0.3%         43
[dprof] hc_pre  (ffn)          2.83     2.6%         43
[dprof] rmsnorm (ffn)          0.76     0.7%         43
[dprof] MoE                   35.00    32.6%         43
[dprof] hc_post (ffn)          0.29     0.3%         43
[dprof] kv xin copy            0.21     0.2%         41
[dprof] hc_head+norm           0.03     0.0%          1
[dprof] lm_head                4.70     4.4%          1
[dprof]   attn:q_proj          0.50     0.5%          2
[dprof]   attn:kv_write        0.08     0.1%          2
[dprof]   attn:sparse          0.62     0.6%          2
[dprof]   attn:ogroup          0.80     0.7%          2
[dprof]   cattn:q_proj        14.79    13.8%         41
[dprof]   cattn:compress       2.52     2.3%         41
[dprof]   cattn:indexer        4.78     4.5%         21
[dprof]   cattn:sparse        18.97    17.7%         41
[dprof]   cattn:ogroup        15.57    14.5%         41
[dprof]   moe:router           1.95     1.8%         46
[dprof]   moe:group            2.00     1.9%         46
[dprof]   moe:w1w3            22.58    21.0%         46
[dprof]   moe:act              1.50     1.4%         46
[dprof]   moe:w2              10.22     9.5%         46
[dprof]   moe:combine          0.57     0.5%         46
[dprof]   moe:shared           0.28     0.3%         46
[dprof]     q:aq(x)            0.28     0.3%         41
[dprof]     q:wq_a             5.56     5.2%         41
[dprof]     q:rms+aq           1.09     1.0%         41
[dprof]     q:wq_b             6.82     6.3%         41
[dprof]     q:tail             0.51     0.5%         41
[dprof]     q:kv_join          0.07     0.1%         41
[dprof]     o:rope             0.25     0.2%         41
[dprof]     o:wo_a             7.71     7.2%         41
[dprof]     o:wo_b             7.38     6.9%         41
[dprof]     i:qidx             1.51     1.4%         21
[dprof]     i:iw               0.45     0.4%         21
[dprof]     i:score            1.91     1.8%         21
[dprof]     i:topk             0.76     0.7%         21
[dprof]       mg:count         0.23     0.2%         46
[dprof]       mg:prefix        0.25     0.2%         46
[dprof]       mg:scatter       0.27     0.2%         46
[dprof]       mg:tiles         0.27     0.3%         46
[dprof] draft:main_kv          0.14     0.1%          1
[dprof] draft:block           12.60    11.7%          1
[dprof] draft:head            10.27     9.6%          1
[dprof] TOTAL                107.32
[dprof] *** INVALID: moe children 39.10 ms > MoE 35.00 ms — marks recorded outside the reported window

[dprof] ctx=3187 VB=2 verify=64 — verify step by sub-op, summed over all layers (1542 marks)
[dprof] phase                    ms        %      calls
[dprof] hc_pre  (attn)         1.84     1.7%         43
[dprof] rmsnorm (attn)         0.75     0.7%         43
[dprof] ATTENTION             60.80    57.4%         43
[dprof] hc_post (attn)         0.34     0.3%         43
[dprof] hc_pre  (ffn)          2.80     2.6%         43
[dprof] rmsnorm (ffn)          0.78     0.7%         43
[dprof] MoE                   33.25    31.4%         43
[dprof] hc_post (ffn)          0.30     0.3%         43
[dprof] kv xin copy            0.22     0.2%         41
[dprof] hc_head+norm           0.03     0.0%          1
[dprof] lm_head                4.79     4.5%          1
[dprof]   attn:q_proj          0.45     0.4%          2
[dprof]   attn:kv_write        0.08     0.1%          2
[dprof]   attn:sparse          0.60     0.6%          2
[dprof]   attn:ogroup          0.72     0.7%          2
[dprof]   cattn:q_proj        15.07    14.2%         41
[dprof]   cattn:compress       2.51     2.4%         41
[dprof]   cattn:indexer        4.76     4.5%         21
[dprof]   cattn:sparse        18.98    17.9%         41
[dprof]   cattn:ogroup        15.38    14.5%         41
[dprof]   moe:router           1.98     1.9%         46
[dprof]   moe:group            1.98     1.9%         46
[dprof]   moe:w1w3            21.24    20.1%         46
[dprof]   moe:act              1.47     1.4%         46
[dprof]   moe:w2               9.67     9.1%         46
[dprof]   moe:combine          0.52     0.5%         46
[dprof]   moe:shared           0.25     0.2%         46
[dprof]     q:aq(x)            0.30     0.3%         41
[dprof]     q:wq_a             5.80     5.5%         41
[dprof]     q:rms+aq           1.11     1.1%         41
[dprof]     q:wq_b             6.79     6.4%         41
[dprof]     q:tail             0.52     0.5%         41
[dprof]     q:kv_join          0.07     0.1%         41
[dprof]     o:rope             0.24     0.2%         41
[dprof]     o:wo_a             7.57     7.2%         41
[dprof]     o:wo_b             7.34     6.9%         41
[dprof]     i:qidx             1.53     1.4%         21
[dprof]     i:iw               0.46     0.4%         21
[dprof]     i:score            1.92     1.8%         21
[dprof]     i:topk             0.72     0.7%         21
[dprof]       mg:count         0.24     0.2%         46
[dprof]       mg:prefix        0.24     0.2%         46
[dprof]       mg:scatter       0.24     0.2%         46
[dprof]       mg:tiles         0.28     0.3%         46
[dprof] draft:main_kv          0.14     0.1%          1
[dprof] draft:block           12.30    11.6%          1
[dprof] draft:head            10.31     9.7%          1
[dprof] TOTAL                105.90
[dprof] *** INVALID: moe children 37.10 ms > MoE 33.25 ms — marks recorded outside the reported window

[dprof] ctx=3191 VB=2 verify=68 — verify step by sub-op, summed over all layers (1542 marks)
[dprof] phase                    ms        %      calls
[dprof] hc_pre  (attn)         1.81     1.7%         43
[dprof] rmsnorm (attn)         0.75     0.7%         43
[dprof] ATTENTION             61.09    56.7%         43
[dprof] hc_post (attn)         0.31     0.3%         43
[dprof] hc_pre  (ffn)          2.81     2.6%         43
[dprof] rmsnorm (ffn)          0.76     0.7%         43
[dprof] MoE                   34.44    32.0%         43
[dprof] hc_post (ffn)          0.28     0.3%         43
[dprof] kv xin copy            0.22     0.2%         41
[dprof] hc_head+norm           0.03     0.0%          1
[dprof] lm_head                5.20     4.8%          1
[dprof]   attn:q_proj          0.45     0.4%          2
[dprof]   attn:kv_write        0.08     0.1%          2
[dprof]   attn:sparse          0.60     0.6%          2
[dprof]   attn:ogroup          0.72     0.7%          2
[dprof]   cattn:q_proj        15.02    13.9%         41
[dprof]   cattn:compress       2.46     2.3%         41
[dprof]   cattn:indexer        4.74     4.4%         21
[dprof]   cattn:sparse        19.12    17.8%         41
[dprof]   cattn:ogroup        15.74    14.6%         41
[dprof]   moe:router           1.95     1.8%         46
[dprof]   moe:group            2.01     1.9%         46
[dprof]   moe:w1w3            22.10    20.5%         46
[dprof]   moe:act              1.46     1.4%         46
[dprof]   moe:w2              10.07     9.3%         46
[dprof]   moe:combine          0.51     0.5%         46
[dprof]   moe:shared           0.26     0.2%         46
[dprof]     q:aq(x)            0.29     0.3%         41
[dprof]     q:wq_a             5.84     5.4%         41
[dprof]     q:rms+aq           1.06     1.0%         41
[dprof]     q:wq_b             6.73     6.2%         41
[dprof]     q:tail             0.53     0.5%         41
[dprof]     q:kv_join          0.07     0.1%         41
[dprof]     o:rope             0.26     0.2%         41
[dprof]     o:wo_a             7.71     7.2%         41
[dprof]     o:wo_b             7.55     7.0%         41
[dprof]     i:qidx             1.50     1.4%         21
[dprof]     i:iw               0.46     0.4%         21
[dprof]     i:score            1.93     1.8%         21
[dprof]     i:topk             0.71     0.7%         21
[dprof]       mg:count         0.23     0.2%         46
[dprof]       mg:prefix        0.25     0.2%         46
[dprof]       mg:scatter       0.24     0.2%         46
[dprof]       mg:tiles         0.28     0.3%         46
[dprof] draft:main_kv          0.14     0.1%          1
[dprof] draft:block           12.37    11.5%          1
[dprof] draft:head            10.29     9.6%          1
[dprof] TOTAL                107.71
[dprof] *** INVALID: moe children 38.35 ms > MoE 34.44 ms — marks recorded outside the reported window
